# vtk DataFile Version 3.0
LBM Simulation
ASCII
DATASET STRUCTURED_POINTS
DIMENSIONS 300 60 1
ORIGIN 0 0 0
SPACING 1 1 1
POINT_DATA 18000
VECTORS velocity double
0.0 0.0 0.0
0.0 0.0 0.0
0.0 0.0 0.0
0.0 0.0 0.0
0.0 0.0 0.0
0.0 0.0 0.0
0.0 0.0 0.0
0.0 0.0 0.0
0.0 0.0 0.0
0.0 0.0 0.0
0.0 0.0 0.0
0.0 0.0 0.0
0.0 0.0 0.0
0.0 0.0 0.0
0.0 0.0 0.0
0.0 0.0 0.0
0.0 0.0 0.0
0.0 0.0 0.0
0.0 0.0 0.0
0.0 0.0 0.0
0.0 0.0 0.0
0.0 0.0 0.0
0.0 0.0 0.0
0.0 0.0 0.0
0.0 0.0 0.0
0.0 0.0 0.0
0.0 0.0 0.0
0.0 0.0 0.0
0.0 0.0 0.0
0.0 0.0 0.0
0.0 0.0 0.0
0.0 0.0 0.0
0.0 0.0 0.0
0.0 0.0 0.0
0.0 0.0 0.0
0.0 0.0 0.0
0.0 0.0 0.0
0.0 0.0 0.0
0.0 0.0 0.0
0.0 0.0 0.0
0.0 0.0 0.0
0.0 0.0 0.0
0.0 0.0 0.0
0.0 0.0 0.0
0.0 0.0 0.0
0.0 0.0 0.0
0.0 0.0 0.0
0.0 0.0 0.0
0.0 0.0 0.0
0.0 0.0 0.0
0.0 0.0 0.0
0.0 0.0 0.0
0.0 0.0 0.0
0.0 0.0 0.0
0.0 0.0 0.0
0.0 0.0 0.0
0.0 0.0 0.0
0.0 0.0 0.0
0.0 0.0 0.0
0.0 0.0 0.0
0.0 0.0 0.0
0.0 0.0 0.0
0.0 0.0 0.0
0.0 0.0 0.0
0.0 0.0 0.0
0.0 0.0 0.0
0.0 0.0 0.0
0.0 0.0 0.0
0.0 0.0 0.0
0.0 0.0 0.0
0.0 0.0 0.0
0.0 0.0 0.0
0.0 0.0 0.0
0.0 0.0 0.0
0.0 0.0 0.0
0.0 0.0 0.0
0.0 0.0 0.0
0.0 0.0 0.0
0.0 0.0 0.0
0.0 0.0 0.0
0.0 0.0 0.0
0.0 0.0 0.0
0.0 0.0 0.0
0.0 0.0 0.0
0.0 0.0 0.0
0.0 0.0 0.0
0.0 0.0 0.0
0.0 0.0 0.0
0.0 0.0 0.0
0.0 0.0 0.0
0.0 0.0 0.0
0.0 0.0 0.0
0.0 0.0 0.0
0.0 0.0 0.0
0.0 0.0 0.0
0.0 0.0 0.0
0.0 0.0 0.0
0.0 0.0 0.0
0.0 0.0 0.0
0.0 0.0 0.0
0.0 0.0 0.0
0.0 0.0 0.0
0.0 0.0 0.0
0.0 0.0 0.0
0.0 0.0 0.0
0.0 0.0 0.0
0.0 0.0 0.0
0.0 0.0 0.0
0.0 0.0 0.0
0.0 0.0 0.0
0.0 0.0 0.0
0.0 0.0 0.0
0.0 0.0 0.0
0.0 0.0 0.0
0.0 0.0 0.0
0.0 0.0 0.0
0.0 0.0 0.0
0.0 0.0 0.0
0.0 0.0 0.0
0.0 0.0 0.0
0.0 0.0 0.0
0.0 0.0 0.0
0.0 0.0 0.0
0.0 0.0 0.0
0.0 0.0 0.0
0.0 0.0 0.0
0.0 0.0 0.0
0.0 0.0 0.0
0.0 0.0 0.0
0.0 0.0 0.0
0.0 0.0 0.0
0.0 0.0 0.0
0.0 0.0 0.0
0.0 0.0 0.0
0.0 0.0 0.0
0.0 0.0 0.0
0.0 0.0 0.0
0.0 0.0 0.0
0.0 0.0 0.0
0.0 0.0 0.0
0.0 0.0 0.0
0.0 0.0 0.0
0.0 0.0 0.0
0.0 0.0 0.0
0.0 0.0 0.0
0.0 0.0 0.0
0.0 0.0 0.0
0.0 0.0 0.0
0.0 0.0 0.0
0.0 0.0 0.0
0.0 0.0 0.0
0.0 0.0 0.0
0.0 0.0 0.0
0.0 0.0 0.0
0.0 0.0 0.0
0.0 0.0 0.0
0.0 0.0 0.0
0.0 0.0 0.0
0.0 0.0 0.0
0.0 0.0 0.0
0.0 0.0 0.0
0.0 0.0 0.0
0.0 0.0 0.0
0.0 0.0 0.0
0.0 0.0 0.0
0.0 0.0 0.0
0.0 0.0 0.0
0.0 0.0 0.0
0.0 0.0 0.0
0.0 0.0 0.0
0.0 0.0 0.0
0.0 0.0 0.0
0.0 0.0 0.0
0.0 0.0 0.0
0.0 0.0 0.0
0.0 0.0 0.0
0.0 0.0 0.0
0.0 0.0 0.0
0.0 0.0 0.0
0.0 0.0 0.0
0.0 0.0 0.0
0.0 0.0 0.0
0.0 0.0 0.0
0.0 0.0 0.0
0.0 0.0 0.0
0.0 0.0 0.0
0.0 0.0 0.0
0.0 0.0 0.0
0.0 0.0 0.0
0.0 0.0 0.0
0.0 0.0 0.0
0.0 0.0 0.0
0.0 0.0 0.0
0.0 0.0 0.0
0.0 0.0 0.0
0.0 0.0 0.0
0.0 0.0 0.0
0.0 0.0 0.0
0.0 0.0 0.0
0.0 0.0 0.0
0.0 0.0 0.0
0.0 0.0 0.0
0.0 0.0 0.0
0.0 0.0 0.0
0.0 0.0 0.0
0.0 0.0 0.0
0.0 0.0 0.0
0.0 0.0 0.0
0.0 0.0 0.0
0.0 0.0 0.0
0.0 0.0 0.0
0.0 0.0 0.0
0.0 0.0 0.0
0.0 0.0 0.0
0.0 0.0 0.0
0.0 0.0 0.0
0.0 0.0 0.0
0.0 0.0 0.0
0.0 0.0 0.0
0.0 0.0 0.0
0.0 0.0 0.0
0.0 0.0 0.0
0.0 0.0 0.0
0.0 0.0 0.0
0.0 0.0 0.0
0.0 0.0 0.0
0.0 0.0 0.0
0.0 0.0 0.0
0.0 0.0 0.0
0.0 0.0 0.0
0.0 0.0 0.0
0.0 0.0 0.0
0.0 0.0 0.0
0.0 0.0 0.0
0.0 0.0 0.0
0.0 0.0 0.0
0.0 0.0 0.0
0.0 0.0 0.0
0.0 0.0 0.0
0.0 0.0 0.0
0.0 0.0 0.0
0.0 0.0 0.0
0.0 0.0 0.0
0.0 0.0 0.0
0.0 0.0 0.0
0.0 0.0 0.0
0.0 0.0 0.0
0.0 0.0 0.0
0.0 0.0 0.0
0.0 0.0 0.0
0.0 0.0 0.0
0.0 0.0 0.0
0.0 0.0 0.0
0.0 0.0 0.0
0.0 0.0 0.0
0.0 0.0 0.0
0.0 0.0 0.0
0.0 0.0 0.0
0.0 0.0 0.0
0.0 0.0 0.0
0.0 0.0 0.0
0.0 0.0 0.0
0.0 0.0 0.0
0.0 0.0 0.0
0.0 0.0 0.0
0.0 0.0 0.0
0.0 0.0 0.0
0.0 0.0 0.0
0.0 0.0 0.0
0.0 0.0 0.0
0.0 0.0 0.0
0.0 0.0 0.0
0.0 0.0 0.0
0.0 0.0 0.0
0.0 0.0 0.0
0.0 0.0 0.0
0.0 0.0 0.0
0.0 0.0 0.0
0.0 0.0 0.0
0.0 0.0 0.0
0.0 0.0 0.0
0.0 0.0 0.0
0.0 0.0 0.0
0.0 0.0 0.0
0.0 0.0 0.0
0.0 0.0 0.0
0.0 0.0 0.0
0.0 0.0 0.0
0.0 0.0 0.0
0.0 0.0 0.0
0.0 0.0 0.0
0.0 0.0 0.0
0.0 0.0 0.0
0.0 0.0 0.0
0.0 0.0 0.0
0.0 0.0 0.0
0.0 0.0 0.0
0.0 0.0 0.0
0.0 0.0 0.0
0.0 0.0 0.0
0.0 0.0 0.0
0.0134086 0.0013097 0.0
0.0081328 0.000643309 0.0
0.00656363 -0.000579907 0.0
0.0065515 -0.000912605 0.0
0.00567943 -0.000115734 0.0
0.00457771 -0.000423291 0.0
0.00428174 -0.000651843 0.0
0.00406995 -0.000611689 0.0
0.00363276 -0.000453344 0.0
0.00332531 -0.000608202 0.0
0.0032185 -0.000629891 0.0
0.0030433 -0.000586978 0.0
0.00283694 -0.000568582 0.0
0.00272251 -0.000631549 0.0
0.0026424 -0.000615138 0.0
0.00252374 -0.000600187 0.0
0.00242266 -0.00060781 0.0
0.00236043 -0.000627551 0.0
0.00229499 -0.000612747 0.0
0.00222011 -0.000612053 0.0
0.00216409 -0.000618863 0.0
0.00211962 -0.000622413 0.0
0.00206993 -0.000614814 0.0
0.00202272 -0.000617796 0.0
0.00198639 -0.000620411 0.0
0.00195203 -0.000619604 0.0
0.00191632 -0.000616825 0.0
0.0018853 -0.000619248 0.0
0.00185911 -0.000619356 0.0
0.00183305 -0.000618195 0.0
0.00180817 -0.000617471 0.0
0.00178691 -0.000618559 0.0
0.00176768 -0.00061783 0.0
0.00174899 -0.000617077 0.0
0.00173223 -0.000616855 0.0
0.00171784 -0.00061704 0.0
0.00170471 -0.000616218 0.0
0.00169268 -0.000615671 0.0
0.00168253 -0.000615465 0.0
0.00167422 -0.000615224 0.0
0.0016672 -0.00061436 0.0
0.00166151 -0.000613885 0.0
0.00165779 -0.000613692 0.0
0.001656 -0.000613069 0.0
0.00165551 -0.000612118 0.0
0.00165669 -0.00061188 0.0
0.00166041 -0.000611466 0.0
0.0016661 -0.000610315 0.0
0.00167321 -0.000609627 0.0
0.00168292 -0.000609474 0.0
0.00169564 -0.000608245 0.0
0.00171022 -0.00060701 0.0
0.00172704 -0.000606718 0.0
0.00174741 -0.000605668 0.0
0.00177072 -0.000603767 0.0
0.00179637 -0.000603021 0.0
0.00182527 -0.000601915 0.0
0.00185778 -0.000599564 0.0
0.00189341 -0.00059781 0.0
0.00193202 -0.000596436 0.0
0.00197374 -0.000593478 0.0
0.00201891 -0.00059057 0.0
0.00206732 -0.00058813 0.0
0.00211792 -0.000584701 0.0
0.00217092 -0.000580294 0.0
0.00222682 -0.000576236 0.0
0.0022844 -0.000571779 0.0
0.00234273 -0.000566399 0.0
0.00240223 -0.000560009 0.0
0.00246223 -0.000553903 0.0
0.002522 -0.000547814 0.0
0.0025809 -0.000539753 0.0
0.00263793 -0.000530982 0.0
0.0026934 -0.0005242 0.0
0.00274741 -0.000515636 0.0
0.00279724 -0.000504503 0.0
0.00284331 -0.000496238 0.0
0.00288771 -0.000488116 0.0
0.00292767 -0.000476025 0.0
0.00296185 -0.000466071 0.0
0.00299344 -0.000458183 0.0
0.00302128 -0.000446681 0.0
0.00304337 -0.000435831 0.0
0.00306164 -0.000427622 0.0
0.0030765 -0.000417475 0.0
0.00308679 -0.000406766 0.0
0.00309334 -0.000398266 0.0
0.00309632 -0.000389348 0.0
0.00309583 -0.000379739 0.0
0.00309251 -0.000371091 0.0
0.00308616 -0.000363262 0.0
0.00307679 -0.00035493 0.0
0.00306544 -0.000346787 0.0
0.00305217 -0.000339508 0.0
0.00303646 -0.000332508 0.0
0.00301892 -0.000325147 0.0
0.00300045 -0.000318435 0.0
0.00298055 -0.00031222 0.0
0.00295885 -0.000305965 0.0
0.00293632 -0.000299738 0.0
0.00291342 -0.000294161 0.0
0.00288931 -0.000288714 0.0
0.00286409 -0.000283289 0.0
0.00283873 -0.000278059 0.0
0.00281309 -0.000273314 0.0
0.00278657 -0.000268635 0.0
0.00275964 -0.000263965 0.0
0.00273282 -0.000259525 0.0
0.00270585 -0.000255602 0.0
0.00267857 -0.000251582 0.0
0.00265127 -0.000247456 0.0
0.00262427 -0.000243921 0.0
0.00259752 -0.000240637 0.0
0.00257076 -0.000236914 0.0
0.00254425 -0.000233574 0.0
0.0025185 -0.000230799 0.0
0.00249305 -0.000227555 0.0
0.00246772 -0.000224429 0.0
0.00244323 -0.000221864 0.0
0.00241947 -0.000219078 0.0
0.0023959 -0.000216182 0.0
0.00237299 -0.000213748 0.0
0.00235101 -0.000211202 0.0
0.00232948 -0.000208605 0.0
0.00230851 -0.000206245 0.0
0.00228835 -0.000203824 0.0
0.0022688 -0.000201388 0.0
0.00224987 -0.000199189 0.0
0.0022316 -0.000196791 0.0
0.00221382 -0.000194387 0.0
0.00219669 -0.00019231 0.0
0.00218016 -0.000189985 0.0
0.00216394 -0.000187523 0.0
0.00214819 -0.000185442 0.0
0.00213303 -0.000183268 0.0
0.00211809 -0.000180767 0.0
0.00210339 -0.00017858 0.0
0.00208915 -0.000176517 0.0
0.00207517 -0.000174121 0.0
0.00206126 -0.00017178 0.0
0.00204763 -0.000169738 0.0
0.00203423 -0.000167495 0.0
0.00202088 -0.000165125 0.0
0.00200767 -0.000162987 0.0
0.00199454 -0.000160833 0.0
0.00198137 -0.000158529 0.0
0.00196826 -0.000156333 0.0
0.00195512 -0.000154144 0.0
0.00194168 -0.000151893 0.0
0.0019281 -0.00014972 0.0
0.00191444 -0.000147486 0.0
0.00190031 -0.000145233 0.0
0.00188564 -0.000143096 0.0
0.00187069 -0.0001409 0.0
0.0018553 -0.000138657 0.0
0.00183914 -0.000136569 0.0
0.00182229 -0.00013448 0.0
0.00180495 -0.000132328 0.0
0.00178698 -0.000130335 0.0
0.00176818 -0.000128449 0.0
0.00174866 -0.000126492 0.0
0.00172867 -0.000124639 0.0
0.00170814 -0.000123028 0.0
0.00168694 -0.00012142 0.0
0.00166528 -0.000119769 0.0
0.00164342 -0.000118393 0.0
0.00162134 -0.000117235 0.0
0.00159898 -0.000115929 0.0
0.00157657 -0.000114718 0.0
0.00155441 -0.000113911 0.0
0.00153244 -0.000113064 0.0
0.00151058 -0.00011206 0.0
0.00148916 -0.000111419 0.0
0.00146839 -0.000110936 0.0
0.00144803 -0.000110235 0.0
0.00142817 -0.000109673 0.0
0.00140915 -0.000109345 0.0
0.00139084 -0.000108915 0.0
0.00137311 -0.00010846 0.0
0.00135619 -0.00010814 0.0
0.00134011 -0.000107839 0.0
0.00132472 -0.000107488 0.0
0.00131005 -0.000107158 0.0
0.00129618 -0.000106849 0.0
0.00128304 -0.00010654 0.0
0.00127055 -0.000106204 0.0
0.00125873 -0.000105847 0.0
0.00124759 -0.000105495 0.0
0.00123705 -0.000105138 0.0
0.00122706 -0.000104732 0.0
0.00121763 -0.000104308 0.0
0.00120872 -0.000103889 0.0
0.00120028 -0.00010344 0.0
0.00119226 -0.000102943 0.0
0.00118468 -0.000102445 0.0
0.00117749 -0.000101937 0.0
0.00117062 -0.000101386 0.0
0.00116409 -0.00010081 0.0
0.00115787 -0.000100235 0.0
0.00115191 -9.9633e-05 0.0
0.00114619 -9.89973e-05 0.0
0.00114071 -9.83531e-05 0.0
0.00113545 -9.77011e-05 0.0
0.00113036 -9.70197e-05 0.0
0.00112544 -9.63202e-05 0.0
0.00112069 -9.56165e-05 0.0
0.00111608 -9.48983e-05 0.0
0.0011116 -9.41581e-05 0.0
0.00110723 -9.34104e-05 0.0
0.00110297 -9.2657e-05 0.0
0.00109882 -9.18887e-05 0.0
0.00109474 -9.11078e-05 0.0
0.00109075 -9.03237e-05 0.0
0.00108684 -8.95323e-05 0.0
0.001083 -8.87299e-05 0.0
0.00107921 -8.79217e-05 0.0
0.00107549 -8.7111e-05 0.0
0.00107183 -8.62936e-05 0.0
0.00106822 -8.547e-05 0.0
0.00106465 -8.46441e-05 0.0
0.00106113 -8.38158e-05 0.0
0.00105766 -8.29828e-05 0.0
0.00105423 -8.21472e-05 0.0
0.00105084 -8.13108e-05 0.0
0.00104749 -8.04726e-05 0.0
0.00104418 -7.9632e-05 0.0
0.00104091 -7.8791e-05 0.0
0.00103768 -7.79497e-05 0.0
0.00103448 -7.71076e-05 0.0
0.00103133 -7.6265e-05 0.0
0.0010282 -7.54229e-05 0.0
0.00102512 -7.45812e-05 0.0
0.00102207 -7.37397e-05 0.0
0.00101906 -7.28988e-05 0.0
0.00101609 -7.20589e-05 0.0
0.00101315 -7.122e-05 0.0
0.00101025 -7.03819e-05 0.0
0.00100738 -6.95452e-05 0.0
0.00100456 -6.87098e-05 0.0
0.00100177 -6.78757e-05 0.0
0.000999016 -6.70431e-05 0.0
0.000996301 -6.62121e-05 0.0
0.000993624 -6.53827e-05 0.0
0.000990985 -6.45549e-05 0.0
0.000988382 -6.37289e-05 0.0
0.000985818 -6.29046e-05 0.0
0.000983291 -6.20821e-05 0.0
0.000980801 -6.12614e-05 0.0
0.000978349 -6.04426e-05 0.0
0.000975935 -5.96256e-05 0.0
0.000973558 -5.88105e-05 0.0
0.000971218 -5.79973e-05 0.0
0.000968915 -5.71859e-05 0.0
0.000966649 -5.63765e-05 0.0
0.00096442 -5.5569e-05 0.0
0.000962227 -5.47633e-05 0.0
0.000960071 -5.39596e-05 0.0
0.000957952 -5.31578e-05 0.0
0.000955869 -5.23578e-05 0.0
0.000953822 -5.15598e-05 0.0
0.000951811 -5.07636e-05 0.0
0.000949836 -4.99693e-05 0.0
0.000947897 -4.91769e-05 0.0
0.000945994 -4.83863e-05 0.0
0.000944126 -4.75975e-05 0.0
0.000942295 -4.68106e-05 0.0
0.000940499 -4.60256e-05 0.0
0.000938739 -4.52421e-05 0.0
0.000937016 -4.44607e-05 0.0
0.000935329 -4.3681e-05 0.0
0.000933679 -4.29032e-05 0.0
0.000932067 -4.21267e-05 0.0
0.000930492 -4.13526e-05 0.0
0.000928956 -4.05797e-05 0.0
0.000927461 -3.98089e-05 0.0
0.000926005 -3.90391e-05 0.0
0.000924591 -3.82723e-05 0.0
0.000923221 -3.75057e-05 0.0
0.000921896 -3.67417e-05 0.0
0.000920616 -3.59783e-05 0.0
0.000919386 -3.52188e-05 0.0
0.000918206 -3.44574e-05 0.0
0.000917079 -3.37e-05 0.0
0.000916007 -3.29427e-05 0.0
0.000914996 -3.21895e-05 0.0
0.000914046 -3.14306e-05 0.0
0.000913156 -3.068e-05 0.0
0.000912337 -2.99275e-05 0.0
0.000911592 -2.91755e-05 0.0
0.000910912 -2.8414e-05 0.0
0.0009103 -2.76702e-05 0.0
0.000909775 -2.69135e-05 0.0
0.000909307 -2.61397e-05 0.0
0.000908863 -2.5363e-05 0.0
0.000908473 -2.46186e-05 0.0
0.000908119 -2.37958e-05 0.0
0.000907566 -2.28858e-05 0.0
0.000906842 -2.21631e-05 0.0
0.0 0.0 0.0
0.0 0.0 0.0
0.0197279 0.00300685 0.0
0.0199029 0.00394024 0.0
0.0173464 0.00139579 0.0
0.0145238 0.000495865 0.0
0.0131547 0.00100054 0.0
0.0123349 0.000434226 0.0
0.0112358 7.59047e-05 0.0
0.010256 -6.99742e-07 0.0
0.00966745 1.61276e-05 0.0
0.0091414 -0.00023879 0.0
0.00858285 -0.000274475 0.0
0.00814842 -0.000287754 0.0
0.00782449 -0.000329808 0.0
0.00749411 -0.000419695 0.0
0.00718419 -0.000410612 0.0
0.00694207 -0.000430929 0.0
0.00672841 -0.00046201 0.0
0.00651391 -0.000489749 0.0
0.00632545 -0.00048474 0.0
0.00616735 -0.000504042 0.0
0.00601671 -0.000519403 0.0
0.00587277 -0.000528037 0.0
0.0057476 -0.000529495 0.0
0.00563507 -0.000542741 0.0
0.00552669 -0.000549213 0.0
0.00542684 -0.000553267 0.0
0.00533822 -0.000557101 0.0
0.00525554 -0.000564856 0.0
0.00517726 -0.000567835 0.0
0.00510631 -0.00057102 0.0
0.00504192 -0.000574766 0.0
0.00498153 -0.000579209 0.0
0.00492575 -0.000581231 0.0
0.00487556 -0.000584104 0.0
0.00482983 -0.000587186 0.0
0.00478787 -0.000590114 0.0
0.00475027 -0.000592017 0.0
0.00471721 -0.000594693 0.0
0.00468817 -0.000597423 0.0
0.00466299 -0.000599826 0.0
0.00464202 -0.000601886 0.0
0.00462561 -0.000604722 0.0
0.0046135 -0.000607472 0.0
0.00460541 -0.000609813 0.0
0.0046021 -0.000612444 0.0
0.00460423 -0.000615789 0.0
0.00461097 -0.000618647 0.0
0.00462242 -0.000621509 0.0
0.00464031 -0.000625146 0.0
0.00466443 -0.000628806 0.0
0.00469361 -0.000632119 0.0
0.00472956 -0.000636242 0.0
0.00477352 -0.00064031 0.0
0.00482398 -0.000644151 0.0
0.00488131 -0.000648852 0.0
0.00494756 -0.000653376 0.0
0.00502195 -0.000656748 0.0
0.00510389 -0.000661763 0.0
0.00519488 -0.000666775 0.0
0.00529448 -0.000669179 0.0
0.00540194 -0.000672399 0.0
0.00551837 -0.000677625 0.0
0.00564285 -0.000678902 0.0
0.00577355 -0.000678635 0.0
0.00591182 -0.000681301 0.0
0.00605728 -0.000681715 0.0
0.00620614 -0.000677209 0.0
0.00635812 -0.000674791 0.0
0.00651519 -0.000672346 0.0
0.00667347 -0.000664489 0.0
0.00682904 -0.000655962 0.0
0.00698443 -0.000648997 0.0
0.00713944 -0.000637437 0.0
0.00728757 -0.000624146 0.0
0.00742894 -0.000612756 0.0
0.00756679 -0.000597617 0.0
0.0076962 -0.000580317 0.0
0.00781426 -0.000566441 0.0
0.00792498 -0.000549417 0.0
0.00802614 -0.000529157 0.0
0.00811472 -0.000513542 0.0
0.00819347 -0.000497074 0.0
0.00826194 -0.000476516 0.0
0.00831817 -0.000459216 0.0
0.00836433 -0.000444051 0.0
0.00840041 -0.000426029 0.0
0.00842565 -0.00040875 0.0
0.00844165 -0.000394009 0.0
0.00844893 -0.000379632 0.0
0.00844723 -0.000364425 0.0
0.00843787 -0.000350466 0.0
0.00842158 -0.000338436 0.0
0.00839838 -0.000326532 0.0
0.00836896 -0.00031418 0.0
0.00833461 -0.000303651 0.0
0.00829535 -0.000294095 0.0
0.00825107 -0.00028433 0.0
0.00820304 -0.000274945 0.0
0.00815206 -0.000266829 0.0
0.00809736 -0.000259003 0.0
0.00803939 -0.00025141 0.0
0.0079795 -0.000244105 0.0
0.00791745 -0.000237549 0.0
0.00785276 -0.000231394 0.0
0.00778643 -0.000225475 0.0
0.00771906 -0.00021967 0.0
0.00765018 -0.000214596 0.0
0.00758007 -0.000209916 0.0
0.00750947 -0.000205367 0.0
0.0074385 -0.000201056 0.0
0.00736717 -0.00019732 0.0
0.00729582 -0.000193938 0.0
0.00722478 -0.000190716 0.0
0.00715441 -0.000187609 0.0
0.00708458 -0.000184945 0.0
0.00701541 -0.000182811 0.0
0.00694756 -0.000180366 0.0
0.00688093 -0.000178042 0.0
0.00681516 -0.000176547 0.0
0.00675093 -0.000174911 0.0
0.00668838 -0.000172785 0.0
0.00662706 -0.000171516 0.0
0.00656727 -0.000170454 0.0
0.00650929 -0.00016877 0.0
0.00645281 -0.000167379 0.0
0.00639795 -0.000166553 0.0
0.00634481 -0.000165227 0.0
0.00629311 -0.000163812 0.0
0.00624308 -0.00016281 0.0
0.00619469 -0.000161573 0.0
0.00614742 -0.000160141 0.0
0.00610153 -0.000158883 0.0
0.00605724 -0.000157478 0.0
0.00601382 -0.000155908 0.0
0.00597121 -0.00015444 0.0
0.00592995 -0.000152814 0.0
0.0058896 -0.000151065 0.0
0.00584964 -0.000149384 0.0
0.0058105 -0.00014765 0.0
0.00577227 -0.000145701 0.0
0.00573439 -0.000143853 0.0
0.0056969 -0.000142033 0.0
0.00566002 -0.000139949 0.0
0.0056234 -0.000137859 0.0
0.005587 -0.000135914 0.0
0.00555087 -0.000133666 0.0
0.00551459 -0.00013128 0.0
0.00547815 -0.000129061 0.0
0.00544171 -0.00012654 0.0
0.00540469 -0.000123786 0.0
0.00536681 -0.000121205 0.0
0.00532837 -0.000118377 0.0
0.00528903 -0.000115153 0.0
0.00524827 -0.00011217 0.0
0.00520618 -0.000109199 0.0
0.00516272 -0.000105676 0.0
0.00511756 -0.000102223 0.0
0.00507063 -9.92764e-05 0.0
0.00502194 -9.5994e-05 0.0
0.00497135 -9.23609e-05 0.0
0.004919 -8.94076e-05 0.0
0.00486503 -8.68188e-05 0.0
0.00480931 -8.37524e-05 0.0
0.00475201 -8.0962e-05 0.0
0.00469368 -7.90537e-05 0.0
0.00463437 -7.71362e-05 0.0
0.00457398 -7.50846e-05 0.0
0.00451317 -7.37447e-05 0.0
0.00445246 -7.29129e-05 0.0
0.00439165 -7.20317e-05 0.0
0.00433102 -7.14203e-05 0.0
0.00427133 -7.12943e-05 0.0
0.0042126 -7.14444e-05 0.0
0.00415481 -7.16926e-05 0.0
0.00409846 -7.20692e-05 0.0
0.00404377 -7.27833e-05 0.0
0.00399072 -7.36991e-05 0.0
0.00393946 -7.44969e-05 0.0
0.00389014 -7.5426e-05 0.0
0.00384281 -7.66082e-05 0.0
0.00379749 -7.76844e-05 0.0
0.00375418 -7.86572e-05 0.0
0.00371287 -7.97942e-05 0.0
0.00367359 -8.09116e-05 0.0
0.00363625 -8.18485e-05 0.0
0.00360077 -8.27817e-05 0.0
0.00356713 -8.37443e-05 0.0
0.00353526 -8.4557e-05 0.0
0.00350504 -8.52592e-05 0.0
0.00347641 -8.59507e-05 0.0
0.00344928 -8.65661e-05 0.0
0.00342357 -8.70418e-05 0.0
0.00339918 -8.74524e-05 0.0
0.00337603 -8.78131e-05 0.0
0.00335403 -8.8075e-05 0.0
0.00333311 -8.82377e-05 0.0
0.0033132 -8.83463e-05 0.0
0.00329419 -8.83898e-05 0.0
0.00327603 -8.83509e-05 0.0
0.00325866 -8.8242e-05 0.0
0.00324201 -8.80839e-05 0.0
0.00322601 -8.78676e-05 0.0
0.00321061 -8.75906e-05 0.0
0.00319578 -8.72626e-05 0.0
0.00318145 -8.68943e-05 0.0
0.00316757 -8.64815e-05 0.0
0.00315413 -8.60257e-05 0.0
0.00314107 -8.55337e-05 0.0
0.00312837 -8.50122e-05 0.0
0.00311598 -8.44589e-05 0.0
0.0031039 -8.38761e-05 0.0
0.0030921 -8.32694e-05 0.0
0.00308054 -8.26425e-05 0.0
0.00306921 -8.1994e-05 0.0
0.00305811 -8.13267e-05 0.0
0.0030472 -8.06446e-05 0.0
0.00303647 -7.99494e-05 0.0
0.00302592 -7.92405e-05 0.0
0.00301554 -7.85208e-05 0.0
0.00300531 -7.77925e-05 0.0
0.00299523 -7.70564e-05 0.0
0.00298529 -7.63124e-05 0.0
0.00297549 -7.5563e-05 0.0
0.00296582 -7.48092e-05 0.0
0.00295627 -7.40512e-05 0.0
0.00294685 -7.32896e-05 0.0
0.00293755 -7.25258e-05 0.0
0.00292836 -7.17603e-05 0.0
0.00291929 -7.09931e-05 0.0
0.00291034 -7.0225e-05 0.0
0.0029015 -6.94567e-05 0.0
0.00289277 -6.86883e-05 0.0
0.00288415 -6.79199e-05 0.0
0.00287565 -6.71521e-05 0.0
0.00286725 -6.63851e-05 0.0
0.00285897 -6.5619e-05 0.0
0.00285079 -6.4854e-05 0.0
0.00284273 -6.40902e-05 0.0
0.00283478 -6.33279e-05 0.0
0.00282693 -6.25669e-05 0.0
0.0028192 -6.18074e-05 0.0
0.00281158 -6.10496e-05 0.0
0.00280406 -6.02934e-05 0.0
0.00279665 -5.95388e-05 0.0
0.00278936 -5.87858e-05 0.0
0.00278217 -5.80346e-05 0.0
0.00277509 -5.7285e-05 0.0
0.00276812 -5.65371e-05 0.0
0.00276126 -5.57908e-05 0.0
0.00275451 -5.50462e-05 0.0
0.00274786 -5.43032e-05 0.0
0.00274132 -5.35618e-05 0.0
0.00273488 -5.28221e-05 0.0
0.00272855 -5.20839e-05 0.0
0.00272233 -5.13473e-05 0.0
0.00271621 -5.06123e-05 0.0
0.0027102 -4.98788e-05 0.0
0.00270428 -4.91469e-05 0.0
0.00269848 -4.84166e-05 0.0
0.00269277 -4.76879e-05 0.0
0.00268716 -4.69609e-05 0.0
0.00268166 -4.62354e-05 0.0
0.00267626 -4.55117e-05 0.0
0.00267096 -4.47897e-05 0.0
0.00266576 -4.40696e-05 0.0
0.00266066 -4.33512e-05 0.0
0.00265566 -4.2635e-05 0.0
0.00265077 -4.19207e-05 0.0
0.00264597 -4.12088e-05 0.0
0.00264128 -4.04991e-05 0.0
0.00263668 -3.97923e-05 0.0
0.0026322 -3.90875e-05 0.0
0.00262782 -3.83864e-05 0.0
0.00262354 -3.76879e-05 0.0
0.00261938 -3.69936e-05 0.0
0.00261533 -3.63016e-05 0.0
0.00261139 -3.56154e-05 0.0
0.00260758 -3.49321e-05 0.0
0.00260388 -3.42546e-05 0.0
0.00260031 -3.35803e-05 0.0
0.00259688 -3.2915e-05 0.0
0.00259359 -3.22514e-05 0.0
0.00259044 -3.15969e-05 0.0
0.00258744 -3.09464e-05 0.0
0.0025846 -3.03081e-05 0.0
0.00258193 -2.96671e-05 0.0
0.00257944 -2.90411e-05 0.0
0.00257713 -2.8418e-05 0.0
0.00257501 -2.78034e-05 0.0
0.0025731 -2.71759e-05 0.0
0.00257139 -2.65708e-05 0.0
0.00256987 -2.59458e-05 0.0
0.00256855 -2.52883e-05 0.0
0.0025674 -2.45953e-05 0.0
0.00256635 -2.38951e-05 0.0
0.0025653 -2.29892e-05 0.0
0.00256424 -2.19566e-05 0.0
0.00256334 -2.13933e-05 0.0
0.0 0.0 0.0
0.0 0.0 0.0
0.0197082 0.00141113 0.0
0.020828 0.00477911 0.0
0.0206038 0.0031823 0.0
0.0190649 0.00249771 0.0
0.0181349 0.0017444 0.0
0.0173439 0.00150151 0.0
0.0161605 0.00119336 0.0
0.0151279 0.000830755 0.0
0.0144996 0.000555665 0.0
0.0138308 0.00043567 0.0
0.0130953 0.000309509 0.0
0.0125343 0.000141552 0.0
0.0121021 4.57566e-05 0.0
0.0116353 -9.44317e-06 0.0
0.0112009 -8.08889e-05 0.0
0.0108608 -0.00015913 0.0
0.0105498 -0.000197079 0.0
0.0102339 -0.000231743 0.0
0.00995982 -0.000274961 0.0
0.00972628 -0.000312201 0.0
0.00949936 -0.000332138 0.0
0.00928326 -0.000356871 0.0
0.00909591 -0.000382639 0.0
0.0089246 -0.00040201 0.0
0.00875874 -0.00041587 0.0
0.00860659 -0.000433511 0.0
0.00847084 -0.000449084 0.0
0.00834275 -0.00046104 0.0
0.00822162 -0.000472011 0.0
0.00811177 -0.000484517 0.0
0.00801128 -0.000494798 0.0
0.00791651 -0.000503735 0.0
0.00782898 -0.00051281 0.0
0.00774983 -0.000522158 0.0
0.0076771 -0.000530149 0.0
0.00760997 -0.000537871 0.0
0.00754963 -0.000545841 0.0
0.00749603 -0.000553856 0.0
0.00744813 -0.000561235 0.0
0.00740605 -0.000568694 0.0
0.00737065 -0.000576636 0.0
0.00734173 -0.000584734 0.0
0.00731866 -0.00059244 0.0
0.00730215 -0.000600662 0.0
0.00729315 -0.000609754 0.0
0.00729102 -0.000618757 0.0
0.00729557 -0.000627712 0.0
0.00730849 -0.000637981 0.0
0.00733019 -0.000648815 0.0
0.00735952 -0.000659325 0.0
0.00739766 -0.000670891 0.0
0.00744648 -0.000683664 0.0
0.0075051 -0.000696069 0.0
0.0075733 -0.000709252 0.0
0.00765305 -0.00072369 0.0
0.00774477 -0.000737624 0.0
0.00784795 -0.000751859 0.0
0.00796313 -0.000767567 0.0
0.00809053 -0.000781983 0.0
0.00823088 -0.000795607 0.0
0.00838441 -0.000810564 0.0
0.00854887 -0.000824341 0.0
0.00872459 -0.000834966 0.0
0.00891381 -0.000845675 0.0
0.00911302 -0.00085579 0.0
0.00931876 -0.000862008 0.0
0.00953439 -0.000864838 0.0
0.00975849 -0.000866863 0.0
0.00998449 -0.000866551 0.0
0.0102131 -0.000860945 0.0
0.0104455 -0.000851268 0.0
0.0106757 -0.000841606 0.0
0.0109017 -0.00082856 0.0
0.0111247 -0.000808263 0.0
0.01134 -0.000787458 0.0
0.0115462 -0.000767845 0.0
0.0117444 -0.000740863 0.0
0.0119293 -0.000711373 0.0
0.0121006 -0.000685849 0.0
0.0122613 -0.000655827 0.0
0.0124065 -0.000622615 0.0
0.0125345 -0.000593463 0.0
0.0126497 -0.000562949 0.0
0.0127501 -0.000530211 0.0
0.0128334 -0.000500716 0.0
0.0129021 -0.000471865 0.0
0.0129571 -0.000442517 0.0
0.0129977 -0.000415077 0.0
0.0130248 -0.000389537 0.0
0.0130389 -0.000364991 0.0
0.0130415 -0.000341464 0.0
0.0130334 -0.000319621 0.0
0.0130145 -0.000299891 0.0
0.0129858 -0.000280922 0.0
0.0129491 -0.00026308 0.0
0.0129046 -0.000246968 0.0
0.0128523 -0.000232147 0.0
0.0127932 -0.000217959 0.0
0.0127287 -0.000204842 0.0
0.0126589 -0.000192868 0.0
0.0125833 -0.000181795 0.0
0.0125032 -0.000171145 0.0
0.0124198 -0.000161388 0.0
0.0123324 -0.00015259 0.0
0.0122411 -0.000144388 0.0
0.0121472 -0.000136491 0.0
0.0120512 -0.000129693 0.0
0.0119527 -0.00012378 0.0
0.0118521 -0.000118029 0.0
0.0117505 -0.00011295 0.0
0.0116482 -0.000109192 0.0
0.0115451 -0.000105606 0.0
0.0114414 -0.000102233 0.0
0.0113382 -0.00010017 0.0
0.011236 -9.838e-05 0.0
0.0111339 -9.65093e-05 0.0
0.0110326 -9.56857e-05 0.0
0.0109334 -9.51603e-05 0.0
0.0108354 -9.43877e-05 0.0
0.0107384 -9.44319e-05 0.0
0.0106438 -9.46926e-05 0.0
0.0105514 -9.47622e-05 0.0
0.0104604 -9.52853e-05 0.0
0.0103716 -9.60371e-05 0.0
0.0102854 -9.65545e-05 0.0
0.0102012 -9.73856e-05 0.0
0.0101192 -9.82116e-05 0.0
0.0100397 -9.87549e-05 0.0
0.00996212 -9.95833e-05 0.0
0.00988685 -0.000100204 0.0
0.00981375 -0.000100302 0.0
0.00974233 -0.000100744 0.0
0.0096728 -0.000101044 0.0
0.0096052 -0.000100535 0.0
0.00953899 -0.000100237 0.0
0.00947408 -0.000100151 0.0
0.00941065 -9.93214e-05 0.0
0.00934843 -9.82224e-05 0.0
0.00928716 -9.76099e-05 0.0
0.0092269 -9.66756e-05 0.0
0.00916758 -9.51506e-05 0.0
0.009109 -9.38622e-05 0.0
0.0090511 -9.26541e-05 0.0
0.0089938 -9.0866e-05 0.0
0.00893691 -8.89634e-05 0.0
0.00888036 -8.70876e-05 0.0
0.00882393 -8.47328e-05 0.0
0.00876735 -8.21372e-05 0.0
0.00871058 -7.93335e-05 0.0
0.00865329 -7.60296e-05 0.0
0.00859503 -7.24574e-05 0.0
0.00853573 -6.8575e-05 0.0
0.00847526 -6.41869e-05 0.0
0.00841299 -5.95781e-05 0.0
0.0083486 -5.46666e-05 0.0
0.00828225 -4.93329e-05 0.0
0.00821368 -4.39601e-05 0.0
0.00814226 -3.85479e-05 0.0
0.00806799 -3.28207e-05 0.0
0.00799134 -2.71906e-05 0.0
0.00791202 -2.20221e-05 0.0
0.00782956 -1.69348e-05 0.0
0.00774461 -1.19001e-05 0.0
0.00765776 -7.58015e-06 0.0
0.00756866 -4.04307e-06 0.0
0.00747747 -6.9793e-07 0.0
0.00738515 2.19408e-06 0.0
0.00729208 3.91155e-06 0.0
0.00719826 4.93466e-06 0.0
0.00710419 5.83786e-06 0.0
0.0070106 5.8378e-06 0.0
0.00691794 4.79138e-06 0.0
0.00682628 3.60057e-06 0.0
0.00673597 2.02927e-06 0.0
0.00664776 -3.96104e-07 0.0
0.00656181 -3.12728e-06 0.0
0.00647799 -5.9717e-06 0.0
0.00639677 -9.18311e-06 0.0
0.00631858 -1.26556e-05 0.0
0.00624316 -1.6202e-05 0.0
0.00617052 -1.97858e-05 0.0
0.00610103 -2.33889e-05 0.0
0.00603463 -2.70207e-05 0.0
0.00597106 -3.05904e-05 0.0
0.00591042 -3.39985e-05 0.0
0.00585276 -3.72953e-05 0.0
0.00579787 -4.05123e-05 0.0
0.00574557 -4.35301e-05 0.0
0.0056959 -4.63284e-05 0.0
0.00564874 -4.89861e-05 0.0
0.00560388 -5.14814e-05 0.0
0.00556119 -5.37407e-05 0.0
0.00552064 -5.58041e-05 0.0
0.00548207 -5.77134e-05 0.0
0.00544531 -5.94351e-05 0.0
0.00541025 -6.09525e-05 0.0
0.00537683 -6.23089e-05 0.0
0.00534492 -6.35146e-05 0.0
0.00531435 -6.45544e-05 0.0
0.00528506 -6.54379e-05 0.0
0.00525699 -6.61913e-05 0.0
0.00523001 -6.68164e-05 0.0
0.00520402 -6.73144e-05 0.0
0.00517897 -6.76979e-05 0.0
0.0051548 -6.79807e-05 0.0
0.00513141 -6.81663e-05 0.0
0.00510873 -6.82616e-05 0.0
0.00508674 -6.82756e-05 0.0
0.00506537 -6.82167e-05 0.0
0.00504457 -6.80901e-05 0.0
0.00502428 -6.79024e-05 0.0
0.0050045 -6.76592e-05 0.0
0.00498517 -6.7367e-05 0.0
0.00496625 -6.70307e-05 0.0
0.00494772 -6.66547e-05 0.0
0.00492957 -6.6243e-05 0.0
0.00491175 -6.58009e-05 0.0
0.00489426 -6.53315e-05 0.0
0.00487707 -6.48378e-05 0.0
0.00486017 -6.4323e-05 0.0
0.00484354 -6.37906e-05 0.0
0.00482717 -6.32425e-05 0.0
0.00481106 -6.26808e-05 0.0
0.00479519 -6.21078e-05 0.0
0.00477955 -6.15255e-05 0.0
0.00476414 -6.09352e-05 0.0
0.00474895 -6.03382e-05 0.0
0.00473397 -5.97361e-05 0.0
0.0047192 -5.91299e-05 0.0
0.00470465 -5.85203e-05 0.0
0.00469029 -5.79083e-05 0.0
0.00467614 -5.72948e-05 0.0
0.00466218 -5.66801e-05 0.0
0.00464842 -5.60646e-05 0.0
0.00463486 -5.54491e-05 0.0
0.00462149 -5.48338e-05 0.0
0.00460831 -5.42188e-05 0.0
0.00459532 -5.36045e-05 0.0
0.00458252 -5.29911e-05 0.0
0.0045699 -5.23786e-05 0.0
0.00455748 -5.17672e-05 0.0
0.00454524 -5.11568e-05 0.0
0.00453319 -5.05476e-05 0.0
0.00452132 -4.99395e-05 0.0
0.00450964 -4.93325e-05 0.0
0.00449814 -4.87266e-05 0.0
0.00448682 -4.81218e-05 0.0
0.00447568 -4.7518e-05 0.0
0.00446472 -4.69152e-05 0.0
0.00445394 -4.63132e-05 0.0
0.00444334 -4.57121e-05 0.0
0.00443291 -4.51118e-05 0.0
0.00442265 -4.45123e-05 0.0
0.00441258 -4.39135e-05 0.0
0.00440267 -4.33154e-05 0.0
0.00439293 -4.2718e-05 0.0
0.00438337 -4.21213e-05 0.0
0.00437397 -4.15254e-05 0.0
0.00436474 -4.09301e-05 0.0
0.00435568 -4.03357e-05 0.0
0.00434678 -3.97423e-05 0.0
0.00433805 -3.91498e-05 0.0
0.00432948 -3.85584e-05 0.0
0.00432108 -3.79684e-05 0.0
0.00431283 -3.738e-05 0.0
0.00430475 -3.67932e-05 0.0
0.00429683 -3.62086e-05 0.0
0.00428907 -3.56263e-05 0.0
0.00428148 -3.50469e-05 0.0
0.00427404 -3.44705e-05 0.0
0.00426677 -3.3898e-05 0.0
0.00425967 -3.33296e-05 0.0
0.00425273 -3.27662e-05 0.0
0.00424596 -3.2208e-05 0.0
0.00423937 -3.16567e-05 0.0
0.00423295 -3.1112e-05 0.0
0.00422671 -3.05757e-05 0.0
0.00422066 -3.00479e-05 0.0
0.00421479 -2.95313e-05 0.0
0.00420913 -2.90246e-05 0.0
0.00420367 -2.85311e-05 0.0
0.00419843 -2.80506e-05 0.0
0.00419341 -2.75866e-05 0.0
0.00418863 -2.71352e-05 0.0
0.00418409 -2.67035e-05 0.0
0.00417981 -2.62878e-05 0.0
0.0041758 -2.5892e-05 0.0
0.00417208 -2.55072e-05 0.0
0.00416865 -2.51444e-05 0.0
0.00416554 -2.47884e-05 0.0
0.00416275 -2.44384e-05 0.0
0.00416027 -2.40663e-05 0.0
0.0041581 -2.36745e-05 0.0
0.00415628 -2.32111e-05 0.0
0.00415471 -2.26301e-05 0.0
0.00415334 -2.18054e-05 0.0
0.00415223 -2.09356e-05 0.0
0.00415137 -2.05977e-05 0.0
0.0 0.0 0.0
0.0 0.0 0.0
0.0188606 0.00130401 0.0
0.0198705 0.002765 0.0
0.0212941 0.00318242 0.0
0.0215697 0.00368249 0.0
0.0207569 0.00257759 0.0
0.0198193 0.00233517 0.0
0.0193775 0.00200092 0.0
0.0188214 0.00167906 0.0
0.0179549 0.00129685 0.0
0.0172018 0.00112684 0.0
0.0166915 0.000897701 0.0
0.016133 0.000701943 0.0
0.0155304 0.000556049 0.0
0.0150418 0.000448955 0.0
0.0146344 0.00031913 0.0
0.0142052 0.000222506 0.0
0.0138032 0.000150611 0.0
0.013468 7.94767e-05 0.0
0.0131557 7.87757e-06 0.0
0.0128444 -4.32913e-05 0.0
0.0125668 -8.8268e-05 0.0
0.0123212 -0.000135099 0.0
0.0120843 -0.000175998 0.0
0.0118591 -0.000207747 0.0
0.0116582 -0.000239178 0.0
0.0114723 -0.000269999 0.0
0.0112939 -0.000295756 0.0
0.0111287 -0.000318429 0.0
0.0109788 -0.000341372 0.0
0.0108375 -0.000362705 0.0
0.0107044 -0.000381247 0.0
0.0105826 -0.000399046 0.0
0.0104705 -0.000416772 0.0
0.0103655 -0.00043321 0.0
0.0102687 -0.000448471 0.0
0.010181 -0.000463751 0.0
0.0101008 -0.000478978 0.0
0.0100277 -0.000493525 0.0
0.00996242 -0.000507789 0.0
0.00990517 -0.000522571 0.0
0.00985542 -0.000537543 0.0
0.00981296 -0.000552252 0.0
0.00977853 -0.000567467 0.0
0.00975281 -0.000583706 0.0
0.00973515 -0.00060014 0.0
0.00972544 -0.000616881 0.0
0.00972552 -0.000635077 0.0
0.00973579 -0.000654214 0.0
0.00975477 -0.000673621 0.0
0.00978392 -0.000694535 0.0
0.00982579 -0.000716904 0.0
0.00987882 -0.000739632 0.0
0.00994237 -0.000763929 0.0
0.0100201 -0.000789856 0.0
0.0101122 -0.000815504 0.0
0.0102166 -0.000842756 0.0
0.0103353 -0.000872122 0.0
0.0104705 -0.000899714 0.0
0.0106202 -0.000927202 0.0
0.0107847 -0.000958023 0.0
0.0109654 -0.000986085 0.0
0.0111611 -0.00101005 0.0
0.0113712 -0.00103662 0.0
0.0115965 -0.00106214 0.0
0.0118344 -0.00107916 0.0
0.0120832 -0.00109466 0.0
0.0123442 -0.00111102 0.0
0.0126147 -0.00111853 0.0
0.0128898 -0.00111844 0.0
0.0131697 -0.00111892 0.0
0.0134553 -0.00111341 0.0
0.0137399 -0.00109734 0.0
0.0140192 -0.00107951 0.0
0.0142972 -0.00105896 0.0
0.0145708 -0.00102821 0.0
0.0148312 -0.000995011 0.0
0.0150813 -0.000961651 0.0
0.0153229 -0.000919218 0.0
0.0155482 -0.000875231 0.0
0.0157566 -0.000834208 0.0
0.0159516 -0.000786014 0.0
0.0161288 -0.000736117 0.0
0.0162874 -0.000691605 0.0
0.0164292 -0.000644189 0.0
0.0165527 -0.000594684 0.0
0.0166581 -0.000549679 0.0
0.0167467 -0.000506677 0.0
0.0168176 -0.000463208 0.0
0.0168722 -0.000421564 0.0
0.0169116 -0.000383755 0.0
0.0169358 -0.000348524 0.0
0.0169455 -0.000313555 0.0
0.0169427 -0.000281488 0.0
0.016928 -0.000253238 0.0
0.016901 -0.000226061 0.0
0.0168632 -0.000200026 0.0
0.0168169 -0.000177084 0.0
0.0167614 -0.000156064 0.0
0.0166964 -0.000135948 0.0
0.0166242 -0.000117242 0.0
0.016546 -0.000100377 0.0
0.0164603 -8.48567e-05 0.0
0.016368 -7.03248e-05 0.0
0.016271 -5.66091e-05 0.0
0.0161692 -4.44591e-05 0.0
0.016062 -3.36909e-05 0.0
0.0159508 -2.36261e-05 0.0
0.0158364 -1.44542e-05 0.0
0.0157189 -7.01829e-06 0.0
0.0155986 -6.89397e-07 0.0
0.0154763 4.96614e-06 0.0
0.0153527 9.38322e-06 0.0
0.0152283 1.25803e-05 0.0
0.0151029 1.49242e-05 0.0
0.0149775 1.64367e-05 0.0
0.0148529 1.73815e-05 0.0
0.0147286 1.73747e-05 0.0
0.0146049 1.64547e-05 0.0
0.0144831 1.57505e-05 0.0
0.0143628 1.4318e-05 0.0
0.0142438 1.18182e-05 0.0
0.0141269 9.60649e-06 0.0
0.0140124 7.43257e-06 0.0
0.0138998 4.12478e-06 0.0
0.0137898 8.60369e-07 0.0
0.0136821 -1.82634e-06 0.0
0.013577 -5.15334e-06 0.0
0.0134747 -8.66509e-06 0.0
0.0133747 -1.13842e-05 0.0
0.013277 -1.42356e-05 0.0
0.0131822 -1.71476e-05 0.0
0.0130897 -1.92943e-05 0.0
0.0129989 -2.12572e-05 0.0
0.0129103 -2.31702e-05 0.0
0.0128241 -2.44884e-05 0.0
0.0127391 -2.53828e-05 0.0
0.0126555 -2.62987e-05 0.0
0.0125739 -2.68369e-05 0.0
0.0124937 -2.69152e-05 0.0
0.0124142 -2.69714e-05 0.0
0.0123362 -2.68625e-05 0.0
0.0122593 -2.62502e-05 0.0
0.0121832 -2.55664e-05 0.0
0.012108 -2.47022e-05 0.0
0.0120334 -2.31892e-05 0.0
0.0119592 -2.14787e-05 0.0
0.0118855 -1.94601e-05 0.0
0.011812 -1.65714e-05 0.0
0.0117378 -1.32876e-05 0.0
0.0116633 -9.58628e-06 0.0
0.0115883 -4.80975e-06 0.0
0.0115118 5.22917e-07 0.0
0.0114335 6.16729e-06 0.0
0.0113536 1.29085e-05 0.0
0.0112716 2.04409e-05 0.0
0.0111866 2.7866e-05 0.0
0.0110988 3.58782e-05 0.0
0.0110079 4.48872e-05 0.0
0.0109137 5.35661e-05 0.0
0.0108159 6.16978e-05 0.0
0.0107146 7.0439e-05 0.0
0.0106097 7.91023e-05 0.0
0.0105017 8.63058e-05 0.0
0.0103905 9.29199e-05 0.0
0.0102762 9.95797e-05 0.0
0.0101595 0.000104811 0.0
0.0100412 0.000108345 0.0
0.00992113 0.000111422 0.0
0.00979969 0.000113564 0.0
0.00967813 0.000113911 0.0
0.00955692 0.000113191 0.0
0.0094359 0.000111725 0.0
0.00931602 0.000109111 0.0
0.00919813 0.000105421 0.0
0.00908217 0.000100911 0.0
0.0089685 9.586e-05 0.0
0.00885778 9.02398e-05 0.0
0.00875019 8.39131e-05 0.0
0.00864582 7.73047e-05 0.0
0.00854495 7.06618e-05 0.0
0.00844772 6.36896e-05 0.0
0.00835418 5.65473e-05 0.0
0.00826436 4.96332e-05 0.0
0.00817826 4.28165e-05 0.0
0.00809586 3.59732e-05 0.0
0.00801709 2.94013e-05 0.0
0.00794186 2.31825e-05 0.0
0.00787007 1.71389e-05 0.0
0.00780161 1.13371e-05 0.0
0.00773632 5.945e-06 0.0
0.00767408 8.82995e-07 0.0
0.00761475 -3.92418e-06 0.0
0.00755816 -8.38517e-06 0.0
0.00750415 -1.24681e-05 0.0
0.00745263 -1.62594e-05 0.0
0.00740341 -1.97678e-05 0.0
0.00735632 -2.29482e-05 0.0
0.00731126 -2.58256e-05 0.0
0.00726811 -2.84523e-05 0.0
0.0072267 -3.08222e-05 0.0
0.00718692 -3.29292e-05 0.0
0.00714868 -3.48059e-05 0.0
0.00711186 -3.64792e-05 0.0
0.00707634 -3.79483e-05 0.0
0.00704203 -3.92238e-05 0.0
0.00700887 -4.03304e-05 0.0
0.00697675 -4.12835e-05 0.0
0.00694559 -4.20878e-05 0.0
0.00691534 -4.27567e-05 0.0
0.00688594 -4.3307e-05 0.0
0.00685731 -4.3749e-05 0.0
0.0068294 -4.40892e-05 0.0
0.00680217 -4.43391e-05 0.0
0.00677557 -4.45097e-05 0.0
0.00674956 -4.46084e-05 0.0
0.00672411 -4.46412e-05 0.0
0.00669918 -4.46167e-05 0.0
0.00667475 -4.45421e-05 0.0
0.00665078 -4.44225e-05 0.0
0.00662725 -4.42627e-05 0.0
0.00660415 -4.40685e-05 0.0
0.00658145 -4.38445e-05 0.0
0.00655913 -4.35941e-05 0.0
0.00653719 -4.33209e-05 0.0
0.00651561 -4.30285e-05 0.0
0.00649437 -4.27196e-05 0.0
0.00647347 -4.23964e-05 0.0
0.0064529 -4.20613e-05 0.0
0.00643265 -4.17164e-05 0.0
0.00641271 -4.13633e-05 0.0
0.00639308 -4.10033e-05 0.0
0.00637374 -4.06377e-05 0.0
0.00635471 -4.02677e-05 0.0
0.00633596 -3.98941e-05 0.0
0.0063175 -3.95176e-05 0.0
0.00629933 -3.9139e-05 0.0
0.00628143 -3.87586e-05 0.0
0.00626382 -3.83769e-05 0.0
0.00624647 -3.79942e-05 0.0
0.0062294 -3.76108e-05 0.0
0.0062126 -3.72267e-05 0.0
0.00619607 -3.68422e-05 0.0
0.0061798 -3.64572e-05 0.0
0.0061638 -3.60718e-05 0.0
0.00614805 -3.5686e-05 0.0
0.00613256 -3.52997e-05 0.0
0.00611733 -3.4913e-05 0.0
0.00610236 -3.45256e-05 0.0
0.00608763 -3.41376e-05 0.0
0.00607316 -3.37489e-05 0.0
0.00605893 -3.33594e-05 0.0
0.00604494 -3.2969e-05 0.0
0.0060312 -3.25776e-05 0.0
0.0060177 -3.21853e-05 0.0
0.00600444 -3.17921e-05 0.0
0.00599142 -3.13978e-05 0.0
0.00597863 -3.10026e-05 0.0
0.00596607 -3.06064e-05 0.0
0.00595374 -3.02095e-05 0.0
0.00594164 -2.98119e-05 0.0
0.00592976 -2.94138e-05 0.0
0.00591811 -2.90154e-05 0.0
0.00590668 -2.86171e-05 0.0
0.00589548 -2.8219e-05 0.0
0.00588449 -2.78218e-05 0.0
0.00587372 -2.74257e-05 0.0
0.00586318 -2.70314e-05 0.0
0.00585285 -2.66396e-05 0.0
0.00584273 -2.62509e-05 0.0
0.00583284 -2.58661e-05 0.0
0.00582316 -2.54861e-05 0.0
0.00581371 -2.51122e-05 0.0
0.00580448 -2.47454e-05 0.0
0.00579547 -2.43867e-05 0.0
0.00578669 -2.40381e-05 0.0
0.00577815 -2.3701e-05 0.0
0.00576984 -2.33769e-05 0.0
0.00576177 -2.30675e-05 0.0
0.00575396 -2.27759e-05 0.0
0.0057464 -2.25031e-05 0.0
0.00573911 -2.22514e-05 0.0
0.00573211 -2.20234e-05 0.0
0.00572538 -2.18231e-05 0.0
0.00571897 -2.1649e-05 0.0
0.00571287 -2.15058e-05 0.0
0.0057071 -2.13953e-05 0.0
0.00570168 -2.13192e-05 0.0
0.00569664 -2.12695e-05 0.0
0.00569198 -2.12558e-05 0.0
0.00568772 -2.1266e-05 0.0
0.00568387 -2.12875e-05 0.0
0.00568047 -2.12968e-05 0.0
0.00567751 -2.12954e-05 0.0
0.00567498 -2.11882e-05 0.0
0.00567289 -2.09303e-05 0.0
0.00567128 -2.05052e-05 0.0
0.00567016 -2.00189e-05 0.0
0.00566934 -1.97895e-05 0.0
0.0 0.0 0.0
0.0 0.0 0.0
0.0194571 0.0012745 0.0
0.0199278 0.00167128 0.0
0.0202307 0.00267019 0.0
0.0209633 0.00325118 0.0
0.0213573 0.00300716 0.0
0.0212443 0.00284348 0.0
0.0209673 0.00239724 0.0
0.0205494 0.00225053 0.0
0.0200715 0.00196074 0.0
0.0196254 0.00166685 0.0
0.0191677 0.00140439 0.0
0.0186434 0.001265 0.0
0.0181525 0.00106411 0.0
0.0177262 0.000877704 0.0
0.0173061 0.000745202 0.0
0.0168795 0.000643622 0.0
0.0164969 0.000515809 0.0
0.0161507 0.000410945 0.0
0.0158122 0.000335233 0.0
0.0154889 0.000261301 0.0
0.0151981 0.000181789 0.0
0.0149259 0.000120488 0.0
0.0146637 6.97805e-05 0.0
0.0144197 1.65209e-05 0.0
0.0141962 -3.38451e-05 0.0
0.013984 -7.38394e-05 0.0
0.0137831 -0.000111414 0.0
0.0135973 -0.000149833 0.0
0.0134244 -0.000183982 0.0
0.0132606 -0.000213584 0.0
0.0131077 -0.000243104 0.0
0.0129661 -0.000272015 0.0
0.012834 -0.000297985 0.0
0.0127104 -0.000322494 0.0
0.0125963 -0.000347228 0.0
0.0124914 -0.000371232 0.0
0.0123948 -0.000393901 0.0
0.0123064 -0.000416398 0.0
0.0122268 -0.000439371 0.0
0.0121558 -0.000462243 0.0
0.0120929 -0.000484747 0.0
0.0120385 -0.00050787 0.0
0.0119934 -0.000532204 0.0
0.0119572 -0.000556849 0.0
0.0119298 -0.000581741 0.0
0.0119124 -0.00060849 0.0
0.0119057 -0.000636914 0.0
0.0119086 -0.000665549 0.0
0.0119224 -0.000695762 0.0
0.0119489 -0.000728844 0.0
0.0119875 -0.000762853 0.0
0.0120377 -0.000797841 0.0
0.0121024 -0.00083585 0.0
0.0121823 -0.0008755 0.0
0.0122759 -0.000915849 0.0
0.012385 -0.00095872 0.0
0.0125113 -0.00100256 0.0
0.012654 -0.00104656 0.0
0.012814 -0.00109245 0.0
0.0129917 -0.00113798 0.0
0.0131859 -0.00118098 0.0
0.013399 -0.00122478 0.0
0.0136303 -0.00126687 0.0
0.0138752 -0.00130342 0.0
0.0141361 -0.00133686 0.0
0.0144153 -0.00136753 0.0
0.0147049 -0.00139072 0.0
0.0150022 -0.00140738 0.0
0.0153134 -0.00141758 0.0
0.0156321 -0.00142012 0.0
0.01595 -0.0014162 0.0
0.0162716 -0.00140288 0.0
0.0165957 -0.00137945 0.0
0.0169126 -0.00135344 0.0
0.0172237 -0.00131996 0.0
0.017529 -0.00127284 0.0
0.0178215 -0.00122567 0.0
0.0181021 -0.00117722 0.0
0.0183708 -0.00111537 0.0
0.0186207 -0.00105299 0.0
0.0188544 -0.000993948 0.0
0.0190729 -0.000926813 0.0
0.0192708 -0.000858681 0.0
0.0194487 -0.000794687 0.0
0.0196092 -0.000728821 0.0
0.0197501 -0.000663294 0.0
0.0198714 -0.000601078 0.0
0.0199737 -0.000540893 0.0
0.0200579 -0.000483313 0.0
0.020125 -0.00042786 0.0
0.0201751 -0.000376227 0.0
0.0202085 -0.000328269 0.0
0.0202271 -0.000282597 0.0
0.0202319 -0.000239981 0.0
0.0202231 -0.000201183 0.0
0.0202013 -0.000165023 0.0
0.020168 -0.000131182 0.0
0.0201243 -9.9855e-05 0.0
0.0200701 -7.12633e-05 0.0
0.0200058 -4.45758e-05 0.0
0.0199331 -1.96943e-05 0.0
0.0198524 3.32625e-06 0.0
0.0197634 2.44005e-05 0.0
0.019667 4.40031e-05 0.0
0.0195645 6.19131e-05 0.0
0.0194557 7.80946e-05 0.0
0.0193408 9.26167e-05 0.0
0.019221 0.000105738 0.0
0.0190971 0.00011666 0.0
0.0189692 0.000125875 0.0
0.0188377 0.000134082 0.0
0.0187036 0.000140127 0.0
0.018568 0.000144065 0.0
0.0184308 0.000147717 0.0
0.0182919 0.000149693 0.0
0.0181531 0.000149426 0.0
0.0180148 0.000149454 0.0
0.017876 0.000148368 0.0
0.0177379 0.00014535 0.0
0.0176016 0.000142481 0.0
0.0174662 0.00013937 0.0
0.0173321 0.000134597 0.0
0.0172003 0.000129737 0.0
0.0170706 0.000124976 0.0
0.0169429 0.000119317 0.0
0.0168179 0.000113488 0.0
0.0166953 0.000107891 0.0
0.0165753 0.000101895 0.0
0.0164583 9.63596e-05 0.0
0.0163437 9.10848e-05 0.0
0.0162314 8.55895e-05 0.0
0.016122 8.11106e-05 0.0
0.0160151 7.71767e-05 0.0
0.01591 7.29848e-05 0.0
0.0158069 6.96308e-05 0.0
0.0157061 6.73273e-05 0.0
0.015607 6.47515e-05 0.0
0.0155092 6.23688e-05 0.0
0.0154131 6.10739e-05 0.0
0.0153185 6.00336e-05 0.0
0.0152252 5.86262e-05 0.0
0.015133 5.79568e-05 0.0
0.0150419 5.8061e-05 0.0
0.0149519 5.80235e-05 0.0
0.0148629 5.84885e-05 0.0
0.0147745 5.99432e-05 0.0
0.0146865 6.17563e-05 0.0
0.0145988 6.4371e-05 0.0
0.0145112 6.81131e-05 0.0
0.014423 7.25263e-05 0.0
0.0143341 7.80392e-05 0.0
0.014244 8.48154e-05 0.0
0.0141523 9.25552e-05 0.0
0.0140586 0.000101298 0.0
0.0139624 0.000111057 0.0
0.0138633 0.000121789 0.0
0.0137608 0.000133394 0.0
0.0136548 0.000145355 0.0
0.0135451 0.000157569 0.0
0.013431 0.000170257 0.0
0.0133126 0.000182804 0.0
0.0131906 0.000194554 0.0
0.0130644 0.000205697 0.0
0.0129337 0.000216216 0.0
0.0127999 0.000225453 0.0
0.0126633 0.000232994 0.0
0.0125237 0.000239003 0.0
0.0123816 0.000243729 0.0
0.0122385 0.000246633 0.0
0.0120946 0.000247225 0.0
0.0119501 0.000246411 0.0
0.011806 0.00024438 0.0
0.011663 0.000240158 0.0
0.0115217 0.000234429 0.0
0.0113823 0.000227975 0.0
0.0112453 0.000220163 0.0
0.0111116 0.00021115 0.0
0.0109812 0.000201655 0.0
0.0108541 0.000191593 0.0
0.010731 0.000180956 0.0
0.0106122 0.000170092 0.0
0.0104972 0.000159136 0.0
0.0103864 0.000148136 0.0
0.0102801 0.000137251 0.0
0.0101779 0.000126547 0.0
0.0100798 0.000116099 0.0
0.00998582 0.000106012 0.0
0.00989594 9.63157e-05 0.0
0.0098099 8.70084e-05 0.0
0.00972755 7.81675e-05 0.0
0.00964884 6.98207e-05 0.0
0.00957362 6.19404e-05 0.0
0.00950166 5.45322e-05 0.0
0.00943279 4.76266e-05 0.0
0.00936692 4.12002e-05 0.0
0.00930387 3.52285e-05 0.0
0.00924345 2.97082e-05 0.0
0.00918548 2.46296e-05 0.0
0.00912988 1.99626e-05 0.0
0.00907649 1.56889e-05 0.0
0.00902512 1.17898e-05 0.0
0.00897566 8.24261e-06 0.0
0.00892802 5.02459e-06 0.0
0.00888206 2.11621e-06 0.0
0.00883765 -5.07595e-07 0.0
0.0087947 -2.86645e-06 0.0
0.00875312 -4.97819e-06 0.0
0.00871282 -6.86384e-06 0.0
0.00867369 -8.54513e-06 0.0
0.00863568 -1.00361e-05 0.0
0.00859871 -1.13525e-05 0.0
0.00856272 -1.25133e-05 0.0
0.00852763 -1.35334e-05 0.0
0.0084934 -1.44233e-05 0.0
0.00845998 -1.51969e-05 0.0
0.00842732 -1.58681e-05 0.0
0.00839537 -1.64464e-05 0.0
0.00836411 -1.69404e-05 0.0
0.00833349 -1.73607e-05 0.0
0.00830348 -1.77165e-05 0.0
0.00827406 -1.80138e-05 0.0
0.00824521 -1.82593e-05 0.0
0.00821688 -1.84605e-05 0.0
0.00818908 -1.86226e-05 0.0
0.00816177 -1.87498e-05 0.0
0.00813494 -1.88469e-05 0.0
0.00810858 -1.89185e-05 0.0
0.00808267 -1.89675e-05 0.0
0.0080572 -1.89966e-05 0.0
0.00803216 -1.90092e-05 0.0
0.00800754 -1.90075e-05 0.0
0.00798332 -1.89932e-05 0.0
0.00795951 -1.89681e-05 0.0
0.0079361 -1.8934e-05 0.0
0.00791307 -1.8892e-05 0.0
0.00789042 -1.88429e-05 0.0
0.00786814 -1.87878e-05 0.0
0.00784624 -1.87274e-05 0.0
0.0078247 -1.86623e-05 0.0
0.00780352 -1.85927e-05 0.0
0.0077827 -1.85192e-05 0.0
0.00776222 -1.8442e-05 0.0
0.0077421 -1.83612e-05 0.0
0.00772231 -1.82769e-05 0.0
0.00770287 -1.81892e-05 0.0
0.00768375 -1.80981e-05 0.0
0.00766497 -1.80035e-05 0.0
0.00764652 -1.79054e-05 0.0
0.00762839 -1.78038e-05 0.0
0.00761058 -1.76986e-05 0.0
0.00759309 -1.75898e-05 0.0
0.00757591 -1.74772e-05 0.0
0.00755904 -1.73608e-05 0.0
0.00754248 -1.72407e-05 0.0
0.00752622 -1.71168e-05 0.0
0.00751026 -1.69892e-05 0.0
0.00749459 -1.68579e-05 0.0
0.00747921 -1.67231e-05 0.0
0.00746413 -1.65849e-05 0.0
0.00744933 -1.64437e-05 0.0
0.00743482 -1.62997e-05 0.0
0.00742058 -1.61532e-05 0.0
0.00740663 -1.60048e-05 0.0
0.00739295 -1.5855e-05 0.0
0.00737954 -1.57044e-05 0.0
0.00736641 -1.55538e-05 0.0
0.00735355 -1.54041e-05 0.0
0.00734095 -1.52561e-05 0.0
0.00732863 -1.51112e-05 0.0
0.00731657 -1.49707e-05 0.0
0.00730479 -1.48359e-05 0.0
0.00729327 -1.47083e-05 0.0
0.00728202 -1.45901e-05 0.0
0.00727105 -1.44833e-05 0.0
0.00726035 -1.43898e-05 0.0
0.00724994 -1.43121e-05 0.0
0.00723981 -1.42537e-05 0.0
0.00722998 -1.42167e-05 0.0
0.00722044 -1.42043e-05 0.0
0.00721121 -1.42202e-05 0.0
0.0072023 -1.42691e-05 0.0
0.00719372 -1.43521e-05 0.0
0.00718549 -1.44749e-05 0.0
0.00717761 -1.46413e-05 0.0
0.00717011 -1.48561e-05 0.0
0.007163 -1.51165e-05 0.0
0.0071563 -1.5432e-05 0.0
0.00715004 -1.57995e-05 0.0
0.00714424 -1.62204e-05 0.0
0.00713892 -1.66771e-05 0.0
0.0071341 -1.71776e-05 0.0
0.00712982 -1.76873e-05 0.0
0.0071261 -1.81885e-05 0.0
0.00712295 -1.85944e-05 0.0
0.00712042 -1.88883e-05 0.0
0.00711854 -1.90252e-05 0.0
0.00711723 -1.90216e-05 0.0
0.00711634 -1.89747e-05 0.0
0.0 0.0 0.0
0.0 0.0 0.0
0.0194338 0.000590953 0.0
0.0197154 0.00166214 0.0
0.0200998 0.00218021 0.0
0.0206778 0.0023021 0.0
0.0212245 0.0028455 0.0
0.0215332 0.00293832 0.0
0.0214449 0.00260927 0.0
0.021328 0.00247298 0.0
0.0212883 0.00229429 0.0
0.0210353 0.00208463 0.0
0.0206161 0.00184205 0.0
0.0202926 0.00166291 0.0
0.0200183 0.00146642 0.0
0.0196359 0.00129939 0.0
0.0192338 0.00114417 0.0
0.0189098 0.00100407 0.0
0.0185957 0.000869173 0.0
0.0182455 0.000758596 0.0
0.017922 0.000654546 0.0
0.0176397 0.000556136 0.0
0.0173563 0.00046836 0.0
0.0170726 0.000392953 0.0
0.0168175 0.000319951 0.0
0.016581 0.000251983 0.0
0.0163464 0.000192278 0.0
0.0161238 0.000137584 0.0
0.0159212 8.4606e-05 0.0
0.015728 3.59923e-05 0.0
0.0155412 -7.98803e-06 0.0
0.0153678 -5.00477e-05 0.0
0.015207 -9.04532e-05 0.0
0.0150535 -0.000128001 0.0
0.0149087 -0.000163442 0.0
0.0147751 -0.000198108 0.0
0.0146507 -0.000231688 0.0
0.0145337 -0.000263908 0.0
0.0144258 -0.000295436 0.0
0.0143274 -0.000327008 0.0
0.0142372 -0.0003584 0.0
0.0141552 -0.000389452 0.0
0.0140823 -0.000420908 0.0
0.0140188 -0.000453445 0.0
0.013964 -0.000486452 0.0
0.0139181 -0.000519944 0.0
0.0138823 -0.000555319 0.0
0.0138572 -0.000592501 0.0
0.0138418 -0.000630374 0.0
0.0138367 -0.000670282 0.0
0.0138448 -0.000713345 0.0
0.0138651 -0.000757774 0.0
0.0138962 -0.000803967 0.0
0.0139418 -0.000854066 0.0
0.0140038 -0.000906156 0.0
0.0140788 -0.000959633 0.0
0.0141684 -0.00101726 0.0
0.0142775 -0.00107671 0.0
0.0144039 -0.00113589 0.0
0.0145459 -0.00119949 0.0
0.0147076 -0.00126434 0.0
0.0148899 -0.00132512 0.0
0.0150902 -0.00138796 0.0
0.0153094 -0.00145335 0.0
0.0155483 -0.00150981 0.0
0.0158058 -0.00156167 0.0
0.0160812 -0.00161605 0.0
0.016373 -0.00166158 0.0
0.0166789 -0.00169258 0.0
0.0169982 -0.00172197 0.0
0.0173298 -0.0017461 0.0
0.0176692 -0.00175175 0.0
0.0180127 -0.00174674 0.0
0.0183602 -0.00174012 0.0
0.0187114 -0.00171829 0.0
0.0190575 -0.00168008 0.0
0.0193957 -0.00164088 0.0
0.0197316 -0.00159249 0.0
0.0200585 -0.00152769 0.0
0.0203676 -0.00146366 0.0
0.0206656 -0.00139449 0.0
0.0209515 -0.00131203 0.0
0.0212169 -0.00123258 0.0
0.021464 -0.0011527 0.0
0.0216942 -0.00106356 0.0
0.0219041 -0.00097718 0.0
0.0220943 -0.000894977 0.0
0.0222641 -0.000809894 0.0
0.0224136 -0.000726379 0.0
0.0225447 -0.000647228 0.0
0.0226562 -0.000572422 0.0
0.0227479 -0.000499371 0.0
0.0228226 -0.000429143 0.0
0.0228811 -0.000365318 0.0
0.0229223 -0.000305599 0.0
0.0229472 -0.000247627 0.0
0.0229589 -0.000194717 0.0
0.0229576 -0.000146503 0.0
0.0229415 -0.000100707 0.0
0.022913 -5.77932e-05 0.0
0.022875 -1.86823e-05 0.0
0.0228257 1.78199e-05 0.0
0.0227645 5.18369e-05 0.0
0.0226944 8.38493e-05 0.0
0.0226163 0.000113355 0.0
0.0225286 0.000140226 0.0
0.0224319 0.000165163 0.0
0.0223284 0.000188659 0.0
0.0222183 0.000209078 0.0
0.0221012 0.000226861 0.0
0.021978 0.000243165 0.0
0.02185 0.000257174 0.0
0.021718 0.000267902 0.0
0.021582 0.000276853 0.0
0.0214425 0.000283965 0.0
0.0213011 0.000288511 0.0
0.0211583 0.00029157 0.0
0.0210134 0.000292617 0.0
0.0208678 0.000292246 0.0
0.0207228 0.000291015 0.0
0.0205771 0.000287948 0.0
0.0204314 0.000283673 0.0
0.0202873 0.000279388 0.0
0.0201441 0.000273555 0.0
0.0200019 0.000266487 0.0
0.0198615 0.000259663 0.0
0.0197231 0.000252301 0.0
0.0195869 0.000243525 0.0
0.0194532 0.000235342 0.0
0.0193214 0.000227401 0.0
0.0191924 0.000218557 0.0
0.0190664 0.000210561 0.0
0.0189425 0.000203379 0.0
0.0188207 0.000195871 0.0
0.0187018 0.000189145 0.0
0.0185851 0.000183755 0.0
0.0184698 0.000178383 0.0
0.0183567 0.000173307 0.0
0.0182457 0.000169467 0.0
0.0181359 0.000166218 0.0
0.0180275 0.000162692 0.0
0.017921 0.000159932 0.0
0.0178158 0.00015799 0.0
0.0177116 0.000155934 0.0
0.0176091 0.000154358 0.0
0.0175076 0.00015372 0.0
0.0174071 0.000153271 0.0
0.0173079 0.000153739 0.0
0.017209 0.000155443 0.0
0.0171104 0.00015766 0.0
0.0170126 0.000161303 0.0
0.0169144 0.00016666 0.0
0.016815 0.000172948 0.0
0.016715 0.000180773 0.0
0.0166138 0.000190713 0.0
0.01651 0.000201704 0.0
0.0164034 0.000213897 0.0
0.0162943 0.000228203 0.0
0.0161818 0.000243481 0.0
0.016065 0.000258858 0.0
0.0159438 0.000275541 0.0
0.0158183 0.000293155 0.0
0.0156883 0.000309628 0.0
0.0155533 0.000325414 0.0
0.0154133 0.000341649 0.0
0.0152691 0.000356413 0.0
0.0151209 0.000368365 0.0
0.0149687 0.000379273 0.0
0.0148128 0.000388981 0.0
0.0146546 0.000395233 0.0
0.0144947 0.000398838 0.0
0.0143329 0.000401103 0.0
0.0141702 0.000400627 0.0
0.0140082 0.000397252 0.0
0.0138469 0.000392049 0.0
0.0136863 0.000384995 0.0
0.0135281 0.000376009 0.0
0.0133726 0.000365257 0.0
0.0132197 0.000353169 0.0
0.0130702 0.000340256 0.0
0.0129247 0.000326338 0.0
0.012783 0.000311509 0.0
0.0126455 0.000296481 0.0
0.0125124 0.000281355 0.0
0.0123839 0.000265872 0.0
0.0122598 0.000250461 0.0
0.0121403 0.000235496 0.0
0.0120253 0.000220777 0.0
0.0119148 0.000206306 0.0
0.0118087 0.000192449 0.0
0.0117067 0.00017922 0.0
0.011609 0.000166465 0.0
0.0115153 0.000154302 0.0
0.0114254 0.000142878 0.0
0.0113392 0.000132091 0.0
0.0112566 0.000121887 0.0
0.0111773 0.000112349 0.0
0.0111012 0.000103483 0.0
0.0110281 9.52008e-05 0.0
0.010958 8.74905e-05 0.0
0.0108905 8.03706e-05 0.0
0.0108256 7.38025e-05 0.0
0.0107631 6.77304e-05 0.0
0.0107029 6.21432e-05 0.0
0.0106448 5.70244e-05 0.0
0.0105887 5.23339e-05 0.0
0.0105345 4.80355e-05 0.0
0.0104821 4.41115e-05 0.0
0.0104313 4.0536e-05 0.0
0.0103821 3.72779e-05 0.0
0.0103343 3.43104e-05 0.0
0.010288 3.16138e-05 0.0
0.0102429 2.91651e-05 0.0
0.010199 2.6941e-05 0.0
0.0101563 2.49208e-05 0.0
0.0101147 2.30875e-05 0.0
0.0100741 2.14235e-05 0.0
0.0100345 1.99114e-05 0.0
0.0099958 1.85358e-05 0.0
0.00995797 1.72843e-05 0.0
0.00992097 1.61436e-05 0.0
0.00988477 1.51015e-05 0.0
0.00984932 1.41474e-05 0.0
0.0098146 1.32724e-05 0.0
0.00978058 1.24673e-05 0.0
0.00974723 1.1724e-05 0.0
0.00971452 1.10355e-05 0.0
0.00968244 1.03958e-05 0.0
0.00965096 9.79887e-06 0.0
0.00962006 9.23958e-06 0.0
0.00958973 8.71369e-06 0.0
0.00955995 8.21736e-06 0.0
0.00953071 7.74685e-06 0.0
0.00950199 7.29921e-06 0.0
0.00947379 6.87198e-06 0.0
0.00944609 6.46286e-06 0.0
0.00941888 6.06979e-06 0.0
0.00939215 5.69122e-06 0.0
0.0093659 5.32583e-06 0.0
0.00934011 4.97239e-06 0.0
0.00931478 4.62993e-06 0.0
0.00928989 4.29774e-06 0.0
0.00926545 3.97522e-06 0.0
0.00924145 3.66181e-06 0.0
0.00921787 3.35717e-06 0.0
0.00919472 3.06105e-06 0.0
0.00917198 2.77325e-06 0.0
0.00914965 2.49361e-06 0.0
0.00912773 2.22207e-06 0.0
0.00910621 1.95859e-06 0.0
0.00908509 1.70314e-06 0.0
0.00906435 1.45572e-06 0.0
0.00904399 1.21633e-06 0.0
0.00902402 9.84976e-07 0.0
0.00900442 7.61612e-07 0.0
0.00898518 5.46199e-07 0.0
0.00896631 3.38674e-07 0.0
0.0089478 1.38895e-07 0.0
0.00892965 -5.33148e-08 0.0
0.00891184 -2.38176e-07 0.0
0.00889438 -4.15982e-07 0.0
0.00887726 -5.87149e-07 0.0
0.00886048 -7.52123e-07 0.0
0.00884403 -9.11455e-07 0.0
0.0088279 -1.06584e-06 0.0
0.00881211 -1.21611e-06 0.0
0.00879664 -1.36314e-06 0.0
0.00878148 -1.508e-06 0.0
0.00876665 -1.65202e-06 0.0
0.00875213 -1.79656e-06 0.0
0.00873792 -1.94317e-06 0.0
0.00872403 -2.09375e-06 0.0
0.00871045 -2.25045e-06 0.0
0.00869718 -2.41533e-06 0.0
0.00868423 -2.59109e-06 0.0
0.00867159 -2.78069e-06 0.0
0.00865927 -2.98729e-06 0.0
0.00864727 -3.21393e-06 0.0
0.0086356 -3.46516e-06 0.0
0.00862425 -3.74476e-06 0.0
0.00861325 -4.05734e-06 0.0
0.0086026 -4.40708e-06 0.0
0.00859231 -4.80102e-06 0.0
0.00858238 -5.24236e-06 0.0
0.00857285 -5.73809e-06 0.0
0.00856371 -6.29265e-06 0.0
0.00855499 -6.91481e-06 0.0
0.00854671 -7.60307e-06 0.0
0.00853889 -8.36896e-06 0.0
0.00853156 -9.20931e-06 0.0
0.00852474 -1.01294e-05 0.0
0.00851846 -1.11136e-05 0.0
0.00851277 -1.21763e-05 0.0
0.00850768 -1.32703e-05 0.0
0.00850324 -1.43842e-05 0.0
0.0084995 -1.54647e-05 0.0
0.00849652 -1.6488e-05 0.0
0.00849432 -1.72988e-05 0.0
0.00849285 -1.7892e-05 0.0
0.00849192 -1.81553e-05 0.0
0.0 0.0 0.0
0.0 0.0 0.0
0.0192787 0.000368403 0.0
0.0195822 0.00131319 0.0
0.0200357 0.00167516 0.0
0.0202896 0.00204928 0.0
0.0206067 0.00239887 0.0
0.0211002 0.00251158 0.0
0.0214364 0.00259831 0.0
0.0215627 0.00252334 0.0
0.0215507 0.00235281 0.0
0.0214961 0.00226068 0.0
0.021423 0.00210207 0.0
0.0212749 0.00190971 0.0
0.0210414 0.00174449 0.0
0.0207976 0.00161572 0.0
0.020573 0.0014475 0.0
0.0203224 0.00129513 0.0
0.0200436 0.00117477 0.0
0.0197775 0.00105928 0.0
0.0195279 0.000932176 0.0
0.0192708 0.000827456 0.0
0.0190137 0.000738145 0.0
0.0187731 0.000646543 0.0
0.018543 0.0005574 0.0
0.0183148 0.000483627 0.0
0.0180959 0.000414713 0.0
0.0178906 0.000345048 0.0
0.017693 0.00028141 0.0
0.0175018 0.000225585 0.0
0.0173215 0.000170778 0.0
0.0171512 0.00011718 0.0
0.0169882 6.84236e-05 0.0
0.0168334 2.27421e-05 0.0
0.0166883 -2.27443e-05 0.0
0.0165514 -6.66589e-05 0.0
0.0164221 -0.00010802 0.0
0.0163012 -0.000148625 0.0
0.016189 -0.00018936 0.0
0.0160847 -0.000229395 0.0
0.0159884 -0.000268692 0.0
0.0159007 -0.000308445 0.0
0.0158216 -0.000349227 0.0
0.015751 -0.000390414 0.0
0.015689 -0.000431996 0.0
0.0156365 -0.000475463 0.0
0.0155939 -0.00052118 0.0
0.0155606 -0.000567792 0.0
0.0155374 -0.00061619 0.0
0.0155263 -0.000668422 0.0
0.0155265 -0.000723118 0.0
0.0155375 -0.000779176 0.0
0.0155625 -0.000839419 0.0
0.0156024 -0.00090393 0.0
0.0156549 -0.000970116 0.0
0.0157223 -0.00103972 0.0
0.0158083 -0.00111376 0.0
0.0159108 -0.00118993 0.0
0.0160295 -0.00126895 0.0
0.0161688 -0.00135074 0.0
0.0163278 -0.0014322 0.0
0.0165057 -0.00151626 0.0
0.0167058 -0.00160102 0.0
0.0169261 -0.0016804 0.0
0.0171653 -0.00175795 0.0
0.0174283 -0.00183569 0.0
0.017711 -0.00190261 0.0
0.0180068 -0.00196051 0.0
0.0183231 -0.00201496 0.0
0.0186592 -0.00205698 0.0
0.0190011 -0.00208365 0.0
0.0193517 -0.00210265 0.0
0.0197182 -0.0021067 0.0
0.0200861 -0.0020951 0.0
0.0204491 -0.00207559 0.0
0.0208172 -0.00203879 0.0
0.0211824 -0.0019858 0.0
0.0215346 -0.00193269 0.0
0.0218808 -0.00186306 0.0
0.0222165 -0.0017762 0.0
0.0225353 -0.00169481 0.0
0.0228414 -0.00160483 0.0
0.0231314 -0.00149974 0.0
0.0234001 -0.00139907 0.0
0.0236523 -0.00129812 0.0
0.0238856 -0.00118984 0.0
0.0240971 -0.00108388 0.0
0.0242886 -0.000980226 0.0
0.0244601 -0.000878697 0.0
0.0246115 -0.000779318 0.0
0.0247439 -0.000682779 0.0
0.0248565 -0.000592595 0.0
0.0249505 -0.000506787 0.0
0.0250277 -0.000423777 0.0
0.0250885 -0.000347059 0.0
0.0251329 -0.00027592 0.0
0.0251617 -0.000208656 0.0
0.0251769 -0.000145204 0.0
0.0251793 -8.69249e-05 0.0
0.0251683 -3.28969e-05 0.0
0.0251446 1.81567e-05 0.0
0.0251101 6.62204e-05 0.0
0.0250652 0.000110482 0.0
0.0250089 0.000151906 0.0
0.0249425 0.000190709 0.0
0.0248673 0.000227267 0.0
0.0247828 0.000260653 0.0
0.0246893 0.000291264 0.0
0.024588 0.000319211 0.0
0.0244794 0.000344247 0.0
0.0243637 0.000366195 0.0
0.0242418 0.000385318 0.0
0.0241146 0.000400577 0.0
0.0239832 0.000413335 0.0
0.0238472 0.000424155 0.0
0.0237078 0.000430498 0.0
0.0235667 0.000434985 0.0
0.0234233 0.000438846 0.0
0.0232774 0.000438723 0.0
0.0231311 0.000436844 0.0
0.0229845 0.000435449 0.0
0.0228367 0.000431031 0.0
0.0226892 0.000424606 0.0
0.0225426 0.000418615 0.0
0.0223962 0.000411301 0.0
0.0222511 0.000401706 0.0
0.0221078 0.000392375 0.0
0.0219658 0.000382519 0.0
0.0218261 0.000371534 0.0
0.0216888 0.000361001 0.0
0.0215533 0.00035017 0.0
0.0214203 0.000339403 0.0
0.0212903 0.000329854 0.0
0.021162 0.000320319 0.0
0.0210355 0.000311195 0.0
0.0209116 0.000303743 0.0
0.0207898 0.000296713 0.0
0.0206692 0.000289883 0.0
0.0205499 0.000284267 0.0
0.0204327 0.000279632 0.0
0.020317 0.000274735 0.0
0.0202022 0.000270319 0.0
0.0200888 0.000267073 0.0
0.019977 0.000263951 0.0
0.0198665 0.000260702 0.0
0.0197573 0.000258792 0.0
0.019649 0.000257684 0.0
0.0195421 0.000256877 0.0
0.0194363 0.00025774 0.0
0.0193311 0.000259885 0.0
0.0192259 0.000263227 0.0
0.019121 0.000268728 0.0
0.0190159 0.000276114 0.0
0.0189096 0.000285135 0.0
0.0188017 0.000296395 0.0
0.0186921 0.000309939 0.0
0.01858 0.000325497 0.0
0.0184645 0.000342545 0.0
0.0183454 0.000361187 0.0
0.0182221 0.000381822 0.0
0.018094 0.000403286 0.0
0.0179613 0.000424524 0.0
0.0178234 0.00044632 0.0
0.0176797 0.000468369 0.0
0.0175308 0.000488737 0.0
0.0173776 0.000507327 0.0
0.0172189 0.000524696 0.0
0.0170553 0.000539797 0.0
0.0168887 0.00055183 0.0
0.0167189 0.000560856 0.0
0.0165459 0.000566957 0.0
0.0163712 0.00057032 0.0
0.0161958 0.000570095 0.0
0.0160201 0.000566383 0.0
0.0158445 0.000560615 0.0
0.01567 0.000552094 0.0
0.0154976 0.000540441 0.0
0.0153276 0.00052716 0.0
0.01516 0.000512323 0.0
0.0149959 0.000495504 0.0
0.0148358 0.000477541 0.0
0.0146795 0.000458941 0.0
0.0145272 0.000439526 0.0
0.0143796 0.000419643 0.0
0.0142366 0.000399733 0.0
0.0140981 0.000379842 0.0
0.0139643 0.000360073 0.0
0.0138353 0.000340717 0.0
0.0137109 0.000321861 0.0
0.013591 0.000303538 0.0
0.0134756 0.000285869 0.0
0.0133646 0.000268956 0.0
0.0132579 0.000252789 0.0
0.0131552 0.000237394 0.0
0.0130565 0.000222815 0.0
0.0129616 0.000209061 0.0
0.0128704 0.000196103 0.0
0.0127826 0.000183932 0.0
0.0126981 0.000172542 0.0
0.0126168 0.000161913 0.0
0.0125386 0.000152002 0.0
0.0124631 0.00014278 0.0
0.0123904 0.000134223 0.0
0.0123202 0.0001263 0.0
0.0122525 0.000118961 0.0
0.012187 0.000112176 0.0
0.0121237 0.000105918 0.0
0.0120624 0.000100149 0.0
0.0120031 9.48256e-05 0.0
0.0119455 8.99223e-05 0.0
0.0118897 8.5412e-05 0.0
0.0118355 8.12589e-05 0.0
0.0117829 7.74304e-05 0.0
0.0117317 7.39058e-05 0.0
0.0116818 7.06598e-05 0.0
0.0116333 6.76637e-05 0.0
0.011586 6.4895e-05 0.0
0.0115399 6.23372e-05 0.0
0.0114949 5.99688e-05 0.0
0.011451 5.77694e-05 0.0
0.011408 5.57242e-05 0.0
0.0113661 5.38197e-05 0.0
0.0113251 5.20397e-05 0.0
0.011285 5.03712e-05 0.0
0.0112457 4.8804e-05 0.0
0.0112073 4.73279e-05 0.0
0.0111696 4.5932e-05 0.0
0.0111328 4.46081e-05 0.0
0.0110966 4.33496e-05 0.0
0.0110612 4.2149e-05 0.0
0.0110265 4.09997e-05 0.0
0.0109924 3.98969e-05 0.0
0.0109591 3.88361e-05 0.0
0.0109263 3.78126e-05 0.0
0.0108942 3.68226e-05 0.0
0.0108627 3.58633e-05 0.0
0.0108318 3.4932e-05 0.0
0.0108015 3.40258e-05 0.0
0.0107717 3.3143e-05 0.0
0.0107425 3.22819e-05 0.0
0.0107139 3.1441e-05 0.0
0.0106858 3.06188e-05 0.0
0.0106582 2.98146e-05 0.0
0.0106311 2.90275e-05 0.0
0.0106046 2.82567e-05 0.0
0.0105785 2.75017e-05 0.0
0.010553 2.67622e-05 0.0
0.0105279 2.60377e-05 0.0
0.0105033 2.53279e-05 0.0
0.0104792 2.46327e-05 0.0
0.0104555 2.39519e-05 0.0
0.0104323 2.32854e-05 0.0
0.0104096 2.2633e-05 0.0
0.0103872 2.19946e-05 0.0
0.0103653 2.13701e-05 0.0
0.0103439 2.07592e-05 0.0
0.0103228 2.01619e-05 0.0
0.0103022 1.95778e-05 0.0
0.010282 1.90066e-05 0.0
0.0102622 1.84479e-05 0.0
0.0102428 1.79013e-05 0.0
0.0102237 1.73662e-05 0.0
0.0102051 1.6842e-05 0.0
0.0101868 1.63278e-05 0.0
0.0101689 1.58227e-05 0.0
0.0101514 1.53257e-05 0.0
0.0101343 1.48354e-05 0.0
0.0101175 1.43504e-05 0.0
0.0101011 1.38692e-05 0.0
0.010085 1.33898e-05 0.0
0.0100693 1.291e-05 0.0
0.0100539 1.24276e-05 0.0
0.0100389 1.19399e-05 0.0
0.0100242 1.14435e-05 0.0
0.0100099 1.09355e-05 0.0
0.00999588 1.04122e-05 0.0
0.00998225 9.8689e-06 0.0
0.00996898 9.30129e-06 0.0
0.00995606 8.70473e-06 0.0
0.00994351 8.07361e-06 0.0
0.00993133 7.40086e-06 0.0
0.00991953 6.68146e-06 0.0
0.00990811 5.90826e-06 0.0
0.0098971 5.0736e-06 0.0
0.0098865 4.16813e-06 0.0
0.00987633 3.18829e-06 0.0
0.00986661 2.12256e-06 0.0
0.00985736 9.64966e-07 0.0
0.00984861 -2.94566e-07 0.0
0.00984038 -1.65208e-06 0.0
0.0098327 -3.12293e-06 0.0
0.00982561 -4.69605e-06 0.0
0.00981916 -6.37944e-06 0.0
0.00981337 -8.13726e-06 0.0
0.00980831 -9.9739e-06 0.0
0.00980404 -1.18279e-05 0.0
0.00980063 -1.36828e-05 0.0
0.00979811 -1.53432e-05 0.0
0.0097965 -1.66996e-05 0.0
0.00979556 -1.73253e-05 0.0
0.0 0.0 0.0
0.0 0.0 0.0
0.0191828 0.000445618 0.0
0.0193959 0.000770575 0.0
0.0197424 0.00124758 0.0
0.0201193 0.00188829 0.0
0.0204513 0.00194068 0.0
0.0207448 0.00210505 0.0
0.0210974 0.00235961 0.0
0.0213825 0.00238615 0.0
0.0215001 0.00229411 0.0
0.0216065 0.00224419 0.0
0.0216903 0.00215865 0.0
0.0216417 0.00204517 0.0
0.0215369 0.00190551 0.0
0.0214651 0.00177763 0.0
0.0213531 0.00164638 0.0
0.0211657 0.00152536 0.0
0.0209832 0.00139579 0.0
0.0208239 0.00127496 0.0
0.0206343 0.00116402 0.0
0.020421 0.00106157 0.0
0.0202271 0.000956794 0.0
0.0200417 0.00086131 0.0
0.0198421 0.000774887 0.0
0.0196439 0.00069226 0.0
0.0194618 0.000610993 0.0
0.0192822 0.000537521 0.0
0.0191008 0.000469212 0.0
0.0189286 0.000402712 0.0
0.0187667 0.00033902 0.0
0.0186075 0.000280321 0.0
0.0184531 0.000223926 0.0
0.0183083 0.000168791 0.0
0.0181706 0.00011603 0.0
0.0180375 6.56506e-05 0.0
0.0179118 1.60655e-05 0.0
0.0177943 -3.2874e-05 0.0
0.0176833 -8.08228e-05 0.0
0.0175788 -0.000128164 0.0
0.0174821 -0.000175771 0.0
0.0173933 -0.000223969 0.0
0.0173118 -0.000272541 0.0
0.0172379 -0.000321683 0.0
0.0171726 -0.000372656 0.0
0.0171162 -0.000425671 0.0
0.0170683 -0.000479806 0.0
0.0170292 -0.000536118 0.0
0.0170009 -0.000596445 0.0
0.0169834 -0.000659239 0.0
0.0169754 -0.000723956 0.0
0.0169794 -0.000793781 0.0
0.0169981 -0.000868338 0.0
0.0170287 -0.000944591 0.0
0.0170714 -0.00102571 0.0
0.0171323 -0.00111331 0.0
0.0172105 -0.00120258 0.0
0.0173022 -0.00129559 0.0
0.0174127 -0.00139534 0.0
0.017546 -0.00149539 0.0
0.0176978 -0.00159637 0.0
0.0178684 -0.00170403 0.0
0.0180625 -0.00180837 0.0
0.0182801 -0.00190736 0.0
0.0185192 -0.00201014 0.0
0.018779 -0.00210894 0.0
0.0190605 -0.00219156 0.0
0.0193646 -0.00226992 0.0
0.0196871 -0.00234519 0.0
0.020024 -0.00239978 0.0
0.0203768 -0.00243505 0.0
0.0207427 -0.0024662 0.0
0.0211166 -0.00248206 0.0
0.0214957 -0.00246895 0.0
0.021876 -0.00244398 0.0
0.0222569 -0.00241473 0.0
0.0226377 -0.0023575 0.0
0.0230065 -0.00228334 0.0
0.0233648 -0.00221104 0.0
0.0237188 -0.00211812 0.0
0.0240566 -0.00201085 0.0
0.0243735 -0.00190772 0.0
0.0246778 -0.00179114 0.0
0.024965 -0.00166547 0.0
0.0252303 -0.00154594 0.0
0.0254752 -0.00142069 0.0
0.0256994 -0.00129176 0.0
0.0259043 -0.00116775 0.0
0.026089 -0.00104629 0.0
0.0262508 -0.000927552 0.0
0.0263934 -0.000811534 0.0
0.0265192 -0.000701164 0.0
0.0266259 -0.000598739 0.0
0.0267132 -0.000499211 0.0
0.0267851 -0.000405141 0.0
0.0268432 -0.000318808 0.0
0.0268853 -0.000237366 0.0
0.0269116 -0.000160093 0.0
0.0269268 -8.90074e-05 0.0
0.0269305 -2.22142e-05 0.0
0.0269201 4.07378e-05 0.0
0.026898 9.94227e-05 0.0
0.0268671 0.00015467 0.0
0.026825 0.000206791 0.0
0.0267711 0.000255189 0.0
0.0267079 0.00030144 0.0
0.0266362 0.000344103 0.0
0.0265546 0.000382962 0.0
0.0264634 0.000419093 0.0
0.0263646 0.000452481 0.0
0.0262587 0.000480609 0.0
0.026146 0.000505068 0.0
0.0260266 0.000527098 0.0
0.0259021 0.000544345 0.0
0.0257742 0.000557524 0.0
0.0256422 0.000568575 0.0
0.025506 0.000575711 0.0
0.0253686 0.000580253 0.0
0.0252294 0.000583102 0.0
0.0250871 0.000582654 0.0
0.0249442 0.000580835 0.0
0.0248012 0.000577571 0.0
0.0246566 0.000571957 0.0
0.0245115 0.000564708 0.0
0.0243673 0.000556865 0.0
0.0242235 0.000546779 0.0
0.0240805 0.000535382 0.0
0.0239388 0.000524193 0.0
0.0237985 0.00051143 0.0
0.0236606 0.000497856 0.0
0.0235249 0.000485671 0.0
0.0233903 0.000472837 0.0
0.0232581 0.000459852 0.0
0.0231287 0.000448988 0.0
0.0230005 0.000438647 0.0
0.0228736 0.000428147 0.0
0.0227488 0.000419367 0.0
0.0226255 0.000412368 0.0
0.0225029 0.000404862 0.0
0.0223818 0.00039779 0.0
0.0222619 0.000392556 0.0
0.0221429 0.000387505 0.0
0.0220255 0.000381753 0.0
0.0219095 0.000377341 0.0
0.0217943 0.000373655 0.0
0.0216809 0.000369767 0.0
0.0215691 0.000367346 0.0
0.0214581 0.00036586 0.0
0.0213485 0.000365206 0.0
0.0212403 0.000366942 0.0
0.021132 0.000370422 0.0
0.0210241 0.000375297 0.0
0.0209166 0.000383251 0.0
0.020808 0.000393969 0.0
0.0206976 0.000406566 0.0
0.020586 0.00042213 0.0
0.0204721 0.000440815 0.0
0.0203543 0.000461215 0.0
0.0202327 0.000483948 0.0
0.0201073 0.000509326 0.0
0.019977 0.000535375 0.0
0.019841 0.000561816 0.0
0.0196991 0.000589724 0.0
0.0195519 0.000617345 0.0
0.019399 0.000642489 0.0
0.0192398 0.000666496 0.0
0.019075 0.000689702 0.0
0.0189057 0.000708889 0.0
0.0187322 0.000723707 0.0
0.0185544 0.000736726 0.0
0.0183732 0.000746063 0.0
0.0181904 0.000749758 0.0
0.0180065 0.000750303 0.0
0.017821 0.000747797 0.0
0.0176359 0.000740883 0.0
0.0174524 0.0007305 0.0
0.0172699 0.000717355 0.0
0.0170893 0.000701648 0.0
0.0169119 0.000683546 0.0
0.0167377 0.000663242 0.0
0.0165667 0.000641541 0.0
0.0163997 0.000618922 0.0
0.0162372 0.000595151 0.0
0.0160788 0.00057067 0.0
0.0159248 0.000546221 0.0
0.0157756 0.000521766 0.0
0.0156311 0.000497216 0.0
0.0154912 0.000473115 0.0
0.0153558 0.000449717 0.0
0.0152252 0.000426851 0.0
0.0150992 0.000404625 0.0
0.0149775 0.000383354 0.0
0.0148601 0.000363003 0.0
0.0147471 0.000343484 0.0
0.0146381 0.000324914 0.0
0.014533 0.000307376 0.0
0.0144317 0.000290778 0.0
0.0143341 0.000275093 0.0
0.01424 0.000260361 0.0
0.0141492 0.000246558 0.0
0.0140616 0.000233611 0.0
0.0139771 0.000221502 0.0
0.0138954 0.000210211 0.0
0.0138166 0.000199689 0.0
0.0137404 0.000189884 0.0
0.0136666 0.000180768 0.0
0.0135952 0.000172299 0.0
0.0135261 0.000164432 0.0
0.0134592 0.000157128 0.0
0.0133943 0.00015035 0.0
0.0133313 0.000144058 0.0
0.0132701 0.000138217 0.0
0.0132107 0.000132793 0.0
0.0131529 0.000127752 0.0
0.0130967 0.000123063 0.0
0.0130421 0.000118698 0.0
0.0129888 0.000114629 0.0
0.0129369 0.000110829 0.0
0.0128863 0.000107276 0.0
0.012837 0.000103947 0.0
0.0127888 0.000100822 0.0
0.0127418 9.78808e-05 0.0
0.0126959 9.51079e-05 0.0
0.012651 9.24869e-05 0.0
0.0126072 9.00024e-05 0.0
0.0125643 8.7642e-05 0.0
0.0125223 8.5394e-05 0.0
0.0124813 8.3247e-05 0.0
0.0124411 8.11912e-05 0.0
0.0124018 7.92184e-05 0.0
0.0123633 7.73204e-05 0.0
0.0123256 7.54901e-05 0.0
0.0122887 7.37212e-05 0.0
0.0122526 7.20086e-05 0.0
0.0122171 7.0347e-05 0.0
0.0121824 6.87322e-05 0.0
0.0121484 6.71605e-05 0.0
0.0121151 6.56287e-05 0.0
0.0120824 6.41337e-05 0.0
0.0120504 6.26732e-05 0.0
0.012019 6.1245e-05 0.0
0.0119882 5.98474e-05 0.0
0.0119581 5.84786e-05 0.0
0.0119285 5.71376e-05 0.0
0.0118996 5.58232e-05 0.0
0.0118712 5.45344e-05 0.0
0.0118433 5.32704e-05 0.0
0.0118161 5.20306e-05 0.0
0.0117893 5.08146e-05 0.0
0.0117631 4.96217e-05 0.0
0.0117375 4.84516e-05 0.0
0.0117123 4.7304e-05 0.0
0.0116876 4.61786e-05 0.0
0.0116635 4.50748e-05 0.0
0.0116398 4.39926e-05 0.0
0.0116166 4.29315e-05 0.0
0.0115939 4.18911e-05 0.0
0.0115717 4.0871e-05 0.0
0.0115499 3.98707e-05 0.0
0.0115285 3.88896e-05 0.0
0.0115076 3.79271e-05 0.0
0.0114871 3.69823e-05 0.0
0.0114671 3.60543e-05 0.0
0.0114474 3.51421e-05 0.0
0.0114282 3.42445e-05 0.0
0.0114094 3.336e-05 0.0
0.011391 3.24872e-05 0.0
0.011373 3.16239e-05 0.0
0.0113554 3.07684e-05 0.0
0.0113382 2.99182e-05 0.0
0.0113213 2.90706e-05 0.0
0.0113049 2.82226e-05 0.0
0.0112888 2.7371e-05 0.0
0.0112731 2.65119e-05 0.0
0.0112577 2.56411e-05 0.0
0.0112428 2.4754e-05 0.0
0.0112282 2.38456e-05 0.0
0.011214 2.29099e-05 0.0
0.0112002 2.19407e-05 0.0
0.0111867 2.09314e-05 0.0
0.0111737 1.98741e-05 0.0
0.011161 1.87608e-05 0.0
0.0111488 1.75827e-05 0.0
0.011137 1.63309e-05 0.0
0.0111256 1.49943e-05 0.0
0.0111147 1.35643e-05 0.0
0.0111042 1.20284e-05 0.0
0.0110942 1.0378e-05 0.0
0.0110847 8.6005e-06 0.0
0.0110758 6.69246e-06 0.0
0.0110675 4.63544e-06 0.0
0.0110597 2.43824e-06 0.0
0.0110527 9.10377e-08 0.0
0.0110463 -2.39163e-06 0.0
0.0110407 -5.02454e-06 0.0
0.011036 -7.72786e-06 0.0
0.0110322 -1.05005e-05 0.0
0.0110294 -1.31594e-05 0.0
0.0110276 -1.54384e-05 0.0
0.0110266 -1.64892e-05 0.0
0.0 0.0 0.0
0.0 0.0 0.0
0.0193804 0.00033556 0.0
0.019481 0.000641798 0.0
0.0195217 0.00106449 0.0
0.0198318 0.00141151 0.0
0.0201932 0.00163235 0.0
0.0204463 0.00192959 0.0
0.0207084 0.00198937 0.0
0.0210114 0.00208411 0.0
0.0212801 0.00216911 0.0
0.0214528 0.00214424 0.0
0.0215471 0.0020684 0.0
0.021642 0.00203209 0.0
0.0217167 0.00194801 0.0
0.0217065 0.00183936 0.0
0.0216466 0.00173911 0.0
0.0215991 0.00164587 0.0
0.0215357 0.00152843 0.0
0.021422 0.00142187 0.0
0.0212942 0.00132498 0.0
0.021178 0.00122527 0.0
0.0210491 0.00112196 0.0
0.0208992 0.00103271 0.0
0.0207521 0.000946892 0.0
0.0206117 0.000859666 0.0
0.0204641 0.000776913 0.0
0.0203126 0.000702946 0.0
0.0201681 0.000629542 0.0
0.0200274 0.000557363 0.0
0.0198853 0.000490305 0.0
0.0197466 0.000427275 0.0
0.0196148 0.000364352 0.0
0.0194862 0.000303509 0.0
0.0193605 0.000245866 0.0
0.0192406 0.000189508 0.0
0.0191268 0.000133196 0.0
0.0190171 7.82025e-05 0.0
0.0189127 2.42966e-05 0.0
0.0188149 -2.98169e-05 0.0
0.0187229 -8.46048e-05 0.0
0.0186367 -0.000139549 0.0
0.0185572 -0.00019498 0.0
0.0184847 -0.000252044 0.0
0.0184194 -0.000311283 0.0
0.0183612 -0.000371889 0.0
0.0183109 -0.000434463 0.0
0.0182697 -0.000500899 0.0
0.0182373 -0.000570778 0.0
0.0182133 -0.000642731 0.0
0.0182003 -0.000719273 0.0
0.0181996 -0.000801769 0.0
0.0182088 -0.00088747 0.0
0.0182295 -0.000977112 0.0
0.0182671 -0.0010742 0.0
0.0183191 -0.00117623 0.0
0.0183831 -0.00128182 0.0
0.0184664 -0.00139398 0.0
0.018571 -0.00151059 0.0
0.018691 -0.00163091 0.0
0.0188311 -0.00175654 0.0
0.0189971 -0.00188165 0.0
0.0191834 -0.00200622 0.0
0.0193921 -0.00213687 0.0
0.0196281 -0.00226002 0.0
0.0198851 -0.00237206 0.0
0.0201646 -0.00248574 0.0
0.0204725 -0.00259131 0.0
0.0207982 -0.00267153 0.0
0.0211369 -0.00274365 0.0
0.0215012 -0.00280744 0.0
0.021881 -0.00284059 0.0
0.0222591 -0.00285553 0.0
0.0226484 -0.00286083 0.0
0.023051 -0.00283559 0.0
0.0234419 -0.00279215 0.0
0.0238258 -0.00274193 0.0
0.0242133 -0.0026585 0.0
0.0245862 -0.00256444 0.0
0.0249421 -0.00247145 0.0
0.0252893 -0.00234815 0.0
0.0256177 -0.0022159 0.0
0.025927 -0.00209115 0.0
0.0262197 -0.00194981 0.0
0.0264897 -0.00180013 0.0
0.0267385 -0.001656 0.0
0.0269677 -0.00151014 0.0
0.0271733 -0.0013642 0.0
0.0273584 -0.00121927 0.0
0.0275235 -0.00107943 0.0
0.0276673 -0.000948257 0.0
0.027792 -0.000818354 0.0
0.0279001 -0.000694823 0.0
0.0279913 -0.000580864 0.0
0.0280653 -0.000472864 0.0
0.0281242 -0.000369543 0.0
0.0281712 -0.000273697 0.0
0.0282052 -0.000185099 0.0
0.0282248 -0.000101372 0.0
0.028233 -2.16638e-05 0.0
0.0282326 5.2031e-05 0.0
0.0282209 0.000121121 0.0
0.0281968 0.000187026 0.0
0.0281638 0.000249743 0.0
0.0281226 0.000308529 0.0
0.0280705 0.000363628 0.0
0.0280085 0.000415452 0.0
0.027938 0.000464894 0.0
0.0278588 0.00050918 0.0
0.0277712 0.00054942 0.0
0.0276755 0.000585695 0.0
0.027573 0.000617061 0.0
0.0274645 0.000644144 0.0
0.0273501 0.000666662 0.0
0.0272312 0.000683133 0.0
0.0271094 0.00069816 0.0
0.026983 0.000709159 0.0
0.0268538 0.000714104 0.0
0.0267235 0.000719605 0.0
0.0265905 0.000722368 0.0
0.0264549 0.000720214 0.0
0.0263185 0.000717614 0.0
0.0261809 0.000714657 0.0
0.0260423 0.000706928 0.0
0.0259036 0.000697655 0.0
0.0257645 0.000688585 0.0
0.0256259 0.000676492 0.0
0.0254892 0.000662556 0.0
0.0253535 0.000649157 0.0
0.0252185 0.000633913 0.0
0.0250864 0.00061896 0.0
0.0249563 0.000604869 0.0
0.0248272 0.000590099 0.0
0.0247 0.000576821 0.0
0.0245751 0.000565015 0.0
0.0244512 0.000553733 0.0
0.0243278 0.000543474 0.0
0.0242059 0.000534802 0.0
0.0240855 0.00052669 0.0
0.023965 0.000519096 0.0
0.0238451 0.000512287 0.0
0.0237268 0.00050609 0.0
0.0236094 0.000499525 0.0
0.0234928 0.000493474 0.0
0.0233775 0.000488589 0.0
0.0232637 0.000483337 0.0
0.0231517 0.000478894 0.0
0.0230412 0.000476537 0.0
0.0229313 0.000474879 0.0
0.022823 0.000475071 0.0
0.0227164 0.000478145 0.0
0.0226098 0.000483166 0.0
0.0225026 0.000491119 0.0
0.0223955 0.000502542 0.0
0.022288 0.000517107 0.0
0.0221781 0.000534697 0.0
0.0220651 0.000555538 0.0
0.0219498 0.000580101 0.0
0.0218307 0.000607584 0.0
0.0217065 0.000636435 0.0
0.0215771 0.000667686 0.0
0.0214421 0.00070158 0.0
0.0213008 0.000734843 0.0
0.0211536 0.000766916 0.0
0.0209996 0.00079966 0.0
0.0208386 0.000830774 0.0
0.0206724 0.000857557 0.0
0.0205011 0.00088154 0.0
0.0203236 0.000902584 0.0
0.0201418 0.000918645 0.0
0.0199577 0.000929869 0.0
0.0197705 0.000936219 0.0
0.019581 0.00093826 0.0
0.019391 0.000935977 0.0
0.0192011 0.00092822 0.0
0.0190118 0.000916748 0.0
0.0188237 0.00090243 0.0
0.0186376 0.000884008 0.0
0.0184544 0.000862548 0.0
0.018274 0.000839482 0.0
0.0180968 0.000814275 0.0
0.0179236 0.000787147 0.0
0.0177545 0.000759264 0.0
0.0175894 0.000730807 0.0
0.0174286 0.00070163 0.0
0.0172725 0.000672368 0.0
0.0171208 0.000643452 0.0
0.0169736 0.000614814 0.0
0.016831 0.000586599 0.0
0.016693 0.00055919 0.0
0.0165593 0.000532653 0.0
0.0164301 0.000506955 0.0
0.0163051 0.000482228 0.0
0.0161844 0.000458615 0.0
0.0160677 0.000436077 0.0
0.015955 0.000414593 0.0
0.0158461 0.000394214 0.0
0.0157409 0.000374962 0.0
0.0156393 0.000356774 0.0
0.0155411 0.000339617 0.0
0.0154461 0.000323488 0.0
0.0153544 0.000308359 0.0
0.0152656 0.000294163 0.0
0.0151798 0.000280857 0.0
0.0150967 0.000268415 0.0
0.0150162 0.000256792 0.0
0.0149383 0.000245924 0.0
0.0148628 0.00023577 0.0
0.0147896 0.000226297 0.0
0.0147186 0.000217456 0.0
0.0146497 0.000209193 0.0
0.0145828 0.000201476 0.0
0.0145178 0.000194268 0.0
0.0144546 0.000187527 0.0
0.0143931 0.000181213 0.0
0.0143333 0.000175298 0.0
0.0142751 0.000169751 0.0
0.0142185 0.000164538 0.0
0.0141633 0.00015963 0.0
0.0141095 0.000155006 0.0
0.014057 0.000150639 0.0
0.0140058 0.000146506 0.0
0.0139559 0.000142586 0.0
0.0139071 0.000138864 0.0
0.0138595 0.000135319 0.0
0.013813 0.000131935 0.0
0.0137676 0.000128699 0.0
0.0137232 0.000125598 0.0
0.0136798 0.000122619 0.0
0.0136374 0.000119751 0.0
0.0135959 0.000116986 0.0
0.0135553 0.000114314 0.0
0.0135156 0.000111727 0.0
0.0134768 0.000109219 0.0
0.0134388 0.000106784 0.0
0.0134016 0.000104414 0.0
0.0133652 0.000102107 0.0
0.0133295 9.98576e-05 0.0
0.0132946 9.76619e-05 0.0
0.0132605 9.55166e-05 0.0
0.013227 9.34188e-05 0.0
0.0131943 9.13663e-05 0.0
0.0131622 8.93567e-05 0.0
0.0131308 8.73881e-05 0.0
0.0131001 8.54589e-05 0.0
0.01307 8.35678e-05 0.0
0.0130405 8.17134e-05 0.0
0.0130117 7.98947e-05 0.0
0.0129834 7.81109e-05 0.0
0.0129558 7.63611e-05 0.0
0.0129287 7.46446e-05 0.0
0.0129022 7.29607e-05 0.0
0.0128762 7.13089e-05 0.0
0.0128508 6.96886e-05 0.0
0.0128259 6.8099e-05 0.0
0.0128015 6.65398e-05 0.0
0.0127777 6.50103e-05 0.0
0.0127543 6.35096e-05 0.0
0.0127315 6.20373e-05 0.0
0.0127091 6.05923e-05 0.0
0.0126872 5.91738e-05 0.0
0.0126658 5.77807e-05 0.0
0.0126449 5.64119e-05 0.0
0.0126243 5.50659e-05 0.0
0.0126043 5.37413e-05 0.0
0.0125847 5.24362e-05 0.0
0.0125655 5.11488e-05 0.0
0.0125467 4.98767e-05 0.0
0.0125284 4.86174e-05 0.0
0.0125104 4.73681e-05 0.0
0.0124929 4.61258e-05 0.0
0.0124758 4.48864e-05 0.0
0.0124591 4.36463e-05 0.0
0.0124427 4.24009e-05 0.0
0.0124268 4.11453e-05 0.0
0.0124112 3.98734e-05 0.0
0.0123961 3.85798e-05 0.0
0.0123813 3.72573e-05 0.0
0.012367 3.58982e-05 0.0
0.012353 3.44939e-05 0.0
0.0123394 3.30366e-05 0.0
0.0123263 3.15154e-05 0.0
0.0123135 2.99191e-05 0.0
0.0123012 2.82372e-05 0.0
0.0122894 2.64575e-05 0.0
0.0122779 2.45659e-05 0.0
0.012267 2.25483e-05 0.0
0.0122565 2.03939e-05 0.0
0.0122466 1.80848e-05 0.0
0.0122372 1.56104e-05 0.0
0.0122284 1.29539e-05 0.0
0.0122202 1.01123e-05 0.0
0.0122127 7.06597e-06 0.0
0.012206 3.82737e-06 0.0
0.0122 3.72742e-07 0.0
0.0121949 -3.24537e-06 0.0
0.0121908 -7.0204e-06 0.0
0.0121878 -1.07549e-05 0.0
0.0121859 -1.40778e-05 0.0
0.0121848 -1.5648e-05 0.0
0.0 0.0 0.0
0.0 0.0 0.0
0.0193037 0.000165758 0.0
0.0193618 0.000628425 0.0
0.0195318 0.000905284 0.0
0.0197333 0.00104477 0.0
0.0199417 0.0014057 0.0
0.0202329 0.00166099 0.0
0.0204852 0.00169642 0.0
0.0207084 0.00184197 0.0
0.0209664 0.00194021 0.0
0.0211863 0.00196245 0.0
0.0213454 0.00194421 0.0
0.0214986 0.00192955 0.0
0.0216157 0.00188389 0.0
0.0216729 0.00182733 0.0
0.0217159 0.00174815 0.0
0.0217506 0.00166824 0.0
0.0217382 0.00158646 0.0
0.0216949 0.00150343 0.0
0.0216557 0.00140826 0.0
0.0216038 0.00131991 0.0
0.0215217 0.00123644 0.0
0.0214318 0.00115137 0.0
0.0213469 0.00106328 0.0
0.0212508 0.000983685 0.0
0.0211419 0.000907301 0.0
0.0210352 0.000829911 0.0
0.0209308 0.000754411 0.0
0.0208202 0.000685052 0.0
0.0207076 0.00061674 0.0
0.0205995 0.000548679 0.0
0.0204927 0.000483517 0.0
0.0203847 0.000421399 0.0
0.0202796 0.000359311 0.0
0.0201789 0.000297957 0.0
0.0200801 0.000238319 0.0
0.019984 0.000179415 0.0
0.0198925 0.000119987 0.0
0.0198052 6.04927e-05 0.0
0.0197218 9.28105e-07 0.0
0.0196431 -5.93567e-05 0.0
0.0195697 -0.0001213 0.0
0.0195017 -0.000185017 0.0
0.0194394 -0.000250165 0.0
0.0193832 -0.00031751 0.0
0.0193337 -0.000388841 0.0
0.0192918 -0.000463348 0.0
0.019257 -0.000540167 0.0
0.0192302 -0.000622166 0.0
0.0192137 -0.000710614 0.0
0.0192066 -0.000801909 0.0
0.0192084 -0.000897896 0.0
0.0192236 -0.0010033 0.0
0.0192531 -0.00111407 0.0
0.0192929 -0.00122756 0.0
0.0193476 -0.00135116 0.0
0.0194233 -0.00148281 0.0
0.019515 -0.00161547 0.0
0.0196224 -0.00175624 0.0
0.0197539 -0.00190456 0.0
0.0199102 -0.00205085 0.0
0.0200872 -0.00220105 0.0
0.020288 -0.00235606 0.0
0.0205156 -0.0025006 0.0
0.0207717 -0.00264115 0.0
0.0210533 -0.00278111 0.0
0.0213552 -0.0029051 0.0
0.0216831 -0.00300712 0.0
0.022038 -0.00310181 0.0
0.0224062 -0.00318036 0.0
0.0227859 -0.00322586 0.0
0.0231838 -0.00324677 0.0
0.0235876 -0.00325813 0.0
0.0239923 -0.00324298 0.0
0.0243975 -0.00318579 0.0
0.0247953 -0.00312416 0.0
0.0251889 -0.00305066 0.0
0.0255741 -0.00293538 0.0
0.025936 -0.0028154 0.0
0.0262843 -0.00269194 0.0
0.0266209 -0.00254046 0.0
0.0269317 -0.00238558 0.0
0.0272179 -0.00222996 0.0
0.0274843 -0.00205932 0.0
0.0277278 -0.0018906 0.0
0.0279492 -0.00172339 0.0
0.0281442 -0.00155367 0.0
0.0283158 -0.0013902 0.0
0.0284702 -0.00122869 0.0
0.0286047 -0.00107596 0.0
0.0287169 -0.000930438 0.0
0.0288118 -0.000789731 0.0
0.0288937 -0.000658406 0.0
0.0289614 -0.000536116 0.0
0.0290127 -0.000419736 0.0
0.0290518 -0.000311595 0.0
0.0290825 -0.000210551 0.0
0.029102 -0.000114891 0.0
0.0291094 -2.60206e-05 0.0
0.0291092 5.70776e-05 0.0
0.0291008 0.000137502 0.0
0.0290823 0.000212646 0.0
0.0290551 0.000283518 0.0
0.0290203 0.000351921 0.0
0.028976 0.00041661 0.0
0.0289221 0.000477332 0.0
0.0288599 0.000535591 0.0
0.0287895 0.000588318 0.0
0.0287104 0.000636124 0.0
0.0286233 0.000680263 0.0
0.0285292 0.000719227 0.0
0.02843 0.000750027 0.0
0.0283265 0.00077755 0.0
0.0282168 0.000800603 0.0
0.0281041 0.000816458 0.0
0.0279907 0.000830385 0.0
0.0278733 0.000840376 0.0
0.0277524 0.000846064 0.0
0.0276316 0.000850103 0.0
0.0275086 0.000852399 0.0
0.0273822 0.000850573 0.0
0.0272553 0.000847059 0.0
0.0271277 0.000841775 0.0
0.0269982 0.000833454 0.0
0.0268686 0.000822731 0.0
0.0267394 0.000810847 0.0
0.0266105 0.000795577 0.0
0.0264837 0.000780294 0.0
0.0263576 0.000764672 0.0
0.0262324 0.000746732 0.0
0.0261104 0.000730308 0.0
0.0259903 0.000715497 0.0
0.0258701 0.000700008 0.0
0.0257515 0.000685727 0.0
0.0256348 0.00067477 0.0
0.0255183 0.00066399 0.0
0.0254016 0.000653203 0.0
0.0252855 0.000644894 0.0
0.0251697 0.000638173 0.0
0.0250544 0.000629694 0.0
0.0249396 0.000621801 0.0
0.024825 0.000615851 0.0
0.0247114 0.000608649 0.0
0.0246001 0.000600981 0.0
0.0244897 0.000595273 0.0
0.0243801 0.000589351 0.0
0.0242734 0.000584616 0.0
0.0241684 0.00058242 0.0
0.024064 0.000581085 0.0
0.0239614 0.000582488 0.0
0.0238599 0.000588014 0.0
0.0237581 0.000596188 0.0
0.0236566 0.000607204 0.0
0.0235545 0.00062336 0.0
0.0234501 0.000643585 0.0
0.0233436 0.000666979 0.0
0.0232346 0.000694833 0.0
0.0231213 0.000726448 0.0
0.0230028 0.00076072 0.0
0.0228788 0.000798165 0.0
0.0227493 0.000837591 0.0
0.0226131 0.000876939 0.0
0.0224692 0.000916631 0.0
0.022318 0.00095647 0.0
0.0221607 0.00099342 0.0
0.0219965 0.00102595 0.0
0.0218253 0.00105614 0.0
0.0216485 0.0010829 0.0
0.0214676 0.00110195 0.0
0.021283 0.00111565 0.0
0.0210946 0.0011261 0.0
0.0209041 0.00112929 0.0
0.0207137 0.00112612 0.0
0.0205226 0.00111911 0.0
0.0203311 0.00110716 0.0
0.0201417 0.00109034 0.0
0.0199547 0.00106976 0.0
0.0197693 0.00104598 0.0
0.0195867 0.0010196 0.0
0.019408 0.000990768 0.0
0.0192327 0.000959946 0.0
0.0190608 0.000928049 0.0
0.0188932 0.0008954 0.0
0.0187299 0.000861926 0.0
0.0185706 0.00082824 0.0
0.0184155 0.000794891 0.0
0.018265 0.000761839 0.0
0.0181188 0.00072917 0.0
0.0179768 0.000697343 0.0
0.017839 0.000666482 0.0
0.0177056 0.000636522 0.0
0.0175763 0.000607606 0.0
0.017451 0.000579916 0.0
0.0173296 0.000553403 0.0
0.0172122 0.000528059 0.0
0.0170985 0.000503953 0.0
0.0169884 0.000481089 0.0
0.0168818 0.000459403 0.0
0.0167787 0.000438893 0.0
0.0166788 0.000419543 0.0
0.0165821 0.0004013 0.0
0.0164884 0.000384114 0.0
0.0163977 0.000367961 0.0
0.0163098 0.000352783 0.0
0.0162246 0.000338525 0.0
0.016142 0.000325144 0.0
0.0160619 0.000312596 0.0
0.0159842 0.000300821 0.0
0.0159087 0.000289772 0.0
0.0158355 0.000279409 0.0
0.0157644 0.000269682 0.0
0.0156953 0.000260543 0.0
0.0156282 0.000251955 0.0
0.0155629 0.00024388 0.0
0.0154994 0.000236274 0.0
0.0154376 0.000229102 0.0
0.0153774 0.000222334 0.0
0.0153188 0.000215936 0.0
0.0152618 0.000209877 0.0
0.0152062 0.000204132 0.0
0.015152 0.000198675 0.0
0.0150992 0.000193481 0.0
0.0150477 0.000188528 0.0
0.0149974 0.000183798 0.0
0.0149483 0.000179271 0.0
0.0149005 0.00017493 0.0
0.0148537 0.00017076 0.0
0.0148081 0.000166748 0.0
0.0147635 0.000162879 0.0
0.01472 0.000159143 0.0
0.0146774 0.000155529 0.0
0.0146359 0.000152028 0.0
0.0145953 0.000148632 0.0
0.0145555 0.000145332 0.0
0.0145167 0.000142122 0.0
0.0144788 0.000138996 0.0
0.0144417 0.000135948 0.0
0.0144054 0.000132974 0.0
0.0143699 0.00013007 0.0
0.0143352 0.000127232 0.0
0.0143012 0.000124455 0.0
0.014268 0.000121739 0.0
0.0142355 0.00011908 0.0
0.0142038 0.000116475 0.0
0.0141727 0.000113923 0.0
0.0141423 0.000111422 0.0
0.0141126 0.000108971 0.0
0.0140835 0.000106568 0.0
0.014055 0.000104211 0.0
0.0140272 0.000101901 0.0
0.014 9.96351e-05 0.0
0.0139734 9.74133e-05 0.0
0.0139473 9.52343e-05 0.0
0.0139218 9.30973e-05 0.0
0.0138969 9.10014e-05 0.0
0.0138726 8.89457e-05 0.0
0.0138487 8.69293e-05 0.0
0.0138254 8.49509e-05 0.0
0.0138026 8.30096e-05 0.0
0.0137803 8.11042e-05 0.0
0.0137585 7.92332e-05 0.0
0.0137372 7.73952e-05 0.0
0.0137164 7.55884e-05 0.0
0.013696 7.38111e-05 0.0
0.0136761 7.2061e-05 0.0
0.0136566 7.03359e-05 0.0
0.0136376 6.86329e-05 0.0
0.013619 6.69493e-05 0.0
0.0136008 6.52815e-05 0.0
0.0135831 6.3626e-05 0.0
0.0135657 6.19784e-05 0.0
0.0135488 6.03342e-05 0.0
0.0135323 5.86878e-05 0.0
0.0135162 5.70341e-05 0.0
0.0135005 5.53659e-05 0.0
0.0134852 5.36764e-05 0.0
0.0134703 5.19574e-05 0.0
0.0134558 5.02007e-05 0.0
0.0134417 4.83958e-05 0.0
0.013428 4.65327e-05 0.0
0.0134147 4.45993e-05 0.0
0.0134018 4.25836e-05 0.0
0.0133893 4.04708e-05 0.0
0.0133773 3.82469e-05 0.0
0.0133657 3.58952e-05 0.0
0.0133546 3.33997e-05 0.0
0.0133439 3.07428e-05 0.0
0.0133338 2.79037e-05 0.0
0.0133242 2.48661e-05 0.0
0.0133152 2.16115e-05 0.0
0.0133068 1.81234e-05 0.0
0.0132991 1.43729e-05 0.0
0.0132921 1.03671e-05 0.0
0.0132859 6.07837e-06 0.0
0.0132806 1.52081e-06 0.0
0.0132763 -3.30034e-06 0.0
0.0132731 -8.17458e-06 0.0
0.013271 -1.2643e-05 0.0
0.01327 -1.48034e-05 0.0
0.0 0.0 0.0
0.0 0.0 0.0
0.0192675 0.000180594 0.0
0.0193596 0.000462589 0.0
0.0195149 0.000702851 0.0
0.0196174 0.000979522 0.0
0.0197578 0.00118758 0.0
0.0200089 0.00130771 0.0
0.0202506 0.00151464 0.0
0.0204597 0.00165488 0.0
0.0206591 0.00166808 0.0
0.0208797 0.00174552 0.0
0.0210955 0.00180049 0.0
0.0212532 0.00178671 0.0
0.0213763 0.00175473 0.0
0.0215138 0.00174191 0.0
0.0216259 0.00169525 0.0
0.0216787 0.00163379 0.0
0.0217176 0.00157285 0.0
0.0217645 0.00150998 0.0
0.0217799 0.00143375 0.0
0.0217594 0.00136127 0.0
0.0217393 0.00128804 0.0
0.0217185 0.00121188 0.0
0.0216738 0.00113503 0.0
0.0216145 0.00106315 0.0
0.0215589 0.000989736 0.0
0.0214985 0.000916462 0.0
0.021425 0.000846075 0.0
0.0213487 0.000778338 0.0
0.0212751 0.000709802 0.0
0.0211972 0.000642938 0.0
0.0211147 0.000578447 0.0
0.0210341 0.000514801 0.0
0.020955 0.000450962 0.0
0.0208742 0.000388467 0.0
0.020794 0.000326779 0.0
0.0207169 0.0002648 0.0
0.0206414 0.000202331 0.0
0.0205672 0.00013983 0.0
0.0204961 7.66085e-05 0.0
0.0204287 1.19479e-05 0.0
0.0203643 -5.45356e-05 0.0
0.0203034 -0.000122644 0.0
0.020247 -0.000192952 0.0
0.0201956 -0.000266658 0.0
0.0201493 -0.000344017 0.0
0.020108 -0.000424253 0.0
0.0200734 -0.000509066 0.0
0.0200466 -0.000600075 0.0
0.0200264 -0.000695699 0.0
0.0200133 -0.000795918 0.0
0.0200121 -0.000904771 0.0
0.0200218 -0.00102104 0.0
0.0200387 -0.00114199 0.0
0.0200697 -0.00127179 0.0
0.02012 -0.0014118 0.0
0.0201815 -0.00155695 0.0
0.0202562 -0.00171029 0.0
0.0203578 -0.00187265 0.0
0.020481 -0.00203782 0.0
0.0206189 -0.00221183 0.0
0.0207858 -0.0023906 0.0
0.020984 -0.00256138 0.0
0.0212034 -0.0027363 0.0
0.0214526 -0.0029165 0.0
0.0217346 -0.00307081 0.0
0.0220388 -0.00321296 0.0
0.0223721 -0.00335852 0.0
0.0227362 -0.00347355 0.0
0.0231125 -0.00354806 0.0
0.0235038 -0.00362147 0.0
0.0239233 -0.00366762 0.0
0.0243436 -0.0036613 0.0
0.0247524 -0.00364554 0.0
0.0251756 -0.00360885 0.0
0.0255962 -0.00352098 0.0
0.0259864 -0.00343272 0.0
0.0263689 -0.00332198 0.0
0.0267426 -0.0031695 0.0
0.0270872 -0.003025 0.0
0.0274097 -0.00286845 0.0
0.0277111 -0.00267861 0.0
0.0279857 -0.00249412 0.0
0.0282382 -0.0023106 0.0
0.0284613 -0.00211373 0.0
0.0286566 -0.001919 0.0
0.0288318 -0.00172489 0.0
0.0289821 -0.00154152 0.0
0.0291069 -0.00136229 0.0
0.0292139 -0.00118492 0.0
0.0293049 -0.00102158 0.0
0.0293779 -0.000869213 0.0
0.0294342 -0.000721949 0.0
0.0294801 -0.000584703 0.0
0.0295172 -0.000458233 0.0
0.0295415 -0.000340091 0.0
0.029555 -0.000228105 0.0
0.0295639 -0.000124133 0.0
0.029567 -2.76527e-05 0.0
0.0295595 6.45475e-05 0.0
0.0295448 0.00015241 0.0
0.0295276 0.000234591 0.0
0.0295027 0.000313978 0.0
0.029468 0.000389833 0.0
0.0294276 0.000463538 0.0
0.0293812 0.000533317 0.0
0.0293258 0.00059796 0.0
0.029262 0.000659666 0.0
0.0291904 0.000717427 0.0
0.0291124 0.000766669 0.0
0.0290284 0.000811033 0.0
0.0289372 0.000848866 0.0
0.0288427 0.000879128 0.0
0.0287453 0.000906677 0.0
0.0286435 0.000924918 0.0
0.0285408 0.000939162 0.0
0.0284371 0.000953749 0.0
0.0283296 0.000961167 0.0
0.0282204 0.00096511 0.0
0.0281101 0.000970874 0.0
0.0279976 0.000971554 0.0
0.0278826 0.000967936 0.0
0.0277657 0.00096441 0.0
0.0276476 0.000958439 0.0
0.0275301 0.000945992 0.0
0.0274129 0.000933642 0.0
0.0272945 0.000919476 0.0
0.027178 0.000901016 0.0
0.027065 0.000883828 0.0
0.0269524 0.000865578 0.0
0.0268407 0.000846301 0.0
0.0267317 0.000829637 0.0
0.0266245 0.00081405 0.0
0.0265175 0.000799039 0.0
0.0264107 0.000786284 0.0
0.0263051 0.00077531 0.0
0.0261993 0.000766154 0.0
0.0260922 0.000757247 0.0
0.0259855 0.000749187 0.0
0.0258789 0.000741773 0.0
0.0257713 0.000734205 0.0
0.0256642 0.000726286 0.0
0.0255582 0.000718387 0.0
0.025453 0.000709366 0.0
0.0253496 0.00070183 0.0
0.0252476 0.000694862 0.0
0.0251473 0.00068743 0.0
0.0250499 0.00068317 0.0
0.0249541 0.0006812 0.0
0.024859 0.00068128 0.0
0.0247655 0.000685243 0.0
0.0246739 0.00069325 0.0
0.0245819 0.000705247 0.0
0.0244881 0.000722106 0.0
0.0243941 0.000743681 0.0
0.024299 0.000770483 0.0
0.0241993 0.000801582 0.0
0.0240951 0.000836894 0.0
0.0239872 0.000877747 0.0
0.0238733 0.000921258 0.0
0.0237521 0.000965483 0.0
0.0236235 0.00101312 0.0
0.0234871 0.0010623 0.0
0.0233432 0.00110741 0.0
0.0231919 0.00115038 0.0
0.0230319 0.00119296 0.0
0.0228647 0.00122934 0.0
0.0226931 0.00125859 0.0
0.0225158 0.0012838 0.0
0.0223327 0.00130247 0.0
0.0221475 0.00131398 0.0
0.0219608 0.00131856 0.0
0.021772 0.00131658 0.0
0.0215828 0.0013098 0.0
0.0213946 0.00129667 0.0
0.0212078 0.00127761 0.0
0.0210226 0.00125543 0.0
0.0208395 0.00122952 0.0
0.0206596 0.00119936 0.0
0.0204828 0.00116703 0.0
0.0203092 0.0011333 0.0
0.0201393 0.00109745 0.0
0.0199733 0.00106033 0.0
0.0198111 0.00102306 0.0
0.0196528 0.000985533 0.0
0.0194986 0.000947689 0.0
0.0193485 0.000910306 0.0
0.0192024 0.000873706 0.0
0.0190604 0.000837737 0.0
0.0189224 0.000802568 0.0
0.0187882 0.000768588 0.0
0.018658 0.000735805 0.0
0.0185316 0.000704157 0.0
0.018409 0.000673764 0.0
0.01829 0.000644753 0.0
0.0181746 0.000617057 0.0
0.0180627 0.000590641 0.0
0.0179542 0.000565539 0.0
0.0178489 0.000541757 0.0
0.0177468 0.000519218 0.0
0.0176479 0.000497882 0.0
0.0175519 0.000477729 0.0
0.0174587 0.00045872 0.0
0.0173685 0.000440781 0.0
0.0172808 0.000423866 0.0
0.0171958 0.000407934 0.0
0.0171133 0.000392932 0.0
0.0170332 0.000378796 0.0
0.0169554 0.000365479 0.0
0.0168798 0.000352936 0.0
0.0168064 0.000341116 0.0
0.0167351 0.000329965 0.0
0.0166657 0.000319443 0.0
0.0165983 0.000309508 0.0
0.0165328 0.000300115 0.0
0.016469 0.000291224 0.0
0.0164069 0.000282802 0.0
0.0163465 0.000274813 0.0
0.0162877 0.000267222 0.0
0.0162305 0.00026 0.0
0.0161747 0.000253119 0.0
0.0161203 0.000246552 0.0
0.0160674 0.000240275 0.0
0.0160157 0.000234265 0.0
0.0159654 0.000228502 0.0
0.0159163 0.000222966 0.0
0.0158685 0.000217639 0.0
0.0158218 0.000212506 0.0
0.0157762 0.000207553 0.0
0.0157317 0.000202765 0.0
0.0156883 0.000198131 0.0
0.015646 0.00019364 0.0
0.0156046 0.000189282 0.0
0.0155642 0.000185047 0.0
0.0155248 0.000180928 0.0
0.0154863 0.000176917 0.0
0.0154486 0.000173009 0.0
0.0154119 0.000169197 0.0
0.015376 0.000165476 0.0
0.0153409 0.000161841 0.0
0.0153067 0.000158288 0.0
0.0152732 0.000154814 0.0
0.0152405 0.000151415 0.0
0.0152085 0.000148089 0.0
0.0151773 0.000144832 0.0
0.0151468 0.000141642 0.0
0.015117 0.000138518 0.0
0.0150878 0.000135457 0.0
0.0150594 0.000132458 0.0
0.0150315 0.000129518 0.0
0.0150043 0.000126638 0.0
0.0149778 0.000123814 0.0
0.0149518 0.000121047 0.0
0.0149264 0.000118334 0.0
0.0149016 0.000115675 0.0
0.0148774 0.000113068 0.0
0.0148537 0.000110511 0.0
0.0148306 0.000108005 0.0
0.014808 0.000105546 0.0
0.0147859 0.000103133 0.0
0.0147643 0.000100765 0.0
0.0147432 9.84406e-05 0.0
0.0147226 9.61566e-05 0.0
0.0147025 9.39113e-05 0.0
0.0146828 9.17022e-05 0.0
0.0146636 8.95264e-05 0.0
0.0146449 8.73808e-05 0.0
0.0146266 8.52622e-05 0.0
0.0146087 8.31664e-05 0.0
0.0145912 8.10895e-05 0.0
0.0145742 7.90265e-05 0.0
0.0145576 7.69723e-05 0.0
0.0145414 7.49206e-05 0.0
0.0145256 7.28653e-05 0.0
0.0145101 7.07986e-05 0.0
0.0144951 6.8713e-05 0.0
0.0144805 6.65985e-05 0.0
0.0144663 6.44464e-05 0.0
0.0144524 6.22446e-05 0.0
0.0144389 5.99816e-05 0.0
0.0144259 5.76431e-05 0.0
0.0144132 5.52165e-05 0.0
0.014401 5.26832e-05 0.0
0.0143891 5.00276e-05 0.0
0.0143777 4.72299e-05 0.0
0.0143668 4.4271e-05 0.0
0.0143563 4.11269e-05 0.0
0.0143462 3.77771e-05 0.0
0.0143367 3.41958e-05 0.0
0.0143278 3.0357e-05 0.0
0.0143194 2.62382e-05 0.0
0.0143117 2.18088e-05 0.0
0.0143047 1.70477e-05 0.0
0.0142984 1.19245e-05 0.0
0.014293 6.44023e-06 0.0
0.0142886 5.80142e-07 0.0
0.0142853 -5.47834e-06 0.0
0.0142832 -1.11685e-05 0.0
0.0142822 -1.39576e-05 0.0
0.0 0.0 0.0
0.0 0.0 0.0
0.0192835 0.000187912 0.0
0.0193426 0.000335198 0.0
0.0194125 0.000573035 0.0
0.0195559 0.000863571 0.0
0.0197314 0.000977085 0.0
0.0198677 0.00112131 0.0
0.020039 0.00132105 0.0
0.0202654 0.0014129 0.0
0.020456 0.00147779 0.0
0.0206343 0.00156505 0.0
0.0208238 0.00160163 0.0
0.0209986 0.00162132 0.0
0.0211551 0.0016261 0.0
0.0212992 0.00161667 0.0
0.0214166 0.0015903 0.0
0.0215169 0.00156116 0.0
0.0216108 0.00151437 0.0
0.0216819 0.00146399 0.0
0.0217257 0.00141205 0.0
0.021763 0.00135492 0.0
0.0217939 0.00128858 0.0
0.0218031 0.00122663 0.0
0.0217967 0.00116458 0.0
0.0217886 0.00109785 0.0
0.0217731 0.00102968 0.0
0.0217431 0.000966538 0.0
0.0217071 0.000902153 0.0
0.0216702 0.000835625 0.0
0.0216269 0.000770971 0.0
0.0215765 0.000709036 0.0
0.0215249 0.000645503 0.0
0.0214725 0.000581749 0.0
0.0214163 0.000519735 0.0
0.0213581 0.000458131 0.0
0.0213007 0.000395118 0.0
0.0212428 0.000332079 0.0
0.0211841 0.000269133 0.0
0.0211265 0.000205086 0.0
0.0210703 0.000139284 0.0
0.021015 7.20886e-05 0.0
0.0209616 3.25398e-06 0.0
0.0209108 -6.79082e-05 0.0
0.0208624 -0.000142591 0.0
0.020817 -0.000220616 0.0
0.0207755 -0.000301497 0.0
0.0207379 -0.000387072 0.0
0.020705 -0.000479286 0.0
0.0206777 -0.000575696 0.0
0.0206558 -0.000676719 0.0
0.0206411 -0.000787398 0.0
0.0206351 -0.000906524 0.0
0.0206362 -0.00102902 0.0
0.0206468 -0.0011618 0.0
0.020672 -0.00130881 0.0
0.0207089 -0.00146038 0.0
0.0207565 -0.00161832 0.0
0.0208244 -0.00179385 0.0
0.0209143 -0.00197672 0.0
0.0210196 -0.00216159 0.0
0.0211481 -0.0023606 0.0
0.0213067 -0.00256408 0.0
0.0214928 -0.00276597 0.0
0.0217079 -0.00297301 0.0
0.0219524 -0.00317487 0.0
0.0222291 -0.00336177 0.0
0.0225452 -0.00354368 0.0
0.0228883 -0.00370765 0.0
0.0232493 -0.00384259 0.0
0.0236462 -0.00394962 0.0
0.0240677 -0.00403479 0.0
0.0244874 -0.00408711 0.0
0.0249187 -0.00409478 0.0
0.0253611 -0.00406501 0.0
0.0257898 -0.00403064 0.0
0.0262104 -0.00394272 0.0
0.0266158 -0.00381268 0.0
0.0269978 -0.00369223 0.0
0.0273651 -0.00353884 0.0
0.0277047 -0.00334729 0.0
0.0280072 -0.00316273 0.0
0.0282873 -0.00296258 0.0
0.0285389 -0.00274376 0.0
0.0287574 -0.00252965 0.0
0.0289449 -0.00230447 0.0
0.0291005 -0.0020847 0.0
0.0292329 -0.00187088 0.0
0.0293444 -0.00165658 0.0
0.0294285 -0.00145701 0.0
0.0294916 -0.00126657 0.0
0.0295416 -0.00108379 0.0
0.0295804 -0.000915791 0.0
0.0296047 -0.000757911 0.0
0.029616 -0.000611116 0.0
0.0296225 -0.000475026 0.0
0.0296256 -0.000348017 0.0
0.0296203 -0.000230114 0.0
0.0296088 -0.000121881 0.0
0.0295959 -1.82761e-05 0.0
0.0295804 8.01769e-05 0.0
0.0295605 0.000170336 0.0
0.029537 0.000258071 0.0
0.0295088 0.000345106 0.0
0.0294768 0.00042588 0.0
0.0294399 0.000505443 0.0
0.0293957 0.000582398 0.0
0.0293436 0.000655609 0.0
0.029284 0.000724666 0.0
0.0292178 0.000789345 0.0
0.0291446 0.000845317 0.0
0.0290657 0.000894021 0.0
0.0289815 0.000938843 0.0
0.0288934 0.000972236 0.0
0.0288062 0.00099817 0.0
0.0287181 0.00102237 0.0
0.0286253 0.00103837 0.0
0.0285336 0.00105027 0.0
0.0284437 0.00106227 0.0
0.0283502 0.00106992 0.0
0.0282541 0.0010738 0.0
0.0281579 0.00107724 0.0
0.0280589 0.0010792 0.0
0.0279574 0.00107474 0.0
0.0278556 0.00106816 0.0
0.0277515 0.00105887 0.0
0.0276477 0.00104465 0.0
0.027546 0.00102942 0.0
0.0274441 0.00101029 0.0
0.027344 0.000989062 0.0
0.027248 0.000970232 0.0
0.0271524 0.000950417 0.0
0.0270578 0.000929975 0.0
0.0269661 0.000913354 0.0
0.0268755 0.000899384 0.0
0.0267835 0.000885449 0.0
0.0266911 0.000874038 0.0
0.0265987 0.000866671 0.0
0.0265053 0.000858386 0.0
0.02641 0.000849946 0.0
0.0263131 0.000843897 0.0
0.0262158 0.000837576 0.0
0.0261195 0.000827417 0.0
0.0260236 0.000818838 0.0
0.0259269 0.000810607 0.0
0.0258329 0.000799407 0.0
0.0257427 0.000790386 0.0
0.025653 0.000782304 0.0
0.0255648 0.000774619 0.0
0.0254806 0.000770761 0.0
0.0253984 0.000770343 0.0
0.0253172 0.000771892 0.0
0.0252373 0.000778866 0.0
0.0251578 0.000792175 0.0
0.0250787 0.000809371 0.0
0.024999 0.00083159 0.0
0.0249164 0.000861362 0.0
0.0248306 0.000896536 0.0
0.0247419 0.000936677 0.0
0.024648 0.000982226 0.0
0.0245473 0.00103173 0.0
0.024439 0.00108514 0.0
0.0243228 0.00114086 0.0
0.024199 0.00119629 0.0
0.0240658 0.00125045 0.0
0.0239222 0.00130323 0.0
0.023771 0.00135263 0.0
0.0236131 0.00139522 0.0
0.0234474 0.00143037 0.0
0.0232752 0.00146168 0.0
0.0230986 0.00148466 0.0
0.0229198 0.00149661 0.0
0.0227384 0.00150378 0.0
0.0225545 0.00150418 0.0
0.0223713 0.00149543 0.0
0.0221898 0.00148104 0.0
0.0220084 0.00146172 0.0
0.0218286 0.00143697 0.0
0.0216523 0.00140782 0.0
0.0214788 0.00137525 0.0
0.0213074 0.00133985 0.0
0.0211397 0.00130228 0.0
0.020976 0.00126288 0.0
0.0208155 0.00122226 0.0
0.0206583 0.00118105 0.0
0.0205052 0.00113955 0.0
0.020356 0.00109794 0.0
0.0202103 0.0010567 0.0
0.0200682 0.00101612 0.0
0.01993 0.000976278 0.0
0.0197955 0.000937364 0.0
0.0196646 0.00089962 0.0
0.0195371 0.000863069 0.0
0.0194133 0.000827781 0.0
0.019293 0.000793867 0.0
0.019176 0.000761357 0.0
0.0190623 0.000730211 0.0
0.0189519 0.000700483 0.0
0.0188446 0.000672176 0.0
0.0187404 0.000645231 0.0
0.0186392 0.000619613 0.0
0.018541 0.000595329 0.0
0.0184456 0.000572317 0.0
0.0183529 0.000550507 0.0
0.0182629 0.000529868 0.0
0.0181756 0.000510364 0.0
0.0180907 0.000491918 0.0
0.0180082 0.000474471 0.0
0.0179282 0.000457989 0.0
0.0178503 0.000442416 0.0
0.0177747 0.000427682 0.0
0.0177013 0.000413745 0.0
0.0176298 0.000400564 0.0
0.0175604 0.000388081 0.0
0.0174929 0.000376247 0.0
0.0174273 0.000365026 0.0
0.0173634 0.000354376 0.0
0.0173013 0.000344253 0.0
0.0172409 0.000334618 0.0
0.0171821 0.000325443 0.0
0.0171248 0.000316692 0.0
0.0170691 0.000308331 0.0
0.0170148 0.000300334 0.0
0.016962 0.000292676 0.0
0.0169105 0.000285331 0.0
0.0168603 0.000278274 0.0
0.0168115 0.000271486 0.0
0.0167639 0.000264949 0.0
0.0167175 0.000258642 0.0
0.0166722 0.000252551 0.0
0.0166281 0.00024666 0.0
0.0165851 0.000240956 0.0
0.0165432 0.000235425 0.0
0.0165023 0.000230058 0.0
0.0164624 0.000224844 0.0
0.0164235 0.000219772 0.0
0.0163855 0.000214836 0.0
0.0163485 0.000210027 0.0
0.0163123 0.000205338 0.0
0.0162771 0.000200764 0.0
0.0162426 0.000196298 0.0
0.016209 0.000191936 0.0
0.0161763 0.000187673 0.0
0.0161443 0.000183505 0.0
0.016113 0.000179429 0.0
0.0160826 0.000175441 0.0
0.0160528 0.000171538 0.0
0.0160238 0.000167717 0.0
0.0159954 0.000163977 0.0
0.0159677 0.000160315 0.0
0.0159407 0.000156728 0.0
0.0159144 0.000153215 0.0
0.0158886 0.000149774 0.0
0.0158635 0.000146403 0.0
0.0158389 0.000143101 0.0
0.015815 0.000139866 0.0
0.0157916 0.000136695 0.0
0.0157688 0.000133589 0.0
0.0157465 0.000130544 0.0
0.0157247 0.000127559 0.0
0.0157035 0.000124633 0.0
0.0156828 0.000121762 0.0
0.0156626 0.000118945 0.0
0.0156428 0.00011618 0.0
0.0156235 0.000113463 0.0
0.0156047 0.000110793 0.0
0.0155864 0.000108165 0.0
0.0155685 0.000105576 0.0
0.015551 0.000103023 0.0
0.0155339 0.000100501 0.0
0.0155173 9.80059e-05 0.0
0.0155011 9.55312e-05 0.0
0.0154852 9.30719e-05 0.0
0.0154698 9.0621e-05 0.0
0.0154548 8.81717e-05 0.0
0.0154401 8.57151e-05 0.0
0.0154258 8.32434e-05 0.0
0.0154119 8.07453e-05 0.0
0.0153984 7.82108e-05 0.0
0.0153853 7.56265e-05 0.0
0.0153725 7.29805e-05 0.0
0.0153601 7.02558e-05 0.0
0.015348 6.7438e-05 0.0
0.0153364 6.45064e-05 0.0
0.0153251 6.14443e-05 0.0
0.0153142 5.82268e-05 0.0
0.0153037 5.48329e-05 0.0
0.0152937 5.12329e-05 0.0
0.0152841 4.74049e-05 0.0
0.015275 4.33139e-05 0.0
0.0152664 3.89291e-05 0.0
0.0152583 3.42155e-05 0.0
0.0152508 2.91435e-05 0.0
0.015244 2.36678e-05 0.0
0.0152379 1.77491e-05 0.0
0.0152326 1.13687e-05 0.0
0.0152282 4.50132e-06 0.0
0.0152249 -2.72798e-06 0.0
0.0152228 -9.66735e-06 0.0
0.0152218 -1.31157e-05 0.0
0.0 0.0 0.0
0.0 0.0 0.0
0.0193375 0.000117499 0.0
0.0193644 0.000330169 0.0
0.0193865 0.000524036 0.0
0.0194989 0.000661825 0.0
0.0196342 0.000836656 0.0
0.0197582 0.00103665 0.0
0.0199063 0.00110516 0.0
0.0200789 0.00119603 0.0
0.0202565 0.00133522 0.0
0.0204269 0.00138969 0.0
0.0205841 0.00140419 0.0
0.0207563 0.00145964 0.0
0.0209244 0.00148655 0.0
0.0210583 0.00147623 0.0
0.0211839 0.00146382 0.0
0.0213193 0.00145631 0.0
0.0214291 0.00142663 0.0
0.0215088 0.00138946 0.0
0.0215905 0.00134999 0.0
0.0216693 0.00130706 0.0
0.0217197 0.00125663 0.0
0.0217546 0.00120558 0.0
0.0217925 0.00115106 0.0
0.0218201 0.00109521 0.0
0.0218279 0.00103824 0.0
0.0218303 0.000980908 0.0
0.0218326 0.000921458 0.0
0.0218243 0.000862646 0.0
0.0218056 0.000803909 0.0
0.0217859 0.000744516 0.0
0.0217637 0.000684344 0.0
0.0217341 0.000624905 0.0
0.0217007 0.000565047 0.0
0.0216672 0.000504318 0.0
0.021631 0.000443004 0.0
0.0215913 0.000381379 0.0
0.0215511 0.000318424 0.0
0.0215109 0.000254008 0.0
0.0214695 0.000188042 0.0
0.0214276 0.000120241 0.0
0.0213866 4.9939e-05 0.0
0.0213464 -2.32575e-05 0.0
0.021307 -9.98334e-05 0.0
0.0212692 -0.000179835 0.0
0.0212334 -0.00026428 0.0
0.0212005 -0.000354223 0.0
0.0211704 -0.000449418 0.0
0.0211432 -0.000549931 0.0
0.0211213 -0.000658742 0.0
0.0211055 -0.000775756 0.0
0.0210931 -0.000899056 0.0
0.0210878 -0.00103194 0.0
0.0210953 -0.00117805 0.0
0.0211101 -0.00133184 0.0
0.0211304 -0.00149484 0.0
0.0211713 -0.00167439 0.0
0.0212323 -0.00186458 0.0
0.0212995 -0.00206187 0.0
0.0213879 -0.0022766 0.0
0.0215142 -0.00249874 0.0
0.0216599 -0.00272296 0.0
0.0218262 -0.00296639 0.0
0.0220368 -0.00320345 0.0
0.0222847 -0.00342553 0.0
0.0225601 -0.0036611 0.0
0.0228764 -0.00388545 0.0
0.0232304 -0.00405786 0.0
0.0236109 -0.00422307 0.0
0.0240279 -0.00438234 0.0
0.0244691 -0.00446679 0.0
0.0249109 -0.00450718 0.0
0.0253688 -0.00455211 0.0
0.0258428 -0.0045245 0.0
0.0262806 -0.00443727 0.0
0.0266952 -0.00436184 0.0
0.0271142 -0.00422169 0.0
0.0274905 -0.00404417 0.0
0.0278175 -0.00388061 0.0
0.0281249 -0.00366404 0.0
0.0283994 -0.00342811 0.0
0.0286367 -0.00320863 0.0
0.0288368 -0.00296027 0.0
0.0289967 -0.00270067 0.0
0.0291319 -0.00245146 0.0
0.029241 -0.00220104 0.0
0.0293095 -0.00196296 0.0
0.0293541 -0.00172568 0.0
0.0293857 -0.00150029 0.0
0.0293999 -0.00129854 0.0
0.0293941 -0.00110322 0.0
0.0293778 -0.000921092 0.0
0.0293604 -0.000755141 0.0
0.0293374 -0.000602984 0.0
0.0293051 -0.000461269 0.0
0.0292724 -0.000331112 0.0
0.0292438 -0.000211247 0.0
0.0292132 -9.9601e-05 0.0
0.0291794 5.4598e-06 0.0
0.0291494 0.000102902 0.0
0.0291215 0.000196012 0.0
0.0290893 0.000287937 0.0
0.029057 0.000375193 0.0
0.0290269 0.000460521 0.0
0.0289901 0.000546073 0.0
0.0289475 0.000627449 0.0
0.0289015 0.000711035 0.0
0.028849 0.000786183 0.0
0.0287895 0.000854803 0.0
0.0287216 0.000920514 0.0
0.0286475 0.000975559 0.0
0.0285731 0.00101877 0.0
0.0284955 0.00105752 0.0
0.0284145 0.00108188 0.0
0.028338 0.00110552 0.0
0.0282617 0.0011248 0.0
0.028185 0.00113305 0.0
0.0281099 0.00114523 0.0
0.0280346 0.00115622 0.0
0.0279567 0.00116166 0.0
0.0278758 0.00116622 0.0
0.0277927 0.00117122 0.0
0.0277078 0.00116884 0.0
0.0276215 0.00116224 0.0
0.0275324 0.00115576 0.0
0.0274432 0.0011406 0.0
0.0273585 0.00112097 0.0
0.0272754 0.0011035 0.0
0.0271915 0.00107969 0.0
0.0271118 0.00105625 0.0
0.0270365 0.00103594 0.0
0.0269626 0.00101454 0.0
0.0268884 0.000995808 0.0
0.0268154 0.000980716 0.0
0.0267439 0.000968994 0.0
0.0266709 0.000959177 0.0
0.0265953 0.000950629 0.0
0.0265185 0.000944835 0.0
0.0264392 0.000940874 0.0
0.0263577 0.000934089 0.0
0.0262755 0.000926964 0.0
0.0261913 0.000919478 0.0
0.026107 0.000909383 0.0
0.0260249 0.000899353 0.0
0.0259435 0.00088654 0.0
0.0258643 0.000874052 0.0
0.0257886 0.000864571 0.0
0.0257152 0.000854737 0.0
0.0256444 0.000846982 0.0
0.0255769 0.000844254 0.0
0.0255119 0.000845258 0.0
0.0254475 0.000851327 0.0
0.0253848 0.00086259 0.0
0.025324 0.000880121 0.0
0.0252612 0.000905149 0.0
0.0251957 0.00093638 0.0
0.0251297 0.000974248 0.0
0.0250599 0.00102009 0.0
0.0249823 0.00107073 0.0
0.0248985 0.0011272 0.0
0.0248079 0.00119041 0.0
0.0247077 0.00125364 0.0
0.0245972 0.00131672 0.0
0.0244763 0.00138343 0.0
0.0243452 0.00144673 0.0
0.0242058 0.00150047 0.0
0.0240578 0.00155172 0.0
0.0238996 0.00159798 0.0
0.0237365 0.00163135 0.0
0.0235706 0.00165686 0.0
0.023399 0.00167448 0.0
0.0232244 0.001683 0.0
0.0230509 0.00168292 0.0
0.0228772 0.00167368 0.0
0.0227034 0.00165862 0.0
0.0225316 0.00163807 0.0
0.0223624 0.00161031 0.0
0.0221956 0.00157806 0.0
0.0220314 0.00154338 0.0
0.0218705 0.00150489 0.0
0.021713 0.00146321 0.0
0.0215587 0.00142052 0.0
0.0214077 0.00137692 0.0
0.0212604 0.00133185 0.0
0.0211165 0.00128645 0.0
0.0209758 0.00124155 0.0
0.0208387 0.00119688 0.0
0.0207051 0.0011525 0.0
0.0205747 0.00110913 0.0
0.0204475 0.00106691 0.0
0.0203237 0.0010257 0.0
0.0202033 0.000985683 0.0
0.0200857 0.000947133 0.0
0.0199713 0.00091 0.0
0.0198602 0.000874252 0.0
0.0197519 0.000839976 0.0
0.0196465 0.000807222 0.0
0.019544 0.000775916 0.0
0.0194444 0.000746042 0.0
0.0193474 0.000717596 0.0
0.0192531 0.000690546 0.0
0.0191615 0.000664826 0.0
0.0190724 0.000640399 0.0
0.0189857 0.00061722 0.0
0.0189015 0.000595235 0.0
0.0188197 0.000574383 0.0
0.0187401 0.000554614 0.0
0.0186627 0.000535872 0.0
0.0185875 0.000518103 0.0
0.0185144 0.00050125 0.0
0.0184434 0.000485262 0.0
0.0183743 0.000470087 0.0
0.0183071 0.000455676 0.0
0.0182418 0.00044198 0.0
0.0181782 0.000428955 0.0
0.0181165 0.000416555 0.0
0.0180564 0.000404742 0.0
0.0179979 0.000393473 0.0
0.017941 0.000382713 0.0
0.0178857 0.000372428 0.0
0.0178319 0.000362585 0.0
0.0177795 0.000353152 0.0
0.0177285 0.000344102 0.0
0.0176789 0.000335409 0.0
0.0176306 0.000327048 0.0
0.0175835 0.000318996 0.0
0.0175377 0.000311232 0.0
0.0174931 0.000303737 0.0
0.0174497 0.000296493 0.0
0.0174073 0.000289483 0.0
0.0173661 0.000282694 0.0
0.017326 0.00027611 0.0
0.0172868 0.00026972 0.0
0.0172487 0.000263512 0.0
0.0172116 0.000257475 0.0
0.0171754 0.0002516 0.0
0.0171401 0.000245879 0.0
0.0171057 0.000240303 0.0
0.0170722 0.000234865 0.0
0.0170395 0.00022956 0.0
0.0170077 0.00022438 0.0
0.0169766 0.000219321 0.0
0.0169464 0.000214379 0.0
0.0169169 0.000209547 0.0
0.0168881 0.000204824 0.0
0.0168601 0.000200204 0.0
0.0168327 0.000195685 0.0
0.0168061 0.000191264 0.0
0.0167801 0.000186938 0.0
0.0167547 0.000182703 0.0
0.01673 0.000178559 0.0
0.0167059 0.000174502 0.0
0.0166824 0.000170531 0.0
0.0166595 0.000166642 0.0
0.0166371 0.000162835 0.0
0.0166153 0.000159107 0.0
0.0165941 0.000155456 0.0
0.0165734 0.000151879 0.0
0.0165532 0.000148375 0.0
0.0165335 0.000144942 0.0
0.0165143 0.000141577 0.0
0.0164956 0.000138277 0.0
0.0164773 0.000135039 0.0
0.0164595 0.000131862 0.0
0.0164422 0.000128741 0.0
0.0164252 0.000125673 0.0
0.0164087 0.000122654 0.0
0.0163927 0.000119679 0.0
0.016377 0.000116745 0.0
0.0163617 0.000113846 0.0
0.0163468 0.000110975 0.0
0.0163323 0.000108128 0.0
0.0163182 0.000105295 0.0
0.0163044 0.000102471 0.0
0.016291 9.96442e-05 0.0
0.0162779 9.68075e-05 0.0
0.0162652 9.39484e-05 0.0
0.0162528 9.10562e-05 0.0
0.0162408 8.81155e-05 0.0
0.0162291 8.5114e-05 0.0
0.0162178 8.20326e-05 0.0
0.0162067 7.88558e-05 0.0
0.0161961 7.55604e-05 0.0
0.0161857 7.21281e-05 0.0
0.0161758 6.85291e-05 0.0
0.0161662 6.47427e-05 0.0
0.0161569 6.07328e-05 0.0
0.0161481 5.64727e-05 0.0
0.0161396 5.19203e-05 0.0
0.0161316 4.70464e-05 0.0
0.0161241 4.17964e-05 0.0
0.0161172 3.61354e-05 0.0
0.0161107 3.0007e-05 0.0
0.016105 2.33659e-05 0.0
0.0161 1.61503e-05 0.0
0.0160958 8.33545e-06 0.0
0.0160926 -1.34117e-09 0.0
0.0160905 -8.16514e-06 0.0
0.0160895 -1.22817e-05 0.0
0.0 0.0 0.0
0.0 0.0 0.0
0.0192886 8.46186e-05 0.0
0.0193146 0.000293842 0.0
0.0194033 0.00044419 0.0
0.0194768 0.000559813 0.0
0.019548 0.000737325 0.0
0.0196893 0.000873615 0.0
0.0198313 0.000952361 0.0
0.0199479 0.00107477 0.0
0.0200948 0.00115661 0.0
0.0202618 0.00120728 0.0
0.0204113 0.00126783 0.0
0.0205558 0.0013099 0.0
0.0207012 0.00132186 0.0
0.0208455 0.00133974 0.0
0.0209829 0.00134509 0.0
0.0211048 0.00133381 0.0
0.0212148 0.00131691 0.0
0.0213248 0.00129933 0.0
0.0214252 0.00126797 0.0
0.0215051 0.00123354 0.0
0.0215764 0.00119786 0.0
0.021647 0.00115693 0.0
0.0217045 0.00110994 0.0
0.0217461 0.00106497 0.0
0.0217836 0.00101754 0.0
0.0218178 0.000965978 0.0
0.0218399 0.00091375 0.0
0.0218526 0.000863102 0.0
0.0218632 0.000809458 0.0
0.021869 0.000754094 0.0
0.0218662 0.000699533 0.0
0.0218589 0.000644759 0.0
0.0218498 0.000587472 0.0
0.0218361 0.000529624 0.0
0.0218175 0.000471659 0.0
0.0217972 0.000412087 0.0
0.0217752 0.000350351 0.0
0.0217499 0.000287412 0.0
0.0217227 0.00022267 0.0
0.0216953 0.000155354 0.0
0.0216663 8.49839e-05 0.0
0.021636 1.14975e-05 0.0
0.0216063 -6.52864e-05 0.0
0.0215768 -0.00014621 0.0
0.0215469 -0.000232919 0.0
0.0215183 -0.000324625 0.0
0.0214918 -0.000421124 0.0
0.0214666 -0.000525778 0.0
0.021444 -0.000639778 0.0
0.0214249 -0.000759052 0.0
0.02141 -0.00088734 0.0
0.0214011 -0.00103087 0.0
0.021398 -0.00118384 0.0
0.0214011 -0.00134257 0.0
0.0214166 -0.00152136 0.0
0.0214461 -0.00171804 0.0
0.0214837 -0.00191819 0.0
0.0215387 -0.00213433 0.0
0.0216224 -0.00237619 0.0
0.0217261 -0.00262246 0.0
0.0218517 -0.0028772 0.0
0.0220167 -0.00314916 0.0
0.0222169 -0.00341953 0.0
0.0224555 -0.00369598 0.0
0.0227395 -0.00396237 0.0
0.0230579 -0.00420929 0.0
0.0234226 -0.0044415 0.0
0.0238404 -0.00464783 0.0
0.0242756 -0.00480576 0.0
0.0247257 -0.0049218 0.0
0.0252201 -0.00499467 0.0
0.0257048 -0.00500717 0.0
0.0261615 -0.0049909 0.0
0.0266211 -0.00488097 0.0
0.0270492 -0.00475686 0.0
0.0274301 -0.0046147 0.0
0.0277769 -0.00439135 0.0
0.0280758 -0.00415739 0.0
0.0283302 -0.00393144 0.0
0.0285472 -0.00366535 0.0
0.0287147 -0.00338187 0.0
0.0288411 -0.00310392 0.0
0.0289316 -0.00281165 0.0
0.028981 -0.00253588 0.0
0.0290054 -0.00225156 0.0
0.0290001 -0.0019747 0.0
0.0289673 -0.00173045 0.0
0.0289195 -0.00148883 0.0
0.0288637 -0.00126623 0.0
0.0288004 -0.00106321 0.0
0.0287272 -0.000877892 0.0
0.028651 -0.000708217 0.0
0.0285827 -0.000553641 0.0
0.0285181 -0.000411882 0.0
0.0284517 -0.000284505 0.0
0.0283905 -0.000167241 0.0
0.0283391 -5.67032e-05 0.0
0.0282922 4.41281e-05 0.0
0.028248 0.000137775 0.0
0.0282086 0.000231836 0.0
0.0281754 0.000321104 0.0
0.0281466 0.000404598 0.0
0.0281161 0.000494287 0.0
0.0280825 0.000583525 0.0
0.0280487 0.000668527 0.0
0.0280089 0.000756902 0.0
0.0279599 0.000839215 0.0
0.0279011 0.000918754 0.0
0.0278356 0.000987794 0.0
0.0277658 0.00104928 0.0
0.0276936 0.00109094 0.0
0.0276243 0.00113046 0.0
0.0275532 0.0011593 0.0
0.0274857 0.00117382 0.0
0.0274278 0.00118977 0.0
0.0273727 0.0012025 0.0
0.0273144 0.00121187 0.0
0.0272591 0.00121937 0.0
0.0272056 0.00123277 0.0
0.0271479 0.00123989 0.0
0.0270871 0.00124298 0.0
0.0270218 0.00124679 0.0
0.0269521 0.00124474 0.0
0.0268846 0.00123297 0.0
0.026817 0.00122001 0.0
0.0267462 0.00119817 0.0
0.0266815 0.00117584 0.0
0.0266217 0.00115212 0.0
0.0265628 0.00112429 0.0
0.0265077 0.00109861 0.0
0.0264575 0.00107765 0.0
0.0264076 0.00105894 0.0
0.0263579 0.00104094 0.0
0.0263087 0.00103029 0.0
0.0262579 0.00102311 0.0
0.0262033 0.00101703 0.0
0.0261443 0.00101383 0.0
0.0260823 0.0010129 0.0
0.0260173 0.00100847 0.0
0.0259495 0.00100222 0.0
0.0258787 0.000997656 0.0
0.025808 0.000986504 0.0
0.0257412 0.000972052 0.0
0.0256753 0.00096067 0.0
0.0256094 0.000945307 0.0
0.0255495 0.000929958 0.0
0.0254946 0.000918747 0.0
0.0254411 0.000908398 0.0
0.0253904 0.000901347 0.0
0.0253439 0.000900755 0.0
0.0253004 0.000905444 0.0
0.0252585 0.000914147 0.0
0.0252163 0.000932247 0.0
0.0251739 0.000958866 0.0
0.0251327 0.000991009 0.0
0.0250886 0.00103206 0.0
0.0250381 0.0010827 0.0
0.0249832 0.00114069 0.0
0.0249227 0.00120556 0.0
0.0248526 0.001275 0.0
0.0247718 0.00134898 0.0
0.0246789 0.00142667 0.0
0.0245749 0.00150184 0.0
0.0244611 0.00157303 0.0
0.0243338 0.00164014 0.0
0.0241952 0.00170029 0.0
0.0240503 0.00175265 0.0
0.0238988 0.001791 0.0
0.0237411 0.00182072 0.0
0.0235792 0.00184372 0.0
0.0234164 0.0018516 0.0
0.0232545 0.00185003 0.0
0.0230917 0.00184281 0.0
0.0229294 0.00182602 0.0
0.022771 0.00180139 0.0
0.0226154 0.00177208 0.0
0.0224613 0.00173785 0.0
0.0223106 0.001699 0.0
0.0221642 0.00165708 0.0
0.0220207 0.00161292 0.0
0.0218798 0.00156674 0.0
0.0217427 0.00151925 0.0
0.0216092 0.0014711 0.0
0.0214786 0.00142271 0.0
0.021351 0.00137427 0.0
0.0212267 0.00132621 0.0
0.0211055 0.00127886 0.0
0.0209872 0.00123243 0.0
0.0208717 0.00118696 0.0
0.0207591 0.00114269 0.0
0.0206494 0.0010998 0.0
0.0205424 0.00105833 0.0
0.020438 0.00101823 0.0
0.0203363 0.000979669 0.0
0.0202373 0.000942679 0.0
0.0201408 0.000907193 0.0
0.0200467 0.000873186 0.0
0.0199551 0.000840723 0.0
0.019866 0.000809754 0.0
0.0197792 0.000780192 0.0
0.0196947 0.000752019 0.0
0.0196124 0.00072523 0.0
0.0195324 0.000699737 0.0
0.0194545 0.000675473 0.0
0.0193787 0.000652411 0.0
0.019305 0.000630504 0.0
0.0192333 0.000609668 0.0
0.0191635 0.000589853 0.0
0.0190957 0.000571022 0.0
0.0190297 0.000553113 0.0
0.0189655 0.000536063 0.0
0.0189031 0.00051983 0.0
0.0188424 0.000504372 0.0
0.0187834 0.000489633 0.0
0.018726 0.000475566 0.0
0.0186702 0.000462136 0.0
0.0186159 0.000449302 0.0
0.0185631 0.000437021 0.0
0.0185117 0.000425258 0.0
0.0184618 0.000413984 0.0
0.0184132 0.000403163 0.0
0.018366 0.000392766 0.0
0.01832 0.000382765 0.0
0.0182753 0.000373136 0.0
0.0182318 0.000363854 0.0
0.0181894 0.000354896 0.0
0.0181482 0.000346242 0.0
0.0181082 0.000337874 0.0
0.0180692 0.000329773 0.0
0.0180312 0.000321924 0.0
0.0179943 0.000314311 0.0
0.0179584 0.000306922 0.0
0.0179234 0.000299743 0.0
0.0178893 0.000292763 0.0
0.0178562 0.000285971 0.0
0.0178239 0.000279359 0.0
0.0177925 0.000272917 0.0
0.0177619 0.000266637 0.0
0.0177322 0.000260513 0.0
0.0177032 0.000254536 0.0
0.017675 0.000248703 0.0
0.0176475 0.000243006 0.0
0.0176208 0.00023744 0.0
0.0175947 0.000232002 0.0
0.0175694 0.000226687 0.0
0.0175447 0.000221491 0.0
0.0175206 0.00021641 0.0
0.0174972 0.000211441 0.0
0.0174744 0.000206582 0.0
0.0174522 0.000201828 0.0
0.0174306 0.000197177 0.0
0.0174096 0.000192627 0.0
0.0173891 0.000188175 0.0
0.0173691 0.000183819 0.0
0.0173497 0.000179555 0.0
0.0173308 0.000175382 0.0
0.0173124 0.000171298 0.0
0.0172944 0.000167298 0.0
0.017277 0.000163382 0.0
0.01726 0.000159546 0.0
0.0172434 0.000155787 0.0
0.0172273 0.000152103 0.0
0.0172116 0.000148489 0.0
0.0171963 0.000144943 0.0
0.0171814 0.00014146 0.0
0.0171669 0.000138036 0.0
0.0171528 0.000134667 0.0
0.0171391 0.000131348 0.0
0.0171257 0.000128072 0.0
0.0171127 0.000124834 0.0
0.0171 0.000121627 0.0
0.0170876 0.000118442 0.0
0.0170756 0.000115273 0.0
0.0170639 0.000112109 0.0
0.0170525 0.000108941 0.0
0.0170415 0.000105755 0.0
0.0170307 0.00010254 0.0
0.0170202 9.92808e-05 0.0
0.0170101 9.5963e-05 0.0
0.0170002 9.2566e-05 0.0
0.0169906 8.90739e-05 0.0
0.0169813 8.54605e-05 0.0
0.0169723 8.17065e-05 0.0
0.0169636 7.77782e-05 0.0
0.0169552 7.36538e-05 0.0
0.016947 6.92917e-05 0.0
0.0169393 6.46634e-05 0.0
0.0169318 5.97164e-05 0.0
0.0169248 5.44216e-05 0.0
0.0169181 4.87115e-05 0.0
0.0169119 4.25455e-05 0.0
0.0169061 3.5847e-05 0.0
0.016901 2.85721e-05 0.0
0.0168964 2.06209e-05 0.0
0.0168925 1.19619e-05 0.0
0.0168896 2.61291e-06 0.0
0.0168876 -6.70407e-06 0.0
0.0168866 -1.14607e-05 0.0
0.0 0.0 0.0
0.0 0.0 0.0
0.0192944 0.000102266 0.0
0.0193341 0.000218888 0.0
0.0193856 0.000359095 0.0
0.0194363 0.000530806 0.0
0.0195154 0.000636718 0.0
0.0196226 0.000714687 0.0
0.0197302 0.000856042 0.0
0.0198521 0.000958058 0.0
0.0199787 0.000988622 0.0
0.0201092 0.00106628 0.0
0.0202507 0.0011389 0.0
0.0203869 0.00115975 0.0
0.0205152 0.00117754 0.0
0.0206533 0.00121056 0.0
0.020785 0.00121798 0.0
0.0209002 0.00121087 0.0
0.0210169 0.00120461 0.0
0.0211344 0.0011954 0.0
0.0212331 0.00117351 0.0
0.0213216 0.00114834 0.0
0.0214133 0.00111972 0.0
0.0214955 0.00108817 0.0
0.0215605 0.00105221 0.0
0.0216219 0.00101382 0.0
0.0216825 0.000972361 0.0
0.0217305 0.000930383 0.0
0.0217678 0.000886188 0.0
0.0218038 0.000839764 0.0
0.0218352 0.000791968 0.0
0.0218564 0.000744131 0.0
0.0218721 0.000694291 0.0
0.0218862 0.000642774 0.0
0.0218946 0.000590519 0.0
0.0218964 0.000537433 0.0
0.0218957 0.000482139 0.0
0.0218925 0.00042524 0.0
0.0218845 0.000366968 0.0
0.0218733 0.000306607 0.0
0.0218604 0.000243436 0.0
0.0218447 0.000177789 0.0
0.0218264 0.000109198 0.0
0.0218068 3.69959e-05 0.0
0.0217856 -3.94076e-05 0.0
0.0217629 -0.000120336 0.0
0.0217397 -0.000206337 0.0
0.0217158 -0.000297922 0.0
0.0216913 -0.000396764 0.0
0.0216681 -0.000503123 0.0
0.0216454 -0.000616667 0.0
0.0216231 -0.000739644 0.0
0.0216051 -0.000875351 0.0
0.0215907 -0.0010204 0.0
0.0215768 -0.00117576 0.0
0.0215714 -0.00134929 0.0
0.0215791 -0.00153954 0.0
0.0215885 -0.00173746 0.0
0.0216066 -0.00195681 0.0
0.021656 -0.00220199 0.0
0.0217222 -0.00245402 0.0
0.0217931 -0.00272338 0.0
0.0219059 -0.00302371 0.0
0.0220694 -0.00332084 0.0
0.0222527 -0.00362832 0.0
0.0224766 -0.00396421 0.0
0.0227658 -0.00426288 0.0
0.0231044 -0.0045515 0.0
0.0234841 -0.00484807 0.0
0.0239135 -0.00509416 0.0
0.0243847 -0.00525301 0.0
0.0248801 -0.00540921 0.0
0.0254059 -0.00552145 0.0
0.0259173 -0.00547865 0.0
0.0263902 -0.00543377 0.0
0.0268602 -0.00535483 0.0
0.0272792 -0.00514216 0.0
0.0275927 -0.0049257 0.0
0.0278616 -0.00470163 0.0
0.0280935 -0.00439555 0.0
0.0282466 -0.00410673 0.0
0.0283454 -0.00381788 0.0
0.0284043 -0.00347579 0.0
0.0284291 -0.00316132 0.0
0.0284335 -0.00284271 0.0
0.0283827 -0.00251338 0.0
0.0282905 -0.00221318 0.0
0.0281941 -0.00191057 0.0
0.0280859 -0.00164482 0.0
0.027953 -0.00139751 0.0
0.0278082 -0.00116586 0.0
0.0276734 -0.000960618 0.0
0.0275508 -0.000777685 0.0
0.0274269 -0.00061103 0.0
0.0273061 -0.000463294 0.0
0.0272026 -0.0003297 0.0
0.0271139 -0.000208338 0.0
0.0270304 -9.85426e-05 0.0
0.0269555 1.5953e-06 0.0
0.0268951 9.46317e-05 0.0
0.0268446 0.00018436 0.0
0.0268009 0.000269363 0.0
0.0267679 0.000349824 0.0
0.0267385 0.000435398 0.0
0.0267097 0.000523233 0.0
0.0266889 0.000609361 0.0
0.0266673 0.000704194 0.0
0.0266333 0.000796699 0.0
0.0265934 0.000888169 0.0
0.0265452 0.0009829 0.0
0.026489 0.00105235 0.0
0.0264282 0.00111569 0.0
0.0263565 0.00116697 0.0
0.0262912 0.00119389 0.0
0.0262393 0.00122084 0.0
0.0261902 0.00123059 0.0
0.0261474 0.00123463 0.0
0.0261148 0.00124718 0.0
0.0260868 0.00125534 0.0
0.0260606 0.00126035 0.0
0.0260307 0.00127519 0.0
0.0259965 0.0012865 0.0
0.0259567 0.00129709 0.0
0.0259105 0.00130292 0.0
0.0258597 0.00130516 0.0
0.0258081 0.00129064 0.0
0.0257595 0.00127831 0.0
0.0257095 0.00125855 0.0
0.0256646 0.00122581 0.0
0.0256287 0.00119842 0.0
0.0255968 0.00116989 0.0
0.0255668 0.00113903 0.0
0.0255403 0.00111435 0.0
0.0255188 0.00109423 0.0
0.0254996 0.001078 0.0
0.0254754 0.00106821 0.0
0.0254486 0.00106187 0.0
0.0254203 0.00106402 0.0
0.0253861 0.00106491 0.0
0.0253457 0.00106492 0.0
0.0252988 0.00106766 0.0
0.0252467 0.00106674 0.0
0.0251949 0.0010581 0.0
0.0251418 0.00104879 0.0
0.0250861 0.00103299 0.0
0.0250356 0.00101742 0.0
0.0249904 0.00100001 0.0
0.0249475 0.000979207 0.0
0.0249086 0.000963266 0.0
0.0248759 0.000950444 0.0
0.0248477 0.000940244 0.0
0.0248224 0.00093483 0.0
0.0248008 0.000936291 0.0
0.0247819 0.000945508 0.0
0.0247639 0.000963178 0.0
0.0247482 0.000986764 0.0
0.0247326 0.00102155 0.0
0.0247116 0.00106804 0.0
0.0246879 0.0011212 0.0
0.0246616 0.00118558 0.0
0.0246253 0.00125958 0.0
0.0245761 0.00133841 0.0
0.024517 0.00142524 0.0
0.0244461 0.00151645 0.0
0.0243602 0.0016016 0.0
0.0242602 0.00168469 0.0
0.0241465 0.00176881 0.0
0.024022 0.00183685 0.0
0.0238912 0.00189135 0.0
0.0237506 0.00194215 0.0
0.0236022 0.00197703 0.0
0.0234549 0.00199763 0.0
0.0233068 0.00200775 0.0
0.0231557 0.00200718 0.0
0.0230072 0.00199795 0.0
0.0228626 0.00197829 0.0
0.0227199 0.00195071 0.0
0.0225797 0.00191904 0.0
0.022444 0.00188175 0.0
0.022312 0.00183878 0.0
0.0221828 0.00179344 0.0
0.022057 0.00174654 0.0
0.0219353 0.00169689 0.0
0.0218168 0.00164577 0.0
0.0217006 0.00159471 0.0
0.0215877 0.00154345 0.0
0.0214782 0.00149183 0.0
0.0213712 0.00144085 0.0
0.0212664 0.00139085 0.0
0.0211645 0.00134163 0.0
0.0210653 0.00129341 0.0
0.0209682 0.00124663 0.0
0.0208733 0.00120122 0.0
0.020781 0.00115717 0.0
0.0206909 0.00111465 0.0
0.0206028 0.00107375 0.0
0.0205169 0.00103437 0.0
0.0204332 0.000996547 0.0
0.0203515 0.00096032 0.0
0.0202717 0.000925642 0.0
0.020194 0.000892453 0.0
0.0201183 0.000860761 0.0
0.0200444 0.000830517 0.0
0.0199724 0.000801656 0.0
0.0199023 0.000774132 0.0
0.0198341 0.000747912 0.0
0.0197675 0.000722925 0.0
0.0197028 0.000699113 0.0
0.0196397 0.00067643 0.0
0.0195784 0.000654823 0.0
0.0195186 0.000634225 0.0
0.0194605 0.000614589 0.0
0.019404 0.000595866 0.0
0.019349 0.000578002 0.0
0.0192954 0.000560943 0.0
0.0192434 0.000544649 0.0
0.0191928 0.000529074 0.0
0.0191436 0.000514172 0.0
0.0190957 0.000499902 0.0
0.0190492 0.000486228 0.0
0.019004 0.000473112 0.0
0.01896 0.000460518 0.0
0.0189172 0.000448415 0.0
0.0188757 0.000436773 0.0
0.0188352 0.000425562 0.0
0.018796 0.000414756 0.0
0.0187578 0.00040433 0.0
0.0187207 0.000394262 0.0
0.0186846 0.00038453 0.0
0.0186495 0.000375113 0.0
0.0186154 0.000365994 0.0
0.0185823 0.000357155 0.0
0.01855 0.000348581 0.0
0.0185187 0.000340257 0.0
0.0184883 0.00033217 0.0
0.0184587 0.000324308 0.0
0.0184299 0.00031666 0.0
0.0184019 0.000309214 0.0
0.0183747 0.000301962 0.0
0.0183483 0.000294895 0.0
0.0183226 0.000288005 0.0
0.0182977 0.000281285 0.0
0.0182734 0.000274727 0.0
0.0182498 0.000268326 0.0
0.0182268 0.000262077 0.0
0.0182045 0.000255973 0.0
0.0181829 0.00025001 0.0
0.0181618 0.000244183 0.0
0.0181413 0.00023849 0.0
0.0181214 0.000232924 0.0
0.0181021 0.000227484 0.0
0.0180832 0.000222166 0.0
0.018065 0.000216966 0.0
0.0180472 0.000211881 0.0
0.0180299 0.000206908 0.0
0.0180131 0.000202045 0.0
0.0179968 0.000197289 0.0
0.017981 0.000192637 0.0
0.0179655 0.000188085 0.0
0.0179506 0.000183632 0.0
0.017936 0.000179274 0.0
0.0179219 0.000175008 0.0
0.0179081 0.000170831 0.0
0.0178947 0.00016674 0.0
0.0178818 0.000162731 0.0
0.0178691 0.000158799 0.0
0.0178569 0.000154942 0.0
0.0178449 0.000151154 0.0
0.0178333 0.000147431 0.0
0.0178221 0.000143766 0.0
0.0178111 0.000140155 0.0
0.0178005 0.00013659 0.0
0.0177901 0.000133066 0.0
0.0177801 0.000129572 0.0
0.0177703 0.000126101 0.0
0.0177608 0.000122642 0.0
0.0177515 0.000119187 0.0
0.0177426 0.00011572 0.0
0.0177338 0.00011223 0.0
0.0177253 0.0001087 0.0
0.0177171 0.000105117 0.0
0.0177091 0.000101457 0.0
0.0177013 9.7704e-05 0.0
0.0176937 9.38295e-05 0.0
0.0176864 8.98139e-05 0.0
0.0176793 8.56209e-05 0.0
0.0176724 8.12256e-05 0.0
0.0176658 7.65812e-05 0.0
0.0176594 7.16613e-05 0.0
0.0176533 6.64031e-05 0.0
0.0176474 6.07725e-05 0.0
0.0176419 5.46934e-05 0.0
0.0176367 4.81267e-05 0.0
0.0176318 4.09669e-05 0.0
0.0176274 3.31705e-05 0.0
0.0176235 2.4611e-05 0.0
0.0176201 1.52483e-05 0.0
0.0176175 5.0267e-06 0.0
0.0176157 -5.32019e-06 0.0
0.0176147 -1.06584e-05 0.0
0.0 0.0 0.0
0.0 0.0 0.0
0.0193103 8.44883e-05 0.0
0.0193297 0.00018965 0.0
0.0193509 0.000317712 0.0
0.0194196 0.000447459 0.0
0.019508 0.000539156 0.0
0.0195731 0.000645988 0.0
0.019658 0.000747285 0.0
0.0197818 0.00080951 0.0
0.0198938 0.000884823 0.0
0.0199994 0.000957511 0.0
0.0201211 0.000987307 0.0
0.0202499 0.00102643 0.0
0.0203728 0.00106736 0.0
0.0204906 0.00108161 0.0
0.0206079 0.00108572 0.0
0.0207294 0.00109884 0.0
0.0208445 0.00109775 0.0
0.020947 0.00108498 0.0
0.0210482 0.0010726 0.0
0.0211516 0.0010586 0.0
0.0212429 0.0010342 0.0
0.0213225 0.00100814 0.0
0.0214027 0.000981071 0.0
0.0214799 0.000949654 0.0
0.0215439 0.000914263 0.0
0.0216008 0.000879256 0.0
0.0216574 0.000841444 0.0
0.0217076 0.000800718 0.0
0.0217475 0.000759139 0.0
0.0217835 0.000716956 0.0
0.0218174 0.00067181 0.0
0.0218442 0.000625289 0.0
0.0218643 0.000578105 0.0
0.0218819 0.000529067 0.0
0.0218961 0.000477527 0.0
0.0219043 0.000424711 0.0
0.0219085 0.000369997 0.0
0.0219107 0.000312585 0.0
0.0219089 0.000252469 0.0
0.0219027 0.000189646 0.0
0.0218945 0.000123391 0.0
0.0218841 5.34846e-05 0.0
0.0218698 -2.09766e-05 0.0
0.0218533 -0.000100416 0.0
0.0218358 -0.000184732 0.0
0.0218157 -0.000275257 0.0
0.0217931 -0.000374086 0.0
0.0217705 -0.000479646 0.0
0.0217475 -0.000592827 0.0
0.0217232 -0.000718424 0.0
0.0216989 -0.000855902 0.0
0.0216768 -0.00100086 0.0
0.0216579 -0.00116235 0.0
0.0216421 -0.00134478 0.0
0.0216286 -0.00153743 0.0
0.0216246 -0.00174359 0.0
0.0216375 -0.00198443 0.0
0.0216585 -0.00224359 0.0
0.0216884 -0.00251011 0.0
0.0217561 -0.00281199 0.0
0.0218593 -0.00314396 0.0
0.0219803 -0.00348135 0.0
0.0221501 -0.00384031 0.0
0.0223839 -0.0042042 0.0
0.0226602 -0.00457014 0.0
0.0230074 -0.00494571 0.0
0.0234195 -0.00525297 0.0
0.0238703 -0.00554217 0.0
0.0243896 -0.00578876 0.0
0.0249478 -0.00594864 0.0
0.0254707 -0.00600932 0.0
0.0259937 -0.00602162 0.0
0.0265035 -0.005898 0.0
0.0268961 -0.00574677 0.0
0.0272132 -0.00549832 0.0
0.0274753 -0.00516734 0.0
0.0276335 -0.00486829 0.0
0.0277057 -0.0045409 0.0
0.0277231 -0.00416045 0.0
0.0276972 -0.00381327 0.0
0.0276454 -0.00347134 0.0
0.0275392 -0.0031069 0.0
0.0273922 -0.00275745 0.0
0.0272296 -0.0023792 0.0
0.0270367 -0.00206093 0.0
0.0268176 -0.00176254 0.0
0.0265934 -0.00146824 0.0
0.0263777 -0.00121532 0.0
0.0261698 -0.00099463 0.0
0.0259626 -0.000798074 0.0
0.025774 -0.000625667 0.0
0.025614 -0.000470841 0.0
0.0254681 -0.000336317 0.0
0.0253326 -0.00021826 0.0
0.0252183 -0.000111342 0.0
0.0251242 -1.35905e-05 0.0
0.0250427 7.332e-05 0.0
0.0249755 0.000153943 0.0
0.0249239 0.000232979 0.0
0.0248847 0.000304289 0.0
0.0248567 0.000378253 0.0
0.0248381 0.000461142 0.0
0.0248322 0.000537195 0.0
0.02483 0.000622524 0.0
0.0248196 0.000724378 0.0
0.0248023 0.00082655 0.0
0.0247742 0.000930258 0.0
0.0247294 0.00102816 0.0
0.0246661 0.00111659 0.0
0.0245975 0.001179 0.0
0.0245339 0.00123333 0.0
0.0244772 0.00124887 0.0
0.0244384 0.00125669 0.0
0.0244167 0.00126523 0.0
0.0244018 0.00126191 0.0
0.0243976 0.00125855 0.0
0.0244074 0.00126211 0.0
0.0244189 0.00127635 0.0
0.0244218 0.00129006 0.0
0.0244201 0.0013072 0.0
0.0244083 0.00133352 0.0
0.0243883 0.00134002 0.0
0.0243645 0.00134308 0.0
0.0243281 0.00133948 0.0
0.0242939 0.00131648 0.0
0.0242732 0.00129224 0.0
0.0242547 0.00125739 0.0
0.0242382 0.00121945 0.0
0.0242337 0.001185 0.0
0.0242383 0.00115318 0.0
0.0242457 0.00112258 0.0
0.0242557 0.00109725 0.0
0.0242667 0.00108513 0.0
0.0242753 0.00107827 0.0
0.0242808 0.00107481 0.0
0.0242781 0.0010823 0.0
0.0242663 0.00109035 0.0
0.0242444 0.00110079 0.0
0.0242138 0.00110766 0.0
0.0241773 0.00111215 0.0
0.024138 0.00110271 0.0
0.0240996 0.00109479 0.0
0.0240599 0.00108089 0.0
0.024026 0.00105486 0.0
0.024001 0.00103331 0.0
0.0239791 0.00101168 0.0
0.0239614 0.000988279 0.0
0.0239519 0.000968547 0.0
0.0239483 0.000955546 0.0
0.0239483 0.000946071 0.0
0.0239517 0.000943851 0.0
0.0239586 0.000951263 0.0
0.0239692 0.000965921 0.0
0.023981 0.000988851 0.0
0.0239897 0.00102704 0.0
0.0239984 0.00107469 0.0
0.0240076 0.00113208 0.0
0.024007 0.00120407 0.0
0.0239966 0.0012864 0.0
0.0239784 0.00138093 0.0
0.0239468 0.00148004 0.0
0.0238991 0.00158064 0.0
0.0238335 0.00168644 0.0
0.0237491 0.00178821 0.0
0.0236533 0.00187712 0.0
0.023545 0.00195809 0.0
0.0234212 0.00202421 0.0
0.0232912 0.00208043 0.0
0.023159 0.00211834 0.0
0.0230248 0.00213759 0.0
0.0228892 0.00215098 0.0
0.0227542 0.00214993 0.0
0.0226246 0.00213406 0.0
0.0224992 0.00211225 0.0
0.0223755 0.00208361 0.0
0.0222563 0.00204625 0.0
0.0221431 0.00200395 0.0
0.0220335 0.001959 0.0
0.0219269 0.00191026 0.0
0.0218244 0.00185856 0.0
0.0217257 0.0018058 0.0
0.0216299 0.00175244 0.0
0.0215371 0.0016981 0.0
0.021447 0.00164358 0.0
0.0213593 0.00158966 0.0
0.0212741 0.00153644 0.0
0.0211913 0.0014838 0.0
0.0211103 0.00143221 0.0
0.0210312 0.001382 0.0
0.0209542 0.00133313 0.0
0.020879 0.00128555 0.0
0.0208054 0.00123953 0.0
0.0207335 0.00119516 0.0
0.0206634 0.00115234 0.0
0.0205947 0.00111107 0.0
0.0205276 0.00107145 0.0
0.020462 0.00103346 0.0
0.0203981 0.000997009 0.0
0.0203355 0.000962078 0.0
0.0202744 0.000928696 0.0
0.0202147 0.000896783 0.0
0.0201565 0.000866262 0.0
0.0200997 0.000837111 0.0
0.0200443 0.0008093 0.0
0.0199903 0.000782742 0.0
0.0199376 0.000757378 0.0
0.0198862 0.000733177 0.0
0.0198362 0.000710082 0.0
0.0197874 0.000688021 0.0
0.01974 0.000666947 0.0
0.0196938 0.000646819 0.0
0.0196488 0.000627579 0.0
0.019605 0.000609172 0.0
0.0195624 0.000591559 0.0
0.019521 0.000574697 0.0
0.0194808 0.000558536 0.0
0.0194416 0.000543035 0.0
0.0194035 0.000528162 0.0
0.0193665 0.000513876 0.0
0.0193306 0.00050014 0.0
0.0192957 0.000486924 0.0
0.0192617 0.000474199 0.0
0.0192287 0.000461932 0.0
0.0191967 0.000450098 0.0
0.0191656 0.000438671 0.0
0.0191354 0.000427629 0.0
0.0191061 0.000416949 0.0
0.0190776 0.00040661 0.0
0.01905 0.000396594 0.0
0.0190232 0.000386882 0.0
0.0189971 0.00037746 0.0
0.0189718 0.000368311 0.0
0.0189473 0.000359422 0.0
0.0189235 0.00035078 0.0
0.0189004 0.000342373 0.0
0.018878 0.00033419 0.0
0.0188563 0.000326221 0.0
0.0188352 0.000318457 0.0
0.0188147 0.00031089 0.0
0.0187948 0.000303511 0.0
0.0187756 0.000296313 0.0
0.0187569 0.00028929 0.0
0.0187388 0.000282435 0.0
0.0187212 0.000275743 0.0
0.0187042 0.000269208 0.0
0.0186876 0.000262826 0.0
0.0186716 0.000256592 0.0
0.0186561 0.000250501 0.0
0.018641 0.00024455 0.0
0.0186264 0.000238735 0.0
0.0186123 0.000233053 0.0
0.0185986 0.000227499 0.0
0.0185853 0.000222071 0.0
0.0185724 0.000216765 0.0
0.0185599 0.000211579 0.0
0.0185478 0.000206508 0.0
0.0185361 0.000201551 0.0
0.0185247 0.000196703 0.0
0.0185137 0.000191962 0.0
0.0185031 0.000187325 0.0
0.0184927 0.000182787 0.0
0.0184827 0.000178345 0.0
0.018473 0.000173996 0.0
0.0184636 0.000169735 0.0
0.0184545 0.000165559 0.0
0.0184457 0.000161461 0.0
0.0184372 0.000157438 0.0
0.0184289 0.000153483 0.0
0.0184208 0.00014959 0.0
0.0184131 0.000145753 0.0
0.0184055 0.000141964 0.0
0.0183982 0.000138215 0.0
0.0183911 0.000134498 0.0
0.0183842 0.0001308 0.0
0.0183775 0.000127113 0.0
0.018371 0.000123422 0.0
0.0183647 0.000119715 0.0
0.0183586 0.000115975 0.0
0.0183526 0.000112186 0.0
0.0183469 0.000108326 0.0
0.0183412 0.000104378 0.0
0.0183358 0.000100311 0.0
0.0183305 9.61053e-05 0.0
0.0183253 9.17212e-05 0.0
0.0183203 8.71345e-05 0.0
0.0183155 8.22926e-05 0.0
0.0183107 7.71681e-05 0.0
0.0183062 7.16928e-05 0.0
0.0183018 6.58314e-05 0.0
0.0182976 5.9493e-05 0.0
0.0182937 5.26408e-05 0.0
0.0182899 4.51507e-05 0.0
0.0182865 3.69767e-05 0.0
0.0182833 2.79595e-05 0.0
0.0182806 1.80602e-05 0.0
0.0182784 7.15375e-06 0.0
0.0182768 -4.04454e-06 0.0
0.0182759 -9.88088e-06 0.0
0.0 0.0 0.0
0.0 0.0 0.0
0.0193185 5.47802e-05 0.0
0.0193305 0.000183887 0.0
0.0193569 0.000288537 0.0
0.0194072 0.000362368 0.0
0.0194624 0.000473005 0.0
0.0195352 0.00058542 0.0
0.0196233 0.000635938 0.0
0.0197093 0.000703332 0.0
0.0198047 0.000794403 0.0
0.0199157 0.000837139 0.0
0.0200206 0.000865762 0.0
0.0201278 0.000918879 0.0
0.0202432 0.000949147 0.0
0.0203546 0.000959566 0.0
0.0204633 0.000975134 0.0
0.0205758 0.000988814 0.0
0.0206822 0.000986394 0.0
0.0207834 0.000981401 0.0
0.0208865 0.000974634 0.0
0.0209848 0.000962631 0.0
0.0210731 0.000944938 0.0
0.0211602 0.000925395 0.0
0.0212464 0.000901995 0.0
0.0213228 0.00087676 0.0
0.021392 0.000848708 0.0
0.0214611 0.000817843 0.0
0.0215251 0.000784868 0.0
0.0215797 0.000751388 0.0
0.0216302 0.000715106 0.0
0.0216791 0.000676521 0.0
0.0217211 0.000637051 0.0
0.0217562 0.000596484 0.0
0.0217889 0.000553047 0.0
0.0218179 0.00050789 0.0
0.0218404 0.000461583 0.0
0.0218587 0.000413065 0.0
0.0218743 0.000361559 0.0
0.0218852 0.000307995 0.0
0.0218913 0.000251988 0.0
0.0218947 0.000192509 0.0
0.0218944 0.000129253 0.0
0.0218895 6.24432e-05 0.0
0.0218818 -8.75829e-06 0.0
0.0218714 -8.51415e-05 0.0
0.0218563 -0.000167475 0.0
0.0218385 -0.000256007 0.0
0.0218193 -0.000351374 0.0
0.0217959 -0.000455112 0.0
0.0217693 -0.000569338 0.0
0.021743 -0.000692751 0.0
0.0217143 -0.000826585 0.0
0.0216827 -0.000976327 0.0
0.0216541 -0.00114297 0.0
0.0216262 -0.00131985 0.0
0.0215966 -0.00151716 0.0
0.0215779 -0.00174485 0.0
0.0215696 -0.00198958 0.0
0.0215583 -0.00224667 0.0
0.0215686 -0.00255277 0.0
0.0216228 -0.00289018 0.0
0.0216847 -0.00322798 0.0
0.0217662 -0.0036154 0.0
0.021929 -0.00404193 0.0
0.0221595 -0.00444628 0.0
0.0224291 -0.00488673 0.0
0.0227749 -0.00533281 0.0
0.0232113 -0.00569689 0.0
0.0237184 -0.00605039 0.0
0.024265 -0.00634869 0.0
0.0248428 -0.00652054 0.0
0.0254125 -0.00651804 0.0
0.0259416 -0.0065474 0.0
0.026418 -0.00635447 0.0
0.0267393 -0.00601286 0.0
0.0269263 -0.00572309 0.0
0.0270313 -0.00532723 0.0
0.0269773 -0.00484673 0.0
0.0268037 -0.0044779 0.0
0.026612 -0.00407707 0.0
0.0264001 -0.00368233 0.0
0.0261899 -0.00333353 0.0
0.025953 -0.00290836 0.0
0.0256591 -0.00252111 0.0
0.025366 -0.00215866 0.0
0.02508 -0.00179106 0.0
0.0247578 -0.00148176 0.0
0.0244222 -0.00119978 0.0
0.0241114 -0.0009597 0.0
0.0238467 -0.000760302 0.0
0.023609 -0.000580193 0.0
0.023383 -0.000431296 0.0
0.0231852 -0.00030293 0.0
0.0230245 -0.000189005 0.0
0.0228863 -8.82141e-05 0.0
0.0227625 -2.57999e-06 0.0
0.0226621 7.49774e-05 0.0
0.0225857 0.00014655 0.0
0.0225245 0.000211613 0.0
0.0224769 0.000273648 0.0
0.0224469 0.000332508 0.0
0.0224318 0.000397372 0.0
0.0224314 0.000459537 0.0
0.0224442 0.00053019 0.0
0.0224493 0.000627356 0.0
0.0224586 0.000719793 0.0
0.0224746 0.000838596 0.0
0.0224658 0.000966315 0.0
0.022429 0.00107638 0.0
0.0223687 0.00118986 0.0
0.0223007 0.00125153 0.0
0.0222557 0.00127714 0.0
0.0222211 0.00129644 0.0
0.0221913 0.0012782 0.0
0.0221974 0.00126162 0.0
0.0222343 0.00124985 0.0
0.0222865 0.00123066 0.0
0.0223407 0.00122893 0.0
0.0223901 0.00124724 0.0
0.0224358 0.00126986 0.0
0.022469 0.00130079 0.0
0.0224811 0.00133294 0.0
0.0224722 0.00135823 0.0
0.022456 0.00136374 0.0
0.0224405 0.00136619 0.0
0.0224277 0.00133406 0.0
0.0224273 0.00129539 0.0
0.0224384 0.00126209 0.0
0.0224575 0.0012142 0.0
0.0224878 0.00116644 0.0
0.0225267 0.0011287 0.0
0.0225729 0.00109497 0.0
0.0226191 0.00107079 0.0
0.0226621 0.00105741 0.0
0.0227073 0.00105185 0.0
0.0227475 0.00106138 0.0
0.0227718 0.00107522 0.0
0.0227858 0.00109407 0.0
0.0227874 0.00112203 0.0
0.0227771 0.00113296 0.0
0.0227589 0.00114043 0.0
0.0227286 0.00114211 0.0
0.0227008 0.00112551 0.0
0.0226841 0.00110694 0.0
0.0226693 0.00107758 0.0
0.022658 0.0010469 0.0
0.0226593 0.00101855 0.0
0.0226713 0.000989344 0.0
0.0226877 0.000962619 0.0
0.0227078 0.000943631 0.0
0.0227353 0.000930642 0.0
0.0227687 0.000925641 0.0
0.0228047 0.000927513 0.0
0.0228431 0.000939576 0.0
0.0228826 0.000965883 0.0
0.0229239 0.00100244 0.0
0.0229684 0.00104723 0.0
0.0230072 0.00111385 0.0
0.0230352 0.00119412 0.0
0.0230596 0.00128346 0.0
0.0230735 0.00139167 0.0
0.0230657 0.00150661 0.0
0.0230365 0.00162695 0.0
0.0229903 0.00175217 0.0
0.0229258 0.00187183 0.0
0.0228429 0.00197032 0.0
0.0227446 0.00206795 0.0
0.0226323 0.00215074 0.0
0.0225176 0.00220136 0.0
0.022402 0.00224305 0.0
0.0222792 0.00226906 0.0
0.0221599 0.00227668 0.0
0.0220492 0.00227039 0.0
0.0219409 0.00225189 0.0
0.0218359 0.00222575 0.0
0.0217392 0.00219169 0.0
0.0216489 0.00214929 0.0
0.0215615 0.00210254 0.0
0.0214786 0.0020535 0.0
0.0214018 0.00200066 0.0
0.0213289 0.00194527 0.0
0.021258 0.00188942 0.0
0.0211902 0.00183308 0.0
0.0211261 0.00177587 0.0
0.0210643 0.00171905 0.0
0.0210037 0.00166305 0.0
0.0209452 0.00160762 0.0
0.0208889 0.00155305 0.0
0.0208338 0.00149993 0.0
0.0207798 0.00144809 0.0
0.0207272 0.00139754 0.0
0.020676 0.00134856 0.0
0.0206256 0.00130128 0.0
0.0205762 0.00125549 0.0
0.0205279 0.00121131 0.0
0.0204806 0.00116885 0.0
0.0204341 0.00112802 0.0
0.0203885 0.00108874 0.0
0.0203439 0.00105109 0.0
0.0203001 0.00101503 0.0
0.0202572 0.000980456 0.0
0.0202152 0.000947338 0.0
0.0201741 0.000915683 0.0
0.0201338 0.000885408 0.0
0.0200944 0.000856435 0.0
0.0200559 0.000828739 0.0
0.0200183 0.000802279 0.0
0.0199816 0.000776972 0.0
0.0199457 0.000752765 0.0
0.0199107 0.000729624 0.0
0.0198766 0.000707491 0.0
0.0198433 0.000686301 0.0
0.0198108 0.000666013 0.0
0.0197793 0.000646587 0.0
0.0197485 0.000627967 0.0
0.0197186 0.000610106 0.0
0.0196895 0.00059297 0.0
0.0196612 0.000576517 0.0
0.0196337 0.000560704 0.0
0.0196069 0.000545495 0.0
0.019581 0.00053086 0.0
0.0195558 0.000516764 0.0
0.0195313 0.000503174 0.0
0.0195076 0.000490064 0.0
0.0194845 0.000477408 0.0
0.0194622 0.000465178 0.0
0.0194405 0.00045335 0.0
0.0194195 0.000441905 0.0
0.0193992 0.00043082 0.0
0.0193795 0.000420076 0.0
0.0193604 0.000409655 0.0
0.0193419 0.000399543 0.0
0.019324 0.000389722 0.0
0.0193067 0.000380178 0.0
0.0192899 0.000370898 0.0
0.0192737 0.000361872 0.0
0.019258 0.000353085 0.0
0.0192428 0.00034453 0.0
0.0192281 0.000336195 0.0
0.019214 0.000328073 0.0
0.0192003 0.000320154 0.0
0.019187 0.000312432 0.0
0.0191742 0.000304898 0.0
0.0191619 0.000297548 0.0
0.0191499 0.000290374 0.0
0.0191384 0.000283371 0.0
0.0191273 0.000276534 0.0
0.0191166 0.000269858 0.0
0.0191062 0.000263339 0.0
0.0190963 0.000256971 0.0
0.0190866 0.000250752 0.0
0.0190774 0.000244677 0.0
0.0190684 0.000238742 0.0
0.0190598 0.000232944 0.0
0.0190515 0.000227279 0.0
0.0190435 0.000221745 0.0
0.0190358 0.000216337 0.0
0.0190284 0.000211053 0.0
0.0190212 0.000205888 0.0
0.0190144 0.00020084 0.0
0.0190077 0.000195906 0.0
0.0190014 0.000191081 0.0
0.0189953 0.000186361 0.0
0.0189894 0.000181744 0.0
0.0189837 0.000177224 0.0
0.0189783 0.000172797 0.0
0.018973 0.000168458 0.0
0.018968 0.000164202 0.0
0.0189631 0.000160024 0.0
0.0189584 0.000155916 0.0
0.0189539 0.000151873 0.0
0.0189496 0.000147887 0.0
0.0189454 0.000143948 0.0
0.0189414 0.00014005 0.0
0.0189375 0.000136179 0.0
0.0189337 0.000132328 0.0
0.0189301 0.00012848 0.0
0.0189266 0.000124625 0.0
0.0189231 0.000120743 0.0
0.0189198 0.000116821 0.0
0.0189166 0.000112833 0.0
0.0189135 0.000108765 0.0
0.0189104 0.000104583 0.0
0.0189074 0.000100267 0.0
0.0189045 9.57762e-05 0.0
0.0189016 9.10865e-05 0.0
0.0188988 8.61421e-05 0.0
0.018896 8.09132e-05 0.0
0.0188933 7.53262e-05 0.0
0.0188907 6.93491e-05 0.0
0.0188881 6.28777e-05 0.0
0.0188855 5.58735e-05 0.0
0.0188831 4.81997e-05 0.0
0.0188808 3.9812e-05 0.0
0.0188786 3.05165e-05 0.0
0.0188767 2.02773e-05 0.0
0.018875 8.90889e-06 0.0
0.0188737 -2.91401e-06 0.0
0.0188729 -9.13355e-06 0.0
0.0 0.0 0.0
0.0 0.0 0.0
0.0192981 5.35469e-05 0.0
0.0193151 0.000151509 0.0
0.0193602 0.000239711 0.0
0.019396 0.000328295 0.0
0.0194366 0.000418325 0.0
0.0195119 0.000487206 0.0
0.0195889 0.000558153 0.0
0.0196583 0.000638089 0.0
0.019746 0.000682259 0.0
0.0198461 0.000723866 0.0
0.0199405 0.000782139 0.0
0.0200367 0.000814445 0.0
0.0201381 0.000827656 0.0
0.0202434 0.000857314 0.0
0.0203468 0.000877696 0.0
0.020445 0.000878406 0.0
0.0205443 0.00088027 0.0
0.0206475 0.000886304 0.0
0.0207433 0.000879253 0.0
0.020832 0.000866625 0.0
0.0209236 0.000855883 0.0
0.0210142 0.00084219 0.0
0.0210943 0.00082136 0.0
0.0211703 0.000799988 0.0
0.0212481 0.000777574 0.0
0.0213201 0.000751746 0.0
0.021383 0.000723179 0.0
0.0214441 0.000694149 0.0
0.021504 0.000662761 0.0
0.0215564 0.000629257 0.0
0.0216025 0.00059439 0.0
0.021647 0.000557991 0.0
0.0216878 0.000519207 0.0
0.0217217 0.00047891 0.0
0.0217513 0.000436734 0.0
0.0217786 0.000392145 0.0
0.0218009 0.000345206 0.0
0.0218175 0.000295986 0.0
0.0218309 0.000243595 0.0
0.0218409 0.000188098 0.0
0.0218455 0.00012924 0.0
0.0218456 6.6085e-05 0.0
0.0218428 -1.64742e-06 0.0
0.0218354 -7.38745e-05 0.0
0.0218227 -0.000152407 0.0
0.0218068 -0.000237773 0.0
0.0217876 -0.000329515 0.0
0.0217628 -0.000429784 0.0
0.0217338 -0.000541149 0.0
0.0217026 -0.000661429 0.0
0.0216679 -0.000793285 0.0
0.0216283 -0.000942274 0.0
0.0215861 -0.00110627 0.0
0.0215446 -0.00128299 0.0
0.0215043 -0.00148711 0.0
0.0214608 -0.00171722 0.0
0.021418 -0.00196241 0.0
0.0213948 -0.00223911 0.0
0.0213884 -0.00256911 0.0
0.0213765 -0.00291473 0.0
0.0213939 -0.00329171 0.0
0.0214916 -0.00373284 0.0
0.0216206 -0.00419862 0.0
0.0217817 -0.00469758 0.0
0.0220569 -0.00521065 0.0
0.0224266 -0.00569127 0.0
0.0228711 -0.00620431 0.0
0.023432 -0.00663942 0.0
0.0240364 -0.00689582 0.0
0.0246263 -0.00709305 0.0
0.0252351 -0.00715089 0.0
0.0256861 -0.00693275 0.0
0.0259583 -0.00669958 0.0
0.026154 -0.00622826 0.0
0.0261306 -0.00570233 0.0
0.0258626 -0.00519218 0.0
0.0255031 -0.00462255 0.0
0.0251347 -0.00414853 0.0
0.0247431 -0.00376322 0.0
0.0243492 -0.00341394 0.0
0.0239611 -0.00300444 0.0
0.0236046 -0.0026 0.0
0.0232453 -0.00215774 0.0
0.022792 -0.00179775 0.0
0.0223109 -0.00141776 0.0
0.0218731 -0.00109254 0.0
0.0215014 -0.00085798 0.0
0.0211548 -0.000648339 0.0
0.0208294 -0.000485424 0.0
0.0205645 -0.000340585 0.0
0.0203503 -0.000221099 0.0
0.0201566 -0.000120825 0.0
0.0199872 -3.81009e-05 0.0
0.0198545 3.84716e-05 0.0
0.0197483 0.000103919 0.0
0.0196605 0.000159276 0.0
0.0195921 0.000210876 0.0
0.0195435 0.000259256 0.0
0.0195141 0.000304328 0.0
0.0195036 0.000348717 0.0
0.0195044 0.000398951 0.0
0.0195194 0.000439692 0.0
0.0195548 0.000510537 0.0
0.0196093 0.0005976 0.0
0.0196769 0.000684632 0.0
0.0197081 0.000830258 0.0
0.0197009 0.000974241 0.0
0.0196571 0.00114472 0.0
0.0195879 0.0012459 0.0
0.0195155 0.0013162 0.0
0.0194561 0.00130795 0.0
0.0194507 0.00130673 0.0
0.0194898 0.00126669 0.0
0.0195608 0.00120927 0.0
0.0196506 0.00117276 0.0
0.0197545 0.0011512 0.0
0.0198574 0.0011574 0.0
0.0199619 0.001166 0.0
0.0200607 0.00121035 0.0
0.0201288 0.00126886 0.0
0.020169 0.00131595 0.0
0.0201812 0.00136979 0.0
0.0201761 0.0013809 0.0
0.020186 0.00136029 0.0
0.0202031 0.00133516 0.0
0.0202181 0.00128091 0.0
0.0202588 0.00122479 0.0
0.0203266 0.00116781 0.0
0.0204024 0.00111348 0.0
0.0204782 0.00106517 0.0
0.0205608 0.00102839 0.0
0.0206489 0.00100807 0.0
0.0207393 0.000990754 0.0
0.020823 0.00099061 0.0
0.0208921 0.00101288 0.0
0.0209484 0.00104147 0.0
0.0209867 0.00107822 0.0
0.0210013 0.00111533 0.0
0.0209937 0.00114746 0.0
0.0209768 0.00115945 0.0
0.0209596 0.00116639 0.0
0.0209451 0.00114135 0.0
0.0209428 0.00110979 0.0
0.0209519 0.00108124 0.0
0.02097 0.0010396 0.0
0.0210007 0.000995853 0.0
0.0210402 0.000961049 0.0
0.0210861 0.000930536 0.0
0.0211395 0.000904247 0.0
0.0211979 0.000885448 0.0
0.0212585 0.000876956 0.0
0.0213228 0.000875373 0.0
0.0213909 0.000886513 0.0
0.0214619 0.000909736 0.0
0.0215361 0.000942027 0.0
0.0216067 0.000992491 0.0
0.0216722 0.00106415 0.0
0.0217415 0.00114668 0.0
0.0218033 0.00125135 0.0
0.0218416 0.00137282 0.0
0.0218645 0.00150791 0.0
0.0218677 0.0016589 0.0
0.0218445 0.00179736 0.0
0.0217981 0.00193245 0.0
0.0217222 0.00206529 0.0
0.0216306 0.00216771 0.0
0.0215369 0.00225454 0.0
0.0214331 0.00231257 0.0
0.0213248 0.00235575 0.0
0.021222 0.00238126 0.0
0.0211281 0.00237847 0.0
0.0210415 0.00236635 0.0
0.0209597 0.00234655 0.0
0.0208857 0.00231138 0.0
0.0208216 0.00226774 0.0
0.0207638 0.00222225 0.0
0.0207111 0.00217158 0.0
0.0206644 0.00211549 0.0
0.0206222 0.00205819 0.0
0.0205832 0.00200083 0.0
0.020548 0.00194169 0.0
0.0205158 0.00188178 0.0
0.0204849 0.0018227 0.0
0.0204558 0.00176444 0.0
0.0204289 0.00170645 0.0
0.0204029 0.00164946 0.0
0.0203772 0.00159396 0.0
0.0203526 0.00153982 0.0
0.0203289 0.0014869 0.0
0.0203053 0.00143559 0.0
0.0202818 0.00138598 0.0
0.0202589 0.00133797 0.0
0.0202364 0.00129153 0.0
0.0202138 0.00124682 0.0
0.0201914 0.0012038 0.0
0.0201693 0.00116239 0.0
0.0201474 0.00112257 0.0
0.0201255 0.00108439 0.0
0.0201039 0.00104777 0.0
0.0200825 0.00101264 0.0
0.0200613 0.000978971 0.0
0.0200403 0.000946746 0.0
0.0200196 0.000915882 0.0
0.0199992 0.000886325 0.0
0.019979 0.000858036 0.0
0.0199592 0.000830965 0.0
0.0199397 0.000805043 0.0
0.0199206 0.000780222 0.0
0.0199018 0.000756456 0.0
0.0198834 0.000733692 0.0
0.0198654 0.000711872 0.0
0.0198477 0.000690955 0.0
0.0198305 0.000670895 0.0
0.0198137 0.000651644 0.0
0.0197974 0.000633157 0.0
0.0197814 0.000615397 0.0
0.0197659 0.000598323 0.0
0.0197508 0.000581896 0.0
0.0197361 0.00056608 0.0
0.0197219 0.000550844 0.0
0.0197081 0.000536155 0.0
0.0196947 0.000521982 0.0
0.0196818 0.000508298 0.0
0.0196693 0.000495076 0.0
0.0196572 0.00048229 0.0
0.0196455 0.000469918 0.0
0.0196342 0.000457938 0.0
0.0196233 0.00044633 0.0
0.0196128 0.000435074 0.0
0.0196027 0.000424153 0.0
0.019593 0.00041355 0.0
0.0195837 0.000403251 0.0
0.0195747 0.00039324 0.0
0.019566 0.000383505 0.0
0.0195578 0.000374034 0.0
0.0195498 0.000364814 0.0
0.0195422 0.000355837 0.0
0.0195349 0.000347091 0.0
0.019528 0.000338568 0.0
0.0195213 0.00033026 0.0
0.019515 0.000322159 0.0
0.0195089 0.000314257 0.0
0.0195031 0.000306549 0.0
0.0194976 0.000299027 0.0
0.0194924 0.000291686 0.0
0.0194874 0.000284521 0.0
0.0194827 0.000277526 0.0
0.0194782 0.000270697 0.0
0.019474 0.00026403 0.0
0.01947 0.00025752 0.0
0.0194662 0.000251163 0.0
0.0194626 0.000244955 0.0
0.0194593 0.000238893 0.0
0.0194561 0.000232972 0.0
0.0194531 0.000227191 0.0
0.0194504 0.000221544 0.0
0.0194478 0.000216029 0.0
0.0194454 0.000210642 0.0
0.0194431 0.000205379 0.0
0.019441 0.000200238 0.0
0.0194391 0.000195214 0.0
0.0194373 0.000190304 0.0
0.0194356 0.000185503 0.0
0.0194341 0.000180808 0.0
0.0194327 0.000176213 0.0
0.0194315 0.000171714 0.0
0.0194303 0.000167306 0.0
0.0194292 0.000162983 0.0
0.0194283 0.000158739 0.0
0.0194274 0.000154567 0.0
0.0194266 0.000150459 0.0
0.0194259 0.000146408 0.0
0.0194253 0.000142404 0.0
0.0194247 0.000138437 0.0
0.0194242 0.000134497 0.0
0.0194237 0.000130569 0.0
0.0194232 0.000126642 0.0
0.0194228 0.000122696 0.0
0.0194224 0.00011872 0.0
0.019422 0.000114686 0.0
0.0194216 0.00011058 0.0
0.0194212 0.000106369 0.0
0.0194208 0.000102033 0.0
0.0194203 9.75288e-05 0.0
0.0194198 9.28326e-05 0.0
0.0194192 8.78872e-05 0.0
0.0194186 8.26642e-05 0.0
0.0194179 7.70833e-05 0.0
0.0194172 7.11135e-05 0.0
0.0194164 6.46451e-05 0.0
0.0194155 5.76398e-05 0.0
0.0194145 4.99447e-05 0.0
0.0194135 4.15201e-05 0.0
0.0194124 3.21487e-05 0.0
0.0194113 2.17951e-05 0.0
0.0194102 1.02163e-05 0.0
0.0194093 -1.96309e-06 0.0
0.0194086 -8.42156e-06 0.0
0.0 0.0 0.0
0.0 0.0 0.0
0.0193104 5.56861e-05 0.0
0.0193292 0.00012084 0.0
0.0193477 0.000202535 0.0
0.0193805 0.000297734 0.0
0.019433 0.000359718 0.0
0.0194867 0.000415932 0.0
0.0195441 0.000497578 0.0
0.0196228 0.000555736 0.0
0.0197031 0.000588931 0.0
0.019779 0.000644173 0.0
0.0198677 0.000688744 0.0
0.0199635 0.000708986 0.0
0.0200532 0.00073573 0.0
0.0201458 0.000763392 0.0
0.0202425 0.000772481 0.0
0.0203373 0.000780166 0.0
0.0204312 0.000788974 0.0
0.0205245 0.000789515 0.0
0.0206147 0.000783836 0.0
0.0207045 0.000779102 0.0
0.0207931 0.000769681 0.0
0.0208761 0.000756299 0.0
0.0209559 0.000741369 0.0
0.021036 0.000724359 0.0
0.0211117 0.000703799 0.0
0.0211808 0.000682493 0.0
0.0212481 0.000659122 0.0
0.021314 0.000633081 0.0
0.0213735 0.000605669 0.0
0.0214276 0.000577493 0.0
0.0214804 0.00054651 0.0
0.0215294 0.000513636 0.0
0.0215718 0.000479856 0.0
0.0216106 0.000444182 0.0
0.021647 0.00040561 0.0
0.021678 0.000365369 0.0
0.0217034 0.000323287 0.0
0.0217261 0.000278181 0.0
0.0217446 0.000229895 0.0
0.0217569 0.000178993 0.0
0.0217653 0.000124602 0.0
0.0217703 6.59113e-05 0.0
0.021769 2.69597e-06 0.0
0.0217623 -6.52633e-05 0.0
0.0217528 -0.000138868 0.0
0.0217374 -0.000219048 0.0
0.0217144 -0.000307058 0.0
0.0216884 -0.000402879 0.0
0.0216585 -0.000507517 0.0
0.0216192 -0.000624139 0.0
0.0215746 -0.000754582 0.0
0.0215294 -0.000895883 0.0
0.0214761 -0.00105364 0.0
0.0214145 -0.00123613 0.0
0.021355 -0.00143862 0.0
0.0212928 -0.00165527 0.0
0.0212252 -0.00191371 0.0
0.0211678 -0.00221626 0.0
0.0211155 -0.00253342 0.0
0.0210641 -0.00288585 0.0
0.0210587 -0.00334268 0.0
0.0211019 -0.00381806 0.0
0.021149 -0.00430272 0.0
0.0212789 -0.00490992 0.0
0.0215545 -0.00552464 0.0
0.0219458 -0.00612122 0.0
0.0224205 -0.0067226 0.0
0.0229711 -0.00721944 0.0
0.0235975 -0.00753538 0.0
0.0241758 -0.007645 0.0
0.0246821 -0.00768739 0.0
0.0250123 -0.00718685 0.0
0.0251032 -0.00680335 0.0
0.0250004 -0.00619936 0.0
0.0246421 -0.0053829 0.0
0.0240251 -0.00462448 0.0
0.0232896 -0.00411442 0.0
0.022539 -0.00360505 0.0
0.0218053 -0.00322932 0.0
0.0212687 -0.00300458 0.0
0.0208102 -0.00255083 0.0
0.020307 -0.00220827 0.0
0.0198263 -0.00170743 0.0
0.0192754 -0.00122769 0.0
0.0187107 -0.000921869 0.0
0.0182023 -0.000651725 0.0
0.0177791 -0.000483489 0.0
0.017448 -0.000318402 0.0
0.0171621 -0.000198034 0.0
0.0169067 -0.000104125 0.0
0.016699 -2.60423e-05 0.0
0.0165376 4.73568e-05 0.0
0.0164006 0.00010222 0.0
0.0162866 0.000147759 0.0
0.016201 0.000189672 0.0
0.0161375 0.000227196 0.0
0.016089 0.000259496 0.0
0.0160604 0.000288035 0.0
0.0160499 0.000316389 0.0
0.0160516 0.000344877 0.0
0.0160687 0.000378425 0.0
0.0161065 0.000406165 0.0
0.0161587 0.000458051 0.0
0.0162383 0.000500379 0.0
0.0163251 0.000629111 0.0
0.016368 0.000812678 0.0
0.0164096 0.000968768 0.0
0.0163936 0.00122743 0.0
0.0163281 0.00130831 0.0
0.0162902 0.00137233 0.0
0.0162625 0.00134516 0.0
0.0163078 0.00124493 0.0
0.0164306 0.00117005 0.0
0.0165754 0.00109812 0.0
0.0167267 0.00104123 0.0
0.0168915 0.00101596 0.0
0.0170672 0.00101881 0.0
0.0172453 0.00103228 0.0
0.0173807 0.00111149 0.0
0.0174688 0.0011927 0.0
0.017512 0.00130269 0.0
0.0175227 0.00135486 0.0
0.0175229 0.00138088 0.0
0.0175272 0.00133587 0.0
0.0175729 0.00129837 0.0
0.0176525 0.00123022 0.0
0.0177548 0.00114129 0.0
0.0178637 0.00107335 0.0
0.0179781 0.00101635 0.0
0.0181039 0.000963221 0.0
0.0182323 0.000923388 0.0
0.0183574 0.00089634 0.0
0.0184819 0.000884896 0.0
0.0185915 0.000904117 0.0
0.0186925 0.000927456 0.0
0.0187858 0.000980463 0.0
0.0188466 0.00104848 0.0
0.0188741 0.00110406 0.0
0.0188744 0.00116305 0.0
0.0188613 0.00118078 0.0
0.0188614 0.00116725 0.0
0.0188673 0.00114717 0.0
0.0188747 0.00109962 0.0
0.0189087 0.00104922 0.0
0.018967 0.000997025 0.0
0.0190335 0.000945226 0.0
0.0191025 0.000902168 0.0
0.0191798 0.000864292 0.0
0.019265 0.000833808 0.0
0.0193521 0.000811582 0.0
0.0194404 0.000799286 0.0
0.0195336 0.000795806 0.0
0.0196299 0.000804683 0.0
0.0197279 0.000820875 0.0
0.019829 0.000854607 0.0
0.0199307 0.000911208 0.0
0.0200386 0.000974933 0.0
0.0201465 0.00106159 0.0
0.0202355 0.001186 0.0
0.0203066 0.00132441 0.0
0.020363 0.00148142 0.0
0.0203886 0.00165576 0.0
0.0203725 0.00182871 0.0
0.0203294 0.0019873 0.0
0.0202688 0.00214691 0.0
0.0201926 0.00225529 0.0
0.0201099 0.00234138 0.0
0.020018 0.0024186 0.0
0.01993 0.00245131 0.0
0.01986 0.00246113 0.0
0.0197952 0.0024567 0.0
0.0197354 0.00243619 0.0
0.0196933 0.00240326 0.0
0.0196648 0.00235992 0.0
0.0196405 0.00231016 0.0
0.0196223 0.0022568 0.0
0.0196142 0.00219927 0.0
0.0196123 0.00213919 0.0
0.0196125 0.00207846 0.0
0.0196154 0.00201714 0.0
0.0196223 0.00195502 0.0
0.0196312 0.00189371 0.0
0.0196406 0.00183332 0.0
0.0196507 0.00177344 0.0
0.0196618 0.00171454 0.0
0.019673 0.00165742 0.0
0.0196837 0.00160161 0.0
0.0196942 0.00154701 0.0
0.0197045 0.00149415 0.0
0.0197141 0.00144315 0.0
0.019723 0.0013936 0.0
0.0197313 0.00134566 0.0
0.0197389 0.00129957 0.0
0.0197457 0.00125519 0.0
0.0197518 0.00121232 0.0
0.0197572 0.00117114 0.0
0.019762 0.00113165 0.0
0.019766 0.00109369 0.0
0.0197694 0.0010572 0.0
0.0197723 0.00102225 0.0
0.0197746 0.000988767 0.0
0.0197764 0.000956625 0.0
0.0197778 0.000925814 0.0
0.0197788 0.000896328 0.0
0.0197793 0.000868065 0.0
0.0197796 0.00084096 0.0
0.0197796 0.000814996 0.0
0.0197793 0.000790123 0.0
0.0197788 0.000766262 0.0
0.0197781 0.000743372 0.0
0.0197773 0.000721423 0.0
0.0197763 0.000700357 0.0
0.0197753 0.000680119 0.0
0.0197742 0.000660678 0.0
0.0197731 0.000641995 0.0
0.0197719 0.000624022 0.0
0.0197707 0.00060672 0.0
0.0197696 0.000590061 0.0
0.0197685 0.000574008 0.0
0.0197674 0.000558524 0.0
0.0197664 0.000543582 0.0
0.0197655 0.000529155 0.0
0.0197646 0.000515214 0.0
0.0197639 0.000501731 0.0
0.0197632 0.000488685 0.0
0.0197626 0.000476053 0.0
0.0197622 0.000463813 0.0
0.0197618 0.000451946 0.0
0.0197616 0.000440433 0.0
0.0197615 0.000429258 0.0
0.0197615 0.000418404 0.0
0.0197616 0.000407856 0.0
0.0197619 0.000397602 0.0
0.0197623 0.000387626 0.0
0.0197628 0.000377919 0.0
0.0197634 0.000368468 0.0
0.0197641 0.000359264 0.0
0.019765 0.000350296 0.0
0.019766 0.000341556 0.0
0.0197671 0.000333036 0.0
0.0197683 0.000324728 0.0
0.0197696 0.000316625 0.0
0.019771 0.000308721 0.0
0.0197726 0.000301008 0.0
0.0197742 0.000293482 0.0
0.019776 0.000286137 0.0
0.0197778 0.000278969 0.0
0.0197797 0.000271971 0.0
0.0197818 0.00026514 0.0
0.0197839 0.000258472 0.0
0.0197861 0.000251963 0.0
0.0197884 0.000245608 0.0
0.0197907 0.000239404 0.0
0.0197931 0.000233348 0.0
0.0197956 0.000227436 0.0
0.0197982 0.000221664 0.0
0.0198008 0.000216029 0.0
0.0198035 0.000210528 0.0
0.0198062 0.000205157 0.0
0.019809 0.000199912 0.0
0.0198119 0.000194791 0.0
0.0198147 0.000189789 0.0
0.0198176 0.000184902 0.0
0.0198206 0.000180126 0.0
0.0198236 0.000175457 0.0
0.0198265 0.00017089 0.0
0.0198295 0.00016642 0.0
0.0198326 0.000162041 0.0
0.0198356 0.000157748 0.0
0.0198386 0.000153533 0.0
0.0198416 0.00014939 0.0
0.0198446 0.000145311 0.0
0.0198476 0.000141286 0.0
0.0198506 0.000137306 0.0
0.0198535 0.000133361 0.0
0.0198564 0.000129436 0.0
0.0198592 0.000125522 0.0
0.019862 0.000121598 0.0
0.0198646 0.000117653 0.0
0.0198673 0.000113661 0.0
0.0198698 0.000109607 0.0
0.0198722 0.000105458 0.0
0.0198745 0.000101196 0.0
0.0198767 9.67773e-05 0.0
0.0198787 9.21786e-05 0.0
0.0198805 8.73406e-05 0.0
0.0198822 8.22381e-05 0.0
0.0198837 7.67882e-05 0.0
0.019885 7.09589e-05 0.0
0.0198861 6.46371e-05 0.0
0.019887 5.77885e-05 0.0
0.0198876 5.02479e-05 0.0
0.019888 4.19784e-05 0.0
0.0198881 3.27478e-05 0.0
0.019888 2.25231e-05 0.0
0.0198876 1.10141e-05 0.0
0.019887 -1.21699e-06 0.0
0.0198864 -7.74941e-06 0.0
0.0 0.0 0.0
0.0 0.0 0.0
0.0193155 3.99472e-05 0.0
0.0193236 0.000111746 0.0
0.0193388 0.000182813 0.0
0.0193774 0.000244079 0.0
0.0194236 0.000307042 0.0
0.0194657 0.000377486 0.0
0.0195217 0.000427909 0.0
0.019593 0.000468084 0.0
0.0196616 0.000525454 0.0
0.0197343 0.000569992 0.0
0.0198156 0.000588883 0.0
0.0198994 0.000622393 0.0
0.0199843 0.000656529 0.0
0.0200707 0.00066714 0.0
0.0201577 0.000676032 0.0
0.0202479 0.00069437 0.0
0.0203366 0.000699951 0.0
0.0204215 0.000696071 0.0
0.0205084 0.000696108 0.0
0.0205963 0.000695338 0.0
0.0206778 0.000685293 0.0
0.0207568 0.000673754 0.0
0.0208381 0.000663199 0.0
0.0209156 0.000649331 0.0
0.0209863 0.00063117 0.0
0.0210566 0.000612877 0.0
0.0211264 0.000593394 0.0
0.0211899 0.000571349 0.0
0.0212485 0.000547307 0.0
0.0213068 0.000522424 0.0
0.0213615 0.000495728 0.0
0.0214099 0.000467275 0.0
0.0214549 0.000437066 0.0
0.021498 0.000405136 0.0
0.0215359 0.000371321 0.0
0.0215684 0.000335583 0.0
0.0215978 0.000297248 0.0
0.0216234 0.000256534 0.0
0.0216432 0.000213459 0.0
0.0216581 0.000167075 0.0
0.0216694 0.000116858 0.0
0.0216752 6.35025e-05 0.0
0.0216748 5.9321e-06 0.0
0.0216697 -5.73831e-05 0.0
0.0216594 -0.000125855 0.0
0.0216421 -0.000199565 0.0
0.0216185 -0.000281603 0.0
0.0215894 -0.000372219 0.0
0.021553 -0.00047048 0.0
0.0215084 -0.000579869 0.0
0.0214571 -0.00070377 0.0
0.0213991 -0.000839534 0.0
0.0213326 -0.000991581 0.0
0.0212568 -0.00116623 0.0
0.021174 -0.00136189 0.0
0.0210883 -0.00158007 0.0
0.0209971 -0.00183909 0.0
0.0208921 -0.00213113 0.0
0.0207923 -0.00245753 0.0
0.020725 -0.0028482 0.0
0.0206552 -0.00331445 0.0
0.0205664 -0.00380225 0.0
0.0205872 -0.00440658 0.0
0.0207589 -0.00508562 0.0
0.0209302 -0.00578528 0.0
0.02121 -0.00660074 0.0
0.0217037 -0.00722839 0.0
0.0223233 -0.00780234 0.0
0.0229828 -0.00819319 0.0
0.0235278 -0.00818427 0.0
0.0237542 -0.00784009 0.0
0.0237042 -0.00735111 0.0
0.0234589 -0.00660212 0.0
0.0227787 -0.00563402 0.0
0.0218859 -0.00474618 0.0
0.0209299 -0.00373195 0.0
0.0197649 -0.00308917 0.0
0.018587 -0.002702 0.0
0.0176933 -0.00255219 0.0
0.0172408 -0.00252232 0.0
0.0169498 -0.0021361 0.0
0.0163454 -0.0015653 0.0
0.0154912 -0.00107775 0.0
0.0147122 -0.000589446 0.0
0.0141717 -0.000406511 0.0
0.013778 -0.000228791 0.0
0.0133983 -0.000115594 0.0
0.0130817 -3.27063e-05 0.0
0.0128599 4.00098e-05 0.0
0.0126802 0.00010012 0.0
0.0125154 0.000139955 0.0
0.0123883 0.00017451 0.0
0.0122967 0.000208038 0.0
0.0122222 0.000232127 0.0
0.0121621 0.000251177 0.0
0.0121226 0.000270393 0.0
0.012101 0.000286969 0.0
0.0120926 0.000299799 0.0
0.0120929 0.000315127 0.0
0.0121067 0.000328976 0.0
0.0121436 0.000342532 0.0
0.0121944 0.000363047 0.0
0.0122436 0.000391277 0.0
0.0123283 0.00039636 0.0
0.0124773 0.000530558 0.0
0.0126662 0.000698723 0.0
0.0127801 0.000968909 0.0
0.0126937 0.00128045 0.0
0.0125143 0.00141281 0.0
0.0124813 0.00134665 0.0
0.012634 0.00126614 0.0
0.012857 0.00108972 0.0
0.0130693 0.000993136 0.0
0.0132648 0.000919866 0.0
0.0134807 0.000854956 0.0
0.0137056 0.000820093 0.0
0.013928 0.000800592 0.0
0.0141312 0.000866047 0.0
0.0142854 0.000989684 0.0
0.0144256 0.0010962 0.0
0.0144954 0.00129939 0.0
0.0145086 0.00134113 0.0
0.0145429 0.0013676 0.0
0.0145785 0.00131543 0.0
0.0146664 0.00119756 0.0
0.0148138 0.00110296 0.0
0.0149761 0.0010101 0.0
0.0151343 0.00093825 0.0
0.0152945 0.000871514 0.0
0.0154581 0.000819251 0.0
0.015615 0.000783436 0.0
0.0157675 0.000751904 0.0
0.0159223 0.000752662 0.0
0.0160788 0.000776754 0.0
0.0162316 0.00080909 0.0
0.0163398 0.00089824 0.0
0.0164031 0.000991022 0.0
0.016425 0.00110719 0.0
0.0164162 0.00116376 0.0
0.0163979 0.00119344 0.0
0.0163869 0.00115669 0.0
0.0164187 0.00112292 0.0
0.0164834 0.00105981 0.0
0.0165689 0.000978022 0.0
0.0166621 0.000915625 0.0
0.0167621 0.000860891 0.0
0.0168734 0.000810502 0.0
0.0169882 0.000766323 0.0
0.0170978 0.000735292 0.0
0.0172081 0.000711362 0.0
0.0173245 0.0006958 0.0
0.0174418 0.000689845 0.0
0.0175569 0.000695871 0.0
0.0176753 0.000709555 0.0
0.0178003 0.000742542 0.0
0.017933 0.000787303 0.0
0.0180697 0.000850125 0.0
0.0181917 0.000955441 0.0
0.0183146 0.00107943 0.0
0.0184426 0.00123922 0.0
0.0185328 0.00143331 0.0
0.0185758 0.00163426 0.0
0.0185828 0.00185553 0.0
0.0185545 0.00204637 0.0
0.01851 0.00219543 0.0
0.0184425 0.00233753 0.0
0.0183557 0.00242939 0.0
0.018287 0.00249254 0.0
0.0182379 0.00251271 0.0
0.0182005 0.00250915 0.0
0.0181767 0.00249949 0.0
0.0181691 0.00246348 0.0
0.0181776 0.00241181 0.0
0.0181971 0.00236114 0.0
0.0182272 0.00230597 0.0
0.0182672 0.00224254 0.0
0.0183118 0.00217807 0.0
0.0183587 0.00211584 0.0
0.0184108 0.00205189 0.0
0.0184666 0.00198702 0.0
0.0185215 0.00192383 0.0
0.0185759 0.00186223 0.0
0.018632 0.00180091 0.0
0.0186878 0.00174095 0.0
0.0187413 0.00168288 0.0
0.0187936 0.00162632 0.0
0.0188455 0.00157108 0.0
0.0188955 0.00151768 0.0
0.0189431 0.00146607 0.0
0.0189893 0.00141606 0.0
0.0190341 0.00136772 0.0
0.0190766 0.00132119 0.0
0.0191172 0.00127633 0.0
0.0191562 0.00123309 0.0
0.0191936 0.00119151 0.0
0.0192289 0.00115156 0.0
0.0192627 0.00111316 0.0
0.019295 0.00107627 0.0
0.0193257 0.00104087 0.0
0.0193549 0.00100691 0.0
0.0193828 0.000974313 0.0
0.0194094 0.000943054 0.0
0.0194347 0.000913083 0.0
0.0194588 0.000884338 0.0
0.0194818 0.000856766 0.0
0.0195038 0.000830327 0.0
0.0195248 0.000804966 0.0
0.0195449 0.00078063 0.0
0.0195642 0.000757273 0.0
0.0195827 0.000734852 0.0
0.0196004 0.000713317 0.0
0.0196175 0.000692624 0.0
0.0196339 0.000672733 0.0
0.0196498 0.000653602 0.0
0.0196651 0.000635191 0.0
0.0196798 0.000617464 0.0
0.0196941 0.000600385 0.0
0.019708 0.00058392 0.0
0.0197215 0.000568036 0.0
0.0197346 0.000552704 0.0
0.0197473 0.000537895 0.0
0.0197597 0.000523581 0.0
0.0197718 0.000509737 0.0
0.0197837 0.000496338 0.0
0.0197953 0.000483363 0.0
0.0198066 0.00047079 0.0
0.0198178 0.000458598 0.0
0.0198287 0.00044677 0.0
0.0198394 0.000435288 0.0
0.01985 0.000424137 0.0
0.0198604 0.000413299 0.0
0.0198707 0.000402763 0.0
0.0198808 0.000392514 0.0
0.0198907 0.000382541 0.0
0.0199006 0.000372831 0.0
0.0199103 0.000363376 0.0
0.0199199 0.000354164 0.0
0.0199295 0.000345187 0.0
0.0199389 0.000336436 0.0
0.0199482 0.000327903 0.0
0.0199574 0.000319582 0.0
0.0199665 0.000311465 0.0
0.0199756 0.000303546 0.0
0.0199846 0.000295819 0.0
0.0199935 0.000288279 0.0
0.0200023 0.00028092 0.0
0.0200111 0.000273738 0.0
0.0200197 0.000266728 0.0
0.0200284 0.000259886 0.0
0.0200369 0.000253208 0.0
0.0200454 0.00024669 0.0
0.0200538 0.000240328 0.0
0.0200621 0.000234118 0.0
0.0200704 0.000228058 0.0
0.0200786 0.000222145 0.0
0.0200868 0.000216373 0.0
0.0200948 0.000210741 0.0
0.0201029 0.000205245 0.0
0.0201108 0.000199882 0.0
0.0201187 0.000194648 0.0
0.0201265 0.000189541 0.0
0.0201342 0.000184555 0.0
0.0201419 0.000179689 0.0
0.0201494 0.000174936 0.0
0.0201569 0.000170295 0.0
0.0201644 0.000165759 0.0
0.0201717 0.000161325 0.0
0.0201789 0.000156987 0.0
0.0201861 0.000152739 0.0
0.0201932 0.000148575 0.0
0.0202001 0.000144489 0.0
0.020207 0.000140472 0.0
0.0202137 0.000136517 0.0
0.0202203 0.000132613 0.0
0.0202268 0.000128752 0.0
0.0202332 0.00012492 0.0
0.0202394 0.000121107 0.0
0.0202454 0.000117295 0.0
0.0202513 0.000113471 0.0
0.020257 0.000109612 0.0
0.0202626 0.000105703 0.0
0.0202679 0.000101713 0.0
0.0202731 9.76232e-05 0.0
0.0202779 9.33916e-05 0.0
0.0202826 8.89972e-05 0.0
0.020287 8.43803e-05 0.0
0.0202911 7.95164e-05 0.0
0.0202948 7.43239e-05 0.0
0.0202983 6.87737e-05 0.0
0.0203014 6.27485e-05 0.0
0.020304 5.62176e-05 0.0
0.0203063 4.90132e-05 0.0
0.0203082 4.11014e-05 0.0
0.0203095 3.2238e-05 0.0
0.0203104 2.23964e-05 0.0
0.0203107 1.12556e-05 0.0
0.0203106 -6.95156e-07 0.0
0.0203101 -7.12028e-06 0.0
0.0 0.0 0.0
0.0 0.0 0.0
0.0193138 3.07061e-05 0.0
0.0193227 0.000100133 0.0
0.0193451 0.000158343 0.0
0.0193726 0.000206204 0.0
0.0194031 0.000268703 0.0
0.0194521 0.000326232 0.0
0.0195093 0.000363594 0.0
0.0195614 0.000410549 0.0
0.0196233 0.000458426 0.0
0.0196994 0.000485565 0.0
0.0197714 0.000514733 0.0
0.0198434 0.000549252 0.0
0.0199247 0.000565742 0.0
0.020008 0.000579668 0.0
0.0200883 0.000598702 0.0
0.0201704 0.000607673 0.0
0.020254 0.000608816 0.0
0.0203375 0.000614477 0.0
0.0204197 0.000615655 0.0
0.0204996 0.00060963 0.0
0.0205789 0.000603821 0.0
0.0206585 0.000598031 0.0
0.0207345 0.000586627 0.0
0.0208066 0.000573757 0.0
0.0208786 0.000560933 0.0
0.0209492 0.000545411 0.0
0.0210145 0.000527255 0.0
0.0210764 0.000509104 0.0
0.0211378 0.000489145 0.0
0.0211958 0.000466867 0.0
0.021248 0.000443676 0.0
0.0212976 0.000419487 0.0
0.0213455 0.000392814 0.0
0.0213882 0.000364608 0.0
0.0214256 0.000335221 0.0
0.0214607 0.000303602 0.0
0.0214921 0.00026944 0.0
0.0215171 0.000233476 0.0
0.0215378 0.000195028 0.0
0.0215553 0.000153361 0.0
0.0215666 0.000108552 0.0
0.0215712 6.0414e-05 0.0
0.0215722 8.0754e-06 0.0
0.0215676 -4.88243e-05 0.0
0.0215538 -0.000110973 0.0
0.0215345 -0.000179081 0.0
0.0215109 -0.000253611 0.0
0.0214763 -0.000335916 0.0
0.0214315 -0.000428087 0.0
0.0213835 -0.000529554 0.0
0.0213258 -0.000641973 0.0
0.0212508 -0.000770714 0.0
0.0211697 -0.000916596 0.0
0.0210848 -0.00107595 0.0
0.0209792 -0.0012615 0.0
0.0208569 -0.00148225 0.0
0.0207373 -0.00172609 0.0
0.0206066 -0.00199787 0.0
0.020455 -0.00234886 0.0
0.0203051 -0.00275634 0.0
0.0201628 -0.00318425 0.0
0.0200387 -0.00372197 0.0
0.0199787 -0.00447127 0.0
0.019954 -0.0051723 0.0
0.0200107 -0.00598724 0.0
0.0203328 -0.0069761 0.0
0.0208651 -0.00779991 0.0
0.0215444 -0.00855422 0.0
0.0219701 -0.00855189 0.0
0.0220738 -0.00851352 0.0
0.0217985 -0.00753804 0.0
0.021147 -0.007019 0.0
0.0205283 -0.00595588 0.0
0.0195769 -0.00457649 0.0
0.0181544 -0.00348264 0.0
0.0165205 -0.00246812 0.0
0.0149665 -0.00170105 0.0
0.0137892 -0.00161645 0.0
0.0129652 -0.00192323 0.0
0.0121891 -0.00204222 0.0
0.0114408 -0.00169981 0.0
0.0106781 -0.000683118 0.0
0.00996981 -0.000261295 0.0
0.00941829 -9.51454e-06 0.0
0.00895505 4.10424e-05 0.0
0.00862964 9.06064e-05 0.0
0.00841742 0.000172284 0.0
0.00823396 0.000188426 0.0
0.00807193 0.000207776 0.0
0.00795623 0.000234537 0.0
0.00787037 0.000257537 0.0
0.00779649 0.000260205 0.0
0.00773994 0.000270622 0.0
0.00770245 0.000281382 0.0
0.00767538 0.000288119 0.0
0.00765813 0.000289714 0.0
0.00765199 0.000293115 0.0
0.00765378 0.000298361 0.0
0.00766503 0.000301986 0.0
0.00768834 0.000301761 0.0
0.00771565 0.000300397 0.0
0.00774986 0.000314449 0.0
0.00781 0.000314637 0.0
0.00789019 0.000302636 0.0
0.0079809 0.000354539 0.0
0.0081349 0.000476325 0.0
0.0082732 0.000974729 0.0
0.00836121 0.0013301 0.0
0.00845555 0.00150758 0.0
0.0086486 0.00118088 0.0
0.00895525 0.000980413 0.0
0.00924088 0.000841923 0.0
0.0095054 0.000758114 0.0
0.00977384 0.000682123 0.0
0.0100171 0.000628294 0.0
0.0102202 0.000599464 0.0
0.0104402 0.000566559 0.0
0.0107033 0.000656226 0.0
0.010979 0.000781793 0.0
0.0111692 0.00100737 0.0
0.0111712 0.00127028 0.0
0.01108 0.00136684 0.0
0.0111086 0.00128442 0.0
0.0112934 0.00119449 0.0
0.0115331 0.00101933 0.0
0.0117538 0.000915199 0.0
0.0119486 0.000830256 0.0
0.0121529 0.000757198 0.0
0.012358 0.000692208 0.0
0.0125396 0.000649408 0.0
0.0127065 0.000618913 0.0
0.0128779 0.000590966 0.0
0.0130456 0.000592011 0.0
0.0132173 0.000593841 0.0
0.0133794 0.000676351 0.0
0.0134923 0.000810832 0.0
0.0135905 0.000925287 0.0
0.0136283 0.00112548 0.0
0.0136175 0.00117276 0.0
0.0136275 0.00119971 0.0
0.0136442 0.00115022 0.0
0.0137136 0.00104022 0.0
0.0138377 0.000952358 0.0
0.0139764 0.000865507 0.0
0.014114 0.000798545 0.0
0.0142521 0.000735159 0.0
0.0143902 0.000683733 0.0
0.014525 0.000642855 0.0
0.0146578 0.000613457 0.0
0.0147896 0.000588393 0.0
0.0149179 0.000573277 0.0
0.0150435 0.000566733 0.0
0.0151744 0.00056999 0.0
0.0153122 0.000581867 0.0
0.0154493 0.000608657 0.0
0.015592 0.000638122 0.0
0.01575 0.000709045 0.0
0.0159229 0.000810229 0.0
0.0161095 0.000923863 0.0
0.0162607 0.00111841 0.0
0.0163592 0.00134903 0.0
0.0164146 0.0016133 0.0
0.0164363 0.00185157 0.0
0.016419 0.00208396 0.0
0.0163675 0.00224457 0.0
0.0163194 0.00240537 0.0
0.0162835 0.00249581 0.0
0.016273 0.00251768 0.0
0.0162707 0.0025375 0.0
0.0162723 0.00252121 0.0
0.0163108 0.00247876 0.0
0.0163814 0.00242647 0.0
0.0164593 0.00236818 0.0
0.0165431 0.00230421 0.0
0.0166407 0.00223625 0.0
0.016747 0.00216903 0.0
0.0168551 0.00210257 0.0
0.0169647 0.00203583 0.0
0.017076 0.00196904 0.0
0.0171872 0.00190493 0.0
0.0172972 0.00184254 0.0
0.0174058 0.00178085 0.0
0.0175121 0.00172059 0.0
0.0176157 0.00166298 0.0
0.0177168 0.00160692 0.0
0.017815 0.00155209 0.0
0.0179098 0.00149922 0.0
0.0180014 0.00144854 0.0
0.0180901 0.0013993 0.0
0.0181753 0.00135161 0.0
0.0182573 0.00130588 0.0
0.0183363 0.00126192 0.0
0.0184121 0.00121938 0.0
0.0184849 0.00117847 0.0
0.0185548 0.00113927 0.0
0.0186219 0.00110157 0.0
0.0186863 0.00106524 0.0
0.0187479 0.00103041 0.0
0.0188072 0.000997033 0.0
0.018864 0.000964934 0.0
0.0189185 0.000934101 0.0
0.0189708 0.000904568 0.0
0.0190211 0.000876226 0.0
0.0190694 0.00084899 0.0
0.0191157 0.00082286 0.0
0.0191603 0.000797803 0.0
0.0192033 0.00077373 0.0
0.0192446 0.000750597 0.0
0.0192844 0.000728388 0.0
0.0193227 0.00070705 0.0
0.0193598 0.000686523 0.0
0.0193955 0.000666777 0.0
0.01943 0.000647784 0.0
0.0194634 0.000629495 0.0
0.0194957 0.000611868 0.0
0.0195269 0.000594881 0.0
0.0195573 0.000578501 0.0
0.0195866 0.000562688 0.0
0.0196152 0.000547416 0.0
0.0196429 0.000532662 0.0
0.0196698 0.000518396 0.0
0.019696 0.00050459 0.0
0.0197215 0.000491225 0.0
0.0197464 0.00047828 0.0
0.0197706 0.000465731 0.0
0.0197942 0.000453558 0.0
0.0198173 0.000441746 0.0
0.0198399 0.000430277 0.0
0.0198619 0.000419134 0.0
0.0198834 0.000408303 0.0
0.0199045 0.000397771 0.0
0.0199251 0.000387524 0.0
0.0199454 0.00037755 0.0
0.0199652 0.000367838 0.0
0.0199846 0.000358378 0.0
0.0200036 0.00034916 0.0
0.0200223 0.000340176 0.0
0.0200407 0.000331417 0.0
0.0200587 0.000322875 0.0
0.0200764 0.000314543 0.0
0.0200939 0.000306415 0.0
0.020111 0.000298484 0.0
0.0201278 0.000290744 0.0
0.0201444 0.000283191 0.0
0.0201607 0.000275819 0.0
0.0201767 0.000268624 0.0
0.0201925 0.0002616 0.0
0.020208 0.000254745 0.0
0.0202233 0.000248054 0.0
0.0202384 0.000241523 0.0
0.0202532 0.000235149 0.0
0.0202679 0.000228928 0.0
0.0202823 0.000222858 0.0
0.0202965 0.000216935 0.0
0.0203105 0.000211156 0.0
0.0203243 0.000205518 0.0
0.0203379 0.000200019 0.0
0.0203513 0.000194654 0.0
0.0203645 0.000189422 0.0
0.0203775 0.000184319 0.0
0.0203903 0.000179342 0.0
0.0204029 0.000174488 0.0
0.0204154 0.000169753 0.0
0.0204276 0.000165134 0.0
0.0204397 0.000160626 0.0
0.0204516 0.000156227 0.0
0.0204632 0.000151931 0.0
0.0204747 0.000147734 0.0
0.020486 0.00014363 0.0
0.0204971 0.000139614 0.0
0.0205081 0.000135679 0.0
0.0205188 0.000131819 0.0
0.0205293 0.000128027 0.0
0.0205395 0.000124292 0.0
0.0205496 0.000120607 0.0
0.0205594 0.000116959 0.0
0.0205691 0.000113338 0.0
0.0205784 0.000109728 0.0
0.0205875 0.000106118 0.0
0.0205964 0.000102486 0.0
0.0206049 9.88164e-05 0.0
0.0206132 9.50815e-05 0.0
0.0206212 9.12639e-05 0.0
0.0206288 8.73226e-05 0.0
0.0206361 8.32388e-05 0.0
0.0206429 7.89561e-05 0.0
0.0206494 7.44507e-05 0.0
0.0206555 6.9643e-05 0.0
0.0206611 6.45081e-05 0.0
0.0206662 5.89306e-05 0.0
0.0206707 5.28814e-05 0.0
0.0206747 4.61954e-05 0.0
0.020678 3.88436e-05 0.0
0.0206806 3.05793e-05 0.0
0.0206825 2.1381e-05 0.0
0.0206836 1.09128e-05 0.0
0.0206839 -4.11812e-07 0.0
0.0206835 -6.53594e-06 0.0
0.0 0.0 0.0
0.0 0.0 0.0
0.0193083 3.17478e-05 0.0
0.0193201 7.91609e-05 0.0
0.0193426 0.000129098 0.0
0.0193659 0.000185024 0.0
0.0193978 0.000230974 0.0
0.0194427 0.00026757 0.0
0.0194893 0.000315204 0.0
0.0195409 0.000360609 0.0
0.0196024 0.000384635 0.0
0.0196665 0.000414282 0.0
0.0197325 0.000452204 0.0
0.0198051 0.000471024 0.0
0.0198788 0.000482694 0.0
0.0199536 0.000505913 0.0
0.0200317 0.000520357 0.0
0.0201097 0.000522776 0.0
0.0201872 0.000529092 0.0
0.0202669 0.000536734 0.0
0.0203449 0.000534711 0.0
0.0204208 0.000530255 0.0
0.0204979 0.000527933 0.0
0.0205738 0.000522728 0.0
0.0206453 0.000512574 0.0
0.0207165 0.000502409 0.0
0.0207875 0.000491913 0.0
0.0208539 0.000478832 0.0
0.020917 0.000463469 0.0
0.0209799 0.000447794 0.0
0.02104 0.000430945 0.0
0.0210947 0.000412327 0.0
0.0211473 0.000392133 0.0
0.0211982 0.000370954 0.0
0.0212442 0.000348436 0.0
0.0212857 0.000324329 0.0
0.0213248 0.000298296 0.0
0.0213602 0.0002707 0.0
0.02139 0.000241546 0.0
0.0214155 0.000210072 0.0
0.0214374 0.000175778 0.0
0.0214537 0.000139431 0.0
0.021464 0.000100569 0.0
0.0214696 5.76049e-05 0.0
0.0214693 1.07916e-05 0.0
0.0214616 -3.89904e-05 0.0
0.0214475 -9.39522e-05 0.0
0.0214266 -0.00015566 0.0
0.0213968 -0.000222361 0.0
0.0213581 -0.000295058 0.0
0.0213112 -0.000378267 0.0
0.0212535 -0.000471217 0.0
0.0211835 -0.000572442 0.0
0.0211026 -0.000688004 0.0
0.021009 -0.000822238 0.0
0.020899 -0.000971283 0.0
0.0207745 -0.00114135 0.0
0.0206337 -0.00134237 0.0
0.0204731 -0.00157531 0.0
0.0202974 -0.0018442 0.0
0.0201024 -0.00217061 0.0
0.0198775 -0.00255204 0.0
0.019661 -0.00301623 0.0
0.0194664 -0.00359672 0.0
0.0192122 -0.00429596 0.0
0.018977 -0.00509815 0.0
0.019088 -0.00625759 0.0
0.0193943 -0.0072597 0.0
0.0195614 -0.00831449 0.0
0.019874 -0.00911661 0.0
0.0200736 -0.0085945 0.0
0.019999 -0.00826343 0.0
0.0193844 -0.00685239 0.0
0.0176735 -0.00566395 0.0
0.0155644 -0.00470081 0.0
0.0136932 -0.00326186 0.0
0.0119592 -0.00165869 0.0
0.010505 -0.0009363 0.0
0.00936307 -0.000435119 0.0
0.00817843 -0.00050788 0.0
0.0069612 -0.000960932 0.0
0.00599773 -0.00126153 0.0
0.0049743 -0.000637323 0.0
0.00392877 3.52053e-05 0.0
0.00344591 0.000236911 0.0
0.00329508 0.000288594 0.0
0.00319216 0.000292067 0.0
0.00307762 0.000270073 0.0
0.00298634 0.000300873 0.0
0.00293302 0.00030218 0.0
0.00288362 0.000300287 0.0
0.00284101 0.000299083 0.0
0.00281283 0.000307008 0.0
0.00279312 0.00030296 0.0
0.00277446 0.000300743 0.0
0.00276181 0.000300386 0.0
0.00275586 0.000300527 0.0
0.00275282 0.000296188 0.0
0.00275115 0.000293043 0.0
0.0027538 0.000292178 0.0
0.00276046 0.000288767 0.0
0.00276888 0.000284115 0.0
0.00277765 0.000279587 0.0
0.0027941 0.000282352 0.0
0.00281441 0.000271334 0.0
0.00282785 0.00026427 0.0
0.00283788 0.000263632 0.0
0.00294123 0.000323847 0.0
0.00329892 0.000666747 0.0
0.00367798 0.00118817 0.0
0.00410289 0.00112096 0.0
0.00472783 0.000761032 0.0
0.00523707 0.000605332 0.0
0.00555309 0.000573251 0.0
0.00580464 0.000494671 0.0
0.00604667 0.00043639 0.0
0.00625275 0.000418956 0.0
0.006435 0.000398037 0.0
0.00661634 0.000359991 0.0
0.00679581 0.000394588 0.0
0.00701415 0.000497304 0.0
0.00720502 0.000938781 0.0
0.00734567 0.0012473 0.0
0.00748347 0.00139579 0.0
0.00769718 0.00109157 0.0
0.00800278 0.000901732 0.0
0.00828474 0.000768304 0.0
0.00853922 0.000686758 0.0
0.00878307 0.000609716 0.0
0.00899907 0.000547118 0.0
0.00918101 0.00050492 0.0
0.00935356 0.000474845 0.0
0.00952728 0.000448341 0.0
0.00968776 0.000432971 0.0
0.00982643 0.000431462 0.0
0.00998422 0.000415643 0.0
0.0101859 0.000516557 0.0
0.0104083 0.000650421 0.0
0.0105542 0.000874855 0.0
0.010523 0.00112682 0.0
0.0104134 0.00121794 0.0
0.0104252 0.00114003 0.0
0.0105844 0.00105162 0.0
0.0107924 0.000888261 0.0
0.0109838 0.000791036 0.0
0.0111534 0.000710594 0.0
0.01133 0.000642446 0.0
0.0115062 0.00058169 0.0
0.0116624 0.000540392 0.0
0.0118042 0.000505039 0.0
0.0119458 0.000476795 0.0
0.0120827 0.000456292 0.0
0.0122109 0.000445211 0.0
0.0123394 0.000436893 0.0
0.0124721 0.000435808 0.0
0.0126046 0.000443961 0.0
0.0127409 0.000464072 0.0
0.0128918 0.000484951 0.0
0.0130584 0.00054025 0.0
0.0132504 0.000599113 0.0
0.0134462 0.000748862 0.0
0.0136063 0.000983961 0.0
0.0137823 0.00122422 0.0
0.0139087 0.00158349 0.0
0.013944 0.00183832 0.0
0.0139603 0.00209153 0.0
0.0139383 0.00231554 0.0
0.0139275 0.00241052 0.0
0.0139524 0.00248701 0.0
0.0139849 0.00249834 0.0
0.0140546 0.0024982 0.0
0.0141664 0.00245521 0.0
0.0143003 0.00237923 0.0
0.0144441 0.00231163 0.0
0.0146057 0.00224528 0.0
0.0147848 0.00217012 0.0
0.0149658 0.00209498 0.0
0.0151416 0.00202699 0.0
0.0153202 0.00195876 0.0
0.0155023 0.00189084 0.0
0.0156792 0.00182646 0.0
0.0158498 0.00176506 0.0
0.0160187 0.00170422 0.0
0.0161847 0.00164575 0.0
0.016344 0.00158997 0.0
0.0164979 0.00153583 0.0
0.0166483 0.0014831 0.0
0.0167936 0.00143275 0.0
0.0169329 0.00138428 0.0
0.0170675 0.00133726 0.0
0.0171978 0.00129196 0.0
0.0173228 0.00124861 0.0
0.0174428 0.00120676 0.0
0.0175586 0.00116638 0.0
0.0176701 0.00112764 0.0
0.017777 0.00109047 0.0
0.0178797 0.00105464 0.0
0.0179787 0.0010202 0.0
0.0180737 0.000987194 0.0
0.018165 0.00095548 0.0
0.0182528 0.00092497 0.0
0.0183372 0.000895704 0.0
0.0184184 0.000867628 0.0
0.0184965 0.000840643 0.0
0.0185717 0.000814717 0.0
0.0186441 0.000789843 0.0
0.0187137 0.000765949 0.0
0.0187809 0.000742975 0.0
0.0188456 0.0007209 0.0
0.018908 0.000699689 0.0
0.0189682 0.000679283 0.0
0.0190264 0.000659644 0.0
0.0190826 0.000640747 0.0
0.0191369 0.00062255 0.0
0.0191894 0.000605012 0.0
0.0192402 0.000588104 0.0
0.0192894 0.000571799 0.0
0.019337 0.000556061 0.0
0.0193832 0.000540859 0.0
0.019428 0.00052617 0.0
0.0194714 0.000511969 0.0
0.0195136 0.000498227 0.0
0.0195546 0.000484922 0.0
0.0195945 0.000472034 0.0
0.0196333 0.000459542 0.0
0.019671 0.000447425 0.0
0.0197077 0.000435665 0.0
0.0197435 0.000424247 0.0
0.0197784 0.000413154 0.0
0.0198124 0.00040237 0.0
0.0198456 0.000391882 0.0
0.0198779 0.000381678 0.0
0.0199096 0.000371745 0.0
0.0199404 0.000362072 0.0
0.0199706 0.000352648 0.0
0.0200001 0.000343464 0.0
0.020029 0.000334511 0.0
0.0200573 0.00032578 0.0
0.0200849 0.000317264 0.0
0.020112 0.000308956 0.0
0.0201385 0.000300848 0.0
0.0201645 0.000292936 0.0
0.0201899 0.000285212 0.0
0.0202149 0.000277672 0.0
0.0202393 0.000270311 0.0
0.0202633 0.000263123 0.0
0.0202869 0.000256106 0.0
0.02031 0.000249255 0.0
0.0203327 0.000242565 0.0
0.0203549 0.000236035 0.0
0.0203768 0.000229659 0.0
0.0203983 0.000223436 0.0
0.0204193 0.000217362 0.0
0.0204401 0.000211435 0.0
0.0204604 0.000205651 0.0
0.0204804 0.000200008 0.0
0.0205 0.000194503 0.0
0.0205193 0.000189134 0.0
0.0205383 0.000183899 0.0
0.020557 0.000178794 0.0
0.0205753 0.000173818 0.0
0.0205933 0.000168967 0.0
0.020611 0.000164239 0.0
0.0206284 0.000159632 0.0
0.0206455 0.000155142 0.0
0.0206623 0.000150765 0.0
0.0206788 0.0001465 0.0
0.020695 0.000142342 0.0
0.0207109 0.000138288 0.0
0.0207265 0.000134332 0.0
0.0207419 0.000130472 0.0
0.0207569 0.000126701 0.0
0.0207716 0.000123014 0.0
0.0207861 0.000119406 0.0
0.0208002 0.000115868 0.0
0.0208141 0.000112394 0.0
0.0208276 0.000108976 0.0
0.0208408 0.000105603 0.0
0.0208537 0.000102265 0.0
0.0208663 9.89488e-05 0.0
0.0208785 9.56432e-05 0.0
0.0208903 9.23285e-05 0.0
0.0209018 8.89921e-05 0.0
0.0209129 8.56067e-05 0.0
0.0209236 8.21582e-05 0.0
0.0209339 7.86085e-05 0.0
0.0209437 7.49399e-05 0.0
0.0209531 7.11003e-05 0.0
0.0209619 6.70696e-05 0.0
0.0209702 6.2772e-05 0.0
0.0209778 5.81848e-05 0.0
0.0209849 5.32003e-05 0.0
0.0209912 4.77934e-05 0.0
0.0209968 4.18044e-05 0.0
0.0210016 3.52096e-05 0.0
0.0210055 2.77721e-05 0.0
0.0210084 1.94745e-05 0.0
0.0210102 9.98042e-06 0.0
0.0210109 -3.70435e-07 0.0
0.0210106 -5.99654e-06 0.0
0.0 0.0 0.0
0.0 0.0 0.0
0.0193164 2.72836e-05 0.0
0.0193261 6.57883e-05 0.0
0.019337 0.000110008 0.0
0.0193611 0.000156071 0.0
0.0193966 0.000191818 0.0
0.0194313 0.000228978 0.0
0.0194717 0.000269722 0.0
0.0195265 0.000298779 0.0
0.0195824 0.000325813 0.0
0.0196372 0.000359139 0.0
0.0197016 0.000379784 0.0
0.0197718 0.000395037 0.0
0.0198393 0.000418015 0.0
0.0199092 0.000432959 0.0
0.0199837 0.00043737 0.0
0.0200587 0.000448443 0.0
0.0201326 0.000457738 0.0
0.0202068 0.000456592 0.0
0.0202817 0.000456038 0.0
0.0203569 0.00045884 0.0
0.0204298 0.0004546 0.0
0.0205006 0.000447035 0.0
0.0205719 0.000442085 0.0
0.0206421 0.000435253 0.0
0.0207082 0.000423844 0.0
0.0207723 0.00041297 0.0
0.0208363 0.000402142 0.0
0.0208972 0.000388459 0.0
0.0209535 0.000373288 0.0
0.0210081 0.000358389 0.0
0.0210613 0.000341794 0.0
0.0211098 0.000323383 0.0
0.0211539 0.000304311 0.0
0.0211961 0.000284127 0.0
0.0212351 0.00026197 0.0
0.0212683 0.000238514 0.0
0.0212974 0.0002136 0.0
0.0213237 0.000186581 0.0
0.0213445 0.00015754 0.0
0.0213587 0.000126424 0.0
0.0213689 9.25089e-05 0.0
0.0213743 5.57926e-05 0.0
0.021371 1.60573e-05 0.0
0.021361 -2.77349e-05 0.0
0.0213465 -7.57259e-05 0.0
0.0213223 -0.000127913 0.0
0.0212865 -0.000186129 0.0
0.0212449 -0.00025122 0.0
0.0211946 -0.000322409 0.0
0.0211264 -0.000402288 0.0
0.0210463 -0.000494146 0.0
0.0209602 -0.00059608 0.0
0.0208527 -0.000710275 0.0
0.0207184 -0.000845696 0.0
0.0205774 -0.00100145 0.0
0.0204203 -0.00117418 0.0
0.020217 -0.00138496 0.0
0.0199875 -0.00164357 0.0
0.0197588 -0.00193156 0.0
0.0194816 -0.00227904 0.0
0.0191344 -0.00276036 0.0
0.0187827 -0.00331868 0.0
0.0184556 -0.00394841 0.0
0.01811 -0.00491415 0.0
0.0177601 -0.00628432 0.0
0.0175055 -0.00734175 0.0
0.017749 -0.00870342 0.0
0.0181935 -0.00907868 0.0
0.0179509 -0.00865784 0.0
0.0164122 -0.00696739 0.0
0.013755 -0.00508716 0.0
0.010679 -0.00292507 0.0
0.00824338 -0.00260388 0.0
0.00626881 -0.00118793 0.0
0.00442207 -0.000154592 0.0
0.00343276 0.000118079 0.0
0.00300309 0.000287957 0.0
0.00273895 0.000300519 0.0
0.00227931 0.000114969 0.0
0.00125061 -8.29883e-05 0.0
0.0 0.0 0.0
0.0 0.0 0.0
0.0 0.0 0.0
0.0 0.0 0.0
0.0 0.0 0.0
0.0 0.0 0.0
0.0 0.0 0.0
0.0 0.0 0.0
0.0 0.0 0.0
0.0 0.0 0.0
0.0 0.0 0.0
0.0 0.0 0.0
0.0 0.0 0.0
0.0 0.0 0.0
0.0 0.0 0.0
0.0 0.0 0.0
0.0 0.0 0.0
0.0 0.0 0.0
0.0 0.0 0.0
0.0 0.0 0.0
0.0 0.0 0.0
0.0 0.0 0.0
0.0 0.0 0.0
0.0 0.0 0.0
0.0 0.0 0.0
0.0 0.0 0.0
0.0 0.0 0.0
0.000453331 0.000554313 0.0
0.00120362 0.000436616 0.0
0.00152378 0.000311919 0.0
0.001679 0.000294093 0.0
0.0018654 0.00032746 0.0
0.00202967 0.000292946 0.0
0.00212123 0.000270751 0.0
0.00220291 0.000274666 0.0
0.00228852 0.000267991 0.0
0.00234986 0.000250617 0.0
0.00239199 0.000248016 0.0
0.00251873 0.000304668 0.0
0.00287393 0.000612752 0.0
0.00324129 0.00107719 0.0
0.00364263 0.00101494 0.0
0.00422091 0.000689985 0.0
0.00469136 0.000546573 0.0
0.0049812 0.000514728 0.0
0.00520908 0.000444386 0.0
0.00542937 0.000391129 0.0
0.00561215 0.000364698 0.0
0.00575816 0.00034645 0.0
0.00589519 0.000319647 0.0
0.00601954 0.000302255 0.0
0.00612881 0.000302373 0.0
0.0062457 0.000290239 0.0
0.00637134 0.000269309 0.0
0.00649676 0.000310111 0.0
0.00666889 0.000413871 0.0
0.0068251 0.000839473 0.0
0.00693653 0.00113139 0.0
0.00705094 0.00125863 0.0
0.00723835 0.000972163 0.0
0.00750929 0.000792915 0.0
0.0077591 0.000667975 0.0
0.0079846 0.000590307 0.0
0.00819819 0.000518699 0.0
0.00838373 0.000460733 0.0
0.00854123 0.000419755 0.0
0.00869049 0.000391076 0.0
0.00883209 0.000365164 0.0
0.00895819 0.000344063 0.0
0.00907402 0.000331047 0.0
0.00919117 0.000321194 0.0
0.00930865 0.000313831 0.0
0.00941878 0.000312905 0.0
0.00953145 0.000316069 0.0
0.00966331 0.000323285 0.0
0.00980425 0.000340612 0.0
0.00993992 0.000370404 0.0
0.0101149 0.000389902 0.0
0.0103624 0.000544377 0.0
0.0106589 0.000748838 0.0
0.0109055 0.00106604 0.0
0.0109717 0.00150525 0.0
0.010931 0.00184239 0.0
0.0109978 0.0020276 0.0
0.0111543 0.00227764 0.0
0.0113071 0.00233595 0.0
0.0114419 0.00241468 0.0
0.0115527 0.0024252 0.0
0.0117226 0.00234366 0.0
0.0119648 0.00226289 0.0
0.0122248 0.00218734 0.0
0.0124849 0.00210704 0.0
0.012753 0.00202135 0.0
0.013022 0.00194575 0.0
0.0132876 0.0018762 0.0
0.0135518 0.00180782 0.0
0.0138102 0.00174024 0.0
0.0140587 0.00167863 0.0
0.0143011 0.00162039 0.0
0.0145384 0.00156327 0.0
0.0147669 0.00150805 0.0
0.0149862 0.00145652 0.0
0.0151993 0.00140687 0.0
0.0154054 0.00135843 0.0
0.0156031 0.00131207 0.0
0.0157933 0.00126809 0.0
0.0159772 0.00122544 0.0
0.0161541 0.00118418 0.0
0.0163238 0.00114477 0.0
0.0164873 0.00110703 0.0
0.0166448 0.00107047 0.0
0.016796 0.00103532 0.0
0.0169412 0.0010017 0.0
0.0170811 0.000969368 0.0
0.0172156 0.000938158 0.0
0.0173449 0.000908237 0.0
0.0174692 0.000879556 0.0
0.0175888 0.000851938 0.0
0.017704 0.000825363 0.0
0.0178147 0.00079989 0.0
0.0179213 0.00077542 0.0
0.018024 0.000751861 0.0
0.0181229 0.000729221 0.0
0.0182181 0.000707487 0.0
0.01831 0.000686573 0.0
0.0183986 0.000666437 0.0
0.018484 0.000647076 0.0
0.0185665 0.000628447 0.0
0.0186462 0.000610493 0.0
0.0187231 0.000593192 0.0
0.0187975 0.000576524 0.0
0.0188694 0.000560448 0.0
0.0189389 0.000544926 0.0
0.0190063 0.000529941 0.0
0.0190715 0.000515468 0.0
0.0191346 0.000501473 0.0
0.0191959 0.000487932 0.0
0.0192553 0.000474829 0.0
0.0193129 0.000462139 0.0
0.0193688 0.000449837 0.0
0.0194231 0.000437908 0.0
0.0194759 0.000426334 0.0
0.0195272 0.000415096 0.0
0.0195772 0.000404177 0.0
0.0196257 0.000393564 0.0
0.019673 0.000383243 0.0
0.019719 0.0003732 0.0
0.0197639 0.000363422 0.0
0.0198076 0.000353899 0.0
0.0198502 0.00034462 0.0
0.0198918 0.000335574 0.0
0.0199324 0.000326753 0.0
0.019972 0.000318149 0.0
0.0200107 0.000309753 0.0
0.0200485 0.000301558 0.0
0.0200854 0.000293557 0.0
0.0201215 0.000285745 0.0
0.0201567 0.000278115 0.0
0.0201913 0.000270663 0.0
0.020225 0.000263382 0.0
0.0202581 0.00025627 0.0
0.0202904 0.000249321 0.0
0.0203221 0.000242531 0.0
0.0203531 0.000235898 0.0
0.0203835 0.000229418 0.0
0.0204132 0.000223087 0.0
0.0204424 0.000216903 0.0
0.020471 0.000210863 0.0
0.020499 0.000204965 0.0
0.0205265 0.000199206 0.0
0.0205534 0.000193584 0.0
0.0205798 0.000188097 0.0
0.0206058 0.000182743 0.0
0.0206312 0.000177519 0.0
0.0206561 0.000172424 0.0
0.0206806 0.000167456 0.0
0.0207046 0.000162613 0.0
0.0207282 0.000157893 0.0
0.0207513 0.000153294 0.0
0.020774 0.000148814 0.0
0.0207963 0.000144451 0.0
0.0208182 0.000140203 0.0
0.0208396 0.000136067 0.0
0.0208607 0.000132041 0.0
0.0208813 0.000128122 0.0
0.0209016 0.000124307 0.0
0.0209214 0.000120594 0.0
0.0209409 0.000116979 0.0
0.02096 0.000113457 0.0
0.0209787 0.000110025 0.0
0.020997 0.000106679 0.0
0.0210149 0.000103412 0.0
0.0210325 0.00010022 0.0
0.0210496 9.70957e-05 0.0
0.0210664 9.40321e-05 0.0
0.0210828 9.10198e-05 0.0
0.0210987 8.80519e-05 0.0
0.0211143 8.51151e-05 0.0
0.0211294 8.22004e-05 0.0
0.021144 7.92906e-05 0.0
0.0211583 7.63754e-05 0.0
0.021172 7.34298e-05 0.0
0.0211853 7.04418e-05 0.0
0.021198 6.73783e-05 0.0
0.0212102 6.42239e-05 0.0
0.0212218 6.09309e-05 0.0
0.0212328 5.74831e-05 0.0
0.0212431 5.38125e-05 0.0
0.0212528 4.98991e-05 0.0
0.0212616 4.56447e-05 0.0
0.0212697 4.10293e-05 0.0
0.0212768 3.59062e-05 0.0
0.021283 3.02561e-05 0.0
0.021288 2.38602e-05 0.0
0.0212919 1.67067e-05 0.0
0.0212944 8.47662e-06 0.0
0.0212955 -5.63663e-07 0.0
0.0212953 -5.50048e-06 0.0
0.0 0.0 0.0
0.0 0.0 0.0
0.0193162 1.85529e-05 0.0
0.0193217 5.8256e-05 0.0
0.0193361 9.40793e-05 0.0
0.0193611 0.000123234 0.0
0.0193891 0.000158482 0.0
0.0194225 0.000195763 0.0
0.0194657 0.000220263 0.0
0.0195127 0.000244156 0.0
0.0195618 0.000276414 0.0
0.0196196 0.000298642 0.0
0.0196808 0.000311422 0.0
0.0197414 0.000332828 0.0
0.0198075 0.000351101 0.0
0.0198775 0.000357924 0.0
0.0199458 0.000366921 0.0
0.0200159 0.000378556 0.0
0.0200886 0.000381933 0.0
0.0201602 0.000382627 0.0
0.0202314 0.000385565 0.0
0.0203034 0.000385937 0.0
0.0203738 0.000381927 0.0
0.0204431 0.000378067 0.0
0.0205122 0.000373865 0.0
0.0205789 0.000367363 0.0
0.0206431 0.000359059 0.0
0.0207071 0.00035054 0.0
0.0207687 0.000341064 0.0
0.0208263 0.000330246 0.0
0.0208824 0.000318214 0.0
0.020937 0.000305524 0.0
0.0209872 0.000291975 0.0
0.0210338 0.000277338 0.0
0.0210786 0.00026135 0.0
0.0211199 0.000244429 0.0
0.021156 0.000226623 0.0
0.0211889 0.000207373 0.0
0.0212185 0.000186284 0.0
0.0212426 0.000164002 0.0
0.0212613 0.000140425 0.0
0.0212761 0.000114356 0.0
0.0212851 8.57691e-05 0.0
0.0212869 5.56524e-05 0.0
0.021283 2.28895e-05 0.0
0.0212728 -1.42172e-05 0.0
0.0212533 -5.44115e-05 0.0
0.0212251 -9.72742e-05 0.0
0.0211897 -0.000146058 0.0
0.0211427 -0.000201505 0.0
0.0210822 -0.000260776 0.0
0.0210119 -0.000326901 0.0
0.0209282 -0.000404979 0.0
0.0208238 -0.000492114 0.0
0.0207028 -0.000587124 0.0
0.0205666 -0.000700458 0.0
0.0204014 -0.000834988 0.0
0.0202045 -0.000984804 0.0
0.0199873 -0.0011604 0.0
0.0197329 -0.00138011 0.0
0.0194214 -0.00164129 0.0
0.0190702 -0.00195311 0.0
0.0186749 -0.00235086 0.0
0.0181896 -0.00286353 0.0
0.0176465 -0.00353062 0.0
0.0170296 -0.00443654 0.0
0.0162503 -0.00561077 0.0
0.0156687 -0.00724448 0.0
0.0157437 -0.00913378 0.0
0.0150582 -0.00833857 0.0
0.0126346 -0.00710656 0.0
0.00942412 -0.00404407 0.0
0.00633377 -0.00177122 0.0
0.00393175 -0.000299928 0.0
0.00181638 -0.000329172 0.0
0.0 0.0 0.0
0.0 0.0 0.0
0.0 0.0 0.0
0.0 0.0 0.0
0.0 0.0 0.0
0.0 0.0 0.0
0.0 0.0 0.0
0.0 0.0 0.0
0.0 0.0 0.0
0.0 0.0 0.0
0.0 0.0 0.0
0.0 0.0 0.0
0.0 0.0 0.0
0.0 0.0 0.0
0.0 0.0 0.0
0.0 0.0 0.0
0.0 0.0 0.0
0.0 0.0 0.0
0.0 0.0 0.0
0.0 0.0 0.0
0.0 0.0 0.0
0.0 0.0 0.0
0.0 0.0 0.0
0.0 0.0 0.0
0.0 0.0 0.0
0.0 0.0 0.0
0.0 0.0 0.0
0.0 0.0 0.0
0.0 0.0 0.0
0.0 0.0 0.0
0.0 0.0 0.0
0.0 0.0 0.0
0.0 0.0 0.0
0.0 0.0 0.0
0.0 0.0 0.0
0.0 0.0 0.0
0.0 0.0 0.0
0.0 0.0 0.0
0.0 0.0 0.0
0.0 0.0 0.0
0.0 0.0 0.0
0.0 0.0 0.0
0.0 0.0 0.0
0.0 0.0 0.0
0.0 0.0 0.0
0.0 0.0 0.0
0.0 0.0 0.0
0.000406603 0.000498983 0.0
0.00108261 0.000392919 0.0
0.00137156 0.00028006 0.0
0.00151149 0.00026303 0.0
0.00167929 0.00029302 0.0
0.00182705 0.000262227 0.0
0.00190993 0.000242211 0.0
0.00197991 0.000241665 0.0
0.0020524 0.000240433 0.0
0.00210951 0.000226582 0.0
0.00215166 0.000219674 0.0
0.00219843 0.000222411 0.0
0.00224372 0.000210685 0.0
0.00227457 0.000201112 0.0
0.00229924 0.000200743 0.0
0.00240593 0.000254236 0.0
0.00272993 0.000547487 0.0
0.00307208 0.000979757 0.0
0.00344764 0.000912528 0.0
0.00397978 0.000609202 0.0
0.00440737 0.000474807 0.0
0.00466827 0.000442749 0.0
0.00487077 0.00037651 0.0
0.00506515 0.000328853 0.0
0.00522605 0.000302922 0.0
0.00535152 0.000284943 0.0
0.00546538 0.000260714 0.0
0.00557087 0.000248396 0.0
0.00566322 0.000239247 0.0
0.00574909 0.000230188 0.0
0.00583339 0.000218843 0.0
0.00591361 0.000216742 0.0
0.00599401 0.000214791 0.0
0.00608118 0.000210132 0.0
0.00616961 0.000205225 0.0
0.00626087 0.000220435 0.0
0.00637638 0.000221061 0.0
0.0065212 0.000213676 0.0
0.00668752 0.000281167 0.0
0.00691746 0.000423728 0.0
0.00715739 0.000927275 0.0
0.0074161 0.00138479 0.0
0.00775942 0.00174062 0.0
0.00811525 0.00183043 0.0
0.00837573 0.00203251 0.0
0.00851815 0.00219576 0.0
0.00872647 0.00221731 0.0
0.00908763 0.00217387 0.0
0.00949246 0.0020461 0.0
0.00986688 0.00194681 0.0
0.0102393 0.00186341 0.0
0.010634 0.00177883 0.0
0.0110242 0.00169809 0.0
0.0113887 0.0016327 0.0
0.0117396 0.00156809 0.0
0.0120861 0.00150612 0.0
0.0124193 0.00145085 0.0
0.0127359 0.00139993 0.0
0.0130421 0.00134877 0.0
0.0133387 0.00130109 0.0
0.0136221 0.00125716 0.0
0.0138938 0.00121443 0.0
0.0141563 0.00117257 0.0
0.0144089 0.00113356 0.0
0.0146505 0.00109639 0.0
0.0148829 0.00105998 0.0
0.015107 0.00102501 0.0
0.0153219 0.000991997 0.0
0.0155281 0.000960053 0.0
0.0157267 0.000929029 0.0
0.0159176 0.000899427 0.0
0.0161009 0.00087115 0.0
0.0162771 0.000843724 0.0
0.0164467 0.000817307 0.0
0.0166097 0.000792075 0.0
0.0167664 0.000767803 0.0
0.0169172 0.000744332 0.0
0.0170624 0.00072181 0.0
0.017202 0.000700219 0.0
0.0173365 0.000679394 0.0
0.017466 0.000659318 0.0
0.0175908 0.00064005 0.0
0.017711 0.000621512 0.0
0.0178269 0.000603622 0.0
0.0179387 0.000586392 0.0
0.0180465 0.000569817 0.0
0.0181506 0.000553826 0.0
0.0182511 0.000538386 0.0
0.0183482 0.0005235 0.0
0.018442 0.000509136 0.0
0.0185327 0.000495247 0.0
0.0186204 0.000481819 0.0
0.0187053 0.000468841 0.0
0.0187875 0.000456281 0.0
0.018867 0.00044411 0.0
0.0189441 0.000432319 0.0
0.0190189 0.00042089 0.0
0.0190914 0.000409797 0.0
0.0191617 0.000399024 0.0
0.01923 0.000388562 0.0
0.0192963 0.000378392 0.0
0.0193606 0.000368497 0.0
0.0194232 0.000358867 0.0
0.0194841 0.000349491 0.0
0.0195433 0.000340355 0.0
0.0196009 0.000331448 0.0
0.0196569 0.000322762 0.0
0.0197115 0.000314288 0.0
0.0197647 0.000306015 0.0
0.0198165 0.000297937 0.0
0.0198671 0.000290046 0.0
0.0199163 0.000282336 0.0
0.0199644 0.0002748 0.0
0.0200113 0.000267433 0.0
0.0200571 0.00026023 0.0
0.0201018 0.000253185 0.0
0.0201455 0.000246294 0.0
0.0201881 0.000239554 0.0
0.0202298 0.000232961 0.0
0.0202706 0.000226511 0.0
0.0203104 0.000220201 0.0
0.0203494 0.000214029 0.0
0.0203875 0.000207991 0.0
0.0204248 0.000202087 0.0
0.0204613 0.000196312 0.0
0.020497 0.000190666 0.0
0.020532 0.000185147 0.0
0.0205663 0.000179752 0.0
0.0205998 0.000174481 0.0
0.0206327 0.000169332 0.0
0.0206649 0.000164303 0.0
0.0206964 0.000159394 0.0
0.0207273 0.000154602 0.0
0.0207576 0.000149928 0.0
0.0207873 0.000145369 0.0
0.0208164 0.000140924 0.0
0.020845 0.000136592 0.0
0.0208729 0.000132372 0.0
0.0209004 0.000128264 0.0
0.0209272 0.000124264 0.0
0.0209536 0.000120373 0.0
0.0209794 0.000116588 0.0
0.0210048 0.000112908 0.0
0.0210296 0.000109331 0.0
0.021054 0.000105855 0.0
0.0210778 0.000102479 0.0
0.0211012 9.91991e-05 0.0
0.0211241 9.60137e-05 0.0
0.0211466 9.29199e-05 0.0
0.0211685 8.99141e-05 0.0
0.02119 8.69931e-05 0.0
0.0212111 8.41524e-05 0.0
0.0212317 8.1388e-05 0.0
0.0212518 7.86938e-05 0.0
0.0212714 7.60653e-05 0.0
0.0212906 7.34943e-05 0.0
0.0213093 7.0975e-05 0.0
0.0213274 6.84968e-05 0.0
0.0213451 6.60525e-05 0.0
0.0213623 6.36273e-05 0.0
0.021379 6.12129e-05 0.0
0.0213951 5.87892e-05 0.0
0.0214106 5.63456e-05 0.0
0.0214255 5.38539e-05 0.0
0.0214398 5.13024e-05 0.0
0.0214535 4.86505e-05 0.0
0.0214664 4.58839e-05 0.0
0.0214786 4.29452e-05 0.0
0.0214899 3.98189e-05 0.0
0.0215004 3.64192e-05 0.0
0.02151 3.27302e-05 0.0
0.0215185 2.86254e-05 0.0
0.0215259 2.40902e-05 0.0
0.021532 1.8932e-05 0.0
0.0215367 1.31442e-05 0.0
0.0215399 6.44282e-06 0.0
0.0215413 -9.75257e-07 0.0
0.0215412 -5.04417e-06 0.0
0.0 0.0 0.0
0.0 0.0 0.0
0.0193146 1.56628e-05 0.0
0.0193224 4.64241e-05 0.0
0.0193386 7.41461e-05 0.0
0.019358 0.000100919 0.0
0.0193823 0.000130153 0.0
0.0194181 0.000154404 0.0
0.0194586 0.000176276 0.0
0.0194996 0.000202661 0.0
0.0195483 0.000222479 0.0
0.0196044 0.000235978 0.0
0.0196603 0.000256308 0.0
0.019719 0.000273581 0.0
0.0197831 0.000279237 0.0
0.019849 0.000290142 0.0
0.019915 0.000303952 0.0
0.0199829 0.000306537 0.0
0.0200522 0.000307583 0.0
0.0201221 0.000315356 0.0
0.0201914 0.00031708 0.0
0.0202599 0.000312708 0.0
0.0203288 0.00031253 0.0
0.0203973 0.000312693 0.0
0.0204631 0.00030657 0.0
0.0205276 0.000300497 0.0
0.0205919 0.00029677 0.0
0.020654 0.000290195 0.0
0.0207125 0.000280973 0.0
0.0207697 0.000273127 0.0
0.0208255 0.000264837 0.0
0.0208775 0.00025422 0.0
0.020926 0.000243075 0.0
0.0209728 0.000232102 0.0
0.0210166 0.00021972 0.0
0.0210556 0.000206137 0.0
0.021091 0.000192004 0.0
0.0211237 0.000176863 0.0
0.0211517 0.000160445 0.0
0.021174 0.000142904 0.0
0.0211922 0.000123835 0.0
0.0212062 0.000103287 0.0
0.021213 8.13643e-05 0.0
0.0212131 5.71259e-05 0.0
0.0212084 3.04249e-05 0.0
0.021196 2.01835e-06 0.0
0.0211732 -2.92187e-05 0.0
0.021143 -6.48612e-05 0.0
0.0211054 -0.000103382 0.0
0.0210533 -0.000145043 0.0
0.0209875 -0.000193384 0.0
0.0209137 -0.000248223 0.0
0.0208234 -0.000306667 0.0
0.0207077 -0.000374295 0.0
0.0205779 -0.000455065 0.0
0.020433 -0.000543783 0.0
0.0202485 -0.00064303 0.0
0.0200273 -0.000768311 0.0
0.0197919 -0.000913735 0.0
0.0195075 -0.00107586 0.0
0.0191381 -0.00128362 0.0
0.0187285 -0.00155413 0.0
0.0182764 -0.00185651 0.0
0.0176526 -0.00226442 0.0
0.0168669 -0.00286106 0.0
0.0160562 -0.00360956 0.0
0.0150395 -0.00455892 0.0
0.0134123 -0.00642065 0.0
0.0113665 -0.00806284 0.0
0.009649 -0.00697872 0.0
0.00664451 -0.00270898 0.0
0.00251554 -0.000751641 0.0
0.0 0.0 0.0
0.0 0.0 0.0
0.0 0.0 0.0
0.0 0.0 0.0
0.0 0.0 0.0
0.0 0.0 0.0
0.0 0.0 0.0
0.0 0.0 0.0
0.0 0.0 0.0
0.0 0.0 0.0
0.0 0.0 0.0
0.0 0.0 0.0
0.0 0.0 0.0
0.0 0.0 0.0
0.0 0.0 0.0
0.0 0.0 0.0
0.0 0.0 0.0
0.0 0.0 0.0
0.0 0.0 0.0
0.0 0.0 0.0
0.0 0.0 0.0
0.0 0.0 0.0
0.0 0.0 0.0
0.0 0.0 0.0
0.0 0.0 0.0
0.0 0.0 0.0
0.0 0.0 0.0
0.0 0.0 0.0
0.0 0.0 0.0
0.0 0.0 0.0
0.0 0.0 0.0
0.0 0.0 0.0
0.0 0.0 0.0
0.0 0.0 0.0
0.0 0.0 0.0
0.0 0.0 0.0
0.0 0.0 0.0
0.0 0.0 0.0
0.0 0.0 0.0
0.0 0.0 0.0
0.0 0.0 0.0
0.0 0.0 0.0
0.0 0.0 0.0
0.0 0.0 0.0
0.0 0.0 0.0
0.0 0.0 0.0
0.0 0.0 0.0
0.0 0.0 0.0
0.0 0.0 0.0
0.0 0.0 0.0
0.0 0.0 0.0
0.0 0.0 0.0
0.0 0.0 0.0
0.0 0.0 0.0
0.0 0.0 0.0
0.0 0.0 0.0
0.0 0.0 0.0
0.0 0.0 0.0
0.0 0.0 0.0
0.0 0.0 0.0
0.0 0.0 0.0
0.0 0.0 0.0
0.0 0.0 0.0
0.0 0.0 0.0
0.0 0.0 0.0
0.0 0.0 0.0
0.0 0.0 0.0
0.000400465 0.000436597 0.0
0.00102534 0.000336051 0.0
0.00129205 0.000232342 0.0
0.00142178 0.000216679 0.0
0.00157496 0.000242698 0.0
0.00170793 0.000213932 0.0
0.00178214 0.000196517 0.0
0.00184435 0.000194786 0.0
0.00190804 0.000193994 0.0
0.00195771 0.00018118 0.0
0.00199546 0.00017655 0.0
0.00203424 0.000174026 0.0
0.00207155 0.000169141 0.0
0.00210249 0.000161237 0.0
0.00213244 0.000159705 0.0
0.00216578 0.000155439 0.0
0.00219826 0.000149422 0.0
0.00222761 0.00014361 0.0
0.00226616 0.000148146 0.0
0.00231123 0.000136052 0.0
0.00234578 0.000126936 0.0
0.00238107 0.000132561 0.0
0.0025286 0.000199068 0.0
0.00293679 0.000530698 0.0
0.00340449 0.00103401 0.0
0.00400144 0.00111567 0.0
0.00479273 0.00133489 0.0
0.00543521 0.00169194 0.0
0.00588547 0.0019787 0.0
0.0063381 0.00181968 0.0
0.00689239 0.00166539 0.0
0.00746581 0.00157115 0.0
0.00802816 0.00149288 0.0
0.0085758 0.00140204 0.0
0.00908051 0.00133375 0.0
0.00954831 0.00127936 0.0
0.0100069 0.00122844 0.0
0.0104494 0.00117747 0.0
0.0108608 0.00113465 0.0
0.0112515 0.00109557 0.0
0.0116317 0.00105727 0.0
0.0119943 0.00102056 0.0
0.012337 0.00098748 0.0
0.012667 0.000955623 0.0
0.0129855 0.000924457 0.0
0.0132888 0.000894921 0.0
0.0135785 0.000867202 0.0
0.0138582 0.000840139 0.0
0.0141268 0.000813946 0.0
0.0143833 0.000789063 0.0
0.0146298 0.000765225 0.0
0.0148674 0.000742 0.0
0.0150951 0.000719676 0.0
0.0153135 0.000698338 0.0
0.0155237 0.000677733 0.0
0.015726 0.000657767 0.0
0.0159202 0.000638612 0.0
0.0161068 0.000620203 0.0
0.0162866 0.000602399 0.0
0.0164595 0.000585215 0.0
0.0166258 0.000568706 0.0
0.0167859 0.000552785 0.0
0.0169403 0.000537392 0.0
0.0170888 0.000522553 0.0
0.017232 0.000508259 0.0
0.01737 0.000494442 0.0
0.0175031 0.000481086 0.0
0.0176315 0.000468195 0.0
0.0177554 0.000455739 0.0
0.0178751 0.000443679 0.0
0.0179906 0.000432007 0.0
0.0181022 0.000420713 0.0
0.0182101 0.000409769 0.0
0.0183145 0.00039915 0.0
0.0184154 0.000388852 0.0
0.0185131 0.000378857 0.0
0.0186077 0.000369144 0.0
0.0186993 0.000359699 0.0
0.018788 0.000350513 0.0
0.0188741 0.000341571 0.0
0.0189575 0.000332858 0.0
0.0190385 0.000324366 0.0
0.0191171 0.000316084 0.0
0.0191934 0.000308 0.0
0.0192675 0.000300105 0.0
0.0193396 0.000292392 0.0
0.0194096 0.000284853 0.0
0.0194777 0.000277479 0.0
0.0195439 0.000270263 0.0
0.0196084 0.000263201 0.0
0.0196712 0.000256286 0.0
0.0197323 0.000249512 0.0
0.0197919 0.000242875 0.0
0.0198499 0.000236371 0.0
0.0199065 0.000229995 0.0
0.0199617 0.000223745 0.0
0.0200155 0.000217616 0.0
0.020068 0.000211607 0.0
0.0201193 0.000205714 0.0
0.0201693 0.000199935 0.0
0.0202182 0.000194269 0.0
0.0202659 0.000188713 0.0
0.0203125 0.000183266 0.0
0.0203581 0.000177926 0.0
0.0204027 0.000172692 0.0
0.0204462 0.000167564 0.0
0.0204888 0.000162539 0.0
0.0205305 0.000157618 0.0
0.0205712 0.0001528 0.0
0.0206111 0.000148084 0.0
0.0206501 0.00014347 0.0
0.0206883 0.000138957 0.0
0.0207257 0.000134545 0.0
0.0207623 0.000130233 0.0
0.0207982 0.000126021 0.0
0.0208333 0.000121909 0.0
0.0208677 0.000117897 0.0
0.0209014 0.000113984 0.0
0.0209344 0.000110169 0.0
0.0209667 0.000106453 0.0
0.0209984 0.000102836 0.0
0.0210294 9.93157e-05 0.0
0.0210598 9.58929e-05 0.0
0.0210896 9.25668e-05 0.0
0.0211188 8.93366e-05 0.0
0.0211474 8.62016e-05 0.0
0.0211755 8.31609e-05 0.0
0.0212029 8.02134e-05 0.0
0.0212298 7.73579e-05 0.0
0.0212562 7.45931e-05 0.0
0.0212819 7.19172e-05 0.0
0.0213072 6.93286e-05 0.0
0.0213319 6.68247e-05 0.0
0.0213561 6.44036e-05 0.0
0.0213797 6.20621e-05 0.0
0.0214029 5.97974e-05 0.0
0.0214254 5.76049e-05 0.0
0.0214475 5.54815e-05 0.0
0.021469 5.34212e-05 0.0
0.02149 5.14196e-05 0.0
0.0215104 4.94686e-05 0.0
0.0215302 4.75632e-05 0.0
0.0215495 4.56919e-05 0.0
0.0215682 4.38481e-05 0.0
0.0215863 4.20166e-05 0.0
0.0216037 4.01895e-05 0.0
0.0216205 3.83443e-05 0.0
0.0216365 3.6472e-05 0.0
0.0216519 3.45413e-05 0.0
0.0216664 3.25411e-05 0.0
0.0216802 3.0425e-05 0.0
0.021693 2.81821e-05 0.0
0.0217049 2.57438e-05 0.0
0.0217157 2.30981e-05 0.0
0.0217253 2.01425e-05 0.0
0.0217337 1.68678e-05 0.0
0.0217407 1.31168e-05 0.0
0.0217462 8.88711e-06 0.0
0.0217499 3.94355e-06 0.0
0.0217516 -1.57958e-06 0.0
0.0217516 -4.62227e-06 0.0
0.0 0.0 0.0
0.0 0.0 0.0
0.0193141 1.39759e-05 0.0
0.0193227 3.35746e-05 0.0
0.0193363 5.56932e-05 0.0
0.0193549 8.05458e-05 0.0
0.0193821 9.96131e-05 0.0
0.0194144 0.000116619 0.0
0.0194492 0.000138676 0.0
0.0194924 0.000157101 0.0
0.0195415 0.000168868 0.0
0.0195904 0.000184779 0.0
0.019644 0.00020053 0.0
0.0197049 0.000208674 0.0
0.0197651 0.000217593 0.0
0.0198259 0.000228867 0.0
0.019892 0.000234082 0.0
0.0199592 0.000237652 0.0
0.0200247 0.000243329 0.0
0.020092 0.000246098 0.0
0.0201606 0.000245881 0.0
0.0202278 0.00024681 0.0
0.0202944 0.000246658 0.0
0.0203607 0.000244228 0.0
0.0204255 0.000241519 0.0
0.0204895 0.000238679 0.0
0.0205518 0.000234304 0.0
0.0206115 0.000229355 0.0
0.0206698 0.000224112 0.0
0.0207268 0.000218002 0.0
0.0207801 0.000211174 0.0
0.0208305 0.000204128 0.0
0.0208795 0.00019627 0.0
0.0209254 0.000187641 0.0
0.0209665 0.000178701 0.0
0.021005 0.000169185 0.0
0.0210409 0.000158558 0.0
0.0210717 0.000147307 0.0
0.0210975 0.000135646 0.0
0.0211203 0.000122796 0.0
0.0211381 0.000108566 0.0
0.0211489 9.37284e-05 0.0
0.0211548 7.79332e-05 0.0
0.0211557 5.99623e-05 0.0
0.021148 4.04299e-05 0.0
0.0211322 2.00793e-05 0.0
0.0211104 -2.69936e-06 0.0
0.0210787 -2.89659e-05 0.0
0.0210341 -5.66153e-05 0.0
0.0209806 -8.64729e-05 0.0
0.0209166 -0.000121799 0.0
0.0208332 -0.000161545 0.0
0.0207331 -0.000202801 0.0
0.0206216 -0.000251327 0.0
0.0204849 -0.000309643 0.0
0.0203148 -0.000372513 0.0
0.020126 -0.000441567 0.0
0.0199093 -0.000530632 0.0
0.0196322 -0.000632986 0.0
0.0193061 -0.000745391 0.0
0.0189482 -0.00088633 0.0
0.0184912 -0.00107389 0.0
0.0179007 -0.00128006 0.0
0.0172376 -0.00155584 0.0
0.0164153 -0.00193759 0.0
0.0151873 -0.00243999 0.0
0.0135805 -0.00305978 0.0
0.0115887 -0.0042502 0.0
0.00850186 -0.00486097 0.0
0.00388779 -0.00381529 0.0
0.0 0.0 0.0
0.0 0.0 0.0
0.0 0.0 0.0
0.0 0.0 0.0
0.0 0.0 0.0
0.0 0.0 0.0
0.0 0.0 0.0
0.0 0.0 0.0
0.0 0.0 0.0
0.0 0.0 0.0
0.0 0.0 0.0
0.0 0.0 0.0
0.0 0.0 0.0
0.0 0.0 0.0
0.0 0.0 0.0
0.0 0.0 0.0
0.0 0.0 0.0
0.0 0.0 0.0
0.0 0.0 0.0
0.0 0.0 0.0
0.0 0.0 0.0
0.0 0.0 0.0
0.0 0.0 0.0
0.0 0.0 0.0
0.0 0.0 0.0
0.0 0.0 0.0
0.0 0.0 0.0
0.0 0.0 0.0
0.0 0.0 0.0
0.0 0.0 0.0
0.0 0.0 0.0
0.0 0.0 0.0
0.0 0.0 0.0
0.0 0.0 0.0
0.0 0.0 0.0
0.0 0.0 0.0
0.0 0.0 0.0
0.0 0.0 0.0
0.0 0.0 0.0
0.0 0.0 0.0
0.0 0.0 0.0
0.0 0.0 0.0
0.0 0.0 0.0
0.0 0.0 0.0
0.0 0.0 0.0
0.0 0.0 0.0
0.0 0.0 0.0
0.0 0.0 0.0
0.0 0.0 0.0
0.0 0.0 0.0
0.0 0.0 0.0
0.0 0.0 0.0
0.0 0.0 0.0
0.0 0.0 0.0
0.0 0.0 0.0
0.0 0.0 0.0
0.0 0.0 0.0
0.0 0.0 0.0
0.0 0.0 0.0
0.0 0.0 0.0
0.0 0.0 0.0
0.0 0.0 0.0
0.0 0.0 0.0
0.0 0.0 0.0
0.0 0.0 0.0
0.0 0.0 0.0
0.0 0.0 0.0
0.0 0.0 0.0
0.0 0.0 0.0
0.0 0.0 0.0
0.0 0.0 0.0
0.0 0.0 0.0
0.0 0.0 0.0
0.0 0.0 0.0
0.0 0.0 0.0
0.0 0.0 0.0
0.0 0.0 0.0
0.0 0.0 0.0
0.0 0.0 0.0
0.0 0.0 0.0
0.0 0.0 0.0
0.0 0.0 0.0
0.0 0.0 0.0
0.0 0.0 0.0
0.0 0.0 0.0
0.0 0.0 0.0
0.0 0.0 0.0
0.0 0.0 0.0
0.0 0.0 0.0
0.0 0.0 0.0
0.0 0.0 0.0
0.0 0.0 0.0
0.0 0.0 0.0
0.000492465 0.000363088 0.0
0.0012097 0.000321574 0.0
0.0018438 0.000534597 0.0
0.00248806 0.00113838 0.0
0.00333188 0.00124357 0.0
0.00439428 0.00108692 0.0
0.00529034 0.000982895 0.0
0.00601829 0.000926532 0.0
0.00669851 0.000872953 0.0
0.00734641 0.000826356 0.0
0.00794253 0.000803701 0.0
0.00849527 0.000775578 0.0
0.00901725 0.000745956 0.0
0.00950772 0.000724694 0.0
0.0099706 0.000707178 0.0
0.0104122 0.000684991 0.0
0.0108329 0.000664853 0.0
0.0112317 0.000648681 0.0
0.0116125 0.000631809 0.0
0.0119775 0.000613554 0.0
0.0123262 0.000597627 0.0
0.0126592 0.000582926 0.0
0.0129787 0.000567366 0.0
0.0132852 0.0005521 0.0
0.0135786 0.000538338 0.0
0.01386 0.000524758 0.0
0.0141304 0.000510954 0.0
0.0143899 0.000497886 0.0
0.0146389 0.000485587 0.0
0.0148782 0.0004733 0.0
0.0151082 0.000461234 0.0
0.0153292 0.000449822 0.0
0.0155417 0.000438784 0.0
0.015746 0.000427856 0.0
0.0159427 0.000417306 0.0
0.0161319 0.000407212 0.0
0.016314 0.000397346 0.0
0.0164894 0.000387687 0.0
0.0166583 0.00037839 0.0
0.016821 0.000369395 0.0
0.0169779 0.000360589 0.0
0.0171292 0.000352022 0.0
0.0172751 0.000343741 0.0
0.0174159 0.000335671 0.0
0.0175518 0.00032778 0.0
0.0176831 0.000320107 0.0
0.0178098 0.000312646 0.0
0.0179324 0.000305346 0.0
0.0180508 0.00029821 0.0
0.0181654 0.000291252 0.0
0.0182763 0.00028445 0.0
0.0183836 0.000277782 0.0
0.0184875 0.000271254 0.0
0.0185881 0.000264865 0.0
0.0186857 0.000258596 0.0
0.0187803 0.000252439 0.0
0.018872 0.000246399 0.0
0.018961 0.000240467 0.0
0.0190474 0.000234633 0.0
0.0191313 0.000228895 0.0
0.0192128 0.000223253 0.0
0.019292 0.000217699 0.0
0.019369 0.000212228 0.0
0.0194438 0.000206842 0.0
0.0195167 0.000201536 0.0
0.0195875 0.000196308 0.0
0.0196565 0.000191155 0.0
0.0197237 0.000186076 0.0
0.0197892 0.000181071 0.0
0.019853 0.000176137 0.0
0.0199151 0.000171274 0.0
0.0199757 0.000166481 0.0
0.0200348 0.000161758 0.0
0.0200925 0.000157104 0.0
0.0201487 0.000152519 0.0
0.0202037 0.000148003 0.0
0.0202573 0.000143557 0.0
0.0203096 0.00013918 0.0
0.0203608 0.000134874 0.0
0.0204108 0.000130637 0.0
0.0204596 0.000126472 0.0
0.0205073 0.000122378 0.0
0.020554 0.000118357 0.0
0.0205996 0.000114408 0.0
0.0206442 0.000110533 0.0
0.0206878 0.000106732 0.0
0.0207305 0.000103007 0.0
0.0207723 9.93575e-05 0.0
0.0208132 9.57846e-05 0.0
0.0208532 9.22893e-05 0.0
0.0208924 8.88723e-05 0.0
0.0209307 8.55342e-05 0.0
0.0209682 8.22758e-05 0.0
0.021005 7.90978e-05 0.0
0.021041 7.60007e-05 0.0
0.0210762 7.29853e-05 0.0
0.0211108 7.00519e-05 0.0
0.0211446 6.72012e-05 0.0
0.0211777 6.44333e-05 0.0
0.0212102 6.17488e-05 0.0
0.0212419 5.91477e-05 0.0
0.0212731 5.66302e-05 0.0
0.0213035 5.41964e-05 0.0
0.0213334 5.18461e-05 0.0
0.0213626 4.9579e-05 0.0
0.0213912 4.73948e-05 0.0
0.0214192 4.52928e-05 0.0
0.0214467 4.32724e-05 0.0
0.0214735 4.13325e-05 0.0
0.0214997 3.9472e-05 0.0
0.0215254 3.76892e-05 0.0
0.0215504 3.59827e-05 0.0
0.0215749 3.43498e-05 0.0
0.0215988 3.27885e-05 0.0
0.0216221 3.12952e-05 0.0
0.0216448 2.98674e-05 0.0
0.021667 2.84995e-05 0.0
0.0216885 2.71883e-05 0.0
0.0217093 2.59265e-05 0.0
0.0217296 2.47099e-05 0.0
0.0217492 2.35274e-05 0.0
0.0217681 2.23745e-05 0.0
0.0217862 2.12356e-05 0.0
0.0218037 2.01046e-05 0.0
0.0218203 1.89592e-05 0.0
0.0218361 1.77929e-05 0.0
0.021851 1.65725e-05 0.0
0.021865 1.52906e-05 0.0
0.0218779 1.38984e-05 0.0
0.0218897 1.23891e-05 0.0
0.0219002 1.06879e-05 0.0
0.0219094 8.79035e-06 0.0
0.0219171 6.58236e-06 0.0
0.0219231 4.06522e-06 0.0
0.0219272 1.06471e-06 0.0
0.0219292 -2.34103e-06 0.0
0.0219292 -4.22771e-06 0.0
0.0 0.0 0.0
0.0 0.0 0.0
0.0193175 9.33658e-06 0.0
0.0193237 2.45675e-05 0.0
0.0193348 4.11396e-05 0.0
0.0193547 5.64521e-05 0.0
0.0193805 7.00003e-05 0.0
0.0194096 8.60927e-05 0.0
0.0194453 0.000100233 0.0
0.0194876 0.000109283 0.0
0.0195322 0.000122165 0.0
0.019581 0.000136404 0.0
0.0196351 0.000141683 0.0
0.0196915 0.000148106 0.0
0.01975 0.000160766 0.0
0.0198118 0.000165775 0.0
0.019875 0.000165828 0.0
0.0199393 0.000173521 0.0
0.0200051 0.000179269 0.0
0.0200712 0.000176942 0.0
0.0201372 0.00017796 0.0
0.0202038 0.000182526 0.0
0.0202695 0.000180853 0.0
0.020334 0.000177487 0.0
0.0203983 0.000178274 0.0
0.0204612 0.000177496 0.0
0.0205218 0.000172861 0.0
0.0205812 0.000169878 0.0
0.0206392 0.000168091 0.0
0.0206942 0.000163811 0.0
0.0207467 0.000158652 0.0
0.0207974 0.000154767 0.0
0.0208452 0.000150233 0.0
0.0208893 0.000144358 0.0
0.0209305 0.000138526 0.0
0.0209688 0.000132718 0.0
0.021003 0.000126129 0.0
0.0210328 0.000118988 0.0
0.0210588 0.000111398 0.0
0.0210807 0.000103276 0.0
0.0210968 9.47824e-05 0.0
0.0211073 8.53874e-05 0.0
0.0211129 7.48653e-05 0.0
0.0211121 6.40701e-05 0.0
0.0211031 5.26941e-05 0.0
0.0210868 3.91326e-05 0.0
0.0210636 2.45485e-05 0.0
0.0210298 1.00474e-05 0.0
0.0209839 -6.82425e-06 0.0
0.020929 -2.71817e-05 0.0
0.0208617 -4.71065e-05 0.0
0.0207756 -6.83938e-05 0.0
0.0206735 -9.57464e-05 0.0
0.0205575 -0.000125978 0.0
0.020415 -0.00015409 0.0
0.0202408 -0.000190351 0.0
0.0200459 -0.000235946 0.0
0.0198179 -0.000280373 0.0
0.0195305 -0.000326562 0.0
0.019194 -0.000396541 0.0
0.0188152 -0.00047051 0.0
0.0183339 -0.000543311 0.0
0.0177198 -0.00063789 0.0
0.0170018 -0.000777224 0.0
0.0160929 -0.000890538 0.0
0.0148378 -0.0010514 0.0
0.0132051 -0.00119089 0.0
0.0108203 -0.00124748 0.0
0.0070548 -0.000765591 0.0
0.00292438 0.000442437 0.0
0.0 0.0 0.0
0.0 0.0 0.0
0.0 0.0 0.0
0.0 0.0 0.0
0.0 0.0 0.0
0.0 0.0 0.0
0.0 0.0 0.0
0.0 0.0 0.0
0.0 0.0 0.0
0.0 0.0 0.0
0.0 0.0 0.0
0.0 0.0 0.0
0.0 0.0 0.0
0.0 0.0 0.0
0.0 0.0 0.0
0.0 0.0 0.0
0.0 0.0 0.0
0.0 0.0 0.0
0.0 0.0 0.0
0.0 0.0 0.0
0.0 0.0 0.0
0.0 0.0 0.0
0.0 0.0 0.0
0.0 0.0 0.0
0.0 0.0 0.0
0.0 0.0 0.0
0.0 0.0 0.0
0.0 0.0 0.0
0.0 0.0 0.0
0.0 0.0 0.0
0.0 0.0 0.0
0.0 0.0 0.0
0.0 0.0 0.0
0.0 0.0 0.0
0.0 0.0 0.0
0.0 0.0 0.0
0.0 0.0 0.0
0.0 0.0 0.0
0.0 0.0 0.0
0.0 0.0 0.0
0.0 0.0 0.0
0.0 0.0 0.0
0.0 0.0 0.0
0.0 0.0 0.0
0.0 0.0 0.0
0.0 0.0 0.0
0.0 0.0 0.0
0.0 0.0 0.0
0.0 0.0 0.0
0.0 0.0 0.0
0.0 0.0 0.0
0.0 0.0 0.0
0.0 0.0 0.0
0.0 0.0 0.0
0.0 0.0 0.0
0.0 0.0 0.0
0.0 0.0 0.0
0.0 0.0 0.0
0.0 0.0 0.0
0.0 0.0 0.0
0.0 0.0 0.0
0.0 0.0 0.0
0.0 0.0 0.0
0.0 0.0 0.0
0.0 0.0 0.0
0.0 0.0 0.0
0.0 0.0 0.0
0.0 0.0 0.0
0.0 0.0 0.0
0.0 0.0 0.0
0.0 0.0 0.0
0.0 0.0 0.0
0.0 0.0 0.0
0.0 0.0 0.0
0.0 0.0 0.0
0.0 0.0 0.0
0.0 0.0 0.0
0.0 0.0 0.0
0.0 0.0 0.0
0.0 0.0 0.0
0.0 0.0 0.0
0.0 0.0 0.0
0.0 0.0 0.0
0.0 0.0 0.0
0.0 0.0 0.0
0.0 0.0 0.0
0.0 0.0 0.0
0.0 0.0 0.0
0.0 0.0 0.0
0.0 0.0 0.0
0.0 0.0 0.0
0.0 0.0 0.0
0.0 0.0 0.0
0.0 0.0 0.0
0.0 0.0 0.0
0.0 0.0 0.0
0.000970986 1.84954e-05 0.0
0.00245392 4.19645e-05 0.0
0.00350043 7.86712e-05 0.0
0.00438555 0.00012759 0.0
0.00527378 0.000147099 0.0
0.00606576 0.000170691 0.0
0.00672763 0.000193538 0.0
0.00734717 0.000208 0.0
0.0079463 0.000216206 0.0
0.0084957 0.000226841 0.0
0.00900484 0.000234803 0.0
0.00949673 0.000238598 0.0
0.00996403 0.000241759 0.0
0.0104008 0.000245514 0.0
0.0108186 0.00024709 0.0
0.0112219 0.000247276 0.0
0.0116043 0.000247758 0.0
0.0119676 0.000247957 0.0
0.0123179 0.000246935 0.0
0.0126542 0.000245667 0.0
0.0129745 0.000244565 0.0
0.0132817 0.000243017 0.0
0.0135777 0.000240956 0.0
0.0138614 0.000238958 0.0
0.014133 0.000236936 0.0
0.0143943 0.000234591 0.0
0.0146458 0.0002321 0.0
0.0148871 0.000229679 0.0
0.0151188 0.00022716 0.0
0.0153421 0.000224477 0.0
0.0155569 0.000221784 0.0
0.0157632 0.000219108 0.0
0.015962 0.000216343 0.0
0.0161535 0.000213516 0.0
0.0163379 0.000210703 0.0
0.0165155 0.000207873 0.0
0.0166867 0.000204985 0.0
0.0168519 0.000202079 0.0
0.0170111 0.000199177 0.0
0.0171647 0.000196246 0.0
0.017313 0.000193281 0.0
0.0174562 0.00019031 0.0
0.0175944 0.000187328 0.0
0.0177281 0.000184318 0.0
0.0178573 0.000181288 0.0
0.0179822 0.000178248 0.0
0.018103 0.00017519 0.0
0.01822 0.000172108 0.0
0.0183332 0.000169011 0.0
0.0184429 0.000165901 0.0
0.0185491 0.000162771 0.0
0.0186522 0.000159624 0.0
0.0187521 0.000156463 0.0
0.0188489 0.000153288 0.0
0.018943 0.000150097 0.0
0.0190343 0.000146893 0.0
0.0191229 0.000143679 0.0
0.0192091 0.000140454 0.0
0.0192928 0.00013722 0.0
0.0193742 0.000133979 0.0
0.0194533 0.000130732 0.0
0.0195303 0.000127482 0.0
0.0196053 0.00012423 0.0
0.0196782 0.000120978 0.0
0.0197493 0.000117729 0.0
0.0198185 0.000114484 0.0
0.0198859 0.000111245 0.0
0.0199517 0.000108017 0.0
0.0200158 0.000104799 0.0
0.0200783 0.000101595 0.0
0.0201393 9.84074e-05 0.0
0.0201988 9.52384e-05 0.0
0.0202568 9.20904e-05 0.0
0.0203135 8.89659e-05 0.0
0.0203689 8.58674e-05 0.0
0.020423 8.27972e-05 0.0
0.0204758 7.97576e-05 0.0
0.0205274 7.67512e-05 0.0
0.0205778 7.37802e-05 0.0
0.0206271 7.0847e-05 0.0
0.0206754 6.79538e-05 0.0
0.0207225 6.51029e-05 0.0
0.0207686 6.22964e-05 0.0
0.0208137 5.95365e-05 0.0
0.0208578 5.68253e-05 0.0
0.020901 5.41647e-05 0.0
0.0209432 5.15568e-05 0.0
0.0209846 4.90035e-05 0.0
0.021025 4.65065e-05 0.0
0.0210646 4.40677e-05 0.0
0.0211034 4.16888e-05 0.0
0.0211414 3.93714e-05 0.0
0.0211785 3.7117e-05 0.0
0.0212149 3.49272e-05 0.0
0.0212506 3.28034e-05 0.0
0.0212855 3.07469e-05 0.0
0.0213197 2.87589e-05 0.0
0.0213531 2.68406e-05 0.0
0.0213859 2.49931e-05 0.0
0.021418 2.32174e-05 0.0
0.0214494 2.15142e-05 0.0
0.0214802 1.98845e-05 0.0
0.0215103 1.83288e-05 0.0
0.0215398 1.68475e-05 0.0
0.0215686 1.54413e-05 0.0
0.0215968 1.41102e-05 0.0
0.0216244 1.28545e-05 0.0
0.0216514 1.16737e-05 0.0
0.0216777 1.0568e-05 0.0
0.0217035 9.53665e-06 0.0
0.0217286 8.57898e-06 0.0
0.0217531 7.69362e-06 0.0
0.0217769 6.88003e-06 0.0
0.0218002 6.13573e-06 0.0
0.0218228 5.45919e-06 0.0
0.0218447 4.84716e-06 0.0
0.021866 4.29807e-06 0.0
0.0218865 3.80607e-06 0.0
0.0219064 3.36894e-06 0.0
0.0219255 2.97911e-06 0.0
0.0219438 2.63362e-06 0.0
0.0219613 2.32004e-06 0.0
0.0219779 2.03568e-06 0.0
0.0219936 1.76264e-06 0.0
0.0220083 1.4973e-06 0.0
0.0220219 1.21213e-06 0.0
0.0220343 9.05034e-07 0.0
0.0220454 5.33393e-07 0.0
0.0220551 9.65954e-08 0.0
0.0220633 -4.71538e-07 0.0
0.0220696 -1.16617e-06 0.0
0.022074 -2.09049e-06 0.0
0.0220761 -3.21671e-06 0.0
0.0220763 -3.85205e-06 0.0
0.0 0.0 0.0
0.0 0.0 0.0
0.0193169 4.81406e-06 0.0
0.0193222 1.60647e-05 0.0
0.0193351 2.54409e-05 0.0
0.0193549 3.34908e-05 0.0
0.0193778 4.39825e-05 0.0
0.0194073 5.32989e-05 0.0
0.0194442 5.98146e-05 0.0
0.0194834 6.85865e-05 0.0
0.019526 7.70648e-05 0.0
0.0195765 8.15289e-05 0.0
0.0196295 8.77481e-05 0.0
0.0196825 9.53648e-05 0.0
0.0197408 9.80392e-05 0.0
0.0198032 0.000101078 0.0
0.0198641 0.000107189 0.0
0.0199266 0.000109359 0.0
0.0199925 0.00010947 0.0
0.020058 0.000113128 0.0
0.0201225 0.000115265 0.0
0.020188 0.000114069 0.0
0.0202533 0.000114775 0.0
0.0203174 0.000116398 0.0
0.0203806 0.000115154 0.0
0.0204424 0.000113817 0.0
0.0205029 0.000114033 0.0
0.0205621 0.000113078 0.0
0.0206188 0.000110873 0.0
0.0206729 0.000109622 0.0
0.0207257 0.000108422 0.0
0.0207761 0.000106103 0.0
0.0208224 0.000103804 0.0
0.0208661 0.000101972 0.0
0.0209079 9.95436e-05 0.0
0.0209453 9.66569e-05 0.0
0.0209781 9.40659e-05 0.0
0.0210082 9.13164e-05 0.0
0.0210345 8.79656e-05 0.0
0.0210546 8.45905e-05 0.0
0.0210701 8.13294e-05 0.0
0.0210817 7.74517e-05 0.0
0.0210863 7.31924e-05 0.0
0.0210833 6.91384e-05 0.0
0.0210753 6.47558e-05 0.0
0.0210599 5.93887e-05 0.0
0.0210332 5.42112e-05 0.0
0.0209983 4.91602e-05 0.0
0.0209559 4.29108e-05 0.0
0.0208984 3.58674e-05 0.0
0.0208253 3.01376e-05 0.0
0.0207434 2.32466e-05 0.0
0.0206444 1.44636e-05 0.0
0.0205172 6.95305e-06 0.0
0.0203725 1.36108e-06 0.0
0.0202118 -9.02012e-06 0.0
0.0200077 -1.77593e-05 0.0
0.0197591 -2.06901e-05 0.0
0.0194909 -2.56444e-05 0.0
0.0191693 -3.70693e-05 0.0
0.0187453 -2.50852e-05 0.0
0.0182586 -8.92597e-06 0.0
0.0177165 -3.87591e-06 0.0
0.0169831 4.40077e-05 0.0
0.0160052 0.000203984 0.0
0.0148661 0.00031224 0.0
0.0134109 0.000572108 0.0
0.0113083 0.00158676 0.0
0.00859736 0.00286863 0.0
0.00594647 0.00344287 0.0
0.00285928 0.0015049 0.0
0.0 0.0 0.0
0.0 0.0 0.0
0.0 0.0 0.0
0.0 0.0 0.0
0.0 0.0 0.0
0.0 0.0 0.0
0.0 0.0 0.0
0.0 0.0 0.0
0.0 0.0 0.0
0.0 0.0 0.0
0.0 0.0 0.0
0.0 0.0 0.0
0.0 0.0 0.0
0.0 0.0 0.0
0.0 0.0 0.0
0.0 0.0 0.0
0.0 0.0 0.0
0.0 0.0 0.0
0.0 0.0 0.0
0.0 0.0 0.0
0.0 0.0 0.0
0.0 0.0 0.0
0.0 0.0 0.0
0.0 0.0 0.0
0.0 0.0 0.0
0.0 0.0 0.0
0.0 0.0 0.0
0.0 0.0 0.0
0.0 0.0 0.0
0.0 0.0 0.0
0.0 0.0 0.0
0.0 0.0 0.0
0.0 0.0 0.0
0.0 0.0 0.0
0.0 0.0 0.0
0.0 0.0 0.0
0.0 0.0 0.0
0.0 0.0 0.0
0.0 0.0 0.0
0.0 0.0 0.0
0.0 0.0 0.0
0.0 0.0 0.0
0.0 0.0 0.0
0.0 0.0 0.0
0.0 0.0 0.0
0.0 0.0 0.0
0.0 0.0 0.0
0.0 0.0 0.0
0.0 0.0 0.0
0.0 0.0 0.0
0.0 0.0 0.0
0.0 0.0 0.0
0.0 0.0 0.0
0.0 0.0 0.0
0.0 0.0 0.0
0.0 0.0 0.0
0.0 0.0 0.0
0.0 0.0 0.0
0.0 0.0 0.0
0.0 0.0 0.0
0.0 0.0 0.0
0.0 0.0 0.0
0.0 0.0 0.0
0.0 0.0 0.0
0.0 0.0 0.0
0.0 0.0 0.0
0.0 0.0 0.0
0.0 0.0 0.0
0.0 0.0 0.0
0.0 0.0 0.0
0.0 0.0 0.0
0.0 0.0 0.0
0.0 0.0 0.0
0.0 0.0 0.0
0.0 0.0 0.0
0.0 0.0 0.0
0.0 0.0 0.0
0.0 0.0 0.0
0.0 0.0 0.0
0.0 0.0 0.0
0.0 0.0 0.0
0.0 0.0 0.0
0.0 0.0 0.0
0.0 0.0 0.0
0.0 0.0 0.0
0.0 0.0 0.0
0.0 0.0 0.0
0.0 0.0 0.0
0.0 0.0 0.0
0.0 0.0 0.0
0.000282913 -0.000276053 0.0
0.000728867 -0.000218982 0.0
0.000951212 -0.000148639 0.0
0.00114042 -0.000191888 0.0
0.00158285 -0.000480577 0.0
0.00214697 -0.00102831 0.0
0.00285858 -0.00109877 0.0
0.00381875 -0.00090588 0.0
0.00470822 -0.000733218 0.0
0.00543904 -0.000626304 0.0
0.00610312 -0.000528331 0.0
0.00675792 -0.000450386 0.0
0.00737876 -0.0003984 0.0
0.00794471 -0.000348034 0.0
0.00847808 -0.000301346 0.0
0.00899118 -0.00026766 0.0
0.00947622 -0.000239286 0.0
0.00993359 -0.000209615 0.0
0.0103726 -0.000184523 0.0
0.0107932 -0.000165005 0.0
0.0111926 -0.000145774 0.0
0.0115742 -0.000126905 0.0
0.0119416 -0.000111445 0.0
0.0122932 -9.7841e-05 0.0
0.0126291 -8.40436e-05 0.0
0.0129518 -7.14103e-05 0.0
0.0132622 -6.07057e-05 0.0
0.0135595 -5.05009e-05 0.0
0.0138448 -4.04935e-05 0.0
0.0141193 -3.16215e-05 0.0
0.0143832 -2.36845e-05 0.0
0.0146364 -1.59534e-05 0.0
0.01488 -8.68544e-06 0.0
0.0151146 -2.23658e-06 0.0
0.0153401 3.75963e-06 0.0
0.015557 9.51929e-06 0.0
0.0157659 1.47765e-05 0.0
0.0159671 1.9508e-05 0.0
0.0161608 2.39607e-05 0.0
0.0163475 2.81227e-05 0.0
0.0165275 3.18598e-05 0.0
0.016701 3.5256e-05 0.0
0.0168683 3.84174e-05 0.0
0.0170297 4.12832e-05 0.0
0.0171856 4.38232e-05 0.0
0.017336 4.61172e-05 0.0
0.0174813 4.8189e-05 0.0
0.0176217 4.99975e-05 0.0
0.0177575 5.15601e-05 0.0
0.0178887 5.29227e-05 0.0
0.0180156 5.408e-05 0.0
0.0181385 5.50194e-05 0.0
0.0182574 5.57675e-05 0.0
0.0183726 5.63436e-05 0.0
0.0184841 5.67403e-05 0.0
0.0185923 5.69627e-05 0.0
0.0186972 5.7031e-05 0.0
0.0187989 5.69517e-05 0.0
0.0188976 5.67237e-05 0.0
0.0189934 5.63578e-05 0.0
0.0190864 5.58664e-05 0.0
0.0191767 5.52527e-05 0.0
0.0192646 5.45206e-05 0.0
0.0193499 5.36809e-05 0.0
0.0194329 5.27408e-05 0.0
0.0195137 5.17039e-05 0.0
0.0195923 5.05768e-05 0.0
0.0196687 4.93678e-05 0.0
0.0197432 4.8082e-05 0.0
0.0198158 4.67243e-05 0.0
0.0198864 4.53012e-05 0.0
0.0199553 4.38192e-05 0.0
0.0200225 4.22829e-05 0.0
0.020088 4.06976e-05 0.0
0.0201518 3.90691e-05 0.0
0.0202141 3.74026e-05 0.0
0.020275 3.57026e-05 0.0
0.0203343 3.39743e-05 0.0
0.0203923 3.22226e-05 0.0
0.0204489 3.0452e-05 0.0
0.0205042 2.86668e-05 0.0
0.0205582 2.68716e-05 0.0
0.0206109 2.50707e-05 0.0
0.0206625 2.32682e-05 0.0
0.0207129 2.14678e-05 0.0
0.0207623 1.96738e-05 0.0
0.0208105 1.78898e-05 0.0
0.0208576 1.61192e-05 0.0
0.0209037 1.43659e-05 0.0
0.0209489 1.2633e-05 0.0
0.020993 1.0924e-05 0.0
0.0210362 9.24192e-06 0.0
0.0210785 7.58991e-06 0.0
0.0211199 5.97092e-06 0.0
0.0211604 4.38779e-06 0.0
0.0212 2.84328e-06 0.0
0.0212389 1.34007e-06 0.0
0.0212769 -1.19299e-07 0.0
0.0213141 -1.53237e-06 0.0
0.0213505 -2.89674e-06 0.0
0.0213862 -4.21014e-06 0.0
0.0214212 -5.47037e-06 0.0
0.0214554 -6.6753e-06 0.0
0.0214889 -7.82293e-06 0.0
0.0215217 -8.91128e-06 0.0
0.0215538 -9.9385e-06 0.0
0.0215852 -1.09028e-05 0.0
0.021616 -1.18024e-05 0.0
0.0216461 -1.26358e-05 0.0
0.0216756 -1.34013e-05 0.0
0.0217044 -1.40975e-05 0.0
0.0217326 -1.4723e-05 0.0
0.0217601 -1.52764e-05 0.0
0.021787 -1.57564e-05 0.0
0.0218133 -1.6162e-05 0.0
0.0218389 -1.6492e-05 0.0
0.0218639 -1.67453e-05 0.0
0.0218883 -1.69213e-05 0.0
0.021912 -1.70188e-05 0.0
0.0219351 -1.70372e-05 0.0
0.0219575 -1.69759e-05 0.0
0.0219792 -1.68345e-05 0.0
0.0220001 -1.66125e-05 0.0
0.0220204 -1.63094e-05 0.0
0.0220399 -1.59258e-05 0.0
0.0220586 -1.54611e-05 0.0
0.0220765 -1.49163e-05 0.0
0.0220934 -1.42911e-05 0.0
0.0221094 -1.3588e-05 0.0
0.0221244 -1.28059e-05 0.0
0.0221383 -1.19496e-05 0.0
0.022151 -1.10175e-05 0.0
0.0221624 -1.00181e-05 0.0
0.0221724 -8.94759e-06 0.0
0.0221807 -7.82137e-06 0.0
0.0221872 -6.632e-06 0.0
0.0221917 -5.40551e-06 0.0
0.0221939 -4.15833e-06 0.0
0.022194 -3.48566e-06 0.0
0.0 0.0 0.0
0.0 0.0 0.0
0.0193157 1.87822e-06 0.0
0.0193231 6.24652e-06 0.0
0.0193357 9.48848e-06 0.0
0.0193531 1.30557e-05 0.0
0.0193775 1.76993e-05 0.0
0.0194077 1.99924e-05 0.0
0.0194412 2.25076e-05 0.0
0.0194808 2.80916e-05 0.0
0.019526 3.03663e-05 0.0
0.0195732 3.02847e-05 0.0
0.0196239 3.55097e-05 0.0
0.0196802 3.96175e-05 0.0
0.0197377 3.773e-05 0.0
0.0197962 4.01797e-05 0.0
0.0198586 4.58457e-05 0.0
0.0199225 4.49457e-05 0.0
0.0199857 4.40528e-05 0.0
0.0200503 4.88671e-05 0.0
0.020116 5.04616e-05 0.0
0.0201808 4.837e-05 0.0
0.0202451 5.04263e-05 0.0
0.0203092 5.34786e-05 0.0
0.0203721 5.25485e-05 0.0
0.0204337 5.23599e-05 0.0
0.0204941 5.48396e-05 0.0
0.0205525 5.56417e-05 0.0
0.0206089 5.50277e-05 0.0
0.0206638 5.61504e-05 0.0
0.0207159 5.76593e-05 0.0
0.0207651 5.7863e-05 0.0
0.0208121 5.82973e-05 0.0
0.0208564 5.95706e-05 0.0
0.0208967 6.05522e-05 0.0
0.0209338 6.12775e-05 0.0
0.0209678 6.23351e-05 0.0
0.0209975 6.35578e-05 0.0
0.0210225 6.49471e-05 0.0
0.0210434 6.64234e-05 0.0
0.0210595 6.78133e-05 0.0
0.02107 6.96471e-05 0.0
0.0210743 7.21836e-05 0.0
0.0210726 7.43188e-05 0.0
0.0210643 7.65495e-05 0.0
0.0210478 8.02767e-05 0.0
0.0210225 8.44709e-05 0.0
0.0209885 8.76494e-05 0.0
0.0209446 9.27157e-05 0.0
0.0208878 0.000100206 0.0
0.0208178 0.000106887 0.0
0.0207348 0.000113639 0.0
0.0206345 0.000126213 0.0
0.0205129 0.000140449 0.0
0.0203713 0.000153518 0.0
0.0202063 0.000172496 0.0
0.0200075 0.0002028 0.0
0.0197736 0.000232786 0.0
0.0195039 0.000269883 0.0
0.0191801 0.000326765 0.0
0.0187915 0.000406491 0.0
0.0183389 0.000498085 0.0
0.0177846 0.000633713 0.0
0.0170953 0.000831255 0.0
0.0163027 0.00113813 0.0
0.0153286 0.00157495 0.0
0.0139623 0.00223431 0.0
0.0124099 0.00348521 0.0
0.0109912 0.0049793 0.0
0.00935218 0.00560114 0.0
0.00710867 0.00496748 0.0
0.00335246 0.00185567 0.0
0.0 0.0 0.0
0.0 0.0 0.0
0.0 0.0 0.0
0.0 0.0 0.0
0.0 0.0 0.0
0.0 0.0 0.0
0.0 0.0 0.0
0.0 0.0 0.0
0.0 0.0 0.0
0.0 0.0 0.0
0.0 0.0 0.0
0.0 0.0 0.0
0.0 0.0 0.0
0.0 0.0 0.0
0.0 0.0 0.0
0.0 0.0 0.0
0.0 0.0 0.0
0.0 0.0 0.0
0.0 0.0 0.0
0.0 0.0 0.0
0.0 0.0 0.0
0.0 0.0 0.0
0.0 0.0 0.0
0.0 0.0 0.0
0.0 0.0 0.0
0.0 0.0 0.0
0.0 0.0 0.0
0.0 0.0 0.0
0.0 0.0 0.0
0.0 0.0 0.0
0.0 0.0 0.0
0.0 0.0 0.0
0.0 0.0 0.0
0.0 0.0 0.0
0.0 0.0 0.0
0.0 0.0 0.0
0.0 0.0 0.0
0.0 0.0 0.0
0.0 0.0 0.0
0.0 0.0 0.0
0.0 0.0 0.0
0.0 0.0 0.0
0.0 0.0 0.0
0.0 0.0 0.0
0.0 0.0 0.0
0.0 0.0 0.0
0.0 0.0 0.0
0.0 0.0 0.0
0.0 0.0 0.0
0.0 0.0 0.0
0.0 0.0 0.0
0.0 0.0 0.0
0.0 0.0 0.0
0.0 0.0 0.0
0.0 0.0 0.0
0.0 0.0 0.0
0.0 0.0 0.0
0.0 0.0 0.0
0.0 0.0 0.0
0.0 0.0 0.0
0.0 0.0 0.0
0.0 0.0 0.0
0.0 0.0 0.0
0.0 0.0 0.0
0.0 0.0 0.0
0.0 0.0 0.0
0.0 0.0 0.0
0.0 0.0 0.0
0.0 0.0 0.0
0.0 0.0 0.0
0.0 0.0 0.0
0.0 0.0 0.0
0.0 0.0 0.0
0.0 0.0 0.0
0.0 0.0 0.0
0.0 0.0 0.0
0.0 0.0 0.0
0.0 0.0 0.0
0.0 0.0 0.0
0.0 0.0 0.0
0.0 0.0 0.0
0.0 0.0 0.0
0.0 0.0 0.0
0.0 0.0 0.0
0.000304331 -0.000279164 0.0
0.000762958 -0.000217572 0.0
0.00099267 -0.000154056 0.0
0.00119092 -0.00018669 0.0
0.00156676 -0.000417558 0.0
0.00197139 -0.000716613 0.0
0.00238276 -0.000692831 0.0
0.00292666 -0.00054938 0.0
0.00348915 -0.000602931 0.0
0.00397351 -0.00103885 0.0
0.00439404 -0.00145666 0.0
0.00477653 -0.00174625 0.0
0.0051971 -0.00157509 0.0
0.00571645 -0.00140438 0.0
0.00627867 -0.00126949 0.0
0.00686385 -0.00115588 0.0
0.00743952 -0.00104628 0.0
0.00797005 -0.000953201 0.0
0.00847239 -0.000875434 0.0
0.00897152 -0.000811128 0.0
0.00945109 -0.000750326 0.0
0.00989927 -0.000695184 0.0
0.01033 -0.000648022 0.0
0.0107495 -0.000606024 0.0
0.0111486 -0.000565443 0.0
0.0115281 -0.000528529 0.0
0.0118953 -0.000495851 0.0
0.0122491 -0.000465091 0.0
0.0125863 -0.000435551 0.0
0.0129099 -0.000408679 0.0
0.0132226 -0.000383974 0.0
0.0135228 -0.00036024 0.0
0.01381 -0.000337786 0.0
0.0140868 -0.000317154 0.0
0.0143537 -0.000297697 0.0
0.0146096 -0.000279038 0.0
0.0148556 -0.000261554 0.0
0.0150928 -0.000245274 0.0
0.0153211 -0.000229767 0.0
0.0155406 -0.000215032 0.0
0.0157519 -0.000201261 0.0
0.0159557 -0.000188311 0.0
0.016152 -0.00017599 0.0
0.0163409 -0.000164381 0.0
0.0165232 -0.000153521 0.0
0.016699 -0.000143274 0.0
0.0168685 -0.000133585 0.0
0.017032 -0.00012451 0.0
0.0171899 -0.000116015 0.0
0.0173424 -0.000108017 0.0
0.0174896 -0.000100513 0.0
0.0176318 -9.35166e-05 0.0
0.0177694 -8.69796e-05 0.0
0.0179023 -8.0863e-05 0.0
0.0180309 -7.51714e-05 0.0
0.0181554 -6.98917e-05 0.0
0.0182759 -6.49858e-05 0.0
0.0183925 -6.04376e-05 0.0
0.0185056 -5.62439e-05 0.0
0.0186151 -5.23832e-05 0.0
0.0187213 -4.88312e-05 0.0
0.0188244 -4.55789e-05 0.0
0.0189243 -4.26161e-05 0.0
0.0190214 -3.99228e-05 0.0
0.0191156 -3.74836e-05 0.0
0.0192071 -3.52902e-05 0.0
0.0192961 -3.33295e-05 0.0
0.0193825 -3.15859e-05 0.0
0.0194666 -3.00484e-05 0.0
0.0195484 -2.87079e-05 0.0
0.019628 -2.75516e-05 0.0
0.0197055 -2.65677e-05 0.0
0.0197809 -2.57472e-05 0.0
0.0198544 -2.50805e-05 0.0
0.019926 -2.45567e-05 0.0
0.0199958 -2.41665e-05 0.0
0.0200638 -2.39016e-05 0.0
0.0201301 -2.37531e-05 0.0
0.0201948 -2.3712e-05 0.0
0.0202579 -2.37706e-05 0.0
0.0203196 -2.39212e-05 0.0
0.0203797 -2.41559e-05 0.0
0.0204384 -2.44673e-05 0.0
0.0204958 -2.48486e-05 0.0
0.0205518 -2.52931e-05 0.0
0.0206065 -2.5794e-05 0.0
0.02066 -2.6345e-05 0.0
0.0207123 -2.69402e-05 0.0
0.0207634 -2.75736e-05 0.0
0.0208133 -2.82396e-05 0.0
0.0208622 -2.89326e-05 0.0
0.02091 -2.96476e-05 0.0
0.0209567 -3.03794e-05 0.0
0.0210025 -3.1123e-05 0.0
0.0210472 -3.1874e-05 0.0
0.021091 -3.26277e-05 0.0
0.0211339 -3.33798e-05 0.0
0.0211758 -3.41261e-05 0.0
0.0212169 -3.48624e-05 0.0
0.0212571 -3.5585e-05 0.0
0.0212964 -3.62899e-05 0.0
0.021335 -3.69737e-05 0.0
0.0213727 -3.76326e-05 0.0
0.0214096 -3.82633e-05 0.0
0.0214458 -3.88625e-05 0.0
0.0214813 -3.94269e-05 0.0
0.0215159 -3.99535e-05 0.0
0.0215499 -4.04391e-05 0.0
0.0215832 -4.08808e-05 0.0
0.0216158 -4.12756e-05 0.0
0.0216476 -4.16208e-05 0.0
0.0216789 -4.19134e-05 0.0
0.0217094 -4.21509e-05 0.0
0.0217393 -4.23303e-05 0.0
0.0217686 -4.2449e-05 0.0
0.0217972 -4.25043e-05 0.0
0.0218251 -4.24935e-05 0.0
0.0218525 -4.24135e-05 0.0
0.0218792 -4.22621e-05 0.0
0.0219053 -4.20361e-05 0.0
0.0219308 -4.17326e-05 0.0
0.0219556 -4.13484e-05 0.0
0.0219798 -4.08809e-05 0.0
0.0220033 -4.03262e-05 0.0
0.0220262 -3.96811e-05 0.0
0.0220484 -3.89413e-05 0.0
0.02207 -3.81038e-05 0.0
0.0220908 -3.71626e-05 0.0
0.0221109 -3.61144e-05 0.0
0.0221303 -3.49522e-05 0.0
0.0221488 -3.3672e-05 0.0
0.0221665 -3.22639e-05 0.0
0.0221834 -3.07239e-05 0.0
0.0221993 -2.90391e-05 0.0
0.0222141 -2.72039e-05 0.0
0.0222279 -2.52004e-05 0.0
0.0222405 -2.30227e-05 0.0
0.0222518 -2.0645e-05 0.0
0.0222617 -1.80596e-05 0.0
0.0222699 -1.52298e-05 0.0
0.0222764 -1.21461e-05 0.0
0.0222809 -8.75557e-06 0.0
0.022283 -5.11383e-06 0.0
0.0222832 -3.11832e-06 0.0
0.0 0.0 0.0
0.0 0.0 0.0
0.0193157 -1.06566e-06 0.0
0.0193231 -3.91213e-06 0.0
0.0193357 -5.6275e-06 0.0
0.0193531 -7.66207e-06 0.0
0.0193775 -1.0756e-05 0.0
0.0194078 -1.14803e-05 0.0
0.0194413 -1.24065e-05 0.0
0.0194808 -1.63742e-05 0.0
0.019526 -1.69943e-05 0.0
0.0195733 -1.5223e-05 0.0
0.019624 -1.87194e-05 0.0
0.0196803 -2.10454e-05 0.0
0.0197379 -1.73173e-05 0.0
0.0197964 -1.78761e-05 0.0
0.0198588 -2.15857e-05 0.0
0.0199228 -1.86443e-05 0.0
0.019986 -1.56343e-05 0.0
0.0200507 -1.82623e-05 0.0
0.0201164 -1.75601e-05 0.0
0.0201812 -1.30544e-05 0.0
0.0202456 -1.26118e-05 0.0
0.0203098 -1.30522e-05 0.0
0.0203726 -9.33071e-06 0.0
0.0204344 -6.22156e-06 0.0
0.0204949 -5.67308e-06 0.0
0.0205532 -3.23061e-06 0.0
0.0206098 8.73481e-07 0.0
0.0206649 3.35337e-06 0.0
0.020717 5.66271e-06 0.0
0.0207662 9.66141e-06 0.0
0.0208136 1.36796e-05 0.0
0.020858 1.69951e-05 0.0
0.0208982 2.11154e-05 0.0
0.0209356 2.60208e-05 0.0
0.0209702 3.07744e-05 0.0
0.0209998 3.57817e-05 0.0
0.0210248 4.1648e-05 0.0
0.0210466 4.78878e-05 0.0
0.0210632 5.44996e-05 0.0
0.0210731 6.19504e-05 0.0
0.0210784 7.01979e-05 0.0
0.0210784 7.8992e-05 0.0
0.0210696 8.90494e-05 0.0
0.021053 0.000100384 0.0
0.0210308 0.000112672 0.0
0.0209982 0.000126465 0.0
0.0209525 0.000143036 0.0
0.0208987 0.000161138 0.0
0.0208346 0.000181227 0.0
0.0207503 0.000205753 0.0
0.0206498 0.000235225 0.0
0.0205394 0.000266207 0.0
0.0204038 0.000304528 0.0
0.0202343 0.000354399 0.0
0.020048 0.000410572 0.0
0.0198382 0.000472056 0.0
0.0195705 0.000563099 0.0
0.0192546 0.000677417 0.0
0.0189144 0.000797856 0.0
0.0185053 0.000963981 0.0
0.0179843 0.0012365 0.0
0.0173906 0.00153885 0.0
0.0167298 0.00189459 0.0
0.01593 0.00257971 0.0
0.0149566 0.00356534 0.0
0.0139856 0.00461339 0.0
0.0132386 0.00596559 0.0
0.0123468 0.00724256 0.0
0.0107512 0.00729374 0.0
0.00859694 0.00556625 0.0
0.00545985 0.00202931 0.0
0.0020684 0.000428751 0.0
0.0 0.0 0.0
0.0 0.0 0.0
0.0 0.0 0.0
0.0 0.0 0.0
0.0 0.0 0.0
0.0 0.0 0.0
0.0 0.0 0.0
0.0 0.0 0.0
0.0 0.0 0.0
0.0 0.0 0.0
0.0 0.0 0.0
0.0 0.0 0.0
0.0 0.0 0.0
0.0 0.0 0.0
0.0 0.0 0.0
0.0 0.0 0.0
0.0 0.0 0.0
0.0 0.0 0.0
0.0 0.0 0.0
0.0 0.0 0.0
0.0 0.0 0.0
0.0 0.0 0.0
0.0 0.0 0.0
0.0 0.0 0.0
0.0 0.0 0.0
0.0 0.0 0.0
0.0 0.0 0.0
0.0 0.0 0.0
0.0 0.0 0.0
0.0 0.0 0.0
0.0 0.0 0.0
0.0 0.0 0.0
0.0 0.0 0.0
0.0 0.0 0.0
0.0 0.0 0.0
0.0 0.0 0.0
0.0 0.0 0.0
0.0 0.0 0.0
0.0 0.0 0.0
0.0 0.0 0.0
0.0 0.0 0.0
0.0 0.0 0.0
0.0 0.0 0.0
0.0 0.0 0.0
0.0 0.0 0.0
0.0 0.0 0.0
0.0 0.0 0.0
0.0 0.0 0.0
0.0 0.0 0.0
0.0 0.0 0.0
0.0 0.0 0.0
0.0 0.0 0.0
0.0 0.0 0.0
0.0 0.0 0.0
0.0 0.0 0.0
0.0 0.0 0.0
0.0 0.0 0.0
0.0 0.0 0.0
0.0 0.0 0.0
0.0 0.0 0.0
0.0 0.0 0.0
0.0 0.0 0.0
0.0 0.0 0.0
0.0 0.0 0.0
0.0 0.0 0.0
0.0 0.0 0.0
0.0 0.0 0.0
0.0 0.0 0.0
0.0 0.0 0.0
0.0 0.0 0.0
0.0 0.0 0.0
0.0 0.0 0.0
0.0 0.0 0.0
0.0 0.0 0.0
0.0 0.0 0.0
0.0 0.0 0.0
0.0 0.0 0.0
0.000341469 -0.000291804 0.0
0.000841459 -0.000227419 0.0
0.00109142 -0.000155485 0.0
0.00129898 -0.000186779 0.0
0.00169305 -0.000433795 0.0
0.00212073 -0.000742086 0.0
0.0025482 -0.000703373 0.0
0.00308802 -0.000552148 0.0
0.00361775 -0.000560495 0.0
0.00404455 -0.000858529 0.0
0.00440355 -0.00106001 0.0
0.00477471 -0.00116082 0.0
0.0052243 -0.00109964 0.0
0.00576843 -0.00118483 0.0
0.00625191 -0.00144148 0.0
0.00655345 -0.00174524 0.0
0.00671498 -0.0019448 0.0
0.00693114 -0.00195517 0.0
0.00730221 -0.00191598 0.0
0.00774429 -0.00177333 0.0
0.00817636 -0.00165031 0.0
0.00859658 -0.00154305 0.0
0.00903863 -0.00144129 0.0
0.00949009 -0.00134589 0.0
0.00991738 -0.00126442 0.0
0.0103236 -0.00118673 0.0
0.0107271 -0.00111618 0.0
0.0111211 -0.00105346 0.0
0.0114948 -0.00099506 0.0
0.0118545 -0.000939066 0.0
0.0122059 -0.000888596 0.0
0.0125437 -0.000842071 0.0
0.0128662 -0.00079731 0.0
0.0131782 -0.000755106 0.0
0.0134802 -0.00071645 0.0
0.0137695 -0.000679707 0.0
0.0140473 -0.000644402 0.0
0.014316 -0.000611384 0.0
0.0145748 -0.000580506 0.0
0.0148231 -0.000550854 0.0
0.0150623 -0.000522634 0.0
0.0152933 -0.000496193 0.0
0.0155153 -0.000471124 0.0
0.0157289 -0.000447108 0.0
0.015935 -0.000424406 0.0
0.0161337 -0.000403019 0.0
0.0163249 -0.000382647 0.0
0.0165092 -0.000363252 0.0
0.0166871 -0.000344966 0.0
0.0168586 -0.000327669 0.0
0.017024 -0.000311214 0.0
0.0171836 -0.000295639 0.0
0.0173378 -0.000280959 0.0
0.0174865 -0.00026706 0.0
0.0176302 -0.000253892 0.0
0.0177691 -0.000241477 0.0
0.0179034 -0.000229779 0.0
0.0180332 -0.000218725 0.0
0.0181587 -0.000208299 0.0
0.0182803 -0.0001985 0.0
0.0183979 -0.000189279 0.0
0.0185118 -0.000180597 0.0
0.0186222 -0.000172447 0.0
0.0187292 -0.000164806 0.0
0.018833 -0.000157638 0.0
0.0189336 -0.00015092 0.0
0.0190312 -0.000144641 0.0
0.019126 -0.000138775 0.0
0.0192181 -0.000133296 0.0
0.0193075 -0.000128188 0.0
0.0193944 -0.000123437 0.0
0.0194789 -0.000119018 0.0
0.0195611 -0.000114914 0.0
0.019641 -0.000111112 0.0
0.0197188 -0.000107594 0.0
0.0197946 -0.000104343 0.0
0.0198684 -0.000101346 0.0
0.0199402 -9.85875e-05 0.0
0.0200103 -9.60544e-05 0.0
0.0200785 -9.37322e-05 0.0
0.0201451 -9.16092e-05 0.0
0.02021 -8.96734e-05 0.0
0.0202734 -8.79122e-05 0.0
0.0203352 -8.63143e-05 0.0
0.0203955 -8.48695e-05 0.0
0.0204544 -8.35671e-05 0.0
0.020512 -8.23968e-05 0.0
0.0205682 -8.13492e-05 0.0
0.0206231 -8.04153e-05 0.0
0.0206767 -7.95861e-05 0.0
0.0207292 -7.88529e-05 0.0
0.0207804 -7.82077e-05 0.0
0.0208306 -7.76429e-05 0.0
0.0208796 -7.71507e-05 0.0
0.0209275 -7.6724e-05 0.0
0.0209745 -7.63558e-05 0.0
0.0210203 -7.60396e-05 0.0
0.0210653 -7.57689e-05 0.0
0.0211092 -7.55376e-05 0.0
0.0211522 -7.53397e-05 0.0
0.0211943 -7.51697e-05 0.0
0.0212355 -7.50219e-05 0.0
0.0212759 -7.48912e-05 0.0
0.0213154 -7.47724e-05 0.0
0.0213541 -7.46607e-05 0.0
0.021392 -7.45513e-05 0.0
0.0214291 -7.44395e-05 0.0
0.0214655 -7.43211e-05 0.0
0.0215011 -7.41915e-05 0.0
0.0215359 -7.40466e-05 0.0
0.0215701 -7.38823e-05 0.0
0.0216035 -7.36946e-05 0.0
0.0216363 -7.34795e-05 0.0
0.0216684 -7.32332e-05 0.0
0.0216998 -7.29517e-05 0.0
0.0217305 -7.26315e-05 0.0
0.0217607 -7.22686e-05 0.0
0.0217901 -7.18593e-05 0.0
0.021819 -7.13997e-05 0.0
0.0218472 -7.08862e-05 0.0
0.0218748 -7.03146e-05 0.0
0.0219018 -6.96812e-05 0.0
0.0219282 -6.89816e-05 0.0
0.021954 -6.82118e-05 0.0
0.0219792 -6.73668e-05 0.0
0.0220038 -6.64428e-05 0.0
0.0220277 -6.54339e-05 0.0
0.0220511 -6.43354e-05 0.0
0.0220738 -6.31407e-05 0.0
0.0220959 -6.18451e-05 0.0
0.0221173 -6.04396e-05 0.0
0.0221381 -5.89188e-05 0.0
0.0221582 -5.72718e-05 0.0
0.0221776 -5.54926e-05 0.0
0.0221963 -5.3566e-05 0.0
0.0222141 -5.14851e-05 0.0
0.0222312 -4.92301e-05 0.0
0.0222474 -4.67926e-05 0.0
0.0222628 -4.41442e-05 0.0
0.0222771 -4.12762e-05 0.0
0.0222904 -3.81481e-05 0.0
0.0223025 -3.47494e-05 0.0
0.0223133 -3.10211e-05 0.0
0.0223228 -2.69524e-05 0.0
0.0223307 -2.24555e-05 0.0
0.0223369 -1.7519e-05 0.0
0.0223412 -1.20134e-05 0.0
0.0223433 -6.02986e-06 0.0
0.0223434 -2.73956e-06 0.0
0.0 0.0 0.0
0.0 0.0 0.0
0.019317 -4.00221e-06 0.0
0.0193222 -1.37379e-05 0.0
0.0193352 -2.1592e-05 0.0
0.0193549 -2.81093e-05 0.0
0.0193779 -3.70569e-05 0.0
0.0194074 -4.4813e-05 0.0
0.0194444 -4.974e-05 0.0
0.0194836 -5.68965e-05 0.0
0.0195263 -6.37313e-05 0.0
0.0195768 -6.65114e-05 0.0
0.0196299 -7.09974e-05 0.0
0.0196829 -7.68399e-05 0.0
0.0197413 -7.76899e-05 0.0
0.0198038 -7.88341e-05 0.0
0.0198648 -8.29823e-05 0.0
0.0199274 -8.3136e-05 0.0
0.0199934 -8.11426e-05 0.0
0.0200591 -8.25918e-05 0.0
0.0201236 -8.24435e-05 0.0
0.0201893 -7.88816e-05 0.0
0.0202548 -7.70696e-05 0.0
0.0203191 -7.60487e-05 0.0
0.0203824 -7.20839e-05 0.0
0.0204445 -6.78645e-05 0.0
0.0205052 -6.49701e-05 0.0
0.0205646 -6.07975e-05 0.0
0.0206216 -5.52447e-05 0.0
0.0206761 -5.03272e-05 0.0
0.0207291 -4.5203e-05 0.0
0.0207797 -3.88883e-05 0.0
0.0208266 -3.22484e-05 0.0
0.0208708 -2.55698e-05 0.0
0.0209128 -1.81202e-05 0.0
0.0209509 -1.00292e-05 0.0
0.0209846 -1.4247e-06 0.0
0.0210152 7.87595e-06 0.0
0.0210421 1.78462e-05 0.0
0.0210637 2.86159e-05 0.0
0.0210803 4.06633e-05 0.0
0.0210925 5.35339e-05 0.0
0.0210989 6.72786e-05 0.0
0.0210984 8.29218e-05 0.0
0.0210917 0.000100471 0.0
0.021078 0.000118849 0.0
0.0210558 0.000139622 0.0
0.0210245 0.000163977 0.0
0.0209841 0.00019052 0.0
0.0209325 0.000219186 0.0
0.0208683 0.000253892 0.0
0.0207911 0.000293773 0.0
0.0206993 0.000337339 0.0
0.0205892 0.000388167 0.0
0.0204592 0.000450924 0.0
0.0203096 0.000521713 0.0
0.0201348 0.000604909 0.0
0.0199262 0.000706772 0.0
0.0196872 0.0008314 0.0
0.0194203 0.00098131 0.0
0.0190985 0.00117124 0.0
0.0187106 0.00140269 0.0
0.0182986 0.0017058 0.0
0.0178482 0.00211174 0.0
0.0172544 0.00261366 0.0
0.0166021 0.00329685 0.0
0.016092 0.00427771 0.0
0.0155567 0.005373 0.0
0.014904 0.00657844 0.0
0.0146169 0.00787693 0.0
0.0144846 0.00834977 0.0
0.013343 0.00756077 0.0
0.0108684 0.00590276 0.0
0.00784947 0.00330066 0.0
0.00492154 0.00149966 0.0
0.00209524 0.000417041 0.0
0.0 0.0 0.0
0.0 0.0 0.0
0.0 0.0 0.0
0.0 0.0 0.0
0.0 0.0 0.0
0.0 0.0 0.0
0.0 0.0 0.0
0.0 0.0 0.0
0.0 0.0 0.0
0.0 0.0 0.0
0.0 0.0 0.0
0.0 0.0 0.0
0.0 0.0 0.0
0.0 0.0 0.0
0.0 0.0 0.0
0.0 0.0 0.0
0.0 0.0 0.0
0.0 0.0 0.0
0.0 0.0 0.0
0.0 0.0 0.0
0.0 0.0 0.0
0.0 0.0 0.0
0.0 0.0 0.0
0.0 0.0 0.0
0.0 0.0 0.0
0.0 0.0 0.0
0.0 0.0 0.0
0.0 0.0 0.0
0.0 0.0 0.0
0.0 0.0 0.0
0.0 0.0 0.0
0.0 0.0 0.0
0.0 0.0 0.0
0.0 0.0 0.0
0.0 0.0 0.0
0.0 0.0 0.0
0.0 0.0 0.0
0.0 0.0 0.0
0.0 0.0 0.0
0.0 0.0 0.0
0.0 0.0 0.0
0.0 0.0 0.0
0.0 0.0 0.0
0.0 0.0 0.0
0.0 0.0 0.0
0.0 0.0 0.0
0.0 0.0 0.0
0.0 0.0 0.0
0.0 0.0 0.0
0.0 0.0 0.0
0.0 0.0 0.0
0.0 0.0 0.0
0.0 0.0 0.0
0.0 0.0 0.0
0.0 0.0 0.0
0.0 0.0 0.0
0.0 0.0 0.0
0.0 0.0 0.0
0.0 0.0 0.0
0.0 0.0 0.0
0.0 0.0 0.0
0.0 0.0 0.0
0.0 0.0 0.0
0.0 0.0 0.0
0.0 0.0 0.0
0.0 0.0 0.0
0.0 0.0 0.0
0.0 0.0 0.0
0.0 0.0 0.0
0.0 0.0 0.0
0.000402867 -0.000318255 0.0
0.000960213 -0.000238602 0.0
0.00122929 -0.000157158 0.0
0.00145496 -0.000193312 0.0
0.00188452 -0.000464124 0.0
0.00234515 -0.000796071 0.0
0.0028014 -0.000752008 0.0
0.00338002 -0.000583152 0.0
0.0039457 -0.000580261 0.0
0.00438647 -0.000890317 0.0
0.00474567 -0.00109616 0.0
0.00512819 -0.00118432 0.0
0.00558128 -0.00108769 0.0
0.00609207 -0.00109657 0.0
0.0065435 -0.00120668 0.0
0.0068743 -0.00138478 0.0
0.00716244 -0.00147213 0.0
0.00751147 -0.00153671 0.0
0.0079055 -0.00166943 0.0
0.00829246 -0.00178915 0.0
0.00858976 -0.00201796 0.0
0.00881596 -0.00213188 0.0
0.00904394 -0.0022212 0.0
0.00926037 -0.00221887 0.0
0.00951041 -0.00212267 0.0
0.00981906 -0.00203278 0.0
0.010161 -0.00193546 0.0
0.0105124 -0.00183714 0.0
0.0108603 -0.00173789 0.0
0.0112045 -0.00164712 0.0
0.0115518 -0.00156335 0.0
0.0118966 -0.00148531 0.0
0.0122284 -0.00140895 0.0
0.0125497 -0.00133837 0.0
0.0128659 -0.00127375 0.0
0.0131734 -0.00121219 0.0
0.0134682 -0.00115254 0.0
0.0137537 -0.00109736 0.0
0.0140316 -0.00104579 0.0
0.0142992 -0.000995999 0.0
0.0145564 -0.000948405 0.0
0.0148054 -0.000904075 0.0
0.0150461 -0.000861898 0.0
0.0152775 -0.000821236 0.0
0.0155003 -0.000782725 0.0
0.0157158 -0.000746488 0.0
0.0159235 -0.000711755 0.0
0.0161232 -0.000678514 0.0
0.0163159 -0.000647116 0.0
0.016502 -0.000617338 0.0
0.0166812 -0.000588815 0.0
0.0168538 -0.000561695 0.0
0.0170205 -0.000536053 0.0
0.0171814 -0.00051165 0.0
0.0173365 -0.000488372 0.0
0.0174861 -0.000466325 0.0
0.0176307 -0.000445446 0.0
0.0177703 -0.00042558 0.0
0.0179051 -0.000406717 0.0
0.0180354 -0.000388882 0.0
0.0181614 -0.000371983 0.0
0.0182832 -0.000355943 0.0
0.0184011 -0.000340767 0.0
0.0185151 -0.00032643 0.0
0.0186255 -0.000312858 0.0
0.0187325 -0.000300016 0.0
0.0188361 -0.000287896 0.0
0.0189365 -0.000276458 0.0
0.0190339 -0.000265651 0.0
0.0191284 -0.000255456 0.0
0.0192201 -0.000245854 0.0
0.0193092 -0.000236804 0.0
0.0193956 -0.000228276 0.0
0.0194797 -0.000220252 0.0
0.0195613 -0.000212708 0.0
0.0196408 -0.000205612 0.0
0.0197181 -0.000198943 0.0
0.0197932 -0.000192684 0.0
0.0198665 -0.000186809 0.0
0.0199377 -0.000181297 0.0
0.0200072 -0.000176129 0.0
0.0200749 -0.000171289 0.0
0.0201409 -0.000166756 0.0
0.0202052 -0.000162512 0.0
0.0202679 -0.000158543 0.0
0.0203292 -0.000154832 0.0
0.0203889 -0.000151363 0.0
0.0204473 -0.000148121 0.0
0.0205042 -0.000145095 0.0
0.0205599 -0.000142269 0.0
0.0206143 -0.000139631 0.0
0.0206674 -0.000137169 0.0
0.0207193 -0.000134871 0.0
0.0207701 -0.000132726 0.0
0.0208197 -0.000130723 0.0
0.0208682 -0.000128852 0.0
0.0209157 -0.000127103 0.0
0.0209622 -0.000125467 0.0
0.0210076 -0.000123935 0.0
0.0210521 -0.000122497 0.0
0.0210957 -0.000121147 0.0
0.0211383 -0.000119875 0.0
0.02118 -0.000118675 0.0
0.0212209 -0.000117539 0.0
0.0212609 -0.00011646 0.0
0.0213001 -0.000115431 0.0
0.0213384 -0.000114446 0.0
0.021376 -0.000113498 0.0
0.0214128 -0.000112582 0.0
0.0214489 -0.000111692 0.0
0.0214843 -0.000110822 0.0
0.0215189 -0.000109967 0.0
0.0215528 -0.000109121 0.0
0.021586 -0.000108279 0.0
0.0216186 -0.000107437 0.0
0.0216505 -0.000106589 0.0
0.0216817 -0.000105731 0.0
0.0217124 -0.000104857 0.0
0.0217424 -0.000103964 0.0
0.0217717 -0.000103045 0.0
0.0218005 -0.000102098 0.0
0.0218287 -0.000101117 0.0
0.0218563 -0.000100097 0.0
0.0218833 -9.90335e-05 0.0
0.0219097 -9.79221e-05 0.0
0.0219355 -9.67571e-05 0.0
0.0219608 -9.55338e-05 0.0
0.0219855 -9.42465e-05 0.0
0.0220097 -9.28898e-05 0.0
0.0220333 -9.14571e-05 0.0
0.0220563 -8.9943e-05 0.0
0.0220787 -8.83395e-05 0.0
0.0221006 -8.66403e-05 0.0
0.0221219 -8.48359e-05 0.0
0.0221426 -8.29196e-05 0.0
0.0221627 -8.08787e-05 0.0
0.0221821 -7.87057e-05 0.0
0.0222009 -7.63844e-05 0.0
0.0222191 -7.3906e-05 0.0
0.0222366 -7.12484e-05 0.0
0.0222533 -6.84019e-05 0.0
0.0222693 -6.53364e-05 0.0
0.0222844 -6.20401e-05 0.0
0.0222987 -5.84704e-05 0.0
0.0223121 -5.46148e-05 0.0
0.0223245 -5.04116e-05 0.0
0.0223357 -4.58468e-05 0.0
0.0223458 -4.08301e-05 0.0
0.0223546 -3.53477e-05 0.0
0.022362 -2.9264e-05 0.0
0.0223677 -2.25669e-05 0.0
0.0223716 -1.50555e-05 0.0
0.0223735 -6.85466e-06 0.0
0.0223735 -2.33914e-06 0.0
0.0 0.0 0.0
0.0 0.0 0.0
0.0193175 -8.52947e-06 0.0
0.0193238 -2.22527e-05 0.0
0.0193349 -3.7311e-05 0.0
0.0193548 -5.11001e-05 0.0
0.0193806 -6.31117e-05 0.0
0.0194099 -7.76515e-05 0.0
0.0194456 -9.02127e-05 0.0
0.0194879 -9.7656e-05 0.0
0.0195327 -0.000108902 0.0
0.0195816 -0.000121466 0.0
0.0196358 -0.000125024 0.0
0.0196923 -0.000129681 0.0
0.0197509 -0.000140524 0.0
0.0198129 -0.000143651 0.0
0.0198762 -0.000141756 0.0
0.0199407 -0.000147437 0.0
0.0200067 -0.000151093 0.0
0.0200729 -0.000146579 0.0
0.0201392 -0.000145323 0.0
0.020206 -0.000147528 0.0
0.0202719 -0.000143365 0.0
0.0203367 -0.000137384 0.0
0.0204014 -0.000135451 0.0
0.0204646 -0.000131809 0.0
0.0205255 -0.000124117 0.0
0.0205854 -0.00011794 0.0
0.0206438 -0.000112805 0.0
0.0206992 -0.000104923 0.0
0.0207523 -9.59168e-05 0.0
0.0208037 -8.80345e-05 0.0
0.0208519 -7.91987e-05 0.0
0.0208967 -6.86227e-05 0.0
0.0209391 -5.78378e-05 0.0
0.0209782 -4.6818e-05 0.0
0.0210131 -3.43864e-05 0.0
0.0210445 -2.09246e-05 0.0
0.0210722 -6.73812e-06 0.0
0.0210949 8.67889e-06 0.0
0.0211128 2.55388e-05 0.0
0.0211265 4.36606e-05 0.0
0.021134 6.36331e-05 0.0
0.0211348 8.55561e-05 0.0
0.0211306 0.000109329 0.0
0.0211194 0.000135604 0.0
0.0210984 0.000165435 0.0
0.0210699 0.000198007 0.0
0.0210345 0.000233828 0.0
0.0209862 0.000275171 0.0
0.0209246 0.000322733 0.0
0.0208549 0.000374049 0.0
0.0207716 0.000433149 0.0
0.0206664 0.000504857 0.0
0.0205462 0.000585971 0.0
0.0204134 0.000673778 0.0
0.0202524 0.000785234 0.0
0.0200609 0.000923399 0.0
0.0198514 0.00107209 0.0
0.0196145 0.00124688 0.0
0.0193345 0.00149568 0.0
0.0190178 0.00178748 0.0
0.0186678 0.00209557 0.0
0.0182911 0.00253998 0.0
0.0178884 0.00316767 0.0
0.0174459 0.00382405 0.0
0.0170528 0.0046351 0.0
0.016827 0.0057816 0.0
0.0166456 0.00694737 0.0
0.0164545 0.00794431 0.0
0.0164032 0.00863462 0.0
0.0163127 0.00847179 0.0
0.0156397 0.00781084 0.0
0.0135584 0.00637656 0.0
0.0104569 0.00495207 0.0
0.00764395 0.00295685 0.0
0.00506324 0.00150432 0.0
0.00217112 0.000554742 0.0
0.0 0.0 0.0
0.0 0.0 0.0
0.0 0.0 0.0
0.0 0.0 0.0
0.0 0.0 0.0
0.0 0.0 0.0
0.0 0.0 0.0
0.0 0.0 0.0
0.0 0.0 0.0
0.0 0.0 0.0
0.0 0.0 0.0
0.0 0.0 0.0
0.0 0.0 0.0
0.0 0.0 0.0
0.0 0.0 0.0
0.0 0.0 0.0
0.0 0.0 0.0
0.0 0.0 0.0
0.0 0.0 0.0
0.0 0.0 0.0
0.0 0.0 0.0
0.0 0.0 0.0
0.0 0.0 0.0
0.0 0.0 0.0
0.0 0.0 0.0
0.0 0.0 0.0
0.0 0.0 0.0
0.0 0.0 0.0
0.0 0.0 0.0
0.0 0.0 0.0
0.0 0.0 0.0
0.0 0.0 0.0
0.0 0.0 0.0
0.0 0.0 0.0
0.0 0.0 0.0
0.0 0.0 0.0
0.0 0.0 0.0
0.0 0.0 0.0
0.0 0.0 0.0
0.0 0.0 0.0
0.0 0.0 0.0
0.0 0.0 0.0
0.0 0.0 0.0
0.0 0.0 0.0
0.0 0.0 0.0
0.0 0.0 0.0
0.0 0.0 0.0
0.0 0.0 0.0
0.0 0.0 0.0
0.0 0.0 0.0
0.0 0.0 0.0
0.0 0.0 0.0
0.0 0.0 0.0
0.0 0.0 0.0
0.0 0.0 0.0
0.0 0.0 0.0
0.0 0.0 0.0
0.0 0.0 0.0
0.0 0.0 0.0
0.0 0.0 0.0
0.0 0.0 0.0
0.000418627 -0.000330827 0.0
0.00099925 -0.000250815 0.0
0.00128016 -0.000160427 0.0
0.0014455 -0.000149536 0.0
0.00163231 -0.000174021 0.0
0.00187538 -0.000201807 0.0
0.00227822 -0.000474923 0.0
0.00272104 -0.000869141 0.0
0.00321178 -0.00082026 0.0
0.00383537 -0.000615563 0.0
0.00442212 -0.000606968 0.0
0.00487802 -0.000950918 0.0
0.00525234 -0.00117061 0.0
0.00564467 -0.00125545 0.0
0.0061058 -0.00114552 0.0
0.0066344 -0.00114278 0.0
0.00710409 -0.00124302 0.0
0.00743333 -0.00141822 0.0
0.00770572 -0.00148897 0.0
0.00804501 -0.00150844 0.0
0.00844079 -0.00157477 0.0
0.00885545 -0.00158873 0.0
0.00922099 -0.00172768 0.0
0.00954842 -0.00180485 0.0
0.00989455 -0.00190216 0.0
0.0102031 -0.00200487 0.0
0.0104806 -0.00209345 0.0
0.0107257 -0.00224861 0.0
0.0109361 -0.00234569 0.0
0.0111178 -0.00240909 0.0
0.0112788 -0.00240038 0.0
0.0114729 -0.00238025 0.0
0.0117059 -0.00232262 0.0
0.011956 -0.00222645 0.0
0.0122082 -0.00213808 0.0
0.0124713 -0.0020519 0.0
0.012752 -0.0019618 0.0
0.0130336 -0.00187232 0.0
0.0133038 -0.00178943 0.0
0.0135724 -0.00170891 0.0
0.013844 -0.00163196 0.0
0.0141077 -0.00155864 0.0
0.0143605 -0.00148863 0.0
0.0146091 -0.00142156 0.0
0.0148535 -0.00135826 0.0
0.0150881 -0.00129758 0.0
0.0153142 -0.00123939 0.0
0.0155351 -0.00118409 0.0
0.015749 -0.0011316 0.0
0.0159541 -0.00108112 0.0
0.0161526 -0.00103292 0.0
0.0163452 -0.00098717 0.0
0.0165306 -0.000943494 0.0
0.0167089 -0.000901607 0.0
0.0168815 -0.000861764 0.0
0.0170482 -0.000823881 0.0
0.0172086 -0.000787667 0.0
0.0173633 -0.000753092 0.0
0.0175128 -0.00072026 0.0
0.0176571 -0.000689001 0.0
0.0177961 -0.000659172 0.0
0.0179304 -0.0006308 0.0
0.0180601 -0.000603868 0.0
0.0181854 -0.000578233 0.0
0.0183063 -0.000553841 0.0
0.0184232 -0.000530695 0.0
0.0185362 -0.000508731 0.0
0.0186455 -0.000487855 0.0
0.0187512 -0.000468044 0.0
0.0188536 -0.000449273 0.0
0.0189526 -0.000431472 0.0
0.0190486 -0.000414588 0.0
0.0191416 -0.000398599 0.0
0.0192317 -0.000383463 0.0
0.0193192 -0.000369127 0.0
0.019404 -0.000355557 0.0
0.0194863 -0.000342724 0.0
0.0195663 -0.000330589 0.0
0.019644 -0.000319111 0.0
0.0197195 -0.000308263 0.0
0.0197929 -0.000298018 0.0
0.0198644 -0.000288338 0.0
0.0199339 -0.000279195 0.0
0.0200016 -0.000270566 0.0
0.0200675 -0.000262422 0.0
0.0201317 -0.000254735 0.0
0.0201943 -0.000247483 0.0
0.0202553 -0.000240643 0.0
0.0203149 -0.000234192 0.0
0.0203729 -0.000228108 0.0
0.0204296 -0.000222371 0.0
0.020485 -0.000216962 0.0
0.020539 -0.000211862 0.0
0.0205918 -0.000207052 0.0
0.0206434 -0.000202517 0.0
0.0206938 -0.000198239 0.0
0.0207431 -0.000194204 0.0
0.0207913 -0.000190395 0.0
0.0208384 -0.0001868 0.0
0.0208845 -0.000183404 0.0
0.0209296 -0.000180195 0.0
0.0209738 -0.00017716 0.0
0.021017 -0.000174288 0.0
0.0210593 -0.000171567 0.0
0.0211007 -0.000168986 0.0
0.0211413 -0.000166535 0.0
0.0211811 -0.000164205 0.0
0.02122 -0.000161985 0.0
0.0212581 -0.000159867 0.0
0.0212955 -0.000157843 0.0
0.0213321 -0.000155903 0.0
0.0213679 -0.000154041 0.0
0.0214031 -0.000152247 0.0
0.0214375 -0.000150516 0.0
0.0214713 -0.00014884 0.0
0.0215044 -0.000147212 0.0
0.0215368 -0.000145626 0.0
0.0215686 -0.000144074 0.0
0.0215998 -0.000142552 0.0
0.0216304 -0.000141053 0.0
0.0216603 -0.000139572 0.0
0.0216897 -0.000138101 0.0
0.0217185 -0.000136637 0.0
0.0217467 -0.000135173 0.0
0.0217744 -0.000133704 0.0
0.0218015 -0.000132225 0.0
0.021828 -0.00013073 0.0
0.021854 -0.000129213 0.0
0.0218795 -0.00012767 0.0
0.0219045 -0.000126094 0.0
0.0219289 -0.000124481 0.0
0.0219528 -0.000122824 0.0
0.0219762 -0.000121116 0.0
0.0219991 -0.000119353 0.0
0.0220215 -0.000117527 0.0
0.0220434 -0.000115632 0.0
0.0220648 -0.000113659 0.0
0.0220856 -0.000111602 0.0
0.022106 -0.00010945 0.0
0.0221258 -0.000107197 0.0
0.0221451 -0.000104829 0.0
0.0221638 -0.000102338 0.0
0.022182 -9.97081e-05 0.0
0.0221996 -9.69302e-05 0.0
0.0222166 -9.39825e-05 0.0
0.0222331 -9.0854e-05 0.0
0.0222489 -8.75168e-05 0.0
0.022264 -8.39579e-05 0.0
0.0222784 -8.01375e-05 0.0
0.0222921 -7.60416e-05 0.0
0.022305 -7.16146e-05 0.0
0.022317 -6.68399e-05 0.0
0.0223282 -6.16371e-05 0.0
0.0223383 -5.59894e-05 0.0
0.0223473 -4.97785e-05 0.0
0.0223552 -4.2987e-05 0.0
0.0223617 -3.54384e-05 0.0
0.0223668 -2.71196e-05 0.0
0.0223702 -1.77672e-05 0.0
0.0223718 -7.53994e-06 0.0
0.0223718 -1.90758e-06 0.0
0.0 0.0 0.0
0.0 0.0 0.0
0.0193142 -1.31767e-05 0.0
0.0193228 -3.12773e-05 0.0
0.0193364 -5.18938e-05 0.0
0.0193551 -7.52391e-05 0.0
0.0193824 -9.2781e-05 0.0
0.0194147 -0.000108242 0.0
0.0194496 -0.000128737 0.0
0.0194929 -0.000145571 0.0
0.0195421 -0.000155709 0.0
0.0195911 -0.000169957 0.0
0.0196449 -0.000184009 0.0
0.019706 -0.0001904 0.0
0.0197664 -0.000197505 0.0
0.0198273 -0.000206922 0.0
0.0198936 -0.000210215 0.0
0.0199611 -0.000211775 0.0
0.0200269 -0.000215371 0.0
0.0200945 -0.000216 0.0
0.0201633 -0.000213526 0.0
0.0202309 -0.000212081 0.0
0.0202978 -0.000209488 0.0
0.0203645 -0.000204508 0.0
0.0204298 -0.000199058 0.0
0.0204942 -0.000193365 0.0
0.020557 -0.000186056 0.0
0.0206173 -0.000177946 0.0
0.0206762 -0.000169292 0.0
0.0207338 -0.00015971 0.0
0.0207879 -0.000149214 0.0
0.0208391 -0.000138083 0.0
0.020889 -0.000125939 0.0
0.0209358 -0.000112969 0.0
0.0209782 -9.91512e-05 0.0
0.0210179 -8.42233e-05 0.0
0.0210552 -6.8153e-05 0.0
0.0210877 -5.10981e-05 0.0
0.0211155 -3.25518e-05 0.0
0.0211403 -1.24921e-05 0.0
0.0211605 8.98973e-06 0.0
0.0211746 3.23911e-05 0.0
0.0211838 5.81779e-05 0.0
0.0211881 8.59007e-05 0.0
0.0211853 0.000116289 0.0
0.0211754 0.000150258 0.0
0.0211593 0.000187557 0.0
0.0211351 0.000228234 0.0
0.0211007 0.000274511 0.0
0.0210577 0.000326338 0.0
0.0210056 0.000383596 0.0
0.0209402 0.000448726 0.0
0.0208608 0.000523987 0.0
0.0207708 0.000607787 0.0
0.0206663 0.000704878 0.0
0.0205393 0.000819006 0.0
0.020394 0.000948957 0.0
0.0202387 0.00109974 0.0
0.0200579 0.00128603 0.0
0.0198371 0.00150081 0.0
0.0196046 0.00174936 0.0
0.0193772 0.00206727 0.0
0.019095 0.00245494 0.0
0.0187604 0.00289492 0.0
0.0185011 0.00346049 0.0
0.0182972 0.00416309 0.0
0.0180034 0.00495147 0.0
0.0178098 0.00589503 0.0
0.0179466 0.00690441 0.0
0.018167 0.00782791 0.0
0.0182495 0.00871156 0.0
0.0181578 0.00888821 0.0
0.0177691 0.00843327 0.0
0.0171917 0.00810669 0.0
0.0161351 0.00718967 0.0
0.0138298 0.00578278 0.0
0.0108359 0.00487224 0.0
0.00811525 0.00312816 0.0
0.00569886 0.00145708 0.0
0.00357021 0.000305251 0.0
0.00163458 0.000306829 0.0
0.0 0.0 0.0
0.0 0.0 0.0
0.0 0.0 0.0
0.0 0.0 0.0
0.0 0.0 0.0
0.0 0.0 0.0
0.0 0.0 0.0
0.0 0.0 0.0
0.0 0.0 0.0
0.0 0.0 0.0
0.0 0.0 0.0
0.0 0.0 0.0
0.0 0.0 0.0
0.0 0.0 0.0
0.0 0.0 0.0
0.0 0.0 0.0
0.0 0.0 0.0
0.0 0.0 0.0
0.0 0.0 0.0
0.0 0.0 0.0
0.0 0.0 0.0
0.0 0.0 0.0
0.0 0.0 0.0
0.0 0.0 0.0
0.0 0.0 0.0
0.0 0.0 0.0
0.0 0.0 0.0
0.0 0.0 0.0
0.0 0.0 0.0
0.0 0.0 0.0
0.0 0.0 0.0
0.0 0.0 0.0
0.0 0.0 0.0
0.0 0.0 0.0
0.0 0.0 0.0
0.0 0.0 0.0
0.0 0.0 0.0
0.0 0.0 0.0
0.0 0.0 0.0
0.0 0.0 0.0
0.0 0.0 0.0
0.0 0.0 0.0
0.0 0.0 0.0
0.0 0.0 0.0
0.0 0.0 0.0
0.0 0.0 0.0
0.0 0.0 0.0
0.0 0.0 0.0
0.0 0.0 0.0
0.0 0.0 0.0
0.0 0.0 0.0
0.0 0.0 0.0
0.00047711 -0.00036319 0.0
0.00112233 -0.000262891 0.0
0.00142406 -0.000163039 0.0
0.00159781 -0.000157632 0.0
0.00187724 -0.000238027 0.0
0.00235114 -0.000500931 0.0
0.00279911 -0.000889069 0.0
0.00327878 -0.000851638 0.0
0.00392097 -0.000603582 0.0
0.0044746 -0.00048147 0.0
0.00488548 -0.000503539 0.0
0.00531317 -0.000560004 0.0
0.00573433 -0.000939575 0.0
0.00607991 -0.00121396 0.0
0.00642638 -0.00132755 0.0
0.00687149 -0.00119572 0.0
0.00741356 -0.00118919 0.0
0.00788509 -0.00130043 0.0
0.00819896 -0.00148787 0.0
0.00846134 -0.00155714 0.0
0.00879891 -0.00157141 0.0
0.00919144 -0.00163178 0.0
0.00960872 -0.00163117 0.0
0.00998085 -0.00175937 0.0
0.0103044 -0.00181379 0.0
0.010643 -0.00186811 0.0
0.0109608 -0.00192172 0.0
0.0112772 -0.00195565 0.0
0.0115928 -0.0020392 0.0
0.0118822 -0.00211053 0.0
0.0121509 -0.00218994 0.0
0.0124041 -0.00226625 0.0
0.0126501 -0.00236469 0.0
0.0128718 -0.0024501 0.0
0.0130503 -0.00252698 0.0
0.0131994 -0.00256886 0.0
0.0133573 -0.00257385 0.0
0.0135188 -0.00256409 0.0
0.0136707 -0.00251212 0.0
0.0138395 -0.00244431 0.0
0.0140337 -0.0023714 0.0
0.0142387 -0.00228799 0.0
0.0144436 -0.00220224 0.0
0.0146499 -0.00211624 0.0
0.0148623 -0.00203192 0.0
0.0150774 -0.00194951 0.0
0.0152877 -0.00186942 0.0
0.015493 -0.00179056 0.0
0.0156972 -0.00171546 0.0
0.0158984 -0.00164373 0.0
0.0160929 -0.00157393 0.0
0.0162816 -0.00150631 0.0
0.0164666 -0.00144241 0.0
0.0166462 -0.00138111 0.0
0.0168192 -0.00132164 0.0
0.0169868 -0.00126477 0.0
0.0171497 -0.00121086 0.0
0.0173068 -0.00115896 0.0
0.0174582 -0.001109 0.0
0.0176047 -0.0010615 0.0
0.0177463 -0.00101627 0.0
0.0178827 -0.000972781 0.0
0.0180143 -0.000931231 0.0
0.0181415 -0.000891774 0.0
0.0182642 -0.000854105 0.0
0.0183824 -0.000818041 0.0
0.0184966 -0.000783745 0.0
0.018607 -0.000751156 0.0
0.0187134 -0.000720054 0.0
0.0188162 -0.000690412 0.0
0.0189156 -0.000662283 0.0
0.0190117 -0.000635542 0.0
0.0191045 -0.000610074 0.0
0.0191943 -0.000585883 0.0
0.0192813 -0.000562943 0.0
0.0193654 -0.000541145 0.0
0.0194469 -0.000520436 0.0
0.0195259 -0.000500805 0.0
0.0196025 -0.000482195 0.0
0.0196768 -0.000464532 0.0
0.0197488 -0.000447785 0.0
0.0198188 -0.000431927 0.0
0.0198868 -0.000416899 0.0
0.0199528 -0.000402655 0.0
0.0200171 -0.000389169 0.0
0.0200796 -0.000376404 0.0
0.0201404 -0.000364314 0.0
0.0201996 -0.000352867 0.0
0.0202573 -0.000342037 0.0
0.0203135 -0.000331787 0.0
0.0203683 -0.000322085 0.0
0.0204218 -0.000312904 0.0
0.020474 -0.000304219 0.0
0.0205249 -0.000295999 0.0
0.0205746 -0.000288219 0.0
0.0206232 -0.000280858 0.0
0.0206707 -0.00027389 0.0
0.0207171 -0.000267294 0.0
0.0207624 -0.000261048 0.0
0.0208068 -0.000255133 0.0
0.0208502 -0.000249529 0.0
0.0208927 -0.000244218 0.0
0.0209343 -0.000239182 0.0
0.020975 -0.000234406 0.0
0.0210149 -0.000229872 0.0
0.0210539 -0.000225567 0.0
0.0210922 -0.000221475 0.0
0.0211296 -0.000217583 0.0
0.0211664 -0.000213878 0.0
0.0212024 -0.000210347 0.0
0.0212377 -0.000206979 0.0
0.0212723 -0.000203761 0.0
0.0213062 -0.000200684 0.0
0.0213395 -0.000197736 0.0
0.0213721 -0.000194909 0.0
0.0214041 -0.000192192 0.0
0.0214355 -0.000189576 0.0
0.0214662 -0.000187053 0.0
0.0214964 -0.000184614 0.0
0.0215261 -0.000182252 0.0
0.0215551 -0.000179958 0.0
0.0215836 -0.000177725 0.0
0.0216116 -0.000175546 0.0
0.0216391 -0.000173414 0.0
0.021666 -0.000171323 0.0
0.0216924 -0.000169265 0.0
0.0217183 -0.000167235 0.0
0.0217437 -0.000165225 0.0
0.0217687 -0.00016323 0.0
0.0217931 -0.000161245 0.0
0.0218171 -0.000159261 0.0
0.0218406 -0.000157275 0.0
0.0218637 -0.000155279 0.0
0.0218863 -0.000153268 0.0
0.0219084 -0.000151235 0.0
0.0219301 -0.000149175 0.0
0.0219514 -0.00014708 0.0
0.0219722 -0.000144945 0.0
0.0219926 -0.000142762 0.0
0.0220125 -0.000140523 0.0
0.022032 -0.000138222 0.0
0.0220511 -0.000135851 0.0
0.0220697 -0.0001334 0.0
0.0220879 -0.00013086 0.0
0.0221056 -0.000128221 0.0
0.0221229 -0.000125474 0.0
0.0221397 -0.000122602 0.0
0.022156 -0.000119597 0.0
0.0221718 -0.00011644 0.0
0.0221872 -0.000113119 0.0
0.022202 -0.000109607 0.0
0.0222163 -0.000105894 0.0
0.02223 -0.000101944 0.0
0.0222431 -9.77413e-05 0.0
0.0222556 -9.32396e-05 0.0
0.0222675 -8.84217e-05 0.0
0.0222786 -8.32203e-05 0.0
0.022289 -7.7616e-05 0.0
0.0222986 -7.15129e-05 0.0
0.0223073 -6.48906e-05 0.0
0.022315 -5.76073e-05 0.0
0.0223217 -4.96436e-05 0.0
0.0223273 -4.07886e-05 0.0
0.0223315 -3.10279e-05 0.0
0.0223344 -2.00482e-05 0.0
0.0223356 -8.04358e-06 0.0
0.0223355 -1.43657e-06 0.0
0.0 0.0 0.0
0.0 0.0 0.0
0.0193147 -1.48715e-05 0.0
0.0193225 -4.41525e-05 0.0
0.0193388 -7.03884e-05 0.0
0.0193582 -9.56679e-05 0.0
0.0193826 -0.000123394 0.0
0.0194185 -0.000146119 0.0
0.0194591 -0.000166443 0.0
0.0195003 -0.000191254 0.0
0.0195491 -0.000209463 0.0
0.0196053 -0.000221316 0.0
0.0196614 -0.000239962 0.0
0.0197203 -0.000255502 0.0
0.0197847 -0.00025937 0.0
0.0198508 -0.000268431 0.0
0.0199171 -0.000280337 0.0
0.0199854 -0.000280945 0.0
0.020055 -0.000279936 0.0
0.0201252 -0.000285578 0.0
0.0201949 -0.00028508 0.0
0.0202638 -0.000278383 0.0
0.0203332 -0.000275778 0.0
0.0204021 -0.00027341 0.0
0.0204685 -0.00026462 0.0
0.0205336 -0.000255747 0.0
0.0205986 -0.000249087 0.0
0.0206612 -0.000239421 0.0
0.0207205 -0.000226915 0.0
0.0207787 -0.000215622 0.0
0.0208353 -0.000203689 0.0
0.0208882 -0.000189177 0.0
0.0209382 -0.000173892 0.0
0.0209862 -0.000158567 0.0
0.0210311 -0.000141482 0.0
0.0210719 -0.000122838 0.0
0.0211095 -0.000103356 0.0
0.0211438 -8.24742e-05 0.0
0.0211738 -5.96898e-05 0.0
0.0211996 -3.54003e-05 0.0
0.0212211 -9.12682e-06 0.0
0.0212375 1.95165e-05 0.0
0.021249 5.03987e-05 0.0
0.0212552 8.38948e-05 0.0
0.0212549 0.000121123 0.0
0.0212481 0.00016174 0.0
0.0212355 0.000205792 0.0
0.021215 0.000255032 0.0
0.021185 0.000310733 0.0
0.0211477 0.000371228 0.0
0.021102 0.00043822 0.0
0.0210436 0.000516119 0.0
0.020974 0.000604567 0.0
0.020895 0.000699831 0.0
0.0208015 0.000810691 0.0
0.0206923 0.000944805 0.0
0.0205702 0.00109303 0.0
0.0204316 0.00125497 0.0
0.0202765 0.0014608 0.0
0.0201101 0.00170886 0.0
0.0199204 0.00196953 0.0
0.0197135 0.00228291 0.0
0.019522 0.00270433 0.0
0.019326 0.00316583 0.0
0.0191018 0.00366514 0.0
0.0189474 0.00433172 0.0
0.0189061 0.00510151 0.0
0.018887 0.00588244 0.0
0.0189269 0.00677442 0.0
0.0191573 0.00761132 0.0
0.0195709 0.00832881 0.0
0.0199354 0.00890546 0.0
0.0198496 0.00895869 0.0
0.0194316 0.00873968 0.0
0.0188649 0.0081314 0.0
0.0180426 0.00769999 0.0
0.0168844 0.0069517 0.0
0.0149579 0.00559618 0.0
0.0125168 0.00428622 0.0
0.00982703 0.00267245 0.0
0.00751639 0.00244117 0.0
0.005544 0.00111793 0.0
0.00380634 0.00013394 0.0
0.00271499 5.8624e-05 0.0
0.0014108 0.000211777 0.0
0.0 0.0 0.0
0.0 0.0 0.0
0.0 0.0 0.0
0.0 0.0 0.0
0.0 0.0 0.0
0.0 0.0 0.0
0.0 0.0 0.0
0.0 0.0 0.0
0.0 0.0 0.0
0.0 0.0 0.0
0.0 0.0 0.0
0.0 0.0 0.0
0.0 0.0 0.0
0.0 0.0 0.0
0.0 0.0 0.0
0.0 0.0 0.0
0.0 0.0 0.0
0.0 0.0 0.0
0.0 0.0 0.0
0.0 0.0 0.0
0.0 0.0 0.0
0.0 0.0 0.0
0.0 0.0 0.0
0.0 0.0 0.0
0.0 0.0 0.0
0.0 0.0 0.0
0.0 0.0 0.0
0.0 0.0 0.0
0.0 0.0 0.0
0.0 0.0 0.0
0.0 0.0 0.0
0.0 0.0 0.0
0.0 0.0 0.0
0.0 0.0 0.0
0.0 0.0 0.0
0.0 0.0 0.0
0.0 0.0 0.0
0.0 0.0 0.0
0.0 0.0 0.0
0.0 0.0 0.0
0.0 0.0 0.0
0.000539617 -0.000394187 0.0
0.0012588 -0.000292666 0.0
0.00159816 -0.000175331 0.0
0.00178498 -0.000160197 0.0
0.00199333 -0.000190354 0.0
0.0022729 -0.000223416 0.0
0.00272232 -0.000526595 0.0
0.00319278 -0.000987225 0.0
0.00372853 -0.00092914 0.0
0.00442206 -0.00063 0.0
0.00501072 -0.000554797 0.0
0.00549508 -0.000637524 0.0
0.00592074 -0.00100096 0.0
0.00630586 -0.00124831 0.0
0.00667495 -0.00136415 0.0
0.00707109 -0.00113922 0.0
0.00755562 -0.000982421 0.0
0.00807497 -0.000994073 0.0
0.00860072 -0.00108235 0.0
0.00904867 -0.00125334 0.0
0.00931632 -0.00147939 0.0
0.00951742 -0.00158016 0.0
0.00982327 -0.00161353 0.0
0.0102085 -0.00168366 0.0
0.0106165 -0.00167692 0.0
0.0109723 -0.00181664 0.0
0.0112819 -0.00187546 0.0
0.0116136 -0.00192584 0.0
0.0119221 -0.00197202 0.0
0.0122265 -0.00199698 0.0
0.0125343 -0.00206567 0.0
0.0128225 -0.0021159 0.0
0.0130955 -0.0021668 0.0
0.0133635 -0.00220184 0.0
0.0136369 -0.00226821 0.0
0.0139088 -0.00231928 0.0
0.014164 -0.00237681 0.0
0.0143945 -0.00243681 0.0
0.0146162 -0.00249924 0.0
0.0148181 -0.00257481 0.0
0.0149864 -0.00262531 0.0
0.0151302 -0.00267363 0.0
0.0152624 -0.00270577 0.0
0.0153882 -0.00271932 0.0
0.015504 -0.00269308 0.0
0.0156216 -0.00265122 0.0
0.015751 -0.00260719 0.0
0.0158884 -0.00253902 0.0
0.0160298 -0.00245801 0.0
0.0161746 -0.00238062 0.0
0.0163271 -0.0023006 0.0
0.0164857 -0.00221607 0.0
0.0166418 -0.00213204 0.0
0.0167948 -0.00205119 0.0
0.0169504 -0.00197119 0.0
0.0171062 -0.00189272 0.0
0.0172561 -0.00181641 0.0
0.017402 -0.00174279 0.0
0.0175473 -0.00167155 0.0
0.017689 -0.00160276 0.0
0.0178247 -0.00153619 0.0
0.0179569 -0.0014723 0.0
0.0180864 -0.00141096 0.0
0.0182111 -0.00135192 0.0
0.0183308 -0.00129512 0.0
0.0184473 -0.00124083 0.0
0.0185601 -0.00118884 0.0
0.0186684 -0.00113894 0.0
0.0187728 -0.00109118 0.0
0.018874 -0.00104564 0.0
0.0189715 -0.00100209 0.0
0.0190653 -0.00096043 0.0
0.0191558 -0.000920723 0.0
0.0192434 -0.000882903 0.0
0.0193278 -0.000846797 0.0
0.0194091 -0.000812383 0.0
0.0194878 -0.000779657 0.0
0.0195638 -0.000748512 0.0
0.0196371 -0.000718846 0.0
0.019708 -0.000690648 0.0
0.0197767 -0.000663866 0.0
0.0198431 -0.000638405 0.0
0.0199073 -0.000614208 0.0
0.0199696 -0.000591247 0.0
0.02003 -0.000569456 0.0
0.0200886 -0.000548765 0.0
0.0201454 -0.000529134 0.0
0.0202006 -0.000510524 0.0
0.0202542 -0.000492873 0.0
0.0203063 -0.000476132 0.0
0.020357 -0.000460265 0.0
0.0204064 -0.000445229 0.0
0.0204544 -0.000430974 0.0
0.0205013 -0.000417465 0.0
0.0205469 -0.000404666 0.0
0.0205915 -0.000392538 0.0
0.020635 -0.000381043 0.0
0.0206774 -0.000370151 0.0
0.0207189 -0.000359831 0.0
0.0207594 -0.000350049 0.0
0.0207991 -0.000340775 0.0
0.0208378 -0.000331985 0.0
0.0208758 -0.00032365 0.0
0.0209129 -0.000315744 0.0
0.0209493 -0.000308243 0.0
0.0209849 -0.000301126 0.0
0.0210198 -0.000294368 0.0
0.021054 -0.000287949 0.0
0.0210876 -0.00028185 0.0
0.0211205 -0.000276052 0.0
0.0211528 -0.000270536 0.0
0.0211844 -0.000265285 0.0
0.0212155 -0.000260282 0.0
0.021246 -0.000255513 0.0
0.0212759 -0.000250963 0.0
0.0213053 -0.000246616 0.0
0.0213341 -0.000242461 0.0
0.0213625 -0.000238484 0.0
0.0213903 -0.000234672 0.0
0.0214176 -0.000231015 0.0
0.0214444 -0.000227501 0.0
0.0214708 -0.00022412 0.0
0.0214967 -0.000220861 0.0
0.0215221 -0.000217715 0.0
0.0215471 -0.000214672 0.0
0.0215716 -0.000211725 0.0
0.0215957 -0.000208863 0.0
0.0216194 -0.000206079 0.0
0.0216427 -0.000203366 0.0
0.0216655 -0.000200715 0.0
0.021688 -0.000198119 0.0
0.02171 -0.000195571 0.0
0.0217317 -0.000193063 0.0
0.021753 -0.00019059 0.0
0.0217738 -0.000188144 0.0
0.0217944 -0.000185719 0.0
0.0218145 -0.000183309 0.0
0.0218342 -0.000180906 0.0
0.0218536 -0.000178504 0.0
0.0218727 -0.000176098 0.0
0.0218913 -0.000173679 0.0
0.0219096 -0.000171242 0.0
0.0219276 -0.00016878 0.0
0.0219452 -0.000166286 0.0
0.0219624 -0.000163752 0.0
0.0219793 -0.00016117 0.0
0.0219958 -0.000158533 0.0
0.022012 -0.000155833 0.0
0.0220278 -0.000153059 0.0
0.0220432 -0.000150203 0.0
0.0220583 -0.000147254 0.0
0.022073 -0.0001442 0.0
0.0220873 -0.000141029 0.0
0.0221012 -0.000137726 0.0
0.0221148 -0.00013428 0.0
0.0221279 -0.000130667 0.0
0.0221406 -0.000126875 0.0
0.0221528 -0.000122877 0.0
0.0221647 -0.000118655 0.0
0.022176 -0.000114172 0.0
0.0221868 -0.000109409 0.0
0.0221971 -0.000104314 0.0
0.0222068 -9.88669e-05 0.0
0.022216 -9.29908e-05 0.0
0.0222245 -8.66648e-05 0.0
0.0222323 -7.97799e-05 0.0
0.0222393 -7.23124e-05 0.0
0.0222456 -6.41033e-05 0.0
0.0222509 -5.5131e-05 0.0
0.0222553 -4.51581e-05 0.0
0.0222586 -3.41695e-05 0.0
0.0222608 -2.18167e-05 0.0
0.0222617 -8.33148e-06 0.0
0.0222614 -9.1924e-07 0.0
0.0 0.0 0.0
0.0 0.0 0.0
0.0193164 -1.77712e-05 0.0
0.0193219 -5.60162e-05 0.0
0.0193364 -9.03743e-05 0.0
0.0193614 -0.000118053 0.0
0.0193895 -0.000151814 0.0
0.019423 -0.000187593 0.0
0.0194663 -0.000210563 0.0
0.0195135 -0.000232899 0.0
0.0195628 -0.000263575 0.0
0.0196208 -0.000284182 0.0
0.0196822 -0.000295291 0.0
0.0197431 -0.000314989 0.0
0.0198094 -0.000331508 0.0
0.0198797 -0.000336506 0.0
0.0199483 -0.000343615 0.0
0.0200188 -0.000353313 0.0
0.0200919 -0.000354673 0.0
0.020164 -0.000353245 0.0
0.0202356 -0.000353996 0.0
0.0203081 -0.00035211 0.0
0.020379 -0.000345697 0.0
0.020449 -0.000339318 0.0
0.0205187 -0.000332539 0.0
0.0205861 -0.000323313 0.0
0.0206511 -0.00031207 0.0
0.0207159 -0.000300536 0.0
0.0207784 -0.000287943 0.0
0.020837 -0.00027371 0.0
0.0208942 -0.000258049 0.0
0.02095 -0.00024171 0.0
0.0210016 -0.00022421 0.0
0.0210497 -0.000205171 0.0
0.0210963 -0.000184709 0.0
0.0211394 -0.000163197 0.0
0.0211777 -0.000140082 0.0
0.0212131 -0.000115143 0.0
0.0212455 -8.84633e-05 0.0
0.0212727 -5.99117e-05 0.0
0.0212952 -2.89606e-05 0.0
0.0213142 4.35911e-06 0.0
0.021328 4.04826e-05 0.0
0.0213356 7.99117e-05 0.0
0.0213384 0.000122751 0.0
0.0213358 0.000169356 0.0
0.0213254 0.00022117 0.0
0.0213082 0.000278042 0.0
0.0212854 0.000340147 0.0
0.0212538 0.000409868 0.0
0.0212118 0.000488472 0.0
0.0211627 0.000574081 0.0
0.0211061 0.000670712 0.0
0.021036 0.000782941 0.0
0.0209525 0.000907268 0.0
0.0208637 0.00104461 0.0
0.0207661 0.00120962 0.0
0.0206465 0.00139972 0.0
0.0205136 0.00160543 0.0
0.0203898 0.00184989 0.0
0.0202555 0.00215038 0.0
0.0200857 0.00247871 0.0
0.0199334 0.00285048 0.0
0.0198374 0.00331249 0.0
0.0197229 0.00383832 0.0
0.0196005 0.00441947 0.0
0.019609 0.00507802 0.0
0.0197353 0.00578391 0.0
0.0198995 0.0065871 0.0
0.0201502 0.00737087 0.0
0.0204599 0.00793137 0.0
0.0208447 0.0085306 0.0
0.0212743 0.00893565 0.0
0.0214375 0.0089449 0.0
0.0211574 0.00877795 0.0
0.0206737 0.00850932 0.0
0.0200651 0.00781115 0.0
0.0193002 0.00722523 0.0
0.0182385 0.00602136 0.0
0.0164951 0.00519332 0.0
0.0144883 0.00450088 0.0
0.0126111 0.00320616 0.0
0.010624 0.00185019 0.0
0.00861613 0.00178145 0.0
0.0070124 0.00178922 0.0
0.00542995 0.00097528 0.0
0.00394737 0.000147443 0.0
0.0032113 -0.000145728 0.0
0.00290598 -0.000195469 0.0
0.00245405 -2.39374e-05 0.0
0.00130539 0.000263873 0.0
0.0 0.0 0.0
0.0 0.0 0.0
0.0 0.0 0.0
0.0 0.0 0.0
0.0 0.0 0.0
0.0 0.0 0.0
0.0 0.0 0.0
0.0 0.0 0.0
0.0 0.0 0.0
0.0 0.0 0.0
0.0 0.0 0.0
0.0 0.0 0.0
0.0 0.0 0.0
0.0 0.0 0.0
0.0 0.0 0.0
0.0 0.0 0.0
0.0 0.0 0.0
0.0 0.0 0.0
0.0 0.0 0.0
0.0 0.0 0.0
0.0 0.0 0.0
0.0 0.0 0.0
0.0 0.0 0.0
0.0 0.0 0.0
0.0 0.0 0.0
0.00058959 -0.000442591 0.0
0.0013715 -0.000321072 0.0
0.00172815 -0.000200168 0.0
0.00192263 -0.000182537 0.0
0.00214504 -0.000216786 0.0
0.00234189 -0.000174422 0.0
0.00245976 -0.00014967 0.0
0.00255819 -0.000152905 0.0
0.00276238 -0.000222491 0.0
0.00321701 -0.000571394 0.0
0.00368867 -0.00106618 0.0
0.00421303 -0.00100901 0.0
0.00493486 -0.000686841 0.0
0.00555226 -0.000530364 0.0
0.00598929 -0.000546775 0.0
0.00642572 -0.000604932 0.0
0.00685788 -0.00102584 0.0
0.00721164 -0.00133019 0.0
0.00753083 -0.00146662 0.0
0.00793858 -0.00119423 0.0
0.00847994 -0.00113941 0.0
0.00902922 -0.00117083 0.0
0.00948121 -0.0013327 0.0
0.00976038 -0.00153122 0.0
0.0099574 -0.0015958 0.0
0.010246 -0.00154787 0.0
0.0106777 -0.00149549 0.0
0.011149 -0.00146166 0.0
0.0115513 -0.0015358 0.0
0.0119251 -0.00160281 0.0
0.0122662 -0.00178594 0.0
0.0125699 -0.00186336 0.0
0.0128738 -0.00193692 0.0
0.0131412 -0.00200086 0.0
0.0134234 -0.0020303 0.0
0.0137208 -0.00210599 0.0
0.0139884 -0.00215953 0.0
0.0142385 -0.00221054 0.0
0.0144945 -0.00224075 0.0
0.0147599 -0.00230192 0.0
0.0150203 -0.0023388 0.0
0.0152694 -0.00237866 0.0
0.015504 -0.00242359 0.0
0.0157402 -0.00245956 0.0
0.0159662 -0.00250697 0.0
0.0161685 -0.00254554 0.0
0.0163634 -0.00259364 0.0
0.0165539 -0.00264248 0.0
0.0167292 -0.00268947 0.0
0.0168808 -0.0027299 0.0
0.0170146 -0.00277433 0.0
0.0171395 -0.00280485 0.0
0.0172498 -0.00281789 0.0
0.0173366 -0.00281778 0.0
0.0174191 -0.00279575 0.0
0.0175117 -0.0027638 0.0
0.0176012 -0.00271273 0.0
0.0176856 -0.00264879 0.0
0.0177783 -0.00258193 0.0
0.0178806 -0.00250744 0.0
0.0179841 -0.00242632 0.0
0.0180855 -0.00234549 0.0
0.0181898 -0.0022641 0.0
0.0182984 -0.00218193 0.0
0.018406 -0.00210064 0.0
0.0185098 -0.00202105 0.0
0.0186133 -0.0019425 0.0
0.0187172 -0.00186629 0.0
0.0188179 -0.00179232 0.0
0.0189147 -0.00172017 0.0
0.01901 -0.00165025 0.0
0.0191034 -0.00158321 0.0
0.019193 -0.00151834 0.0
0.0192793 -0.00145556 0.0
0.0193635 -0.00139541 0.0
0.0194448 -0.00133782 0.0
0.0195227 -0.00128228 0.0
0.0195978 -0.00122898 0.0
0.0196706 -0.00117814 0.0
0.0197405 -0.00112949 0.0
0.0198076 -0.00108279 0.0
0.0198724 -0.00103824 0.0
0.0199349 -0.000995815 0.0
0.0199949 -0.000955258 0.0
0.0200526 -0.000916531 0.0
0.0201084 -0.000879709 0.0
0.0201622 -0.000844656 0.0
0.020214 -0.00081123 0.0
0.020264 -0.000779435 0.0
0.0203124 -0.000749246 0.0
0.0203591 -0.000720531 0.0
0.0204042 -0.000693222 0.0
0.0204479 -0.000667304 0.0
0.0204903 -0.00064271 0.0
0.0205313 -0.000619345 0.0
0.0205711 -0.000597169 0.0
0.0206097 -0.000576146 0.0
0.0206473 -0.000556205 0.0
0.0206838 -0.000537281 0.0
0.0207194 -0.000519343 0.0
0.020754 -0.000502343 0.0
0.0207878 -0.000486222 0.0
0.0208207 -0.000470936 0.0
0.0208529 -0.000456452 0.0
0.0208843 -0.000442723 0.0
0.020915 -0.000429704 0.0
0.0209451 -0.000417362 0.0
0.0209745 -0.000405664 0.0
0.0210033 -0.00039457 0.0
0.0210316 -0.000384046 0.0
0.0210592 -0.000374065 0.0
0.0210864 -0.000364595 0.0
0.0211131 -0.000355605 0.0
0.0211393 -0.00034707 0.0
0.021165 -0.000338965 0.0
0.0211903 -0.000331263 0.0
0.0212151 -0.00032394 0.0
0.0212396 -0.000316976 0.0
0.0212636 -0.000310349 0.0
0.0212872 -0.000304038 0.0
0.0213105 -0.000298024 0.0
0.0213334 -0.00029229 0.0
0.0213559 -0.000286817 0.0
0.021378 -0.000281589 0.0
0.0213999 -0.000276591 0.0
0.0214214 -0.000271808 0.0
0.0214425 -0.000267226 0.0
0.0214634 -0.000262831 0.0
0.0214839 -0.00025861 0.0
0.0215041 -0.000254552 0.0
0.021524 -0.000250644 0.0
0.0215436 -0.000246876 0.0
0.0215629 -0.000243238 0.0
0.0215819 -0.000239718 0.0
0.0216006 -0.000236309 0.0
0.021619 -0.000232999 0.0
0.0216372 -0.000229781 0.0
0.021655 -0.000226646 0.0
0.0216726 -0.000223585 0.0
0.0216899 -0.000220592 0.0
0.0217069 -0.000217658 0.0
0.0217237 -0.000214776 0.0
0.0217402 -0.000211938 0.0
0.0217564 -0.000209137 0.0
0.0217723 -0.000206368 0.0
0.021788 -0.000203621 0.0
0.0218034 -0.000200892 0.0
0.0218186 -0.000198173 0.0
0.0218335 -0.000195457 0.0
0.0218481 -0.000192738 0.0
0.0218624 -0.000190008 0.0
0.0218765 -0.00018726 0.0
0.0218904 -0.000184488 0.0
0.021904 -0.000181683 0.0
0.0219173 -0.000178838 0.0
0.0219303 -0.000175944 0.0
0.0219431 -0.000172994 0.0
0.0219556 -0.000169977 0.0
0.0219678 -0.000166884 0.0
0.0219798 -0.000163704 0.0
0.0219915 -0.000160426 0.0
0.0220028 -0.000157037 0.0
0.0220139 -0.000153524 0.0
0.0220247 -0.00014987 0.0
0.0220352 -0.000146062 0.0
0.0220453 -0.000142076 0.0
0.0220551 -0.000137897 0.0
0.0220646 -0.000133495 0.0
0.0220736 -0.000128852 0.0
0.0220823 -0.000123926 0.0
0.0220906 -0.000118698 0.0
0.0220985 -0.000113109 0.0
0.0221059 -0.000107137 0.0
0.0221128 -0.0001007 0.0
0.0221192 -9.37743e-05 0.0
0.0221251 -8.62411e-05 0.0
0.0221303 -7.80752e-05 0.0
0.0221349 -6.9106e-05 0.0
0.0221388 -5.9309e-05 0.0
0.022142 -4.84305e-05 0.0
0.0221443 -3.64544e-05 0.0
0.0221457 -2.30126e-05 0.0
0.0221462 -8.37826e-06 0.0
0.0221458 -3.50526e-07 0.0
0.0 0.0 0.0
0.0 0.0 0.0
0.0193166 -2.65159e-05 0.0
0.0193263 -6.35841e-05 0.0
0.0193373 -0.000106363 0.0
0.0193615 -0.000150976 0.0
0.019397 -0.00018526 0.0
0.0194319 -0.000220939 0.0
0.0194724 -0.000260181 0.0
0.0195274 -0.000287707 0.0
0.0195836 -0.00031318 0.0
0.0196386 -0.000344912 0.0
0.0197033 -0.000363918 0.0
0.0197738 -0.000377487 0.0
0.0198415 -0.000398732 0.0
0.0199118 -0.00041189 0.0
0.0199867 -0.000414449 0.0
0.0200621 -0.000423604 0.0
0.0201365 -0.000430913 0.0
0.0202112 -0.000427704 0.0
0.0202867 -0.000424995 0.0
0.0203625 -0.000425555 0.0
0.0204359 -0.000418983 0.0
0.0205075 -0.000408974 0.0
0.0205795 -0.000401461 0.0
0.0206505 -0.000391958 0.0
0.0207174 -0.000377748 0.0
0.0207826 -0.000363921 0.0
0.0208476 -0.00034999 0.0
0.0209095 -0.000333059 0.0
0.0209672 -0.000314453 0.0
0.0210234 -0.000295922 0.0
0.0210779 -0.000275496 0.0
0.0211281 -0.000253041 0.0
0.0211745 -0.000229671 0.0
0.0212188 -0.000204929 0.0
0.0212599 -0.000177899 0.0
0.0212963 -0.000149289 0.0
0.0213289 -0.000118889 0.0
0.0213582 -8.59372e-05 0.0
0.021383 -5.04893e-05 0.0
0.021403 -1.27131e-05 0.0
0.0214183 2.84714e-05 0.0
0.0214289 7.33274e-05 0.0
0.0214343 0.000121576 0.0
0.0214338 0.000174093 0.0
0.0214273 0.000232467 0.0
0.0214149 0.000296133 0.0
0.021396 0.000365187 0.0
0.0213695 0.000442443 0.0
0.021336 0.000529637 0.0
0.0212953 0.000624231 0.0
0.0212452 0.000728718 0.0
0.0211875 0.000850099 0.0
0.0211231 0.000986855 0.0
0.0210468 0.00113364 0.0
0.0209607 0.00130359 0.0
0.0208752 0.0015066 0.0
0.0207798 0.00172693 0.0
0.0206659 0.00196859 0.0
0.0205635 0.00226718 0.0
0.0204804 0.00260912 0.0
0.0203747 0.00296831 0.0
0.0202751 0.00339708 0.0
0.0202525 0.00390096 0.0
0.02027 0.00442556 0.0
0.020288 0.00502139 0.0
0.0203878 0.00567372 0.0
0.0206233 0.00629426 0.0
0.0209709 0.00698783 0.0
0.0213443 0.00764421 0.0
0.0217108 0.00813653 0.0
0.0221206 0.00850221 0.0
0.0225042 0.00878813 0.0
0.0227707 0.00891625 0.0
0.0228324 0.00873034 0.0
0.0225936 0.00837742 0.0
0.0221746 0.0080435 0.0
0.0214167 0.00709186 0.0
0.0204087 0.0066239 0.0
0.0195872 0.00579861 0.0
0.0185208 0.00465563 0.0
0.0169745 0.0038832 0.0
0.0153111 0.00362224 0.0
0.0137659 0.00318154 0.0
0.0124738 0.00259775 0.0
0.0112502 0.00129419 0.0
0.010021 0.000766765 0.0
0.00880718 0.000627689 0.0
0.00750343 0.00115017 0.0
0.00643953 0.00155768 0.0
0.00535882 0.000812115 0.0
0.00427006 8.49873e-05 0.0
0.00375709 -0.00011698 0.0
0.00358346 -0.000166327 0.0
0.00347874 -0.000184071 0.0
0.00336879 -0.000155368 0.0
0.00327076 -0.000182998 0.0
0.0032135 -0.000185243 0.0
0.00316765 -0.00018671 0.0
0.00312781 -0.000181776 0.0
0.00309924 -0.000188305 0.0
0.00308203 -0.000185191 0.0
0.00306863 -0.000183342 0.0
0.00306071 -0.00018059 0.0
0.00305852 -0.000179088 0.0
0.00306157 -0.000176685 0.0
0.00306884 -0.000172473 0.0
0.00307987 -0.000168304 0.0
0.00309252 -0.000163283 0.0
0.00311559 -0.000167044 0.0
0.00314318 -0.000152267 0.0
0.00316218 -0.000145354 0.0
0.00318023 -0.000145657 0.0
0.00331184 -0.000216096 0.0
0.00372555 -0.000605435 0.0
0.0041723 -0.00115542 0.0
0.00468396 -0.00107373 0.0
0.00539857 -0.000714916 0.0
0.00597952 -0.000548462 0.0
0.00636222 -0.000519225 0.0
0.00670297 -0.000443247 0.0
0.00705516 -0.000373724 0.0
0.00737189 -0.000400105 0.0
0.00770685 -0.000514453 0.0
0.00802 -0.00101714 0.0
0.00828542 -0.00136469 0.0
0.00855735 -0.00151817 0.0
0.00889343 -0.00124114 0.0
0.00935777 -0.0010498 0.0
0.00987371 -0.00104751 0.0
0.010395 -0.00113142 0.0
0.0108224 -0.00132211 0.0
0.0110457 -0.0015521 0.0
0.0111809 -0.00166222 0.0
0.0114521 -0.00161734 0.0
0.0118604 -0.0016333 0.0
0.0122651 -0.00163363 0.0
0.0126466 -0.00167968 0.0
0.0129595 -0.00182966 0.0
0.0132358 -0.00185063 0.0
0.013538 -0.00188692 0.0
0.0138403 -0.00189237 0.0
0.0141778 -0.00185421 0.0
0.0145254 -0.00189498 0.0
0.0148532 -0.00195165 0.0
0.0151443 -0.00205435 0.0
0.015391 -0.00212984 0.0
0.0156229 -0.00219662 0.0
0.0158604 -0.00224198 0.0
0.0161055 -0.00231867 0.0
0.016345 -0.00236073 0.0
0.0165754 -0.00240245 0.0
0.016792 -0.00245122 0.0
0.017011 -0.00248521 0.0
0.0172229 -0.00252701 0.0
0.017415 -0.00255881 0.0
0.0176041 -0.00259493 0.0
0.0177934 -0.00262992 0.0
0.0179747 -0.00266653 0.0
0.0181461 -0.00269368 0.0
0.0183099 -0.00273095 0.0
0.0184663 -0.0027668 0.0
0.0186111 -0.00280008 0.0
0.0187364 -0.00283307 0.0
0.0188495 -0.00285613 0.0
0.0189517 -0.00288454 0.0
0.0190354 -0.00289946 0.0
0.0191036 -0.00290049 0.0
0.0191652 -0.00288759 0.0
0.0192242 -0.00286857 0.0
0.0192756 -0.00283361 0.0
0.0193239 -0.00277849 0.0
0.0193768 -0.00272208 0.0
0.0194321 -0.00265922 0.0
0.0194873 -0.00258423 0.0
0.0195438 -0.00250601 0.0
0.019603 -0.00242866 0.0
0.0196651 -0.00234806 0.0
0.0197275 -0.00226552 0.0
0.0197883 -0.00218405 0.0
0.0198494 -0.00210412 0.0
0.019912 -0.00202474 0.0
0.0199729 -0.00194671 0.0
0.020031 -0.00187059 0.0
0.0200886 -0.00179677 0.0
0.0201457 -0.00172499 0.0
0.0202001 -0.00165529 0.0
0.020252 -0.00158787 0.0
0.020303 -0.00152307 0.0
0.0203523 -0.00146056 0.0
0.020399 -0.00140027 0.0
0.0204437 -0.0013424 0.0
0.0204872 -0.00128703 0.0
0.0205287 -0.00123385 0.0
0.020568 -0.00118285 0.0
0.0206059 -0.00113417 0.0
0.0206424 -0.00108769 0.0
0.0206771 -0.00104322 0.0
0.0207102 -0.00100079 0.0
0.0207421 -0.0009604 0.0
0.0207726 -0.00092191 0.0
0.0208018 -0.000885209 0.0
0.0208299 -0.000850316 0.0
0.0208569 -0.000817159 0.0
0.0208829 -0.000785614 0.0
0.0209079 -0.000755626 0.0
0.020932 -0.000727174 0.0
0.0209553 -0.000700165 0.0
0.0209779 -0.000674513 0.0
0.0209997 -0.000650178 0.0
0.0210208 -0.000627113 0.0
0.0210414 -0.000605234 0.0
0.0210614 -0.000584484 0.0
0.0210808 -0.000564821 0.0
0.0210999 -0.00054619 0.0
0.0211184 -0.000528527 0.0
0.0211366 -0.000511787 0.0
0.0211544 -0.00049593 0.0
0.0211718 -0.000480903 0.0
0.0211889 -0.000466659 0.0
0.0212057 -0.00045316 0.0
0.0212223 -0.000440368 0.0
0.0212386 -0.000428239 0.0
0.0212546 -0.000416736 0.0
0.0212705 -0.000405829 0.0
0.0212861 -0.000395482 0.0
0.0213016 -0.000385661 0.0
0.0213168 -0.000376338 0.0
0.0213319 -0.000367484 0.0
0.0213468 -0.000359072 0.0
0.0213616 -0.000351074 0.0
0.0213762 -0.000343467 0.0
0.0213907 -0.000336227 0.0
0.021405 -0.000329332 0.0
0.0214192 -0.000322761 0.0
0.0214332 -0.000316494 0.0
0.0214472 -0.000310512 0.0
0.021461 -0.000304797 0.0
0.0214746 -0.000299331 0.0
0.0214882 -0.0002941 0.0
0.0215016 -0.000289086 0.0
0.0215148 -0.000284277 0.0
0.021528 -0.000279658 0.0
0.021541 -0.000275215 0.0
0.0215539 -0.000270938 0.0
0.0215666 -0.000266812 0.0
0.0215793 -0.000262829 0.0
0.0215917 -0.000258976 0.0
0.0216041 -0.000255243 0.0
0.0216163 -0.000251621 0.0
0.0216284 -0.0002481 0.0
0.0216404 -0.000244671 0.0
0.0216522 -0.000241326 0.0
0.0216638 -0.000238057 0.0
0.0216754 -0.000234854 0.0
0.0216868 -0.000231712 0.0
0.021698 -0.000228621 0.0
0.0217091 -0.000225575 0.0
0.02172 -0.000222567 0.0
0.0217308 -0.000219589 0.0
0.0217415 -0.000216635 0.0
0.021752 -0.000213697 0.0
0.0217623 -0.000210768 0.0
0.0217725 -0.000207843 0.0
0.0217825 -0.000204913 0.0
0.0217924 -0.000201971 0.0
0.0218021 -0.00019901 0.0
0.0218116 -0.000196024 0.0
0.021821 -0.000193002 0.0
0.0218302 -0.000189938 0.0
0.0218392 -0.000186823 0.0
0.021848 -0.000183648 0.0
0.0218567 -0.000180403 0.0
0.0218652 -0.000177077 0.0
0.0218735 -0.00017366 0.0
0.0218815 -0.000170139 0.0
0.0218894 -0.000166499 0.0
0.0218971 -0.00016273 0.0
0.0219046 -0.00015881 0.0
0.0219118 -0.000154727 0.0
0.0219188 -0.000150455 0.0
0.0219255 -0.000145979 0.0
0.021932 -0.000141265 0.0
0.0219382 -0.000136295 0.0
0.0219442 -0.000131024 0.0
0.0219498 -0.000125432 0.0
0.0219551 -0.000119456 0.0
0.0219601 -0.000113073 0.0
0.0219647 -0.000106198 0.0
0.0219689 -9.88035e-05 0.0
0.0219727 -9.07673e-05 0.0
0.021976 -8.20625e-05 0.0
0.0219789 -7.25115e-05 0.0
0.0219813 -6.20877e-05 0.0
0.0219831 -5.05323e-05 0.0
0.0219844 -3.7827e-05 0.0
0.021985 -2.3599e-05 0.0
0.021985 -8.16825e-06 0.0
0.0219845 2.72679e-07 0.0
0.0 0.0 0.0
0.0 0.0 0.0
0.0193086 -3.09958e-05 0.0
0.0193203 -7.69986e-05 0.0
0.0193429 -0.000125521 0.0
0.0193663 -0.000180029 0.0
0.0193983 -0.000224543 0.0
0.0194434 -0.000259683 0.0
0.0194901 -0.000305845 0.0
0.0195419 -0.000349753 0.0
0.0196037 -0.000372243 0.0
0.0196681 -0.000400321 0.0
0.0197344 -0.000436642 0.0
0.0198073 -0.00045381 0.0
0.0198814 -0.000463771 0.0
0.0199566 -0.00048524 0.0
0.0200352 -0.000497877 0.0
0.0201136 -0.000498406 0.0
0.0201917 -0.000502768 0.0
0.0202719 -0.000508402 0.0
0.0203505 -0.000504272 0.0
0.020427 -0.000497601 0.0
0.0205049 -0.000493009 0.0
0.0205816 -0.000485443 0.0
0.0206539 -0.000472765 0.0
0.020726 -0.000459984 0.0
0.020798 -0.000446813 0.0
0.0208655 -0.000430868 0.0
0.0209297 -0.000412446 0.0
0.020994 -0.000393681 0.0
0.0210554 -0.00037359 0.0
0.0211118 -0.000351406 0.0
0.0211662 -0.00032753 0.0
0.021219 -0.000302655 0.0
0.0212671 -0.000276025 0.0
0.0213112 -0.00024746 0.0
0.0213532 -0.000217054 0.0
0.0213914 -0.000184805 0.0
0.0214248 -0.000150248 0.0
0.0214546 -0.000113375 0.0
0.021481 -7.37606e-05 0.0
0.0215022 -3.10723e-05 0.0
0.0215189 1.47231e-05 0.0
0.0215316 6.39818e-05 0.0
0.0215389 0.000117985 0.0
0.0215405 0.000176587 0.0
0.0215377 0.000239564 0.0
0.0215295 0.000309007 0.0
0.0215141 0.000386443 0.0
0.0214928 0.000469795 0.0
0.0214671 0.000560996 0.0
0.0214343 0.000665264 0.0
0.0213924 0.000780516 0.0
0.0213454 0.000903741 0.0
0.0212956 0.00104542 0.0
0.0212369 0.00120954 0.0
0.021167 0.00138466 0.0
0.0210991 0.00157852 0.0
0.0210358 0.00181208 0.0
0.020959 0.00207157 0.0
0.020877 0.00234638 0.0
0.020825 0.00267011 0.0
0.0207884 0.00304551 0.0
0.0207413 0.00344761 0.0
0.0207322 0.00388997 0.0
0.0207933 0.00437865 0.0
0.0208921 0.00491474 0.0
0.0210478 0.00550303 0.0
0.0212717 0.00604918 0.0
0.0215584 0.00660928 0.0
0.0219658 0.0072179 0.0
0.0224463 0.00771109 0.0
0.0228761 0.00808761 0.0
0.0232887 0.00843544 0.0
0.0237075 0.00859161 0.0
0.0240158 0.00862993 0.0
0.0241985 0.00851335 0.0
0.0242378 0.00823556 0.0
0.0240182 0.00783125 0.0
0.0235786 0.00728736 0.0
0.0230302 0.00662707 0.0
0.0221264 0.00591458 0.0
0.0210054 0.00530322 0.0
0.0200349 0.00466905 0.0
0.0192848 0.00422262 0.0
0.0185222 0.0035491 0.0
0.0173534 0.00271035 0.0
0.01596 0.00213726 0.0
0.0147182 0.00176001 0.0
0.0138232 0.00220758 0.0
0.0131113 0.00231557 0.0
0.0123841 0.00193506 0.0
0.0115651 0.000850691 0.0
0.0108087 0.00041334 0.0
0.0102512 0.000138144 0.0
0.00977329 7.53905e-05 0.0
0.0094265 3.34968e-05 0.0
0.00921178 -5.33157e-05 0.0
0.00903324 -7.33012e-05 0.0
0.00886843 -9.42432e-05 0.0
0.00875278 -0.000119415 0.0
0.0086758 -0.00014471 0.0
0.00861008 -0.000147945 0.0
0.00855961 -0.000160052 0.0
0.00853522 -0.000171946 0.0
0.00852497 -0.000176676 0.0
0.00852042 -0.000180791 0.0
0.00853266 -0.000190079 0.0
0.00856577 -0.000193517 0.0
0.00860215 -0.000190542 0.0
0.00864557 -0.000209903 0.0
0.00872663 -0.000212741 0.0
0.00883612 -0.000199389 0.0
0.00894898 -0.000258312 0.0
0.00913223 -0.000399695 0.0
0.00930989 -0.000967235 0.0
0.00943519 -0.00135774 0.0
0.00957839 -0.00152837 0.0
0.00982292 -0.00120818 0.0
0.0102014 -0.00100538 0.0
0.0105867 -0.000875398 0.0
0.0109394 -0.000811265 0.0
0.0113113 -0.000731533 0.0
0.0117268 -0.000808378 0.0
0.0121529 -0.000939954 0.0
0.0124764 -0.00119479 0.0
0.0125839 -0.00149553 0.0
0.0126134 -0.00161735 0.0
0.0127857 -0.00158533 0.0
0.0131406 -0.00152911 0.0
0.0135538 -0.00148439 0.0
0.0139093 -0.00155813 0.0
0.0142367 -0.00163463 0.0
0.0145214 -0.00180832 0.0
0.0147685 -0.00187163 0.0
0.015025 -0.00194628 0.0
0.0152785 -0.0019542 0.0
0.0155476 -0.00196533 0.0
0.0158339 -0.00200626 0.0
0.0160968 -0.00207716 0.0
0.0163342 -0.00211242 0.0
0.016567 -0.0021434 0.0
0.0167918 -0.00215443 0.0
0.0170479 -0.00217328 0.0
0.0173313 -0.00220368 0.0
0.0175992 -0.00224822 0.0
0.0178399 -0.00229621 0.0
0.0180624 -0.00236471 0.0
0.018272 -0.00242541 0.0
0.0184805 -0.00246587 0.0
0.0186698 -0.00251952 0.0
0.0188359 -0.00256043 0.0
0.0190082 -0.00260135 0.0
0.0191829 -0.00263906 0.0
0.0193445 -0.00267596 0.0
0.0194986 -0.00269953 0.0
0.0196525 -0.00273465 0.0
0.0198024 -0.00276596 0.0
0.0199441 -0.00278873 0.0
0.0200718 -0.00281607 0.0
0.020194 -0.00283916 0.0
0.0203133 -0.0028681 0.0
0.0204183 -0.00288912 0.0
0.0205092 -0.0029091 0.0
0.0205914 -0.00293118 0.0
0.0206665 -0.00294841 0.0
0.0207282 -0.00295574 0.0
0.0207735 -0.00295598 0.0
0.02081 -0.0029524 0.0
0.0208434 -0.0029343 0.0
0.0208679 -0.00290451 0.0
0.0208823 -0.00286299 0.0
0.0208988 -0.00281579 0.0
0.0209183 -0.00275937 0.0
0.0209341 -0.00269066 0.0
0.0209484 -0.00262011 0.0
0.020967 -0.00254741 0.0
0.0209887 -0.00246846 0.0
0.021009 -0.00238719 0.0
0.0210284 -0.00230736 0.0
0.0210505 -0.00222664 0.0
0.0210743 -0.00214535 0.0
0.0210961 -0.0020655 0.0
0.0211166 -0.00198733 0.0
0.0211384 -0.00191024 0.0
0.0211602 -0.0018351 0.0
0.0211797 -0.00176208 0.0
0.0211981 -0.00169109 0.0
0.0212168 -0.00162232 0.0
0.0212343 -0.00155605 0.0
0.02125 -0.00149198 0.0
0.0212648 -0.00143025 0.0
0.0212793 -0.00137104 0.0
0.0212924 -0.00131421 0.0
0.0213041 -0.00125958 0.0
0.0213153 -0.00120733 0.0
0.0213258 -0.00115744 0.0
0.0213351 -0.0011097 0.0
0.0213436 -0.00106407 0.0
0.0213516 -0.00102064 0.0
0.0213589 -0.000979252 0.0
0.0213654 -0.000939787 0.0
0.0213714 -0.000902239 0.0
0.0213771 -0.000866581 0.0
0.0213822 -0.00083267 0.0
0.0213869 -0.000800434 0.0
0.0213913 -0.000769853 0.0
0.0213954 -0.000740849 0.0
0.0213992 -0.000713314 0.0
0.0214029 -0.000687205 0.0
0.0214064 -0.000662473 0.0
0.0214097 -0.000639035 0.0
0.021413 -0.000616818 0.0
0.0214162 -0.000595781 0.0
0.0214193 -0.000575866 0.0
0.0214224 -0.000557002 0.0
0.0214256 -0.000539138 0.0
0.0214287 -0.00052223 0.0
0.0214319 -0.000506223 0.0
0.0214352 -0.000491063 0.0
0.0214385 -0.000476708 0.0
0.021442 -0.000463118 0.0
0.0214455 -0.000450244 0.0
0.0214491 -0.000438045 0.0
0.0214528 -0.000426488 0.0
0.0214567 -0.000415534 0.0
0.0214606 -0.000405145 0.0
0.0214647 -0.000395291 0.0
0.0214688 -0.000385941 0.0
0.0214731 -0.000377063 0.0
0.0214775 -0.000368628 0.0
0.0214821 -0.000360612 0.0
0.0214867 -0.000352987 0.0
0.0214914 -0.00034573 0.0
0.0214963 -0.000338818 0.0
0.0215012 -0.000332229 0.0
0.0215063 -0.000325943 0.0
0.0215114 -0.00031994 0.0
0.0215166 -0.000314202 0.0
0.0215219 -0.000308712 0.0
0.0215273 -0.000303452 0.0
0.0215327 -0.000298408 0.0
0.0215382 -0.000293565 0.0
0.0215438 -0.000288909 0.0
0.0215493 -0.000284426 0.0
0.021555 -0.000280105 0.0
0.0215607 -0.000275933 0.0
0.0215664 -0.000271898 0.0
0.0215721 -0.000267991 0.0
0.0215779 -0.0002642 0.0
0.0215836 -0.000260517 0.0
0.0215894 -0.000256931 0.0
0.0215952 -0.000253435 0.0
0.021601 -0.000250018 0.0
0.0216068 -0.000246674 0.0
0.0216125 -0.000243393 0.0
0.0216183 -0.00024017 0.0
0.021624 -0.000236994 0.0
0.0216297 -0.000233861 0.0
0.0216353 -0.000230762 0.0
0.0216409 -0.00022769 0.0
0.0216465 -0.000224639 0.0
0.0216521 -0.000221601 0.0
0.0216575 -0.00021857 0.0
0.021663 -0.000215539 0.0
0.0216684 -0.0002125 0.0
0.0216737 -0.000209446 0.0
0.0216789 -0.00020637 0.0
0.0216841 -0.000203264 0.0
0.0216892 -0.00020012 0.0
0.0216942 -0.00019693 0.0
0.0216992 -0.000193684 0.0
0.021704 -0.000190374 0.0
0.0217088 -0.000186989 0.0
0.0217135 -0.000183519 0.0
0.021718 -0.000179952 0.0
0.0217225 -0.000176275 0.0
0.0217268 -0.000172473 0.0
0.021731 -0.000168534 0.0
0.0217351 -0.000164437 0.0
0.021739 -0.000160168 0.0
0.0217428 -0.0001557 0.0
0.0217465 -0.000151018 0.0
0.0217499 -0.000146086 0.0
0.0217532 -0.000140886 0.0
0.0217564 -0.000135372 0.0
0.0217593 -0.000129521 0.0
0.021762 -0.000123271 0.0
0.0217645 -0.000116597 0.0
0.0217667 -0.000109412 0.0
0.0217687 -0.000101686 0.0
0.0217704 -9.32996e-05 0.0
0.0217718 -8.4221e-05 0.0
0.021773 -7.42739e-05 0.0
0.0217738 -6.34305e-05 0.0
0.0217743 -5.14347e-05 0.0
0.0217745 -3.82655e-05 0.0
0.0217744 -2.35632e-05 0.0
0.0217739 -7.69714e-06 0.0
0.0217733 9.51531e-07 0.0
0.0 0.0 0.0
0.0 0.0 0.0
0.019314 -2.99695e-05 0.0
0.019323 -9.80211e-05 0.0
0.0193454 -0.000154848 0.0
0.0193731 -0.000201318 0.0
0.0194037 -0.000262415 0.0
0.0194528 -0.000318523 0.0
0.0195102 -0.000354441 0.0
0.0195626 -0.00039993 0.0
0.0196248 -0.000446308 0.0
0.0197012 -0.000471913 0.0
0.0197735 -0.000499507 0.0
0.0198458 -0.000532411 0.0
0.0199276 -0.000547236 0.0
0.0200114 -0.000559441 0.0
0.0200921 -0.000576698 0.0
0.0201747 -0.000583836 0.0
0.020259 -0.00058307 0.0
0.0203431 -0.000586747 0.0
0.0204259 -0.000585875 0.0
0.0205066 -0.000577718 0.0
0.0205867 -0.000569673 0.0
0.0206671 -0.00056156 0.0
0.020744 -0.000547752 0.0
0.0208172 -0.000532358 0.0
0.0208903 -0.00051688 0.0
0.020962 -0.000498617 0.0
0.0210286 -0.0004776 0.0
0.0210921 -0.00045642 0.0
0.021155 -0.000433296 0.0
0.0212146 -0.000407749 0.0
0.0212689 -0.000381104 0.0
0.0213208 -0.000353259 0.0
0.0213708 -0.000322786 0.0
0.0214162 -0.000290625 0.0
0.021457 -0.000257034 0.0
0.0214953 -0.000220986 0.0
0.0215302 -0.000182194 0.0
0.0215601 -0.000141417 0.0
0.0215858 -9.7873e-05 0.0
0.0216082 -5.07451e-05 0.0
0.0216263 -2.67964e-07 0.0
0.0216392 5.35523e-05 0.0
0.0216477 0.000112116 0.0
0.0216523 0.000175878 0.0
0.0216515 0.000244437 0.0
0.0216452 0.000318811 0.0
0.0216348 0.000401259 0.0
0.0216196 0.000491332 0.0
0.0215976 0.000588537 0.0
0.0215707 0.000696648 0.0
0.0215416 0.000818351 0.0
0.0215055 0.000950062 0.0
0.0214611 0.00109413 0.0
0.021419 0.00125987 0.0
0.0213772 0.00144445 0.0
0.0213221 0.00164203 0.0
0.0212676 0.00186706 0.0
0.0212344 0.00212617 0.0
0.0211977 0.00240338 0.0
0.0211494 0.00271094 0.0
0.0211384 0.00306338 0.0
0.0211694 0.00343933 0.0
0.0211993 0.00385078 0.0
0.0212573 0.00431451 0.0
0.0213903 0.00477033 0.0
0.0215878 0.00525867 0.0
0.0218348 0.00580557 0.0
0.0221328 0.00630395 0.0
0.0224996 0.00675177 0.0
0.0229437 0.00723838 0.0
0.0234279 0.00765941 0.0
0.0239209 0.00796168 0.0
0.024389 0.00814562 0.0
0.0248228 0.0083471 0.0
0.0251893 0.00830366 0.0
0.0253829 0.00813715 0.0
0.0255323 0.00801207 0.0
0.0255432 0.00749941 0.0
0.0253187 0.00711297 0.0
0.0249846 0.00664693 0.0
0.0245361 0.00606278 0.0
0.0238709 0.00548813 0.0
0.0231507 0.00509226 0.0
0.0224172 0.00433687 0.0
0.0216009 0.00380435 0.0
0.0207378 0.00329511 0.0
0.0197179 0.00285086 0.0
0.0188829 0.0028038 0.0
0.0185095 0.00273069 0.0
0.0182533 0.0023659 0.0
0.0176538 0.00176689 0.0
0.0167997 0.0012528 0.0
0.0160104 0.000727621 0.0
0.0154494 0.000546443 0.0
0.0150483 0.000358253 0.0
0.01467 0.000233418 0.0
0.0143525 0.00014793 0.0
0.0141302 7.47828e-05 0.0
0.0139562 8.16515e-06 0.0
0.0138 -3.68169e-05 0.0
0.0136837 -7.16154e-05 0.0
0.0136051 -0.000108249 0.0
0.0135444 -0.000138933 0.0
0.0135038 -0.000160732 0.0
0.0134918 -0.000181609 0.0
0.0134936 -0.000207445 0.0
0.0135087 -0.000227982 0.0
0.0135566 -0.000246142 0.0
0.013627 -0.000275133 0.0
0.0136936 -0.000314853 0.0
0.0138052 -0.00032254 0.0
0.0139993 -0.000478271 0.0
0.0142385 -0.000669205 0.0
0.0143832 -0.000976683 0.0
0.014306 -0.00132401 0.0
0.014153 -0.0014806 0.0
0.0141696 -0.00143306 0.0
0.0143862 -0.00136876 0.0
0.0146874 -0.00120963 0.0
0.0149896 -0.00114837 0.0
0.0153002 -0.00109974 0.0
0.0156281 -0.0011619 0.0
0.0159149 -0.00128951 0.0
0.0161841 -0.00141014 0.0
0.0163764 -0.00164823 0.0
0.0165141 -0.00172399 0.0
0.0166832 -0.00181194 0.0
0.0168675 -0.00183719 0.0
0.0171099 -0.001807 0.0
0.0173775 -0.00185284 0.0
0.0176302 -0.0019165 0.0
0.0178502 -0.00202161 0.0
0.0180424 -0.00207919 0.0
0.0182128 -0.0021509 0.0
0.0183906 -0.00217082 0.0
0.0186087 -0.00222425 0.0
0.0188258 -0.0022641 0.0
0.0190299 -0.00228559 0.0
0.0192222 -0.00233947 0.0
0.0194134 -0.00236362 0.0
0.019618 -0.00237467 0.0
0.0198167 -0.00240846 0.0
0.0200037 -0.00243067 0.0
0.0201927 -0.00246449 0.0
0.0203774 -0.00250639 0.0
0.0205505 -0.00255026 0.0
0.0207073 -0.00259677 0.0
0.0208515 -0.00264418 0.0
0.020994 -0.00267397 0.0
0.0211338 -0.00271675 0.0
0.0212631 -0.00275438 0.0
0.0213847 -0.00277939 0.0
0.0214972 -0.00280955 0.0
0.021606 -0.00283347 0.0
0.0217118 -0.00285978 0.0
0.0218058 -0.00287972 0.0
0.0218922 -0.0028997 0.0
0.0219758 -0.00291933 0.0
0.022054 -0.0029377 0.0
0.0221215 -0.00295276 0.0
0.0221793 -0.0029667 0.0
0.0222304 -0.00297946 0.0
0.0222736 -0.00298696 0.0
0.0223028 -0.00299288 0.0
0.0223199 -0.00299067 0.0
0.0223319 -0.00298191 0.0
0.0223364 -0.00296705 0.0
0.0223293 -0.00294321 0.0
0.022316 -0.00290766 0.0
0.0223035 -0.00286429 0.0
0.0222884 -0.00281607 0.0
0.0222675 -0.00275594 0.0
0.0222477 -0.00268937 0.0
0.0222311 -0.00262148 0.0
0.0222139 -0.00254744 0.0
0.0221958 -0.00246898 0.0
0.0221792 -0.00239031 0.0
0.0221648 -0.002311 0.0
0.022151 -0.00222996 0.0
0.0221367 -0.00214928 0.0
0.0221227 -0.0020698 0.0
0.0221101 -0.00199138 0.0
0.0220978 -0.00191409 0.0
0.0220845 -0.00183856 0.0
0.0220711 -0.00176498 0.0
0.0220585 -0.0016936 0.0
0.0220456 -0.0016243 0.0
0.0220317 -0.00155719 0.0
0.0220179 -0.00149249 0.0
0.0220043 -0.00143032 0.0
0.0219901 -0.0013704 0.0
0.0219753 -0.0013128 0.0
0.0219607 -0.00125771 0.0
0.0219461 -0.00120501 0.0
0.021931 -0.0011545 0.0
0.0219157 -0.00110627 0.0
0.0219005 -0.00106034 0.0
0.0218853 -0.00101655 0.0
0.02187 -0.000974779 0.0
0.0218547 -0.00093508 0.0
0.0218396 -0.000897378 0.0
0.0218246 -0.00086152 0.0
0.0218096 -0.000827458 0.0
0.0217949 -0.000795182 0.0
0.0217804 -0.000764578 0.0
0.0217661 -0.000735543 0.0
0.0217521 -0.000708044 0.0
0.0217385 -0.000682025 0.0
0.0217251 -0.000657384 0.0
0.0217121 -0.000634054 0.0
0.0216994 -0.000611995 0.0
0.0216872 -0.000591136 0.0
0.0216753 -0.000571399 0.0
0.0216638 -0.000552735 0.0
0.0216527 -0.000535098 0.0
0.021642 -0.000518421 0.0
0.0216318 -0.000502647 0.0
0.0216219 -0.000487736 0.0
0.0216125 -0.00047364 0.0
0.0216035 -0.000460305 0.0
0.0215949 -0.00044769 0.0
0.0215868 -0.000435756 0.0
0.0215791 -0.000424462 0.0
0.0215717 -0.000413766 0.0
0.0215648 -0.000403636 0.0
0.0215582 -0.000394039 0.0
0.0215521 -0.000384939 0.0
0.0215463 -0.000376306 0.0
0.0215409 -0.000368112 0.0
0.0215358 -0.00036033 0.0
0.0215311 -0.000352932 0.0
0.0215267 -0.000345894 0.0
0.0215226 -0.000339194 0.0
0.0215189 -0.00033281 0.0
0.0215154 -0.000326719 0.0
0.0215122 -0.000320904 0.0
0.0215093 -0.000315345 0.0
0.0215067 -0.000310024 0.0
0.0215044 -0.000304927 0.0
0.0215022 -0.000300036 0.0
0.0215003 -0.000295337 0.0
0.0214987 -0.000290816 0.0
0.0214972 -0.000286461 0.0
0.0214959 -0.000282258 0.0
0.0214949 -0.000278196 0.0
0.021494 -0.000274264 0.0
0.0214932 -0.000270451 0.0
0.0214927 -0.000266748 0.0
0.0214923 -0.000263143 0.0
0.021492 -0.000259629 0.0
0.0214918 -0.000256197 0.0
0.0214918 -0.000252838 0.0
0.0214919 -0.000249544 0.0
0.0214921 -0.000246308 0.0
0.0214924 -0.000243122 0.0
0.0214927 -0.000239979 0.0
0.0214932 -0.000236871 0.0
0.0214937 -0.000233791 0.0
0.0214943 -0.000230734 0.0
0.021495 -0.000227691 0.0
0.0214957 -0.000224657 0.0
0.0214965 -0.000221623 0.0
0.0214973 -0.000218585 0.0
0.0214981 -0.000215533 0.0
0.021499 -0.000212462 0.0
0.0214999 -0.000209364 0.0
0.0215008 -0.000206231 0.0
0.0215017 -0.000203054 0.0
0.0215027 -0.000199827 0.0
0.0215036 -0.000196539 0.0
0.0215046 -0.000193181 0.0
0.0215055 -0.000189743 0.0
0.0215064 -0.000186215 0.0
0.0215073 -0.000182583 0.0
0.0215082 -0.000178836 0.0
0.021509 -0.000174957 0.0
0.0215098 -0.000170934 0.0
0.0215106 -0.000166747 0.0
0.0215113 -0.00016238 0.0
0.0215119 -0.000157807 0.0
0.0215125 -0.00015301 0.0
0.021513 -0.000147956 0.0
0.0215134 -0.000142625 0.0
0.0215138 -0.000136969 0.0
0.021514 -0.000130967 0.0
0.0215142 -0.000124557 0.0
0.0215142 -0.000117711 0.0
0.0215141 -0.000110345 0.0
0.0215139 -0.00010243 0.0
0.0215136 -9.38457e-05 0.0
0.0215132 -8.45602e-05 0.0
0.0215126 -7.44052e-05 0.0
0.0215119 -6.33504e-05 0.0
0.0215111 -5.11503e-05 0.0
0.0215103 -3.77824e-05 0.0
0.0215094 -2.2916e-05 0.0
0.0215085 -6.97027e-06 0.0
0.0215078 1.68528e-06 0.0
0.0 0.0 0.0
0.0 0.0 0.0
0.0193158 -3.9229e-05 0.0
0.0193239 -0.000109688 0.0
0.0193392 -0.000179408 0.0
0.0193779 -0.000239316 0.0
0.0194242 -0.000300912 0.0
0.0194666 -0.000369975 0.0
0.0195228 -0.000418987 0.0
0.0195944 -0.000457727 0.0
0.0196633 -0.00051364 0.0
0.0197362 -0.000556682 0.0
0.0198179 -0.000574031 0.0
0.0199022 -0.000605964 0.0
0.0199875 -0.000638481 0.0
0.0200744 -0.00064741 0.0
0.020162 -0.00065456 0.0
0.0202528 -0.000671112 0.0
0.0203421 -0.000674839 0.0
0.0204276 -0.000669017 0.0
0.0205153 -0.000667053 0.0
0.020604 -0.000664223 0.0
0.0206863 -0.000652006 0.0
0.0207662 -0.000638199 0.0
0.0208486 -0.000625332 0.0
0.0209271 -0.00060904 0.0
0.020999 -0.000588302 0.0
0.0210707 -0.000567378 0.0
0.0211419 -0.000545195 0.0
0.0212069 -0.000520241 0.0
0.0212674 -0.000493166 0.0
0.0213275 -0.000465255 0.0
0.0213843 -0.00043532 0.0
0.021435 -0.000403363 0.0
0.0214829 -0.000369686 0.0
0.0215287 -0.000334214 0.0
0.0215698 -0.000296401 0.0
0.0216061 -0.000256604 0.0
0.0216397 -0.000214407 0.0
0.0216696 -0.000169313 0.0
0.0216948 -0.000121416 0.0
0.0217161 -7.07598e-05 0.0
0.0217338 -1.6067e-05 0.0
0.0217469 4.2869e-05 0.0
0.0217559 0.000105385 0.0
0.0217611 0.000172763 0.0
0.0217618 0.000247003 0.0
0.0217578 0.000326694 0.0
0.0217502 0.000411729 0.0
0.0217389 0.000506456 0.0
0.0217226 0.000611336 0.0
0.0217016 0.000722321 0.0
0.0216787 0.000844287 0.0
0.0216538 0.00098409 0.0
0.021623 0.00113491 0.0
0.0215895 0.00129503 0.0
0.0215611 0.00147963 0.0
0.0215333 0.00168809 0.0
0.0214991 0.00190602 0.0
0.0214745 0.00214788 0.0
0.0214694 0.00242682 0.0
0.0214675 0.00272657 0.0
0.0214737 0.00304639 0.0
0.0215155 0.00340076 0.0
0.0215898 0.00378068 0.0
0.0216946 0.00419501 0.0
0.0218419 0.00462102 0.0
0.0220283 0.00504563 0.0
0.0222788 0.00550357 0.0
0.0226099 0.0059677 0.0
0.0229693 0.00637382 0.0
0.0233649 0.00678665 0.0
0.0238425 0.0071518 0.0
0.0243473 0.00746399 0.0
0.0248347 0.00769522 0.0
0.0253334 0.00786265 0.0
0.0258132 0.0079221 0.0
0.0261962 0.00791112 0.0
0.0265339 0.00777693 0.0
0.0267286 0.00752142 0.0
0.0267605 0.00728822 0.0
0.0267177 0.00685314 0.0
0.0265818 0.00641888 0.0
0.0263313 0.00599413 0.0
0.0260194 0.00555528 0.0
0.0256024 0.00499524 0.0
0.0250763 0.00448652 0.0
0.0245161 0.0040286 0.0
0.0238869 0.0037225 0.0
0.0232554 0.00338886 0.0
0.0227781 0.00315598 0.0
0.0223792 0.00273132 0.0
0.0219451 0.00238604 0.0
0.0214975 0.00187572 0.0
0.0209441 0.00137554 0.0
0.0203861 0.00106482 0.0
0.0198931 0.000776907 0.0
0.0194697 0.000604123 0.0
0.0191373 0.000432144 0.0
0.0188625 0.000304917 0.0
0.0186196 0.000204048 0.0
0.0184181 0.000121512 0.0
0.0182686 4.11275e-05 0.0
0.0181518 -1.96642e-05 0.0
0.0180564 -7.04901e-05 0.0
0.0179884 -0.000121826 0.0
0.0179532 -0.000168141 0.0
0.017939 -0.000207142 0.0
0.0179397 -0.000247472 0.0
0.0179651 -0.000297495 0.0
0.0180215 -0.000337185 0.0
0.018094 -0.000403721 0.0
0.0181979 -0.000457617 0.0
0.018317 -0.00061441 0.0
0.0183946 -0.000826562 0.0
0.0184748 -0.00100682 0.0
0.0184953 -0.0012986 0.0
0.0184652 -0.00141603 0.0
0.0184715 -0.00150876 0.0
0.018495 -0.00151242 0.0
0.0185953 -0.00143662 0.0
0.0187925 -0.00141523 0.0
0.019038 -0.00141159 0.0
0.0192935 -0.00142957 0.0
0.019509 -0.00151659 0.0
0.0196944 -0.00162267 0.0
0.0198478 -0.00176973 0.0
0.0199709 -0.00185958 0.0
0.0200832 -0.00194142 0.0
0.0201921 -0.00198585 0.0
0.020347 -0.00203725 0.0
0.0205374 -0.00208114 0.0
0.020721 -0.00213024 0.0
0.0208826 -0.00219423 0.0
0.0210357 -0.00226446 0.0
0.0211869 -0.00231096 0.0
0.0213394 -0.00235078 0.0
0.021481 -0.00239777 0.0
0.0216121 -0.002428 0.0
0.0217533 -0.00246003 0.0
0.0218916 -0.00249603 0.0
0.0220213 -0.00252008 0.0
0.0221567 -0.00254762 0.0
0.0222934 -0.00257032 0.0
0.0224267 -0.00259316 0.0
0.022563 -0.00262367 0.0
0.022692 -0.00266411 0.0
0.0228112 -0.00269204 0.0
0.0229243 -0.00272392 0.0
0.0230231 -0.00276442 0.0
0.0231159 -0.0027923 0.0
0.0232054 -0.00282317 0.0
0.0232809 -0.00284951 0.0
0.0233491 -0.00287382 0.0
0.0234175 -0.00289623 0.0
0.0234807 -0.00291788 0.0
0.0235342 -0.00293383 0.0
0.0235817 -0.0029479 0.0
0.0236254 -0.00296445 0.0
0.0236635 -0.00297577 0.0
0.0236918 -0.00298571 0.0
0.023711 -0.00299196 0.0
0.0237256 -0.00299938 0.0
0.0237327 -0.00300385 0.0
0.0237296 -0.00300135 0.0
0.0237173 -0.00299546 0.0
0.0236986 -0.00298745 0.0
0.0236733 -0.00297241 0.0
0.0236395 -0.00294677 0.0
0.0235982 -0.00291592 0.0
0.0235541 -0.00287939 0.0
0.0235079 -0.00283425 0.0
0.0234568 -0.002779 0.0
0.0234037 -0.00271911 0.0
0.0233527 -0.00265686 0.0
0.0233018 -0.0025864 0.0
0.0232495 -0.00251095 0.0
0.0231983 -0.00243628 0.0
0.0231496 -0.00235917 0.0
0.023102 -0.00227866 0.0
0.023054 -0.00219862 0.0
0.023007 -0.00211993 0.0
0.0229623 -0.00204074 0.0
0.0229185 -0.00196216 0.0
0.022874 -0.00188556 0.0
0.0228305 -0.00181067 0.0
0.0227888 -0.00173718 0.0
0.0227472 -0.00166583 0.0
0.0227053 -0.00159675 0.0
0.0226644 -0.00152987 0.0
0.0226246 -0.00146527 0.0
0.0225847 -0.0014031 0.0
0.0225449 -0.00134329 0.0
0.0225061 -0.00128591 0.0
0.0224679 -0.00123095 0.0
0.0224298 -0.00117834 0.0
0.0223922 -0.00112804 0.0
0.0223555 -0.0010801 0.0
0.0223192 -0.00103439 0.0
0.0222832 -0.000990835 0.0
0.022248 -0.000949418 0.0
0.0222136 -0.000910095 0.0
0.0221796 -0.00087273 0.0
0.0221463 -0.000837266 0.0
0.0221137 -0.000803671 0.0
0.0220818 -0.000771852 0.0
0.0220506 -0.000741702 0.0
0.0220201 -0.000713176 0.0
0.0219904 -0.000686214 0.0
0.0219615 -0.00066072 0.0
0.0219332 -0.000636618 0.0
0.0219057 -0.00061386 0.0
0.021879 -0.000592375 0.0
0.0218531 -0.000572083 0.0
0.0218279 -0.000552927 0.0
0.0218035 -0.000534857 0.0
0.0217798 -0.000517803 0.0
0.0217569 -0.000501706 0.0
0.0217347 -0.000486519 0.0
0.0217132 -0.00047219 0.0
0.0216925 -0.000458665 0.0
0.0216725 -0.000445896 0.0
0.0216532 -0.000433842 0.0
0.0216345 -0.00042246 0.0
0.0216166 -0.000411704 0.0
0.0215993 -0.00040154 0.0
0.0215826 -0.00039193 0.0
0.0215666 -0.000382839 0.0
0.0215512 -0.000374232 0.0
0.0215363 -0.000366081 0.0
0.0215221 -0.000358356 0.0
0.0215084 -0.000351027 0.0
0.0214953 -0.00034407 0.0
0.0214826 -0.000337459 0.0
0.0214705 -0.000331171 0.0
0.0214589 -0.000325184 0.0
0.0214478 -0.000319476 0.0
0.0214371 -0.00031403 0.0
0.0214268 -0.000308826 0.0
0.021417 -0.000303847 0.0
0.0214076 -0.000299076 0.0
0.0213986 -0.000294499 0.0
0.0213899 -0.0002901 0.0
0.0213817 -0.000285866 0.0
0.0213737 -0.000281785 0.0
0.0213661 -0.000277843 0.0
0.0213588 -0.00027403 0.0
0.0213519 -0.000270335 0.0
0.0213452 -0.000266748 0.0
0.0213388 -0.000263258 0.0
0.0213326 -0.000259857 0.0
0.0213267 -0.000256535 0.0
0.021321 -0.000253285 0.0
0.0213156 -0.000250098 0.0
0.0213104 -0.000246966 0.0
0.0213054 -0.000243883 0.0
0.0213006 -0.000240841 0.0
0.021296 -0.000237833 0.0
0.0212915 -0.000234852 0.0
0.0212873 -0.000231892 0.0
0.0212831 -0.000228945 0.0
0.0212792 -0.000226006 0.0
0.0212754 -0.000223068 0.0
0.0212717 -0.000220124 0.0
0.0212681 -0.000217168 0.0
0.0212647 -0.000214193 0.0
0.0212614 -0.000211191 0.0
0.0212581 -0.000208156 0.0
0.021255 -0.00020508 0.0
0.021252 -0.000201955 0.0
0.021249 -0.000198773 0.0
0.0212462 -0.000195524 0.0
0.0212434 -0.000192201 0.0
0.0212407 -0.000188791 0.0
0.021238 -0.000185285 0.0
0.0212354 -0.000181669 0.0
0.0212329 -0.000177932 0.0
0.0212304 -0.000174059 0.0
0.0212279 -0.000170035 0.0
0.0212255 -0.000165841 0.0
0.0212231 -0.000161461 0.0
0.0212208 -0.000156869 0.0
0.0212184 -0.000152048 0.0
0.0212161 -0.000146964 0.0
0.0212138 -0.000141596 0.0
0.0212115 -0.0001359 0.0
0.0212092 -0.000129852 0.0
0.0212069 -0.000123392 0.0
0.0212046 -0.000116494 0.0
0.0212023 -0.000109076 0.0
0.0212 -0.000101108 0.0
0.0211977 -9.24762e-05 0.0
0.0211955 -8.31498e-05 0.0
0.0211934 -7.29707e-05 0.0
0.0211913 -6.1906e-05 0.0
0.0211893 -4.97319e-05 0.0
0.0211875 -3.64233e-05 0.0
0.0211859 -2.16891e-05 0.0
0.0211846 -6.00069e-06 0.0
0.0211837 2.47136e-06 0.0
0.0 0.0 0.0
0.0 0.0 0.0
0.0193107 -5.49903e-05 0.0
0.0193295 -0.000118839 0.0
0.0193482 -0.000199226 0.0
0.0193811 -0.000293112 0.0
0.0194337 -0.000353764 0.0
0.0194877 -0.00040863 0.0
0.0195453 -0.000488911 0.0
0.0196242 -0.000545676 0.0
0.0197049 -0.000577445 0.0
0.0197811 -0.000631231 0.0
0.0198702 -0.000674308 0.0
0.0199665 -0.00069301 0.0
0.0200567 -0.000718168 0.0
0.0201498 -0.000744201 0.0
0.0202471 -0.000751601 0.0
0.0203426 -0.000757533 0.0
0.0204371 -0.000764534 0.0
0.0205312 -0.000763211 0.0
0.0206221 -0.000755582 0.0
0.0207128 -0.000748824 0.0
0.0208023 -0.000737326 0.0
0.0208864 -0.000721781 0.0
0.0209673 -0.000704579 0.0
0.0210486 -0.000685233 0.0
0.0211255 -0.000662272 0.0
0.0211961 -0.000638435 0.0
0.021265 -0.000612426 0.0
0.0213325 -0.000583701 0.0
0.0213939 -0.000553492 0.0
0.0214502 -0.000522362 0.0
0.0215051 -0.000488355 0.0
0.0215566 -0.000452395 0.0
0.0216021 -0.00041536 0.0
0.0216439 -0.000376305 0.0
0.0216836 -0.00033431 0.0
0.0217186 -0.000290534 0.0
0.0217487 -0.000244779 0.0
0.0217758 -0.000195929 0.0
0.0217997 -0.000143817 0.0
0.0218189 -8.90786e-05 0.0
0.021834 -3.08668e-05 0.0
0.0218463 3.18534e-05 0.0
0.0218548 9.89657e-05 0.0
0.0218586 0.000170269 0.0
0.0218594 0.000247392 0.0
0.0218578 0.000331419 0.0
0.0218514 0.000421495 0.0
0.021841 0.000518402 0.0
0.0218302 0.000625431 0.0
0.0218168 0.000742318 0.0
0.0217971 0.000867316 0.0
0.0217778 0.00100497 0.0
0.0217631 0.00115865 0.0
0.0217428 0.00132414 0.0
0.0217183 0.00150329 0.0
0.0217076 0.00170452 0.0
0.0217049 0.00192397 0.0
0.0216935 0.00216051 0.0
0.0216955 0.00242178 0.0
0.02173 0.00270389 0.0
0.0217721 0.00300641 0.0
0.0218226 0.00334388 0.0
0.0219154 0.00368885 0.0
0.0220488 0.00404238 0.0
0.0222115 0.00444207 0.0
0.0224165 0.00484724 0.0
0.0226684 0.0052107 0.0
0.0229729 0.00561002 0.0
0.0233336 0.00601467 0.0
0.0237364 0.00636098 0.0
0.0241741 0.00665612 0.0
0.0246529 0.00697308 0.0
0.0251671 0.00721154 0.0
0.0256603 0.00734166 0.0
0.026148 0.00746937 0.0
0.0266408 0.00751268 0.0
0.0270532 0.00740318 0.0
0.0273899 0.00732893 0.0
0.0277191 0.00712197 0.0
0.0279121 0.00681182 0.0
0.0279555 0.00656022 0.0
0.0279446 0.00617055 0.0
0.0278618 0.00573703 0.0
0.0276989 0.00540394 0.0
0.0274196 0.00493683 0.0
0.0270454 0.0044901 0.0
0.0267346 0.00416123 0.0
0.0264617 0.00379167 0.0
0.0261453 0.00351709 0.0
0.0258182 0.00312927 0.0
0.0255111 0.00272323 0.0
0.0251945 0.00229214 0.0
0.0247804 0.0019337 0.0
0.0243285 0.00154273 0.0
0.0239045 0.00120749 0.0
0.0235459 0.000972346 0.0
0.0232175 0.000751764 0.0
0.022906 0.00057985 0.0
0.0226528 0.000429251 0.0
0.0224553 0.000303778 0.0
0.0222795 0.000192699 0.0
0.0221266 0.00010099 0.0
0.0220171 1.71111e-05 0.0
0.0219374 -5.98377e-05 0.0
0.0218719 -0.00012857 0.0
0.0218337 -0.000192961 0.0
0.0218294 -0.000257776 0.0
0.0218377 -0.000328655 0.0
0.0218607 -0.00038598 0.0
0.0219162 -0.000479679 0.0
0.0220008 -0.000589688 0.0
0.0220983 -0.00069941 0.0
0.0221565 -0.000872566 0.0
0.022183 -0.00105153 0.0
0.0221783 -0.00125449 0.0
0.0221454 -0.0013869 0.0
0.0221093 -0.00149328 0.0
0.022096 -0.00152959 0.0
0.02215 -0.00156643 0.0
0.0222534 -0.0015768 0.0
0.0223724 -0.001595 0.0
0.0225131 -0.00162951 0.0
0.0226753 -0.00170117 0.0
0.0228211 -0.00179053 0.0
0.0229402 -0.00187533 0.0
0.0230382 -0.00198408 0.0
0.0231311 -0.00205273 0.0
0.0232368 -0.00210105 0.0
0.0233362 -0.00217074 0.0
0.023427 -0.00221874 0.0
0.0235332 -0.00226802 0.0
0.023641 -0.00232199 0.0
0.0237339 -0.0023796 0.0
0.0238238 -0.00242401 0.0
0.0239155 -0.00247501 0.0
0.0240015 -0.00250524 0.0
0.0240926 -0.00253951 0.0
0.0241837 -0.00258517 0.0
0.0242708 -0.00260307 0.0
0.0243573 -0.00262874 0.0
0.0244369 -0.00265941 0.0
0.0245186 -0.00267634 0.0
0.0246016 -0.0027027 0.0
0.024677 -0.00272514 0.0
0.0247441 -0.00275221 0.0
0.0248062 -0.00278111 0.0
0.0248656 -0.00280791 0.0
0.0249189 -0.00283157 0.0
0.0249625 -0.00285999 0.0
0.0249987 -0.00288192 0.0
0.025032 -0.00290031 0.0
0.0250599 -0.00292201 0.0
0.0250798 -0.00293691 0.0
0.025092 -0.00295019 0.0
0.0250987 -0.00296155 0.0
0.0251026 -0.00297258 0.0
0.0250995 -0.00297991 0.0
0.0250879 -0.00298405 0.0
0.0250711 -0.0029883 0.0
0.0250501 -0.00299021 0.0
0.025022 -0.00298783 0.0
0.0249846 -0.00298238 0.0
0.0249399 -0.00297565 0.0
0.0248909 -0.00296266 0.0
0.0248352 -0.00294476 0.0
0.0247698 -0.00292222 0.0
0.0246991 -0.00289345 0.0
0.0246271 -0.00285768 0.0
0.0245506 -0.00281588 0.0
0.0244678 -0.00276759 0.0
0.0243846 -0.00271218 0.0
0.0243036 -0.00265295 0.0
0.0242203 -0.00258805 0.0
0.0241352 -0.00251767 0.0
0.0240531 -0.00244579 0.0
0.0239732 -0.00237146 0.0
0.0238931 -0.0022937 0.0
0.0238137 -0.00221558 0.0
0.0237368 -0.00213774 0.0
0.0236621 -0.00205924 0.0
0.0235881 -0.00198093 0.0
0.0235149 -0.00190414 0.0
0.0234439 -0.00182857 0.0
0.0233747 -0.0017543 0.0
0.0233062 -0.00168188 0.0
0.0232385 -0.00161153 0.0
0.0231726 -0.00154322 0.0
0.0231083 -0.00147719 0.0
0.0230446 -0.00141344 0.0
0.0229818 -0.00135201 0.0
0.0229208 -0.00129304 0.0
0.0228608 -0.00123652 0.0
0.0228016 -0.0011823 0.0
0.0227436 -0.00113047 0.0
0.0226871 -0.00108108 0.0
0.0226315 -0.00103397 0.0
0.0225769 -0.00098905 0.0
0.0225235 -0.000946381 0.0
0.0224714 -0.000905889 0.0
0.0224203 -0.000867421 0.0
0.0223703 -0.000830932 0.0
0.0223216 -0.000796419 0.0
0.022274 -0.000763756 0.0
0.0222275 -0.000732835 0.0
0.0221822 -0.000703623 0.0
0.022138 -0.000676062 0.0
0.022095 -0.000650034 0.0
0.022053 -0.000625467 0.0
0.0220122 -0.000602318 0.0
0.0219726 -0.000580508 0.0
0.021934 -0.000559945 0.0
0.0218965 -0.000540577 0.0
0.0218601 -0.000522351 0.0
0.0218248 -0.000505189 0.0
0.0217904 -0.000489027 0.0
0.0217572 -0.000473819 0.0
0.0217249 -0.000459509 0.0
0.0216936 -0.000446035 0.0
0.0216633 -0.00043335 0.0
0.0216339 -0.000421411 0.0
0.0216055 -0.000410168 0.0
0.021578 -0.000399574 0.0
0.0215513 -0.000389592 0.0
0.0215255 -0.000380184 0.0
0.0215006 -0.000371309 0.0
0.0214765 -0.000362932 0.0
0.0214531 -0.000355023 0.0
0.0214306 -0.000347548 0.0
0.0214087 -0.000340478 0.0
0.0213876 -0.000333785 0.0
0.0213672 -0.000327444 0.0
0.0213475 -0.00032143 0.0
0.0213285 -0.000315718 0.0
0.02131 -0.000310287 0.0
0.0212922 -0.000305118 0.0
0.021275 -0.00030019 0.0
0.0212584 -0.000295485 0.0
0.0212423 -0.000290988 0.0
0.0212267 -0.00028668 0.0
0.0212117 -0.000282548 0.0
0.0211971 -0.000278578 0.0
0.021183 -0.000274756 0.0
0.0211694 -0.000271069 0.0
0.0211562 -0.000267507 0.0
0.0211434 -0.000264058 0.0
0.021131 -0.000260711 0.0
0.021119 -0.000257458 0.0
0.0211074 -0.000254288 0.0
0.0210962 -0.000251193 0.0
0.0210853 -0.000248164 0.0
0.0210747 -0.000245194 0.0
0.0210644 -0.000242275 0.0
0.0210544 -0.0002394 0.0
0.0210448 -0.000236562 0.0
0.0210354 -0.000233754 0.0
0.0210262 -0.000230969 0.0
0.0210174 -0.000228201 0.0
0.0210087 -0.000225445 0.0
0.0210003 -0.000222692 0.0
0.0209922 -0.000219939 0.0
0.0209842 -0.000217177 0.0
0.0209765 -0.000214402 0.0
0.0209689 -0.000211606 0.0
0.0209616 -0.000208783 0.0
0.0209544 -0.000205927 0.0
0.0209474 -0.000203031 0.0
0.0209406 -0.000200086 0.0
0.0209339 -0.000197086 0.0
0.0209274 -0.000194023 0.0
0.020921 -0.000190887 0.0
0.0209148 -0.00018767 0.0
0.0209087 -0.000184361 0.0
0.0209028 -0.000180951 0.0
0.020897 -0.000177425 0.0
0.0208913 -0.000173774 0.0
0.0208857 -0.00016998 0.0
0.0208802 -0.000166032 0.0
0.0208748 -0.000161908 0.0
0.0208696 -0.000157595 0.0
0.0208644 -0.000153066 0.0
0.0208594 -0.000148305 0.0
0.0208544 -0.000143277 0.0
0.0208495 -0.000137964 0.0
0.0208448 -0.000132323 0.0
0.0208401 -0.00012633 0.0
0.0208356 -0.000119927 0.0
0.0208311 -0.000113091 0.0
0.0208268 -0.000105743 0.0
0.0208226 -9.78531e-05 0.0
0.0208186 -8.93193e-05 0.0
0.0208147 -8.011e-05 0.0
0.0208111 -7.00806e-05 0.0
0.0208077 -5.9198e-05 0.0
0.0208046 -4.72675e-05 0.0
0.0208019 -3.42594e-05 0.0
0.0207997 -1.99331e-05 0.0
0.0207981 -4.81071e-06 0.0
0.0207971 3.30558e-06 0.0
0.0 0.0 0.0
0.0 0.0 0.0
0.0192984 -5.28736e-05 0.0
0.0193155 -0.000149574 0.0
0.0193606 -0.000236509 0.0
0.0193966 -0.000323821 0.0
0.0194374 -0.000412563 0.0
0.0195129 -0.000480136 0.0
0.0195902 -0.00054976 0.0
0.0196599 -0.000628348 0.0
0.0197479 -0.000671132 0.0
0.0198484 -0.000711322 0.0
0.0199433 -0.000768149 0.0
0.0200399 -0.00079896 0.0
0.0201419 -0.000810624 0.0
0.0202477 -0.000838697 0.0
0.0203517 -0.000857446 0.0
0.0204506 -0.000856455 0.0
0.0205507 -0.000856559 0.0
0.0206546 -0.00086079 0.0
0.0207513 -0.000851862 0.0
0.0208409 -0.000837275 0.0
0.0209336 -0.000824528 0.0
0.0210252 -0.000808767 0.0
0.0211065 -0.000785762 0.0
0.0211838 -0.000762152 0.0
0.0212631 -0.000737462 0.0
0.0213365 -0.00070924 0.0
0.0214012 -0.000678172 0.0
0.0214642 -0.000646633 0.0
0.021526 -0.000612648 0.0
0.0215806 -0.000576367 0.0
0.0216293 -0.000538722 0.0
0.0216766 -0.000499556 0.0
0.0217202 -0.000457759 0.0
0.0217576 -0.000414364 0.0
0.0217911 -0.000369294 0.0
0.0218222 -0.000321605 0.0
0.021849 -0.000271242 0.0
0.0218711 -0.000218993 0.0
0.0218901 -0.000163744 0.0
0.021906 -0.000104686 0.0
0.021918 -4.25965e-05 0.0
0.0219265 2.27226e-05 0.0
0.0219323 9.33674e-05 0.0
0.0219349 0.000169068 0.0
0.0219343 0.000248623 0.0
0.0219312 0.000334558 0.0
0.0219263 0.000429032 0.0
0.0219183 0.000529223 0.0
0.0219081 0.000635795 0.0
0.0218982 0.000754747 0.0
0.0218875 0.000884471 0.0
0.0218739 0.00102047 0.0
0.0218623 0.00117013 0.0
0.0218565 0.00133867 0.0
0.0218499 0.0015168 0.0
0.0218442 0.00170699 0.0
0.0218519 0.00192088 0.0
0.0218711 0.00215279 0.0
0.0218933 0.0023966 0.0
0.021931 0.00266346 0.0
0.0219948 0.00294829 0.0
0.0220799 0.00325122 0.0
0.0221886 0.00357472 0.0
0.0223251 0.00390464 0.0
0.0224978 0.00424126 0.0
0.0227217 0.00460361 0.0
0.0229803 0.00495212 0.0
0.0232652 0.00529015 0.0
0.0236114 0.00562344 0.0
0.0240103 0.00594564 0.0
0.024426 0.00622895 0.0
0.0248746 0.00647907 0.0
0.0253736 0.00668939 0.0
0.025873 0.00686331 0.0
0.0263734 0.00697163 0.0
0.0268776 0.00701289 0.0
0.0273424 0.00701861 0.0
0.0277658 0.00695652 0.0
0.0281524 0.00679328 0.0
0.0284624 0.00662602 0.0
0.0287281 0.00640936 0.0
0.0289287 0.00610033 0.0
0.0290218 0.00578585 0.0
0.0290717 0.00546444 0.0
0.0290725 0.00510603 0.0
0.0289741 0.00476323 0.0
0.0288161 0.00439397 0.0
0.0286419 0.00404883 0.0
0.0284725 0.00373378 0.0
0.0283236 0.00339721 0.0
0.0281285 0.00298464 0.0
0.0278776 0.00261421 0.0
0.0276316 0.00225707 0.0
0.0273782 0.00188839 0.0
0.0270797 0.00157851 0.0
0.0267738 0.00129141 0.0
0.0264896 0.00104412 0.0
0.026242 0.000840221 0.0
0.0260229 0.000651357 0.0
0.0258213 0.000492941 0.0
0.025646 0.000356447 0.0
0.0255042 0.000232315 0.0
0.0253895 0.000117981 0.0
0.0252952 2.00132e-05 0.0
0.0252232 -7.08672e-05 0.0
0.0251743 -0.000162205 0.0
0.0251472 -0.000246624 0.0
0.0251381 -0.000334849 0.0
0.0251497 -0.000420743 0.0
0.0251798 -0.000518991 0.0
0.0252048 -0.000645028 0.0
0.0252397 -0.000765115 0.0
0.0252878 -0.000913123 0.0
0.0253109 -0.00107727 0.0
0.0253068 -0.00122255 0.0
0.0252865 -0.00137305 0.0
0.0252603 -0.00147218 0.0
0.0252567 -0.00154148 0.0
0.0252677 -0.00161467 0.0
0.025292 -0.0016491 0.0
0.0253492 -0.00169139 0.0
0.0254282 -0.00175133 0.0
0.0255124 -0.00181412 0.0
0.0255892 -0.00188622 0.0
0.0256571 -0.00196247 0.0
0.025712 -0.00204671 0.0
0.0257597 -0.00211809 0.0
0.025813 -0.00218662 0.0
0.0258663 -0.00223926 0.0
0.0259179 -0.00229353 0.0
0.0259751 -0.00235339 0.0
0.0260319 -0.00240582 0.0
0.0260843 -0.00244766 0.0
0.0261318 -0.00249537 0.0
0.0261736 -0.00253932 0.0
0.0262166 -0.00257213 0.0
0.0262597 -0.00260569 0.0
0.0262911 -0.002637 0.0
0.0263213 -0.00266192 0.0
0.0263575 -0.00269054 0.0
0.0263882 -0.00270997 0.0
0.0264166 -0.00272983 0.0
0.0264435 -0.00275613 0.0
0.0264674 -0.00277477 0.0
0.0264899 -0.00279309 0.0
0.026506 -0.00281759 0.0
0.0265129 -0.00284023 0.0
0.0265168 -0.002856 0.0
0.0265151 -0.00287599 0.0
0.0265043 -0.00289275 0.0
0.0264897 -0.00290759 0.0
0.0264699 -0.00292023 0.0
0.0264425 -0.00293022 0.0
0.0264108 -0.00293846 0.0
0.0263755 -0.00294529 0.0
0.0263338 -0.00294953 0.0
0.0262853 -0.00295028 0.0
0.0262319 -0.00295032 0.0
0.0261741 -0.00294766 0.0
0.0261098 -0.00294301 0.0
0.026038 -0.00293448 0.0
0.0259613 -0.00292255 0.0
0.0258799 -0.00290894 0.0
0.0257918 -0.00289076 0.0
0.0256975 -0.00286656 0.0
0.025599 -0.00283759 0.0
0.025497 -0.00280549 0.0
0.0253906 -0.00276654 0.0
0.0252805 -0.00272033 0.0
0.025169 -0.00266968 0.0
0.0250574 -0.00261556 0.0
0.0249444 -0.00255497 0.0
0.0248307 -0.00248836 0.0
0.024719 -0.00242093 0.0
0.024609 -0.00235083 0.0
0.0244995 -0.00227585 0.0
0.0243916 -0.00220011 0.0
0.0242862 -0.00212509 0.0
0.0241832 -0.00204829 0.0
0.0240819 -0.00197084 0.0
0.0239821 -0.00189499 0.0
0.023885 -0.00182025 0.0
0.0237904 -0.00174592 0.0
0.0236974 -0.00167324 0.0
0.0236058 -0.00160272 0.0
0.0235169 -0.00153399 0.0
0.0234302 -0.00146711 0.0
0.0233448 -0.00140257 0.0
0.0232611 -0.00134039 0.0
0.0231798 -0.0012805 0.0
0.0231003 -0.00122294 0.0
0.023022 -0.00116781 0.0
0.0229457 -0.00111507 0.0
0.0228714 -0.00106472 0.0
0.0227987 -0.00101669 0.0
0.0227274 -0.00097095 0.0
0.022658 -0.000927487 0.0
0.0225903 -0.000886232 0.0
0.0225241 -0.000847075 0.0
0.0224595 -0.000809984 0.0
0.0223966 -0.000774912 0.0
0.0223353 -0.000741754 0.0
0.0222755 -0.000710413 0.0
0.0222172 -0.000680852 0.0
0.0221605 -0.000652995 0.0
0.0221053 -0.000626735 0.0
0.0220515 -0.000602001 0.0
0.0219993 -0.000578743 0.0
0.0219484 -0.000556872 0.0
0.021899 -0.000536304 0.0
0.0218509 -0.00051698 0.0
0.0218042 -0.000498842 0.0
0.0217589 -0.000481808 0.0
0.0217148 -0.000465816 0.0
0.021672 -0.000450813 0.0
0.0216305 -0.000436739 0.0
0.0215901 -0.000423531 0.0
0.021551 -0.000411138 0.0
0.021513 -0.000399515 0.0
0.0214762 -0.000388608 0.0
0.0214404 -0.000378369 0.0
0.0214058 -0.000368758 0.0
0.0213722 -0.000359733 0.0
0.0213396 -0.000351253 0.0
0.0213079 -0.00034328 0.0
0.0212773 -0.000335782 0.0
0.0212475 -0.000328724 0.0
0.0212187 -0.000322074 0.0
0.0211907 -0.000315805 0.0
0.0211636 -0.000309888 0.0
0.0211373 -0.000304297 0.0
0.0211118 -0.000299008 0.0
0.0210871 -0.000293997 0.0
0.021063 -0.000289245 0.0
0.0210397 -0.00028473 0.0
0.0210171 -0.000280434 0.0
0.0209952 -0.00027634 0.0
0.0209739 -0.00027243 0.0
0.0209532 -0.000268689 0.0
0.0209331 -0.000265103 0.0
0.0209136 -0.000261658 0.0
0.0208946 -0.000258343 0.0
0.0208762 -0.000255144 0.0
0.0208583 -0.00025205 0.0
0.0208408 -0.000249052 0.0
0.0208239 -0.00024614 0.0
0.0208074 -0.000243304 0.0
0.0207914 -0.000240535 0.0
0.0207757 -0.000237826 0.0
0.0207605 -0.000235169 0.0
0.0207457 -0.000232555 0.0
0.0207313 -0.000229979 0.0
0.0207172 -0.000227434 0.0
0.0207035 -0.000224912 0.0
0.0206901 -0.000222409 0.0
0.0206771 -0.000219917 0.0
0.0206643 -0.000217431 0.0
0.0206519 -0.000214946 0.0
0.0206398 -0.000212454 0.0
0.0206279 -0.000209952 0.0
0.0206163 -0.000207432 0.0
0.020605 -0.000204889 0.0
0.0205939 -0.000202318 0.0
0.0205831 -0.000199711 0.0
0.0205725 -0.000197064 0.0
0.0205622 -0.000194368 0.0
0.0205521 -0.000191618 0.0
0.0205422 -0.000188806 0.0
0.0205325 -0.000185924 0.0
0.020523 -0.000182963 0.0
0.0205137 -0.000179916 0.0
0.0205046 -0.000176771 0.0
0.0204957 -0.00017352 0.0
0.020487 -0.000170149 0.0
0.0204785 -0.000166649 0.0
0.0204701 -0.000163002 0.0
0.0204619 -0.000159197 0.0
0.0204539 -0.000155215 0.0
0.0204461 -0.00015104 0.0
0.0204384 -0.000146649 0.0
0.020431 -0.000142024 0.0
0.0204236 -0.000137134 0.0
0.0204165 -0.000131961 0.0
0.0204095 -0.000126462 0.0
0.0204028 -0.000120617 0.0
0.0203962 -0.000114372 0.0
0.0203898 -0.000107703 0.0
0.0203837 -0.000100539 0.0
0.0203778 -9.28521e-05 0.0
0.0203722 -8.45514e-05 0.0
0.0203669 -7.5603e-05 0.0
0.020362 -6.58848e-05 0.0
0.0203574 -5.53637e-05 0.0
0.0203534 -4.38733e-05 0.0
0.0203499 -3.13828e-05 0.0
0.0203472 -1.77147e-05 0.0
0.0203453 -3.43083e-06 0.0
0.0203442 4.18273e-06 0.0
0.0 0.0 0.0
0.0 0.0 0.0
0.0193189 -5.41295e-05 0.0
0.0193309 -0.000182024 0.0
0.0193574 -0.000285452 0.0
0.0194078 -0.000358051 0.0
0.0194633 -0.000467447 0.0
0.0195363 -0.000578606 0.0
0.0196247 -0.00062784 0.0
0.0197109 -0.000693926 0.0
0.0198068 -0.000783663 0.0
0.0199182 -0.00082503 0.0
0.0200236 -0.000852242 0.0
0.0201313 -0.000903913 0.0
0.0202472 -0.000932692 0.0
0.0203593 -0.000941568 0.0
0.0204686 -0.000955545 0.0
0.0205818 -0.000967593 0.0
0.0206891 -0.000963478 0.0
0.0207911 -0.000956726 0.0
0.020895 -0.000948157 0.0
0.0209943 -0.0009343 0.0
0.0210837 -0.000914667 0.0
0.0211721 -0.000893129 0.0
0.0212595 -0.000867701 0.0
0.0213373 -0.000840352 0.0
0.0214081 -0.000810097 0.0
0.0214788 -0.000777008 0.0
0.0215447 -0.000741753 0.0
0.0216013 -0.000705875 0.0
0.0216541 -0.000667156 0.0
0.0217052 -0.000626127 0.0
0.02175 -0.000584107 0.0
0.0217881 -0.00054091 0.0
0.0218238 -0.000494881 0.0
0.0218564 -0.00044708 0.0
0.021883 -0.000398039 0.0
0.0219055 -0.000346856 0.0
0.0219258 -0.000292722 0.0
0.0219422 -0.000236462 0.0
0.0219542 -0.000177949 0.0
0.0219637 -0.000116109 0.0
0.0219708 -5.04556e-05 0.0
0.0219743 1.83614e-05 0.0
0.021975 9.0959e-05 0.0
0.0219745 0.000168912 0.0
0.0219717 0.000252188 0.0
0.0219656 0.000340031 0.0
0.0219593 0.000434451 0.0
0.0219534 0.000537281 0.0
0.0219444 0.000646802 0.0
0.0219344 0.00076356 0.0
0.0219291 0.00089165 0.0
0.0219246 0.00103075 0.0
0.0219166 0.0011783 0.0
0.0219154 0.00133868 0.0
0.0219253 0.00151416 0.0
0.0219341 0.00170243 0.0
0.0219464 0.00190459 0.0
0.0219799 0.00212237 0.0
0.0220269 0.00235427 0.0
0.0220782 0.0026077 0.0
0.0221525 0.00287348 0.0
0.0222562 0.00314329 0.0
0.0223795 0.00343715 0.0
0.0225309 0.00375294 0.0
0.0227166 0.00404746 0.0
0.0229336 0.00435141 0.0
0.0231922 0.00468051 0.0
0.0234912 0.00498662 0.0
0.023819 0.00525615 0.0
0.0241851 0.00554346 0.0
0.0246004 0.0058103 0.0
0.0250361 0.00601575 0.0
0.0254873 0.00619992 0.0
0.0259768 0.00637702 0.0
0.0264776 0.00646421 0.0
0.0269528 0.00652158 0.0
0.0274526 0.0065634 0.0
0.0279404 0.00649096 0.0
0.0283605 0.00642644 0.0
0.0287551 0.00630945 0.0
0.0291239 0.00609214 0.0
0.0294193 0.0058977 0.0
0.0296542 0.00568376 0.0
0.0298269 0.00535272 0.0
0.0299539 0.00507183 0.0
0.0300642 0.00478558 0.0
0.0301053 0.00445639 0.0
0.0300966 0.0041489 0.0
0.0300886 0.00380654 0.0
0.0300689 0.00348575 0.0
0.0299939 0.00315481 0.0
0.0298803 0.00281379 0.0
0.0297483 0.00243512 0.0
0.029589 0.00212679 0.0
0.0294069 0.00183121 0.0
0.0292118 0.00153142 0.0
0.0290195 0.00127543 0.0
0.0288402 0.00105129 0.0
0.0286619 0.000845924 0.0
0.0284953 0.000664267 0.0
0.028359 0.000500709 0.0
0.0282427 0.000354644 0.0
0.028133 0.000222447 0.0
0.0280426 0.000101306 0.0
0.027981 -1.33467e-05 0.0
0.0279336 -0.000122776 0.0
0.027895 -0.000221797 0.0
0.0278764 -0.000326369 0.0
0.0278759 -0.000440494 0.0
0.027888 -0.00054499 0.0
0.0279041 -0.000659377 0.0
0.0279179 -0.000797082 0.0
0.0279299 -0.000934102 0.0
0.0279316 -0.00107087 0.0
0.0279165 -0.00120538 0.0
0.0278869 -0.00133807 0.0
0.0278564 -0.00144255 0.0
0.0278345 -0.00153859 0.0
0.0278154 -0.00160693 0.0
0.0278121 -0.00167321 0.0
0.0278324 -0.0017414 0.0
0.0278583 -0.00180404 0.0
0.0278821 -0.00186549 0.0
0.0279135 -0.0019391 0.0
0.0279464 -0.00202134 0.0
0.0279741 -0.00208081 0.0
0.0279941 -0.00215024 0.0
0.0280024 -0.00222174 0.0
0.028016 -0.00227237 0.0
0.0280337 -0.00232818 0.0
0.02804 -0.0023793 0.0
0.0280399 -0.00242943 0.0
0.0280451 -0.00247495 0.0
0.0280478 -0.00251883 0.0
0.0280444 -0.00255167 0.0
0.0280401 -0.00259279 0.0
0.0280336 -0.0026238 0.0
0.0280273 -0.0026457 0.0
0.0280184 -0.00267593 0.0
0.0280042 -0.00269942 0.0
0.0279893 -0.00271609 0.0
0.0279728 -0.00273702 0.0
0.0279508 -0.00275386 0.0
0.0279256 -0.00277171 0.0
0.0278973 -0.00278957 0.0
0.0278645 -0.00280359 0.0
0.0278257 -0.00281955 0.0
0.0277816 -0.00283564 0.0
0.0277337 -0.00284696 0.0
0.0276813 -0.00285784 0.0
0.0276221 -0.00286862 0.0
0.0275572 -0.00287443 0.0
0.0274886 -0.00288007 0.0
0.0274154 -0.00288372 0.0
0.027336 -0.00288453 0.0
0.0272507 -0.00288241 0.0
0.0271619 -0.00287956 0.0
0.0270691 -0.00287498 0.0
0.0269702 -0.00286584 0.0
0.0268656 -0.00285462 0.0
0.0267568 -0.00284231 0.0
0.0266441 -0.00282627 0.0
0.026526 -0.002805 0.0
0.0264021 -0.00278132 0.0
0.0262743 -0.0027545 0.0
0.0261444 -0.00272185 0.0
0.0260106 -0.00268414 0.0
0.0258724 -0.00264238 0.0
0.0257333 -0.00259602 0.0
0.0255949 -0.00254429 0.0
0.0254547 -0.00248798 0.0
0.0253131 -0.00242736 0.0
0.0251743 -0.00236384 0.0
0.0250376 -0.00229719 0.0
0.0249009 -0.00222659 0.0
0.024766 -0.00215488 0.0
0.024635 -0.00208265 0.0
0.0245064 -0.00200836 0.0
0.0243794 -0.00193342 0.0
0.0242552 -0.00185969 0.0
0.0241346 -0.00178625 0.0
0.0240168 -0.00171304 0.0
0.023901 -0.00164138 0.0
0.0237879 -0.00157156 0.0
0.0236782 -0.00150308 0.0
0.0235712 -0.00143642 0.0
0.0234661 -0.00137201 0.0
0.0233637 -0.00130975 0.0
0.0232644 -0.00124961 0.0
0.0231673 -0.00119184 0.0
0.0230723 -0.00113643 0.0
0.0229799 -0.00108334 0.0
0.0228901 -0.00103263 0.0
0.0228023 -0.000984271 0.0
0.0227166 -0.000938185 0.0
0.0226334 -0.000894394 0.0
0.0225523 -0.000852851 0.0
0.0224732 -0.000813446 0.0
0.0223962 -0.000776126 0.0
0.0223214 -0.000740881 0.0
0.0222485 -0.000707597 0.0
0.0221775 -0.000676173 0.0
0.0221085 -0.000646572 0.0
0.0220414 -0.000618732 0.0
0.0219761 -0.000592533 0.0
0.0219126 -0.000567903 0.0
0.0218509 -0.000544794 0.0
0.0217909 -0.00052312 0.0
0.0217326 -0.000502784 0.0
0.0216759 -0.000483731 0.0
0.0216208 -0.000465901 0.0
0.0215673 -0.00044921 0.0
0.0215153 -0.000433587 0.0
0.0214649 -0.000418983 0.0
0.0214158 -0.000405335 0.0
0.0213682 -0.000392575 0.0
0.021322 -0.000380649 0.0
0.021277 -0.000369512 0.0
0.0212334 -0.000359106 0.0
0.0211911 -0.00034938 0.0
0.0211499 -0.000340293 0.0
0.02111 -0.000331802 0.0
0.0210712 -0.000323862 0.0
0.0210335 -0.000316435 0.0
0.020997 -0.000309485 0.0
0.0209614 -0.000302978 0.0
0.0209269 -0.000296879 0.0
0.0208933 -0.000291159 0.0
0.0208607 -0.00028579 0.0
0.0208291 -0.000280743 0.0
0.0207983 -0.000275993 0.0
0.0207683 -0.000271517 0.0
0.0207392 -0.000267294 0.0
0.0207109 -0.0002633 0.0
0.0206834 -0.000259519 0.0
0.0206566 -0.00025593 0.0
0.0206306 -0.000252519 0.0
0.0206052 -0.000249268 0.0
0.0205805 -0.000246162 0.0
0.0205564 -0.00024319 0.0
0.020533 -0.000240336 0.0
0.0205102 -0.00023759 0.0
0.0204879 -0.00023494 0.0
0.0204662 -0.000232377 0.0
0.0204451 -0.000229889 0.0
0.0204245 -0.000227468 0.0
0.0204044 -0.000225106 0.0
0.0203847 -0.000222795 0.0
0.0203655 -0.000220526 0.0
0.0203468 -0.000218293 0.0
0.0203285 -0.00021609 0.0
0.0203107 -0.000213909 0.0
0.0202932 -0.000211744 0.0
0.0202762 -0.000209591 0.0
0.0202595 -0.000207443 0.0
0.0202432 -0.000205294 0.0
0.0202272 -0.00020314 0.0
0.0202116 -0.000200974 0.0
0.0201963 -0.000198793 0.0
0.0201813 -0.00019659 0.0
0.0201667 -0.000194361 0.0
0.0201524 -0.0001921 0.0
0.0201383 -0.000189802 0.0
0.0201246 -0.00018746 0.0
0.0201111 -0.00018507 0.0
0.0200979 -0.000182625 0.0
0.0200849 -0.000180118 0.0
0.0200723 -0.000177543 0.0
0.0200598 -0.000174893 0.0
0.0200477 -0.000172158 0.0
0.0200358 -0.000169332 0.0
0.0200241 -0.000166405 0.0
0.0200126 -0.000163366 0.0
0.0200014 -0.000160205 0.0
0.0199904 -0.000156911 0.0
0.0199797 -0.000153469 0.0
0.0199692 -0.000149867 0.0
0.0199589 -0.000146086 0.0
0.0199488 -0.000142114 0.0
0.019939 -0.000137926 0.0
0.0199294 -0.000133506 0.0
0.01992 -0.000128826 0.0
0.0199109 -0.000123867 0.0
0.0199021 -0.000118591 0.0
0.0198935 -0.000112979 0.0
0.0198852 -0.000106983 0.0
0.0198772 -0.000100577 0.0
0.0198695 -9.3701e-05 0.0
0.0198621 -8.63296e-05 0.0
0.0198552 -7.83821e-05 0.0
0.0198487 -6.98266e-05 0.0
0.0198426 -6.05656e-05 0.0
0.0198372 -5.05632e-05 0.0
0.0198323 -3.96867e-05 0.0
0.0198282 -2.79065e-05 0.0
0.019825 -1.51117e-05 0.0
0.0198228 -1.89354e-06 0.0
0.0198217 5.09649e-06 0.0
0.0 0.0 0.0
0.0 0.0 0.0
0.0193107 -8.3865e-05 0.0
0.0193302 -0.00018786 0.0
0.0193514 -0.000314751 0.0
0.0194203 -0.000443315 0.0
0.0195089 -0.000533819 0.0
0.0195742 -0.000639443 0.0
0.0196594 -0.000739503 0.0
0.0197836 -0.000800465 0.0
0.019896 -0.000874494 0.0
0.020002 -0.000945861 0.0
0.0201242 -0.000974292 0.0
0.0202536 -0.00101202 0.0
0.0203771 -0.00105151 0.0
0.0204955 -0.00106427 0.0
0.0206135 -0.00106684 0.0
0.0207358 -0.00107839 0.0
0.0208518 -0.00107568 0.0
0.0209551 -0.00106122 0.0
0.0210574 -0.00104711 0.0
0.0211619 -0.00103134 0.0
0.0212543 -0.00100512 0.0
0.0213352 -0.000977166 0.0
0.0214168 -0.000948175 0.0
0.0214955 -0.000914779 0.0
0.0215613 -0.000877332 0.0
0.02162 -0.000840251 0.0
0.0216786 -0.000800334 0.0
0.0217309 -0.000757398 0.0
0.0217733 -0.000713587 0.0
0.0218119 -0.000669209 0.0
0.0218485 -0.000621758 0.0
0.0218785 -0.000572846 0.0
0.0219022 -0.000523428 0.0
0.0219235 -0.000472136 0.0
0.0219416 -0.00041812 0.0
0.0219546 -0.00036305 0.0
0.0219638 -0.00030641 0.0
0.0219711 -0.000246707 0.0
0.0219754 -0.00018435 0.0
0.0219761 -0.000120216 0.0
0.0219748 -5.26089e-05 0.0
0.0219722 1.9314e-05 0.0
0.0219672 9.42561e-05 0.0
0.0219602 0.000172898 0.0
0.0219531 0.000257779 0.0
0.0219453 0.000347999 0.0
0.0219358 0.000442279 0.0
0.021927 0.000544141 0.0
0.0219205 0.000655067 0.0
0.0219135 0.000771633 0.0
0.0219069 0.00089566 0.0
0.0219063 0.00103264 0.0
0.0219102 0.00117912 0.0
0.0219142 0.00133308 0.0
0.0219255 0.0015011 0.0
0.0219501 0.00168351 0.0
0.0219806 0.00187479 0.0
0.0220178 0.00208089 0.0
0.0220736 0.00230083 0.0
0.0221486 0.00253088 0.0
0.0222382 0.00277684 0.0
0.0223471 0.00303558 0.0
0.0224816 0.00329344 0.0
0.0226478 0.00356726 0.0
0.0228432 0.003851 0.0
0.0230606 0.00412504 0.0
0.0233148 0.00439275 0.0
0.0236138 0.00466916 0.0
0.0239378 0.00492875 0.0
0.0242859 0.00516366 0.0
0.0246798 0.00537928 0.0
0.0251026 0.00558615 0.0
0.0255388 0.00575118 0.0
0.0260001 0.00587759 0.0
0.0264824 0.00598018 0.0
0.0269612 0.00605078 0.0
0.0274449 0.00606456 0.0
0.027914 0.00603366 0.0
0.028374 0.00600047 0.0
0.028823 0.00588548 0.0
0.0292206 0.00574624 0.0
0.0295841 0.00558442 0.0
0.0299407 0.00538424 0.0
0.0302386 0.00515457 0.0
0.0304671 0.00492135 0.0
0.030668 0.0046385 0.0
0.0308372 0.00437287 0.0
0.0309737 0.00410005 0.0
0.0310642 0.00379365 0.0
0.0311142 0.00348221 0.0
0.0311563 0.00318106 0.0
0.0311872 0.00286576 0.0
0.0311571 0.00254333 0.0
0.0310906 0.00224998 0.0
0.0310242 0.00194573 0.0
0.0309429 0.00168073 0.0
0.0308373 0.00143123 0.0
0.0307224 0.00119336 0.0
0.0306154 0.000981967 0.0
0.0305186 0.000791862 0.0
0.0304219 0.000613697 0.0
0.0303301 0.000453638 0.0
0.0302551 0.000307397 0.0
0.0301941 0.000169492 0.0
0.0301398 4.14994e-05 0.0
0.0300956 -8.03472e-05 0.0
0.0300668 -0.000198151 0.0
0.0300509 -0.000312034 0.0
0.0300362 -0.000430156 0.0
0.0300258 -0.000551475 0.0
0.0300301 -0.000670789 0.0
0.0300339 -0.000801387 0.0
0.0300237 -0.000930733 0.0
0.0300132 -0.00106115 0.0
0.0299986 -0.00119498 0.0
0.0299744 -0.00130506 0.0
0.0299447 -0.00141454 0.0
0.0299091 -0.00151485 0.0
0.0298821 -0.00158921 0.0
0.029865 -0.0016702 0.0
0.0298455 -0.0017412 0.0
0.0298305 -0.00180699 0.0
0.0298238 -0.00187897 0.0
0.0298169 -0.00194697 0.0
0.0298008 -0.00201827 0.0
0.0297823 -0.00208456 0.0
0.0297665 -0.0021509 0.0
0.0297446 -0.00220747 0.0
0.0297191 -0.00226674 0.0
0.029692 -0.00232351 0.0
0.0296647 -0.00236699 0.0
0.0296354 -0.0024139 0.0
0.0296001 -0.0024597 0.0
0.0295606 -0.00249872 0.0
0.0295214 -0.00253059 0.0
0.0294768 -0.00256498 0.0
0.0294259 -0.00259242 0.0
0.0293766 -0.00261873 0.0
0.0293237 -0.00264137 0.0
0.0292649 -0.00265833 0.0
0.0292055 -0.00267925 0.0
0.029144 -0.00269675 0.0
0.0290793 -0.00270755 0.0
0.0290115 -0.00272238 0.0
0.0289379 -0.0027376 0.0
0.0288613 -0.00274714 0.0
0.0287821 -0.00275683 0.0
0.0286956 -0.00276789 0.0
0.0286037 -0.00277505 0.0
0.0285088 -0.00278085 0.0
0.0284085 -0.00278522 0.0
0.028303 -0.00278767 0.0
0.0281938 -0.00278852 0.0
0.0280797 -0.00278647 0.0
0.0279608 -0.00278279 0.0
0.0278384 -0.00277722 0.0
0.027712 -0.00276938 0.0
0.0275804 -0.00275872 0.0
0.0274442 -0.00274643 0.0
0.027305 -0.00273118 0.0
0.027162 -0.00271311 0.0
0.0270139 -0.00269265 0.0
0.0268619 -0.00266847 0.0
0.0267078 -0.00264054 0.0
0.0265507 -0.0026095 0.0
0.0263897 -0.00257466 0.0
0.0262266 -0.00253467 0.0
0.0260632 -0.00249072 0.0
0.0258988 -0.00244356 0.0
0.025733 -0.00239167 0.0
0.0255676 -0.00233495 0.0
0.0254044 -0.00227576 0.0
0.0252425 -0.00221415 0.0
0.0250813 -0.00214817 0.0
0.0249231 -0.00208013 0.0
0.0247684 -0.00201199 0.0
0.0246162 -0.00194165 0.0
0.0244665 -0.00186976 0.0
0.0243206 -0.00179876 0.0
0.0241784 -0.00172815 0.0
0.0240394 -0.00165712 0.0
0.0239036 -0.0015872 0.0
0.0237713 -0.00151906 0.0
0.0236428 -0.00145207 0.0
0.0235176 -0.00138641 0.0
0.0233953 -0.0013229 0.0
0.0232765 -0.00126149 0.0
0.0231613 -0.00120199 0.0
0.023049 -0.00114464 0.0
0.0229394 -0.00108966 0.0
0.0228332 -0.00103695 0.0
0.0227301 -0.000986502 0.0
0.0226296 -0.000938341 0.0
0.0225318 -0.000892496 0.0
0.022437 -0.000848916 0.0
0.0223449 -0.000807545 0.0
0.0222552 -0.000768319 0.0
0.022168 -0.000731224 0.0
0.0220835 -0.000696198 0.0
0.0220014 -0.000663142 0.0
0.0219214 -0.000631979 0.0
0.0218439 -0.000602678 0.0
0.0217686 -0.000575149 0.0
0.0216954 -0.000549288 0.0
0.0216243 -0.000525033 0.0
0.0215553 -0.00050233 0.0
0.0214883 -0.00048108 0.0
0.0214232 -0.000461197 0.0
0.02136 -0.000442628 0.0
0.0212986 -0.000425305 0.0
0.021239 -0.000409138 0.0
0.0211811 -0.000394064 0.0
0.0211248 -0.000380029 0.0
0.0210702 -0.000366965 0.0
0.0210172 -0.000354801 0.0
0.0209656 -0.000343488 0.0
0.0209156 -0.000332975 0.0
0.020867 -0.0003232 0.0
0.0208197 -0.000314114 0.0
0.0207738 -0.000305672 0.0
0.0207292 -0.000297831 0.0
0.0206858 -0.000290542 0.0
0.0206437 -0.000283766 0.0
0.0206027 -0.000277468 0.0
0.0205628 -0.000271611 0.0
0.0205241 -0.000266159 0.0
0.0204864 -0.000261081 0.0
0.0204497 -0.000256349 0.0
0.020414 -0.000251933 0.0
0.0203792 -0.000247807 0.0
0.0203454 -0.000243948 0.0
0.0203124 -0.000240333 0.0
0.0202803 -0.000236938 0.0
0.020249 -0.000233746 0.0
0.0202185 -0.000230738 0.0
0.0201888 -0.000227896 0.0
0.0201599 -0.000225204 0.0
0.0201316 -0.000222648 0.0
0.020104 -0.000220213 0.0
0.0200771 -0.000217887 0.0
0.0200508 -0.000215657 0.0
0.0200252 -0.000213513 0.0
0.0200001 -0.000211444 0.0
0.0199757 -0.00020944 0.0
0.0199518 -0.000207494 0.0
0.0199284 -0.000205595 0.0
0.0199055 -0.000203737 0.0
0.0198831 -0.000201912 0.0
0.0198613 -0.000200114 0.0
0.0198399 -0.000198336 0.0
0.0198189 -0.000196571 0.0
0.0197984 -0.000194815 0.0
0.0197783 -0.000193062 0.0
0.0197586 -0.000191306 0.0
0.0197394 -0.000189543 0.0
0.0197205 -0.000187768 0.0
0.019702 -0.000185975 0.0
0.0196838 -0.000184161 0.0
0.019666 -0.000182321 0.0
0.0196486 -0.00018045 0.0
0.0196315 -0.000178544 0.0
0.0196147 -0.000176597 0.0
0.0195983 -0.000174605 0.0
0.0195821 -0.000172562 0.0
0.0195663 -0.000170464 0.0
0.0195507 -0.000168304 0.0
0.0195355 -0.000166077 0.0
0.0195206 -0.000163776 0.0
0.0195059 -0.000161395 0.0
0.0194915 -0.000158926 0.0
0.0194774 -0.000156361 0.0
0.0194636 -0.000153692 0.0
0.0194501 -0.000150909 0.0
0.0194368 -0.000148001 0.0
0.0194238 -0.000144959 0.0
0.019411 -0.000141769 0.0
0.0193986 -0.000138419 0.0
0.0193864 -0.000134892 0.0
0.0193745 -0.000131174 0.0
0.0193628 -0.000127246 0.0
0.0193515 -0.000123091 0.0
0.0193405 -0.000118684 0.0
0.0193297 -0.000114005 0.0
0.0193193 -0.000109024 0.0
0.0193092 -0.000103719 0.0
0.0192995 -9.80494e-05 0.0
0.0192901 -9.19924e-05 0.0
0.0192812 -8.54984e-05 0.0
0.0192726 -7.85382e-05 0.0
0.0192646 -7.105e-05 0.0
0.0192571 -6.30058e-05 0.0
0.0192502 -5.43258e-05 0.0
0.0192439 -4.49747e-05 0.0
0.0192385 -3.48623e-05 0.0
0.0192339 -2.39559e-05 0.0
0.0192303 -1.22084e-05 0.0
0.019228 -2.33267e-07 0.0
0.0192268 6.03999e-06 0.0
0.0 0.0 0.0
0.0 0.0 0.0
0.0192948 -0.000101672 0.0
0.0193346 -0.000217178 0.0
0.0193862 -0.000356263 0.0
0.0194371 -0.000526851 0.0
0.0195163 -0.000631617 0.0
0.0196238 -0.00070842 0.0
0.0197318 -0.000848596 0.0
0.0198541 -0.000949405 0.0
0.0199811 -0.000978724 0.0
0.020112 -0.00105511 0.0
0.020254 -0.00112643 0.0
0.0203908 -0.00114593 0.0
0.0205198 -0.00116233 0.0
0.0206585 -0.00119392 0.0
0.020791 -0.00119988 0.0
0.020907 -0.00119125 0.0
0.0210246 -0.00118343 0.0
0.0211431 -0.00117265 0.0
0.0212429 -0.00114911 0.0
0.0213326 -0.00112225 0.0
0.0214255 -0.00109192 0.0
0.0215092 -0.00105862 0.0
0.0215757 -0.00102084 0.0
0.0216389 -0.000980614 0.0
0.0217012 -0.000937298 0.0
0.0217513 -0.000893386 0.0
0.0217908 -0.000847227 0.0
0.0218292 -0.00079886 0.0
0.0218632 -0.000749064 0.0
0.0218872 -0.000699164 0.0
0.021906 -0.000647327 0.0
0.0219234 -0.000593814 0.0
0.0219355 -0.000539482 0.0
0.0219414 -0.000484419 0.0
0.0219449 -0.000427278 0.0
0.0219464 -0.00036844 0.0
0.0219436 -0.000308371 0.0
0.0219378 -0.000246558 0.0
0.0219309 -0.000181928 0.0
0.0219221 -0.000114897 0.0
0.0219108 -4.57083e-05 0.0
0.0218988 2.68439e-05 0.0
0.0218867 0.00010366 0.0
0.0218731 0.000183811 0.0
0.0218593 0.000267747 0.0
0.0218474 0.00035771 0.0
0.0218357 0.000453426 0.0
0.0218236 0.000553658 0.0
0.0218151 0.000660825 0.0
0.021811 0.000776973 0.0
0.021807 0.000899748 0.0
0.0218064 0.00102981 0.0
0.0218155 0.00117056 0.0
0.02183 0.00132173 0.0
0.0218467 0.00148166 0.0
0.021876 0.00165225 0.0
0.0219201 0.00183336 0.0
0.021971 0.00202785 0.0
0.022035 0.0022338 0.0
0.0221207 0.00244488 0.0
0.0222233 0.00266667 0.0
0.0223448 0.00290809 0.0
0.0224923 0.00314622 0.0
0.0226621 0.00338196 0.0
0.0228597 0.00363615 0.0
0.0230915 0.00389187 0.0
0.0233476 0.00412208 0.0
0.023629 0.00435774 0.0
0.0239518 0.00459477 0.0
0.0243035 0.00480116 0.0
0.0246705 0.00498209 0.0
0.0250702 0.0051654 0.0
0.0255039 0.00530976 0.0
0.0259387 0.00541629 0.0
0.0263911 0.00551579 0.0
0.0268706 0.00556661 0.0
0.027341 0.00558192 0.0
0.0278015 0.00558834 0.0
0.0282743 0.00553159 0.0
0.0287254 0.00544071 0.0
0.0291503 0.00536771 0.0
0.0295579 0.00520857 0.0
0.0299299 0.00502711 0.0
0.0302806 0.00486559 0.0
0.0306061 0.00465315 0.0
0.0308827 0.00441245 0.0
0.0311323 0.00418143 0.0
0.0313647 0.00391883 0.0
0.0315568 0.00366815 0.0
0.0317145 0.00339405 0.0
0.0318434 0.00310147 0.0
0.0319402 0.00281775 0.0
0.032005 0.00255096 0.0
0.0320485 0.00226318 0.0
0.0320611 0.00198299 0.0
0.0320523 0.00174133 0.0
0.0320324 0.00149561 0.0
0.0320001 0.00126661 0.0
0.031961 0.00105748 0.0
0.0319182 0.000864088 0.0
0.0318707 0.000683119 0.0
0.0318267 0.000516667 0.0
0.0317908 0.000360854 0.0
0.0317566 0.000215014 0.0
0.0317236 8.0081e-05 0.0
0.0317002 -4.95231e-05 0.0
0.0316841 -0.000179417 0.0
0.0316707 -0.000301975 0.0
0.0316624 -0.000418298 0.0
0.0316568 -0.000545046 0.0
0.0316493 -0.00067132 0.0
0.0316414 -0.000791617 0.0
0.0316287 -0.00091667 0.0
0.0316081 -0.0010411 0.0
0.0315782 -0.00116277 0.0
0.0315438 -0.0012724 0.0
0.0315052 -0.00137866 0.0
0.0314618 -0.00147053 0.0
0.031422 -0.00156032 0.0
0.0313827 -0.00164138 0.0
0.0313419 -0.00171092 0.0
0.0313063 -0.00178408 0.0
0.0312715 -0.00185981 0.0
0.0312326 -0.00192309 0.0
0.0311923 -0.001986 0.0
0.0311478 -0.00205615 0.0
0.0310986 -0.00211707 0.0
0.0310485 -0.00216873 0.0
0.0309923 -0.00222476 0.0
0.0309281 -0.00227444 0.0
0.0308646 -0.00232043 0.0
0.0307985 -0.00236377 0.0
0.0307248 -0.0024004 0.0
0.0306477 -0.0024372 0.0
0.0305692 -0.00247224 0.0
0.0304871 -0.00249795 0.0
0.0304019 -0.00252233 0.0
0.0303121 -0.0025487 0.0
0.0302193 -0.00256584 0.0
0.0301258 -0.00258233 0.0
0.0300275 -0.00259857 0.0
0.0299241 -0.00261025 0.0
0.0298187 -0.00262267 0.0
0.0297103 -0.00263204 0.0
0.0295972 -0.00263956 0.0
0.0294795 -0.00264847 0.0
0.0293581 -0.00265472 0.0
0.0292332 -0.002658 0.0
0.0291037 -0.00266206 0.0
0.0289692 -0.00266421 0.0
0.0288311 -0.00266319 0.0
0.0286895 -0.00266176 0.0
0.028543 -0.00265805 0.0
0.0283922 -0.00265183 0.0
0.0282384 -0.00264426 0.0
0.0280811 -0.00263499 0.0
0.0279193 -0.0026228 0.0
0.0277541 -0.00260806 0.0
0.0275863 -0.00259249 0.0
0.0274151 -0.00257408 0.0
0.0272403 -0.00255191 0.0
0.0270626 -0.00252748 0.0
0.0268826 -0.00250133 0.0
0.0267005 -0.00247106 0.0
0.0265161 -0.00243658 0.0
0.0263296 -0.00239959 0.0
0.0261425 -0.00235951 0.0
0.0259555 -0.00231496 0.0
0.025768 -0.00226639 0.0
0.0255803 -0.00221502 0.0
0.0253949 -0.00216071 0.0
0.0252117 -0.00210293 0.0
0.0250295 -0.00204189 0.0
0.0248499 -0.0019792 0.0
0.0246745 -0.00191538 0.0
0.0245021 -0.00184908 0.0
0.0243325 -0.00178145 0.0
0.0241671 -0.00171454 0.0
0.0240063 -0.00164724 0.0
0.0238491 -0.00157923 0.0
0.0236956 -0.00151234 0.0
0.0235465 -0.00144693 0.0
0.0234018 -0.00138208 0.0
0.023261 -0.00131844 0.0
0.0231238 -0.00125689 0.0
0.0229909 -0.00119714 0.0
0.0228622 -0.00113897 0.0
0.022737 -0.00108294 0.0
0.0226153 -0.00102919 0.0
0.0224976 -0.000977505 0.0
0.0223835 -0.000927941 0.0
0.0222726 -0.000880684 0.0
0.022165 -0.000835658 0.0
0.022061 -0.000792796 0.0
0.0219601 -0.000752113 0.0
0.0218621 -0.000713585 0.0
0.0217671 -0.000677136 0.0
0.0216752 -0.000642731 0.0
0.021586 -0.000610299 0.0
0.0214995 -0.000579767 0.0
0.0214156 -0.000551078 0.0
0.0213344 -0.00052417 0.0
0.0212556 -0.00049894 0.0
0.0211791 -0.000475323 0.0
0.021105 -0.000453261 0.0
0.0210331 -0.000432667 0.0
0.0209633 -0.000413451 0.0
0.0208957 -0.000395556 0.0
0.0208301 -0.000378917 0.0
0.0207664 -0.000363446 0.0
0.0207045 -0.000349075 0.0
0.0206446 -0.00033575 0.0
0.0205863 -0.000323403 0.0
0.0205298 -0.000311964 0.0
0.0204748 -0.000301378 0.0
0.0204215 -0.000291595 0.0
0.0203697 -0.000282554 0.0
0.0203193 -0.000274201 0.0
0.0202703 -0.000266493 0.0
0.0202228 -0.000259383 0.0
0.0201765 -0.000252823 0.0
0.0201315 -0.000246773 0.0
0.0200877 -0.000241196 0.0
0.0200451 -0.000236054 0.0
0.0200036 -0.00023131 0.0
0.0199632 -0.000226934 0.0
0.0199238 -0.000222895 0.0
0.0198855 -0.000219164 0.0
0.0198482 -0.000215713 0.0
0.0198117 -0.000212519 0.0
0.0197762 -0.000209559 0.0
0.0197416 -0.000206809 0.0
0.0197078 -0.00020425 0.0
0.0196748 -0.000201864 0.0
0.0196426 -0.000199632 0.0
0.0196112 -0.000197539 0.0
0.0195805 -0.00019557 0.0
0.0195505 -0.000193711 0.0
0.0195211 -0.000191948 0.0
0.0194924 -0.000190271 0.0
0.0194644 -0.000188667 0.0
0.0194369 -0.000187127 0.0
0.01941 -0.000185642 0.0
0.0193837 -0.000184202 0.0
0.019358 -0.0001828 0.0
0.0193327 -0.000181427 0.0
0.019308 -0.000180078 0.0
0.0192838 -0.000178745 0.0
0.0192601 -0.000177423 0.0
0.0192368 -0.000176105 0.0
0.019214 -0.000174787 0.0
0.0191916 -0.000173464 0.0
0.0191696 -0.000172131 0.0
0.019148 -0.000170783 0.0
0.0191269 -0.000169416 0.0
0.0191061 -0.000168025 0.0
0.0190857 -0.000166607 0.0
0.0190657 -0.000165158 0.0
0.0190461 -0.000163674 0.0
0.0190268 -0.00016215 0.0
0.0190078 -0.000160582 0.0
0.0189892 -0.000158967 0.0
0.0189709 -0.000157299 0.0
0.018953 -0.000155575 0.0
0.0189353 -0.000153789 0.0
0.018918 -0.000151936 0.0
0.018901 -0.000150012 0.0
0.0188843 -0.00014801 0.0
0.0188679 -0.000145923 0.0
0.0188518 -0.000143746 0.0
0.018836 -0.000141471 0.0
0.0188205 -0.000139089 0.0
0.0188053 -0.000136593 0.0
0.0187904 -0.000133973 0.0
0.0187758 -0.000131218 0.0
0.0187615 -0.000128316 0.0
0.0187476 -0.000125257 0.0
0.0187339 -0.000122025 0.0
0.0187205 -0.000118608 0.0
0.0187075 -0.000114986 0.0
0.0186948 -0.000111145 0.0
0.0186824 -0.000107062 0.0
0.0186704 -0.000102721 0.0
0.0186588 -9.80934e-05 0.0
0.0186475 -9.31591e-05 0.0
0.0186367 -8.7885e-05 0.0
0.0186263 -8.22508e-05 0.0
0.0186163 -7.62145e-05 0.0
0.0186069 -6.97498e-05 0.0
0.0185981 -6.28129e-05 0.0
0.0185898 -5.53748e-05 0.0
0.0185823 -4.73782e-05 0.0
0.0185755 -3.87924e-05 0.0
0.0185696 -2.95632e-05 0.0
0.0185647 -1.96573e-05 0.0
0.0185609 -9.09511e-06 0.0
0.0185584 1.50899e-06 0.0
0.0185572 7.00607e-06 0.0
0.0 0.0 0.0
0.0 0.0 0.0
0.019289 -8.40526e-05 0.0
0.0193151 -0.000292218 0.0
0.0194039 -0.000441501 0.0
0.0194776 -0.00055605 0.0
0.019549 -0.000732472 0.0
0.0196906 -0.000867652 0.0
0.019833 -0.00094527 0.0
0.0199499 -0.00106653 0.0
0.0200972 -0.00114717 0.0
0.0202648 -0.00119661 0.0
0.0204149 -0.00125592 0.0
0.0205599 -0.0012967 0.0
0.020706 -0.00130733 0.0
0.020851 -0.00132385 0.0
0.0209892 -0.00132781 0.0
0.0211121 -0.0013151 0.0
0.0212231 -0.00129673 0.0
0.0213342 -0.00127766 0.0
0.0214357 -0.00124476 0.0
0.0215169 -0.00120876 0.0
0.0215897 -0.00117149 0.0
0.0216619 -0.00112894 0.0
0.0217211 -0.00108028 0.0
0.0217646 -0.00103363 0.0
0.0218042 -0.0009845 0.0
0.0218405 -0.000931193 0.0
0.0218651 -0.000877191 0.0
0.0218805 -0.000824803 0.0
0.0218938 -0.000769392 0.0
0.0219027 -0.00071219 0.0
0.0219033 -0.000655883 0.0
0.0218995 -0.000599432 0.0
0.0218942 -0.000540348 0.0
0.0218848 -0.000480774 0.0
0.0218708 -0.000421408 0.0
0.0218551 -0.000360342 0.0
0.0218384 -0.00029701 0.0
0.0218189 -0.000233087 0.0
0.0217977 -0.000167726 0.0
0.0217766 -9.93011e-05 0.0
0.021755 -2.84913e-05 0.0
0.0217323 4.40539e-05 0.0
0.0217104 0.000120315 0.0
0.0216901 0.000200943 0.0
0.02167 0.000284477 0.0
0.0216508 0.000372099 0.0
0.0216355 0.000466141 0.0
0.0216229 0.000565314 0.0
0.0216113 0.000668883 0.0
0.0216048 0.00078032 0.0
0.0216056 0.000899747 0.0
0.0216094 0.00102494 0.0
0.0216177 0.00115832 0.0
0.0216378 0.00130203 0.0
0.0216674 0.00145298 0.0
0.0217022 0.00161357 0.0
0.0217498 0.00178465 0.0
0.0218149 0.00196255 0.0
0.0218929 0.00215032 0.0
0.0219846 0.00235145 0.0
0.0220965 0.00255341 0.0
0.0222311 0.00276103 0.0
0.0223881 0.00298296 0.0
0.0225654 0.00320513 0.0
0.0227675 0.00341706 0.0
0.0230017 0.00363844 0.0
0.0232625 0.00386027 0.0
0.0235434 0.00406401 0.0
0.0238558 0.00425308 0.0
0.0242001 0.00444442 0.0
0.0245639 0.00461416 0.0
0.0249474 0.00475295 0.0
0.0253594 0.00487758 0.0
0.0257871 0.00498677 0.0
0.0262265 0.00505964 0.0
0.0266749 0.00509833 0.0
0.0271315 0.00512602 0.0
0.0275965 0.00511998 0.0
0.0280521 0.00507306 0.0
0.0284914 0.00501238 0.0
0.0289396 0.00492323 0.0
0.0293738 0.00479861 0.0
0.0297672 0.00466937 0.0
0.0301471 0.00450258 0.0
0.0305141 0.00431347 0.0
0.0308484 0.00413238 0.0
0.0311499 0.00392109 0.0
0.0314203 0.00368244 0.0
0.0316705 0.00345603 0.0
0.0319049 0.00321583 0.0
0.0320964 0.00296131 0.0
0.0322521 0.00270554 0.0
0.0323966 0.00244938 0.0
0.0325181 0.00219489 0.0
0.0325994 0.00195658 0.0
0.0326614 0.00171442 0.0
0.0327132 0.00148212 0.0
0.0327492 0.00127589 0.0
0.0327672 0.00107247 0.0
0.0327755 0.000880126 0.0
0.0327835 0.000703591 0.0
0.0327874 0.000538587 0.0
0.0327826 0.000381853 0.0
0.0327768 0.000234692 0.0
0.0327759 9.43952e-05 0.0
0.0327752 -3.81363e-05 0.0
0.03277 -0.000165652 0.0
0.0327639 -0.000293212 0.0
0.0327627 -0.000416225 0.0
0.0327612 -0.000537061 0.0
0.0327498 -0.000658928 0.0
0.032736 -0.000779295 0.0
0.0327217 -0.00090191 0.0
0.0326987 -0.0010158 0.0
0.0326664 -0.00112609 0.0
0.0326278 -0.00123737 0.0
0.0325843 -0.0013364 0.0
0.0325383 -0.00142464 0.0
0.0324855 -0.0015141 0.0
0.0324284 -0.00159086 0.0
0.0323747 -0.00166621 0.0
0.0323184 -0.00173702 0.0
0.0322543 -0.00180277 0.0
0.0321875 -0.00186928 0.0
0.0321217 -0.00193314 0.0
0.0320493 -0.00199068 0.0
0.0319685 -0.00204604 0.0
0.0318851 -0.00210315 0.0
0.0318001 -0.00215122 0.0
0.0317105 -0.00219362 0.0
0.0316144 -0.00223893 0.0
0.0315129 -0.00227855 0.0
0.0314107 -0.00231122 0.0
0.0313043 -0.00234312 0.0
0.0311896 -0.00237243 0.0
0.0310721 -0.00239708 0.0
0.0309532 -0.00241907 0.0
0.030828 -0.00243687 0.0
0.0306988 -0.00245296 0.0
0.0305676 -0.0024692 0.0
0.0304323 -0.00247842 0.0
0.030294 -0.00248682 0.0
0.0301519 -0.00249754 0.0
0.0300057 -0.00250296 0.0
0.0298574 -0.00250621 0.0
0.0297048 -0.0025108 0.0
0.029547 -0.00251341 0.0
0.0293866 -0.00251311 0.0
0.0292226 -0.00251248 0.0
0.0290538 -0.00251023 0.0
0.0288817 -0.00250629 0.0
0.0287062 -0.00250045 0.0
0.028527 -0.00249275 0.0
0.0283448 -0.00248391 0.0
0.0281596 -0.00247269 0.0
0.0279709 -0.00245922 0.0
0.0277795 -0.00244447 0.0
0.0275859 -0.00242771 0.0
0.0273896 -0.00240799 0.0
0.0271904 -0.0023864 0.0
0.026989 -0.00236307 0.0
0.0267867 -0.00233644 0.0
0.0265825 -0.00230704 0.0
0.0263761 -0.00227541 0.0
0.0261691 -0.00224075 0.0
0.0259626 -0.00220246 0.0
0.0257557 -0.00216149 0.0
0.0255483 -0.00211763 0.0
0.0253423 -0.00207017 0.0
0.0251388 -0.0020199 0.0
0.0249367 -0.00196734 0.0
0.0247363 -0.0019118 0.0
0.0245395 -0.00185378 0.0
0.0243468 -0.00179469 0.0
0.024157 -0.00173378 0.0
0.0239707 -0.00167104 0.0
0.0237894 -0.00160831 0.0
0.0236128 -0.00154542 0.0
0.0234401 -0.00148166 0.0
0.0232719 -0.00141846 0.0
0.023109 -0.00135646 0.0
0.0229507 -0.00129495 0.0
0.0227968 -0.00123428 0.0
0.0226476 -0.00117543 0.0
0.0225032 -0.00111818 0.0
0.0223634 -0.00106234 0.0
0.0222278 -0.00100838 0.0
0.0220965 -0.000956559 0.0
0.0219697 -0.000906664 0.0
0.021847 -0.000858741 0.0
0.0217281 -0.000812979 0.0
0.0216132 -0.000769379 0.0
0.0215022 -0.000727845 0.0
0.0213948 -0.000688396 0.0
0.0212908 -0.00065103 0.0
0.0211903 -0.00061571 0.0
0.0210933 -0.000582371 0.0
0.0209993 -0.000550957 0.0
0.0209084 -0.00052141 0.0
0.0208205 -0.000493693 0.0
0.0207355 -0.000467718 0.0
0.0206531 -0.000443401 0.0
0.0205734 -0.000420685 0.0
0.0204964 -0.000399515 0.0
0.0204217 -0.000379794 0.0
0.0203494 -0.000361442 0.0
0.0202793 -0.000344408 0.0
0.0202115 -0.000328622 0.0
0.0201458 -0.000313995 0.0
0.020082 -0.000300463 0.0
0.0200202 -0.000287975 0.0
0.0199602 -0.000276458 0.0
0.019902 -0.00026584 0.0
0.0198456 -0.000256074 0.0
0.0197907 -0.000247104 0.0
0.0197375 -0.000238869 0.0
0.0196857 -0.000231314 0.0
0.0196355 -0.000224399 0.0
0.0195866 -0.000218074 0.0
0.019539 -0.000212289 0.0
0.0194928 -0.000207006 0.0
0.0194477 -0.000202188 0.0
0.0194039 -0.000197794 0.0
0.0193612 -0.000193788 0.0
0.0193196 -0.00019014 0.0
0.019279 -0.000186818 0.0
0.0192395 -0.000183792 0.0
0.0192009 -0.000181035 0.0
0.0191633 -0.000178523 0.0
0.0191265 -0.000176233 0.0
0.0190906 -0.000174141 0.0
0.0190555 -0.000172227 0.0
0.0190213 -0.000170475 0.0
0.0189878 -0.000168864 0.0
0.018955 -0.00016738 0.0
0.018923 -0.000166007 0.0
0.0188916 -0.000164732 0.0
0.0188609 -0.000163542 0.0
0.0188308 -0.000162424 0.0
0.0188013 -0.000161369 0.0
0.0187724 -0.000160367 0.0
0.0187441 -0.000159407 0.0
0.0187164 -0.000158482 0.0
0.0186891 -0.000157583 0.0
0.0186624 -0.000156704 0.0
0.0186362 -0.000155839 0.0
0.0186105 -0.00015498 0.0
0.0185852 -0.000154122 0.0
0.0185604 -0.000153261 0.0
0.018536 -0.00015239 0.0
0.0185121 -0.000151506 0.0
0.0184885 -0.000150605 0.0
0.0184654 -0.000149681 0.0
0.0184427 -0.000148733 0.0
0.0184203 -0.000147755 0.0
0.0183984 -0.000146744 0.0
0.0183768 -0.000145696 0.0
0.0183555 -0.000144609 0.0
0.0183346 -0.000143479 0.0
0.0183141 -0.000142303 0.0
0.0182939 -0.000141076 0.0
0.018274 -0.000139795 0.0
0.0182545 -0.000138457 0.0
0.0182353 -0.000137057 0.0
0.0182164 -0.000135592 0.0
0.0181978 -0.000134056 0.0
0.0181795 -0.000132445 0.0
0.0181616 -0.000130753 0.0
0.018144 -0.000128976 0.0
0.0181266 -0.000127107 0.0
0.0181096 -0.000125139 0.0
0.0180929 -0.000123064 0.0
0.0180766 -0.000120877 0.0
0.0180605 -0.000118566 0.0
0.0180448 -0.000116123 0.0
0.0180293 -0.000113538 0.0
0.0180143 -0.0001108 0.0
0.0179995 -0.000107895 0.0
0.0179851 -0.000104811 0.0
0.017971 -0.000101533 0.0
0.0179573 -9.80455e-05 0.0
0.017944 -9.43306e-05 0.0
0.0179311 -9.03718e-05 0.0
0.0179186 -8.61456e-05 0.0
0.0179065 -8.16351e-05 0.0
0.0178949 -7.6814e-05 0.0
0.0178838 -7.16605e-05 0.0
0.0178732 -6.61448e-05 0.0
0.0178632 -6.02471e-05 0.0
0.0178538 -5.39334e-05 0.0
0.0178451 -4.71747e-05 0.0
0.0178371 -3.99447e-05 0.0
0.01783 -3.22138e-05 0.0
0.0178238 -2.39538e-05 0.0
0.0178187 -1.51407e-05 0.0
0.0178148 -5.86269e-06 0.0
0.0178123 3.29364e-06 0.0
0.0178111 7.98815e-06 0.0
0.0 0.0 0.0
0.0 0.0 0.0
0.019338 -0.000116964 0.0
0.0193649 -0.000328638 0.0
0.0193871 -0.000521498 0.0
0.0194997 -0.000658265 0.0
0.0196352 -0.000832065 0.0
0.0197595 -0.00103101 0.0
0.019908 -0.00109844 0.0
0.020081 -0.00118821 0.0
0.0202591 -0.00132627 0.0
0.02043 -0.00137958 0.0
0.0205878 -0.00139288 0.0
0.0207606 -0.0014471 0.0
0.0209295 -0.00147277 0.0
0.0210643 -0.00146116 0.0
0.0211908 -0.00144743 0.0
0.0213271 -0.00143859 0.0
0.0214381 -0.00140755 0.0
0.021519 -0.00136898 0.0
0.021602 -0.0013281 0.0
0.0216822 -0.00128374 0.0
0.0217343 -0.00123185 0.0
0.021771 -0.00117932 0.0
0.0218108 -0.00112331 0.0
0.0218404 -0.00106594 0.0
0.0218505 -0.00100742 0.0
0.0218553 -0.000948558 0.0
0.0218603 -0.000887565 0.0
0.0218548 -0.000827155 0.0
0.0218393 -0.000766879 0.0
0.0218228 -0.000705989 0.0
0.0218042 -0.000644248 0.0
0.0217785 -0.0005833 0.0
0.0217491 -0.000522113 0.0
0.0217199 -0.000459993 0.0
0.0216885 -0.000397312 0.0
0.0216537 -0.000334684 0.0
0.0216188 -0.000270851 0.0
0.0215844 -0.000205419 0.0
0.0215489 -0.000139015 0.0
0.0215134 -7.13449e-05 0.0
0.0214795 -9.66337e-07 0.0
0.0214468 7.18525e-05 0.0
0.0214146 0.000146536 0.0
0.0213853 0.000224624 0.0
0.0213591 0.000307125 0.0
0.0213346 0.00039279 0.0
0.0213134 0.000482167 0.0
0.0212982 0.000577731 0.0
0.0212869 0.00067876 0.0
0.0212791 0.000784199 0.0
0.0212792 0.00089628 0.0
0.0212879 0.00101636 0.0
0.0213016 0.00114269 0.0
0.0213236 0.00127601 0.0
0.0213592 0.00141704 0.0
0.0214049 0.00156671 0.0
0.0214605 0.00172508 0.0
0.0215323 0.00188961 0.0
0.0216203 0.00205929 0.0
0.0217236 0.00224146 0.0
0.0218468 0.00242915 0.0
0.0219889 0.00261453 0.0
0.0221513 0.00280743 0.0
0.0223406 0.00301045 0.0
0.0225528 0.00320237 0.0
0.0227833 0.00339062 0.0
0.0230445 0.00358458 0.0
0.0233355 0.00376866 0.0
0.0236423 0.0039322 0.0
0.0239719 0.00409363 0.0
0.0243359 0.00424121 0.0
0.0247143 0.00436225 0.0
0.025104 0.00447034 0.0
0.0255207 0.00455824 0.0
0.0259527 0.00461509 0.0
0.0263833 0.00465976 0.0
0.0268285 0.00467719 0.0
0.0272804 0.00465298 0.0
0.0277252 0.00463241 0.0
0.02817 0.00457956 0.0
0.0286056 0.00447892 0.0
0.0290269 0.00438593 0.0
0.0294455 0.00427491 0.0
0.0298436 0.00411666 0.0
0.030214 0.00396262 0.0
0.0305771 0.0037928 0.0
0.0309215 0.00360135 0.0
0.0312359 0.00340905 0.0
0.0315261 0.00319459 0.0
0.0317937 0.0029735 0.0
0.0320362 0.00275872 0.0
0.032256 0.00253162 0.0
0.0324442 0.00229242 0.0
0.0326037 0.00207105 0.0
0.0327483 0.00185208 0.0
0.0328728 0.00162742 0.0
0.0329699 0.00142078 0.0
0.0330521 0.00122355 0.0
0.0331234 0.0010302 0.0
0.0331816 0.000851383 0.0
0.0332283 0.000681998 0.0
0.033266 0.000520402 0.0
0.0332971 0.000368406 0.0
0.0333245 0.000225773 0.0
0.0333461 8.70607e-05 0.0
0.0333611 -4.55731e-05 0.0
0.0333745 -0.00016959 0.0
0.0333859 -0.000293094 0.0
0.0333891 -0.000416319 0.0
0.0333873 -0.000532487 0.0
0.0333828 -0.000647872 0.0
0.0333706 -0.000763412 0.0
0.0333474 -0.000876174 0.0
0.0333172 -0.000984222 0.0
0.0332814 -0.00108914 0.0
0.0332355 -0.00118873 0.0
0.0331812 -0.00128199 0.0
0.0331228 -0.00137188 0.0
0.0330585 -0.00145196 0.0
0.0329903 -0.00152596 0.0
0.032918 -0.00160202 0.0
0.0328398 -0.00166801 0.0
0.0327593 -0.0017287 0.0
0.0326747 -0.00179211 0.0
0.0325819 -0.00185186 0.0
0.0324847 -0.00190297 0.0
0.0323843 -0.00195426 0.0
0.0322753 -0.00200431 0.0
0.03216 -0.00204716 0.0
0.0320418 -0.00208855 0.0
0.0319173 -0.00212514 0.0
0.0317865 -0.00215839 0.0
0.0316519 -0.0021909 0.0
0.0315124 -0.00221777 0.0
0.0313686 -0.00223938 0.0
0.0312204 -0.00226235 0.0
0.0310673 -0.00228094 0.0
0.0309114 -0.00229418 0.0
0.030752 -0.00230735 0.0
0.0305872 -0.00231777 0.0
0.0304193 -0.00232536 0.0
0.0302492 -0.00233204 0.0
0.0300746 -0.00233517 0.0
0.0298958 -0.00233806 0.0
0.0297141 -0.00234055 0.0
0.0295294 -0.00233916 0.0
0.0293413 -0.00233727 0.0
0.0291491 -0.00233545 0.0
0.0289537 -0.00233077 0.0
0.028756 -0.00232435 0.0
0.0285549 -0.00231767 0.0
0.0283502 -0.00230866 0.0
0.0281434 -0.00229795 0.0
0.0279342 -0.00228605 0.0
0.0277221 -0.00227225 0.0
0.0275077 -0.00225636 0.0
0.0272918 -0.00223909 0.0
0.0270738 -0.00222019 0.0
0.0268538 -0.00219864 0.0
0.0266328 -0.00217511 0.0
0.0264108 -0.00215014 0.0
0.0261875 -0.00212264 0.0
0.0259636 -0.00209212 0.0
0.0257396 -0.00205954 0.0
0.0255157 -0.00202499 0.0
0.0252922 -0.00198726 0.0
0.0250697 -0.00194649 0.0
0.0248485 -0.00190359 0.0
0.0246294 -0.00185849 0.0
0.0244126 -0.00181042 0.0
0.0241984 -0.00175974 0.0
0.0239874 -0.00170751 0.0
0.0237806 -0.00165385 0.0
0.0235775 -0.00159799 0.0
0.0233783 -0.0015406 0.0
0.0231842 -0.00148327 0.0
0.0229951 -0.00142533 0.0
0.0228106 -0.00136622 0.0
0.0226311 -0.00130764 0.0
0.0224571 -0.00125012 0.0
0.0222884 -0.00119258 0.0
0.0221247 -0.00113564 0.0
0.0219661 -0.00108045 0.0
0.0218129 -0.00102661 0.0
0.0216649 -0.000973752 0.0
0.0215216 -0.000922669 0.0
0.0213832 -0.000873628 0.0
0.0212499 -0.000826227 0.0
0.0211212 -0.000780554 0.0
0.0209967 -0.000737006 0.0
0.0208767 -0.000695483 0.0
0.0207613 -0.000655822 0.0
0.0206498 -0.000618132 0.0
0.0205421 -0.000582489 0.0
0.0204383 -0.000548769 0.0
0.0203384 -0.000516915 0.0
0.0202418 -0.000486931 0.0
0.0201486 -0.000458773 0.0
0.0200588 -0.000432357 0.0
0.0199722 -0.000407627 0.0
0.0198885 -0.00038452 0.0
0.0198076 -0.000362977 0.0
0.0197296 -0.000342928 0.0
0.0196542 -0.000324296 0.0
0.0195813 -0.000307009 0.0
0.0195108 -0.000291011 0.0
0.0194427 -0.000276229 0.0
0.0193768 -0.000262585 0.0
0.0193129 -0.000250018 0.0
0.0192511 -0.000238471 0.0
0.0191913 -0.000227876 0.0
0.0191332 -0.000218164 0.0
0.0190769 -0.000209285 0.0
0.0190224 -0.000201187 0.0
0.0189694 -0.000193806 0.0
0.0189179 -0.000187092 0.0
0.0188679 -0.000181002 0.0
0.0188193 -0.000175486 0.0
0.0187721 -0.000170497 0.0
0.0187261 -0.000165995 0.0
0.0186813 -0.000161944 0.0
0.0186377 -0.000158302 0.0
0.0185952 -0.000155035 0.0
0.0185538 -0.000152111 0.0
0.0185134 -0.000149499 0.0
0.0184739 -0.00014717 0.0
0.0184354 -0.000145096 0.0
0.0183978 -0.000143253 0.0
0.0183611 -0.000141619 0.0
0.0183251 -0.000140169 0.0
0.01829 -0.000138885 0.0
0.0182556 -0.000137748 0.0
0.0182219 -0.000136741 0.0
0.0181889 -0.000135847 0.0
0.0181566 -0.000135052 0.0
0.0181249 -0.000134343 0.0
0.0180939 -0.000133707 0.0
0.0180634 -0.000133131 0.0
0.0180335 -0.000132607 0.0
0.0180041 -0.000132124 0.0
0.0179753 -0.000131673 0.0
0.017947 -0.000131246 0.0
0.0179192 -0.000130836 0.0
0.0178918 -0.000130436 0.0
0.017865 -0.000130039 0.0
0.0178385 -0.000129641 0.0
0.0178125 -0.000129235 0.0
0.017787 -0.000128817 0.0
0.0177618 -0.000128383 0.0
0.0177371 -0.000127928 0.0
0.0177127 -0.000127449 0.0
0.0176887 -0.000126941 0.0
0.0176651 -0.000126402 0.0
0.0176418 -0.000125829 0.0
0.0176189 -0.000125218 0.0
0.0175964 -0.000124567 0.0
0.0175742 -0.000123872 0.0
0.0175523 -0.000123132 0.0
0.0175308 -0.000122342 0.0
0.0175096 -0.0001215 0.0
0.0174887 -0.000120603 0.0
0.0174681 -0.000119649 0.0
0.0174479 -0.000118633 0.0
0.0174279 -0.000117553 0.0
0.0174083 -0.000116404 0.0
0.017389 -0.000115183 0.0
0.01737 -0.000113886 0.0
0.0173513 -0.000112508 0.0
0.0173329 -0.000111044 0.0
0.0173149 -0.000109488 0.0
0.0172971 -0.000107835 0.0
0.0172797 -0.000106078 0.0
0.0172626 -0.00010421 0.0
0.0172458 -0.000102223 0.0
0.0172293 -0.000100108 0.0
0.0172132 -9.78574e-05 0.0
0.0171974 -9.546e-05 0.0
0.017182 -9.29043e-05 0.0
0.0171669 -9.01798e-05 0.0
0.0171522 -8.72722e-05 0.0
0.0171379 -8.4169e-05 0.0
0.0171241 -8.08541e-05 0.0
0.0171106 -7.73132e-05 0.0
0.0170976 -7.35274e-05 0.0
0.017085 -6.94815e-05 0.0
0.0170729 -6.51555e-05 0.0
0.0170614 -6.05299e-05 0.0
0.0170504 -5.55864e-05 0.0
0.0170401 -5.03058e-05 0.0
0.0170304 -4.46675e-05 0.0
0.0170215 -3.86494e-05 0.0
0.0170133 -3.22453e-05 0.0
0.017006 -2.54247e-05 0.0
0.0169998 -1.81957e-05 0.0
0.0169946 -1.05406e-05 0.0
0.0169907 -2.596e-06 0.0
0.0169882 5.09034e-06 0.0
0.016987 8.97922e-06 0.0
0.0 0.0 0.0
0.0 0.0 0.0
0.019284 -0.000187415 0.0
0.0193431 -0.00033376 0.0
0.0194132 -0.000570651 0.0
0.0195567 -0.000860234 0.0
0.0197326 -0.000972775 0.0
0.0198691 -0.00111601 0.0
0.0200408 -0.00131473 0.0
0.0202676 -0.00140553 0.0
0.0204587 -0.00146935 0.0
0.0206376 -0.00155552 0.0
0.0208278 -0.00159096 0.0
0.0210032 -0.0016095 0.0
0.0211606 -0.00161312 0.0
0.0213056 -0.0016025 0.0
0.021424 -0.00157491 0.0
0.0215254 -0.00154454 0.0
0.0216205 -0.00149652 0.0
0.021693 -0.00144487 0.0
0.0217384 -0.00139165 0.0
0.0217773 -0.00133324 0.0
0.02181 -0.00126559 0.0
0.0218212 -0.00120231 0.0
0.0218169 -0.00113894 0.0
0.0218111 -0.00107087 0.0
0.0217981 -0.00100133 0.0
0.0217709 -0.000936847 0.0
0.0217377 -0.000871129 0.0
0.0217039 -0.000803227 0.0
0.021664 -0.00073723 0.0
0.0216172 -0.000674037 0.0
0.0215692 -0.000609216 0.0
0.0215209 -0.000544157 0.0
0.021469 -0.00048106 0.0
0.0214152 -0.000418454 0.0
0.0213625 -0.000354321 0.0
0.0213099 -0.000290442 0.0
0.0212565 -0.000227125 0.0
0.0212043 -0.000162517 0.0
0.0211544 -9.62646e-05 0.0
0.0211055 -2.96334e-05 0.0
0.0210584 3.83643e-05 0.0
0.0210147 0.000109187 0.0
0.0209741 0.000182101 0.0
0.0209357 0.000256833 0.0
0.020902 0.000335234 0.0
0.0208737 0.000417668 0.0
0.0208489 0.000502982 0.0
0.0208289 0.000592553 0.0
0.0208173 0.000687758 0.0
0.0208121 0.000787623 0.0
0.0208117 0.000892384 0.0
0.0208212 0.00100387 0.0
0.0208423 0.00112101 0.0
0.0208707 0.00124456 0.0
0.0209088 0.0013757 0.0
0.0209625 0.00151213 0.0
0.0210298 0.00165421 0.0
0.0211088 0.00180686 0.0
0.0212043 0.00196332 0.0
0.0213189 0.00212085 0.0
0.0214518 0.00228849 0.0
0.021603 0.00246326 0.0
0.0217744 0.00263036 0.0
0.0219692 0.00280059 0.0
0.0221882 0.00297899 0.0
0.0224273 0.00314908 0.0
0.0226887 0.00330547 0.0
0.0229772 0.00346586 0.0
0.0232885 0.00361962 0.0
0.0236173 0.0037508 0.0
0.0239689 0.00386943 0.0
0.0243424 0.00398334 0.0
0.0247315 0.00407368 0.0
0.0251325 0.00413854 0.0
0.0255477 0.00419177 0.0
0.025976 0.00422626 0.0
0.0264105 0.00423233 0.0
0.0268411 0.00421793 0.0
0.0272798 0.00418989 0.0
0.0277243 0.00413057 0.0
0.028152 0.00406101 0.0
0.0285712 0.00397075 0.0
0.0289922 0.00385173 0.0
0.0293965 0.00372989 0.0
0.0297809 0.00359858 0.0
0.0301511 0.00343059 0.0
0.030503 0.00326406 0.0
0.0308411 0.00309633 0.0
0.0311555 0.0029056 0.0
0.0314419 0.00270916 0.0
0.0317129 0.00250994 0.0
0.0319666 0.00230754 0.0
0.0321879 0.00210446 0.0
0.0323864 0.00190041 0.0
0.0325696 0.00169258 0.0
0.0327295 0.00150098 0.0
0.0328664 0.00131338 0.0
0.0329877 0.00112374 0.0
0.0330947 0.000948767 0.0
0.0331869 0.000784793 0.0
0.0332636 0.000623747 0.0
0.0333299 0.000471566 0.0
0.0333888 0.000328017 0.0
0.0334375 0.000191373 0.0
0.0334753 6.10571e-05 0.0
0.0335062 -6.53283e-05 0.0
0.0335318 -0.000187421 0.0
0.0335499 -0.000303453 0.0
0.0335576 -0.000417144 0.0
0.0335581 -0.000529396 0.0
0.033553 -0.000639725 0.0
0.0335382 -0.000745195 0.0
0.0335126 -0.000847005 0.0
0.0334789 -0.000949141 0.0
0.0334361 -0.00104682 0.0
0.0333842 -0.00113509 0.0
0.0333234 -0.00122185 0.0
0.0332533 -0.00130452 0.0
0.0331772 -0.00137875 0.0
0.0330956 -0.00144987 0.0
0.0330047 -0.00151507 0.0
0.0329074 -0.00157685 0.0
0.0328068 -0.00163763 0.0
0.032699 -0.00169063 0.0
0.0325825 -0.00174092 0.0
0.0324605 -0.00179201 0.0
0.0323342 -0.00183836 0.0
0.0322007 -0.00187696 0.0
0.0320602 -0.00191624 0.0
0.0319137 -0.00195453 0.0
0.0317631 -0.00198445 0.0
0.0316077 -0.00201233 0.0
0.0314447 -0.00203894 0.0
0.0312764 -0.00206171 0.0
0.0311058 -0.00208053 0.0
0.0309296 -0.00209682 0.0
0.0307472 -0.00210997 0.0
0.0305621 -0.00212243 0.0
0.0303734 -0.00213099 0.0
0.0301804 -0.00213564 0.0
0.0299841 -0.00214152 0.0
0.029784 -0.00214501 0.0
0.0295811 -0.00214414 0.0
0.0293758 -0.00214395 0.0
0.0291662 -0.0021429 0.0
0.0289538 -0.00213884 0.0
0.0287393 -0.00213395 0.0
0.0285216 -0.00212833 0.0
0.0283008 -0.00212102 0.0
0.0280779 -0.00211234 0.0
0.0278526 -0.0021023 0.0
0.027625 -0.00209102 0.0
0.0273956 -0.00207846 0.0
0.0271641 -0.00206383 0.0
0.0269311 -0.00204817 0.0
0.0266969 -0.00203126 0.0
0.0264614 -0.00201206 0.0
0.0262247 -0.00199118 0.0
0.0259873 -0.00196938 0.0
0.0257498 -0.0019454 0.0
0.0255119 -0.00191887 0.0
0.0252737 -0.00189104 0.0
0.025036 -0.00186152 0.0
0.0247994 -0.00182918 0.0
0.0245637 -0.00179458 0.0
0.024329 -0.0017584 0.0
0.0240964 -0.00171986 0.0
0.0238666 -0.00167869 0.0
0.0236392 -0.00163568 0.0
0.0234143 -0.00159083 0.0
0.0231935 -0.00154388 0.0
0.0229771 -0.00149534 0.0
0.0227643 -0.00144543 0.0
0.0225558 -0.00139408 0.0
0.022353 -0.00134203 0.0
0.0221554 -0.00128948 0.0
0.0219624 -0.00123606 0.0
0.021775 -0.00118272 0.0
0.0215937 -0.00112999 0.0
0.0214179 -0.00107729 0.0
0.0212473 -0.00102502 0.0
0.0210826 -0.000974122 0.0
0.0209238 -0.000924286 0.0
0.0207703 -0.000875315 0.0
0.0206222 -0.000827882 0.0
0.0204795 -0.000782227 0.0
0.0203423 -0.000737988 0.0
0.02021 -0.000695334 0.0
0.0200826 -0.000654606 0.0
0.0199601 -0.000615715 0.0
0.0198424 -0.000578518 0.0
0.0197291 -0.000543169 0.0
0.01962 -0.000509718 0.0
0.0195152 -0.000478059 0.0
0.0194146 -0.000448148 0.0
0.0193176 -0.00042001 0.0
0.0192243 -0.000393592 0.0
0.0191346 -0.000368828 0.0
0.0190484 -0.000345665 0.0
0.0189652 -0.000324053 0.0
0.0188851 -0.000303932 0.0
0.0188081 -0.000285244 0.0
0.0187338 -0.000267912 0.0
0.0186622 -0.000251872 0.0
0.0185931 -0.000237071 0.0
0.0185265 -0.000223442 0.0
0.0184621 -0.000210906 0.0
0.0183999 -0.000199409 0.0
0.0183398 -0.000188897 0.0
0.0182817 -0.000179301 0.0
0.0182254 -0.000170556 0.0
0.0181709 -0.000162615 0.0
0.0181181 -0.000155427 0.0
0.0180669 -0.00014893 0.0
0.0180172 -0.000143073 0.0
0.017969 -0.000137818 0.0
0.0179221 -0.000133115 0.0
0.0178765 -0.000128916 0.0
0.0178322 -0.000125184 0.0
0.0177891 -0.000121883 0.0
0.017747 -0.000118972 0.0
0.017706 -0.000116417 0.0
0.0176661 -0.000114188 0.0
0.0176271 -0.000112255 0.0
0.017589 -0.000110587 0.0
0.0175517 -0.000109158 0.0
0.0175153 -0.000107946 0.0
0.0174797 -0.000106927 0.0
0.0174448 -0.000106078 0.0
0.0174107 -0.00010538 0.0
0.0173772 -0.000104817 0.0
0.0173444 -0.00010437 0.0
0.0173122 -0.000104023 0.0
0.0172806 -0.000103763 0.0
0.0172496 -0.000103577 0.0
0.0172191 -0.000103452 0.0
0.0171892 -0.000103378 0.0
0.0171598 -0.000103343 0.0
0.0171308 -0.00010334 0.0
0.0171024 -0.000103358 0.0
0.0170744 -0.000103392 0.0
0.0170468 -0.000103434 0.0
0.0170196 -0.000103476 0.0
0.0169929 -0.000103514 0.0
0.0169666 -0.000103543 0.0
0.0169406 -0.000103557 0.0
0.016915 -0.000103552 0.0
0.0168898 -0.000103523 0.0
0.0168649 -0.000103469 0.0
0.0168404 -0.000103384 0.0
0.0168163 -0.000103267 0.0
0.0167924 -0.000103113 0.0
0.0167689 -0.000102921 0.0
0.0167457 -0.000102687 0.0
0.0167229 -0.00010241 0.0
0.0167003 -0.000102088 0.0
0.016678 -0.000101717 0.0
0.0166561 -0.000101295 0.0
0.0166345 -0.000100821 0.0
0.0166131 -0.000100291 0.0
0.0165921 -9.97046e-05 0.0
0.0165713 -9.90577e-05 0.0
0.0165508 -9.83481e-05 0.0
0.0165307 -9.75728e-05 0.0
0.0165108 -9.67288e-05 0.0
0.0164913 -9.58126e-05 0.0
0.016472 -9.48208e-05 0.0
0.016453 -9.37492e-05 0.0
0.0164343 -9.25937e-05 0.0
0.016416 -9.1349e-05 0.0
0.0163979 -9.00104e-05 0.0
0.0163802 -8.85718e-05 0.0
0.0163628 -8.70272e-05 0.0
0.0163457 -8.53693e-05 0.0
0.0163289 -8.35912e-05 0.0
0.0163125 -8.16842e-05 0.0
0.0162964 -7.96397e-05 0.0
0.0162807 -7.74477e-05 0.0
0.0162654 -7.50986e-05 0.0
0.0162504 -7.25805e-05 0.0
0.0162359 -6.98821e-05 0.0
0.0162218 -6.69903e-05 0.0
0.0162081 -6.38927e-05 0.0
0.0161949 -6.05755e-05 0.0
0.0161822 -5.70236e-05 0.0
0.01617 -5.32234e-05 0.0
0.0161583 -4.91611e-05 0.0
0.0161473 -4.48252e-05 0.0
0.0161369 -4.0195e-05 0.0
0.0161272 -3.52696e-05 0.0
0.0161182 -3.00332e-05 0.0
0.0161101 -2.44877e-05 0.0
0.0161029 -1.86097e-05 0.0
0.0160967 -1.24464e-05 0.0
0.0160916 -5.978e-06 0.0
0.0160878 6.25259e-07 0.0
0.0160854 6.86639e-06 0.0
0.0160842 9.97348e-06 0.0
0.0 0.0 0.0
0.0 0.0 0.0
0.0192679 -0.000180131 0.0
0.0193602 -0.000461253 0.0
0.0195156 -0.000700635 0.0
0.0196183 -0.000976421 0.0
0.0197589 -0.00118356 0.0
0.0200104 -0.00130275 0.0
0.0202525 -0.00150874 0.0
0.020462 -0.00164801 0.0
0.020662 -0.00166019 0.0
0.0208833 -0.00173661 0.0
0.0210997 -0.00179054 0.0
0.0212582 -0.0017757 0.0
0.0213822 -0.00174265 0.0
0.0215208 -0.00172875 0.0
0.021634 -0.001681 0.0
0.0216881 -0.00161843 0.0
0.0217284 -0.00155638 0.0
0.0217769 -0.0014924 0.0
0.0217939 -0.00141503 0.0
0.0217754 -0.00134141 0.0
0.0217573 -0.00126705 0.0
0.0217386 -0.00118974 0.0
0.0216963 -0.00111172 0.0
0.0216396 -0.00103868 0.0
0.0215867 -0.000964127 0.0
0.0215292 -0.000889664 0.0
0.0214589 -0.000818121 0.0
0.0213859 -0.000749289 0.0
0.0213158 -0.00067961 0.0
0.0212417 -0.000611607 0.0
0.0211632 -0.000546144 0.0
0.0210866 -0.000481528 0.0
0.0210119 -0.000416655 0.0
0.0209358 -0.000353381 0.0
0.0208604 -0.000291145 0.0
0.0207884 -0.000228446 0.0
0.0207184 -0.000165505 0.0
0.0206497 -0.000103166 0.0
0.0205845 -4.00624e-05 0.0
0.0205234 2.45599e-05 0.0
0.0204651 8.98521e-05 0.0
0.0204106 0.000156223 0.0
0.0203615 0.000225253 0.0
0.0203171 0.000296545 0.0
0.020277 0.00036951 0.0
0.0202435 0.000445892 0.0
0.0202171 0.000526337 0.0
0.0201961 0.00060969 0.0
0.0201823 0.000696697 0.0
0.0201783 0.000789141 0.0
0.0201824 0.000886188 0.0
0.0201944 0.000987738 0.0
0.020218 0.00109463 0.0
0.020254 0.00120723 0.0
0.0203003 0.00132573 0.0
0.0203596 0.00145005 0.0
0.0204342 0.0015779 0.0
0.0205237 0.00171236 0.0
0.0206296 0.0018539 0.0
0.0207526 0.00199673 0.0
0.0208929 0.00214095 0.0
0.0210547 0.0022938 0.0
0.0212379 0.00244638 0.0
0.0214376 0.00259393 0.0
0.0216599 0.00274367 0.0
0.0219095 0.00289445 0.0
0.0221769 0.00303376 0.0
0.0224613 0.00316705 0.0
0.0227741 0.00329574 0.0
0.023108 0.00341163 0.0
0.023453 0.00351394 0.0
0.0238185 0.00360493 0.0
0.0242062 0.00367721 0.0
0.0246008 0.00373627 0.0
0.0250061 0.00378035 0.0
0.0254256 0.00379554 0.0
0.0258496 0.00380079 0.0
0.0262767 0.00379435 0.0
0.0267068 0.00375333 0.0
0.0271316 0.00369765 0.0
0.0275576 0.00364255 0.0
0.0279806 0.00355087 0.0
0.0283856 0.00344644 0.0
0.0287839 0.0033391 0.0
0.0291793 0.00320885 0.0
0.0295547 0.00306857 0.0
0.0299106 0.00292338 0.0
0.0302552 0.00275763 0.0
0.0305825 0.00259372 0.0
0.0308907 0.00242559 0.0
0.0311757 0.00224139 0.0
0.0314374 0.00205947 0.0
0.0316832 0.00188199 0.0
0.0319105 0.00169718 0.0
0.0321089 0.0015143 0.0
0.0322877 0.00134168 0.0
0.0324544 0.00116661 0.0
0.0326006 0.00100004 0.0
0.0327257 0.000842501 0.0
0.0328378 0.000687513 0.0
0.0329374 0.000540045 0.0
0.033023 0.000402588 0.0
0.0330945 0.000269207 0.0
0.0331543 0.000140369 0.0
0.0332054 1.97233e-05 0.0
0.033247 -9.57292e-05 0.0
0.0332753 -0.000209731 0.0
0.0332934 -0.000318409 0.0
0.033305 -0.000422512 0.0
0.0333061 -0.0005251 0.0
0.0332931 -0.000624956 0.0
0.0332707 -0.000721173 0.0
0.0332403 -0.00081492 0.0
0.0331977 -0.000904452 0.0
0.0331419 -0.000990347 0.0
0.0330777 -0.00107312 0.0
0.0330049 -0.00115106 0.0
0.0329216 -0.00122137 0.0
0.0328295 -0.00129072 0.0
0.0327291 -0.0013559 0.0
0.032622 -0.00141246 0.0
0.0325084 -0.001468 0.0
0.0323851 -0.00152188 0.0
0.0322547 -0.00156865 0.0
0.0321202 -0.00161303 0.0
0.0319772 -0.00165596 0.0
0.0318247 -0.00169439 0.0
0.0316675 -0.00172955 0.0
0.0315052 -0.00176248 0.0
0.0313342 -0.0017907 0.0
0.031157 -0.0018174 0.0
0.0309751 -0.00184179 0.0
0.0307881 -0.0018602 0.0
0.0305956 -0.00187775 0.0
0.0303974 -0.00189389 0.0
0.0301953 -0.00190515 0.0
0.0299901 -0.0019139 0.0
0.02978 -0.001922 0.0
0.0295654 -0.00192685 0.0
0.0293487 -0.00192993 0.0
0.0291288 -0.00193085 0.0
0.0289048 -0.00192982 0.0
0.0286782 -0.00192879 0.0
0.0284495 -0.00192516 0.0
0.0282181 -0.00191927 0.0
0.0279839 -0.00191412 0.0
0.0277474 -0.00190738 0.0
0.0275093 -0.0018981 0.0
0.0272693 -0.00188877 0.0
0.027027 -0.00187864 0.0
0.0267833 -0.00186641 0.0
0.0265387 -0.00185327 0.0
0.0262925 -0.00183928 0.0
0.0260451 -0.00182364 0.0
0.0257974 -0.0018067 0.0
0.025549 -0.00178866 0.0
0.0252999 -0.00176918 0.0
0.0250511 -0.00174801 0.0
0.0248027 -0.00172561 0.0
0.0245541 -0.00170177 0.0
0.0243063 -0.00167606 0.0
0.0240599 -0.00164863 0.0
0.0238146 -0.0016198 0.0
0.0235705 -0.00158914 0.0
0.0233286 -0.00155635 0.0
0.0230892 -0.00152187 0.0
0.0228523 -0.00148588 0.0
0.0226183 -0.0014479 0.0
0.0223879 -0.00140792 0.0
0.0221614 -0.0013666 0.0
0.0219391 -0.00132408 0.0
0.0217211 -0.00127986 0.0
0.0215079 -0.00123429 0.0
0.0213001 -0.00118832 0.0
0.0210977 -0.00114175 0.0
0.0209005 -0.00109407 0.0
0.0207091 -0.00104637 0.0
0.020524 -0.000999296 0.0
0.0203445 -0.000951975 0.0
0.0201708 -0.000904776 0.0
0.0200033 -0.000858834 0.0
0.0198418 -0.000813809 0.0
0.0196862 -0.000769269 0.0
0.0195362 -0.000726055 0.0
0.0193921 -0.000684494 0.0
0.0192537 -0.000644089 0.0
0.0191207 -0.000604965 0.0
0.0189928 -0.000567645 0.0
0.0188703 -0.000531993 0.0
0.0187528 -0.000497785 0.0
0.01864 -0.000465233 0.0
0.0185318 -0.000434481 0.0
0.0184282 -0.000405345 0.0
0.0183289 -0.000377771 0.0
0.0182335 -0.00035185 0.0
0.0181421 -0.000327555 0.0
0.0180545 -0.000304766 0.0
0.0179705 -0.000283455 0.0
0.0178898 -0.000263611 0.0
0.0178123 -0.00024517 0.0
0.017738 -0.000228054 0.0
0.0176665 -0.000212212 0.0
0.0175978 -0.000197597 0.0
0.0175317 -0.000184148 0.0
0.0174682 -0.000171795 0.0
0.0174069 -0.000160478 0.0
0.0173479 -0.000150146 0.0
0.017291 -0.000140744 0.0
0.017236 -0.000132205 0.0
0.0171829 -0.000124474 0.0
0.0171316 -0.000117506 0.0
0.017082 -0.000111248 0.0
0.0170339 -0.000105642 0.0
0.0169873 -0.000100644 0.0
0.0169421 -9.62141e-05 0.0
0.0168982 -9.23046e-05 0.0
0.0168556 -8.88702e-05 0.0
0.0168141 -8.58764e-05 0.0
0.0167737 -8.32878e-05 0.0
0.0167344 -8.10652e-05 0.0
0.016696 -7.91753e-05 0.0
0.0166586 -7.75906e-05 0.0
0.0166221 -7.62813e-05 0.0
0.0165864 -7.52176e-05 0.0
0.0165514 -7.43755e-05 0.0
0.0165172 -7.3733e-05 0.0
0.0164837 -7.32665e-05 0.0
0.0164509 -7.29549e-05 0.0
0.0164187 -7.27805e-05 0.0
0.0163871 -7.27262e-05 0.0
0.0163561 -7.27747e-05 0.0
0.0163256 -7.29112e-05 0.0
0.0162956 -7.31228e-05 0.0
0.0162661 -7.33968e-05 0.0
0.0162371 -7.37211e-05 0.0
0.0162085 -7.40856e-05 0.0
0.0161804 -7.44809e-05 0.0
0.0161527 -7.4898e-05 0.0
0.0161253 -7.53288e-05 0.0
0.0160984 -7.57665e-05 0.0
0.0160718 -7.62044e-05 0.0
0.0160456 -7.66364e-05 0.0
0.0160197 -7.70573e-05 0.0
0.0159941 -7.74624e-05 0.0
0.0159689 -7.78472e-05 0.0
0.015944 -7.82076e-05 0.0
0.0159194 -7.85403e-05 0.0
0.015895 -7.8842e-05 0.0
0.015871 -7.91098e-05 0.0
0.0158473 -7.9341e-05 0.0
0.0158239 -7.95332e-05 0.0
0.0158007 -7.96842e-05 0.0
0.0157778 -7.97918e-05 0.0
0.0157552 -7.98542e-05 0.0
0.0157329 -7.98696e-05 0.0
0.0157108 -7.9836e-05 0.0
0.015689 -7.97518e-05 0.0
0.0156675 -7.96151e-05 0.0
0.0156462 -7.94242e-05 0.0
0.0156252 -7.91773e-05 0.0
0.0156044 -7.88725e-05 0.0
0.015584 -7.85076e-05 0.0
0.0155638 -7.80806e-05 0.0
0.0155438 -7.75889e-05 0.0
0.0155242 -7.70302e-05 0.0
0.0155048 -7.64014e-05 0.0
0.0154857 -7.56997e-05 0.0
0.0154668 -7.49215e-05 0.0
0.0154483 -7.4063e-05 0.0
0.0154301 -7.31203e-05 0.0
0.0154121 -7.20889e-05 0.0
0.0153945 -7.09633e-05 0.0
0.0153771 -6.97387e-05 0.0
0.0153601 -6.84088e-05 0.0
0.0153434 -6.69672e-05 0.0
0.0153271 -6.54064e-05 0.0
0.0153111 -6.37195e-05 0.0
0.0152955 -6.18979e-05 0.0
0.0152802 -5.99324e-05 0.0
0.0152654 -5.78139e-05 0.0
0.0152509 -5.5533e-05 0.0
0.0152369 -5.30788e-05 0.0
0.0152234 -5.044e-05 0.0
0.0152103 -4.76077e-05 0.0
0.0151977 -4.45691e-05 0.0
0.0151857 -4.13159e-05 0.0
0.0151742 -3.78358e-05 0.0
0.0151633 -3.41256e-05 0.0
0.0151531 -3.01701e-05 0.0
0.0151436 -2.5979e-05 0.0
0.0151349 -2.15354e-05 0.0
0.015127 -1.68628e-05 0.0
0.01512 -1.19473e-05 0.0
0.015114 -6.84781e-06 0.0
0.0151092 -1.55419e-06 0.0
0.0151055 3.72509e-06 0.0
0.0151032 8.58352e-06 0.0
0.015102 1.09656e-05 0.0
0.0 0.0 0.0
0.0 0.0 0.0
0.0193042 -0.00016533 0.0
0.0193624 -0.000627202 0.0
0.0195325 -0.000903252 0.0
0.0197343 -0.00104191 0.0
0.0199429 -0.001402 0.0
0.0202345 -0.00165642 0.0
0.0204872 -0.00169097 0.0
0.0207109 -0.00183561 0.0
0.0209695 -0.00193293 0.0
0.0211901 -0.00195424 0.0
0.02135 -0.00193506 0.0
0.0215041 -0.00191946 0.0
0.0216223 -0.00187284 0.0
0.0216807 -0.00181532 0.0
0.021725 -0.00173519 0.0
0.0217611 -0.00165432 0.0
0.0217503 -0.00157157 0.0
0.0217087 -0.00148757 0.0
0.0216714 -0.00139143 0.0
0.0216217 -0.00130211 0.0
0.0215418 -0.00121766 0.0
0.0214543 -0.00113161 0.0
0.0213719 -0.00104254 0.0
0.0212786 -0.000961958 0.0
0.0211727 -0.000884613 0.0
0.0210691 -0.000806248 0.0
0.020968 -0.000729767 0.0
0.020861 -0.000659487 0.0
0.020752 -0.00059028 0.0
0.0206478 -0.000521285 0.0
0.0205451 -0.000455287 0.0
0.0204413 -0.000392471 0.0
0.0203407 -0.000329636 0.0
0.0202448 -0.000267582 0.0
0.020151 -0.000207606 0.0
0.0200597 -0.000148424 0.0
0.0199736 -8.8616e-05 0.0
0.019892 -2.92528e-05 0.0
0.0198139 2.96346e-05 0.0
0.019741 8.95418e-05 0.0
0.0196741 0.000150699 0.0
0.0196119 0.000212342 0.0
0.0195553 0.000275365 0.0
0.019506 0.000340885 0.0
0.0194631 0.000408323 0.0
0.019426 0.000477757 0.0
0.0193976 0.000550437 0.0
0.0193781 0.000626518 0.0
0.0193655 0.000705617 0.0
0.0193617 0.000788693 0.0
0.0193701 0.000875731 0.0
0.0193883 0.000966991 0.0
0.0194157 0.00106338 0.0
0.0194568 0.00116395 0.0
0.0195123 0.00126776 0.0
0.0195797 0.00137854 0.0
0.0196613 0.00149436 0.0
0.0197603 0.00161068 0.0
0.0198757 0.00173196 0.0
0.0200079 0.00186168 0.0
0.0201584 0.00198902 0.0
0.0203279 0.00211505 0.0
0.0205183 0.00224878 0.0
0.0207289 0.00238273 0.0
0.0209583 0.00250608 0.0
0.0212091 0.00263055 0.0
0.0214829 0.00275663 0.0
0.021775 0.00286983 0.0
0.0220851 0.00297118 0.0
0.0224163 0.00307186 0.0
0.0227665 0.00316051 0.0
0.0231295 0.00323013 0.0
0.0235064 0.00329006 0.0
0.023899 0.00333898 0.0
0.024303 0.00336868 0.0
0.0247102 0.0033813 0.0
0.0251244 0.00338224 0.0
0.0255486 0.00336321 0.0
0.0259704 0.00332984 0.0
0.0263863 0.00328386 0.0
0.0268062 0.00321614 0.0
0.0272215 0.00313546 0.0
0.0276245 0.00305326 0.0
0.0280205 0.00294457 0.0
0.0284054 0.00282331 0.0
0.0287781 0.00270618 0.0
0.0291387 0.0025727 0.0
0.0294799 0.00242395 0.0
0.0298043 0.00227759 0.0
0.0301169 0.00212408 0.0
0.0304077 0.00196574 0.0
0.0306766 0.00180476 0.0
0.0309295 0.00163979 0.0
0.0311625 0.00147875 0.0
0.0313732 0.00132205 0.0
0.0315664 0.00116116 0.0
0.0317404 0.00100536 0.0
0.0318952 0.000861316 0.0
0.0320334 0.000716442 0.0
0.0321552 0.000576602 0.0
0.0322613 0.000446298 0.0
0.0323525 0.000320747 0.0
0.0324293 0.000199721 0.0
0.0324934 8.49889e-05 0.0
0.0325448 -2.54152e-05 0.0
0.0325834 -0.000130703 0.0
0.0326098 -0.000231434 0.0
0.0326247 -0.000329482 0.0
0.0326281 -0.000424741 0.0
0.0326194 -0.000515541 0.0
0.0325989 -0.00060288 0.0
0.0325671 -0.000688802 0.0
0.0325232 -0.000772421 0.0
0.0324675 -0.000849832 0.0
0.0324011 -0.000924502 0.0
0.032323 -0.000997201 0.0
0.0322335 -0.00106451 0.0
0.0321351 -0.00112676 0.0
0.0320266 -0.00118616 0.0
0.0319077 -0.00124043 0.0
0.0317812 -0.0012927 0.0
0.0316465 -0.00134001 0.0
0.0315026 -0.00138209 0.0
0.0313511 -0.00142418 0.0
0.0311926 -0.00146346 0.0
0.0310265 -0.00149595 0.0
0.0308533 -0.00152701 0.0
0.030673 -0.00155833 0.0
0.0304864 -0.00158393 0.0
0.0302943 -0.00160524 0.0
0.0300958 -0.00162672 0.0
0.0298908 -0.00164517 0.0
0.029682 -0.00165955 0.0
0.0294684 -0.00167198 0.0
0.029249 -0.00168192 0.0
0.0290258 -0.00169019 0.0
0.0287994 -0.00169617 0.0
0.0285689 -0.00169872 0.0
0.028335 -0.00170032 0.0
0.0280983 -0.00170155 0.0
0.0278588 -0.00169898 0.0
0.0276173 -0.00169519 0.0
0.0273733 -0.00169169 0.0
0.0271267 -0.00168576 0.0
0.026879 -0.00167839 0.0
0.0266298 -0.00167074 0.0
0.0263783 -0.0016618 0.0
0.0261258 -0.00165172 0.0
0.0258724 -0.00164079 0.0
0.0256179 -0.00162879 0.0
0.0253626 -0.00161601 0.0
0.0251067 -0.00160205 0.0
0.0248505 -0.00158694 0.0
0.0245943 -0.00157121 0.0
0.024338 -0.00155415 0.0
0.0240819 -0.00153563 0.0
0.0238265 -0.00151654 0.0
0.0235719 -0.00149628 0.0
0.0233182 -0.00147417 0.0
0.0230657 -0.001451 0.0
0.0228148 -0.00142708 0.0
0.0225657 -0.00140129 0.0
0.0223187 -0.00137375 0.0
0.0220739 -0.0013453 0.0
0.0218319 -0.00131553 0.0
0.0215932 -0.00128375 0.0
0.0213577 -0.00125055 0.0
0.0211256 -0.00121634 0.0
0.0208978 -0.00118064 0.0
0.0206747 -0.00114343 0.0
0.0204559 -0.0011052 0.0
0.0202419 -0.00106606 0.0
0.0200337 -0.00102604 0.0
0.019831 -0.000985315 0.0
0.0196334 -0.000943963 0.0
0.0194419 -0.000902446 0.0
0.0192569 -0.000861057 0.0
0.0190776 -0.000819478 0.0
0.0189042 -0.000778051 0.0
0.0187373 -0.000737528 0.0
0.0185768 -0.000697602 0.0
0.018422 -0.000658094 0.0
0.0182733 -0.000619731 0.0
0.0181307 -0.000582709 0.0
0.017994 -0.000546577 0.0
0.0178628 -0.000511591 0.0
0.0177371 -0.000478197 0.0
0.017617 -0.000446205 0.0
0.0175022 -0.000415437 0.0
0.0173922 -0.000386187 0.0
0.017287 -0.000358536 0.0
0.0171866 -0.000332286 0.0
0.0170907 -0.000307434 0.0
0.0169989 -0.000284104 0.0
0.0169112 -0.000262227 0.0
0.0168275 -0.000241699 0.0
0.0167475 -0.000222523 0.0
0.0166708 -0.000204697 0.0
0.0165976 -0.00018814 0.0
0.0165276 -0.000172793 0.0
0.0164604 -0.000158622 0.0
0.0163961 -0.00014558 0.0
0.0163344 -0.000133606 0.0
0.0162753 -0.000122644 0.0
0.0162185 -0.00011264 0.0
0.0161639 -0.000103546 0.0
0.0161114 -9.53093e-05 0.0
0.0160609 -8.78728e-05 0.0
0.0160122 -8.11839e-05 0.0
0.0159652 -7.52014e-05 0.0
0.0159198 -6.98761e-05 0.0
0.015876 -6.51552e-05 0.0
0.0158335 -6.09968e-05 0.0
0.0157924 -5.73646e-05 0.0
0.0157525 -5.42135e-05 0.0
0.0157138 -5.15014e-05 0.0
0.0156761 -4.9196e-05 0.0
0.0156395 -4.72647e-05 0.0
0.0156038 -4.567e-05 0.0
0.015569 -4.43809e-05 0.0
0.0155351 -4.33718e-05 0.0
0.0155019 -4.26148e-05 0.0
0.0154694 -4.20814e-05 0.0
0.0154376 -4.17494e-05 0.0
0.0154065 -4.15982e-05 0.0
0.0153759 -4.16056e-05 0.0
0.0153459 -4.17513e-05 0.0
0.0153165 -4.20193e-05 0.0
0.0152875 -4.23933e-05 0.0
0.015259 -4.28569e-05 0.0
0.015231 -4.33964e-05 0.0
0.0152033 -4.39999e-05 0.0
0.0151761 -4.46552e-05 0.0
0.0151492 -4.53512e-05 0.0
0.0151227 -4.60784e-05 0.0
0.0150965 -4.68283e-05 0.0
0.0150707 -4.75923e-05 0.0
0.0150451 -4.8363e-05 0.0
0.0150199 -4.91342e-05 0.0
0.0149949 -4.98998e-05 0.0
0.0149702 -5.06541e-05 0.0
0.0149458 -5.13925e-05 0.0
0.0149217 -5.21107e-05 0.0
0.0148978 -5.28047e-05 0.0
0.0148741 -5.3471e-05 0.0
0.0148507 -5.41065e-05 0.0
0.0148275 -5.47085e-05 0.0
0.0148046 -5.52744e-05 0.0
0.0147819 -5.5802e-05 0.0
0.0147594 -5.62894e-05 0.0
0.0147371 -5.67346e-05 0.0
0.0147151 -5.7136e-05 0.0
0.0146933 -5.7492e-05 0.0
0.0146717 -5.78014e-05 0.0
0.0146503 -5.80626e-05 0.0
0.0146291 -5.82744e-05 0.0
0.0146082 -5.84354e-05 0.0
0.0145875 -5.85445e-05 0.0
0.014567 -5.86002e-05 0.0
0.0145468 -5.86011e-05 0.0
0.0145268 -5.85459e-05 0.0
0.014507 -5.84328e-05 0.0
0.0144874 -5.82601e-05 0.0
0.0144681 -5.8026e-05 0.0
0.0144491 -5.77283e-05 0.0
0.0144303 -5.73648e-05 0.0
0.0144117 -5.69329e-05 0.0
0.0143934 -5.64296e-05 0.0
0.0143754 -5.5852e-05 0.0
0.0143576 -5.51966e-05 0.0
0.0143402 -5.44593e-05 0.0
0.014323 -5.36361e-05 0.0
0.0143061 -5.27224e-05 0.0
0.0142895 -5.1713e-05 0.0
0.0142733 -5.06023e-05 0.0
0.0142574 -4.93844e-05 0.0
0.0142418 -4.8053e-05 0.0
0.0142266 -4.66009e-05 0.0
0.0142118 -4.50206e-05 0.0
0.0141973 -4.3305e-05 0.0
0.0141833 -4.14453e-05 0.0
0.0141697 -3.94341e-05 0.0
0.0141565 -3.72617e-05 0.0
0.0141439 -3.49219e-05 0.0
0.0141317 -3.24047e-05 0.0
0.0141201 -2.97075e-05 0.0
0.014109 -2.68174e-05 0.0
0.0140986 -2.37395e-05 0.0
0.0140888 -2.04662e-05 0.0
0.0140797 -1.70103e-05 0.0
0.0140714 -1.33564e-05 0.0
0.0140639 -9.5529e-06 0.0
0.0140573 -5.58821e-06 0.0
0.0140517 -1.52481e-06 0.0
0.0140471 2.62788e-06 0.0
0.0140438 6.64341e-06 0.0
0.0140416 1.02239e-05 0.0
0.0140404 1.19524e-05 0.0
0.0 0.0 0.0
0.0 0.0 0.0
0.0193809 -0.000335179 0.0
0.0194816 -0.00064069 0.0
0.0195225 -0.00106264 0.0
0.0198328 -0.00140891 0.0
0.0201945 -0.00162899 0.0
0.020448 -0.00192546 0.0
0.0207106 -0.00198441 0.0
0.0210142 -0.00207834 0.0
0.0212836 -0.00216252 0.0
0.021457 -0.00213684 0.0
0.0215523 -0.00206017 0.0
0.0216483 -0.00202304 0.0
0.0217241 -0.00193815 0.0
0.0217152 -0.00182868 0.0
0.0216568 -0.0017276 0.0
0.0216109 -0.00163356 0.0
0.0215493 -0.00151531 0.0
0.0214376 -0.00140793 0.0
0.0213119 -0.00131024 0.0
0.0211979 -0.00120972 0.0
0.0210714 -0.00110559 0.0
0.0209241 -0.00101554 0.0
0.0207798 -0.000928925 0.0
0.0206423 -0.000840878 0.0
0.0204979 -0.000757309 0.0
0.0203496 -0.000682582 0.0
0.0202086 -0.000608403 0.0
0.0200714 -0.000535414 0.0
0.0199332 -0.000467658 0.0
0.0197985 -0.000403985 0.0
0.0196708 -0.000340332 0.0
0.0195466 -0.000278871 0.0
0.0194253 -0.000220858 0.0
0.0193101 -0.000164033 0.0
0.0192011 -0.000107254 0.0
0.0190964 -5.22718e-05 0.0
0.0189971 1.46178e-06 0.0
0.0189047 5.56777e-05 0.0
0.0188182 0.000109975 0.0
0.0187372 0.00016368 0.0
0.0186633 0.00021821 0.0
0.0185968 0.000274188 0.0
0.0185366 0.000330716 0.0
0.0184837 0.000388453 0.0
0.0184395 0.000448655 0.0
0.0184032 0.000510815 0.0
0.0183745 0.000574695 0.0
0.0183558 0.000641692 0.0
0.0183474 0.000711856 0.0
0.0183478 0.000784824 0.0
0.0183588 0.000861165 0.0
0.0183825 0.000941228 0.0
0.0184181 0.0010249 0.0
0.0184653 0.00111305 0.0
0.0185268 0.00120429 0.0
0.0186031 0.00129871 0.0
0.0186945 0.0013984 0.0
0.0188015 0.00150177 0.0
0.0189247 0.00160512 0.0
0.0190663 0.00171283 0.0
0.0192273 0.00182482 0.0
0.0194049 0.00193493 0.0
0.0196009 0.00204366 0.0
0.01982 0.00215607 0.0
0.0200586 0.00226549 0.0
0.0203125 0.00236876 0.0
0.0205887 0.0024691 0.0
0.0208874 0.0025659 0.0
0.0212 0.00265358 0.0
0.0215284 0.00273249 0.0
0.0218785 0.00280155 0.0
0.0222418 0.00286144 0.0
0.0226149 0.00291101 0.0
0.0230019 0.00294289 0.0
0.0233997 0.00296289 0.0
0.023803 0.00297596 0.0
0.0242126 0.00296914 0.0
0.0246236 0.00294313 0.0
0.0250364 0.00291553 0.0
0.0254519 0.00287003 0.0
0.0258594 0.00280423 0.0
0.0262592 0.00273513 0.0
0.0266598 0.00265355 0.0
0.0270504 0.00255536 0.0
0.0274239 0.00245554 0.0
0.0277896 0.0023414 0.0
0.0281449 0.00221809 0.0
0.028483 0.00209682 0.0
0.0288041 0.00196356 0.0
0.0291078 0.00182214 0.0
0.0293952 0.00168615 0.0
0.0296666 0.00154546 0.0
0.0299142 0.00139953 0.0
0.0301413 0.00125841 0.0
0.0303544 0.00111811 0.0
0.0305475 0.00097829 0.0
0.0307168 0.000845138 0.0
0.0308704 0.000713754 0.0
0.0310087 0.000585333 0.0
0.0311276 0.00046638 0.0
0.0312288 0.00035055 0.0
0.0313155 0.000237389 0.0
0.031388 0.000131653 0.0
0.0314456 3.20757e-05 0.0
0.0314876 -6.56146e-05 0.0
0.031516 -0.000159131 0.0
0.0315331 -0.000247043 0.0
0.0315369 -0.000331892 0.0
0.0315253 -0.000414448 0.0
0.0315016 -0.0004934 0.0
0.0314673 -0.000569597 0.0
0.0314194 -0.000642272 0.0
0.031357 -0.000712043 0.0
0.0312838 -0.000779598 0.0
0.0311998 -0.000843947 0.0
0.0311031 -0.000902812 0.0
0.0309947 -0.000959327 0.0
0.0308765 -0.00101408 0.0
0.0307485 -0.0010628 0.0
0.0306114 -0.0011071 0.0
0.0304643 -0.00115124 0.0
0.030308 -0.00119038 0.0
0.0301456 -0.00122545 0.0
0.0299751 -0.00125891 0.0
0.0297948 -0.00128926 0.0
0.0296083 -0.00131666 0.0
0.0294168 -0.00134188 0.0
0.029217 -0.00136351 0.0
0.0290099 -0.00138296 0.0
0.0287984 -0.00140156 0.0
0.0285818 -0.0014158 0.0
0.0283593 -0.0014272 0.0
0.0281317 -0.00143873 0.0
0.0279001 -0.00144719 0.0
0.0276654 -0.00145205 0.0
0.0274266 -0.0014564 0.0
0.0271837 -0.00145914 0.0
0.0269387 -0.00145946 0.0
0.0266919 -0.00145816 0.0
0.0264417 -0.00145533 0.0
0.0261894 -0.00145175 0.0
0.0259361 -0.001447 0.0
0.0256811 -0.00143982 0.0
0.0254246 -0.00143257 0.0
0.0251669 -0.00142522 0.0
0.0249086 -0.00141545 0.0
0.0246498 -0.00140507 0.0
0.0243902 -0.00139498 0.0
0.0241302 -0.00138335 0.0
0.0238705 -0.00137053 0.0
0.0236107 -0.00135765 0.0
0.023351 -0.00134386 0.0
0.023092 -0.00132887 0.0
0.0228337 -0.00131324 0.0
0.0225759 -0.00129693 0.0
0.0223195 -0.00127954 0.0
0.0220645 -0.00126112 0.0
0.0218108 -0.00124193 0.0
0.0215588 -0.00122181 0.0
0.0213091 -0.00120043 0.0
0.0210616 -0.00117802 0.0
0.0208162 -0.00115469 0.0
0.0205738 -0.00113015 0.0
0.0203347 -0.00110428 0.0
0.0200987 -0.00107742 0.0
0.0198661 -0.00104949 0.0
0.0196377 -0.00102022 0.0
0.0194137 -0.000989828 0.0
0.0191939 -0.000958625 0.0
0.0189788 -0.000926371 0.0
0.018769 -0.000893031 0.0
0.0185646 -0.000859147 0.0
0.0183656 -0.000824793 0.0
0.0181721 -0.00078965 0.0
0.0179847 -0.000754177 0.0
0.0178036 -0.000718931 0.0
0.0176283 -0.000683484 0.0
0.0174591 -0.0006479 0.0
0.0172964 -0.000613019 0.0
0.0171399 -0.000578724 0.0
0.0169894 -0.000544609 0.0
0.016845 -0.000511339 0.0
0.0167069 -0.000479256 0.0
0.0165747 -0.000447898 0.0
0.0164481 -0.000417384 0.0
0.0163272 -0.00038825 0.0
0.0162119 -0.000360342 0.0
0.0161019 -0.000333422 0.0
0.015997 -0.000307776 0.0
0.015897 -0.000283565 0.0
0.0158018 -0.000260557 0.0
0.0157111 -0.000238731 0.0
0.0156247 -0.000218249 0.0
0.0155425 -0.000199071 0.0
0.0154643 -0.000181057 0.0
0.0153898 -0.000164229 0.0
0.0153187 -0.000148614 0.0
0.0152511 -0.000134135 0.0
0.0151866 -0.000120716 0.0
0.0151251 -0.00010835 0.0
0.0150664 -9.7004e-05 0.0
0.0150103 -8.66139e-05 0.0
0.0149568 -7.71231e-05 0.0
0.0149055 -6.84979e-05 0.0
0.0148564 -6.0696e-05 0.0
0.0148093 -5.36641e-05 0.0
0.0147642 -4.73492e-05 0.0
0.0147207 -4.17126e-05 0.0
0.014679 -3.67152e-05 0.0
0.0146388 -3.23089e-05 0.0
0.0146 -2.8447e-05 0.0
0.0145625 -2.50958e-05 0.0
0.0145263 -2.22197e-05 0.0
0.0144912 -1.97766e-05 0.0
0.0144571 -1.77292e-05 0.0
0.014424 -1.60501e-05 0.0
0.0143919 -1.47076e-05 0.0
0.0143605 -1.3667e-05 0.0
0.01433 -1.29012e-05 0.0
0.0143001 -1.23874e-05 0.0
0.014271 -1.20986e-05 0.0
0.0142424 -1.2009e-05 0.0
0.0142144 -1.20991e-05 0.0
0.0141869 -1.23498e-05 0.0
0.0141599 -1.274e-05 0.0
0.0141334 -1.32517e-05 0.0
0.0141073 -1.38705e-05 0.0
0.0140815 -1.45811e-05 0.0
0.0140561 -1.53684e-05 0.0
0.0140311 -1.62202e-05 0.0
0.0140064 -1.71256e-05 0.0
0.0139819 -1.80734e-05 0.0
0.0139578 -1.90531e-05 0.0
0.0139339 -2.00567e-05 0.0
0.0139102 -2.10762e-05 0.0
0.0138868 -2.21038e-05 0.0
0.0138635 -2.31328e-05 0.0
0.0138405 -2.41576e-05 0.0
0.0138177 -2.51729e-05 0.0
0.0137951 -2.61734e-05 0.0
0.0137727 -2.71551e-05 0.0
0.0137505 -2.81143e-05 0.0
0.0137284 -2.90473e-05 0.0
0.0137065 -2.99512e-05 0.0
0.0136848 -3.08234e-05 0.0
0.0136632 -3.16614e-05 0.0
0.0136418 -3.24631e-05 0.0
0.0136206 -3.32267e-05 0.0
0.0135996 -3.39506e-05 0.0
0.0135787 -3.46332e-05 0.0
0.0135579 -3.52734e-05 0.0
0.0135374 -3.58698e-05 0.0
0.013517 -3.64216e-05 0.0
0.0134968 -3.69276e-05 0.0
0.0134767 -3.73869e-05 0.0
0.0134569 -3.77987e-05 0.0
0.0134372 -3.81619e-05 0.0
0.0134177 -3.84758e-05 0.0
0.0133983 -3.87394e-05 0.0
0.0133792 -3.89515e-05 0.0
0.0133603 -3.91112e-05 0.0
0.0133415 -3.92173e-05 0.0
0.013323 -3.92683e-05 0.0
0.0133047 -3.92629e-05 0.0
0.0132866 -3.91994e-05 0.0
0.0132687 -3.90758e-05 0.0
0.013251 -3.88902e-05 0.0
0.0132336 -3.86402e-05 0.0
0.0132164 -3.83234e-05 0.0
0.0131995 -3.79366e-05 0.0
0.0131829 -3.74768e-05 0.0
0.0131665 -3.69406e-05 0.0
0.0131504 -3.63241e-05 0.0
0.0131346 -3.56227e-05 0.0
0.0131191 -3.48323e-05 0.0
0.0131039 -3.39481e-05 0.0
0.0130891 -3.29639e-05 0.0
0.0130746 -3.18745e-05 0.0
0.0130605 -3.06744e-05 0.0
0.0130468 -2.93574e-05 0.0
0.0130334 -2.79152e-05 0.0
0.0130205 -2.63442e-05 0.0
0.013008 -2.46367e-05 0.0
0.0129961 -2.27877e-05 0.0
0.0129846 -2.07891e-05 0.0
0.0129736 -1.86437e-05 0.0
0.0129632 -1.63416e-05 0.0
0.0129534 -1.3891e-05 0.0
0.0129443 -1.12858e-05 0.0
0.0129358 -8.54927e-06 0.0
0.0129281 -5.67556e-06 0.0
0.0129211 -2.71225e-06 0.0
0.012915 3.49255e-07 0.0
0.0129099 3.41513e-06 0.0
0.0129057 6.47691e-06 0.0
0.0129026 9.33897e-06 0.0
0.0129006 1.17832e-05 0.0
0.0128995 1.29287e-05 0.0
0.0 0.0 0.0
0.0 0.0 0.0
0.0191833 -0.000445283 0.0
0.0193965 -0.000769591 0.0
0.0197432 -0.00124594 0.0
0.0201204 -0.001886 0.0
0.0204528 -0.0019377 0.0
0.0207467 -0.00210137 0.0
0.0210998 -0.00235522 0.0
0.0213856 -0.00238106 0.0
0.0215039 -0.00228832 0.0
0.0216113 -0.0022377 0.0
0.0216961 -0.00215147 0.0
0.0216488 -0.00203731 0.0
0.0215453 -0.00189697 0.0
0.021475 -0.00176843 0.0
0.0213646 -0.00163651 0.0
0.021179 -0.00151483 0.0
0.0209985 -0.00138461 0.0
0.0208412 -0.00126313 0.0
0.0206539 -0.00115153 0.0
0.0204431 -0.00104844 0.0
0.0202516 -0.000943012 0.0
0.020069 -0.00084687 0.0
0.0198722 -0.000759806 0.0
0.0196771 -0.000676547 0.0
0.0194981 -0.000594631 0.0
0.019322 -0.000520528 0.0
0.019144 -0.000451637 0.0
0.0189754 -0.000384531 0.0
0.0188174 -0.000320244 0.0
0.0186622 -0.000261058 0.0
0.0185119 -0.000204203 0.0
0.0183714 -0.000148556 0.0
0.0182381 -9.54634e-05 0.0
0.0181095 -4.4925e-05 0.0
0.0179885 4.91168e-06 0.0
0.017876 5.39807e-05 0.0
0.0177698 0.000101581 0.0
0.0176701 0.000148582 0.0
0.0175788 0.000195922 0.0
0.0174951 0.000243137 0.0
0.0174181 0.000290228 0.0
0.0173496 0.000338268 0.0
0.0172897 0.000387419 0.0
0.0172372 0.000437335 0.0
0.0171934 0.000488601 0.0
0.0171596 0.000541907 0.0
0.0171347 0.000597025 0.0
0.0171186 0.000654234 0.0
0.017114 0.000713811 0.0
0.0171207 0.00077598 0.0
0.0171374 0.000841271 0.0
0.0171661 0.000909599 0.0
0.0172088 0.000979882 0.0
0.0172642 0.00105403 0.0
0.0173326 0.00113261 0.0
0.0174165 0.0012124 0.0
0.0175162 0.00129389 0.0
0.0176313 0.00138167 0.0
0.0177634 0.00147099 0.0
0.0179127 0.00155823 0.0
0.0180799 0.00164953 0.0
0.0182663 0.00174512 0.0
0.0184707 0.00183519 0.0
0.0186929 0.00192348 0.0
0.0189359 0.00201552 0.0
0.0191982 0.00210309 0.0
0.0194765 0.00218125 0.0
0.019773 0.00225878 0.0
0.0200896 0.00233239 0.0
0.0204207 0.00239387 0.0
0.0207645 0.00244731 0.0
0.021124 0.00249507 0.0
0.0214977 0.0025308 0.0
0.0218784 0.00255438 0.0
0.0222663 0.00256904 0.0
0.0226646 0.00257048 0.0
0.0230675 0.00256034 0.0
0.0234683 0.00254053 0.0
0.0238718 0.00250663 0.0
0.0242764 0.00245859 0.0
0.0246743 0.0024078 0.0
0.0250667 0.00234293 0.0
0.0254529 0.00226142 0.0
0.0258287 0.00217983 0.0
0.0261957 0.0020921 0.0
0.0265499 0.00198692 0.0
0.0268873 0.00188084 0.0
0.0272135 0.00177257 0.0
0.0275249 0.00165525 0.0
0.0278158 0.00153593 0.0
0.0280897 0.00141374 0.0
0.0283475 0.00128985 0.0
0.0285849 0.0011683 0.0
0.0288034 0.0010447 0.0
0.0290024 0.000920502 0.0
0.0291814 0.00080368 0.0
0.0293428 0.000688305 0.0
0.0294857 0.000572976 0.0
0.0296084 0.000465508 0.0
0.0297143 0.00036253 0.0
0.0298042 0.000261205 0.0
0.0298768 0.00016642 0.0
0.0299328 7.61856e-05 0.0
0.0299737 -1.09681e-05 0.0
0.0300004 -9.32856e-05 0.0
0.0300125 -0.000171446 0.0
0.0300096 -0.000247264 0.0
0.0299933 -0.000319326 0.0
0.0299643 -0.000387588 0.0
0.0299219 -0.000453557 0.0
0.0298656 -0.000517705 0.0
0.0297969 -0.000577852 0.0
0.0297168 -0.000634981 0.0
0.0296241 -0.00069035 0.0
0.0295183 -0.000742756 0.0
0.0294022 -0.000791188 0.0
0.029276 -0.000837112 0.0
0.0291381 -0.000879688 0.0
0.02899 -0.000919535 0.0
0.0288336 -0.000956604 0.0
0.0286681 -0.000989238 0.0
0.0284936 -0.00101978 0.0
0.0283114 -0.00104956 0.0
0.0281219 -0.00107418 0.0
0.0279255 -0.00109605 0.0
0.0277222 -0.00111819 0.0
0.0275121 -0.00113713 0.0
0.0272969 -0.00115188 0.0
0.0270766 -0.00116618 0.0
0.0268502 -0.00117922 0.0
0.0266192 -0.0011886 0.0
0.0263849 -0.00119642 0.0
0.0261462 -0.00120275 0.0
0.0259034 -0.00120714 0.0
0.0256582 -0.00121009 0.0
0.0254101 -0.00121092 0.0
0.0251595 -0.00120999 0.0
0.0249068 -0.00120888 0.0
0.0246522 -0.00120585 0.0
0.0243965 -0.00120074 0.0
0.0241398 -0.00119574 0.0
0.0238816 -0.00118979 0.0
0.0236229 -0.00118204 0.0
0.0233643 -0.00117404 0.0
0.023105 -0.00116541 0.0
0.0228455 -0.00115582 0.0
0.0225866 -0.00114574 0.0
0.0223279 -0.00113489 0.0
0.0220695 -0.0011235 0.0
0.0218119 -0.00111167 0.0
0.0215552 -0.00109897 0.0
0.0212996 -0.00108574 0.0
0.0210451 -0.00107211 0.0
0.0207919 -0.00105748 0.0
0.0205405 -0.0010423 0.0
0.0202908 -0.00102673 0.0
0.020043 -0.0010101 0.0
0.0197974 -0.000992608 0.0
0.0195543 -0.000974792 0.0
0.0193137 -0.00095606 0.0
0.0190759 -0.000936101 0.0
0.0188412 -0.000915561 0.0
0.0186097 -0.000894432 0.0
0.0183818 -0.000872053 0.0
0.0181577 -0.000848653 0.0
0.0179376 -0.000824716 0.0
0.0177218 -0.000799942 0.0
0.0175106 -0.000774041 0.0
0.0173041 -0.000747411 0.0
0.0171026 -0.000720276 0.0
0.0169065 -0.000692464 0.0
0.0167159 -0.000663972 0.0
0.0165306 -0.00063505 0.0
0.0163513 -0.000605955 0.0
0.0161781 -0.000576726 0.0
0.0160107 -0.000547244 0.0
0.0158492 -0.000517775 0.0
0.0156941 -0.000488802 0.0
0.0155453 -0.000460111 0.0
0.0154022 -0.000431544 0.0
0.0152653 -0.000403711 0.0
0.0151345 -0.000376791 0.0
0.0150095 -0.000350335 0.0
0.0148902 -0.000324586 0.0
0.0147765 -0.000300026 0.0
0.0146683 -0.000276416 0.0
0.0145654 -0.000253553 0.0
0.0144675 -0.000231811 0.0
0.0143746 -0.000211291 0.0
0.0142865 -0.00019172 0.0
0.0142028 -0.000173132 0.0
0.0141234 -0.000155739 0.0
0.0140481 -0.000139441 0.0
0.0139768 -0.0001241 0.0
0.0139091 -0.000109789 0.0
0.0138448 -9.65472e-05 0.0
0.0137839 -8.42608e-05 0.0
0.0137262 -7.28788e-05 0.0
0.0136713 -6.24232e-05 0.0
0.0136192 -5.28591e-05 0.0
0.0135696 -4.41096e-05 0.0
0.0135225 -3.61439e-05 0.0
0.0134775 -2.89409e-05 0.0
0.0134347 -2.2455e-05 0.0
0.0133938 -1.66346e-05 0.0
0.0133547 -1.14449e-05 0.0
0.0133172 -6.85137e-06 0.0
0.0132813 -2.81562e-06 0.0
0.0132469 7.04325e-07 0.0
0.0132137 3.74475e-06 0.0
0.0131818 6.33718e-06 0.0
0.0131509 8.51378e-06 0.0
0.0131211 1.03114e-05 0.0
0.0130922 1.1761e-05 0.0
0.0130642 1.28881e-05 0.0
0.013037 1.37207e-05 0.0
0.0130104 1.42892e-05 0.0
0.0129845 1.46171e-05 0.0
0.0129593 1.47251e-05 0.0
0.0129345 1.46372e-05 0.0
0.0129103 1.4376e-05 0.0
0.0128865 1.39587e-05 0.0
0.0128631 1.34025e-05 0.0
0.0128401 1.27261e-05 0.0
0.0128174 1.19454e-05 0.0
0.012795 1.1073e-05 0.0
0.0127729 1.01228e-05 0.0
0.012751 9.1081e-06 0.0
0.0127294 8.03979e-06 0.0
0.0127079 6.92729e-06 0.0
0.0126867 5.78082e-06 0.0
0.0126656 4.60946e-06 0.0
0.0126447 3.42043e-06 0.0
0.012624 2.22065e-06 0.0
0.0126034 1.01719e-06 0.0
0.0125829 -1.84199e-07 0.0
0.0125625 -1.37869e-06 0.0
0.0125423 -2.56146e-06 0.0
0.0125221 -3.72802e-06 0.0
0.0125021 -4.87484e-06 0.0
0.0124821 -5.99877e-06 0.0
0.0124623 -7.09669e-06 0.0
0.0124426 -8.16595e-06 0.0
0.0124229 -9.20445e-06 0.0
0.0124034 -1.02102e-05 0.0
0.012384 -1.11814e-05 0.0
0.0123646 -1.21165e-05 0.0
0.0123454 -1.30143e-05 0.0
0.0123263 -1.38737e-05 0.0
0.0123073 -1.46936e-05 0.0
0.0122884 -1.54731e-05 0.0
0.0122696 -1.62115e-05 0.0
0.0122509 -1.69082e-05 0.0
0.0122324 -1.75624e-05 0.0
0.0122139 -1.81735e-05 0.0
0.0121957 -1.87411e-05 0.0
0.0121775 -1.92644e-05 0.0
0.0121595 -1.9743e-05 0.0
0.0121416 -2.01761e-05 0.0
0.0121239 -2.05631e-05 0.0
0.0121064 -2.09031e-05 0.0
0.012089 -2.11953e-05 0.0
0.0120718 -2.14387e-05 0.0
0.0120548 -2.16322e-05 0.0
0.0120379 -2.17746e-05 0.0
0.0120213 -2.18643e-05 0.0
0.0120049 -2.18997e-05 0.0
0.0119886 -2.18791e-05 0.0
0.0119726 -2.18003e-05 0.0
0.0119569 -2.1661e-05 0.0
0.0119413 -2.14588e-05 0.0
0.0119261 -2.11908e-05 0.0
0.011911 -2.08537e-05 0.0
0.0118963 -2.04444e-05 0.0
0.0118819 -1.9959e-05 0.0
0.0118677 -1.93935e-05 0.0
0.0118539 -1.87435e-05 0.0
0.0118404 -1.80053e-05 0.0
0.0118272 -1.71729e-05 0.0
0.0118145 -1.62427e-05 0.0
0.0118021 -1.52087e-05 0.0
0.0117901 -1.4068e-05 0.0
0.0117786 -1.28132e-05 0.0
0.0117675 -1.14445e-05 0.0
0.0117569 -9.95449e-06 0.0
0.0117468 -8.34663e-06 0.0
0.0117373 -6.6155e-06 0.0
0.0117283 -4.77452e-06 0.0
0.0117199 -2.81463e-06 0.0
0.0117122 -7.67642e-07 0.0
0.0117052 1.36266e-06 0.0
0.0116989 3.53316e-06 0.0
0.0116935 5.74412e-06 0.0
0.0116888 7.88264e-06 0.0
0.0116851 9.94847e-06 0.0
0.0116824 1.17742e-05 0.0
0.0116806 1.32346e-05 0.0
0.0116795 1.38939e-05 0.0
0.0 0.0 0.0
0.0 0.0 0.0
0.0192793 -0.000368106 0.0
0.0195829 -0.00131236 0.0
0.0200366 -0.00167377 0.0
0.0202908 -0.00204731 0.0
0.0206082 -0.00239632 0.0
0.0211023 -0.00250843 0.0
0.0214391 -0.00259459 0.0
0.0215662 -0.00251904 0.0
0.0215551 -0.00234792 0.0
0.0215015 -0.00225523 0.0
0.0214297 -0.00209609 0.0
0.0212829 -0.00190319 0.0
0.0210509 -0.00173743 0.0
0.0208087 -0.00160814 0.0
0.0205858 -0.00143941 0.0
0.0203371 -0.00128652 0.0
0.0200604 -0.00116565 0.0
0.0197964 -0.00104967 0.0
0.0195491 -0.000922057 0.0
0.0192946 -0.000816827 0.0
0.0190401 -0.00072703 0.0
0.0188022 -0.000634929 0.0
0.018575 -0.000545273 0.0
0.0183498 -0.000471022 0.0
0.0181342 -0.000401642 0.0
0.0179321 -0.000331468 0.0
0.017738 -0.00026737 0.0
0.0175505 -0.000211156 0.0
0.0173738 -0.000155902 0.0
0.0172075 -0.00010186 0.0
0.0170485 -5.28448e-05 0.0
0.0168978 -6.9045e-06 0.0
0.016757 3.89466e-05 0.0
0.0166245 8.29805e-05 0.0
0.0164996 0.00012421 0.0
0.0163833 0.000164907 0.0
0.0162758 0.000205594 0.0
0.016176 0.000244958 0.0
0.0160842 0.00028363 0.0
0.0160014 0.000323026 0.0
0.0159268 0.000362518 0.0
0.0158601 0.00040185 0.0
0.0158027 0.000442164 0.0
0.0157545 0.000483728 0.0
0.0157148 0.000525915 0.0
0.0156844 0.000569445 0.0
0.0156648 0.000614833 0.0
0.0156551 0.000661841 0.0
0.0156552 0.000710666 0.0
0.0156671 0.000761724 0.0
0.0156914 0.000814739 0.0
0.0157269 0.000870534 0.0
0.015775 0.000928859 0.0
0.0158373 0.000988767 0.0
0.0159138 0.00105142 0.0
0.0160044 0.00111792 0.0
0.0161101 0.00118503 0.0
0.016232 0.0012533 0.0
0.0163713 0.00132567 0.0
0.0165268 0.00139944 0.0
0.0166986 0.00147096 0.0
0.0168897 0.00154458 0.0
0.0171 0.00162003 0.0
0.0173256 0.0016921 0.0
0.0175693 0.0017608 0.0
0.0178338 0.00182987 0.0
0.0181144 0.00189549 0.0
0.018409 0.00195446 0.0
0.0187223 0.00200787 0.0
0.0190515 0.00205723 0.0
0.0193919 0.00209997 0.0
0.0197447 0.00213209 0.0
0.02011 0.00215556 0.0
0.0204838 0.0021742 0.0
0.0208647 0.00218211 0.0
0.0212503 0.00217529 0.0
0.0216392 0.0021639 0.0
0.0220319 0.00214439 0.0
0.0224228 0.00210949 0.0
0.0228078 0.00206709 0.0
0.0231921 0.00201966 0.0
0.0235723 0.00195829 0.0
0.0239391 0.00189215 0.0
0.0242971 0.00181928 0.0
0.0246479 0.00173531 0.0
0.0249839 0.00165041 0.0
0.0253043 0.00156168 0.0
0.0256108 0.00146117 0.0
0.0259009 0.00136235 0.0
0.026175 0.00126416 0.0
0.0264298 0.00115817 0.0
0.0266641 0.00105264 0.0
0.0268821 0.00094988 0.0
0.0270817 0.000845802 0.0
0.0272581 0.000743449 0.0
0.0274161 0.000643927 0.0
0.0275576 0.000545207 0.0
0.0276783 0.000452205 0.0
0.0277794 0.000362852 0.0
0.0278643 0.000274244 0.0
0.0279319 0.000191363 0.0
0.027982 0.000114335 0.0
0.0280158 3.86843e-05 0.0
0.0280342 -3.35876e-05 0.0
0.0280379 -0.000100548 0.0
0.0280271 -0.000164291 0.0
0.0280011 -0.000226114 0.0
0.0279617 -0.000284521 0.0
0.0279099 -0.000340018 0.0
0.0278447 -0.000392841 0.0
0.0277657 -0.000443153 0.0
0.0276752 -0.000491478 0.0
0.0275733 -0.000537674 0.0
0.0274591 -0.000580145 0.0
0.0273334 -0.000620413 0.0
0.0271977 -0.000659537 0.0
0.0270517 -0.000695356 0.0
0.0268961 -0.000726991 0.0
0.0267314 -0.000757886 0.0
0.0265576 -0.000786649 0.0
0.0263765 -0.000811344 0.0
0.0261884 -0.000834195 0.0
0.0259919 -0.000855429 0.0
0.0257889 -0.00087407 0.0
0.0255812 -0.000891009 0.0
0.0253671 -0.000905289 0.0
0.0251466 -0.00091772 0.0
0.0249221 -0.000929645 0.0
0.0246937 -0.000939021 0.0
0.0244604 -0.000945418 0.0
0.0242232 -0.000951885 0.0
0.0239831 -0.000957346 0.0
0.0237405 -0.000959354 0.0
0.0234952 -0.00096055 0.0
0.0232471 -0.000961541 0.0
0.0229976 -0.000960573 0.0
0.0227474 -0.000957948 0.0
0.0224954 -0.000954631 0.0
0.0222422 -0.00095058 0.0
0.0219891 -0.000945752 0.0
0.0217358 -0.000939369 0.0
0.021482 -0.000932331 0.0
0.0212284 -0.000925646 0.0
0.0209754 -0.000917634 0.0
0.020723 -0.000908415 0.0
0.0204712 -0.0008998 0.0
0.0202201 -0.000890619 0.0
0.0199704 -0.000880138 0.0
0.0197219 -0.000869741 0.0
0.0194746 -0.000859245 0.0
0.0192289 -0.000847794 0.0
0.018985 -0.000835889 0.0
0.0187427 -0.000823872 0.0
0.0185024 -0.000811279 0.0
0.0182645 -0.00079799 0.0
0.0180288 -0.000784276 0.0
0.0177954 -0.000770239 0.0
0.0175649 -0.000755496 0.0
0.0173372 -0.000740011 0.0
0.0171123 -0.000724129 0.0
0.0168907 -0.000707745 0.0
0.0166727 -0.000690468 0.0
0.0164582 -0.000672522 0.0
0.0162473 -0.000654171 0.0
0.0160406 -0.000635093 0.0
0.0158383 -0.000615153 0.0
0.0156403 -0.000594733 0.0
0.0154468 -0.00057384 0.0
0.0152584 -0.000552207 0.0
0.0150752 -0.000530041 0.0
0.014897 -0.000507615 0.0
0.0147241 -0.000484744 0.0
0.014557 -0.000461481 0.0
0.0143957 -0.000438194 0.0
0.0142398 -0.00041481 0.0
0.0140897 -0.000391256 0.0
0.0139458 -0.000367953 0.0
0.0138077 -0.000344975 0.0
0.0136752 -0.000322057 0.0
0.0135486 -0.000299568 0.0
0.013428 -0.000277802 0.0
0.0133129 -0.000256438 0.0
0.0132032 -0.000235545 0.0
0.013099 -0.000215572 0.0
0.0130002 -0.000196379 0.0
0.0129064 -0.000177758 0.0
0.0128175 -0.000160003 0.0
0.0127334 -0.000143256 0.0
0.0126539 -0.000127269 0.0
0.0125787 -0.000112058 0.0
0.0125076 -9.7828e-05 0.0
0.0124406 -8.45084e-05 0.0
0.0123773 -7.19549e-05 0.0
0.0123176 -6.02472e-05 0.0
0.0122611 -4.94347e-05 0.0
0.0122079 -3.9415e-05 0.0
0.0121577 -3.01331e-05 0.0
0.0121102 -2.16281e-05 0.0
0.0120654 -1.38729e-05 0.0
0.012023 -6.7958e-06 0.0
0.0119828 -3.68916e-07 0.0
0.0119447 5.41243e-06 0.0
0.0119086 1.05895e-05 0.0
0.0118743 1.52094e-05 0.0
0.0118417 1.93006e-05 0.0
0.0118105 2.28852e-05 0.0
0.0117808 2.5999e-05 0.0
0.0117525 2.8679e-05 0.0
0.0117252 3.09545e-05 0.0
0.011699 3.28489e-05 0.0
0.0116739 3.43919e-05 0.0
0.0116496 3.56153e-05 0.0
0.0116261 3.65444e-05 0.0
0.0116033 3.71991e-05 0.0
0.0115812 3.76053e-05 0.0
0.0115597 3.77888e-05 0.0
0.0115387 3.77686e-05 0.0
0.0115182 3.7562e-05 0.0
0.0114981 3.71906e-05 0.0
0.0114783 3.66736e-05 0.0
0.0114589 3.60249e-05 0.0
0.0114398 3.52591e-05 0.0
0.0114209 3.43933e-05 0.0
0.0114023 3.34403e-05 0.0
0.0113839 3.24109e-05 0.0
0.0113656 3.1317e-05 0.0
0.0113474 3.01704e-05 0.0
0.0113294 2.898e-05 0.0
0.0113115 2.77538e-05 0.0
0.0112937 2.65009e-05 0.0
0.011276 2.52289e-05 0.0
0.0112583 2.39437e-05 0.0
0.0112407 2.26515e-05 0.0
0.0112232 2.13583e-05 0.0
0.0112057 2.0069e-05 0.0
0.0111882 1.87876e-05 0.0
0.0111708 1.75181e-05 0.0
0.0111534 1.62646e-05 0.0
0.011136 1.50298e-05 0.0
0.0111187 1.38164e-05 0.0
0.0111013 1.2627e-05 0.0
0.0110841 1.14639e-05 0.0
0.0110668 1.03287e-05 0.0
0.0110496 9.22309e-06 0.0
0.0110325 8.14853e-06 0.0
0.0110153 7.1062e-06 0.0
0.0109982 6.09702e-06 0.0
0.0109812 5.12194e-06 0.0
0.0109642 4.18174e-06 0.0
0.0109473 3.27699e-06 0.0
0.0109305 2.4082e-06 0.0
0.0109137 1.57589e-06 0.0
0.010897 7.80458e-07 0.0
0.0108803 2.22494e-08 0.0
0.0108638 -6.98383e-07 0.0
0.0108473 -1.38109e-06 0.0
0.010831 -2.02553e-06 0.0
0.0108147 -2.63134e-06 0.0
0.0107986 -3.19812e-06 0.0
0.0107826 -3.7254e-06 0.0
0.0107667 -4.21264e-06 0.0
0.010751 -4.65925e-06 0.0
0.0107354 -5.06454e-06 0.0
0.0107199 -5.42768e-06 0.0
0.0107046 -5.74766e-06 0.0
0.0106895 -6.02353e-06 0.0
0.0106745 -6.25401e-06 0.0
0.0106598 -6.43764e-06 0.0
0.0106452 -6.57277e-06 0.0
0.0106308 -6.65794e-06 0.0
0.0106167 -6.69083e-06 0.0
0.0106028 -6.66929e-06 0.0
0.0105891 -6.5909e-06 0.0
0.0105757 -6.4535e-06 0.0
0.0105626 -6.25326e-06 0.0
0.0105497 -5.98774e-06 0.0
0.0105371 -5.65359e-06 0.0
0.0105248 -5.24791e-06 0.0
0.0105129 -4.76516e-06 0.0
0.0105013 -4.20423e-06 0.0
0.0104901 -3.56027e-06 0.0
0.0104793 -2.83084e-06 0.0
0.0104689 -2.00965e-06 0.0
0.0104589 -1.10082e-06 0.0
0.0104494 -9.71879e-08 0.0
0.0104403 9.97195e-07 0.0
0.0104318 2.18603e-06 0.0
0.0104238 3.45097e-06 0.0
0.0104164 4.79888e-06 0.0
0.0104096 6.20001e-06 0.0
0.0104034 7.65012e-06 0.0
0.0103979 9.08933e-06 0.0
0.0103932 1.05079e-05 0.0
0.0103891 1.18236e-05 0.0
0.0103859 1.30206e-05 0.0
0.0103835 1.39264e-05 0.0
0.0103819 1.45598e-05 0.0
0.0103809 1.48462e-05 0.0
0.0 0.0 0.0
0.0 0.0 0.0
0.0194344 -0.00059072 0.0
0.0197161 -0.00166147 0.0
0.0201007 -0.00217909 0.0
0.0206791 -0.0023005 0.0
0.0212262 -0.00284344 0.0
0.0215356 -0.00293582 0.0
0.0214481 -0.0026063 0.0
0.021332 -0.00246956 0.0
0.0212933 -0.00229044 0.0
0.0210415 -0.00208035 0.0
0.0206235 -0.00183737 0.0
0.0203014 -0.00165782 0.0
0.0200286 -0.00146094 0.0
0.0196479 -0.00129353 0.0
0.0192476 -0.00113793 0.0
0.0189255 -0.00099746 0.0
0.0186135 -0.000862184 0.0
0.0182655 -0.000751237 0.0
0.0179443 -0.000646825 0.0
0.0176644 -0.000548043 0.0
0.0173836 -0.000459898 0.0
0.0171026 -0.000384139 0.0
0.0168503 -0.000310775 0.0
0.0166167 -0.000242437 0.0
0.0163853 -0.000182399 0.0
0.0161659 -0.000127376 0.0
0.0159666 -7.40429e-05 0.0
0.0157768 -2.51223e-05 0.0
0.0155937 1.91024e-05 0.0
0.0154239 6.14588e-05 0.0
0.015267 0.000102128 0.0
0.0151173 0.000139784 0.0
0.0149765 0.000175339 0.0
0.0148471 0.000210187 0.0
0.0147267 0.000243687 0.0
0.0146137 0.000275668 0.0
0.0145102 0.000307117 0.0
0.0144162 0.000338407 0.0
0.0143299 0.000368998 0.0
0.0142519 0.000399387 0.0
0.0141834 0.000430191 0.0
0.0141234 0.000461274 0.0
0.0140715 0.000492537 0.0
0.0140293 0.000524645 0.0
0.0139967 0.000557719 0.0
0.0139728 0.000591733 0.0
0.0139588 0.000626821 0.0
0.0139559 0.00066327 0.0
0.0139631 0.000701326 0.0
0.0139807 0.000741221 0.0
0.0140107 0.00078226 0.0
0.014053 0.000825043 0.0
0.014107 0.000870646 0.0
0.0141745 0.000917811 0.0
0.0142561 0.000965299 0.0
0.0143518 0.00101606 0.0
0.0144624 0.00106958 0.0
0.0145883 0.00112215 0.0
0.0147298 0.00117564 0.0
0.0148884 0.00123338 0.0
0.0150638 0.00129 0.0
0.0152546 0.00134407 0.0
0.0154632 0.00140056 0.0
0.0156904 0.0014576 0.0
0.015933 0.0015091 0.0
0.0161908 0.00155901 0.0
0.0164673 0.0016089 0.0
0.0167595 0.00165315 0.0
0.0170636 0.00169139 0.0
0.0173818 0.0017269 0.0
0.017715 0.0017564 0.0
0.0180576 0.00177835 0.0
0.0184075 0.00179466 0.0
0.0187673 0.00180298 0.0
0.0191346 0.00180352 0.0
0.0195033 0.00179801 0.0
0.019874 0.00178374 0.0
0.0202475 0.00175884 0.0
0.0206184 0.00173045 0.0
0.0209848 0.00169517 0.0
0.0213466 0.00164737 0.0
0.0217006 0.00159505 0.0
0.0220464 0.00154197 0.0
0.0223826 0.00147662 0.0
0.0227038 0.00140591 0.0
0.0230126 0.0013359 0.0
0.0233095 0.00125922 0.0
0.0235881 0.00117792 0.0
0.0238484 0.00109669 0.0
0.0240938 0.00101187 0.0
0.0243208 0.000927146 0.0
0.0245279 0.000842617 0.0
0.0247158 0.000755717 0.0
0.0248845 0.000671707 0.0
0.0250344 0.000590498 0.0
0.0251654 0.000508426 0.0
0.0252755 0.000429693 0.0
0.0253675 0.000355804 0.0
0.0254429 0.000282384 0.0
0.0254996 0.00021297 0.0
0.025538 0.000148273 0.0
0.0255612 8.511e-05 0.0
0.0255691 2.54396e-05 0.0
0.0255611 -2.95971e-05 0.0
0.0255379 -8.29276e-05 0.0
0.0255011 -0.000133846 0.0
0.0254516 -0.000180971 0.0
0.0253888 -0.000225637 0.0
0.0253125 -0.000269097 0.0
0.0252246 -0.000309865 0.0
0.025126 -0.000347916 0.0
0.0250157 -0.000384337 0.0
0.0248935 -0.000419209 0.0
0.0247618 -0.000451532 0.0
0.0246211 -0.000481816 0.0
0.0244699 -0.000509934 0.0
0.0243091 -0.000536293 0.0
0.0241411 -0.000560859 0.0
0.0239654 -0.000582716 0.0
0.0237814 -0.000602171 0.0
0.0235906 -0.000621307 0.0
0.0233938 -0.000637901 0.0
0.0231915 -0.000651335 0.0
0.0229835 -0.000664662 0.0
0.02277 -0.00067689 0.0
0.0225525 -0.000685861 0.0
0.0223316 -0.000693908 0.0
0.0221062 -0.000701609 0.0
0.0218771 -0.000707104 0.0
0.0216462 -0.000711092 0.0
0.0214129 -0.000714437 0.0
0.0211765 -0.000716327 0.0
0.0209386 -0.000717197 0.0
0.0206998 -0.000717175 0.0
0.0204597 -0.000715538 0.0
0.0202185 -0.000713515 0.0
0.0199768 -0.000710969 0.0
0.0197352 -0.000706813 0.0
0.0194938 -0.000702098 0.0
0.0192522 -0.000697431 0.0
0.0190111 -0.000691599 0.0
0.0187713 -0.000685115 0.0
0.0185322 -0.000678538 0.0
0.0182937 -0.000671406 0.0
0.0180569 -0.000663892 0.0
0.0178216 -0.00065598 0.0
0.0175875 -0.000647654 0.0
0.017355 -0.000639288 0.0
0.0171244 -0.000630483 0.0
0.0168958 -0.00062116 0.0
0.0166691 -0.000611853 0.0
0.0164445 -0.000602193 0.0
0.0162222 -0.000591963 0.0
0.0160023 -0.000581648 0.0
0.0157849 -0.000571025 0.0
0.0155701 -0.000559772 0.0
0.0153582 -0.00054832 0.0
0.0151491 -0.000536612 0.0
0.014943 -0.000524243 0.0
0.0147403 -0.000511439 0.0
0.0145409 -0.000498453 0.0
0.014345 -0.000484897 0.0
0.0141529 -0.000470694 0.0
0.0139647 -0.000456195 0.0
0.0137804 -0.000441348 0.0
0.0136005 -0.000425861 0.0
0.0134249 -0.000409888 0.0
0.013254 -0.000393666 0.0
0.0130877 -0.000377077 0.0
0.0129264 -0.000360011 0.0
0.0127701 -0.000342652 0.0
0.0126189 -0.000325185 0.0
0.0124731 -0.000307566 0.0
0.0123325 -0.000289708 0.0
0.0121973 -0.000271808 0.0
0.0120676 -0.000254141 0.0
0.0119434 -0.000236571 0.0
0.0118245 -0.000218977 0.0
0.011711 -0.000201764 0.0
0.011603 -0.000185096 0.0
0.0115002 -0.000168611 0.0
0.0114025 -0.00015246 0.0
0.01131 -0.000137075 0.0
0.0112224 -0.000122252 0.0
0.0111396 -0.000107769 0.0
0.0110613 -9.39918e-05 0.0
0.0109875 -8.10348e-05 0.0
0.010918 -6.86002e-05 0.0
0.0108525 -5.67319e-05 0.0
0.0107909 -4.56874e-05 0.0
0.0107331 -3.53506e-05 0.0
0.0106788 -2.55626e-05 0.0
0.0106278 -1.64492e-05 0.0
0.0105799 -8.07929e-06 0.0
0.010535 -3.10099e-07 0.0
0.0104928 6.89546e-06 0.0
0.0104532 1.3463e-05 0.0
0.0104159 1.94225e-05 0.0
0.010381 2.48635e-05 0.0
0.0103481 2.97861e-05 0.0
0.0103171 3.4178e-05 0.0
0.0102879 3.80869e-05 0.0
0.0102604 4.156e-05 0.0
0.0102343 4.46032e-05 0.0
0.0102096 4.72332e-05 0.0
0.0101861 4.94874e-05 0.0
0.0101638 5.13957e-05 0.0
0.0101425 5.29734e-05 0.0
0.0101221 5.42419e-05 0.0
0.0101026 5.52286e-05 0.0
0.0100838 5.59578e-05 0.0
0.0100656 5.64463e-05 0.0
0.0100481 5.67128e-05 0.0
0.0100311 5.6779e-05 0.0
0.0100145 5.66648e-05 0.0
0.00999834 5.63846e-05 0.0
0.00998254 5.59535e-05 0.0
0.00996703 5.53894e-05 0.0
0.00995177 5.47072e-05 0.0
0.00993673 5.3918e-05 0.0
0.00992188 5.30344e-05 0.0
0.00990717 5.207e-05 0.0
0.00989258 5.10353e-05 0.0
0.00987808 4.99388e-05 0.0
0.00986366 4.87907e-05 0.0
0.00984928 4.76005e-05 0.0
0.00983494 4.63753e-05 0.0
0.00982062 4.51216e-05 0.0
0.00980631 4.3847e-05 0.0
0.009792 4.25579e-05 0.0
0.00977767 4.12588e-05 0.0
0.00976332 3.99549e-05 0.0
0.00974895 3.86511e-05 0.0
0.00973454 3.73513e-05 0.0
0.00972011 3.60588e-05 0.0
0.00970565 3.47771e-05 0.0
0.00969115 3.35092e-05 0.0
0.00967661 3.22574e-05 0.0
0.00966205 3.10239e-05 0.0
0.00964746 2.98109e-05 0.0
0.00963284 2.86201e-05 0.0
0.00961819 2.74528e-05 0.0
0.00960353 2.63103e-05 0.0
0.00958885 2.51939e-05 0.0
0.00957416 2.41044e-05 0.0
0.00955947 2.30425e-05 0.0
0.00954477 2.2009e-05 0.0
0.00953008 2.10044e-05 0.0
0.00951541 2.00291e-05 0.0
0.00950075 1.90835e-05 0.0
0.00948612 1.8168e-05 0.0
0.00947152 1.72826e-05 0.0
0.00945696 1.64278e-05 0.0
0.00944245 1.56036e-05 0.0
0.00942799 1.48102e-05 0.0
0.00941359 1.40478e-05 0.0
0.00939925 1.33166e-05 0.0
0.00938499 1.26167e-05 0.0
0.00937082 1.19485e-05 0.0
0.00935673 1.13121e-05 0.0
0.00934275 1.07081e-05 0.0
0.00932887 1.01366e-05 0.0
0.0093151 9.59821e-06 0.0
0.00930146 9.09352e-06 0.0
0.00928796 8.62319e-06 0.0
0.00927459 8.18791e-06 0.0
0.00926137 7.78874e-06 0.0
0.00924832 7.42654e-06 0.0
0.00923543 7.10254e-06 0.0
0.00922273 6.81799e-06 0.0
0.00921022 6.57463e-06 0.0
0.00919791 6.37362e-06 0.0
0.00918582 6.21714e-06 0.0
0.00917396 6.10698e-06 0.0
0.00916233 6.04559e-06 0.0
0.00915096 6.03434e-06 0.0
0.00913987 6.0769e-06 0.0
0.00912906 6.17478e-06 0.0
0.00911855 6.33127e-06 0.0
0.00910836 6.5474e-06 0.0
0.00909851 6.82854e-06 0.0
0.00908902 7.17343e-06 0.0
0.00907991 7.58649e-06 0.0
0.00907119 8.06629e-06 0.0
0.0090629 8.61803e-06 0.0
0.00905506 9.23167e-06 0.0
0.00904768 9.91378e-06 0.0
0.0090408 1.06502e-05 0.0
0.00903443 1.14381e-05 0.0
0.00902861 1.22472e-05 0.0
0.00902336 1.3082e-05 0.0
0.0090187 1.38762e-05 0.0
0.00901463 1.46051e-05 0.0
0.00901123 1.52031e-05 0.0
0.0090085 1.56474e-05 0.0
0.00900645 1.5813e-05 0.0
0.009005 1.58029e-05 0.0
0.00900399 1.57865e-05 0.0
0.0 0.0 0.0
0.0 0.0 0.0
0.0194577 -0.00127436 0.0
0.0199285 -0.0016708 0.0
0.0202317 -0.00266937 0.0
0.0209647 -0.00325005 0.0
0.0213594 -0.0030057 0.0
0.021247 -0.00284169 0.0
0.0209708 -0.0023951 0.0
0.0205538 -0.00224807 0.0
0.020077 -0.00195798 0.0
0.0196321 -0.0016638 0.0
0.0191756 -0.00140104 0.0
0.0186527 -0.00126139 0.0
0.0181633 -0.00106024 0.0
0.0177387 -0.000873564 0.0
0.0173204 -0.000740797 0.0
0.0168956 -0.00063897 0.0
0.0165149 -0.000510907 0.0
0.0161709 -0.000405784 0.0
0.0158345 -0.000329828 0.0
0.0155135 -0.000255655 0.0
0.0152252 -0.000175887 0.0
0.0149555 -0.000114342 0.0
0.0146959 -6.34116e-05 0.0
0.0144547 -9.90237e-06 0.0
0.014234 4.07106e-05 0.0
0.0140248 8.08958e-05 0.0
0.0138269 0.000118677 0.0
0.0136443 0.000157345 0.0
0.0134747 0.000191649 0.0
0.0133143 0.000221351 0.0
0.0131648 0.000251073 0.0
0.0130268 0.000280123 0.0
0.0128983 0.000306018 0.0
0.0127783 0.000330548 0.0
0.012668 0.000355387 0.0
0.0125668 0.000379141 0.0
0.0124737 0.000401422 0.0
0.0123891 0.00042385 0.0
0.0123133 0.000446428 0.0
0.0122455 0.000468335 0.0
0.0121858 0.000490196 0.0
0.0121351 0.000512759 0.0
0.0120926 0.000535485 0.0
0.0120582 0.000558442 0.0
0.0120333 0.000582218 0.0
0.0120177 0.0006068 0.0
0.0120108 0.000632105 0.0
0.0120136 0.00065849 0.0
0.0120273 0.000685748 0.0
0.0120511 0.000714258 0.0
0.0120853 0.000744388 0.0
0.0121315 0.000775361 0.0
0.01219 0.000807179 0.0
0.0122604 0.000841497 0.0
0.0123436 0.00087699 0.0
0.0124405 0.000912234 0.0
0.0125518 0.000949509 0.0
0.0126773 0.000989355 0.0
0.012817 0.00102791 0.0
0.0129723 0.00106639 0.0
0.0131441 0.00110763 0.0
0.0133306 0.00114854 0.0
0.0135319 0.00118627 0.0
0.0137504 0.00122465 0.0
0.0139848 0.00126353 0.0
0.0142324 0.0012986 0.0
0.014495 0.00132991 0.0
0.014773 0.00136056 0.0
0.0150632 0.00138842 0.0
0.0153643 0.00141012 0.0
0.0156772 0.00142691 0.0
0.0159997 0.00144138 0.0
0.01633 0.0014506 0.0
0.0166659 0.00145112 0.0
0.0170061 0.00144749 0.0
0.0173505 0.00144032 0.0
0.017696 0.00142459 0.0
0.0180379 0.00140199 0.0
0.0183783 0.00137674 0.0
0.0187166 0.00134391 0.0
0.0190458 0.00130556 0.0
0.0193655 0.00126399 0.0
0.0196788 0.00121533 0.0
0.0199804 0.00116305 0.0
0.0202671 0.00111074 0.0
0.0205412 0.00105035 0.0
0.0208004 0.000987171 0.0
0.0210434 0.000927079 0.0
0.0212698 0.000862032 0.0
0.0214771 0.000793391 0.0
0.0216667 0.000728341 0.0
0.0218394 0.000662634 0.0
0.0219914 0.000595616 0.0
0.0221237 0.000530746 0.0
0.0222393 0.00046694 0.0
0.0223357 0.000405181 0.0
0.0224125 0.00034626 0.0
0.0224727 0.000287993 0.0
0.0225158 0.000232509 0.0
0.0225413 0.000181778 0.0
0.0225513 0.000131953 0.0
0.0225463 8.4003e-05 0.0
0.0225261 4.04117e-05 0.0
0.0224923 -7.78933e-07 0.0
0.0224452 -4.08027e-05 0.0
0.0223852 -7.79768e-05 0.0
0.0223133 -0.000112711 0.0
0.02223 -0.000145844 0.0
0.0221353 -0.000177079 0.0
0.0220302 -0.000206497 0.0
0.0219152 -0.000234691 0.0
0.0217904 -0.000260727 0.0
0.0216564 -0.000284991 0.0
0.0215139 -0.000308464 0.0
0.0213629 -0.000330423 0.0
0.0212043 -0.000349691 0.0
0.0210387 -0.000367978 0.0
0.0208659 -0.000385521 0.0
0.0206867 -0.000400733 0.0
0.0205026 -0.000414056 0.0
0.0203127 -0.000426771 0.0
0.0201174 -0.000437919 0.0
0.0199186 -0.00044773 0.0
0.019716 -0.000456088 0.0
0.0195091 -0.000463031 0.0
0.0192992 -0.000469709 0.0
0.0190872 -0.000475217 0.0
0.0188724 -0.000478507 0.0
0.0186553 -0.000481628 0.0
0.0184367 -0.000484822 0.0
0.0182169 -0.000485806 0.0
0.0179961 -0.000485648 0.0
0.0177743 -0.000486014 0.0
0.017552 -0.000485356 0.0
0.0173299 -0.000483166 0.0
0.0171079 -0.000480777 0.0
0.0168858 -0.000478127 0.0
0.0166645 -0.00047483 0.0
0.0164443 -0.000470701 0.0
0.0162247 -0.000466058 0.0
0.0160063 -0.000461594 0.0
0.0157893 -0.000456709 0.0
0.0155738 -0.000450762 0.0
0.0153598 -0.00044506 0.0
0.0151475 -0.000439559 0.0
0.014937 -0.000433072 0.0
0.0147285 -0.000426412 0.0
0.0145219 -0.000420133 0.0
0.0143174 -0.000413321 0.0
0.0141151 -0.000406054 0.0
0.0139152 -0.000398941 0.0
0.0137174 -0.00039166 0.0
0.0135223 -0.000383928 0.0
0.0133296 -0.000375996 0.0
0.0131395 -0.000368027 0.0
0.0129523 -0.00035978 0.0
0.0127679 -0.000351085 0.0
0.0125864 -0.000342206 0.0
0.0124079 -0.000333255 0.0
0.0122328 -0.000323847 0.0
0.0120609 -0.000313995 0.0
0.0118924 -0.00030406 0.0
0.0117275 -0.000293891 0.0
0.0115665 -0.000283161 0.0
0.0114092 -0.000272152 0.0
0.0112558 -0.000261057 0.0
0.0111067 -0.000249579 0.0
0.0109619 -0.000237682 0.0
0.0108213 -0.000225681 0.0
0.0106852 -0.000213536 0.0
0.0105538 -0.00020108 0.0
0.0104271 -0.000188504 0.0
0.0103051 -0.000175923 0.0
0.0101878 -0.000163238 0.0
0.0100756 -0.000150559 0.0
0.0099682 -0.00013801 0.0
0.00986546 -0.000125497 0.0
0.00976768 -0.000113144 0.0
0.00967483 -0.000101127 0.0
0.00958655 -8.92966e-05 0.0
0.00950281 -7.76716e-05 0.0
0.00942378 -6.65464e-05 0.0
0.0093492 -5.58266e-05 0.0
0.00927876 -4.5349e-05 0.0
0.00921249 -3.53597e-05 0.0
0.00915032 -2.5966e-05 0.0
0.00909196 -1.69361e-05 0.0
0.0090372 -8.31064e-06 0.0
0.00898596 -2.95478e-07 0.0
0.00893811 7.20272e-06 0.0
0.00889339 1.43184e-05 0.0
0.00885161 2.09282e-05 0.0
0.00881263 2.69788e-05 0.0
0.00877634 3.25948e-05 0.0
0.00874249 3.78013e-05 0.0
0.00871089 4.25192e-05 0.0
0.00868144 4.67822e-05 0.0
0.00865402 5.06663e-05 0.0
0.0086284 5.41616e-05 0.0
0.00860442 5.72494e-05 0.0
0.00858203 5.9977e-05 0.0
0.00856108 6.238e-05 0.0
0.00854138 6.44555e-05 0.0
0.00852284 6.62148e-05 0.0
0.00850539 6.76924e-05 0.0
0.00848891 6.89082e-05 0.0
0.00847325 6.98709e-05 0.0
0.00845836 7.05972e-05 0.0
0.00844418 7.11104e-05 0.0
0.00843058 7.14267e-05 0.0
0.00841749 7.15586e-05 0.0
0.00840487 7.15202e-05 0.0
0.00839266 7.13292e-05 0.0
0.00838077 7.09996e-05 0.0
0.00836916 7.05424e-05 0.0
0.0083578 6.99691e-05 0.0
0.00834664 6.92938e-05 0.0
0.00833561 6.85275e-05 0.0
0.00832471 6.76786e-05 0.0
0.00831389 6.67567e-05 0.0
0.00830314 6.57727e-05 0.0
0.0082924 6.47344e-05 0.0
0.00828169 6.3648e-05 0.0
0.00827097 6.25215e-05 0.0
0.00826022 6.13626e-05 0.0
0.00824943 6.01764e-05 0.0
0.00823859 5.89678e-05 0.0
0.00822769 5.7743e-05 0.0
0.00821672 5.65068e-05 0.0
0.00820567 5.52627e-05 0.0
0.00819455 5.40145e-05 0.0
0.00818334 5.27663e-05 0.0
0.00817205 5.1521e-05 0.0
0.00816067 5.02811e-05 0.0
0.0081492 4.90492e-05 0.0
0.00813765 4.7828e-05 0.0
0.00812602 4.6619e-05 0.0
0.00811431 4.54239e-05 0.0
0.00810253 4.42444e-05 0.0
0.00809067 4.3082e-05 0.0
0.00807875 4.19375e-05 0.0
0.00806676 4.0812e-05 0.0
0.00805472 3.97064e-05 0.0
0.00804262 3.86215e-05 0.0
0.00803049 3.75576e-05 0.0
0.00801831 3.65154e-05 0.0
0.0080061 3.54953e-05 0.0
0.00799387 3.44976e-05 0.0
0.00798162 3.35225e-05 0.0
0.00796936 3.25702e-05 0.0
0.0079571 3.1641e-05 0.0
0.00794484 3.07348e-05 0.0
0.0079326 2.98518e-05 0.0
0.00792037 2.89922e-05 0.0
0.00790817 2.81559e-05 0.0
0.007896 2.7343e-05 0.0
0.00788388 2.65537e-05 0.0
0.0078718 2.57879e-05 0.0
0.00785978 2.5046e-05 0.0
0.00784783 2.43279e-05 0.0
0.00783595 2.36339e-05 0.0
0.00782415 2.29643e-05 0.0
0.00781244 2.23194e-05 0.0
0.00780084 2.16994e-05 0.0
0.00778933 2.1105e-05 0.0
0.00777795 2.05365e-05 0.0
0.00776668 1.99947e-05 0.0
0.00775556 1.948e-05 0.0
0.00774457 1.89935e-05 0.0
0.00773374 1.85361e-05 0.0
0.00772308 1.81087e-05 0.0
0.00771259 1.77121e-05 0.0
0.00770229 1.73483e-05 0.0
0.00769218 1.70181e-05 0.0
0.00768229 1.67231e-05 0.0
0.00767262 1.64644e-05 0.0
0.00766319 1.62449e-05 0.0
0.00765401 1.6065e-05 0.0
0.0076451 1.59269e-05 0.0
0.00763647 1.58318e-05 0.0
0.00762815 1.57834e-05 0.0
0.00762014 1.57793e-05 0.0
0.00761248 1.58232e-05 0.0
0.00760516 1.59146e-05 0.0
0.00759823 1.60556e-05 0.0
0.00759169 1.62368e-05 0.0
0.00758556 1.64642e-05 0.0
0.00757986 1.67264e-05 0.0
0.00757463 1.70185e-05 0.0
0.00756986 1.73116e-05 0.0
0.00756557 1.76056e-05 0.0
0.00756178 1.78528e-05 0.0
0.0075585 1.80245e-05 0.0
0.00755572 1.80237e-05 0.0
0.00755346 1.78355e-05 0.0
0.00755174 1.74548e-05 0.0
0.00755045 1.69771e-05 0.0
0.00754948 1.67096e-05 0.0
0.0 0.0 0.0
0.0 0.0 0.0
0.0188612 -0.00130393 0.0
0.0198712 -0.00276478 0.0
0.0212952 -0.00318201 0.0
0.0215714 -0.00368191 0.0
0.0207591 -0.00257677 0.0
0.0198222 -0.00233411 0.0
0.0193812 -0.00199964 0.0
0.018826 -0.00167759 0.0
0.0179605 -0.00129518 0.0
0.0172085 -0.00112498 0.0
0.0166994 -0.000895674 0.0
0.0161422 -0.000699747 0.0
0.0155411 -0.000553687 0.0
0.015054 -0.000446439 0.0
0.0146481 -0.00031646 0.0
0.0142206 -0.000219679 0.0
0.0138204 -0.000147637 0.0
0.013487 -7.63553e-05 0.0
0.0131767 -4.60255e-06 0.0
0.0128674 4.67081e-05 0.0
0.0125919 9.1823e-05 0.0
0.0123486 0.000138807 0.0
0.012114 0.000179845 0.0
0.0118912 0.000211713 0.0
0.0116928 0.000243287 0.0
0.0115095 0.000274249 0.0
0.0113338 0.000300092 0.0
0.0111714 0.000322868 0.0
0.0110243 0.000345948 0.0
0.010886 0.000367336 0.0
0.0107558 0.000385884 0.0
0.010637 0.00040378 0.0
0.0105281 0.000421537 0.0
0.0104261 0.000437838 0.0
0.0103325 0.000453041 0.0
0.010248 0.000468322 0.0
0.0101709 0.00048325 0.0
0.0101006 0.000497433 0.0
0.0100386 0.00051154 0.0
0.00998427 0.000525889 0.0
0.00993672 0.00054004 0.0
0.00989673 0.000554195 0.0
0.009865 0.000568752 0.0
0.0098406 0.000583678 0.0
0.00982365 0.000598854 0.0
0.00981546 0.000614485 0.0
0.00981583 0.000630737 0.0
0.00982422 0.000647796 0.0
0.0098418 0.000665367 0.0
0.00986935 0.00068342 0.0
0.00990637 0.000702673 0.0
0.00995335 0.000723078 0.0
0.0100113 0.000743426 0.0
0.0100805 0.000764686 0.0
0.0101612 0.000787932 0.0
0.0102539 0.000811287 0.0
0.0103588 0.000834076 0.0
0.0104769 0.000859038 0.0
0.0106088 0.000884999 0.0
0.0107532 0.000909237 0.0
0.010911 0.000933843 0.0
0.0110842 0.000960342 0.0
0.0112709 0.000984941 0.0
0.0114696 0.00100763 0.0
0.011683 0.00103102 0.0
0.011911 0.00105321 0.0
0.0121497 0.00107202 0.0
0.0123995 0.00108935 0.0
0.0126627 0.00110473 0.0
0.0129357 0.0011167 0.0
0.0132155 0.00112576 0.0
0.0135038 0.00113107 0.0
0.0138 0.00113229 0.0
0.0140994 0.00113087 0.0
0.0144009 0.00112519 0.0
0.0147052 0.00111322 0.0
0.0150094 0.001099 0.0
0.0153105 0.00108223 0.0
0.0156082 0.00105844 0.0
0.0159002 0.00103026 0.0
0.0161853 0.00100254 0.0
0.0164627 0.000969298 0.0
0.0167283 0.000930365 0.0
0.0169818 0.000891983 0.0
0.0172252 0.000851362 0.0
0.0174539 0.000805965 0.0
0.0176652 0.000760767 0.0
0.0178629 0.000714087 0.0
0.0180453 0.000665647 0.0
0.0182091 0.000618188 0.0
0.0183555 0.000569332 0.0
0.0184851 0.000520147 0.0
0.0185973 0.000473602 0.0
0.0186922 0.000426816 0.0
0.0187687 0.000380216 0.0
0.0188285 0.000336795 0.0
0.0188732 0.000294382 0.0
0.0189012 0.00025305 0.0
0.0189126 0.00021492 0.0
0.0189105 0.000178017 0.0
0.018895 0.00014246 0.0
0.0188652 0.000110428 0.0
0.0188226 7.96312e-05 0.0
0.0187688 4.96421e-05 0.0
0.018704 2.25283e-05 0.0
0.0186283 -2.56334e-06 0.0
0.0185421 -2.73079e-05 0.0
0.0184468 -5.04876e-05 0.0
0.0183433 -7.1563e-05 0.0
0.0182309 -9.15988e-05 0.0
0.0181097 -0.000110998 0.0
0.0179817 -0.00012896 0.0
0.0178472 -0.000145568 0.0
0.0177053 -0.000161008 0.0
0.0175566 -0.0001756 0.0
0.0174029 -0.0001893 0.0
0.0172441 -0.000201538 0.0
0.0170796 -0.000212228 0.0
0.0169105 -0.000222735 0.0
0.0167378 -0.000232375 0.0
0.0165614 -0.000239902 0.0
0.0163816 -0.000246849 0.0
0.0161985 -0.000253962 0.0
0.0160131 -0.000259247 0.0
0.0158262 -0.000263401 0.0
0.015637 -0.0002677 0.0
0.0154456 -0.000271079 0.0
0.0152539 -0.000273349 0.0
0.0150616 -0.000275295 0.0
0.0148677 -0.00027657 0.0
0.0146735 -0.000277211 0.0
0.0144799 -0.00027759 0.0
0.0142863 -0.000277021 0.0
0.0140925 -0.000275925 0.0
0.0138995 -0.000274992 0.0
0.0137074 -0.000273277 0.0
0.0135163 -0.000270726 0.0
0.013326 -0.000268437 0.0
0.0131369 -0.000265882 0.0
0.0129496 -0.000262568 0.0
0.0127639 -0.000259148 0.0
0.0125793 -0.000255728 0.0
0.0123966 -0.000252011 0.0
0.0122161 -0.000248018 0.0
0.0120372 -0.0002438 0.0
0.0118601 -0.000239654 0.0
0.0116853 -0.000235398 0.0
0.0115126 -0.000230692 0.0
0.0113419 -0.000226034 0.0
0.0111734 -0.000221475 0.0
0.0110073 -0.000216486 0.0
0.0108435 -0.000211357 0.0
0.010682 -0.000206367 0.0
0.010523 -0.000201071 0.0
0.0103666 -0.000195517 0.0
0.0102126 -0.000190013 0.0
0.0100613 -0.000184319 0.0
0.00991284 -0.000178307 0.0
0.00976723 -0.000172232 0.0
0.00962437 -0.000166045 0.0
0.00948459 -0.000159547 0.0
0.00934804 -0.000152855 0.0
0.00921459 -0.000146085 0.0
0.00908437 -0.000139085 0.0
0.0089577 -0.000131816 0.0
0.00883456 -0.000124421 0.0
0.00871492 -0.000116916 0.0
0.008599 -0.000109189 0.0
0.00848696 -0.000101276 0.0
0.00837878 -9.33127e-05 0.0
0.00827451 -8.52932e-05 0.0
0.00817425 -7.71199e-05 0.0
0.00807806 -6.88788e-05 0.0
0.00798599 -6.07425e-05 0.0
0.007898 -5.26346e-05 0.0
0.00781405 -4.44512e-05 0.0
0.00773423 -3.64097e-05 0.0
0.00765852 -2.86389e-05 0.0
0.00758672 -2.09076e-05 0.0
0.00751881 -1.32581e-05 0.0
0.00745485 -6.00016e-06 0.0
0.00739464 9.83626e-07 0.0
0.00733798 7.89985e-06 0.0
0.00728488 1.4482e-05 0.0
0.00723524 2.06077e-05 0.0
0.00718884 2.65383e-05 0.0
0.00714551 3.22516e-05 0.0
0.00710518 3.75011e-05 0.0
0.00706772 4.23898e-05 0.0
0.00703292 4.70776e-05 0.0
0.00700062 5.14222e-05 0.0
0.0069707 5.53428e-05 0.0
0.00694304 5.89903e-05 0.0
0.00691745 6.23885e-05 0.0
0.00689376 6.54289e-05 0.0
0.00687188 6.81414e-05 0.0
0.0068517 7.06201e-05 0.0
0.00683302 7.28352e-05 0.0
0.00681571 7.47493e-05 0.0
0.00679972 7.64161e-05 0.0
0.00678491 7.78734e-05 0.0
0.00677112 7.90968e-05 0.0
0.00675828 8.00909e-05 0.0
0.00674633 8.08947e-05 0.0
0.00673514 8.15209e-05 0.0
0.0067246 8.19632e-05 0.0
0.00671466 8.22373e-05 0.0
0.00670528 8.2366e-05 0.0
0.00669633 8.23565e-05 0.0
0.00668775 8.22125e-05 0.0
0.00667953 8.19485e-05 0.0
0.00667159 8.15782e-05 0.0
0.00666385 8.11085e-05 0.0
0.0066563 8.05458e-05 0.0
0.0066489 7.99009e-05 0.0
0.0066416 7.91834e-05 0.0
0.00663435 7.83996e-05 0.0
0.00662716 7.75554e-05 0.0
0.00661998 7.66588e-05 0.0
0.00661278 7.5717e-05 0.0
0.00660555 7.47348e-05 0.0
0.00659828 7.3717e-05 0.0
0.00659094 7.26697e-05 0.0
0.00658352 7.15979e-05 0.0
0.006576 7.05051e-05 0.0
0.0065684 6.93951e-05 0.0
0.00656069 6.82723e-05 0.0
0.00655286 6.714e-05 0.0
0.00654492 6.60006e-05 0.0
0.00653687 6.48571e-05 0.0
0.00652869 6.37124e-05 0.0
0.0065204 6.25685e-05 0.0
0.00651198 6.14271e-05 0.0
0.00650345 6.02904e-05 0.0
0.00649481 5.91602e-05 0.0
0.00648605 5.80375e-05 0.0
0.00647719 5.69236e-05 0.0
0.00646822 5.58199e-05 0.0
0.00645915 5.47273e-05 0.0
0.00644999 5.36465e-05 0.0
0.00644074 5.25784e-05 0.0
0.00643141 5.15235e-05 0.0
0.00642201 5.04824e-05 0.0
0.00641253 4.94555e-05 0.0
0.006403 4.84432e-05 0.0
0.0063934 4.74459e-05 0.0
0.00638376 4.64637e-05 0.0
0.00637407 4.54968e-05 0.0
0.00636436 4.45455e-05 0.0
0.00635461 4.36097e-05 0.0
0.00634484 4.26897e-05 0.0
0.00633506 4.17854e-05 0.0
0.00632527 4.08969e-05 0.0
0.00631548 4.00243e-05 0.0
0.0063057 3.91676e-05 0.0
0.00629594 3.83268e-05 0.0
0.00628619 3.75019e-05 0.0
0.00627648 3.66931e-05 0.0
0.00626681 3.59003e-05 0.0
0.00625718 3.51237e-05 0.0
0.0062476 3.43633e-05 0.0
0.00623808 3.36194e-05 0.0
0.00622863 3.28921e-05 0.0
0.00621925 3.21815e-05 0.0
0.00620996 3.14881e-05 0.0
0.00620076 3.0812e-05 0.0
0.00619165 3.01537e-05 0.0
0.00618265 2.95136e-05 0.0
0.00617377 2.88922e-05 0.0
0.00616502 2.829e-05 0.0
0.0061564 2.77077e-05 0.0
0.00614792 2.7146e-05 0.0
0.0061396 2.66057e-05 0.0
0.00613144 2.60873e-05 0.0
0.00612346 2.55922e-05 0.0
0.00611566 2.51212e-05 0.0
0.00610807 2.46752e-05 0.0
0.00610068 2.42546e-05 0.0
0.00609353 2.38621e-05 0.0
0.00608661 2.3497e-05 0.0
0.00607995 2.31606e-05 0.0
0.00607355 2.28534e-05 0.0
0.00606744 2.25782e-05 0.0
0.00606163 2.23302e-05 0.0
0.00605614 2.21123e-05 0.0
0.00605098 2.19224e-05 0.0
0.00604617 2.17594e-05 0.0
0.00604172 2.1609e-05 0.0
0.00603766 2.14776e-05 0.0
0.00603396 2.13455e-05 0.0
0.00603066 2.11927e-05 0.0
0.00602776 2.09872e-05 0.0
0.00602524 2.07245e-05 0.0
0.00602306 2.03015e-05 0.0
0.00602122 1.96716e-05 0.0
0.00601975 1.88541e-05 0.0
0.00601865 1.80133e-05 0.0
0.00601775 1.76243e-05 0.0
0.0 0.0 0.0
0.0 0.0 0.0
0.0197088 -0.00141114 0.0
0.0208289 -0.00477925 0.0
0.0206052 -0.00318238 0.0
0.0190666 -0.00249764 0.0
0.0181371 -0.00174417 0.0
0.0173467 -0.00150115 0.0
0.016164 -0.00119288 0.0
0.0151322 -0.000830175 0.0
0.0145047 -0.000554977 0.0
0.0138369 -0.000434884 0.0
0.0131024 -0.000308646 0.0
0.0125425 -0.000140608 0.0
0.0121114 -4.4726e-05 0.0
0.0116459 1.05478e-05 0.0
0.0112128 8.20593e-05 0.0
0.010874 0.000160377 0.0
0.0105645 0.000198398 0.0
0.0102501 0.000233123 0.0
0.00997763 0.000276409 0.0
0.00974576 0.000313721 0.0
0.00952057 0.000333711 0.0
0.00930626 0.000358505 0.0
0.00912078 0.000384344 0.0
0.00895142 0.000403763 0.0
0.00878755 0.000417658 0.0
0.00863746 0.000435372 0.0
0.00850387 0.000450993 0.0
0.00837797 0.000462945 0.0
0.00825908 0.000473954 0.0
0.00815159 0.000486529 0.0
0.00805345 0.000496763 0.0
0.00796101 0.000505646 0.0
0.00787597 0.000514783 0.0
0.00779932 0.000524089 0.0
0.00772891 0.000531866 0.0
0.0076642 0.000539549 0.0
0.00760646 0.00054751 0.0
0.00755509 0.000555174 0.0
0.00750921 0.000562224 0.0
0.00746953 0.00056966 0.0
0.00743625 0.000577182 0.0
0.00740859 0.000584546 0.0
0.00738702 0.00059196 0.0
0.00737222 0.000599766 0.0
0.00736357 0.000607683 0.0
0.00736111 0.000615884 0.0
0.007366 0.000624268 0.0
0.00737817 0.000632986 0.0
0.0073971 0.000642309 0.0
0.00742376 0.000651997 0.0
0.00745901 0.000661523 0.0
0.00750242 0.000671978 0.0
0.00755418 0.000683375 0.0
0.00761527 0.000694259 0.0
0.00768617 0.000705227 0.0
0.00776683 0.000718103 0.0
0.00785737 0.000730773 0.0
0.00795841 0.000742168 0.0
0.00807086 0.000754977 0.0
0.00819426 0.000769115 0.0
0.00832805 0.000781047 0.0
0.00847346 0.000792465 0.0
0.00863104 0.000805731 0.0
0.00879894 0.000817912 0.0
0.00897711 0.000827181 0.0
0.00916678 0.000836886 0.0
0.00936686 0.000846831 0.0
0.0095753 0.000853656 0.0
0.00979238 0.000857998 0.0
0.0100179 0.000862358 0.0
0.0102504 0.000865031 0.0
0.0104877 0.00086363 0.0
0.0107289 0.000860278 0.0
0.0109741 0.000856036 0.0
0.0112215 0.00084849 0.0
0.0114673 0.000837313 0.0
0.0117117 0.000825002 0.0
0.0119555 0.000809796 0.0
0.012194 0.000791832 0.0
0.0124248 0.000772364 0.0
0.0126504 0.000749813 0.0
0.0128685 0.000724666 0.0
0.0130749 0.000700468 0.0
0.0132711 0.000672703 0.0
0.0134564 0.000641623 0.0
0.0136285 0.000613008 0.0
0.0137876 0.000583357 0.0
0.0139326 0.000549398 0.0
0.0140624 0.000517504 0.0
0.014179 0.000486792 0.0
0.0142803 0.000453809 0.0
0.0143652 0.00042148 0.0
0.0144363 0.000390486 0.0
0.0144934 0.000359803 0.0
0.0145347 0.000330254 0.0
0.0145625 0.000301174 0.0
0.0145773 0.000272986 0.0
0.0145785 0.000247326 0.0
0.0145677 0.000222213 0.0
0.0145456 0.000197412 0.0
0.0145117 0.000175203 0.0
0.0144679 0.000154411 0.0
0.0144149 0.00013365 0.0
0.0143523 0.000114702 0.0
0.014281 9.72669e-05 0.0
0.0142025 8.02859e-05 0.0
0.0141165 6.43392e-05 0.0
0.0140233 4.97418e-05 0.0
0.0139237 3.55282e-05 0.0
0.0138182 2.21984e-05 0.0
0.0137072 1.00446e-05 0.0
0.0135908 -1.62541e-06 0.0
0.0134691 -1.29443e-05 0.0
0.0133432 -2.29356e-05 0.0
0.0132135 -3.21842e-05 0.0
0.0130795 -4.12333e-05 0.0
0.0129415 -4.94994e-05 0.0
0.0128013 -5.65915e-05 0.0
0.0126582 -6.33075e-05 0.0
0.0125119 -6.95166e-05 0.0
0.0123637 -7.50868e-05 0.0
0.0122144 -7.98952e-05 0.0
0.0120629 -8.39359e-05 0.0
0.0119099 -8.78668e-05 0.0
0.0117564 -9.15853e-05 0.0
0.0116022 -9.39311e-05 0.0
0.0114472 -9.60059e-05 0.0
0.0112918 -9.85982e-05 0.0
0.0111365 -0.000100138 0.0
0.0109814 -0.00010066 0.0
0.0108265 -0.000101716 0.0
0.0106718 -0.000102597 0.0
0.010518 -0.000102358 0.0
0.0103652 -0.000102012 0.0
0.010213 -0.000101804 0.0
0.0100618 -0.000101171 0.0
0.00991212 -0.000100093 0.0
0.00976365 -9.87816e-05 0.0
0.0096164 -9.75027e-05 0.0
0.00947077 -9.61706e-05 0.0
0.00932675 -9.42381e-05 0.0
0.00918433 -9.22223e-05 0.0
0.00904358 -9.0558e-05 0.0
0.00890451 -8.84498e-05 0.0
0.00876732 -8.59518e-05 0.0
0.00863198 -8.38215e-05 0.0
0.00849834 -8.15748e-05 0.0
0.00836664 -7.88996e-05 0.0
0.00823696 -7.63319e-05 0.0
0.0081091 -7.38347e-05 0.0
0.00798322 -7.10733e-05 0.0
0.00785942 -6.81808e-05 0.0
0.0077376 -6.53396e-05 0.0
0.00761785 -6.24405e-05 0.0
0.0075003 -5.93252e-05 0.0
0.00738486 -5.60908e-05 0.0
0.0072716 -5.29303e-05 0.0
0.0071607 -4.964e-05 0.0
0.00705211 -4.60678e-05 0.0
0.00694584 -4.24979e-05 0.0
0.00684206 -3.89764e-05 0.0
0.00674086 -3.51751e-05 0.0
0.00664221 -3.11865e-05 0.0
0.00654616 -2.72892e-05 0.0
0.00645289 -2.32985e-05 0.0
0.00636248 -1.90289e-05 0.0
0.00627487 -1.47284e-05 0.0
0.00619015 -1.048e-05 0.0
0.0061085 -6.07218e-06 0.0
0.00602994 -1.53003e-06 0.0
0.00595435 2.96622e-06 0.0
0.00588188 7.46523e-06 0.0
0.00581269 1.20323e-05 0.0
0.00574663 1.65894e-05 0.0
0.00568361 2.1107e-05 0.0
0.00562382 2.55714e-05 0.0
0.00556727 2.99478e-05 0.0
0.00551369 3.42838e-05 0.0
0.00546309 3.85496e-05 0.0
0.00541562 4.26066e-05 0.0
0.00537108 4.65348e-05 0.0
0.00532924 5.04297e-05 0.0
0.00529017 5.41112e-05 0.0
0.00525385 5.75235e-05 0.0
0.00522003 6.08626e-05 0.0
0.00518856 6.40745e-05 0.0
0.00515948 6.698e-05 0.0
0.00513264 6.96864e-05 0.0
0.00510784 7.23112e-05 0.0
0.00508497 7.47096e-05 0.0
0.00506399 7.68346e-05 0.0
0.00504476 7.88232e-05 0.0
0.00502712 8.06768e-05 0.0
0.00501094 8.22887e-05 0.0
0.00499618 8.37011e-05 0.0
0.00498273 8.49931e-05 0.0
0.00497041 8.61233e-05 0.0
0.00495914 8.70533e-05 0.0
0.00494888 8.78387e-05 0.0
0.00493952 8.85061e-05 0.0
0.00493092 8.90234e-05 0.0
0.00492302 8.93915e-05 0.0
0.0049158 8.96483e-05 0.0
0.00490914 8.97982e-05 0.0
0.00490293 8.98281e-05 0.0
0.00489716 8.97501e-05 0.0
0.00489179 8.95849e-05 0.0
0.00488672 8.93328e-05 0.0
0.00488189 8.89921e-05 0.0
0.00487729 8.85743e-05 0.0
0.00487288 8.80908e-05 0.0
0.00486857 8.75426e-05 0.0
0.00486437 8.69323e-05 0.0
0.00486024 8.62685e-05 0.0
0.00485615 8.55583e-05 0.0
0.00485206 8.48034e-05 0.0
0.00484796 8.40071e-05 0.0
0.00484383 8.31759e-05 0.0
0.00483964 8.23144e-05 0.0
0.00483538 8.14242e-05 0.0
0.00483105 8.05087e-05 0.0
0.00482662 7.95725e-05 0.0
0.00482209 7.86185e-05 0.0
0.00481745 7.76482e-05 0.0
0.0048127 7.66645e-05 0.0
0.00480782 7.56706e-05 0.0
0.00480282 7.46683e-05 0.0
0.00479769 7.36587e-05 0.0
0.00479244 7.26443e-05 0.0
0.00478705 7.16271e-05 0.0
0.00478154 7.06081e-05 0.0
0.00477591 6.95883e-05 0.0
0.00477015 6.85695e-05 0.0
0.00476427 6.75529e-05 0.0
0.00475827 6.65389e-05 0.0
0.00475216 6.55287e-05 0.0
0.00474595 6.45231e-05 0.0
0.00473962 6.35228e-05 0.0
0.0047332 6.25283e-05 0.0
0.00472669 6.15401e-05 0.0
0.00472008 6.05589e-05 0.0
0.0047134 5.95848e-05 0.0
0.00470663 5.86183e-05 0.0
0.0046998 5.76597e-05 0.0
0.0046929 5.67093e-05 0.0
0.00468594 5.57672e-05 0.0
0.00467893 5.48336e-05 0.0
0.00467188 5.39087e-05 0.0
0.00466478 5.29926e-05 0.0
0.00465765 5.20853e-05 0.0
0.00465049 5.11869e-05 0.0
0.00464331 5.02976e-05 0.0
0.00463612 4.94173e-05 0.0
0.00462892 4.85461e-05 0.0
0.00462171 4.7684e-05 0.0
0.00461451 4.6831e-05 0.0
0.00460732 4.59873e-05 0.0
0.00460014 4.51528e-05 0.0
0.00459298 4.43275e-05 0.0
0.00458585 4.35115e-05 0.0
0.00457876 4.27049e-05 0.0
0.00457171 4.19078e-05 0.0
0.0045647 4.11202e-05 0.0
0.00455774 4.03423e-05 0.0
0.00455085 3.95742e-05 0.0
0.00454402 3.8816e-05 0.0
0.00453726 3.8068e-05 0.0
0.00453058 3.73303e-05 0.0
0.00452399 3.66034e-05 0.0
0.0045175 3.58872e-05 0.0
0.0045111 3.51825e-05 0.0
0.00450481 3.44891e-05 0.0
0.00449865 3.38079e-05 0.0
0.0044926 3.31386e-05 0.0
0.00448669 3.24829e-05 0.0
0.00448093 3.18398e-05 0.0
0.00447532 3.1211e-05 0.0
0.00446987 3.05958e-05 0.0
0.0044646 2.99967e-05 0.0
0.00445951 2.94111e-05 0.0
0.00445462 2.88423e-05 0.0
0.00444993 2.82884e-05 0.0
0.00444547 2.77524e-05 0.0
0.00444125 2.72285e-05 0.0
0.00443726 2.67229e-05 0.0
0.00443353 2.62295e-05 0.0
0.00443008 2.57505e-05 0.0
0.0044269 2.52738e-05 0.0
0.004424 2.4808e-05 0.0
0.0044214 2.43341e-05 0.0
0.0044191 2.38461e-05 0.0
0.00441706 2.33117e-05 0.0
0.00441528 2.27274e-05 0.0
0.00441376 2.20409e-05 0.0
0.0044124 2.12017e-05 0.0
0.00441111 2.00992e-05 0.0
0.00440998 1.89725e-05 0.0
0.00440905 1.85271e-05 0.0
0.0 0.0 0.0
0.0 0.0 0.0
0.0197286 -0.0030071 0.0
0.0199038 -0.00394071 0.0
0.0173476 -0.00139621 0.0
0.0145252 -0.000496133 0.0
0.0131564 -0.00100078 0.0
0.0123371 -0.000434436 0.0
0.0112385 -7.60596e-05 0.0
0.0102593 5.94618e-07 0.0
0.0096713 -1.62223e-05 0.0
0.00914591 0.000238728 0.0
0.00858807 0.000274444 0.0
0.00815439 0.00028774 0.0
0.00783127 0.000329804 0.0
0.00750174 0.000419719 0.0
0.00719272 0.000410649 0.0
0.00695153 0.000430973 0.0
0.00673885 0.000462069 0.0
0.00652539 0.000489824 0.0
0.00633801 0.000484812 0.0
0.00618103 0.000504125 0.0
0.00603156 0.000519499 0.0
0.00588883 0.000528127 0.0
0.0057649 0.000529579 0.0
0.00565368 0.000542845 0.0
0.00554665 0.000549303 0.0
0.00544818 0.000553329 0.0
0.005361 0.000557179 0.0
0.00527978 0.000564936 0.0
0.00520299 0.000567843 0.0
0.00513358 0.000571021 0.0
0.00507079 0.000574792 0.0
0.00501195 0.000579144 0.0
0.00495773 0.000581064 0.0
0.00490924 0.000583995 0.0
0.00486513 0.000587 0.0
0.0048246 0.000589705 0.0
0.00478863 0.00059159 0.0
0.00475725 0.000594298 0.0
0.00472944 0.000596676 0.0
0.00470546 0.000598868 0.0
0.00468604 0.000601007 0.0
0.00467068 0.000603533 0.0
0.00465895 0.000605731 0.0
0.00465168 0.000608068 0.0
0.00464914 0.000610463 0.0
0.00465068 0.000613042 0.0
0.00465664 0.000615565 0.0
0.00466786 0.000618216 0.0
0.00468414 0.000620888 0.0
0.00470528 0.000624003 0.0
0.004732 0.000626947 0.0
0.00476466 0.000629782 0.0
0.00480327 0.000633127 0.0
0.00484803 0.00063688 0.0
0.00489918 0.000639737 0.0
0.00495722 0.000642992 0.0
0.00502266 0.000647156 0.0
0.00509491 0.000650614 0.0
0.00517411 0.000653144 0.0
0.00526171 0.000657007 0.0
0.00535726 0.000660722 0.0
0.00545924 0.000662891 0.0
0.00556914 0.000665153 0.0
0.00568796 0.000668185 0.0
0.00581332 0.000669714 0.0
0.00594458 0.00067025 0.0
0.00608399 0.000670832 0.0
0.00623022 0.000670711 0.0
0.00638051 0.000669419 0.0
0.00653577 0.00066694 0.0
0.00669682 0.000663368 0.0
0.00686065 0.000659372 0.0
0.00702589 0.000654291 0.0
0.00719339 0.000646355 0.0
0.00736192 0.00063825 0.0
0.00752917 0.000630255 0.0
0.00769469 0.000619329 0.0
0.0078576 0.000605976 0.0
0.00801676 0.000594528 0.0
0.00817169 0.000581241 0.0
0.00832026 0.000564659 0.0
0.00846129 0.000548672 0.0
0.0085964 0.000533441 0.0
0.00872361 0.000514984 0.0
0.00883975 0.000496662 0.0
0.0089473 0.000478639 0.0
0.00904662 0.000459342 0.0
0.00913421 0.000440358 0.0
0.00921067 0.000421438 0.0
0.00927776 0.000401102 0.0
0.00933406 0.00038245 0.0
0.00937948 0.000364222 0.0
0.00941424 0.000344561 0.0
0.00943867 0.000326354 0.0
0.00945394 0.000309381 0.0
0.00945961 0.000291766 0.0
0.00945504 0.000275147 0.0
0.00944253 0.000259624 0.0
0.00942267 0.000243949 0.0
0.00939422 0.000229755 0.0
0.00935836 0.000216283 0.0
0.00931673 0.000202483 0.0
0.00926888 0.000190016 0.0
0.00921499 0.000178941 0.0
0.00915587 0.000167258 0.0
0.00909211 0.000156196 0.0
0.00902405 0.00014651 0.0
0.00895177 0.000137162 0.0
0.0088753 0.00012763 0.0
0.00879556 0.00011899 0.0
0.00871298 0.000110966 0.0
0.00862703 0.000103367 0.0
0.00853793 9.59706e-05 0.0
0.00844682 8.89818e-05 0.0
0.00835363 8.25153e-05 0.0
0.00825789 7.69133e-05 0.0
0.00816025 7.11581e-05 0.0
0.0080614 6.55543e-05 0.0
0.00796114 6.10309e-05 0.0
0.00785954 5.70403e-05 0.0
0.00775692 5.24068e-05 0.0
0.00765357 4.85536e-05 0.0
0.00754994 4.56629e-05 0.0
0.00744582 4.24726e-05 0.0
0.00734098 3.93053e-05 0.0
0.0072364 3.69859e-05 0.0
0.00713234 3.47859e-05 0.0
0.00702789 3.27133e-05 0.0
0.00692353 3.09522e-05 0.0
0.00682023 2.92612e-05 0.0
0.00671745 2.79961e-05 0.0
0.00661481 2.71273e-05 0.0
0.00651308 2.59635e-05 0.0
0.00641243 2.5024e-05 0.0
0.00631259 2.48547e-05 0.0
0.00621357 2.44691e-05 0.0
0.00611557 2.38719e-05 0.0
0.00601886 2.38833e-05 0.0
0.00592338 2.41561e-05 0.0
0.0058288 2.41388e-05 0.0
0.00573546 2.4261e-05 0.0
0.00564371 2.47114e-05 0.0
0.00555311 2.5281e-05 0.0
0.00546358 2.57204e-05 0.0
0.00537559 2.6185e-05 0.0
0.00528903 2.70051e-05 0.0
0.00520365 2.78738e-05 0.0
0.00511961 2.84822e-05 0.0
0.00503705 2.93516e-05 0.0
0.00495588 3.04943e-05 0.0
0.00487603 3.13958e-05 0.0
0.00479758 3.23365e-05 0.0
0.00472065 3.35955e-05 0.0
0.00464514 3.47873e-05 0.0
0.00457101 3.5891e-05 0.0
0.00449844 3.72265e-05 0.0
0.00442747 3.86352e-05 0.0
0.00435791 3.99615e-05 0.0
0.00428994 4.13849e-05 0.0
0.00422372 4.29579e-05 0.0
0.00415909 4.45084e-05 0.0
0.00409605 4.60656e-05 0.0
0.00403485 4.77459e-05 0.0
0.00397548 4.94969e-05 0.0
0.00391782 5.12166e-05 0.0
0.003862 5.29831e-05 0.0
0.00380817 5.4857e-05 0.0
0.00375627 5.67415e-05 0.0
0.00370626 5.85835e-05 0.0
0.00365826 6.04965e-05 0.0
0.00361233 6.24799e-05 0.0
0.00356843 6.4391e-05 0.0
0.00352653 6.62654e-05 0.0
0.00348668 6.82336e-05 0.0
0.00344892 7.01758e-05 0.0
0.0034132 7.19705e-05 0.0
0.00337943 7.37921e-05 0.0
0.00334763 7.56713e-05 0.0
0.00331787 7.73805e-05 0.0
0.00328998 7.89708e-05 0.0
0.00326387 8.06487e-05 0.0
0.00323959 8.22397e-05 0.0
0.00321711 8.36072e-05 0.0
0.00319624 8.49685e-05 0.0
0.00317693 8.63516e-05 0.0
0.00315919 8.75273e-05 0.0
0.00314292 8.85669e-05 0.0
0.00312797 8.96333e-05 0.0
0.0031143 9.06028e-05 0.0
0.00310187 9.13787e-05 0.0
0.00309058 9.21038e-05 0.0
0.00308033 9.28014e-05 0.0
0.00307104 9.33572e-05 0.0
0.00306267 9.379e-05 0.0
0.00305515 9.41886e-05 0.0
0.00304837 9.45122e-05 0.0
0.00304226 9.47165e-05 0.0
0.00303681 9.48458e-05 0.0
0.00303194 9.49277e-05 0.0
0.00302754 9.49275e-05 0.0
0.0030236 9.48442e-05 0.0
0.00302008 9.47043e-05 0.0
0.00301691 9.4511e-05 0.0
0.00301402 9.42512e-05 0.0
0.0030114 9.39331e-05 0.0
0.00300902 9.35665e-05 0.0
0.00300681 9.31533e-05 0.0
0.00300473 9.26914e-05 0.0
0.00300279 9.21855e-05 0.0
0.00300095 9.16404e-05 0.0
0.00299915 9.10601e-05 0.0
0.00299739 9.04442e-05 0.0
0.00299566 8.97949e-05 0.0
0.00299393 8.91168e-05 0.0
0.00299217 8.84137e-05 0.0
0.00299038 8.76844e-05 0.0
0.00298855 8.69313e-05 0.0
0.00298666 8.61589e-05 0.0
0.00298469 8.53688e-05 0.0
0.00298265 8.45603e-05 0.0
0.00298053 8.37364e-05 0.0
0.00297831 8.29001e-05 0.0
0.002976 8.20518e-05 0.0
0.00297359 8.11917e-05 0.0
0.00297108 8.03225e-05 0.0
0.00296846 7.9446e-05 0.0
0.00296574 7.8562e-05 0.0
0.00296292 7.76714e-05 0.0
0.00295999 7.67763e-05 0.0
0.00295695 7.58773e-05 0.0
0.00295382 7.49745e-05 0.0
0.00295059 7.4069e-05 0.0
0.00294725 7.31621e-05 0.0
0.00294383 7.22538e-05 0.0
0.00294031 7.13445e-05 0.0
0.00293671 7.04351e-05 0.0
0.00293302 6.95263e-05 0.0
0.00292925 6.86181e-05 0.0
0.0029254 6.77109e-05 0.0
0.00292148 6.68053e-05 0.0
0.00291749 6.59015e-05 0.0
0.00291344 6.49997e-05 0.0
0.00290933 6.41002e-05 0.0
0.00290517 6.32034e-05 0.0
0.00290095 6.23093e-05 0.0
0.00289669 6.14181e-05 0.0
0.00289238 6.05301e-05 0.0
0.00288804 5.96452e-05 0.0
0.00288367 5.87638e-05 0.0
0.00287927 5.78857e-05 0.0
0.00287484 5.70113e-05 0.0
0.00287039 5.61405e-05 0.0
0.00286593 5.52734e-05 0.0
0.00286146 5.44101e-05 0.0
0.00285698 5.35506e-05 0.0
0.0028525 5.2695e-05 0.0
0.00284802 5.18434e-05 0.0
0.00284355 5.09956e-05 0.0
0.00283909 5.0152e-05 0.0
0.00283464 4.93124e-05 0.0
0.00283021 4.84769e-05 0.0
0.00282581 4.76455e-05 0.0
0.00282143 4.68184e-05 0.0
0.00281709 4.59954e-05 0.0
0.00281278 4.51768e-05 0.0
0.00280851 4.43624e-05 0.0
0.00280428 4.35527e-05 0.0
0.00280011 4.27471e-05 0.0
0.00279599 4.19465e-05 0.0
0.00279193 4.11501e-05 0.0
0.00278793 4.0359e-05 0.0
0.00278401 3.9572e-05 0.0
0.00278016 3.87908e-05 0.0
0.00277639 3.8014e-05 0.0
0.00277271 3.72433e-05 0.0
0.00276912 3.64763e-05 0.0
0.00276563 3.5717e-05 0.0
0.00276224 3.49614e-05 0.0
0.00275897 3.42129e-05 0.0
0.00275582 3.3468e-05 0.0
0.0027528 3.27329e-05 0.0
0.00274991 3.1999e-05 0.0
0.00274717 3.12739e-05 0.0
0.00274458 3.05517e-05 0.0
0.00274215 2.98403e-05 0.0
0.00273988 2.91233e-05 0.0
0.00273779 2.8418e-05 0.0
0.00273588 2.7712e-05 0.0
0.00273415 2.70079e-05 0.0
0.00273261 2.62837e-05 0.0
0.00273125 2.5573e-05 0.0
0.00273004 2.48334e-05 0.0
0.00272898 2.40428e-05 0.0
0.00272805 2.32064e-05 0.0
0.00272713 2.23493e-05 0.0
0.00272611 2.12737e-05 0.0
0.00272501 2.00659e-05 0.0
0.00272403 1.94143e-05 0.0
0.0 0.0 0.0
0.0 0.0 0.0
0.0134091 -0.00131016 0.0
0.00813331 -0.000643882 0.0
0.00656411 0.000579354 0.0
0.00655211 0.000912123 0.0
0.00568021 0.000115219 0.0
0.00457863 0.000422756 0.0
0.00428284 0.00065132 0.0
0.00407127 0.000611176 0.0
0.00363432 0.000452803 0.0
0.00332712 0.000607652 0.0
0.00322058 0.000629343 0.0
0.00304567 0.000586417 0.0
0.00283962 0.000567995 0.0
0.0027255 0.000630956 0.0
0.00264574 0.000614533 0.0
0.00252744 0.000599554 0.0
0.00242673 0.000607157 0.0
0.00236488 0.000626889 0.0
0.00229986 0.000612053 0.0
0.0022254 0.000611327 0.0
0.00216981 0.000618126 0.0
0.00212581 0.000621648 0.0
0.00207659 0.000614001 0.0
0.00202987 0.000616965 0.0
0.00199404 0.00061956 0.0
0.00196021 0.000618691 0.0
0.00192502 0.000615874 0.0
0.00189455 0.000618296 0.0
0.00186895 0.000618329 0.0
0.00184343 0.000617096 0.0
0.00181911 0.000616384 0.0
0.0017985 0.000617422 0.0
0.00177984 0.000616549 0.0
0.00176168 0.000615806 0.0
0.00174558 0.000615598 0.0
0.00173184 0.00061558 0.0
0.00171913 0.000614668 0.0
0.00170763 0.000614265 0.0
0.00169821 0.000613861 0.0
0.0016903 0.000613328 0.0
0.00168345 0.00061266 0.0
0.00167837 0.000612207 0.0
0.00167513 0.00061145 0.0
0.00167309 0.000610878 0.0
0.00167264 0.000610298 0.0
0.00167428 0.000609457 0.0
0.00167752 0.000608593 0.0
0.00168228 0.000608133 0.0
0.00168922 0.000607163 0.0
0.00169832 0.000605994 0.0
0.00170921 0.000605327 0.0
0.00172225 0.00060452 0.0
0.00173778 0.000602891 0.0
0.00175567 0.000601843 0.0
0.00177597 0.000601016 0.0
0.00179878 0.000599233 0.0
0.00182429 0.000597344 0.0
0.00185278 0.000596332 0.0
0.001884 0.000594402 0.0
0.00191771 0.00059174 0.0
0.00195468 0.000589807 0.0
0.00199493 0.000587804 0.0
0.00203754 0.000584394 0.0
0.00208274 0.000581178 0.0
0.00213149 0.000578411 0.0
0.00218289 0.000574585 0.0
0.00223602 0.000569874 0.0
0.00229163 0.000565652 0.0
0.00235015 0.000561165 0.0
0.00241004 0.000555283 0.0
0.00247068 0.000549132 0.0
0.00253307 0.000543347 0.0
0.00259701 0.000536618 0.0
0.00266039 0.000528533 0.0
0.0027233 0.000521105 0.0
0.00278693 0.000513203 0.0
0.00284975 0.000503849 0.0
0.00291017 0.000494536 0.0
0.00296941 0.000485625 0.0
0.00302723 0.000474841 0.0
0.003082 0.000464467 0.0
0.00313403 0.000454469 0.0
0.00318316 0.000442766 0.0
0.00322865 0.000431139 0.0
0.00327112 0.000421045 0.0
0.00330975 0.000408675 0.0
0.00334343 0.000396218 0.0
0.00337396 0.000385799 0.0
0.00340092 0.000374006 0.0
0.00342245 0.000361156 0.0
0.00343992 0.000350349 0.0
0.00345426 0.00033925 0.0
0.00346396 0.000327267 0.0
0.00346948 0.000316298 0.0
0.00347153 0.000305617 0.0
0.0034699 0.000294897 0.0
0.00346498 0.000284676 0.0
0.0034569 0.000274438 0.0
0.0034453 0.000264595 0.0
0.00343125 0.00025563 0.0
0.00341506 0.000246256 0.0
0.00339595 0.000237172 0.0
0.00337442 0.000229111 0.0
0.00335146 0.00022101 0.0
0.00332667 0.00021274 0.0
0.00329984 0.000205448 0.0
0.00327142 0.000198342 0.0
0.00324185 0.000191143 0.0
0.00321108 0.000184498 0.0
0.0031789 0.000178351 0.0
0.00314539 0.000171996 0.0
0.00311118 0.000166153 0.0
0.00307634 0.000160795 0.0
0.00304029 0.000155401 0.0
0.00300326 0.000150137 0.0
0.00296613 0.000145604 0.0
0.00292861 0.000141075 0.0
0.00289006 0.000136582 0.0
0.00285118 0.000132559 0.0
0.00281254 0.000128865 0.0
0.00277352 0.000125142 0.0
0.002734 0.000121765 0.0
0.0026946 0.000118514 0.0
0.00265536 0.000115538 0.0
0.00261609 0.000112874 0.0
0.00257672 0.000110104 0.0
0.00253743 0.000107503 0.0
0.00249856 0.000105526 0.0
0.00245995 0.000103395 0.0
0.00242119 0.000101109 0.0
0.0023828 9.94752e-05 0.0
0.00234508 9.8014e-05 0.0
0.0023075 9.62257e-05 0.0
0.00227005 9.47688e-05 0.0
0.00223325 9.36986e-05 0.0
0.00219698 9.24891e-05 0.0
0.00216097 9.13554e-05 0.0
0.00212541 9.04276e-05 0.0
0.0020904 8.96243e-05 0.0
0.00205595 8.89157e-05 0.0
0.00202196 8.81921e-05 0.0
0.00198837 8.75515e-05 0.0
0.00195537 8.71926e-05 0.0
0.00192302 8.67655e-05 0.0
0.00189104 8.62746e-05 0.0
0.00185954 8.60789e-05 0.0
0.00182873 8.59396e-05 0.0
0.00179842 8.56618e-05 0.0
0.00176854 8.55633e-05 0.0
0.00173926 8.5603e-05 0.0
0.00171055 8.55642e-05 0.0
0.00168235 8.55783e-05 0.0
0.00165469 8.57182e-05 0.0
0.00162759 8.58779e-05 0.0
0.00160107 8.60334e-05 0.0
0.0015751 8.62463e-05 0.0
0.0015497 8.65347e-05 0.0
0.0015249 8.68455e-05 0.0
0.0015007 8.71347e-05 0.0
0.00147709 8.74932e-05 0.0
0.0014541 8.79248e-05 0.0
0.00143177 8.83219e-05 0.0
0.00141007 8.87161e-05 0.0
0.00138902 8.92099e-05 0.0
0.00136867 8.9709e-05 0.0
0.001349 9.01559e-05 0.0
0.00133002 9.06563e-05 0.0
0.00131177 9.1211e-05 0.0
0.00129425 9.1714e-05 0.0
0.00127744 9.22133e-05 0.0
0.00126139 9.27641e-05 0.0
0.00124609 9.32896e-05 0.0
0.00123152 9.37831e-05 0.0
0.0012177 9.43049e-05 0.0
0.00120467 9.48053e-05 0.0
0.00119233 9.52612e-05 0.0
0.00118071 9.57386e-05 0.0
0.00116986 9.61914e-05 0.0
0.00115971 9.65736e-05 0.0
0.00115019 9.69692e-05 0.0
0.00114137 9.73652e-05 0.0
0.00113324 9.76627e-05 0.0
0.00112568 9.79403e-05 0.0
0.0011187 9.82472e-05 0.0
0.00111233 9.84712e-05 0.0
0.00110651 9.86198e-05 0.0
0.00110117 9.88008e-05 0.0
0.00109631 9.8943e-05 0.0
0.00109194 9.89843e-05 0.0
0.00108799 9.90181e-05 0.0
0.00108441 9.90569e-05 0.0
0.00108121 9.90074e-05 0.0
0.00107836 9.89073e-05 0.0
0.00107583 9.88185e-05 0.0
0.00107357 9.86827e-05 0.0
0.00107156 9.8472e-05 0.0
0.00106982 9.82537e-05 0.0
0.00106829 9.80208e-05 0.0
0.00106692 9.77229e-05 0.0
0.00106573 9.73881e-05 0.0
0.00106471 9.70515e-05 0.0
0.00106381 9.66749e-05 0.0
0.001063 9.62485e-05 0.0
0.00106231 9.58096e-05 0.0
0.00106171 9.53553e-05 0.0
0.00106116 9.48568e-05 0.0
0.00106065 9.43312e-05 0.0
0.00106021 9.37976e-05 0.0
0.00105979 9.3238e-05 0.0
0.00105938 9.26448e-05 0.0
0.00105899 9.20387e-05 0.0
0.0010586 9.14204e-05 0.0
0.00105821 9.07756e-05 0.0
0.0010578 9.01104e-05 0.0
0.00105738 8.94368e-05 0.0
0.00105694 8.87477e-05 0.0
0.00105646 8.80382e-05 0.0
0.00105596 8.73171e-05 0.0
0.00105543 8.65878e-05 0.0
0.00105486 8.58436e-05 0.0
0.00105424 8.5086e-05 0.0
0.00105359 8.43213e-05 0.0
0.0010529 8.3548e-05 0.0
0.00105216 8.27632e-05 0.0
0.00105138 8.19703e-05 0.0
0.00105055 8.1172e-05 0.0
0.00104968 8.0366e-05 0.0
0.00104877 7.95522e-05 0.0
0.00104781 7.87337e-05 0.0
0.00104681 7.79106e-05 0.0
0.00104577 7.70816e-05 0.0
0.00104469 7.62481e-05 0.0
0.00104356 7.54114e-05 0.0
0.0010424 7.45712e-05 0.0
0.00104121 7.37271e-05 0.0
0.00103997 7.28805e-05 0.0
0.0010387 7.20319e-05 0.0
0.0010374 7.11808e-05 0.0
0.00103607 7.03277e-05 0.0
0.00103471 6.94733e-05 0.0
0.00103332 6.86176e-05 0.0
0.00103191 6.77607e-05 0.0
0.00103047 6.69029e-05 0.0
0.00102901 6.60446e-05 0.0
0.00102753 6.51859e-05 0.0
0.00102602 6.43267e-05 0.0
0.00102451 6.34675e-05 0.0
0.00102297 6.26085e-05 0.0
0.00102143 6.17495e-05 0.0
0.00101987 6.08909e-05 0.0
0.0010183 6.00327e-05 0.0
0.00101672 5.91751e-05 0.0
0.00101514 5.83181e-05 0.0
0.00101355 5.74618e-05 0.0
0.00101196 5.66064e-05 0.0
0.00101036 5.57518e-05 0.0
0.00100877 5.48981e-05 0.0
0.00100718 5.40454e-05 0.0
0.00100559 5.31939e-05 0.0
0.001004 5.23433e-05 0.0
0.00100242 5.14939e-05 0.0
0.00100085 5.06456e-05 0.0
0.000999288 4.97986e-05 0.0
0.000997737 4.89526e-05 0.0
0.000996199 4.81079e-05 0.0
0.000994675 4.72643e-05 0.0
0.000993168 4.64222e-05 0.0
0.000991678 4.55809e-05 0.0
0.000990208 4.47411e-05 0.0
0.000988759 4.39022e-05 0.0
0.000987334 4.30648e-05 0.0
0.000985934 4.22279e-05 0.0
0.000984561 4.1393e-05 0.0
0.000983218 4.05584e-05 0.0
0.000981907 3.97253e-05 0.0
0.00098063 3.88923e-05 0.0
0.000979389 3.80617e-05 0.0
0.000978187 3.72304e-05 0.0
0.000977027 3.64008e-05 0.0
0.00097591 3.55707e-05 0.0
0.000974841 3.47438e-05 0.0
0.000973822 3.39134e-05 0.0
0.000972855 3.30861e-05 0.0
0.000971943 3.22576e-05 0.0
0.000971091 3.14318e-05 0.0
0.0009703 3.05983e-05 0.0
0.000969568 2.97716e-05 0.0
0.000968905 2.89417e-05 0.0
0.000968311 2.81092e-05 0.0
0.000967775 2.72651e-05 0.0
0.000967298 2.64364e-05 0.0
0.000966895 2.55931e-05 0.0
0.000966532 2.47256e-05 0.0
0.000966164 2.38553e-05 0.0
0.000965821 2.30153e-05 0.0
0.000965482 2.20931e-05 0.0
0.000964894 2.10738e-05 0.0
0.000964094 2.02688e-05 0.0
0.0 0.0 0.0
0.0 0.0 0.0
0.0 0.0 0.0
0.0 0.0 0.0
0.0 0.0 0.0
0.0 0.0 0.0
0.0 0.0 0.0
0.0 0.0 0.0
0.0 0.0 0.0
0.0 0.0 0.0
0.0 0.0 0.0
0.0 0.0 0.0
0.0 0.0 0.0
0.0 0.0 0.0
0.0 0.0 0.0
0.0 0.0 0.0
0.0 0.0 0.0
0.0 0.0 0.0
0.0 0.0 0.0
0.0 0.0 0.0
0.0 0.0 0.0
0.0 0.0 0.0
0.0 0.0 0.0
0.0 0.0 0.0
0.0 0.0 0.0
0.0 0.0 0.0
0.0 0.0 0.0
0.0 0.0 0.0
0.0 0.0 0.0
0.0 0.0 0.0
0.0 0.0 0.0
0.0 0.0 0.0
0.0 0.0 0.0
0.0 0.0 0.0
0.0 0.0 0.0
0.0 0.0 0.0
0.0 0.0 0.0
0.0 0.0 0.0
0.0 0.0 0.0
0.0 0.0 0.0
0.0 0.0 0.0
0.0 0.0 0.0
0.0 0.0 0.0
0.0 0.0 0.0
0.0 0.0 0.0
0.0 0.0 0.0
0.0 0.0 0.0
0.0 0.0 0.0
0.0 0.0 0.0
0.0 0.0 0.0
0.0 0.0 0.0
0.0 0.0 0.0
0.0 0.0 0.0
0.0 0.0 0.0
0.0 0.0 0.0
0.0 0.0 0.0
0.0 0.0 0.0
0.0 0.0 0.0
0.0 0.0 0.0
0.0 0.0 0.0
0.0 0.0 0.0
0.0 0.0 0.0
0.0 0.0 0.0
0.0 0.0 0.0
0.0 0.0 0.0
0.0 0.0 0.0
0.0 0.0 0.0
0.0 0.0 0.0
0.0 0.0 0.0
0.0 0.0 0.0
0.0 0.0 0.0
0.0 0.0 0.0
0.0 0.0 0.0
0.0 0.0 0.0
0.0 0.0 0.0
0.0 0.0 0.0
0.0 0.0 0.0
0.0 0.0 0.0
0.0 0.0 0.0
0.0 0.0 0.0
0.0 0.0 0.0
0.0 0.0 0.0
0.0 0.0 0.0
0.0 0.0 0.0
0.0 0.0 0.0
0.0 0.0 0.0
0.0 0.0 0.0
0.0 0.0 0.0
0.0 0.0 0.0
0.0 0.0 0.0
0.0 0.0 0.0
0.0 0.0 0.0
0.0 0.0 0.0
0.0 0.0 0.0
0.0 0.0 0.0
0.0 0.0 0.0
0.0 0.0 0.0
0.0 0.0 0.0
0.0 0.0 0.0
0.0 0.0 0.0
0.0 0.0 0.0
0.0 0.0 0.0
0.0 0.0 0.0
0.0 0.0 0.0
0.0 0.0 0.0
0.0 0.0 0.0
0.0 0.0 0.0
0.0 0.0 0.0
0.0 0.0 0.0
0.0 0.0 0.0
0.0 0.0 0.0
0.0 0.0 0.0
0.0 0.0 0.0
0.0 0.0 0.0
0.0 0.0 0.0
0.0 0.0 0.0
0.0 0.0 0.0
0.0 0.0 0.0
0.0 0.0 0.0
0.0 0.0 0.0
0.0 0.0 0.0
0.0 0.0 0.0
0.0 0.0 0.0
0.0 0.0 0.0
0.0 0.0 0.0
0.0 0.0 0.0
0.0 0.0 0.0
0.0 0.0 0.0
0.0 0.0 0.0
0.0 0.0 0.0
0.0 0.0 0.0
0.0 0.0 0.0
0.0 0.0 0.0
0.0 0.0 0.0
0.0 0.0 0.0
0.0 0.0 0.0
0.0 0.0 0.0
0.0 0.0 0.0
0.0 0.0 0.0
0.0 0.0 0.0
0.0 0.0 0.0
0.0 0.0 0.0
0.0 0.0 0.0
0.0 0.0 0.0
0.0 0.0 0.0
0.0 0.0 0.0
0.0 0.0 0.0
0.0 0.0 0.0
0.0 0.0 0.0
0.0 0.0 0.0
0.0 0.0 0.0
0.0 0.0 0.0
0.0 0.0 0.0
0.0 0.0 0.0
0.0 0.0 0.0
0.0 0.0 0.0
0.0 0.0 0.0
0.0 0.0 0.0
0.0 0.0 0.0
0.0 0.0 0.0
0.0 0.0 0.0
0.0 0.0 0.0
0.0 0.0 0.0
0.0 0.0 0.0
0.0 0.0 0.0
0.0 0.0 0.0
0.0 0.0 0.0
0.0 0.0 0.0
0.0 0.0 0.0
0.0 0.0 0.0
0.0 0.0 0.0
0.0 0.0 0.0
0.0 0.0 0.0
0.0 0.0 0.0
0.0 0.0 0.0
0.0 0.0 0.0
0.0 0.0 0.0
0.0 0.0 0.0
0.0 0.0 0.0
0.0 0.0 0.0
0.0 0.0 0.0
0.0 0.0 0.0
0.0 0.0 0.0
0.0 0.0 0.0
0.0 0.0 0.0
0.0 0.0 0.0
0.0 0.0 0.0
0.0 0.0 0.0
0.0 0.0 0.0
0.0 0.0 0.0
0.0 0.0 0.0
0.0 0.0 0.0
0.0 0.0 0.0
0.0 0.0 0.0
0.0 0.0 0.0
0.0 0.0 0.0
0.0 0.0 0.0
0.0 0.0 0.0
0.0 0.0 0.0
0.0 0.0 0.0
0.0 0.0 0.0
0.0 0.0 0.0
0.0 0.0 0.0
0.0 0.0 0.0
0.0 0.0 0.0
0.0 0.0 0.0
0.0 0.0 0.0
0.0 0.0 0.0
0.0 0.0 0.0
0.0 0.0 0.0
0.0 0.0 0.0
0.0 0.0 0.0
0.0 0.0 0.0
0.0 0.0 0.0
0.0 0.0 0.0
0.0 0.0 0.0
0.0 0.0 0.0
0.0 0.0 0.0
0.0 0.0 0.0
0.0 0.0 0.0
0.0 0.0 0.0
0.0 0.0 0.0
0.0 0.0 0.0
0.0 0.0 0.0
0.0 0.0 0.0
0.0 0.0 0.0
0.0 0.0 0.0
0.0 0.0 0.0
0.0 0.0 0.0
0.0 0.0 0.0
0.0 0.0 0.0
0.0 0.0 0.0
0.0 0.0 0.0
0.0 0.0 0.0
0.0 0.0 0.0
0.0 0.0 0.0
0.0 0.0 0.0
0.0 0.0 0.0
0.0 0.0 0.0
0.0 0.0 0.0
0.0 0.0 0.0
0.0 0.0 0.0
0.0 0.0 0.0
0.0 0.0 0.0
0.0 0.0 0.0
0.0 0.0 0.0
0.0 0.0 0.0
0.0 0.0 0.0
0.0 0.0 0.0
0.0 0.0 0.0
0.0 0.0 0.0
0.0 0.0 0.0
0.0 0.0 0.0
0.0 0.0 0.0
0.0 0.0 0.0
0.0 0.0 0.0
0.0 0.0 0.0
0.0 0.0 0.0
0.0 0.0 0.0
0.0 0.0 0.0
0.0 0.0 0.0
0.0 0.0 0.0
0.0 0.0 0.0
0.0 0.0 0.0
0.0 0.0 0.0
0.0 0.0 0.0
0.0 0.0 0.0
0.0 0.0 0.0
0.0 0.0 0.0
0.0 0.0 0.0
0.0 0.0 0.0
0.0 0.0 0.0
0.0 0.0 0.0
0.0 0.0 0.0
0.0 0.0 0.0
0.0 0.0 0.0
0.0 0.0 0.0
0.0 0.0 0.0
0.0 0.0 0.0
0.0 0.0 0.0
0.0 0.0 0.0
0.0 0.0 0.0
0.0 0.0 0.0
0.0 0.0 0.0
0.0 0.0 0.0
0.0 0.0 0.0
0.0 0.0 0.0
0.0 0.0 0.0
0.0 0.0 0.0
0.0 0.0 0.0
0.0 0.0 0.0
0.0 0.0 0.0
0.0 0.0 0.0
0.0 0.0 0.0
0.0 0.0 0.0
0.0 0.0 0.0
0.0 0.0 0.0
0.0 0.0 0.0
0.0 0.0 0.0
0.0 0.0 0.0
0.0 0.0 0.0
SCALARS density double 1
LOOKUP_TABLE default
1
1
1
1
1
1
1
1
1
1
1
1
1
1
1
1
1
1
1
1
1
1
1
1
1
1
1
1
1
1
1
1
1
1
1
1
1
1
1
1
1
1
1
1
1
1
1
1
1
1
1
1
1
1
1
1
1
1
1
1
1
1
1
1
1
1
1
1
1
1
1
1
1
1
1
1
1
1
1
1
1
1
1
1
1
1
1
1
1
1
1
1
1
1
1
1
1
1
1
1
1
1
1
1
1
1
1
1
1
1
1
1
1
1
1
1
1
1
1
1
1
1
1
1
1
1
1
1
1
1
1
1
1
1
1
1
1
1
1
1
1
1
1
1
1
1
1
1
1
1
1
1
1
1
1
1
1
1
1
1
1
1
1
1
1
1
1
1
1
1
1
1
1
1
1
1
1
1
1
1
1
1
1
1
1
1
1
1
1
1
1
1
1
1
1
1
1
1
1
1
1
1
1
1
1
1
1
1
1
1
1
1
1
1
1
1
1
1
1
1
1
1
1
1
1
1
1
1
1
1
1
1
1
1
1
1
1
1
1
1
1
1
1
1
1
1
1
1
1
1
1
1
1
1
1
1
1
1
1
1
1
1
1
1
1
1
1
1
1
1
1
1
1
1
1
1
1
1
1
1
1
1
1
1
1
1
1
1
1
1
1
1
1
1
1
1
1
1
1
1
1.00357
1.00429
1.00139
1.00182
1.00268
1.00224
1.0018
1.00207
1.00218
1.00195
1.00191
1.00203
1.002
1.00192
1.00194
1.00197
1.00193
1.00191
1.00193
1.00193
1.00191
1.00191
1.00192
1.00191
1.0019
1.0019
1.0019
1.00189
1.00189
1.00189
1.00188
1.00188
1.00188
1.00188
1.00187
1.00187
1.00187
1.00186
1.00186
1.00186
1.00186
1.00185
1.00185
1.00185
1.00184
1.00184
1.00184
1.00183
1.00183
1.00182
1.00182
1.00181
1.00181
1.0018
1.0018
1.00179
1.00178
1.00177
1.00176
1.00176
1.00175
1.00174
1.00172
1.00171
1.0017
1.00168
1.00167
1.00166
1.00164
1.00162
1.0016
1.00158
1.00156
1.00153
1.00151
1.00149
1.00146
1.00144
1.00142
1.00139
1.00137
1.00134
1.00131
1.00129
1.00127
1.00124
1.00121
1.00119
1.00117
1.00114
1.00112
1.0011
1.00108
1.00105
1.00103
1.00102
1.001
1.00098
1.00096
1.00094
1.00092
1.00091
1.00089
1.00088
1.00086
1.00085
1.00084
1.00082
1.00081
1.0008
1.00078
1.00077
1.00076
1.00075
1.00074
1.00073
1.00072
1.00071
1.0007
1.00069
1.00068
1.00067
1.00067
1.00066
1.00065
1.00064
1.00063
1.00063
1.00062
1.00061
1.0006
1.0006
1.00059
1.00058
1.00057
1.00057
1.00056
1.00055
1.00054
1.00054
1.00053
1.00052
1.00052
1.00051
1.0005
1.0005
1.00049
1.00048
1.00048
1.00047
1.00046
1.00046
1.00045
1.00045
1.00044
1.00043
1.00043
1.00042
1.00042
1.00041
1.00041
1.0004
1.0004
1.00039
1.00039
1.00038
1.00038
1.00038
1.00037
1.00037
1.00037
1.00036
1.00036
1.00036
1.00035
1.00035
1.00035
1.00035
1.00035
1.00034
1.00034
1.00034
1.00034
1.00034
1.00034
1.00033
1.00033
1.00033
1.00033
1.00033
1.00032
1.00032
1.00032
1.00032
1.00032
1.00032
1.00031
1.00031
1.00031
1.00031
1.00031
1.0003
1.0003
1.0003
1.0003
1.00029
1.00029
1.00029
1.00029
1.00028
1.00028
1.00028
1.00028
1.00028
1.00027
1.00027
1.00027
1.00027
1.00026
1.00026
1.00026
1.00026
1.00025
1.00025
1.00025
1.00025
1.00024
1.00024
1.00024
1.00023
1.00023
1.00023
1.00023
1.00022
1.00022
1.00022
1.00022
1.00021
1.00021
1.00021
1.00021
1.0002
1.0002
1.0002
1.0002
1.00019
1.00019
1.00019
1.00019
1.00018
1.00018
1.00018
1.00018
1.00017
1.00017
1.00017
1.00017
1.00016
1.00016
1.00016
1.00016
1.00015
1.00015
1.00015
1.00015
1.00014
1.00014
1.00014
1.00014
1.00014
1.00013
1.00013
1.00013
1.00013
1.00012
1.00012
1.00012
1.00012
1.00011
1.00011
1.00011
1.00011
1.0001
1.0001
1.0001
1.0001
1.0001
1.00009
1.00009
1.00009
1.00009
1.00008
1.00008
1.00008
1.00008
1.00007
1.00007
1.00007
1.00007
1.00002
1.00086
1.00282
1.00278
1.00246
1.00195
1.00215
1.00223
1.00206
1.00196
1.00205
1.00203
1.00196
1.00196
1.00199
1.00196
1.00193
1.00194
1.00195
1.00193
1.00192
1.00192
1.00192
1.00191
1.00191
1.00191
1.0019
1.0019
1.0019
1.00189
1.00189
1.00189
1.00188
1.00188
1.00188
1.00187
1.00187
1.00187
1.00187
1.00186
1.00186
1.00186
1.00185
1.00185
1.00185
1.00184
1.00184
1.00184
1.00183
1.00183
1.00182
1.00182
1.00181
1.00181
1.0018
1.00179
1.00179
1.00178
1.00177
1.00176
1.00176
1.00174
1.00173
1.00172
1.00171
1.00169
1.00168
1.00167
1.00165
1.00163
1.00162
1.0016
1.00157
1.00156
1.00153
1.00151
1.00149
1.00146
1.00144
1.00141
1.00139
1.00136
1.00134
1.00132
1.00129
1.00126
1.00124
1.00121
1.00119
1.00117
1.00114
1.00112
1.0011
1.00108
1.00106
1.00103
1.00102
1.001
1.00098
1.00096
1.00094
1.00093
1.00091
1.00089
1.00088
1.00086
1.00085
1.00084
1.00082
1.00081
1.0008
1.00079
1.00077
1.00076
1.00075
1.00074
1.00073
1.00072
1.00071
1.0007
1.00069
1.00068
1.00068
1.00067
1.00066
1.00065
1.00064
1.00063
1.00063
1.00062
1.00061
1.0006
1.0006
1.00059
1.00058
1.00057
1.00057
1.00056
1.00055
1.00055
1.00054
1.00053
1.00052
1.00052
1.00051
1.0005
1.0005
1.00049
1.00048
1.00048
1.00047
1.00046
1.00046
1.00045
1.00045
1.00044
1.00043
1.00043
1.00042
1.00042
1.00041
1.00041
1.0004
1.0004
1.00039
1.00039
1.00038
1.00038
1.00038
1.00037
1.00037
1.00037
1.00036
1.00036
1.00036
1.00036
1.00035
1.00035
1.00035
1.00035
1.00035
1.00034
1.00034
1.00034
1.00034
1.00034
1.00033
1.00033
1.00033
1.00033
1.00033
1.00033
1.00032
1.00032
1.00032
1.00032
1.00032
1.00031
1.00031
1.00031
1.00031
1.00031
1.0003
1.0003
1.0003
1.0003
1.00029
1.00029
1.00029
1.00029
1.00029
1.00028
1.00028
1.00028
1.00028
1.00027
1.00027
1.00027
1.00027
1.00026
1.00026
1.00026
1.00026
1.00025
1.00025
1.00025
1.00025
1.00024
1.00024
1.00024
1.00023
1.00023
1.00023
1.00023
1.00022
1.00022
1.00022
1.00022
1.00021
1.00021
1.00021
1.00021
1.0002
1.0002
1.0002
1.0002
1.00019
1.00019
1.00019
1.00019
1.00018
1.00018
1.00018
1.00018
1.00017
1.00017
1.00017
1.00017
1.00016
1.00016
1.00016
1.00016
1.00015
1.00015
1.00015
1.00015
1.00014
1.00014
1.00014
1.00014
1.00014
1.00013
1.00013
1.00013
1.00013
1.00012
1.00012
1.00012
1.00012
1.00011
1.00011
1.00011
1.00011
1.0001
1.0001
1.0001
1.0001
1.0001
1.00009
1.00009
1.00009
1.00009
1.00008
1.00008
1.00008
1.00008
1.00007
1.00007
1.00007
1.00007
1.00003
1.0008
1.00207
1.00307
1.00247
1.00184
1.00219
1.00233
1.00203
1.00193
1.00209
1.00207
1.00195
1.00196
1.00201
1.00197
1.00193
1.00195
1.00196
1.00193
1.00192
1.00193
1.00192
1.00191
1.00191
1.00191
1.0019
1.0019
1.0019
1.0019
1.00189
1.00189
1.00189
1.00188
1.00188
1.00188
1.00187
1.00187
1.00187
1.00186
1.00186
1.00186
1.00185
1.00185
1.00185
1.00184
1.00184
1.00183
1.00183
1.00183
1.00182
1.00182
1.00181
1.00181
1.0018
1.00179
1.00179
1.00178
1.00177
1.00176
1.00175
1.00174
1.00173
1.00172
1.00171
1.00169
1.00168
1.00166
1.00165
1.00163
1.00161
1.00159
1.00157
1.00155
1.00153
1.00151
1.00148
1.00146
1.00144
1.00141
1.00139
1.00136
1.00133
1.00131
1.00129
1.00126
1.00123
1.00121
1.00119
1.00116
1.00114
1.00112
1.0011
1.00107
1.00106
1.00104
1.00101
1.001
1.00098
1.00096
1.00094
1.00093
1.00091
1.00089
1.00088
1.00087
1.00085
1.00084
1.00082
1.00081
1.0008
1.00079
1.00078
1.00076
1.00075
1.00074
1.00073
1.00072
1.00071
1.0007
1.00069
1.00069
1.00068
1.00067
1.00066
1.00065
1.00064
1.00064
1.00063
1.00062
1.00061
1.0006
1.0006
1.00059
1.00058
1.00057
1.00057
1.00056
1.00055
1.00055
1.00054
1.00053
1.00053
1.00052
1.00051
1.0005
1.0005
1.00049
1.00049
1.00048
1.00047
1.00047
1.00046
1.00045
1.00045
1.00044
1.00043
1.00043
1.00042
1.00042
1.00041
1.00041
1.0004
1.0004
1.00039
1.00039
1.00039
1.00038
1.00038
1.00037
1.00037
1.00037
1.00036
1.00036
1.00036
1.00036
1.00035
1.00035
1.00035
1.00035
1.00035
1.00034
1.00034
1.00034
1.00034
1.00034
1.00034
1.00033
1.00033
1.00033
1.00033
1.00033
1.00032
1.00032
1.00032
1.00032
1.00032
1.00031
1.00031
1.00031
1.00031
1.00031
1.0003
1.0003
1.0003
1.0003
1.00029
1.00029
1.00029
1.00029
1.00029
1.00028
1.00028
1.00028
1.00028
1.00027
1.00027
1.00027
1.00027
1.00026
1.00026
1.00026
1.00026
1.00025
1.00025
1.00025
1.00025
1.00024
1.00024
1.00024
1.00024
1.00023
1.00023
1.00023
1.00022
1.00022
1.00022
1.00022
1.00021
1.00021
1.00021
1.00021
1.0002
1.0002
1.0002
1.0002
1.00019
1.00019
1.00019
1.00019
1.00018
1.00018
1.00018
1.00018
1.00017
1.00017
1.00017
1.00017
1.00016
1.00016
1.00016
1.00016
1.00015
1.00015
1.00015
1.00015
1.00015
1.00014
1.00014
1.00014
1.00014
1.00013
1.00013
1.00013
1.00013
1.00012
1.00012
1.00012
1.00012
1.00011
1.00011
1.00011
1.00011
1.0001
1.0001
1.0001
1.0001
1.0001
1.00009
1.00009
1.00009
1.00009
1.00008
1.00008
1.00008
1.00008
1.00007
1.00007
1.00007
1.00007
1.00004
1.00104
1.00242
1.00206
1.00218
1.00259
1.0022
1.0019
1.00212
1.0022
1.00199
1.00195
1.00205
1.00203
1.00194
1.00196
1.00199
1.00195
1.00193
1.00194
1.00194
1.00192
1.00192
1.00192
1.00192
1.00191
1.00191
1.00191
1.0019
1.00189
1.00189
1.00189
1.00188
1.00188
1.00188
1.00188
1.00187
1.00187
1.00187
1.00186
1.00186
1.00186
1.00185
1.00185
1.00185
1.00184
1.00184
1.00184
1.00183
1.00183
1.00182
1.00182
1.00181
1.0018
1.0018
1.00179
1.00178
1.00178
1.00177
1.00176
1.00175
1.00174
1.00173
1.00172
1.00171
1.0017
1.00168
1.00166
1.00165
1.00163
1.00161
1.00159
1.00157
1.00155
1.00153
1.00151
1.00148
1.00145
1.00143
1.00141
1.00138
1.00136
1.00133
1.0013
1.00128
1.00126
1.00123
1.00121
1.00119
1.00116
1.00114
1.00112
1.0011
1.00107
1.00105
1.00103
1.00102
1.00099
1.00098
1.00096
1.00094
1.00092
1.00091
1.00089
1.00088
1.00086
1.00085
1.00084
1.00082
1.00081
1.0008
1.00079
1.00078
1.00076
1.00075
1.00074
1.00073
1.00072
1.00071
1.0007
1.00069
1.00069
1.00068
1.00067
1.00066
1.00065
1.00064
1.00064
1.00063
1.00062
1.00061
1.0006
1.0006
1.00059
1.00058
1.00058
1.00057
1.00056
1.00055
1.00055
1.00054
1.00053
1.00053
1.00052
1.00051
1.00051
1.0005
1.00049
1.00049
1.00048
1.00047
1.00047
1.00046
1.00045
1.00045
1.00044
1.00043
1.00043
1.00042
1.00042
1.00041
1.00041
1.0004
1.0004
1.00039
1.00039
1.00039
1.00038
1.00038
1.00038
1.00037
1.00037
1.00037
1.00036
1.00036
1.00036
1.00036
1.00035
1.00035
1.00035
1.00035
1.00035
1.00034
1.00034
1.00034
1.00034
1.00034
1.00033
1.00033
1.00033
1.00033
1.00033
1.00032
1.00032
1.00032
1.00032
1.00032
1.00031
1.00031
1.00031
1.00031
1.00031
1.0003
1.0003
1.0003
1.0003
1.0003
1.00029
1.00029
1.00029
1.00029
1.00028
1.00028
1.00028
1.00028
1.00027
1.00027
1.00027
1.00027
1.00026
1.00026
1.00026
1.00026
1.00025
1.00025
1.00025
1.00025
1.00024
1.00024
1.00024
1.00024
1.00023
1.00023
1.00023
1.00023
1.00022
1.00022
1.00022
1.00021
1.00021
1.00021
1.00021
1.0002
1.0002
1.0002
1.0002
1.00019
1.00019
1.00019
1.00019
1.00018
1.00018
1.00018
1.00018
1.00017
1.00017
1.00017
1.00017
1.00016
1.00016
1.00016
1.00016
1.00015
1.00015
1.00015
1.00015
1.00015
1.00014
1.00014
1.00014
1.00014
1.00013
1.00013
1.00013
1.00013
1.00012
1.00012
1.00012
1.00012
1.00011
1.00011
1.00011
1.00011
1.0001
1.0001
1.0001
1.0001
1.0001
1.00009
1.00009
1.00009
1.00009
1.00008
1.00008
1.00008
1.00008
1.00007
1.00007
1.00007
1.00007
1.00005
1.00084
1.00254
1.00208
1.00221
1.00238
1.0021
1.00207
1.00217
1.0021
1.00199
1.00202
1.00205
1.00199
1.00196
1.00198
1.00198
1.00195
1.00194
1.00195
1.00194
1.00193
1.00193
1.00193
1.00192
1.00191
1.00191
1.00191
1.0019
1.0019
1.0019
1.00189
1.00189
1.00188
1.00188
1.00188
1.00187
1.00187
1.00187
1.00187
1.00186
1.00186
1.00186
1.00185
1.00185
1.00184
1.00184
1.00184
1.00183
1.00183
1.00182
1.00182
1.00181
1.00181
1.0018
1.00179
1.00179
1.00178
1.00177
1.00176
1.00175
1.00174
1.00173
1.00172
1.00171
1.00169
1.00168
1.00166
1.00164
1.00163
1.00161
1.00159
1.00157
1.00155
1.00152
1.0015
1.00148
1.00145
1.00142
1.00141
1.00138
1.00135
1.00133
1.0013
1.00127
1.00125
1.00123
1.0012
1.00118
1.00116
1.00114
1.00111
1.00109
1.00107
1.00105
1.00103
1.00101
1.00099
1.00097
1.00096
1.00094
1.00092
1.00091
1.00089
1.00088
1.00086
1.00085
1.00084
1.00082
1.00081
1.0008
1.00079
1.00078
1.00076
1.00075
1.00074
1.00073
1.00072
1.00071
1.0007
1.0007
1.00069
1.00068
1.00067
1.00066
1.00065
1.00064
1.00064
1.00063
1.00062
1.00061
1.00061
1.0006
1.00059
1.00058
1.00058
1.00057
1.00056
1.00055
1.00055
1.00054
1.00053
1.00053
1.00052
1.00051
1.00051
1.0005
1.00049
1.00049
1.00048
1.00047
1.00047
1.00046
1.00045
1.00045
1.00044
1.00044
1.00043
1.00042
1.00042
1.00041
1.00041
1.0004
1.0004
1.00039
1.00039
1.00039
1.00038
1.00038
1.00038
1.00037
1.00037
1.00037
1.00036
1.00036
1.00036
1.00036
1.00035
1.00035
1.00035
1.00035
1.00035
1.00034
1.00034
1.00034
1.00034
1.00034
1.00034
1.00033
1.00033
1.00033
1.00033
1.00033
1.00032
1.00032
1.00032
1.00032
1.00032
1.00031
1.00031
1.00031
1.00031
1.0003
1.0003
1.0003
1.0003
1.0003
1.00029
1.00029
1.00029
1.00029
1.00028
1.00028
1.00028
1.00028
1.00027
1.00027
1.00027
1.00027
1.00026
1.00026
1.00026
1.00026
1.00025
1.00025
1.00025
1.00025
1.00024
1.00024
1.00024
1.00024
1.00023
1.00023
1.00023
1.00023
1.00022
1.00022
1.00022
1.00021
1.00021
1.00021
1.00021
1.0002
1.0002
1.0002
1.0002
1.00019
1.00019
1.00019
1.00019
1.00018
1.00018
1.00018
1.00018
1.00017
1.00017
1.00017
1.00017
1.00016
1.00016
1.00016
1.00016
1.00015
1.00015
1.00015
1.00015
1.00015
1.00014
1.00014
1.00014
1.00014
1.00013
1.00013
1.00013
1.00013
1.00012
1.00012
1.00012
1.00012
1.00011
1.00011
1.00011
1.00011
1.0001
1.0001
1.0001
1.0001
1.0001
1.00009
1.00009
1.00009
1.00009
1.00008
1.00008
1.00008
1.00008
1.00007
1.00007
1.00007
1.00007
1.00007
1.00083
1.00213
1.0024
1.0023
1.00194
1.00218
1.00233
1.00203
1.00195
1.00213
1.00211
1.00195
1.00197
1.00205
1.00199
1.00193
1.00197
1.00198
1.00194
1.00193
1.00195
1.00194
1.00192
1.00192
1.00192
1.00191
1.0019
1.00191
1.0019
1.00189
1.00189
1.00189
1.00189
1.00188
1.00188
1.00188
1.00187
1.00187
1.00187
1.00186
1.00186
1.00186
1.00185
1.00185
1.00185
1.00184
1.00184
1.00183
1.00183
1.00182
1.00182
1.00181
1.00181
1.0018
1.00179
1.00179
1.00178
1.00177
1.00176
1.00176
1.00174
1.00173
1.00172
1.00171
1.00169
1.00168
1.00166
1.00164
1.00162
1.00161
1.00159
1.00156
1.00154
1.00152
1.00149
1.00147
1.00145
1.00142
1.0014
1.00138
1.00134
1.00132
1.0013
1.00127
1.00124
1.00122
1.0012
1.00117
1.00115
1.00113
1.00111
1.00108
1.00107
1.00105
1.00103
1.00101
1.00099
1.00097
1.00095
1.00094
1.00092
1.00091
1.00089
1.00088
1.00086
1.00085
1.00083
1.00082
1.00081
1.0008
1.00079
1.00078
1.00076
1.00075
1.00074
1.00073
1.00072
1.00071
1.00071
1.0007
1.00069
1.00068
1.00067
1.00066
1.00065
1.00065
1.00064
1.00063
1.00062
1.00061
1.00061
1.0006
1.00059
1.00058
1.00058
1.00057
1.00056
1.00056
1.00055
1.00054
1.00053
1.00053
1.00052
1.00051
1.00051
1.0005
1.00049
1.00049
1.00048
1.00047
1.00047
1.00046
1.00045
1.00045
1.00044
1.00044
1.00043
1.00042
1.00042
1.00041
1.00041
1.0004
1.0004
1.00039
1.00039
1.00039
1.00038
1.00038
1.00038
1.00037
1.00037
1.00037
1.00036
1.00036
1.00036
1.00036
1.00036
1.00035
1.00035
1.00035
1.00035
1.00035
1.00034
1.00034
1.00034
1.00034
1.00034
1.00033
1.00033
1.00033
1.00033
1.00033
1.00032
1.00032
1.00032
1.00032
1.00032
1.00031
1.00031
1.00031
1.00031
1.00031
1.0003
1.0003
1.0003
1.0003
1.00029
1.00029
1.00029
1.00029
1.00028
1.00028
1.00028
1.00028
1.00027
1.00027
1.00027
1.00027
1.00026
1.00026
1.00026
1.00026
1.00025
1.00025
1.00025
1.00025
1.00024
1.00024
1.00024
1.00024
1.00023
1.00023
1.00023
1.00023
1.00022
1.00022
1.00022
1.00022
1.00021
1.00021
1.00021
1.0002
1.0002
1.0002
1.0002
1.00019
1.00019
1.00019
1.00019
1.00018
1.00018
1.00018
1.00018
1.00017
1.00017
1.00017
1.00017
1.00016
1.00016
1.00016
1.00016
1.00015
1.00015
1.00015
1.00015
1.00015
1.00014
1.00014
1.00014
1.00014
1.00013
1.00013
1.00013
1.00013
1.00012
1.00012
1.00012
1.00012
1.00011
1.00011
1.00011
1.00011
1.0001
1.0001
1.0001
1.0001
1.0001
1.00009
1.00009
1.00009
1.00009
1.00008
1.00008
1.00008
1.00008
1.00007
1.00007
1.00007
1.00007
1.00009
1.00083
1.00212
1.00228
1.0022
1.00211
1.00219
1.0021
1.00206
1.00211
1.00208
1.002
1.00201
1.00204
1.00199
1.00196
1.00198
1.00198
1.00195
1.00194
1.00195
1.00194
1.00193
1.00193
1.00193
1.00192
1.00191
1.00191
1.00191
1.0019
1.0019
1.0019
1.00189
1.00189
1.00189
1.00188
1.00188
1.00187
1.00187
1.00187
1.00187
1.00186
1.00186
1.00186
1.00185
1.00185
1.00184
1.00184
1.00184
1.00183
1.00183
1.00182
1.00182
1.00181
1.0018
1.0018
1.00179
1.00178
1.00178
1.00177
1.00175
1.00175
1.00174
1.00172
1.00171
1.0017
1.00168
1.00166
1.00164
1.00163
1.0016
1.00158
1.00156
1.00154
1.00152
1.00149
1.00146
1.00144
1.00142
1.00138
1.00136
1.00134
1.00131
1.00128
1.00127
1.00124
1.00121
1.00119
1.00117
1.00114
1.00112
1.0011
1.00108
1.00106
1.00104
1.00102
1.001
1.00098
1.00097
1.00095
1.00093
1.00092
1.0009
1.00089
1.00087
1.00086
1.00085
1.00083
1.00082
1.00081
1.0008
1.00078
1.00077
1.00076
1.00075
1.00074
1.00073
1.00072
1.00071
1.00071
1.0007
1.00069
1.00068
1.00067
1.00066
1.00065
1.00065
1.00064
1.00063
1.00062
1.00062
1.00061
1.0006
1.00059
1.00059
1.00058
1.00057
1.00056
1.00056
1.00055
1.00054
1.00053
1.00053
1.00052
1.00051
1.00051
1.0005
1.00049
1.00049
1.00048
1.00047
1.00047
1.00046
1.00045
1.00045
1.00044
1.00043
1.00043
1.00042
1.00042
1.00041
1.00041
1.0004
1.0004
1.00039
1.00039
1.00039
1.00038
1.00038
1.00038
1.00037
1.00037
1.00037
1.00037
1.00036
1.00036
1.00036
1.00036
1.00035
1.00035
1.00035
1.00035
1.00035
1.00034
1.00034
1.00034
1.00034
1.00034
1.00034
1.00033
1.00033
1.00033
1.00033
1.00033
1.00032
1.00032
1.00032
1.00032
1.00031
1.00031
1.00031
1.00031
1.00031
1.0003
1.0003
1.0003
1.0003
1.00029
1.00029
1.00029
1.00029
1.00028
1.00028
1.00028
1.00028
1.00027
1.00027
1.00027
1.00027
1.00026
1.00026
1.00026
1.00026
1.00025
1.00025
1.00025
1.00025
1.00024
1.00024
1.00024
1.00024
1.00023
1.00023
1.00023
1.00023
1.00022
1.00022
1.00022
1.00022
1.00021
1.00021
1.00021
1.0002
1.0002
1.0002
1.0002
1.00019
1.00019
1.00019
1.00019
1.00018
1.00018
1.00018
1.00018
1.00017
1.00017
1.00017
1.00017
1.00016
1.00016
1.00016
1.00016
1.00016
1.00015
1.00015
1.00015
1.00015
1.00014
1.00014
1.00014
1.00014
1.00013
1.00013
1.00013
1.00013
1.00012
1.00012
1.00012
1.00012
1.00011
1.00011
1.00011
1.00011
1.0001
1.0001
1.0001
1.0001
1.0001
1.00009
1.00009
1.00009
1.00009
1.00008
1.00008
1.00008
1.00008
1.00007
1.00007
1.00007
1.00007
1.00012
1.00086
1.00226
1.00203
1.00209
1.00231
1.00211
1.00197
1.00216
1.00215
1.00198
1.002
1.00209
1.00202
1.00195
1.002
1.00201
1.00196
1.00194
1.00197
1.00196
1.00193
1.00193
1.00194
1.00193
1.00192
1.00192
1.00192
1.00191
1.0019
1.0019
1.0019
1.00189
1.00189
1.00189
1.00188
1.00188
1.00188
1.00188
1.00187
1.00187
1.00187
1.00186
1.00186
1.00185
1.00185
1.00185
1.00184
1.00184
1.00183
1.00183
1.00183
1.00182
1.00181
1.00181
1.0018
1.00179
1.00179
1.00178
1.00177
1.00176
1.00175
1.00174
1.00172
1.00171
1.0017
1.00168
1.00166
1.00165
1.00163
1.0016
1.00158
1.00157
1.00153
1.00151
1.00149
1.00146
1.00143
1.00141
1.00138
1.00135
1.00133
1.00131
1.00127
1.00125
1.00123
1.0012
1.00118
1.00116
1.00114
1.00111
1.00109
1.00108
1.00105
1.00103
1.00102
1.001
1.00098
1.00096
1.00095
1.00093
1.00091
1.0009
1.00088
1.00087
1.00085
1.00084
1.00083
1.00082
1.0008
1.00079
1.00078
1.00077
1.00076
1.00075
1.00074
1.00073
1.00072
1.00071
1.0007
1.0007
1.00069
1.00068
1.00067
1.00066
1.00065
1.00065
1.00064
1.00063
1.00062
1.00062
1.00061
1.0006
1.00059
1.00059
1.00058
1.00057
1.00056
1.00056
1.00055
1.00054
1.00053
1.00053
1.00052
1.00051
1.00051
1.0005
1.00049
1.00049
1.00048
1.00047
1.00047
1.00046
1.00045
1.00045
1.00044
1.00043
1.00043
1.00042
1.00042
1.00041
1.00041
1.0004
1.0004
1.00039
1.00039
1.00038
1.00038
1.00038
1.00038
1.00037
1.00037
1.00037
1.00036
1.00036
1.00036
1.00036
1.00036
1.00035
1.00035
1.00035
1.00035
1.00035
1.00035
1.00034
1.00034
1.00034
1.00034
1.00034
1.00033
1.00033
1.00033
1.00033
1.00033
1.00032
1.00032
1.00032
1.00032
1.00032
1.00031
1.00031
1.00031
1.00031
1.0003
1.0003
1.0003
1.0003
1.00029
1.00029
1.00029
1.00029
1.00028
1.00028
1.00028
1.00028
1.00027
1.00027
1.00027
1.00027
1.00026
1.00026
1.00026
1.00026
1.00025
1.00025
1.00025
1.00025
1.00024
1.00024
1.00024
1.00024
1.00023
1.00023
1.00023
1.00023
1.00022
1.00022
1.00022
1.00022
1.00021
1.00021
1.00021
1.00021
1.0002
1.0002
1.0002
1.00019
1.00019
1.00019
1.00019
1.00018
1.00018
1.00018
1.00018
1.00017
1.00017
1.00017
1.00017
1.00016
1.00016
1.00016
1.00016
1.00016
1.00015
1.00015
1.00015
1.00015
1.00014
1.00014
1.00014
1.00014
1.00013
1.00013
1.00013
1.00013
1.00012
1.00012
1.00012
1.00012
1.00011
1.00011
1.00011
1.00011
1.00011
1.0001
1.0001
1.0001
1.0001
1.00009
1.00009
1.00009
1.00009
1.00008
1.00008
1.00008
1.00008
1.00007
1.00007
1.00007
1.00007
1.00014
1.0008
1.00217
1.00214
1.00215
1.00211
1.00208
1.00215
1.0021
1.00201
1.00206
1.00209
1.002
1.00198
1.00203
1.00201
1.00196
1.00197
1.00199
1.00196
1.00194
1.00195
1.00195
1.00193
1.00193
1.00193
1.00192
1.00191
1.00191
1.00191
1.0019
1.0019
1.0019
1.00189
1.00189
1.00189
1.00188
1.00188
1.00188
1.00187
1.00187
1.00187
1.00186
1.00186
1.00186
1.00185
1.00185
1.00185
1.00184
1.00184
1.00183
1.00183
1.00182
1.00182
1.00181
1.00181
1.0018
1.0018
1.00178
1.00178
1.00177
1.00175
1.00174
1.00173
1.00172
1.0017
1.00168
1.00167
1.00164
1.00162
1.00161
1.00158
1.00155
1.00154
1.0015
1.00148
1.00146
1.00142
1.00139
1.00138
1.00135
1.00131
1.00129
1.00127
1.00124
1.00121
1.0012
1.00117
1.00114
1.00112
1.00111
1.00108
1.00106
1.00105
1.00103
1.001
1.00099
1.00097
1.00096
1.00094
1.00092
1.00091
1.00089
1.00088
1.00087
1.00085
1.00084
1.00083
1.00081
1.0008
1.00079
1.00078
1.00077
1.00076
1.00075
1.00074
1.00073
1.00072
1.00071
1.0007
1.0007
1.00069
1.00068
1.00067
1.00066
1.00065
1.00065
1.00064
1.00063
1.00062
1.00062
1.00061
1.0006
1.00059
1.00059
1.00058
1.00057
1.00056
1.00056
1.00055
1.00054
1.00053
1.00053
1.00052
1.00051
1.00051
1.0005
1.00049
1.00049
1.00048
1.00047
1.00047
1.00046
1.00045
1.00044
1.00044
1.00043
1.00043
1.00042
1.00041
1.00041
1.0004
1.0004
1.0004
1.00039
1.00039
1.00038
1.00038
1.00038
1.00037
1.00037
1.00037
1.00037
1.00036
1.00036
1.00036
1.00036
1.00036
1.00036
1.00035
1.00035
1.00035
1.00035
1.00035
1.00035
1.00034
1.00034
1.00034
1.00034
1.00034
1.00033
1.00033
1.00033
1.00033
1.00033
1.00032
1.00032
1.00032
1.00032
1.00031
1.00031
1.00031
1.00031
1.00031
1.0003
1.0003
1.0003
1.0003
1.00029
1.00029
1.00029
1.00029
1.00028
1.00028
1.00028
1.00028
1.00027
1.00027
1.00027
1.00026
1.00026
1.00026
1.00026
1.00025
1.00025
1.00025
1.00025
1.00024
1.00024
1.00024
1.00024
1.00023
1.00023
1.00023
1.00023
1.00022
1.00022
1.00022
1.00022
1.00021
1.00021
1.00021
1.00021
1.0002
1.0002
1.0002
1.0002
1.00019
1.00019
1.00019
1.00018
1.00018
1.00018
1.00018
1.00017
1.00017
1.00017
1.00017
1.00016
1.00016
1.00016
1.00016
1.00016
1.00015
1.00015
1.00015
1.00015
1.00014
1.00014
1.00014
1.00014
1.00013
1.00013
1.00013
1.00013
1.00012
1.00012
1.00012
1.00012
1.00011
1.00011
1.00011
1.00011
1.00011
1.0001
1.0001
1.0001
1.0001
1.00009
1.00009
1.00009
1.00009
1.00008
1.00008
1.00008
1.00008
1.00007
1.00007
1.00007
1.00007
1.00017
1.00081
1.00206
1.00219
1.00216
1.00201
1.00211
1.00217
1.00202
1.00202
1.00211
1.00205
1.00198
1.00203
1.00204
1.00198
1.00197
1.002
1.00198
1.00195
1.00195
1.00196
1.00194
1.00193
1.00194
1.00193
1.00192
1.00192
1.00192
1.00191
1.0019
1.0019
1.0019
1.0019
1.00189
1.00189
1.00189
1.00188
1.00188
1.00188
1.00187
1.00187
1.00187
1.00186
1.00186
1.00186
1.00185
1.00185
1.00185
1.00184
1.00184
1.00183
1.00183
1.00183
1.00182
1.00181
1.00181
1.0018
1.00179
1.00179
1.00178
1.00176
1.00175
1.00174
1.00172
1.0017
1.00169
1.00168
1.00164
1.00163
1.00161
1.00158
1.00155
1.00153
1.00151
1.00147
1.00144
1.00142
1.00139
1.00135
1.00134
1.00131
1.00127
1.00125
1.00123
1.0012
1.00118
1.00116
1.00113
1.00111
1.00109
1.00108
1.00105
1.00103
1.00102
1.001
1.00098
1.00096
1.00095
1.00093
1.00091
1.0009
1.00089
1.00087
1.00086
1.00085
1.00083
1.00082
1.00081
1.0008
1.00079
1.00077
1.00077
1.00076
1.00075
1.00074
1.00073
1.00072
1.00071
1.0007
1.00069
1.00069
1.00068
1.00067
1.00066
1.00066
1.00065
1.00064
1.00063
1.00062
1.00062
1.00061
1.0006
1.00059
1.00059
1.00058
1.00057
1.00057
1.00056
1.00055
1.00054
1.00054
1.00053
1.00052
1.00051
1.00051
1.0005
1.00049
1.00049
1.00048
1.00047
1.00046
1.00046
1.00045
1.00044
1.00044
1.00043
1.00042
1.00042
1.00041
1.00041
1.0004
1.0004
1.00039
1.00039
1.00038
1.00038
1.00038
1.00037
1.00037
1.00037
1.00037
1.00037
1.00037
1.00036
1.00036
1.00036
1.00036
1.00036
1.00035
1.00035
1.00035
1.00035
1.00035
1.00035
1.00035
1.00034
1.00034
1.00034
1.00034
1.00033
1.00033
1.00033
1.00033
1.00033
1.00032
1.00032
1.00032
1.00032
1.00032
1.00031
1.00031
1.00031
1.00031
1.0003
1.0003
1.0003
1.0003
1.00029
1.00029
1.00029
1.00029
1.00028
1.00028
1.00028
1.00028
1.00027
1.00027
1.00027
1.00027
1.00026
1.00026
1.00026
1.00025
1.00025
1.00025
1.00025
1.00024
1.00024
1.00024
1.00024
1.00023
1.00023
1.00023
1.00023
1.00022
1.00022
1.00022
1.00022
1.00021
1.00021
1.00021
1.00021
1.0002
1.0002
1.0002
1.0002
1.00019
1.00019
1.00019
1.00018
1.00018
1.00018
1.00018
1.00017
1.00017
1.00017
1.00017
1.00017
1.00016
1.00016
1.00016
1.00016
1.00015
1.00015
1.00015
1.00015
1.00014
1.00014
1.00014
1.00014
1.00013
1.00013
1.00013
1.00013
1.00012
1.00012
1.00012
1.00012
1.00011
1.00011
1.00011
1.00011
1.00011
1.0001
1.0001
1.0001
1.0001
1.00009
1.00009
1.00009
1.00009
1.00008
1.00008
1.00008
1.00008
1.00007
1.00007
1.00007
1.00007
1.0002
1.00081
1.00212
1.00209
1.00209
1.00213
1.00211
1.00202
1.00207
1.00211
1.00202
1.00199
1.00206
1.00204
1.00197
1.00199
1.00202
1.00198
1.00195
1.00197
1.00197
1.00194
1.00194
1.00195
1.00194
1.00193
1.00193
1.00193
1.00192
1.00191
1.00191
1.00191
1.0019
1.0019
1.0019
1.00189
1.00189
1.00189
1.00188
1.00188
1.00188
1.00187
1.00187
1.00187
1.00186
1.00186
1.00186
1.00185
1.00185
1.00185
1.00184
1.00184
1.00184
1.00183
1.00183
1.00182
1.00181
1.00181
1.0018
1.00179
1.00178
1.00178
1.00177
1.00174
1.00173
1.00173
1.0017
1.00167
1.00166
1.00164
1.0016
1.00158
1.00156
1.00152
1.00149
1.00147
1.00143
1.0014
1.00138
1.00134
1.00131
1.0013
1.00126
1.00123
1.00121
1.00119
1.00116
1.00114
1.00112
1.0011
1.00107
1.00106
1.00105
1.00102
1.001
1.00099
1.00097
1.00095
1.00094
1.00093
1.00091
1.00089
1.00088
1.00087
1.00085
1.00084
1.00083
1.00082
1.0008
1.00079
1.00078
1.00077
1.00076
1.00075
1.00074
1.00074
1.00073
1.00072
1.00071
1.0007
1.00069
1.00068
1.00068
1.00067
1.00066
1.00066
1.00065
1.00064
1.00063
1.00063
1.00062
1.00061
1.0006
1.00059
1.00059
1.00058
1.00057
1.00056
1.00056
1.00055
1.00054
1.00054
1.00053
1.00052
1.00051
1.00051
1.0005
1.00049
1.00049
1.00048
1.00047
1.00046
1.00046
1.00045
1.00044
1.00044
1.00043
1.00042
1.00042
1.00041
1.0004
1.0004
1.00039
1.00039
1.00038
1.00038
1.00038
1.00037
1.00037
1.00037
1.00037
1.00037
1.00037
1.00036
1.00036
1.00036
1.00036
1.00036
1.00036
1.00036
1.00035
1.00035
1.00035
1.00035
1.00035
1.00035
1.00034
1.00034
1.00034
1.00034
1.00034
1.00033
1.00033
1.00033
1.00033
1.00033
1.00032
1.00032
1.00032
1.00032
1.00031
1.00031
1.00031
1.00031
1.0003
1.0003
1.0003
1.0003
1.00029
1.00029
1.00029
1.00029
1.00028
1.00028
1.00028
1.00028
1.00027
1.00027
1.00027
1.00027
1.00026
1.00026
1.00026
1.00026
1.00025
1.00025
1.00025
1.00024
1.00024
1.00024
1.00024
1.00023
1.00023
1.00023
1.00023
1.00022
1.00022
1.00022
1.00022
1.00021
1.00021
1.00021
1.00021
1.0002
1.0002
1.0002
1.0002
1.00019
1.00019
1.00019
1.00019
1.00018
1.00018
1.00018
1.00018
1.00017
1.00017
1.00017
1.00017
1.00016
1.00016
1.00016
1.00016
1.00015
1.00015
1.00015
1.00015
1.00014
1.00014
1.00014
1.00014
1.00013
1.00013
1.00013
1.00013
1.00012
1.00012
1.00012
1.00012
1.00011
1.00011
1.00011
1.00011
1.00011
1.0001
1.0001
1.0001
1.0001
1.00009
1.00009
1.00009
1.00009
1.00008
1.00008
1.00008
1.00008
1.00007
1.00007
1.00007
1.00007
1.00023
1.00081
1.00213
1.00205
1.00207
1.00214
1.00207
1.00203
1.0021
1.00206
1.00201
1.00204
1.00205
1.002
1.00199
1.00202
1.00199
1.00196
1.00198
1.00198
1.00196
1.00195
1.00196
1.00195
1.00193
1.00193
1.00193
1.00193
1.00192
1.00192
1.00192
1.00191
1.0019
1.0019
1.0019
1.00189
1.00189
1.00189
1.00189
1.00188
1.00188
1.00188
1.00187
1.00187
1.00187
1.00187
1.00186
1.00186
1.00186
1.00185
1.00185
1.00185
1.00184
1.00184
1.00183
1.00183
1.00182
1.00182
1.00181
1.0018
1.00179
1.00179
1.00177
1.00175
1.00175
1.00173
1.0017
1.00168
1.00167
1.00164
1.0016
1.00158
1.00156
1.00152
1.00148
1.00146
1.00143
1.00138
1.00136
1.00134
1.0013
1.00127
1.00125
1.00122
1.00119
1.00117
1.00115
1.00112
1.0011
1.00109
1.00107
1.00104
1.00103
1.00101
1.00099
1.00097
1.00096
1.00095
1.00093
1.00091
1.0009
1.00089
1.00087
1.00086
1.00085
1.00083
1.00082
1.00081
1.0008
1.00079
1.00078
1.00077
1.00076
1.00075
1.00074
1.00073
1.00072
1.00072
1.00071
1.0007
1.00069
1.00069
1.00068
1.00067
1.00066
1.00065
1.00065
1.00064
1.00063
1.00063
1.00062
1.00061
1.0006
1.0006
1.00059
1.00058
1.00057
1.00056
1.00056
1.00055
1.00054
1.00053
1.00053
1.00052
1.00051
1.00051
1.0005
1.00049
1.00049
1.00048
1.00047
1.00046
1.00046
1.00045
1.00044
1.00043
1.00042
1.00042
1.00041
1.0004
1.0004
1.00039
1.00039
1.00038
1.00038
1.00038
1.00037
1.00037
1.00037
1.00037
1.00036
1.00037
1.00036
1.00036
1.00036
1.00036
1.00036
1.00036
1.00036
1.00036
1.00036
1.00035
1.00035
1.00035
1.00035
1.00035
1.00035
1.00034
1.00034
1.00034
1.00034
1.00034
1.00033
1.00033
1.00033
1.00033
1.00032
1.00032
1.00032
1.00032
1.00032
1.00031
1.00031
1.00031
1.00031
1.0003
1.0003
1.0003
1.00029
1.00029
1.00029
1.00029
1.00028
1.00028
1.00028
1.00028
1.00027
1.00027
1.00027
1.00027
1.00026
1.00026
1.00026
1.00026
1.00025
1.00025
1.00025
1.00024
1.00024
1.00024
1.00024
1.00023
1.00023
1.00023
1.00023
1.00022
1.00022
1.00022
1.00022
1.00021
1.00021
1.00021
1.00021
1.0002
1.0002
1.0002
1.0002
1.00019
1.00019
1.00019
1.00019
1.00018
1.00018
1.00018
1.00018
1.00017
1.00017
1.00017
1.00017
1.00016
1.00016
1.00016
1.00016
1.00015
1.00015
1.00015
1.00015
1.00014
1.00014
1.00014
1.00014
1.00013
1.00013
1.00013
1.00013
1.00012
1.00012
1.00012
1.00012
1.00011
1.00011
1.00011
1.00011
1.00011
1.0001
1.0001
1.0001
1.0001
1.00009
1.00009
1.00009
1.00009
1.00008
1.00008
1.00008
1.00008
1.00008
1.00007
1.00007
1.00007
1.00025
1.00079
1.00207
1.00211
1.0021
1.00204
1.00206
1.00211
1.00204
1.002
1.00207
1.00206
1.00199
1.002
1.00204
1.002
1.00196
1.00199
1.00199
1.00196
1.00195
1.00197
1.00196
1.00194
1.00194
1.00194
1.00193
1.00192
1.00193
1.00192
1.00191
1.00191
1.00191
1.00191
1.0019
1.0019
1.0019
1.00189
1.00189
1.00189
1.00188
1.00188
1.00188
1.00188
1.00187
1.00187
1.00187
1.00187
1.00186
1.00186
1.00186
1.00185
1.00185
1.00185
1.00184
1.00184
1.00184
1.00183
1.00182
1.00182
1.00181
1.00179
1.00178
1.00178
1.00176
1.00172
1.00172
1.00171
1.00166
1.00163
1.00163
1.00158
1.00153
1.00152
1.00148
1.00143
1.00142
1.00138
1.00133
1.00132
1.00129
1.00124
1.00123
1.00121
1.00117
1.00114
1.00113
1.00111
1.00108
1.00106
1.00105
1.00103
1.00101
1.001
1.00099
1.00097
1.00095
1.00094
1.00092
1.00091
1.00089
1.00088
1.00087
1.00085
1.00084
1.00083
1.00081
1.0008
1.00079
1.00078
1.00077
1.00076
1.00076
1.00075
1.00074
1.00073
1.00072
1.00072
1.00071
1.0007
1.00069
1.00069
1.00067
1.00067
1.00066
1.00065
1.00065
1.00064
1.00063
1.00063
1.00062
1.00061
1.0006
1.0006
1.00059
1.00058
1.00057
1.00057
1.00056
1.00055
1.00054
1.00054
1.00053
1.00052
1.00051
1.00051
1.0005
1.00049
1.00049
1.00048
1.00047
1.00046
1.00045
1.00045
1.00044
1.00043
1.00042
1.00041
1.00041
1.0004
1.0004
1.00039
1.00038
1.00038
1.00037
1.00037
1.00037
1.00037
1.00036
1.00036
1.00036
1.00036
1.00036
1.00036
1.00036
1.00036
1.00036
1.00036
1.00036
1.00036
1.00036
1.00036
1.00035
1.00035
1.00035
1.00035
1.00035
1.00035
1.00034
1.00034
1.00034
1.00034
1.00034
1.00033
1.00033
1.00033
1.00033
1.00032
1.00032
1.00032
1.00032
1.00031
1.00031
1.00031
1.00031
1.0003
1.0003
1.0003
1.0003
1.00029
1.00029
1.00029
1.00028
1.00028
1.00028
1.00028
1.00027
1.00027
1.00027
1.00027
1.00026
1.00026
1.00026
1.00026
1.00025
1.00025
1.00025
1.00025
1.00024
1.00024
1.00024
1.00023
1.00023
1.00023
1.00023
1.00022
1.00022
1.00022
1.00022
1.00021
1.00021
1.00021
1.00021
1.0002
1.0002
1.0002
1.0002
1.00019
1.00019
1.00019
1.00019
1.00018
1.00018
1.00018
1.00018
1.00017
1.00017
1.00017
1.00017
1.00016
1.00016
1.00016
1.00016
1.00015
1.00015
1.00015
1.00015
1.00014
1.00014
1.00014
1.00014
1.00013
1.00013
1.00013
1.00013
1.00012
1.00012
1.00012
1.00012
1.00011
1.00011
1.00011
1.00011
1.00011
1.0001
1.0001
1.0001
1.0001
1.00009
1.00009
1.00009
1.00009
1.00008
1.00008
1.00008
1.00008
1.00008
1.00007
1.00007
1.00007
1.00028
1.0008
1.00205
1.00209
1.00208
1.00204
1.00207
1.00207
1.00203
1.00205
1.00205
1.00201
1.00201
1.00203
1.002
1.00198
1.002
1.002
1.00197
1.00197
1.00198
1.00196
1.00195
1.00195
1.00195
1.00194
1.00193
1.00193
1.00193
1.00192
1.00192
1.00192
1.00191
1.00191
1.00191
1.0019
1.0019
1.0019
1.00189
1.00189
1.00189
1.00188
1.00188
1.00188
1.00188
1.00188
1.00187
1.00187
1.00187
1.00187
1.00187
1.00186
1.00186
1.00186
1.00185
1.00185
1.00185
1.00184
1.00183
1.00183
1.00182
1.00181
1.0018
1.00179
1.00176
1.00175
1.00174
1.0017
1.00167
1.00165
1.00162
1.00158
1.00154
1.0015
1.00148
1.00143
1.00138
1.00138
1.00133
1.00128
1.00127
1.00124
1.0012
1.00117
1.00116
1.00113
1.0011
1.00108
1.00107
1.00105
1.00102
1.00102
1.001
1.00098
1.00097
1.00096
1.00094
1.00092
1.00091
1.0009
1.00089
1.00087
1.00086
1.00085
1.00083
1.00082
1.00081
1.00079
1.00078
1.00078
1.00077
1.00076
1.00075
1.00074
1.00073
1.00073
1.00072
1.00071
1.00071
1.0007
1.00069
1.00068
1.00068
1.00067
1.00066
1.00066
1.00065
1.00064
1.00063
1.00063
1.00062
1.00061
1.0006
1.0006
1.00059
1.00058
1.00057
1.00057
1.00056
1.00055
1.00054
1.00054
1.00053
1.00052
1.00052
1.00051
1.0005
1.00049
1.00049
1.00048
1.00047
1.00046
1.00045
1.00044
1.00044
1.00043
1.00042
1.00041
1.0004
1.00039
1.00039
1.00038
1.00038
1.00037
1.00037
1.00037
1.00036
1.00036
1.00036
1.00036
1.00036
1.00036
1.00036
1.00036
1.00036
1.00036
1.00036
1.00036
1.00036
1.00036
1.00036
1.00036
1.00036
1.00036
1.00035
1.00035
1.00035
1.00035
1.00035
1.00034
1.00034
1.00034
1.00034
1.00034
1.00033
1.00033
1.00033
1.00033
1.00032
1.00032
1.00032
1.00031
1.00031
1.00031
1.00031
1.0003
1.0003
1.0003
1.0003
1.00029
1.00029
1.00029
1.00029
1.00028
1.00028
1.00028
1.00027
1.00027
1.00027
1.00027
1.00026
1.00026
1.00026
1.00026
1.00025
1.00025
1.00025
1.00025
1.00024
1.00024
1.00024
1.00023
1.00023
1.00023
1.00023
1.00022
1.00022
1.00022
1.00022
1.00021
1.00021
1.00021
1.00021
1.0002
1.0002
1.0002
1.0002
1.00019
1.00019
1.00019
1.00019
1.00018
1.00018
1.00018
1.00018
1.00017
1.00017
1.00017
1.00017
1.00016
1.00016
1.00016
1.00016
1.00015
1.00015
1.00015
1.00015
1.00014
1.00014
1.00014
1.00014
1.00013
1.00013
1.00013
1.00013
1.00012
1.00012
1.00012
1.00012
1.00011
1.00011
1.00011
1.00011
1.00011
1.0001
1.0001
1.0001
1.0001
1.00009
1.00009
1.00009
1.00009
1.00009
1.00008
1.00008
1.00008
1.00008
1.00007
1.00007
1.00007
1.00031
1.0008
1.00208
1.00204
1.00205
1.00209
1.00206
1.00201
1.00206
1.00207
1.00201
1.00201
1.00205
1.00201
1.00198
1.00201
1.00201
1.00197
1.00197
1.00199
1.00197
1.00195
1.00196
1.00196
1.00194
1.00194
1.00194
1.00194
1.00193
1.00192
1.00192
1.00192
1.00191
1.00191
1.00191
1.0019
1.0019
1.0019
1.0019
1.00189
1.00189
1.00189
1.00189
1.00188
1.00188
1.00188
1.00188
1.00188
1.00188
1.00187
1.00187
1.00187
1.00187
1.00186
1.00186
1.00186
1.00186
1.00185
1.00185
1.00184
1.00183
1.00183
1.00183
1.00179
1.00179
1.00179
1.00174
1.0017
1.00171
1.00167
1.00159
1.00158
1.00157
1.00148
1.00144
1.00144
1.00137
1.00133
1.00132
1.00127
1.00123
1.00123
1.00118
1.00114
1.00113
1.00112
1.00108
1.00105
1.00105
1.00104
1.00101
1.00099
1.00099
1.00098
1.00095
1.00094
1.00093
1.00092
1.0009
1.00089
1.00088
1.00086
1.00085
1.00084
1.00082
1.00081
1.00079
1.00079
1.00078
1.00076
1.00076
1.00076
1.00075
1.00074
1.00073
1.00073
1.00072
1.00071
1.0007
1.0007
1.00069
1.00068
1.00067
1.00067
1.00066
1.00066
1.00065
1.00064
1.00064
1.00063
1.00062
1.00061
1.00061
1.0006
1.00059
1.00058
1.00057
1.00056
1.00055
1.00055
1.00054
1.00053
1.00053
1.00052
1.00051
1.00051
1.0005
1.00049
1.00049
1.00048
1.00047
1.00046
1.00045
1.00044
1.00043
1.00042
1.00041
1.00041
1.0004
1.00039
1.00038
1.00038
1.00037
1.00036
1.00036
1.00036
1.00035
1.00035
1.00036
1.00036
1.00035
1.00036
1.00036
1.00036
1.00036
1.00036
1.00036
1.00036
1.00036
1.00036
1.00036
1.00036
1.00036
1.00036
1.00036
1.00035
1.00035
1.00035
1.00035
1.00035
1.00034
1.00034
1.00034
1.00034
1.00033
1.00033
1.00033
1.00033
1.00032
1.00032
1.00032
1.00032
1.00031
1.00031
1.00031
1.00031
1.0003
1.0003
1.0003
1.00029
1.00029
1.00029
1.00029
1.00028
1.00028
1.00028
1.00028
1.00027
1.00027
1.00027
1.00026
1.00026
1.00026
1.00026
1.00025
1.00025
1.00025
1.00025
1.00024
1.00024
1.00024
1.00023
1.00023
1.00023
1.00023
1.00022
1.00022
1.00022
1.00022
1.00021
1.00021
1.00021
1.00021
1.0002
1.0002
1.0002
1.0002
1.00019
1.00019
1.00019
1.00019
1.00018
1.00018
1.00018
1.00018
1.00017
1.00017
1.00017
1.00017
1.00016
1.00016
1.00016
1.00016
1.00015
1.00015
1.00015
1.00015
1.00014
1.00014
1.00014
1.00014
1.00013
1.00013
1.00013
1.00013
1.00012
1.00012
1.00012
1.00012
1.00011
1.00011
1.00011
1.00011
1.00011
1.0001
1.0001
1.0001
1.0001
1.00009
1.00009
1.00009
1.00009
1.00009
1.00008
1.00008
1.00008
1.00008
1.00007
1.00007
1.00007
1.00033
1.00079
1.00206
1.00205
1.00205
1.00206
1.00204
1.00205
1.00205
1.00202
1.00202
1.00204
1.00201
1.00199
1.00201
1.00201
1.00198
1.00198
1.00199
1.00197
1.00196
1.00197
1.00197
1.00195
1.00194
1.00195
1.00194
1.00193
1.00193
1.00193
1.00192
1.00192
1.00192
1.00192
1.00191
1.00191
1.00191
1.0019
1.0019
1.0019
1.0019
1.00189
1.00189
1.00189
1.00189
1.00189
1.00188
1.00188
1.00188
1.00188
1.00188
1.00188
1.00188
1.00187
1.00187
1.00188
1.00187
1.00187
1.00186
1.00186
1.00186
1.00185
1.00183
1.00183
1.00182
1.00178
1.00176
1.00175
1.0017
1.00166
1.00163
1.00158
1.00153
1.0015
1.00143
1.00141
1.00138
1.0013
1.00128
1.00128
1.00121
1.00117
1.00117
1.00114
1.0011
1.00107
1.00107
1.00105
1.00102
1.00101
1.00101
1.00099
1.00097
1.00096
1.00095
1.00093
1.00092
1.00091
1.0009
1.00088
1.00087
1.00086
1.00084
1.00083
1.00082
1.0008
1.00079
1.00078
1.00077
1.00076
1.00075
1.00075
1.00074
1.00074
1.00073
1.00072
1.00072
1.00071
1.0007
1.00069
1.00069
1.00068
1.00067
1.00067
1.00066
1.00065
1.00065
1.00064
1.00064
1.00063
1.00062
1.00061
1.00061
1.0006
1.00059
1.00058
1.00057
1.00056
1.00055
1.00055
1.00054
1.00053
1.00053
1.00052
1.00051
1.00051
1.0005
1.00049
1.00049
1.00048
1.00047
1.00046
1.00045
1.00044
1.00043
1.00042
1.00041
1.0004
1.00039
1.00038
1.00038
1.00037
1.00036
1.00036
1.00035
1.00035
1.00035
1.00035
1.00035
1.00035
1.00035
1.00036
1.00036
1.00036
1.00036
1.00036
1.00036
1.00036
1.00036
1.00036
1.00036
1.00036
1.00036
1.00036
1.00036
1.00036
1.00035
1.00035
1.00035
1.00035
1.00035
1.00034
1.00034
1.00034
1.00034
1.00033
1.00033
1.00033
1.00033
1.00032
1.00032
1.00032
1.00031
1.00031
1.00031
1.00031
1.0003
1.0003
1.0003
1.0003
1.00029
1.00029
1.00029
1.00028
1.00028
1.00028
1.00028
1.00027
1.00027
1.00027
1.00026
1.00026
1.00026
1.00026
1.00025
1.00025
1.00025
1.00025
1.00024
1.00024
1.00024
1.00024
1.00023
1.00023
1.00023
1.00022
1.00022
1.00022
1.00022
1.00021
1.00021
1.00021
1.00021
1.0002
1.0002
1.0002
1.0002
1.00019
1.00019
1.00019
1.00019
1.00018
1.00018
1.00018
1.00018
1.00017
1.00017
1.00017
1.00017
1.00016
1.00016
1.00016
1.00016
1.00015
1.00015
1.00015
1.00015
1.00014
1.00014
1.00014
1.00014
1.00013
1.00013
1.00013
1.00013
1.00012
1.00012
1.00012
1.00012
1.00012
1.00011
1.00011
1.00011
1.00011
1.0001
1.0001
1.0001
1.0001
1.00009
1.00009
1.00009
1.00009
1.00009
1.00008
1.00008
1.00008
1.00008
1.00007
1.00007
1.00007
1.00036
1.00079
1.00203
1.00206
1.00206
1.00202
1.00204
1.00206
1.00202
1.00201
1.00204
1.00203
1.00199
1.00201
1.00202
1.00199
1.00198
1.002
1.00198
1.00196
1.00197
1.00197
1.00196
1.00195
1.00196
1.00195
1.00194
1.00194
1.00194
1.00193
1.00192
1.00192
1.00192
1.00191
1.00191
1.00191
1.00191
1.0019
1.0019
1.0019
1.0019
1.0019
1.0019
1.00189
1.00189
1.00189
1.00189
1.00189
1.00189
1.00189
1.00189
1.00189
1.00188
1.00189
1.00189
1.00188
1.00188
1.00189
1.00188
1.00188
1.00188
1.00186
1.00185
1.00186
1.00184
1.00179
1.0018
1.00178
1.0017
1.00166
1.00167
1.00158
1.00149
1.0015
1.00145
1.00134
1.00135
1.00132
1.00124
1.00123
1.00121
1.00115
1.00113
1.00112
1.00108
1.00105
1.00103
1.00104
1.00102
1.00099
1.00098
1.00098
1.00096
1.00095
1.00094
1.00093
1.00092
1.0009
1.00089
1.00088
1.00087
1.00085
1.00084
1.00082
1.00081
1.00079
1.00078
1.00076
1.00076
1.00076
1.00074
1.00074
1.00074
1.00074
1.00073
1.00072
1.00071
1.00071
1.0007
1.00069
1.00068
1.00068
1.00067
1.00066
1.00066
1.00065
1.00065
1.00065
1.00064
1.00063
1.00063
1.00062
1.00061
1.0006
1.00059
1.00058
1.00057
1.00056
1.00055
1.00054
1.00054
1.00054
1.00053
1.00052
1.00052
1.00051
1.0005
1.00049
1.00049
1.00048
1.00047
1.00046
1.00045
1.00044
1.00043
1.00042
1.00041
1.0004
1.00039
1.00038
1.00037
1.00036
1.00035
1.00035
1.00034
1.00034
1.00035
1.00034
1.00034
1.00035
1.00035
1.00035
1.00035
1.00036
1.00036
1.00036
1.00036
1.00036
1.00036
1.00036
1.00036
1.00036
1.00036
1.00036
1.00036
1.00036
1.00036
1.00035
1.00035
1.00035
1.00035
1.00035
1.00034
1.00034
1.00034
1.00034
1.00033
1.00033
1.00033
1.00032
1.00032
1.00032
1.00032
1.00031
1.00031
1.00031
1.0003
1.0003
1.0003
1.0003
1.00029
1.00029
1.00029
1.00028
1.00028
1.00028
1.00028
1.00027
1.00027
1.00027
1.00027
1.00026
1.00026
1.00026
1.00025
1.00025
1.00025
1.00025
1.00024
1.00024
1.00024
1.00024
1.00023
1.00023
1.00023
1.00022
1.00022
1.00022
1.00022
1.00021
1.00021
1.00021
1.00021
1.0002
1.0002
1.0002
1.0002
1.00019
1.00019
1.00019
1.00019
1.00018
1.00018
1.00018
1.00018
1.00017
1.00017
1.00017
1.00017
1.00016
1.00016
1.00016
1.00016
1.00015
1.00015
1.00015
1.00015
1.00014
1.00014
1.00014
1.00014
1.00013
1.00013
1.00013
1.00013
1.00012
1.00012
1.00012
1.00012
1.00012
1.00011
1.00011
1.00011
1.00011
1.0001
1.0001
1.0001
1.0001
1.00009
1.00009
1.00009
1.00009
1.00009
1.00008
1.00008
1.00008
1.00008
1.00008
1.00007
1.00007
1.00038
1.00079
1.00204
1.00204
1.00204
1.00204
1.00204
1.00203
1.00203
1.00204
1.00202
1.002
1.00202
1.00202
1.00199
1.00199
1.00201
1.00198
1.00197
1.00198
1.00198
1.00196
1.00196
1.00196
1.00195
1.00194
1.00194
1.00194
1.00193
1.00193
1.00193
1.00193
1.00192
1.00192
1.00192
1.00191
1.00191
1.00191
1.00191
1.0019
1.0019
1.0019
1.0019
1.0019
1.0019
1.0019
1.0019
1.00189
1.00189
1.00189
1.0019
1.00189
1.00189
1.0019
1.0019
1.00189
1.0019
1.0019
1.0019
1.00189
1.00189
1.00189
1.00189
1.00186
1.00185
1.00186
1.00182
1.00175
1.00176
1.00172
1.00161
1.00158
1.00155
1.00145
1.00142
1.00136
1.00129
1.0013
1.00125
1.00117
1.00118
1.00118
1.0011
1.00106
1.00106
1.00107
1.00102
1.00098
1.001
1.001
1.00097
1.00096
1.00096
1.00095
1.00093
1.00092
1.00092
1.0009
1.00088
1.00088
1.00086
1.00084
1.00083
1.00083
1.0008
1.00078
1.00078
1.00076
1.00075
1.00074
1.00074
1.00074
1.00074
1.00073
1.00072
1.00073
1.00072
1.0007
1.0007
1.0007
1.00068
1.00067
1.00067
1.00066
1.00065
1.00066
1.00065
1.00065
1.00064
1.00063
1.00063
1.00062
1.00061
1.00059
1.00059
1.00058
1.00057
1.00056
1.00055
1.00054
1.00054
1.00053
1.00052
1.00052
1.00052
1.00051
1.0005
1.0005
1.00049
1.00048
1.00047
1.00046
1.00045
1.00044
1.00043
1.00042
1.0004
1.00039
1.00038
1.00037
1.00036
1.00035
1.00035
1.00033
1.00033
1.00034
1.00033
1.00033
1.00034
1.00034
1.00034
1.00035
1.00035
1.00036
1.00036
1.00036
1.00036
1.00036
1.00036
1.00037
1.00037
1.00036
1.00036
1.00036
1.00036
1.00036
1.00036
1.00036
1.00035
1.00035
1.00035
1.00035
1.00034
1.00034
1.00034
1.00034
1.00033
1.00033
1.00033
1.00033
1.00032
1.00032
1.00032
1.00031
1.00031
1.00031
1.00031
1.0003
1.0003
1.0003
1.00029
1.00029
1.00029
1.00029
1.00028
1.00028
1.00028
1.00027
1.00027
1.00027
1.00027
1.00026
1.00026
1.00026
1.00025
1.00025
1.00025
1.00025
1.00024
1.00024
1.00024
1.00024
1.00023
1.00023
1.00023
1.00023
1.00022
1.00022
1.00022
1.00021
1.00021
1.00021
1.00021
1.0002
1.0002
1.0002
1.0002
1.00019
1.00019
1.00019
1.00019
1.00018
1.00018
1.00018
1.00018
1.00017
1.00017
1.00017
1.00017
1.00016
1.00016
1.00016
1.00016
1.00015
1.00015
1.00015
1.00015
1.00014
1.00014
1.00014
1.00014
1.00013
1.00013
1.00013
1.00013
1.00012
1.00012
1.00012
1.00012
1.00012
1.00011
1.00011
1.00011
1.00011
1.0001
1.0001
1.0001
1.0001
1.00009
1.00009
1.00009
1.00009
1.00009
1.00008
1.00008
1.00008
1.00008
1.00008
1.00007
1.00007
1.0004
1.00079
1.00205
1.00203
1.00203
1.00205
1.00203
1.00202
1.00204
1.00203
1.00201
1.00201
1.00202
1.002
1.00199
1.00201
1.00199
1.00198
1.00198
1.00198
1.00197
1.00196
1.00197
1.00196
1.00195
1.00195
1.00195
1.00194
1.00193
1.00194
1.00193
1.00192
1.00192
1.00192
1.00192
1.00191
1.00191
1.00191
1.00191
1.00191
1.00191
1.0019
1.0019
1.0019
1.0019
1.0019
1.0019
1.0019
1.0019
1.0019
1.0019
1.0019
1.00191
1.0019
1.0019
1.00192
1.00191
1.00191
1.00192
1.00192
1.00191
1.00191
1.00192
1.0019
1.00189
1.0019
1.00184
1.00179
1.0018
1.00173
1.00162
1.00158
1.00157
1.00141
1.00136
1.00138
1.00127
1.0012
1.00126
1.0012
1.00114
1.00114
1.00109
1.00107
1.00103
1.00101
1.00102
1.00099
1.00097
1.00098
1.00097
1.00095
1.00094
1.00094
1.00093
1.00092
1.00091
1.0009
1.00089
1.00087
1.00086
1.00085
1.00083
1.00081
1.0008
1.00079
1.00076
1.00075
1.00075
1.00072
1.00074
1.00074
1.00073
1.00074
1.00073
1.00072
1.00072
1.00071
1.00069
1.00069
1.00068
1.00067
1.00066
1.00066
1.00066
1.00066
1.00065
1.00064
1.00065
1.00064
1.00063
1.00062
1.00061
1.0006
1.00059
1.00058
1.00057
1.00055
1.00054
1.00055
1.00053
1.00052
1.00053
1.00052
1.00052
1.00051
1.0005
1.0005
1.00049
1.00048
1.00047
1.00046
1.00045
1.00044
1.00042
1.00042
1.0004
1.00039
1.00038
1.00036
1.00035
1.00034
1.00033
1.00032
1.00033
1.00033
1.00032
1.00032
1.00034
1.00033
1.00034
1.00035
1.00035
1.00035
1.00036
1.00036
1.00036
1.00036
1.00037
1.00037
1.00037
1.00037
1.00037
1.00037
1.00036
1.00036
1.00036
1.00036
1.00036
1.00035
1.00035
1.00035
1.00035
1.00034
1.00034
1.00034
1.00034
1.00033
1.00033
1.00033
1.00032
1.00032
1.00032
1.00032
1.00031
1.00031
1.00031
1.0003
1.0003
1.0003
1.00029
1.00029
1.00029
1.00029
1.00028
1.00028
1.00028
1.00027
1.00027
1.00027
1.00027
1.00026
1.00026
1.00026
1.00026
1.00025
1.00025
1.00025
1.00024
1.00024
1.00024
1.00024
1.00023
1.00023
1.00023
1.00023
1.00022
1.00022
1.00022
1.00021
1.00021
1.00021
1.00021
1.0002
1.0002
1.0002
1.0002
1.00019
1.00019
1.00019
1.00019
1.00018
1.00018
1.00018
1.00018
1.00017
1.00017
1.00017
1.00017
1.00016
1.00016
1.00016
1.00016
1.00015
1.00015
1.00015
1.00015
1.00014
1.00014
1.00014
1.00014
1.00013
1.00013
1.00013
1.00013
1.00012
1.00012
1.00012
1.00012
1.00012
1.00011
1.00011
1.00011
1.00011
1.0001
1.0001
1.0001
1.0001
1.0001
1.00009
1.00009
1.00009
1.00009
1.00008
1.00008
1.00008
1.00008
1.00008
1.00007
1.00007
1.00042
1.00078
1.00203
1.00204
1.00204
1.00202
1.00203
1.00204
1.00202
1.00201
1.00202
1.00202
1.002
1.002
1.00201
1.002
1.00198
1.00199
1.00199
1.00197
1.00197
1.00197
1.00196
1.00195
1.00196
1.00195
1.00194
1.00194
1.00194
1.00194
1.00193
1.00193
1.00193
1.00192
1.00192
1.00192
1.00192
1.00191
1.00191
1.00191
1.00191
1.00191
1.00191
1.00191
1.00191
1.0019
1.0019
1.00191
1.00191
1.00191
1.00191
1.00191
1.00191
1.00191
1.00192
1.00192
1.00192
1.00193
1.00193
1.00194
1.00194
1.00194
1.00194
1.00195
1.00193
1.00188
1.00189
1.00191
1.00176
1.00169
1.00172
1.00159
1.00145
1.00147
1.00137
1.00128
1.00127
1.00119
1.00118
1.00123
1.00116
1.00106
1.00107
1.00109
1.00104
1.00095
1.00097
1.00101
1.00097
1.00095
1.00096
1.00096
1.00094
1.00093
1.00093
1.00092
1.0009
1.00089
1.00089
1.00087
1.00086
1.00085
1.00083
1.00081
1.0008
1.00079
1.00075
1.00073
1.00073
1.00074
1.00073
1.00072
1.00072
1.00074
1.00075
1.00072
1.00071
1.00071
1.0007
1.00068
1.00067
1.00067
1.00064
1.00066
1.00066
1.00065
1.00066
1.00065
1.00064
1.00064
1.00063
1.00062
1.00061
1.00061
1.00059
1.00057
1.00056
1.00055
1.00054
1.00053
1.00053
1.00053
1.00053
1.00052
1.00051
1.00052
1.00051
1.0005
1.00049
1.00048
1.00047
1.00046
1.00045
1.00044
1.00043
1.00041
1.0004
1.00039
1.00037
1.00036
1.00035
1.00033
1.00032
1.00032
1.00031
1.0003
1.00032
1.00032
1.00032
1.00033
1.00034
1.00035
1.00035
1.00035
1.00036
1.00036
1.00036
1.00037
1.00037
1.00037
1.00037
1.00037
1.00037
1.00037
1.00037
1.00037
1.00036
1.00036
1.00036
1.00036
1.00035
1.00035
1.00035
1.00035
1.00034
1.00034
1.00034
1.00033
1.00033
1.00033
1.00033
1.00032
1.00032
1.00032
1.00031
1.00031
1.00031
1.0003
1.0003
1.0003
1.0003
1.00029
1.00029
1.00029
1.00028
1.00028
1.00028
1.00028
1.00027
1.00027
1.00027
1.00026
1.00026
1.00026
1.00026
1.00025
1.00025
1.00025
1.00024
1.00024
1.00024
1.00024
1.00023
1.00023
1.00023
1.00023
1.00022
1.00022
1.00022
1.00021
1.00021
1.00021
1.00021
1.0002
1.0002
1.0002
1.0002
1.00019
1.00019
1.00019
1.00019
1.00018
1.00018
1.00018
1.00018
1.00017
1.00017
1.00017
1.00017
1.00016
1.00016
1.00016
1.00016
1.00015
1.00015
1.00015
1.00015
1.00014
1.00014
1.00014
1.00014
1.00013
1.00013
1.00013
1.00013
1.00012
1.00012
1.00012
1.00012
1.00012
1.00011
1.00011
1.00011
1.00011
1.0001
1.0001
1.0001
1.0001
1.0001
1.00009
1.00009
1.00009
1.00009
1.00008
1.00008
1.00008
1.00008
1.00008
1.00008
1.00007
1.00044
1.00078
1.00202
1.00203
1.00203
1.00202
1.00203
1.00203
1.00202
1.00201
1.00202
1.00201
1.002
1.00201
1.002
1.00199
1.00199
1.00199
1.00198
1.00197
1.00198
1.00197
1.00196
1.00196
1.00196
1.00195
1.00194
1.00195
1.00194
1.00193
1.00193
1.00193
1.00193
1.00192
1.00192
1.00192
1.00192
1.00191
1.00191
1.00191
1.00191
1.00191
1.00191
1.00191
1.00191
1.00191
1.00191
1.00191
1.00191
1.00191
1.00192
1.00192
1.00192
1.00193
1.00193
1.00193
1.00194
1.00196
1.00195
1.00194
1.00197
1.00198
1.00195
1.00197
1.00199
1.00195
1.00194
1.00191
1.00181
1.00176
1.0017
1.00162
1.00143
1.00148
1.00133
1.00117
1.00125
1.00126
1.0011
1.00112
1.00122
1.00117
1.00111
1.00095
1.00097
1.00102
1.00097
1.00096
1.00097
1.00097
1.00095
1.00095
1.00094
1.00093
1.00092
1.00091
1.00091
1.00089
1.00088
1.00087
1.00086
1.00084
1.00083
1.00082
1.0008
1.00077
1.00078
1.00075
1.00069
1.00071
1.00068
1.00073
1.00075
1.00073
1.00073
1.00074
1.00072
1.00071
1.00071
1.00068
1.00066
1.00065
1.00066
1.00065
1.00065
1.00064
1.00066
1.00066
1.00065
1.00064
1.00064
1.00063
1.00061
1.0006
1.00059
1.00058
1.00055
1.00055
1.00054
1.00052
1.00053
1.00053
1.00052
1.00053
1.00052
1.00052
1.00051
1.0005
1.00049
1.00048
1.00048
1.00046
1.00045
1.00044
1.00043
1.00041
1.0004
1.00039
1.00037
1.00035
1.00034
1.00032
1.00031
1.0003
1.00029
1.0003
1.00031
1.0003
1.00031
1.00033
1.00034
1.00034
1.00035
1.00036
1.00036
1.00036
1.00037
1.00037
1.00037
1.00037
1.00037
1.00037
1.00037
1.00037
1.00037
1.00037
1.00036
1.00036
1.00036
1.00036
1.00036
1.00035
1.00035
1.00035
1.00034
1.00034
1.00034
1.00034
1.00033
1.00033
1.00033
1.00032
1.00032
1.00032
1.00031
1.00031
1.00031
1.00031
1.0003
1.0003
1.0003
1.00029
1.00029
1.00029
1.00028
1.00028
1.00028
1.00028
1.00027
1.00027
1.00027
1.00026
1.00026
1.00026
1.00026
1.00025
1.00025
1.00025
1.00024
1.00024
1.00024
1.00024
1.00023
1.00023
1.00023
1.00023
1.00022
1.00022
1.00022
1.00022
1.00021
1.00021
1.00021
1.0002
1.0002
1.0002
1.0002
1.00019
1.00019
1.00019
1.00019
1.00018
1.00018
1.00018
1.00018
1.00017
1.00017
1.00017
1.00017
1.00016
1.00016
1.00016
1.00016
1.00015
1.00015
1.00015
1.00015
1.00014
1.00014
1.00014
1.00014
1.00013
1.00013
1.00013
1.00013
1.00012
1.00012
1.00012
1.00012
1.00012
1.00011
1.00011
1.00011
1.00011
1.0001
1.0001
1.0001
1.0001
1.0001
1.00009
1.00009
1.00009
1.00009
1.00009
1.00008
1.00008
1.00008
1.00008
1.00008
1.00007
1.00045
1.00078
1.00203
1.00202
1.00202
1.00203
1.00202
1.00201
1.00202
1.00202
1.00201
1.002
1.00202
1.002
1.00199
1.002
1.002
1.00198
1.00198
1.00198
1.00197
1.00196
1.00197
1.00197
1.00195
1.00195
1.00195
1.00195
1.00194
1.00194
1.00194
1.00193
1.00193
1.00193
1.00192
1.00192
1.00192
1.00192
1.00192
1.00191
1.00191
1.00191
1.00191
1.00191
1.00191
1.00191
1.00191
1.00191
1.00192
1.00192
1.00192
1.00192
1.00193
1.00193
1.00194
1.00194
1.00195
1.00196
1.00196
1.00198
1.00199
1.00199
1.00201
1.00201
1.00201
1.00204
1.00198
1.00188
1.00197
1.00191
1.00155
1.00156
1.00157
1.00141
1.00135
1.00128
1.00105
1.00111
1.00118
1.00115
1.0012
1.00123
1.00111
1.00096
1.00091
1.00099
1.00098
1.00095
1.00096
1.00096
1.00095
1.00094
1.00094
1.00093
1.00092
1.00091
1.0009
1.00089
1.00088
1.00087
1.00086
1.00084
1.00083
1.00082
1.0008
1.00078
1.00078
1.00075
1.00069
1.00064
1.00067
1.00073
1.00076
1.00074
1.00073
1.00074
1.00073
1.00071
1.00069
1.0007
1.00068
1.00062
1.00064
1.00061
1.00065
1.00068
1.00066
1.00065
1.00066
1.00065
1.00063
1.00063
1.00062
1.0006
1.00059
1.00058
1.00055
1.00053
1.00053
1.00054
1.00052
1.00052
1.00051
1.00053
1.00053
1.00052
1.00051
1.00051
1.0005
1.00048
1.00047
1.00047
1.00045
1.00044
1.00042
1.00041
1.0004
1.00038
1.00036
1.00035
1.00033
1.00031
1.0003
1.00027
1.00029
1.0003
1.00028
1.0003
1.00032
1.00032
1.00032
1.00034
1.00035
1.00036
1.00035
1.00036
1.00037
1.00037
1.00037
1.00037
1.00037
1.00037
1.00037
1.00037
1.00037
1.00037
1.00037
1.00037
1.00036
1.00036
1.00036
1.00035
1.00035
1.00035
1.00035
1.00034
1.00034
1.00034
1.00033
1.00033
1.00033
1.00032
1.00032
1.00032
1.00032
1.00031
1.00031
1.00031
1.0003
1.0003
1.0003
1.00029
1.00029
1.00029
1.00028
1.00028
1.00028
1.00028
1.00027
1.00027
1.00027
1.00026
1.00026
1.00026
1.00026
1.00025
1.00025
1.00025
1.00025
1.00024
1.00024
1.00024
1.00023
1.00023
1.00023
1.00023
1.00022
1.00022
1.00022
1.00022
1.00021
1.00021
1.00021
1.0002
1.0002
1.0002
1.0002
1.00019
1.00019
1.00019
1.00019
1.00018
1.00018
1.00018
1.00018
1.00017
1.00017
1.00017
1.00017
1.00016
1.00016
1.00016
1.00016
1.00015
1.00015
1.00015
1.00015
1.00014
1.00014
1.00014
1.00014
1.00013
1.00013
1.00013
1.00013
1.00013
1.00012
1.00012
1.00012
1.00012
1.00011
1.00011
1.00011
1.00011
1.0001
1.0001
1.0001
1.0001
1.0001
1.00009
1.00009
1.00009
1.00009
1.00009
1.00008
1.00008
1.00008
1.00008
1.00008
1.00008
1.00047
1.00078
1.00203
1.00202
1.00202
1.00202
1.00202
1.00202
1.00202
1.00201
1.00201
1.00201
1.00201
1.002
1.002
1.002
1.00199
1.00198
1.00199
1.00198
1.00197
1.00197
1.00197
1.00196
1.00195
1.00196
1.00195
1.00194
1.00194
1.00194
1.00194
1.00193
1.00193
1.00193
1.00192
1.00192
1.00192
1.00192
1.00192
1.00192
1.00192
1.00192
1.00191
1.00191
1.00192
1.00192
1.00191
1.00192
1.00192
1.00192
1.00192
1.00193
1.00194
1.00194
1.00194
1.00196
1.00196
1.00196
1.00199
1.00201
1.00199
1.002
1.00207
1.00206
1.00202
1.00208
1.00212
1.00204
1.00194
1.00179
1.00177
1.00161
1.0016
1.00129
1.00131
1.00132
1.00106
1.00098
1.00116
1.00117
1.00107
1.00125
1
1
1
1
1
1
1
1
1
1
1
1
1
1
1
1
1
1
1
1
1
1
1
1
1
1
1
1.00056
1.00079
1.00077
1.00072
1.00075
1.00076
1.00074
1.00073
1.00072
1.0007
1.0007
1.00068
1.00063
1.00058
1.0006
1.00065
1.00068
1.00066
1.00065
1.00066
1.00065
1.00064
1.00062
1.00062
1.00061
1.00059
1.00057
1.00057
1.00055
1.0005
1.00051
1.00049
1.00052
1.00054
1.00053
1.00052
1.00053
1.00052
1.0005
1.0005
1.00049
1.00048
1.00046
1.00045
1.00044
1.00043
1.00042
1.0004
1.00038
1.00037
1.00036
1.00032
1.00029
1.00029
1.00029
1.00028
1.00027
1.00026
1.0003
1.00032
1.00031
1.00033
1.00034
1.00034
1.00035
1.00036
1.00037
1.00037
1.00037
1.00038
1.00037
1.00037
1.00038
1.00037
1.00037
1.00037
1.00037
1.00037
1.00037
1.00036
1.00036
1.00036
1.00036
1.00035
1.00035
1.00035
1.00034
1.00034
1.00034
1.00033
1.00033
1.00033
1.00033
1.00032
1.00032
1.00032
1.00031
1.00031
1.00031
1.0003
1.0003
1.0003
1.00029
1.00029
1.00029
1.00029
1.00028
1.00028
1.00028
1.00027
1.00027
1.00027
1.00027
1.00026
1.00026
1.00026
1.00025
1.00025
1.00025
1.00025
1.00024
1.00024
1.00024
1.00023
1.00023
1.00023
1.00023
1.00022
1.00022
1.00022
1.00022
1.00021
1.00021
1.00021
1.00021
1.0002
1.0002
1.0002
1.00019
1.00019
1.00019
1.00019
1.00018
1.00018
1.00018
1.00018
1.00017
1.00017
1.00017
1.00017
1.00016
1.00016
1.00016
1.00016
1.00015
1.00015
1.00015
1.00015
1.00014
1.00014
1.00014
1.00014
1.00013
1.00013
1.00013
1.00013
1.00013
1.00012
1.00012
1.00012
1.00012
1.00011
1.00011
1.00011
1.00011
1.0001
1.0001
1.0001
1.0001
1.0001
1.00009
1.00009
1.00009
1.00009
1.00009
1.00008
1.00008
1.00008
1.00008
1.00008
1.00008
1.00048
1.00078
1.00202
1.00202
1.00202
1.00201
1.00202
1.00202
1.00201
1.00201
1.00201
1.00201
1.002
1.002
1.002
1.00199
1.00198
1.00199
1.00198
1.00197
1.00197
1.00197
1.00196
1.00196
1.00196
1.00195
1.00195
1.00195
1.00195
1.00194
1.00193
1.00194
1.00193
1.00193
1.00193
1.00193
1.00192
1.00192
1.00192
1.00192
1.00192
1.00192
1.00192
1.00192
1.00192
1.00192
1.00192
1.00192
1.00192
1.00193
1.00193
1.00193
1.00194
1.00195
1.00196
1.00196
1.00197
1.00199
1.002
1.002
1.00203
1.00206
1.00205
1.00208
1.00213
1.00213
1.00213
1.0022
1.00202
1.00181
1.00211
1.00158
1.00123
1.00125
1.00143
1
1
1
1
1
1
1
1
1
1
1
1
1
1
1
1
1
1
1
1
1
1
1
1
1
1
1
1
1
1
1
1
1
1
1
1
1
1
1
1
1
1
1
1
1
1
1
1.00051
1.00071
1.00069
1.00064
1.00067
1.00068
1.00066
1.00065
1.00065
1.00063
1.00062
1.00061
1.00059
1.00058
1.00058
1.00055
1.0005
1.00046
1.00048
1.00052
1.00055
1.00053
1.00052
1.00053
1.00052
1.00051
1.0005
1.00049
1.00048
1.00047
1.00045
1.00044
1.00043
1.00041
1.0004
1.00039
1.00037
1.00034
1.00034
1.00032
1.00026
1.00026
1.00022
1.00025
1.00031
1.00029
1.00028
1.0003
1.00034
1.00034
1.00034
1.00035
1.00037
1.00037
1.00037
1.00037
1.00038
1.00037
1.00037
1.00038
1.00038
1.00037
1.00037
1.00037
1.00037
1.00037
1.00036
1.00036
1.00036
1.00036
1.00035
1.00035
1.00035
1.00034
1.00034
1.00034
1.00034
1.00033
1.00033
1.00033
1.00032
1.00032
1.00032
1.00031
1.00031
1.00031
1.0003
1.0003
1.0003
1.00029
1.00029
1.00029
1.00029
1.00028
1.00028
1.00028
1.00027
1.00027
1.00027
1.00027
1.00026
1.00026
1.00026
1.00025
1.00025
1.00025
1.00025
1.00024
1.00024
1.00024
1.00023
1.00023
1.00023
1.00023
1.00022
1.00022
1.00022
1.00022
1.00021
1.00021
1.00021
1.00021
1.0002
1.0002
1.0002
1.00019
1.00019
1.00019
1.00019
1.00018
1.00018
1.00018
1.00018
1.00017
1.00017
1.00017
1.00017
1.00016
1.00016
1.00016
1.00016
1.00015
1.00015
1.00015
1.00015
1.00014
1.00014
1.00014
1.00014
1.00013
1.00013
1.00013
1.00013
1.00013
1.00012
1.00012
1.00012
1.00012
1.00011
1.00011
1.00011
1.00011
1.0001
1.0001
1.0001
1.0001
1.0001
1.00009
1.00009
1.00009
1.00009
1.00009
1.00008
1.00008
1.00008
1.00008
1.00008
1.00008
1.00049
1.00078
1.00202
1.00202
1.00202
1.00202
1.00202
1.00201
1.00201
1.00201
1.00201
1.002
1.002
1.002
1.00199
1.00199
1.00199
1.00199
1.00198
1.00198
1.00198
1.00197
1.00196
1.00196
1.00196
1.00195
1.00195
1.00195
1.00194
1.00194
1.00194
1.00194
1.00193
1.00193
1.00193
1.00193
1.00192
1.00192
1.00192
1.00192
1.00192
1.00192
1.00192
1.00192
1.00192
1.00192
1.00192
1.00192
1.00192
1.00193
1.00194
1.00194
1.00194
1.00196
1.00196
1.00196
1.00198
1.002
1.002
1.00201
1.00206
1.00208
1.00206
1.00211
1.00221
1.00217
1.00214
1.00235
1.0024
1.00208
1.0015
1.00164
1
1
1
1
1
1
1
1
1
1
1
1
1
1
1
1
1
1
1
1
1
1
1
1
1
1
1
1
1
1
1
1
1
1
1
1
1
1
1
1
1
1
1
1
1
1
1
1
1
1
1
1
1
1
1
1
1
1
1
1
1
1
1
1
1
1
1
1.00039
1.00058
1.00055
1.00052
1.00054
1.00055
1.00053
1.00052
1.00051
1.0005
1.00049
1.00048
1.00047
1.00046
1.00044
1.00043
1.00041
1.0004
1.00039
1.00037
1.00035
1.00036
1.00032
1.00025
1.00021
1.00023
1.00024
1.00027
1.00024
1.00029
1.00033
1.00032
1.00032
1.00036
1.00036
1.00036
1.00036
1.00038
1.00037
1.00037
1.00038
1.00038
1.00038
1.00037
1.00038
1.00037
1.00037
1.00037
1.00037
1.00037
1.00036
1.00036
1.00036
1.00035
1.00035
1.00035
1.00035
1.00034
1.00034
1.00034
1.00033
1.00033
1.00033
1.00032
1.00032
1.00032
1.00031
1.00031
1.00031
1.0003
1.0003
1.0003
1.0003
1.00029
1.00029
1.00029
1.00028
1.00028
1.00028
1.00027
1.00027
1.00027
1.00027
1.00026
1.00026
1.00026
1.00025
1.00025
1.00025
1.00025
1.00024
1.00024
1.00024
1.00023
1.00023
1.00023
1.00023
1.00022
1.00022
1.00022
1.00022
1.00021
1.00021
1.00021
1.00021
1.0002
1.0002
1.0002
1.00019
1.00019
1.00019
1.00019
1.00018
1.00018
1.00018
1.00018
1.00017
1.00017
1.00017
1.00017
1.00016
1.00016
1.00016
1.00016
1.00015
1.00015
1.00015
1.00015
1.00014
1.00014
1.00014
1.00014
1.00013
1.00013
1.00013
1.00013
1.00013
1.00012
1.00012
1.00012
1.00012
1.00011
1.00011
1.00011
1.00011
1.0001
1.0001
1.0001
1.0001
1.0001
1.00009
1.00009
1.00009
1.00009
1.00009
1.00008
1.00008
1.00008
1.00008
1.00008
1.00008
1.0005
1.00078
1.00202
1.00202
1.00201
1.00202
1.00202
1.00201
1.00201
1.00201
1.002
1.002
1.00201
1.002
1.00199
1.002
1.00199
1.00198
1.00198
1.00198
1.00197
1.00197
1.00197
1.00196
1.00195
1.00195
1.00195
1.00195
1.00194
1.00194
1.00194
1.00193
1.00193
1.00193
1.00193
1.00192
1.00192
1.00192
1.00192
1.00192
1.00192
1.00192
1.00192
1.00192
1.00192
1.00192
1.00192
1.00192
1.00193
1.00193
1.00193
1.00194
1.00195
1.00195
1.00196
1.00198
1.00199
1.00199
1.00202
1.00205
1.00204
1.00206
1.00214
1.00216
1.00214
1.00225
1.00238
1.00229
1.00232
1.00277
1
1
1
1
1
1
1
1
1
1
1
1
1
1
1
1
1
1
1
1
1
1
1
1
1
1
1
1
1
1
1
1
1
1
1
1
1
1
1
1
1
1
1
1
1
1
1
1
1
1
1
1
1
1
1
1
1
1
1
1
1
1
1
1
1
1
1
1
1
1
1
1
1
1
1
1
1
1
1
1
1
1
1
1
1
1
1
1
1
1
1
1
1
1.00016
1.00035
1.00029
1.00017
1.00022
1.00029
1.00032
1.00032
1.00034
1.00035
1.00036
1.00036
1.00037
1.00037
1.00037
1.00038
1.00038
1.00038
1.00038
1.00038
1.00038
1.00037
1.00037
1.00037
1.00037
1.00037
1.00036
1.00036
1.00036
1.00035
1.00035
1.00035
1.00035
1.00034
1.00034
1.00034
1.00033
1.00033
1.00033
1.00032
1.00032
1.00032
1.00031
1.00031
1.00031
1.0003
1.0003
1.0003
1.0003
1.00029
1.00029
1.00029
1.00028
1.00028
1.00028
1.00027
1.00027
1.00027
1.00027
1.00026
1.00026
1.00026
1.00025
1.00025
1.00025
1.00025
1.00024
1.00024
1.00024
1.00024
1.00023
1.00023
1.00023
1.00022
1.00022
1.00022
1.00022
1.00021
1.00021
1.00021
1.00021
1.0002
1.0002
1.0002
1.0002
1.00019
1.00019
1.00019
1.00018
1.00018
1.00018
1.00018
1.00017
1.00017
1.00017
1.00017
1.00016
1.00016
1.00016
1.00016
1.00015
1.00015
1.00015
1.00015
1.00014
1.00014
1.00014
1.00014
1.00013
1.00013
1.00013
1.00013
1.00013
1.00012
1.00012
1.00012
1.00012
1.00011
1.00011
1.00011
1.00011
1.0001
1.0001
1.0001
1.0001
1.0001
1.00009
1.00009
1.00009
1.00009
1.00009
1.00008
1.00008
1.00008
1.00008
1.00008
1.00008
1.00051
1.00078
1.00202
1.00202
1.00202
1.00201
1.00201
1.00201
1.00201
1.00201
1.00201
1.00201
1.002
1.002
1.002
1.00199
1.00198
1.00199
1.00198
1.00197
1.00197
1.00197
1.00197
1.00196
1.00196
1.00196
1.00195
1.00195
1.00195
1.00194
1.00194
1.00194
1.00193
1.00193
1.00193
1.00193
1.00192
1.00192
1.00192
1.00192
1.00192
1.00192
1.00192
1.00192
1.00192
1.00192
1.00192
1.00193
1.00193
1.00193
1.00194
1.00194
1.00195
1.00196
1.00196
1.00198
1.00199
1.00199
1.00202
1.00205
1.00205
1.00208
1.00215
1.00217
1.00217
1.00227
1.00238
1.00235
1.00253
1.00289
1
1
1
1
1
1
1
1
1
1
1
1
1
1
1
1
1
1
1
1
1
1
1
1
1
1
1
1
1
1
1
1
1
1
1
1
1
1
1
1
1
1
1
1
1
1
1
1
1
1
1
1
1
1
1
1
1
1
1
1
1
1
1
1
1
1
1
1
1
1
1
1
1
1
1
1
1
1
1
1
1
1
1
1
1
1
1
1
1
1
1
1
1
1
1
1
1.00013
1.00032
1.00029
1.00027
1.00033
1.00036
1.00034
1.00035
1.00037
1.00037
1.00037
1.00037
1.00038
1.00038
1.00038
1.00038
1.00038
1.00037
1.00037
1.00037
1.00037
1.00037
1.00037
1.00036
1.00036
1.00036
1.00036
1.00035
1.00035
1.00035
1.00034
1.00034
1.00034
1.00033
1.00033
1.00033
1.00032
1.00032
1.00032
1.00031
1.00031
1.00031
1.0003
1.0003
1.0003
1.0003
1.00029
1.00029
1.00029
1.00028
1.00028
1.00028
1.00027
1.00027
1.00027
1.00027
1.00026
1.00026
1.00026
1.00025
1.00025
1.00025
1.00025
1.00024
1.00024
1.00024
1.00024
1.00023
1.00023
1.00023
1.00022
1.00022
1.00022
1.00022
1.00021
1.00021
1.00021
1.00021
1.0002
1.0002
1.0002
1.0002
1.00019
1.00019
1.00019
1.00018
1.00018
1.00018
1.00018
1.00017
1.00017
1.00017
1.00017
1.00016
1.00016
1.00016
1.00016
1.00015
1.00015
1.00015
1.00015
1.00014
1.00014
1.00014
1.00014
1.00013
1.00013
1.00013
1.00013
1.00013
1.00012
1.00012
1.00012
1.00012
1.00011
1.00011
1.00011
1.00011
1.0001
1.0001
1.0001
1.0001
1.0001
1.00009
1.00009
1.00009
1.00009
1.00009
1.00008
1.00008
1.00008
1.00008
1.00008
1.00008
1.00051
1.00078
1.00201
1.00202
1.00202
1.00201
1.00201
1.00202
1.00201
1.002
1.00201
1.002
1.002
1.002
1.002
1.00199
1.00199
1.00199
1.00198
1.00197
1.00198
1.00197
1.00196
1.00196
1.00196
1.00195
1.00195
1.00195
1.00195
1.00194
1.00194
1.00194
1.00193
1.00193
1.00193
1.00193
1.00192
1.00192
1.00192
1.00192
1.00192
1.00192
1.00192
1.00192
1.00192
1.00192
1.00193
1.00193
1.00193
1.00193
1.00194
1.00194
1.00195
1.00196
1.00197
1.00197
1.00199
1.00202
1.00202
1.00202
1.00208
1.00211
1.00209
1.00215
1.00227
1.00226
1.00224
1.00244
1.0026
1.00249
1.0023
1
1
1
1
1
1
1
1
1
1
1
1
1
1
1
1
1
1
1
1
1
1
1
1
1
1
1
1
1
1
1
1
1
1
1
1
1
1
1
1
1
1
1
1
1
1
1
1
1
1
1
1
1
1
1
1
1
1
1
1
1
1
1
1
1
1
1
1
1
1
1
1
1
1
1
1
1
1
1
1
1
1
1
1
1
1
1
1
1
1
1.00021
1.00031
1.00031
1.0003
1.00029
1.00022
1.00022
1.00027
1.00033
1.00033
1.00033
1.00035
1.00036
1.00036
1.00036
1.00037
1.00038
1.00037
1.00038
1.00038
1.00038
1.00038
1.00038
1.00037
1.00037
1.00037
1.00037
1.00037
1.00036
1.00036
1.00036
1.00035
1.00035
1.00035
1.00035
1.00034
1.00034
1.00034
1.00033
1.00033
1.00033
1.00032
1.00032
1.00032
1.00031
1.00031
1.00031
1.0003
1.0003
1.0003
1.0003
1.00029
1.00029
1.00029
1.00028
1.00028
1.00028
1.00027
1.00027
1.00027
1.00027
1.00026
1.00026
1.00026
1.00025
1.00025
1.00025
1.00025
1.00024
1.00024
1.00024
1.00024
1.00023
1.00023
1.00023
1.00022
1.00022
1.00022
1.00022
1.00021
1.00021
1.00021
1.00021
1.0002
1.0002
1.0002
1.0002
1.00019
1.00019
1.00019
1.00018
1.00018
1.00018
1.00018
1.00017
1.00017
1.00017
1.00017
1.00016
1.00016
1.00016
1.00016
1.00015
1.00015
1.00015
1.00015
1.00014
1.00014
1.00014
1.00014
1.00013
1.00013
1.00013
1.00013
1.00013
1.00012
1.00012
1.00012
1.00012
1.00011
1.00011
1.00011
1.00011
1.0001
1.0001
1.0001
1.0001
1.0001
1.00009
1.00009
1.00009
1.00009
1.00009
1.00008
1.00008
1.00008
1.00008
1.00008
1.00008
1.00052
1.00078
1.00202
1.00201
1.00201
1.00202
1.00201
1.00201
1.00201
1.00201
1.002
1.002
1.002
1.002
1.00199
1.00199
1.00199
1.00198
1.00198
1.00198
1.00197
1.00197
1.00197
1.00196
1.00196
1.00195
1.00195
1.00195
1.00194
1.00194
1.00194
1.00193
1.00193
1.00193
1.00193
1.00193
1.00193
1.00192
1.00192
1.00192
1.00192
1.00192
1.00192
1.00192
1.00192
1.00192
1.00192
1.00193
1.00193
1.00193
1.00194
1.00194
1.00195
1.00196
1.00197
1.00198
1.00199
1.00201
1.00202
1.00204
1.00207
1.00209
1.00211
1.00215
1.0022
1.00222
1.00229
1.00241
1.00234
1.00227
1.00241
1.00219
1
1
1
1
1
1
1
1
1
1
1
1
1
1
1
1
1
1
1
1
1
1
1
1
1
1
1
1
1
1
1
1
1
1
1
1
1
1
1
1
1
1
1
1
1
1
1
1
1
1
1
1
1
1
1
1
1
1
1
1
1
1
1
1
1
1
1
1
1
1
1
1
1
1
1
1
1
1
1
1
1
1
1
1
1.00019
1.00031
1.00031
1.00028
1.00027
1.00025
1.00025
1.00028
1.00031
1.00027
1.00026
1.00024
1.0003
1.00033
1.00031
1.00033
1.00036
1.00036
1.00035
1.00037
1.00038
1.00037
1.00037
1.00038
1.00038
1.00037
1.00038
1.00038
1.00037
1.00037
1.00037
1.00037
1.00036
1.00036
1.00036
1.00036
1.00035
1.00035
1.00035
1.00035
1.00034
1.00034
1.00034
1.00033
1.00033
1.00033
1.00032
1.00032
1.00032
1.00031
1.00031
1.00031
1.0003
1.0003
1.0003
1.0003
1.00029
1.00029
1.00029
1.00028
1.00028
1.00028
1.00027
1.00027
1.00027
1.00027
1.00026
1.00026
1.00026
1.00025
1.00025
1.00025
1.00025
1.00024
1.00024
1.00024
1.00024
1.00023
1.00023
1.00023
1.00022
1.00022
1.00022
1.00022
1.00021
1.00021
1.00021
1.00021
1.0002
1.0002
1.0002
1.0002
1.00019
1.00019
1.00019
1.00019
1.00018
1.00018
1.00018
1.00017
1.00017
1.00017
1.00017
1.00016
1.00016
1.00016
1.00016
1.00015
1.00015
1.00015
1.00015
1.00014
1.00014
1.00014
1.00014
1.00013
1.00013
1.00013
1.00013
1.00013
1.00012
1.00012
1.00012
1.00012
1.00011
1.00011
1.00011
1.00011
1.0001
1.0001
1.0001
1.0001
1.0001
1.00009
1.00009
1.00009
1.00009
1.00009
1.00008
1.00008
1.00008
1.00008
1.00008
1.00008
1.00052
1.00078
1.00202
1.00201
1.00201
1.00202
1.00201
1.00201
1.00201
1.00201
1.002
1.002
1.002
1.002
1.00199
1.00199
1.00199
1.00198
1.00198
1.00198
1.00197
1.00197
1.00197
1.00196
1.00196
1.00195
1.00195
1.00195
1.00194
1.00194
1.00194
1.00193
1.00193
1.00193
1.00193
1.00193
1.00193
1.00192
1.00192
1.00192
1.00192
1.00192
1.00192
1.00192
1.00192
1.00192
1.00192
1.00193
1.00193
1.00193
1.00193
1.00194
1.00195
1.00195
1.00196
1.00198
1.00199
1.00199
1.00202
1.00205
1.00204
1.00206
1.00213
1.00215
1.00213
1.0022
1.00229
1.00227
1.00221
1.00222
1.00229
1.00212
1.00164
1.00171
1
1
1
1
1
1
1
1
1
1
1
1
1
1
1
1
1
1
1
1
1
1
1
1
1
1
1
1
1
1
1
1
1
1
1
1
1
1
1
1
1
1
1
1
1
1
1
1
1
1
1
1
1
1
1
1
1
1
1
1
1
1
1
1
1
1
1
1
1
1
1
1
1
1
1
1
1
1.00017
1.0003
1.00031
1.00027
1.00026
1.00024
1.00024
1.00028
1.0003
1.00026
1.00026
1.00027
1.00029
1.00028
1.00026
1.00029
1.0003
1.00029
1.00029
1.00033
1.00035
1.00034
1.00034
1.00037
1.00037
1.00036
1.00037
1.00038
1.00037
1.00037
1.00038
1.00038
1.00037
1.00037
1.00037
1.00037
1.00037
1.00036
1.00036
1.00036
1.00036
1.00035
1.00035
1.00035
1.00034
1.00034
1.00034
1.00034
1.00033
1.00033
1.00033
1.00032
1.00032
1.00032
1.00031
1.00031
1.00031
1.0003
1.0003
1.0003
1.0003
1.00029
1.00029
1.00029
1.00028
1.00028
1.00028
1.00027
1.00027
1.00027
1.00027
1.00026
1.00026
1.00026
1.00025
1.00025
1.00025
1.00025
1.00024
1.00024
1.00024
1.00024
1.00023
1.00023
1.00023
1.00022
1.00022
1.00022
1.00022
1.00021
1.00021
1.00021
1.00021
1.0002
1.0002
1.0002
1.0002
1.00019
1.00019
1.00019
1.00019
1.00018
1.00018
1.00018
1.00017
1.00017
1.00017
1.00017
1.00016
1.00016
1.00016
1.00016
1.00015
1.00015
1.00015
1.00015
1.00014
1.00014
1.00014
1.00014
1.00013
1.00013
1.00013
1.00013
1.00013
1.00012
1.00012
1.00012
1.00012
1.00011
1.00011
1.00011
1.00011
1.0001
1.0001
1.0001
1.0001
1.0001
1.00009
1.00009
1.00009
1.00009
1.00009
1.00008
1.00008
1.00008
1.00008
1.00008
1.00008
1.00052
1.00078
1.00201
1.00202
1.00202
1.00201
1.00201
1.00202
1.00201
1.002
1.00201
1.002
1.002
1.002
1.002
1.00199
1.00198
1.00199
1.00198
1.00197
1.00197
1.00197
1.00196
1.00196
1.00196
1.00195
1.00195
1.00195
1.00195
1.00194
1.00194
1.00194
1.00193
1.00193
1.00193
1.00193
1.00192
1.00192
1.00192
1.00192
1.00192
1.00192
1.00192
1.00192
1.00192
1.00192
1.00192
1.00193
1.00193
1.00193
1.00194
1.00194
1.00195
1.00196
1.00196
1.00197
1.00198
1.002
1.00201
1.00202
1.00204
1.00207
1.00209
1.0021
1.00214
1.00219
1.00216
1.00214
1.00226
1.00219
1.00187
1.00199
1.00215
1.00161
1.00142
1.00174
1
1
1
1
1
1
1
1
1
1
1
1
1
1
1
1
1
1
1
1
1
1
1
1
1
1
1
1
1
1
1
1
1
1
1
1
1
1
1
1
1
1
1
1
1
1
1
1
1
1
1
1
1
1
1
1
1
1
1
1
1
1
1
1
1
1
1
1
1
1
1.00016
1.00031
1.0003
1.00026
1.00025
1.00023
1.00022
1.00027
1.0003
1.00025
1.00026
1.00026
1.00027
1.00027
1.00027
1.00028
1.00028
1.00027
1.00027
1.00029
1.00028
1.00029
1.0003
1.00031
1.00033
1.00034
1.00034
1.00035
1.00036
1.00036
1.00036
1.00037
1.00037
1.00037
1.00037
1.00038
1.00037
1.00037
1.00037
1.00037
1.00037
1.00037
1.00036
1.00036
1.00036
1.00036
1.00035
1.00035
1.00035
1.00034
1.00034
1.00034
1.00033
1.00033
1.00033
1.00033
1.00032
1.00032
1.00032
1.00031
1.00031
1.00031
1.0003
1.0003
1.0003
1.00029
1.00029
1.00029
1.00029
1.00028
1.00028
1.00028
1.00027
1.00027
1.00027
1.00027
1.00026
1.00026
1.00026
1.00025
1.00025
1.00025
1.00025
1.00024
1.00024
1.00024
1.00024
1.00023
1.00023
1.00023
1.00022
1.00022
1.00022
1.00022
1.00021
1.00021
1.00021
1.00021
1.0002
1.0002
1.0002
1.0002
1.00019
1.00019
1.00019
1.00019
1.00018
1.00018
1.00018
1.00017
1.00017
1.00017
1.00017
1.00016
1.00016
1.00016
1.00016
1.00015
1.00015
1.00015
1.00015
1.00014
1.00014
1.00014
1.00014
1.00013
1.00013
1.00013
1.00013
1.00013
1.00012
1.00012
1.00012
1.00012
1.00011
1.00011
1.00011
1.00011
1.0001
1.0001
1.0001
1.0001
1.0001
1.00009
1.00009
1.00009
1.00009
1.00009
1.00008
1.00008
1.00008
1.00008
1.00008
1.00008
1.00053
1.00078
1.00202
1.00202
1.00202
1.00201
1.00201
1.00201
1.00201
1.00201
1.00201
1.00201
1.002
1.002
1.002
1.00199
1.00198
1.00199
1.00198
1.00197
1.00197
1.00197
1.00196
1.00196
1.00196
1.00196
1.00195
1.00195
1.00195
1.00194
1.00194
1.00194
1.00193
1.00193
1.00193
1.00193
1.00192
1.00192
1.00192
1.00192
1.00192
1.00192
1.00192
1.00192
1.00192
1.00192
1.00192
1.00192
1.00192
1.00193
1.00194
1.00194
1.00194
1.00195
1.00196
1.00196
1.00197
1.002
1.002
1.002
1.00203
1.00206
1.00205
1.00207
1.00211
1.00212
1.00212
1.00211
1.00209
1.00211
1.00201
1.00181
1.00179
1.00183
1.00184
1.00145
1.00131
1.00159
1
1
1
1
1
1
1
1
1
1
1
1
1
1
1
1
1
1
1
1
1
1
1
1
1
1
1
1
1
1
1
1
1
1
1
1
1
1
1
1
1
1
1
1
1
1
1
1
1
1
1
1
1
1
1
1
1
1
1
1
1
1.00017
1.00032
1.0003
1.00027
1.0003
1.0003
1.00025
1.0002
1.00022
1.00027
1.00029
1.00023
1.00025
1.00025
1.00026
1.00027
1.00026
1.00027
1.00028
1.00027
1.00026
1.00028
1.00028
1.00027
1.00027
1.00028
1.0003
1.00028
1.00029
1.00031
1.00033
1.00032
1.00033
1.00035
1.00036
1.00035
1.00036
1.00037
1.00037
1.00036
1.00037
1.00037
1.00037
1.00037
1.00037
1.00037
1.00037
1.00037
1.00036
1.00036
1.00036
1.00036
1.00035
1.00035
1.00035
1.00035
1.00034
1.00034
1.00034
1.00033
1.00033
1.00033
1.00032
1.00032
1.00032
1.00032
1.00031
1.00031
1.00031
1.0003
1.0003
1.0003
1.00029
1.00029
1.00029
1.00029
1.00028
1.00028
1.00028
1.00027
1.00027
1.00027
1.00027
1.00026
1.00026
1.00026
1.00025
1.00025
1.00025
1.00025
1.00024
1.00024
1.00024
1.00024
1.00023
1.00023
1.00023
1.00022
1.00022
1.00022
1.00022
1.00021
1.00021
1.00021
1.00021
1.0002
1.0002
1.0002
1.0002
1.00019
1.00019
1.00019
1.00019
1.00018
1.00018
1.00018
1.00017
1.00017
1.00017
1.00017
1.00016
1.00016
1.00016
1.00016
1.00015
1.00015
1.00015
1.00015
1.00014
1.00014
1.00014
1.00014
1.00013
1.00013
1.00013
1.00013
1.00013
1.00012
1.00012
1.00012
1.00012
1.00011
1.00011
1.00011
1.00011
1.0001
1.0001
1.0001
1.0001
1.0001
1.00009
1.00009
1.00009
1.00009
1.00009
1.00008
1.00008
1.00008
1.00008
1.00008
1.00008
1.00053
1.00078
1.00202
1.00201
1.00201
1.00202
1.00202
1.00201
1.00201
1.00201
1.002
1.002
1.00201
1.002
1.00199
1.002
1.00199
1.00198
1.00198
1.00198
1.00197
1.00196
1.00197
1.00196
1.00195
1.00195
1.00195
1.00195
1.00194
1.00194
1.00194
1.00193
1.00193
1.00193
1.00193
1.00192
1.00192
1.00192
1.00192
1.00192
1.00192
1.00192
1.00192
1.00192
1.00192
1.00192
1.00192
1.00192
1.00192
1.00193
1.00193
1.00194
1.00194
1.00194
1.00195
1.00196
1.00197
1.00197
1.00199
1.00201
1.00201
1.00201
1.00204
1.00207
1.00206
1.00203
1.0021
1.00212
1.00196
1.00192
1.00207
1.0019
1.00166
1.00173
1.00169
1.00156
1.00164
1.00139
1.00119
1.00111
1.00124
1
1
1
1
1
1
1
1
1
1
1
1
1
1
1
1
1
1
1
1
1
1
1
1
1
1
1
1
1
1
1
1
1
1
1
1
1
1
1
1
1
1
1
1
1
1
1
1
1
1
1
1
1.00016
1.00033
1.0003
1.00029
1.0003
1.00026
1.00021
1.00024
1.00028
1.00029
1.00029
1.00028
1.00023
1.00025
1.00024
1.00025
1.00026
1.00025
1.00026
1.00027
1.00025
1.00025
1.00028
1.00027
1.00026
1.00027
1.00028
1.00028
1.00027
1.00028
1.00029
1.00028
1.00028
1.0003
1.0003
1.00031
1.00031
1.00032
1.00034
1.00034
1.00034
1.00035
1.00036
1.00036
1.00036
1.00037
1.00037
1.00037
1.00037
1.00037
1.00037
1.00037
1.00037
1.00036
1.00036
1.00036
1.00036
1.00036
1.00035
1.00035
1.00035
1.00034
1.00034
1.00034
1.00034
1.00033
1.00033
1.00033
1.00032
1.00032
1.00032
1.00031
1.00031
1.00031
1.00031
1.0003
1.0003
1.0003
1.00029
1.00029
1.00029
1.00029
1.00028
1.00028
1.00028
1.00027
1.00027
1.00027
1.00027
1.00026
1.00026
1.00026
1.00025
1.00025
1.00025
1.00025
1.00024
1.00024
1.00024
1.00024
1.00023
1.00023
1.00023
1.00022
1.00022
1.00022
1.00022
1.00021
1.00021
1.00021
1.00021
1.0002
1.0002
1.0002
1.0002
1.00019
1.00019
1.00019
1.00019
1.00018
1.00018
1.00018
1.00017
1.00017
1.00017
1.00017
1.00016
1.00016
1.00016
1.00016
1.00015
1.00015
1.00015
1.00015
1.00014
1.00014
1.00014
1.00014
1.00013
1.00013
1.00013
1.00013
1.00013
1.00012
1.00012
1.00012
1.00012
1.00011
1.00011
1.00011
1.00011
1.0001
1.0001
1.0001
1.0001
1.0001
1.00009
1.00009
1.00009
1.00009
1.00009
1.00008
1.00008
1.00008
1.00008
1.00008
1.00008
1.00052
1.00078
1.00202
1.00202
1.00202
1.00202
1.00202
1.00201
1.00201
1.00201
1.00201
1.002
1.002
1.002
1.00199
1.00199
1.00199
1.00198
1.00198
1.00198
1.00198
1.00197
1.00196
1.00196
1.00196
1.00195
1.00195
1.00195
1.00194
1.00194
1.00194
1.00193
1.00193
1.00193
1.00193
1.00192
1.00192
1.00192
1.00192
1.00192
1.00192
1.00192
1.00192
1.00191
1.00191
1.00192
1.00192
1.00192
1.00192
1.00192
1.00192
1.00193
1.00194
1.00194
1.00194
1.00195
1.00196
1.00196
1.00197
1.00199
1.00199
1.002
1.00201
1.00201
1.00203
1.00204
1.002
1.002
1.00203
1.00193
1.00183
1.00185
1.00183
1.00169
1.00153
1.00158
1.00151
1.00135
1.00142
1.00119
1.00117
1.0012
1.00096
1.00082
1.00117
1
1
1
1
1
1
1
1
1
1
1
1
1
1
1
1
1
1
1
1
1
1
1
1
1
1
1
1
1
1
1
1
1
1
1
1
1
1
1
1
1
1.00016
1.00035
1.00032
1.00028
1.00032
1.00031
1.00024
1.00021
1.00024
1.00027
1.0003
1.00029
1.00024
1.00026
1.00024
1.00027
1.0003
1.00026
1.00025
1.00026
1.00027
1.00026
1.00024
1.00025
1.00027
1.00025
1.00025
1.00027
1.00027
1.00027
1.00027
1.00027
1.00028
1.00028
1.00027
1.00028
1.00028
1.00029
1.00029
1.00029
1.0003
1.00031
1.00031
1.00031
1.00033
1.00034
1.00033
1.00034
1.00036
1.00035
1.00035
1.00036
1.00037
1.00036
1.00036
1.00037
1.00037
1.00036
1.00036
1.00036
1.00036
1.00036
1.00036
1.00036
1.00035
1.00035
1.00035
1.00035
1.00034
1.00034
1.00034
1.00033
1.00033
1.00033
1.00033
1.00032
1.00032
1.00032
1.00031
1.00031
1.00031
1.0003
1.0003
1.0003
1.0003
1.00029
1.00029
1.00029
1.00028
1.00028
1.00028
1.00028
1.00027
1.00027
1.00027
1.00027
1.00026
1.00026
1.00026
1.00025
1.00025
1.00025
1.00025
1.00024
1.00024
1.00024
1.00024
1.00023
1.00023
1.00023
1.00022
1.00022
1.00022
1.00022
1.00021
1.00021
1.00021
1.00021
1.0002
1.0002
1.0002
1.0002
1.00019
1.00019
1.00019
1.00019
1.00018
1.00018
1.00018
1.00017
1.00017
1.00017
1.00017
1.00016
1.00016
1.00016
1.00016
1.00015
1.00015
1.00015
1.00015
1.00014
1.00014
1.00014
1.00014
1.00013
1.00013
1.00013
1.00013
1.00013
1.00012
1.00012
1.00012
1.00012
1.00011
1.00011
1.00011
1.00011
1.0001
1.0001
1.0001
1.0001
1.0001
1.00009
1.00009
1.00009
1.00009
1.00008
1.00008
1.00008
1.00008
1.00008
1.00008
1.00007
1.00052
1.00078
1.00202
1.00202
1.00202
1.00201
1.00202
1.00202
1.00201
1.002
1.00201
1.00201
1.00199
1.002
1.002
1.00199
1.00198
1.00199
1.00198
1.00197
1.00197
1.00197
1.00196
1.00196
1.00196
1.00195
1.00194
1.00195
1.00195
1.00194
1.00193
1.00193
1.00193
1.00193
1.00192
1.00192
1.00192
1.00192
1.00192
1.00192
1.00191
1.00191
1.00191
1.00191
1.00191
1.00191
1.00191
1.00191
1.00191
1.00192
1.00192
1.00192
1.00192
1.00193
1.00194
1.00194
1.00194
1.00196
1.00196
1.00196
1.00197
1.00199
1.00199
1.00197
1.00199
1.00202
1.00197
1.00191
1.00197
1.00195
1.0018
1.00178
1.00178
1.00165
1.00161
1.00158
1.00142
1.00136
1.00131
1.00127
1.00126
1.00113
1.00094
1.0011
1.00115
1.00091
1.00077
1.00081
1.00086
1.00078
1.00098
1
1
1
1
1
1
1
1
1
1
1
1
1
1
1
1
1
1
1
1
1
1
1
1
1
1.00019
1.00041
1.00038
1.00035
1.00037
1.00037
1.00034
1.00035
1.00033
1.00026
1.00021
1.00025
1.0003
1.0003
1.0003
1.0003
1.00024
1.00025
1.00024
1.00028
1.00028
1.00026
1.00026
1.00028
1.00027
1.00026
1.00027
1.00027
1.00027
1.00027
1.00025
1.00026
1.00026
1.00026
1.00026
1.00026
1.00026
1.00027
1.00027
1.00026
1.00027
1.00028
1.00027
1.00027
1.00028
1.00029
1.00028
1.00028
1.00029
1.0003
1.0003
1.0003
1.00031
1.00032
1.00032
1.00033
1.00034
1.00035
1.00035
1.00035
1.00036
1.00036
1.00036
1.00036
1.00036
1.00036
1.00036
1.00036
1.00036
1.00036
1.00036
1.00036
1.00035
1.00035
1.00035
1.00035
1.00035
1.00034
1.00034
1.00034
1.00033
1.00033
1.00033
1.00033
1.00032
1.00032
1.00032
1.00032
1.00031
1.00031
1.00031
1.0003
1.0003
1.0003
1.0003
1.00029
1.00029
1.00029
1.00028
1.00028
1.00028
1.00028
1.00027
1.00027
1.00027
1.00026
1.00026
1.00026
1.00026
1.00025
1.00025
1.00025
1.00025
1.00024
1.00024
1.00024
1.00023
1.00023
1.00023
1.00023
1.00022
1.00022
1.00022
1.00022
1.00021
1.00021
1.00021
1.00021
1.0002
1.0002
1.0002
1.0002
1.00019
1.00019
1.00019
1.00019
1.00018
1.00018
1.00018
1.00017
1.00017
1.00017
1.00017
1.00016
1.00016
1.00016
1.00016
1.00015
1.00015
1.00015
1.00015
1.00014
1.00014
1.00014
1.00014
1.00013
1.00013
1.00013
1.00013
1.00013
1.00012
1.00012
1.00012
1.00012
1.00011
1.00011
1.00011
1.00011
1.0001
1.0001
1.0001
1.0001
1.00009
1.00009
1.00009
1.00009
1.00009
1.00008
1.00008
1.00008
1.00008
1.00008
1.00007
1.00007
1.00051
1.00078
1.00203
1.00202
1.00202
1.00202
1.00202
1.00202
1.00202
1.00201
1.00201
1.00201
1.00201
1.00199
1.002
1.002
1.00198
1.00198
1.00198
1.00198
1.00197
1.00197
1.00197
1.00196
1.00195
1.00195
1.00195
1.00194
1.00194
1.00194
1.00193
1.00193
1.00193
1.00193
1.00192
1.00192
1.00192
1.00192
1.00191
1.00191
1.00191
1.00191
1.00191
1.00191
1.00191
1.00191
1.00191
1.00191
1.00191
1.00191
1.00192
1.00192
1.00192
1.00192
1.00193
1.00193
1.00194
1.00194
1.00194
1.00195
1.00196
1.00195
1.00196
1.00198
1.00195
1.00193
1.00197
1.00194
1.00185
1.00185
1.00187
1.00177
1.00167
1.00167
1.00163
1.00148
1.00145
1.00144
1.00127
1.00128
1.00118
1.00106
1.00113
1.00113
1.00097
1.00098
1.00085
1.00081
1.00089
1.00094
1.00091
1.00077
1.00063
1.00058
1.00064
1.00064
1.00062
1.00061
1.00061
1.0006
1.00059
1.00058
1.00057
1.00056
1.00055
1.00054
1.00052
1.00051
1.00049
1.00048
1.00046
1.00044
1.00042
1.00042
1.00038
1.0003
1.00026
1.0003
1.00035
1.00038
1.00037
1.00035
1.00034
1.00035
1.00032
1.00025
1.00027
1.00025
1.00029
1.00032
1.00027
1.00026
1.00028
1.00028
1.00026
1.00027
1.00026
1.00028
1.00028
1.00025
1.00027
1.00028
1.00026
1.00027
1.00027
1.00027
1.00026
1.00026
1.00027
1.00026
1.00025
1.00027
1.00027
1.00026
1.00027
1.00027
1.00027
1.00027
1.00027
1.00028
1.00028
1.00028
1.00029
1.00029
1.00029
1.0003
1.0003
1.00031
1.00031
1.00032
1.00032
1.00033
1.00034
1.00034
1.00034
1.00035
1.00035
1.00035
1.00035
1.00036
1.00036
1.00036
1.00036
1.00036
1.00036
1.00036
1.00036
1.00035
1.00035
1.00035
1.00035
1.00035
1.00034
1.00034
1.00034
1.00034
1.00033
1.00033
1.00033
1.00032
1.00032
1.00032
1.00032
1.00031
1.00031
1.00031
1.00031
1.0003
1.0003
1.0003
1.00029
1.00029
1.00029
1.00029
1.00028
1.00028
1.00028
1.00028
1.00027
1.00027
1.00027
1.00026
1.00026
1.00026
1.00026
1.00025
1.00025
1.00025
1.00025
1.00024
1.00024
1.00024
1.00023
1.00023
1.00023
1.00023
1.00022
1.00022
1.00022
1.00022
1.00021
1.00021
1.00021
1.00021
1.0002
1.0002
1.0002
1.0002
1.00019
1.00019
1.00019
1.00019
1.00018
1.00018
1.00018
1.00017
1.00017
1.00017
1.00017
1.00016
1.00016
1.00016
1.00016
1.00015
1.00015
1.00015
1.00015
1.00014
1.00014
1.00014
1.00014
1.00013
1.00013
1.00013
1.00013
1.00012
1.00012
1.00012
1.00012
1.00012
1.00011
1.00011
1.00011
1.00011
1.0001
1.0001
1.0001
1.0001
1.00009
1.00009
1.00009
1.00009
1.00009
1.00008
1.00008
1.00008
1.00008
1.00008
1.00007
1.00007
1.00051
1.00078
1.00203
1.00202
1.00202
1.00203
1.00202
1.00201
1.00202
1.00202
1.00201
1.002
1.00201
1.002
1.00199
1.002
1.002
1.00198
1.00198
1.00198
1.00197
1.00196
1.00197
1.00196
1.00195
1.00195
1.00195
1.00194
1.00194
1.00194
1.00194
1.00193
1.00193
1.00193
1.00192
1.00192
1.00192
1.00192
1.00191
1.00191
1.00191
1.00191
1.00191
1.00191
1.00191
1.00191
1.0019
1.00191
1.00191
1.00191
1.00191
1.00191
1.00192
1.00191
1.00192
1.00192
1.00193
1.00193
1.00193
1.00194
1.00194
1.00193
1.00193
1.00195
1.00194
1.0019
1.0019
1.00192
1.00185
1.0018
1.00181
1.00175
1.00168
1.00165
1.00158
1.0015
1.00146
1.00138
1.00132
1.00129
1.00117
1.00115
1.00117
1.00103
1.00093
1.00098
1.00097
1.00088
1.00083
1.00089
1.00087
1.00081
1.00062
1.00063
1.00069
1.00063
1.00061
1.00063
1.00062
1.0006
1.00059
1.00059
1.00058
1.00056
1.00055
1.00054
1.00052
1.00051
1.00049
1.00047
1.00046
1.00044
1.0004
1.00041
1.00039
1.0003
1.00032
1.00031
1.00036
1.00037
1.00035
1.00035
1.00036
1.00032
1.00029
1.00029
1.00031
1.00028
1.00027
1.00029
1.00029
1.00028
1.00028
1.00026
1.00028
1.00027
1.00027
1.00028
1.00027
1.00026
1.00027
1.00028
1.00027
1.00027
1.00026
1.00027
1.00027
1.00026
1.00026
1.00027
1.00027
1.00027
1.00027
1.00027
1.00027
1.00028
1.00027
1.00027
1.00028
1.00028
1.00028
1.00028
1.00029
1.00029
1.00029
1.0003
1.00031
1.00031
1.00031
1.00032
1.00033
1.00033
1.00033
1.00034
1.00034
1.00035
1.00035
1.00035
1.00036
1.00035
1.00035
1.00036
1.00036
1.00035
1.00035
1.00035
1.00035
1.00035
1.00035
1.00035
1.00034
1.00034
1.00034
1.00034
1.00034
1.00033
1.00033
1.00033
1.00033
1.00032
1.00032
1.00032
1.00032
1.00031
1.00031
1.00031
1.0003
1.0003
1.0003
1.0003
1.00029
1.00029
1.00029
1.00029
1.00028
1.00028
1.00028
1.00027
1.00027
1.00027
1.00027
1.00026
1.00026
1.00026
1.00026
1.00025
1.00025
1.00025
1.00025
1.00024
1.00024
1.00024
1.00023
1.00023
1.00023
1.00023
1.00022
1.00022
1.00022
1.00022
1.00021
1.00021
1.00021
1.00021
1.0002
1.0002
1.0002
1.0002
1.00019
1.00019
1.00019
1.00019
1.00018
1.00018
1.00018
1.00017
1.00017
1.00017
1.00017
1.00016
1.00016
1.00016
1.00016
1.00015
1.00015
1.00015
1.00015
1.00014
1.00014
1.00014
1.00014
1.00013
1.00013
1.00013
1.00013
1.00012
1.00012
1.00012
1.00012
1.00012
1.00011
1.00011
1.00011
1.00011
1.0001
1.0001
1.0001
1.0001
1.00009
1.00009
1.00009
1.00009
1.00009
1.00008
1.00008
1.00008
1.00008
1.00007
1.00007
1.00007
1.0005
1.00078
1.00202
1.00203
1.00203
1.00202
1.00203
1.00203
1.00201
1.00201
1.00202
1.00201
1.002
1.00201
1.002
1.00199
1.00199
1.00199
1.00198
1.00197
1.00198
1.00197
1.00196
1.00196
1.00196
1.00195
1.00194
1.00195
1.00194
1.00193
1.00193
1.00193
1.00193
1.00192
1.00192
1.00192
1.00191
1.00191
1.00191
1.00191
1.00191
1.00191
1.00191
1.0019
1.0019
1.0019
1.0019
1.0019
1.0019
1.0019
1.0019
1.0019
1.0019
1.00191
1.00191
1.00191
1.00191
1.00191
1.00192
1.00191
1.00191
1.00193
1.00191
1.00189
1.0019
1.00192
1.00185
1.00183
1.00186
1.00181
1.00173
1.00172
1.00171
1.00161
1.00154
1.00155
1.00145
1.00137
1.00136
1.00126
1.00122
1.00119
1.00108
1.00106
1.00108
1.00094
1.0009
1.00094
1.00091
1.00085
1.00077
1.00076
1.00075
1.00071
1.00062
1.00063
1.00066
1.00063
1.00061
1.00061
1.00061
1.00059
1.00057
1.00057
1.00055
1.00054
1.00052
1.00051
1.0005
1.00047
1.00045
1.00045
1.00043
1.00038
1.00036
1.00035
1.00036
1.00034
1.00034
1.00034
1.00036
1.00036
1.00034
1.00032
1.00032
1.00031
1.00028
1.0003
1.0003
1.00028
1.00029
1.00029
1.00028
1.00027
1.00028
1.00028
1.00028
1.00027
1.00027
1.00028
1.00027
1.00027
1.00028
1.00028
1.00027
1.00027
1.00027
1.00027
1.00027
1.00027
1.00027
1.00027
1.00027
1.00028
1.00027
1.00027
1.00028
1.00028
1.00028
1.00028
1.00029
1.00029
1.00029
1.00029
1.0003
1.0003
1.0003
1.00031
1.00031
1.00032
1.00032
1.00033
1.00033
1.00034
1.00034
1.00034
1.00034
1.00035
1.00035
1.00035
1.00035
1.00035
1.00035
1.00035
1.00035
1.00035
1.00035
1.00035
1.00035
1.00034
1.00034
1.00034
1.00034
1.00034
1.00033
1.00033
1.00033
1.00033
1.00032
1.00032
1.00032
1.00032
1.00031
1.00031
1.00031
1.00031
1.0003
1.0003
1.0003
1.0003
1.00029
1.00029
1.00029
1.00028
1.00028
1.00028
1.00028
1.00027
1.00027
1.00027
1.00027
1.00026
1.00026
1.00026
1.00026
1.00025
1.00025
1.00025
1.00025
1.00024
1.00024
1.00024
1.00023
1.00023
1.00023
1.00023
1.00022
1.00022
1.00022
1.00022
1.00021
1.00021
1.00021
1.00021
1.0002
1.0002
1.0002
1.0002
1.00019
1.00019
1.00019
1.00019
1.00018
1.00018
1.00018
1.00017
1.00017
1.00017
1.00017
1.00016
1.00016
1.00016
1.00016
1.00015
1.00015
1.00015
1.00015
1.00014
1.00014
1.00014
1.00014
1.00013
1.00013
1.00013
1.00013
1.00012
1.00012
1.00012
1.00012
1.00011
1.00011
1.00011
1.00011
1.00011
1.0001
1.0001
1.0001
1.0001
1.00009
1.00009
1.00009
1.00009
1.00008
1.00008
1.00008
1.00008
1.00008
1.00007
1.00007
1.00007
1.00049
1.00078
1.00203
1.00204
1.00204
1.00202
1.00202
1.00204
1.00202
1.00201
1.00202
1.00202
1.002
1.002
1.00201
1.00199
1.00198
1.00199
1.00199
1.00197
1.00197
1.00197
1.00196
1.00195
1.00195
1.00195
1.00194
1.00194
1.00194
1.00193
1.00193
1.00193
1.00193
1.00192
1.00192
1.00192
1.00191
1.00191
1.00191
1.00191
1.0019
1.0019
1.0019
1.0019
1.0019
1.0019
1.0019
1.0019
1.0019
1.0019
1.0019
1.0019
1.0019
1.0019
1.0019
1.0019
1.0019
1.0019
1.0019
1.0019
1.00189
1.00189
1.0019
1.00188
1.00186
1.00187
1.00186
1.00181
1.0018
1.00178
1.00174
1.0017
1.00166
1.00161
1.00157
1.00151
1.00144
1.00141
1.00135
1.00127
1.00126
1.00119
1.0011
1.00109
1.00106
1.00098
1.00095
1.00093
1.0009
1.00087
1.00081
1.00075
1.00076
1.00071
1.00066
1.00068
1.00066
1.00063
1.00062
1.00062
1.0006
1.00059
1.00058
1.00057
1.00055
1.00054
1.00053
1.00051
1.0005
1.00048
1.00046
1.00044
1.00043
1.0004
1.00038
1.00037
1.00035
1.00036
1.00036
1.00035
1.00036
1.00035
1.00033
1.00033
1.00033
1.00031
1.00029
1.0003
1.0003
1.00029
1.00029
1.00028
1.00029
1.00029
1.00028
1.00028
1.00028
1.00028
1.00028
1.00028
1.00028
1.00028
1.00028
1.00027
1.00028
1.00027
1.00027
1.00027
1.00027
1.00027
1.00027
1.00027
1.00027
1.00027
1.00028
1.00028
1.00028
1.00028
1.00028
1.00028
1.00029
1.00029
1.00029
1.00029
1.0003
1.0003
1.0003
1.00031
1.00032
1.00032
1.00032
1.00032
1.00033
1.00033
1.00033
1.00034
1.00034
1.00034
1.00034
1.00035
1.00035
1.00035
1.00035
1.00035
1.00035
1.00034
1.00034
1.00034
1.00034
1.00034
1.00034
1.00034
1.00033
1.00033
1.00033
1.00033
1.00033
1.00032
1.00032
1.00032
1.00032
1.00031
1.00031
1.00031
1.00031
1.0003
1.0003
1.0003
1.0003
1.00029
1.00029
1.00029
1.00029
1.00028
1.00028
1.00028
1.00028
1.00027
1.00027
1.00027
1.00027
1.00026
1.00026
1.00026
1.00026
1.00025
1.00025
1.00025
1.00024
1.00024
1.00024
1.00024
1.00023
1.00023
1.00023
1.00023
1.00022
1.00022
1.00022
1.00022
1.00021
1.00021
1.00021
1.00021
1.0002
1.0002
1.0002
1.0002
1.00019
1.00019
1.00019
1.00019
1.00018
1.00018
1.00018
1.00017
1.00017
1.00017
1.00017
1.00016
1.00016
1.00016
1.00016
1.00015
1.00015
1.00015
1.00015
1.00014
1.00014
1.00014
1.00014
1.00013
1.00013
1.00013
1.00013
1.00012
1.00012
1.00012
1.00012
1.00011
1.00011
1.00011
1.00011
1.00011
1.0001
1.0001
1.0001
1.0001
1.00009
1.00009
1.00009
1.00009
1.00008
1.00008
1.00008
1.00008
1.00008
1.00007
1.00007
1.00007
1.00047
1.00079
1.00205
1.00203
1.00203
1.00205
1.00203
1.00202
1.00203
1.00203
1.002
1.00201
1.00202
1.002
1.00199
1.00201
1.00199
1.00197
1.00198
1.00198
1.00196
1.00196
1.00197
1.00196
1.00195
1.00195
1.00195
1.00194
1.00193
1.00193
1.00193
1.00192
1.00192
1.00192
1.00192
1.00191
1.00191
1.00191
1.0019
1.0019
1.0019
1.0019
1.0019
1.0019
1.00189
1.00189
1.00189
1.00189
1.00189
1.00189
1.00189
1.00189
1.00189
1.00189
1.00189
1.00189
1.00189
1.00188
1.00188
1.00189
1.00189
1.00186
1.00186
1.00188
1.00185
1.00181
1.00183
1.00182
1.00176
1.00174
1.00174
1.00168
1.00162
1.00161
1.00157
1.00149
1.00146
1.00142
1.00134
1.00131
1.00124
1.00118
1.00118
1.00111
1.00102
1.00104
1.00101
1.00092
1.00089
1.00087
1.00086
1.00079
1.00074
1.00072
1.00073
1.00068
1.00064
1.00066
1.00065
1.00062
1.00061
1.0006
1.00059
1.00057
1.00056
1.00055
1.00053
1.00051
1.00049
1.00048
1.00047
1.00044
1.00042
1.00041
1.0004
1.00038
1.00036
1.00037
1.00037
1.00036
1.00035
1.00035
1.00035
1.00034
1.00031
1.00032
1.00032
1.0003
1.00029
1.00031
1.0003
1.00029
1.00029
1.00029
1.00029
1.00028
1.00028
1.00029
1.00028
1.00027
1.00028
1.00028
1.00028
1.00028
1.00028
1.00028
1.00027
1.00027
1.00028
1.00028
1.00027
1.00028
1.00028
1.00028
1.00028
1.00028
1.00028
1.00028
1.00029
1.00029
1.00029
1.00029
1.0003
1.0003
1.0003
1.0003
1.00031
1.00031
1.00031
1.00032
1.00032
1.00032
1.00033
1.00033
1.00033
1.00034
1.00034
1.00034
1.00034
1.00034
1.00034
1.00034
1.00034
1.00034
1.00034
1.00034
1.00034
1.00034
1.00034
1.00034
1.00034
1.00033
1.00033
1.00033
1.00033
1.00033
1.00032
1.00032
1.00032
1.00032
1.00031
1.00031
1.00031
1.00031
1.00031
1.0003
1.0003
1.0003
1.0003
1.00029
1.00029
1.00029
1.00029
1.00028
1.00028
1.00028
1.00028
1.00027
1.00027
1.00027
1.00027
1.00026
1.00026
1.00026
1.00025
1.00025
1.00025
1.00025
1.00024
1.00024
1.00024
1.00024
1.00023
1.00023
1.00023
1.00023
1.00022
1.00022
1.00022
1.00022
1.00021
1.00021
1.00021
1.00021
1.0002
1.0002
1.0002
1.0002
1.00019
1.00019
1.00019
1.00019
1.00018
1.00018
1.00018
1.00017
1.00017
1.00017
1.00017
1.00016
1.00016
1.00016
1.00016
1.00015
1.00015
1.00015
1.00015
1.00014
1.00014
1.00014
1.00014
1.00013
1.00013
1.00013
1.00013
1.00012
1.00012
1.00012
1.00012
1.00011
1.00011
1.00011
1.00011
1.0001
1.0001
1.0001
1.0001
1.0001
1.00009
1.00009
1.00009
1.00009
1.00008
1.00008
1.00008
1.00008
1.00007
1.00007
1.00007
1.00007
1.00045
1.00079
1.00204
1.00204
1.00204
1.00204
1.00204
1.00202
1.00202
1.00204
1.00202
1.002
1.00202
1.00202
1.00199
1.00199
1.002
1.00198
1.00197
1.00198
1.00198
1.00196
1.00196
1.00196
1.00195
1.00194
1.00194
1.00194
1.00193
1.00193
1.00193
1.00192
1.00192
1.00192
1.00191
1.00191
1.00191
1.0019
1.0019
1.0019
1.0019
1.0019
1.00189
1.00189
1.00189
1.00189
1.00189
1.00188
1.00188
1.00188
1.00188
1.00188
1.00188
1.00188
1.00188
1.00187
1.00187
1.00188
1.00187
1.00186
1.00187
1.00186
1.00184
1.00184
1.00184
1.00181
1.00179
1.00178
1.00176
1.00173
1.00169
1.00167
1.00164
1.00159
1.00154
1.00151
1.00147
1.0014
1.00136
1.00133
1.00126
1.00121
1.00118
1.00112
1.00108
1.00105
1.00099
1.00097
1.00094
1.00088
1.00085
1.00083
1.00078
1.00075
1.00073
1.0007
1.00069
1.00068
1.00065
1.00063
1.00063
1.00061
1.00059
1.00058
1.00057
1.00055
1.00053
1.00052
1.00051
1.00048
1.00047
1.00046
1.00043
1.00042
1.0004
1.00039
1.00039
1.00037
1.00037
1.00037
1.00036
1.00035
1.00035
1.00034
1.00033
1.00032
1.00032
1.00031
1.00031
1.0003
1.0003
1.0003
1.00029
1.00029
1.00029
1.00029
1.00028
1.00029
1.00029
1.00029
1.00028
1.00028
1.00028
1.00028
1.00028
1.00028
1.00028
1.00028
1.00028
1.00028
1.00028
1.00028
1.00028
1.00028
1.00028
1.00028
1.00028
1.00029
1.00029
1.00029
1.00029
1.00029
1.0003
1.0003
1.0003
1.0003
1.00031
1.00031
1.00031
1.00032
1.00032
1.00032
1.00032
1.00033
1.00033
1.00033
1.00033
1.00034
1.00034
1.00034
1.00034
1.00034
1.00034
1.00034
1.00034
1.00034
1.00034
1.00033
1.00033
1.00033
1.00033
1.00033
1.00033
1.00033
1.00032
1.00032
1.00032
1.00032
1.00032
1.00031
1.00031
1.00031
1.00031
1.00031
1.0003
1.0003
1.0003
1.0003
1.00029
1.00029
1.00029
1.00029
1.00028
1.00028
1.00028
1.00028
1.00027
1.00027
1.00027
1.00027
1.00026
1.00026
1.00026
1.00026
1.00025
1.00025
1.00025
1.00025
1.00024
1.00024
1.00024
1.00024
1.00023
1.00023
1.00023
1.00023
1.00022
1.00022
1.00022
1.00022
1.00021
1.00021
1.00021
1.00021
1.0002
1.0002
1.0002
1.0002
1.00019
1.00019
1.00019
1.00019
1.00018
1.00018
1.00018
1.00017
1.00017
1.00017
1.00017
1.00016
1.00016
1.00016
1.00016
1.00015
1.00015
1.00015
1.00015
1.00014
1.00014
1.00014
1.00014
1.00013
1.00013
1.00013
1.00013
1.00012
1.00012
1.00012
1.00012
1.00011
1.00011
1.00011
1.00011
1.0001
1.0001
1.0001
1.0001
1.0001
1.00009
1.00009
1.00009
1.00009
1.00008
1.00008
1.00008
1.00008
1.00007
1.00007
1.00007
1.00007
1.00044
1.00079
1.00203
1.00206
1.00206
1.00202
1.00204
1.00206
1.00202
1.00201
1.00204
1.00203
1.00199
1.00201
1.00202
1.00198
1.00198
1.002
1.00198
1.00196
1.00197
1.00197
1.00195
1.00195
1.00195
1.00195
1.00193
1.00194
1.00194
1.00193
1.00192
1.00192
1.00192
1.00191
1.00191
1.00191
1.0019
1.0019
1.0019
1.0019
1.00189
1.00189
1.00189
1.00189
1.00188
1.00188
1.00188
1.00188
1.00188
1.00188
1.00188
1.00187
1.00187
1.00187
1.00187
1.00187
1.00186
1.00186
1.00186
1.00185
1.00184
1.00185
1.00184
1.00181
1.00181
1.00181
1.00177
1.00174
1.00175
1.00172
1.00167
1.00165
1.00163
1.00158
1.00154
1.00151
1.00146
1.00141
1.00138
1.00131
1.00128
1.00125
1.00117
1.00114
1.00113
1.00106
1.00101
1.00099
1.00096
1.00091
1.00086
1.00084
1.00082
1.00078
1.00074
1.00073
1.00072
1.00068
1.00066
1.00066
1.00064
1.00062
1.00061
1.00059
1.00058
1.00056
1.00054
1.00053
1.00051
1.0005
1.00047
1.00046
1.00045
1.00043
1.00041
1.0004
1.0004
1.00038
1.00038
1.00037
1.00037
1.00036
1.00035
1.00034
1.00034
1.00033
1.00032
1.00032
1.00032
1.00031
1.0003
1.00031
1.0003
1.0003
1.00029
1.00029
1.00029
1.00029
1.00029
1.00029
1.00029
1.00028
1.00029
1.00029
1.00028
1.00028
1.00028
1.00028
1.00028
1.00028
1.00028
1.00028
1.00028
1.00028
1.00028
1.00028
1.00029
1.00029
1.00029
1.00029
1.00029
1.0003
1.0003
1.0003
1.0003
1.0003
1.00031
1.00031
1.00031
1.00031
1.00032
1.00032
1.00032
1.00033
1.00033
1.00033
1.00033
1.00033
1.00033
1.00033
1.00034
1.00033
1.00033
1.00033
1.00033
1.00033
1.00033
1.00033
1.00033
1.00033
1.00033
1.00033
1.00033
1.00032
1.00032
1.00032
1.00032
1.00032
1.00031
1.00031
1.00031
1.00031
1.00031
1.0003
1.0003
1.0003
1.0003
1.0003
1.00029
1.00029
1.00029
1.00029
1.00028
1.00028
1.00028
1.00028
1.00027
1.00027
1.00027
1.00027
1.00026
1.00026
1.00026
1.00026
1.00025
1.00025
1.00025
1.00025
1.00024
1.00024
1.00024
1.00024
1.00023
1.00023
1.00023
1.00023
1.00022
1.00022
1.00022
1.00022
1.00021
1.00021
1.00021
1.00021
1.0002
1.0002
1.0002
1.0002
1.00019
1.00019
1.00019
1.00019
1.00018
1.00018
1.00018
1.00017
1.00017
1.00017
1.00017
1.00016
1.00016
1.00016
1.00016
1.00015
1.00015
1.00015
1.00015
1.00014
1.00014
1.00014
1.00014
1.00013
1.00013
1.00013
1.00013
1.00012
1.00012
1.00012
1.00012
1.00011
1.00011
1.00011
1.00011
1.0001
1.0001
1.0001
1.0001
1.00009
1.00009
1.00009
1.00009
1.00009
1.00008
1.00008
1.00008
1.00008
1.00007
1.00007
1.00007
1.00007
1.00041
1.00079
1.00206
1.00205
1.00205
1.00205
1.00204
1.00204
1.00205
1.00202
1.00202
1.00204
1.00201
1.00199
1.00201
1.00201
1.00198
1.00198
1.00199
1.00197
1.00196
1.00197
1.00196
1.00195
1.00194
1.00195
1.00194
1.00193
1.00193
1.00193
1.00192
1.00192
1.00192
1.00191
1.00191
1.0019
1.0019
1.0019
1.00189
1.00189
1.00189
1.00189
1.00188
1.00188
1.00188
1.00188
1.00188
1.00187
1.00187
1.00187
1.00187
1.00187
1.00186
1.00186
1.00186
1.00186
1.00185
1.00184
1.00184
1.00184
1.00183
1.00182
1.00182
1.00181
1.00178
1.00177
1.00177
1.00174
1.00171
1.0017
1.00168
1.00164
1.0016
1.00158
1.00155
1.0015
1.00145
1.00143
1.00138
1.00132
1.0013
1.00126
1.0012
1.00117
1.00112
1.00108
1.00106
1.00101
1.00096
1.00095
1.00091
1.00086
1.00083
1.00081
1.00078
1.00076
1.00072
1.00071
1.0007
1.00067
1.00065
1.00064
1.00063
1.0006
1.00058
1.00057
1.00056
1.00054
1.00052
1.00051
1.00049
1.00047
1.00046
1.00044
1.00043
1.00042
1.0004
1.0004
1.00039
1.00038
1.00037
1.00037
1.00036
1.00035
1.00034
1.00034
1.00033
1.00033
1.00032
1.00032
1.00032
1.00031
1.00031
1.00031
1.0003
1.0003
1.0003
1.0003
1.00029
1.00029
1.00029
1.00029
1.00029
1.00029
1.00029
1.00029
1.00028
1.00029
1.00029
1.00028
1.00028
1.00029
1.00029
1.00029
1.00029
1.00029
1.00029
1.00029
1.00029
1.00029
1.00029
1.0003
1.0003
1.0003
1.0003
1.0003
1.00031
1.00031
1.00031
1.00031
1.00032
1.00032
1.00032
1.00032
1.00032
1.00033
1.00033
1.00033
1.00033
1.00033
1.00033
1.00033
1.00033
1.00033
1.00033
1.00033
1.00033
1.00033
1.00033
1.00033
1.00033
1.00032
1.00032
1.00032
1.00032
1.00032
1.00032
1.00031
1.00031
1.00031
1.00031
1.00031
1.0003
1.0003
1.0003
1.0003
1.0003
1.00029
1.00029
1.00029
1.00029
1.00028
1.00028
1.00028
1.00028
1.00028
1.00027
1.00027
1.00027
1.00027
1.00026
1.00026
1.00026
1.00026
1.00025
1.00025
1.00025
1.00025
1.00024
1.00024
1.00024
1.00024
1.00023
1.00023
1.00023
1.00023
1.00022
1.00022
1.00022
1.00022
1.00021
1.00021
1.00021
1.00021
1.0002
1.0002
1.0002
1.0002
1.00019
1.00019
1.00019
1.00019
1.00018
1.00018
1.00018
1.00017
1.00017
1.00017
1.00017
1.00016
1.00016
1.00016
1.00016
1.00015
1.00015
1.00015
1.00015
1.00014
1.00014
1.00014
1.00014
1.00013
1.00013
1.00013
1.00013
1.00012
1.00012
1.00012
1.00012
1.00011
1.00011
1.00011
1.00011
1.0001
1.0001
1.0001
1.0001
1.00009
1.00009
1.00009
1.00009
1.00008
1.00008
1.00008
1.00008
1.00007
1.00007
1.00007
1.00007
1.00006
1.00039
1.0008
1.00208
1.00204
1.00204
1.00209
1.00206
1.00201
1.00205
1.00207
1.002
1.00201
1.00205
1.00201
1.00198
1.00201
1.00201
1.00197
1.00197
1.00199
1.00197
1.00195
1.00196
1.00196
1.00194
1.00193
1.00194
1.00193
1.00192
1.00192
1.00192
1.00191
1.00191
1.00191
1.00191
1.0019
1.0019
1.0019
1.00189
1.00189
1.00189
1.00188
1.00188
1.00188
1.00188
1.00187
1.00187
1.00187
1.00187
1.00186
1.00186
1.00186
1.00186
1.00185
1.00185
1.00184
1.00184
1.00184
1.00182
1.00182
1.00182
1.0018
1.00179
1.0018
1.00178
1.00175
1.00175
1.00173
1.0017
1.00168
1.00166
1.00163
1.00159
1.00157
1.00153
1.0015
1.00147
1.00142
1.00138
1.00136
1.0013
1.00125
1.00124
1.00119
1.00113
1.00111
1.00108
1.00103
1.00099
1.00096
1.00093
1.00089
1.00086
1.00083
1.00081
1.00078
1.00075
1.00074
1.00071
1.00068
1.00067
1.00066
1.00063
1.00062
1.0006
1.00058
1.00056
1.00055
1.00053
1.00051
1.0005
1.00048
1.00047
1.00045
1.00044
1.00043
1.00042
1.00041
1.0004
1.00039
1.00038
1.00037
1.00037
1.00036
1.00035
1.00035
1.00034
1.00033
1.00033
1.00033
1.00032
1.00031
1.00031
1.00031
1.00031
1.0003
1.0003
1.0003
1.0003
1.0003
1.00029
1.00029
1.00029
1.00029
1.00029
1.00029
1.00029
1.00029
1.00029
1.00029
1.00029
1.00029
1.00029
1.00029
1.00029
1.00029
1.00029
1.00029
1.00029
1.00029
1.0003
1.0003
1.0003
1.0003
1.0003
1.0003
1.00031
1.00031
1.00031
1.00031
1.00031
1.00032
1.00032
1.00032
1.00032
1.00032
1.00032
1.00032
1.00033
1.00033
1.00033
1.00033
1.00033
1.00033
1.00033
1.00033
1.00033
1.00032
1.00032
1.00032
1.00032
1.00032
1.00032
1.00032
1.00032
1.00031
1.00031
1.00031
1.00031
1.00031
1.00031
1.0003
1.0003
1.0003
1.0003
1.0003
1.00029
1.00029
1.00029
1.00029
1.00029
1.00028
1.00028
1.00028
1.00028
1.00028
1.00027
1.00027
1.00027
1.00027
1.00026
1.00026
1.00026
1.00026
1.00025
1.00025
1.00025
1.00025
1.00024
1.00024
1.00024
1.00024
1.00023
1.00023
1.00023
1.00023
1.00022
1.00022
1.00022
1.00022
1.00021
1.00021
1.00021
1.00021
1.0002
1.0002
1.0002
1.0002
1.00019
1.00019
1.00019
1.00019
1.00018
1.00018
1.00018
1.00017
1.00017
1.00017
1.00017
1.00016
1.00016
1.00016
1.00016
1.00015
1.00015
1.00015
1.00015
1.00014
1.00014
1.00014
1.00014
1.00013
1.00013
1.00013
1.00013
1.00012
1.00012
1.00012
1.00012
1.00011
1.00011
1.00011
1.00011
1.0001
1.0001
1.0001
1.0001
1.00009
1.00009
1.00009
1.00009
1.00008
1.00008
1.00008
1.00008
1.00007
1.00007
1.00007
1.00007
1.00006
1.00036
1.0008
1.00205
1.00209
1.00208
1.00204
1.00207
1.00207
1.00203
1.00205
1.00205
1.00201
1.00201
1.00203
1.002
1.00198
1.002
1.00199
1.00197
1.00196
1.00197
1.00196
1.00194
1.00195
1.00195
1.00194
1.00193
1.00193
1.00193
1.00192
1.00191
1.00191
1.00191
1.0019
1.0019
1.0019
1.00189
1.00189
1.00189
1.00189
1.00188
1.00188
1.00188
1.00187
1.00187
1.00187
1.00187
1.00186
1.00186
1.00186
1.00185
1.00185
1.00185
1.00184
1.00184
1.00183
1.00183
1.00183
1.00182
1.00181
1.0018
1.0018
1.00178
1.00177
1.00176
1.00175
1.00172
1.00171
1.0017
1.00167
1.00164
1.00162
1.0016
1.00156
1.00152
1.0015
1.00147
1.00142
1.00139
1.00136
1.00131
1.00128
1.00124
1.0012
1.00117
1.00113
1.00108
1.00106
1.00103
1.00098
1.00094
1.00092
1.00089
1.00085
1.00082
1.0008
1.00078
1.00075
1.00072
1.00071
1.00069
1.00067
1.00065
1.00064
1.00062
1.00059
1.00058
1.00056
1.00055
1.00053
1.00051
1.0005
1.00048
1.00047
1.00045
1.00044
1.00043
1.00042
1.00041
1.0004
1.00039
1.00038
1.00037
1.00037
1.00036
1.00035
1.00034
1.00034
1.00034
1.00033
1.00032
1.00033
1.00032
1.00031
1.00031
1.00031
1.00031
1.0003
1.0003
1.0003
1.0003
1.0003
1.0003
1.0003
1.00029
1.00029
1.00029
1.00029
1.00029
1.00029
1.00029
1.00029
1.00029
1.00029
1.00029
1.00029
1.00029
1.00029
1.00029
1.00029
1.0003
1.0003
1.0003
1.0003
1.0003
1.0003
1.0003
1.00031
1.00031
1.00031
1.00031
1.00031
1.00032
1.00032
1.00032
1.00032
1.00032
1.00032
1.00032
1.00032
1.00032
1.00032
1.00032
1.00032
1.00032
1.00032
1.00032
1.00032
1.00032
1.00032
1.00032
1.00032
1.00032
1.00032
1.00031
1.00031
1.00031
1.00031
1.00031
1.00031
1.0003
1.0003
1.0003
1.0003
1.0003
1.0003
1.00029
1.00029
1.00029
1.00029
1.00029
1.00028
1.00028
1.00028
1.00028
1.00027
1.00027
1.00027
1.00027
1.00027
1.00026
1.00026
1.00026
1.00026
1.00025
1.00025
1.00025
1.00025
1.00024
1.00024
1.00024
1.00024
1.00023
1.00023
1.00023
1.00023
1.00022
1.00022
1.00022
1.00022
1.00021
1.00021
1.00021
1.00021
1.0002
1.0002
1.0002
1.0002
1.00019
1.00019
1.00019
1.00018
1.00018
1.00018
1.00018
1.00017
1.00017
1.00017
1.00017
1.00016
1.00016
1.00016
1.00016
1.00015
1.00015
1.00015
1.00015
1.00014
1.00014
1.00014
1.00014
1.00013
1.00013
1.00013
1.00013
1.00012
1.00012
1.00012
1.00012
1.00011
1.00011
1.00011
1.00011
1.0001
1.0001
1.0001
1.0001
1.00009
1.00009
1.00009
1.00009
1.00008
1.00008
1.00008
1.00008
1.00007
1.00007
1.00007
1.00007
1.00006
1.00034
1.00079
1.00206
1.00211
1.0021
1.00203
1.00206
1.00211
1.00204
1.002
1.00207
1.00206
1.00198
1.002
1.00204
1.00199
1.00196
1.00199
1.00199
1.00196
1.00195
1.00197
1.00195
1.00193
1.00194
1.00194
1.00193
1.00192
1.00192
1.00192
1.00191
1.00191
1.00191
1.0019
1.0019
1.0019
1.00189
1.00189
1.00188
1.00188
1.00188
1.00188
1.00187
1.00187
1.00187
1.00186
1.00186
1.00186
1.00185
1.00185
1.00185
1.00184
1.00184
1.00183
1.00183
1.00183
1.00182
1.00181
1.00181
1.0018
1.00179
1.00178
1.00178
1.00176
1.00174
1.00174
1.00172
1.0017
1.00168
1.00166
1.00164
1.00161
1.00159
1.00156
1.00153
1.0015
1.00146
1.00144
1.0014
1.00135
1.00133
1.0013
1.00125
1.00121
1.00119
1.00114
1.00111
1.00108
1.00104
1.00101
1.00097
1.00094
1.00091
1.00088
1.00085
1.00082
1.0008
1.00077
1.00075
1.00073
1.0007
1.00068
1.00067
1.00065
1.00062
1.00061
1.00059
1.00057
1.00056
1.00054
1.00052
1.00051
1.00049
1.00048
1.00047
1.00045
1.00044
1.00043
1.00042
1.00041
1.0004
1.00039
1.00038
1.00037
1.00037
1.00036
1.00035
1.00035
1.00034
1.00034
1.00033
1.00033
1.00032
1.00032
1.00032
1.00031
1.00031
1.00031
1.00031
1.0003
1.0003
1.0003
1.0003
1.0003
1.0003
1.0003
1.00029
1.00029
1.00029
1.00029
1.00029
1.00029
1.00029
1.00029
1.00029
1.00029
1.00029
1.00029
1.0003
1.0003
1.0003
1.0003
1.0003
1.0003
1.0003
1.0003
1.0003
1.00031
1.00031
1.00031
1.00031
1.00031
1.00031
1.00031
1.00032
1.00032
1.00032
1.00032
1.00032
1.00032
1.00032
1.00032
1.00032
1.00032
1.00032
1.00032
1.00032
1.00032
1.00032
1.00032
1.00032
1.00032
1.00031
1.00031
1.00031
1.00031
1.00031
1.00031
1.00031
1.0003
1.0003
1.0003
1.0003
1.0003
1.0003
1.00029
1.00029
1.00029
1.00029
1.00029
1.00028
1.00028
1.00028
1.00028
1.00028
1.00027
1.00027
1.00027
1.00027
1.00026
1.00026
1.00026
1.00026
1.00026
1.00025
1.00025
1.00025
1.00025
1.00024
1.00024
1.00024
1.00024
1.00023
1.00023
1.00023
1.00023
1.00022
1.00022
1.00022
1.00022
1.00021
1.00021
1.00021
1.00021
1.0002
1.0002
1.0002
1.0002
1.00019
1.00019
1.00019
1.00018
1.00018
1.00018
1.00018
1.00017
1.00017
1.00017
1.00017
1.00016
1.00016
1.00016
1.00016
1.00015
1.00015
1.00015
1.00015
1.00014
1.00014
1.00014
1.00014
1.00013
1.00013
1.00013
1.00013
1.00012
1.00012
1.00012
1.00012
1.00011
1.00011
1.00011
1.00011
1.0001
1.0001
1.0001
1.0001
1.00009
1.00009
1.00009
1.00009
1.00008
1.00008
1.00008
1.00008
1.00007
1.00007
1.00007
1.00007
1.00006
1.00031
1.00081
1.00213
1.00205
1.00207
1.00214
1.00207
1.00203
1.0021
1.00206
1.002
1.00204
1.00205
1.00199
1.00199
1.00202
1.00199
1.00196
1.00198
1.00198
1.00195
1.00195
1.00195
1.00195
1.00193
1.00193
1.00193
1.00192
1.00191
1.00192
1.00191
1.0019
1.0019
1.0019
1.0019
1.00189
1.00189
1.00189
1.00188
1.00188
1.00188
1.00187
1.00187
1.00186
1.00186
1.00186
1.00186
1.00185
1.00185
1.00185
1.00184
1.00184
1.00183
1.00183
1.00182
1.00182
1.00181
1.0018
1.00179
1.00179
1.00178
1.00177
1.00176
1.00176
1.00174
1.00172
1.00171
1.00169
1.00167
1.00165
1.00164
1.00161
1.00158
1.00156
1.00153
1.0015
1.00146
1.00144
1.0014
1.00137
1.00134
1.0013
1.00127
1.00124
1.00119
1.00116
1.00114
1.00109
1.00105
1.00103
1.001
1.00096
1.00093
1.0009
1.00087
1.00084
1.00082
1.0008
1.00077
1.00074
1.00072
1.00071
1.00068
1.00066
1.00064
1.00062
1.0006
1.00059
1.00057
1.00055
1.00054
1.00052
1.0005
1.00049
1.00048
1.00046
1.00045
1.00044
1.00043
1.00042
1.00041
1.0004
1.00039
1.00038
1.00037
1.00037
1.00036
1.00035
1.00035
1.00035
1.00034
1.00033
1.00033
1.00033
1.00032
1.00032
1.00032
1.00031
1.00031
1.00031
1.00031
1.0003
1.0003
1.0003
1.0003
1.0003
1.0003
1.0003
1.0003
1.00029
1.00029
1.00029
1.00029
1.00029
1.00029
1.00029
1.00029
1.00029
1.0003
1.0003
1.0003
1.0003
1.0003
1.0003
1.0003
1.0003
1.0003
1.00031
1.00031
1.00031
1.00031
1.00031
1.00031
1.00031
1.00031
1.00031
1.00031
1.00032
1.00032
1.00032
1.00032
1.00032
1.00032
1.00032
1.00032
1.00032
1.00032
1.00032
1.00031
1.00031
1.00031
1.00031
1.00031
1.00031
1.00031
1.00031
1.00031
1.00031
1.0003
1.0003
1.0003
1.0003
1.0003
1.0003
1.0003
1.00029
1.00029
1.00029
1.00029
1.00029
1.00028
1.00028
1.00028
1.00028
1.00028
1.00027
1.00027
1.00027
1.00027
1.00026
1.00026
1.00026
1.00026
1.00026
1.00025
1.00025
1.00025
1.00025
1.00024
1.00024
1.00024
1.00024
1.00023
1.00023
1.00023
1.00023
1.00022
1.00022
1.00022
1.00022
1.00021
1.00021
1.00021
1.00021
1.0002
1.0002
1.0002
1.0002
1.00019
1.00019
1.00019
1.00018
1.00018
1.00018
1.00018
1.00017
1.00017
1.00017
1.00017
1.00016
1.00016
1.00016
1.00016
1.00015
1.00015
1.00015
1.00015
1.00014
1.00014
1.00014
1.00014
1.00013
1.00013
1.00013
1.00013
1.00012
1.00012
1.00012
1.00012
1.00011
1.00011
1.00011
1.00011
1.0001
1.0001
1.0001
1.0001
1.00009
1.00009
1.00009
1.00009
1.00008
1.00008
1.00008
1.00008
1.00007
1.00007
1.00007
1.00006
1.00006
1.00028
1.00081
1.00212
1.00209
1.00208
1.00213
1.0021
1.00202
1.00207
1.00211
1.00202
1.00199
1.00206
1.00204
1.00197
1.00199
1.00202
1.00198
1.00195
1.00197
1.00197
1.00194
1.00194
1.00195
1.00194
1.00192
1.00192
1.00192
1.00191
1.00191
1.00191
1.0019
1.0019
1.00189
1.00189
1.00189
1.00188
1.00188
1.00188
1.00187
1.00187
1.00187
1.00187
1.00186
1.00186
1.00185
1.00185
1.00185
1.00184
1.00184
1.00184
1.00183
1.00183
1.00182
1.00182
1.00181
1.0018
1.0018
1.00179
1.00178
1.00178
1.00176
1.00175
1.00174
1.00173
1.00171
1.0017
1.00168
1.00166
1.00164
1.00162
1.0016
1.00158
1.00155
1.00152
1.0015
1.00147
1.00143
1.0014
1.00138
1.00134
1.0013
1.00128
1.00125
1.00121
1.00118
1.00114
1.00111
1.00108
1.00104
1.00101
1.00098
1.00095
1.00092
1.00089
1.00086
1.00084
1.00081
1.00079
1.00076
1.00074
1.00072
1.00069
1.00068
1.00066
1.00063
1.00062
1.0006
1.00058
1.00056
1.00055
1.00053
1.00052
1.0005
1.00049
1.00047
1.00046
1.00045
1.00044
1.00043
1.00042
1.00041
1.0004
1.00039
1.00038
1.00037
1.00037
1.00036
1.00035
1.00035
1.00034
1.00034
1.00033
1.00033
1.00033
1.00032
1.00032
1.00031
1.00031
1.00031
1.00031
1.00031
1.0003
1.0003
1.0003
1.0003
1.0003
1.0003
1.0003
1.0003
1.0003
1.00029
1.00029
1.0003
1.00029
1.00029
1.0003
1.0003
1.0003
1.0003
1.0003
1.0003
1.0003
1.0003
1.0003
1.0003
1.0003
1.0003
1.00031
1.00031
1.00031
1.00031
1.00031
1.00031
1.00031
1.00031
1.00031
1.00031
1.00031
1.00031
1.00031
1.00031
1.00031
1.00031
1.00031
1.00031
1.00031
1.00031
1.00031
1.00031
1.00031
1.00031
1.00031
1.00031
1.00031
1.00031
1.00031
1.0003
1.0003
1.0003
1.0003
1.0003
1.0003
1.0003
1.00029
1.00029
1.00029
1.00029
1.00029
1.00029
1.00028
1.00028
1.00028
1.00028
1.00028
1.00027
1.00027
1.00027
1.00027
1.00026
1.00026
1.00026
1.00026
1.00025
1.00025
1.00025
1.00025
1.00025
1.00024
1.00024
1.00024
1.00024
1.00023
1.00023
1.00023
1.00023
1.00022
1.00022
1.00022
1.00022
1.00021
1.00021
1.00021
1.00021
1.0002
1.0002
1.0002
1.0002
1.00019
1.00019
1.00019
1.00018
1.00018
1.00018
1.00018
1.00017
1.00017
1.00017
1.00017
1.00016
1.00016
1.00016
1.00016
1.00015
1.00015
1.00015
1.00015
1.00014
1.00014
1.00014
1.00014
1.00013
1.00013
1.00013
1.00013
1.00012
1.00012
1.00012
1.00012
1.00011
1.00011
1.00011
1.00011
1.0001
1.0001
1.0001
1.0001
1.00009
1.00009
1.00009
1.00009
1.00008
1.00008
1.00008
1.00008
1.00007
1.00007
1.00007
1.00006
1.00006
1.00025
1.00081
1.00206
1.00219
1.00215
1.00201
1.00211
1.00217
1.00202
1.00202
1.00211
1.00204
1.00198
1.00202
1.00204
1.00197
1.00196
1.002
1.00198
1.00194
1.00195
1.00196
1.00194
1.00193
1.00193
1.00193
1.00192
1.00191
1.00192
1.00191
1.0019
1.0019
1.0019
1.00189
1.00189
1.00189
1.00188
1.00188
1.00187
1.00187
1.00187
1.00186
1.00186
1.00186
1.00185
1.00185
1.00185
1.00184
1.00184
1.00183
1.00183
1.00183
1.00182
1.00181
1.00181
1.0018
1.00179
1.00179
1.00179
1.00177
1.00176
1.00176
1.00175
1.00173
1.00172
1.00171
1.00169
1.00167
1.00166
1.00164
1.00162
1.0016
1.00158
1.00155
1.00152
1.0015
1.00147
1.00144
1.00141
1.00138
1.00135
1.00132
1.00129
1.00125
1.00123
1.00119
1.00115
1.00112
1.0011
1.00106
1.00103
1.001
1.00097
1.00094
1.00091
1.00088
1.00086
1.00083
1.0008
1.00078
1.00075
1.00073
1.00071
1.00069
1.00067
1.00065
1.00063
1.00061
1.00059
1.00057
1.00056
1.00054
1.00052
1.00051
1.00049
1.00048
1.00047
1.00046
1.00044
1.00043
1.00042
1.00041
1.0004
1.0004
1.00039
1.00038
1.00037
1.00037
1.00036
1.00035
1.00035
1.00034
1.00034
1.00033
1.00033
1.00033
1.00032
1.00032
1.00032
1.00031
1.00031
1.00031
1.00031
1.0003
1.0003
1.0003
1.0003
1.0003
1.0003
1.0003
1.0003
1.0003
1.0003
1.0003
1.0003
1.00029
1.0003
1.0003
1.0003
1.0003
1.0003
1.0003
1.0003
1.0003
1.0003
1.0003
1.0003
1.0003
1.0003
1.0003
1.00031
1.00031
1.00031
1.00031
1.00031
1.00031
1.00031
1.00031
1.00031
1.00031
1.00031
1.00031
1.00031
1.00031
1.00031
1.00031
1.00031
1.00031
1.00031
1.00031
1.00031
1.00031
1.00031
1.00031
1.00031
1.00031
1.0003
1.0003
1.0003
1.0003
1.0003
1.0003
1.0003
1.00029
1.00029
1.00029
1.00029
1.00029
1.00029
1.00028
1.00028
1.00028
1.00028
1.00028
1.00027
1.00027
1.00027
1.00027
1.00027
1.00026
1.00026
1.00026
1.00026
1.00025
1.00025
1.00025
1.00025
1.00025
1.00024
1.00024
1.00024
1.00024
1.00023
1.00023
1.00023
1.00023
1.00022
1.00022
1.00022
1.00022
1.00021
1.00021
1.00021
1.00021
1.0002
1.0002
1.0002
1.0002
1.00019
1.00019
1.00019
1.00018
1.00018
1.00018
1.00018
1.00017
1.00017
1.00017
1.00017
1.00016
1.00016
1.00016
1.00016
1.00015
1.00015
1.00015
1.00015
1.00014
1.00014
1.00014
1.00014
1.00013
1.00013
1.00013
1.00013
1.00012
1.00012
1.00012
1.00012
1.00011
1.00011
1.00011
1.00011
1.0001
1.0001
1.0001
1.0001
1.00009
1.00009
1.00009
1.00009
1.00008
1.00008
1.00008
1.00008
1.00007
1.00007
1.00007
1.00006
1.00006
1.00022
1.0008
1.00217
1.00214
1.00215
1.00211
1.00208
1.00214
1.00209
1.00201
1.00206
1.00209
1.002
1.00198
1.00203
1.00201
1.00196
1.00197
1.00198
1.00196
1.00194
1.00195
1.00195
1.00193
1.00192
1.00193
1.00192
1.00191
1.00191
1.00191
1.0019
1.0019
1.00189
1.00189
1.00189
1.00188
1.00188
1.00188
1.00187
1.00187
1.00187
1.00186
1.00186
1.00185
1.00185
1.00185
1.00184
1.00184
1.00184
1.00183
1.00182
1.00182
1.00182
1.00181
1.0018
1.0018
1.00179
1.00178
1.00178
1.00177
1.00176
1.00175
1.00174
1.00173
1.00171
1.0017
1.00169
1.00167
1.00165
1.00163
1.00162
1.0016
1.00157
1.00155
1.00153
1.0015
1.00147
1.00145
1.00142
1.00138
1.00136
1.00133
1.00129
1.00126
1.00123
1.0012
1.00117
1.00114
1.0011
1.00107
1.00104
1.00101
1.00098
1.00095
1.00092
1.00089
1.00087
1.00084
1.00082
1.00079
1.00077
1.00075
1.00072
1.0007
1.00068
1.00066
1.00064
1.00062
1.0006
1.00058
1.00057
1.00055
1.00053
1.00052
1.0005
1.00049
1.00048
1.00046
1.00045
1.00044
1.00043
1.00042
1.00041
1.0004
1.00039
1.00039
1.00038
1.00037
1.00036
1.00036
1.00035
1.00035
1.00034
1.00034
1.00033
1.00033
1.00032
1.00032
1.00032
1.00031
1.00031
1.00031
1.00031
1.0003
1.0003
1.0003
1.0003
1.0003
1.0003
1.0003
1.0003
1.0003
1.0003
1.00029
1.0003
1.0003
1.0003
1.0003
1.0003
1.0003
1.0003
1.0003
1.0003
1.0003
1.0003
1.0003
1.0003
1.0003
1.0003
1.0003
1.0003
1.0003
1.00031
1.00031
1.00031
1.00031
1.00031
1.00031
1.00031
1.00031
1.00031
1.00031
1.00031
1.00031
1.00031
1.00031
1.00031
1.00031
1.00031
1.00031
1.00031
1.00031
1.00031
1.00031
1.0003
1.0003
1.0003
1.0003
1.0003
1.0003
1.0003
1.0003
1.0003
1.00029
1.00029
1.00029
1.00029
1.00029
1.00029
1.00028
1.00028
1.00028
1.00028
1.00028
1.00027
1.00027
1.00027
1.00027
1.00027
1.00026
1.00026
1.00026
1.00026
1.00025
1.00025
1.00025
1.00025
1.00025
1.00024
1.00024
1.00024
1.00024
1.00023
1.00023
1.00023
1.00023
1.00022
1.00022
1.00022
1.00022
1.00021
1.00021
1.00021
1.00021
1.0002
1.0002
1.0002
1.0002
1.00019
1.00019
1.00019
1.00018
1.00018
1.00018
1.00018
1.00017
1.00017
1.00017
1.00017
1.00016
1.00016
1.00016
1.00016
1.00015
1.00015
1.00015
1.00015
1.00014
1.00014
1.00014
1.00014
1.00013
1.00013
1.00013
1.00013
1.00012
1.00012
1.00012
1.00012
1.00011
1.00011
1.00011
1.00011
1.0001
1.0001
1.0001
1.0001
1.00009
1.00009
1.00009
1.00009
1.00008
1.00008
1.00008
1.00007
1.00007
1.00007
1.00007
1.00006
1.00006
1.00019
1.00086
1.00226
1.00203
1.00209
1.00231
1.00211
1.00197
1.00216
1.00215
1.00198
1.002
1.00209
1.00202
1.00195
1.002
1.00201
1.00195
1.00194
1.00197
1.00196
1.00193
1.00193
1.00194
1.00192
1.00191
1.00192
1.00191
1.0019
1.0019
1.0019
1.00189
1.00189
1.00189
1.00188
1.00188
1.00188
1.00187
1.00187
1.00187
1.00186
1.00186
1.00186
1.00185
1.00185
1.00184
1.00184
1.00184
1.00183
1.00183
1.00182
1.00182
1.00181
1.00181
1.0018
1.00179
1.00179
1.00178
1.00177
1.00176
1.00176
1.00174
1.00173
1.00172
1.00171
1.00169
1.00168
1.00167
1.00165
1.00163
1.00161
1.00159
1.00157
1.00155
1.00153
1.0015
1.00148
1.00145
1.00142
1.0014
1.00136
1.00133
1.0013
1.00128
1.00124
1.00121
1.00118
1.00115
1.00111
1.00109
1.00106
1.00102
1.00099
1.00097
1.00094
1.00091
1.00088
1.00086
1.00083
1.0008
1.00078
1.00076
1.00073
1.00071
1.00069
1.00067
1.00065
1.00063
1.00061
1.00059
1.00057
1.00056
1.00054
1.00052
1.00051
1.0005
1.00048
1.00047
1.00046
1.00045
1.00043
1.00042
1.00042
1.00041
1.0004
1.00039
1.00038
1.00037
1.00037
1.00036
1.00035
1.00035
1.00034
1.00034
1.00033
1.00033
1.00033
1.00032
1.00032
1.00032
1.00031
1.00031
1.00031
1.00031
1.0003
1.0003
1.0003
1.0003
1.0003
1.0003
1.0003
1.0003
1.0003
1.0003
1.0003
1.0003
1.00029
1.00029
1.0003
1.0003
1.0003
1.0003
1.0003
1.0003
1.0003
1.0003
1.0003
1.0003
1.0003
1.0003
1.0003
1.0003
1.0003
1.0003
1.00031
1.00031
1.00031
1.00031
1.00031
1.00031
1.00031
1.00031
1.00031
1.00031
1.00031
1.00031
1.00031
1.00031
1.00031
1.00031
1.00031
1.00031
1.00031
1.0003
1.0003
1.0003
1.0003
1.0003
1.0003
1.0003
1.0003
1.0003
1.00029
1.00029
1.00029
1.00029
1.00029
1.00029
1.00029
1.00028
1.00028
1.00028
1.00028
1.00028
1.00027
1.00027
1.00027
1.00027
1.00027
1.00026
1.00026
1.00026
1.00026
1.00025
1.00025
1.00025
1.00025
1.00025
1.00024
1.00024
1.00024
1.00024
1.00023
1.00023
1.00023
1.00023
1.00022
1.00022
1.00022
1.00022
1.00021
1.00021
1.00021
1.00021
1.0002
1.0002
1.0002
1.0002
1.00019
1.00019
1.00019
1.00018
1.00018
1.00018
1.00018
1.00017
1.00017
1.00017
1.00017
1.00016
1.00016
1.00016
1.00016
1.00015
1.00015
1.00015
1.00015
1.00014
1.00014
1.00014
1.00014
1.00013
1.00013
1.00013
1.00013
1.00012
1.00012
1.00012
1.00012
1.00011
1.00011
1.00011
1.00011
1.0001
1.0001
1.0001
1.0001
1.00009
1.00009
1.00009
1.00009
1.00008
1.00008
1.00008
1.00007
1.00007
1.00007
1.00007
1.00006
1.00006
1.00016
1.00083
1.00211
1.00228
1.00219
1.00211
1.00218
1.0021
1.00206
1.00211
1.00207
1.002
1.00201
1.00204
1.00199
1.00196
1.00198
1.00198
1.00195
1.00194
1.00195
1.00194
1.00193
1.00192
1.00192
1.00192
1.00191
1.00191
1.0019
1.0019
1.00189
1.00189
1.00189
1.00188
1.00188
1.00188
1.00187
1.00187
1.00187
1.00186
1.00186
1.00186
1.00185
1.00185
1.00185
1.00184
1.00184
1.00183
1.00183
1.00182
1.00182
1.00181
1.00181
1.0018
1.0018
1.00179
1.00178
1.00178
1.00177
1.00176
1.00175
1.00174
1.00173
1.00172
1.00171
1.00169
1.00168
1.00166
1.00165
1.00163
1.00161
1.00159
1.00157
1.00155
1.00152
1.0015
1.00148
1.00145
1.00142
1.0014
1.00137
1.00134
1.00131
1.00128
1.00125
1.00122
1.00119
1.00116
1.00113
1.0011
1.00106
1.00104
1.00101
1.00097
1.00095
1.00092
1.00089
1.00086
1.00084
1.00081
1.00079
1.00076
1.00074
1.00072
1.0007
1.00067
1.00065
1.00064
1.00062
1.0006
1.00058
1.00056
1.00055
1.00053
1.00052
1.0005
1.00049
1.00047
1.00046
1.00045
1.00044
1.00043
1.00042
1.00041
1.0004
1.00039
1.00038
1.00038
1.00037
1.00036
1.00036
1.00035
1.00035
1.00034
1.00033
1.00033
1.00033
1.00032
1.00032
1.00032
1.00031
1.00031
1.00031
1.00031
1.0003
1.0003
1.0003
1.0003
1.0003
1.0003
1.0003
1.0003
1.0003
1.0003
1.00029
1.00029
1.00029
1.00029
1.00029
1.00029
1.0003
1.0003
1.0003
1.0003
1.0003
1.0003
1.0003
1.0003
1.0003
1.0003
1.0003
1.0003
1.0003
1.0003
1.0003
1.0003
1.0003
1.00031
1.00031
1.00031
1.00031
1.00031
1.00031
1.00031
1.00031
1.00031
1.00031
1.00031
1.00031
1.00031
1.00031
1.0003
1.0003
1.0003
1.0003
1.0003
1.0003
1.0003
1.0003
1.0003
1.0003
1.0003
1.00029
1.00029
1.00029
1.00029
1.00029
1.00029
1.00028
1.00028
1.00028
1.00028
1.00028
1.00028
1.00027
1.00027
1.00027
1.00027
1.00027
1.00026
1.00026
1.00026
1.00026
1.00025
1.00025
1.00025
1.00025
1.00024
1.00024
1.00024
1.00024
1.00024
1.00023
1.00023
1.00023
1.00023
1.00022
1.00022
1.00022
1.00022
1.00021
1.00021
1.00021
1.00021
1.0002
1.0002
1.0002
1.0002
1.00019
1.00019
1.00019
1.00018
1.00018
1.00018
1.00018
1.00017
1.00017
1.00017
1.00017
1.00016
1.00016
1.00016
1.00016
1.00015
1.00015
1.00015
1.00015
1.00014
1.00014
1.00014
1.00014
1.00013
1.00013
1.00013
1.00013
1.00012
1.00012
1.00012
1.00012
1.00011
1.00011
1.00011
1.00011
1.0001
1.0001
1.0001
1.0001
1.00009
1.00009
1.00009
1.00009
1.00008
1.00008
1.00008
1.00007
1.00007
1.00007
1.00007
1.00006
1.00006
1.00013
1.00083
1.00213
1.0024
1.00229
1.00194
1.00217
1.00233
1.00203
1.00195
1.00213
1.0021
1.00195
1.00197
1.00204
1.00199
1.00193
1.00196
1.00198
1.00194
1.00193
1.00194
1.00193
1.00191
1.00192
1.00192
1.00191
1.0019
1.0019
1.0019
1.00189
1.00189
1.00189
1.00188
1.00188
1.00188
1.00187
1.00187
1.00186
1.00186
1.00186
1.00185
1.00185
1.00185
1.00184
1.00184
1.00183
1.00183
1.00183
1.00182
1.00182
1.00181
1.00181
1.0018
1.0018
1.00179
1.00178
1.00177
1.00177
1.00176
1.00175
1.00174
1.00173
1.00171
1.0017
1.00169
1.00168
1.00166
1.00165
1.00163
1.00161
1.00159
1.00157
1.00155
1.00153
1.0015
1.00148
1.00146
1.00143
1.0014
1.00137
1.00135
1.00132
1.00128
1.00126
1.00123
1.00119
1.00117
1.00114
1.0011
1.00107
1.00104
1.00101
1.00099
1.00096
1.00093
1.0009
1.00087
1.00085
1.00082
1.0008
1.00077
1.00075
1.00072
1.0007
1.00068
1.00066
1.00064
1.00062
1.0006
1.00058
1.00057
1.00055
1.00054
1.00052
1.0005
1.00049
1.00048
1.00047
1.00045
1.00044
1.00043
1.00042
1.00041
1.0004
1.00039
1.00038
1.00038
1.00037
1.00036
1.00036
1.00035
1.00035
1.00034
1.00034
1.00033
1.00033
1.00032
1.00032
1.00032
1.00031
1.00031
1.00031
1.00031
1.0003
1.0003
1.0003
1.0003
1.0003
1.0003
1.0003
1.0003
1.00029
1.00029
1.00029
1.00029
1.00029
1.00029
1.00029
1.00029
1.00029
1.00029
1.00029
1.0003
1.0003
1.0003
1.0003
1.0003
1.0003
1.0003
1.0003
1.0003
1.0003
1.0003
1.0003
1.0003
1.0003
1.0003
1.0003
1.0003
1.0003
1.0003
1.00031
1.00031
1.00031
1.00031
1.00031
1.00031
1.0003
1.0003
1.0003
1.0003
1.0003
1.0003
1.0003
1.0003
1.0003
1.0003
1.0003
1.0003
1.0003
1.00029
1.00029
1.00029
1.00029
1.00029
1.00029
1.00029
1.00028
1.00028
1.00028
1.00028
1.00028
1.00028
1.00027
1.00027
1.00027
1.00027
1.00027
1.00026
1.00026
1.00026
1.00026
1.00025
1.00025
1.00025
1.00025
1.00024
1.00024
1.00024
1.00024
1.00024
1.00023
1.00023
1.00023
1.00023
1.00022
1.00022
1.00022
1.00022
1.00021
1.00021
1.00021
1.00021
1.0002
1.0002
1.0002
1.0002
1.00019
1.00019
1.00019
1.00018
1.00018
1.00018
1.00018
1.00017
1.00017
1.00017
1.00017
1.00016
1.00016
1.00016
1.00016
1.00015
1.00015
1.00015
1.00015
1.00014
1.00014
1.00014
1.00014
1.00013
1.00013
1.00013
1.00013
1.00012
1.00012
1.00012
1.00012
1.00011
1.00011
1.00011
1.00011
1.0001
1.0001
1.0001
1.0001
1.00009
1.00009
1.00009
1.00009
1.00008
1.00008
1.00008
1.00007
1.00007
1.00007
1.00007
1.00006
1.00006
1.0001
1.00084
1.00254
1.00208
1.00221
1.00238
1.0021
1.00207
1.00217
1.0021
1.00199
1.00202
1.00205
1.00199
1.00196
1.00198
1.00198
1.00194
1.00194
1.00195
1.00194
1.00192
1.00192
1.00192
1.00191
1.00191
1.00191
1.0019
1.0019
1.00189
1.00189
1.00189
1.00188
1.00188
1.00188
1.00187
1.00187
1.00187
1.00186
1.00186
1.00186
1.00185
1.00185
1.00185
1.00184
1.00184
1.00183
1.00183
1.00183
1.00182
1.00181
1.00181
1.00181
1.0018
1.00179
1.00179
1.00178
1.00177
1.00176
1.00176
1.00175
1.00173
1.00173
1.00172
1.0017
1.00169
1.00168
1.00166
1.00164
1.00163
1.00161
1.00159
1.00157
1.00155
1.00153
1.00151
1.00148
1.00146
1.00143
1.00141
1.00138
1.00135
1.00132
1.00129
1.00126
1.00123
1.0012
1.00117
1.00114
1.00111
1.00108
1.00105
1.00102
1.00099
1.00096
1.00093
1.00091
1.00088
1.00085
1.00083
1.0008
1.00078
1.00075
1.00073
1.00071
1.00069
1.00066
1.00064
1.00063
1.00061
1.00059
1.00057
1.00055
1.00054
1.00052
1.00051
1.00049
1.00048
1.00047
1.00045
1.00044
1.00043
1.00042
1.00041
1.0004
1.00039
1.00039
1.00038
1.00037
1.00036
1.00036
1.00035
1.00035
1.00034
1.00034
1.00033
1.00033
1.00032
1.00032
1.00032
1.00031
1.00031
1.00031
1.0003
1.0003
1.0003
1.0003
1.0003
1.0003
1.0003
1.00029
1.00029
1.00029
1.00029
1.00029
1.00029
1.00029
1.00029
1.00029
1.00029
1.00029
1.00029
1.00029
1.00029
1.00029
1.0003
1.0003
1.0003
1.0003
1.0003
1.0003
1.0003
1.0003
1.0003
1.0003
1.0003
1.0003
1.0003
1.0003
1.0003
1.0003
1.0003
1.0003
1.0003
1.0003
1.0003
1.0003
1.0003
1.0003
1.0003
1.0003
1.0003
1.0003
1.0003
1.0003
1.0003
1.0003
1.0003
1.0003
1.0003
1.0003
1.00029
1.00029
1.00029
1.00029
1.00029
1.00029
1.00029
1.00028
1.00028
1.00028
1.00028
1.00028
1.00028
1.00027
1.00027
1.00027
1.00027
1.00027
1.00026
1.00026
1.00026
1.00026
1.00025
1.00025
1.00025
1.00025
1.00024
1.00024
1.00024
1.00024
1.00024
1.00023
1.00023
1.00023
1.00023
1.00022
1.00022
1.00022
1.00022
1.00021
1.00021
1.00021
1.00021
1.0002
1.0002
1.0002
1.00019
1.00019
1.00019
1.00019
1.00018
1.00018
1.00018
1.00018
1.00017
1.00017
1.00017
1.00017
1.00016
1.00016
1.00016
1.00016
1.00015
1.00015
1.00015
1.00015
1.00014
1.00014
1.00014
1.00014
1.00013
1.00013
1.00013
1.00013
1.00012
1.00012
1.00012
1.00012
1.00011
1.00011
1.00011
1.00011
1.0001
1.0001
1.0001
1.0001
1.00009
1.00009
1.00009
1.00009
1.00008
1.00008
1.00008
1.00007
1.00007
1.00007
1.00007
1.00006
1.00006
1.00008
1.00104
1.00242
1.00206
1.00218
1.00259
1.0022
1.0019
1.00212
1.0022
1.00199
1.00194
1.00205
1.00202
1.00194
1.00196
1.00199
1.00195
1.00192
1.00194
1.00194
1.00192
1.00192
1.00192
1.00191
1.0019
1.0019
1.0019
1.00189
1.00189
1.00189
1.00189
1.00188
1.00188
1.00188
1.00187
1.00187
1.00187
1.00186
1.00186
1.00186
1.00185
1.00185
1.00184
1.00184
1.00184
1.00183
1.00183
1.00182
1.00182
1.00182
1.00181
1.0018
1.0018
1.00179
1.00178
1.00178
1.00177
1.00176
1.00175
1.00175
1.00174
1.00172
1.00171
1.0017
1.00169
1.00168
1.00166
1.00165
1.00163
1.00161
1.00159
1.00158
1.00155
1.00153
1.00151
1.00149
1.00146
1.00143
1.00141
1.00138
1.00135
1.00133
1.0013
1.00127
1.00124
1.00121
1.00118
1.00115
1.00112
1.00109
1.00106
1.00103
1.001
1.00097
1.00094
1.00091
1.00088
1.00086
1.00083
1.00081
1.00078
1.00076
1.00073
1.00071
1.00069
1.00067
1.00065
1.00063
1.00061
1.00059
1.00057
1.00055
1.00054
1.00052
1.00051
1.00049
1.00048
1.00047
1.00046
1.00044
1.00043
1.00042
1.00041
1.0004
1.00039
1.00039
1.00038
1.00037
1.00036
1.00036
1.00035
1.00035
1.00034
1.00033
1.00033
1.00033
1.00032
1.00032
1.00032
1.00031
1.00031
1.00031
1.0003
1.0003
1.0003
1.0003
1.0003
1.0003
1.00029
1.00029
1.00029
1.00029
1.00029
1.00029
1.00029
1.00029
1.00029
1.00029
1.00029
1.00029
1.00029
1.00029
1.00029
1.00029
1.00029
1.00029
1.0003
1.0003
1.0003
1.0003
1.0003
1.0003
1.0003
1.0003
1.0003
1.0003
1.0003
1.0003
1.0003
1.0003
1.0003
1.0003
1.0003
1.0003
1.0003
1.0003
1.0003
1.0003
1.0003
1.0003
1.0003
1.0003
1.0003
1.0003
1.0003
1.0003
1.0003
1.0003
1.0003
1.0003
1.00029
1.00029
1.00029
1.00029
1.00029
1.00029
1.00029
1.00028
1.00028
1.00028
1.00028
1.00028
1.00027
1.00027
1.00027
1.00027
1.00027
1.00026
1.00026
1.00026
1.00026
1.00026
1.00025
1.00025
1.00025
1.00025
1.00024
1.00024
1.00024
1.00024
1.00024
1.00023
1.00023
1.00023
1.00023
1.00022
1.00022
1.00022
1.00022
1.00021
1.00021
1.00021
1.00021
1.0002
1.0002
1.0002
1.00019
1.00019
1.00019
1.00019
1.00018
1.00018
1.00018
1.00018
1.00017
1.00017
1.00017
1.00017
1.00016
1.00016
1.00016
1.00016
1.00015
1.00015
1.00015
1.00015
1.00014
1.00014
1.00014
1.00014
1.00013
1.00013
1.00013
1.00013
1.00012
1.00012
1.00012
1.00012
1.00011
1.00011
1.00011
1.00011
1.0001
1.0001
1.0001
1.0001
1.00009
1.00009
1.00009
1.00009
1.00008
1.00008
1.00008
1.00007
1.00007
1.00007
1.00007
1.00006
1.00006
1.00006
1.0008
1.00207
1.00307
1.00247
1.00184
1.00218
1.00233
1.00203
1.00193
1.00209
1.00207
1.00194
1.00196
1.00201
1.00196
1.00193
1.00195
1.00195
1.00192
1.00192
1.00193
1.00192
1.00191
1.00191
1.00191
1.0019
1.00189
1.00189
1.00189
1.00189
1.00188
1.00188
1.00188
1.00187
1.00187
1.00187
1.00186
1.00186
1.00186
1.00185
1.00185
1.00185
1.00184
1.00184
1.00184
1.00183
1.00183
1.00182
1.00182
1.00182
1.00181
1.0018
1.0018
1.00179
1.00179
1.00178
1.00177
1.00176
1.00175
1.00175
1.00174
1.00173
1.00171
1.0017
1.00169
1.00168
1.00166
1.00165
1.00163
1.00161
1.0016
1.00158
1.00156
1.00153
1.00151
1.00149
1.00146
1.00144
1.00141
1.00139
1.00136
1.00133
1.0013
1.00127
1.00124
1.00121
1.00118
1.00115
1.00112
1.00109
1.00106
1.00103
1.001
1.00097
1.00094
1.00091
1.00089
1.00086
1.00083
1.00081
1.00078
1.00076
1.00074
1.00071
1.00069
1.00067
1.00065
1.00063
1.00061
1.00059
1.00057
1.00056
1.00054
1.00052
1.00051
1.00049
1.00048
1.00047
1.00045
1.00044
1.00043
1.00042
1.00041
1.0004
1.00039
1.00038
1.00038
1.00037
1.00036
1.00035
1.00035
1.00034
1.00034
1.00033
1.00033
1.00032
1.00032
1.00032
1.00031
1.00031
1.00031
1.0003
1.0003
1.0003
1.0003
1.0003
1.0003
1.00029
1.00029
1.00029
1.00029
1.00029
1.00029
1.00029
1.00029
1.00029
1.00029
1.00029
1.00029
1.00029
1.00029
1.00029
1.00029
1.00029
1.00029
1.00029
1.00029
1.00029
1.0003
1.0003
1.0003
1.0003
1.0003
1.0003
1.0003
1.0003
1.0003
1.0003
1.0003
1.0003
1.0003
1.0003
1.0003
1.0003
1.0003
1.0003
1.0003
1.0003
1.0003
1.0003
1.0003
1.0003
1.0003
1.0003
1.0003
1.0003
1.0003
1.0003
1.0003
1.00029
1.00029
1.00029
1.00029
1.00029
1.00029
1.00029
1.00029
1.00028
1.00028
1.00028
1.00028
1.00028
1.00027
1.00027
1.00027
1.00027
1.00027
1.00026
1.00026
1.00026
1.00026
1.00026
1.00025
1.00025
1.00025
1.00025
1.00024
1.00024
1.00024
1.00024
1.00024
1.00023
1.00023
1.00023
1.00023
1.00022
1.00022
1.00022
1.00022
1.00021
1.00021
1.00021
1.00021
1.0002
1.0002
1.0002
1.00019
1.00019
1.00019
1.00019
1.00018
1.00018
1.00018
1.00018
1.00017
1.00017
1.00017
1.00017
1.00016
1.00016
1.00016
1.00016
1.00015
1.00015
1.00015
1.00015
1.00014
1.00014
1.00014
1.00014
1.00013
1.00013
1.00013
1.00013
1.00012
1.00012
1.00012
1.00012
1.00011
1.00011
1.00011
1.00011
1.0001
1.0001
1.0001
1.0001
1.00009
1.00009
1.00009
1.00009
1.00008
1.00008
1.00008
1.00007
1.00007
1.00007
1.00007
1.00006
1.00006
1.00004
1.00086
1.00282
1.00278
1.00246
1.00195
1.00214
1.00223
1.00206
1.00196
1.00205
1.00203
1.00196
1.00196
1.00199
1.00196
1.00193
1.00194
1.00194
1.00192
1.00192
1.00192
1.00192
1.00191
1.00191
1.0019
1.0019
1.00189
1.00189
1.00189
1.00188
1.00188
1.00188
1.00188
1.00187
1.00187
1.00187
1.00186
1.00186
1.00186
1.00185
1.00185
1.00185
1.00184
1.00184
1.00184
1.00183
1.00183
1.00182
1.00182
1.00181
1.00181
1.00181
1.0018
1.00179
1.00179
1.00178
1.00177
1.00177
1.00176
1.00175
1.00174
1.00173
1.00172
1.00171
1.00169
1.00168
1.00167
1.00165
1.00163
1.00162
1.0016
1.00158
1.00156
1.00154
1.00152
1.00149
1.00147
1.00144
1.00142
1.00139
1.00136
1.00133
1.0013
1.00128
1.00125
1.00122
1.00119
1.00115
1.00112
1.00109
1.00106
1.00103
1.001
1.00097
1.00094
1.00092
1.00089
1.00086
1.00083
1.00081
1.00078
1.00076
1.00073
1.00071
1.00069
1.00067
1.00065
1.00063
1.00061
1.00059
1.00057
1.00055
1.00054
1.00052
1.00051
1.00049
1.00048
1.00047
1.00045
1.00044
1.00043
1.00042
1.00041
1.0004
1.00039
1.00038
1.00037
1.00037
1.00036
1.00035
1.00035
1.00034
1.00034
1.00033
1.00033
1.00032
1.00032
1.00031
1.00031
1.00031
1.00031
1.0003
1.0003
1.0003
1.0003
1.00029
1.00029
1.00029
1.00029
1.00029
1.00029
1.00029
1.00029
1.00029
1.00029
1.00029
1.00029
1.00029
1.00029
1.00029
1.00029
1.00029
1.00029
1.00029
1.00029
1.00029
1.00029
1.00029
1.00029
1.00029
1.0003
1.0003
1.0003
1.0003
1.0003
1.0003
1.0003
1.0003
1.0003
1.0003
1.0003
1.0003
1.0003
1.0003
1.0003
1.0003
1.0003
1.0003
1.0003
1.0003
1.0003
1.0003
1.0003
1.0003
1.0003
1.0003
1.0003
1.0003
1.0003
1.00029
1.00029
1.00029
1.00029
1.00029
1.00029
1.00029
1.00029
1.00028
1.00028
1.00028
1.00028
1.00028
1.00027
1.00027
1.00027
1.00027
1.00027
1.00026
1.00026
1.00026
1.00026
1.00026
1.00025
1.00025
1.00025
1.00025
1.00024
1.00024
1.00024
1.00024
1.00023
1.00023
1.00023
1.00023
1.00023
1.00022
1.00022
1.00022
1.00022
1.00021
1.00021
1.00021
1.0002
1.0002
1.0002
1.0002
1.00019
1.00019
1.00019
1.00019
1.00018
1.00018
1.00018
1.00018
1.00017
1.00017
1.00017
1.00017
1.00016
1.00016
1.00016
1.00016
1.00015
1.00015
1.00015
1.00015
1.00014
1.00014
1.00014
1.00014
1.00013
1.00013
1.00013
1.00013
1.00012
1.00012
1.00012
1.00012
1.00011
1.00011
1.00011
1.00011
1.0001
1.0001
1.0001
1.0001
1.00009
1.00009
1.00009
1.00008
1.00008
1.00008
1.00008
1.00007
1.00007
1.00007
1.00007
1.00006
1.00006
1.00003
1.00357
1.00429
1.00139
1.00182
1.00268
1.00223
1.0018
1.00207
1.00217
1.00195
1.00191
1.00203
1.002
1.00191
1.00194
1.00197
1.00193
1.00191
1.00193
1.00193
1.00191
1.00191
1.00191
1.0019
1.00189
1.0019
1.0019
1.00189
1.00188
1.00188
1.00188
1.00188
1.00187
1.00187
1.00187
1.00187
1.00186
1.00186
1.00186
1.00185
1.00185
1.00185
1.00184
1.00184
1.00184
1.00183
1.00183
1.00182
1.00182
1.00181
1.00181
1.00181
1.0018
1.00179
1.00179
1.00178
1.00177
1.00177
1.00176
1.00175
1.00174
1.00173
1.00172
1.00171
1.0017
1.00168
1.00167
1.00165
1.00164
1.00162
1.0016
1.00158
1.00156
1.00154
1.00152
1.0015
1.00147
1.00145
1.00142
1.00139
1.00137
1.00134
1.00131
1.00128
1.00125
1.00122
1.00119
1.00116
1.00113
1.0011
1.00106
1.00103
1.00101
1.00097
1.00095
1.00092
1.00089
1.00086
1.00083
1.00081
1.00078
1.00076
1.00073
1.00071
1.00069
1.00067
1.00065
1.00063
1.00061
1.00059
1.00057
1.00055
1.00054
1.00052
1.00051
1.00049
1.00048
1.00046
1.00045
1.00044
1.00043
1.00042
1.00041
1.0004
1.00039
1.00038
1.00037
1.00036
1.00036
1.00035
1.00035
1.00034
1.00033
1.00033
1.00032
1.00032
1.00032
1.00031
1.00031
1.00031
1.0003
1.0003
1.0003
1.0003
1.00029
1.00029
1.00029
1.00029
1.00029
1.00029
1.00029
1.00029
1.00029
1.00029
1.00029
1.00029
1.00029
1.00029
1.00029
1.00029
1.00029
1.00029
1.00029
1.00029
1.00029
1.00029
1.00029
1.00029
1.00029
1.00029
1.00029
1.0003
1.0003
1.0003
1.0003
1.0003
1.0003
1.0003
1.0003
1.0003
1.0003
1.0003
1.0003
1.0003
1.0003
1.0003
1.0003
1.0003
1.0003
1.0003
1.0003
1.0003
1.0003
1.0003
1.0003
1.0003
1.0003
1.0003
1.0003
1.00029
1.00029
1.00029
1.00029
1.00029
1.00029
1.00029
1.00029
1.00028
1.00028
1.00028
1.00028
1.00028
1.00027
1.00027
1.00027
1.00027
1.00027
1.00026
1.00026
1.00026
1.00026
1.00026
1.00025
1.00025
1.00025
1.00025
1.00024
1.00024
1.00024
1.00024
1.00023
1.00023
1.00023
1.00023
1.00023
1.00022
1.00022
1.00022
1.00021
1.00021
1.00021
1.00021
1.0002
1.0002
1.0002
1.0002
1.00019
1.00019
1.00019
1.00019
1.00018
1.00018
1.00018
1.00018
1.00017
1.00017
1.00017
1.00017
1.00016
1.00016
1.00016
1.00016
1.00015
1.00015
1.00015
1.00015
1.00014
1.00014
1.00014
1.00014
1.00013
1.00013
1.00013
1.00013
1.00012
1.00012
1.00012
1.00012
1.00011
1.00011
1.00011
1.00011
1.0001
1.0001
1.0001
1.0001
1.00009
1.00009
1.00009
1.00008
1.00008
1.00008
1.00008
1.00007
1.00007
1.00007
1.00007
1.00006
1.00006
1.00002
1
1
1
1
1
1
1
1
1
1
1
1
1
1
1
1
1
1
1
1
1
1
1
1
1
1
1
1
1
1
1
1
1
1
1
1
1
1
1
1
1
1
1
1
1
1
1
1
1
1
1
1
1
1
1
1
1
1
1
1
1
1
1
1
1
1
1
1
1
1
1
1
1
1
1
1
1
1
1
1
1
1
1
1
1
1
1
1
1
1
1
1
1
1
1
1
1
1
1
1
1
1
1
1
1
1
1
1
1
1
1
1
1
1
1
1
1
1
1
1
1
1
1
1
1
1
1
1
1
1
1
1
1
1
1
1
1
1
1
1
1
1
1
1
1
1
1
1
1
1
1
1
1
1
1
1
1
1
1
1
1
1
1
1
1
1
1
1
1
1
1
1
1
1
1
1
1
1
1
1
1
1
1
1
1
1
1
1
1
1
1
1
1
1
1
1
1
1
1
1
1
1
1
1
1
1
1
1
1
1
1
1
1
1
1
1
1
1
1
1
1
1
1
1
1
1
1
1
1
1
1
1
1
1
1
1
1
1
1
1
1
1
1
1
1
1
1
1
1
1
1
1
1
1
1
1
1
1
1
1
1
1
1
1
1
1
1
1
1
1
1
1
1
1
1
1
1
1
1
1
1
1
1
1
1
1
1
1
1
1
1
1
1
1
1
1
1
1
1
1
