# vtk DataFile Version 3.0
LBM Simulation
ASCII
DATASET STRUCTURED_POINTS
DIMENSIONS 300 60 1
ORIGIN 0 0 0
SPACING 1 1 1
POINT_DATA 18000
VECTORS velocity double
0.0 0.0 0.0
0.0 0.0 0.0
0.0 0.0 0.0
0.0 0.0 0.0
0.0 0.0 0.0
0.0 0.0 0.0
0.0 0.0 0.0
0.0 0.0 0.0
0.0 0.0 0.0
0.0 0.0 0.0
0.0 0.0 0.0
0.0 0.0 0.0
0.0 0.0 0.0
0.0 0.0 0.0
0.0 0.0 0.0
0.0 0.0 0.0
0.0 0.0 0.0
0.0 0.0 0.0
0.0 0.0 0.0
0.0 0.0 0.0
0.0 0.0 0.0
0.0 0.0 0.0
0.0 0.0 0.0
0.0 0.0 0.0
0.0 0.0 0.0
0.0 0.0 0.0
0.0 0.0 0.0
0.0 0.0 0.0
0.0 0.0 0.0
0.0 0.0 0.0
0.0 0.0 0.0
0.0 0.0 0.0
0.0 0.0 0.0
0.0 0.0 0.0
0.0 0.0 0.0
0.0 0.0 0.0
0.0 0.0 0.0
0.0 0.0 0.0
0.0 0.0 0.0
0.0 0.0 0.0
0.0 0.0 0.0
0.0 0.0 0.0
0.0 0.0 0.0
0.0 0.0 0.0
0.0 0.0 0.0
0.0 0.0 0.0
0.0 0.0 0.0
0.0 0.0 0.0
0.0 0.0 0.0
0.0 0.0 0.0
0.0 0.0 0.0
0.0 0.0 0.0
0.0 0.0 0.0
0.0 0.0 0.0
0.0 0.0 0.0
0.0 0.0 0.0
0.0 0.0 0.0
0.0 0.0 0.0
0.0 0.0 0.0
0.0 0.0 0.0
0.0 0.0 0.0
0.0 0.0 0.0
0.0 0.0 0.0
0.0 0.0 0.0
0.0 0.0 0.0
0.0 0.0 0.0
0.0 0.0 0.0
0.0 0.0 0.0
0.0 0.0 0.0
0.0 0.0 0.0
0.0 0.0 0.0
0.0 0.0 0.0
0.0 0.0 0.0
0.0 0.0 0.0
0.0 0.0 0.0
0.0 0.0 0.0
0.0 0.0 0.0
0.0 0.0 0.0
0.0 0.0 0.0
0.0 0.0 0.0
0.0 0.0 0.0
0.0 0.0 0.0
0.0 0.0 0.0
0.0 0.0 0.0
0.0 0.0 0.0
0.0 0.0 0.0
0.0 0.0 0.0
0.0 0.0 0.0
0.0 0.0 0.0
0.0 0.0 0.0
0.0 0.0 0.0
0.0 0.0 0.0
0.0 0.0 0.0
0.0 0.0 0.0
0.0 0.0 0.0
0.0 0.0 0.0
0.0 0.0 0.0
0.0 0.0 0.0
0.0 0.0 0.0
0.0 0.0 0.0
0.0 0.0 0.0
0.0 0.0 0.0
0.0 0.0 0.0
0.0 0.0 0.0
0.0 0.0 0.0
0.0 0.0 0.0
0.0 0.0 0.0
0.0 0.0 0.0
0.0 0.0 0.0
0.0 0.0 0.0
0.0 0.0 0.0
0.0 0.0 0.0
0.0 0.0 0.0
0.0 0.0 0.0
0.0 0.0 0.0
0.0 0.0 0.0
0.0 0.0 0.0
0.0 0.0 0.0
0.0 0.0 0.0
0.0 0.0 0.0
0.0 0.0 0.0
0.0 0.0 0.0
0.0 0.0 0.0
0.0 0.0 0.0
0.0 0.0 0.0
0.0 0.0 0.0
0.0 0.0 0.0
0.0 0.0 0.0
0.0 0.0 0.0
0.0 0.0 0.0
0.0 0.0 0.0
0.0 0.0 0.0
0.0 0.0 0.0
0.0 0.0 0.0
0.0 0.0 0.0
0.0 0.0 0.0
0.0 0.0 0.0
0.0 0.0 0.0
0.0 0.0 0.0
0.0 0.0 0.0
0.0 0.0 0.0
0.0 0.0 0.0
0.0 0.0 0.0
0.0 0.0 0.0
0.0 0.0 0.0
0.0 0.0 0.0
0.0 0.0 0.0
0.0 0.0 0.0
0.0 0.0 0.0
0.0 0.0 0.0
0.0 0.0 0.0
0.0 0.0 0.0
0.0 0.0 0.0
0.0 0.0 0.0
0.0 0.0 0.0
0.0 0.0 0.0
0.0 0.0 0.0
0.0 0.0 0.0
0.0 0.0 0.0
0.0 0.0 0.0
0.0 0.0 0.0
0.0 0.0 0.0
0.0 0.0 0.0
0.0 0.0 0.0
0.0 0.0 0.0
0.0 0.0 0.0
0.0 0.0 0.0
0.0 0.0 0.0
0.0 0.0 0.0
0.0 0.0 0.0
0.0 0.0 0.0
0.0 0.0 0.0
0.0 0.0 0.0
0.0 0.0 0.0
0.0 0.0 0.0
0.0 0.0 0.0
0.0 0.0 0.0
0.0 0.0 0.0
0.0 0.0 0.0
0.0 0.0 0.0
0.0 0.0 0.0
0.0 0.0 0.0
0.0 0.0 0.0
0.0 0.0 0.0
0.0 0.0 0.0
0.0 0.0 0.0
0.0 0.0 0.0
0.0 0.0 0.0
0.0 0.0 0.0
0.0 0.0 0.0
0.0 0.0 0.0
0.0 0.0 0.0
0.0 0.0 0.0
0.0 0.0 0.0
0.0 0.0 0.0
0.0 0.0 0.0
0.0 0.0 0.0
0.0 0.0 0.0
0.0 0.0 0.0
0.0 0.0 0.0
0.0 0.0 0.0
0.0 0.0 0.0
0.0 0.0 0.0
0.0 0.0 0.0
0.0 0.0 0.0
0.0 0.0 0.0
0.0 0.0 0.0
0.0 0.0 0.0
0.0 0.0 0.0
0.0 0.0 0.0
0.0 0.0 0.0
0.0 0.0 0.0
0.0 0.0 0.0
0.0 0.0 0.0
0.0 0.0 0.0
0.0 0.0 0.0
0.0 0.0 0.0
0.0 0.0 0.0
0.0 0.0 0.0
0.0 0.0 0.0
0.0 0.0 0.0
0.0 0.0 0.0
0.0 0.0 0.0
0.0 0.0 0.0
0.0 0.0 0.0
0.0 0.0 0.0
0.0 0.0 0.0
0.0 0.0 0.0
0.0 0.0 0.0
0.0 0.0 0.0
0.0 0.0 0.0
0.0 0.0 0.0
0.0 0.0 0.0
0.0 0.0 0.0
0.0 0.0 0.0
0.0 0.0 0.0
0.0 0.0 0.0
0.0 0.0 0.0
0.0 0.0 0.0
0.0 0.0 0.0
0.0 0.0 0.0
0.0 0.0 0.0
0.0 0.0 0.0
0.0 0.0 0.0
0.0 0.0 0.0
0.0 0.0 0.0
0.0 0.0 0.0
0.0 0.0 0.0
0.0 0.0 0.0
0.0 0.0 0.0
0.0 0.0 0.0
0.0 0.0 0.0
0.0 0.0 0.0
0.0 0.0 0.0
0.0 0.0 0.0
0.0 0.0 0.0
0.0 0.0 0.0
0.0 0.0 0.0
0.0 0.0 0.0
0.0 0.0 0.0
0.0 0.0 0.0
0.0 0.0 0.0
0.0 0.0 0.0
0.0 0.0 0.0
0.0 0.0 0.0
0.0 0.0 0.0
0.0 0.0 0.0
0.0 0.0 0.0
0.0 0.0 0.0
0.0 0.0 0.0
0.0 0.0 0.0
0.0 0.0 0.0
0.0 0.0 0.0
0.0 0.0 0.0
0.0 0.0 0.0
0.0 0.0 0.0
0.0 0.0 0.0
0.0 0.0 0.0
0.0 0.0 0.0
0.0 0.0 0.0
0.0 0.0 0.0
0.0 0.0 0.0
0.0 0.0 0.0
0.0 0.0 0.0
0.0 0.0 0.0
0.0 0.0 0.0
0.0 0.0 0.0
0.0 0.0 0.0
0.0 0.0 0.0
0.0 0.0 0.0
0.0 0.0 0.0
0.0 0.0 0.0
0.0 0.0 0.0
0.0 0.0 0.0
0.0 0.0 0.0
0.0 0.0 0.0
0.0 0.0 0.0
0.0 0.0 0.0
0.0 0.0 0.0
0.0 0.0 0.0
0.0 0.0 0.0
0.0134092 0.00131019 0.0
0.00813324 0.000643949 0.0
0.00656392 -0.000579283 0.0
0.00655176 -0.000912037 0.0
0.00567968 -0.000115133 0.0
0.00457789 -0.000422676 0.0
0.00428188 -0.00065124 0.0
0.00407007 -0.000611093 0.0
0.00363286 -0.000452736 0.0
0.00332538 -0.000607594 0.0
0.00321856 -0.000629287 0.0
0.00304334 -0.000586374 0.0
0.00283696 -0.000567973 0.0
0.00272252 -0.000630941 0.0
0.0026424 -0.00061453 0.0
0.00252372 -0.000599578 0.0
0.00242263 -0.0006072 0.0
0.00236039 -0.000626941 0.0
0.00229494 -0.000612137 0.0
0.00222006 -0.000611441 0.0
0.00216402 -0.000618251 0.0
0.00211955 -0.000621801 0.0
0.00206985 -0.000614202 0.0
0.00202264 -0.000617183 0.0
0.00198629 -0.000619799 0.0
0.00195192 -0.000618991 0.0
0.00191621 -0.000616211 0.0
0.00188518 -0.000618634 0.0
0.00185899 -0.000618742 0.0
0.00183292 -0.000617581 0.0
0.00180803 -0.000616857 0.0
0.00178676 -0.000617944 0.0
0.00176752 -0.000617215 0.0
0.00174883 -0.000616462 0.0
0.00173206 -0.000616239 0.0
0.00171766 -0.000616424 0.0
0.00170452 -0.000615603 0.0
0.00169249 -0.000615055 0.0
0.00168233 -0.000614849 0.0
0.00167402 -0.000614608 0.0
0.00166698 -0.000613744 0.0
0.00166129 -0.000613269 0.0
0.00165756 -0.000613076 0.0
0.00165576 -0.000612453 0.0
0.00165526 -0.000611502 0.0
0.00165644 -0.000611264 0.0
0.00166015 -0.00061085 0.0
0.00166583 -0.0006097 0.0
0.00167293 -0.000609011 0.0
0.00168263 -0.000608858 0.0
0.00169535 -0.00060763 0.0
0.00170991 -0.000606395 0.0
0.00172672 -0.000606103 0.0
0.00174709 -0.000605054 0.0
0.00177039 -0.000603153 0.0
0.00179603 -0.000602407 0.0
0.00182492 -0.000601302 0.0
0.00185742 -0.000598952 0.0
0.00189305 -0.000597197 0.0
0.00193165 -0.000595824 0.0
0.00197337 -0.000592867 0.0
0.00201853 -0.000589959 0.0
0.00206693 -0.000587521 0.0
0.00211754 -0.000584092 0.0
0.00217053 -0.000579687 0.0
0.00222642 -0.000575629 0.0
0.00228401 -0.000571173 0.0
0.00234234 -0.000565794 0.0
0.00240184 -0.000559404 0.0
0.00246185 -0.0005533 0.0
0.00252163 -0.000547212 0.0
0.00258053 -0.000539151 0.0
0.00263757 -0.00053038 0.0
0.00269306 -0.000523599 0.0
0.00274708 -0.000515035 0.0
0.00279692 -0.000503903 0.0
0.00284301 -0.000495637 0.0
0.00288742 -0.000487514 0.0
0.0029274 -0.000475423 0.0
0.00296159 -0.000465468 0.0
0.0029932 -0.00045758 0.0
0.00302105 -0.000446076 0.0
0.00304317 -0.000435225 0.0
0.00306146 -0.000427015 0.0
0.00307633 -0.000416867 0.0
0.00308664 -0.000406156 0.0
0.00309321 -0.000397655 0.0
0.00309621 -0.000388734 0.0
0.00309573 -0.000379124 0.0
0.00309243 -0.000370473 0.0
0.00308609 -0.000362643 0.0
0.00307674 -0.000354308 0.0
0.00306541 -0.000346163 0.0
0.00305215 -0.000338883 0.0
0.00303646 -0.00033188 0.0
0.00301892 -0.000324517 0.0
0.00300046 -0.000317804 0.0
0.00298057 -0.000311586 0.0
0.00295889 -0.000305328 0.0
0.00293637 -0.000299099 0.0
0.00291348 -0.000293521 0.0
0.00288938 -0.000288071 0.0
0.00286417 -0.000282644 0.0
0.00283881 -0.000277413 0.0
0.00281318 -0.000272666 0.0
0.00278667 -0.000267984 0.0
0.00275974 -0.000263313 0.0
0.00273294 -0.000258872 0.0
0.00270597 -0.000254946 0.0
0.0026787 -0.000250925 0.0
0.0026514 -0.000246797 0.0
0.00262441 -0.000243261 0.0
0.00259766 -0.000239975 0.0
0.0025709 -0.00023625 0.0
0.0025444 -0.000232909 0.0
0.00251865 -0.000230132 0.0
0.00249321 -0.000226887 0.0
0.00246788 -0.00022376 0.0
0.0024434 -0.000221194 0.0
0.00241964 -0.000218407 0.0
0.00239607 -0.00021551 0.0
0.00237317 -0.000213074 0.0
0.00235119 -0.000210527 0.0
0.00232966 -0.000207929 0.0
0.00230869 -0.000205569 0.0
0.00228853 -0.000203147 0.0
0.00226898 -0.00020071 0.0
0.00225006 -0.00019851 0.0
0.00223179 -0.000196112 0.0
0.002214 -0.000193707 0.0
0.00219687 -0.000191628 0.0
0.00218035 -0.000189303 0.0
0.00216413 -0.000186841 0.0
0.00214837 -0.000184759 0.0
0.00213321 -0.000182584 0.0
0.00211828 -0.000180084 0.0
0.00210357 -0.000177896 0.0
0.00208933 -0.000175832 0.0
0.00207535 -0.000173437 0.0
0.00206145 -0.000171096 0.0
0.00204781 -0.000169053 0.0
0.00203441 -0.00016681 0.0
0.00202106 -0.00016444 0.0
0.00200784 -0.000162302 0.0
0.00199471 -0.000160148 0.0
0.00198154 -0.000157844 0.0
0.00196842 -0.000155648 0.0
0.00195528 -0.000153459 0.0
0.00194184 -0.000151208 0.0
0.00192825 -0.000149036 0.0
0.00191459 -0.000146802 0.0
0.00190045 -0.000144549 0.0
0.00188577 -0.000142412 0.0
0.00187081 -0.000140217 0.0
0.00185541 -0.000137975 0.0
0.00183924 -0.000135886 0.0
0.00182239 -0.000133798 0.0
0.00180503 -0.000131647 0.0
0.00178705 -0.000129655 0.0
0.00176823 -0.000127769 0.0
0.0017487 -0.000125813 0.0
0.0017287 -0.000123962 0.0
0.00170815 -0.000122351 0.0
0.00168693 -0.000120745 0.0
0.00166526 -0.000119095 0.0
0.00164338 -0.00011772 0.0
0.00162128 -0.000116563 0.0
0.0015989 -0.000115259 0.0
0.00157647 -0.000114049 0.0
0.00155429 -0.000113244 0.0
0.0015323 -0.000112398 0.0
0.00151041 -0.000111396 0.0
0.00148897 -0.000110757 0.0
0.00146818 -0.000110276 0.0
0.0014478 -0.000109578 0.0
0.00142792 -0.000109018 0.0
0.00140887 -0.000108692 0.0
0.00139053 -0.000108264 0.0
0.00137278 -0.000107812 0.0
0.00135584 -0.000107495 0.0
0.00133973 -0.000107195 0.0
0.00132432 -0.000106848 0.0
0.00130962 -0.00010652 0.0
0.00129573 -0.000106214 0.0
0.00128256 -0.000105907 0.0
0.00127004 -0.000105574 0.0
0.0012582 -0.00010522 0.0
0.00124704 -0.000104871 0.0
0.00123646 -0.000104517 0.0
0.00122645 -0.000104114 0.0
0.00121699 -0.000103692 0.0
0.00120806 -0.000103277 0.0
0.00119959 -0.00010283 0.0
0.00119156 -0.000102337 0.0
0.00118395 -0.000101842 0.0
0.00117673 -0.000101337 0.0
0.00116984 -0.000100789 0.0
0.00116328 -0.000100216 0.0
0.00115704 -9.96439e-05 0.0
0.00115106 -9.90451e-05 0.0
0.00114531 -9.84126e-05 0.0
0.00113981 -9.77714e-05 0.0
0.00113452 -9.71225e-05 0.0
0.00112941 -9.64443e-05 0.0
0.00112447 -9.57478e-05 0.0
0.0011197 -9.50472e-05 0.0
0.00111507 -9.43321e-05 0.0
0.00111056 -9.3595e-05 0.0
0.00110616 -9.28503e-05 0.0
0.00110189 -9.21e-05 0.0
0.00109771 -9.13347e-05 0.0
0.00109361 -9.05569e-05 0.0
0.0010896 -8.97758e-05 0.0
0.00108566 -8.89874e-05 0.0
0.0010818 -8.81879e-05 0.0
0.00107799 -8.73827e-05 0.0
0.00107425 -8.6575e-05 0.0
0.00107056 -8.57606e-05 0.0
0.00106692 -8.49399e-05 0.0
0.00106333 -8.41168e-05 0.0
0.00105979 -8.32914e-05 0.0
0.00105629 -8.24614e-05 0.0
0.00105284 -8.16286e-05 0.0
0.00104943 -8.07951e-05 0.0
0.00104605 -7.99596e-05 0.0
0.00104272 -7.91218e-05 0.0
0.00103942 -7.82835e-05 0.0
0.00103617 -7.7445e-05 0.0
0.00103295 -7.66056e-05 0.0
0.00102976 -7.57657e-05 0.0
0.00102662 -7.49263e-05 0.0
0.00102351 -7.40873e-05 0.0
0.00102043 -7.32483e-05 0.0
0.0010174 -7.241e-05 0.0
0.0010144 -7.15728e-05 0.0
0.00101143 -7.07363e-05 0.0
0.0010085 -6.99008e-05 0.0
0.00100561 -6.90665e-05 0.0
0.00100276 -6.82337e-05 0.0
0.000999945 -6.7402e-05 0.0
0.000997166 -6.65718e-05 0.0
0.000994424 -6.57431e-05 0.0
0.00099172 -6.49161e-05 0.0
0.000989053 -6.40906e-05 0.0
0.000986423 -6.32668e-05 0.0
0.000983831 -6.24448e-05 0.0
0.000981276 -6.16245e-05 0.0
0.000978759 -6.0806e-05 0.0
0.000976279 -5.99893e-05 0.0
0.000973836 -5.91744e-05 0.0
0.000971431 -5.83613e-05 0.0
0.000969063 -5.75501e-05 0.0
0.000966731 -5.67408e-05 0.0
0.000964437 -5.59333e-05 0.0
0.00096218 -5.51276e-05 0.0
0.00095996 -5.43238e-05 0.0
0.000957776 -5.35219e-05 0.0
0.000955629 -5.27219e-05 0.0
0.000953518 -5.19237e-05 0.0
0.000951444 -5.11273e-05 0.0
0.000949405 -5.03328e-05 0.0
0.000947403 -4.954e-05 0.0
0.000945437 -4.87492e-05 0.0
0.000943507 -4.796e-05 0.0
0.000941614 -4.71727e-05 0.0
0.000939756 -4.63871e-05 0.0
0.000937935 -4.56035e-05 0.0
0.00093615 -4.48213e-05 0.0
0.000934402 -4.40412e-05 0.0
0.000932691 -4.32625e-05 0.0
0.000931018 -4.24859e-05 0.0
0.000929383 -4.17104e-05 0.0
0.000927787 -4.09373e-05 0.0
0.00092623 -4.01653e-05 0.0
0.000924714 -3.93955e-05 0.0
0.000923239 -3.86264e-05 0.0
0.000921807 -3.78604e-05 0.0
0.00092042 -3.70945e-05 0.0
0.000919078 -3.63311e-05 0.0
0.000917783 -3.55682e-05 0.0
0.000916539 -3.48091e-05 0.0
0.000915347 -3.4048e-05 0.0
0.000914208 -3.32909e-05 0.0
0.000913127 -3.25338e-05 0.0
0.000912107 -3.17807e-05 0.0
0.00091115 -3.10218e-05 0.0
0.000910255 -3.02711e-05 0.0
0.000909432 -2.95183e-05 0.0
0.000908684 -2.8766e-05 0.0
0.000908002 -2.80039e-05 0.0
0.000907391 -2.72595e-05 0.0
0.000906867 -2.65019e-05 0.0
0.000906401 -2.57269e-05 0.0
0.000905959 -2.49487e-05 0.0
0.00090557 -2.42025e-05 0.0
0.000905217 -2.33776e-05 0.0
0.000904663 -2.24651e-05 0.0
0.000903937 -2.17408e-05 0.0
0.0 0.0 0.0
0.0 0.0 0.0
0.0197286 0.0030072 0.0
0.0199037 0.00394094 0.0
0.0173472 0.00139652 0.0
0.0145245 0.000496513 0.0
0.0131553 0.00100121 0.0
0.0123354 0.000434904 0.0
0.0112362 7.65609e-05 0.0
0.0102564 -5.75014e-08 0.0
0.00966777 1.67778e-05 0.0
0.00914167 -0.000238148 0.0
0.00858307 -0.00027384 0.0
0.00814859 -0.00028712 0.0
0.00782463 -0.000329172 0.0
0.00749421 -0.000419065 0.0
0.00718426 -0.000409983 0.0
0.00694211 -0.0004303 0.0
0.00672841 -0.000461381 0.0
0.00651389 -0.000489122 0.0
0.0063254 -0.000484112 0.0
0.00616728 -0.000503415 0.0
0.00601661 -0.000518776 0.0
0.00587265 -0.000527411 0.0
0.00574745 -0.000528868 0.0
0.0056349 -0.000542114 0.0
0.0055265 -0.000548586 0.0
0.00542663 -0.00055264 0.0
0.00533799 -0.000556474 0.0
0.00525528 -0.000564229 0.0
0.00517699 -0.000567208 0.0
0.00510601 -0.000570393 0.0
0.0050416 -0.000574138 0.0
0.00498119 -0.000578581 0.0
0.00492539 -0.000580604 0.0
0.00487519 -0.000583475 0.0
0.00482944 -0.000586558 0.0
0.00478745 -0.000589486 0.0
0.00474984 -0.000591388 0.0
0.00471676 -0.000594064 0.0
0.00468769 -0.000596793 0.0
0.0046625 -0.000599197 0.0
0.0046415 -0.000601256 0.0
0.00462507 -0.000604092 0.0
0.00461294 -0.000606841 0.0
0.00460482 -0.000609182 0.0
0.0046015 -0.000611813 0.0
0.00460361 -0.000615158 0.0
0.00461032 -0.000618017 0.0
0.00462175 -0.000620878 0.0
0.00463962 -0.000624516 0.0
0.00466371 -0.000628175 0.0
0.00469287 -0.000631488 0.0
0.00472879 -0.000635612 0.0
0.00477274 -0.000639679 0.0
0.00482317 -0.000643522 0.0
0.00488048 -0.000648224 0.0
0.00494671 -0.000652748 0.0
0.00502108 -0.000656121 0.0
0.005103 -0.000661138 0.0
0.00519397 -0.000666151 0.0
0.00529356 -0.000668557 0.0
0.00540101 -0.000671779 0.0
0.00551741 -0.000677007 0.0
0.00564189 -0.000678287 0.0
0.00577258 -0.000678022 0.0
0.00591084 -0.000680691 0.0
0.0060563 -0.000681109 0.0
0.00620516 -0.000676606 0.0
0.00635716 -0.000674192 0.0
0.00651423 -0.000671752 0.0
0.00667253 -0.000663897 0.0
0.00682811 -0.000655373 0.0
0.00698352 -0.000648412 0.0
0.00713856 -0.000636856 0.0
0.00728672 -0.000623567 0.0
0.00742812 -0.000612179 0.0
0.007566 -0.000597044 0.0
0.00769546 -0.000579745 0.0
0.00781356 -0.000565869 0.0
0.00792431 -0.000548847 0.0
0.00802552 -0.000528588 0.0
0.00811415 -0.000512972 0.0
0.00819295 -0.000496503 0.0
0.00826146 -0.000475945 0.0
0.00831774 -0.000458644 0.0
0.00836395 -0.000443476 0.0
0.00840007 -0.000425452 0.0
0.00842536 -0.000408171 0.0
0.0084414 -0.000393429 0.0
0.00844873 -0.000379048 0.0
0.00844708 -0.000363839 0.0
0.00843776 -0.000349877 0.0
0.00842151 -0.000337843 0.0
0.00839835 -0.000325936 0.0
0.00836897 -0.000313581 0.0
0.00833465 -0.000303049 0.0
0.00829543 -0.00029349 0.0
0.00825118 -0.000283721 0.0
0.00820319 -0.000274333 0.0
0.00815224 -0.000266214 0.0
0.00809756 -0.000258385 0.0
0.00803962 -0.000250789 0.0
0.00797976 -0.000243481 0.0
0.00791774 -0.000236922 0.0
0.00785307 -0.000230764 0.0
0.00778676 -0.000224842 0.0
0.00771941 -0.000219034 0.0
0.00765055 -0.000213959 0.0
0.00758046 -0.000209275 0.0
0.00750988 -0.000204723 0.0
0.00743893 -0.00020041 0.0
0.00736762 -0.000196673 0.0
0.00729627 -0.000193288 0.0
0.00722525 -0.000190063 0.0
0.0071549 -0.000186955 0.0
0.00708508 -0.00018429 0.0
0.00701592 -0.000182152 0.0
0.00694808 -0.000179706 0.0
0.00688146 -0.000177381 0.0
0.00681571 -0.000175883 0.0
0.00675148 -0.000174245 0.0
0.00668894 -0.000172119 0.0
0.00662763 -0.000170848 0.0
0.00656785 -0.000169784 0.0
0.00650987 -0.0001681 0.0
0.0064534 -0.000166707 0.0
0.00639854 -0.00016588 0.0
0.00634541 -0.000164553 0.0
0.00629372 -0.000163137 0.0
0.00624369 -0.000162134 0.0
0.00619531 -0.000160895 0.0
0.00614804 -0.000159463 0.0
0.00610215 -0.000158204 0.0
0.00605786 -0.000156798 0.0
0.00601444 -0.000155227 0.0
0.00597184 -0.000153759 0.0
0.00593057 -0.000152132 0.0
0.00589023 -0.000150382 0.0
0.00585027 -0.000148699 0.0
0.00581113 -0.000146966 0.0
0.00577289 -0.000145015 0.0
0.00573501 -0.000143166 0.0
0.00569752 -0.000141345 0.0
0.00566063 -0.000139262 0.0
0.00562401 -0.000137169 0.0
0.0055876 -0.000135223 0.0
0.00555146 -0.000132976 0.0
0.00551517 -0.000130589 0.0
0.00547872 -0.000128368 0.0
0.00544226 -0.000125847 0.0
0.00540523 -0.000123093 0.0
0.00536734 -0.00012051 0.0
0.00532888 -0.000117681 0.0
0.00528952 -0.000114457 0.0
0.00524874 -0.000111472 0.0
0.00520662 -0.000108499 0.0
0.00516314 -0.000104976 0.0
0.00511795 -0.000101524 0.0
0.00507099 -9.85745e-05 0.0
0.00502227 -9.5291e-05 0.0
0.00497165 -9.16582e-05 0.0
0.00491926 -8.87039e-05 0.0
0.00486526 -8.61133e-05 0.0
0.0048095 -8.30469e-05 0.0
0.00475215 -8.02567e-05 0.0
0.00469377 -7.83473e-05 0.0
0.00463442 -7.64292e-05 0.0
0.00457398 -7.43782e-05 0.0
0.00451311 -7.30384e-05 0.0
0.00445235 -7.22062e-05 0.0
0.00439148 -7.13255e-05 0.0
0.00433079 -7.07151e-05 0.0
0.00427103 -7.05896e-05 0.0
0.00421225 -7.07403e-05 0.0
0.00415439 -7.099e-05 0.0
0.00409798 -7.1368e-05 0.0
0.00404322 -7.20832e-05 0.0
0.0039901 -7.30007e-05 0.0
0.00393877 -7.38005e-05 0.0
0.00388938 -7.47313e-05 0.0
0.00384198 -7.59156e-05 0.0
0.0037966 -7.69942e-05 0.0
0.00375322 -7.79694e-05 0.0
0.00371184 -7.91087e-05 0.0
0.00367249 -8.02288e-05 0.0
0.00363508 -8.11685e-05 0.0
0.00359953 -8.21044e-05 0.0
0.00356581 -8.30699e-05 0.0
0.00353387 -8.38856e-05 0.0
0.00350359 -8.45909e-05 0.0
0.00347488 -8.52854e-05 0.0
0.00344768 -8.59039e-05 0.0
0.0034219 -8.63829e-05 0.0
0.00339744 -8.67967e-05 0.0
0.00337422 -8.71606e-05 0.0
0.00335216 -8.74258e-05 0.0
0.00333117 -8.75918e-05 0.0
0.00331118 -8.77036e-05 0.0
0.00329211 -8.77504e-05 0.0
0.00327387 -8.77149e-05 0.0
0.00325644 -8.76093e-05 0.0
0.00323972 -8.74545e-05 0.0
0.00322365 -8.72414e-05 0.0
0.00320819 -8.69677e-05 0.0
0.00319329 -8.66429e-05 0.0
0.00317889 -8.62778e-05 0.0
0.00316495 -8.58682e-05 0.0
0.00315144 -8.54156e-05 0.0
0.00313832 -8.49267e-05 0.0
0.00312555 -8.44082e-05 0.0
0.0031131 -8.3858e-05 0.0
0.00310095 -8.32783e-05 0.0
0.00308908 -8.26745e-05 0.0
0.00307746 -8.20506e-05 0.0
0.00306606 -8.1405e-05 0.0
0.00305489 -8.07406e-05 0.0
0.00304391 -8.00613e-05 0.0
0.00303312 -7.93689e-05 0.0
0.00302251 -7.86628e-05 0.0
0.00301206 -7.79458e-05 0.0
0.00300176 -7.72202e-05 0.0
0.00299161 -7.64867e-05 0.0
0.0029816 -7.57454e-05 0.0
0.00297173 -7.49986e-05 0.0
0.00296199 -7.42473e-05 0.0
0.00295237 -7.34918e-05 0.0
0.00294288 -7.27326e-05 0.0
0.00293351 -7.19713e-05 0.0
0.00292425 -7.12082e-05 0.0
0.00291511 -7.04434e-05 0.0
0.00290608 -6.96776e-05 0.0
0.00289717 -6.89117e-05 0.0
0.00288837 -6.81455e-05 0.0
0.00287968 -6.73794e-05 0.0
0.0028711 -6.66138e-05 0.0
0.00286263 -6.58491e-05 0.0
0.00285427 -6.50851e-05 0.0
0.00284602 -6.43222e-05 0.0
0.00283788 -6.35606e-05 0.0
0.00282985 -6.28004e-05 0.0
0.00282193 -6.20415e-05 0.0
0.00281411 -6.12841e-05 0.0
0.00280641 -6.05284e-05 0.0
0.00279882 -5.97742e-05 0.0
0.00279133 -5.90216e-05 0.0
0.00278396 -5.82707e-05 0.0
0.00277669 -5.75214e-05 0.0
0.00276953 -5.67738e-05 0.0
0.00276248 -5.60278e-05 0.0
0.00275553 -5.52835e-05 0.0
0.0027487 -5.45409e-05 0.0
0.00274197 -5.37998e-05 0.0
0.00273534 -5.30604e-05 0.0
0.00272883 -5.23226e-05 0.0
0.00272242 -5.15864e-05 0.0
0.00271611 -5.08517e-05 0.0
0.00270991 -5.01187e-05 0.0
0.00270381 -4.93872e-05 0.0
0.00269782 -4.86573e-05 0.0
0.00269193 -4.7929e-05 0.0
0.00268614 -4.72023e-05 0.0
0.00268046 -4.64772e-05 0.0
0.00267488 -4.57538e-05 0.0
0.00266939 -4.50321e-05 0.0
0.00266402 -4.43122e-05 0.0
0.00265874 -4.35942e-05 0.0
0.00265356 -4.28779e-05 0.0
0.00264849 -4.21639e-05 0.0
0.00264352 -4.14517e-05 0.0
0.00263865 -4.07421e-05 0.0
0.00263388 -4.00346e-05 0.0
0.00262922 -3.93302e-05 0.0
0.00262467 -3.86278e-05 0.0
0.00262022 -3.79291e-05 0.0
0.00261588 -3.7233e-05 0.0
0.00261166 -3.65412e-05 0.0
0.00260755 -3.58518e-05 0.0
0.00260356 -3.51682e-05 0.0
0.00259968 -3.44875e-05 0.0
0.00259594 -3.38128e-05 0.0
0.00259233 -3.31412e-05 0.0
0.00258885 -3.24788e-05 0.0
0.00258551 -3.1818e-05 0.0
0.00258233 -3.11664e-05 0.0
0.0025793 -3.05188e-05 0.0
0.00257643 -2.98834e-05 0.0
0.00257374 -2.92452e-05 0.0
0.00257122 -2.8622e-05 0.0
0.0025689 -2.80014e-05 0.0
0.00256677 -2.73893e-05 0.0
0.00256485 -2.67637e-05 0.0
0.00256313 -2.61603e-05 0.0
0.00256161 -2.55362e-05 0.0
0.00256029 -2.48786e-05 0.0
0.00255915 -2.41842e-05 0.0
0.0025581 -2.34812e-05 0.0
0.00255704 -2.25711e-05 0.0
0.00255599 -2.15335e-05 0.0
0.00255508 -2.0968e-05 0.0
0.0 0.0 0.0
0.0 0.0 0.0
0.0197088 0.0014113 0.0
0.0208288 0.0047797 0.0
0.0206048 0.00318304 0.0
0.0190658 0.00249846 0.0
0.0181357 0.00174514 0.0
0.0173447 0.00150225 0.0
0.0161612 0.00119409 0.0
0.0151286 0.000831476 0.0
0.0145002 0.000556372 0.0
0.0138314 0.000436369 0.0
0.0130958 0.000310202 0.0
0.0125347 0.000142238 0.0
0.0121024 4.64354e-05 0.0
0.0116356 -8.76866e-06 0.0
0.0112011 -8.02172e-05 0.0
0.010861 -0.000158462 0.0
0.01055 -0.000196415 0.0
0.010234 -0.000231081 0.0
0.0099599 -0.000274301 0.0
0.00972632 -0.000311542 0.0
0.00949935 -0.000331481 0.0
0.00928322 -0.000356215 0.0
0.00909583 -0.000381984 0.0
0.00892449 -0.000401356 0.0
0.0087586 -0.000415216 0.0
0.00860641 -0.000432858 0.0
0.00847063 -0.000448431 0.0
0.00834251 -0.000460387 0.0
0.00822135 -0.000471359 0.0
0.00811147 -0.000483865 0.0
0.00801094 -0.000494146 0.0
0.00791614 -0.000503083 0.0
0.00782858 -0.000512157 0.0
0.0077494 -0.000521505 0.0
0.00767664 -0.000529496 0.0
0.00760948 -0.000537217 0.0
0.0075491 -0.000545187 0.0
0.00749547 -0.000553202 0.0
0.00744754 -0.00056058 0.0
0.00740543 -0.000568039 0.0
0.00737 -0.000575981 0.0
0.00734105 -0.000584078 0.0
0.00731795 -0.000591783 0.0
0.0073014 -0.000600005 0.0
0.00729236 -0.000609097 0.0
0.00729021 -0.0006181 0.0
0.00729472 -0.000627054 0.0
0.0073076 -0.000637322 0.0
0.00732927 -0.000648156 0.0
0.00735857 -0.000658667 0.0
0.00739668 -0.000670233 0.0
0.00744547 -0.000683007 0.0
0.00750405 -0.000695413 0.0
0.00757222 -0.000708596 0.0
0.00765194 -0.000723036 0.0
0.00774363 -0.000736972 0.0
0.00784678 -0.000751209 0.0
0.00796193 -0.000766919 0.0
0.00808931 -0.000781339 0.0
0.00822964 -0.000794967 0.0
0.00838314 -0.000809929 0.0
0.00854758 -0.00082371 0.0
0.00872329 -0.000834341 0.0
0.0089125 -0.000845057 0.0
0.00911171 -0.000855178 0.0
0.00931745 -0.000861404 0.0
0.00953308 -0.000864242 0.0
0.0097572 -0.000866275 0.0
0.00998321 -0.000865971 0.0
0.0102118 -0.000860374 0.0
0.0104443 -0.000850706 0.0
0.0106745 -0.000841051 0.0
0.0109006 -0.000828012 0.0
0.0111235 -0.000807723 0.0
0.0113389 -0.000786924 0.0
0.0115452 -0.000767317 0.0
0.0117434 -0.00074034 0.0
0.0119284 -0.000710855 0.0
0.0120998 -0.000685333 0.0
0.0122605 -0.000655314 0.0
0.0124058 -0.000622103 0.0
0.0125339 -0.000592952 0.0
0.0126491 -0.000562437 0.0
0.0127496 -0.000529699 0.0
0.012833 -0.000500202 0.0
0.0129017 -0.000471348 0.0
0.0129567 -0.000441997 0.0
0.0129975 -0.000414555 0.0
0.0130246 -0.000389011 0.0
0.0130388 -0.00036446 0.0
0.0130414 -0.000340929 0.0
0.0130334 -0.000319081 0.0
0.0130146 -0.000299346 0.0
0.012986 -0.000280371 0.0
0.0129493 -0.000262525 0.0
0.0129049 -0.000246408 0.0
0.0128526 -0.000231582 0.0
0.0127935 -0.000217389 0.0
0.0127291 -0.000204268 0.0
0.0126593 -0.000192288 0.0
0.0125838 -0.00018121 0.0
0.0125038 -0.000170556 0.0
0.0124204 -0.000160795 0.0
0.0123331 -0.000151991 0.0
0.0122417 -0.000143786 0.0
0.0121479 -0.000135885 0.0
0.0120519 -0.000129082 0.0
0.0119534 -0.000123164 0.0
0.0118529 -0.000117411 0.0
0.0117513 -0.000112328 0.0
0.011649 -0.000108566 0.0
0.0115459 -0.000104977 0.0
0.0114423 -0.000101602 0.0
0.0113392 -9.95342e-05 0.0
0.0112369 -9.77413e-05 0.0
0.0111348 -9.58688e-05 0.0
0.0110336 -9.50423e-05 0.0
0.0109344 -9.45134e-05 0.0
0.0108364 -9.37388e-05 0.0
0.0107395 -9.37813e-05 0.0
0.0106449 -9.40393e-05 0.0
0.0105524 -9.41061e-05 0.0
0.0104615 -9.46277e-05 0.0
0.0103727 -9.53782e-05 0.0
0.0102865 -9.58928e-05 0.0
0.0102023 -9.67216e-05 0.0
0.0101204 -9.75469e-05 0.0
0.0100408 -9.80885e-05 0.0
0.00996329 -9.89139e-05 0.0
0.00988803 -9.95333e-05 0.0
0.00981494 -9.96307e-05 0.0
0.00974352 -0.000100071 0.0
0.009674 -0.000100368 0.0
0.0096064 -9.98583e-05 0.0
0.0095402 -9.95594e-05 0.0
0.00947529 -9.94703e-05 0.0
0.00941187 -9.86396e-05 0.0
0.00934965 -9.75396e-05 0.0
0.00928838 -9.69248e-05 0.0
0.00922812 -9.59884e-05 0.0
0.0091688 -9.44621e-05 0.0
0.00911021 -9.31718e-05 0.0
0.00905231 -9.19612e-05 0.0
0.00899501 -9.01712e-05 0.0
0.0089381 -8.82667e-05 0.0
0.00888155 -8.63883e-05 0.0
0.00882511 -8.40308e-05 0.0
0.00876851 -8.14329e-05 0.0
0.00871173 -7.86267e-05 0.0
0.00865443 -7.53194e-05 0.0
0.00859614 -7.1744e-05 0.0
0.00853682 -6.7859e-05 0.0
0.00847632 -6.34676e-05 0.0
0.00841402 -5.88545e-05 0.0
0.0083496 -5.39398e-05 0.0
0.00828321 -4.8603e-05 0.0
0.00821461 -4.32257e-05 0.0
0.00814314 -3.7809e-05 0.0
0.00806883 -3.20788e-05 0.0
0.00799213 -2.64449e-05 0.0
0.00791275 -2.12714e-05 0.0
0.00783024 -1.61804e-05 0.0
0.00774523 -1.11428e-05 0.0
0.00765831 -6.81865e-06 0.0
0.00756915 -3.27741e-06 0.0
0.00747788 7.05424e-08 0.0
0.00738548 2.96523e-06 0.0
0.00729234 4.68611e-06 0.0
0.00719843 5.71195e-06 0.0
0.00710427 6.61686e-06 0.0
0.00701059 6.61858e-06 0.0
0.00691784 5.57414e-06 0.0
0.00682608 4.38448e-06 0.0
0.00673567 2.81357e-06 0.0
0.00664736 3.88705e-07 0.0
0.00656131 -2.34205e-06 0.0
0.00647738 -5.18693e-06 0.0
0.00639606 -8.39924e-06 0.0
0.00631776 -1.18724e-05 0.0
0.00624223 -1.542e-05 0.0
0.00616948 -1.90056e-05 0.0
0.00609988 -2.26106e-05 0.0
0.00603337 -2.62442e-05 0.0
0.00596969 -2.98163e-05 0.0
0.00590893 -3.32271e-05 0.0
0.00585116 -3.65266e-05 0.0
0.00579615 -3.97464e-05 0.0
0.00574375 -4.27674e-05 0.0
0.00569396 -4.55689e-05 0.0
0.00564668 -4.82298e-05 0.0
0.00560171 -5.07286e-05 0.0
0.00555892 -5.29914e-05 0.0
0.00551825 -5.50584e-05 0.0
0.00547957 -5.69712e-05 0.0
0.0054427 -5.86965e-05 0.0
0.00540753 -6.02177e-05 0.0
0.005374 -6.15776e-05 0.0
0.00534197 -6.2787e-05 0.0
0.0053113 -6.38305e-05 0.0
0.0052819 -6.47176e-05 0.0
0.00525372 -6.54745e-05 0.0
0.00522664 -6.61032e-05 0.0
0.00520054 -6.66046e-05 0.0
0.00517538 -6.69916e-05 0.0
0.0051511 -6.72778e-05 0.0
0.0051276 -6.74667e-05 0.0
0.00510481 -6.75652e-05 0.0
0.00508271 -6.75824e-05 0.0
0.00506124 -6.75265e-05 0.0
0.00504032 -6.7403e-05 0.0
0.00501993 -6.72182e-05 0.0
0.00500004 -6.69778e-05 0.0
0.0049806 -6.66883e-05 0.0
0.00496157 -6.63547e-05 0.0
0.00494294 -6.59813e-05 0.0
0.00492467 -6.55722e-05 0.0
0.00490675 -6.51325e-05 0.0
0.00488914 -6.46655e-05 0.0
0.00487184 -6.41741e-05 0.0
0.00485483 -6.36615e-05 0.0
0.00483809 -6.31312e-05 0.0
0.00482161 -6.25852e-05 0.0
0.00480539 -6.20254e-05 0.0
0.0047894 -6.14543e-05 0.0
0.00477365 -6.0874e-05 0.0
0.00475812 -6.02854e-05 0.0
0.00474281 -5.96902e-05 0.0
0.00472772 -5.90898e-05 0.0
0.00471283 -5.84853e-05 0.0
0.00469815 -5.78773e-05 0.0
0.00468368 -5.72669e-05 0.0
0.0046694 -5.66548e-05 0.0
0.00465532 -5.60416e-05 0.0
0.00464144 -5.54277e-05 0.0
0.00462775 -5.48136e-05 0.0
0.00461425 -5.41997e-05 0.0
0.00460095 -5.35861e-05 0.0
0.00458783 -5.29732e-05 0.0
0.0045749 -5.23612e-05 0.0
0.00456216 -5.17501e-05 0.0
0.00454961 -5.114e-05 0.0
0.00453724 -5.0531e-05 0.0
0.00452506 -4.99232e-05 0.0
0.00451306 -4.93165e-05 0.0
0.00450124 -4.8711e-05 0.0
0.0044896 -4.81066e-05 0.0
0.00447815 -4.75033e-05 0.0
0.00446687 -4.6901e-05 0.0
0.00445578 -4.62997e-05 0.0
0.00444486 -4.56993e-05 0.0
0.00443412 -4.50999e-05 0.0
0.00442355 -4.45014e-05 0.0
0.00441316 -4.39036e-05 0.0
0.00440295 -4.33067e-05 0.0
0.0043929 -4.27106e-05 0.0
0.00438303 -4.21152e-05 0.0
0.00437333 -4.15207e-05 0.0
0.00436379 -4.0927e-05 0.0
0.00435443 -4.03341e-05 0.0
0.00434523 -3.97422e-05 0.0
0.00433619 -3.91513e-05 0.0
0.00432733 -3.85616e-05 0.0
0.00431862 -3.79732e-05 0.0
0.00431008 -3.73862e-05 0.0
0.00430171 -3.6801e-05 0.0
0.00429349 -3.62177e-05 0.0
0.00428544 -3.56367e-05 0.0
0.00427756 -3.50582e-05 0.0
0.00426984 -3.44828e-05 0.0
0.00426228 -3.39107e-05 0.0
0.00425489 -3.33427e-05 0.0
0.00424767 -3.2779e-05 0.0
0.00424061 -3.22206e-05 0.0
0.00423374 -3.16677e-05 0.0
0.00422703 -3.11219e-05 0.0
0.00422051 -3.0583e-05 0.0
0.00421417 -3.00528e-05 0.0
0.00420802 -2.95314e-05 0.0
0.00420207 -2.90216e-05 0.0
0.00419632 -2.85218e-05 0.0
0.00419078 -2.80357e-05 0.0
0.00418546 -2.75626e-05 0.0
0.00418037 -2.71064e-05 0.0
0.00417552 -2.66631e-05 0.0
0.00417093 -2.62396e-05 0.0
0.00416659 -2.58321e-05 0.0
0.00416255 -2.54446e-05 0.0
0.00415878 -2.5068e-05 0.0
0.00415532 -2.4713e-05 0.0
0.00415219 -2.43642e-05 0.0
0.00414938 -2.40207e-05 0.0
0.00414689 -2.36533e-05 0.0
0.00414472 -2.32645e-05 0.0
0.00414289 -2.28011e-05 0.0
0.00414132 -2.2217e-05 0.0
0.00413994 -2.13858e-05 0.0
0.00413883 -2.05083e-05 0.0
0.00413797 -2.01671e-05 0.0
0.0 0.0 0.0
0.0 0.0 0.0
0.0188612 0.00130415 0.0
0.0198711 0.00276541 0.0
0.0212949 0.003183 0.0
0.0215707 0.00368322 0.0
0.0207579 0.00257835 0.0
0.0198203 0.00233595 0.0
0.0193784 0.0020017 0.0
0.0188223 0.00167985 0.0
0.0179558 0.00129762 0.0
0.0172026 0.0011276 0.0
0.0166923 0.000898456 0.0
0.0161337 0.000702689 0.0
0.0155311 0.000556785 0.0
0.0150424 0.000449686 0.0
0.0146349 0.000319855 0.0
0.0142057 0.000223224 0.0
0.0138036 0.000151324 0.0
0.0134684 8.01864e-05 0.0
0.013156 8.58304e-06 0.0
0.0128446 -4.25894e-05 0.0
0.012567 -8.75685e-05 0.0
0.0123213 -0.000134402 0.0
0.0120844 -0.000175303 0.0
0.0118591 -0.000207053 0.0
0.0116582 -0.000238486 0.0
0.0114723 -0.000269309 0.0
0.0112938 -0.000295067 0.0
0.0111286 -0.000317741 0.0
0.0109787 -0.000340683 0.0
0.0108373 -0.000362017 0.0
0.0107042 -0.000380559 0.0
0.0105823 -0.000398358 0.0
0.0104702 -0.000416084 0.0
0.0103652 -0.000432523 0.0
0.0102684 -0.000447783 0.0
0.0101805 -0.000463062 0.0
0.0101003 -0.000478289 0.0
0.0100272 -0.000492836 0.0
0.00996186 -0.000507099 0.0
0.00990457 -0.00052188 0.0
0.00985478 -0.000536852 0.0
0.00981228 -0.00055156 0.0
0.00977781 -0.000566775 0.0
0.00975205 -0.000583012 0.0
0.00973435 -0.000599446 0.0
0.0097246 -0.000616187 0.0
0.00972463 -0.000634382 0.0
0.00973487 -0.000653519 0.0
0.0097538 -0.000672926 0.0
0.00978291 -0.00069384 0.0
0.00982474 -0.000716209 0.0
0.00987773 -0.000738938 0.0
0.00994124 -0.000763238 0.0
0.0100189 -0.000789166 0.0
0.010111 -0.000814816 0.0
0.0102153 -0.000842072 0.0
0.010334 -0.000871442 0.0
0.0104692 -0.000899039 0.0
0.0106189 -0.000926533 0.0
0.0107833 -0.000957361 0.0
0.0109641 -0.00098543 0.0
0.0111597 -0.0010094 0.0
0.0113698 -0.00103599 0.0
0.011595 -0.00106152 0.0
0.0118329 -0.00107855 0.0
0.0120817 -0.00109406 0.0
0.0123428 -0.00111043 0.0
0.0126133 -0.00111796 0.0
0.0128884 -0.00111788 0.0
0.0131683 -0.00111837 0.0
0.013454 -0.00111288 0.0
0.0137386 -0.00109682 0.0
0.014018 -0.00107901 0.0
0.014296 -0.00105847 0.0
0.0145696 -0.00102773 0.0
0.0148301 -0.000994542 0.0
0.0150802 -0.000961192 0.0
0.015322 -0.000918768 0.0
0.0155474 -0.000874787 0.0
0.0157558 -0.000833767 0.0
0.0159509 -0.000785578 0.0
0.0161282 -0.000735684 0.0
0.0162868 -0.000691172 0.0
0.0164287 -0.000643755 0.0
0.0165523 -0.000594249 0.0
0.0166578 -0.000549242 0.0
0.0167465 -0.000506236 0.0
0.0168175 -0.000462762 0.0
0.0168721 -0.000421114 0.0
0.0169117 -0.0003833 0.0
0.016936 -0.000348061 0.0
0.0169457 -0.000313087 0.0
0.016943 -0.000281013 0.0
0.0169283 -0.000252756 0.0
0.0169014 -0.000225572 0.0
0.0168637 -0.000199529 0.0
0.0168175 -0.00017658 0.0
0.0167621 -0.000155554 0.0
0.0166971 -0.00013543 0.0
0.016625 -0.000116717 0.0
0.0165468 -9.98458e-05 0.0
0.0164612 -8.43187e-05 0.0
0.0163689 -6.97794e-05 0.0
0.016272 -5.60576e-05 0.0
0.0161702 -4.39021e-05 0.0
0.0160631 -3.31272e-05 0.0
0.0159519 -2.30559e-05 0.0
0.0158376 -1.3879e-05 0.0
0.0157201 -6.43802e-06 0.0
0.0155999 -1.02996e-07 0.0
0.0154776 5.55778e-06 0.0
0.0153541 9.97894e-06 0.0
0.0152297 1.31807e-05 0.0
0.0151043 1.55301e-05 0.0
0.014979 1.70465e-05 0.0
0.0148544 1.79946e-05 0.0
0.0147301 1.79925e-05 0.0
0.0146065 1.70769e-05 0.0
0.0144847 1.63751e-05 0.0
0.0143645 1.49462e-05 0.0
0.0142454 1.24508e-05 0.0
0.0141286 1.02415e-05 0.0
0.0140141 8.07008e-06 0.0
0.0139016 4.76624e-06 0.0
0.0137915 1.50465e-06 0.0
0.0136839 -1.18021e-06 0.0
0.0135788 -4.50395e-06 0.0
0.0134765 -8.01262e-06 0.0
0.0133766 -1.07298e-05 0.0
0.0132789 -1.35787e-05 0.0
0.013184 -1.64876e-05 0.0
0.0130916 -1.86318e-05 0.0
0.0130007 -2.05924e-05 0.0
0.0129122 -2.25029e-05 0.0
0.012826 -2.3818e-05 0.0
0.012741 -2.47096e-05 0.0
0.0126574 -2.56231e-05 0.0
0.0125759 -2.61586e-05 0.0
0.0124956 -2.62331e-05 0.0
0.0124162 -2.62863e-05 0.0
0.0123381 -2.61749e-05 0.0
0.0122613 -2.55585e-05 0.0
0.0121851 -2.48704e-05 0.0
0.0121099 -2.40033e-05 0.0
0.0120354 -2.24865e-05 0.0
0.0119611 -2.07702e-05 0.0
0.0118874 -1.87474e-05 0.0
0.0118139 -1.58549e-05 0.0
0.0117397 -1.25646e-05 0.0
0.0116651 -8.85693e-06 0.0
0.0115902 -4.07612e-06 0.0
0.0115136 1.26298e-06 0.0
0.0114353 6.9157e-06 0.0
0.0113554 1.36631e-05 0.0
0.0112733 2.12015e-05 0.0
0.0111883 2.86356e-05 0.0
0.0111004 3.66563e-05 0.0
0.0110095 4.56719e-05 0.0
0.0109152 5.43591e-05 0.0
0.0108174 6.25008e-05 0.0
0.010716 7.125e-05 0.0
0.0106111 7.99208e-05 0.0
0.0105029 8.71336e-05 0.0
0.0103917 9.37569e-05 0.0
0.0102774 0.000100424 0.0
0.0101605 0.000105663 0.0
0.0100421 0.000109205 0.0
0.00992195 0.000112289 0.0
0.0098004 0.000114437 0.0
0.00967873 0.00011479 0.0
0.00955741 0.000114077 0.0
0.00943628 0.000112615 0.0
0.00931627 0.000110006 0.0
0.00919825 0.00010632 0.0
0.00908216 0.000101813 0.0
0.00896835 9.67638e-05 0.0
0.0088575 9.11457e-05 0.0
0.00874977 8.48206e-05 0.0
0.00864527 7.82127e-05 0.0
0.00854425 7.15698e-05 0.0
0.00844687 6.45975e-05 0.0
0.00835319 5.74544e-05 0.0
0.00826322 5.05387e-05 0.0
0.00817697 4.37204e-05 0.0
0.00809442 3.68751e-05 0.0
0.00801551 3.03006e-05 0.0
0.00794013 2.4079e-05 0.0
0.00786819 1.80325e-05 0.0
0.00779958 1.22275e-05 0.0
0.00773414 6.83186e-06 0.0
0.00767175 1.76622e-06 0.0
0.00761227 -3.04465e-06 0.0
0.00755553 -7.50951e-06 0.0
0.00750138 -1.15964e-05 0.0
0.0074497 -1.53918e-05 0.0
0.00740033 -1.89041e-05 0.0
0.00735309 -2.20885e-05 0.0
0.00730789 -2.497e-05 0.0
0.00726459 -2.76007e-05 0.0
0.00722304 -2.99744e-05 0.0
0.00718311 -3.20853e-05 0.0
0.00714472 -3.39658e-05 0.0
0.00710776 -3.56428e-05 0.0
0.00707209 -3.71155e-05 0.0
0.00703763 -3.83944e-05 0.0
0.00700433 -3.95044e-05 0.0
0.00697207 -4.04606e-05 0.0
0.00694076 -4.1268e-05 0.0
0.00691036 -4.19399e-05 0.0
0.00688081 -4.2493e-05 0.0
0.00685203 -4.29376e-05 0.0
0.00682397 -4.32803e-05 0.0
0.0067966 -4.35326e-05 0.0
0.00676985 -4.37055e-05 0.0
0.00674369 -4.38062e-05 0.0
0.00671809 -4.3841e-05 0.0
0.00669301 -4.38183e-05 0.0
0.00666843 -4.37453e-05 0.0
0.0066443 -4.36272e-05 0.0
0.00662062 -4.34688e-05 0.0
0.00659737 -4.32759e-05 0.0
0.00657451 -4.30531e-05 0.0
0.00655204 -4.28038e-05 0.0
0.00652994 -4.25315e-05 0.0
0.0065082 -4.22399e-05 0.0
0.0064868 -4.19318e-05 0.0
0.00646574 -4.16093e-05 0.0
0.00644501 -4.12747e-05 0.0
0.00642459 -4.09304e-05 0.0
0.00640448 -4.05777e-05 0.0
0.00638468 -4.02181e-05 0.0
0.00636518 -3.98528e-05 0.0
0.00634598 -3.94831e-05 0.0
0.00632706 -3.91098e-05 0.0
0.00630843 -3.87335e-05 0.0
0.00629008 -3.83551e-05 0.0
0.00627201 -3.7975e-05 0.0
0.00625422 -3.75935e-05 0.0
0.0062367 -3.7211e-05 0.0
0.00621945 -3.68278e-05 0.0
0.00620247 -3.6444e-05 0.0
0.00618575 -3.60597e-05 0.0
0.0061693 -3.56751e-05 0.0
0.00615311 -3.52901e-05 0.0
0.00613718 -3.49048e-05 0.0
0.0061215 -3.45191e-05 0.0
0.00610608 -3.41329e-05 0.0
0.00609092 -3.37463e-05 0.0
0.006076 -3.33592e-05 0.0
0.00606133 -3.29714e-05 0.0
0.00604691 -3.2583e-05 0.0
0.00603274 -3.21939e-05 0.0
0.0060188 -3.1804e-05 0.0
0.00600511 -3.14133e-05 0.0
0.00599166 -3.10218e-05 0.0
0.00597844 -3.06296e-05 0.0
0.00596545 -3.02366e-05 0.0
0.0059527 -2.98429e-05 0.0
0.00594018 -2.94487e-05 0.0
0.00592788 -2.90542e-05 0.0
0.00591581 -2.86594e-05 0.0
0.00590397 -2.82646e-05 0.0
0.00589235 -2.78702e-05 0.0
0.00588096 -2.74765e-05 0.0
0.00586978 -2.7084e-05 0.0
0.00585883 -2.6693e-05 0.0
0.00584809 -2.63042e-05 0.0
0.00583758 -2.59183e-05 0.0
0.00582729 -2.5536e-05 0.0
0.00581722 -2.51581e-05 0.0
0.00580737 -2.47856e-05 0.0
0.00579774 -2.44196e-05 0.0
0.00578834 -2.40613e-05 0.0
0.00577917 -2.37117e-05 0.0
0.00577024 -2.33728e-05 0.0
0.00576154 -2.3046e-05 0.0
0.00575308 -2.27328e-05 0.0
0.00574487 -2.2435e-05 0.0
0.00573692 -2.21556e-05 0.0
0.00572923 -2.18957e-05 0.0
0.00572182 -2.16575e-05 0.0
0.00571469 -2.14437e-05 0.0
0.00570786 -2.12581e-05 0.0
0.00570135 -2.10992e-05 0.0
0.00569516 -2.09718e-05 0.0
0.00568931 -2.08773e-05 0.0
0.00568381 -2.08175e-05 0.0
0.0056787 -2.07839e-05 0.0
0.00567398 -2.07862e-05 0.0
0.00566967 -2.08113e-05 0.0
0.00566579 -2.08467e-05 0.0
0.00566236 -2.08674e-05 0.0
0.00565938 -2.08746e-05 0.0
0.00565683 -2.07714e-05 0.0
0.00565473 -2.05125e-05 0.0
0.00565312 -2.00809e-05 0.0
0.00565198 -1.95856e-05 0.0
0.00565116 -1.93517e-05 0.0
0.0 0.0 0.0
0.0 0.0 0.0
0.0194577 0.00127463 0.0
0.0199284 0.00167157 0.0
0.0202314 0.00267064 0.0
0.0209642 0.0032518 0.0
0.0213583 0.00300788 0.0
0.0212454 0.00284425 0.0
0.0209683 0.00239803 0.0
0.0205505 0.00225133 0.0
0.0200725 0.00196155 0.0
0.0196265 0.00166766 0.0
0.0191687 0.00140519 0.0
0.0186443 0.0012658 0.0
0.0181534 0.00106491 0.0
0.0177271 0.000878491 0.0
0.0173069 0.000745981 0.0
0.0168802 0.000644396 0.0
0.0164975 0.000516576 0.0
0.0161513 0.000411706 0.0
0.0158127 0.00033599 0.0
0.0154894 0.000262053 0.0
0.0151986 0.000182538 0.0
0.0149263 0.000121233 0.0
0.014664 7.05226e-05 0.0
0.01442 1.72608e-05 0.0
0.0141964 -3.31077e-05 0.0
0.0139842 -7.31041e-05 0.0
0.0137832 -0.00011068 0.0
0.0135974 -0.0001491 0.0
0.0134244 -0.000183251 0.0
0.0132607 -0.000212853 0.0
0.0131076 -0.000242374 0.0
0.012966 -0.000271285 0.0
0.0128339 -0.000297255 0.0
0.0127102 -0.000321764 0.0
0.0125961 -0.000346497 0.0
0.0124912 -0.000370502 0.0
0.0123944 -0.00039317 0.0
0.012306 -0.000415666 0.0
0.0122264 -0.000438638 0.0
0.0121553 -0.00046151 0.0
0.0120924 -0.000484013 0.0
0.012038 -0.000507135 0.0
0.0119929 -0.000531468 0.0
0.0119566 -0.000556112 0.0
0.0119291 -0.000581004 0.0
0.0119117 -0.000607752 0.0
0.0119049 -0.000636176 0.0
0.0119078 -0.000664811 0.0
0.0119215 -0.000695024 0.0
0.011948 -0.000728106 0.0
0.0119865 -0.000762116 0.0
0.0120367 -0.000797106 0.0
0.0121014 -0.000835117 0.0
0.0121812 -0.000874771 0.0
0.0122747 -0.000915124 0.0
0.0123838 -0.000957999 0.0
0.0125101 -0.00100185 0.0
0.0126527 -0.00104586 0.0
0.0128128 -0.00109176 0.0
0.0129903 -0.00113729 0.0
0.0131846 -0.00118031 0.0
0.0133976 -0.00122412 0.0
0.013629 -0.00126623 0.0
0.0138738 -0.00130279 0.0
0.0141347 -0.00133625 0.0
0.014414 -0.00136693 0.0
0.0147035 -0.00139015 0.0
0.0150008 -0.00140683 0.0
0.015312 -0.00141705 0.0
0.0156308 -0.00141961 0.0
0.0159487 -0.00141571 0.0
0.0162703 -0.00140241 0.0
0.0165945 -0.001379 0.0
0.0169115 -0.001353 0.0
0.0172226 -0.00131955 0.0
0.017528 -0.00127244 0.0
0.0178206 -0.00122529 0.0
0.0181013 -0.00117684 0.0
0.01837 -0.001115 0.0
0.01862 -0.00105264 0.0
0.0188538 -0.000993599 0.0
0.0190724 -0.000926468 0.0
0.0192704 -0.000858339 0.0
0.0194484 -0.000794346 0.0
0.019609 -0.000728478 0.0
0.01975 -0.000662949 0.0
0.0198714 -0.000600729 0.0
0.0199738 -0.000540539 0.0
0.0200581 -0.000482953 0.0
0.0201253 -0.000427494 0.0
0.0201755 -0.000375854 0.0
0.020209 -0.000327887 0.0
0.0202276 -0.000282207 0.0
0.0202326 -0.000239582 0.0
0.0202239 -0.000200774 0.0
0.0202021 -0.000164606 0.0
0.0201689 -0.000130756 0.0
0.0201253 -9.94189e-05 0.0
0.0200711 -7.08174e-05 0.0
0.0200069 -4.41218e-05 0.0
0.0199343 -1.92311e-05 0.0
0.0198537 3.79984e-06 0.0
0.0197648 2.48823e-05 0.0
0.0196684 4.44923e-05 0.0
0.0195659 6.2412e-05 0.0
0.0194573 7.86027e-05 0.0
0.0193424 9.3131e-05 0.0
0.0192226 0.00010626 0.0
0.0190988 0.000117191 0.0
0.018971 0.000126413 0.0
0.0188395 0.000134625 0.0
0.0187055 0.000140679 0.0
0.0185699 0.000144623 0.0
0.0184328 0.00014828 0.0
0.018294 0.000150262 0.0
0.0181552 0.000150002 0.0
0.0180169 0.000150035 0.0
0.0178781 0.000148953 0.0
0.0177401 0.000145941 0.0
0.0176038 0.000143078 0.0
0.0174685 0.000139971 0.0
0.0173344 0.000135201 0.0
0.0172027 0.000130346 0.0
0.017073 0.000125589 0.0
0.0169453 0.000119934 0.0
0.0168203 0.000114108 0.0
0.0166978 0.000108516 0.0
0.0165778 0.000102525 0.0
0.0164608 9.69911e-05 0.0
0.0163462 9.17206e-05 0.0
0.016234 8.62304e-05 0.0
0.0161246 8.17538e-05 0.0
0.0160177 7.78231e-05 0.0
0.0159126 7.36366e-05 0.0
0.0158096 7.02865e-05 0.0
0.0157088 6.79856e-05 0.0
0.0156097 6.54149e-05 0.0
0.0155119 6.30373e-05 0.0
0.0154158 6.17459e-05 0.0
0.0153212 6.07103e-05 0.0
0.0152279 5.93089e-05 0.0
0.0151357 5.86445e-05 0.0
0.0150447 5.87537e-05 0.0
0.0149547 5.8723e-05 0.0
0.0148657 5.91947e-05 0.0
0.0147773 6.06554e-05 0.0
0.0146892 6.24759e-05 0.0
0.0146016 6.50993e-05 0.0
0.0145139 6.88494e-05 0.0
0.0144257 7.32707e-05 0.0
0.0143368 7.87936e-05 0.0
0.0142467 8.55807e-05 0.0
0.014155 9.33304e-05 0.0
0.0140612 0.000102084 0.0
0.013965 0.000111856 0.0
0.0138659 0.000122601 0.0
0.0137633 0.000134217 0.0
0.0136573 0.000146191 0.0
0.0135475 0.00015842 0.0
0.0134333 0.000171122 0.0
0.0133149 0.000183682 0.0
0.0131928 0.000195448 0.0
0.0130665 0.000206606 0.0
0.0129358 0.000217138 0.0
0.0128018 0.000226389 0.0
0.0126651 0.000233945 0.0
0.0125254 0.000239968 0.0
0.0123833 0.000244705 0.0
0.01224 0.000247621 0.0
0.012096 0.000248225 0.0
0.0119514 0.000247422 0.0
0.0118071 0.0002454 0.0
0.011664 0.000241187 0.0
0.0115225 0.000235467 0.0
0.0113829 0.00022902 0.0
0.0112458 0.000221213 0.0
0.0111119 0.000212205 0.0
0.0109814 0.000202715 0.0
0.0108541 0.000192656 0.0
0.0107309 0.00018202 0.0
0.0106118 0.000171158 0.0
0.0104967 0.000160203 0.0
0.0103858 0.000149203 0.0
0.0102792 0.000138317 0.0
0.0101769 0.000127612 0.0
0.0100786 0.000117162 0.0
0.00998442 0.000107073 0.0
0.00989436 9.73738e-05 0.0
0.00980815 8.80635e-05 0.0
0.00972562 7.92191e-05 0.0
0.00964672 7.08687e-05 0.0
0.00957132 6.29846e-05 0.0
0.00949918 5.55723e-05 0.0
0.00943014 4.86625e-05 0.0
0.00936408 4.22319e-05 0.0
0.00930085 3.6256e-05 0.0
0.00924024 3.07315e-05 0.0
0.0091821 2.56486e-05 0.0
0.00912632 2.09774e-05 0.0
0.00907274 1.66996e-05 0.0
0.0090212 1.27965e-05 0.0
0.00897156 9.24542e-06 0.0
0.00892374 6.02367e-06 0.0
0.0088776 3.11172e-06 0.0
0.00883301 4.84525e-07 0.0
0.00878988 -1.87753e-06 0.0
0.00874812 -3.99227e-06 0.0
0.00870764 -5.88072e-06 0.0
0.00866833 -7.56458e-06 0.0
0.00863013 -9.0579e-06 0.0
0.00859299 -1.03765e-05 0.0
0.0085568 -1.15391e-05 0.0
0.00852153 -1.25609e-05 0.0
0.00848712 -1.34523e-05 0.0
0.00845351 -1.42272e-05 0.0
0.00842066 -1.48994e-05 0.0
0.00838853 -1.54786e-05 0.0
0.00835708 -1.59732e-05 0.0
0.00832627 -1.6394e-05 0.0
0.00829607 -1.675e-05 0.0
0.00826646 -1.70473e-05 0.0
0.00823741 -1.72927e-05 0.0
0.00820889 -1.74936e-05 0.0
0.00818088 -1.76553e-05 0.0
0.00815338 -1.77818e-05 0.0
0.00812635 -1.78782e-05 0.0
0.00809978 -1.79489e-05 0.0
0.00807367 -1.79969e-05 0.0
0.00804799 -1.8025e-05 0.0
0.00802274 -1.80363e-05 0.0
0.00799791 -1.80334e-05 0.0
0.00797348 -1.80177e-05 0.0
0.00794946 -1.79913e-05 0.0
0.00792583 -1.79557e-05 0.0
0.00790258 -1.79122e-05 0.0
0.00787971 -1.78617e-05 0.0
0.00785721 -1.78051e-05 0.0
0.00783509 -1.77433e-05 0.0
0.00781332 -1.76767e-05 0.0
0.00779191 -1.76058e-05 0.0
0.00777086 -1.7531e-05 0.0
0.00775016 -1.74525e-05 0.0
0.0077298 -1.73705e-05 0.0
0.00770978 -1.72851e-05 0.0
0.00769009 -1.71965e-05 0.0
0.00767074 -1.71046e-05 0.0
0.00765173 -1.70093e-05 0.0
0.00763303 -1.69108e-05 0.0
0.00761466 -1.6809e-05 0.0
0.00759661 -1.67037e-05 0.0
0.00757887 -1.65951e-05 0.0
0.00756145 -1.6483e-05 0.0
0.00754433 -1.63674e-05 0.0
0.00752752 -1.62483e-05 0.0
0.00751101 -1.61258e-05 0.0
0.0074948 -1.59999e-05 0.0
0.00747888 -1.58708e-05 0.0
0.00746326 -1.57385e-05 0.0
0.00744793 -1.56033e-05 0.0
0.00743288 -1.54656e-05 0.0
0.00741812 -1.53255e-05 0.0
0.00740364 -1.51835e-05 0.0
0.00738943 -1.50401e-05 0.0
0.00737551 -1.4896e-05 0.0
0.00736186 -1.47516e-05 0.0
0.00734848 -1.4608e-05 0.0
0.00733538 -1.44659e-05 0.0
0.00732255 -1.43264e-05 0.0
0.00730999 -1.41906e-05 0.0
0.0072977 -1.40601e-05 0.0
0.00728568 -1.39361e-05 0.0
0.00727394 -1.38203e-05 0.0
0.00726247 -1.37148e-05 0.0
0.00725129 -1.36216e-05 0.0
0.00724038 -1.35428e-05 0.0
0.00722976 -1.34808e-05 0.0
0.00721943 -1.34392e-05 0.0
0.0072094 -1.34201e-05 0.0
0.00719968 -1.34266e-05 0.0
0.00719027 -1.34626e-05 0.0
0.00718119 -1.35327e-05 0.0
0.00717245 -1.36381e-05 0.0
0.00716406 -1.37843e-05 0.0
0.00715604 -1.3975e-05 0.0
0.00714841 -1.42151e-05 0.0
0.00714118 -1.45014e-05 0.0
0.00713437 -1.48434e-05 0.0
0.00712801 -1.52375e-05 0.0
0.00712212 -1.56849e-05 0.0
0.00711672 -1.6167e-05 0.0
0.00711184 -1.66916e-05 0.0
0.0071075 -1.72224e-05 0.0
0.00710374 -1.7741e-05 0.0
0.00710056 -1.81584e-05 0.0
0.00709801 -1.84572e-05 0.0
0.00709611 -1.85908e-05 0.0
0.00709479 -1.85791e-05 0.0
0.00709389 -1.85277e-05 0.0
0.0 0.0 0.0
0.0 0.0 0.0
0.0194345 0.000591038 0.0
0.019716 0.00166238 0.0
0.0201005 0.0021806 0.0
0.0206786 0.0023026 0.0
0.0212254 0.00284612 0.0
0.0215342 0.00293903 0.0
0.021446 0.00261002 0.0
0.0213291 0.00247377 0.0
0.0212894 0.0022951 0.0
0.0210365 0.00208546 0.0
0.0206172 0.00184289 0.0
0.0202937 0.00166375 0.0
0.0200194 0.00146725 0.0
0.0196369 0.00130022 0.0
0.0192348 0.001145 0.0
0.0189108 0.0010049 0.0
0.0185966 0.00086999 0.0
0.0182464 0.000759408 0.0
0.0179228 0.000655354 0.0
0.0176405 0.000556939 0.0
0.0173571 0.000469158 0.0
0.0170733 0.000393748 0.0
0.0168181 0.000320743 0.0
0.0165815 0.000252772 0.0
0.0163469 0.000193064 0.0
0.0161243 0.000138368 0.0
0.0159216 8.53882e-05 0.0
0.0157284 3.67728e-05 0.0
0.0155416 -7.20869e-06 0.0
0.0153681 -4.92692e-05 0.0
0.0152073 -8.96754e-05 0.0
0.0150537 -0.000127224 0.0
0.0149088 -0.000162665 0.0
0.0147752 -0.000197331 0.0
0.0146507 -0.00023091 0.0
0.0145337 -0.00026313 0.0
0.0144257 -0.000294657 0.0
0.0143272 -0.000326229 0.0
0.0142371 -0.00035762 0.0
0.014155 -0.000388671 0.0
0.014082 -0.000420126 0.0
0.0140184 -0.000452662 0.0
0.0139637 -0.000485668 0.0
0.0139176 -0.000519159 0.0
0.0138818 -0.000554534 0.0
0.0138567 -0.000591715 0.0
0.0138412 -0.000629588 0.0
0.0138361 -0.000669495 0.0
0.0138441 -0.00071256 0.0
0.0138644 -0.00075699 0.0
0.0138954 -0.000803185 0.0
0.013941 -0.000853287 0.0
0.0140029 -0.00090538 0.0
0.0140779 -0.000958862 0.0
0.0141675 -0.0010165 0.0
0.0142765 -0.00107595 0.0
0.0144029 -0.00113515 0.0
0.0145449 -0.00119876 0.0
0.0147065 -0.00126361 0.0
0.0148887 -0.0013244 0.0
0.0150891 -0.00138727 0.0
0.0153083 -0.00145267 0.0
0.0155472 -0.00150915 0.0
0.0158046 -0.00156104 0.0
0.01608 -0.00161544 0.0
0.0163718 -0.001661 0.0
0.0166777 -0.00169202 0.0
0.0169971 -0.00172144 0.0
0.0173286 -0.00174559 0.0
0.0176681 -0.00175127 0.0
0.0180116 -0.00174629 0.0
0.0183592 -0.0017397 0.0
0.0187104 -0.00171789 0.0
0.0190566 -0.00167971 0.0
0.0193948 -0.00164053 0.0
0.0197308 -0.00159216 0.0
0.0200578 -0.00152739 0.0
0.020367 -0.00146337 0.0
0.0206651 -0.00139422 0.0
0.020951 -0.00131176 0.0
0.0212166 -0.00123233 0.0
0.0214637 -0.00115245 0.0
0.021694 -0.00106331 0.0
0.0219041 -0.000976938 0.0
0.0220944 -0.000894734 0.0
0.0222642 -0.000809649 0.0
0.0224139 -0.000726131 0.0
0.022545 -0.000646976 0.0
0.0226567 -0.000572162 0.0
0.0227485 -0.000499104 0.0
0.0228233 -0.000428867 0.0
0.0228819 -0.000365033 0.0
0.0229232 -0.000305305 0.0
0.0229482 -0.000247322 0.0
0.02296 -0.000194401 0.0
0.0229587 -0.000146176 0.0
0.0229428 -0.000100369 0.0
0.0229144 -5.74434e-05 0.0
0.0228765 -1.8322e-05 0.0
0.0228273 1.81918e-05 0.0
0.0227661 5.22212e-05 0.0
0.022696 8.4244e-05 0.0
0.0226181 0.00011376 0.0
0.0225304 0.000140643 0.0
0.0224338 0.000165591 0.0
0.0223304 0.000189096 0.0
0.0222204 0.000209526 0.0
0.0221033 0.000227319 0.0
0.0219802 0.000243632 0.0
0.0218523 0.00025765 0.0
0.0217203 0.000268387 0.0
0.0215844 0.000277348 0.0
0.0214449 0.000284467 0.0
0.0213036 0.000289021 0.0
0.0211609 0.000292088 0.0
0.021016 0.000293143 0.0
0.0208705 0.000292778 0.0
0.0207255 0.000291554 0.0
0.0205799 0.000288494 0.0
0.0204343 0.000284225 0.0
0.0202902 0.000279945 0.0
0.0201471 0.00027412 0.0
0.0200049 0.000267058 0.0
0.0198645 0.000260237 0.0
0.0197262 0.000252881 0.0
0.01959 0.000244112 0.0
0.0194563 0.000235932 0.0
0.0193246 0.000227996 0.0
0.0191956 0.000219158 0.0
0.0190697 0.000211167 0.0
0.0189458 0.000203989 0.0
0.018824 0.000196486 0.0
0.0187052 0.000189766 0.0
0.0185885 0.00018438 0.0
0.0184733 0.000179014 0.0
0.0183602 0.000173944 0.0
0.0182492 0.00017011 0.0
0.0181394 0.000166867 0.0
0.018031 0.000163347 0.0
0.0179246 0.000160593 0.0
0.0178193 0.000158659 0.0
0.0177152 0.00015661 0.0
0.0176126 0.000155042 0.0
0.0175112 0.000154412 0.0
0.0174107 0.000153973 0.0
0.0173115 0.000154449 0.0
0.0172126 0.000156163 0.0
0.017114 0.000158393 0.0
0.0170163 0.000162047 0.0
0.0169181 0.000167415 0.0
0.0168186 0.000173719 0.0
0.0167186 0.000181558 0.0
0.0166174 0.00019151 0.0
0.0165135 0.000202519 0.0
0.016407 0.000214731 0.0
0.0162978 0.000229052 0.0
0.0161853 0.000244348 0.0
0.0160684 0.000259747 0.0
0.0159471 0.00027645 0.0
0.0158216 0.000294082 0.0
0.0156915 0.000310577 0.0
0.0155564 0.000326386 0.0
0.0154164 0.000342641 0.0
0.0152721 0.000357426 0.0
0.0151238 0.000369401 0.0
0.0149715 0.00038033 0.0
0.0148155 0.000390057 0.0
0.0146571 0.000396329 0.0
0.0144971 0.000399954 0.0
0.0143352 0.000402236 0.0
0.0141723 0.000401776 0.0
0.0140102 0.000398418 0.0
0.0138487 0.000393229 0.0
0.013688 0.000386187 0.0
0.0135296 0.000377213 0.0
0.0133739 0.000366473 0.0
0.0132209 0.000354393 0.0
0.0130712 0.000341487 0.0
0.0129255 0.000327577 0.0
0.0127837 0.000312753 0.0
0.012646 0.000297728 0.0
0.0125127 0.000282605 0.0
0.012384 0.000267125 0.0
0.0122597 0.000251714 0.0
0.0121399 0.000236749 0.0
0.0120248 0.000222029 0.0
0.0119141 0.000207558 0.0
0.0118077 0.000193698 0.0
0.0117056 0.000180467 0.0
0.0116077 0.000167709 0.0
0.0115138 0.000155543 0.0
0.0114236 0.000144114 0.0
0.0113372 0.000133323 0.0
0.0112544 0.000123116 0.0
0.0111749 0.000113574 0.0
0.0110986 0.000104703 0.0
0.0110253 9.64169e-05 0.0
0.010955 8.87024e-05 0.0
0.0108873 8.15783e-05 0.0
0.0108222 7.50062e-05 0.0
0.0107595 6.89301e-05 0.0
0.0106991 6.33392e-05 0.0
0.0106407 5.82169e-05 0.0
0.0105844 5.35231e-05 0.0
0.01053 4.92217e-05 0.0
0.0104774 4.52948e-05 0.0
0.0104264 4.17169e-05 0.0
0.010377 3.84566e-05 0.0
0.010329 3.54871e-05 0.0
0.0102825 3.27889e-05 0.0
0.0102372 3.0339e-05 0.0
0.0101931 2.81139e-05 0.0
0.0101502 2.60929e-05 0.0
0.0101083 2.42593e-05 0.0
0.0100675 2.25952e-05 0.0
0.0100277 2.10833e-05 0.0
0.00998877 1.97083e-05 0.0
0.00995072 1.84576e-05 0.0
0.0099135 1.7318e-05 0.0
0.00987707 1.62772e-05 0.0
0.0098414 1.53247e-05 0.0
0.00980645 1.44516e-05 0.0
0.0097722 1.36486e-05 0.0
0.00973861 1.29076e-05 0.0
0.00970567 1.22216e-05 0.0
0.00967334 1.15846e-05 0.0
0.00964162 1.09906e-05 0.0
0.00961048 1.04343e-05 0.0
0.00957991 9.91164e-06 0.0
0.00954988 9.41861e-06 0.0
0.00952039 8.95151e-06 0.0
0.00949143 8.50737e-06 0.0
0.00946297 8.08371e-06 0.0
0.00943501 7.67822e-06 0.0
0.00940754 7.28881e-06 0.0
0.00938055 6.91391e-06 0.0
0.00935403 6.55219e-06 0.0
0.00932798 6.2024e-06 0.0
0.00930237 5.86353e-06 0.0
0.00927722 5.53487e-06 0.0
0.0092525 5.21577e-06 0.0
0.00922822 4.90569e-06 0.0
0.00920437 4.60422e-06 0.0
0.00918093 4.31113e-06 0.0
0.00915791 4.02616e-06 0.0
0.0091353 3.74913e-06 0.0
0.0091131 3.47996e-06 0.0
0.00909129 3.21859e-06 0.0
0.00906987 2.96495e-06 0.0
0.00904884 2.71901e-06 0.0
0.00902819 2.48075e-06 0.0
0.00900792 2.25012e-06 0.0
0.00898802 2.02707e-06 0.0
0.00896849 1.81152e-06 0.0
0.00894932 1.60336e-06 0.0
0.00893051 1.40241e-06 0.0
0.00891206 1.20847e-06 0.0
0.00889395 1.02127e-06 0.0
0.00887618 8.40474e-07 0.0
0.00885876 6.65628e-07 0.0
0.00884168 4.96239e-07 0.0
0.00882493 3.31711e-07 0.0
0.00880851 1.71294e-07 0.0
0.00879241 1.41199e-08 0.0
0.00877664 -1.40739e-07 0.0
0.00876119 -2.94421e-07 0.0
0.00874606 -4.48294e-07 0.0
0.00873125 -6.03773e-07 0.0
0.00871676 -7.6248e-07 0.0
0.00870258 -9.26365e-07 0.0
0.00868872 -1.09763e-06 0.0
0.00867517 -1.2784e-06 0.0
0.00866194 -1.47144e-06 0.0
0.00864904 -1.67975e-06 0.0
0.00863645 -1.90658e-06 0.0
0.0086242 -2.15497e-06 0.0
0.00861227 -2.42957e-06 0.0
0.00860069 -2.73416e-06 0.0
0.00858945 -3.07343e-06 0.0
0.00857857 -3.45152e-06 0.0
0.00856806 -3.87555e-06 0.0
0.00855793 -4.34861e-06 0.0
0.00854819 -4.87777e-06 0.0
0.00853887 -5.46724e-06 0.0
0.00852997 -6.12585e-06 0.0
0.00852153 -6.85165e-06 0.0
0.00851356 -7.65622e-06 0.0
0.00850609 -8.53565e-06 0.0
0.00849914 -9.49507e-06 0.0
0.00849276 -1.05178e-05 0.0
0.00848697 -1.16177e-05 0.0
0.0084818 -1.27456e-05 0.0
0.00847729 -1.38896e-05 0.0
0.0084735 -1.49932e-05 0.0
0.00847048 -1.60318e-05 0.0
0.00846826 -1.68471e-05 0.0
0.00846677 -1.74369e-05 0.0
0.00846583 -1.76974e-05 0.0
0.0 0.0 0.0
0.0 0.0 0.0
0.0192793 0.000368463 0.0
0.0195829 0.00131339 0.0
0.0200364 0.00167548 0.0
0.0202904 0.0020497 0.0
0.0206075 0.0023994 0.0
0.0211012 0.0025122 0.0
0.0214374 0.002599 0.0
0.0215638 0.00252408 0.0
0.0215518 0.00235359 0.0
0.0214972 0.00226149 0.0
0.0214242 0.0021029 0.0
0.0212761 0.00191055 0.0
0.0210426 0.00174534 0.0
0.0207988 0.00161657 0.0
0.0205742 0.00144835 0.0
0.0203235 0.00129598 0.0
0.0200447 0.00117562 0.0
0.0197786 0.00106013 0.0
0.019529 0.000933025 0.0
0.0192718 0.000828302 0.0
0.0190147 0.000738989 0.0
0.018774 0.000647384 0.0
0.0185439 0.000558238 0.0
0.0183156 0.000484462 0.0
0.0180967 0.000415546 0.0
0.0178913 0.00034588 0.0
0.0176937 0.000282239 0.0
0.0175025 0.000226414 0.0
0.0173221 0.000171605 0.0
0.0171518 0.000118006 0.0
0.0169887 6.92495e-05 0.0
0.0168339 2.35677e-05 0.0
0.0166887 -2.19186e-05 0.0
0.0165518 -6.58329e-05 0.0
0.0164224 -0.000107194 0.0
0.0163015 -0.000147798 0.0
0.0161892 -0.000188532 0.0
0.0160849 -0.000228566 0.0
0.0159885 -0.000267862 0.0
0.0159008 -0.000307615 0.0
0.0158216 -0.000348395 0.0
0.0157509 -0.00038958 0.0
0.0156889 -0.000431161 0.0
0.0156364 -0.000474628 0.0
0.0155937 -0.000520344 0.0
0.0155603 -0.000566956 0.0
0.0155372 -0.000615354 0.0
0.015526 -0.000667587 0.0
0.0155261 -0.000722283 0.0
0.0155371 -0.000778344 0.0
0.015562 -0.000838589 0.0
0.0156019 -0.000903104 0.0
0.0156543 -0.000969295 0.0
0.0157217 -0.0010389 0.0
0.0158077 -0.00111295 0.0
0.0159101 -0.00118913 0.0
0.0160287 -0.00126817 0.0
0.016168 -0.00134997 0.0
0.016327 -0.00143145 0.0
0.0165049 -0.00151552 0.0
0.016705 -0.0016003 0.0
0.0169252 -0.00167971 0.0
0.0171644 -0.00175729 0.0
0.0174273 -0.00183505 0.0
0.01771 -0.001902 0.0
0.0180059 -0.00195993 0.0
0.0183222 -0.00201442 0.0
0.0186583 -0.00205647 0.0
0.0190003 -0.00208317 0.0
0.0193508 -0.00210221 0.0
0.0197175 -0.0021063 0.0
0.0200854 -0.00209473 0.0
0.0204485 -0.00207525 0.0
0.0208166 -0.00203849 0.0
0.0211819 -0.00198552 0.0
0.0215341 -0.00193244 0.0
0.0218804 -0.00186283 0.0
0.0222162 -0.001776 0.0
0.022535 -0.00169463 0.0
0.0228413 -0.00160466 0.0
0.0231313 -0.00149958 0.0
0.0234002 -0.00139892 0.0
0.0236524 -0.00129798 0.0
0.0238858 -0.00118969 0.0
0.0240975 -0.00108374 0.0
0.0242891 -0.000980087 0.0
0.0244607 -0.000878554 0.0
0.0246122 -0.00077917 0.0
0.0247447 -0.000682626 0.0
0.0248574 -0.000592433 0.0
0.0249516 -0.000506616 0.0
0.0250288 -0.000423596 0.0
0.0250897 -0.000346868 0.0
0.0251342 -0.000275716 0.0
0.0251631 -0.00020844 0.0
0.0251784 -0.000144976 0.0
0.025181 -8.66833e-05 0.0
0.0251701 -3.26432e-05 0.0
0.0251464 1.84236e-05 0.0
0.025112 6.65018e-05 0.0
0.0250672 0.000110776 0.0
0.025011 0.000152212 0.0
0.0249447 0.000191029 0.0
0.0248696 0.000227602 0.0
0.0247852 0.000260998 0.0
0.0246917 0.000291621 0.0
0.0245905 0.000319582 0.0
0.024482 0.000344629 0.0
0.0243664 0.000366587 0.0
0.0242445 0.000385722 0.0
0.0241175 0.000400994 0.0
0.0239861 0.000413761 0.0
0.0238502 0.000424589 0.0
0.0237108 0.000430945 0.0
0.0235698 0.000435441 0.0
0.0234265 0.000439308 0.0
0.0232806 0.000439196 0.0
0.0231344 0.000437326 0.0
0.0229879 0.000435938 0.0
0.0228402 0.000431527 0.0
0.0226927 0.000425112 0.0
0.0225461 0.000419127 0.0
0.0223998 0.00041182 0.0
0.0222548 0.000402232 0.0
0.0221115 0.000392908 0.0
0.0219695 0.000383058 0.0
0.0218299 0.000372079 0.0
0.0216927 0.000361552 0.0
0.0215572 0.000350729 0.0
0.0214243 0.000339968 0.0
0.0212943 0.000330424 0.0
0.0211661 0.000320897 0.0
0.0210396 0.00031178 0.0
0.0209157 0.000304332 0.0
0.020794 0.000297311 0.0
0.0206734 0.000290489 0.0
0.0205542 0.000284879 0.0
0.020437 0.000280251 0.0
0.0203213 0.000275364 0.0
0.0202065 0.000270956 0.0
0.0200931 0.000267718 0.0
0.0199814 0.000264606 0.0
0.019871 0.000261368 0.0
0.0197617 0.000259467 0.0
0.0196535 0.000258371 0.0
0.0195465 0.000257578 0.0
0.0194408 0.000258453 0.0
0.0193356 0.000260612 0.0
0.0192304 0.00026397 0.0
0.0191255 0.000269488 0.0
0.0190204 0.00027689 0.0
0.0189142 0.000285929 0.0
0.0188062 0.000297211 0.0
0.0186965 0.000310776 0.0
0.0185844 0.000326354 0.0
0.0184689 0.000343426 0.0
0.0183498 0.000362095 0.0
0.0182264 0.000382754 0.0
0.0180984 0.000404244 0.0
0.0179656 0.000425511 0.0
0.0178276 0.000447337 0.0
0.0176838 0.000469413 0.0
0.0175349 0.00048981 0.0
0.0173815 0.000508431 0.0
0.0172228 0.000525829 0.0
0.0170591 0.000540958 0.0
0.0168924 0.00055302 0.0
0.0167225 0.000562074 0.0
0.0165494 0.000568202 0.0
0.0163745 0.000571589 0.0
0.016199 0.000571389 0.0
0.0160231 0.000567699 0.0
0.0158474 0.000561953 0.0
0.0156727 0.000553451 0.0
0.0155001 0.000541815 0.0
0.0153299 0.00052855 0.0
0.0151622 0.000513727 0.0
0.0149979 0.00049692 0.0
0.0148376 0.000478968 0.0
0.0146811 0.000460377 0.0
0.0145286 0.000440969 0.0
0.0143808 0.000421092 0.0
0.0142376 0.000401187 0.0
0.0140989 0.000381299 0.0
0.0139649 0.000361532 0.0
0.0138356 0.000342177 0.0
0.013711 0.000323321 0.0
0.0135909 0.000304997 0.0
0.0134753 0.000287327 0.0
0.0133641 0.000270412 0.0
0.0132571 0.000254242 0.0
0.0131542 0.000238844 0.0
0.0130553 0.000224261 0.0
0.0129602 0.000210504 0.0
0.0128687 0.000197542 0.0
0.0127807 0.000185367 0.0
0.0126961 0.000173973 0.0
0.0126146 0.000163341 0.0
0.0125361 0.000153426 0.0
0.0124604 0.0001442 0.0
0.0123874 0.00013564 0.0
0.012317 0.000127713 0.0
0.0122491 0.000120372 0.0
0.0121833 0.000113584 0.0
0.0121198 0.000107323 0.0
0.0120583 0.000101552 0.0
0.0119987 9.62275e-05 0.0
0.0119409 9.1323e-05 0.0
0.0118849 8.68119e-05 0.0
0.0118305 8.26583e-05 0.0
0.0117776 7.88297e-05 0.0
0.0117261 7.53054e-05 0.0
0.0116761 7.20602e-05 0.0
0.0116273 6.90652e-05 0.0
0.0115797 6.62981e-05 0.0
0.0115334 6.37423e-05 0.0
0.0114881 6.13762e-05 0.0
0.011444 5.91795e-05 0.0
0.0114008 5.71373e-05 0.0
0.0113586 5.52362e-05 0.0
0.0113173 5.346e-05 0.0
0.0112769 5.17955e-05 0.0
0.0112374 5.02327e-05 0.0
0.0111987 4.87613e-05 0.0
0.0111608 4.73702e-05 0.0
0.0111237 4.60516e-05 0.0
0.0110873 4.47984e-05 0.0
0.0110516 4.36034e-05 0.0
0.0110166 4.24599e-05 0.0
0.0109823 4.1363e-05 0.0
0.0109486 4.03083e-05 0.0
0.0109156 3.92909e-05 0.0
0.0108832 3.83072e-05 0.0
0.0108514 3.73543e-05 0.0
0.0108202 3.64293e-05 0.0
0.0107895 3.55296e-05 0.0
0.0107595 3.46531e-05 0.0
0.01073 3.37984e-05 0.0
0.010701 3.29637e-05 0.0
0.0106726 3.21478e-05 0.0
0.0106447 3.13496e-05 0.0
0.0106173 3.05684e-05 0.0
0.0105905 2.98033e-05 0.0
0.0105641 2.90538e-05 0.0
0.0105382 2.83195e-05 0.0
0.0105128 2.75999e-05 0.0
0.0104879 2.68947e-05 0.0
0.0104634 2.62038e-05 0.0
0.0104394 2.55269e-05 0.0
0.0104159 2.48637e-05 0.0
0.0103928 2.42142e-05 0.0
0.0103701 2.35782e-05 0.0
0.0103479 2.29555e-05 0.0
0.0103261 2.23459e-05 0.0
0.0103047 2.1749e-05 0.0
0.0102838 2.11647e-05 0.0
0.0102632 2.05926e-05 0.0
0.010243 2.00321e-05 0.0
0.0102233 1.94829e-05 0.0
0.0102039 1.89442e-05 0.0
0.0101849 1.84154e-05 0.0
0.0101663 1.78956e-05 0.0
0.010148 1.73837e-05 0.0
0.0101302 1.68787e-05 0.0
0.0101127 1.63792e-05 0.0
0.0100955 1.58837e-05 0.0
0.0100788 1.53906e-05 0.0
0.0100623 1.48977e-05 0.0
0.0100463 1.44029e-05 0.0
0.0100306 1.39038e-05 0.0
0.0100152 1.33977e-05 0.0
0.0100002 1.28812e-05 0.0
0.00998556 1.23511e-05 0.0
0.00997126 1.18038e-05 0.0
0.00995732 1.12344e-05 0.0
0.00994374 1.06386e-05 0.0
0.00993053 1.00116e-05 0.0
0.00991768 9.34786e-06 0.0
0.00990522 8.6401e-06 0.0
0.00989314 7.88338e-06 0.0
0.00988146 7.07042e-06 0.0
0.00987019 6.19368e-06 0.0
0.00985934 5.24371e-06 0.0
0.00984894 4.2172e-06 0.0
0.009839 3.10255e-06 0.0
0.00982955 1.89424e-06 0.0
0.0098206 5.82186e-07 0.0
0.0098122 -8.28841e-07 0.0
0.00980436 -2.3541e-06 0.0
0.00979712 -3.98116e-06 0.0
0.00979054 -5.71768e-06 0.0
0.00978464 -7.5256e-06 0.0
0.00977949 -9.40857e-06 0.0
0.00977515 -1.13017e-05 0.0
0.00977167 -1.31872e-05 0.0
0.00976912 -1.48654e-05 0.0
0.00976748 -1.62281e-05 0.0
0.00976653 -1.6855e-05 0.0
0.0 0.0 0.0
0.0 0.0 0.0
0.0191834 0.000445678 0.0
0.0193965 0.000770733 0.0
0.0197431 0.00124783 0.0
0.02012 0.00188866 0.0
0.0204521 0.00194114 0.0
0.0207457 0.00210558 0.0
0.0210983 0.00236022 0.0
0.0213835 0.00238683 0.0
0.0215011 0.00229484 0.0
0.0216076 0.00224495 0.0
0.0216914 0.00215945 0.0
0.021643 0.002046 0.0
0.0215381 0.00190635 0.0
0.0214664 0.00177848 0.0
0.0213544 0.00164724 0.0
0.0211669 0.00152623 0.0
0.0209845 0.00139667 0.0
0.0208251 0.00127584 0.0
0.0206356 0.00116489 0.0
0.0204222 0.00106245 0.0
0.0202283 0.000957671 0.0
0.0200429 0.000862186 0.0
0.0198432 0.000775762 0.0
0.019645 0.000693135 0.0
0.0194628 0.000611866 0.0
0.0192832 0.000538393 0.0
0.0191018 0.000470084 0.0
0.0189295 0.000403583 0.0
0.0187676 0.000339891 0.0
0.0186084 0.000281191 0.0
0.0184539 0.000224797 0.0
0.018309 0.000169662 0.0
0.0181713 0.000116901 0.0
0.0180382 6.6523e-05 0.0
0.0179124 1.6939e-05 0.0
0.0177949 -3.19995e-05 0.0
0.0176838 -7.99471e-05 0.0
0.0175793 -0.000127287 0.0
0.0174825 -0.000174892 0.0
0.0173937 -0.000223089 0.0
0.0173121 -0.00027166 0.0
0.0172382 -0.000320801 0.0
0.0171728 -0.000371772 0.0
0.0171164 -0.000424786 0.0
0.0170684 -0.000478921 0.0
0.0170293 -0.000535232 0.0
0.0170009 -0.000595559 0.0
0.0169834 -0.000658354 0.0
0.0169753 -0.000723073 0.0
0.0169793 -0.0007929 0.0
0.0169979 -0.000867461 0.0
0.0170285 -0.000943718 0.0
0.0170712 -0.00102485 0.0
0.017132 -0.00111245 0.0
0.0172102 -0.00120173 0.0
0.0173018 -0.00129475 0.0
0.0174123 -0.00139451 0.0
0.0175456 -0.00149458 0.0
0.0176973 -0.00159559 0.0
0.0178679 -0.00170326 0.0
0.018062 -0.00180763 0.0
0.0182796 -0.00190665 0.0
0.0185186 -0.00200946 0.0
0.0187784 -0.0021083 0.0
0.0190599 -0.00219095 0.0
0.019364 -0.00226935 0.0
0.0196865 -0.00234466 0.0
0.0200234 -0.00239929 0.0
0.0203762 -0.0024346 0.0
0.0207422 -0.0024658 0.0
0.0211162 -0.0024817 0.0
0.0214953 -0.00246863 0.0
0.0218756 -0.0024437 0.0
0.0222567 -0.00241449 0.0
0.0226375 -0.0023573 0.0
0.0230064 -0.00228317 0.0
0.0233647 -0.0022109 0.0
0.0237189 -0.002118 0.0
0.0240568 -0.00201075 0.0
0.0243737 -0.00190765 0.0
0.0246781 -0.00179108 0.0
0.0249654 -0.00166542 0.0
0.0252308 -0.0015459 0.0
0.0254758 -0.00142065 0.0
0.0257001 -0.00129173 0.0
0.0259051 -0.00116772 0.0
0.0260899 -0.00104626 0.0
0.0262518 -0.000927513 0.0
0.0263946 -0.000811489 0.0
0.0265205 -0.000701111 0.0
0.0266272 -0.000598676 0.0
0.0267147 -0.000499137 0.0
0.0267866 -0.000405055 0.0
0.0268449 -0.000318711 0.0
0.026887 -0.000237254 0.0
0.0269135 -0.000159968 0.0
0.0269288 -8.88687e-05 0.0
0.0269326 -2.2061e-05 0.0
0.0269223 4.0907e-05 0.0
0.0269003 9.96057e-05 0.0
0.0268695 0.000154866 0.0
0.0268275 0.000207004 0.0
0.0267737 0.000255417 0.0
0.0267106 0.000301681 0.0
0.026639 0.000344358 0.0
0.0265574 0.000383233 0.0
0.0264664 0.000419377 0.0
0.0263676 0.000452777 0.0
0.0262618 0.00048092 0.0
0.0261492 0.000505392 0.0
0.0260299 0.000527434 0.0
0.0259054 0.000544693 0.0
0.0257777 0.000557885 0.0
0.0256457 0.000568946 0.0
0.0255096 0.000576093 0.0
0.0253723 0.000580646 0.0
0.0252332 0.000583506 0.0
0.025091 0.000583067 0.0
0.0249481 0.000581256 0.0
0.0248051 0.000578003 0.0
0.0246606 0.000572399 0.0
0.0245156 0.000565156 0.0
0.0243715 0.000557322 0.0
0.0242278 0.000547246 0.0
0.0240848 0.000535856 0.0
0.0239432 0.000524673 0.0
0.0238029 0.00051192 0.0
0.0236651 0.000498355 0.0
0.0235294 0.000486174 0.0
0.0233949 0.000473349 0.0
0.0232627 0.000460374 0.0
0.0231334 0.000449516 0.0
0.0230053 0.000439182 0.0
0.0228784 0.000428692 0.0
0.0227537 0.00041992 0.0
0.0226304 0.000412929 0.0
0.0225079 0.000405433 0.0
0.0223868 0.000398371 0.0
0.022267 0.000393146 0.0
0.022148 0.000388105 0.0
0.0220306 0.000382364 0.0
0.0219146 0.000377964 0.0
0.0217995 0.000374291 0.0
0.0216861 0.000370416 0.0
0.0215744 0.000368008 0.0
0.0214634 0.000366538 0.0
0.0213538 0.000365901 0.0
0.0212456 0.000367653 0.0
0.0211374 0.000371153 0.0
0.0210294 0.000376048 0.0
0.020922 0.000384022 0.0
0.0208134 0.000394764 0.0
0.020703 0.000407387 0.0
0.0205914 0.000422975 0.0
0.0204775 0.000441688 0.0
0.0203597 0.00046212 0.0
0.0202381 0.000484883 0.0
0.0201126 0.000510291 0.0
0.0199823 0.000536376 0.0
0.0198462 0.000562854 0.0
0.0197043 0.000590796 0.0
0.019557 0.000618453 0.0
0.0194041 0.000643637 0.0
0.0192448 0.000667683 0.0
0.01908 0.000690924 0.0
0.0189105 0.00071015 0.0
0.0187369 0.000725006 0.0
0.018559 0.000738061 0.0
0.0183777 0.000747431 0.0
0.0181948 0.000751162 0.0
0.0180107 0.00075174 0.0
0.0178251 0.000749263 0.0
0.0176398 0.000742376 0.0
0.0174562 0.000732021 0.0
0.0172735 0.000718901 0.0
0.0170927 0.000703214 0.0
0.0169152 0.000685132 0.0
0.0167408 0.000664847 0.0
0.0165696 0.000643161 0.0
0.0164024 0.000620554 0.0
0.0162397 0.000596795 0.0
0.0160811 0.000572325 0.0
0.0159269 0.000547883 0.0
0.0157775 0.000523434 0.0
0.0156328 0.000498889 0.0
0.0154926 0.000474791 0.0
0.0153571 0.000451395 0.0
0.0152263 0.00042853 0.0
0.0151 0.000406305 0.0
0.0149781 0.000385032 0.0
0.0148605 0.00036468 0.0
0.0147472 0.00034516 0.0
0.014638 0.000326587 0.0
0.0145326 0.000309047 0.0
0.0144311 0.000292445 0.0
0.0143333 0.000276757 0.0
0.0142389 0.000262023 0.0
0.0141479 0.000248217 0.0
0.0140601 0.000235266 0.0
0.0139753 0.000223155 0.0
0.0138934 0.000211862 0.0
0.0138143 0.000201337 0.0
0.0137379 0.00019153 0.0
0.0136639 0.000182413 0.0
0.0135923 0.000173943 0.0
0.0135229 0.000166075 0.0
0.0134557 0.000158771 0.0
0.0133905 0.000151993 0.0
0.0133273 0.000145702 0.0
0.0132659 0.000139862 0.0
0.0132062 0.000134439 0.0
0.0131482 0.000129401 0.0
0.0130917 0.000124714 0.0
0.0130368 0.000120352 0.0
0.0129833 0.000116287 0.0
0.0129311 0.000112491 0.0
0.0128803 0.000108942 0.0
0.0128306 0.000105619 0.0
0.0127822 0.000102499 0.0
0.0127349 9.9564e-05 0.0
0.0126887 9.67974e-05 0.0
0.0126436 9.41831e-05 0.0
0.0125994 9.17058e-05 0.0
0.0125563 8.93529e-05 0.0
0.012514 8.71127e-05 0.0
0.0124727 8.49738e-05 0.0
0.0124322 8.29264e-05 0.0
0.0123926 8.09622e-05 0.0
0.0123538 7.90731e-05 0.0
0.0123158 7.72518e-05 0.0
0.0122786 7.54922e-05 0.0
0.0122421 7.37889e-05 0.0
0.0122064 7.21369e-05 0.0
0.0121713 7.05317e-05 0.0
0.012137 6.89696e-05 0.0
0.0121033 6.74474e-05 0.0
0.0120703 6.5962e-05 0.0
0.012038 6.4511e-05 0.0
0.0120062 6.30923e-05 0.0
0.0119751 6.17041e-05 0.0
0.0119446 6.03445e-05 0.0
0.0119147 5.90125e-05 0.0
0.0118854 5.77068e-05 0.0
0.0118567 5.64265e-05 0.0
0.0118285 5.51706e-05 0.0
0.0118008 5.39386e-05 0.0
0.0117737 5.27299e-05 0.0
0.0117472 5.15439e-05 0.0
0.0117211 5.03803e-05 0.0
0.0116956 4.92384e-05 0.0
0.0116706 4.81181e-05 0.0
0.011646 4.70189e-05 0.0
0.011622 4.59405e-05 0.0
0.0115984 4.48824e-05 0.0
0.0115753 4.38441e-05 0.0
0.0115527 4.28253e-05 0.0
0.0115305 4.18252e-05 0.0
0.0115087 4.08433e-05 0.0
0.0114874 3.98789e-05 0.0
0.0114666 3.89309e-05 0.0
0.0114461 3.79986e-05 0.0
0.0114261 3.70807e-05 0.0
0.0114065 3.61759e-05 0.0
0.0113873 3.52827e-05 0.0
0.0113685 3.43995e-05 0.0
0.0113501 3.35243e-05 0.0
0.0113321 3.26549e-05 0.0
0.0113145 3.1789e-05 0.0
0.0112972 3.09236e-05 0.0
0.0112804 3.00558e-05 0.0
0.0112639 2.91821e-05 0.0
0.0112479 2.82986e-05 0.0
0.0112322 2.7401e-05 0.0
0.0112168 2.64845e-05 0.0
0.0112019 2.55441e-05 0.0
0.0111873 2.45736e-05 0.0
0.0111732 2.35667e-05 0.0
0.0111594 2.25168e-05 0.0
0.011146 2.14159e-05 0.0
0.0111331 2.02558e-05 0.0
0.0111205 1.90279e-05 0.0
0.0111084 1.7723e-05 0.0
0.0110967 1.63301e-05 0.0
0.0110855 1.48408e-05 0.0
0.0110748 1.32424e-05 0.0
0.0110645 1.1527e-05 0.0
0.0110548 9.68183e-06 0.0
0.0110457 7.70424e-06 0.0
0.0110371 5.57591e-06 0.0
0.0110292 3.3071e-06 0.0
0.011022 8.88265e-07 0.0
0.0110155 -1.66369e-06 0.0
0.0110098 -4.3629e-06 0.0
0.011005 -7.12565e-06 0.0
0.0110011 -9.94956e-06 0.0
0.0109982 -1.26454e-05 0.0
0.0109964 -1.49463e-05 0.0
0.0109954 -1.60052e-05 0.0
0.0 0.0 0.0
0.0 0.0 0.0
0.019381 0.000335612 0.0
0.0194816 0.000641931 0.0
0.0195223 0.00106471 0.0
0.0198324 0.00141182 0.0
0.020194 0.00163274 0.0
0.0204471 0.00193006 0.0
0.0207093 0.0019899 0.0
0.0210124 0.00208471 0.0
0.0212811 0.00216977 0.0
0.0214538 0.00214495 0.0
0.0215483 0.00206915 0.0
0.0216432 0.00203288 0.0
0.0217179 0.00194882 0.0
0.0217077 0.00184019 0.0
0.0216479 0.00173995 0.0
0.0216004 0.00164673 0.0
0.021537 0.0015293 0.0
0.0214234 0.00142275 0.0
0.0212955 0.00132587 0.0
0.0211793 0.00122616 0.0
0.0210504 0.00112285 0.0
0.0209005 0.00103361 0.0
0.0207534 0.000947792 0.0
0.020613 0.000860567 0.0
0.0204654 0.000777816 0.0
0.0203138 0.000703849 0.0
0.0201693 0.000630447 0.0
0.0200285 0.000558269 0.0
0.0198864 0.000491211 0.0
0.0197477 0.000428183 0.0
0.0196159 0.000365261 0.0
0.0194873 0.000304419 0.0
0.0193615 0.000246778 0.0
0.0192416 0.000190422 0.0
0.0191277 0.000134111 0.0
0.019018 7.91199e-05 0.0
0.0189136 2.52159e-05 0.0
0.0188157 -2.88955e-05 0.0
0.0187237 -8.36814e-05 0.0
0.0186375 -0.000138623 0.0
0.0185578 -0.000194053 0.0
0.0184854 -0.000251115 0.0
0.01842 -0.000310352 0.0
0.0183618 -0.000370957 0.0
0.0183114 -0.00043353 0.0
0.0182702 -0.000499965 0.0
0.0182377 -0.000569844 0.0
0.0182137 -0.000641799 0.0
0.0182006 -0.000718342 0.0
0.0181999 -0.000800841 0.0
0.018209 -0.000886547 0.0
0.0182297 -0.000976194 0.0
0.0182672 -0.00107328 0.0
0.0183192 -0.00117533 0.0
0.0183831 -0.00128093 0.0
0.0184664 -0.00139311 0.0
0.018571 -0.00150973 0.0
0.0186909 -0.00163007 0.0
0.018831 -0.00175573 0.0
0.018997 -0.00188086 0.0
0.0191832 -0.00200546 0.0
0.0193919 -0.00213614 0.0
0.0196279 -0.00225932 0.0
0.0198849 -0.00237141 0.0
0.0201643 -0.00248513 0.0
0.0204723 -0.00259075 0.0
0.020798 -0.00267102 0.0
0.0211367 -0.00274318 0.0
0.0215011 -0.00280702 0.0
0.0218809 -0.00284023 0.0
0.022259 -0.00285521 0.0
0.0226483 -0.00286056 0.0
0.023051 -0.00283538 0.0
0.023442 -0.00279197 0.0
0.0238259 -0.0027418 0.0
0.0242135 -0.00265841 0.0
0.0245865 -0.00256438 0.0
0.0249425 -0.00247142 0.0
0.0252897 -0.00234815 0.0
0.0256182 -0.00221592 0.0
0.0259277 -0.00209119 0.0
0.0262205 -0.00194986 0.0
0.0264906 -0.00180019 0.0
0.0267395 -0.00165607 0.0
0.0269688 -0.00151021 0.0
0.0271745 -0.00136428 0.0
0.0273597 -0.00121935 0.0
0.0275249 -0.0010795 0.0
0.0276688 -0.000948319 0.0
0.0277936 -0.000818409 0.0
0.0279019 -0.000694868 0.0
0.0279932 -0.000580898 0.0
0.0280672 -0.000472885 0.0
0.0281262 -0.000369551 0.0
0.0281733 -0.000273691 0.0
0.0282074 -0.000185079 0.0
0.0282272 -0.000101337 0.0
0.0282354 -2.16122e-05 0.0
0.0282352 5.20982e-05 0.0
0.0282236 0.000121203 0.0
0.0281995 0.000187125 0.0
0.0281667 0.000249859 0.0
0.0281256 0.000308659 0.0
0.0280736 0.000363772 0.0
0.0280116 0.000415615 0.0
0.0279412 0.000465073 0.0
0.0278622 0.000509372 0.0
0.0277747 0.000549626 0.0
0.027679 0.000585919 0.0
0.0275766 0.000617298 0.0
0.0274682 0.000644392 0.0
0.0273538 0.000666926 0.0
0.027235 0.000683412 0.0
0.0271134 0.000698447 0.0
0.0269871 0.00070946 0.0
0.0268579 0.00071442 0.0
0.0267277 0.000719929 0.0
0.0265948 0.000722703 0.0
0.0264593 0.000720561 0.0
0.0263229 0.000717972 0.0
0.0261854 0.000715023 0.0
0.0260469 0.000707305 0.0
0.0259082 0.000698042 0.0
0.0257693 0.000688981 0.0
0.0256307 0.000676898 0.0
0.0254941 0.00066297 0.0
0.0253584 0.000649581 0.0
0.0252235 0.000634345 0.0
0.0250915 0.000619401 0.0
0.0249615 0.000605319 0.0
0.0248324 0.00059056 0.0
0.0247053 0.000577289 0.0
0.0245805 0.000565493 0.0
0.0244566 0.000554222 0.0
0.0243333 0.000543972 0.0
0.0242115 0.000535309 0.0
0.0240911 0.000527209 0.0
0.0239707 0.000519627 0.0
0.0238508 0.000512827 0.0
0.0237325 0.000506642 0.0
0.0236152 0.000500092 0.0
0.0234987 0.000494054 0.0
0.0233834 0.000489182 0.0
0.0232696 0.000483947 0.0
0.0231577 0.000479522 0.0
0.0230472 0.00047718 0.0
0.0229374 0.000475542 0.0
0.0228291 0.000475756 0.0
0.0227225 0.000478851 0.0
0.022616 0.000483894 0.0
0.0225088 0.000491874 0.0
0.0224017 0.000503325 0.0
0.0222942 0.000517917 0.0
0.0221843 0.000535538 0.0
0.0220714 0.000556416 0.0
0.021956 0.000581013 0.0
0.021837 0.00060853 0.0
0.0217128 0.000637423 0.0
0.0215834 0.000668716 0.0
0.0214483 0.000702651 0.0
0.021307 0.000735958 0.0
0.0211597 0.000768078 0.0
0.0210057 0.000800868 0.0
0.0208446 0.000832027 0.0
0.0206783 0.000858859 0.0
0.0205069 0.000882889 0.0
0.0203293 0.000903979 0.0
0.0201475 0.000920084 0.0
0.0199633 0.000931354 0.0
0.019776 0.000937747 0.0
0.0195863 0.000939827 0.0
0.0193962 0.000937584 0.0
0.0192062 0.000929864 0.0
0.0190168 0.000918425 0.0
0.0188285 0.000904139 0.0
0.0186422 0.000885746 0.0
0.0184588 0.000864312 0.0
0.0182783 0.00084127 0.0
0.0181009 0.000816084 0.0
0.0179275 0.000788975 0.0
0.0177582 0.000761107 0.0
0.0175929 0.000732664 0.0
0.0174319 0.000703498 0.0
0.0172756 0.000674246 0.0
0.0171237 0.000645338 0.0
0.0169763 0.000616706 0.0
0.0168335 0.000588496 0.0
0.0166952 0.000561091 0.0
0.0165613 0.000534556 0.0
0.0164319 0.00050886 0.0
0.0163067 0.000484134 0.0
0.0161857 0.00046052 0.0
0.0160688 0.000437981 0.0
0.0159559 0.000416496 0.0
0.0158467 0.000396116 0.0
0.0157413 0.000376862 0.0
0.0156394 0.000358673 0.0
0.015541 0.000341515 0.0
0.0154458 0.000325384 0.0
0.0153538 0.000310254 0.0
0.0152648 0.000296057 0.0
0.0151787 0.00028275 0.0
0.0150954 0.000270308 0.0
0.0150147 0.000258685 0.0
0.0149365 0.000247817 0.0
0.0148608 0.000237665 0.0
0.0147873 0.000228194 0.0
0.014716 0.000219354 0.0
0.0146468 0.000211094 0.0
0.0145797 0.00020338 0.0
0.0145144 0.000196176 0.0
0.0144509 0.00018944 0.0
0.0143892 0.000183131 0.0
0.0143291 0.000177222 0.0
0.0142707 0.000171681 0.0
0.0142137 0.000166474 0.0
0.0141582 0.000161574 0.0
0.0141041 0.000156958 0.0
0.0140514 0.000152599 0.0
0.0139999 0.000148475 0.0
0.0139497 0.000144565 0.0
0.0139006 0.000140853 0.0
0.0138527 0.000137318 0.0
0.0138059 0.000133945 0.0
0.0137602 0.00013072 0.0
0.0137155 0.000127631 0.0
0.0136718 0.000124663 0.0
0.013629 0.000121808 0.0
0.0135872 0.000119055 0.0
0.0135463 0.000116396 0.0
0.0135063 0.000113822 0.0
0.0134671 0.000111327 0.0
0.0134287 0.000108905 0.0
0.0133912 0.000106549 0.0
0.0133544 0.000104255 0.0
0.0133184 0.000102019 0.0
0.0132832 9.98364e-05 0.0
0.0132487 9.77044e-05 0.0
0.0132149 9.56198e-05 0.0
0.0131818 9.35804e-05 0.0
0.0131493 9.15836e-05 0.0
0.0131176 8.96275e-05 0.0
0.0130864 8.77106e-05 0.0
0.013056 8.58314e-05 0.0
0.0130261 8.39886e-05 0.0
0.0129969 8.2181e-05 0.0
0.0129682 8.04078e-05 0.0
0.0129401 7.8668e-05 0.0
0.0129127 7.69609e-05 0.0
0.0128857 7.52857e-05 0.0
0.0128594 7.36418e-05 0.0
0.0128335 7.20286e-05 0.0
0.0128082 7.04453e-05 0.0
0.0127834 6.88914e-05 0.0
0.0127592 6.7366e-05 0.0
0.0127354 6.58685e-05 0.0
0.0127121 6.43981e-05 0.0
0.0126894 6.29537e-05 0.0
0.012667 6.15345e-05 0.0
0.0126452 6.01392e-05 0.0
0.0126238 5.87666e-05 0.0
0.0126029 5.74152e-05 0.0
0.0125824 5.60834e-05 0.0
0.0125623 5.47692e-05 0.0
0.0125427 5.34707e-05 0.0
0.0125235 5.21855e-05 0.0
0.0125047 5.09109e-05 0.0
0.0124864 4.96439e-05 0.0
0.0124684 4.83813e-05 0.0
0.0124509 4.71192e-05 0.0
0.0124338 4.58535e-05 0.0
0.012417 4.45798e-05 0.0
0.0124007 4.32927e-05 0.0
0.0123847 4.19863e-05 0.0
0.0123692 4.06548e-05 0.0
0.012354 3.9291e-05 0.0
0.0123393 3.7887e-05 0.0
0.0123249 3.64342e-05 0.0
0.012311 3.49245e-05 0.0
0.0122975 3.3347e-05 0.0
0.0122844 3.16904e-05 0.0
0.0122717 2.99441e-05 0.0
0.0122595 2.80959e-05 0.0
0.0122478 2.61318e-05 0.0
0.0122365 2.40377e-05 0.0
0.0122258 2.18029e-05 0.0
0.0122156 1.94099e-05 0.0
0.0122059 1.68486e-05 0.0
0.0121969 1.41023e-05 0.0
0.0121885 1.11696e-05 0.0
0.0121808 8.03077e-06 0.0
0.0121739 4.70091e-06 0.0
0.0121678 1.15667e-06 0.0
0.0121625 -2.54534e-06 0.0
0.0121583 -6.39725e-06 0.0
0.0121552 -1.01941e-05 0.0
0.0121533 -1.35609e-05 0.0
0.0121523 -1.51493e-05 0.0
0.0 0.0 0.0
0.0 0.0 0.0
0.0193043 0.000165796 0.0
0.0193624 0.000628542 0.0
0.0195325 0.00090548 0.0
0.019734 0.00104503 0.0
0.0199424 0.00140604 0.0
0.0202337 0.0016614 0.0
0.020486 0.00169689 0.0
0.0207092 0.0018425 0.0
0.0209673 0.0019408 0.0
0.0211873 0.00196309 0.0
0.0213464 0.0019449 0.0
0.0214997 0.00193028 0.0
0.0216169 0.00188465 0.0
0.0216742 0.00182812 0.0
0.0217172 0.00174897 0.0
0.0217519 0.00166908 0.0
0.0217395 0.00158731 0.0
0.0216962 0.00150429 0.0
0.0216571 0.00140914 0.0
0.0216052 0.0013208 0.0
0.0215231 0.00123734 0.0
0.0214333 0.00115227 0.0
0.0213483 0.00106419 0.0
0.0212522 0.000984598 0.0
0.0211433 0.000908218 0.0
0.0210366 0.000830832 0.0
0.0209322 0.000755336 0.0
0.0208216 0.00068598 0.0
0.020709 0.000617672 0.0
0.0206008 0.000549614 0.0
0.020494 0.000484454 0.0
0.0203859 0.00042234 0.0
0.0202809 0.000360255 0.0
0.0201801 0.000298904 0.0
0.0200813 0.000239269 0.0
0.0199852 0.000180367 0.0
0.0198936 0.000120943 0.0
0.0198063 6.14519e-05 0.0
0.0197229 1.89025e-06 0.0
0.0196441 -5.83915e-05 0.0
0.0195707 -0.000120332 0.0
0.0195027 -0.000184047 0.0
0.0194403 -0.000249193 0.0
0.019384 -0.000316535 0.0
0.0193345 -0.000387865 0.0
0.0192926 -0.000462371 0.0
0.0192577 -0.00053919 0.0
0.0192309 -0.00062119 0.0
0.0192144 -0.00070964 0.0
0.0192073 -0.000800937 0.0
0.0192089 -0.000896928 0.0
0.0192241 -0.00100234 0.0
0.0192535 -0.00111312 0.0
0.0192934 -0.00122661 0.0
0.019348 -0.00135023 0.0
0.0194237 -0.0014819 0.0
0.0195154 -0.00161457 0.0
0.0196227 -0.00175537 0.0
0.0197542 -0.00190371 0.0
0.0199104 -0.00205003 0.0
0.0200875 -0.00220027 0.0
0.0202882 -0.00235531 0.0
0.0205158 -0.0024999 0.0
0.0207719 -0.00264049 0.0
0.0210535 -0.0027805 0.0
0.0213553 -0.00290454 0.0
0.0216833 -0.00300662 0.0
0.0220382 -0.00310137 0.0
0.0224064 -0.00317997 0.0
0.0227862 -0.00322553 0.0
0.0231841 -0.0032465 0.0
0.023588 -0.00325792 0.0
0.0239926 -0.00324282 0.0
0.0243979 -0.00318568 0.0
0.0247958 -0.0031241 0.0
0.0251895 -0.00305064 0.0
0.0255747 -0.00293541 0.0
0.0259367 -0.00281546 0.0
0.0262851 -0.00269203 0.0
0.0266219 -0.00254058 0.0
0.0269327 -0.00238572 0.0
0.027219 -0.00223012 0.0
0.0274855 -0.00205949 0.0
0.0277292 -0.00189078 0.0
0.0279507 -0.00172357 0.0
0.0281458 -0.00155385 0.0
0.0283174 -0.00139038 0.0
0.0284719 -0.00122887 0.0
0.0286065 -0.00107613 0.0
0.0287189 -0.0009306 0.0
0.0288139 -0.000789882 0.0
0.0288959 -0.000658546 0.0
0.0289637 -0.000536242 0.0
0.0290151 -0.000419849 0.0
0.0290543 -0.000311693 0.0
0.0290851 -0.000210634 0.0
0.0291047 -0.000114957 0.0
0.0291122 -2.6071e-05 0.0
0.0291121 5.70428e-05 0.0
0.0291038 0.000137485 0.0
0.0290854 0.000212647 0.0
0.0290583 0.000283533 0.0
0.0290235 0.000351953 0.0
0.0289794 0.000416662 0.0
0.0289256 0.0004774 0.0
0.0288634 0.000535672 0.0
0.0287932 0.000588418 0.0
0.0287142 0.000636241 0.0
0.0286271 0.000680392 0.0
0.0285332 0.000719372 0.0
0.0284341 0.000750189 0.0
0.0283306 0.000777724 0.0
0.028221 0.000800789 0.0
0.0281084 0.000816661 0.0
0.0279951 0.000830601 0.0
0.0278777 0.000840603 0.0
0.027757 0.000846304 0.0
0.0276363 0.000850357 0.0
0.0275133 0.000852664 0.0
0.027387 0.000850848 0.0
0.0272602 0.000847345 0.0
0.0271327 0.000842074 0.0
0.0270032 0.000833763 0.0
0.0268737 0.000823047 0.0
0.0267446 0.000811176 0.0
0.0266158 0.000795918 0.0
0.026489 0.000780642 0.0
0.026363 0.000765029 0.0
0.026238 0.000747103 0.0
0.026116 0.000730687 0.0
0.025996 0.000715884 0.0
0.0258759 0.000700408 0.0
0.0257573 0.000686139 0.0
0.0256407 0.00067519 0.0
0.0255242 0.000664421 0.0
0.0254077 0.000653648 0.0
0.0252916 0.00064535 0.0
0.0251759 0.00063864 0.0
0.0250606 0.000630176 0.0
0.0249459 0.000622297 0.0
0.0248313 0.000616361 0.0
0.0247178 0.000609174 0.0
0.0246066 0.000601522 0.0
0.0244963 0.000595831 0.0
0.0243867 0.000589929 0.0
0.0242801 0.000585213 0.0
0.0241751 0.000583038 0.0
0.0240708 0.000581728 0.0
0.0239682 0.000583155 0.0
0.0238667 0.000588708 0.0
0.023765 0.000596912 0.0
0.0236635 0.000607958 0.0
0.0235614 0.000624147 0.0
0.0234571 0.00064441 0.0
0.0233506 0.000667842 0.0
0.0232416 0.000695734 0.0
0.0231283 0.000727394 0.0
0.0230098 0.000761715 0.0
0.0228859 0.000799205 0.0
0.0227563 0.000838679 0.0
0.0226202 0.000878083 0.0
0.0224762 0.000917828 0.0
0.022325 0.000957719 0.0
0.0221677 0.000994725 0.0
0.0220034 0.00102732 0.0
0.0218321 0.00105756 0.0
0.0216553 0.00108437 0.0
0.0214743 0.00110348 0.0
0.0212896 0.00111723 0.0
0.0211011 0.00112774 0.0
0.0209104 0.00113098 0.0
0.0207199 0.00112785 0.0
0.0205287 0.00112089 0.0
0.0203371 0.00110898 0.0
0.0201476 0.0010922 0.0
0.0199604 0.00107165 0.0
0.0197748 0.00104791 0.0
0.0195921 0.00102155 0.0
0.0194133 0.000992753 0.0
0.0192378 0.000961956 0.0
0.0190657 0.000930079 0.0
0.0188979 0.000897449 0.0
0.0187344 0.000863991 0.0
0.018575 0.00083032 0.0
0.0184197 0.000796983 0.0
0.0182689 0.000763941 0.0
0.0181226 0.00073128 0.0
0.0179803 0.000699459 0.0
0.0178423 0.000668603 0.0
0.0177087 0.000638647 0.0
0.0175792 0.000609735 0.0
0.0174536 0.000582047 0.0
0.017332 0.000555536 0.0
0.0172144 0.000530193 0.0
0.0171005 0.000506088 0.0
0.0169901 0.000483225 0.0
0.0168833 0.000461539 0.0
0.01678 0.000441029 0.0
0.0166799 0.00042168 0.0
0.0165829 0.000403438 0.0
0.016489 0.000386253 0.0
0.016398 0.000370102 0.0
0.0163099 0.000354926 0.0
0.0162244 0.00034067 0.0
0.0161416 0.000327292 0.0
0.0160612 0.000314748 0.0
0.0159832 0.000302976 0.0
0.0159075 0.000291932 0.0
0.015834 0.000281575 0.0
0.0157627 0.000271854 0.0
0.0156933 0.000262722 0.0
0.0156259 0.000254141 0.0
0.0155603 0.000246074 0.0
0.0154965 0.000238477 0.0
0.0154344 0.000231314 0.0
0.015374 0.000224556 0.0
0.0153151 0.000218169 0.0
0.0152578 0.000212122 0.0
0.0152019 0.000206388 0.0
0.0151474 0.000200943 0.0
0.0150943 0.000195763 0.0
0.0150424 0.000190823 0.0
0.0149918 0.000186107 0.0
0.0149425 0.000181595 0.0
0.0148943 0.000177269 0.0
0.0148472 0.000173115 0.0
0.0148013 0.000169118 0.0
0.0147563 0.000165266 0.0
0.0147125 0.000161546 0.0
0.0146696 0.000157949 0.0
0.0146277 0.000154465 0.0
0.0145867 0.000151086 0.0
0.0145466 0.000147803 0.0
0.0145074 0.000144611 0.0
0.0144691 0.000141502 0.0
0.0144316 0.000138472 0.0
0.014395 0.000135516 0.0
0.0143591 0.000132629 0.0
0.014324 0.000129808 0.0
0.0142897 0.000127049 0.0
0.0142561 0.00012435 0.0
0.0142232 0.000121707 0.0
0.0141911 0.000119119 0.0
0.0141596 0.000116582 0.0
0.0141288 0.000114097 0.0
0.0140986 0.000111661 0.0
0.0140691 0.000109272 0.0
0.0140403 0.000106929 0.0
0.014012 0.000104631 0.0
0.0139844 0.000102378 0.0
0.0139573 0.000100167 0.0
0.0139308 9.79983e-05 0.0
0.0139049 9.58705e-05 0.0
0.0138795 9.37826e-05 0.0
0.0138547 9.17337e-05 0.0
0.0138304 8.97227e-05 0.0
0.0138067 8.77484e-05 0.0
0.0137834 8.58096e-05 0.0
0.0137607 8.39051e-05 0.0
0.0137384 8.20332e-05 0.0
0.0137167 8.01925e-05 0.0
0.0136954 7.83811e-05 0.0
0.0136745 7.6597e-05 0.0
0.0136541 7.48379e-05 0.0
0.0136342 7.31014e-05 0.0
0.0136147 7.13846e-05 0.0
0.0135957 6.96845e-05 0.0
0.0135771 6.79974e-05 0.0
0.0135589 6.63197e-05 0.0
0.0135411 6.46467e-05 0.0
0.0135237 6.29739e-05 0.0
0.0135068 6.12955e-05 0.0
0.0134902 5.9606e-05 0.0
0.0134741 5.78984e-05 0.0
0.0134584 5.61655e-05 0.0
0.013443 5.43989e-05 0.0
0.0134281 5.25904e-05 0.0
0.0134136 5.07291e-05 0.0
0.0133994 4.8805e-05 0.0
0.0133857 4.68058e-05 0.0
0.0133725 4.47193e-05 0.0
0.0133596 4.25308e-05 0.0
0.0133472 4.0226e-05 0.0
0.0133353 3.77884e-05 0.0
0.0133238 3.52017e-05 0.0
0.0133129 3.24487e-05 0.0
0.0133024 2.95087e-05 0.0
0.0132926 2.63659e-05 0.0
0.0132833 2.30019e-05 0.0
0.0132746 1.94014e-05 0.0
0.0132667 1.55357e-05 0.0
0.0132595 1.14143e-05 0.0
0.0132531 7.00967e-06 0.0
0.0132477 2.34e-06 0.0
0.0132432 -2.58827e-06 0.0
0.0132399 -7.55596e-06 0.0
0.0132379 -1.20971e-05 0.0
0.0132368 -1.42894e-05 0.0
0.0 0.0 0.0
0.0 0.0 0.0
0.0192681 0.00018063 0.0
0.0193602 0.000462692 0.0
0.0195156 0.000703019 0.0
0.019618 0.000979755 0.0
0.0197584 0.00118788 0.0
0.0200096 0.00130807 0.0
0.0202514 0.00151506 0.0
0.0204605 0.00165536 0.0
0.02066 0.00166861 0.0
0.0208807 0.0017461 0.0
0.0210965 0.00180112 0.0
0.0212542 0.00178738 0.0
0.0213774 0.00175543 0.0
0.021515 0.00174265 0.0
0.0216271 0.00169602 0.0
0.02168 0.00163458 0.0
0.0217189 0.00157367 0.0
0.0217659 0.00151082 0.0
0.0217812 0.0014346 0.0
0.0217609 0.00136214 0.0
0.0217407 0.00128892 0.0
0.02172 0.00121277 0.0
0.0216752 0.00113594 0.0
0.021616 0.00106406 0.0
0.0215604 0.000990653 0.0
0.0215 0.000917387 0.0
0.0214265 0.000847006 0.0
0.0213503 0.000779275 0.0
0.0212766 0.000710745 0.0
0.0211987 0.000643887 0.0
0.0211162 0.000579401 0.0
0.0210355 0.00051576 0.0
0.0209564 0.000451927 0.0
0.0208757 0.000389436 0.0
0.0207954 0.000327753 0.0
0.0207182 0.000265779 0.0
0.0206428 0.000203314 0.0
0.0205686 0.000140818 0.0
0.0204975 7.76012e-05 0.0
0.02043 1.29449e-05 0.0
0.0203655 -5.35347e-05 0.0
0.0203046 -0.000121639 0.0
0.0202482 -0.000191944 0.0
0.0201968 -0.000265647 0.0
0.0201504 -0.000343004 0.0
0.0201091 -0.000423238 0.0
0.0200744 -0.00050805 0.0
0.0200477 -0.000599059 0.0
0.0200274 -0.000694685 0.0
0.0200143 -0.000794907 0.0
0.020013 -0.000903764 0.0
0.0200227 -0.00102004 0.0
0.0200395 -0.001141 0.0
0.0200705 -0.00127081 0.0
0.0201208 -0.00141083 0.0
0.0201823 -0.001556 0.0
0.0202568 -0.00170936 0.0
0.0203585 -0.00187174 0.0
0.0204816 -0.00203694 0.0
0.0206195 -0.00221099 0.0
0.0207864 -0.00238979 0.0
0.0209845 -0.00256061 0.0
0.0212039 -0.00273558 0.0
0.0214531 -0.00291583 0.0
0.021735 -0.0030702 0.0
0.0220393 -0.00321241 0.0
0.0223726 -0.00335803 0.0
0.0227367 -0.00347312 0.0
0.023113 -0.0035477 0.0
0.0235043 -0.00362117 0.0
0.0239239 -0.00366739 0.0
0.0243442 -0.00366114 0.0
0.0247531 -0.00364544 0.0
0.0251764 -0.00360881 0.0
0.025597 -0.00352099 0.0
0.0259872 -0.00343278 0.0
0.0263699 -0.00332209 0.0
0.0267436 -0.00316965 0.0
0.0270884 -0.00302519 0.0
0.027411 -0.00286866 0.0
0.0277125 -0.00267885 0.0
0.0279872 -0.00249438 0.0
0.0282398 -0.00231087 0.0
0.0284629 -0.00211401 0.0
0.0286584 -0.00191929 0.0
0.0288337 -0.00172519 0.0
0.0289841 -0.00154181 0.0
0.029109 -0.00136257 0.0
0.0292161 -0.0011852 0.0
0.0293072 -0.00102185 0.0
0.0293803 -0.000869467 0.0
0.0294367 -0.000722191 0.0
0.0294827 -0.000584931 0.0
0.0295199 -0.000458446 0.0
0.0295443 -0.000340289 0.0
0.0295579 -0.000228286 0.0
0.0295669 -0.000124298 0.0
0.0295701 -2.78013e-05 0.0
0.0295626 6.44168e-05 0.0
0.0295481 0.000152298 0.0
0.029531 0.000234494 0.0
0.0295062 0.000313898 0.0
0.0294715 0.000389773 0.0
0.0294313 0.000463495 0.0
0.0293849 0.000533288 0.0
0.0293297 0.000597949 0.0
0.0292659 0.000659673 0.0
0.0291944 0.00071745 0.0
0.0291165 0.000766705 0.0
0.0290326 0.000811087 0.0
0.0289415 0.000848937 0.0
0.028847 0.000879211 0.0
0.0287497 0.000906772 0.0
0.0286481 0.000925032 0.0
0.0285454 0.000939289 0.0
0.0284418 0.000953885 0.0
0.0283344 0.00096132 0.0
0.0282253 0.000965276 0.0
0.0281151 0.000971049 0.0
0.0280027 0.000971743 0.0
0.0278878 0.000968139 0.0
0.0277709 0.000964622 0.0
0.027653 0.000958662 0.0
0.0275355 0.000946228 0.0
0.0274184 0.000933887 0.0
0.0273001 0.000919731 0.0
0.0271837 0.000901283 0.0
0.0270707 0.000884105 0.0
0.0269583 0.000865866 0.0
0.0268466 0.000846599 0.0
0.0267377 0.000829947 0.0
0.0266306 0.000814372 0.0
0.0265236 0.000799372 0.0
0.026417 0.000786628 0.0
0.0263115 0.000775668 0.0
0.0262057 0.000766525 0.0
0.0260987 0.000757629 0.0
0.0259921 0.000749583 0.0
0.0258855 0.000742186 0.0
0.025778 0.000734632 0.0
0.025671 0.000726726 0.0
0.025565 0.000718846 0.0
0.0254599 0.000709845 0.0
0.0253566 0.000702325 0.0
0.0252546 0.000695377 0.0
0.0251544 0.00068797 0.0
0.025057 0.000683733 0.0
0.0249614 0.000681786 0.0
0.0248663 0.000681895 0.0
0.0247728 0.000685889 0.0
0.0246813 0.000693926 0.0
0.0245894 0.000705957 0.0
0.0244956 0.000722856 0.0
0.0244016 0.00074447 0.0
0.0243066 0.000771312 0.0
0.024207 0.000802459 0.0
0.0241028 0.000837823 0.0
0.0239949 0.000878723 0.0
0.023881 0.000922288 0.0
0.0237598 0.000966575 0.0
0.0236312 0.00101427 0.0
0.0234948 0.00106351 0.0
0.0233509 0.00110868 0.0
0.0231996 0.00115172 0.0
0.0230396 0.00119437 0.0
0.0228723 0.00123081 0.0
0.0227007 0.00126013 0.0
0.0225234 0.0012854 0.0
0.0223401 0.00130413 0.0
0.0221549 0.0013157 0.0
0.0219682 0.00132034 0.0
0.0217793 0.00131842 0.0
0.0215899 0.00131169 0.0
0.0214017 0.00129861 0.0
0.0212147 0.0012796 0.0
0.0210294 0.00125746 0.0
0.0208462 0.00123159 0.0
0.0206661 0.00120147 0.0
0.0204892 0.00116918 0.0
0.0203155 0.00113547 0.0
0.0201454 0.00109965 0.0
0.0199792 0.00106255 0.0
0.0198168 0.00102531 0.0
0.0196584 0.000987798 0.0
0.019504 0.00094997 0.0
0.0193537 0.000912601 0.0
0.0192074 0.000876013 0.0
0.0190652 0.000840054 0.0
0.018927 0.000804895 0.0
0.0187926 0.000770922 0.0
0.0186622 0.000738146 0.0
0.0185357 0.000706503 0.0
0.0184128 0.000676115 0.0
0.0182936 0.000647108 0.0
0.018178 0.000619416 0.0
0.0180659 0.000593003 0.0
0.0179571 0.000567905 0.0
0.0178516 0.000544126 0.0
0.0177493 0.000521591 0.0
0.0176501 0.000500258 0.0
0.0175539 0.000480109 0.0
0.0174605 0.000461104 0.0
0.01737 0.000443171 0.0
0.0172821 0.000426261 0.0
0.0171968 0.000410335 0.0
0.0171141 0.00039534 0.0
0.0170337 0.000381211 0.0
0.0169556 0.000367901 0.0
0.0168798 0.000355367 0.0
0.0168062 0.000343556 0.0
0.0167346 0.000332415 0.0
0.0166649 0.000321904 0.0
0.0165973 0.00031198 0.0
0.0165314 0.0003026 0.0
0.0164674 0.000293723 0.0
0.016405 0.000285314 0.0
0.0163443 0.000277339 0.0
0.0162852 0.000269764 0.0
0.0162277 0.000262557 0.0
0.0161716 0.000255693 0.0
0.0161169 0.000249144 0.0
0.0160636 0.000242884 0.0
0.0160117 0.000236892 0.0
0.015961 0.000231148 0.0
0.0159116 0.000225631 0.0
0.0158634 0.000220325 0.0
0.0158164 0.000215212 0.0
0.0157705 0.00021028 0.0
0.0157257 0.000205513 0.0
0.0156819 0.0002009 0.0
0.0156392 0.00019643 0.0
0.0155975 0.000192094 0.0
0.0155567 0.000187881 0.0
0.0155169 0.000183784 0.0
0.015478 0.000179796 0.0
0.01544 0.00017591 0.0
0.0154029 0.00017212 0.0
0.0153666 0.000168421 0.0
0.0153312 0.000164808 0.0
0.0152965 0.000161277 0.0
0.0152626 0.000157824 0.0
0.0152295 0.000154446 0.0
0.0151971 0.000151141 0.0
0.0151655 0.000147904 0.0
0.0151346 0.000144734 0.0
0.0151043 0.000141629 0.0
0.0150747 0.000138586 0.0
0.0150458 0.000135605 0.0
0.0150176 0.000132682 0.0
0.0149899 0.000129817 0.0
0.0149629 0.000127009 0.0
0.0149365 0.000124255 0.0
0.0149107 0.000121555 0.0
0.0148854 0.000118907 0.0
0.0148607 0.000116309 0.0
0.0148366 0.000113761 0.0
0.014813 0.000111261 0.0
0.0147899 0.000108807 0.0
0.0147673 0.000106397 0.0
0.0147453 0.000104031 0.0
0.0147237 0.000101705 0.0
0.0147026 9.94172e-05 0.0
0.014682 9.7166e-05 0.0
0.0146619 9.49483e-05 0.0
0.0146422 9.27614e-05 0.0
0.014623 9.06016e-05 0.0
0.0146042 8.84659e-05 0.0
0.0145858 8.63497e-05 0.0
0.0145679 8.4249e-05 0.0
0.0145504 8.21584e-05 0.0
0.0145333 8.00731e-05 0.0
0.0145166 7.7986e-05 0.0
0.0145003 7.58912e-05 0.0
0.0144844 7.37806e-05 0.0
0.014469 7.16464e-05 0.0
0.0144539 6.94784e-05 0.0
0.0144392 6.72678e-05 0.0
0.0144249 6.50022e-05 0.0
0.014411 6.26699e-05 0.0
0.0143975 6.02563e-05 0.0
0.0143845 5.77487e-05 0.0
0.0143718 5.51285e-05 0.0
0.0143596 5.23797e-05 0.0
0.0143478 4.94825e-05 0.0
0.0143364 4.64178e-05 0.0
0.0143256 4.31616e-05 0.0
0.0143152 3.96935e-05 0.0
0.0143054 3.5988e-05 0.0
0.0142962 3.20193e-05 0.0
0.0142875 2.77657e-05 0.0
0.0142795 2.31969e-05 0.0
0.0142723 1.82938e-05 0.0
0.0142658 1.3026e-05 0.0
0.0142603 7.39823e-06 0.0
0.0142558 1.39681e-06 0.0
0.0142524 -4.79165e-06 0.0
0.0142502 -1.05895e-05 0.0
0.0142492 -1.34279e-05 0.0
0.0 0.0 0.0
0.0 0.0 0.0
0.0192841 0.000187946 0.0
0.0193432 0.000335287 0.0
0.0194131 0.000573179 0.0
0.0195565 0.000863779 0.0
0.0197321 0.00097735 0.0
0.0198684 0.00112163 0.0
0.0200398 0.00132142 0.0
0.0202662 0.00141332 0.0
0.0204568 0.00147826 0.0
0.0206352 0.00156557 0.0
0.0208248 0.0016022 0.0
0.0209996 0.00162193 0.0
0.0211561 0.00162675 0.0
0.0213003 0.00161735 0.0
0.0214178 0.00159101 0.0
0.0215181 0.0015619 0.0
0.0216121 0.00151514 0.0
0.0216832 0.00146478 0.0
0.0217271 0.00141286 0.0
0.0217644 0.00135576 0.0
0.0217953 0.00128943 0.0
0.0218045 0.00122749 0.0
0.0217982 0.00116546 0.0
0.0217901 0.00109874 0.0
0.0217747 0.00103058 0.0
0.0217447 0.000967452 0.0
0.0217086 0.000903077 0.0
0.0216718 0.000836558 0.0
0.0216285 0.000771913 0.0
0.0215781 0.000709986 0.0
0.0215266 0.000646462 0.0
0.0214741 0.000582715 0.0
0.0214179 0.000520709 0.0
0.0213597 0.000459112 0.0
0.0213023 0.000396106 0.0
0.0212444 0.000333073 0.0
0.0211856 0.000270134 0.0
0.021128 0.000206094 0.0
0.0210719 0.000140297 0.0
0.0210165 7.3108e-05 0.0
0.0209631 4.27895e-06 0.0
0.0209123 -6.68779e-05 0.0
0.0208638 -0.000141556 0.0
0.0208184 -0.000219577 0.0
0.0207769 -0.000300454 0.0
0.0207393 -0.000386027 0.0
0.0207064 -0.000478238 0.0
0.020679 -0.000574648 0.0
0.0206571 -0.000675671 0.0
0.0206423 -0.000786352 0.0
0.0206363 -0.000905482 0.0
0.0206374 -0.00102798 0.0
0.020648 -0.00116077 0.0
0.0206732 -0.00130779 0.0
0.02071 -0.00145938 0.0
0.0207575 -0.00161733 0.0
0.0208254 -0.00179288 0.0
0.0209153 -0.00197578 0.0
0.0210206 -0.00216068 0.0
0.021149 -0.00235972 0.0
0.0213076 -0.00256325 0.0
0.0214937 -0.00276519 0.0
0.0217087 -0.00297227 0.0
0.0219532 -0.00317418 0.0
0.0222299 -0.00336115 0.0
0.022546 -0.00354312 0.0
0.022889 -0.00370716 0.0
0.0232501 -0.00384217 0.0
0.023647 -0.00394928 0.0
0.0240685 -0.00403452 0.0
0.0244883 -0.00408692 0.0
0.0249196 -0.00409467 0.0
0.025362 -0.00406497 0.0
0.0257908 -0.00403067 0.0
0.0262115 -0.00394281 0.0
0.026617 -0.00381283 0.0
0.026999 -0.00369243 0.0
0.0273664 -0.00353908 0.0
0.0277061 -0.00334758 0.0
0.0280088 -0.00316305 0.0
0.028289 -0.00296293 0.0
0.0285406 -0.00274413 0.0
0.0287593 -0.00253004 0.0
0.0289469 -0.00230486 0.0
0.0291026 -0.0020851 0.0
0.0292351 -0.00187127 0.0
0.0293467 -0.00165697 0.0
0.0294309 -0.0014574 0.0
0.0294941 -0.00126695 0.0
0.0295441 -0.00108415 0.0
0.029583 -0.000916143 0.0
0.0296074 -0.000758248 0.0
0.0296189 -0.000611438 0.0
0.0296254 -0.000475332 0.0
0.0296286 -0.000348307 0.0
0.0296234 -0.000230387 0.0
0.029612 -0.000122137 0.0
0.0295992 -1.85147e-05 0.0
0.0295838 7.99567e-05 0.0
0.029564 0.000170131 0.0
0.0295406 0.000257883 0.0
0.0295125 0.000344939 0.0
0.0294805 0.00042573 0.0
0.0294437 0.000505306 0.0
0.0293996 0.000582281 0.0
0.0293476 0.000655512 0.0
0.0292881 0.000724581 0.0
0.029222 0.000789275 0.0
0.0291488 0.000845268 0.0
0.02907 0.000893987 0.0
0.028986 0.000938817 0.0
0.028898 0.00097223 0.0
0.0288108 0.00099818 0.0
0.0287228 0.00102239 0.0
0.0286301 0.0010384 0.0
0.0285385 0.00105032 0.0
0.0284487 0.00106233 0.0
0.0283553 0.00107 0.0
0.0282593 0.00107389 0.0
0.0281632 0.00107734 0.0
0.0280642 0.00107931 0.0
0.0279628 0.00107486 0.0
0.0278611 0.00106829 0.0
0.0277571 0.00105902 0.0
0.0276534 0.0010448 0.0
0.0275518 0.00102958 0.0
0.0274499 0.00101047 0.0
0.0273499 0.000989255 0.0
0.027254 0.000970431 0.0
0.0271585 0.000950629 0.0
0.0270639 0.000930203 0.0
0.0269724 0.000913589 0.0
0.0268819 0.000899631 0.0
0.02679 0.000885713 0.0
0.0266976 0.000874314 0.0
0.0266053 0.000866957 0.0
0.026512 0.000858689 0.0
0.0264168 0.000850265 0.0
0.0263199 0.000844228 0.0
0.0262228 0.000837923 0.0
0.0261265 0.000827783 0.0
0.0260307 0.00081922 0.0
0.025934 0.000811008 0.0
0.0258401 0.000799831 0.0
0.02575 0.00079083 0.0
0.0256604 0.000782771 0.0
0.0255723 0.000775112 0.0
0.0254882 0.000771281 0.0
0.0254061 0.000770892 0.0
0.0253249 0.000772473 0.0
0.0252451 0.000779481 0.0
0.0251657 0.000792829 0.0
0.0250866 0.000810065 0.0
0.025007 0.000832324 0.0
0.0249245 0.000862144 0.0
0.0248387 0.000897372 0.0
0.02475 0.000937563 0.0
0.0246562 0.000983167 0.0
0.0245555 0.00103274 0.0
0.0244472 0.00108621 0.0
0.0243311 0.00114199 0.0
0.0242073 0.0011975 0.0
0.0240741 0.00125173 0.0
0.0239306 0.00130458 0.0
0.0237794 0.00135404 0.0
0.0236214 0.00139672 0.0
0.0234557 0.00143194 0.0
0.0232834 0.00146332 0.0
0.0231069 0.00148637 0.0
0.022928 0.0014984 0.0
0.0227465 0.00150564 0.0
0.0225625 0.0015061 0.0
0.0223793 0.00149741 0.0
0.0221977 0.00148308 0.0
0.0220162 0.00146381 0.0
0.0218363 0.00143911 0.0
0.02166 0.00141001 0.0
0.0214863 0.00137748 0.0
0.0213148 0.00134213 0.0
0.021147 0.00130459 0.0
0.0209832 0.00126523 0.0
0.0208225 0.00122463 0.0
0.0206652 0.00118345 0.0
0.0205119 0.00114198 0.0
0.0203626 0.00110038 0.0
0.0202167 0.00105917 0.0
0.0200744 0.0010186 0.0
0.0199361 0.000978777 0.0
0.0198015 0.000939876 0.0
0.0196703 0.000902143 0.0
0.0195427 0.000865603 0.0
0.0194187 0.000830325 0.0
0.0192982 0.000796419 0.0
0.019181 0.000763916 0.0
0.0190671 0.000732779 0.0
0.0189565 0.000703057 0.0
0.018849 0.000674757 0.0
0.0187446 0.000647819 0.0
0.0186432 0.000622208 0.0
0.0185448 0.000597932 0.0
0.0184491 0.000574927 0.0
0.0183562 0.000553125 0.0
0.018266 0.000532494 0.0
0.0181784 0.000513 0.0
0.0180933 0.000494563 0.0
0.0180106 0.000477126 0.0
0.0179303 0.000460655 0.0
0.0178522 0.000445093 0.0
0.0177763 0.000430372 0.0
0.0177026 0.000416449 0.0
0.0176309 0.000403281 0.0
0.0175612 0.000390814 0.0
0.0174935 0.000378995 0.0
0.0174275 0.000367791 0.0
0.0173634 0.000357158 0.0
0.017301 0.000347052 0.0
0.0172403 0.000337437 0.0
0.0171812 0.000328281 0.0
0.0171236 0.00031955 0.0
0.0170676 0.00031121 0.0
0.017013 0.000303235 0.0
0.0169599 0.0002956 0.0
0.0169081 0.000288277 0.0
0.0168576 0.000281244 0.0
0.0168084 0.000274481 0.0
0.0167605 0.000267968 0.0
0.0167137 0.000261686 0.0
0.0166682 0.00025562 0.0
0.0166237 0.000249756 0.0
0.0165804 0.000244078 0.0
0.0165381 0.000238574 0.0
0.0164968 0.000233233 0.0
0.0164565 0.000228046 0.0
0.0164173 0.000223002 0.0
0.0163789 0.000218092 0.0
0.0163415 0.00021331 0.0
0.016305 0.000208649 0.0
0.0162693 0.000204101 0.0
0.0162345 0.000199662 0.0
0.0162005 0.000195327 0.0
0.0161673 0.00019109 0.0
0.0161349 0.000186949 0.0
0.0161033 0.000182898 0.0
0.0160724 0.000178935 0.0
0.0160422 0.000175056 0.0
0.0160127 0.000171259 0.0
0.0159839 0.000167542 0.0
0.0159558 0.000163901 0.0
0.0159283 0.000160336 0.0
0.0159015 0.000156843 0.0
0.0158753 0.000153421 0.0
0.0158497 0.000150067 0.0
0.0158247 0.000146781 0.0
0.0158003 0.000143561 0.0
0.0157765 0.000140404 0.0
0.0157532 0.000137309 0.0
0.0157304 0.000134273 0.0
0.0157082 0.000131296 0.0
0.0156865 0.000128375 0.0
0.0156652 0.000125508 0.0
0.0156445 0.000122691 0.0
0.0156243 0.000119924 0.0
0.0156045 0.000117203 0.0
0.0155852 0.000114525 0.0
0.0155664 0.000111887 0.0
0.015548 0.000109284 0.0
0.01553 0.000106714 0.0
0.0155125 0.000104171 0.0
0.0154953 0.00010165 0.0
0.0154786 9.91465e-05 0.0
0.0154623 9.66538e-05 0.0
0.0154464 9.41649e-05 0.0
0.0154309 9.16727e-05 0.0
0.0154157 8.91682e-05 0.0
0.015401 8.66432e-05 0.0
0.0153866 8.40862e-05 0.0
0.0153726 8.1487e-05 0.0
0.015359 7.88319e-05 0.0
0.0153457 7.61087e-05 0.0
0.0153329 7.33001e-05 0.0
0.0153204 7.03915e-05 0.0
0.0153083 6.73621e-05 0.0
0.0152966 6.41948e-05 0.0
0.0152854 6.08645e-05 0.0
0.0152745 5.73502e-05 0.0
0.0152641 5.36222e-05 0.0
0.0152541 4.96582e-05 0.0
0.0152447 4.54239e-05 0.0
0.0152357 4.0888e-05 0.0
0.0152274 3.60166e-05 0.0
0.0152196 3.07799e-05 0.0
0.0152125 2.51342e-05 0.0
0.0152062 1.90402e-05 0.0
0.0152007 1.24825e-05 0.0
0.0151962 5.43636e-06 0.0
0.0151928 -1.96395e-06 0.0
0.0151907 -9.05184e-06 0.0
0.0151896 -1.25701e-05 0.0
0.0 0.0 0.0
0.0 0.0 0.0
0.0193382 0.000117527 0.0
0.019365 0.000330248 0.0
0.0193871 0.000524168 0.0
0.0194995 0.000662009 0.0
0.0196349 0.000836889 0.0
0.0197589 0.00103693 0.0
0.019907 0.0011055 0.0
0.0200796 0.00119641 0.0
0.0202574 0.00133565 0.0
0.0204277 0.00139016 0.0
0.020585 0.00140471 0.0
0.0207572 0.00146019 0.0
0.0209254 0.00148714 0.0
0.0210594 0.00147686 0.0
0.0211851 0.00146448 0.0
0.0213205 0.001457 0.0
0.0214304 0.00142735 0.0
0.0215101 0.00139021 0.0
0.0215919 0.00135076 0.0
0.0216707 0.00130785 0.0
0.0217211 0.00125744 0.0
0.0217561 0.00120641 0.0
0.021794 0.00115191 0.0
0.0218216 0.00109607 0.0
0.0218294 0.00103912 0.0
0.0218319 0.000981799 0.0
0.0218342 0.000922363 0.0
0.0218259 0.000863563 0.0
0.0218072 0.000804838 0.0
0.0217875 0.000745457 0.0
0.0217654 0.000685295 0.0
0.0217358 0.000625866 0.0
0.0217024 0.000566018 0.0
0.0216689 0.000505298 0.0
0.0216327 0.000443994 0.0
0.0215931 0.000382378 0.0
0.0215529 0.000319432 0.0
0.0215127 0.000255024 0.0
0.0214712 0.000189066 0.0
0.0214293 0.000121273 0.0
0.0213883 5.09784e-05 0.0
0.021348 -2.22112e-05 0.0
0.0213087 -9.87804e-05 0.0
0.0212708 -0.000178776 0.0
0.021235 -0.000263216 0.0
0.0212021 -0.000353154 0.0
0.021172 -0.000448346 0.0
0.0211447 -0.000548856 0.0
0.0211228 -0.000657667 0.0
0.021107 -0.000774681 0.0
0.0210946 -0.000897984 0.0
0.0210892 -0.00103087 0.0
0.0210967 -0.00117699 0.0
0.0211115 -0.00133079 0.0
0.0211318 -0.0014938 0.0
0.0211726 -0.00167337 0.0
0.0212336 -0.00186358 0.0
0.0213008 -0.00206089 0.0
0.0213891 -0.00227565 0.0
0.0215154 -0.00249783 0.0
0.021661 -0.00272209 0.0
0.0218273 -0.00296557 0.0
0.0220379 -0.00320268 0.0
0.0222857 -0.00342482 0.0
0.0225612 -0.00366046 0.0
0.0228774 -0.00388489 0.0
0.0232314 -0.00405738 0.0
0.0236119 -0.00422266 0.0
0.0240289 -0.00438202 0.0
0.0244701 -0.00446656 0.0
0.024912 -0.00450703 0.0
0.0253699 -0.00455204 0.0
0.025844 -0.00452452 0.0
0.0262819 -0.00443736 0.0
0.0266965 -0.00436201 0.0
0.0271156 -0.00422193 0.0
0.027492 -0.00404447 0.0
0.0278191 -0.00388096 0.0
0.0281266 -0.00366443 0.0
0.0284012 -0.00342854 0.0
0.0286386 -0.00320909 0.0
0.0288389 -0.00296074 0.0
0.0289989 -0.00270116 0.0
0.0291342 -0.00245196 0.0
0.0292434 -0.00220154 0.0
0.029312 -0.00196346 0.0
0.0293566 -0.00172617 0.0
0.0293883 -0.00150077 0.0
0.0294026 -0.00129901 0.0
0.0293968 -0.00110368 0.0
0.0293807 -0.000921531 0.0
0.0293634 -0.000755564 0.0
0.0293404 -0.00060339 0.0
0.0293082 -0.00046166 0.0
0.0292756 -0.000331485 0.0
0.029247 -0.000211603 0.0
0.0292165 -9.9939e-05 0.0
0.0291828 5.13888e-06 0.0
0.0291529 0.000102598 0.0
0.0291251 0.000195725 0.0
0.029093 0.000287669 0.0
0.0290607 0.000374941 0.0
0.0290307 0.000460285 0.0
0.028994 0.000545855 0.0
0.0289515 0.00062725 0.0
0.0289056 0.000710851 0.0
0.0288531 0.000786013 0.0
0.0287937 0.00085465 0.0
0.0287259 0.000920377 0.0
0.0286519 0.000975437 0.0
0.0285775 0.00101866 0.0
0.0285 0.00105743 0.0
0.0284191 0.0010818 0.0
0.0283427 0.00110545 0.0
0.0282665 0.00112474 0.0
0.0281899 0.00113301 0.0
0.0281149 0.0011452 0.0
0.0280397 0.0011562 0.0
0.0279618 0.00116166 0.0
0.027881 0.00116623 0.0
0.027798 0.00117124 0.0
0.0277132 0.00116887 0.0
0.027627 0.00116229 0.0
0.027538 0.00115582 0.0
0.0274489 0.00114067 0.0
0.0273642 0.00112105 0.0
0.0272812 0.00110359 0.0
0.0271975 0.00107979 0.0
0.0271179 0.00105637 0.0
0.0270426 0.00103607 0.0
0.0269688 0.00101467 0.0
0.0268948 0.000995954 0.0
0.0268218 0.000980877 0.0
0.0267504 0.000969168 0.0
0.0266775 0.000959363 0.0
0.026602 0.000950829 0.0
0.0265253 0.000945051 0.0
0.0264461 0.000941106 0.0
0.0263647 0.000934334 0.0
0.0262826 0.000927225 0.0
0.0261984 0.000919759 0.0
0.0261142 0.000909682 0.0
0.0260322 0.000899668 0.0
0.0259509 0.000886879 0.0
0.0258717 0.000874414 0.0
0.0257962 0.000864954 0.0
0.0257229 0.000855147 0.0
0.0256521 0.000847424 0.0
0.0255848 0.000844724 0.0
0.0255198 0.00084576 0.0
0.0254555 0.000851867 0.0
0.0253928 0.00086317 0.0
0.0253321 0.000880739 0.0
0.0252694 0.000905816 0.0
0.025204 0.000937101 0.0
0.0251381 0.000975017 0.0
0.0250684 0.00102091 0.0
0.0249908 0.00107162 0.0
0.024907 0.00112816 0.0
0.0248165 0.00119143 0.0
0.0247164 0.00125473 0.0
0.0246059 0.0013179 0.0
0.024485 0.00138468 0.0
0.024354 0.00144806 0.0
0.0242146 0.00150189 0.0
0.0240666 0.00155321 0.0
0.0239085 0.00159955 0.0
0.0237453 0.00163301 0.0
0.0235795 0.0016586 0.0
0.0234078 0.0016763 0.0
0.0232332 0.00168489 0.0
0.0230596 0.00168489 0.0
0.0228859 0.00167572 0.0
0.0227121 0.00166073 0.0
0.0225402 0.00164024 0.0
0.022371 0.00161254 0.0
0.0222041 0.00158035 0.0
0.0220398 0.00154571 0.0
0.0218788 0.00150727 0.0
0.0217212 0.00146563 0.0
0.0215668 0.00142298 0.0
0.0214157 0.00137942 0.0
0.0212683 0.00133438 0.0
0.0211243 0.00128901 0.0
0.0209834 0.00124414 0.0
0.0208462 0.00119949 0.0
0.0207125 0.00115513 0.0
0.0205819 0.00111178 0.0
0.0204545 0.00106958 0.0
0.0203307 0.00102839 0.0
0.0202101 0.000988387 0.0
0.0200924 0.000949851 0.0
0.0199778 0.000912731 0.0
0.0198664 0.000876995 0.0
0.019758 0.000842731 0.0
0.0196524 0.000809988 0.0
0.0195497 0.000778694 0.0
0.0194499 0.000748831 0.0
0.0193528 0.000720396 0.0
0.0192582 0.000693358 0.0
0.0191664 0.000667649 0.0
0.0190771 0.000643235 0.0
0.0189903 0.000620068 0.0
0.0189058 0.000598096 0.0
0.0188238 0.000577258 0.0
0.018744 0.000557504 0.0
0.0186664 0.000538777 0.0
0.0185909 0.000521024 0.0
0.0185176 0.000504188 0.0
0.0184463 0.000488217 0.0
0.0183769 0.000473061 0.0
0.0183095 0.00045867 0.0
0.0182439 0.000444994 0.0
0.0181801 0.00043199 0.0
0.0181181 0.000419612 0.0
0.0180577 0.000407822 0.0
0.017999 0.000396576 0.0
0.0179419 0.000385841 0.0
0.0178862 0.000375581 0.0
0.0178321 0.000365764 0.0
0.0177794 0.000356358 0.0
0.0177281 0.000347335 0.0
0.0176782 0.00033867 0.0
0.0176296 0.000330338 0.0
0.0175822 0.000322314 0.0
0.0175361 0.00031458 0.0
0.0174911 0.000307116 0.0
0.0174474 0.000299902 0.0
0.0174047 0.000292924 0.0
0.0173631 0.000286166 0.0
0.0173226 0.000279614 0.0
0.0172831 0.000273256 0.0
0.0172447 0.00026708 0.0
0.0172072 0.000261075 0.0
0.0171706 0.000255233 0.0
0.0171349 0.000249544 0.0
0.0171002 0.000244001 0.0
0.0170663 0.000238595 0.0
0.0170332 0.000233322 0.0
0.017001 0.000228174 0.0
0.0169695 0.000223147 0.0
0.0169388 0.000218235 0.0
0.0169089 0.000213434 0.0
0.0168797 0.000208741 0.0
0.0168513 0.00020415 0.0
0.0168235 0.00019966 0.0
0.0167964 0.000195266 0.0
0.01677 0.000190967 0.0
0.0167442 0.000186758 0.0
0.016719 0.000182638 0.0
0.0166944 0.000178605 0.0
0.0166705 0.000174655 0.0
0.0166471 0.000170787 0.0
0.0166243 0.000166998 0.0
0.016602 0.000163287 0.0
0.0165803 0.00015965 0.0
0.0165591 0.000156087 0.0
0.0165385 0.000152594 0.0
0.0165183 0.000149169 0.0
0.0164986 0.000145809 0.0
0.0164794 0.000142512 0.0
0.0164606 0.000139275 0.0
0.0164423 0.000136095 0.0
0.0164245 0.000132967 0.0
0.0164071 0.00012989 0.0
0.0163901 0.000126857 0.0
0.0163735 0.000123866 0.0
0.0163573 0.00012091 0.0
0.0163415 0.000117985 0.0
0.0163262 0.000115085 0.0
0.0163112 0.000112202 0.0
0.0162965 0.000109329 0.0
0.0162823 0.000106459 0.0
0.0162683 0.000103581 0.0
0.0162548 0.000100687 0.0
0.0162416 9.77643e-05 0.0
0.0162288 9.48016e-05 0.0
0.0162163 9.17837e-05 0.0
0.0162041 8.86977e-05 0.0
0.0161923 8.55241e-05 0.0
0.0161808 8.22472e-05 0.0
0.0161697 7.88436e-05 0.0
0.016159 7.52944e-05 0.0
0.0161486 7.15698e-05 0.0
0.0161385 6.76487e-05 0.0
0.0161289 6.34951e-05 0.0
0.0161197 5.90816e-05 0.0
0.0161109 5.43666e-05 0.0
0.0161026 4.93205e-05 0.0
0.0160948 4.38892e-05 0.0
0.0160875 3.80376e-05 0.0
0.0160808 3.17104e-05 0.0
0.0160749 2.48621e-05 0.0
0.0160696 1.74335e-05 0.0
0.0160653 9.40004e-06 0.0
0.016062 8.47733e-07 0.0
0.0160599 -7.5103e-06 0.0
0.0160588 -1.17205e-05 0.0
0.0 0.0 0.0
0.0 0.0 0.0
0.0192892 8.46423e-05 0.0
0.0193152 0.000293913 0.0
0.0194039 0.00044431 0.0
0.0194775 0.000559976 0.0
0.0195486 0.000737534 0.0
0.01969 0.000873873 0.0
0.0198321 0.000952662 0.0
0.0199487 0.00107512 0.0
0.0200956 0.001157 0.0
0.0202626 0.0012077 0.0
0.0204122 0.0012683 0.0
0.0205567 0.0013104 0.0
0.0207022 0.0013224 0.0
0.0208465 0.00134032 0.0
0.0209839 0.0013457 0.0
0.0211059 0.00133445 0.0
0.0212159 0.00131758 0.0
0.021326 0.00130003 0.0
0.0214264 0.00126869 0.0
0.0215064 0.00123429 0.0
0.0215777 0.00119863 0.0
0.0216484 0.00115772 0.0
0.021706 0.00111075 0.0
0.0217476 0.0010658 0.0
0.0217851 0.00101838 0.0
0.0218194 0.000966838 0.0
0.0218415 0.000914625 0.0
0.0218543 0.000863993 0.0
0.0218649 0.000810363 0.0
0.0218707 0.000755012 0.0
0.0218679 0.000700464 0.0
0.0218606 0.000645703 0.0
0.0218516 0.00058843 0.0
0.0218379 0.000530593 0.0
0.0218193 0.00047264 0.0
0.021799 0.000413079 0.0
0.021777 0.000351354 0.0
0.0217517 0.000288426 0.0
0.0217246 0.000223694 0.0
0.0216971 0.000156389 0.0
0.0216681 8.60278e-05 0.0
0.0216378 1.25505e-05 0.0
0.0216081 -6.42248e-05 0.0
0.0215786 -0.000145141 0.0
0.0215487 -0.000231842 0.0
0.0215201 -0.000323542 0.0
0.0214936 -0.000420035 0.0
0.0214684 -0.000524685 0.0
0.0214457 -0.000638682 0.0
0.0214266 -0.000757955 0.0
0.0214117 -0.000886243 0.0
0.0214028 -0.00102978 0.0
0.0213996 -0.00118275 0.0
0.0214027 -0.00134149 0.0
0.0214182 -0.00152029 0.0
0.0214476 -0.00171699 0.0
0.0214852 -0.00191716 0.0
0.0215402 -0.00213332 0.0
0.0216238 -0.0023752 0.0
0.0217275 -0.00262151 0.0
0.021853 -0.0028763 0.0
0.0220181 -0.0031483 0.0
0.0222182 -0.00341873 0.0
0.0224567 -0.00369525 0.0
0.0227408 -0.0039617 0.0
0.0230591 -0.00420871 0.0
0.0234238 -0.004441 0.0
0.0238416 -0.00464742 0.0
0.0242768 -0.00480545 0.0
0.0247269 -0.00492159 0.0
0.0252213 -0.00499456 0.0
0.025706 -0.00500715 0.0
0.0261629 -0.00499098 0.0
0.0266225 -0.00488114 0.0
0.0270507 -0.00475712 0.0
0.0274316 -0.00461503 0.0
0.0277785 -0.00439175 0.0
0.0280776 -0.00415784 0.0
0.0283321 -0.00393195 0.0
0.0285492 -0.00366589 0.0
0.0287168 -0.00338243 0.0
0.0288433 -0.00310451 0.0
0.0289339 -0.00281225 0.0
0.0289835 -0.00253647 0.0
0.0290079 -0.00225215 0.0
0.0290027 -0.00197529 0.0
0.02897 -0.00173102 0.0
0.0289222 -0.00148939 0.0
0.0288665 -0.00126678 0.0
0.0288033 -0.00106374 0.0
0.0287301 -0.000878406 0.0
0.0286541 -0.000708713 0.0
0.0285858 -0.000554119 0.0
0.0285213 -0.000412344 0.0
0.0284549 -0.000284948 0.0
0.0283938 -0.000167666 0.0
0.0283425 -5.71119e-05 0.0
0.0282956 4.37353e-05 0.0
0.0282515 0.000137399 0.0
0.0282122 0.000231478 0.0
0.028179 0.000320763 0.0
0.0281503 0.000404268 0.0
0.0281198 0.000493976 0.0
0.0280863 0.000583236 0.0
0.0280526 0.000668249 0.0
0.0280129 0.000756635 0.0
0.027964 0.000838971 0.0
0.0279053 0.000918526 0.0
0.0278398 0.000987571 0.0
0.0277701 0.00104908 0.0
0.027698 0.00109076 0.0
0.0276287 0.00113028 0.0
0.0275577 0.00115913 0.0
0.0274903 0.00117367 0.0
0.0274325 0.00118963 0.0
0.0273775 0.00120237 0.0
0.0273192 0.00121175 0.0
0.027264 0.00121927 0.0
0.0272107 0.00123268 0.0
0.027153 0.00123982 0.0
0.0270923 0.00124291 0.0
0.0270271 0.00124674 0.0
0.0269575 0.0012447 0.0
0.0268901 0.00123294 0.0
0.0268225 0.00121998 0.0
0.0267519 0.00119816 0.0
0.0266872 0.00117584 0.0
0.0266276 0.00115213 0.0
0.0265687 0.00112431 0.0
0.0265137 0.00109864 0.0
0.0264636 0.00107769 0.0
0.0264138 0.001059 0.0
0.0263642 0.00104101 0.0
0.0263151 0.00103037 0.0
0.0262644 0.0010232 0.0
0.0262098 0.00101714 0.0
0.026151 0.00101395 0.0
0.026089 0.00101304 0.0
0.0260242 0.00100863 0.0
0.0259564 0.00100239 0.0
0.0258857 0.00099784 0.0
0.0258151 0.000986711 0.0
0.0257484 0.000972279 0.0
0.0256827 0.000960914 0.0
0.0256168 0.000945575 0.0
0.025557 0.000930253 0.0
0.0255022 0.000919066 0.0
0.0254488 0.000908746 0.0
0.0253982 0.000901727 0.0
0.0253517 0.000901169 0.0
0.0253083 0.000905896 0.0
0.0252665 0.000914637 0.0
0.0252245 0.000932782 0.0
0.0251821 0.000959451 0.0
0.025141 0.000991642 0.0
0.025097 0.00103275 0.0
0.0250466 0.00108345 0.0
0.0249919 0.00114151 0.0
0.0249314 0.00120644 0.0
0.0248614 0.00127596 0.0
0.0247807 0.00135002 0.0
0.0246878 0.00142778 0.0
0.0245839 0.00150304 0.0
0.0244702 0.00157432 0.0
0.0243429 0.00164152 0.0
0.0242043 0.00170175 0.0
0.0240595 0.0017542 0.0
0.023908 0.00179265 0.0
0.0237503 0.00182246 0.0
0.0235885 0.00184554 0.0
0.0234256 0.00185351 0.0
0.0232637 0.00185202 0.0
0.0231009 0.00184488 0.0
0.0229386 0.00182816 0.0
0.0227802 0.0018036 0.0
0.0226246 0.00177436 0.0
0.0224704 0.00174019 0.0
0.0223196 0.0017014 0.0
0.0221732 0.00165953 0.0
0.0220296 0.00161543 0.0
0.0218887 0.00156929 0.0
0.0217515 0.00152185 0.0
0.0216179 0.00147373 0.0
0.0214872 0.00142537 0.0
0.0213596 0.00137697 0.0
0.0212351 0.00132894 0.0
0.0211138 0.00128161 0.0
0.0209954 0.00123521 0.0
0.0208798 0.00118976 0.0
0.0207671 0.00114552 0.0
0.0206572 0.00110265 0.0
0.0205501 0.00106119 0.0
0.0204456 0.00102112 0.0
0.0203438 0.000982571 0.0
0.0202446 0.000945598 0.0
0.0201479 0.000910128 0.0
0.0200537 0.000876137 0.0
0.019962 0.00084369 0.0
0.0198726 0.000812737 0.0
0.0197857 0.000783192 0.0
0.0197009 0.000755035 0.0
0.0196185 0.000728263 0.0
0.0195383 0.000702788 0.0
0.0194602 0.000678542 0.0
0.0193842 0.000655499 0.0
0.0193103 0.000633611 0.0
0.0192384 0.000612795 0.0
0.0191684 0.000593001 0.0
0.0191003 0.000574191 0.0
0.0190341 0.000556306 0.0
0.0189697 0.000539279 0.0
0.0189071 0.00052307 0.0
0.0188461 0.000507637 0.0
0.0187869 0.000492925 0.0
0.0187292 0.000478885 0.0
0.0186731 0.000465483 0.0
0.0186186 0.000452677 0.0
0.0185655 0.000440426 0.0
0.0185139 0.000428694 0.0
0.0184637 0.00041745 0.0
0.0184148 0.000406662 0.0
0.0183673 0.000396297 0.0
0.018321 0.000386329 0.0
0.018276 0.000376735 0.0
0.0182322 0.000367487 0.0
0.0181895 0.000358564 0.0
0.018148 0.000349946 0.0
0.0181076 0.000341614 0.0
0.0180683 0.00033355 0.0
0.01803 0.000325737 0.0
0.0179928 0.000318162 0.0
0.0179565 0.00031081 0.0
0.0179212 0.000303668 0.0
0.0178868 0.000296726 0.0
0.0178533 0.000289973 0.0
0.0178206 0.000283398 0.0
0.0177888 0.000276994 0.0
0.0177579 0.000270752 0.0
0.0177277 0.000264665 0.0
0.0176984 0.000258726 0.0
0.0176698 0.000252929 0.0
0.0176419 0.000247268 0.0
0.0176148 0.000241739 0.0
0.0175883 0.000236336 0.0
0.0175625 0.000231055 0.0
0.0175374 0.000225893 0.0
0.017513 0.000220844 0.0
0.0174891 0.000215907 0.0
0.0174659 0.000211078 0.0
0.0174433 0.000206353 0.0
0.0174212 0.00020173 0.0
0.0173997 0.000197206 0.0
0.0173788 0.000192779 0.0
0.0173584 0.000188445 0.0
0.0173385 0.000184203 0.0
0.0173191 0.000180048 0.0
0.0173002 0.00017598 0.0
0.0172818 0.000171995 0.0
0.0172638 0.00016809 0.0
0.0172463 0.000164263 0.0
0.0172293 0.00016051 0.0
0.0172127 0.000156828 0.0
0.0171965 0.000153213 0.0
0.0171807 0.000149663 0.0
0.0171653 0.000146172 0.0
0.0171504 0.000142736 0.0
0.0171358 0.00013935 0.0
0.0171215 0.00013601 0.0
0.0171076 0.000132708 0.0
0.0170941 0.000129439 0.0
0.017081 0.000126196 0.0
0.0170681 0.000122969 0.0
0.0170556 0.000119752 0.0
0.0170434 0.000116534 0.0
0.0170316 0.000113304 0.0
0.01702 0.00011005 0.0
0.0170088 0.00010676 0.0
0.0169978 0.000103418 0.0
0.0169872 0.000100009 0.0
0.0169768 9.65119e-05 0.0
0.0169668 9.2911e-05 0.0
0.0169571 8.91796e-05 0.0
0.0169476 8.52978e-05 0.0
0.0169385 8.12317e-05 0.0
0.0169297 7.69589e-05 0.0
0.0169212 7.24377e-05 0.0
0.016913 6.76391e-05 0.0
0.0169052 6.25106e-05 0.0
0.0168978 5.70226e-05 0.0
0.0168908 5.11077e-05 0.0
0.0168843 4.4725e-05 0.0
0.0168783 3.77986e-05 0.0
0.0168729 3.0284e-05 0.0
0.0168681 2.2083e-05 0.0
0.0168641 1.31641e-05 0.0
0.016861 3.55275e-06 0.0
0.016859 -6.00797e-06 0.0
0.016858 -1.08845e-05 0.0
0.0 0.0 0.0
0.0 0.0 0.0
0.019295 0.000102289 0.0
0.0193348 0.000218952 0.0
0.0193862 0.000359199 0.0
0.019437 0.000530954 0.0
0.019516 0.000636909 0.0
0.0196233 0.000714917 0.0
0.0197309 0.000856313 0.0
0.0198529 0.000958371 0.0
0.0199795 0.000988973 0.0
0.02011 0.00106667 0.0
0.0202515 0.00113933 0.0
0.0203877 0.00116021 0.0
0.0205161 0.00117804 0.0
0.0206542 0.00121108 0.0
0.020786 0.00121854 0.0
0.0209012 0.00121146 0.0
0.021018 0.00120522 0.0
0.0211355 0.00119605 0.0
0.0212343 0.00117418 0.0
0.0213228 0.00114903 0.0
0.0214146 0.00112043 0.0
0.0214968 0.00108891 0.0
0.0215619 0.00105297 0.0
0.0216234 0.0010146 0.0
0.021684 0.000973162 0.0
0.021732 0.000931203 0.0
0.0217693 0.000887026 0.0
0.0218054 0.00084062 0.0
0.0218369 0.000792841 0.0
0.021858 0.000745019 0.0
0.0218738 0.000695195 0.0
0.0218879 0.000643693 0.0
0.0218963 0.000591452 0.0
0.0218982 0.000538381 0.0
0.0218975 0.000483102 0.0
0.0218943 0.000426216 0.0
0.0218864 0.000367957 0.0
0.0218751 0.000307609 0.0
0.0218622 0.000244451 0.0
0.0218466 0.000178816 0.0
0.0218283 0.000110237 0.0
0.0218088 3.80466e-05 0.0
0.0217875 -3.83463e-05 0.0
0.0217648 -0.000119265 0.0
0.0217416 -0.000205256 0.0
0.0217177 -0.000296832 0.0
0.0216932 -0.000395666 0.0
0.02167 -0.000502018 0.0
0.0216473 -0.000615556 0.0
0.021625 -0.000738531 0.0
0.0216069 -0.000874236 0.0
0.0215925 -0.00101928 0.0
0.0215786 -0.00117465 0.0
0.0215732 -0.00134819 0.0
0.0215809 -0.00153844 0.0
0.0215902 -0.00173638 0.0
0.0216083 -0.00195574 0.0
0.0216577 -0.00220095 0.0
0.0217238 -0.002453 0.0
0.0217946 -0.00272239 0.0
0.0219074 -0.00302276 0.0
0.0220709 -0.00331994 0.0
0.0222541 -0.00362748 0.0
0.022478 -0.00396344 0.0
0.0227671 -0.00426219 0.0
0.0231057 -0.0045509 0.0
0.0234854 -0.00484755 0.0
0.0239148 -0.00509376 0.0
0.024386 -0.00525271 0.0
0.0248814 -0.00540901 0.0
0.0254073 -0.00552138 0.0
0.0259187 -0.0054787 0.0
0.0263917 -0.00543391 0.0
0.0268617 -0.00535508 0.0
0.0272808 -0.00514251 0.0
0.0275944 -0.00492613 0.0
0.0278635 -0.00470214 0.0
0.0280955 -0.00439612 0.0
0.0282486 -0.00410735 0.0
0.0283476 -0.00381853 0.0
0.0284066 -0.00347646 0.0
0.0284315 -0.00316201 0.0
0.028436 -0.0028434 0.0
0.0283853 -0.00251406 0.0
0.0282931 -0.00221385 0.0
0.0281968 -0.00191123 0.0
0.0280887 -0.00164547 0.0
0.0279558 -0.00139814 0.0
0.0278111 -0.00116646 0.0
0.0276763 -0.000961207 0.0
0.0275538 -0.000778256 0.0
0.0274299 -0.000611584 0.0
0.0273092 -0.000463829 0.0
0.0272058 -0.000330216 0.0
0.027117 -0.000208838 0.0
0.0270336 -9.90278e-05 0.0
0.0269588 1.12763e-06 0.0
0.0268984 9.41796e-05 0.0
0.0268479 0.000183923 0.0
0.0268043 0.00026894 0.0
0.0267713 0.000349417 0.0
0.0267421 0.000435006 0.0
0.0267133 0.000522858 0.0
0.0266926 0.000608997 0.0
0.0266711 0.000703846 0.0
0.0266371 0.00079637 0.0
0.0265973 0.000887851 0.0
0.0265491 0.000982592 0.0
0.026493 0.00105206 0.0
0.0264322 0.00111541 0.0
0.0263607 0.0011667 0.0
0.0262954 0.00119364 0.0
0.0262436 0.00122059 0.0
0.0261945 0.00123036 0.0
0.0261519 0.0012344 0.0
0.0261193 0.00124697 0.0
0.0260914 0.00125515 0.0
0.0260653 0.00126017 0.0
0.0260355 0.00127501 0.0
0.0260013 0.00128634 0.0
0.0259616 0.00129694 0.0
0.0259156 0.00130277 0.0
0.0258648 0.00130502 0.0
0.0258133 0.00129053 0.0
0.0257648 0.00127819 0.0
0.0257149 0.00125844 0.0
0.0256701 0.00122571 0.0
0.0256343 0.00119833 0.0
0.0256025 0.00116981 0.0
0.0255726 0.00113897 0.0
0.0255461 0.0011143 0.0
0.0255247 0.00109419 0.0
0.0255057 0.00107798 0.0
0.0254816 0.0010682 0.0
0.0254548 0.00106188 0.0
0.0254266 0.00106403 0.0
0.0253925 0.00106494 0.0
0.0253522 0.00106496 0.0
0.0253054 0.00106771 0.0
0.0252534 0.00106682 0.0
0.0252017 0.00105819 0.0
0.0251487 0.00104889 0.0
0.025093 0.00103312 0.0
0.0250427 0.00101756 0.0
0.0249976 0.00100017 0.0
0.0249548 0.000979402 0.0
0.024916 0.000963487 0.0
0.0248834 0.000950692 0.0
0.0248553 0.000940524 0.0
0.0248301 0.000935145 0.0
0.0248086 0.000936641 0.0
0.0247898 0.000945899 0.0
0.0247719 0.000963616 0.0
0.0247563 0.000987246 0.0
0.0247408 0.00102209 0.0
0.02472 0.00106863 0.0
0.0246963 0.00112185 0.0
0.0246702 0.00118629 0.0
0.0246339 0.00126037 0.0
0.0245849 0.00133928 0.0
0.0245258 0.00142619 0.0
0.024455 0.00151749 0.0
0.0243692 0.00160273 0.0
0.0242692 0.00168591 0.0
0.0241557 0.00177012 0.0
0.0240313 0.00183826 0.0
0.0239005 0.00189286 0.0
0.0237599 0.00194376 0.0
0.0236116 0.00197873 0.0
0.0234644 0.00199943 0.0
0.0233163 0.00200964 0.0
0.0231652 0.00200916 0.0
0.0230167 0.00200001 0.0
0.0228722 0.00198044 0.0
0.0227295 0.00195294 0.0
0.0225893 0.00192134 0.0
0.0224535 0.00188412 0.0
0.0223215 0.00184122 0.0
0.0221923 0.00179593 0.0
0.0220665 0.00174909 0.0
0.0219448 0.00169949 0.0
0.0218262 0.00164842 0.0
0.02171 0.00159741 0.0
0.021597 0.00154619 0.0
0.0214875 0.0014946 0.0
0.0213804 0.00144366 0.0
0.0212755 0.00139369 0.0
0.0211735 0.00134451 0.0
0.0210742 0.00129632 0.0
0.020977 0.00124956 0.0
0.020882 0.00120418 0.0
0.0207896 0.00116016 0.0
0.0206994 0.00111766 0.0
0.0206112 0.00107678 0.0
0.0205251 0.00103742 0.0
0.0204413 0.000999624 0.0
0.0203595 0.000963418 0.0
0.0202796 0.000928762 0.0
0.0202017 0.000895595 0.0
0.0201259 0.000863924 0.0
0.0200519 0.000833702 0.0
0.0199797 0.000804863 0.0
0.0199094 0.000777362 0.0
0.019841 0.000751166 0.0
0.0197743 0.000726203 0.0
0.0197093 0.000702416 0.0
0.0196461 0.000679758 0.0
0.0195846 0.000658177 0.0
0.0195246 0.000637607 0.0
0.0194663 0.000617998 0.0
0.0194096 0.000599304 0.0
0.0193543 0.000581469 0.0
0.0193006 0.000564442 0.0
0.0192483 0.000548179 0.0
0.0191975 0.000532637 0.0
0.019148 0.000517768 0.0
0.0190999 0.000503532 0.0
0.0190532 0.000489893 0.0
0.0190077 0.000476812 0.0
0.0189634 0.000464255 0.0
0.0189204 0.000452189 0.0
0.0188786 0.000440585 0.0
0.0188379 0.000429413 0.0
0.0187983 0.000418647 0.0
0.0187598 0.000408262 0.0
0.0187224 0.000398234 0.0
0.0186861 0.000388543 0.0
0.0186507 0.000379168 0.0
0.0186163 0.000370091 0.0
0.0185828 0.000361295 0.0
0.0185503 0.000352763 0.0
0.0185186 0.000344483 0.0
0.0184878 0.000336439 0.0
0.0184579 0.000328621 0.0
0.0184288 0.000321015 0.0
0.0184005 0.000313613 0.0
0.0183729 0.000306405 0.0
0.0183462 0.000299381 0.0
0.0183201 0.000292534 0.0
0.0182948 0.000285856 0.0
0.0182701 0.000279341 0.0
0.0182461 0.000272982 0.0
0.0182228 0.000266773 0.0
0.0182001 0.00026071 0.0
0.018178 0.000254786 0.0
0.0181566 0.000248999 0.0
0.0181357 0.000243343 0.0
0.0181153 0.000237814 0.0
0.0180956 0.000232409 0.0
0.0180763 0.000227125 0.0
0.0180576 0.000221957 0.0
0.0180394 0.000216903 0.0
0.0180217 0.000211959 0.0
0.0180045 0.000207124 0.0
0.0179877 0.000202392 0.0
0.0179714 0.000197763 0.0
0.0179556 0.000193231 0.0
0.0179401 0.000188796 0.0
0.0179251 0.000184453 0.0
0.0179105 0.000180199 0.0
0.0178963 0.00017603 0.0
0.0178824 0.000171944 0.0
0.017869 0.000167936 0.0
0.0178559 0.000164003 0.0
0.0178431 0.000160139 0.0
0.0178307 0.00015634 0.0
0.0178187 0.000152601 0.0
0.0178069 0.000148916 0.0
0.0177955 0.00014528 0.0
0.0177843 0.000141684 0.0
0.0177735 0.000138122 0.0
0.017763 0.000134585 0.0
0.0177527 0.000131064 0.0
0.0177427 0.000127549 0.0
0.017733 0.000124029 0.0
0.0177236 0.000120491 0.0
0.0177143 0.000116921 0.0
0.0177054 0.000113303 0.0
0.0176967 0.000109622 0.0
0.0176882 0.000105855 0.0
0.01768 0.000101986 0.0
0.017672 9.79842e-05 0.0
0.0176642 9.38306e-05 0.0
0.0176567 8.94881e-05 0.0
0.0176494 8.49315e-05 0.0
0.0176424 8.01134e-05 0.0
0.0176357 7.5007e-05 0.0
0.0176292 6.95489e-05 0.0
0.017623 6.37047e-05 0.0
0.0176171 5.73979e-05 0.0
0.0176116 5.05887e-05 0.0
0.0176065 4.31719e-05 0.0
0.0176018 3.51033e-05 0.0
0.0175977 2.62571e-05 0.0
0.0175942 1.65928e-05 0.0
0.0175914 6.06076e-06 0.0
0.0175895 -4.58188e-06 0.0
0.0175886 -1.00681e-05 0.0
0.0 0.0 0.0
0.0 0.0 0.0
0.0193109 8.45092e-05 0.0
0.0193303 0.000189707 0.0
0.0193515 0.000317806 0.0
0.0194202 0.000447593 0.0
0.0195087 0.000539328 0.0
0.0195737 0.000646196 0.0
0.0196587 0.000747531 0.0
0.0197825 0.000809793 0.0
0.0198946 0.000885141 0.0
0.0200002 0.000957864 0.0
0.0201219 0.000987694 0.0
0.0202507 0.00102685 0.0
0.0203737 0.00106781 0.0
0.0204915 0.00108209 0.0
0.0206088 0.00108623 0.0
0.0207304 0.00109938 0.0
0.0208456 0.00109832 0.0
0.0209481 0.00108557 0.0
0.0210494 0.00107322 0.0
0.0211528 0.00105924 0.0
0.0212442 0.00103487 0.0
0.0213238 0.00100884 0.0
0.021404 0.000981786 0.0
0.0214813 0.00095039 0.0
0.0215454 0.00091502 0.0
0.0216023 0.000880033 0.0
0.0216589 0.000842241 0.0
0.0217092 0.000801534 0.0
0.0217491 0.000759973 0.0
0.0217851 0.000717808 0.0
0.021819 0.00067268 0.0
0.0218459 0.000626175 0.0
0.021866 0.000579008 0.0
0.0218837 0.000529986 0.0
0.0218979 0.000478462 0.0
0.0219061 0.000425662 0.0
0.0219104 0.000370964 0.0
0.0219126 0.000313567 0.0
0.0219108 0.000253467 0.0
0.0219047 0.000190658 0.0
0.0218965 0.000124417 0.0
0.0218861 5.45245e-05 0.0
0.0218718 -1.99234e-05 0.0
0.0218552 -9.93499e-05 0.0
0.0218378 -0.000183654 0.0
0.0218177 -0.000274167 0.0
0.0217951 -0.000372986 0.0
0.0217725 -0.000478536 0.0
0.0217495 -0.00059171 0.0
0.0217252 -0.0007173 0.0
0.0217009 -0.000854773 0.0
0.0216787 -0.000999731 0.0
0.0216599 -0.00116121 0.0
0.021644 -0.00134365 0.0
0.0216305 -0.00153631 0.0
0.0216265 -0.00174247 0.0
0.0216393 -0.00198332 0.0
0.0216603 -0.00224251 0.0
0.0216901 -0.00250905 0.0
0.0217578 -0.00281096 0.0
0.0218609 -0.00314297 0.0
0.0219819 -0.00348042 0.0
0.0221517 -0.00383942 0.0
0.0223854 -0.00420338 0.0
0.0226616 -0.00456941 0.0
0.0230088 -0.00494507 0.0
0.0234208 -0.00525242 0.0
0.0238716 -0.00554175 0.0
0.024391 -0.00578847 0.0
0.0249491 -0.00594848 0.0
0.025472 -0.00600928 0.0
0.0259952 -0.00602172 0.0
0.026505 -0.00589824 0.0
0.0268977 -0.00574712 0.0
0.0272149 -0.00549878 0.0
0.0274771 -0.0051679 0.0
0.0276354 -0.00486893 0.0
0.0277078 -0.00454158 0.0
0.0277253 -0.00416118 0.0
0.0276995 -0.00381403 0.0
0.0276478 -0.00347212 0.0
0.0275417 -0.00310766 0.0
0.0273947 -0.00275821 0.0
0.0272322 -0.00237996 0.0
0.0270393 -0.00206166 0.0
0.0268203 -0.00176325 0.0
0.0265961 -0.00146893 0.0
0.0263804 -0.001216 0.0
0.0261725 -0.00099528 0.0
0.0259654 -0.000798704 0.0
0.0257769 -0.000626277 0.0
0.0256168 -0.000471434 0.0
0.025471 -0.000336893 0.0
0.0253355 -0.000218819 0.0
0.0252212 -0.000111887 0.0
0.0251272 -1.41201e-05 0.0
0.0250457 7.28052e-05 0.0
0.0249786 0.000153441 0.0
0.024927 0.000232491 0.0
0.0248879 0.000303812 0.0
0.0248599 0.000377789 0.0
0.0248413 0.000460694 0.0
0.0248355 0.00053676 0.0
0.0248334 0.000622095 0.0
0.0248231 0.000723971 0.0
0.0248058 0.00082616 0.0
0.0247777 0.00092987 0.0
0.024733 0.00102778 0.0
0.0246698 0.00111623 0.0
0.0246013 0.00117866 0.0
0.0245377 0.00123298 0.0
0.0244811 0.00124854 0.0
0.0244423 0.00125638 0.0
0.0244207 0.00126492 0.0
0.0244059 0.00126161 0.0
0.0244018 0.00125827 0.0
0.0244117 0.00126183 0.0
0.0244232 0.00127608 0.0
0.0244262 0.00128981 0.0
0.0244246 0.00130696 0.0
0.0244129 0.00133328 0.0
0.0243929 0.0013398 0.0
0.0243692 0.00134286 0.0
0.0243329 0.00133927 0.0
0.0242988 0.00131628 0.0
0.0242782 0.00129205 0.0
0.0242598 0.0012572 0.0
0.0242434 0.00121927 0.0
0.024239 0.00118484 0.0
0.0242436 0.00115302 0.0
0.0242511 0.00112244 0.0
0.0242612 0.00109712 0.0
0.0242723 0.00108501 0.0
0.024281 0.00107817 0.0
0.0242866 0.00107472 0.0
0.024284 0.00108221 0.0
0.0242723 0.00109028 0.0
0.0242505 0.00110074 0.0
0.02422 0.00110761 0.0
0.0241836 0.00111212 0.0
0.0241444 0.0011027 0.0
0.0241061 0.0010948 0.0
0.0240665 0.00108091 0.0
0.0240327 0.00105491 0.0
0.0240078 0.00103338 0.0
0.023986 0.00101177 0.0
0.0239684 0.000988394 0.0
0.023959 0.000968691 0.0
0.0239556 0.000955719 0.0
0.0239556 0.000946277 0.0
0.0239592 0.000944093 0.0
0.0239661 0.000951545 0.0
0.0239769 0.000966244 0.0
0.0239887 0.00098922 0.0
0.0239976 0.00102747 0.0
0.0240065 0.00107517 0.0
0.0240157 0.00113262 0.0
0.0240153 0.00120467 0.0
0.024005 0.00128709 0.0
0.0239869 0.00138169 0.0
0.0239554 0.00148088 0.0
0.0239079 0.00158158 0.0
0.0238424 0.00168747 0.0
0.0237581 0.00178933 0.0
0.0236624 0.00187834 0.0
0.0235541 0.00195943 0.0
0.0234305 0.00202565 0.0
0.0233005 0.00208196 0.0
0.0231684 0.00211998 0.0
0.0230343 0.00213934 0.0
0.0228987 0.00215282 0.0
0.0227638 0.00215187 0.0
0.0226342 0.0021361 0.0
0.0225088 0.00211438 0.0
0.0223852 0.00208582 0.0
0.022266 0.00204854 0.0
0.0221529 0.00200632 0.0
0.0220433 0.00196144 0.0
0.0219366 0.00191276 0.0
0.0218341 0.00186113 0.0
0.0217355 0.00180843 0.0
0.0216397 0.00175512 0.0
0.0215468 0.00170083 0.0
0.0214567 0.00164636 0.0
0.021369 0.00159249 0.0
0.0212838 0.00153931 0.0
0.0212008 0.00148671 0.0
0.0211198 0.00143516 0.0
0.0210407 0.00138498 0.0
0.0209637 0.00133614 0.0
0.0208884 0.0012886 0.0
0.0208147 0.00124261 0.0
0.0207427 0.00119826 0.0
0.0206725 0.00115548 0.0
0.0206038 0.00111423 0.0
0.0205365 0.00107464 0.0
0.0204709 0.00103668 0.0
0.0204068 0.00100025 0.0
0.0203441 0.000965351 0.0
0.0202828 0.000931996 0.0
0.0202231 0.000900112 0.0
0.0201647 0.000869619 0.0
0.0201078 0.000840495 0.0
0.0200522 0.000812713 0.0
0.019998 0.000786185 0.0
0.0199452 0.000760852 0.0
0.0198937 0.000736682 0.0
0.0198435 0.000713619 0.0
0.0197946 0.00069159 0.0
0.0197469 0.00067055 0.0
0.0197005 0.000650456 0.0
0.0196554 0.000631252 0.0
0.0196114 0.000612881 0.0
0.0195686 0.000595305 0.0
0.019527 0.00057848 0.0
0.0194865 0.000562359 0.0
0.0194471 0.000546898 0.0
0.0194088 0.000532065 0.0
0.0193716 0.00051782 0.0
0.0193354 0.000504127 0.0
0.0193002 0.000490954 0.0
0.0192661 0.000478272 0.0
0.0192328 0.00046605 0.0
0.0192006 0.000454261 0.0
0.0191692 0.00044288 0.0
0.0191387 0.000431885 0.0
0.0191091 0.000421251 0.0
0.0190804 0.000410959 0.0
0.0190525 0.000400991 0.0
0.0190253 0.000391328 0.0
0.018999 0.000381954 0.0
0.0189734 0.000372853 0.0
0.0189486 0.000364013 0.0
0.0189245 0.00035542 0.0
0.018901 0.000347062 0.0
0.0188783 0.000338928 0.0
0.0188562 0.000331009 0.0
0.0188348 0.000323294 0.0
0.018814 0.000315775 0.0
0.0187938 0.000308444 0.0
0.0187742 0.000301294 0.0
0.0187551 0.000294318 0.0
0.0187366 0.000287509 0.0
0.0187187 0.000280863 0.0
0.0187013 0.000274373 0.0
0.0186844 0.000268035 0.0
0.018668 0.000261843 0.0
0.0186521 0.000255794 0.0
0.0186366 0.000249884 0.0
0.0186216 0.000244108 0.0
0.0186071 0.000238462 0.0
0.0185929 0.000232944 0.0
0.0185792 0.000227549 0.0
0.0185659 0.000222275 0.0
0.018553 0.000217118 0.0
0.0185405 0.000212074 0.0
0.0185284 0.000207141 0.0
0.0185166 0.000202315 0.0
0.0185051 0.000197592 0.0
0.018494 0.000192969 0.0
0.0184832 0.000188443 0.0
0.0184728 0.00018401 0.0
0.0184626 0.000179665 0.0
0.0184528 0.000175404 0.0
0.0184432 0.000171223 0.0
0.0184339 0.000167116 0.0
0.0184249 0.000163079 0.0
0.0184162 0.000159104 0.0
0.0184077 0.000155187 0.0
0.0183995 0.000151318 0.0
0.0183914 0.000147492 0.0
0.0183837 0.000143699 0.0
0.0183761 0.000139931 0.0
0.0183687 0.000136174 0.0
0.0183616 0.000132421 0.0
0.0183547 0.000128655 0.0
0.0183479 0.000124865 0.0
0.0183413 0.000121031 0.0
0.0183349 0.00011714 0.0
0.0183287 0.000113167 0.0
0.0183227 0.000109095 0.0
0.0183168 0.000104893 0.0
0.0183111 0.000100539 0.0
0.0183055 9.59948e-05 0.0
0.0183001 9.12347e-05 0.0
0.0182949 8.62054e-05 0.0
0.0182898 8.0879e-05 0.0
0.0182849 7.51864e-05 0.0
0.0182802 6.90917e-05 0.0
0.0182757 6.25035e-05 0.0
0.0182714 5.5384e-05 0.0
0.0182674 4.76086e-05 0.0
0.0182637 3.91304e-05 0.0
0.0182604 2.97901e-05 0.0
0.0182575 1.95478e-05 0.0
0.0182551 8.28301e-06 0.0
0.0182535 -3.26412e-06 0.0
0.0182526 -9.27757e-06 0.0
0.0 0.0 0.0
0.0 0.0 0.0
0.0193191 5.47979e-05 0.0
0.0193312 0.000183939 0.0
0.0193576 0.000288624 0.0
0.0194078 0.000362488 0.0
0.0194631 0.000473159 0.0
0.0195359 0.00058561 0.0
0.019624 0.000636162 0.0
0.01971 0.000703588 0.0
0.0198055 0.000794692 0.0
0.0199165 0.000837461 0.0
0.0200214 0.000866114 0.0
0.0201286 0.000919262 0.0
0.0202441 0.000949559 0.0
0.0203555 0.000960007 0.0
0.0204643 0.000975603 0.0
0.0205767 0.00098931 0.0
0.0206833 0.000986917 0.0
0.0207845 0.00098195 0.0
0.0208876 0.000975207 0.0
0.0209859 0.000963229 0.0
0.0210743 0.000945559 0.0
0.0211615 0.00092604 0.0
0.0212477 0.000902663 0.0
0.0213241 0.00087745 0.0
0.0213934 0.000849419 0.0
0.0214625 0.000818575 0.0
0.0215266 0.00078562 0.0
0.0215812 0.00075216 0.0
0.0216318 0.000715898 0.0
0.0216807 0.000677332 0.0
0.0217227 0.000637881 0.0
0.0217579 0.000597333 0.0
0.0217906 0.000553914 0.0
0.0218196 0.000508776 0.0
0.0218422 0.000462486 0.0
0.0218605 0.000413985 0.0
0.0218762 0.000362497 0.0
0.0218871 0.00030895 0.0
0.0218932 0.00025296 0.0
0.0218966 0.000193498 0.0
0.0218963 0.000130259 0.0
0.0218915 6.34651e-05 0.0
0.0218838 -7.72044e-06 0.0
0.0218734 -8.40883e-05 0.0
0.0218584 -0.000166408 0.0
0.0218406 -0.000254925 0.0
0.0218213 -0.000350279 0.0
0.0217979 -0.000454004 0.0
0.0217714 -0.000568219 0.0
0.0217451 -0.000691622 0.0
0.0217163 -0.000825446 0.0
0.0216847 -0.000975182 0.0
0.0216561 -0.00114182 0.0
0.0216282 -0.0013187 0.0
0.0215986 -0.00151601 0.0
0.0215799 -0.0017437 0.0
0.0215715 -0.00198844 0.0
0.0215602 -0.00224555 0.0
0.0215705 -0.00255166 0.0
0.0216246 -0.0028891 0.0
0.0216864 -0.00322694 0.0
0.0217678 -0.0036144 0.0
0.0219306 -0.00404098 0.0
0.0221611 -0.00444541 0.0
0.0224306 -0.00488594 0.0
0.0227762 -0.00533212 0.0
0.0232127 -0.00569632 0.0
0.0237197 -0.00604994 0.0
0.0242663 -0.00634839 0.0
0.0248441 -0.00652041 0.0
0.0254138 -0.00651806 0.0
0.0259431 -0.00654758 0.0
0.0264195 -0.00635481 0.0
0.026741 -0.00601333 0.0
0.0269281 -0.00572367 0.0
0.0270332 -0.0053279 0.0
0.0269794 -0.00484747 0.0
0.0268058 -0.00447869 0.0
0.0266142 -0.0040779 0.0
0.0264024 -0.00368316 0.0
0.0261922 -0.00333437 0.0
0.0259553 -0.00290919 0.0
0.0256615 -0.00252192 0.0
0.0253685 -0.00215945 0.0
0.0250825 -0.00179182 0.0
0.0247603 -0.00148249 0.0
0.0244247 -0.0012005 0.0
0.024114 -0.00096039 0.0
0.0238493 -0.000760971 0.0
0.0236115 -0.000580845 0.0
0.0233856 -0.00043193 0.0
0.0231878 -0.000303545 0.0
0.0230271 -0.000189607 0.0
0.0228889 -8.88041e-05 0.0
0.0227652 -3.15567e-06 0.0
0.0226647 7.44149e-05 0.0
0.0225884 0.000145997 0.0
0.0225272 0.000211069 0.0
0.0224796 0.000273118 0.0
0.0224497 0.000331987 0.0
0.0224346 0.00039686 0.0
0.0224343 0.000459033 0.0
0.0224471 0.0005297 0.0
0.0224523 0.000626882 0.0
0.0224616 0.000719331 0.0
0.0224777 0.000838136 0.0
0.0224689 0.000965878 0.0
0.0224322 0.00107596 0.0
0.022372 0.00118943 0.0
0.022304 0.00125112 0.0
0.0222591 0.00127674 0.0
0.0222245 0.00129603 0.0
0.0221948 0.00127781 0.0
0.022201 0.00126124 0.0
0.022238 0.00124948 0.0
0.0222902 0.0012303 0.0
0.0223444 0.00122857 0.0
0.0223939 0.0012469 0.0
0.0224397 0.00126953 0.0
0.022473 0.00130046 0.0
0.0224851 0.00133262 0.0
0.0224764 0.00135793 0.0
0.0224602 0.00136344 0.0
0.0224448 0.00136589 0.0
0.0224321 0.00133377 0.0
0.0224317 0.00129512 0.0
0.0224429 0.00126182 0.0
0.0224622 0.00121394 0.0
0.0224926 0.00116619 0.0
0.0225315 0.00112845 0.0
0.0225778 0.00109474 0.0
0.0226241 0.00107057 0.0
0.0226671 0.0010572 0.0
0.0227125 0.00105165 0.0
0.0227527 0.00106119 0.0
0.0227772 0.00107505 0.0
0.0227913 0.00109391 0.0
0.022793 0.00112187 0.0
0.0227828 0.00113282 0.0
0.0227646 0.0011403 0.0
0.0227344 0.00114199 0.0
0.0227067 0.00112541 0.0
0.0226902 0.00110686 0.0
0.0226754 0.00107752 0.0
0.0226642 0.00104686 0.0
0.0226656 0.00101854 0.0
0.0226777 0.000989349 0.0
0.0226942 0.000962653 0.0
0.0227144 0.000943693 0.0
0.0227421 0.000930733 0.0
0.0227757 0.000925767 0.0
0.0228117 0.000927675 0.0
0.0228503 0.000939777 0.0
0.0228899 0.000966132 0.0
0.0229313 0.00100274 0.0
0.022976 0.00104758 0.0
0.0230149 0.00111426 0.0
0.023043 0.00119461 0.0
0.0230676 0.00128401 0.0
0.0230816 0.00139229 0.0
0.0230739 0.00150734 0.0
0.0230448 0.00162777 0.0
0.0229988 0.00175307 0.0
0.0229345 0.00187283 0.0
0.0228516 0.00197145 0.0
0.0227535 0.00206918 0.0
0.0226413 0.00215207 0.0
0.0225267 0.00220281 0.0
0.0224111 0.00224461 0.0
0.0222885 0.00227073 0.0
0.0221693 0.00227845 0.0
0.0220587 0.00227227 0.0
0.0219504 0.00225387 0.0
0.0218455 0.00222783 0.0
0.0217489 0.00219386 0.0
0.0216586 0.00215155 0.0
0.0215713 0.00210488 0.0
0.0214884 0.00205591 0.0
0.0214116 0.00200315 0.0
0.0213387 0.00194783 0.0
0.0212678 0.00189204 0.0
0.0212 0.00183576 0.0
0.021136 0.00177861 0.0
0.0210741 0.00172184 0.0
0.0210136 0.00166589 0.0
0.020955 0.00161052 0.0
0.0208987 0.00155599 0.0
0.0208437 0.00150291 0.0
0.0207896 0.00145111 0.0
0.0207369 0.0014006 0.0
0.0206857 0.00135167 0.0
0.0206353 0.00130441 0.0
0.0205858 0.00125866 0.0
0.0205374 0.00121452 0.0
0.0204901 0.00117209 0.0
0.0204435 0.0011313 0.0
0.0203978 0.00109205 0.0
0.0203531 0.00105443 0.0
0.0203093 0.0010184 0.0
0.0202662 0.000983866 0.0
0.0202241 0.000950781 0.0
0.0201829 0.000919161 0.0
0.0201426 0.00088892 0.0
0.0201031 0.000859982 0.0
0.0200645 0.000832321 0.0
0.0200267 0.000805897 0.0
0.0199898 0.000780627 0.0
0.0199538 0.000756458 0.0
0.0199187 0.000733355 0.0
0.0198844 0.000711261 0.0
0.0198509 0.000690111 0.0
0.0198183 0.000669865 0.0
0.0197866 0.00065048 0.0
0.0197557 0.000631903 0.0
0.0197256 0.000614086 0.0
0.0196963 0.000596995 0.0
0.0196678 0.000580587 0.0
0.0196401 0.00056482 0.0
0.0196131 0.000549658 0.0
0.019587 0.000535071 0.0
0.0195615 0.000521024 0.0
0.0195369 0.000507483 0.0
0.0195129 0.000494423 0.0
0.0194896 0.000481818 0.0
0.019467 0.000469639 0.0
0.0194451 0.000457863 0.0
0.0194239 0.00044647 0.0
0.0194033 0.000435438 0.0
0.0193833 0.000424748 0.0
0.019364 0.000414381 0.0
0.0193452 0.000404322 0.0
0.019327 0.000394555 0.0
0.0193094 0.000385066 0.0
0.0192924 0.000375841 0.0
0.0192759 0.000366869 0.0
0.0192599 0.000358138 0.0
0.0192444 0.000349636 0.0
0.0192294 0.000341356 0.0
0.0192149 0.000333288 0.0
0.0192009 0.000325422 0.0
0.0191873 0.000317753 0.0
0.0191742 0.000310272 0.0
0.0191615 0.000302974 0.0
0.0191493 0.000295851 0.0
0.0191374 0.000288898 0.0
0.0191259 0.00028211 0.0
0.0191149 0.000275482 0.0
0.0191042 0.000269009 0.0
0.0190938 0.000262687 0.0
0.0190838 0.000256511 0.0
0.0190742 0.000250478 0.0
0.0190648 0.000244583 0.0
0.0190558 0.000238823 0.0
0.0190471 0.000233194 0.0
0.0190388 0.000227693 0.0
0.0190307 0.000222316 0.0
0.0190228 0.00021706 0.0
0.0190153 0.00021192 0.0
0.019008 0.000206894 0.0
0.019001 0.000201978 0.0
0.0189942 0.000197168 0.0
0.0189877 0.00019246 0.0
0.0189814 0.000187849 0.0
0.0189753 0.000183331 0.0
0.0189694 0.000178902 0.0
0.0189637 0.000174556 0.0
0.0189582 0.000170288 0.0
0.018953 0.000166091 0.0
0.0189479 0.00016196 0.0
0.0189429 0.000157886 0.0
0.0189381 0.000153862 0.0
0.0189335 0.000149879 0.0
0.0189291 0.000145929 0.0
0.0189247 0.000141998 0.0
0.0189206 0.000138078 0.0
0.0189165 0.000134153 0.0
0.0189125 0.000130211 0.0
0.0189087 0.000126232 0.0
0.018905 0.000122202 0.0
0.0189013 0.000118097 0.0
0.0188978 0.000113897 0.0
0.0188943 0.000109573 0.0
0.0188909 0.000105101 0.0
0.0188876 0.00010044 0.0
0.0188844 9.55661e-05 0.0
0.0188812 9.04217e-05 0.0
0.0188781 8.49764e-05 0.0
0.018875 7.91558e-05 0.0
0.0188721 7.29271e-05 0.0
0.0188692 6.61849e-05 0.0
0.0188664 5.88897e-05 0.0
0.0188637 5.09036e-05 0.0
0.0188611 4.21812e-05 0.0
0.0188588 3.25273e-05 0.0
0.0188566 2.19053e-05 0.0
0.0188548 1.01318e-05 0.0
0.0188535 -2.09267e-06 0.0
0.0188527 -8.51872e-06 0.0
0.0 0.0 0.0
0.0 0.0 0.0
0.0192987 5.35631e-05 0.0
0.0193158 0.000151557 0.0
0.0193608 0.00023979 0.0
0.0193966 0.000328404 0.0
0.0194372 0.000418466 0.0
0.0195126 0.000487378 0.0
0.0195896 0.000558356 0.0
0.019659 0.000638323 0.0
0.0197467 0.000682523 0.0
0.0198468 0.000724158 0.0
0.0199413 0.000782461 0.0
0.0200375 0.000814795 0.0
0.020139 0.000828033 0.0
0.0202443 0.000857718 0.0
0.0203477 0.000878126 0.0
0.0204459 0.000878862 0.0
0.0205453 0.000880751 0.0
0.0206485 0.00088681 0.0
0.0207444 0.000879783 0.0
0.0208331 0.000867178 0.0
0.0209247 0.000856459 0.0
0.0210154 0.000842788 0.0
0.0210955 0.000821981 0.0
0.0211715 0.000800631 0.0
0.0212494 0.000778238 0.0
0.0213215 0.000752432 0.0
0.0213844 0.000723886 0.0
0.0214456 0.000694876 0.0
0.0215055 0.000663509 0.0
0.021558 0.000630024 0.0
0.0216041 0.000595178 0.0
0.0216487 0.000558798 0.0
0.0216895 0.000520034 0.0
0.0217234 0.000479756 0.0
0.0217531 0.000437601 0.0
0.0217804 0.00039303 0.0
0.0218027 0.000346111 0.0
0.0218194 0.00029691 0.0
0.0218328 0.000244537 0.0
0.0218428 0.00018906 0.0
0.0218474 0.000130221 0.0
0.0218476 6.70836e-05 0.0
0.0218448 -6.30947e-07 0.0
0.0218374 -7.284e-05 0.0
0.0218247 -0.000151355 0.0
0.0218089 -0.000236705 0.0
0.0217896 -0.00032843 0.0
0.0217649 -0.000428683 0.0
0.0217359 -0.000540033 0.0
0.0217047 -0.0006603 0.0
0.02167 -0.000792142 0.0
0.0216304 -0.000941119 0.0
0.0215881 -0.00110511 0.0
0.0215466 -0.00128182 0.0
0.0215063 -0.00148593 0.0
0.0214628 -0.00171605 0.0
0.02142 -0.00196124 0.0
0.0213967 -0.00223794 0.0
0.0213903 -0.00256795 0.0
0.0213784 -0.0029136 0.0
0.0213956 -0.0032906 0.0
0.0214933 -0.00373176 0.0
0.0216223 -0.00419761 0.0
0.0217832 -0.00469664 0.0
0.0220584 -0.00520977 0.0
0.0224279 -0.00569051 0.0
0.0228723 -0.00620368 0.0
0.0234333 -0.00663895 0.0
0.0240377 -0.00689553 0.0
0.0246275 -0.00709295 0.0
0.0252365 -0.007151 0.0
0.0256876 -0.00693305 0.0
0.0259599 -0.00670004 0.0
0.0261557 -0.00622887 0.0
0.0261325 -0.00570305 0.0
0.0258646 -0.00519296 0.0
0.0255051 -0.00462338 0.0
0.0251368 -0.0041494 0.0
0.0247452 -0.00376412 0.0
0.0243513 -0.00341484 0.0
0.0239633 -0.00300531 0.0
0.0236068 -0.00260086 0.0
0.0232475 -0.00215857 0.0
0.0227942 -0.00179854 0.0
0.0223132 -0.00141851 0.0
0.0218753 -0.00109328 0.0
0.0215036 -0.00085869 0.0
0.021157 -0.00064903 0.0
0.0208315 -0.000486095 0.0
0.0205666 -0.00034124 0.0
0.0203524 -0.00022174 0.0
0.0201588 -0.000121454 0.0
0.0199893 -3.87185e-05 0.0
0.0198566 3.78643e-05 0.0
0.0197505 0.000103321 0.0
0.0196627 0.000158685 0.0
0.0195944 0.000210294 0.0
0.0195457 0.000258682 0.0
0.0195164 0.000303761 0.0
0.0195059 0.000348154 0.0
0.0195068 0.000398401 0.0
0.0195218 0.000439145 0.0
0.0195572 0.000510001 0.0
0.0196118 0.000597076 0.0
0.0196794 0.000684118 0.0
0.0197107 0.000829748 0.0
0.0197035 0.000973761 0.0
0.0196598 0.00114424 0.0
0.0195906 0.00124541 0.0
0.0195182 0.00131572 0.0
0.0194589 0.00130749 0.0
0.0194536 0.00130627 0.0
0.0194928 0.00126623 0.0
0.0195638 0.00120882 0.0
0.0196537 0.00117232 0.0
0.0197576 0.00115077 0.0
0.0198606 0.00115698 0.0
0.0199652 0.00116559 0.0
0.0200641 0.00120993 0.0
0.0201322 0.00126846 0.0
0.0201725 0.00131557 0.0
0.0201847 0.00136939 0.0
0.0201797 0.00138052 0.0
0.0201897 0.00135991 0.0
0.0202068 0.00133479 0.0
0.0202219 0.00128055 0.0
0.0202627 0.00122443 0.0
0.0203306 0.00116746 0.0
0.0204065 0.00111315 0.0
0.0204824 0.00106483 0.0
0.020565 0.00102807 0.0
0.0206532 0.00100776 0.0
0.0207438 0.000990453 0.0
0.0208275 0.000990309 0.0
0.0208967 0.0010126 0.0
0.0209531 0.00104121 0.0
0.0209915 0.00107796 0.0
0.0210062 0.00111507 0.0
0.0209987 0.00114722 0.0
0.0209819 0.00115923 0.0
0.0209648 0.00116616 0.0
0.0209504 0.00114115 0.0
0.0209482 0.00110961 0.0
0.0209574 0.00108107 0.0
0.0209756 0.00103945 0.0
0.0210064 0.000995729 0.0
0.021046 0.000960945 0.0
0.021092 0.000930457 0.0
0.0211455 0.000904193 0.0
0.021204 0.000885421 0.0
0.0212648 0.00087696 0.0
0.0213291 0.000875411 0.0
0.0213974 0.000886587 0.0
0.0214685 0.000909851 0.0
0.0215429 0.000942186 0.0
0.0216136 0.000992702 0.0
0.0216793 0.00106442 0.0
0.0217487 0.00114702 0.0
0.0218107 0.00125175 0.0
0.0218492 0.00137332 0.0
0.0218721 0.00150849 0.0
0.0218755 0.00165956 0.0
0.0218525 0.00179812 0.0
0.0218063 0.00193333 0.0
0.0217304 0.00206627 0.0
0.021639 0.00216879 0.0
0.0215455 0.00225576 0.0
0.0214417 0.00231391 0.0
0.0213336 0.0023572 0.0
0.0212309 0.00238283 0.0
0.0211371 0.00238016 0.0
0.0210506 0.00236815 0.0
0.0209689 0.00234845 0.0
0.020895 0.00231339 0.0
0.0208309 0.00226985 0.0
0.0207732 0.00222445 0.0
0.0207206 0.00217386 0.0
0.0206739 0.00211786 0.0
0.0206317 0.00206064 0.0
0.0205928 0.00200336 0.0
0.0205577 0.00194428 0.0
0.0205255 0.00188444 0.0
0.0204946 0.00182542 0.0
0.0204656 0.00176723 0.0
0.0204387 0.00170929 0.0
0.0204127 0.00165235 0.0
0.020387 0.0015969 0.0
0.0203624 0.00154281 0.0
0.0203387 0.00148995 0.0
0.020315 0.00143868 0.0
0.0202916 0.00138911 0.0
0.0202687 0.00134115 0.0
0.0202461 0.00129475 0.0
0.0202235 0.00125007 0.0
0.020201 0.00120709 0.0
0.0201789 0.00116572 0.0
0.0201569 0.00112595 0.0
0.020135 0.00108781 0.0
0.0201133 0.00105122 0.0
0.0200919 0.00101613 0.0
0.0200706 0.000982503 0.0
0.0200495 0.000950317 0.0
0.0200287 0.000919494 0.0
0.0200082 0.000889977 0.0
0.019988 0.000861729 0.0
0.0199681 0.000834701 0.0
0.0199485 0.000808821 0.0
0.0199292 0.000784043 0.0
0.0199103 0.000760321 0.0
0.0198918 0.000737602 0.0
0.0198736 0.000715829 0.0
0.0198559 0.000694958 0.0
0.0198385 0.000674945 0.0
0.0198216 0.000655743 0.0
0.0198051 0.000637305 0.0
0.0197889 0.000619595 0.0
0.0197733 0.000602572 0.0
0.019758 0.000586196 0.0
0.0197432 0.000570433 0.0
0.0197288 0.000555251 0.0
0.0197148 0.000540616 0.0
0.0197012 0.000526498 0.0
0.0196881 0.000512869 0.0
0.0196754 0.000499703 0.0
0.0196631 0.000486974 0.0
0.0196512 0.00047466 0.0
0.0196397 0.000462738 0.0
0.0196286 0.000451188 0.0
0.0196178 0.000439991 0.0
0.0196075 0.000429129 0.0
0.0195976 0.000418586 0.0
0.019588 0.000408346 0.0
0.0195787 0.000398395 0.0
0.0195698 0.00038872 0.0
0.0195613 0.000379309 0.0
0.0195531 0.000370149 0.0
0.0195452 0.000361231 0.0
0.0195377 0.000352545 0.0
0.0195304 0.000344082 0.0
0.0195235 0.000335832 0.0
0.0195168 0.000327789 0.0
0.0195105 0.000319945 0.0
0.0195044 0.000312294 0.0
0.0194986 0.000304828 0.0
0.019493 0.000297542 0.0
0.0194878 0.000290431 0.0
0.0194827 0.000283489 0.0
0.0194779 0.000276712 0.0
0.0194734 0.000270094 0.0
0.019469 0.000263632 0.0
0.0194649 0.000257322 0.0
0.019461 0.000251159 0.0
0.0194573 0.000245139 0.0
0.0194538 0.000239258 0.0
0.0194505 0.000233514 0.0
0.0194473 0.000227902 0.0
0.0194444 0.000222419 0.0
0.0194416 0.000217061 0.0
0.019439 0.000211824 0.0
0.0194365 0.000206705 0.0
0.0194342 0.000201699 0.0
0.019432 0.000196803 0.0
0.01943 0.000192011 0.0
0.0194281 0.000187321 0.0
0.0194263 0.000182726 0.0
0.0194246 0.000178222 0.0
0.0194231 0.000173803 0.0
0.0194216 0.000169463 0.0
0.0194203 0.000165196 0.0
0.019419 0.000160994 0.0
0.0194178 0.000156849 0.0
0.0194167 0.000152753 0.0
0.0194157 0.000148697 0.0
0.0194147 0.000144669 0.0
0.0194138 0.000140659 0.0
0.0194129 0.000136652 0.0
0.0194121 0.000132635 0.0
0.0194113 0.00012859 0.0
0.0194105 0.000124501 0.0
0.0194097 0.000120345 0.0
0.0194089 0.000116103 0.0
0.0194081 0.000111742 0.0
0.0194073 0.000107242 0.0
0.0194065 0.000102559 0.0
0.0194056 9.76687e-05 0.0
0.0194047 9.25117e-05 0.0
0.0194038 8.70593e-05 0.0
0.0194028 8.12299e-05 0.0
0.0194018 7.49916e-05 0.0
0.0194007 6.82329e-05 0.0
0.0193995 6.09147e-05 0.0
0.0193983 5.2882e-05 0.0
0.019397 4.4094e-05 0.0
0.0193958 3.43313e-05 0.0
0.0193945 2.3557e-05 0.0
0.0193934 1.15288e-05 0.0
0.0193924 -1.10314e-06 0.0
0.0193916 -7.7969e-06 0.0
0.0 0.0 0.0
0.0 0.0 0.0
0.019311 5.57013e-05 0.0
0.0193298 0.000120882 0.0
0.0193484 0.000202605 0.0
0.0193811 0.000297834 0.0
0.0194336 0.000359846 0.0
0.0194874 0.000416087 0.0
0.0195448 0.000497762 0.0
0.0196235 0.000555949 0.0
0.0197038 0.00058917 0.0
0.0197797 0.000644439 0.0
0.0198684 0.000689037 0.0
0.0199643 0.000709305 0.0
0.020054 0.000736074 0.0
0.0201466 0.000763762 0.0
0.0202434 0.000772875 0.0
0.0203382 0.000780584 0.0
0.0204321 0.000789416 0.0
0.0205255 0.000789981 0.0
0.0206157 0.000784324 0.0
0.0207055 0.000779612 0.0
0.0207942 0.000770214 0.0
0.0208773 0.000756854 0.0
0.0209571 0.000741945 0.0
0.0210373 0.000724957 0.0
0.021113 0.000704418 0.0
0.0211821 0.000683133 0.0
0.0212495 0.000659783 0.0
0.0213154 0.000633763 0.0
0.0213749 0.000606372 0.0
0.0214291 0.000578217 0.0
0.0214819 0.000547254 0.0
0.021531 0.0005144 0.0
0.0215735 0.000480641 0.0
0.0216123 0.000444988 0.0
0.0216487 0.000406436 0.0
0.0216797 0.000366216 0.0
0.0217052 0.000324155 0.0
0.0217279 0.00027907 0.0
0.0217464 0.000230804 0.0
0.0217588 0.000179922 0.0
0.0217672 0.000125552 0.0
0.0217723 6.68822e-05 0.0
0.021771 3.68689e-06 0.0
0.0217643 -6.42521e-05 0.0
0.0217548 -0.000137837 0.0
0.0217394 -0.000217997 0.0
0.0217165 -0.000305988 0.0
0.0216904 -0.000401789 0.0
0.0216606 -0.000506408 0.0
0.0216213 -0.000623012 0.0
0.0215767 -0.000753439 0.0
0.0215315 -0.000894723 0.0
0.0214781 -0.00105247 0.0
0.0214166 -0.00123495 0.0
0.0213571 -0.00143742 0.0
0.0212948 -0.00165406 0.0
0.0212272 -0.0019125 0.0
0.0211697 -0.00221505 0.0
0.0211174 -0.00253221 0.0
0.0210659 -0.00288465 0.0
0.0210605 -0.00334149 0.0
0.0211036 -0.00381691 0.0
0.0211506 -0.00430161 0.0
0.0212804 -0.00490886 0.0
0.0215559 -0.00552368 0.0
0.0219471 -0.00612039 0.0
0.0224217 -0.00672188 0.0
0.0229722 -0.00721894 0.0
0.0235986 -0.00753512 0.0
0.0241769 -0.00764496 0.0
0.0246834 -0.00768761 0.0
0.0250137 -0.0071873 0.0
0.0251047 -0.00680397 0.0
0.0250021 -0.00620008 0.0
0.0246439 -0.00538372 0.0
0.0240269 -0.00462532 0.0
0.0232915 -0.00411532 0.0
0.0225409 -0.00360595 0.0
0.0218072 -0.00323021 0.0
0.0212706 -0.00300553 0.0
0.0208121 -0.00255172 0.0
0.0203089 -0.00220911 0.0
0.0198282 -0.00170823 0.0
0.0192773 -0.00122846 0.0
0.0187125 -0.0009226 0.0
0.018204 -0.000652434 0.0
0.0177808 -0.000484176 0.0
0.0174497 -0.000319077 0.0
0.0171637 -0.000198697 0.0
0.0169083 -0.000104774 0.0
0.0167006 -2.66824e-05 0.0
0.0165393 4.67223e-05 0.0
0.0164023 0.000101593 0.0
0.0162882 0.00014714 0.0
0.0162027 0.000189058 0.0
0.0161392 0.000226585 0.0
0.0160907 0.000258892 0.0
0.0160622 0.000287435 0.0
0.0160517 0.00031579 0.0
0.0160534 0.000344283 0.0
0.0160705 0.00037784 0.0
0.0161084 0.000405578 0.0
0.0161605 0.000457474 0.0
0.0162402 0.0004998 0.0
0.0163271 0.000628561 0.0
0.01637 0.000812148 0.0
0.0164116 0.000968241 0.0
0.0163957 0.00122689 0.0
0.0163302 0.0013078 0.0
0.0162923 0.0013718 0.0
0.0162647 0.00134462 0.0
0.0163101 0.00124441 0.0
0.016433 0.00116953 0.0
0.0165778 0.00109762 0.0
0.0167291 0.00104072 0.0
0.016894 0.00101546 0.0
0.0170698 0.00101832 0.0
0.017248 0.0010318 0.0
0.0173834 0.00111101 0.0
0.0174716 0.00119224 0.0
0.0175148 0.00130224 0.0
0.0175256 0.00135439 0.0
0.0175259 0.00138041 0.0
0.0175302 0.00133543 0.0
0.017576 0.00129792 0.0
0.0176557 0.00122978 0.0
0.017758 0.00114086 0.0
0.0178671 0.00107293 0.0
0.0179815 0.00101593 0.0
0.0181074 0.000962808 0.0
0.0182359 0.000922984 0.0
0.018361 0.000895939 0.0
0.0184856 0.000884506 0.0
0.0185953 0.000903739 0.0
0.0186964 0.000927088 0.0
0.0187897 0.000980095 0.0
0.0188507 0.00104813 0.0
0.0188782 0.00110373 0.0
0.0188786 0.00116271 0.0
0.0188657 0.00118045 0.0
0.0188658 0.00116694 0.0
0.0188718 0.00114686 0.0
0.0188793 0.00109934 0.0
0.0189134 0.00104895 0.0
0.0189718 0.000996773 0.0
0.0190384 0.000944996 0.0
0.0191075 0.000901955 0.0
0.0191849 0.000864099 0.0
0.0192702 0.000833637 0.0
0.0193574 0.000811436 0.0
0.0194459 0.000799165 0.0
0.0195392 0.000795712 0.0
0.0196356 0.000804623 0.0
0.0197338 0.000820851 0.0
0.019835 0.000854622 0.0
0.0199369 0.000911274 0.0
0.0200449 0.000975052 0.0
0.0201529 0.00106176 0.0
0.0202422 0.00118625 0.0
0.0203134 0.00132475 0.0
0.02037 0.00148182 0.0
0.0203958 0.00165626 0.0
0.0203798 0.00182933 0.0
0.0203368 0.00198802 0.0
0.0202765 0.00214773 0.0
0.0202004 0.00225624 0.0
0.0201178 0.00234246 0.0
0.020026 0.0024198 0.0
0.0199382 0.00245263 0.0
0.0198683 0.00246258 0.0
0.0198036 0.00245828 0.0
0.0197439 0.00243788 0.0
0.0197019 0.00240507 0.0
0.0196735 0.00236184 0.0
0.0196493 0.00231219 0.0
0.0196312 0.00225893 0.0
0.0196232 0.00220149 0.0
0.0196213 0.0021415 0.0
0.0196215 0.00208085 0.0
0.0196245 0.00201961 0.0
0.0196315 0.00195757 0.0
0.0196405 0.00189633 0.0
0.0196499 0.00183601 0.0
0.01966 0.00177619 0.0
0.0196712 0.00171735 0.0
0.0196824 0.0016603 0.0
0.0196932 0.00160453 0.0
0.0197037 0.00155 0.0
0.019714 0.00149719 0.0
0.0197237 0.00144623 0.0
0.0197325 0.00139673 0.0
0.0197408 0.00134884 0.0
0.0197484 0.0013028 0.0
0.0197553 0.00125846 0.0
0.0197613 0.00121565 0.0
0.0197667 0.00117451 0.0
0.0197714 0.00113506 0.0
0.0197754 0.00109715 0.0
0.0197788 0.0010607 0.0
0.0197817 0.0010258 0.0
0.019784 0.000992358 0.0
0.0197857 0.000960262 0.0
0.019787 0.000929497 0.0
0.0197879 0.000900057 0.0
0.0197884 0.000871841 0.0
0.0197886 0.000844784 0.0
0.0197885 0.000818867 0.0
0.0197881 0.000794043 0.0
0.0197875 0.000770232 0.0
0.0197868 0.000747393 0.0
0.0197859 0.000725495 0.0
0.0197848 0.000704481 0.0
0.0197837 0.000684296 0.0
0.0197824 0.000664909 0.0
0.0197812 0.00064628 0.0
0.0197799 0.000628363 0.0
0.0197786 0.000611117 0.0
0.0197773 0.000594515 0.0
0.0197761 0.00057852 0.0
0.0197749 0.000563095 0.0
0.0197737 0.000548212 0.0
0.0197726 0.000533846 0.0
0.0197716 0.000519965 0.0
0.0197707 0.000506544 0.0
0.0197698 0.00049356 0.0
0.0197691 0.000480991 0.0
0.0197684 0.000468814 0.0
0.0197679 0.00045701 0.0
0.0197675 0.000445562 0.0
0.0197672 0.000434451 0.0
0.019767 0.000423661 0.0
0.0197669 0.000413179 0.0
0.019767 0.000402989 0.0
0.0197671 0.000393079 0.0
0.0197674 0.000383436 0.0
0.0197678 0.00037405 0.0
0.0197683 0.000364911 0.0
0.0197689 0.000356008 0.0
0.0197697 0.000347332 0.0
0.0197705 0.000338876 0.0
0.0197715 0.000330631 0.0
0.0197726 0.000322591 0.0
0.0197737 0.000314748 0.0
0.019775 0.000307097 0.0
0.0197764 0.000299631 0.0
0.0197778 0.000292344 0.0
0.0197794 0.000285233 0.0
0.0197811 0.000278292 0.0
0.0197828 0.000271515 0.0
0.0197846 0.0002649 0.0
0.0197865 0.000258441 0.0
0.0197885 0.000252135 0.0
0.0197905 0.000245978 0.0
0.0197927 0.000239966 0.0
0.0197948 0.000234095 0.0
0.0197971 0.000228362 0.0
0.0197994 0.000222763 0.0
0.0198017 0.000217294 0.0
0.0198042 0.000211952 0.0
0.0198066 0.000206733 0.0
0.0198091 0.000201633 0.0
0.0198116 0.000196647 0.0
0.0198142 0.000191773 0.0
0.0198168 0.000187005 0.0
0.0198194 0.000182338 0.0
0.0198221 0.000177768 0.0
0.0198247 0.000173288 0.0
0.0198274 0.000168894 0.0
0.0198301 0.000164579 0.0
0.0198327 0.000160335 0.0
0.0198354 0.000156156 0.0
0.0198381 0.000152032 0.0
0.0198407 0.000147955 0.0
0.0198433 0.000143913 0.0
0.0198458 0.000139897 0.0
0.0198484 0.000135892 0.0
0.0198508 0.000131885 0.0
0.0198533 0.000127859 0.0
0.0198556 0.000123799 0.0
0.0198579 0.000119679 0.0
0.0198601 0.000115485 0.0
0.0198621 0.000111181 0.0
0.0198641 0.000106748 0.0
0.019866 0.000102143 0.0
0.0198677 9.7341e-05 0.0
0.0198692 9.22812e-05 0.0
0.0198706 8.69376e-05 0.0
0.0198718 8.12258e-05 0.0
0.0198729 7.51127e-05 0.0
0.0198737 6.84831e-05 0.0
0.0198743 6.13016e-05 0.0
0.0198747 5.34005e-05 0.0
0.0198749 4.47414e-05 0.0
0.0198749 3.5089e-05 0.0
0.0198746 2.44091e-05 0.0
0.0198741 1.24097e-05 0.0
0.0198735 -3.21798e-07 0.0
0.0198729 -7.11688e-06 0.0
0.0 0.0 0.0
0.0 0.0 0.0
0.0193161 3.99607e-05 0.0
0.0193242 0.000111784 0.0
0.0193394 0.000182877 0.0
0.019378 0.000244168 0.0
0.0194242 0.000307157 0.0
0.0194664 0.000377627 0.0
0.0195224 0.000428076 0.0
0.0195937 0.000468276 0.0
0.0196624 0.000525671 0.0
0.019735 0.000570234 0.0
0.0198164 0.000589149 0.0
0.0199002 0.000622684 0.0
0.0199851 0.000656844 0.0
0.0200715 0.000667478 0.0
0.0201586 0.000676393 0.0
0.0202488 0.000694753 0.0
0.0203376 0.000700356 0.0
0.0204225 0.000696499 0.0
0.0205094 0.000696557 0.0
0.0205974 0.000695808 0.0
0.0206789 0.000685785 0.0
0.0207579 0.000674267 0.0
0.0208392 0.000663733 0.0
0.0209168 0.000649886 0.0
0.0209875 0.000631746 0.0
0.0210579 0.000613473 0.0
0.0211278 0.000594011 0.0
0.0211913 0.000571987 0.0
0.02125 0.000547966 0.0
0.0213082 0.000523104 0.0
0.021363 0.000496429 0.0
0.0214114 0.000467997 0.0
0.0214565 0.000437809 0.0
0.0214996 0.0004059 0.0
0.0215376 0.000372107 0.0
0.0215701 0.000336391 0.0
0.0215995 0.000298077 0.0
0.0216252 0.000257385 0.0
0.021645 0.000214332 0.0
0.02166 0.00016797 0.0
0.0216713 0.000117776 0.0
0.0216771 6.44422e-05 0.0
0.0216767 6.89454e-06 0.0
0.0216717 -5.63982e-05 0.0
0.0216614 -0.000124848 0.0
0.0216441 -0.000198535 0.0
0.0216205 -0.00028055 0.0
0.0215915 -0.000371144 0.0
0.0215551 -0.000469383 0.0
0.0215104 -0.000578749 0.0
0.0214592 -0.00070263 0.0
0.0214012 -0.000838372 0.0
0.0213346 -0.000990398 0.0
0.0212589 -0.00116502 0.0
0.0211761 -0.00136067 0.0
0.0210903 -0.00157883 0.0
0.0209991 -0.00183783 0.0
0.0208941 -0.00212987 0.0
0.0207942 -0.00245626 0.0
0.0207268 -0.00284692 0.0
0.020657 -0.00331318 0.0
0.020568 -0.00380101 0.0
0.0205888 -0.00440536 0.0
0.0207603 -0.00508444 0.0
0.0209315 -0.00578421 0.0
0.0212112 -0.00659978 0.0
0.0217047 -0.00722759 0.0
0.0223243 -0.0078018 0.0
0.0229838 -0.00819293 0.0
0.0235289 -0.00818437 0.0
0.0237555 -0.00784045 0.0
0.0237055 -0.00735169 0.0
0.0234604 -0.00660291 0.0
0.0227804 -0.00563486 0.0
0.0218876 -0.00474705 0.0
0.0209316 -0.00373279 0.0
0.0197665 -0.00309005 0.0
0.0185886 -0.00270286 0.0
0.0176949 -0.00255312 0.0
0.0172424 -0.00252324 0.0
0.0169513 -0.00213695 0.0
0.0163469 -0.00156608 0.0
0.0154926 -0.00107849 0.0
0.0147135 -0.000590152 0.0
0.014173 -0.000407196 0.0
0.0137792 -0.000229467 0.0
0.0133995 -0.000116259 0.0
0.0130829 -3.33589e-05 0.0
0.0128611 3.93623e-05 0.0
0.0126813 9.94762e-05 0.0
0.0125166 0.000139316 0.0
0.0123894 0.000173876 0.0
0.0122979 0.000207407 0.0
0.0122233 0.000231497 0.0
0.0121633 0.00025055 0.0
0.0121238 0.00026977 0.0
0.0121022 0.000286345 0.0
0.0120938 0.000299174 0.0
0.0120941 0.000314508 0.0
0.0121079 0.000328359 0.0
0.0121448 0.00034191 0.0
0.0121957 0.000362428 0.0
0.0122449 0.000390671 0.0
0.0123297 0.000395742 0.0
0.0124787 0.000529966 0.0
0.0126677 0.000698154 0.0
0.0127815 0.00096837 0.0
0.0126951 0.00127989 0.0
0.0125157 0.00141222 0.0
0.0124828 0.00134607 0.0
0.0126357 0.00126553 0.0
0.0128587 0.00108915 0.0
0.013071 0.000992565 0.0
0.0132666 0.000919302 0.0
0.0134825 0.00085439 0.0
0.0137075 0.000819541 0.0
0.01393 0.000800031 0.0
0.0141332 0.000865516 0.0
0.0142874 0.000989173 0.0
0.0144277 0.00109569 0.0
0.0144975 0.00129886 0.0
0.0145108 0.00134063 0.0
0.0145451 0.00136708 0.0
0.0145809 0.00131489 0.0
0.0146688 0.00119705 0.0
0.0148162 0.00110244 0.0
0.0149786 0.0010096 0.0
0.0151369 0.000937749 0.0
0.0152972 0.000871019 0.0
0.0154609 0.000818761 0.0
0.0156178 0.000782957 0.0
0.0157704 0.000751421 0.0
0.0159253 0.00075219 0.0
0.0160819 0.000776294 0.0
0.0162347 0.000808638 0.0
0.016343 0.000897789 0.0
0.0164064 0.000990602 0.0
0.0164283 0.00110678 0.0
0.0164197 0.00116333 0.0
0.0164014 0.00119302 0.0
0.0163905 0.0011563 0.0
0.0164224 0.00112253 0.0
0.0164871 0.00105943 0.0
0.0165728 0.000977662 0.0
0.016666 0.000915276 0.0
0.0167661 0.000860557 0.0
0.0168776 0.000810184 0.0
0.0169924 0.00076602 0.0
0.0171022 0.000735005 0.0
0.0172126 0.000711098 0.0
0.0173291 0.000695553 0.0
0.0174465 0.00068962 0.0
0.0175617 0.000695676 0.0
0.0176803 0.00070939 0.0
0.0178054 0.00074241 0.0
0.0179383 0.000787211 0.0
0.0180751 0.000850078 0.0
0.0181973 0.000955457 0.0
0.0183204 0.00107951 0.0
0.0184486 0.00123936 0.0
0.018539 0.00143354 0.0
0.0185821 0.00163461 0.0
0.0185892 0.00185596 0.0
0.0185611 0.0020469 0.0
0.0185168 0.0021961 0.0
0.0184495 0.00233834 0.0
0.0183628 0.00243031 0.0
0.0182942 0.0024936 0.0
0.0182453 0.00251392 0.0
0.018208 0.00251049 0.0
0.0181843 0.00250095 0.0
0.0181769 0.00246507 0.0
0.0181854 0.00241353 0.0
0.018205 0.00236297 0.0
0.0182352 0.00230791 0.0
0.0182753 0.00224458 0.0
0.01832 0.00218021 0.0
0.018367 0.00211807 0.0
0.0184192 0.00205421 0.0
0.018475 0.00198943 0.0
0.0185299 0.00192631 0.0
0.0185844 0.00186479 0.0
0.0186406 0.00180355 0.0
0.0186965 0.00174366 0.0
0.01875 0.00168565 0.0
0.0188024 0.00162915 0.0
0.0188544 0.00157397 0.0
0.0189044 0.00152063 0.0
0.018952 0.00146907 0.0
0.0189983 0.00141913 0.0
0.0190431 0.00137083 0.0
0.0190856 0.00132436 0.0
0.0191262 0.00127955 0.0
0.0191653 0.00123637 0.0
0.0192026 0.00119483 0.0
0.019238 0.00115494 0.0
0.0192718 0.00111658 0.0
0.0193041 0.00107974 0.0
0.0193348 0.00104439 0.0
0.0193639 0.00101048 0.0
0.0193918 0.000977937 0.0
0.0194184 0.000946729 0.0
0.0194436 0.000916809 0.0
0.0194677 0.000888115 0.0
0.0194907 0.000860596 0.0
0.0195127 0.000834209 0.0
0.0195336 0.000808901 0.0
0.0195537 0.00078462 0.0
0.0195729 0.000761318 0.0
0.0195913 0.000738952 0.0
0.019609 0.000717474 0.0
0.019626 0.000696838 0.0
0.0196424 0.000677005 0.0
0.0196581 0.000657933 0.0
0.0196733 0.000639582 0.0
0.019688 0.000621915 0.0
0.0197022 0.000604898 0.0
0.019716 0.000588495 0.0
0.0197293 0.000572674 0.0
0.0197423 0.000557406 0.0
0.0197549 0.000542661 0.0
0.0197672 0.000528412 0.0
0.0197792 0.000514634 0.0
0.0197909 0.000501302 0.0
0.0198024 0.000488394 0.0
0.0198136 0.000475888 0.0
0.0198246 0.000463764 0.0
0.0198354 0.000452005 0.0
0.019846 0.000440592 0.0
0.0198564 0.000429509 0.0
0.0198666 0.000418742 0.0
0.0198767 0.000408275 0.0
0.0198866 0.000398096 0.0
0.0198964 0.000388192 0.0
0.0199061 0.000378553 0.0
0.0199156 0.000369167 0.0
0.019925 0.000360025 0.0
0.0199344 0.000351117 0.0
0.0199436 0.000342435 0.0
0.0199527 0.000333971 0.0
0.0199617 0.000325717 0.0
0.0199706 0.000317667 0.0
0.0199795 0.000309815 0.0
0.0199882 0.000302153 0.0
0.0199969 0.000294677 0.0
0.0200055 0.000287382 0.0
0.020014 0.000280261 0.0
0.0200224 0.000273312 0.0
0.0200308 0.000266529 0.0
0.0200391 0.000259907 0.0
0.0200473 0.000253444 0.0
0.0200555 0.000247135 0.0
0.0200636 0.000240976 0.0
0.0200716 0.000234964 0.0
0.0200795 0.000229096 0.0
0.0200874 0.000223367 0.0
0.0200952 0.000217774 0.0
0.020103 0.000212314 0.0
0.0201106 0.000206983 0.0
0.0201182 0.000201777 0.0
0.0201257 0.000196694 0.0
0.0201332 0.000191728 0.0
0.0201405 0.000186876 0.0
0.0201478 0.000182134 0.0
0.020155 0.000177497 0.0
0.0201621 0.00017296 0.0
0.0201692 0.000168519 0.0
0.0201761 0.000164167 0.0
0.020183 0.000159898 0.0
0.0201897 0.000155706 0.0
0.0201964 0.000151584 0.0
0.0202029 0.000147523 0.0
0.0202093 0.000143516 0.0
0.0202157 0.00013955 0.0
0.0202218 0.000135617 0.0
0.0202279 0.000131703 0.0
0.0202338 0.000127797 0.0
0.0202396 0.000123879 0.0
0.0202452 0.000119938 0.0
0.0202506 0.000115948 0.0
0.0202558 0.000111895 0.0
0.0202609 0.000107745 0.0
0.0202657 0.000103479 0.0
0.0202703 9.90543e-05 0.0
0.0202747 9.44489e-05 0.0
0.0202788 8.96015e-05 0.0
0.0202826 8.44864e-05 0.0
0.0202862 7.90203e-05 0.0
0.0202894 7.31729e-05 0.0
0.0202922 6.68245e-05 0.0
0.0202947 5.99431e-05 0.0
0.0202968 5.23578e-05 0.0
0.0202985 4.40333e-05 0.0
0.0202997 3.47211e-05 0.0
0.0203004 2.43933e-05 0.0
0.0203007 1.27255e-05 0.0
0.0203005 2.30937e-07 0.0
0.0203 -6.48201e-06 0.0
0.0 0.0 0.0
0.0 0.0 0.0
0.0193144 3.07179e-05 0.0
0.0193233 0.000100168 0.0
0.0193457 0.000158401 0.0
0.0193732 0.000206284 0.0
0.0194037 0.000268807 0.0
0.0194527 0.000326359 0.0
0.0195099 0.000363744 0.0
0.0195621 0.000410723 0.0
0.019624 0.000458623 0.0
0.0197001 0.000485785 0.0
0.0197721 0.000514976 0.0
0.0198441 0.000549517 0.0
0.0199255 0.000566028 0.0
0.0200088 0.000579976 0.0
0.0200891 0.000599031 0.0
0.0201712 0.000608023 0.0
0.0202549 0.000609187 0.0
0.0203385 0.000614869 0.0
0.0204206 0.000616068 0.0
0.0205006 0.000610062 0.0
0.02058 0.000604274 0.0
0.0206596 0.000598504 0.0
0.0207356 0.00058712 0.0
0.0208078 0.00057427 0.0
0.0208798 0.000561467 0.0
0.0209505 0.000545965 0.0
0.0210158 0.000527829 0.0
0.0210777 0.000509699 0.0
0.0211392 0.000489761 0.0
0.0211972 0.000467504 0.0
0.0212494 0.000444334 0.0
0.0212991 0.000420166 0.0
0.0213471 0.000393514 0.0
0.0213897 0.000365331 0.0
0.0214272 0.000335965 0.0
0.0214624 0.000304369 0.0
0.0214938 0.00027023 0.0
0.0215188 0.000234288 0.0
0.0215395 0.000195864 0.0
0.0215571 0.00015422 0.0
0.0215684 0.000109435 0.0
0.0215731 6.13207e-05 0.0
0.0215741 9.00675e-06 0.0
0.0215695 -4.78681e-05 0.0
0.0215558 -0.000109992 0.0
0.0215365 -0.000178075 0.0
0.0215129 -0.000252579 0.0
0.0214783 -0.000334858 0.0
0.0214336 -0.000427005 0.0
0.0213856 -0.000528445 0.0
0.0213279 -0.000640837 0.0
0.0212529 -0.000769552 0.0
0.0211718 -0.000915409 0.0
0.0210869 -0.00107474 0.0
0.0209812 -0.00126025 0.0
0.0208589 -0.00148099 0.0
0.0207393 -0.0017248 0.0
0.0206086 -0.00199655 0.0
0.0204569 -0.00234753 0.0
0.0203069 -0.00275499 0.0
0.0201645 -0.00318289 0.0
0.0200403 -0.00372061 0.0
0.0199801 -0.00446993 0.0
0.0199554 -0.005171 0.0
0.0200119 -0.005986 0.0
0.0203338 -0.00697497 0.0
0.0208659 -0.00779906 0.0
0.0215452 -0.00855365 0.0
0.0219709 -0.00855167 0.0
0.0220747 -0.00851378 0.0
0.0217996 -0.00753855 0.0
0.0211483 -0.00701977 0.0
0.0205298 -0.00595678 0.0
0.0195784 -0.00457737 0.0
0.0181558 -0.00348347 0.0
0.0165218 -0.0024689 0.0
0.0149678 -0.00170181 0.0
0.0137904 -0.00161724 0.0
0.0129662 -0.00192423 0.0
0.0121901 -0.0020431 0.0
0.0114417 -0.00170058 0.0
0.010679 -0.0006838 0.0
0.00997061 -0.000261962 0.0
0.00941902 -1.01745e-05 0.0
0.00895576 4.03933e-05 0.0
0.00863034 8.99654e-05 0.0
0.00841809 0.000171638 0.0
0.00823461 0.000187786 0.0
0.00807257 0.000207139 0.0
0.00795686 0.0002339 0.0
0.00787099 0.000256899 0.0
0.00779712 0.00025957 0.0
0.00774058 0.000269987 0.0
0.00770308 0.000280746 0.0
0.00767602 0.000287483 0.0
0.00765877 0.000289079 0.0
0.00765265 0.000292475 0.0
0.00765445 0.000297724 0.0
0.00766571 0.00030135 0.0
0.00768904 0.000301122 0.0
0.00771637 0.000299752 0.0
0.00775057 0.000313815 0.0
0.00781074 0.000313996 0.0
0.00789098 0.000301986 0.0
0.00798169 0.000353906 0.0
0.00813569 0.000475723 0.0
0.00827404 0.00097421 0.0
0.00836209 0.00132955 0.0
0.00845652 0.00150684 0.0
0.00864963 0.00118023 0.0
0.00895629 0.000979776 0.0
0.00924197 0.00084131 0.0
0.00950654 0.000757501 0.0
0.00977502 0.000681501 0.0
0.0100183 0.000627679 0.0
0.0102214 0.000598865 0.0
0.0104415 0.000565944 0.0
0.0107047 0.000655637 0.0
0.0109804 0.000781229 0.0
0.0111706 0.00100683 0.0
0.0111726 0.00126971 0.0
0.0110815 0.00136625 0.0
0.0111102 0.00128384 0.0
0.0112951 0.00119387 0.0
0.0115348 0.00101876 0.0
0.0117556 0.000914625 0.0
0.0119504 0.000829686 0.0
0.0121548 0.000756633 0.0
0.0123599 0.00069165 0.0
0.0125416 0.000648847 0.0
0.0127086 0.000618361 0.0
0.01288 0.000590413 0.0
0.0130478 0.000591466 0.0
0.0132195 0.000593292 0.0
0.0133818 0.000675833 0.0
0.0134947 0.000810335 0.0
0.013593 0.000924791 0.0
0.0136308 0.00112497 0.0
0.0136201 0.00117229 0.0
0.0136302 0.00119922 0.0
0.013647 0.00114972 0.0
0.0137164 0.00103974 0.0
0.0138406 0.000951888 0.0
0.0139794 0.000865058 0.0
0.0141171 0.0007981 0.0
0.0142553 0.000734725 0.0
0.0143935 0.000683312 0.0
0.0145284 0.000642449 0.0
0.0146613 0.000613061 0.0
0.0147932 0.000588009 0.0
0.0149216 0.00057291 0.0
0.0150473 0.000566388 0.0
0.0151783 0.000569662 0.0
0.0153163 0.000581557 0.0
0.0154535 0.000608381 0.0
0.0155963 0.000637876 0.0
0.0157545 0.000708837 0.0
0.0159276 0.000810075 0.0
0.0161143 0.000923762 0.0
0.0162658 0.00111837 0.0
0.0163644 0.00134911 0.0
0.01642 0.00161346 0.0
0.0164419 0.00185181 0.0
0.0164247 0.00208434 0.0
0.0163734 0.00224509 0.0
0.0163254 0.002406 0.0
0.0162897 0.0024966 0.0
0.0162793 0.00251862 0.0
0.0162771 0.00253858 0.0
0.0162789 0.00252243 0.0
0.0163175 0.00248012 0.0
0.0163882 0.00242797 0.0
0.0164661 0.0023698 0.0
0.01655 0.00230594 0.0
0.0166477 0.0022381 0.0
0.0167541 0.00217099 0.0
0.0168622 0.00210462 0.0
0.0169719 0.00203798 0.0
0.0170833 0.00197129 0.0
0.0171946 0.00190726 0.0
0.0173047 0.00184495 0.0
0.0174134 0.00178334 0.0
0.0175197 0.00172316 0.0
0.0176234 0.00166561 0.0
0.0177246 0.00160962 0.0
0.0178228 0.00155486 0.0
0.0179177 0.00150206 0.0
0.0180094 0.00145144 0.0
0.0180981 0.00140226 0.0
0.0181834 0.00135463 0.0
0.0182655 0.00130896 0.0
0.0183444 0.00126506 0.0
0.0184204 0.00122257 0.0
0.0184932 0.00118171 0.0
0.0185631 0.00114257 0.0
0.0186302 0.00110492 0.0
0.0186946 0.00106865 0.0
0.0187563 0.00103388 0.0
0.0188156 0.00100055 0.0
0.0188724 0.000968508 0.0
0.0189269 0.000937731 0.0
0.0189792 0.000908253 0.0
0.0190295 0.000879967 0.0
0.0190778 0.000852788 0.0
0.0191241 0.000826714 0.0
0.0191687 0.000801715 0.0
0.0192116 0.0007777 0.0
0.0192529 0.000754626 0.0
0.0192927 0.000732476 0.0
0.019331 0.000711199 0.0
0.019368 0.000690733 0.0
0.0194037 0.000671049 0.0
0.0194382 0.000652119 0.0
0.0194715 0.000633893 0.0
0.0195038 0.000616331 0.0
0.019535 0.000599409 0.0
0.0195652 0.000583095 0.0
0.0195945 0.000567349 0.0
0.019623 0.000552145 0.0
0.0196506 0.000537459 0.0
0.0196775 0.000523262 0.0
0.0197036 0.000509526 0.0
0.019729 0.000496232 0.0
0.0197538 0.000483357 0.0
0.0197779 0.000470879 0.0
0.0198014 0.000458779 0.0
0.0198244 0.00044704 0.0
0.0198468 0.000435644 0.0
0.0198687 0.000424574 0.0
0.0198902 0.000413817 0.0
0.0199111 0.000403359 0.0
0.0199316 0.000393186 0.0
0.0199517 0.000383286 0.0
0.0199714 0.000373648 0.0
0.0199907 0.000364263 0.0
0.0200096 0.000355119 0.0
0.0200281 0.000346209 0.0
0.0200463 0.000337523 0.0
0.0200642 0.000329054 0.0
0.0200818 0.000320795 0.0
0.020099 0.000312739 0.0
0.020116 0.000304879 0.0
0.0201326 0.000297211 0.0
0.020149 0.000289727 0.0
0.0201651 0.000282423 0.0
0.020181 0.000275295 0.0
0.0201965 0.000268337 0.0
0.0202119 0.000261546 0.0
0.020227 0.000254917 0.0
0.0202419 0.000248447 0.0
0.0202565 0.000242132 0.0
0.020271 0.000235968 0.0
0.0202852 0.000229952 0.0
0.0202991 0.00022408 0.0
0.0203129 0.00021835 0.0
0.0203265 0.000212758 0.0
0.0203399 0.000207301 0.0
0.020353 0.000201976 0.0
0.020366 0.000196779 0.0
0.0203788 0.000191707 0.0
0.0203914 0.000186756 0.0
0.0204038 0.000181924 0.0
0.020416 0.000177207 0.0
0.020428 0.0001726 0.0
0.0204398 0.000168099 0.0
0.0204514 0.0001637 0.0
0.0204629 0.000159399 0.0
0.0204741 0.000155189 0.0
0.0204852 0.000151066 0.0
0.020496 0.000147023 0.0
0.0205067 0.000143054 0.0
0.0205171 0.00013915 0.0
0.0205274 0.000135305 0.0
0.0205374 0.000131508 0.0
0.0205472 0.000127751 0.0
0.0205568 0.00012402 0.0
0.0205662 0.000120305 0.0
0.0205753 0.000116588 0.0
0.0205841 0.000112859 0.0
0.0205927 0.000109092 0.0
0.020601 0.000105275 0.0
0.0206091 0.000101376 0.0
0.0206168 9.73781e-05 0.0
0.0206242 9.32384e-05 0.0
0.0206312 8.89373e-05 0.0
0.0206379 8.44166e-05 0.0
0.0206442 7.96516e-05 0.0
0.02065 7.45604e-05 0.0
0.0206554 6.91171e-05 0.0
0.0206603 6.32033e-05 0.0
0.0206647 5.67887e-05 0.0
0.0206685 4.97044e-05 0.0
0.0206717 4.192e-05 0.0
0.0206742 3.31839e-05 0.0
0.020676 2.3473e-05 0.0
0.020677 1.24463e-05 0.0
0.0206773 5.3993e-07 0.0
0.0206769 -5.89427e-06 0.0
0.0 0.0 0.0
0.0 0.0 0.0
0.0193089 3.17587e-05 0.0
0.0193207 7.9192e-05 0.0
0.0193432 0.000129149 0.0
0.0193665 0.000185096 0.0
0.0193984 0.000231068 0.0
0.0194434 0.000267684 0.0
0.0194899 0.000315339 0.0
0.0195416 0.000360767 0.0
0.0196031 0.000384813 0.0
0.0196672 0.00041448 0.0
0.0197332 0.000452423 0.0
0.0198058 0.000471264 0.0
0.0198796 0.000482954 0.0
0.0199544 0.000506193 0.0
0.0200326 0.000520657 0.0
0.0201105 0.000523095 0.0
0.0201881 0.000529431 0.0
0.0202678 0.000537092 0.0
0.0203458 0.000535088 0.0
0.0204217 0.000530652 0.0
0.020499 0.000528349 0.0
0.0205749 0.000523164 0.0
0.0206464 0.000513029 0.0
0.0207176 0.000502883 0.0
0.0207887 0.000492407 0.0
0.0208552 0.000479345 0.0
0.0209182 0.000464002 0.0
0.0209812 0.000448348 0.0
0.0210413 0.000431519 0.0
0.0210961 0.000412922 0.0
0.0211487 0.000392749 0.0
0.0211996 0.000371591 0.0
0.0212457 0.000349095 0.0
0.0212872 0.00032501 0.0
0.0213264 0.000298999 0.0
0.0213618 0.000271426 0.0
0.0213916 0.000242296 0.0
0.0214172 0.000210845 0.0
0.0214392 0.000176575 0.0
0.0214554 0.000140252 0.0
0.0214658 0.000101416 0.0
0.0214714 5.84779e-05 0.0
0.0214711 1.16902e-05 0.0
0.0214635 -3.80648e-05 0.0
0.0214494 -9.2999e-05 0.0
0.0214286 -0.00015468 0.0
0.0213988 -0.000221353 0.0
0.02136 -0.00029402 0.0
0.0213132 -0.000377199 0.0
0.0212555 -0.00047012 0.0
0.0211855 -0.000571314 0.0
0.0211047 -0.000686842 0.0
0.0210111 -0.000821047 0.0
0.0209011 -0.000970059 0.0
0.0207766 -0.00114009 0.0
0.0206357 -0.00134108 0.0
0.0204751 -0.00157399 0.0
0.0202993 -0.00184284 0.0
0.0201043 -0.00216922 0.0
0.0198793 -0.00255061 0.0
0.0196627 -0.00301478 0.0
0.019468 -0.00359524 0.0
0.0192136 -0.00429446 0.0
0.0189783 -0.00509668 0.0
0.0190891 -0.00625616 0.0
0.0193952 -0.00725839 0.0
0.019562 -0.0083135 0.0
0.0198745 -0.00911599 0.0
0.0200742 -0.00859447 0.0
0.0199999 -0.0082638 0.0
0.0193854 -0.00685304 0.0
0.0176745 -0.00566492 0.0
0.0155655 -0.00470173 0.0
0.0136942 -0.00326266 0.0
0.0119602 -0.00165938 0.0
0.0105058 -0.000937005 0.0
0.00936377 -0.000435772 0.0
0.00817899 -0.000508554 0.0
0.00696161 -0.00096182 0.0
0.00599811 -0.00126244 0.0
0.00497463 -0.000637994 0.0
0.00392903 3.45832e-05 0.0
0.00344617 0.000236289 0.0
0.00329532 0.000287963 0.0
0.00319238 0.000291432 0.0
0.00307783 0.000269446 0.0
0.00298655 0.000300242 0.0
0.00293323 0.000301546 0.0
0.00288382 0.000299653 0.0
0.00284121 0.00029845 0.0
0.00281303 0.000306371 0.0
0.00279332 0.000302322 0.0
0.00277466 0.000300104 0.0
0.00276202 0.000299747 0.0
0.00275607 0.000299885 0.0
0.00275303 0.000295545 0.0
0.00275136 0.000292397 0.0
0.00275401 0.000291533 0.0
0.00276068 0.000288119 0.0
0.00276911 0.000283465 0.0
0.00277788 0.000278936 0.0
0.00279434 0.000281705 0.0
0.00281465 0.000270672 0.0
0.00282809 0.000263612 0.0
0.00283812 0.000262981 0.0
0.00294153 0.000323213 0.0
0.00329928 0.000666173 0.0
0.00367845 0.00118746 0.0
0.00410351 0.00112018 0.0
0.00472844 0.000760372 0.0
0.00523764 0.000604707 0.0
0.00555367 0.000572578 0.0
0.00580528 0.00049402 0.0
0.00604733 0.000435742 0.0
0.00625341 0.000418314 0.0
0.0064357 0.00039738 0.0
0.00661709 0.000359338 0.0
0.00679657 0.000393949 0.0
0.00701492 0.000496695 0.0
0.00720585 0.000938254 0.0
0.00734655 0.00124673 0.0
0.00748446 0.00139504 0.0
0.00769822 0.00109091 0.0
0.00800383 0.000901086 0.0
0.00828585 0.000767682 0.0
0.00854038 0.000686134 0.0
0.00878427 0.00060909 0.0
0.00900031 0.000546497 0.0
0.0091823 0.000504308 0.0
0.00935489 0.000474233 0.0
0.00952866 0.000447722 0.0
0.0096892 0.000432357 0.0
0.00982791 0.00043086 0.0
0.00998576 0.000415028 0.0
0.0101876 0.000515971 0.0
0.01041 0.000649862 0.0
0.0105559 0.000874326 0.0
0.0105246 0.00112627 0.0
0.0104152 0.00121736 0.0
0.0104271 0.00113946 0.0
0.0105864 0.00105102 0.0
0.0107945 0.000887717 0.0
0.0109859 0.000790491 0.0
0.0111556 0.000710056 0.0
0.0113322 0.000641917 0.0
0.0115086 0.000581172 0.0
0.0116648 0.000539877 0.0
0.0118067 0.000504534 0.0
0.0119484 0.000476299 0.0
0.0120854 0.000455803 0.0
0.0122137 0.000444735 0.0
0.0123423 0.000436428 0.0
0.0124751 0.000435353 0.0
0.0126077 0.000443524 0.0
0.0127441 0.000463659 0.0
0.0128952 0.000484552 0.0
0.013062 0.000539885 0.0
0.0132541 0.00059878 0.0
0.01345 0.000748588 0.0
0.0136104 0.000983784 0.0
0.0137865 0.00122412 0.0
0.0139131 0.00158344 0.0
0.0139486 0.00183843 0.0
0.0139649 0.00209176 0.0
0.0139432 0.00231588 0.0
0.0139325 0.00241101 0.0
0.0139576 0.00248768 0.0
0.0139901 0.00249917 0.0
0.0140599 0.00249916 0.0
0.0141718 0.00245634 0.0
0.0143058 0.00238051 0.0
0.0144497 0.00231303 0.0
0.0146114 0.00224681 0.0
0.0147906 0.00217178 0.0
0.0149717 0.00209675 0.0
0.0151475 0.00202886 0.0
0.0153262 0.00196073 0.0
0.0155084 0.00189291 0.0
0.0156854 0.00182862 0.0
0.015856 0.00176731 0.0
0.016025 0.00170655 0.0
0.016191 0.00164816 0.0
0.0163505 0.00159246 0.0
0.0165045 0.00153839 0.0
0.0166549 0.00148573 0.0
0.0168003 0.00143545 0.0
0.0169397 0.00138704 0.0
0.0170743 0.00134009 0.0
0.0172047 0.00129485 0.0
0.0173298 0.00125157 0.0
0.0174499 0.00120978 0.0
0.0175658 0.00116946 0.0
0.0176773 0.00113078 0.0
0.0177843 0.00109367 0.0
0.017887 0.0010579 0.0
0.0179861 0.00102352 0.0
0.0180812 0.000990567 0.0
0.0181724 0.000958912 0.0
0.0182603 0.00092846 0.0
0.0183448 0.000899253 0.0
0.018426 0.000871236 0.0
0.0185041 0.000844312 0.0
0.0185793 0.000818445 0.0
0.0186517 0.000793632 0.0
0.0187214 0.000769799 0.0
0.0187886 0.000746887 0.0
0.0188533 0.000724874 0.0
0.0189158 0.000703727 0.0
0.018976 0.000683384 0.0
0.0190341 0.00066381 0.0
0.0190903 0.000644978 0.0
0.0191446 0.000626848 0.0
0.0191971 0.000609377 0.0
0.0192479 0.000592537 0.0
0.019297 0.0005763 0.0
0.0193446 0.000560631 0.0
0.0193908 0.0005455 0.0
0.0194356 0.000530882 0.0
0.019479 0.000516753 0.0
0.0195212 0.000503083 0.0
0.0195621 0.000489851 0.0
0.0196019 0.000477038 0.0
0.0196406 0.00046462 0.0
0.0196783 0.000452578 0.0
0.019715 0.000440894 0.0
0.0197507 0.000429552 0.0
0.0197855 0.000418535 0.0
0.0198194 0.000407828 0.0
0.0198525 0.000397419 0.0
0.0198848 0.000387292 0.0
0.0199164 0.000377437 0.0
0.0199472 0.000367842 0.0
0.0199773 0.000358496 0.0
0.0200067 0.000349391 0.0
0.0200355 0.000340516 0.0
0.0200636 0.000331863 0.0
0.0200911 0.000323425 0.0
0.0201181 0.000315194 0.0
0.0201445 0.000307163 0.0
0.0201704 0.000299327 0.0
0.0201957 0.000291679 0.0
0.0202205 0.000284214 0.0
0.0202449 0.000276927 0.0
0.0202687 0.000269813 0.0
0.0202922 0.000262868 0.0
0.0203151 0.000256087 0.0
0.0203377 0.000249467 0.0
0.0203598 0.000243005 0.0
0.0203815 0.000236695 0.0
0.0204028 0.000230536 0.0
0.0204238 0.000224524 0.0
0.0204443 0.000218656 0.0
0.0204645 0.00021293 0.0
0.0204843 0.000207341 0.0
0.0205038 0.000201888 0.0
0.020523 0.000196568 0.0
0.0205418 0.000191378 0.0
0.0205602 0.000186315 0.0
0.0205784 0.000181376 0.0
0.0205962 0.000176559 0.0
0.0206138 0.000171861 0.0
0.020631 0.000167278 0.0
0.0206479 0.000162807 0.0
0.0206645 0.000158445 0.0
0.0206808 0.000154189 0.0
0.0206968 0.000150033 0.0
0.0207125 0.000145974 0.0
0.020728 0.000142008 0.0
0.0207431 0.00013813 0.0
0.0207579 0.000134333 0.0
0.0207725 0.000130612 0.0
0.0207867 0.00012696 0.0
0.0208007 0.000123371 0.0
0.0208143 0.000119835 0.0
0.0208277 0.000116345 0.0
0.0208407 0.000112887 0.0
0.0208534 0.000109455 0.0
0.0208657 0.00010603 0.0
0.0208778 0.000102603 0.0
0.0208894 9.9153e-05 0.0
0.0209007 9.56659e-05 0.0
0.0209117 9.21136e-05 0.0
0.0209222 8.8481e-05 0.0
0.0209323 8.47285e-05 0.0
0.0209419 8.08376e-05 0.0
0.0209511 7.67541e-05 0.0
0.0209597 7.2457e-05 0.0
0.0209678 6.78681e-05 0.0
0.0209754 6.29634e-05 0.0
0.0209823 5.76321e-05 0.0
0.0209885 5.18478e-05 0.0
0.0209939 4.54463e-05 0.0
0.0209986 3.84029e-05 0.0
0.0210024 3.04747e-05 0.0
0.0210052 2.16431e-05 0.0
0.021007 1.1565e-05 0.0
0.0210077 6.00918e-07 0.0
0.0210074 -5.35395e-06 0.0
0.0 0.0 0.0
0.0 0.0 0.0
0.019317 2.72935e-05 0.0
0.0193267 6.5816e-05 0.0
0.0193376 0.000110054 0.0
0.0193617 0.000156136 0.0
0.0193972 0.000191902 0.0
0.0194319 0.00022908 0.0
0.0194723 0.000269844 0.0
0.0195272 0.00029892 0.0
0.0195831 0.000325972 0.0
0.0196379 0.000359318 0.0
0.0197024 0.000379982 0.0
0.0197726 0.000395253 0.0
0.01984 0.00041825 0.0
0.01991 0.000433212 0.0
0.0199845 0.000437641 0.0
0.0200595 0.000448733 0.0
0.0201335 0.000458046 0.0
0.0202077 0.000456918 0.0
0.0202827 0.000456382 0.0
0.0203579 0.000459202 0.0
0.0204308 0.000454981 0.0
0.0205017 0.000447434 0.0
0.020573 0.000442502 0.0
0.0206432 0.000435689 0.0
0.0207094 0.000424299 0.0
0.0207735 0.000413444 0.0
0.0208375 0.000402636 0.0
0.0208985 0.000388972 0.0
0.0209548 0.000373822 0.0
0.0210095 0.000358943 0.0
0.0210627 0.000342369 0.0
0.0211112 0.000323979 0.0
0.0211553 0.000304929 0.0
0.0211976 0.000284767 0.0
0.0212366 0.000262633 0.0
0.0212699 0.0002392 0.0
0.021299 0.00021431 0.0
0.0213254 0.000187316 0.0
0.0213462 0.000158299 0.0
0.0213604 0.000127209 0.0
0.0213707 9.33199e-05 0.0
0.0213761 5.66308e-05 0.0
0.0213728 1.69231e-05 0.0
0.0213629 -2.68407e-05 0.0
0.0213484 -7.48023e-05 0.0
0.0213242 -0.000126959 0.0
0.0212884 -0.000185144 0.0
0.0212468 -0.000250203 0.0
0.0211966 -0.000321359 0.0
0.0211284 -0.000401204 0.0
0.0210483 -0.000493028 0.0
0.0209622 -0.000594924 0.0
0.0208547 -0.000709081 0.0
0.0207205 -0.000844463 0.0
0.0205794 -0.00100018 0.0
0.0204223 -0.00117286 0.0
0.020219 -0.0013836 0.0
0.0199894 -0.00164216 0.0
0.0197606 -0.0019301 0.0
0.0194834 -0.00227753 0.0
0.0191361 -0.00275881 0.0
0.0187843 -0.00331708 0.0
0.0184571 -0.00394674 0.0
0.0181113 -0.00491245 0.0
0.017761 -0.00628266 0.0
0.0175062 -0.00734025 0.0
0.0177495 -0.00870217 0.0
0.0181938 -0.00907805 0.0
0.0179513 -0.00865808 0.0
0.0164128 -0.00696791 0.0
0.0137556 -0.00508784 0.0
0.0106796 -0.00292596 0.0
0.00824387 -0.0026048 0.0
0.00626919 -0.00118859 0.0
0.00442236 -0.000155197 0.0
0.003433 0.000117458 0.0
0.00300328 0.000287371 0.0
0.00273916 0.000299922 0.0
0.00227946 0.000114288 0.0
0.0012504 -8.37509e-05 0.0
0.0 0.0 0.0
0.0 0.0 0.0
0.0 0.0 0.0
0.0 0.0 0.0
0.0 0.0 0.0
0.0 0.0 0.0
0.0 0.0 0.0
0.0 0.0 0.0
0.0 0.0 0.0
0.0 0.0 0.0
0.0 0.0 0.0
0.0 0.0 0.0
0.0 0.0 0.0
0.0 0.0 0.0
0.0 0.0 0.0
0.0 0.0 0.0
0.0 0.0 0.0
0.0 0.0 0.0
0.0 0.0 0.0
0.0 0.0 0.0
0.0 0.0 0.0
0.0 0.0 0.0
0.0 0.0 0.0
0.0 0.0 0.0
0.0 0.0 0.0
0.0 0.0 0.0
0.0 0.0 0.0
0.000453724 0.000553563 0.0
0.00120379 0.000435894 0.0
0.00152392 0.000311263 0.0
0.00167921 0.000293461 0.0
0.00186561 0.000326773 0.0
0.00202985 0.000292275 0.0
0.00212143 0.000270092 0.0
0.00220313 0.000274007 0.0
0.00228875 0.000267308 0.0
0.00235007 0.000249947 0.0
0.00239222 0.000247354 0.0
0.00251902 0.000304021 0.0
0.00287428 0.000612164 0.0
0.00324176 0.00107647 0.0
0.00364324 0.00101414 0.0
0.00422153 0.000689313 0.0
0.00469192 0.000545935 0.0
0.00498178 0.000514043 0.0
0.00520971 0.000443727 0.0
0.00543002 0.000390477 0.0
0.00561281 0.000364043 0.0
0.00575886 0.000345789 0.0
0.00589593 0.000318996 0.0
0.0060203 0.000301595 0.0
0.00612959 0.000301721 0.0
0.00624653 0.000289581 0.0
0.00637222 0.000268646 0.0
0.00649766 0.000309463 0.0
0.00666981 0.000413258 0.0
0.00682608 0.000838951 0.0
0.00693757 0.00113083 0.0
0.00705209 0.00125789 0.0
0.00723957 0.000971512 0.0
0.00751052 0.00079228 0.0
0.0077604 0.000667365 0.0
0.00798597 0.000589697 0.0
0.00819961 0.00051809 0.0
0.0083852 0.000460132 0.0
0.00854278 0.000419164 0.0
0.0086921 0.000390486 0.0
0.00883377 0.000364574 0.0
0.00895994 0.00034348 0.0
0.00907585 0.000330472 0.0
0.00919308 0.000320623 0.0
0.00931065 0.00031326 0.0
0.00942086 0.000312348 0.0
0.00953362 0.000315525 0.0
0.0096656 0.000322742 0.0
0.00980666 0.000340081 0.0
0.00994243 0.000369907 0.0
0.0101176 0.000389409 0.0
0.0103652 0.000543937 0.0
0.0106619 0.000748482 0.0
0.0109086 0.00106577 0.0
0.0109749 0.00150509 0.0
0.0109344 0.00184233 0.0
0.0110014 0.00202762 0.0
0.0111581 0.00227783 0.0
0.011311 0.00233636 0.0
0.0114458 0.00241523 0.0
0.0115567 0.00242591 0.0
0.0117267 0.00234456 0.0
0.0119689 0.00226395 0.0
0.012229 0.00218854 0.0
0.0124892 0.00210837 0.0
0.0127573 0.00202281 0.0
0.0130264 0.00194734 0.0
0.013292 0.00187789 0.0
0.0135563 0.00180961 0.0
0.0138148 0.00174214 0.0
0.0140634 0.00168062 0.0
0.0143058 0.00162246 0.0
0.0145433 0.00156543 0.0
0.0147718 0.0015103 0.0
0.0149913 0.00145884 0.0
0.0152044 0.00140926 0.0
0.0154107 0.0013609 0.0
0.0156084 0.00131461 0.0
0.0157987 0.0012707 0.0
0.0159827 0.00122812 0.0
0.0161597 0.00118693 0.0
0.0163295 0.00114758 0.0
0.016493 0.00110991 0.0
0.0166506 0.00107341 0.0
0.0168019 0.00103832 0.0
0.0169472 0.00100477 0.0
0.0170872 0.000972495 0.0
0.0172218 0.000941348 0.0
0.0173511 0.000911488 0.0
0.0174755 0.000882868 0.0
0.0175952 0.000855312 0.0
0.0177104 0.0008288 0.0
0.0178212 0.000803389 0.0
0.0179279 0.000778981 0.0
0.0180306 0.000755485 0.0
0.0181296 0.000732909 0.0
0.0182249 0.000711239 0.0
0.0183168 0.00069039 0.0
0.0184054 0.00067032 0.0
0.0184909 0.000651024 0.0
0.0185734 0.000632463 0.0
0.0186531 0.000614576 0.0
0.0187301 0.000597343 0.0
0.0188045 0.000580745 0.0
0.0188764 0.000564738 0.0
0.018946 0.000549287 0.0
0.0190133 0.000534374 0.0
0.0190786 0.000519973 0.0
0.0191417 0.000506051 0.0
0.019203 0.000492585 0.0
0.0192624 0.000479556 0.0
0.01932 0.000466941 0.0
0.0193759 0.000454716 0.0
0.0194302 0.000442863 0.0
0.019483 0.000431367 0.0
0.0195343 0.000420207 0.0
0.0195842 0.000409367 0.0
0.0196327 0.000398834 0.0
0.01968 0.000388593 0.0
0.019726 0.000378629 0.0
0.0197708 0.000368932 0.0
0.0198145 0.00035949 0.0
0.0198571 0.000350292 0.0
0.0198986 0.000341328 0.0
0.0199392 0.000332589 0.0
0.0199787 0.000324066 0.0
0.0200174 0.000315752 0.0
0.0200551 0.000307638 0.0
0.020092 0.000299719 0.0
0.020128 0.000291988 0.0
0.0201632 0.000284439 0.0
0.0201977 0.000277067 0.0
0.0202314 0.000269866 0.0
0.0202643 0.000262833 0.0
0.0202966 0.000255962 0.0
0.0203282 0.00024925 0.0
0.0203591 0.000242693 0.0
0.0203894 0.000236288 0.0
0.0204191 0.000230031 0.0
0.0204482 0.00022392 0.0
0.0204766 0.000217951 0.0
0.0205046 0.000212122 0.0
0.020532 0.00020643 0.0
0.0205588 0.000200873 0.0
0.0205851 0.000195448 0.0
0.0206109 0.000190154 0.0
0.0206363 0.000184987 0.0
0.0206611 0.000179947 0.0
0.0206855 0.00017503 0.0
0.0207094 0.000170235 0.0
0.0207328 0.000165559 0.0
0.0207558 0.000161 0.0
0.0207784 0.000156556 0.0
0.0208006 0.000152224 0.0
0.0208223 0.000148002 0.0
0.0208436 0.000143887 0.0
0.0208646 0.000139877 0.0
0.0208851 0.000135968 0.0
0.0209052 0.000132158 0.0
0.0209249 0.000128442 0.0
0.0209443 0.000124817 0.0
0.0209632 0.000121278 0.0
0.0209818 0.000117821 0.0
0.021 0.000114442 0.0
0.0210178 0.000111133 0.0
0.0210352 0.000107889 0.0
0.0210522 0.000104702 0.0
0.0210688 0.000101566 0.0
0.021085 9.84703e-05 0.0
0.0211009 9.54065e-05 0.0
0.0211163 9.23608e-05 0.0
0.0211312 8.93238e-05 0.0
0.0211458 8.62769e-05 0.0
0.0211599 8.32091e-05 0.0
0.0211735 8.00944e-05 0.0
0.0211866 7.69196e-05 0.0
0.0211992 7.36502e-05 0.0
0.0212113 7.02697e-05 0.0
0.0212228 6.67286e-05 0.0
0.0212337 6.30093e-05 0.0
0.0212439 5.90415e-05 0.0
0.0212534 5.48038e-05 0.0
0.0212622 5.01946e-05 0.0
0.0212701 4.51927e-05 0.0
0.0212772 3.96468e-05 0.0
0.0212832 3.3536e-05 0.0
0.0212882 2.66354e-05 0.0
0.021292 1.89317e-05 0.0
0.0212945 1.00983e-05 0.0
0.0212956 4.20635e-07 0.0
0.0212954 -4.85957e-06 0.0
0.0 0.0 0.0
0.0 0.0 0.0
0.0193169 1.85614e-05 0.0
0.0193223 5.82806e-05 0.0
0.0193368 9.41205e-05 0.0
0.0193617 0.000123292 0.0
0.0193897 0.000158557 0.0
0.0194231 0.000195854 0.0
0.0194663 0.000220372 0.0
0.0195134 0.000244282 0.0
0.0195625 0.000276557 0.0
0.0196203 0.000298802 0.0
0.0196815 0.000311599 0.0
0.0197422 0.000333021 0.0
0.0198082 0.000351312 0.0
0.0198783 0.000358151 0.0
0.0199466 0.000367165 0.0
0.0200167 0.000378817 0.0
0.0200895 0.000382212 0.0
0.0201611 0.000382922 0.0
0.0202323 0.000385877 0.0
0.0203044 0.000386266 0.0
0.0203748 0.000382274 0.0
0.0204441 0.000378431 0.0
0.0205133 0.000374247 0.0
0.02058 0.000367763 0.0
0.0206443 0.000359477 0.0
0.0207082 0.000350976 0.0
0.0207699 0.000341519 0.0
0.0208276 0.00033072 0.0
0.0208837 0.000318708 0.0
0.0209383 0.000306038 0.0
0.0209885 0.00029251 0.0
0.0210351 0.000277894 0.0
0.0210801 0.000261928 0.0
0.0211214 0.000245029 0.0
0.0211575 0.000227246 0.0
0.0211904 0.000208019 0.0
0.0212201 0.000186955 0.0
0.0212442 0.000164698 0.0
0.0212629 0.000141146 0.0
0.0212778 0.000115104 0.0
0.0212869 8.65438e-05 0.0
0.0212887 5.64554e-05 0.0
0.0212848 2.37221e-05 0.0
0.0212746 -1.33547e-05 0.0
0.0212551 -5.35186e-05 0.0
0.021227 -9.63483e-05 0.0
0.0211916 -0.000145098 0.0
0.0211446 -0.000200512 0.0
0.0210842 -0.000259746 0.0
0.0210138 -0.000325832 0.0
0.0209302 -0.000403871 0.0
0.0208258 -0.000490966 0.0
0.0207048 -0.000585931 0.0
0.0205686 -0.000699217 0.0
0.0204034 -0.000833702 0.0
0.0202064 -0.000983467 0.0
0.0199893 -0.00115901 0.0
0.0197348 -0.00137865 0.0
0.0194232 -0.00163978 0.0
0.019072 -0.00195152 0.0
0.0186766 -0.0023492 0.0
0.0181912 -0.00286179 0.0
0.017648 -0.00352882 0.0
0.0170309 -0.00443461 0.0
0.0162513 -0.0056088 0.0
0.0156693 -0.00724268 0.0
0.0157439 -0.00913228 0.0
0.0150583 -0.00833795 0.0
0.0126347 -0.00710684 0.0
0.00942439 -0.00404479 0.0
0.00633411 -0.00177182 0.0
0.00393195 -0.000300586 0.0
0.00181621 -0.000329899 0.0
0.0 0.0 0.0
0.0 0.0 0.0
0.0 0.0 0.0
0.0 0.0 0.0
0.0 0.0 0.0
0.0 0.0 0.0
0.0 0.0 0.0
0.0 0.0 0.0
0.0 0.0 0.0
0.0 0.0 0.0
0.0 0.0 0.0
0.0 0.0 0.0
0.0 0.0 0.0
0.0 0.0 0.0
0.0 0.0 0.0
0.0 0.0 0.0
0.0 0.0 0.0
0.0 0.0 0.0
0.0 0.0 0.0
0.0 0.0 0.0
0.0 0.0 0.0
0.0 0.0 0.0
0.0 0.0 0.0
0.0 0.0 0.0
0.0 0.0 0.0
0.0 0.0 0.0
0.0 0.0 0.0
0.0 0.0 0.0
0.0 0.0 0.0
0.0 0.0 0.0
0.0 0.0 0.0
0.0 0.0 0.0
0.0 0.0 0.0
0.0 0.0 0.0
0.0 0.0 0.0
0.0 0.0 0.0
0.0 0.0 0.0
0.0 0.0 0.0
0.0 0.0 0.0
0.0 0.0 0.0
0.0 0.0 0.0
0.0 0.0 0.0
0.0 0.0 0.0
0.0 0.0 0.0
0.0 0.0 0.0
0.0 0.0 0.0
0.0 0.0 0.0
0.000407 0.000498218 0.0
0.00108278 0.000392183 0.0
0.0013717 0.000279394 0.0
0.00151169 0.000262386 0.0
0.00167949 0.000292323 0.0
0.00182723 0.000261546 0.0
0.00191012 0.000241541 0.0
0.00198013 0.000240994 0.0
0.00205262 0.000239748 0.0
0.00210973 0.000225906 0.0
0.0021519 0.000218998 0.0
0.00219869 0.000221737 0.0
0.00224399 0.000209997 0.0
0.00227483 0.000200431 0.0
0.00229951 0.000200068 0.0
0.00240626 0.000253581 0.0
0.00273034 0.000546896 0.0
0.00307262 0.000979034 0.0
0.00344833 0.000911721 0.0
0.00398048 0.00060853 0.0
0.00440802 0.00047417 0.0
0.00466895 0.000442065 0.0
0.00487151 0.000375851 0.0
0.00506592 0.000328205 0.0
0.00522685 0.000302271 0.0
0.00535236 0.000284286 0.0
0.00546627 0.000260069 0.0
0.0055718 0.000247749 0.0
0.00566419 0.000238601 0.0
0.00575013 0.000229543 0.0
0.00583449 0.000218199 0.0
0.00591475 0.000216102 0.0
0.00599521 0.000214156 0.0
0.00608246 0.000209494 0.0
0.00617096 0.000204587 0.0
0.00626227 0.000219818 0.0
0.00637788 0.00022044 0.0
0.00652283 0.00021304 0.0
0.00668923 0.000280583 0.0
0.00691925 0.000423209 0.0
0.00715936 0.000926898 0.0
0.00741828 0.00138453 0.0
0.00776182 0.00174028 0.0
0.00811777 0.00183031 0.0
0.00837829 0.00203259 0.0
0.00852085 0.00219607 0.0
0.00872928 0.00221778 0.0
0.00909045 0.00217455 0.0
0.00949525 0.00204697 0.0
0.00986972 0.00194782 0.0
0.0102422 0.00186456 0.0
0.0106369 0.00178012 0.0
0.0110272 0.0016995 0.0
0.0113917 0.00163421 0.0
0.0117427 0.00156971 0.0
0.0120893 0.00150785 0.0
0.0124225 0.00145266 0.0
0.0127392 0.00140183 0.0
0.0130455 0.00135076 0.0
0.0133421 0.00130316 0.0
0.0136257 0.00125931 0.0
0.0138974 0.00121666 0.0
0.0141601 0.00117487 0.0
0.0144127 0.00113593 0.0
0.0146545 0.00109883 0.0
0.014887 0.0010625 0.0
0.0151111 0.00102759 0.0
0.0153262 0.000994646 0.0
0.0155325 0.000962768 0.0
0.0157311 0.00093181 0.0
0.0159222 0.000902273 0.0
0.0161056 0.000874059 0.0
0.0162819 0.000846698 0.0
0.0164515 0.000820345 0.0
0.0166147 0.000795177 0.0
0.0167715 0.000770968 0.0
0.0169223 0.000747562 0.0
0.0170676 0.000725104 0.0
0.0172074 0.000703577 0.0
0.0173419 0.000682818 0.0
0.0174715 0.000662807 0.0
0.0175964 0.000643605 0.0
0.0177167 0.000625134 0.0
0.0178326 0.000607311 0.0
0.0179445 0.000590148 0.0
0.0180524 0.000573642 0.0
0.0181566 0.000557721 0.0
0.0182571 0.000542351 0.0
0.0183543 0.000527535 0.0
0.0184481 0.000513242 0.0
0.0185389 0.000499426 0.0
0.0186267 0.000486071 0.0
0.0187116 0.000473167 0.0
0.0187938 0.000460682 0.0
0.0188734 0.000448586 0.0
0.0189506 0.000436872 0.0
0.0190254 0.000425519 0.0
0.0190979 0.000414504 0.0
0.0191683 0.000403811 0.0
0.0192366 0.000393428 0.0
0.0193029 0.000383338 0.0
0.0193673 0.000373524 0.0
0.0194299 0.000363975 0.0
0.0194908 0.000354681 0.0
0.01955 0.000345627 0.0
0.0196076 0.000336803 0.0
0.0196637 0.0003282 0.0
0.0197183 0.000319809 0.0
0.0197715 0.000311621 0.0
0.0198233 0.000303626 0.0
0.0198738 0.00029582 0.0
0.0199231 0.000288195 0.0
0.0199712 0.000280744 0.0
0.020018 0.000273461 0.0
0.0200638 0.000266342 0.0
0.0201085 0.000259382 0.0
0.0201522 0.000252575 0.0
0.0201948 0.000245919 0.0
0.0202365 0.000239409 0.0
0.0202772 0.000233041 0.0
0.020317 0.000226813 0.0
0.020356 0.000220722 0.0
0.0203941 0.000214764 0.0
0.0204313 0.000208938 0.0
0.0204678 0.000203242 0.0
0.0205035 0.000197672 0.0
0.0205384 0.000192228 0.0
0.0205727 0.000186906 0.0
0.0206062 0.000181707 0.0
0.020639 0.000176627 0.0
0.0206711 0.000171665 0.0
0.0207026 0.000166821 0.0
0.0207335 0.000162091 0.0
0.0207637 0.000157476 0.0
0.0207934 0.000152973 0.0
0.0208224 0.000148582 0.0
0.0208509 0.0001443 0.0
0.0208788 0.000140126 0.0
0.0209062 0.000136059 0.0
0.020933 0.000132097 0.0
0.0209593 0.000128238 0.0
0.0209851 0.000124482 0.0
0.0210103 0.000120824 0.0
0.0210351 0.000117265 0.0
0.0210594 0.000113801 0.0
0.0210832 0.000110429 0.0
0.0211065 0.000107148 0.0
0.0211293 0.000103954 0.0
0.0211517 0.000100844 0.0
0.0211736 9.78143e-05 0.0
0.021195 9.48606e-05 0.0
0.021216 9.1978e-05 0.0
0.0212365 8.91622e-05 0.0
0.0212565 8.64065e-05 0.0
0.0212761 8.37055e-05 0.0
0.0212952 8.10505e-05 0.0
0.0213138 7.8435e-05 0.0
0.0213319 7.58475e-05 0.0
0.0213495 7.32801e-05 0.0
0.0213666 7.07169e-05 0.0
0.0213832 6.81489e-05 0.0
0.0213992 6.55546e-05 0.0
0.0214147 6.29225e-05 0.0
0.0214295 6.02228e-05 0.0
0.0214438 5.74428e-05 0.0
0.0214573 5.45398e-05 0.0
0.0214702 5.14985e-05 0.0
0.0214823 4.82587e-05 0.0
0.0214936 4.48037e-05 0.0
0.0215041 4.10441e-05 0.0
0.0215136 3.69627e-05 0.0
0.021522 3.24281e-05 0.0
0.0215294 2.74245e-05 0.0
0.0215354 2.17523e-05 0.0
0.0215401 1.54039e-05 0.0
0.0215433 8.08658e-06 0.0
0.0215447 1.48351e-08 0.0
0.0215446 -4.40763e-06 0.0
0.0 0.0 0.0
0.0 0.0 0.0
0.0193152 1.56702e-05 0.0
0.019323 4.64458e-05 0.0
0.0193392 7.41823e-05 0.0
0.0193586 0.000100969 0.0
0.0193829 0.000130218 0.0
0.0194188 0.000154484 0.0
0.0194593 0.000176371 0.0
0.0195003 0.000202772 0.0
0.019549 0.000222605 0.0
0.0196051 0.000236119 0.0
0.019661 0.000256465 0.0
0.0197197 0.000273753 0.0
0.0197839 0.000279424 0.0
0.0198497 0.000290344 0.0
0.0199158 0.00030417 0.0
0.0199838 0.000306771 0.0
0.020053 0.000307833 0.0
0.020123 0.000315621 0.0
0.0201923 0.000317361 0.0
0.0202608 0.000313005 0.0
0.0203298 0.000312844 0.0
0.0203983 0.000313023 0.0
0.0204642 0.000306917 0.0
0.0205287 0.000300861 0.0
0.0205931 0.000297152 0.0
0.0206551 0.000290594 0.0
0.0207137 0.000281391 0.0
0.0207709 0.000273563 0.0
0.0208268 0.000265292 0.0
0.0208788 0.000254695 0.0
0.0209274 0.00024357 0.0
0.0209742 0.000232618 0.0
0.021018 0.000220258 0.0
0.021057 0.000206698 0.0
0.0210925 0.000192587 0.0
0.0211252 0.00017747 0.0
0.0211533 0.000161077 0.0
0.0211756 0.000143561 0.0
0.0211939 0.000124519 0.0
0.0212079 0.000103998 0.0
0.0212147 8.21032e-05 0.0
0.0212148 5.7894e-05 0.0
0.0212102 3.12232e-05 0.0
0.0211979 2.8485e-06 0.0
0.021175 -2.83558e-05 0.0
0.0211449 -6.39643e-05 0.0
0.0211073 -0.000102449 0.0
0.0210552 -0.000144073 0.0
0.0209894 -0.000192375 0.0
0.0209157 -0.000247172 0.0
0.0208254 -0.000305572 0.0
0.0207097 -0.000373154 0.0
0.0205799 -0.000453877 0.0
0.020435 -0.000542541 0.0
0.0202505 -0.000641731 0.0
0.0200293 -0.000766955 0.0
0.0197938 -0.000912314 0.0
0.0195095 -0.00107437 0.0
0.01914 -0.00128205 0.0
0.0187303 -0.00155248 0.0
0.0182782 -0.00185475 0.0
0.0176542 -0.00226254 0.0
0.0168684 -0.00285909 0.0
0.0160575 -0.00360744 0.0
0.0150406 -0.00455664 0.0
0.013413 -0.00641838 0.0
0.0113667 -0.00806102 0.0
0.0096489 -0.00697805 0.0
0.00664451 -0.00270932 0.0
0.00251538 -0.000752308 0.0
0.0 0.0 0.0
0.0 0.0 0.0
0.0 0.0 0.0
0.0 0.0 0.0
0.0 0.0 0.0
0.0 0.0 0.0
0.0 0.0 0.0
0.0 0.0 0.0
0.0 0.0 0.0
0.0 0.0 0.0
0.0 0.0 0.0
0.0 0.0 0.0
0.0 0.0 0.0
0.0 0.0 0.0
0.0 0.0 0.0
0.0 0.0 0.0
0.0 0.0 0.0
0.0 0.0 0.0
0.0 0.0 0.0
0.0 0.0 0.0
0.0 0.0 0.0
0.0 0.0 0.0
0.0 0.0 0.0
0.0 0.0 0.0
0.0 0.0 0.0
0.0 0.0 0.0
0.0 0.0 0.0
0.0 0.0 0.0
0.0 0.0 0.0
0.0 0.0 0.0
0.0 0.0 0.0
0.0 0.0 0.0
0.0 0.0 0.0
0.0 0.0 0.0
0.0 0.0 0.0
0.0 0.0 0.0
0.0 0.0 0.0
0.0 0.0 0.0
0.0 0.0 0.0
0.0 0.0 0.0
0.0 0.0 0.0
0.0 0.0 0.0
0.0 0.0 0.0
0.0 0.0 0.0
0.0 0.0 0.0
0.0 0.0 0.0
0.0 0.0 0.0
0.0 0.0 0.0
0.0 0.0 0.0
0.0 0.0 0.0
0.0 0.0 0.0
0.0 0.0 0.0
0.0 0.0 0.0
0.0 0.0 0.0
0.0 0.0 0.0
0.0 0.0 0.0
0.0 0.0 0.0
0.0 0.0 0.0
0.0 0.0 0.0
0.0 0.0 0.0
0.0 0.0 0.0
0.0 0.0 0.0
0.0 0.0 0.0
0.0 0.0 0.0
0.0 0.0 0.0
0.0 0.0 0.0
0.0 0.0 0.0
0.000400875 0.000435823 0.0
0.00102552 0.000335307 0.0
0.00129221 0.000231668 0.0
0.001422 0.000216028 0.0
0.00157519 0.000241995 0.0
0.00170814 0.000213245 0.0
0.00178237 0.000195843 0.0
0.00184461 0.000194109 0.0
0.00190831 0.000193305 0.0
0.00195799 0.0001805 0.0
0.00199577 0.000175872 0.0
0.00203456 0.000173345 0.0
0.00207188 0.000168456 0.0
0.00210285 0.000160555 0.0
0.00213282 0.000159026 0.0
0.00216619 0.000154755 0.0
0.00219868 0.000148734 0.0
0.00222806 0.000142928 0.0
0.00226665 0.000147471 0.0
0.00231175 0.000135356 0.0
0.00234631 0.000126239 0.0
0.00238163 0.000131896 0.0
0.00252929 0.000198424 0.0
0.00293764 0.000530151 0.0
0.00340552 0.00103345 0.0
0.00400281 0.0011151 0.0
0.0047943 0.00133476 0.0
0.00543683 0.00169195 0.0
0.00588711 0.00197889 0.0
0.0063397 0.00182018 0.0
0.00689396 0.00166608 0.0
0.00746739 0.001572 0.0
0.00802974 0.00149386 0.0
0.00857735 0.00140317 0.0
0.00908209 0.001335 0.0
0.00954994 0.00128072 0.0
0.0100086 0.0012299 0.0
0.0104511 0.00117904 0.0
0.0108626 0.0011363 0.0
0.0112534 0.00109731 0.0
0.0116337 0.00105909 0.0
0.0119964 0.00102246 0.0
0.0123391 0.000989459 0.0
0.0126692 0.000957676 0.0
0.0129878 0.000926584 0.0
0.0132912 0.00089712 0.0
0.0135811 0.00086947 0.0
0.0138609 0.000842476 0.0
0.0141296 0.000816352 0.0
0.0143862 0.000791536 0.0
0.0146328 0.000767764 0.0
0.0148705 0.000744604 0.0
0.0150984 0.000722346 0.0
0.0153168 0.000701073 0.0
0.0155272 0.000680533 0.0
0.0157296 0.000660632 0.0
0.0159238 0.000641542 0.0
0.0161106 0.000623198 0.0
0.0162905 0.000605459 0.0
0.0164635 0.000588341 0.0
0.0166299 0.000571898 0.0
0.0167902 0.000556043 0.0
0.0169446 0.000540718 0.0
0.0170933 0.000525946 0.0
0.0172365 0.00051172 0.0
0.0173747 0.000497973 0.0
0.0175079 0.000484686 0.0
0.0176364 0.000471865 0.0
0.0177604 0.00045948 0.0
0.0178801 0.000447491 0.0
0.0179957 0.000435892 0.0
0.0181074 0.000424672 0.0
0.0182154 0.000413801 0.0
0.0183199 0.000403258 0.0
0.0184209 0.000393036 0.0
0.0185186 0.000383117 0.0
0.0186133 0.000373481 0.0
0.018705 0.000364114 0.0
0.0187938 0.000355008 0.0
0.01888 0.000346146 0.0
0.0189635 0.000337513 0.0
0.0190445 0.000329102 0.0
0.0191232 0.000320902 0.0
0.0191995 0.0003129 0.0
0.0192737 0.000305089 0.0
0.0193458 0.00029746 0.0
0.0194159 0.000290005 0.0
0.0194841 0.000282715 0.0
0.0195504 0.000275585 0.0
0.0196149 0.000268609 0.0
0.0196777 0.00026178 0.0
0.0197389 0.000255092 0.0
0.0197985 0.000248542 0.0
0.0198566 0.000242125 0.0
0.0199132 0.000235836 0.0
0.0199684 0.000229672 0.0
0.0200223 0.000223631 0.0
0.0200748 0.000217708 0.0
0.0201261 0.000211902 0.0
0.0201762 0.000206209 0.0
0.020225 0.000200629 0.0
0.0202728 0.000195158 0.0
0.0203195 0.000189795 0.0
0.0203651 0.00018454 0.0
0.0204096 0.000179389 0.0
0.0204532 0.000174343 0.0
0.0204958 0.000169399 0.0
0.0205375 0.000164558 0.0
0.0205782 0.000159818 0.0
0.0206181 0.000155179 0.0
0.0206572 0.00015064 0.0
0.0206954 0.0001462 0.0
0.0207328 0.000141859 0.0
0.0207694 0.000137616 0.0
0.0208052 0.000133471 0.0
0.0208404 0.000129423 0.0
0.0208748 0.000125471 0.0
0.0209084 0.000121616 0.0
0.0209414 0.000117856 0.0
0.0209738 0.000114191 0.0
0.0210054 0.000110621 0.0
0.0210365 0.000107144 0.0
0.0210669 0.00010376 0.0
0.0210967 0.000100468 0.0
0.0211258 9.72675e-05 0.0
0.0211544 9.41565e-05 0.0
0.0211825 9.11341e-05 0.0
0.0212099 8.8199e-05 0.0
0.0212368 8.53495e-05 0.0
0.0212631 8.25839e-05 0.0
0.0212889 7.99001e-05 0.0
0.0213141 7.72959e-05 0.0
0.0213388 7.47683e-05 0.0
0.021363 7.2315e-05 0.0
0.0213866 6.9932e-05 0.0
0.0214097 6.76162e-05 0.0
0.0214323 6.53623e-05 0.0
0.0214544 6.31666e-05 0.0
0.0214759 6.10223e-05 0.0
0.0214968 5.89244e-05 0.0
0.0215172 5.68639e-05 0.0
0.021537 5.48352e-05 0.0
0.0215563 5.28255e-05 0.0
0.021575 5.08275e-05 0.0
0.021593 4.88246e-05 0.0
0.0216104 4.68083e-05 0.0
0.0216272 4.4754e-05 0.0
0.0216432 4.26521e-05 0.0
0.0216586 4.0469e-05 0.0
0.0216731 3.81925e-05 0.0
0.0216868 3.57735e-05 0.0
0.0216997 3.31998e-05 0.0
0.0217115 3.03991e-05 0.0
0.0217223 2.73583e-05 0.0
0.021732 2.39697e-05 0.0
0.0217404 2.0223e-05 0.0
0.0217474 1.59539e-05 0.0
0.0217528 1.11589e-05 0.0
0.0217565 5.5938e-06 0.0
0.0217582 -5.91146e-07 0.0
0.0217582 -3.99284e-06 0.0
0.0 0.0 0.0
0.0 0.0 0.0
0.0193148 1.39825e-05 0.0
0.0193233 3.35934e-05 0.0
0.0193369 5.57243e-05 0.0
0.0193556 8.05897e-05 0.0
0.0193828 9.967e-05 0.0
0.0194151 0.000116689 0.0
0.0194498 0.000138759 0.0
0.019493 0.000157197 0.0
0.0195421 0.000168977 0.0
0.0195911 0.000184902 0.0
0.0196447 0.000200667 0.0
0.0197056 0.000208825 0.0
0.0197659 0.000217757 0.0
0.0198267 0.000229045 0.0
0.0198928 0.000234274 0.0
0.01996 0.000237859 0.0
0.0200256 0.00024355 0.0
0.0200929 0.000246334 0.0
0.0201615 0.000246131 0.0
0.0202287 0.000247075 0.0
0.0202954 0.000246939 0.0
0.0203617 0.000244524 0.0
0.0204265 0.000241832 0.0
0.0204905 0.000239008 0.0
0.0205529 0.000234649 0.0
0.0206126 0.000229718 0.0
0.020671 0.000224493 0.0
0.020728 0.000218401 0.0
0.0207814 0.000211592 0.0
0.0208318 0.000204565 0.0
0.0208808 0.000196727 0.0
0.0209267 0.000188119 0.0
0.0209679 0.0001792 0.0
0.0210064 0.000169707 0.0
0.0210424 0.000159103 0.0
0.0210732 0.000147875 0.0
0.021099 0.000136239 0.0
0.0211218 0.000123415 0.0
0.0211397 0.000109212 0.0
0.0211506 9.44019e-05 0.0
0.0211565 7.8636e-05 0.0
0.0211574 6.06954e-05 0.0
0.0211498 4.11939e-05 0.0
0.021134 2.08764e-05 0.0
0.0211122 -1.86726e-06 0.0
0.0210806 -2.80983e-05 0.0
0.021036 -5.57106e-05 0.0
0.0209825 -8.55271e-05 0.0
0.0209185 -0.000120811 0.0
0.0208351 -0.000160514 0.0
0.0207351 -0.000201722 0.0
0.0206235 -0.000250196 0.0
0.0204869 -0.00030846 0.0
0.0203168 -0.000371275 0.0
0.020128 -0.000440263 0.0
0.0199113 -0.000529258 0.0
0.0196341 -0.000631546 0.0
0.0193081 -0.000743865 0.0
0.0189501 -0.000884705 0.0
0.0184931 -0.00107217 0.0
0.0179025 -0.00127824 0.0
0.0172393 -0.00155385 0.0
0.0164169 -0.00193545 0.0
0.0151888 -0.00243769 0.0
0.0135817 -0.00305728 0.0
0.0115897 -0.00424742 0.0
0.00850222 -0.00485862 0.0
0.00388754 -0.00381431 0.0
0.0 0.0 0.0
0.0 0.0 0.0
0.0 0.0 0.0
0.0 0.0 0.0
0.0 0.0 0.0
0.0 0.0 0.0
0.0 0.0 0.0
0.0 0.0 0.0
0.0 0.0 0.0
0.0 0.0 0.0
0.0 0.0 0.0
0.0 0.0 0.0
0.0 0.0 0.0
0.0 0.0 0.0
0.0 0.0 0.0
0.0 0.0 0.0
0.0 0.0 0.0
0.0 0.0 0.0
0.0 0.0 0.0
0.0 0.0 0.0
0.0 0.0 0.0
0.0 0.0 0.0
0.0 0.0 0.0
0.0 0.0 0.0
0.0 0.0 0.0
0.0 0.0 0.0
0.0 0.0 0.0
0.0 0.0 0.0
0.0 0.0 0.0
0.0 0.0 0.0
0.0 0.0 0.0
0.0 0.0 0.0
0.0 0.0 0.0
0.0 0.0 0.0
0.0 0.0 0.0
0.0 0.0 0.0
0.0 0.0 0.0
0.0 0.0 0.0
0.0 0.0 0.0
0.0 0.0 0.0
0.0 0.0 0.0
0.0 0.0 0.0
0.0 0.0 0.0
0.0 0.0 0.0
0.0 0.0 0.0
0.0 0.0 0.0
0.0 0.0 0.0
0.0 0.0 0.0
0.0 0.0 0.0
0.0 0.0 0.0
0.0 0.0 0.0
0.0 0.0 0.0
0.0 0.0 0.0
0.0 0.0 0.0
0.0 0.0 0.0
0.0 0.0 0.0
0.0 0.0 0.0
0.0 0.0 0.0
0.0 0.0 0.0
0.0 0.0 0.0
0.0 0.0 0.0
0.0 0.0 0.0
0.0 0.0 0.0
0.0 0.0 0.0
0.0 0.0 0.0
0.0 0.0 0.0
0.0 0.0 0.0
0.0 0.0 0.0
0.0 0.0 0.0
0.0 0.0 0.0
0.0 0.0 0.0
0.0 0.0 0.0
0.0 0.0 0.0
0.0 0.0 0.0
0.0 0.0 0.0
0.0 0.0 0.0
0.0 0.0 0.0
0.0 0.0 0.0
0.0 0.0 0.0
0.0 0.0 0.0
0.0 0.0 0.0
0.0 0.0 0.0
0.0 0.0 0.0
0.0 0.0 0.0
0.0 0.0 0.0
0.0 0.0 0.0
0.0 0.0 0.0
0.0 0.0 0.0
0.0 0.0 0.0
0.0 0.0 0.0
0.0 0.0 0.0
0.0 0.0 0.0
0.0 0.0 0.0
0.000492967 0.00036234 0.0
0.00121014 0.000320884 0.0
0.00184446 0.000534209 0.0
0.0024889 0.0011384 0.0
0.00333263 0.00124385 0.0
0.00439484 0.00108751 0.0
0.00529081 0.000983608 0.0
0.00601873 0.000927397 0.0
0.00669892 0.000873969 0.0
0.0073468 0.000827485 0.0
0.00794294 0.00080492 0.0
0.0084957 0.000776902 0.0
0.00901772 0.000747376 0.0
0.00950824 0.000726194 0.0
0.00997118 0.000708757 0.0
0.0104129 0.000686654 0.0
0.0108336 0.000666591 0.0
0.0112325 0.000650489 0.0
0.0116134 0.00063369 0.0
0.0119785 0.000615506 0.0
0.0123273 0.000599646 0.0
0.0126604 0.000585012 0.0
0.01298 0.000569521 0.0
0.0132867 0.00055432 0.0
0.0135802 0.000540623 0.0
0.0138617 0.000527109 0.0
0.0141323 0.000513369 0.0
0.0143919 0.000500366 0.0
0.014641 0.000488132 0.0
0.0148804 0.000475909 0.0
0.0151106 0.000463909 0.0
0.0153317 0.000452561 0.0
0.0155443 0.000441588 0.0
0.0157488 0.000430726 0.0
0.0159456 0.000420242 0.0
0.0161349 0.000410216 0.0
0.0163171 0.000400417 0.0
0.0164926 0.000390826 0.0
0.0166617 0.000381597 0.0
0.0168246 0.000372671 0.0
0.0169816 0.000363935 0.0
0.017133 0.000355439 0.0
0.017279 0.000347229 0.0
0.0174199 0.000339231 0.0
0.017556 0.000331413 0.0
0.0176873 0.000323814 0.0
0.0178142 0.000316426 0.0
0.0179369 0.000309202 0.0
0.0180554 0.000302142 0.0
0.0181701 0.000295262 0.0
0.0182811 0.000288537 0.0
0.0183885 0.000281948 0.0
0.0184925 0.000275499 0.0
0.0185933 0.00026919 0.0
0.0186909 0.000263002 0.0
0.0187856 0.000256928 0.0
0.0188775 0.00025097 0.0
0.0189666 0.000245121 0.0
0.019053 0.000239371 0.0
0.019137 0.000233717 0.0
0.0192186 0.00022816 0.0
0.0192979 0.000222692 0.0
0.019375 0.000217308 0.0
0.0194499 0.000212008 0.0
0.0195229 0.00020679 0.0
0.0195938 0.000201649 0.0
0.0196629 0.000196584 0.0
0.0197302 0.000191594 0.0
0.0197957 0.000186677 0.0
0.0198595 0.000181832 0.0
0.0199218 0.000177057 0.0
0.0199824 0.000172353 0.0
0.0200416 0.000167718 0.0
0.0200994 0.000163153 0.0
0.0201557 0.000158656 0.0
0.0202107 0.000154228 0.0
0.0202644 0.000149869 0.0
0.0203168 0.00014558 0.0
0.020368 0.000141359 0.0
0.020418 0.000137208 0.0
0.0204669 0.000133127 0.0
0.0205147 0.000129117 0.0
0.0205614 0.000125178 0.0
0.0206071 0.000121311 0.0
0.0206518 0.000117515 0.0
0.0206955 0.000113793 0.0
0.0207382 0.000110143 0.0
0.0207801 0.000106568 0.0
0.020821 0.000103068 0.0
0.0208611 9.96426e-05 0.0
0.0209003 9.62931e-05 0.0
0.0209387 9.30199e-05 0.0
0.0209763 8.98235e-05 0.0
0.0210131 8.67044e-05 0.0
0.0210491 8.36629e-05 0.0
0.0210844 8.06994e-05 0.0
0.021119 7.78142e-05 0.0
0.0211529 7.50074e-05 0.0
0.021186 7.22792e-05 0.0
0.0212185 6.96296e-05 0.0
0.0212504 6.70584e-05 0.0
0.0212815 6.45655e-05 0.0
0.021312 6.21506e-05 0.0
0.0213419 5.98132e-05 0.0
0.0213712 5.75525e-05 0.0
0.0213999 5.5368e-05 0.0
0.0214279 5.32585e-05 0.0
0.0214554 5.12229e-05 0.0
0.0214823 4.92595e-05 0.0
0.0215085 4.73671e-05 0.0
0.0215342 4.55431e-05 0.0
0.0215594 4.37856e-05 0.0
0.0215839 4.20914e-05 0.0
0.0216078 4.0458e-05 0.0
0.0216312 3.88808e-05 0.0
0.021654 3.73568e-05 0.0
0.0216761 3.58795e-05 0.0
0.0216977 3.4445e-05 0.0
0.0217186 3.30448e-05 0.0
0.0217389 3.1674e-05 0.0
0.0217585 3.03203e-05 0.0
0.0217774 2.89781e-05 0.0
0.0217957 2.76303e-05 0.0
0.0218131 2.62697e-05 0.0
0.0218298 2.48719e-05 0.0
0.0218456 2.34294e-05 0.0
0.0218606 2.19062e-05 0.0
0.0218746 2.02937e-05 0.0
0.0218875 1.85395e-05 0.0
0.0218994 1.66355e-05 0.0
0.0219099 1.45019e-05 0.0
0.0219192 1.2133e-05 0.0
0.0219269 9.4077e-06 0.0
0.0219329 6.32637e-06 0.0
0.021937 2.70562e-06 0.0
0.021939 -1.36183e-06 0.0
0.0219391 -3.60817e-06 0.0
0.0 0.0 0.0
0.0 0.0 0.0
0.0193181 9.34217e-06 0.0
0.0193244 2.45834e-05 0.0
0.0193355 4.11661e-05 0.0
0.0193553 5.64895e-05 0.0
0.0193811 7.00486e-05 0.0
0.0194103 8.61521e-05 0.0
0.019446 0.000100304 0.0
0.0194882 0.000109365 0.0
0.0195329 0.000122259 0.0
0.0195817 0.00013651 0.0
0.0196358 0.000141801 0.0
0.0196922 0.000148236 0.0
0.0197507 0.000160908 0.0
0.0198126 0.00016593 0.0
0.0198758 0.000165996 0.0
0.0199401 0.000173701 0.0
0.020006 0.000179462 0.0
0.020072 0.000177149 0.0
0.0201381 0.00017818 0.0
0.0202048 0.000182761 0.0
0.0202704 0.000181102 0.0
0.020335 0.000177751 0.0
0.0203993 0.000178553 0.0
0.0204623 0.00017779 0.0
0.0205229 0.000173171 0.0
0.0205823 0.000170205 0.0
0.0206403 0.000168435 0.0
0.0206954 0.000164173 0.0
0.0207479 0.000159033 0.0
0.0207986 0.000155167 0.0
0.0208465 0.000150652 0.0
0.0208906 0.000144798 0.0
0.0209319 0.000138987 0.0
0.0209702 0.000133201 0.0
0.0210045 0.000126635 0.0
0.0210343 0.000119518 0.0
0.0210604 0.000111953 0.0
0.0210822 0.000103857 0.0
0.0210984 9.53909e-05 0.0
0.021109 8.60243e-05 0.0
0.0211145 7.55316e-05 0.0
0.0211138 6.47675e-05 0.0
0.0211049 5.34241e-05 0.0
0.0210886 3.98964e-05 0.0
0.0210655 2.53478e-05 0.0
0.0210316 1.0885e-05 0.0
0.0209858 -5.94723e-06 0.0
0.0209309 -2.62634e-05 0.0
0.0208637 -4.61433e-05 0.0
0.0207775 -6.73826e-05 0.0
0.0206755 -9.46863e-05 0.0
0.0205595 -0.000124864 0.0
0.020417 -0.000152916 0.0
0.0202429 -0.000189115 0.0
0.0200479 -0.000234645 0.0
0.01982 -0.000278994 0.0
0.0195325 -0.0003251 0.0
0.0191959 -0.000394992 0.0
0.0188172 -0.000468859 0.0
0.0183358 -0.000541533 0.0
0.0177216 -0.000635989 0.0
0.0170036 -0.000775166 0.0
0.0160946 -0.000888278 0.0
0.0148394 -0.0010489 0.0
0.0132065 -0.00118819 0.0
0.0108215 -0.0012444 0.0
0.00705583 -0.000762627 0.0
0.00292459 0.000444205 0.0
0.0 0.0 0.0
0.0 0.0 0.0
0.0 0.0 0.0
0.0 0.0 0.0
0.0 0.0 0.0
0.0 0.0 0.0
0.0 0.0 0.0
0.0 0.0 0.0
0.0 0.0 0.0
0.0 0.0 0.0
0.0 0.0 0.0
0.0 0.0 0.0
0.0 0.0 0.0
0.0 0.0 0.0
0.0 0.0 0.0
0.0 0.0 0.0
0.0 0.0 0.0
0.0 0.0 0.0
0.0 0.0 0.0
0.0 0.0 0.0
0.0 0.0 0.0
0.0 0.0 0.0
0.0 0.0 0.0
0.0 0.0 0.0
0.0 0.0 0.0
0.0 0.0 0.0
0.0 0.0 0.0
0.0 0.0 0.0
0.0 0.0 0.0
0.0 0.0 0.0
0.0 0.0 0.0
0.0 0.0 0.0
0.0 0.0 0.0
0.0 0.0 0.0
0.0 0.0 0.0
0.0 0.0 0.0
0.0 0.0 0.0
0.0 0.0 0.0
0.0 0.0 0.0
0.0 0.0 0.0
0.0 0.0 0.0
0.0 0.0 0.0
0.0 0.0 0.0
0.0 0.0 0.0
0.0 0.0 0.0
0.0 0.0 0.0
0.0 0.0 0.0
0.0 0.0 0.0
0.0 0.0 0.0
0.0 0.0 0.0
0.0 0.0 0.0
0.0 0.0 0.0
0.0 0.0 0.0
0.0 0.0 0.0
0.0 0.0 0.0
0.0 0.0 0.0
0.0 0.0 0.0
0.0 0.0 0.0
0.0 0.0 0.0
0.0 0.0 0.0
0.0 0.0 0.0
0.0 0.0 0.0
0.0 0.0 0.0
0.0 0.0 0.0
0.0 0.0 0.0
0.0 0.0 0.0
0.0 0.0 0.0
0.0 0.0 0.0
0.0 0.0 0.0
0.0 0.0 0.0
0.0 0.0 0.0
0.0 0.0 0.0
0.0 0.0 0.0
0.0 0.0 0.0
0.0 0.0 0.0
0.0 0.0 0.0
0.0 0.0 0.0
0.0 0.0 0.0
0.0 0.0 0.0
0.0 0.0 0.0
0.0 0.0 0.0
0.0 0.0 0.0
0.0 0.0 0.0
0.0 0.0 0.0
0.0 0.0 0.0
0.0 0.0 0.0
0.0 0.0 0.0
0.0 0.0 0.0
0.0 0.0 0.0
0.0 0.0 0.0
0.0 0.0 0.0
0.0 0.0 0.0
0.0 0.0 0.0
0.0 0.0 0.0
0.0 0.0 0.0
0.0 0.0 0.0
0.000971235 1.87785e-05 0.0
0.00245373 4.24588e-05 0.0
0.00350017 7.93472e-05 0.0
0.00438522 0.000128391 0.0
0.00527331 0.000148029 0.0
0.00606524 0.000171725 0.0
0.00672712 0.00019466 0.0
0.00734666 0.00020921 0.0
0.00794579 0.000217501 0.0
0.00849524 0.00022821 0.0
0.00900444 0.000236244 0.0
0.00949639 0.000240112 0.0
0.00996375 0.000243342 0.0
0.0104006 0.000247161 0.0
0.0108186 0.000248803 0.0
0.0112219 0.000249055 0.0
0.0116044 0.000249601 0.0
0.0119679 0.000249862 0.0
0.0123183 0.000248904 0.0
0.0126547 0.000247698 0.0
0.0129751 0.000246659 0.0
0.0132824 0.000245173 0.0
0.0135786 0.000243175 0.0
0.0138624 0.00024124 0.0
0.0141341 0.00023928 0.0
0.0143956 0.000236999 0.0
0.0146473 0.000234571 0.0
0.0148886 0.000232214 0.0
0.0151205 0.00022976 0.0
0.0153439 0.000227143 0.0
0.0155589 0.000224515 0.0
0.0157654 0.000221906 0.0
0.0159643 0.000219208 0.0
0.016156 0.000216449 0.0
0.0163405 0.000213704 0.0
0.0165182 0.000210943 0.0
0.0166896 0.000208125 0.0
0.0168549 0.000205291 0.0
0.0170142 0.00020246 0.0
0.0171679 0.000199601 0.0
0.0173164 0.00019671 0.0
0.0174597 0.000193813 0.0
0.0175981 0.000190906 0.0
0.0177319 0.000187972 0.0
0.0178612 0.000185019 0.0
0.0179863 0.000182056 0.0
0.0181072 0.000179077 0.0
0.0182243 0.000176074 0.0
0.0183377 0.000173058 0.0
0.0184475 0.000170028 0.0
0.0185539 0.00016698 0.0
0.0186571 0.000163915 0.0
0.0187571 0.000160837 0.0
0.0188541 0.000157746 0.0
0.0189482 0.00015464 0.0
0.0190397 0.000151522 0.0
0.0191284 0.000148394 0.0
0.0192147 0.000145255 0.0
0.0192985 0.000142108 0.0
0.01938 0.000138955 0.0
0.0194593 0.000135796 0.0
0.0195364 0.000132635 0.0
0.0196115 0.000129471 0.0
0.0196846 0.000126309 0.0
0.0197557 0.000123149 0.0
0.019825 0.000119993 0.0
0.0198926 0.000116845 0.0
0.0199584 0.000113706 0.0
0.0200226 0.000110578 0.0
0.0200853 0.000107464 0.0
0.0201464 0.000104366 0.0
0.020206 0.000101286 0.0
0.0202641 9.82267e-05 0.0
0.0203209 9.51905e-05 0.0
0.0203764 9.21797e-05 0.0
0.0204306 8.91966e-05 0.0
0.0204835 8.62433e-05 0.0
0.0205352 8.33222e-05 0.0
0.0205858 8.04356e-05 0.0
0.0206352 7.75855e-05 0.0
0.0206835 7.47741e-05 0.0
0.0207307 7.20035e-05 0.0
0.0207769 6.92758e-05 0.0
0.0208221 6.65928e-05 0.0
0.0208664 6.39566e-05 0.0
0.0209096 6.13689e-05 0.0
0.020952 5.88315e-05 0.0
0.0209934 5.63462e-05 0.0
0.021034 5.39146e-05 0.0
0.0210737 5.15382e-05 0.0
0.0211126 4.92185e-05 0.0
0.0211506 4.6957e-05 0.0
0.0211879 4.47549e-05 0.0
0.0212244 4.26135e-05 0.0
0.0212601 4.05339e-05 0.0
0.0212952 3.85172e-05 0.0
0.0213294 3.65644e-05 0.0
0.021363 3.46761e-05 0.0
0.0213959 3.28534e-05 0.0
0.0214281 3.10966e-05 0.0
0.0214596 2.94065e-05 0.0
0.0214905 2.77832e-05 0.0
0.0215207 2.62273e-05 0.0
0.0215503 2.47385e-05 0.0
0.0215792 2.33171e-05 0.0
0.0216075 2.19626e-05 0.0
0.0216352 2.06749e-05 0.0
0.0216623 1.9453e-05 0.0
0.0216887 1.82964e-05 0.0
0.0217145 1.72039e-05 0.0
0.0217398 1.61741e-05 0.0
0.0217644 1.5205e-05 0.0
0.0217883 1.42955e-05 0.0
0.0218117 1.3442e-05 0.0
0.0218344 1.26425e-05 0.0
0.0218564 1.18925e-05 0.0
0.0218778 1.11898e-05 0.0
0.0218984 1.05272e-05 0.0
0.0219184 9.90164e-06 0.0
0.0219376 9.3039e-06 0.0
0.021956 8.73005e-06 0.0
0.0219736 8.16559e-06 0.0
0.0219903 7.6068e-06 0.0
0.022006 7.03307e-06 0.0
0.0220208 6.43964e-06 0.0
0.0220345 5.79538e-06 0.0
0.022047 5.09702e-06 0.0
0.0220582 4.29706e-06 0.0
0.022068 3.39372e-06 0.0
0.0220762 2.31407e-06 0.0
0.0220826 1.062e-06 0.0
0.022087 -4.74535e-07 0.0
0.0220891 -2.25424e-06 0.0
0.0220893 -3.24515e-06 0.0
0.0 0.0 0.0
0.0 0.0 0.0
0.0193175 4.81857e-06 0.0
0.0193228 1.60779e-05 0.0
0.0193358 2.54629e-05 0.0
0.0193555 3.35216e-05 0.0
0.0193784 4.40225e-05 0.0
0.0194079 5.33483e-05 0.0
0.0194449 5.98734e-05 0.0
0.0194841 6.8655e-05 0.0
0.0195267 7.71433e-05 0.0
0.0195772 8.16174e-05 0.0
0.0196302 8.78468e-05 0.0
0.0196832 9.54741e-05 0.0
0.0197415 9.81592e-05 0.0
0.0198039 0.000101209 0.0
0.0198649 0.000107331 0.0
0.0199274 0.000109513 0.0
0.0199933 0.000109635 0.0
0.0200589 0.000113306 0.0
0.0201234 0.000115455 0.0
0.0201889 0.000114273 0.0
0.0202542 0.000114992 0.0
0.0203184 0.000116628 0.0
0.0203816 0.0001154 0.0
0.0204435 0.000114077 0.0
0.020504 0.000114309 0.0
0.0205633 0.000113369 0.0
0.02062 0.000111181 0.0
0.0206741 0.000109947 0.0
0.0207269 0.000108765 0.0
0.0207774 0.000106465 0.0
0.0208237 0.000104186 0.0
0.0208674 0.000102374 0.0
0.0209092 9.99664e-05 0.0
0.0209467 9.71016e-05 0.0
0.0209795 9.45336e-05 0.0
0.0210097 9.18083e-05 0.0
0.0210361 8.84826e-05 0.0
0.0210562 8.51336e-05 0.0
0.0210717 8.19001e-05 0.0
0.0210833 7.80514e-05 0.0
0.021088 7.3822e-05 0.0
0.021085 6.97996e-05 0.0
0.021077 6.54508e-05 0.0
0.0210617 6.01187e-05 0.0
0.0210351 5.49773e-05 0.0
0.0210001 4.99659e-05 0.0
0.0209578 4.37584e-05 0.0
0.0209003 3.67577e-05 0.0
0.0208273 3.10738e-05 0.0
0.0207453 2.42344e-05 0.0
0.0206464 1.55039e-05 0.0
0.0205192 8.04812e-06 0.0
0.0203745 2.51921e-06 0.0
0.0202138 -7.79247e-06 0.0
0.0200098 -1.64636e-05 0.0
0.0197611 -1.93153e-05 0.0
0.0194929 -2.41752e-05 0.0
0.0191713 -3.55027e-05 0.0
0.0187473 -2.34189e-05 0.0
0.0182607 -7.12219e-06 0.0
0.0177185 -1.9195e-06 0.0
0.0169851 4.6119e-05 0.0
0.0160071 0.000206292 0.0
0.014868 0.000314841 0.0
0.0134127 0.000574961 0.0
0.01131 0.0015899 0.0
0.00859899 0.00287195 0.0
0.00594777 0.00344544 0.0
0.00285949 0.00150618 0.0
0.0 0.0 0.0
0.0 0.0 0.0
0.0 0.0 0.0
0.0 0.0 0.0
0.0 0.0 0.0
0.0 0.0 0.0
0.0 0.0 0.0
0.0 0.0 0.0
0.0 0.0 0.0
0.0 0.0 0.0
0.0 0.0 0.0
0.0 0.0 0.0
0.0 0.0 0.0
0.0 0.0 0.0
0.0 0.0 0.0
0.0 0.0 0.0
0.0 0.0 0.0
0.0 0.0 0.0
0.0 0.0 0.0
0.0 0.0 0.0
0.0 0.0 0.0
0.0 0.0 0.0
0.0 0.0 0.0
0.0 0.0 0.0
0.0 0.0 0.0
0.0 0.0 0.0
0.0 0.0 0.0
0.0 0.0 0.0
0.0 0.0 0.0
0.0 0.0 0.0
0.0 0.0 0.0
0.0 0.0 0.0
0.0 0.0 0.0
0.0 0.0 0.0
0.0 0.0 0.0
0.0 0.0 0.0
0.0 0.0 0.0
0.0 0.0 0.0
0.0 0.0 0.0
0.0 0.0 0.0
0.0 0.0 0.0
0.0 0.0 0.0
0.0 0.0 0.0
0.0 0.0 0.0
0.0 0.0 0.0
0.0 0.0 0.0
0.0 0.0 0.0
0.0 0.0 0.0
0.0 0.0 0.0
0.0 0.0 0.0
0.0 0.0 0.0
0.0 0.0 0.0
0.0 0.0 0.0
0.0 0.0 0.0
0.0 0.0 0.0
0.0 0.0 0.0
0.0 0.0 0.0
0.0 0.0 0.0
0.0 0.0 0.0
0.0 0.0 0.0
0.0 0.0 0.0
0.0 0.0 0.0
0.0 0.0 0.0
0.0 0.0 0.0
0.0 0.0 0.0
0.0 0.0 0.0
0.0 0.0 0.0
0.0 0.0 0.0
0.0 0.0 0.0
0.0 0.0 0.0
0.0 0.0 0.0
0.0 0.0 0.0
0.0 0.0 0.0
0.0 0.0 0.0
0.0 0.0 0.0
0.0 0.0 0.0
0.0 0.0 0.0
0.0 0.0 0.0
0.0 0.0 0.0
0.0 0.0 0.0
0.0 0.0 0.0
0.0 0.0 0.0
0.0 0.0 0.0
0.0 0.0 0.0
0.0 0.0 0.0
0.0 0.0 0.0
0.0 0.0 0.0
0.0 0.0 0.0
0.0 0.0 0.0
0.0 0.0 0.0
0.000283196 -0.000275154 0.0
0.000728726 -0.000218149 0.0
0.000950954 -0.000147914 0.0
0.00114019 -0.000191199 0.0
0.00158259 -0.000479887 0.0
0.00214655 -0.00102764 0.0
0.00285797 -0.00109801 0.0
0.00381792 -0.00090509 0.0
0.00470723 -0.0007323 0.0
0.00543799 -0.000625309 0.0
0.00610206 -0.000527282 0.0
0.00675683 -0.00044926 0.0
0.00737767 -0.000397196 0.0
0.00794366 -0.000346774 0.0
0.00847708 -0.00030003 0.0
0.00899022 -0.000266277 0.0
0.00947533 -0.000237842 0.0
0.00993279 -0.000208118 0.0
0.0103719 -0.000182968 0.0
0.0107926 -0.00016339 0.0
0.011192 -0.000144102 0.0
0.0115738 -0.000125178 0.0
0.0119413 -0.000109659 0.0
0.0122931 -9.59968e-05 0.0
0.0126291 -8.21428e-05 0.0
0.0129519 -6.94512e-05 0.0
0.0132624 -5.86864e-05 0.0
0.0135599 -4.84223e-05 0.0
0.0138453 -3.83554e-05 0.0
0.01412 -2.94221e-05 0.0
0.014384 -2.14232e-05 0.0
0.0146374 -1.36303e-05 0.0
0.0148811 -6.29944e-06 0.0
0.0151158 2.13524e-07 0.0
0.0153415 6.27432e-06 0.0
0.0155586 1.20991e-05 0.0
0.0157676 1.74226e-05 0.0
0.015969 2.22213e-05 0.0
0.0161629 2.67418e-05 0.0
0.0163497 3.09726e-05 0.0
0.0165298 3.47794e-05 0.0
0.0167035 3.82462e-05 0.0
0.016871 4.1479e-05 0.0
0.0170326 4.44172e-05 0.0
0.0171886 4.70305e-05 0.0
0.0173392 4.93986e-05 0.0
0.0174846 5.15453e-05 0.0
0.0176252 5.34298e-05 0.0
0.0177611 5.50692e-05 0.0
0.0178924 5.65095e-05 0.0
0.0180195 5.77452e-05 0.0
0.0181425 5.87641e-05 0.0
0.0182616 5.95925e-05 0.0
0.0183769 6.02496e-05 0.0
0.0184886 6.07282e-05 0.0
0.0185969 6.10332e-05 0.0
0.0187019 6.11849e-05 0.0
0.0188038 6.11897e-05 0.0
0.0189026 6.10465e-05 0.0
0.0189986 6.07661e-05 0.0
0.0190918 6.03609e-05 0.0
0.0191823 5.98339e-05 0.0
0.0192702 5.91892e-05 0.0
0.0193557 5.84374e-05 0.0
0.0194389 5.75856e-05 0.0
0.0195198 5.66375e-05 0.0
0.0195985 5.55996e-05 0.0
0.0196751 5.44801e-05 0.0
0.0197497 5.32841e-05 0.0
0.0198224 5.20164e-05 0.0
0.0198932 5.06835e-05 0.0
0.0199623 4.92918e-05 0.0
0.0200296 4.78458e-05 0.0
0.0200952 4.63506e-05 0.0
0.0201592 4.48122e-05 0.0
0.0202216 4.32355e-05 0.0
0.0202826 4.16251e-05 0.0
0.0203421 3.99859e-05 0.0
0.0204002 3.83228e-05 0.0
0.0204569 3.66402e-05 0.0
0.0205124 3.49423e-05 0.0
0.0205665 3.32335e-05 0.0
0.0206194 3.15182e-05 0.0
0.0206712 2.98e-05 0.0
0.0207217 2.80829e-05 0.0
0.0207712 2.63707e-05 0.0
0.0208195 2.4667e-05 0.0
0.0208668 2.29752e-05 0.0
0.0209131 2.12987e-05 0.0
0.0209583 1.96408e-05 0.0
0.0210026 1.80045e-05 0.0
0.021046 1.63928e-05 0.0
0.0210884 1.48087e-05 0.0
0.0211299 1.32548e-05 0.0
0.0211706 1.17339e-05 0.0
0.0212104 1.02484e-05 0.0
0.0212494 8.8008e-06 0.0
0.0212875 7.39341e-06 0.0
0.0213249 6.02842e-06 0.0
0.0213615 4.70796e-06 0.0
0.0213973 3.43404e-06 0.0
0.0214324 2.20855e-06 0.0
0.0214668 1.03331e-06 0.0
0.0215004 -8.99746e-08 0.0
0.0215334 -1.15969e-06 0.0
0.0215656 -2.17431e-06 0.0
0.0215972 -3.13242e-06 0.0
0.0216282 -4.03271e-06 0.0
0.0216584 -4.87394e-06 0.0
0.021688 -5.65496e-06 0.0
0.021717 -6.37481e-06 0.0
0.0217453 -7.03251e-06 0.0
0.021773 -7.62722e-06 0.0
0.0218001 -8.15826e-06 0.0
0.0218265 -8.62511e-06 0.0
0.0218523 -9.02711e-06 0.0
0.0218775 -9.36401e-06 0.0
0.021902 -9.63564e-06 0.0
0.0219259 -9.84193e-06 0.0
0.0219491 -9.98264e-06 0.0
0.0219716 -1.00585e-05 0.0
0.0219935 -1.00697e-05 0.0
0.0220146 -1.00169e-05 0.0
0.022035 -9.90068e-06 0.0
0.0220547 -9.72315e-06 0.0
0.0220735 -9.48444e-06 0.0
0.0220915 -9.18771e-06 0.0
0.0221086 -8.8336e-06 0.0
0.0221248 -8.42732e-06 0.0
0.0221399 -7.96861e-06 0.0
0.0221539 -7.46597e-06 0.0
0.0221667 -6.91877e-06 0.0
0.0221782 -6.34016e-06 0.0
0.0221883 -5.72739e-06 0.0
0.0221967 -5.10227e-06 0.0
0.0222033 -4.45822e-06 0.0
0.0222078 -3.82951e-06 0.0
0.0222101 -3.21987e-06 0.0
0.0222102 -2.89411e-06 0.0
0.0 0.0 0.0
0.0 0.0 0.0
0.0193163 1.88177e-06 0.0
0.0193237 6.25693e-06 0.0
0.0193363 9.50585e-06 0.0
0.0193537 1.30801e-05 0.0
0.0193781 1.77311e-05 0.0
0.0194084 2.00317e-05 0.0
0.0194419 2.25544e-05 0.0
0.0194814 2.81464e-05 0.0
0.0195266 3.04293e-05 0.0
0.0195739 3.03559e-05 0.0
0.0196246 3.55895e-05 0.0
0.0196809 3.97064e-05 0.0
0.0197385 3.7828e-05 0.0
0.019797 4.02872e-05 0.0
0.0198593 4.59632e-05 0.0
0.0199233 4.50734e-05 0.0
0.0199865 4.41911e-05 0.0
0.0200512 4.90164e-05 0.0
0.0201169 5.06225e-05 0.0
0.0201817 4.85427e-05 0.0
0.020246 5.06114e-05 0.0
0.0203102 5.36768e-05 0.0
0.0203731 5.27601e-05 0.0
0.0204348 5.25856e-05 0.0
0.0204952 5.50799e-05 0.0
0.0205536 5.58974e-05 0.0
0.0206101 5.52994e-05 0.0
0.020665 5.64389e-05 0.0
0.0207171 5.79652e-05 0.0
0.0207663 5.81871e-05 0.0
0.0208135 5.86406e-05 0.0
0.0208577 5.99338e-05 0.0
0.0208981 6.09363e-05 0.0
0.0209352 6.16836e-05 0.0
0.0209692 6.27642e-05 0.0
0.020999 6.40108e-05 0.0
0.0210241 6.54255e-05 0.0
0.0210449 6.69283e-05 0.0
0.0210611 6.83458e-05 0.0
0.0210716 7.02087e-05 0.0
0.021076 7.27762e-05 0.0
0.0210743 7.49436e-05 0.0
0.021066 7.7208e-05 0.0
0.0210496 8.09714e-05 0.0
0.0210244 8.52038e-05 0.0
0.0209904 8.84218e-05 0.0
0.0209465 9.35306e-05 0.0
0.0208897 0.000101067 0.0
0.0208198 0.000107796 0.0
0.0207368 0.000114598 0.0
0.0206365 0.000127229 0.0
0.0205149 0.000141526 0.0
0.0203734 0.000154656 0.0
0.0202083 0.000173705 0.0
0.0200096 0.000204088 0.0
0.0197757 0.000234155 0.0
0.019506 0.000271342 0.0
0.0191823 0.000328333 0.0
0.0187936 0.000408176 0.0
0.018341 0.000499895 0.0
0.0177867 0.000635678 0.0
0.0170974 0.000833406 0.0
0.0163048 0.00114048 0.0
0.0153306 0.00157754 0.0
0.0139645 0.0022372 0.0
0.012412 0.00348834 0.0
0.0109933 0.00498273 0.0
0.00935417 0.00560424 0.0
0.00711012 0.00496976 0.0
0.00335274 0.00185697 0.0
0.0 0.0 0.0
0.0 0.0 0.0
0.0 0.0 0.0
0.0 0.0 0.0
0.0 0.0 0.0
0.0 0.0 0.0
0.0 0.0 0.0
0.0 0.0 0.0
0.0 0.0 0.0
0.0 0.0 0.0
0.0 0.0 0.0
0.0 0.0 0.0
0.0 0.0 0.0
0.0 0.0 0.0
0.0 0.0 0.0
0.0 0.0 0.0
0.0 0.0 0.0
0.0 0.0 0.0
0.0 0.0 0.0
0.0 0.0 0.0
0.0 0.0 0.0
0.0 0.0 0.0
0.0 0.0 0.0
0.0 0.0 0.0
0.0 0.0 0.0
0.0 0.0 0.0
0.0 0.0 0.0
0.0 0.0 0.0
0.0 0.0 0.0
0.0 0.0 0.0
0.0 0.0 0.0
0.0 0.0 0.0
0.0 0.0 0.0
0.0 0.0 0.0
0.0 0.0 0.0
0.0 0.0 0.0
0.0 0.0 0.0
0.0 0.0 0.0
0.0 0.0 0.0
0.0 0.0 0.0
0.0 0.0 0.0
0.0 0.0 0.0
0.0 0.0 0.0
0.0 0.0 0.0
0.0 0.0 0.0
0.0 0.0 0.0
0.0 0.0 0.0
0.0 0.0 0.0
0.0 0.0 0.0
0.0 0.0 0.0
0.0 0.0 0.0
0.0 0.0 0.0
0.0 0.0 0.0
0.0 0.0 0.0
0.0 0.0 0.0
0.0 0.0 0.0
0.0 0.0 0.0
0.0 0.0 0.0
0.0 0.0 0.0
0.0 0.0 0.0
0.0 0.0 0.0
0.0 0.0 0.0
0.0 0.0 0.0
0.0 0.0 0.0
0.0 0.0 0.0
0.0 0.0 0.0
0.0 0.0 0.0
0.0 0.0 0.0
0.0 0.0 0.0
0.0 0.0 0.0
0.0 0.0 0.0
0.0 0.0 0.0
0.0 0.0 0.0
0.0 0.0 0.0
0.0 0.0 0.0
0.0 0.0 0.0
0.0 0.0 0.0
0.0 0.0 0.0
0.0 0.0 0.0
0.0 0.0 0.0
0.0 0.0 0.0
0.0 0.0 0.0
0.0 0.0 0.0
0.0 0.0 0.0
0.000304657 -0.000278262 0.0
0.000762889 -0.000216726 0.0
0.000992505 -0.000153321 0.0
0.0011908 -0.000185984 0.0
0.00156658 -0.00041678 0.0
0.00197116 -0.000715574 0.0
0.00238254 -0.000691734 0.0
0.00292622 -0.000548524 0.0
0.00348851 -0.000602148 0.0
0.00397277 -0.00103809 0.0
0.00439318 -0.0014558 0.0
0.00477554 -0.00174531 0.0
0.00519598 -0.00157417 0.0
0.00571528 -0.0014034 0.0
0.00627749 -0.00126847 0.0
0.00686264 -0.0011548 0.0
0.00743828 -0.00104515 0.0
0.00796885 -0.00095203 0.0
0.00847124 -0.000874216 0.0
0.0089704 -0.000809859 0.0
0.00945003 -0.000749011 0.0
0.00989829 -0.000693824 0.0
0.0103291 -0.000646612 0.0
0.0107487 -0.000604564 0.0
0.011148 -0.000563935 0.0
0.0115276 -0.000526972 0.0
0.0118948 -0.000494243 0.0
0.0122488 -0.000463431 0.0
0.0125861 -0.000433839 0.0
0.0129098 -0.000406914 0.0
0.0132227 -0.000382153 0.0
0.013523 -0.000358364 0.0
0.0138104 -0.000335854 0.0
0.0140873 -0.000315165 0.0
0.0143543 -0.000295649 0.0
0.0146104 -0.00027693 0.0
0.0148566 -0.000259387 0.0
0.0150939 -0.000243044 0.0
0.0153224 -0.000227475 0.0
0.015542 -0.000212676 0.0
0.0157535 -0.00019884 0.0
0.0159575 -0.000185825 0.0
0.0161539 -0.000173437 0.0
0.016343 -0.000161761 0.0
0.0165255 -0.000150832 0.0
0.0167014 -0.000140515 0.0
0.0168711 -0.000130756 0.0
0.0170348 -0.00012161 0.0
0.0171928 -0.000113042 0.0
0.0173455 -0.00010497 0.0
0.0174928 -9.73914e-05 0.0
0.0176352 -9.032e-05 0.0
0.0177729 -8.37067e-05 0.0
0.017906 -7.75129e-05 0.0
0.0180348 -7.17432e-05 0.0
0.0181594 -6.63846e-05 0.0
0.0182801 -6.1399e-05 0.0
0.0183969 -5.67701e-05 0.0
0.0185101 -5.24949e-05 0.0
0.0186198 -4.85521e-05 0.0
0.0187262 -4.49171e-05 0.0
0.0188294 -4.1581e-05 0.0
0.0189295 -3.85338e-05 0.0
0.0190267 -3.57553e-05 0.0
0.0191211 -3.32304e-05 0.0
0.0192128 -3.09506e-05 0.0
0.0193019 -2.89029e-05 0.0
0.0193885 -2.70718e-05 0.0
0.0194728 -2.54463e-05 0.0
0.0195547 -2.40173e-05 0.0
0.0196345 -2.27722e-05 0.0
0.0197121 -2.16991e-05 0.0
0.0197877 -2.07891e-05 0.0
0.0198614 -2.00326e-05 0.0
0.0199331 -1.94189e-05 0.0
0.0200031 -1.89386e-05 0.0
0.0200713 -1.85837e-05 0.0
0.0201378 -1.83451e-05 0.0
0.0202026 -1.8214e-05 0.0
0.0202659 -1.81828e-05 0.0
0.0203277 -1.82438e-05 0.0
0.020388 -1.83893e-05 0.0
0.0204469 -1.8612e-05 0.0
0.0205044 -1.89052e-05 0.0
0.0205606 -1.92621e-05 0.0
0.0206155 -1.96762e-05 0.0
0.0206692 -2.01412e-05 0.0
0.0207216 -2.06515e-05 0.0
0.0207729 -2.12011e-05 0.0
0.020823 -2.17844e-05 0.0
0.0208721 -2.23962e-05 0.0
0.02092 -2.30315e-05 0.0
0.020967 -2.36853e-05 0.0
0.0210129 -2.43528e-05 0.0
0.0210578 -2.50296e-05 0.0
0.0211018 -2.57114e-05 0.0
0.0211448 -2.63938e-05 0.0
0.021187 -2.7073e-05 0.0
0.0212282 -2.77451e-05 0.0
0.0212686 -2.84063e-05 0.0
0.0213081 -2.90531e-05 0.0
0.0213469 -2.96821e-05 0.0
0.0213848 -3.029e-05 0.0
0.0214219 -3.08735e-05 0.0
0.0214583 -3.14297e-05 0.0
0.0214939 -3.19556e-05 0.0
0.0215288 -3.24483e-05 0.0
0.021563 -3.29051e-05 0.0
0.0215964 -3.33233e-05 0.0
0.0216292 -3.37004e-05 0.0
0.0216613 -3.40339e-05 0.0
0.0216927 -3.43212e-05 0.0
0.0217235 -3.456e-05 0.0
0.0217536 -3.4748e-05 0.0
0.021783 -3.48829e-05 0.0
0.0218118 -3.49624e-05 0.0
0.02184 -3.49843e-05 0.0
0.0218676 -3.49462e-05 0.0
0.0218945 -3.4846e-05 0.0
0.0219208 -3.46814e-05 0.0
0.0219464 -3.445e-05 0.0
0.0219715 -3.41492e-05 0.0
0.0219959 -3.37771e-05 0.0
0.0220196 -3.33305e-05 0.0
0.0220427 -3.28069e-05 0.0
0.0220651 -3.22031e-05 0.0
0.0220869 -3.15167e-05 0.0
0.0221079 -3.0743e-05 0.0
0.0221282 -2.98793e-05 0.0
0.0221478 -2.89203e-05 0.0
0.0221665 -2.78627e-05 0.0
0.0221844 -2.66987e-05 0.0
0.0222014 -2.5425e-05 0.0
0.0222175 -2.40313e-05 0.0
0.0222325 -2.2513e-05 0.0
0.0222465 -2.08553e-05 0.0
0.0222592 -1.90533e-05 0.0
0.0222707 -1.70856e-05 0.0
0.0222806 -1.49456e-05 0.0
0.022289 -1.26021e-05 0.0
0.0222956 -1.00466e-05 0.0
0.0223001 -7.23352e-06 0.0
0.0223023 -4.20623e-06 0.0
0.0223025 -2.54476e-06 0.0
0.0 0.0 0.0
0.0 0.0 0.0
0.0193163 -1.06299e-06 0.0
0.0193237 -3.90453e-06 0.0
0.0193363 -5.61481e-06 0.0
0.0193537 -7.64404e-06 0.0
0.0193781 -1.07326e-05 0.0
0.0194084 -1.14513e-05 0.0
0.0194419 -1.23716e-05 0.0
0.0194815 -1.63332e-05 0.0
0.0195267 -1.6947e-05 0.0
0.019574 -1.5169e-05 0.0
0.0196247 -1.86584e-05 0.0
0.0196811 -2.09773e-05 0.0
0.0197387 -1.72414e-05 0.0
0.0197972 -1.7792e-05 0.0
0.0198596 -2.14933e-05 0.0
0.0199236 -1.8543e-05 0.0
0.0199869 -1.55235e-05 0.0
0.0200516 -1.81418e-05 0.0
0.0201173 -1.74294e-05 0.0
0.0201822 -1.29126e-05 0.0
0.0202466 -1.24586e-05 0.0
0.0203108 -1.28871e-05 0.0
0.0203737 -9.15292e-06 0.0
0.0204355 -6.03042e-06 0.0
0.020496 -5.46805e-06 0.0
0.0205544 -3.01096e-06 0.0
0.020611 1.1086e-06 0.0
0.0206661 3.60468e-06 0.0
0.0207182 5.93094e-06 0.0
0.0207675 9.9475e-06 0.0
0.0208149 1.39845e-05 0.0
0.0208594 1.73197e-05 0.0
0.0208996 2.14606e-05 0.0
0.0209371 2.63878e-05 0.0
0.0209716 3.11643e-05 0.0
0.0210013 3.61955e-05 0.0
0.0210263 4.20871e-05 0.0
0.0210482 4.83536e-05 0.0
0.0210648 5.49932e-05 0.0
0.0210748 6.24734e-05 0.0
0.0210801 7.07521e-05 0.0
0.0210801 7.95792e-05 0.0
0.0210714 8.96708e-05 0.0
0.0210548 0.000101042 0.0
0.0210327 0.000113369 0.0
0.0210001 0.000127203 0.0
0.0209544 0.000143818 0.0
0.0209007 0.000161967 0.0
0.0208366 0.000182105 0.0
0.0207523 0.000206683 0.0
0.0206518 0.000236213 0.0
0.0205414 0.000267258 0.0
0.0204059 0.000305644 0.0
0.0202364 0.000355585 0.0
0.0200501 0.00041184 0.0
0.0198403 0.000473412 0.0
0.0195727 0.000564545 0.0
0.0192568 0.000678971 0.0
0.0189166 0.000799536 0.0
0.0185076 0.000965787 0.0
0.0179866 0.00123845 0.0
0.0173929 0.00154099 0.0
0.0167321 0.00189693 0.0
0.0159323 0.00258226 0.0
0.014959 0.00356821 0.0
0.013988 0.00461648 0.0
0.0132412 0.0059689 0.0
0.0123494 0.00724599 0.0
0.0107533 0.00729671 0.0
0.00859862 0.00556845 0.0
0.00546081 0.00203054 0.0
0.00206838 0.000429738 0.0
0.0 0.0 0.0
0.0 0.0 0.0
0.0 0.0 0.0
0.0 0.0 0.0
0.0 0.0 0.0
0.0 0.0 0.0
0.0 0.0 0.0
0.0 0.0 0.0
0.0 0.0 0.0
0.0 0.0 0.0
0.0 0.0 0.0
0.0 0.0 0.0
0.0 0.0 0.0
0.0 0.0 0.0
0.0 0.0 0.0
0.0 0.0 0.0
0.0 0.0 0.0
0.0 0.0 0.0
0.0 0.0 0.0
0.0 0.0 0.0
0.0 0.0 0.0
0.0 0.0 0.0
0.0 0.0 0.0
0.0 0.0 0.0
0.0 0.0 0.0
0.0 0.0 0.0
0.0 0.0 0.0
0.0 0.0 0.0
0.0 0.0 0.0
0.0 0.0 0.0
0.0 0.0 0.0
0.0 0.0 0.0
0.0 0.0 0.0
0.0 0.0 0.0
0.0 0.0 0.0
0.0 0.0 0.0
0.0 0.0 0.0
0.0 0.0 0.0
0.0 0.0 0.0
0.0 0.0 0.0
0.0 0.0 0.0
0.0 0.0 0.0
0.0 0.0 0.0
0.0 0.0 0.0
0.0 0.0 0.0
0.0 0.0 0.0
0.0 0.0 0.0
0.0 0.0 0.0
0.0 0.0 0.0
0.0 0.0 0.0
0.0 0.0 0.0
0.0 0.0 0.0
0.0 0.0 0.0
0.0 0.0 0.0
0.0 0.0 0.0
0.0 0.0 0.0
0.0 0.0 0.0
0.0 0.0 0.0
0.0 0.0 0.0
0.0 0.0 0.0
0.0 0.0 0.0
0.0 0.0 0.0
0.0 0.0 0.0
0.0 0.0 0.0
0.0 0.0 0.0
0.0 0.0 0.0
0.0 0.0 0.0
0.0 0.0 0.0
0.0 0.0 0.0
0.0 0.0 0.0
0.0 0.0 0.0
0.0 0.0 0.0
0.0 0.0 0.0
0.0 0.0 0.0
0.0 0.0 0.0
0.0 0.0 0.0
0.0 0.0 0.0
0.000341837 -0.000290898 0.0
0.000841457 -0.000226563 0.0
0.00109134 -0.00015474 0.0
0.00129898 -0.000186066 0.0
0.00169301 -0.000433026 0.0
0.00212068 -0.000741086 0.0
0.00254821 -0.000702314 0.0
0.00308788 -0.000551303 0.0
0.0036174 -0.000559704 0.0
0.00404412 -0.000857669 0.0
0.00440312 -0.00105905 0.0
0.0047743 -0.00115962 0.0
0.00522384 -0.00109865 0.0
0.00576784 -0.00118388 0.0
0.0062512 -0.00144059 0.0
0.00655265 -0.00174431 0.0
0.00671416 -0.00194384 0.0
0.0069303 -0.00195418 0.0
0.00730134 -0.00191496 0.0
0.00774338 -0.00177229 0.0
0.00817545 -0.00164923 0.0
0.00859571 -0.00154195 0.0
0.0090378 -0.00144016 0.0
0.0094893 -0.00134472 0.0
0.00991665 -0.00126322 0.0
0.0103229 -0.00118549 0.0
0.0107265 -0.0011149 0.0
0.0111206 -0.00105215 0.0
0.0114944 -0.000993704 0.0
0.0118542 -0.000937672 0.0
0.0122058 -0.000887156 0.0
0.0125437 -0.000840586 0.0
0.0128663 -0.00079578 0.0
0.0131784 -0.00075353 0.0
0.0134806 -0.000714823 0.0
0.01377 -0.00067803 0.0
0.014048 -0.000642674 0.0
0.0143169 -0.000609603 0.0
0.0145758 -0.000578669 0.0
0.0148242 -0.000548962 0.0
0.0150636 -0.000520684 0.0
0.0152947 -0.000494184 0.0
0.0155169 -0.000469055 0.0
0.0157307 -0.000444978 0.0
0.0159369 -0.000422214 0.0
0.0161358 -0.000400763 0.0
0.0163272 -0.000380326 0.0
0.0165116 -0.000360865 0.0
0.0166897 -0.000342512 0.0
0.0168614 -0.000325147 0.0
0.0170269 -0.000308623 0.0
0.0171867 -0.000292977 0.0
0.017341 -0.000278226 0.0
0.01749 -0.000264255 0.0
0.0176338 -0.000251013 0.0
0.0177729 -0.000238524 0.0
0.0179073 -0.000226751 0.0
0.0180373 -0.00021562 0.0
0.018163 -0.000205118 0.0
0.0182847 -0.00019524 0.0
0.0184025 -0.000185941 0.0
0.0185166 -0.000177179 0.0
0.0186272 -0.000168948 0.0
0.0187344 -0.000161226 0.0
0.0188383 -0.000153976 0.0
0.0189391 -0.000147176 0.0
0.0190369 -0.000140813 0.0
0.0191319 -0.000134863 0.0
0.0192241 -0.000129299 0.0
0.0193137 -0.000124106 0.0
0.0194008 -0.000119268 0.0
0.0194854 -0.000114763 0.0
0.0195678 -0.000110572 0.0
0.0196479 -0.000106682 0.0
0.0197259 -0.000103076 0.0
0.0198018 -9.97373e-05 0.0
0.0198758 -9.66508e-05 0.0
0.0199478 -9.38039e-05 0.0
0.0200181 -9.11817e-05 0.0
0.0200865 -8.87704e-05 0.0
0.0201533 -8.65581e-05 0.0
0.0202184 -8.4533e-05 0.0
0.0202819 -8.26826e-05 0.0
0.0203439 -8.09956e-05 0.0
0.0204044 -7.94619e-05 0.0
0.0204635 -7.8071e-05 0.0
0.0205213 -7.68125e-05 0.0
0.0205777 -7.56772e-05 0.0
0.0206328 -7.46562e-05 0.0
0.0206866 -7.37405e-05 0.0
0.0207393 -7.29216e-05 0.0
0.0207907 -7.21918e-05 0.0
0.0208411 -7.15432e-05 0.0
0.0208903 -7.09684e-05 0.0
0.0209384 -7.04603e-05 0.0
0.0209855 -7.00123e-05 0.0
0.0210316 -6.96178e-05 0.0
0.0210768 -6.92704e-05 0.0
0.0211209 -6.89643e-05 0.0
0.0211642 -6.86937e-05 0.0
0.0212065 -6.84531e-05 0.0
0.0212479 -6.82372e-05 0.0
0.0212885 -6.80409e-05 0.0
0.0213282 -6.78593e-05 0.0
0.0213671 -6.76878e-05 0.0
0.0214053 -6.75217e-05 0.0
0.0214426 -6.73567e-05 0.0
0.0214792 -6.71887e-05 0.0
0.021515 -6.70134e-05 0.0
0.0215501 -6.6827e-05 0.0
0.0215845 -6.66257e-05 0.0
0.0216182 -6.64056e-05 0.0
0.0216512 -6.61631e-05 0.0
0.0216835 -6.58948e-05 0.0
0.0217151 -6.5597e-05 0.0
0.0217461 -6.52663e-05 0.0
0.0217765 -6.48993e-05 0.0
0.0218062 -6.44926e-05 0.0
0.0218353 -6.40427e-05 0.0
0.0218638 -6.35465e-05 0.0
0.0218916 -6.3e-05 0.0
0.0219189 -6.24001e-05 0.0
0.0219455 -6.17429e-05 0.0
0.0219716 -6.10249e-05 0.0
0.021997 -6.02416e-05 0.0
0.0220218 -5.93897e-05 0.0
0.022046 -5.84641e-05 0.0
0.0220696 -5.74607e-05 0.0
0.0220926 -5.63734e-05 0.0
0.0221149 -5.51982e-05 0.0
0.0221366 -5.39273e-05 0.0
0.0221576 -5.25557e-05 0.0
0.022178 -5.10738e-05 0.0
0.0221976 -4.94763e-05 0.0
0.0222165 -4.77492e-05 0.0
0.0222346 -4.58866e-05 0.0
0.022252 -4.38704e-05 0.0
0.0222684 -4.16932e-05 0.0
0.0222839 -3.93286e-05 0.0
0.0222985 -3.6769e-05 0.0
0.0223119 -3.39766e-05 0.0
0.0223242 -3.09421e-05 0.0
0.0223353 -2.76101e-05 0.0
0.0223449 -2.39709e-05 0.0
0.0223529 -1.99416e-05 0.0
0.0223592 -1.55117e-05 0.0
0.0223636 -1.0558e-05 0.0
0.0223657 -5.15941e-06 0.0
0.0223658 -2.18649e-06 0.0
0.0 0.0 0.0
0.0 0.0 0.0
0.0193176 -4.0005e-06 0.0
0.0193228 -1.37331e-05 0.0
0.0193358 -2.1584e-05 0.0
0.0193556 -2.80978e-05 0.0
0.0193785 -3.70418e-05 0.0
0.0194081 -4.47943e-05 0.0
0.019445 -4.97172e-05 0.0
0.0194843 -5.68694e-05 0.0
0.019527 -6.36997e-05 0.0
0.0195775 -6.64749e-05 0.0
0.0196306 -7.09555e-05 0.0
0.0196836 -7.67925e-05 0.0
0.0197421 -7.76363e-05 0.0
0.0198046 -7.87739e-05 0.0
0.0198656 -8.29152e-05 0.0
0.0199283 -8.30613e-05 0.0
0.0199943 -8.10598e-05 0.0
0.0200599 -8.25004e-05 0.0
0.0201245 -8.2343e-05 0.0
0.0201902 -7.87713e-05 0.0
0.0202558 -7.69488e-05 0.0
0.0203201 -7.59169e-05 0.0
0.0203834 -7.19403e-05 0.0
0.0204455 -6.77084e-05 0.0
0.0205063 -6.48009e-05 0.0
0.0205657 -6.06143e-05 0.0
0.0206228 -5.50468e-05 0.0
0.0206773 -5.01136e-05 0.0
0.0207303 -4.4973e-05 0.0
0.020781 -3.86408e-05 0.0
0.0208279 -3.19827e-05 0.0
0.0208721 -2.52846e-05 0.0
0.0209142 -1.78146e-05 0.0
0.0209523 -9.70217e-06 0.0
0.0209861 -1.07495e-06 0.0
0.0210168 8.2498e-06 0.0
0.0210437 1.82452e-05 0.0
0.0210653 2.90413e-05 0.0
0.0210819 4.11171e-05 0.0
0.0210942 5.40175e-05 0.0
0.0211006 6.77931e-05 0.0
0.0211002 8.34695e-05 0.0
0.0210935 0.000101055 0.0
0.0210799 0.000119469 0.0
0.0210576 0.000140281 0.0
0.0210264 0.000164679 0.0
0.020986 0.000191267 0.0
0.0209345 0.000219979 0.0
0.0208704 0.000254736 0.0
0.0207932 0.000294673 0.0
0.0207014 0.000338296 0.0
0.0205913 0.000389185 0.0
0.0204613 0.000452013 0.0
0.0203118 0.000522876 0.0
0.020137 0.000606149 0.0
0.0199284 0.000708101 0.0
0.0196895 0.00083283 0.0
0.0194225 0.000982842 0.0
0.0191008 0.00117289 0.0
0.0187129 0.00140447 0.0
0.0183009 0.00170773 0.0
0.0178507 0.00211384 0.0
0.0172569 0.00261596 0.0
0.0166046 0.00329934 0.0
0.0160946 0.00428047 0.0
0.0155594 0.00537601 0.0
0.0149068 0.00658162 0.0
0.0146199 0.00788031 0.0
0.0144877 0.0083531 0.0
0.0133457 0.00756353 0.0
0.0108703 0.00590498 0.0
0.00785083 0.00330223 0.0
0.00492234 0.00150075 0.0
0.00209519 0.000418019 0.0
0.0 0.0 0.0
0.0 0.0 0.0
0.0 0.0 0.0
0.0 0.0 0.0
0.0 0.0 0.0
0.0 0.0 0.0
0.0 0.0 0.0
0.0 0.0 0.0
0.0 0.0 0.0
0.0 0.0 0.0
0.0 0.0 0.0
0.0 0.0 0.0
0.0 0.0 0.0
0.0 0.0 0.0
0.0 0.0 0.0
0.0 0.0 0.0
0.0 0.0 0.0
0.0 0.0 0.0
0.0 0.0 0.0
0.0 0.0 0.0
0.0 0.0 0.0
0.0 0.0 0.0
0.0 0.0 0.0
0.0 0.0 0.0
0.0 0.0 0.0
0.0 0.0 0.0
0.0 0.0 0.0
0.0 0.0 0.0
0.0 0.0 0.0
0.0 0.0 0.0
0.0 0.0 0.0
0.0 0.0 0.0
0.0 0.0 0.0
0.0 0.0 0.0
0.0 0.0 0.0
0.0 0.0 0.0
0.0 0.0 0.0
0.0 0.0 0.0
0.0 0.0 0.0
0.0 0.0 0.0
0.0 0.0 0.0
0.0 0.0 0.0
0.0 0.0 0.0
0.0 0.0 0.0
0.0 0.0 0.0
0.0 0.0 0.0
0.0 0.0 0.0
0.0 0.0 0.0
0.0 0.0 0.0
0.0 0.0 0.0
0.0 0.0 0.0
0.0 0.0 0.0
0.0 0.0 0.0
0.0 0.0 0.0
0.0 0.0 0.0
0.0 0.0 0.0
0.0 0.0 0.0
0.0 0.0 0.0
0.0 0.0 0.0
0.0 0.0 0.0
0.0 0.0 0.0
0.0 0.0 0.0
0.0 0.0 0.0
0.0 0.0 0.0
0.0 0.0 0.0
0.0 0.0 0.0
0.0 0.0 0.0
0.0 0.0 0.0
0.0 0.0 0.0
0.0 0.0 0.0
0.00040327 -0.000317345 0.0
0.000960286 -0.000237744 0.0
0.00122932 -0.000156403 0.0
0.00145507 -0.00019259 0.0
0.00188463 -0.00046337 0.0
0.00234529 -0.000795109 0.0
0.00280165 -0.000750977 0.0
0.00338015 -0.000582332 0.0
0.00394566 -0.000579501 0.0
0.00438642 -0.000889508 0.0
0.00474564 -0.00109527 0.0
0.0051282 -0.0011832 0.0
0.00558128 -0.00108673 0.0
0.00609199 -0.00109565 0.0
0.00654336 -0.00120577 0.0
0.0068741 -0.00138377 0.0
0.0071623 -0.00147105 0.0
0.00751142 -0.0015357 0.0
0.00790545 -0.00166839 0.0
0.00829235 -0.00178816 0.0
0.00858959 -0.00201699 0.0
0.00881579 -0.00213091 0.0
0.00904377 -0.00222018 0.0
0.00926021 -0.00221785 0.0
0.00951027 -0.00212165 0.0
0.00981897 -0.00203174 0.0
0.0101609 -0.0019344 0.0
0.0105124 -0.00183606 0.0
0.0108604 -0.00173678 0.0
0.0112047 -0.00164599 0.0
0.011552 -0.0015622 0.0
0.011897 -0.00148413 0.0
0.0122289 -0.00140773 0.0
0.0125502 -0.00133712 0.0
0.0128666 -0.00127247 0.0
0.0131742 -0.00121088 0.0
0.0134691 -0.00115119 0.0
0.0137547 -0.00109597 0.0
0.0140327 -0.00104435 0.0
0.0143005 -0.000994515 0.0
0.0145578 -0.000946874 0.0
0.014807 -0.000902496 0.0
0.0150479 -0.000860268 0.0
0.0152794 -0.000819555 0.0
0.0155024 -0.000780989 0.0
0.0157181 -0.000744696 0.0
0.0159259 -0.000709907 0.0
0.0161258 -0.000676608 0.0
0.0163187 -0.00064515 0.0
0.0165049 -0.000615311 0.0
0.0166842 -0.000586725 0.0
0.016857 -0.000559541 0.0
0.0170239 -0.000533834 0.0
0.0171849 -0.000509365 0.0
0.0173402 -0.000486019 0.0
0.01749 -0.000463903 0.0
0.0176348 -0.000442954 0.0
0.0177745 -0.000423018 0.0
0.0179095 -0.000404083 0.0
0.01804 -0.000386175 0.0
0.0181662 -0.000369202 0.0
0.0182881 -0.000353088 0.0
0.0184061 -0.000337836 0.0
0.0185204 -0.000323422 0.0
0.018631 -0.000309773 0.0
0.0187381 -0.000296852 0.0
0.0188418 -0.000284654 0.0
0.0189425 -0.000273135 0.0
0.0190401 -0.000262248 0.0
0.0191347 -0.000251972 0.0
0.0192266 -0.000242287 0.0
0.0193158 -0.000233154 0.0
0.0194025 -0.000224543 0.0
0.0194867 -0.000216435 0.0
0.0195686 -0.000208806 0.0
0.0196482 -0.000201625 0.0
0.0197256 -0.000194871 0.0
0.019801 -0.000188525 0.0
0.0198744 -0.000182564 0.0
0.0199459 -0.000176965 0.0
0.0200155 -0.000171711 0.0
0.0200834 -0.000166783 0.0
0.0201496 -0.000162162 0.0
0.0202141 -0.000157831 0.0
0.0202771 -0.000153774 0.0
0.0203385 -0.000149975 0.0
0.0203985 -0.000146418 0.0
0.020457 -0.000143089 0.0
0.0205142 -0.000139975 0.0
0.02057 -0.000137062 0.0
0.0206246 -0.000134337 0.0
0.0206779 -0.000131788 0.0
0.0207301 -0.000129405 0.0
0.0207811 -0.000127174 0.0
0.0208309 -0.000125086 0.0
0.0208797 -0.000123132 0.0
0.0209274 -0.0001213 0.0
0.020974 -0.000119582 0.0
0.0210197 -0.000117969 0.0
0.0210644 -0.000116452 0.0
0.0211082 -0.000115024 0.0
0.0211511 -0.000113676 0.0
0.021193 -0.000112401 0.0
0.0212341 -0.000111192 0.0
0.0212744 -0.000110042 0.0
0.0213138 -0.000108945 0.0
0.0213524 -0.000107894 0.0
0.0213903 -0.000106883 0.0
0.0214273 -0.000105906 0.0
0.0214637 -0.000104958 0.0
0.0214992 -0.000104034 0.0
0.0215341 -0.000103127 0.0
0.0215683 -0.000102234 0.0
0.0216018 -0.000101349 0.0
0.0216346 -0.000100467 0.0
0.0216668 -9.95839e-05 0.0
0.0216983 -9.86951e-05 0.0
0.0217292 -9.77961e-05 0.0
0.0217595 -9.68824e-05 0.0
0.0217891 -9.59497e-05 0.0
0.0218182 -9.49937e-05 0.0
0.0218466 -9.401e-05 0.0
0.0218745 -9.29944e-05 0.0
0.0219018 -9.19422e-05 0.0
0.0219285 -9.08493e-05 0.0
0.0219546 -8.97107e-05 0.0
0.0219802 -8.85221e-05 0.0
0.0220052 -8.7278e-05 0.0
0.0220296 -8.59738e-05 0.0
0.0220535 -8.46032e-05 0.0
0.0220768 -8.31615e-05 0.0
0.0220996 -8.16411e-05 0.0
0.0221217 -8.00365e-05 0.0
0.0221433 -7.83388e-05 0.0
0.0221643 -7.65418e-05 0.0
0.0221846 -7.46337e-05 0.0
0.0222044 -7.26076e-05 0.0
0.0222235 -7.04485e-05 0.0
0.0222419 -6.81482e-05 0.0
0.0222596 -6.56859e-05 0.0
0.0222766 -6.30525e-05 0.0
0.0222929 -6.02196e-05 0.0
0.0223083 -5.71761e-05 0.0
0.0223228 -5.38815e-05 0.0
0.0223364 -5.03241e-05 0.0
0.022349 -4.64447e-05 0.0
0.0223605 -4.22302e-05 0.0
0.0223708 -3.75936e-05 0.0
0.0223798 -3.25217e-05 0.0
0.0223873 -2.68835e-05 0.0
0.0223931 -2.06675e-05 0.0
0.0223972 -1.36778e-05 0.0
0.0223991 -6.02696e-06 0.0
0.0223992 -1.80895e-06 0.0
0.0 0.0 0.0
0.0 0.0 0.0
0.0193182 -8.52887e-06 0.0
0.0193245 -2.22507e-05 0.0
0.0193356 -3.73077e-05 0.0
0.0193555 -5.10953e-05 0.0
0.0193813 -6.31052e-05 0.0
0.0194105 -7.76431e-05 0.0
0.0194462 -9.02023e-05 0.0
0.0194886 -9.76432e-05 0.0
0.0195333 -0.000108886 0.0
0.0195823 -0.000121447 0.0
0.0196365 -0.000125002 0.0
0.019693 -0.000129654 0.0
0.0197516 -0.000140493 0.0
0.0198136 -0.000143616 0.0
0.019877 -0.000141714 0.0
0.0199415 -0.000147389 0.0
0.0200075 -0.000151039 0.0
0.0200738 -0.000146517 0.0
0.0201401 -0.000145253 0.0
0.020207 -0.00014745 0.0
0.0202729 -0.000143277 0.0
0.0203378 -0.000137286 0.0
0.0204024 -0.000135342 0.0
0.0204657 -0.000131689 0.0
0.0205266 -0.000123985 0.0
0.0205866 -0.000117794 0.0
0.020645 -0.000112645 0.0
0.0207004 -0.000104748 0.0
0.0207536 -9.57258e-05 0.0
0.020805 -8.78266e-05 0.0
0.0208532 -7.89729e-05 0.0
0.0208981 -6.8378e-05 0.0
0.0209405 -5.75729e-05 0.0
0.0209797 -4.65318e-05 0.0
0.0210146 -3.40778e-05 0.0
0.0210461 -2.05921e-05 0.0
0.0210738 -6.38043e-06 0.0
0.0210965 9.06305e-06 0.0
0.0211145 2.59512e-05 0.0
0.0211282 4.41029e-05 0.0
0.0211358 6.41069e-05 0.0
0.0211366 8.60631e-05 0.0
0.0211324 0.000109872 0.0
0.0211213 0.000136184 0.0
0.0211003 0.000166055 0.0
0.0210719 0.00019867 0.0
0.0210365 0.000234536 0.0
0.0209882 0.000275927 0.0
0.0209267 0.00032354 0.0
0.0208571 0.000374913 0.0
0.0207738 0.000434071 0.0
0.0206686 0.000505842 0.0
0.0205484 0.000587026 0.0
0.0204157 0.000674908 0.0
0.0202546 0.000786443 0.0
0.0200633 0.000924695 0.0
0.0198537 0.00107349 0.0
0.019617 0.00124838 0.0
0.019337 0.00149729 0.0
0.0190203 0.00178923 0.0
0.0186703 0.00209747 0.0
0.0182937 0.00254202 0.0
0.017891 0.00316992 0.0
0.0174486 0.00382648 0.0
0.0170556 0.00463771 0.0
0.01683 0.00578448 0.0
0.0166487 0.00695049 0.0
0.0164578 0.0079475 0.0
0.0164066 0.0086379 0.0
0.0163162 0.0084749 0.0
0.0156429 0.00781368 0.0
0.0135609 0.00637876 0.0
0.0104587 0.00495397 0.0
0.00764527 0.00295833 0.0
0.00506406 0.00150541 0.0
0.00217106 0.000555753 0.0
0.0 0.0 0.0
0.0 0.0 0.0
0.0 0.0 0.0
0.0 0.0 0.0
0.0 0.0 0.0
0.0 0.0 0.0
0.0 0.0 0.0
0.0 0.0 0.0
0.0 0.0 0.0
0.0 0.0 0.0
0.0 0.0 0.0
0.0 0.0 0.0
0.0 0.0 0.0
0.0 0.0 0.0
0.0 0.0 0.0
0.0 0.0 0.0
0.0 0.0 0.0
0.0 0.0 0.0
0.0 0.0 0.0
0.0 0.0 0.0
0.0 0.0 0.0
0.0 0.0 0.0
0.0 0.0 0.0
0.0 0.0 0.0
0.0 0.0 0.0
0.0 0.0 0.0
0.0 0.0 0.0
0.0 0.0 0.0
0.0 0.0 0.0
0.0 0.0 0.0
0.0 0.0 0.0
0.0 0.0 0.0
0.0 0.0 0.0
0.0 0.0 0.0
0.0 0.0 0.0
0.0 0.0 0.0
0.0 0.0 0.0
0.0 0.0 0.0
0.0 0.0 0.0
0.0 0.0 0.0
0.0 0.0 0.0
0.0 0.0 0.0
0.0 0.0 0.0
0.0 0.0 0.0
0.0 0.0 0.0
0.0 0.0 0.0
0.0 0.0 0.0
0.0 0.0 0.0
0.0 0.0 0.0
0.0 0.0 0.0
0.0 0.0 0.0
0.0 0.0 0.0
0.0 0.0 0.0
0.0 0.0 0.0
0.0 0.0 0.0
0.0 0.0 0.0
0.0 0.0 0.0
0.0 0.0 0.0
0.0 0.0 0.0
0.0 0.0 0.0
0.0 0.0 0.0
0.000419061 -0.000329912 0.0
0.000999395 -0.000249953 0.0
0.00128026 -0.000159641 0.0
0.00144567 -0.000148787 0.0
0.00163248 -0.000173219 0.0
0.00187557 -0.000201041 0.0
0.00227846 -0.000474219 0.0
0.00272139 -0.000868232 0.0
0.00321227 -0.000819252 0.0
0.00383578 -0.000614768 0.0
0.00442242 -0.000606239 0.0
0.00487834 -0.000950161 0.0
0.00525269 -0.00116979 0.0
0.00564512 -0.00125441 0.0
0.00610629 -0.00114463 0.0
0.00663483 -0.00114194 0.0
0.00710451 -0.00124219 0.0
0.00743372 -0.00141731 0.0
0.00770619 -0.00148799 0.0
0.00804559 -0.00150751 0.0
0.00844142 -0.0015738 0.0
0.00885606 -0.0015878 0.0
0.00922162 -0.00172668 0.0
0.00954912 -0.00180388 0.0
0.00989529 -0.00190115 0.0
0.0102039 -0.00200385 0.0
0.0104814 -0.00209248 0.0
0.0107266 -0.00224764 0.0
0.010937 -0.00234471 0.0
0.0111188 -0.00240812 0.0
0.0112798 -0.00239941 0.0
0.0114739 -0.00237927 0.0
0.0117071 -0.00232164 0.0
0.0119572 -0.00222546 0.0
0.0122095 -0.00213707 0.0
0.0124727 -0.00205088 0.0
0.0127535 -0.00196077 0.0
0.0130352 -0.00187127 0.0
0.0133055 -0.00178835 0.0
0.0135742 -0.00170781 0.0
0.0138459 -0.00163084 0.0
0.0141098 -0.00155748 0.0
0.0143627 -0.00148744 0.0
0.0146115 -0.00142034 0.0
0.0148559 -0.001357 0.0
0.0150907 -0.00129628 0.0
0.0153169 -0.00123805 0.0
0.0155379 -0.00118271 0.0
0.015752 -0.00113017 0.0
0.0159573 -0.00107964 0.0
0.0161559 -0.00103139 0.0
0.0163486 -0.00098559 0.0
0.0165342 -0.000941861 0.0
0.0167127 -0.000899919 0.0
0.0168854 -0.000860019 0.0
0.0170523 -0.000822077 0.0
0.0172129 -0.000785803 0.0
0.0173677 -0.000751166 0.0
0.0175174 -0.000718271 0.0
0.0176619 -0.000686948 0.0
0.017801 -0.000657054 0.0
0.0179354 -0.000628615 0.0
0.0180654 -0.000601615 0.0
0.0181908 -0.000575911 0.0
0.0183118 -0.000551449 0.0
0.0184289 -0.000528232 0.0
0.0185422 -0.000506196 0.0
0.0186516 -0.000485247 0.0
0.0187575 -0.000465362 0.0
0.01886 -0.000446516 0.0
0.0189593 -0.00042864 0.0
0.0190554 -0.000411679 0.0
0.0191485 -0.000395612 0.0
0.0192389 -0.000380399 0.0
0.0193265 -0.000365984 0.0
0.0194115 -0.000352334 0.0
0.019494 -0.000339421 0.0
0.0195742 -0.000327205 0.0
0.019652 -0.000315645 0.0
0.0197277 -0.000304716 0.0
0.0198014 -0.000294387 0.0
0.019873 -0.000284624 0.0
0.0199427 -0.000275398 0.0
0.0200106 -0.000266685 0.0
0.0200767 -0.000258456 0.0
0.0201411 -0.000250685 0.0
0.0202039 -0.000243347 0.0
0.0202651 -0.000236422 0.0
0.0203248 -0.000229886 0.0
0.0203831 -0.000223716 0.0
0.02044 -0.000217893 0.0
0.0204955 -0.000212399 0.0
0.0205498 -0.000207212 0.0
0.0206028 -0.000202317 0.0
0.0206546 -0.000197696 0.0
0.0207052 -0.000193333 0.0
0.0207547 -0.000189212 0.0
0.0208032 -0.000185319 0.0
0.0208505 -0.00018164 0.0
0.0208969 -0.000178161 0.0
0.0209422 -0.000174868 0.0
0.0209866 -0.000171751 0.0
0.0210301 -0.000168798 0.0
0.0210726 -0.000165996 0.0
0.0211143 -0.000163336 0.0
0.0211551 -0.000160807 0.0
0.0211951 -0.0001584 0.0
0.0212342 -0.000156105 0.0
0.0212726 -0.000153913 0.0
0.0213102 -0.000151817 0.0
0.0213471 -0.000149807 0.0
0.0213832 -0.000147877 0.0
0.0214186 -0.000146018 0.0
0.0214534 -0.000144223 0.0
0.0214874 -0.000142486 0.0
0.0215208 -0.0001408 0.0
0.0215535 -0.000139159 0.0
0.0215856 -0.000137556 0.0
0.021617 -0.000135985 0.0
0.0216479 -0.000134441 0.0
0.0216781 -0.000132919 0.0
0.0217078 -0.000131411 0.0
0.0217369 -0.000129915 0.0
0.0217654 -0.000128423 0.0
0.0217933 -0.000126931 0.0
0.0218207 -0.000125434 0.0
0.0218476 -0.000123926 0.0
0.0218739 -0.000122403 0.0
0.0218997 -0.00012086 0.0
0.021925 -0.000119291 0.0
0.0219497 -0.00011769 0.0
0.021974 -0.000116053 0.0
0.0219977 -0.000114374 0.0
0.0220209 -0.000112646 0.0
0.0220436 -0.000110865 0.0
0.0220658 -0.000109023 0.0
0.0220875 -0.000107113 0.0
0.0221087 -0.000105128 0.0
0.0221294 -0.000103059 0.0
0.0221495 -0.0001009 0.0
0.0221691 -9.86377e-05 0.0
0.0221882 -9.62647e-05 0.0
0.0222067 -9.37659e-05 0.0
0.0222246 -9.11323e-05 0.0
0.022242 -8.83436e-05 0.0
0.0222587 -8.53891e-05 0.0
0.0222748 -8.22421e-05 0.0
0.0222902 -7.88904e-05 0.0
0.0223049 -7.52954e-05 0.0
0.0223189 -7.14438e-05 0.0
0.0223321 -6.72819e-05 0.0
0.0223444 -6.27937e-05 0.0
0.0223557 -5.79011e-05 0.0
0.0223661 -5.25878e-05 0.0
0.0223754 -4.67382e-05 0.0
0.0223834 -4.0336e-05 0.0
0.0223901 -3.32078e-05 0.0
0.0223953 -2.53412e-05 0.0
0.0223989 -1.64765e-05 0.0
0.0224006 -6.75984e-06 0.0
0.0224005 -1.40245e-06 0.0
0.0 0.0 0.0
0.0 0.0 0.0
0.0193149 -1.31772e-05 0.0
0.0193234 -3.12783e-05 0.0
0.0193371 -5.18952e-05 0.0
0.0193558 -7.52411e-05 0.0
0.019383 -9.27834e-05 0.0
0.0194154 -0.000108245 0.0
0.0194502 -0.000128739 0.0
0.0194936 -0.000145573 0.0
0.0195428 -0.000155709 0.0
0.0195918 -0.000169956 0.0
0.0196456 -0.000184007 0.0
0.0197067 -0.000190395 0.0
0.0197672 -0.000197498 0.0
0.0198281 -0.000206911 0.0
0.0198944 -0.0002102 0.0
0.019962 -0.000211755 0.0
0.0200277 -0.000215346 0.0
0.0200954 -0.000215968 0.0
0.0201642 -0.000213488 0.0
0.0202318 -0.000212035 0.0
0.0202988 -0.000209434 0.0
0.0203655 -0.000204445 0.0
0.0204308 -0.000198985 0.0
0.0204953 -0.000193281 0.0
0.0205581 -0.000185961 0.0
0.0206184 -0.000177838 0.0
0.0206774 -0.000169171 0.0
0.020735 -0.000159574 0.0
0.0207892 -0.000149064 0.0
0.0208404 -0.000137916 0.0
0.0208903 -0.000125754 0.0
0.0209372 -0.000112766 0.0
0.0209796 -9.89283e-05 0.0
0.0210194 -8.39793e-05 0.0
0.0210567 -6.78868e-05 0.0
0.0210893 -5.08084e-05 0.0
0.0211172 -3.2237e-05 0.0
0.021142 -1.21506e-05 0.0
0.0211622 9.35909e-06 0.0
0.0211763 3.27901e-05 0.0
0.0211856 5.86091e-05 0.0
0.02119 8.63654e-05 0.0
0.0211872 0.000116789 0.0
0.0211773 0.000150796 0.0
0.0211612 0.000188136 0.0
0.0211371 0.000228855 0.0
0.0211027 0.000275177 0.0
0.0210598 0.000327054 0.0
0.0210077 0.000384364 0.0
0.0209424 0.000449548 0.0
0.020863 0.00052487 0.0
0.020773 0.000608735 0.0
0.0206686 0.000705893 0.0
0.0205417 0.000820095 0.0
0.0203964 0.00095013 0.0
0.0202411 0.001101 0.0
0.0200604 0.00128738 0.0
0.0198396 0.00150227 0.0
0.0196072 0.00175093 0.0
0.0193798 0.00206896 0.0
0.0190977 0.00245677 0.0
0.0187632 0.00289689 0.0
0.0185039 0.00346263 0.0
0.0183002 0.00416542 0.0
0.0180064 0.00495398 0.0
0.017813 0.00589771 0.0
0.01795 0.00690735 0.0
0.0181705 0.00783097 0.0
0.0182532 0.00871474 0.0
0.0181616 0.00889135 0.0
0.0177729 0.00843626 0.0
0.0171953 0.00810947 0.0
0.0161382 0.00719219 0.0
0.0138324 0.00578478 0.0
0.0108378 0.00487416 0.0
0.0081166 0.00312968 0.0
0.00569983 0.00145808 0.0
0.00357074 0.000306153 0.0
0.00163447 0.000307824 0.0
0.0 0.0 0.0
0.0 0.0 0.0
0.0 0.0 0.0
0.0 0.0 0.0
0.0 0.0 0.0
0.0 0.0 0.0
0.0 0.0 0.0
0.0 0.0 0.0
0.0 0.0 0.0
0.0 0.0 0.0
0.0 0.0 0.0
0.0 0.0 0.0
0.0 0.0 0.0
0.0 0.0 0.0
0.0 0.0 0.0
0.0 0.0 0.0
0.0 0.0 0.0
0.0 0.0 0.0
0.0 0.0 0.0
0.0 0.0 0.0
0.0 0.0 0.0
0.0 0.0 0.0
0.0 0.0 0.0
0.0 0.0 0.0
0.0 0.0 0.0
0.0 0.0 0.0
0.0 0.0 0.0
0.0 0.0 0.0
0.0 0.0 0.0
0.0 0.0 0.0
0.0 0.0 0.0
0.0 0.0 0.0
0.0 0.0 0.0
0.0 0.0 0.0
0.0 0.0 0.0
0.0 0.0 0.0
0.0 0.0 0.0
0.0 0.0 0.0
0.0 0.0 0.0
0.0 0.0 0.0
0.0 0.0 0.0
0.0 0.0 0.0
0.0 0.0 0.0
0.0 0.0 0.0
0.0 0.0 0.0
0.0 0.0 0.0
0.0 0.0 0.0
0.0 0.0 0.0
0.0 0.0 0.0
0.0 0.0 0.0
0.0 0.0 0.0
0.0 0.0 0.0
0.000477599 -0.000362286 0.0
0.00112255 -0.000262008 0.0
0.00142425 -0.000162247 0.0
0.00159808 -0.000156878 0.0
0.00187757 -0.000237238 0.0
0.00235151 -0.000500214 0.0
0.00279961 -0.000888183 0.0
0.00327945 -0.000850679 0.0
0.00392162 -0.000602782 0.0
0.00447521 -0.000480724 0.0
0.00488609 -0.000502759 0.0
0.00531383 -0.000559275 0.0
0.00573505 -0.000938914 0.0
0.00608067 -0.00121323 0.0
0.00642727 -0.00132657 0.0
0.00687247 -0.00119492 0.0
0.00741453 -0.00118842 0.0
0.00788607 -0.00129969 0.0
0.00819996 -0.00148706 0.0
0.00846243 -0.00155627 0.0
0.00880013 -0.00157058 0.0
0.00919275 -0.00163092 0.0
0.00961005 -0.00163035 0.0
0.00998221 -0.0017585 0.0
0.0103058 -0.00181293 0.0
0.0106445 -0.00186722 0.0
0.0109624 -0.0019208 0.0
0.0112789 -0.00195476 0.0
0.0115946 -0.0020383 0.0
0.0118841 -0.00210961 0.0
0.0121529 -0.002189 0.0
0.0124062 -0.00226533 0.0
0.0126522 -0.00236378 0.0
0.0128741 -0.00244917 0.0
0.0130526 -0.00252607 0.0
0.0132018 -0.00256797 0.0
0.0133598 -0.00257295 0.0
0.0135214 -0.00256318 0.0
0.0136734 -0.00251122 0.0
0.0138424 -0.00244341 0.0
0.0140366 -0.00237049 0.0
0.0142418 -0.00228707 0.0
0.0144467 -0.00220132 0.0
0.0146532 -0.0021153 0.0
0.0148657 -0.00203097 0.0
0.0150809 -0.00194854 0.0
0.0152914 -0.00186842 0.0
0.0154968 -0.00178953 0.0
0.0157011 -0.00171441 0.0
0.0159025 -0.00164265 0.0
0.0160971 -0.00157281 0.0
0.016286 -0.00150516 0.0
0.0164711 -0.00144122 0.0
0.0166509 -0.00137988 0.0
0.016824 -0.00132036 0.0
0.0169918 -0.00126344 0.0
0.0171548 -0.00120949 0.0
0.0173121 -0.00115753 0.0
0.0174636 -0.00110752 0.0
0.0176103 -0.00105997 0.0
0.0177521 -0.00101468 0.0
0.0178886 -0.000971137 0.0
0.0180203 -0.000929528 0.0
0.0181476 -0.00089001 0.0
0.0182705 -0.000852279 0.0
0.0183889 -0.000816152 0.0
0.0185033 -0.000781791 0.0
0.0186138 -0.000749136 0.0
0.0187204 -0.000717967 0.0
0.0188234 -0.000688258 0.0
0.0189229 -0.000660059 0.0
0.0190192 -0.000633248 0.0
0.0191122 -0.000607709 0.0
0.0192021 -0.000583446 0.0
0.0192893 -0.000560433 0.0
0.0193736 -0.000538561 0.0
0.0194552 -0.000517777 0.0
0.0195344 -0.000498071 0.0
0.0196112 -0.000479385 0.0
0.0196856 -0.000461645 0.0
0.0197578 -0.000444821 0.0
0.019828 -0.000428884 0.0
0.0198962 -0.000413778 0.0
0.0199624 -0.000399455 0.0
0.0200268 -0.000385889 0.0
0.0200895 -0.000373043 0.0
0.0201505 -0.000360873 0.0
0.0202099 -0.000349345 0.0
0.0202678 -0.000338433 0.0
0.0203242 -0.000328101 0.0
0.0203792 -0.000318317 0.0
0.0204329 -0.000309053 0.0
0.0204853 -0.000300285 0.0
0.0205364 -0.000291982 0.0
0.0205863 -0.000284119 0.0
0.0206351 -0.000276674 0.0
0.0206828 -0.000269624 0.0
0.0207294 -0.000262944 0.0
0.020775 -0.000256614 0.0
0.0208196 -0.000250616 0.0
0.0208632 -0.00024493 0.0
0.0209059 -0.000239536 0.0
0.0209477 -0.000234418 0.0
0.0209887 -0.00022956 0.0
0.0210288 -0.000224945 0.0
0.0210681 -0.000220559 0.0
0.0211066 -0.000216387 0.0
0.0211443 -0.000212416 0.0
0.0211813 -0.000208633 0.0
0.0212175 -0.000205024 0.0
0.0212531 -0.00020158 0.0
0.0212879 -0.000198287 0.0
0.0213221 -0.000195137 0.0
0.0213556 -0.000192117 0.0
0.0213885 -0.000189219 0.0
0.0214208 -0.000186433 0.0
0.0214525 -0.000183751 0.0
0.0214835 -0.000181163 0.0
0.021514 -0.000178661 0.0
0.0215439 -0.000176239 0.0
0.0215733 -0.000173887 0.0
0.0216021 -0.0001716 0.0
0.0216304 -0.000169369 0.0
0.0216581 -0.000167189 0.0
0.0216853 -0.000165052 0.0
0.0217121 -0.000162953 0.0
0.0217383 -0.000160884 0.0
0.021764 -0.000158841 0.0
0.0217893 -0.000156817 0.0
0.021814 -0.000154806 0.0
0.0218383 -0.000152803 0.0
0.0218622 -0.000150801 0.0
0.0218856 -0.000148796 0.0
0.0219085 -0.000146781 0.0
0.021931 -0.00014475 0.0
0.021953 -0.000142698 0.0
0.0219746 -0.000140619 0.0
0.0219958 -0.000138506 0.0
0.0220165 -0.000136352 0.0
0.0220368 -0.000134151 0.0
0.0220566 -0.000131896 0.0
0.0220761 -0.000129579 0.0
0.022095 -0.000127191 0.0
0.0221135 -0.000124724 0.0
0.0221316 -0.000122168 0.0
0.0221492 -0.000119514 0.0
0.0221664 -0.000116748 0.0
0.0221831 -0.000113859 0.0
0.0221992 -0.00011083 0.0
0.0222149 -0.00010765 0.0
0.0222301 -0.000104294 0.0
0.0222447 -0.00010075 0.0
0.0222587 -9.69845e-05 0.0
0.0222722 -9.29826e-05 0.0
0.022285 -8.86982e-05 0.0
0.0222972 -8.41152e-05 0.0
0.0223086 -7.91678e-05 0.0
0.0223193 -7.3837e-05 0.0
0.0223292 -6.80288e-05 0.0
0.0223381 -6.17234e-05 0.0
0.0223461 -5.4781e-05 0.0
0.022353 -4.7183e-05 0.0
0.0223587 -3.87208e-05 0.0
0.0223631 -2.93808e-05 0.0
0.0223661 -1.88519e-05 0.0
0.0223674 -7.31504e-06 0.0
0.0223673 -9.58475e-07 0.0
0.0 0.0 0.0
0.0 0.0 0.0
0.0193154 -1.48728e-05 0.0
0.0193231 -4.41565e-05 0.0
0.0193394 -7.03951e-05 0.0
0.0193588 -9.5677e-05 0.0
0.0193832 -0.000123406 0.0
0.0194192 -0.000146132 0.0
0.0194598 -0.000166458 0.0
0.0195009 -0.000191271 0.0
0.0195498 -0.000209481 0.0
0.019606 -0.000221335 0.0
0.0196621 -0.000239981 0.0
0.0197211 -0.00025552 0.0
0.0197855 -0.000259387 0.0
0.0198516 -0.000268446 0.0
0.019918 -0.000280349 0.0
0.0199862 -0.000280954 0.0
0.0200558 -0.000279941 0.0
0.0201261 -0.000285578 0.0
0.0201958 -0.000285075 0.0
0.0202648 -0.000278371 0.0
0.0203342 -0.000275759 0.0
0.0204032 -0.000273383 0.0
0.0204695 -0.000264584 0.0
0.0205347 -0.000255701 0.0
0.0205998 -0.000249031 0.0
0.0206624 -0.000239353 0.0
0.0207218 -0.000226834 0.0
0.02078 -0.000215527 0.0
0.0208367 -0.00020358 0.0
0.0208896 -0.000189052 0.0
0.0209395 -0.00017375 0.0
0.0209877 -0.000158407 0.0
0.0210325 -0.000141302 0.0
0.0210734 -0.000122638 0.0
0.0211111 -0.000103134 0.0
0.0211454 -8.22289e-05 0.0
0.0211755 -5.94197e-05 0.0
0.0212013 -3.51037e-05 0.0
0.0212228 -8.80216e-06 0.0
0.0212393 1.98707e-05 0.0
0.0212508 5.07846e-05 0.0
0.0212571 8.43146e-05 0.0
0.0212568 0.000121578 0.0
0.02125 0.000162233 0.0
0.0212376 0.000206325 0.0
0.021217 0.000255609 0.0
0.0211871 0.000311356 0.0
0.0211499 0.0003719 0.0
0.0211042 0.000438944 0.0
0.0210458 0.000516898 0.0
0.0209763 0.000605406 0.0
0.0208973 0.000700735 0.0
0.0208039 0.000811663 0.0
0.0206948 0.00094585 0.0
0.0205727 0.00109416 0.0
0.0204341 0.00125618 0.0
0.0202791 0.0014621 0.0
0.0201127 0.00171027 0.0
0.0199231 0.00197105 0.0
0.0197163 0.00228454 0.0
0.0195248 0.0027061 0.0
0.0193289 0.00316774 0.0
0.0191047 0.00366717 0.0
0.0189505 0.00433391 0.0
0.0189093 0.00510391 0.0
0.0188903 0.00588497 0.0
0.0189304 0.00677711 0.0
0.019161 0.00761421 0.0
0.0195748 0.00833185 0.0
0.0199395 0.00890852 0.0
0.0198537 0.00896172 0.0
0.0194356 0.00874265 0.0
0.0188689 0.00813414 0.0
0.0180464 0.00770254 0.0
0.0168878 0.0069542 0.0
0.0149608 0.00559814 0.0
0.012519 0.00428781 0.0
0.00982873 0.00267395 0.0
0.00751766 0.00244263 0.0
0.00554486 0.00111889 0.0
0.00380697 0.000134726 0.0
0.00271546 5.94902e-05 0.0
0.00141069 0.000212792 0.0
0.0 0.0 0.0
0.0 0.0 0.0
0.0 0.0 0.0
0.0 0.0 0.0
0.0 0.0 0.0
0.0 0.0 0.0
0.0 0.0 0.0
0.0 0.0 0.0
0.0 0.0 0.0
0.0 0.0 0.0
0.0 0.0 0.0
0.0 0.0 0.0
0.0 0.0 0.0
0.0 0.0 0.0
0.0 0.0 0.0
0.0 0.0 0.0
0.0 0.0 0.0
0.0 0.0 0.0
0.0 0.0 0.0
0.0 0.0 0.0
0.0 0.0 0.0
0.0 0.0 0.0
0.0 0.0 0.0
0.0 0.0 0.0
0.0 0.0 0.0
0.0 0.0 0.0
0.0 0.0 0.0
0.0 0.0 0.0
0.0 0.0 0.0
0.0 0.0 0.0
0.0 0.0 0.0
0.0 0.0 0.0
0.0 0.0 0.0
0.0 0.0 0.0
0.0 0.0 0.0
0.0 0.0 0.0
0.0 0.0 0.0
0.0 0.0 0.0
0.0 0.0 0.0
0.0 0.0 0.0
0.0 0.0 0.0
0.000540136 -0.000393277 0.0
0.0012591 -0.000291799 0.0
0.00159845 -0.000174525 0.0
0.00178535 -0.000159426 0.0
0.00199373 -0.000189536 0.0
0.00227335 -0.000222642 0.0
0.00272288 -0.000525907 0.0
0.0031935 -0.00098639 0.0
0.00372944 -0.000928191 0.0
0.00442301 -0.000629214 0.0
0.00501163 -0.000554075 0.0
0.00549601 -0.000636783 0.0
0.00592177 -0.00100032 0.0
0.00630698 -0.00124762 0.0
0.0066762 -0.00136324 0.0
0.00707243 -0.00113845 0.0
0.00755698 -0.000981679 0.0
0.00807645 -0.000993389 0.0
0.00860229 -0.00108168 0.0
0.00905026 -0.00125267 0.0
0.00931791 -0.00147869 0.0
0.00951915 -0.00157941 0.0
0.00982517 -0.00161282 0.0
0.0102105 -0.00168291 0.0
0.0106186 -0.00167623 0.0
0.0109744 -0.00181588 0.0
0.0112841 -0.00187473 0.0
0.011616 -0.00192509 0.0
0.0119246 -0.00197124 0.0
0.012229 -0.00199624 0.0
0.012537 -0.00206491 0.0
0.0128252 -0.00211513 0.0
0.0130984 -0.00216601 0.0
0.0133665 -0.00220106 0.0
0.0136401 -0.00226742 0.0
0.013912 -0.00231847 0.0
0.0141674 -0.00237599 0.0
0.014398 -0.00243601 0.0
0.0146199 -0.00249844 0.0
0.0148219 -0.002574 0.0
0.0149903 -0.00262452 0.0
0.0151343 -0.00267285 0.0
0.0152666 -0.00270498 0.0
0.0153925 -0.00271853 0.0
0.0155084 -0.00269231 0.0
0.0156262 -0.00265044 0.0
0.0157558 -0.0026064 0.0
0.0158932 -0.00253823 0.0
0.0160348 -0.00245723 0.0
0.0161798 -0.00237982 0.0
0.0163324 -0.0022998 0.0
0.0164911 -0.00221525 0.0
0.0166473 -0.0021312 0.0
0.0168005 -0.00205033 0.0
0.0169562 -0.0019703 0.0
0.0171121 -0.00189181 0.0
0.0172622 -0.00181547 0.0
0.0174083 -0.00174182 0.0
0.0175537 -0.00167055 0.0
0.0176955 -0.00160171 0.0
0.0178315 -0.00153511 0.0
0.0179638 -0.00147117 0.0
0.0180934 -0.00140979 0.0
0.0182182 -0.0013507 0.0
0.0183381 -0.00129385 0.0
0.0184547 -0.00123951 0.0
0.0185677 -0.00118747 0.0
0.0186762 -0.0011375 0.0
0.0187807 -0.00108969 0.0
0.018882 -0.00104409 0.0
0.0189797 -0.00100048 0.0
0.0190737 -0.000958763 0.0
0.0191644 -0.000918993 0.0
0.0192521 -0.000881109 0.0
0.0193366 -0.000844938 0.0
0.0194181 -0.000810458 0.0
0.0194969 -0.000777664 0.0
0.0195731 -0.000746451 0.0
0.0196466 -0.000716717 0.0
0.0197177 -0.000688448 0.0
0.0197865 -0.000661595 0.0
0.0198531 -0.000636063 0.0
0.0199175 -0.000611793 0.0
0.0199799 -0.000588759 0.0
0.0200405 -0.000566894 0.0
0.0200992 -0.000546129 0.0
0.0201562 -0.000526423 0.0
0.0202116 -0.000507737 0.0
0.0202654 -0.00049001 0.0
0.0203176 -0.000473191 0.0
0.0203685 -0.000457247 0.0
0.0204181 -0.000442133 0.0
0.0204663 -0.000427801 0.0
0.0205133 -0.000414213 0.0
0.0205592 -0.000401335 0.0
0.0206039 -0.000389128 0.0
0.0206476 -0.000377554 0.0
0.0206903 -0.000366582 0.0
0.0207319 -0.000356181 0.0
0.0207727 -0.000346319 0.0
0.0208125 -0.000336966 0.0
0.0208515 -0.000328095 0.0
0.0208897 -0.00031968 0.0
0.020927 -0.000311693 0.0
0.0209636 -0.000304112 0.0
0.0209995 -0.000296914 0.0
0.0210346 -0.000290077 0.0
0.021069 -0.000283579 0.0
0.0211028 -0.0002774 0.0
0.0211359 -0.000271523 0.0
0.0211685 -0.000265928 0.0
0.0212004 -0.000260599 0.0
0.0212317 -0.00025552 0.0
0.0212624 -0.000250674 0.0
0.0212926 -0.000246048 0.0
0.0213222 -0.000241627 0.0
0.0213513 -0.000237398 0.0
0.0213799 -0.000233348 0.0
0.021408 -0.000229465 0.0
0.0214356 -0.000225738 0.0
0.0214627 -0.000222156 0.0
0.0214893 -0.000218708 0.0
0.0215155 -0.000215384 0.0
0.0215412 -0.000212175 0.0
0.0215665 -0.000209071 0.0
0.0215914 -0.000206065 0.0
0.0216158 -0.000203147 0.0
0.0216398 -0.00020031 0.0
0.0216633 -0.000197545 0.0
0.0216865 -0.000194846 0.0
0.0217093 -0.000192205 0.0
0.0217316 -0.000189615 0.0
0.0217536 -0.00018707 0.0
0.0217752 -0.000184562 0.0
0.0217964 -0.000182086 0.0
0.0218173 -0.000179635 0.0
0.0218377 -0.000177203 0.0
0.0218578 -0.000174783 0.0
0.0218776 -0.00017237 0.0
0.021897 -0.000169957 0.0
0.021916 -0.000167537 0.0
0.0219346 -0.000165105 0.0
0.0219529 -0.000162654 0.0
0.0219709 -0.000160177 0.0
0.0219885 -0.000157667 0.0
0.0220057 -0.000155117 0.0
0.0220226 -0.00015252 0.0
0.0220392 -0.000149866 0.0
0.0220553 -0.000147148 0.0
0.0220711 -0.000144356 0.0
0.0220866 -0.00014148 0.0
0.0221017 -0.000138508 0.0
0.0221163 -0.000135431 0.0
0.0221306 -0.000132232 0.0
0.0221445 -0.0001289 0.0
0.022158 -0.000125413 0.0
0.0221711 -0.00012176 0.0
0.0221837 -0.000117912 0.0
0.0221959 -0.000113855 0.0
0.0222076 -0.00010955 0.0
0.0222187 -0.00010498 0.0
0.0222293 -0.000100094 0.0
0.0222394 -9.48712e-05 0.0
0.0222488 -8.9237e-05 0.0
0.0222576 -8.31705e-05 0.0
0.0222657 -7.6564e-05 0.0
0.022273 -6.93944e-05 0.0
0.0222795 -6.15042e-05 0.0
0.0222851 -5.28723e-05 0.0
0.0222897 -4.32629e-05 0.0
0.0222932 -3.26615e-05 0.0
0.0222955 -2.07204e-05 0.0
0.0222964 -7.65762e-06 0.0
0.0222962 -4.69937e-07 0.0
0.0 0.0 0.0
0.0 0.0 0.0
0.019317 -1.77736e-05 0.0
0.0193225 -5.60234e-05 0.0
0.019337 -9.03863e-05 0.0
0.019362 -0.000118069 0.0
0.0193901 -0.000151835 0.0
0.0194236 -0.000187619 0.0
0.019467 -0.000210592 0.0
0.0195142 -0.000232932 0.0
0.0195635 -0.000263611 0.0
0.0196215 -0.00028422 0.0
0.0196829 -0.000295331 0.0
0.0197439 -0.00031503 0.0
0.0198102 -0.000331549 0.0
0.0198805 -0.000336548 0.0
0.0199492 -0.000343656 0.0
0.0200197 -0.000353352 0.0
0.0200928 -0.000354709 0.0
0.0201649 -0.000353278 0.0
0.0202366 -0.000354024 0.0
0.0203091 -0.000352133 0.0
0.0203801 -0.000345714 0.0
0.02045 -0.000339328 0.0
0.0205198 -0.000332541 0.0
0.0205872 -0.000323306 0.0
0.0206523 -0.000312054 0.0
0.0207171 -0.000300508 0.0
0.0207796 -0.000287903 0.0
0.0208383 -0.000273658 0.0
0.0208956 -0.000257982 0.0
0.0209514 -0.000241629 0.0
0.021003 -0.000224112 0.0
0.0210512 -0.000205056 0.0
0.0210978 -0.000184574 0.0
0.021141 -0.000163043 0.0
0.0211794 -0.000139906 0.0
0.0212148 -0.000114944 0.0
0.0212472 -8.82398e-05 0.0
0.0212744 -5.96621e-05 0.0
0.021297 -2.8683e-05 0.0
0.0213161 4.66651e-06 0.0
0.0213299 4.08211e-05 0.0
0.0213375 8.02838e-05 0.0
0.0213404 0.000123159 0.0
0.0213378 0.000169802 0.0
0.0213275 0.000221656 0.0
0.0213103 0.000278571 0.0
0.0212875 0.000340723 0.0
0.0212561 0.000410491 0.0
0.0212141 0.000489148 0.0
0.021165 0.000574814 0.0
0.0211085 0.000671504 0.0
0.0210384 0.000783796 0.0
0.020955 0.000908192 0.0
0.0208663 0.00104561 0.0
0.0207687 0.00121069 0.0
0.0206491 0.00140088 0.0
0.0205163 0.00160668 0.0
0.0203926 0.00185123 0.0
0.0202583 0.00215184 0.0
0.0200886 0.00248028 0.0
0.0199363 0.00285216 0.0
0.0198404 0.0033143 0.0
0.019726 0.00384028 0.0
0.0196038 0.00442154 0.0
0.0196123 0.00508026 0.0
0.0197388 0.0057863 0.0
0.0199032 0.00658964 0.0
0.0201541 0.00737355 0.0
0.020464 0.00793417 0.0
0.020849 0.00853352 0.0
0.0212788 0.00893865 0.0
0.021442 0.00894784 0.0
0.021162 0.00878083 0.0
0.0206781 0.00851213 0.0
0.0200694 0.00781378 0.0
0.0193044 0.00722768 0.0
0.0182422 0.00602348 0.0
0.0164984 0.00519541 0.0
0.0144912 0.00450267 0.0
0.0126136 0.00320757 0.0
0.0106261 0.00185132 0.0
0.0086176 0.00178279 0.0
0.00701362 0.00179058 0.0
0.00543095 0.000976257 0.0
0.00394806 0.000148306 0.0
0.00321185 -0.000144966 0.0
0.00290654 -0.000194707 0.0
0.00245449 -2.30369e-05 0.0
0.00130525 0.000264906 0.0
0.0 0.0 0.0
0.0 0.0 0.0
0.0 0.0 0.0
0.0 0.0 0.0
0.0 0.0 0.0
0.0 0.0 0.0
0.0 0.0 0.0
0.0 0.0 0.0
0.0 0.0 0.0
0.0 0.0 0.0
0.0 0.0 0.0
0.0 0.0 0.0
0.0 0.0 0.0
0.0 0.0 0.0
0.0 0.0 0.0
0.0 0.0 0.0
0.0 0.0 0.0
0.0 0.0 0.0
0.0 0.0 0.0
0.0 0.0 0.0
0.0 0.0 0.0
0.0 0.0 0.0
0.0 0.0 0.0
0.0 0.0 0.0
0.0 0.0 0.0
0.000590143 -0.00044169 0.0
0.00137185 -0.000320196 0.0
0.0017285 -0.000199367 0.0
0.00192309 -0.000181764 0.0
0.00214554 -0.00021596 0.0
0.00234238 -0.0001736 0.0
0.00246028 -0.000148863 0.0
0.00255875 -0.000152105 0.0
0.00276302 -0.000221707 0.0
0.00321777 -0.000570718 0.0
0.00368961 -0.00106537 0.0
0.00421417 -0.00100811 0.0
0.00493607 -0.000686082 0.0
0.0055535 -0.000529634 0.0
0.00599057 -0.000546008 0.0
0.00642708 -0.000604238 0.0
0.00685934 -0.00102525 0.0
0.00721319 -0.00132956 0.0
0.00753253 -0.00146576 0.0
0.0079404 -0.0011935 0.0
0.00848184 -0.00113873 0.0
0.00903124 -0.0011702 0.0
0.00948328 -0.00133208 0.0
0.00976246 -0.00153057 0.0
0.00995962 -0.00159511 0.0
0.0102484 -0.00154723 0.0
0.0106803 -0.0014948 0.0
0.0111516 -0.00146107 0.0
0.011554 -0.00153521 0.0
0.0119279 -0.00160221 0.0
0.0122692 -0.00178531 0.0
0.012573 -0.00186278 0.0
0.0128769 -0.0019363 0.0
0.0131444 -0.00200021 0.0
0.0134268 -0.0020297 0.0
0.0137244 -0.00210538 0.0
0.0139921 -0.00215891 0.0
0.0142423 -0.0022099 0.0
0.0144984 -0.00224013 0.0
0.014764 -0.00230129 0.0
0.0150245 -0.00233817 0.0
0.0152738 -0.00237801 0.0
0.0155085 -0.00242294 0.0
0.0157449 -0.00245892 0.0
0.015971 -0.00250631 0.0
0.0161735 -0.00254488 0.0
0.0163685 -0.00259298 0.0
0.0165592 -0.00264183 0.0
0.0167347 -0.0026888 0.0
0.0168865 -0.00272924 0.0
0.0170204 -0.00277368 0.0
0.0171454 -0.00280421 0.0
0.0172559 -0.00281724 0.0
0.0173429 -0.00281715 0.0
0.0174255 -0.00279512 0.0
0.0175183 -0.00276317 0.0
0.0176079 -0.00271209 0.0
0.0176925 -0.00264815 0.0
0.0177854 -0.00258129 0.0
0.0178878 -0.00250679 0.0
0.0179915 -0.00242566 0.0
0.0180931 -0.00234482 0.0
0.0181975 -0.00226341 0.0
0.0183062 -0.00218122 0.0
0.018414 -0.00209991 0.0
0.018518 -0.00202029 0.0
0.0186216 -0.00194172 0.0
0.0187256 -0.00186547 0.0
0.0188265 -0.00179147 0.0
0.0189235 -0.00171927 0.0
0.0190189 -0.00164931 0.0
0.0191125 -0.00158223 0.0
0.0192023 -0.00151732 0.0
0.0192887 -0.0014545 0.0
0.019373 -0.00139429 0.0
0.0194545 -0.00133665 0.0
0.0195325 -0.00128106 0.0
0.0196078 -0.0012277 0.0
0.0196807 -0.00117681 0.0
0.0197508 -0.00112809 0.0
0.019818 -0.00108134 0.0
0.0198829 -0.00103673 0.0
0.0199456 -0.00099424 0.0
0.0200058 -0.00095362 0.0
0.0200637 -0.000914828 0.0
0.0201196 -0.000877941 0.0
0.0201736 -0.000842821 0.0
0.0202255 -0.000809329 0.0
0.0202757 -0.000777465 0.0
0.0203242 -0.000747207 0.0
0.020371 -0.000718423 0.0
0.0204163 -0.000691043 0.0
0.0204602 -0.000665054 0.0
0.0205027 -0.000640389 0.0
0.0205439 -0.000616951 0.0
0.0205839 -0.000594703 0.0
0.0206227 -0.000573607 0.0
0.0206604 -0.000553591 0.0
0.0206971 -0.000534594 0.0
0.0207328 -0.000516581 0.0
0.0207677 -0.000499506 0.0
0.0208016 -0.000483309 0.0
0.0208347 -0.000467948 0.0
0.0208671 -0.000453387 0.0
0.0208987 -0.000439582 0.0
0.0209296 -0.000426487 0.0
0.0209598 -0.000414069 0.0
0.0209894 -0.000402293 0.0
0.0210185 -0.000391122 0.0
0.0210469 -0.000380522 0.0
0.0210748 -0.000370463 0.0
0.0211022 -0.000360916 0.0
0.0211291 -0.00035185 0.0
0.0211555 -0.000343238 0.0
0.0211814 -0.000335055 0.0
0.0212069 -0.000327277 0.0
0.021232 -0.000319878 0.0
0.0212567 -0.000312838 0.0
0.0212809 -0.000306135 0.0
0.0213048 -0.000299749 0.0
0.0213283 -0.000293661 0.0
0.0213514 -0.000287852 0.0
0.0213742 -0.000282306 0.0
0.0213966 -0.000277006 0.0
0.0214187 -0.000271936 0.0
0.0214405 -0.000267082 0.0
0.0214619 -0.00026243 0.0
0.021483 -0.000257967 0.0
0.0215038 -0.000253679 0.0
0.0215243 -0.000249555 0.0
0.0215445 -0.000245583 0.0
0.0215644 -0.000241753 0.0
0.0215839 -0.000238054 0.0
0.0216032 -0.000234475 0.0
0.0216223 -0.000231009 0.0
0.021641 -0.000227645 0.0
0.0216594 -0.000224374 0.0
0.0216776 -0.00022119 0.0
0.0216955 -0.000218082 0.0
0.0217131 -0.000215045 0.0
0.0217305 -0.00021207 0.0
0.0217476 -0.00020915 0.0
0.0217644 -0.000206278 0.0
0.0217809 -0.000203447 0.0
0.0217972 -0.000200651 0.0
0.0218133 -0.000197883 0.0
0.021829 -0.000195135 0.0
0.0218445 -0.000192403 0.0
0.0218598 -0.000189679 0.0
0.0218748 -0.000186956 0.0
0.0218895 -0.000184228 0.0
0.021904 -0.000181488 0.0
0.0219182 -0.00017873 0.0
0.0219322 -0.000175945 0.0
0.0219459 -0.000173127 0.0
0.0219593 -0.000170267 0.0
0.0219724 -0.000167357 0.0
0.0219853 -0.000164388 0.0
0.021998 -0.000161352 0.0
0.0220103 -0.000158237 0.0
0.0220223 -0.000155033 0.0
0.0220341 -0.000151726 0.0
0.0220456 -0.000148305 0.0
0.0220567 -0.000144753 0.0
0.0220676 -0.000141058 0.0
0.0220781 -0.000137195 0.0
0.0220883 -0.000133152 0.0
0.0220981 -0.000128896 0.0
0.0221076 -0.000124412 0.0
0.0221166 -0.000119658 0.0
0.0221253 -0.000114615 0.0
0.0221335 -0.000109225 0.0
0.0221412 -0.000103466 0.0
0.0221485 -9.72582e-05 0.0
0.0221552 -9.05767e-05 0.0
0.0221613 -8.33045e-05 0.0
0.0221669 -7.54165e-05 0.0
0.0221717 -6.6743e-05 0.0
0.0221758 -5.726e-05 0.0
0.0221792 -4.67142e-05 0.0
0.0221817 -3.50905e-05 0.0
0.0221832 -2.20199e-05 0.0
0.0221837 -7.76129e-06 0.0
0.0221834 6.8477e-08 0.0
0.0 0.0 0.0
0.0 0.0 0.0
0.0193172 -2.65198e-05 0.0
0.0193269 -6.35946e-05 0.0
0.0193379 -0.00010638 0.0
0.0193621 -0.000151001 0.0
0.0193977 -0.000185291 0.0
0.0194325 -0.000220977 0.0
0.0194731 -0.000260225 0.0
0.0195281 -0.000287757 0.0
0.0195843 -0.000313235 0.0
0.0196393 -0.000344971 0.0
0.019704 -0.000363981 0.0
0.0197745 -0.000377553 0.0
0.0198423 -0.0003988 0.0
0.0199126 -0.000411959 0.0
0.0199875 -0.000414519 0.0
0.020063 -0.000423674 0.0
0.0201374 -0.000430982 0.0
0.0202121 -0.000427771 0.0
0.0202877 -0.000425058 0.0
0.0203635 -0.000425615 0.0
0.0204369 -0.000419038 0.0
0.0205086 -0.000409023 0.0
0.0205807 -0.000401503 0.0
0.0206516 -0.000391992 0.0
0.0207186 -0.000377773 0.0
0.0207838 -0.000363936 0.0
0.0208489 -0.000349994 0.0
0.0209108 -0.000333051 0.0
0.0209686 -0.000314431 0.0
0.0210248 -0.000295887 0.0
0.0210793 -0.000275444 0.0
0.0211296 -0.000252972 0.0
0.0211761 -0.000229584 0.0
0.0212204 -0.000204822 0.0
0.0212615 -0.000177771 0.0
0.021298 -0.000149139 0.0
0.0213306 -0.000118714 0.0
0.02136 -8.57366e-05 0.0
0.0213849 -5.02612e-05 0.0
0.0214049 -1.24554e-05 0.0
0.0214203 2.87606e-05 0.0
0.0214309 7.36498e-05 0.0
0.0214363 0.000121934 0.0
0.0214359 0.000174489 0.0
0.0214294 0.000232903 0.0
0.0214171 0.000296613 0.0
0.0213983 0.000365712 0.0
0.0213718 0.000443017 0.0
0.0213383 0.000530262 0.0
0.0212977 0.000624912 0.0
0.0212477 0.000729458 0.0
0.02119 0.000850902 0.0
0.0211257 0.000987726 0.0
0.0210494 0.00113458 0.0
0.0209634 0.00130461 0.0
0.0208779 0.0015077 0.0
0.0207826 0.00172812 0.0
0.0206688 0.00196987 0.0
0.0205664 0.00226856 0.0
0.0204834 0.00261061 0.0
0.0203778 0.00296991 0.0
0.0202783 0.00339878 0.0
0.0202558 0.00390281 0.0
0.0202734 0.00442753 0.0
0.0202915 0.00502347 0.0
0.0203914 0.00567595 0.0
0.0206272 0.00629664 0.0
0.0209749 0.00699032 0.0
0.0213485 0.00764682 0.0
0.0217152 0.00813926 0.0
0.0221252 0.00850502 0.0
0.022509 0.00879095 0.0
0.0227756 0.00891915 0.0
0.0228374 0.00873318 0.0
0.0225986 0.00838009 0.0
0.0221795 0.00804621 0.0
0.0214214 0.00709428 0.0
0.0204132 0.00662623 0.0
0.0195916 0.00580073 0.0
0.0185249 0.00465749 0.0
0.016978 0.00388483 0.0
0.0153143 0.00362402 0.0
0.0137688 0.00318305 0.0
0.0124764 0.00259908 0.0
0.0112525 0.00129531 0.0
0.0100231 0.000767726 0.0
0.00880886 0.000628633 0.0
0.0075048 0.00115144 0.0
0.00644079 0.00155903 0.0
0.0053599 0.000813091 0.0
0.00427092 8.58234e-05 0.0
0.00375789 -0.000116171 0.0
0.00358422 -0.000165514 0.0
0.00347946 -0.000183254 0.0
0.00336949 -0.000154564 0.0
0.00327145 -0.000182192 0.0
0.00321418 -0.000184436 0.0
0.00316832 -0.000185903 0.0
0.00312847 -0.000180973 0.0
0.0030999 -0.000187499 0.0
0.00308269 -0.000184385 0.0
0.00306929 -0.000182536 0.0
0.00306138 -0.000179784 0.0
0.00305919 -0.000178279 0.0
0.00306225 -0.000175879 0.0
0.00306953 -0.000171663 0.0
0.00308056 -0.000167492 0.0
0.00309322 -0.000162471 0.0
0.00311631 -0.000166239 0.0
0.00314392 -0.000151444 0.0
0.00316291 -0.000144534 0.0
0.00318098 -0.000144846 0.0
0.00331267 -0.000215314 0.0
0.0037265 -0.000604763 0.0
0.00417342 -0.00115464 0.0
0.00468531 -0.00107285 0.0
0.0054 -0.000714172 0.0
0.00598096 -0.000547741 0.0
0.00636372 -0.000518454 0.0
0.00670459 -0.000442499 0.0
0.00705688 -0.000372968 0.0
0.00737365 -0.000399359 0.0
0.00770868 -0.000513743 0.0
0.00802194 -0.00101658 0.0
0.00828746 -0.00136411 0.0
0.00855955 -0.00151737 0.0
0.00889572 -0.00124046 0.0
0.00936013 -0.00104912 0.0
0.00987623 -0.00104689 0.0
0.0103977 -0.00113082 0.0
0.0108251 -0.00132154 0.0
0.0110484 -0.00155151 0.0
0.0111838 -0.00166161 0.0
0.0114552 -0.00161675 0.0
0.0118636 -0.00163269 0.0
0.0122684 -0.0016331 0.0
0.01265 -0.00167914 0.0
0.012963 -0.0018291 0.0
0.0132395 -0.00185011 0.0
0.0135418 -0.0018864 0.0
0.0138442 -0.00189183 0.0
0.0141819 -0.00185372 0.0
0.0145296 -0.00189449 0.0
0.0148575 -0.0019512 0.0
0.0151487 -0.00205387 0.0
0.0153956 -0.00212936 0.0
0.0156276 -0.00219613 0.0
0.0158652 -0.00224151 0.0
0.0161106 -0.00231819 0.0
0.0163502 -0.00236025 0.0
0.0165808 -0.00240196 0.0
0.0167974 -0.00245075 0.0
0.0170166 -0.00248474 0.0
0.0172288 -0.00252652 0.0
0.017421 -0.00255833 0.0
0.0176102 -0.00259445 0.0
0.0177998 -0.00262944 0.0
0.0179812 -0.00266604 0.0
0.0181528 -0.0026932 0.0
0.0183168 -0.00273047 0.0
0.0184733 -0.00276632 0.0
0.0186183 -0.00279959 0.0
0.0187438 -0.00283259 0.0
0.018857 -0.00285566 0.0
0.0189595 -0.00288407 0.0
0.0190433 -0.00289898 0.0
0.0191118 -0.00290003 0.0
0.0191735 -0.00288713 0.0
0.0192327 -0.0028681 0.0
0.0192842 -0.00283315 0.0
0.0193327 -0.00277803 0.0
0.0193858 -0.00272161 0.0
0.0194413 -0.00265875 0.0
0.0194967 -0.00258374 0.0
0.0195533 -0.00250551 0.0
0.0196127 -0.00242815 0.0
0.0196749 -0.00234753 0.0
0.0197376 -0.00226497 0.0
0.0197985 -0.00218348 0.0
0.0198598 -0.00210352 0.0
0.0199225 -0.00202411 0.0
0.0199836 -0.00194604 0.0
0.0200418 -0.00186989 0.0
0.0200996 -0.00179603 0.0
0.0201568 -0.00172421 0.0
0.0202114 -0.00165446 0.0
0.0202635 -0.001587 0.0
0.0203146 -0.00152215 0.0
0.0203641 -0.0014596 0.0
0.0204109 -0.00139925 0.0
0.0204558 -0.00134133 0.0
0.0204994 -0.0012859 0.0
0.0205411 -0.00123266 0.0
0.0205806 -0.00118161 0.0
0.0206186 -0.00113287 0.0
0.0206552 -0.00108633 0.0
0.02069 -0.0010418 0.0
0.0207233 -0.0009993 0.0
0.0207553 -0.000958849 0.0
0.0207861 -0.000920295 0.0
0.0208154 -0.000883529 0.0
0.0208436 -0.000848568 0.0
0.0208708 -0.000815345 0.0
0.0208969 -0.000783732 0.0
0.0209221 -0.000753676 0.0
0.0209463 -0.000725154 0.0
0.0209698 -0.000698076 0.0
0.0209925 -0.000672354 0.0
0.0210145 -0.000647949 0.0
0.0210358 -0.000624813 0.0
0.0210565 -0.000602863 0.0
0.0210767 -0.00058204 0.0
0.0210963 -0.000562306 0.0
0.0211155 -0.000543603 0.0
0.0211342 -0.000525867 0.0
0.0211526 -0.000509055 0.0
0.0211705 -0.000493125 0.0
0.0211882 -0.000478024 0.0
0.0212055 -0.000463706 0.0
0.0212225 -0.000450134 0.0
0.0212392 -0.000437269 0.0
0.0212557 -0.000425066 0.0
0.021272 -0.00041349 0.0
0.021288 -0.000402509 0.0
0.0213038 -0.000392088 0.0
0.0213195 -0.000382194 0.0
0.021335 -0.000372797 0.0
0.0213503 -0.000363871 0.0
0.0213654 -0.000355385 0.0
0.0213804 -0.000347314 0.0
0.0213952 -0.000339635 0.0
0.0214099 -0.000332323 0.0
0.0214245 -0.000325357 0.0
0.0214389 -0.000318715 0.0
0.0214532 -0.000312377 0.0
0.0214674 -0.000306325 0.0
0.0214814 -0.000300541 0.0
0.0214954 -0.000295007 0.0
0.0215092 -0.000289709 0.0
0.0215228 -0.000284629 0.0
0.0215364 -0.000279755 0.0
0.0215498 -0.000275071 0.0
0.0215631 -0.000270566 0.0
0.0215763 -0.000266227 0.0
0.0215893 -0.000262043 0.0
0.0216022 -0.000258001 0.0
0.021615 -0.000254091 0.0
0.0216277 -0.000250304 0.0
0.0216402 -0.00024663 0.0
0.0216526 -0.000243059 0.0
0.0216649 -0.000239583 0.0
0.021677 -0.000236193 0.0
0.021689 -0.000232881 0.0
0.0217009 -0.000229639 0.0
0.0217126 -0.00022646 0.0
0.0217242 -0.000223336 0.0
0.0217356 -0.00022026 0.0
0.0217469 -0.000217226 0.0
0.0217581 -0.000214226 0.0
0.0217691 -0.000211253 0.0
0.0217799 -0.000208301 0.0
0.0217906 -0.000205363 0.0
0.0218012 -0.000202432 0.0
0.0218116 -0.000199503 0.0
0.0218218 -0.000196566 0.0
0.0218319 -0.000193617 0.0
0.0218418 -0.000190646 0.0
0.0218516 -0.000187648 0.0
0.0218612 -0.000184613 0.0
0.0218706 -0.000181534 0.0
0.0218798 -0.000178401 0.0
0.0218889 -0.000175206 0.0
0.0218977 -0.000171938 0.0
0.0219064 -0.000168586 0.0
0.0219149 -0.000165139 0.0
0.0219232 -0.000161581 0.0
0.0219313 -0.000157903 0.0
0.0219391 -0.000154084 0.0
0.0219467 -0.000150111 0.0
0.0219541 -0.00014596 0.0
0.0219613 -0.000141615 0.0
0.0219681 -0.000137042 0.0
0.0219747 -0.000132225 0.0
0.021981 -0.000127119 0.0
0.021987 -0.000121703 0.0
0.0219927 -0.000115916 0.0
0.021998 -0.000109736 0.0
0.0220029 -0.000103076 0.0
0.0220074 -9.59099e-05 0.0
0.0220115 -8.81165e-05 0.0
0.0220151 -7.96689e-05 0.0
0.0220183 -7.03895e-05 0.0
0.0220209 -6.02524e-05 0.0
0.0220229 -4.89983e-05 0.0
0.0220243 -3.66096e-05 0.0
0.0220251 -2.27116e-05 0.0
0.0220252 -7.60956e-06 0.0
0.0220247 6.60148e-07 0.0
0.0 0.0 0.0
0.0 0.0 0.0
0.0193092 -3.10009e-05 0.0
0.0193209 -7.70128e-05 0.0
0.0193436 -0.000125545 0.0
0.0193669 -0.000180061 0.0
0.0193989 -0.000224585 0.0
0.019444 -0.000259733 0.0
0.0194908 -0.000305904 0.0
0.0195426 -0.00034982 0.0
0.0196044 -0.000372317 0.0
0.0196688 -0.000400401 0.0
0.0197351 -0.000436729 0.0
0.019808 -0.000453901 0.0
0.0198822 -0.000463867 0.0
0.0199574 -0.000485339 0.0
0.020036 -0.000497978 0.0
0.0201145 -0.000498508 0.0
0.0201926 -0.00050287 0.0
0.0202729 -0.000508504 0.0
0.0203515 -0.000504372 0.0
0.0204281 -0.000497699 0.0
0.020506 -0.000493103 0.0
0.0205827 -0.000485533 0.0
0.0206551 -0.000472849 0.0
0.0207272 -0.00046006 0.0
0.0207992 -0.000446881 0.0
0.0208668 -0.000430928 0.0
0.0209311 -0.000412496 0.0
0.0209954 -0.000393719 0.0
0.0210568 -0.000373616 0.0
0.0211132 -0.000351418 0.0
0.0211677 -0.000327526 0.0
0.0212206 -0.000302635 0.0
0.0212688 -0.000275988 0.0
0.0213129 -0.000247403 0.0
0.0213549 -0.000216977 0.0
0.0213932 -0.000184705 0.0
0.0214266 -0.000150124 0.0
0.0214565 -0.000113226 0.0
0.0214829 -7.35841e-05 0.0
0.0215042 -3.08668e-05 0.0
0.0215209 1.49601e-05 0.0
0.0215337 6.4252e-05 0.0
0.0215411 0.00011829 0.0
0.0215427 0.00017693 0.0
0.0215399 0.000239947 0.0
0.0215318 0.000309433 0.0
0.0215165 0.000386914 0.0
0.0214952 0.000470315 0.0
0.0214696 0.000561568 0.0
0.0214368 0.00066589 0.0
0.0213949 0.0007812 0.0
0.021348 0.000904487 0.0
0.0212983 0.00104623 0.0
0.0212396 0.00121043 0.0
0.0211698 0.00138562 0.0
0.021102 0.00157955 0.0
0.0210388 0.00181321 0.0
0.020962 0.00207278 0.0
0.0208801 0.00234768 0.0
0.0208282 0.00267151 0.0
0.0207916 0.00304702 0.0
0.0207446 0.00344923 0.0
0.0207357 0.00389169 0.0
0.0207969 0.0043805 0.0
0.0208958 0.00491671 0.0
0.0210517 0.0055051 0.0
0.0212757 0.00605137 0.0
0.0215626 0.00661159 0.0
0.0219702 0.00722034 0.0
0.0224508 0.00771361 0.0
0.0228809 0.00809021 0.0
0.0232937 0.00843813 0.0
0.0237126 0.00859434 0.0
0.024021 0.00863266 0.0
0.0242039 0.00851605 0.0
0.0242432 0.00823827 0.0
0.0240236 0.00783382 0.0
0.023584 0.00728981 0.0
0.0230354 0.0066294 0.0
0.0221314 0.00591677 0.0
0.0210102 0.0053052 0.0
0.0200395 0.00467095 0.0
0.0192893 0.00422442 0.0
0.0185264 0.00355074 0.0
0.0173573 0.00271177 0.0
0.0159636 0.00213855 0.0
0.0147215 0.00176124 0.0
0.0138262 0.0022091 0.0
0.0131142 0.00231694 0.0
0.012387 0.00193628 0.0
0.0115677 0.000851689 0.0
0.0108111 0.00041427 0.0
0.0102535 0.000139031 0.0
0.00977551 7.62563e-05 0.0
0.00942866 3.43386e-05 0.0
0.00921388 -5.24783e-05 0.0
0.0090353 -7.24753e-05 0.0
0.00887047 -9.34259e-05 0.0
0.0087548 -0.000118606 0.0
0.00867781 -0.000143901 0.0
0.00861208 -0.000147142 0.0
0.00856162 -0.000159253 0.0
0.00853723 -0.000171151 0.0
0.008527 -0.000175878 0.0
0.00852247 -0.00018 0.0
0.00853473 -0.00018929 0.0
0.00856787 -0.000192728 0.0
0.00860428 -0.000189746 0.0
0.00864772 -0.000209125 0.0
0.00872883 -0.000211956 0.0
0.00883838 -0.000198592 0.0
0.00895127 -0.000257536 0.0
0.00913455 -0.000398968 0.0
0.00931228 -0.000966663 0.0
0.00943765 -0.00135716 0.0
0.00958098 -0.0015276 0.0
0.0098256 -0.00120751 0.0
0.0102042 -0.0010047 0.0
0.0105896 -0.000874747 0.0
0.0109424 -0.000810621 0.0
0.0113143 -0.000730869 0.0
0.01173 -0.000807751 0.0
0.0121563 -0.000939361 0.0
0.0124798 -0.00119424 0.0
0.0125872 -0.00149498 0.0
0.012617 -0.00161677 0.0
0.0127894 -0.00158478 0.0
0.0131444 -0.00152852 0.0
0.0135577 -0.0014839 0.0
0.0139133 -0.00155764 0.0
0.0142409 -0.00163416 0.0
0.0145257 -0.00180782 0.0
0.014773 -0.00187119 0.0
0.0150295 -0.00194582 0.0
0.0152832 -0.00195373 0.0
0.0155524 -0.0019649 0.0
0.0158389 -0.00200586 0.0
0.0161019 -0.00207676 0.0
0.0163394 -0.00211201 0.0
0.0165724 -0.002143 0.0
0.0167973 -0.00215408 0.0
0.0170536 -0.00217293 0.0
0.0173371 -0.00220331 0.0
0.0176051 -0.0022479 0.0
0.017846 -0.0022959 0.0
0.0180687 -0.00236436 0.0
0.0182785 -0.00242509 0.0
0.0184871 -0.00246557 0.0
0.0186765 -0.0025192 0.0
0.0188429 -0.00256012 0.0
0.0190153 -0.00260104 0.0
0.0191902 -0.00263876 0.0
0.019352 -0.00267565 0.0
0.0195063 -0.00269923 0.0
0.0196603 -0.00273435 0.0
0.0198104 -0.00276566 0.0
0.0199523 -0.00278843 0.0
0.0200802 -0.00281577 0.0
0.0202026 -0.00283887 0.0
0.0203221 -0.0028678 0.0
0.0204273 -0.00288882 0.0
0.0205184 -0.00290881 0.0
0.0206008 -0.0029309 0.0
0.0206761 -0.00294813 0.0
0.020738 -0.00295546 0.0
0.0207835 -0.00295571 0.0
0.0208202 -0.00295212 0.0
0.0208537 -0.00293402 0.0
0.0208784 -0.00290424 0.0
0.020893 -0.00286271 0.0
0.0209097 -0.00281551 0.0
0.0209294 -0.00275908 0.0
0.0209454 -0.00269037 0.0
0.0209599 -0.0026198 0.0
0.0209787 -0.00254709 0.0
0.0210005 -0.00246812 0.0
0.021021 -0.00238683 0.0
0.0210406 -0.00230697 0.0
0.0210629 -0.00222623 0.0
0.0210868 -0.00214492 0.0
0.0211088 -0.00206503 0.0
0.0211295 -0.00198683 0.0
0.0211515 -0.0019097 0.0
0.0211734 -0.00183452 0.0
0.021193 -0.00176146 0.0
0.0212116 -0.00169042 0.0
0.0212304 -0.00162161 0.0
0.0212481 -0.00155529 0.0
0.0212639 -0.00149117 0.0
0.0212789 -0.00142939 0.0
0.0212936 -0.00137012 0.0
0.0213068 -0.00131323 0.0
0.0213187 -0.00125854 0.0
0.02133 -0.00120624 0.0
0.0213406 -0.00115628 0.0
0.0213501 -0.00110849 0.0
0.0213587 -0.0010628 0.0
0.0213669 -0.0010193 0.0
0.0213743 -0.000977851 0.0
0.021381 -0.000938322 0.0
0.0213872 -0.000900709 0.0
0.0213929 -0.000864985 0.0
0.0213982 -0.000831008 0.0
0.021403 -0.000798705 0.0
0.0214076 -0.000768057 0.0
0.0214119 -0.000738986 0.0
0.0214159 -0.000711383 0.0
0.0214197 -0.000685205 0.0
0.0214233 -0.000660405 0.0
0.0214268 -0.000636898 0.0
0.0214302 -0.000614611 0.0
0.0214336 -0.000593505 0.0
0.0214369 -0.000573521 0.0
0.0214402 -0.000554587 0.0
0.0214435 -0.000536652 0.0
0.0214468 -0.000519675 0.0
0.0214502 -0.000503598 0.0
0.0214537 -0.000488367 0.0
0.0214572 -0.000473942 0.0
0.0214608 -0.000460282 0.0
0.0214645 -0.000447337 0.0
0.0214683 -0.000435069 0.0
0.0214722 -0.000423441 0.0
0.0214763 -0.000412417 0.0
0.0214804 -0.000401958 0.0
0.0214847 -0.000392034 0.0
0.0214891 -0.000382615 0.0
0.0214936 -0.000373667 0.0
0.0214982 -0.000365164 0.0
0.021503 -0.000357079 0.0
0.0215078 -0.000349386 0.0
0.0215128 -0.000342062 0.0
0.0215179 -0.000335082 0.0
0.0215231 -0.000328427 0.0
0.0215284 -0.000322075 0.0
0.0215337 -0.000316006 0.0
0.0215392 -0.000310204 0.0
0.0215448 -0.00030465 0.0
0.0215504 -0.000299328 0.0
0.0215561 -0.000294223 0.0
0.0215619 -0.000289319 0.0
0.0215677 -0.000284604 0.0
0.0215736 -0.000280063 0.0
0.0215795 -0.000275685 0.0
0.0215855 -0.000271458 0.0
0.0215915 -0.000267371 0.0
0.0215975 -0.000263412 0.0
0.0216036 -0.000259572 0.0
0.0216097 -0.000255841 0.0
0.0216158 -0.000252211 0.0
0.0216219 -0.000248671 0.0
0.021628 -0.000245214 0.0
0.0216341 -0.000241832 0.0
0.0216402 -0.000238517 0.0
0.0216463 -0.000235261 0.0
0.0216523 -0.000232057 0.0
0.0216584 -0.000228898 0.0
0.0216644 -0.000225777 0.0
0.0216704 -0.000222687 0.0
0.0216763 -0.000219622 0.0
0.0216822 -0.000216574 0.0
0.0216881 -0.000213537 0.0
0.0216939 -0.000210505 0.0
0.0216997 -0.000207469 0.0
0.0217054 -0.000204424 0.0
0.021711 -0.000201362 0.0
0.0217166 -0.000198276 0.0
0.0217221 -0.000195157 0.0
0.0217275 -0.000191999 0.0
0.0217328 -0.000188791 0.0
0.0217381 -0.000185525 0.0
0.0217432 -0.000182192 0.0
0.0217483 -0.00017878 0.0
0.0217533 -0.000175279 0.0
0.0217581 -0.000171676 0.0
0.0217628 -0.000167956 0.0
0.0217675 -0.000164107 0.0
0.0217719 -0.000160108 0.0
0.0217763 -0.000155947 0.0
0.0217805 -0.000151596 0.0
0.0217845 -0.000147041 0.0
0.0217884 -0.000142245 0.0
0.021792 -0.000137192 0.0
0.0217955 -0.000131835 0.0
0.0217988 -0.000126152 0.0
0.0218019 -0.000120081 0.0
0.0218047 -0.000113597 0.0
0.0218073 -0.000106612 0.0
0.0218096 -9.90995e-05 0.0
0.0218116 -9.09368e-05 0.0
0.0218133 -8.2094e-05 0.0
0.0218147 -7.23941e-05 0.0
0.0218157 -6.18095e-05 0.0
0.0218164 -5.00832e-05 0.0
0.0218168 -3.71947e-05 0.0
0.0218168 -2.27813e-05 0.0
0.0218164 -7.19728e-06 0.0
0.0218158 1.30651e-06 0.0
0.0 0.0 0.0
0.0 0.0 0.0
0.0193146 -2.99756e-05 0.0
0.0193236 -9.80391e-05 0.0
0.0193461 -0.000154878 0.0
0.0193737 -0.000201359 0.0
0.0194043 -0.000262467 0.0
0.0194535 -0.000318588 0.0
0.0195109 -0.000354516 0.0
0.0195633 -0.000400015 0.0
0.0196255 -0.000446403 0.0
0.0197019 -0.000472017 0.0
0.0197743 -0.000499619 0.0
0.0198466 -0.00053253 0.0
0.0199284 -0.000547361 0.0
0.0200122 -0.000559571 0.0
0.020093 -0.000576832 0.0
0.0201756 -0.000583973 0.0
0.0202599 -0.000583209 0.0
0.0203441 -0.000586887 0.0
0.0204269 -0.000586015 0.0
0.0205076 -0.000577856 0.0
0.0205878 -0.000569809 0.0
0.0206682 -0.000561693 0.0
0.0207452 -0.00054788 0.0
0.0208184 -0.00053248 0.0
0.0208916 -0.000516995 0.0
0.0209633 -0.000498723 0.0
0.02103 -0.000477698 0.0
0.0210935 -0.000456507 0.0
0.0211565 -0.000433371 0.0
0.0212161 -0.000407811 0.0
0.0212705 -0.000381151 0.0
0.0213224 -0.000353291 0.0
0.0213725 -0.0003228 0.0
0.0214179 -0.00029062 0.0
0.0214588 -0.00025701 0.0
0.0214971 -0.00022094 0.0
0.0215321 -0.000182124 0.0
0.021562 -0.000141321 0.0
0.0215878 -9.77505e-05 0.0
0.0216103 -5.05938e-05 0.0
0.0216284 -8.5905e-08 0.0
0.0216413 5.37674e-05 0.0
0.0216499 0.000112367 0.0
0.0216545 0.000176166 0.0
0.0216538 0.000244765 0.0
0.0216476 0.000319181 0.0
0.0216372 0.000401674 0.0
0.0216221 0.000491795 0.0
0.0216001 0.000589051 0.0
0.0215733 0.000697216 0.0
0.0215443 0.000818976 0.0
0.0215083 0.000950748 0.0
0.0214639 0.00109488 0.0
0.0214218 0.00126068 0.0
0.0213801 0.00144534 0.0
0.0213251 0.00164299 0.0
0.0212707 0.00186811 0.0
0.0212375 0.00212731 0.0
0.0212009 0.0024046 0.0
0.0211527 0.00271224 0.0
0.0211418 0.0030648 0.0
0.0211729 0.00344085 0.0
0.0212029 0.00385239 0.0
0.021261 0.00431622 0.0
0.0213941 0.00477217 0.0
0.0215918 0.0052606 0.0
0.0218389 0.00580761 0.0
0.0221371 0.00630609 0.0
0.0225041 0.00675401 0.0
0.0229484 0.00724069 0.0
0.0234328 0.00766182 0.0
0.0239259 0.00796418 0.0
0.0243943 0.00814813 0.0
0.0248283 0.00834969 0.0
0.025195 0.00830627 0.0
0.0253887 0.00813971 0.0
0.0255382 0.00801464 0.0
0.0255491 0.0075019 0.0
0.0253246 0.00711536 0.0
0.0249905 0.00664926 0.0
0.0245419 0.00606498 0.0
0.0238765 0.00549016 0.0
0.0231562 0.00509427 0.0
0.0224226 0.00433869 0.0
0.0216062 0.00380602 0.0
0.0207428 0.00329671 0.0
0.0197227 0.00285234 0.0
0.0188875 0.00280531 0.0
0.0185142 0.00273218 0.0
0.0182578 0.00236727 0.0
0.0176581 0.00176812 0.0
0.0168038 0.00125391 0.0
0.0160144 0.000728637 0.0
0.0154533 0.000547404 0.0
0.015052 0.000359178 0.0
0.0146737 0.000234312 0.0
0.0143561 0.000148794 0.0
0.0141338 7.56287e-05 0.0
0.0139598 8.99559e-06 0.0
0.0138035 -3.60024e-05 0.0
0.0136872 -7.08131e-05 0.0
0.0136086 -0.000107455 0.0
0.0135479 -0.000138151 0.0
0.0135073 -0.000159957 0.0
0.0134954 -0.000180839 0.0
0.0134971 -0.000206685 0.0
0.0135123 -0.000227231 0.0
0.0135603 -0.000245391 0.0
0.0136307 -0.000274389 0.0
0.0136974 -0.00031413 0.0
0.013809 -0.000321806 0.0
0.0140032 -0.000477579 0.0
0.0142425 -0.00066855 0.0
0.0143872 -0.00097609 0.0
0.01431 -0.00132343 0.0
0.0141571 -0.00148 0.0
0.0141737 -0.0014325 0.0
0.0143905 -0.00136816 0.0
0.0146918 -0.00120909 0.0
0.0149941 -0.00114783 0.0
0.0153048 -0.00109919 0.0
0.0156328 -0.00116139 0.0
0.0159197 -0.00128904 0.0
0.016189 -0.00140966 0.0
0.0163815 -0.00164775 0.0
0.0165193 -0.00172356 0.0
0.0166884 -0.00181152 0.0
0.016873 -0.00183676 0.0
0.0171154 -0.00180661 0.0
0.0173831 -0.00185246 0.0
0.017636 -0.00191616 0.0
0.0178562 -0.00202127 0.0
0.0180485 -0.00207884 0.0
0.0182189 -0.00215058 0.0
0.0183969 -0.00217054 0.0
0.0186152 -0.00222395 0.0
0.0188324 -0.00226382 0.0
0.0190367 -0.00228535 0.0
0.0192291 -0.00233922 0.0
0.0194205 -0.00236339 0.0
0.0196252 -0.00237446 0.0
0.0198241 -0.00240826 0.0
0.0200112 -0.0024305 0.0
0.0202004 -0.00246431 0.0
0.0203853 -0.00250623 0.0
0.0205585 -0.00255011 0.0
0.0207156 -0.00259663 0.0
0.0208599 -0.00264403 0.0
0.0210026 -0.00267384 0.0
0.0211425 -0.00271662 0.0
0.0212721 -0.00275425 0.0
0.0213939 -0.00277926 0.0
0.0215065 -0.00280943 0.0
0.0216156 -0.00283336 0.0
0.0217215 -0.00285967 0.0
0.0218158 -0.00287961 0.0
0.0219023 -0.0028996 0.0
0.0219861 -0.00291923 0.0
0.0220645 -0.0029376 0.0
0.0221323 -0.00295266 0.0
0.0221902 -0.00296661 0.0
0.0222415 -0.00297938 0.0
0.0222849 -0.00298687 0.0
0.0223143 -0.00299279 0.0
0.0223316 -0.0029906 0.0
0.0223439 -0.00298183 0.0
0.0223486 -0.00296697 0.0
0.0223416 -0.00294313 0.0
0.0223285 -0.00290759 0.0
0.0223163 -0.0028642 0.0
0.0223013 -0.00281597 0.0
0.0222806 -0.00275584 0.0
0.0222609 -0.00268926 0.0
0.0222446 -0.00262135 0.0
0.0222276 -0.0025473 0.0
0.0222096 -0.00246882 0.0
0.0221932 -0.00239013 0.0
0.022179 -0.00231079 0.0
0.0221654 -0.00222972 0.0
0.0221513 -0.00214901 0.0
0.0221374 -0.0020695 0.0
0.022125 -0.00199105 0.0
0.0221128 -0.00191371 0.0
0.0220997 -0.00183814 0.0
0.0220864 -0.00176451 0.0
0.022074 -0.00169309 0.0
0.0220613 -0.00162374 0.0
0.0220475 -0.00155658 0.0
0.0220338 -0.00149183 0.0
0.0220204 -0.0014296 0.0
0.0220063 -0.00136963 0.0
0.0219917 -0.00131198 0.0
0.0219773 -0.00125682 0.0
0.0219628 -0.00120407 0.0
0.0219478 -0.0011535 0.0
0.0219327 -0.00110521 0.0
0.0219177 -0.00105922 0.0
0.0219026 -0.00101536 0.0
0.0218874 -0.000973526 0.0
0.0218723 -0.000933763 0.0
0.0218573 -0.000895996 0.0
0.0218424 -0.000860074 0.0
0.0218276 -0.000825947 0.0
0.021813 -0.000793605 0.0
0.0217987 -0.000762934 0.0
0.0217846 -0.000733833 0.0
0.0217707 -0.000706267 0.0
0.0217572 -0.000680182 0.0
0.021744 -0.000655474 0.0
0.0217312 -0.000632077 0.0
0.0217187 -0.000609951 0.0
0.0217066 -0.000589025 0.0
0.0216948 -0.00056922 0.0
0.0216835 -0.00055049 0.0
0.0216726 -0.000532785 0.0
0.0216621 -0.000516041 0.0
0.021652 -0.0005002 0.0
0.0216423 -0.000485222 0.0
0.0216331 -0.000471059 0.0
0.0216243 -0.000457657 0.0
0.0216159 -0.000444974 0.0
0.021608 -0.000432974 0.0
0.0216004 -0.000421613 0.0
0.0215933 -0.000410852 0.0
0.0215865 -0.000400656 0.0
0.0215802 -0.000390992 0.0
0.0215743 -0.000381827 0.0
0.0215687 -0.000373129 0.0
0.0215635 -0.00036487 0.0
0.0215586 -0.000357024 0.0
0.0215541 -0.000349562 0.0
0.02155 -0.000342461 0.0
0.0215462 -0.000335699 0.0
0.0215426 -0.000329252 0.0
0.0215394 -0.0003231 0.0
0.0215365 -0.000317224 0.0
0.0215339 -0.000311606 0.0
0.0215315 -0.000306227 0.0
0.0215294 -0.000301071 0.0
0.0215276 -0.000296124 0.0
0.021526 -0.000291369 0.0
0.0215246 -0.000286795 0.0
0.0215234 -0.000282386 0.0
0.0215224 -0.000278132 0.0
0.0215216 -0.000274021 0.0
0.021521 -0.00027004 0.0
0.0215206 -0.000266181 0.0
0.0215204 -0.000262433 0.0
0.0215203 -0.000258786 0.0
0.0215203 -0.000255232 0.0
0.0215205 -0.000251762 0.0
0.0215208 -0.000248367 0.0
0.0215212 -0.00024504 0.0
0.0215217 -0.000241774 0.0
0.0215224 -0.000238561 0.0
0.0215231 -0.000235393 0.0
0.0215239 -0.000232264 0.0
0.0215248 -0.000229167 0.0
0.0215258 -0.000226096 0.0
0.0215268 -0.000223043 0.0
0.0215279 -0.000220003 0.0
0.021529 -0.000216968 0.0
0.0215302 -0.000213932 0.0
0.0215314 -0.000210887 0.0
0.0215327 -0.000207828 0.0
0.021534 -0.000204747 0.0
0.0215353 -0.000201636 0.0
0.0215366 -0.000198488 0.0
0.021538 -0.000195294 0.0
0.0215393 -0.000192046 0.0
0.0215406 -0.000188735 0.0
0.021542 -0.000185349 0.0
0.0215433 -0.00018188 0.0
0.0215446 -0.000178314 0.0
0.0215459 -0.000174641 0.0
0.0215471 -0.000170843 0.0
0.0215483 -0.000166909 0.0
0.0215495 -0.000162818 0.0
0.0215506 -0.000158556 0.0
0.0215516 -0.000154097 0.0
0.0215526 -0.000149422 0.0
0.0215535 -0.000144499 0.0
0.0215543 -0.000139308 0.0
0.021555 -0.000133801 0.0
0.0215556 -0.000127957 0.0
0.0215561 -0.000121715 0.0
0.0215565 -0.000115047 0.0
0.0215567 -0.000107867 0.0
0.0215568 -0.000100148 0.0
0.0215568 -9.17688e-05 0.0
0.0215566 -8.26976e-05 0.0
0.0215563 -7.27652e-05 0.0
0.0215559 -6.19414e-05 0.0
0.0215553 -4.99792e-05 0.0
0.0215546 -3.68564e-05 0.0
0.0215538 -2.22382e-05 0.0
0.021553 -6.52901e-06 0.0
0.0215523 2.00712e-06 0.0
0.0 0.0 0.0
0.0 0.0 0.0
0.0193164 -3.92368e-05 0.0
0.0193245 -0.00010971 0.0
0.0193398 -0.000179445 0.0
0.0193785 -0.000239367 0.0
0.0194249 -0.000300977 0.0
0.0194672 -0.000370054 0.0
0.0195235 -0.00041908 0.0
0.0195951 -0.000457832 0.0
0.019664 -0.000513757 0.0
0.019737 -0.000556811 0.0
0.0198187 -0.000574169 0.0
0.019903 -0.000606111 0.0
0.0199883 -0.000638637 0.0
0.0200753 -0.000647573 0.0
0.0201629 -0.000654729 0.0
0.0202537 -0.000671286 0.0
0.020343 -0.000675017 0.0
0.0204286 -0.000669197 0.0
0.0205163 -0.000667234 0.0
0.0206051 -0.000664404 0.0
0.0206875 -0.000652186 0.0
0.0207674 -0.000638377 0.0
0.0208498 -0.000625506 0.0
0.0209284 -0.00060921 0.0
0.0210003 -0.000588466 0.0
0.0210721 -0.000567534 0.0
0.0211434 -0.000545343 0.0
0.0212084 -0.000520379 0.0
0.0212689 -0.000493293 0.0
0.0213291 -0.000465369 0.0
0.0213859 -0.000435421 0.0
0.0214367 -0.000403448 0.0
0.0214846 -0.000369755 0.0
0.0215305 -0.000334264 0.0
0.0215716 -0.000296431 0.0
0.021608 -0.000256612 0.0
0.0216417 -0.000214393 0.0
0.0216716 -0.000169274 0.0
0.0216968 -0.00012135 0.0
0.0217182 -7.0665e-05 0.0
0.0217359 -1.59418e-05 0.0
0.0217492 4.30267e-05 0.0
0.0217582 0.000105578 0.0
0.0217635 0.000172992 0.0
0.0217642 0.000247272 0.0
0.0217603 0.000327005 0.0
0.0217527 0.000412085 0.0
0.0217414 0.000506858 0.0
0.0217252 0.000611789 0.0
0.0217043 0.000722827 0.0
0.0216815 0.000844849 0.0
0.0216567 0.000984711 0.0
0.0216259 0.0011356 0.0
0.0215924 0.00129578 0.0
0.0215642 0.00148045 0.0
0.0215364 0.00168899 0.0
0.0215023 0.001907 0.0
0.0214777 0.00214893 0.0
0.0214728 0.00242796 0.0
0.021471 0.0027278 0.0
0.0214772 0.0030477 0.0
0.0215192 0.00340216 0.0
0.0215936 0.00378218 0.0
0.0216984 0.00419661 0.0
0.0218459 0.00462271 0.0
0.0220324 0.00504742 0.0
0.022283 0.00550546 0.0
0.0226143 0.00596967 0.0
0.0229739 0.00637587 0.0
0.0233697 0.00678879 0.0
0.0238475 0.00715402 0.0
0.0243525 0.00746627 0.0
0.02484 0.00769755 0.0
0.0253389 0.00786506 0.0
0.025819 0.00792452 0.0
0.0262021 0.00791355 0.0
0.02654 0.00777937 0.0
0.0267348 0.00752384 0.0
0.0267668 0.00729058 0.0
0.0267242 0.00685543 0.0
0.0265883 0.00642112 0.0
0.0263377 0.00599628 0.0
0.0260258 0.00555733 0.0
0.0256088 0.00499717 0.0
0.0250826 0.00448836 0.0
0.0245222 0.00403038 0.0
0.023893 0.00372417 0.0
0.0232614 0.00339042 0.0
0.022784 0.00315757 0.0
0.022385 0.00273276 0.0
0.0219508 0.0023874 0.0
0.0215031 0.00187697 0.0
0.0209497 0.0013767 0.0
0.0203915 0.0010659 0.0
0.0198984 0.000777922 0.0
0.019475 0.000605084 0.0
0.0191424 0.000433064 0.0
0.0188676 0.000305803 0.0
0.0186247 0.000204904 0.0
0.0184232 0.00012234 0.0
0.0182737 4.19339e-05 0.0
0.0181569 -1.88764e-05 0.0
0.0180614 -6.97194e-05 0.0
0.0179934 -0.000121074 0.0
0.0179584 -0.000167403 0.0
0.0179441 -0.000206416 0.0
0.0179448 -0.000246759 0.0
0.0179703 -0.000296802 0.0
0.0180267 -0.000336498 0.0
0.0180993 -0.000403055 0.0
0.0182033 -0.000456954 0.0
0.0183225 -0.000613797 0.0
0.0184001 -0.000825989 0.0
0.0184805 -0.00100626 0.0
0.018501 -0.00129805 0.0
0.0184709 -0.00141554 0.0
0.0184774 -0.00150827 0.0
0.0185009 -0.00151193 0.0
0.0186013 -0.00143617 0.0
0.0187987 -0.00141479 0.0
0.0190442 -0.00141118 0.0
0.0192999 -0.00142917 0.0
0.0195155 -0.00151621 0.0
0.0197009 -0.00162232 0.0
0.0198545 -0.0017694 0.0
0.0199778 -0.00185924 0.0
0.0200901 -0.0019411 0.0
0.0201992 -0.00198559 0.0
0.0203542 -0.00203699 0.0
0.0205447 -0.00208088 0.0
0.0207285 -0.00213003 0.0
0.0208902 -0.00219404 0.0
0.0210434 -0.00226426 0.0
0.0211948 -0.00231078 0.0
0.0213474 -0.00235064 0.0
0.0214892 -0.00239764 0.0
0.0216204 -0.00242788 0.0
0.0217618 -0.00245992 0.0
0.0219003 -0.00249595 0.0
0.0220301 -0.00252003 0.0
0.0221657 -0.00254755 0.0
0.0223026 -0.00257028 0.0
0.0224361 -0.00259315 0.0
0.0225725 -0.00262366 0.0
0.0227017 -0.00266411 0.0
0.0228211 -0.00269207 0.0
0.0229343 -0.00272395 0.0
0.0230333 -0.00276445 0.0
0.0231263 -0.00279235 0.0
0.023216 -0.00282322 0.0
0.0232916 -0.00284956 0.0
0.02336 -0.00287388 0.0
0.0234286 -0.00289631 0.0
0.023492 -0.00291796 0.0
0.0235458 -0.00293392 0.0
0.0235934 -0.002948 0.0
0.0236374 -0.00296455 0.0
0.0236757 -0.00297587 0.0
0.0237041 -0.00298581 0.0
0.0237235 -0.00299207 0.0
0.0237383 -0.0029995 0.0
0.0237456 -0.00300396 0.0
0.0237427 -0.00300146 0.0
0.0237307 -0.00299558 0.0
0.0237121 -0.00298757 0.0
0.023687 -0.00297253 0.0
0.0236534 -0.00294689 0.0
0.0236123 -0.00291605 0.0
0.0235684 -0.0028795 0.0
0.0235224 -0.00283436 0.0
0.0234715 -0.0027791 0.0
0.0234185 -0.0027192 0.0
0.0233678 -0.00265693 0.0
0.023317 -0.00258646 0.0
0.023265 -0.00251099 0.0
0.0232139 -0.0024363 0.0
0.0231654 -0.00235916 0.0
0.0231179 -0.00227863 0.0
0.0230701 -0.00219855 0.0
0.0230233 -0.00211983 0.0
0.0229788 -0.0020406 0.0
0.0229351 -0.00196198 0.0
0.0228908 -0.00188534 0.0
0.0228474 -0.00181041 0.0
0.0228059 -0.00173688 0.0
0.0227645 -0.00166547 0.0
0.0227227 -0.00159634 0.0
0.0226819 -0.00152941 0.0
0.0226423 -0.00146476 0.0
0.0226025 -0.00140254 0.0
0.0225629 -0.00134267 0.0
0.0225242 -0.00128523 0.0
0.0224862 -0.00123022 0.0
0.0224482 -0.00117754 0.0
0.0224108 -0.00112718 0.0
0.0223742 -0.00107918 0.0
0.022338 -0.00103341 0.0
0.0223022 -0.000989791 0.0
0.0222672 -0.00094831 0.0
0.0222328 -0.000908924 0.0
0.022199 -0.000871496 0.0
0.0221658 -0.000835967 0.0
0.0221334 -0.000802308 0.0
0.0221017 -0.000770424 0.0
0.0220706 -0.000740209 0.0
0.0220403 -0.000711618 0.0
0.0220107 -0.000684592 0.0
0.0219819 -0.000659032 0.0
0.0219538 -0.000634865 0.0
0.0219265 -0.000612042 0.0
0.0219 -0.000590492 0.0
0.0218742 -0.000570136 0.0
0.0218491 -0.000550915 0.0
0.0218249 -0.00053278 0.0
0.0218014 -0.000515662 0.0
0.0217786 -0.0004995 0.0
0.0217566 -0.000484249 0.0
0.0217354 -0.000469856 0.0
0.0217148 -0.000456267 0.0
0.021695 -0.000443434 0.0
0.0216758 -0.000431318 0.0
0.0216574 -0.000419872 0.0
0.0216396 -0.000409054 0.0
0.0216225 -0.000398827 0.0
0.0216061 -0.000389155 0.0
0.0215903 -0.000380002 0.0
0.021575 -0.000371335 0.0
0.0215604 -0.000363123 0.0
0.0215464 -0.000355337 0.0
0.0215329 -0.000347949 0.0
0.02152 -0.000340932 0.0
0.0215076 -0.000334262 0.0
0.0214958 -0.000327916 0.0
0.0214844 -0.000321872 0.0
0.0214735 -0.000316108 0.0
0.0214631 -0.000310606 0.0
0.0214531 -0.000305347 0.0
0.0214435 -0.000300314 0.0
0.0214344 -0.00029549 0.0
0.0214256 -0.000290861 0.0
0.0214173 -0.000286412 0.0
0.0214093 -0.000282129 0.0
0.0214016 -0.000278 0.0
0.0213943 -0.000274012 0.0
0.0213873 -0.000270154 0.0
0.0213806 -0.000266416 0.0
0.0213742 -0.000262787 0.0
0.0213681 -0.000259258 0.0
0.0213623 -0.000255819 0.0
0.0213567 -0.000252463 0.0
0.0213514 -0.000249179 0.0
0.0213463 -0.000245962 0.0
0.0213414 -0.000242802 0.0
0.0213368 -0.000239694 0.0
0.0213323 -0.000236629 0.0
0.021328 -0.000233601 0.0
0.021324 -0.000230604 0.0
0.02132 -0.000227631 0.0
0.0213163 -0.000224675 0.0
0.0213127 -0.00022173 0.0
0.0213093 -0.00021879 0.0
0.0213059 -0.000215848 0.0
0.0213028 -0.000212898 0.0
0.0212997 -0.000209933 0.0
0.0212968 -0.000206947 0.0
0.0212939 -0.000203932 0.0
0.0212912 -0.000200881 0.0
0.0212886 -0.000197786 0.0
0.021286 -0.00019464 0.0
0.0212836 -0.000191433 0.0
0.0212812 -0.000188156 0.0
0.0212789 -0.0001848 0.0
0.0212766 -0.000181353 0.0
0.0212744 -0.000177804 0.0
0.0212723 -0.00017414 0.0
0.0212702 -0.000170347 0.0
0.0212681 -0.00016641 0.0
0.0212661 -0.00016231 0.0
0.0212641 -0.000158032 0.0
0.0212621 -0.000153549 0.0
0.0212602 -0.000148846 0.0
0.0212582 -0.000143886 0.0
0.0212563 -0.000138651 0.0
0.0212543 -0.000133096 0.0
0.0212524 -0.000127197 0.0
0.0212504 -0.000120894 0.0
0.0212485 -0.00011416 0.0
0.0212465 -0.000106914 0.0
0.0212445 -9.91254e-05 0.0
0.0212426 -9.06797e-05 0.0
0.0212406 -8.15461e-05 0.0
0.0212387 -7.15651e-05 0.0
0.0212368 -6.07039e-05 0.0
0.021235 -4.87366e-05 0.0
0.0212333 -3.56382e-05 0.0
0.0212319 -2.11127e-05 0.0
0.0212307 -5.61712e-06 0.0
0.0212299 2.7597e-06 0.0
0.0 0.0 0.0
0.0 0.0 0.0
0.0193113 -5.50001e-05 0.0
0.0193302 -0.000118866 0.0
0.0193488 -0.000199269 0.0
0.0193817 -0.000293173 0.0
0.0194343 -0.000353843 0.0
0.0194883 -0.000408725 0.0
0.019546 -0.000489022 0.0
0.0196249 -0.000545803 0.0
0.0197056 -0.000577587 0.0
0.0197819 -0.000631386 0.0
0.019871 -0.000674476 0.0
0.0199673 -0.00069319 0.0
0.0200575 -0.000718357 0.0
0.0201507 -0.000744399 0.0
0.020248 -0.000751807 0.0
0.0203435 -0.000757745 0.0
0.0204381 -0.000764752 0.0
0.0205322 -0.000763433 0.0
0.0206232 -0.000755807 0.0
0.0207139 -0.000749051 0.0
0.0208035 -0.000737552 0.0
0.0208876 -0.000722007 0.0
0.0209686 -0.000704802 0.0
0.0210499 -0.000685453 0.0
0.0211269 -0.000662486 0.0
0.0211975 -0.000638644 0.0
0.0212665 -0.000612626 0.0
0.021334 -0.000583893 0.0
0.0213955 -0.000553673 0.0
0.0214519 -0.000522531 0.0
0.0215068 -0.00048851 0.0
0.0215584 -0.000452536 0.0
0.0216039 -0.000415484 0.0
0.0216458 -0.000376411 0.0
0.0216855 -0.000334397 0.0
0.0217206 -0.0002906 0.0
0.0217507 -0.000244822 0.0
0.0217779 -0.000195947 0.0
0.0218019 -0.000143809 0.0
0.0218211 -8.90424e-05 0.0
0.0218362 -3.08002e-05 0.0
0.0218486 3.19521e-05 0.0
0.0218572 9.90987e-05 0.0
0.021861 0.000170438 0.0
0.0218619 0.000247601 0.0
0.0218603 0.000331669 0.0
0.021854 0.000421789 0.0
0.0218436 0.000518743 0.0
0.0218329 0.000625821 0.0
0.0218196 0.00074276 0.0
0.0218 0.000867812 0.0
0.0217808 0.00100552 0.0
0.0217661 0.00115926 0.0
0.0217459 0.00132482 0.0
0.0217214 0.00150404 0.0
0.0217109 0.00170534 0.0
0.0217082 0.00192486 0.0
0.0216969 0.00216147 0.0
0.0216989 0.00242283 0.0
0.0217336 0.00270502 0.0
0.0217758 0.00300762 0.0
0.0218264 0.00334518 0.0
0.0219193 0.00369024 0.0
0.0220528 0.00404386 0.0
0.0222156 0.00444363 0.0
0.0224208 0.00484889 0.0
0.0226728 0.00521243 0.0
0.0229774 0.00561182 0.0
0.0233383 0.00601656 0.0
0.0237413 0.00636294 0.0
0.0241792 0.00665813 0.0
0.0246581 0.00697517 0.0
0.0251726 0.0072137 0.0
0.025666 0.00734384 0.0
0.0261539 0.00747158 0.0
0.0266469 0.00751496 0.0
0.0270594 0.00740542 0.0
0.0273964 0.00733119 0.0
0.0277257 0.00712423 0.0
0.0279188 0.00681403 0.0
0.0279624 0.00656238 0.0
0.0279516 0.00617267 0.0
0.0278688 0.00573906 0.0
0.0277059 0.00540593 0.0
0.0274266 0.00493872 0.0
0.0270524 0.00449189 0.0
0.0267416 0.00416298 0.0
0.0264687 0.00379333 0.0
0.0261523 0.00351869 0.0
0.0258252 0.00313076 0.0
0.0255181 0.00272466 0.0
0.0252013 0.00229347 0.0
0.0247872 0.00193495 0.0
0.0243352 0.00154389 0.0
0.0239112 0.00120858 0.0
0.0235525 0.000973369 0.0
0.0232241 0.000752736 0.0
0.0229125 0.00058077 0.0
0.0226593 0.000430129 0.0
0.0224618 0.000304621 0.0
0.022286 0.000193509 0.0
0.0221331 0.000101768 0.0
0.0220237 1.7864e-05 0.0
0.021944 -5.91089e-05 0.0
0.0218785 -0.000127867 0.0
0.0218403 -0.000192279 0.0
0.0218361 -0.000257112 0.0
0.0218445 -0.000328018 0.0
0.0218675 -0.000385358 0.0
0.021923 -0.000479085 0.0
0.0220078 -0.000589119 0.0
0.0221054 -0.000698864 0.0
0.0221636 -0.000872043 0.0
0.0221902 -0.00105105 0.0
0.0221856 -0.00125404 0.0
0.0221528 -0.00138645 0.0
0.0221167 -0.00149287 0.0
0.0221036 -0.00152922 0.0
0.0221576 -0.00156606 0.0
0.0222611 -0.00157645 0.0
0.0223803 -0.00159471 0.0
0.0225211 -0.00162923 0.0
0.0226834 -0.0017009 0.0
0.0228293 -0.0017903 0.0
0.0229485 -0.00187513 0.0
0.0230467 -0.00198387 0.0
0.0231397 -0.00205256 0.0
0.0232455 -0.00210089 0.0
0.023345 -0.00217061 0.0
0.0234359 -0.00221864 0.0
0.0235423 -0.00226793 0.0
0.0236502 -0.00232192 0.0
0.0237433 -0.00237958 0.0
0.0238334 -0.002424 0.0
0.0239252 -0.00247499 0.0
0.0240114 -0.00250526 0.0
0.0241026 -0.00253956 0.0
0.0241939 -0.00258522 0.0
0.0242812 -0.00260314 0.0
0.0243678 -0.00262884 0.0
0.0244476 -0.00265953 0.0
0.0245295 -0.00267647 0.0
0.0246126 -0.00270284 0.0
0.0246882 -0.00272532 0.0
0.0247554 -0.0027524 0.0
0.0248177 -0.0027813 0.0
0.0248773 -0.00280812 0.0
0.0249307 -0.0028318 0.0
0.0249745 -0.00286022 0.0
0.025011 -0.00288216 0.0
0.0250445 -0.00290056 0.0
0.0250725 -0.00292227 0.0
0.0250926 -0.00293717 0.0
0.025105 -0.00295046 0.0
0.0251119 -0.00296183 0.0
0.0251159 -0.00297287 0.0
0.0251131 -0.0029802 0.0
0.0251017 -0.00298435 0.0
0.025085 -0.0029886 0.0
0.0250642 -0.00299052 0.0
0.0250364 -0.00298814 0.0
0.0249991 -0.00298269 0.0
0.0249546 -0.00297597 0.0
0.0249058 -0.00296298 0.0
0.0248503 -0.00294508 0.0
0.0247851 -0.00292254 0.0
0.0247146 -0.00289377 0.0
0.0246427 -0.00285799 0.0
0.0245664 -0.00281618 0.0
0.0244838 -0.00276788 0.0
0.0244008 -0.00271247 0.0
0.02432 -0.00265322 0.0
0.0242369 -0.00258831 0.0
0.0241519 -0.00251791 0.0
0.02407 -0.002446 0.0
0.0239903 -0.00237165 0.0
0.0239103 -0.00229386 0.0
0.0238311 -0.00221571 0.0
0.0237544 -0.00213784 0.0
0.0236799 -0.0020593 0.0
0.023606 -0.00198095 0.0
0.023533 -0.00190412 0.0
0.023462 -0.00182851 0.0
0.023393 -0.0017542 0.0
0.0233246 -0.00168173 0.0
0.0232571 -0.00161133 0.0
0.0231914 -0.00154297 0.0
0.0231272 -0.00147688 0.0
0.0230636 -0.00141307 0.0
0.0230011 -0.0013516 0.0
0.0229401 -0.00129256 0.0
0.0228803 -0.00123598 0.0
0.0228213 -0.00118171 0.0
0.0227634 -0.00112982 0.0
0.022707 -0.00108036 0.0
0.0226516 -0.00103319 0.0
0.0225971 -0.000988212 0.0
0.0225439 -0.000945481 0.0
0.0224919 -0.000904926 0.0
0.022441 -0.000866396 0.0
0.0223911 -0.000829843 0.0
0.0223425 -0.000795266 0.0
0.0222951 -0.00076254 0.0
0.0222487 -0.000731556 0.0
0.0222035 -0.00070228 0.0
0.0221595 -0.000674656 0.0
0.0221166 -0.000648565 0.0
0.0220748 -0.000623934 0.0
0.0220342 -0.000600722 0.0
0.0219947 -0.000578849 0.0
0.0219563 -0.000558224 0.0
0.0219189 -0.000538793 0.0
0.0218827 -0.000520505 0.0
0.0218475 -0.000503281 0.0
0.0218134 -0.000487057 0.0
0.0217803 -0.000471788 0.0
0.0217482 -0.000457417 0.0
0.0217171 -0.000443882 0.0
0.0216869 -0.000431137 0.0
0.0216578 -0.000419137 0.0
0.0216295 -0.000407835 0.0
0.0216022 -0.000397182 0.0
0.0215757 -0.000387141 0.0
0.0215501 -0.000377674 0.0
0.0215254 -0.000368741 0.0
0.0215015 -0.000360306 0.0
0.0214784 -0.000352339 0.0
0.021456 -0.000344809 0.0
0.0214344 -0.000337682 0.0
0.0214135 -0.000330934 0.0
0.0213934 -0.000324539 0.0
0.0213739 -0.00031847 0.0
0.0213551 -0.000312704 0.0
0.0213369 -0.000307221 0.0
0.0213193 -0.000302 0.0
0.0213024 -0.000297022 0.0
0.021286 -0.000292267 0.0
0.0212702 -0.00028772 0.0
0.0212549 -0.000283365 0.0
0.0212401 -0.000279187 0.0
0.0212258 -0.000275171 0.0
0.021212 -0.000271304 0.0
0.0211986 -0.000267575 0.0
0.0211857 -0.000263972 0.0
0.0211732 -0.000260483 0.0
0.0211612 -0.000257098 0.0
0.0211495 -0.000253808 0.0
0.0211382 -0.000250604 0.0
0.0211273 -0.000247477 0.0
0.0211167 -0.000244418 0.0
0.0211064 -0.00024142 0.0
0.0210965 -0.000238475 0.0
0.0210868 -0.000235577 0.0
0.0210775 -0.000232717 0.0
0.0210685 -0.000229891 0.0
0.0210597 -0.000227091 0.0
0.0210512 -0.000224312 0.0
0.0210429 -0.000221546 0.0
0.0210349 -0.000218788 0.0
0.0210271 -0.000216033 0.0
0.0210195 -0.000213273 0.0
0.0210121 -0.000210503 0.0
0.0210049 -0.000207717 0.0
0.020998 -0.000204908 0.0
0.0209912 -0.00020207 0.0
0.0209846 -0.000199196 0.0
0.0209781 -0.000196279 0.0
0.0209719 -0.000193312 0.0
0.0209657 -0.000190286 0.0
0.0209598 -0.000187193 0.0
0.0209539 -0.000184025 0.0
0.0209483 -0.00018077 0.0
0.0209427 -0.000177419 0.0
0.0209373 -0.000173959 0.0
0.020932 -0.00017038 0.0
0.0209268 -0.000166665 0.0
0.0209217 -0.000162801 0.0
0.0209167 -0.000158769 0.0
0.0209118 -0.000154554 0.0
0.0209071 -0.00015013 0.0
0.0209024 -0.000145481 0.0
0.0208978 -0.000140572 0.0
0.0208933 -0.000135384 0.0
0.0208889 -0.000129875 0.0
0.0208846 -0.000124021 0.0
0.0208804 -0.000117764 0.0
0.0208762 -0.000111079 0.0
0.0208722 -0.000103888 0.0
0.0208683 -9.6161e-05 0.0
0.0208646 -8.77943e-05 0.0
0.020861 -7.87564e-05 0.0
0.0208576 -6.89011e-05 0.0
0.0208544 -5.81952e-05 0.0
0.0208515 -4.64413e-05 0.0
0.0208489 -3.36095e-05 0.0
0.0208468 -1.9454e-05 0.0
0.0208453 -4.48327e-06 0.0
0.0208444 3.56037e-06 0.0
0.0 0.0 0.0
0.0 0.0 0.0
0.019299 -5.28844e-05 0.0
0.0193161 -0.000149606 0.0
0.0193613 -0.000236561 0.0
0.0193972 -0.000323894 0.0
0.019438 -0.000412657 0.0
0.0195136 -0.000480249 0.0
0.0195909 -0.000549892 0.0
0.0196606 -0.000628499 0.0
0.0197487 -0.0006713 0.0
0.0198492 -0.000711506 0.0
0.0199441 -0.000768348 0.0
0.0200407 -0.000799174 0.0
0.0201428 -0.00081085 0.0
0.0202486 -0.000838934 0.0
0.0203527 -0.000857693 0.0
0.0204516 -0.00085671 0.0
0.0205517 -0.000856821 0.0
0.0206557 -0.000861058 0.0
0.0207524 -0.000852134 0.0
0.0208421 -0.00083755 0.0
0.0209348 -0.000824804 0.0
0.0210265 -0.000809043 0.0
0.0211078 -0.000786037 0.0
0.0211852 -0.000762424 0.0
0.0212645 -0.00073773 0.0
0.021338 -0.000709503 0.0
0.0214027 -0.000678427 0.0
0.0214658 -0.00064688 0.0
0.0215277 -0.000612885 0.0
0.0215823 -0.000576592 0.0
0.0216311 -0.000538934 0.0
0.0216784 -0.000499754 0.0
0.0217221 -0.000457942 0.0
0.0217595 -0.000414529 0.0
0.0217931 -0.000369439 0.0
0.0218242 -0.000321729 0.0
0.0218511 -0.000271344 0.0
0.0218732 -0.000219071 0.0
0.0218923 -0.000163796 0.0
0.0219083 -0.00010471 0.0
0.0219204 -4.25901e-05 0.0
0.0219289 2.27608e-05 0.0
0.0219347 9.34394e-05 0.0
0.0219375 0.000169176 0.0
0.0219369 0.00024877 0.0
0.0219339 0.000334745 0.0
0.021929 0.000429262 0.0
0.0219211 0.000529499 0.0
0.021911 0.000636119 0.0
0.0219012 0.000755121 0.0
0.0218905 0.0008849 0.0
0.0218769 0.00102095 0.0
0.0218654 0.00117067 0.0
0.0218597 0.00133928 0.0
0.0218532 0.00151747 0.0
0.0218475 0.00170773 0.0
0.0218553 0.00192169 0.0
0.0218746 0.00215368 0.0
0.0218969 0.00239755 0.0
0.0219347 0.00266449 0.0
0.0219986 0.00294941 0.0
0.0220838 0.00325241 0.0
0.0221927 0.00357598 0.0
0.0223292 0.00390599 0.0
0.0225021 0.0042427 0.0
0.0227261 0.00460511 0.0
0.0229848 0.0049537 0.0
0.0232699 0.00529181 0.0
0.0236162 0.00562517 0.0
0.0240153 0.00594743 0.0
0.0244312 0.00623079 0.0
0.02488 0.00648097 0.0
0.0253791 0.00669134 0.0
0.0258787 0.0068653 0.0
0.0263793 0.00697366 0.0
0.0268837 0.00701495 0.0
0.0273488 0.00702067 0.0
0.0277723 0.00695859 0.0
0.0281591 0.00679536 0.0
0.0284693 0.00662809 0.0
0.0287352 0.00641139 0.0
0.0289359 0.00610233 0.0
0.0290291 0.00578781 0.0
0.0290791 0.00546636 0.0
0.0290801 0.00510787 0.0
0.0289817 0.00476501 0.0
0.0288237 0.00439569 0.0
0.0286496 0.00405049 0.0
0.0284802 0.00373536 0.0
0.0283313 0.00339872 0.0
0.0281363 0.00298607 0.0
0.0278854 0.00261555 0.0
0.0276394 0.00225834 0.0
0.027386 0.00188958 0.0
0.0270875 0.00157963 0.0
0.0267816 0.00129246 0.0
0.0264974 0.00104511 0.0
0.0262498 0.000841156 0.0
0.0260307 0.000652244 0.0
0.0258291 0.000493781 0.0
0.0256538 0.000357246 0.0
0.0255121 0.000233076 0.0
0.0253974 0.000118706 0.0
0.0253031 2.07064e-05 0.0
0.0252312 -7.02028e-05 0.0
0.0251823 -0.000161573 0.0
0.0251553 -0.00024602 0.0
0.0251463 -0.000334274 0.0
0.0251579 -0.00042019 0.0
0.0251881 -0.00051847 0.0
0.0252132 -0.000644544 0.0
0.0252482 -0.000764659 0.0
0.0252963 -0.000912684 0.0
0.0253195 -0.00107688 0.0
0.0253155 -0.00122219 0.0
0.0252953 -0.0013727 0.0
0.0252692 -0.00147186 0.0
0.0252657 -0.0015412 0.0
0.0252768 -0.00161441 0.0
0.0253012 -0.00164887 0.0
0.0253585 -0.00169119 0.0
0.0254376 -0.00175117 0.0
0.025522 -0.001814 0.0
0.0255989 -0.00188611 0.0
0.0256669 -0.00196237 0.0
0.025722 -0.00204665 0.0
0.0257698 -0.00211807 0.0
0.0258232 -0.00218659 0.0
0.0258767 -0.00223927 0.0
0.0259284 -0.00229358 0.0
0.0259857 -0.00235345 0.0
0.0260426 -0.00240589 0.0
0.0260953 -0.00244778 0.0
0.0261429 -0.00249551 0.0
0.0261848 -0.00253947 0.0
0.026228 -0.0025723 0.0
0.0262713 -0.00260589 0.0
0.0263028 -0.00263723 0.0
0.0263332 -0.00266216 0.0
0.0263695 -0.00269079 0.0
0.0264004 -0.00271026 0.0
0.0264289 -0.00273013 0.0
0.026456 -0.00275645 0.0
0.0264801 -0.00277512 0.0
0.0265028 -0.00279344 0.0
0.026519 -0.00281796 0.0
0.0265261 -0.00284061 0.0
0.0265302 -0.00285641 0.0
0.0265286 -0.0028764 0.0
0.026518 -0.00289317 0.0
0.0265036 -0.00290802 0.0
0.0264839 -0.00292067 0.0
0.0264568 -0.00293067 0.0
0.0264252 -0.00293892 0.0
0.0263901 -0.00294576 0.0
0.0263486 -0.00295001 0.0
0.0263002 -0.00295076 0.0
0.026247 -0.00295081 0.0
0.0261894 -0.00294816 0.0
0.0261252 -0.0029435 0.0
0.0260536 -0.00293498 0.0
0.0259771 -0.00292305 0.0
0.0258959 -0.00290945 0.0
0.025808 -0.00289126 0.0
0.0257139 -0.00286706 0.0
0.0256156 -0.00283809 0.0
0.0255137 -0.00280598 0.0
0.0254074 -0.00276702 0.0
0.0252976 -0.00272081 0.0
0.0251862 -0.00267016 0.0
0.0250748 -0.00261601 0.0
0.0249619 -0.00255541 0.0
0.0248485 -0.00248878 0.0
0.0247369 -0.00242133 0.0
0.024627 -0.0023512 0.0
0.0245177 -0.0022762 0.0
0.0244099 -0.00220043 0.0
0.0243047 -0.00212538 0.0
0.0242019 -0.00204855 0.0
0.0241006 -0.00197106 0.0
0.0240011 -0.00189517 0.0
0.0239041 -0.00182039 0.0
0.0238096 -0.00174601 0.0
0.0237167 -0.00167328 0.0
0.0236253 -0.00160271 0.0
0.0235366 -0.00153393 0.0
0.02345 -0.001467 0.0
0.0233647 -0.00140241 0.0
0.0232811 -0.00134017 0.0
0.0232 -0.00128022 0.0
0.0231206 -0.00122261 0.0
0.0230425 -0.00116741 0.0
0.0229663 -0.00111462 0.0
0.0228922 -0.00106421 0.0
0.0228195 -0.00101612 0.0
0.0227484 -0.000970316 0.0
0.0226791 -0.00092679 0.0
0.0226116 -0.000885474 0.0
0.0225456 -0.000846255 0.0
0.0224811 -0.000809102 0.0
0.0224183 -0.000773967 0.0
0.0223572 -0.000740747 0.0
0.0222975 -0.000709344 0.0
0.0222394 -0.000679721 0.0
0.0221828 -0.000651802 0.0
0.0221278 -0.00062548 0.0
0.0220741 -0.000600685 0.0
0.022022 -0.000577365 0.0
0.0219714 -0.000555433 0.0
0.0219221 -0.000534804 0.0
0.0218741 -0.00051542 0.0
0.0218276 -0.000497222 0.0
0.0217824 -0.000480129 0.0
0.0217385 -0.000464077 0.0
0.0216959 -0.000449015 0.0
0.0216545 -0.000434883 0.0
0.0216144 -0.000421617 0.0
0.0215754 -0.000409167 0.0
0.0215376 -0.000397487 0.0
0.021501 -0.000386523 0.0
0.0214654 -0.000376228 0.0
0.021431 -0.000366561 0.0
0.0213975 -0.000357481 0.0
0.0213651 -0.000348946 0.0
0.0213337 -0.000340919 0.0
0.0213033 -0.000333367 0.0
0.0212737 -0.000326257 0.0
0.0212451 -0.000319555 0.0
0.0212174 -0.000313233 0.0
0.0211905 -0.000307266 0.0
0.0211644 -0.000301624 0.0
0.0211391 -0.000296285 0.0
0.0211146 -0.000291227 0.0
0.0210909 -0.000286427 0.0
0.0210678 -0.000281865 0.0
0.0210455 -0.000277523 0.0
0.0210238 -0.000273383 0.0
0.0210027 -0.000269429 0.0
0.0209823 -0.000265645 0.0
0.0209625 -0.000262017 0.0
0.0209432 -0.000258532 0.0
0.0209246 -0.000255177 0.0
0.0209064 -0.000251941 0.0
0.0208888 -0.000248811 0.0
0.0208717 -0.000245778 0.0
0.020855 -0.000242833 0.0
0.0208388 -0.000239965 0.0
0.0208231 -0.000237167 0.0
0.0208078 -0.000234431 0.0
0.0207929 -0.000231747 0.0
0.0207784 -0.000229111 0.0
0.0207643 -0.000226514 0.0
0.0207506 -0.000223949 0.0
0.0207372 -0.000221412 0.0
0.0207242 -0.000218895 0.0
0.0207115 -0.000216392 0.0
0.0206991 -0.000213898 0.0
0.020687 -0.000211408 0.0
0.0206752 -0.000208915 0.0
0.0206637 -0.000206414 0.0
0.0206525 -0.000203899 0.0
0.0206416 -0.000201366 0.0
0.0206309 -0.000198807 0.0
0.0206205 -0.000196217 0.0
0.0206103 -0.00019359 0.0
0.0206003 -0.00019092 0.0
0.0205906 -0.000188199 0.0
0.020581 -0.000185421 0.0
0.0205717 -0.000182578 0.0
0.0205626 -0.000179661 0.0
0.0205537 -0.000176663 0.0
0.020545 -0.000173572 0.0
0.0205365 -0.000170381 0.0
0.0205282 -0.000167075 0.0
0.02052 -0.000163645 0.0
0.0205121 -0.000160075 0.0
0.0205043 -0.000156353 0.0
0.0204967 -0.000152458 0.0
0.0204892 -0.000148378 0.0
0.0204819 -0.000144087 0.0
0.0204748 -0.000139568 0.0
0.0204678 -0.00013479 0.0
0.020461 -0.000129734 0.0
0.0204544 -0.000124359 0.0
0.020448 -0.000118642 0.0
0.0204417 -0.000112532 0.0
0.0204357 -0.000106001 0.0
0.0204298 -9.89788e-05 0.0
0.0204242 -9.14382e-05 0.0
0.0204189 -8.3286e-05 0.0
0.0204138 -7.44882e-05 0.0
0.0204091 -6.49208e-05 0.0
0.0204048 -5.45504e-05 0.0
0.0204009 -4.32076e-05 0.0
0.0203976 -3.08614e-05 0.0
0.0203949 -1.7328e-05 0.0
0.0203931 -3.15736e-06 0.0
0.0203921 4.40422e-06 0.0
0.0 0.0 0.0
0.0 0.0 0.0
0.0193195 -5.41421e-05 0.0
0.0193316 -0.000182061 0.0
0.0193581 -0.000285514 0.0
0.0194085 -0.000358136 0.0
0.0194639 -0.000467556 0.0
0.019537 -0.000578739 0.0
0.0196254 -0.000627995 0.0
0.0197117 -0.000694101 0.0
0.0198075 -0.00078386 0.0
0.019919 -0.000825246 0.0
0.0200244 -0.000852475 0.0
0.0201321 -0.000904163 0.0
0.0202481 -0.000932957 0.0
0.0203602 -0.000941846 0.0
0.0204696 -0.000955835 0.0
0.0205828 -0.000967894 0.0
0.0206901 -0.000963788 0.0
0.0207922 -0.000957042 0.0
0.0208962 -0.000948479 0.0
0.0209955 -0.000934627 0.0
0.021085 -0.000914996 0.0
0.0211734 -0.00089346 0.0
0.0212609 -0.000868031 0.0
0.0213388 -0.00084068 0.0
0.0214096 -0.000810422 0.0
0.0214804 -0.000777327 0.0
0.0215463 -0.000742065 0.0
0.021603 -0.00070618 0.0
0.0216558 -0.00066745 0.0
0.021707 -0.000626411 0.0
0.0217518 -0.000584378 0.0
0.02179 -0.000541167 0.0
0.0218258 -0.000495122 0.0
0.0218584 -0.000447303 0.0
0.0218851 -0.000398243 0.0
0.0219076 -0.00034704 0.0
0.0219279 -0.000292883 0.0
0.0219444 -0.000236599 0.0
0.0219565 -0.00017806 0.0
0.021966 -0.000116192 0.0
0.0219732 -5.05099e-05 0.0
0.0219768 1.83385e-05 0.0
0.0219775 9.09697e-05 0.0
0.0219771 0.000168958 0.0
0.0219743 0.000252271 0.0
0.0219683 0.000340154 0.0
0.0219621 0.000434616 0.0
0.0219563 0.000537491 0.0
0.0219473 0.000647059 0.0
0.0219374 0.000763865 0.0
0.0219321 0.000892008 0.0
0.0219277 0.00103116 0.0
0.0219198 0.00117877 0.0
0.0219187 0.0013392 0.0
0.0219286 0.00151476 0.0
0.0219376 0.00170308 0.0
0.0219499 0.00190531 0.0
0.0219835 0.00212316 0.0
0.0220306 0.00235513 0.0
0.022082 0.00260863 0.0
0.0221564 0.00287449 0.0
0.0222602 0.00314437 0.0
0.0223836 0.0034383 0.0
0.0225351 0.00375417 0.0
0.022721 0.00404876 0.0
0.0229381 0.00435278 0.0
0.0231969 0.00468194 0.0
0.023496 0.00498812 0.0
0.023824 0.00525772 0.0
0.0241902 0.00554508 0.0
0.0246057 0.00581198 0.0
0.0250415 0.00601748 0.0
0.0254929 0.00620167 0.0
0.0259826 0.00637884 0.0
0.0264836 0.00646604 0.0
0.026959 0.00652342 0.0
0.027459 0.00656528 0.0
0.027947 0.00649285 0.0
0.0283672 0.00642831 0.0
0.0287621 0.00631133 0.0
0.0291311 0.00609401 0.0
0.0294267 0.00589955 0.0
0.0296617 0.00568559 0.0
0.0298346 0.00535449 0.0
0.0299618 0.00507357 0.0
0.0300721 0.00478729 0.0
0.0301133 0.00445802 0.0
0.0301047 0.00415047 0.0
0.0300969 0.00380806 0.0
0.0300773 0.00348721 0.0
0.0300023 0.00315618 0.0
0.0298888 0.0028151 0.0
0.0297568 0.00243635 0.0
0.0295976 0.00212795 0.0
0.0294156 0.00183231 0.0
0.0292205 0.00153245 0.0
0.0290282 0.00127641 0.0
0.028849 0.0010522 0.0
0.0286707 0.000846789 0.0
0.0285041 0.000665079 0.0
0.0283679 0.000501475 0.0
0.0282516 0.000355368 0.0
0.028142 0.00022313 0.0
0.0280516 0.000101948 0.0
0.0279901 -1.2739e-05 0.0
0.0279428 -0.000122205 0.0
0.0279043 -0.000221258 0.0
0.0278858 -0.000325866 0.0
0.0278853 -0.000440027 0.0
0.0278975 -0.000544554 0.0
0.0279137 -0.000658967 0.0
0.0279276 -0.000796718 0.0
0.0279397 -0.000933775 0.0
0.0279415 -0.00107057 0.0
0.0279265 -0.0012051 0.0
0.0278969 -0.00133784 0.0
0.0278666 -0.00144235 0.0
0.0278448 -0.0015384 0.0
0.0278258 -0.00160678 0.0
0.0278226 -0.00167311 0.0
0.027843 -0.00174131 0.0
0.0278691 -0.00180398 0.0
0.0278929 -0.00186548 0.0
0.0279245 -0.00193912 0.0
0.0279576 -0.00202138 0.0
0.0279853 -0.00208088 0.0
0.0280055 -0.00215034 0.0
0.0280139 -0.00222187 0.0
0.0280277 -0.00227253 0.0
0.0280455 -0.00232835 0.0
0.0280519 -0.00237951 0.0
0.028052 -0.00242967 0.0
0.0280574 -0.0024752 0.0
0.0280602 -0.00251911 0.0
0.0280569 -0.00255199 0.0
0.0280528 -0.00259312 0.0
0.0280465 -0.00262414 0.0
0.0280402 -0.00264608 0.0
0.0280315 -0.00267633 0.0
0.0280175 -0.00269984 0.0
0.0280028 -0.00271653 0.0
0.0279865 -0.00273749 0.0
0.0279645 -0.00275435 0.0
0.0279395 -0.00277221 0.0
0.0279114 -0.00279009 0.0
0.0278787 -0.00280414 0.0
0.0278401 -0.00282011 0.0
0.0277962 -0.0028362 0.0
0.0277485 -0.00284754 0.0
0.0276962 -0.00285844 0.0
0.0276371 -0.00286922 0.0
0.0275724 -0.00287504 0.0
0.027504 -0.0028807 0.0
0.0274309 -0.00288436 0.0
0.0273517 -0.00288517 0.0
0.0272666 -0.00288305 0.0
0.027178 -0.00288022 0.0
0.0270853 -0.00287564 0.0
0.0269866 -0.0028665 0.0
0.0268821 -0.00285529 0.0
0.0267735 -0.00284299 0.0
0.0266609 -0.00282694 0.0
0.0265431 -0.00280567 0.0
0.0264192 -0.00278199 0.0
0.0262916 -0.00275517 0.0
0.0261619 -0.00272252 0.0
0.0260283 -0.0026848 0.0
0.0258902 -0.00264303 0.0
0.0257512 -0.00259666 0.0
0.025613 -0.00254491 0.0
0.0254729 -0.00248859 0.0
0.0253315 -0.00242796 0.0
0.0251928 -0.00236442 0.0
0.0250563 -0.00229774 0.0
0.0249197 -0.00222712 0.0
0.0247849 -0.00215538 0.0
0.024654 -0.00208311 0.0
0.0245256 -0.00200879 0.0
0.0243988 -0.00193382 0.0
0.0242747 -0.00186005 0.0
0.0241542 -0.00178657 0.0
0.0240365 -0.00171331 0.0
0.0239208 -0.0016416 0.0
0.0238079 -0.00157174 0.0
0.0236984 -0.00150321 0.0
0.0235914 -0.0014365 0.0
0.0234864 -0.00137203 0.0
0.0233842 -0.00130972 0.0
0.023285 -0.00124953 0.0
0.0231881 -0.0011917 0.0
0.0230932 -0.00113623 0.0
0.0230009 -0.00108308 0.0
0.0229112 -0.00103231 0.0
0.0228236 -0.000983894 0.0
0.022738 -0.000937748 0.0
0.0226549 -0.000893897 0.0
0.022574 -0.000852293 0.0
0.0224951 -0.000812827 0.0
0.0224182 -0.000775446 0.0
0.0223435 -0.000740139 0.0
0.0222708 -0.000706795 0.0
0.0221999 -0.00067531 0.0
0.022131 -0.000645648 0.0
0.0220641 -0.000617748 0.0
0.0219989 -0.000591489 0.0
0.0219355 -0.000566799 0.0
0.021874 -0.00054363 0.0
0.0218141 -0.000521897 0.0
0.021756 -0.000501502 0.0
0.0216994 -0.000482391 0.0
0.0216445 -0.000464503 0.0
0.0215912 -0.000447755 0.0
0.0215394 -0.000432075 0.0
0.0214891 -0.000417415 0.0
0.0214402 -0.000403711 0.0
0.0213928 -0.000390895 0.0
0.0213467 -0.000378915 0.0
0.021302 -0.000367723 0.0
0.0212585 -0.000357264 0.0
0.0212164 -0.000347485 0.0
0.0211754 -0.000338345 0.0
0.0211357 -0.000329803 0.0
0.0210971 -0.000321811 0.0
0.0210596 -0.000314333 0.0
0.0210232 -0.000307333 0.0
0.0209879 -0.000300777 0.0
0.0209536 -0.000294629 0.0
0.0209203 -0.000288861 0.0
0.0208879 -0.000283444 0.0
0.0208565 -0.000278351 0.0
0.0208259 -0.000273555 0.0
0.0207962 -0.000269034 0.0
0.0207673 -0.000264767 0.0
0.0207393 -0.00026073 0.0
0.020712 -0.000256906 0.0
0.0206855 -0.000253277 0.0
0.0206597 -0.000249825 0.0
0.0206346 -0.000246534 0.0
0.0206101 -0.000243391 0.0
0.0205864 -0.000240381 0.0
0.0205632 -0.000237492 0.0
0.0205407 -0.000234711 0.0
0.0205187 -0.000232029 0.0
0.0204973 -0.000229433 0.0
0.0204765 -0.000226916 0.0
0.0204561 -0.000224467 0.0
0.0204363 -0.000222078 0.0
0.020417 -0.000219742 0.0
0.0203981 -0.00021745 0.0
0.0203797 -0.000215196 0.0
0.0203618 -0.000212974 0.0
0.0203443 -0.000210776 0.0
0.0203271 -0.000208597 0.0
0.0203104 -0.000206432 0.0
0.0202941 -0.000204274 0.0
0.0202781 -0.000202119 0.0
0.0202625 -0.00019996 0.0
0.0202472 -0.000197794 0.0
0.0202323 -0.000195614 0.0
0.0202177 -0.000193417 0.0
0.0202034 -0.000191196 0.0
0.0201894 -0.000188946 0.0
0.0201758 -0.000186663 0.0
0.0201624 -0.000184341 0.0
0.0201493 -0.000181974 0.0
0.0201364 -0.000179555 0.0
0.0201239 -0.00017708 0.0
0.0201116 -0.00017454 0.0
0.0200995 -0.00017193 0.0
0.0200877 -0.00016924 0.0
0.0200762 -0.000166463 0.0
0.0200649 -0.000163589 0.0
0.0200538 -0.00016061 0.0
0.020043 -0.000157512 0.0
0.0200324 -0.000154287 0.0
0.020022 -0.000150919 0.0
0.0200118 -0.000147396 0.0
0.0200019 -0.0001437 0.0
0.0199922 -0.000139817 0.0
0.0199827 -0.000135723 0.0
0.0199735 -0.000131404 0.0
0.0199645 -0.000126829 0.0
0.0199557 -0.000121979 0.0
0.0199472 -0.000116818 0.0
0.0199389 -0.000111324 0.0
0.0199309 -0.00010545 0.0
0.0199232 -9.91685e-05 0.0
0.0199158 -9.24207e-05 0.0
0.0199087 -8.51791e-05 0.0
0.019902 -7.73619e-05 0.0
0.0198957 -6.89369e-05 0.0
0.0198899 -5.98042e-05 0.0
0.0198846 -4.99277e-05 0.0
0.0198799 -3.91714e-05 0.0
0.0198759 -2.7505e-05 0.0
0.0198728 -1.48113e-05 0.0
0.0198707 -1.67135e-06 0.0
0.0198696 5.28524e-06 0.0
0.0 0.0 0.0
0.0 0.0 0.0
0.0193113 -8.38809e-05 0.0
0.0193308 -0.000187903 0.0
0.019352 -0.000314821 0.0
0.0194209 -0.000443415 0.0
0.0195096 -0.000533946 0.0
0.0195749 -0.000639596 0.0
0.0196601 -0.000739683 0.0
0.0197843 -0.000800671 0.0
0.0198968 -0.000874722 0.0
0.0200028 -0.000946112 0.0
0.0201251 -0.000974563 0.0
0.0202544 -0.00101231 0.0
0.020378 -0.00105182 0.0
0.0204965 -0.0010646 0.0
0.0206145 -0.00106718 0.0
0.0207369 -0.00107874 0.0
0.0208529 -0.00107604 0.0
0.0209563 -0.00106159 0.0
0.0210586 -0.00104749 0.0
0.0211631 -0.00103173 0.0
0.0212557 -0.0010055 0.0
0.0213366 -0.000977553 0.0
0.0214183 -0.000948561 0.0
0.021497 -0.000915164 0.0
0.0215628 -0.000877714 0.0
0.0216216 -0.000840628 0.0
0.0216803 -0.000800705 0.0
0.0217326 -0.000757761 0.0
0.0217751 -0.00071394 0.0
0.0218138 -0.000669551 0.0
0.0218504 -0.000622087 0.0
0.0218805 -0.000573161 0.0
0.0219042 -0.000523727 0.0
0.0219255 -0.000472418 0.0
0.0219438 -0.000418383 0.0
0.0219568 -0.000363292 0.0
0.021966 -0.00030663 0.0
0.0219734 -0.000246903 0.0
0.0219777 -0.000184521 0.0
0.0219785 -0.00012036 0.0
0.0219773 -5.27234e-05 0.0
0.0219747 1.92304e-05 0.0
0.0219698 9.42053e-05 0.0
0.0219629 0.000172882 0.0
0.0219558 0.0002578 0.0
0.021948 0.000348059 0.0
0.0219386 0.000442379 0.0
0.0219299 0.000544284 0.0
0.0219234 0.000655256 0.0
0.0219166 0.00077187 0.0
0.02191 0.000895945 0.0
0.0219095 0.00103298 0.0
0.0219135 0.00117952 0.0
0.0219176 0.00133353 0.0
0.021929 0.00150161 0.0
0.0219536 0.00168408 0.0
0.0219842 0.00187542 0.0
0.0220215 0.00208158 0.0
0.0220774 0.00230159 0.0
0.0221524 0.00253171 0.0
0.0222422 0.00277774 0.0
0.0223512 0.00303655 0.0
0.0224858 0.00329448 0.0
0.0226522 0.00356837 0.0
0.0228477 0.00385217 0.0
0.0230652 0.00412627 0.0
0.0233196 0.00439405 0.0
0.0236187 0.00467051 0.0
0.0239428 0.00493015 0.0
0.0242911 0.00516512 0.0
0.0246851 0.00538079 0.0
0.0251081 0.0055877 0.0
0.0255445 0.00575277 0.0
0.0260059 0.00587921 0.0
0.0264885 0.00598182 0.0
0.0269675 0.00605244 0.0
0.0274513 0.00606624 0.0
0.0279207 0.00603534 0.0
0.0283808 0.00600216 0.0
0.0288301 0.00588716 0.0
0.0292278 0.00574792 0.0
0.0295915 0.00558609 0.0
0.0299483 0.00538588 0.0
0.0302464 0.00515618 0.0
0.030475 0.00492293 0.0
0.0306761 0.00464005 0.0
0.0308455 0.00437437 0.0
0.0309821 0.0041015 0.0
0.0310728 0.00379505 0.0
0.0311229 0.00348355 0.0
0.0311651 0.00318234 0.0
0.0311961 0.00286699 0.0
0.0311661 0.00254449 0.0
0.0310997 0.00225107 0.0
0.0310334 0.00194676 0.0
0.0309522 0.0016817 0.0
0.0308467 0.00143214 0.0
0.0307318 0.00119422 0.0
0.0306249 0.000982771 0.0
0.0305282 0.000792616 0.0
0.0304316 0.000614403 0.0
0.0303399 0.000454296 0.0
0.030265 0.000308013 0.0
0.030204 0.000170065 0.0
0.0301498 4.2032e-05 0.0
0.0301057 -7.98557e-05 0.0
0.030077 -0.000197695 0.0
0.0300612 -0.000311615 0.0
0.0300466 -0.000429777 0.0
0.0300363 -0.000551137 0.0
0.0300406 -0.000670481 0.0
0.0300446 -0.000801118 0.0
0.0300345 -0.000930506 0.0
0.0300241 -0.00106096 0.0
0.0300096 -0.00119482 0.0
0.0299856 -0.00130493 0.0
0.0299559 -0.00141445 0.0
0.0299205 -0.0015148 0.0
0.0298935 -0.00158918 0.0
0.0298766 -0.00167021 0.0
0.0298572 -0.00174124 0.0
0.0298424 -0.00180707 0.0
0.0298358 -0.00187907 0.0
0.029829 -0.00194711 0.0
0.029813 -0.00201845 0.0
0.0297947 -0.00208476 0.0
0.029779 -0.00215113 0.0
0.0297572 -0.00220774 0.0
0.0297319 -0.00226703 0.0
0.0297049 -0.00232382 0.0
0.0296777 -0.00236734 0.0
0.0296485 -0.00241428 0.0
0.0296134 -0.00246011 0.0
0.029574 -0.00249915 0.0
0.029535 -0.00253104 0.0
0.0294906 -0.00256547 0.0
0.0294398 -0.00259293 0.0
0.0293906 -0.00261926 0.0
0.0293379 -0.00264192 0.0
0.0292792 -0.00265891 0.0
0.02922 -0.00267984 0.0
0.0291586 -0.00269736 0.0
0.0290941 -0.00270819 0.0
0.0290264 -0.00272304 0.0
0.028953 -0.00273828 0.0
0.0288765 -0.00274783 0.0
0.0287974 -0.00275754 0.0
0.0287111 -0.00276862 0.0
0.0286193 -0.00277579 0.0
0.0285246 -0.0027816 0.0
0.0284244 -0.00278598 0.0
0.0283191 -0.00278844 0.0
0.02821 -0.0027893 0.0
0.0280961 -0.00278726 0.0
0.0279773 -0.00278358 0.0
0.0278551 -0.00277803 0.0
0.0277288 -0.00277019 0.0
0.0275973 -0.00275953 0.0
0.0274613 -0.00274724 0.0
0.0273222 -0.00273201 0.0
0.0271794 -0.00271393 0.0
0.0270314 -0.00269347 0.0
0.0268795 -0.0026693 0.0
0.0267256 -0.00264136 0.0
0.0265686 -0.00261031 0.0
0.0264077 -0.00257547 0.0
0.0262448 -0.00253547 0.0
0.0260815 -0.00249151 0.0
0.0259172 -0.00244434 0.0
0.0257515 -0.00239243 0.0
0.0255863 -0.0023357 0.0
0.0254232 -0.00227649 0.0
0.0252614 -0.00221486 0.0
0.0251004 -0.00214885 0.0
0.0249422 -0.00208078 0.0
0.0247877 -0.00201262 0.0
0.0246355 -0.00194224 0.0
0.024486 -0.00187031 0.0
0.0243402 -0.00179928 0.0
0.0241981 -0.00172863 0.0
0.0240593 -0.00165756 0.0
0.0239235 -0.0015876 0.0
0.0237914 -0.00151941 0.0
0.023663 -0.00145237 0.0
0.0235379 -0.00138666 0.0
0.0234157 -0.0013231 0.0
0.023297 -0.00126164 0.0
0.0231819 -0.00120209 0.0
0.0230697 -0.00114468 0.0
0.0229603 -0.00108964 0.0
0.0228542 -0.00103688 0.0
0.0227512 -0.000986371 0.0
0.0226508 -0.000938152 0.0
0.0225531 -0.000892249 0.0
0.0224585 -0.000848609 0.0
0.0223665 -0.000807179 0.0
0.0222769 -0.000767894 0.0
0.0221899 -0.00073074 0.0
0.0221055 -0.000695654 0.0
0.0220235 -0.000662538 0.0
0.0219437 -0.000631316 0.0
0.0218663 -0.000601956 0.0
0.0217911 -0.000574369 0.0
0.0217181 -0.00054845 0.0
0.0216471 -0.000524136 0.0
0.0215783 -0.000501375 0.0
0.0215114 -0.000480068 0.0
0.0214465 -0.000460129 0.0
0.0213834 -0.000441504 0.0
0.0213222 -0.000424125 0.0
0.0212627 -0.000407903 0.0
0.021205 -0.000392774 0.0
0.0211489 -0.000378685 0.0
0.0210945 -0.000365568 0.0
0.0210416 -0.000353352 0.0
0.0209902 -0.000341987 0.0
0.0209404 -0.000331422 0.0
0.0208919 -0.000321597 0.0
0.0208449 -0.00031246 0.0
0.0207991 -0.000303969 0.0
0.0207547 -0.000296078 0.0
0.0207116 -0.000288741 0.0
0.0206696 -0.000281918 0.0
0.0206288 -0.000275574 0.0
0.0205892 -0.00026967 0.0
0.0205506 -0.000264172 0.0
0.0205131 -0.00025905 0.0
0.0204767 -0.000254274 0.0
0.0204412 -0.000249815 0.0
0.0204066 -0.000245647 0.0
0.020373 -0.000241747 0.0
0.0203403 -0.00023809 0.0
0.0203085 -0.000234656 0.0
0.0202774 -0.000231426 0.0
0.0202472 -0.00022838 0.0
0.0202177 -0.000225501 0.0
0.020189 -0.000222773 0.0
0.020161 -0.000220182 0.0
0.0201337 -0.000217714 0.0
0.0201071 -0.000215355 0.0
0.0200811 -0.000213094 0.0
0.0200557 -0.00021092 0.0
0.020031 -0.000208823 0.0
0.0200068 -0.000206793 0.0
0.0199832 -0.000204821 0.0
0.0199601 -0.000202898 0.0
0.0199375 -0.000201018 0.0
0.0199155 -0.000199173 0.0
0.0198939 -0.000197356 0.0
0.0198728 -0.000195561 0.0
0.0198522 -0.000193781 0.0
0.019832 -0.000192013 0.0
0.0198123 -0.000190249 0.0
0.0197929 -0.000188485 0.0
0.019774 -0.000186716 0.0
0.0197554 -0.000184937 0.0
0.0197373 -0.000183145 0.0
0.0197195 -0.000181333 0.0
0.019702 -0.000179498 0.0
0.0196849 -0.000177635 0.0
0.0196682 -0.000175739 0.0
0.0196518 -0.000173806 0.0
0.0196357 -0.000171832 0.0
0.0196199 -0.00016981 0.0
0.0196044 -0.000167736 0.0
0.0195893 -0.000165605 0.0
0.0195744 -0.00016341 0.0
0.0195598 -0.000161145 0.0
0.0195455 -0.000158804 0.0
0.0195315 -0.000156379 0.0
0.0195178 -0.000153863 0.0
0.0195043 -0.000151247 0.0
0.0194911 -0.000148521 0.0
0.0194782 -0.000145675 0.0
0.0194656 -0.0001427 0.0
0.0194532 -0.00013958 0.0
0.0194411 -0.000136306 0.0
0.0194292 -0.000132859 0.0
0.0194177 -0.000129226 0.0
0.0194064 -0.000125387 0.0
0.0193953 -0.000121326 0.0
0.0193846 -0.000117015 0.0
0.0193742 -0.000112438 0.0
0.0193641 -0.000107562 0.0
0.0193543 -0.000102365 0.0
0.0193448 -9.68052e-05 0.0
0.0193357 -9.08606e-05 0.0
0.019327 -8.44798e-05 0.0
0.0193188 -7.76336e-05 0.0
0.019311 -7.02581e-05 0.0
0.0193037 -6.23251e-05 0.0
0.0192969 -5.37522e-05 0.0
0.0192909 -4.45036e-05 0.0
0.0192856 -3.44855e-05 0.0
0.0192811 -2.36648e-05 0.0
0.0192776 -1.19876e-05 0.0
0.0192754 -5.92366e-08 0.0
0.0192742 6.19683e-06 0.0
0.0 0.0 0.0
0.0 0.0 0.0
0.0192954 -0.00010169 0.0
0.0193352 -0.000217228 0.0
0.0193868 -0.000356345 0.0
0.0194377 -0.000526966 0.0
0.019517 -0.000631765 0.0
0.0196245 -0.000708597 0.0
0.0197325 -0.000848803 0.0
0.0198548 -0.000949644 0.0
0.0199818 -0.000978988 0.0
0.0201128 -0.0010554 0.0
0.0202549 -0.00112674 0.0
0.0203917 -0.00114626 0.0
0.0205207 -0.00116268 0.0
0.0206595 -0.00119429 0.0
0.0207921 -0.00120027 0.0
0.0209081 -0.00119165 0.0
0.0210258 -0.00118385 0.0
0.0211443 -0.00117307 0.0
0.0212441 -0.00114955 0.0
0.0213339 -0.00112269 0.0
0.0214269 -0.00109236 0.0
0.0215106 -0.00105907 0.0
0.0215772 -0.00102128 0.0
0.0216405 -0.000981058 0.0
0.0217029 -0.000937739 0.0
0.021753 -0.000893822 0.0
0.0217925 -0.000847656 0.0
0.021831 -0.000799281 0.0
0.0218651 -0.000749475 0.0
0.0218891 -0.000699563 0.0
0.021908 -0.000647714 0.0
0.0219254 -0.000594186 0.0
0.0219376 -0.000539838 0.0
0.0219435 -0.000484758 0.0
0.021947 -0.000427598 0.0
0.0219486 -0.000368739 0.0
0.0219459 -0.000308648 0.0
0.0219401 -0.000246811 0.0
0.0219333 -0.000182156 0.0
0.0219245 -0.000115099 0.0
0.0219133 -4.58814e-05 0.0
0.0219014 2.67008e-05 0.0
0.0218894 0.000103549 0.0
0.0218758 0.000183734 0.0
0.0218621 0.000267705 0.0
0.0218502 0.000357705 0.0
0.0218385 0.000453461 0.0
0.0218265 0.000553734 0.0
0.0218181 0.000660945 0.0
0.0218141 0.000777138 0.0
0.0218101 0.000899962 0.0
0.0218096 0.00103007 0.0
0.0218188 0.00117087 0.0
0.0218334 0.00132209 0.0
0.0218501 0.00148208 0.0
0.0218796 0.00165273 0.0
0.0219238 0.0018339 0.0
0.0219747 0.00202845 0.0
0.0220388 0.00223446 0.0
0.0221246 0.00244561 0.0
0.0222273 0.00266746 0.0
0.022349 0.00290894 0.0
0.0224965 0.00314713 0.0
0.0226665 0.00338294 0.0
0.0228642 0.00363719 0.0
0.0230961 0.00389296 0.0
0.0233523 0.00412324 0.0
0.0236339 0.00435895 0.0
0.0239569 0.00459603 0.0
0.0243087 0.00480246 0.0
0.0246759 0.00498343 0.0
0.0250758 0.00516679 0.0
0.0255097 0.00531118 0.0
0.0259446 0.00541772 0.0
0.0263972 0.00551725 0.0
0.0268769 0.0055681 0.0
0.0273475 0.0055834 0.0
0.0278082 0.00558983 0.0
0.0282812 0.00553309 0.0
0.0287324 0.0054422 0.0
0.0291575 0.0053692 0.0
0.0295653 0.00521004 0.0
0.0299375 0.00502855 0.0
0.0302884 0.00486703 0.0
0.0306141 0.00465456 0.0
0.0308909 0.00441381 0.0
0.0311407 0.00418277 0.0
0.0313732 0.00392012 0.0
0.0315655 0.00366939 0.0
0.0317233 0.00339525 0.0
0.0318524 0.00310263 0.0
0.0319494 0.00281884 0.0
0.0320142 0.00255199 0.0
0.0320579 0.00226416 0.0
0.0320707 0.00198392 0.0
0.032062 0.00174219 0.0
0.0320422 0.00149643 0.0
0.03201 0.00126737 0.0
0.031971 0.00105819 0.0
0.0319283 0.000864749 0.0
0.0318809 0.000683733 0.0
0.031837 0.000517233 0.0
0.0318012 0.000361376 0.0
0.0317671 0.000215492 0.0
0.0317342 8.05179e-05 0.0
0.0317109 -4.91278e-05 0.0
0.031695 -0.000179064 0.0
0.0316817 -0.000301664 0.0
0.0316735 -0.000418019 0.0
0.031668 -0.000544811 0.0
0.0316606 -0.00067113 0.0
0.0316529 -0.00079146 0.0
0.0316402 -0.000916544 0.0
0.0316198 -0.00104102 0.0
0.03159 -0.00116274 0.0
0.0315557 -0.00127239 0.0
0.0315172 -0.00137869 0.0
0.0314739 -0.0014706 0.0
0.0314343 -0.00156042 0.0
0.0313951 -0.00164151 0.0
0.0313544 -0.0017111 0.0
0.0313189 -0.00178428 0.0
0.0312843 -0.00186005 0.0
0.0312455 -0.00192336 0.0
0.0312053 -0.0019863 0.0
0.0311609 -0.00205649 0.0
0.0311119 -0.00211745 0.0
0.0310619 -0.00216912 0.0
0.0310059 -0.00222519 0.0
0.0309418 -0.00227491 0.0
0.0308784 -0.00232092 0.0
0.0308125 -0.00236428 0.0
0.0307389 -0.00240095 0.0
0.0306619 -0.00243777 0.0
0.0305835 -0.00247284 0.0
0.0305017 -0.00249857 0.0
0.0304165 -0.00252299 0.0
0.0303269 -0.00254937 0.0
0.0302342 -0.00256653 0.0
0.0301409 -0.00258305 0.0
0.0300427 -0.00259931 0.0
0.0299394 -0.00261101 0.0
0.0298341 -0.00262345 0.0
0.0297259 -0.00263284 0.0
0.0296129 -0.00264038 0.0
0.0294954 -0.0026493 0.0
0.029374 -0.00265557 0.0
0.0292493 -0.00265887 0.0
0.02912 -0.00266294 0.0
0.0289855 -0.0026651 0.0
0.0288476 -0.00266409 0.0
0.0287061 -0.00266267 0.0
0.0285597 -0.00265897 0.0
0.028409 -0.00265276 0.0
0.0282554 -0.00264519 0.0
0.0280982 -0.00263593 0.0
0.0279365 -0.00262374 0.0
0.0277714 -0.00260901 0.0
0.0276037 -0.00259344 0.0
0.0274326 -0.00257503 0.0
0.027258 -0.00255286 0.0
0.0270804 -0.00252843 0.0
0.0269005 -0.00250228 0.0
0.0267185 -0.002472 0.0
0.0265342 -0.00243751 0.0
0.0263478 -0.00240052 0.0
0.0261608 -0.00236043 0.0
0.0259739 -0.00231586 0.0
0.0257865 -0.00226728 0.0
0.025599 -0.0022159 0.0
0.0254136 -0.00216156 0.0
0.0252305 -0.00210377 0.0
0.0250484 -0.00204271 0.0
0.0248689 -0.00197999 0.0
0.0246936 -0.00191614 0.0
0.0245213 -0.00184981 0.0
0.0243518 -0.00178215 0.0
0.0241865 -0.0017152 0.0
0.0240258 -0.00164787 0.0
0.0238687 -0.00157982 0.0
0.0237152 -0.00151288 0.0
0.0235662 -0.00144743 0.0
0.0234217 -0.00138253 0.0
0.0232809 -0.00131884 0.0
0.0231438 -0.00125725 0.0
0.023011 -0.00119745 0.0
0.0228825 -0.00113923 0.0
0.0227573 -0.00108315 0.0
0.0226357 -0.00102934 0.0
0.0225181 -0.000977603 0.0
0.0224042 -0.000927983 0.0
0.0222934 -0.000880671 0.0
0.0221859 -0.000835588 0.0
0.022082 -0.000792669 0.0
0.0219812 -0.000751929 0.0
0.0218833 -0.000713344 0.0
0.0217885 -0.000676838 0.0
0.0216967 -0.000642375 0.0
0.0216076 -0.000609886 0.0
0.0215212 -0.000579296 0.0
0.0214375 -0.000550551 0.0
0.0213564 -0.000523586 0.0
0.0212777 -0.0004983 0.0
0.0212013 -0.000474627 0.0
0.0211274 -0.00045251 0.0
0.0210556 -0.000431861 0.0
0.020986 -0.00041259 0.0
0.0209185 -0.000394642 0.0
0.0208531 -0.000377949 0.0
0.0207895 -0.000362426 0.0
0.0207279 -0.000348002 0.0
0.020668 -0.000334626 0.0
0.02061 -0.000322229 0.0
0.0205536 -0.000310739 0.0
0.0204988 -0.000300104 0.0
0.0204457 -0.000290272 0.0
0.020394 -0.000281183 0.0
0.0203438 -0.000272783 0.0
0.0202951 -0.000265028 0.0
0.0202477 -0.000257873 0.0
0.0202016 -0.000251268 0.0
0.0201568 -0.000245173 0.0
0.0201132 -0.000239553 0.0
0.0200708 -0.000234368 0.0
0.0200295 -0.000229582 0.0
0.0199893 -0.000225164 0.0
0.0199502 -0.000221085 0.0
0.0199121 -0.000217314 0.0
0.019875 -0.000213824 0.0
0.0198388 -0.000210592 0.0
0.0198035 -0.000207595 0.0
0.0197691 -0.000204808 0.0
0.0197356 -0.000202214 0.0
0.0197028 -0.000199794 0.0
0.0196709 -0.000197529 0.0
0.0196397 -0.000195403 0.0
0.0196092 -0.000193403 0.0
0.0195795 -0.000191513 0.0
0.0195504 -0.000189722 0.0
0.019522 -0.000188016 0.0
0.0194942 -0.000186386 0.0
0.019467 -0.000184821 0.0
0.0194405 -0.000183311 0.0
0.0194144 -0.000181849 0.0
0.019389 -0.000180425 0.0
0.0193641 -0.000179033 0.0
0.0193396 -0.000177665 0.0
0.0193157 -0.000176316 0.0
0.0192923 -0.000174979 0.0
0.0192693 -0.000173649 0.0
0.0192468 -0.00017232 0.0
0.0192247 -0.000170988 0.0
0.0192031 -0.000169648 0.0
0.0191819 -0.000168295 0.0
0.0191611 -0.000166925 0.0
0.0191406 -0.000165534 0.0
0.0191206 -0.000164119 0.0
0.0191009 -0.000162675 0.0
0.0190816 -0.000161198 0.0
0.0190626 -0.000159684 0.0
0.019044 -0.000158129 0.0
0.0190258 -0.00015653 0.0
0.0190078 -0.000154882 0.0
0.0189902 -0.00015318 0.0
0.0189729 -0.00015142 0.0
0.018956 -0.000149596 0.0
0.0189393 -0.000147704 0.0
0.018923 -0.000145738 0.0
0.0189069 -0.000143692 0.0
0.0188912 -0.000141558 0.0
0.0188757 -0.00013933 0.0
0.0188606 -0.000137 0.0
0.0188457 -0.000134559 0.0
0.0188312 -0.000131998 0.0
0.0188169 -0.000129307 0.0
0.018803 -0.000126472 0.0
0.0187893 -0.000123485 0.0
0.018776 -0.000120328 0.0
0.0187629 -0.00011699 0.0
0.0187502 -0.000113451 0.0
0.0187378 -0.000109697 0.0
0.0187257 -0.000105703 0.0
0.018714 -0.000101454 0.0
0.0187027 -9.69218e-05 0.0
0.0186917 -9.20847e-05 0.0
0.0186811 -8.69092e-05 0.0
0.018671 -8.13745e-05 0.0
0.0186613 -7.54374e-05 0.0
0.0186521 -6.90713e-05 0.0
0.0186434 -6.22303e-05 0.0
0.0186354 -5.4885e-05 0.0
0.018628 -4.69756e-05 0.0
0.0186214 -3.84705e-05 0.0
0.0186156 -2.9312e-05 0.0
0.0186108 -1.9466e-05 0.0
0.0186071 -8.94628e-06 0.0
0.0186047 1.63842e-06 0.0
0.0186035 7.13211e-06 0.0
0.0 0.0 0.0
0.0 0.0 0.0
0.0192896 -8.40718e-05 0.0
0.0193157 -0.000292277 0.0
0.0194045 -0.000441599 0.0
0.0194783 -0.000556182 0.0
0.0195497 -0.000732641 0.0
0.0196913 -0.000867859 0.0
0.0198337 -0.000945509 0.0
0.0199507 -0.0010668 0.0
0.020098 -0.00114748 0.0
0.0202656 -0.00119695 0.0
0.0204157 -0.00125628 0.0
0.0205608 -0.00129708 0.0
0.020707 -0.00130774 0.0
0.0208521 -0.00132428 0.0
0.0209904 -0.00132825 0.0
0.0211132 -0.00131556 0.0
0.0212243 -0.0012972 0.0
0.0213355 -0.00127814 0.0
0.021437 -0.00124525 0.0
0.0215183 -0.00120926 0.0
0.0215912 -0.00117199 0.0
0.0216634 -0.00112944 0.0
0.0217227 -0.00108079 0.0
0.0217662 -0.00103413 0.0
0.0218059 -0.000984998 0.0
0.0218422 -0.000931685 0.0
0.0218669 -0.000877676 0.0
0.0218823 -0.000825279 0.0
0.0218957 -0.000769857 0.0
0.0219046 -0.000712644 0.0
0.0219053 -0.000656324 0.0
0.0219016 -0.000599858 0.0
0.0218963 -0.000540758 0.0
0.0218869 -0.000481166 0.0
0.021873 -0.000421781 0.0
0.0218574 -0.000360695 0.0
0.0218407 -0.000297341 0.0
0.0218213 -0.000233395 0.0
0.0218001 -0.000168009 0.0
0.021779 -9.95582e-05 0.0
0.0217575 -2.87207e-05 0.0
0.0217349 4.38536e-05 0.0
0.021713 0.000120146 0.0
0.0216928 0.000200806 0.0
0.0216727 0.000284375 0.0
0.0216536 0.000372031 0.0
0.0216384 0.000466112 0.0
0.0216258 0.000565325 0.0
0.0216143 0.000668934 0.0
0.0216079 0.000780415 0.0
0.0216088 0.000899888 0.0
0.0216126 0.00102513 0.0
0.021621 0.00115856 0.0
0.0216411 0.00130231 0.0
0.0216708 0.00145332 0.0
0.0217058 0.00161396 0.0
0.0217534 0.0017851 0.0
0.0218186 0.00196306 0.0
0.0218967 0.00215088 0.0
0.0219885 0.00235206 0.0
0.0221005 0.00255409 0.0
0.0222353 0.00276176 0.0
0.0223924 0.00298375 0.0
0.0225698 0.00320598 0.0
0.022772 0.00341797 0.0
0.0230063 0.0036394 0.0
0.0232673 0.00386127 0.0
0.0235483 0.00406507 0.0
0.0238609 0.00425418 0.0
0.0242054 0.00444556 0.0
0.0245693 0.00461534 0.0
0.024953 0.00475416 0.0
0.0253651 0.00487882 0.0
0.025793 0.00498803 0.0
0.0262326 0.00506092 0.0
0.0266812 0.00509963 0.0
0.027138 0.00512732 0.0
0.0276031 0.00512128 0.0
0.0280589 0.00507436 0.0
0.0284984 0.00501367 0.0
0.0289468 0.00492452 0.0
0.0293812 0.00479989 0.0
0.0297748 0.00467062 0.0
0.0301548 0.00450382 0.0
0.0305221 0.00431468 0.0
0.0308565 0.00413356 0.0
0.0311582 0.00392225 0.0
0.0314288 0.00368356 0.0
0.0316792 0.00345711 0.0
0.0319138 0.00321687 0.0
0.0321054 0.0029623 0.0
0.0322614 0.00270647 0.0
0.032406 0.00245027 0.0
0.0325277 0.00219572 0.0
0.0326091 0.00195737 0.0
0.0326713 0.00171515 0.0
0.0327232 0.0014828 0.0
0.0327594 0.00127652 0.0
0.0327775 0.00107306 0.0
0.0327859 0.000880666 0.0
0.032794 0.000704086 0.0
0.0327981 0.000539036 0.0
0.0327934 0.000382259 0.0
0.0327877 0.000235053 0.0
0.0327869 9.47142e-05 0.0
0.0327864 -3.78582e-05 0.0
0.0327813 -0.000165414 0.0
0.0327753 -0.000293019 0.0
0.0327742 -0.000416071 0.0
0.0327728 -0.000536944 0.0
0.0327615 -0.000658853 0.0
0.0327479 -0.000779264 0.0
0.0327338 -0.000901914 0.0
0.0327108 -0.00101584 0.0
0.0326787 -0.00112617 0.0
0.0326403 -0.00123749 0.0
0.0325969 -0.00133655 0.0
0.0325509 -0.00142483 0.0
0.0324983 -0.00151433 0.0
0.0324414 -0.00159113 0.0
0.0323878 -0.0016665 0.0
0.0323316 -0.00173735 0.0
0.0322676 -0.00180315 0.0
0.0322009 -0.00186968 0.0
0.0321352 -0.00193357 0.0
0.032063 -0.00199115 0.0
0.0319824 -0.00204655 0.0
0.0318991 -0.00210368 0.0
0.0318142 -0.00215178 0.0
0.0317247 -0.00219421 0.0
0.0316287 -0.00223955 0.0
0.0315274 -0.00227919 0.0
0.0314253 -0.00231189 0.0
0.031319 -0.00234383 0.0
0.0312045 -0.00237316 0.0
0.0310871 -0.00239783 0.0
0.0309683 -0.00241984 0.0
0.0308433 -0.00243768 0.0
0.0307142 -0.00245379 0.0
0.0305831 -0.00247004 0.0
0.0304479 -0.00247929 0.0
0.0303097 -0.00248771 0.0
0.0301677 -0.00249845 0.0
0.0300217 -0.00250388 0.0
0.0298734 -0.00250715 0.0
0.0297209 -0.00251175 0.0
0.0295633 -0.00251438 0.0
0.0294029 -0.00251409 0.0
0.0292391 -0.00251347 0.0
0.0290704 -0.00251124 0.0
0.0288983 -0.0025073 0.0
0.028723 -0.00250147 0.0
0.0285439 -0.00249378 0.0
0.0283618 -0.00248494 0.0
0.0281766 -0.00247373 0.0
0.0279881 -0.00246027 0.0
0.0277967 -0.00244551 0.0
0.0276032 -0.00242876 0.0
0.027407 -0.00240904 0.0
0.0272078 -0.00238745 0.0
0.0270066 -0.00236412 0.0
0.0268043 -0.00233749 0.0
0.0266002 -0.00230808 0.0
0.0263939 -0.00227645 0.0
0.026187 -0.00224178 0.0
0.0259806 -0.00220348 0.0
0.0257737 -0.0021625 0.0
0.0255664 -0.00211862 0.0
0.0253605 -0.00207115 0.0
0.0251571 -0.00202086 0.0
0.0249551 -0.00196828 0.0
0.0247547 -0.00191272 0.0
0.024558 -0.00185468 0.0
0.0243654 -0.00179556 0.0
0.0241756 -0.00173462 0.0
0.0239893 -0.00167185 0.0
0.0238082 -0.00160909 0.0
0.0236317 -0.00154617 0.0
0.023459 -0.00148237 0.0
0.0232909 -0.00141913 0.0
0.023128 -0.00135709 0.0
0.0229699 -0.00129554 0.0
0.022816 -0.00123483 0.0
0.0226669 -0.00117592 0.0
0.0225226 -0.00111864 0.0
0.0223829 -0.00106275 0.0
0.0222473 -0.00100873 0.0
0.0221161 -0.000956862 0.0
0.0219894 -0.000906915 0.0
0.0218668 -0.00085894 0.0
0.021748 -0.000813125 0.0
0.0216332 -0.000769471 0.0
0.0215223 -0.000727883 0.0
0.021415 -0.00068838 0.0
0.0213111 -0.00065096 0.0
0.0212108 -0.000615585 0.0
0.0211138 -0.000582191 0.0
0.02102 -0.000550722 0.0
0.0209291 -0.000521122 0.0
0.0208413 -0.000493349 0.0
0.0207565 -0.000467321 0.0
0.0206743 -0.00044295 0.0
0.0205947 -0.000420181 0.0
0.0205177 -0.000398958 0.0
0.0204433 -0.000379185 0.0
0.0203711 -0.000360781 0.0
0.0203012 -0.000343696 0.0
0.0202335 -0.00032786 0.0
0.0201679 -0.000313182 0.0
0.0201043 -0.000299601 0.0
0.0200426 -0.000287064 0.0
0.0199828 -0.000275499 0.0
0.0199248 -0.000264835 0.0
0.0198685 -0.000255021 0.0
0.0198138 -0.000246006 0.0
0.0197608 -0.000237725 0.0
0.0197092 -0.000230127 0.0
0.0196591 -0.000223168 0.0
0.0196104 -0.0002168 0.0
0.019563 -0.000210973 0.0
0.019517 -0.000205649 0.0
0.0194722 -0.00020079 0.0
0.0194285 -0.000196357 0.0
0.019386 -0.000192312 0.0
0.0193446 -0.000188625 0.0
0.0193043 -0.000185266 0.0
0.019265 -0.000182204 0.0
0.0192266 -0.000179411 0.0
0.0191892 -0.000176865 0.0
0.0191527 -0.00017454 0.0
0.019117 -0.000172415 0.0
0.0190822 -0.00017047 0.0
0.0190482 -0.000168686 0.0
0.0190149 -0.000167045 0.0
0.0189824 -0.000165532 0.0
0.0189506 -0.000164131 0.0
0.0189195 -0.000162829 0.0
0.018889 -0.000161612 0.0
0.0188592 -0.00016047 0.0
0.01883 -0.000159391 0.0
0.0188014 -0.000158366 0.0
0.0187734 -0.000157384 0.0
0.0187459 -0.000156439 0.0
0.0187189 -0.000155522 0.0
0.0186925 -0.000154626 0.0
0.0186666 -0.000153744 0.0
0.0186412 -0.000152871 0.0
0.0186162 -0.000152001 0.0
0.0185917 -0.000151128 0.0
0.0185676 -0.000150248 0.0
0.018544 -0.000149356 0.0
0.0185208 -0.000148449 0.0
0.018498 -0.000147522 0.0
0.0184756 -0.000146571 0.0
0.0184535 -0.000145593 0.0
0.0184319 -0.000144585 0.0
0.0184106 -0.000143542 0.0
0.0183897 -0.000142462 0.0
0.0183691 -0.000141342 0.0
0.0183489 -0.000140177 0.0
0.0183291 -0.000138965 0.0
0.0183095 -0.000137702 0.0
0.0182903 -0.000136384 0.0
0.0182715 -0.000135007 0.0
0.0182529 -0.000133568 0.0
0.0182347 -0.000132061 0.0
0.0182167 -0.000130482 0.0
0.0181991 -0.000128826 0.0
0.0181818 -0.000127088 0.0
0.0181649 -0.000125261 0.0
0.0181482 -0.000123339 0.0
0.0181318 -0.000121313 0.0
0.0181158 -0.000119178 0.0
0.0181 -0.000116924 0.0
0.0180846 -0.000114541 0.0
0.0180695 -0.000112018 0.0
0.0180547 -0.000109347 0.0
0.0180403 -0.000106512 0.0
0.0180262 -0.000103501 0.0
0.0180124 -0.000100299 0.0
0.017999 -9.68909e-05 0.0
0.017986 -9.32573e-05 0.0
0.0179733 -8.93822e-05 0.0
0.0179611 -8.52413e-05 0.0
0.0179492 -8.08174e-05 0.0
0.0179379 -7.60833e-05 0.0
0.017927 -7.10168e-05 0.0
0.0179166 -6.55868e-05 0.0
0.0179068 -5.97729e-05 0.0
0.0178975 -5.35393e-05 0.0
0.017889 -4.68562e-05 0.0
0.0178812 -3.96949e-05 0.0
0.0178742 -3.20247e-05 0.0
0.0178681 -2.3814e-05 0.0
0.0178631 -1.50377e-05 0.0
0.0178593 -5.77765e-06 0.0
0.0178569 3.38239e-06 0.0
0.0178557 8.08476e-06 0.0
0.0 0.0 0.0
0.0 0.0 0.0
0.0193386 -0.000116988 0.0
0.0193655 -0.000328704 0.0
0.0193878 -0.000521609 0.0
0.0195003 -0.000658418 0.0
0.0196359 -0.00083226 0.0
0.0197602 -0.00103125 0.0
0.0199088 -0.00109872 0.0
0.0200818 -0.00118852 0.0
0.02026 -0.00132661 0.0
0.0204309 -0.00137996 0.0
0.0205888 -0.00139329 0.0
0.0207616 -0.00144754 0.0
0.0209305 -0.00147323 0.0
0.0210654 -0.00146164 0.0
0.0211919 -0.00144793 0.0
0.0213283 -0.00143911 0.0
0.0214393 -0.00140808 0.0
0.0215203 -0.00136953 0.0
0.0216034 -0.00132866 0.0
0.0216837 -0.0012843 0.0
0.0217358 -0.00123241 0.0
0.0217725 -0.00117988 0.0
0.0218124 -0.00112387 0.0
0.0218421 -0.00106649 0.0
0.0218522 -0.00100797 0.0
0.0218571 -0.000949104 0.0
0.0218621 -0.000888102 0.0
0.0218567 -0.000827682 0.0
0.0218412 -0.000767395 0.0
0.0218248 -0.000706493 0.0
0.0218062 -0.000644737 0.0
0.0217805 -0.000583775 0.0
0.0217512 -0.000522571 0.0
0.0217221 -0.000460434 0.0
0.0216907 -0.000397734 0.0
0.021656 -0.000335086 0.0
0.0216211 -0.000271231 0.0
0.0215868 -0.000205777 0.0
0.0215513 -0.000139349 0.0
0.0215158 -7.16538e-05 0.0
0.021482 -1.24875e-06 0.0
0.0214493 7.15981e-05 0.0
0.0214172 0.000146311 0.0
0.0213879 0.000224429 0.0
0.0213617 0.000306964 0.0
0.0213373 0.000392662 0.0
0.0213163 0.000482074 0.0
0.021301 0.000577676 0.0
0.0212899 0.000678744 0.0
0.0212821 0.000784223 0.0
0.0212823 0.000896346 0.0
0.0212911 0.00101647 0.0
0.0213048 0.00114284 0.0
0.021327 0.00127621 0.0
0.0213626 0.00141729 0.0
0.0214084 0.00156701 0.0
0.0214641 0.00172544 0.0
0.021536 0.00189001 0.0
0.0216241 0.00205974 0.0
0.0217275 0.00224197 0.0
0.0218508 0.00242971 0.0
0.021993 0.00261514 0.0
0.0221555 0.0028081 0.0
0.022345 0.00301118 0.0
0.0225573 0.00320314 0.0
0.0227879 0.00339143 0.0
0.0230492 0.00358545 0.0
0.0233405 0.00376957 0.0
0.0236474 0.00393314 0.0
0.0239771 0.00409461 0.0
0.0243413 0.00424223 0.0
0.0247198 0.00436329 0.0
0.0251097 0.00447141 0.0
0.0255266 0.00455934 0.0
0.0259588 0.0046162 0.0
0.0263896 0.00466086 0.0
0.0268349 0.00467831 0.0
0.027287 0.00465411 0.0
0.027732 0.00463352 0.0
0.028177 0.00458067 0.0
0.0286128 0.00448001 0.0
0.0290343 0.00438702 0.0
0.0294531 0.00427598 0.0
0.0298514 0.0041177 0.0
0.0302219 0.00396364 0.0
0.0305852 0.0037938 0.0
0.0309298 0.00360231 0.0
0.0312443 0.00340998 0.0
0.0315347 0.00319549 0.0
0.0318026 0.00297436 0.0
0.0320453 0.00275953 0.0
0.0322652 0.00253239 0.0
0.0324536 0.00229314 0.0
0.0326133 0.00207172 0.0
0.032758 0.00185271 0.0
0.0328827 0.001628 0.0
0.0329799 0.00142132 0.0
0.0330622 0.00122404 0.0
0.0331338 0.00103064 0.0
0.0331921 0.000851782 0.0
0.0332389 0.000682353 0.0
0.0332768 0.000520713 0.0
0.0333081 0.000368674 0.0
0.0333356 0.000226 0.0
0.0333573 8.72454e-05 0.0
0.0333725 -4.54317e-05 0.0
0.033386 -0.000169486 0.0
0.0333975 -0.00029303 0.0
0.0334008 -0.000416299 0.0
0.0333992 -0.000532507 0.0
0.0333949 -0.000647925 0.0
0.0333828 -0.000763508 0.0
0.0333597 -0.000876315 0.0
0.0333297 -0.000984395 0.0
0.033294 -0.00108935 0.0
0.0332482 -0.00118898 0.0
0.0331941 -0.00128228 0.0
0.0331358 -0.0013722 0.0
0.0330716 -0.00145232 0.0
0.0330035 -0.00152636 0.0
0.0329314 -0.00160245 0.0
0.0328533 -0.00166847 0.0
0.0327729 -0.0017292 0.0
0.0326884 -0.00179264 0.0
0.0325958 -0.00185242 0.0
0.0324986 -0.00190356 0.0
0.0323984 -0.00195488 0.0
0.0322895 -0.00200497 0.0
0.0321744 -0.00204785 0.0
0.0320562 -0.00208926 0.0
0.0319318 -0.00212589 0.0
0.0318012 -0.00215917 0.0
0.0316666 -0.00219169 0.0
0.0315273 -0.00221858 0.0
0.0313836 -0.00224023 0.0
0.0312355 -0.00226322 0.0
0.0310825 -0.00228183 0.0
0.0309267 -0.00229509 0.0
0.0307674 -0.00230829 0.0
0.0306027 -0.00231873 0.0
0.0304349 -0.00232633 0.0
0.0302649 -0.00233303 0.0
0.0300904 -0.00233618 0.0
0.0299117 -0.00233909 0.0
0.0297301 -0.00234158 0.0
0.0295455 -0.00234021 0.0
0.0293574 -0.00233834 0.0
0.0291653 -0.00233652 0.0
0.02897 -0.00233185 0.0
0.0287724 -0.00232544 0.0
0.0285714 -0.00231877 0.0
0.0283668 -0.00230977 0.0
0.02816 -0.00229906 0.0
0.0279509 -0.00228717 0.0
0.0277388 -0.00227337 0.0
0.0275245 -0.00225749 0.0
0.0273087 -0.00224022 0.0
0.0270907 -0.00222131 0.0
0.0268708 -0.00219976 0.0
0.0266499 -0.00217624 0.0
0.0264279 -0.00215126 0.0
0.0262046 -0.00212376 0.0
0.0259808 -0.00209323 0.0
0.0257569 -0.00206064 0.0
0.025533 -0.00202609 0.0
0.0253096 -0.00198834 0.0
0.0250871 -0.00194756 0.0
0.0248659 -0.00190464 0.0
0.0246469 -0.00185953 0.0
0.0244302 -0.00181144 0.0
0.0242159 -0.00176074 0.0
0.024005 -0.0017085 0.0
0.0237983 -0.00165481 0.0
0.0235952 -0.00159892 0.0
0.0233961 -0.0015415 0.0
0.023202 -0.00148414 0.0
0.023013 -0.00142617 0.0
0.0228285 -0.00136703 0.0
0.022649 -0.00130841 0.0
0.0224751 -0.00125086 0.0
0.0223065 -0.00119327 0.0
0.0221428 -0.00113629 0.0
0.0219843 -0.00108107 0.0
0.0218312 -0.00102718 0.0
0.0216832 -0.000974277 0.0
0.02154 -0.000923149 0.0
0.0214017 -0.00087406 0.0
0.0212684 -0.000826611 0.0
0.0211398 -0.00078089 0.0
0.0210154 -0.000737293 0.0
0.0208955 -0.000695719 0.0
0.0207801 -0.000656008 0.0
0.0206687 -0.000618268 0.0
0.0205611 -0.000582574 0.0
0.0204574 -0.000548802 0.0
0.0203576 -0.000516897 0.0
0.0202611 -0.000486861 0.0
0.020168 -0.000458652 0.0
0.0200783 -0.000432186 0.0
0.0199918 -0.000407404 0.0
0.0199082 -0.000384247 0.0
0.0198275 -0.000362654 0.0
0.0197496 -0.000342555 0.0
0.0196743 -0.000323874 0.0
0.0196016 -0.000306538 0.0
0.0195312 -0.000290492 0.0
0.0194633 -0.000275662 0.0
0.0193975 -0.000261972 0.0
0.0193338 -0.000249358 0.0
0.0192721 -0.000237766 0.0
0.0192124 -0.000227125 0.0
0.0191545 -0.000217369 0.0
0.0190984 -0.000208447 0.0
0.019044 -0.000200306 0.0
0.0189912 -0.000192883 0.0
0.0189399 -0.000186128 0.0
0.0188901 -0.000179997 0.0
0.0188417 -0.000174442 0.0
0.0187946 -0.000169414 0.0
0.0187488 -0.000164874 0.0
0.0187042 -0.000160785 0.0
0.0186608 -0.000157107 0.0
0.0186185 -0.000153803 0.0
0.0185773 -0.000150844 0.0
0.0185371 -0.000148199 0.0
0.0184979 -0.000145836 0.0
0.0184596 -0.000143729 0.0
0.0184222 -0.000141856 0.0
0.0183857 -0.00014019 0.0
0.01835 -0.00013871 0.0
0.0183151 -0.000137397 0.0
0.0182809 -0.000136233 0.0
0.0182475 -0.000135198 0.0
0.0182147 -0.000134278 0.0
0.0181827 -0.000133458 0.0
0.0181512 -0.000132725 0.0
0.0181204 -0.000132065 0.0
0.0180902 -0.000131467 0.0
0.0180606 -0.000130922 0.0
0.0180315 -0.000130419 0.0
0.018003 -0.000129949 0.0
0.0179749 -0.000129504 0.0
0.0179474 -0.000129078 0.0
0.0179203 -0.000128663 0.0
0.0178937 -0.000128252 0.0
0.0178676 -0.000127841 0.0
0.0178419 -0.000127424 0.0
0.0178166 -0.000126997 0.0
0.0177918 -0.000126555 0.0
0.0177673 -0.000126093 0.0
0.0177432 -0.000125609 0.0
0.0177196 -0.000125098 0.0
0.0176963 -0.000124558 0.0
0.0176733 -0.000123985 0.0
0.0176507 -0.000123377 0.0
0.0176285 -0.00012273 0.0
0.0176066 -0.000122042 0.0
0.0175851 -0.00012131 0.0
0.0175638 -0.000120531 0.0
0.017543 -0.000119702 0.0
0.0175224 -0.000118821 0.0
0.0175021 -0.000117885 0.0
0.0174822 -0.00011689 0.0
0.0174626 -0.000115833 0.0
0.0174433 -0.00011471 0.0
0.0174243 -0.000113518 0.0
0.0174056 -0.000112252 0.0
0.0173872 -0.000110908 0.0
0.0173692 -0.000109481 0.0
0.0173514 -0.000107966 0.0
0.017334 -0.000106356 0.0
0.0173169 -0.000104645 0.0
0.0173001 -0.000102826 0.0
0.0172836 -0.000100891 0.0
0.0172674 -9.88326e-05 0.0
0.0172516 -9.66399e-05 0.0
0.0172361 -9.43037e-05 0.0
0.0172209 -9.1812e-05 0.0
0.0172062 -8.91542e-05 0.0
0.0171917 -8.63156e-05 0.0
0.0171777 -8.32836e-05 0.0
0.0171641 -8.00417e-05 0.0
0.0171508 -7.65753e-05 0.0
0.017138 -7.2865e-05 0.0
0.0171257 -6.88952e-05 0.0
0.0171139 -6.46448e-05 0.0
0.0171025 -6.0094e-05 0.0
0.0170917 -5.52232e-05 0.0
0.0170816 -5.00124e-05 0.0
0.0170721 -4.44393e-05 0.0
0.0170632 -3.8481e-05 0.0
0.0170552 -3.21287e-05 0.0
0.0170481 -2.53508e-05 0.0
0.0170419 -1.81521e-05 0.0
0.0170368 -1.05136e-05 0.0
0.017033 -2.56618e-06 0.0
0.0170305 5.14252e-06 0.0
0.0170293 9.04797e-06 0.0
0.0 0.0 0.0
0.0 0.0 0.0
0.0192846 -0.000187445 0.0
0.0193438 -0.000333837 0.0
0.0194138 -0.000570775 0.0
0.0195574 -0.000860414 0.0
0.0197332 -0.000973003 0.0
0.0198698 -0.00111628 0.0
0.0200416 -0.00131505 0.0
0.0202684 -0.00140589 0.0
0.0204596 -0.00146975 0.0
0.0206385 -0.00155595 0.0
0.0208288 -0.00159143 0.0
0.0210043 -0.00161001 0.0
0.0211617 -0.00161365 0.0
0.0213068 -0.00160305 0.0
0.0214252 -0.00157548 0.0
0.0215267 -0.00154512 0.0
0.0216219 -0.00149711 0.0
0.0216944 -0.00144547 0.0
0.0217398 -0.00139226 0.0
0.0217788 -0.00133385 0.0
0.0218116 -0.0012662 0.0
0.0218228 -0.00120292 0.0
0.0218186 -0.00113955 0.0
0.0218129 -0.00107147 0.0
0.0217999 -0.00100193 0.0
0.0217727 -0.000937439 0.0
0.0217395 -0.000871712 0.0
0.0217057 -0.000803799 0.0
0.0216659 -0.000737789 0.0
0.0216191 -0.000674584 0.0
0.0215712 -0.000609749 0.0
0.0215229 -0.000544674 0.0
0.0214711 -0.000481561 0.0
0.0214173 -0.000418937 0.0
0.0213646 -0.000354786 0.0
0.0213121 -0.000290887 0.0
0.0212587 -0.00022755 0.0
0.0212066 -0.00016292 0.0
0.0211567 -9.66449e-05 0.0
0.0211079 -2.99897e-05 0.0
0.0210608 3.8033e-05 0.0
0.0210172 0.000108882 0.0
0.0209766 0.000181824 0.0
0.0209383 0.000256584 0.0
0.0209046 0.000335015 0.0
0.0208764 0.000417482 0.0
0.0208516 0.000502829 0.0
0.0208317 0.000592434 0.0
0.0208201 0.000687676 0.0
0.020815 0.000787578 0.0
0.0208147 0.000892376 0.0
0.0208243 0.0010039 0.0
0.0208455 0.00112108 0.0
0.0208739 0.00124468 0.0
0.0209121 0.00137586 0.0
0.0209659 0.00151234 0.0
0.0210333 0.00165447 0.0
0.0211123 0.00180717 0.0
0.0212079 0.00196367 0.0
0.0213227 0.00212125 0.0
0.0214557 0.00228894 0.0
0.021607 0.00246376 0.0
0.0217786 0.0026309 0.0
0.0219735 0.00280118 0.0
0.0221926 0.00297963 0.0
0.0224318 0.00314976 0.0
0.0226934 0.00330619 0.0
0.022982 0.00346661 0.0
0.0232935 0.00362042 0.0
0.0236224 0.00375163 0.0
0.0239742 0.00387029 0.0
0.0243479 0.00398422 0.0
0.0247371 0.00407458 0.0
0.0251383 0.00413946 0.0
0.0255537 0.00419269 0.0
0.0259822 0.0042272 0.0
0.0264168 0.00423327 0.0
0.0268476 0.00421887 0.0
0.0272865 0.00419082 0.0
0.0277312 0.0041315 0.0
0.028159 0.00406192 0.0
0.0285785 0.00397165 0.0
0.0289996 0.00385261 0.0
0.0294041 0.00373075 0.0
0.0297887 0.00359941 0.0
0.0301591 0.0034314 0.0
0.0305111 0.00326484 0.0
0.0308495 0.00309708 0.0
0.0311641 0.0029063 0.0
0.0314506 0.00270983 0.0
0.0317219 0.00251057 0.0
0.0319757 0.00230813 0.0
0.0321972 0.002105 0.0
0.0323959 0.00190092 0.0
0.0325792 0.00169304 0.0
0.0327393 0.0015014 0.0
0.0328763 0.00131375 0.0
0.0329979 0.00112406 0.0
0.033105 0.000949054 0.0
0.0331973 0.000785037 0.0
0.0332742 0.000623949 0.0
0.0333407 0.000471726 0.0
0.0333997 0.000328136 0.0
0.0334486 0.000191451 0.0
0.0334865 6.10971e-05 0.0
0.0335176 -6.53298e-05 0.0
0.0335433 -0.000187462 0.0
0.0335616 -0.000303532 0.0
0.0335694 -0.00041726 0.0
0.03357 -0.000529554 0.0
0.0335651 -0.000639921 0.0
0.0335504 -0.000745426 0.0
0.0335249 -0.000847274 0.0
0.0334913 -0.000949452 0.0
0.0334487 -0.00104717 0.0
0.0333969 -0.00113547 0.0
0.0333363 -0.00122227 0.0
0.0332663 -0.00130498 0.0
0.0331903 -0.00137924 0.0
0.0331089 -0.00145038 0.0
0.033018 -0.00151562 0.0
0.0329209 -0.00157744 0.0
0.0328205 -0.00163825 0.0
0.0327127 -0.00169127 0.0
0.0325963 -0.0017416 0.0
0.0324745 -0.00179272 0.0
0.0323482 -0.0018391 0.0
0.0322149 -0.00187773 0.0
0.0320745 -0.00191704 0.0
0.0319281 -0.00195536 0.0
0.0317776 -0.0019853 0.0
0.0316223 -0.00201321 0.0
0.0314593 -0.00203984 0.0
0.0312911 -0.00206263 0.0
0.0311207 -0.00208147 0.0
0.0309445 -0.00209779 0.0
0.0307622 -0.00211096 0.0
0.0305772 -0.00212343 0.0
0.0303885 -0.00213201 0.0
0.0301957 -0.00213668 0.0
0.0299994 -0.00214258 0.0
0.0297993 -0.00214608 0.0
0.0295966 -0.00214523 0.0
0.0293913 -0.00214505 0.0
0.0291818 -0.00214401 0.0
0.0289694 -0.00213996 0.0
0.028755 -0.00213508 0.0
0.0285373 -0.00212948 0.0
0.0283166 -0.00212217 0.0
0.0280938 -0.0021135 0.0
0.0278685 -0.00210346 0.0
0.027641 -0.00209219 0.0
0.0274115 -0.00207963 0.0
0.0271801 -0.002065 0.0
0.0269471 -0.00204934 0.0
0.026713 -0.00203243 0.0
0.0264775 -0.00201323 0.0
0.0262408 -0.00199235 0.0
0.0260035 -0.00197055 0.0
0.025766 -0.00194657 0.0
0.0255281 -0.00192003 0.0
0.0252899 -0.0018922 0.0
0.0250523 -0.00186267 0.0
0.0248158 -0.00183032 0.0
0.0245801 -0.00179571 0.0
0.0243453 -0.00175951 0.0
0.0241128 -0.00172096 0.0
0.0238831 -0.00167978 0.0
0.0236556 -0.00163676 0.0
0.0234307 -0.00159189 0.0
0.02321 -0.00154492 0.0
0.0229936 -0.00149636 0.0
0.0227808 -0.00144642 0.0
0.0225724 -0.00139504 0.0
0.0223696 -0.00134297 0.0
0.022172 -0.00129039 0.0
0.021979 -0.00123694 0.0
0.0217916 -0.00118357 0.0
0.0216104 -0.00113081 0.0
0.0214346 -0.00107807 0.0
0.021264 -0.00102576 0.0
0.0210994 -0.000974826 0.0
0.0209406 -0.00092495 0.0
0.0207872 -0.000875939 0.0
0.0206391 -0.000828465 0.0
0.0204965 -0.000782767 0.0
0.0203593 -0.000738484 0.0
0.0202271 -0.000695786 0.0
0.0200997 -0.000655013 0.0
0.0199773 -0.000616075 0.0
0.0198597 -0.000578832 0.0
0.0197464 -0.000543437 0.0
0.0196374 -0.000509939 0.0
0.0195327 -0.000478233 0.0
0.0194321 -0.000448274 0.0
0.0193353 -0.000420089 0.0
0.019242 -0.000393623 0.0
0.0191525 -0.000368812 0.0
0.0190663 -0.000345602 0.0
0.0189833 -0.000323944 0.0
0.0189033 -0.000303776 0.0
0.0188264 -0.000285042 0.0
0.0187522 -0.000267664 0.0
0.0186807 -0.000251579 0.0
0.0186118 -0.000236733 0.0
0.0185453 -0.000223061 0.0
0.018481 -0.000210481 0.0
0.018419 -0.000198941 0.0
0.018359 -0.000188386 0.0
0.018301 -0.000178749 0.0
0.0182449 -0.000169963 0.0
0.0181906 -0.000161982 0.0
0.0181379 -0.000154755 0.0
0.0180869 -0.000148218 0.0
0.0180374 -0.000142324 0.0
0.0179893 -0.000137031 0.0
0.0179426 -0.000132292 0.0
0.0178972 -0.000128057 0.0
0.0178531 -0.00012429 0.0
0.0178101 -0.000120955 0.0
0.0177683 -0.000118011 0.0
0.0177275 -0.000115423 0.0
0.0176877 -0.000113162 0.0
0.0176489 -0.000111198 0.0
0.017611 -0.0001095 0.0
0.017574 -0.000108042 0.0
0.0175378 -0.000106801 0.0
0.0175024 -0.000105754 0.0
0.0174678 -0.000104878 0.0
0.0174339 -0.000104155 0.0
0.0174006 -0.000103566 0.0
0.017368 -0.000103095 0.0
0.0173361 -0.000102725 0.0
0.0173048 -0.000102442 0.0
0.017274 -0.000102235 0.0
0.0172438 -0.000102089 0.0
0.0172141 -0.000101995 0.0
0.0171849 -0.000101942 0.0
0.0171562 -0.000101921 0.0
0.017128 -0.000101923 0.0
0.0171003 -0.000101941 0.0
0.017073 -0.000101968 0.0
0.0170461 -0.000101997 0.0
0.0170196 -0.000102023 0.0
0.0169936 -0.000102041 0.0
0.0169679 -0.000102045 0.0
0.0169426 -0.000102032 0.0
0.0169177 -0.000101997 0.0
0.0168931 -0.000101937 0.0
0.0168689 -0.000101848 0.0
0.016845 -0.000101728 0.0
0.0168215 -0.000101573 0.0
0.0167983 -0.000101382 0.0
0.0167754 -0.000101151 0.0
0.0167528 -0.000100878 0.0
0.0167306 -0.000100561 0.0
0.0167086 -0.000100198 0.0
0.016687 -9.97857e-05 0.0
0.0166656 -9.93231e-05 0.0
0.0166446 -9.88075e-05 0.0
0.0166238 -9.82365e-05 0.0
0.0166034 -9.76076e-05 0.0
0.0165832 -9.69182e-05 0.0
0.0165634 -9.61654e-05 0.0
0.0165438 -9.53464e-05 0.0
0.0165245 -9.44576e-05 0.0
0.0165056 -9.34957e-05 0.0
0.0164869 -9.24565e-05 0.0
0.0164685 -9.13358e-05 0.0
0.0164504 -9.01287e-05 0.0
0.0164327 -8.88302e-05 0.0
0.0164152 -8.74344e-05 0.0
0.0163981 -8.59352e-05 0.0
0.0163813 -8.43252e-05 0.0
0.0163648 -8.25976e-05 0.0
0.0163486 -8.07435e-05 0.0
0.0163328 -7.87544e-05 0.0
0.0163174 -7.662e-05 0.0
0.0163023 -7.43306e-05 0.0
0.0162876 -7.18741e-05 0.0
0.0162733 -6.92389e-05 0.0
0.0162594 -6.64115e-05 0.0
0.0162459 -6.33792e-05 0.0
0.0162329 -6.01276e-05 0.0
0.0162204 -5.66413e-05 0.0
0.0162083 -5.29056e-05 0.0
0.0161969 -4.89065e-05 0.0
0.016186 -4.46308e-05 0.0
0.0161757 -4.00574e-05 0.0
0.0161662 -3.51835e-05 0.0
0.0161573 -2.99925e-05 0.0
0.0161493 -2.44837e-05 0.0
0.0161422 -1.86327e-05 0.0
0.0161361 -1.24832e-05 0.0
0.0161311 -6.01424e-06 0.0
0.0161273 6.08661e-07 0.0
0.0161249 6.88625e-06 0.0
0.0161237 1.00161e-05 0.0
0.0 0.0 0.0
0.0 0.0 0.0
0.0192686 -0.000180162 0.0
0.0193608 -0.000461344 0.0
0.0195163 -0.000700784 0.0
0.019619 -0.000976628 0.0
0.0197596 -0.00118383 0.0
0.0200111 -0.00130307 0.0
0.0202533 -0.00150911 0.0
0.0204629 -0.00164843 0.0
0.0206629 -0.00166065 0.0
0.0208843 -0.00173711 0.0
0.0211008 -0.00179108 0.0
0.0212593 -0.00177627 0.0
0.0213834 -0.00174324 0.0
0.0215221 -0.00172936 0.0
0.0216353 -0.00168163 0.0
0.0216894 -0.00161907 0.0
0.0217298 -0.00155703 0.0
0.0217783 -0.00149306 0.0
0.0217954 -0.00141569 0.0
0.0217769 -0.00134207 0.0
0.0217589 -0.00126771 0.0
0.0217403 -0.0011904 0.0
0.021698 -0.00111237 0.0
0.0216413 -0.00103933 0.0
0.0215884 -0.000964766 0.0
0.021531 -0.000890294 0.0
0.0214607 -0.00081874 0.0
0.0213878 -0.000749897 0.0
0.0213177 -0.000680205 0.0
0.0212436 -0.000612189 0.0
0.0211651 -0.000546711 0.0
0.0210886 -0.00048208 0.0
0.0210139 -0.000417191 0.0
0.0209379 -0.0003539 0.0
0.0208625 -0.000291646 0.0
0.0207905 -0.000228929 0.0
0.0207206 -0.000165968 0.0
0.0206519 -0.000103608 0.0
0.0205867 -4.04838e-05 0.0
0.0205256 2.41609e-05 0.0
0.0204674 8.94765e-05 0.0
0.0204129 0.000155871 0.0
0.0203639 0.000224927 0.0
0.0203195 0.000296246 0.0
0.0202795 0.000369238 0.0
0.020246 0.000445649 0.0
0.0202196 0.000526124 0.0
0.0201987 0.000609509 0.0
0.0201849 0.000696548 0.0
0.020181 0.000789026 0.0
0.0201853 0.00088611 0.0
0.0201973 0.000987695 0.0
0.020221 0.00109462 0.0
0.020257 0.00120727 0.0
0.0203035 0.00132581 0.0
0.0203628 0.00145016 0.0
0.0204376 0.00157806 0.0
0.0205272 0.00171256 0.0
0.0206332 0.00185415 0.0
0.0207563 0.00199702 0.0
0.0208967 0.00214128 0.0
0.0210586 0.00229417 0.0
0.0212419 0.00244679 0.0
0.0214417 0.00259438 0.0
0.0216642 0.00274416 0.0
0.0219139 0.00289499 0.0
0.0221815 0.00303433 0.0
0.022466 0.00316765 0.0
0.022779 0.00329638 0.0
0.0231131 0.0034123 0.0
0.0234582 0.00351462 0.0
0.0238239 0.00360564 0.0
0.0242117 0.00367794 0.0
0.0246065 0.00373701 0.0
0.025012 0.0037811 0.0
0.0254316 0.0037963 0.0
0.0258558 0.00380155 0.0
0.0262831 0.00379511 0.0
0.0267134 0.00375408 0.0
0.0271384 0.00369839 0.0
0.0275645 0.00364328 0.0
0.0279877 0.00355158 0.0
0.0283929 0.00344713 0.0
0.0287914 0.00333977 0.0
0.0291869 0.0032095 0.0
0.0295625 0.00306918 0.0
0.0299186 0.00292397 0.0
0.0302634 0.00275818 0.0
0.0305909 0.00259425 0.0
0.0308993 0.00242607 0.0
0.0311844 0.00224184 0.0
0.0314464 0.00205988 0.0
0.0316924 0.00188236 0.0
0.0319198 0.00169751 0.0
0.0321184 0.00151459 0.0
0.0322974 0.00134193 0.0
0.0324642 0.00116682 0.0
0.0326106 0.0010002 0.0
0.0327359 0.000842625 0.0
0.0328481 0.000687596 0.0
0.0329478 0.000540088 0.0
0.0330336 0.000402593 0.0
0.0331053 0.000269173 0.0
0.0331652 0.000140294 0.0
0.0332165 1.96119e-05 0.0
0.0332582 -9.58769e-05 0.0
0.0332866 -0.000209918 0.0
0.0333049 -0.000318636 0.0
0.0333167 -0.000422771 0.0
0.0333179 -0.000525395 0.0
0.0333051 -0.000625292 0.0
0.0332828 -0.000721544 0.0
0.0332525 -0.000815322 0.0
0.03321 -0.000904891 0.0
0.0331544 -0.000990824 0.0
0.0330903 -0.00107362 0.0
0.0330176 -0.0011516 0.0
0.0329344 -0.00122194 0.0
0.0328424 -0.00129133 0.0
0.0327421 -0.00135654 0.0
0.0326352 -0.00141313 0.0
0.0325217 -0.0014687 0.0
0.0323985 -0.00152261 0.0
0.0322682 -0.00156941 0.0
0.0321338 -0.00161381 0.0
0.0319909 -0.00165678 0.0
0.0318385 -0.00169523 0.0
0.0316814 -0.00173041 0.0
0.0315191 -0.00176337 0.0
0.0313482 -0.00179162 0.0
0.0311711 -0.00181834 0.0
0.0309893 -0.00184275 0.0
0.0308023 -0.00186119 0.0
0.0306099 -0.00187876 0.0
0.0304118 -0.00189491 0.0
0.0302098 -0.00190619 0.0
0.0300046 -0.00191496 0.0
0.0297945 -0.00192308 0.0
0.02958 -0.00192794 0.0
0.0293634 -0.00193103 0.0
0.0291435 -0.00193197 0.0
0.0289195 -0.00193095 0.0
0.028693 -0.00192993 0.0
0.0284643 -0.00192631 0.0
0.0282329 -0.00192043 0.0
0.0279988 -0.00191529 0.0
0.0277623 -0.00190855 0.0
0.0275243 -0.00189929 0.0
0.0272843 -0.00188996 0.0
0.027042 -0.00187983 0.0
0.0267983 -0.00186761 0.0
0.0265537 -0.00185447 0.0
0.0263075 -0.00184047 0.0
0.0260601 -0.00182484 0.0
0.0258125 -0.0018079 0.0
0.0255641 -0.00178985 0.0
0.025315 -0.00177037 0.0
0.0250662 -0.0017492 0.0
0.0248177 -0.0017268 0.0
0.0245692 -0.00170295 0.0
0.0243214 -0.00167724 0.0
0.024075 -0.0016498 0.0
0.0238297 -0.00162096 0.0
0.0235856 -0.00159029 0.0
0.0233437 -0.00155749 0.0
0.0231043 -0.001523 0.0
0.0228674 -0.00148699 0.0
0.0226334 -0.00144899 0.0
0.0224029 -0.001409 0.0
0.0221765 -0.00136767 0.0
0.0219541 -0.00132512 0.0
0.0217361 -0.00128088 0.0
0.021523 -0.00123529 0.0
0.0213152 -0.0011893 0.0
0.0211128 -0.0011427 0.0
0.0209155 -0.001095 0.0
0.0207242 -0.00104727 0.0
0.020539 -0.00100016 0.0
0.0203596 -0.000952812 0.0
0.0201859 -0.000905581 0.0
0.0200184 -0.000859604 0.0
0.019857 -0.000814545 0.0
0.0197013 -0.000769968 0.0
0.0195514 -0.000726718 0.0
0.0194073 -0.000685118 0.0
0.019269 -0.000644675 0.0
0.019136 -0.000605511 0.0
0.0190082 -0.00056815 0.0
0.0188856 -0.000532457 0.0
0.0187682 -0.000498208 0.0
0.0186555 -0.000465614 0.0
0.0185473 -0.000434819 0.0
0.0184438 -0.00040564 0.0
0.0183446 -0.000378024 0.0
0.0182493 -0.00035206 0.0
0.0181579 -0.000327721 0.0
0.0180704 -0.000304889 0.0
0.0179865 -0.000283536 0.0
0.0179059 -0.000263649 0.0
0.0178285 -0.000245166 0.0
0.0177543 -0.000228008 0.0
0.017683 -0.000212125 0.0
0.0176143 -0.000197468 0.0
0.0175484 -0.000183978 0.0
0.017485 -0.000171585 0.0
0.0174238 -0.000160229 0.0
0.0173649 -0.000149858 0.0
0.0173081 -0.000140417 0.0
0.0172533 -0.00013184 0.0
0.0172004 -0.000124072 0.0
0.0171492 -0.000117067 0.0
0.0170997 -0.000110773 0.0
0.0170518 -0.000105131 0.0
0.0170053 -0.000100099 0.0
0.0169603 -9.56349e-05 0.0
0.0169166 -9.16922e-05 0.0
0.0168741 -8.82253e-05 0.0
0.0168328 -8.51999e-05 0.0
0.0167926 -8.25804e-05 0.0
0.0167535 -8.03276e-05 0.0
0.0167153 -7.84082e-05 0.0
0.0166781 -7.67949e-05 0.0
0.0166418 -7.54577e-05 0.0
0.0166063 -7.43669e-05 0.0
0.0165715 -7.34985e-05 0.0
0.0165376 -7.28305e-05 0.0
0.0165043 -7.23392e-05 0.0
0.0164717 -7.20036e-05 0.0
0.0164397 -7.18061e-05 0.0
0.0164083 -7.17295e-05 0.0
0.0163775 -7.17564e-05 0.0
0.0163472 -7.18722e-05 0.0
0.0163175 -7.2064e-05 0.0
0.0162882 -7.2319e-05 0.0
0.0162595 -7.26252e-05 0.0
0.0162311 -7.29724e-05 0.0
0.0162032 -7.33514e-05 0.0
0.0161758 -7.37531e-05 0.0
0.0161487 -7.41694e-05 0.0
0.016122 -7.45936e-05 0.0
0.0160957 -7.5019e-05 0.0
0.0160697 -7.54395e-05 0.0
0.0160441 -7.58499e-05 0.0
0.0160188 -7.62456e-05 0.0
0.0159938 -7.66221e-05 0.0
0.0159692 -7.69754e-05 0.0
0.0159448 -7.73022e-05 0.0
0.0159208 -7.75992e-05 0.0
0.0158971 -7.78635e-05 0.0
0.0158736 -7.80925e-05 0.0
0.0158505 -7.82839e-05 0.0
0.0158276 -7.84355e-05 0.0
0.015805 -7.85452e-05 0.0
0.0157827 -7.86112e-05 0.0
0.0157606 -7.86316e-05 0.0
0.0157388 -7.86047e-05 0.0
0.0157173 -7.85287e-05 0.0
0.0156961 -7.84021e-05 0.0
0.0156751 -7.8223e-05 0.0
0.0156544 -7.79897e-05 0.0
0.0156339 -7.77003e-05 0.0
0.0156137 -7.73527e-05 0.0
0.0155938 -7.6945e-05 0.0
0.0155741 -7.64747e-05 0.0
0.0155548 -7.59393e-05 0.0
0.0155356 -7.5336e-05 0.0
0.0155168 -7.46619e-05 0.0
0.0154983 -7.39134e-05 0.0
0.01548 -7.30869e-05 0.0
0.015462 -7.21784e-05 0.0
0.0154443 -7.11834e-05 0.0
0.0154269 -7.00965e-05 0.0
0.0154099 -6.89126e-05 0.0
0.0153931 -6.76257e-05 0.0
0.0153767 -6.62293e-05 0.0
0.0153606 -6.47156e-05 0.0
0.0153448 -6.30777e-05 0.0
0.0153294 -6.13069e-05 0.0
0.0153144 -5.93938e-05 0.0
0.0152997 -5.7329e-05 0.0
0.0152855 -5.5103e-05 0.0
0.0152717 -5.27045e-05 0.0
0.0152583 -5.01218e-05 0.0
0.0152454 -4.73454e-05 0.0
0.015233 -4.43622e-05 0.0
0.0152211 -4.11629e-05 0.0
0.0152097 -3.77348e-05 0.0
0.015199 -3.40733e-05 0.0
0.0151889 -3.01626e-05 0.0
0.0151795 -2.60104e-05 0.0
0.0151709 -2.15993e-05 0.0
0.0151631 -1.69503e-05 0.0
0.0151562 -1.20482e-05 0.0
0.0151503 -6.94888e-06 0.0
0.0151455 -1.64089e-06 0.0
0.0151419 3.67092e-06 0.0
0.0151396 8.57543e-06 0.0
0.0151384 1.09841e-05 0.0
0.0 0.0 0.0
0.0 0.0 0.0
0.0193048 -0.000165364 0.0
0.019363 -0.000627309 0.0
0.0195332 -0.000903431 0.0
0.019735 -0.00104214 0.0
0.0199437 -0.0014023 0.0
0.0202353 -0.0016568 0.0
0.0204881 -0.00169139 0.0
0.0207118 -0.00183609 0.0
0.0209705 -0.00193346 0.0
0.0211912 -0.00195481 0.0
0.0213511 -0.00193566 0.0
0.0215053 -0.00192009 0.0
0.0216236 -0.00187349 0.0
0.021682 -0.00181599 0.0
0.0217264 -0.00173588 0.0
0.0217625 -0.00165501 0.0
0.0217518 -0.00157227 0.0
0.0217102 -0.00148827 0.0
0.021673 -0.00139214 0.0
0.0216233 -0.00130281 0.0
0.0215434 -0.00121836 0.0
0.021456 -0.00113231 0.0
0.0213736 -0.00104323 0.0
0.0212803 -0.000962636 0.0
0.0211744 -0.00088528 0.0
0.0210708 -0.000806906 0.0
0.0209698 -0.000730413 0.0
0.0208627 -0.00066012 0.0
0.0207538 -0.000590901 0.0
0.0206496 -0.000521892 0.0
0.0205469 -0.00045588 0.0
0.0204432 -0.000393049 0.0
0.0203426 -0.000330199 0.0
0.0202466 -0.000268129 0.0
0.0201529 -0.000208136 0.0
0.0200617 -0.000148937 0.0
0.0199756 -8.91113e-05 0.0
0.019894 -2.97293e-05 0.0
0.019816 2.91774e-05 0.0
0.0197431 8.91049e-05 0.0
0.0196762 0.000150283 0.0
0.0196141 0.000211948 0.0
0.0195575 0.000274994 0.0
0.0195082 0.000340538 0.0
0.0194654 0.000408 0.0
0.0194283 0.00047746 0.0
0.0193999 0.000550167 0.0
0.0193805 0.000626277 0.0
0.0193679 0.000705405 0.0
0.0193643 0.00078851 0.0
0.0193727 0.00087558 0.0
0.019391 0.000966873 0.0
0.0194185 0.00106329 0.0
0.0194597 0.0011639 0.0
0.0195153 0.00126775 0.0
0.0195827 0.00137856 0.0
0.0196645 0.00149441 0.0
0.0197635 0.00161077 0.0
0.019879 0.0017321 0.0
0.0200113 0.00186185 0.0
0.0201619 0.00198923 0.0
0.0203316 0.0021153 0.0
0.0205221 0.00224906 0.0
0.0207328 0.00238305 0.0
0.0209624 0.00250644 0.0
0.0212133 0.00263094 0.0
0.0214873 0.00275705 0.0
0.0217796 0.00287028 0.0
0.0220898 0.00297166 0.0
0.0224211 0.00307236 0.0
0.0227715 0.00316103 0.0
0.0231346 0.00323067 0.0
0.0235118 0.00329061 0.0
0.0239045 0.00333955 0.0
0.0243087 0.00336926 0.0
0.024716 0.00338188 0.0
0.0251304 0.00338282 0.0
0.0255548 0.00336379 0.0
0.0259767 0.00333041 0.0
0.0263929 0.00328442 0.0
0.0268129 0.00321669 0.0
0.0272285 0.00313599 0.0
0.0276316 0.00305377 0.0
0.0280278 0.00294506 0.0
0.0284129 0.00282377 0.0
0.0287857 0.00270661 0.0
0.0291466 0.00257311 0.0
0.0294879 0.00242432 0.0
0.0298125 0.00227793 0.0
0.0301253 0.00212439 0.0
0.0304162 0.00196601 0.0
0.0306854 0.001805 0.0
0.0309384 0.00163999 0.0
0.0311716 0.00147891 0.0
0.0313825 0.00132217 0.0
0.0315758 0.00116124 0.0
0.03175 0.0010054 0.0
0.0319049 0.000861316 0.0
0.0320433 0.000716405 0.0
0.0321653 0.000576526 0.0
0.0322715 0.000446184 0.0
0.0323628 0.000320596 0.0
0.0324399 0.000199534 0.0
0.0325041 8.47654e-05 0.0
0.0325556 -2.56757e-05 0.0
0.0325944 -0.000130998 0.0
0.0326209 -0.000231762 0.0
0.032636 -0.000329846 0.0
0.0326394 -0.000425142 0.0
0.0326309 -0.000515973 0.0
0.0326105 -0.000603343 0.0
0.0325789 -0.000689302 0.0
0.032535 -0.000772955 0.0
0.0324794 -0.000850394 0.0
0.0324132 -0.000925095 0.0
0.0323352 -0.00099783 0.0
0.0322458 -0.00106517 0.0
0.0321475 -0.00112744 0.0
0.0320391 -0.00118687 0.0
0.0319203 -0.00124118 0.0
0.0317939 -0.00129347 0.0
0.0316593 -0.0013408 0.0
0.0315155 -0.00138292 0.0
0.031364 -0.00142503 0.0
0.0312057 -0.00146434 0.0
0.0310396 -0.00149685 0.0
0.0308664 -0.00152794 0.0
0.0306863 -0.00155928 0.0
0.0304997 -0.0015849 0.0
0.0303076 -0.00160623 0.0
0.0301092 -0.00162772 0.0
0.0299043 -0.0016462 0.0
0.0296955 -0.00166059 0.0
0.029482 -0.00167303 0.0
0.0292626 -0.001683 0.0
0.0290394 -0.00169128 0.0
0.0288131 -0.00169727 0.0
0.0285826 -0.00169984 0.0
0.0283488 -0.00170145 0.0
0.0281121 -0.00170268 0.0
0.0278725 -0.00170013 0.0
0.0276311 -0.00169635 0.0
0.0273871 -0.00169286 0.0
0.0271405 -0.00168694 0.0
0.0268928 -0.00167957 0.0
0.0266436 -0.00167192 0.0
0.0263922 -0.00166299 0.0
0.0261396 -0.00165291 0.0
0.0258862 -0.00164199 0.0
0.0256317 -0.00162999 0.0
0.0253764 -0.00161721 0.0
0.0251205 -0.00160325 0.0
0.0248643 -0.00158813 0.0
0.024608 -0.00157241 0.0
0.0243518 -0.00155535 0.0
0.0240957 -0.00153682 0.0
0.0238402 -0.00151772 0.0
0.0235856 -0.00149746 0.0
0.0233319 -0.00147534 0.0
0.0230794 -0.00145217 0.0
0.0228284 -0.00142825 0.0
0.0225793 -0.00140245 0.0
0.0223323 -0.00137489 0.0
0.0220875 -0.00134643 0.0
0.0218454 -0.00131665 0.0
0.0216067 -0.00128486 0.0
0.0213711 -0.00125165 0.0
0.021139 -0.00121742 0.0
0.0209113 -0.00118171 0.0
0.0206881 -0.00114449 0.0
0.0204693 -0.00110623 0.0
0.0202553 -0.00106707 0.0
0.020047 -0.00102704 0.0
0.0198443 -0.000986287 0.0
0.0196468 -0.000944912 0.0
0.0194552 -0.00090337 0.0
0.0192702 -0.000861955 0.0
0.0190909 -0.00082035 0.0
0.0189175 -0.000778894 0.0
0.0187506 -0.000738342 0.0
0.0185901 -0.000698385 0.0
0.0184353 -0.000658846 0.0
0.0182866 -0.000620451 0.0
0.018144 -0.000583395 0.0
0.0180073 -0.00054723 0.0
0.0178762 -0.000512208 0.0
0.0177505 -0.000478779 0.0
0.0176304 -0.000446751 0.0
0.0175156 -0.000415946 0.0
0.0174056 -0.000386659 0.0
0.0173005 -0.00035897 0.0
0.0172002 -0.000332683 0.0
0.0171043 -0.000307793 0.0
0.0170126 -0.000284426 0.0
0.016925 -0.00026251 0.0
0.0168414 -0.000241944 0.0
0.0167614 -0.000222729 0.0
0.0166848 -0.000204866 0.0
0.0166117 -0.000188271 0.0
0.0165417 -0.000172886 0.0
0.0164747 -0.000158678 0.0
0.0164104 -0.0001456 0.0
0.0163489 -0.000133589 0.0
0.0162899 -0.000122591 0.0
0.0162332 -0.000112552 0.0
0.0161787 -0.000103422 0.0
0.0161264 -9.5151e-05 0.0
0.016076 -8.76806e-05 0.0
0.0160274 -8.09582e-05 0.0
0.0159805 -7.49428e-05 0.0
0.0159353 -6.95852e-05 0.0
0.0158916 -6.48326e-05 0.0
0.0158493 -6.06432e-05 0.0
0.0158083 -5.69807e-05 0.0
0.0157686 -5.38e-05 0.0
0.01573 -5.10588e-05 0.0
0.0156925 -4.87252e-05 0.0
0.0156561 -4.67663e-05 0.0
0.0156206 -4.51447e-05 0.0
0.015586 -4.38294e-05 0.0
0.0155522 -4.27949e-05 0.0
0.0155192 -4.20131e-05 0.0
0.0154869 -4.14557e-05 0.0
0.0154553 -4.11004e-05 0.0
0.0154244 -4.09266e-05 0.0
0.015394 -4.09121e-05 0.0
0.0153643 -4.10367e-05 0.0
0.015335 -4.12843e-05 0.0
0.0153063 -4.16386e-05 0.0
0.015278 -4.20834e-05 0.0
0.0152501 -4.26047e-05 0.0
0.0152227 -4.31909e-05 0.0
0.0151957 -4.38296e-05 0.0
0.0151691 -4.45097e-05 0.0
0.0151428 -4.52219e-05 0.0
0.0151168 -4.59576e-05 0.0
0.0150912 -4.67082e-05 0.0
0.0150659 -4.74664e-05 0.0
0.0150409 -4.82258e-05 0.0
0.0150162 -4.89805e-05 0.0
0.0149918 -4.97249e-05 0.0
0.0149676 -5.04542e-05 0.0
0.0149437 -5.11643e-05 0.0
0.0149201 -5.18512e-05 0.0
0.0148967 -5.25113e-05 0.0
0.0148735 -5.31416e-05 0.0
0.0148506 -5.37395e-05 0.0
0.0148279 -5.43024e-05 0.0
0.0148055 -5.4828e-05 0.0
0.0147833 -5.53146e-05 0.0
0.0147613 -5.57602e-05 0.0
0.0147395 -5.61631e-05 0.0
0.0147179 -5.65221e-05 0.0
0.0146966 -5.68356e-05 0.0
0.0146755 -5.71023e-05 0.0
0.0146546 -5.73209e-05 0.0
0.014634 -5.74903e-05 0.0
0.0146135 -5.76091e-05 0.0
0.0145933 -5.76761e-05 0.0
0.0145733 -5.76899e-05 0.0
0.0145536 -5.7649e-05 0.0
0.014534 -5.75519e-05 0.0
0.0145148 -5.7397e-05 0.0
0.0144957 -5.71823e-05 0.0
0.0144769 -5.69058e-05 0.0
0.0144583 -5.65653e-05 0.0
0.01444 -5.61581e-05 0.0
0.014422 -5.56814e-05 0.0
0.0144042 -5.51323e-05 0.0
0.0143867 -5.45071e-05 0.0
0.0143695 -5.3802e-05 0.0
0.0143525 -5.30127e-05 0.0
0.0143359 -5.21348e-05 0.0
0.0143195 -5.11629e-05 0.0
0.0143035 -5.00914e-05 0.0
0.0142878 -4.89143e-05 0.0
0.0142724 -4.76252e-05 0.0
0.0142574 -4.62168e-05 0.0
0.0142428 -4.46814e-05 0.0
0.0142285 -4.30117e-05 0.0
0.0142146 -4.11985e-05 0.0
0.0142012 -3.92342e-05 0.0
0.0141882 -3.71088e-05 0.0
0.0141757 -3.48154e-05 0.0
0.0141637 -3.23438e-05 0.0
0.0141522 -2.96903e-05 0.0
0.0141412 -2.68417e-05 0.0
0.0141309 -2.38018e-05 0.0
0.0141212 -2.05623e-05 0.0
0.0141122 -1.71344e-05 0.0
0.014104 -1.35019e-05 0.0
0.0140966 -9.71074e-06 0.0
0.01409 -5.74827e-06 0.0
0.0140844 -1.67418e-06 0.0
0.0140799 2.50332e-06 0.0
0.0140765 6.5602e-06 0.0
0.0140744 1.01921e-05 0.0
0.0140733 1.19485e-05 0.0
0.0 0.0 0.0
0.0 0.0 0.0
0.0193815 -0.000335227 0.0
0.0194822 -0.000640813 0.0
0.0195231 -0.00106284 0.0
0.0198335 -0.0014092 0.0
0.0201953 -0.00162935 0.0
0.0204488 -0.00192589 0.0
0.0207115 -0.00198491 0.0
0.0210152 -0.00207889 0.0
0.0212846 -0.00216312 0.0
0.0214581 -0.00213748 0.0
0.0215535 -0.00206084 0.0
0.0216495 -0.00202373 0.0
0.0217254 -0.00193886 0.0
0.0217166 -0.0018294 0.0
0.0216582 -0.00172833 0.0
0.0216123 -0.0016343 0.0
0.0215508 -0.00151605 0.0
0.0214391 -0.00140867 0.0
0.0213134 -0.00131098 0.0
0.0211994 -0.00121045 0.0
0.021073 -0.00110631 0.0
0.0209257 -0.00101625 0.0
0.0207814 -0.00092963 0.0
0.0206439 -0.000841573 0.0
0.0204995 -0.000757994 0.0
0.0203512 -0.000683256 0.0
0.0202101 -0.000609065 0.0
0.020073 -0.000536064 0.0
0.0199348 -0.000468295 0.0
0.0198001 -0.000404609 0.0
0.0196724 -0.000340943 0.0
0.0195482 -0.000279468 0.0
0.019427 -0.000221441 0.0
0.0193118 -0.000164602 0.0
0.0192028 -0.000107807 0.0
0.0190982 -5.28096e-05 0.0
0.0189989 9.39927e-07 0.0
0.0189064 5.51725e-05 0.0
0.01882 0.000109487 0.0
0.018739 0.000163209 0.0
0.0186652 0.000217758 0.0
0.0185987 0.000273755 0.0
0.0185385 0.000330303 0.0
0.0184856 0.000388061 0.0
0.0184415 0.000448284 0.0
0.0184053 0.000510467 0.0
0.0183766 0.000574371 0.0
0.018358 0.000641392 0.0
0.0183496 0.000711582 0.0
0.0183501 0.000784574 0.0
0.0183611 0.000860942 0.0
0.0183849 0.000941034 0.0
0.0184206 0.00102474 0.0
0.0184679 0.00111292 0.0
0.0185294 0.00120419 0.0
0.0186059 0.00129864 0.0
0.0186974 0.00139836 0.0
0.0188045 0.00150176 0.0
0.0189278 0.00160514 0.0
0.0190694 0.00171289 0.0
0.0192306 0.0018249 0.0
0.0194083 0.00193505 0.0
0.0196044 0.00204381 0.0
0.0198237 0.00215625 0.0
0.0200624 0.0022657 0.0
0.0203164 0.002369 0.0
0.0205928 0.00246938 0.0
0.0208917 0.00256619 0.0
0.0212044 0.0026539 0.0
0.021533 0.00273283 0.0
0.0218833 0.00280191 0.0
0.0222467 0.00286181 0.0
0.0226199 0.00291139 0.0
0.0230072 0.00294329 0.0
0.0234051 0.0029633 0.0
0.0238086 0.00297637 0.0
0.0242184 0.00296955 0.0
0.0246296 0.00294353 0.0
0.0250426 0.00291592 0.0
0.0254582 0.00287041 0.0
0.0258659 0.0028046 0.0
0.0262659 0.00273547 0.0
0.0266667 0.00265388 0.0
0.0270574 0.00255567 0.0
0.0274311 0.00245582 0.0
0.027797 0.00234166 0.0
0.0281524 0.00221831 0.0
0.0284908 0.00209702 0.0
0.028812 0.00196373 0.0
0.0291158 0.00182227 0.0
0.0294035 0.00168625 0.0
0.029675 0.00154553 0.0
0.0299228 0.00139956 0.0
0.03015 0.0012584 0.0
0.0303633 0.00111807 0.0
0.0305566 0.000978207 0.0
0.030726 0.000845017 0.0
0.0308797 0.000713597 0.0
0.0310182 0.00058514 0.0
0.0311373 0.000466151 0.0
0.0312386 0.000350286 0.0
0.0313255 0.00023709 0.0
0.0313981 0.000131321 0.0
0.0314558 3.17106e-05 0.0
0.031498 -6.60128e-05 0.0
0.0315266 -0.000159564 0.0
0.0315438 -0.000247506 0.0
0.0315477 -0.000332384 0.0
0.0315361 -0.000414974 0.0
0.0315126 -0.000493957 0.0
0.0314784 -0.000570181 0.0
0.0314306 -0.000642885 0.0
0.0313683 -0.000712688 0.0
0.0312952 -0.000780271 0.0
0.0312113 -0.000844645 0.0
0.0311147 -0.000903538 0.0
0.0310064 -0.000960081 0.0
0.0308882 -0.00101486 0.0
0.0307604 -0.0010636 0.0
0.0306233 -0.00110793 0.0
0.0304763 -0.0011521 0.0
0.0303201 -0.00119125 0.0
0.0301578 -0.00122635 0.0
0.0299873 -0.00125982 0.0
0.029807 -0.0012902 0.0
0.0296206 -0.00131762 0.0
0.0294291 -0.00134286 0.0
0.0292294 -0.00136451 0.0
0.0290224 -0.00138398 0.0
0.0288109 -0.00140259 0.0
0.0285943 -0.00141685 0.0
0.0283718 -0.00142827 0.0
0.0281442 -0.0014398 0.0
0.0279126 -0.00144828 0.0
0.027678 -0.00145315 0.0
0.0274392 -0.00145752 0.0
0.0271962 -0.00146027 0.0
0.0269513 -0.00146059 0.0
0.0267044 -0.0014593 0.0
0.0264542 -0.00145648 0.0
0.0262019 -0.0014529 0.0
0.0259486 -0.00144817 0.0
0.0256937 -0.00144098 0.0
0.0254371 -0.00143374 0.0
0.0251794 -0.00142639 0.0
0.0249211 -0.00141663 0.0
0.0246623 -0.00140624 0.0
0.0244026 -0.00139616 0.0
0.0241426 -0.00138453 0.0
0.0238829 -0.00137171 0.0
0.0236231 -0.00135883 0.0
0.0233633 -0.00134503 0.0
0.0231042 -0.00133004 0.0
0.0228459 -0.00131441 0.0
0.0225881 -0.00129809 0.0
0.0223316 -0.00128071 0.0
0.0220767 -0.00126228 0.0
0.0218229 -0.00124309 0.0
0.0215708 -0.00122295 0.0
0.0213211 -0.00120157 0.0
0.0210735 -0.00117915 0.0
0.0208281 -0.00115582 0.0
0.0205857 -0.00113127 0.0
0.0203466 -0.00110538 0.0
0.0201105 -0.00107851 0.0
0.0198779 -0.00105057 0.0
0.0196494 -0.00102129 0.0
0.0194253 -0.000990882 0.0
0.0192055 -0.000959663 0.0
0.0189904 -0.000927395 0.0
0.0187805 -0.000894039 0.0
0.0185761 -0.000860136 0.0
0.018377 -0.000825762 0.0
0.0181835 -0.000790601 0.0
0.0179962 -0.000755107 0.0
0.017815 -0.000719838 0.0
0.0176396 -0.000684368 0.0
0.0174704 -0.000648761 0.0
0.0173077 -0.000613854 0.0
0.0171512 -0.000579533 0.0
0.0170007 -0.000545392 0.0
0.0168563 -0.000512095 0.0
0.0167182 -0.000479983 0.0
0.016586 -0.000448596 0.0
0.0164594 -0.000418052 0.0
0.0163385 -0.000388888 0.0
0.0162233 -0.000360948 0.0
0.0161133 -0.000333998 0.0
0.0160084 -0.00030832 0.0
0.0159084 -0.000284077 0.0
0.0158132 -0.000261036 0.0
0.0157226 -0.000239177 0.0
0.0156363 -0.000218662 0.0
0.0155541 -0.000199452 0.0
0.0154759 -0.000181405 0.0
0.0154015 -0.000164543 0.0
0.0153305 -0.000148895 0.0
0.0152629 -0.000134384 0.0
0.0151986 -0.000120932 0.0
0.0151371 -0.000108533 0.0
0.0150785 -9.71552e-05 0.0
0.0150225 -8.67331e-05 0.0
0.0149691 -7.72107e-05 0.0
0.0149179 -6.85544e-05 0.0
0.0148689 -6.07217e-05 0.0
0.0148219 -5.36594e-05 0.0
0.0147769 -4.73146e-05 0.0
0.0147336 -4.16487e-05 0.0
0.014692 -3.66223e-05 0.0
0.0146519 -3.21877e-05 0.0
0.0146132 -2.8298e-05 0.0
0.0145759 -2.49196e-05 0.0
0.0145398 -2.20169e-05 0.0
0.0145048 -1.95477e-05 0.0
0.0144709 -1.74749e-05 0.0
0.014438 -1.57711e-05 0.0
0.014406 -1.44043e-05 0.0
0.0143749 -1.33402e-05 0.0
0.0143445 -1.25515e-05 0.0
0.0143148 -1.20155e-05 0.0
0.0142858 -1.1705e-05 0.0
0.0142574 -1.15945e-05 0.0
0.0142296 -1.16642e-05 0.0
0.0142023 -1.18952e-05 0.0
0.0141755 -1.22664e-05 0.0
0.0141491 -1.27597e-05 0.0
0.0141232 -1.33608e-05 0.0
0.0140977 -1.40544e-05 0.0
0.0140725 -1.48253e-05 0.0
0.0140477 -1.56614e-05 0.0
0.0140231 -1.65518e-05 0.0
0.0139989 -1.74851e-05 0.0
0.013975 -1.84512e-05 0.0
0.0139513 -1.94418e-05 0.0
0.0139278 -2.04491e-05 0.0
0.0139046 -2.1465e-05 0.0
0.0138817 -2.24831e-05 0.0
0.0138589 -2.34979e-05 0.0
0.0138363 -2.45037e-05 0.0
0.0138139 -2.54956e-05 0.0
0.0137917 -2.64695e-05 0.0
0.0137697 -2.74216e-05 0.0
0.0137479 -2.83484e-05 0.0
0.0137263 -2.92468e-05 0.0
0.0137048 -3.01144e-05 0.0
0.0136835 -3.09487e-05 0.0
0.0136623 -3.17476e-05 0.0
0.0136413 -3.25093e-05 0.0
0.0136205 -3.32322e-05 0.0
0.0135999 -3.39149e-05 0.0
0.0135794 -3.45561e-05 0.0
0.0135591 -3.51546e-05 0.0
0.0135389 -3.57095e-05 0.0
0.013519 -3.62197e-05 0.0
0.0134992 -3.66844e-05 0.0
0.0134795 -3.71027e-05 0.0
0.0134601 -3.74737e-05 0.0
0.0134408 -3.77965e-05 0.0
0.0134217 -3.80703e-05 0.0
0.0134029 -3.82939e-05 0.0
0.0133842 -3.84665e-05 0.0
0.0133657 -3.85867e-05 0.0
0.0133474 -3.86534e-05 0.0
0.0133293 -3.86649e-05 0.0
0.0133114 -3.86198e-05 0.0
0.0132937 -3.85162e-05 0.0
0.0132763 -3.8352e-05 0.0
0.0132591 -3.81249e-05 0.0
0.0132422 -3.78325e-05 0.0
0.0132255 -3.74716e-05 0.0
0.013209 -3.70391e-05 0.0
0.0131928 -3.65318e-05 0.0
0.0131769 -3.59456e-05 0.0
0.0131613 -3.52759e-05 0.0
0.013146 -3.45185e-05 0.0
0.013131 -3.36686e-05 0.0
0.0131164 -3.27198e-05 0.0
0.013102 -3.16669e-05 0.0
0.0130881 -3.0504e-05 0.0
0.0130745 -2.92247e-05 0.0
0.0130613 -2.78208e-05 0.0
0.0130485 -2.62882e-05 0.0
0.0130362 -2.46187e-05 0.0
0.0130243 -2.2807e-05 0.0
0.0130129 -2.08445e-05 0.0
0.0130021 -1.87334e-05 0.0
0.0129918 -1.64632e-05 0.0
0.012982 -1.40409e-05 0.0
0.012973 -1.14598e-05 0.0
0.0129645 -8.74177e-06 0.0
0.0129569 -5.87992e-06 0.0
0.01295 -2.91988e-06 0.0
0.0129439 1.4811e-07 0.0
0.0129388 3.23272e-06 0.0
0.0129346 6.32646e-06 0.0
0.0129316 9.23459e-06 0.0
0.0129296 1.17315e-05 0.0
0.0129285 1.29047e-05 0.0
0.0 0.0 0.0
0.0 0.0 0.0
0.0191839 -0.00044534 0.0
0.0193972 -0.00076974 0.0
0.0197439 -0.00124618 0.0
0.0201211 -0.00188635 0.0
0.0204535 -0.00193813 0.0
0.0207475 -0.00210187 0.0
0.0211007 -0.0023558 0.0
0.0213866 -0.00238169 0.0
0.021505 -0.00228899 0.0
0.0216125 -0.0022384 0.0
0.0216973 -0.0021522 0.0
0.0216501 -0.00203806 0.0
0.0215466 -0.00189773 0.0
0.0214763 -0.00176919 0.0
0.021366 -0.00163727 0.0
0.0211804 -0.0015156 0.0
0.0209999 -0.00138537 0.0
0.0208426 -0.00126389 0.0
0.0206553 -0.00115228 0.0
0.0204445 -0.00104918 0.0
0.020253 -0.000943742 0.0
0.0200704 -0.000847591 0.0
0.0198736 -0.000760517 0.0
0.0196785 -0.000677248 0.0
0.0194995 -0.00059532 0.0
0.0193234 -0.000521207 0.0
0.0191454 -0.000452305 0.0
0.0189768 -0.000385188 0.0
0.0188188 -0.000320889 0.0
0.0186636 -0.000261691 0.0
0.0185133 -0.000204824 0.0
0.0183728 -0.000149165 0.0
0.0182396 -9.60597e-05 0.0
0.018111 -4.55086e-05 0.0
0.01799 4.34111e-06 0.0
0.0178775 5.34235e-05 0.0
0.0177712 0.000101037 0.0
0.0176716 0.000148053 0.0
0.0175803 0.000195407 0.0
0.0174966 0.000242637 0.0
0.0174197 0.000289744 0.0
0.0173512 0.0003378 0.0
0.0172913 0.000386968 0.0
0.0172389 0.000436901 0.0
0.0171951 0.000488185 0.0
0.0171614 0.00054151 0.0
0.0171365 0.000596648 0.0
0.0171205 0.000653877 0.0
0.0171159 0.000713475 0.0
0.0171227 0.000775666 0.0
0.0171394 0.000840979 0.0
0.0171682 0.00090933 0.0
0.017211 0.000979639 0.0
0.0172665 0.00105381 0.0
0.0173349 0.00113241 0.0
0.017419 0.00121223 0.0
0.0175187 0.00129375 0.0
0.017634 0.00138155 0.0
0.0177662 0.0014709 0.0
0.0179155 0.00155818 0.0
0.0180828 0.0016495 0.0
0.0182694 0.00174512 0.0
0.018474 0.00183521 0.0
0.0186962 0.00192353 0.0
0.0189394 0.0020156 0.0
0.0192019 0.00210319 0.0
0.0194803 0.00218137 0.0
0.0197769 0.00225892 0.0
0.0200937 0.00233255 0.0
0.020425 0.00239405 0.0
0.0207689 0.0024475 0.0
0.0211286 0.00249528 0.0
0.0215025 0.00253101 0.0
0.0218833 0.0025546 0.0
0.0222714 0.00256926 0.0
0.0226699 0.00257071 0.0
0.0230729 0.00256056 0.0
0.023474 0.00254075 0.0
0.0238776 0.00250685 0.0
0.0242824 0.00245879 0.0
0.0246804 0.00240798 0.0
0.0250731 0.0023431 0.0
0.0254594 0.00226158 0.0
0.0258354 0.00217996 0.0
0.0262026 0.00209221 0.0
0.026557 0.001987 0.0
0.0268945 0.0018809 0.0
0.0272209 0.0017726 0.0
0.0275324 0.00165525 0.0
0.0278235 0.0015359 0.0
0.0280976 0.00141368 0.0
0.0283555 0.00128975 0.0
0.0285931 0.00116817 0.0
0.0288117 0.00104454 0.0
0.0290109 0.000920301 0.0
0.0291901 0.000803443 0.0
0.0293516 0.000688035 0.0
0.0294946 0.000572674 0.0
0.0296175 0.000465172 0.0
0.0297235 0.00036216 0.0
0.0298135 0.000260804 0.0
0.0298863 0.000165989 0.0
0.0299423 7.57224e-05 0.0
0.0299834 -1.14621e-05 0.0
0.0300102 -9.38071e-05 0.0
0.0300224 -0.000171997 0.0
0.0300196 -0.000247844 0.0
0.0300034 -0.000319934 0.0
0.0299745 -0.00038822 0.0
0.0299322 -0.000454217 0.0
0.029876 -0.000518393 0.0
0.0298074 -0.000578563 0.0
0.0297274 -0.000635714 0.0
0.0296348 -0.000691111 0.0
0.0295291 -0.000743542 0.0
0.029413 -0.000791992 0.0
0.0292869 -0.000837939 0.0
0.029149 -0.00088054 0.0
0.0290009 -0.000920407 0.0
0.0288446 -0.000957491 0.0
0.0286791 -0.000990148 0.0
0.0285047 -0.00102071 0.0
0.0283226 -0.0010505 0.0
0.028133 -0.00107514 0.0
0.0279367 -0.00109703 0.0
0.0277334 -0.00111919 0.0
0.0275234 -0.00113814 0.0
0.0273081 -0.0011529 0.0
0.0270879 -0.00116722 0.0
0.0268614 -0.00118027 0.0
0.0266304 -0.00118966 0.0
0.0263962 -0.00119749 0.0
0.0261575 -0.00120383 0.0
0.0259147 -0.00120824 0.0
0.0256694 -0.00121119 0.0
0.0254214 -0.00121202 0.0
0.0251707 -0.0012111 0.0
0.024918 -0.00121 0.0
0.0246634 -0.00120697 0.0
0.0244077 -0.00120188 0.0
0.0241509 -0.00119688 0.0
0.0238926 -0.00119093 0.0
0.0236339 -0.00118318 0.0
0.0233753 -0.00117518 0.0
0.023116 -0.00116655 0.0
0.0228564 -0.00115696 0.0
0.0225974 -0.00114688 0.0
0.0223387 -0.00113604 0.0
0.0220803 -0.00112465 0.0
0.0218226 -0.00111281 0.0
0.0215659 -0.0011001 0.0
0.0213102 -0.00108688 0.0
0.0210557 -0.00107324 0.0
0.0208024 -0.00105861 0.0
0.0205509 -0.00104343 0.0
0.0203012 -0.00102785 0.0
0.0200534 -0.00101121 0.0
0.0198077 -0.000993713 0.0
0.0195645 -0.00097589 0.0
0.0193239 -0.000957151 0.0
0.019086 -0.000937183 0.0
0.0188513 -0.000916635 0.0
0.0186198 -0.000895497 0.0
0.0183918 -0.000873108 0.0
0.0181676 -0.000849697 0.0
0.0179475 -0.00082575 0.0
0.0177316 -0.000800964 0.0
0.0175204 -0.000775049 0.0
0.0173138 -0.000748407 0.0
0.0171122 -0.000721258 0.0
0.0169161 -0.00069343 0.0
0.0167254 -0.000664922 0.0
0.0165402 -0.000635985 0.0
0.0163607 -0.000606872 0.0
0.0161875 -0.000577624 0.0
0.0160201 -0.000548124 0.0
0.0158586 -0.000518635 0.0
0.0157035 -0.000489641 0.0
0.0155546 -0.000460928 0.0
0.0154115 -0.000432339 0.0
0.0152745 -0.000404484 0.0
0.0151437 -0.00037754 0.0
0.0150188 -0.00035106 0.0
0.0148994 -0.000325286 0.0
0.0147857 -0.000300701 0.0
0.0146776 -0.000277066 0.0
0.0145747 -0.000254176 0.0
0.0144768 -0.000232408 0.0
0.0143839 -0.00021186 0.0
0.0142958 -0.000192262 0.0
0.0142122 -0.000173647 0.0
0.0141327 -0.000156226 0.0
0.0140575 -0.000139901 0.0
0.0139862 -0.000124532 0.0
0.0139186 -0.000110192 0.0
0.0138544 -9.69228e-05 0.0
0.0137936 -8.46085e-05 0.0
0.0137359 -7.31988e-05 0.0
0.0136811 -6.27156e-05 0.0
0.013629 -5.31241e-05 0.0
0.0135795 -4.43474e-05 0.0
0.0135325 -3.63547e-05 0.0
0.0134876 -2.91251e-05 0.0
0.0134449 -2.26129e-05 0.0
0.0134041 -1.67666e-05 0.0
0.0133651 -1.15513e-05 0.0
0.0133277 -6.9326e-06 0.0
0.0132919 -2.87212e-06 0.0
0.0132576 6.72121e-07 0.0
0.0132246 3.73636e-06 0.0
0.0131927 6.35212e-06 0.0
0.013162 8.55156e-06 0.0
0.0131323 1.03715e-05 0.0
0.0131036 1.18429e-05 0.0
0.0130757 1.29913e-05 0.0
0.0130486 1.38446e-05 0.0
0.0130222 1.44333e-05 0.0
0.0129965 1.47809e-05 0.0
0.0129714 1.4908e-05 0.0
0.0129468 1.48386e-05 0.0
0.0129227 1.45954e-05 0.0
0.0128991 1.41955e-05 0.0
0.0128759 1.36561e-05 0.0
0.012853 1.2996e-05 0.0
0.0128305 1.2231e-05 0.0
0.0128083 1.13738e-05 0.0
0.0127864 1.04382e-05 0.0
0.0127647 9.43749e-06 0.0
0.0127433 8.38262e-06 0.0
0.012722 7.28298e-06 0.0
0.012701 6.1488e-06 0.0
0.0126801 4.98915e-06 0.0
0.0126594 3.81123e-06 0.0
0.0126389 2.62199e-06 0.0
0.0126185 1.42846e-06 0.0
0.0125982 2.36406e-07 0.0
0.012578 -9.49362e-07 0.0
0.012558 -2.12403e-06 0.0
0.0125381 -3.28311e-06 0.0
0.0125182 -4.42309e-06 0.0
0.0124985 -5.54082e-06 0.0
0.0124789 -6.63321e-06 0.0
0.0124594 -7.69761e-06 0.0
0.01244 -8.73194e-06 0.0
0.0124207 -9.73425e-06 0.0
0.0124015 -1.07027e-05 0.0
0.0123824 -1.16358e-05 0.0
0.0123633 -1.25324e-05 0.0
0.0123445 -1.33913e-05 0.0
0.0123257 -1.42115e-05 0.0
0.012307 -1.49922e-05 0.0
0.0122884 -1.57327e-05 0.0
0.01227 -1.64322e-05 0.0
0.0122516 -1.70902e-05 0.0
0.0122335 -1.77061e-05 0.0
0.0122154 -1.82793e-05 0.0
0.0121975 -1.88093e-05 0.0
0.0121797 -1.92955e-05 0.0
0.012162 -1.97372e-05 0.0
0.0121445 -2.01339e-05 0.0
0.0121272 -2.04847e-05 0.0
0.01211 -2.07888e-05 0.0
0.012093 -2.10452e-05 0.0
0.0120762 -2.12528e-05 0.0
0.0120596 -2.14104e-05 0.0
0.0120431 -2.15166e-05 0.0
0.0120269 -2.15696e-05 0.0
0.0120109 -2.15679e-05 0.0
0.011995 -2.1509e-05 0.0
0.0119795 -2.1391e-05 0.0
0.0119641 -2.12111e-05 0.0
0.011949 -2.09666e-05 0.0
0.0119341 -2.0654e-05 0.0
0.0119196 -2.02704e-05 0.0
0.0119053 -1.98116e-05 0.0
0.0118913 -1.92737e-05 0.0
0.0118776 -1.86521e-05 0.0
0.0118642 -1.79429e-05 0.0
0.0118512 -1.71403e-05 0.0
0.0118385 -1.624e-05 0.0
0.0118263 -1.52361e-05 0.0
0.0118144 -1.41254e-05 0.0
0.0118029 -1.29001e-05 0.0
0.0117919 -1.15601e-05 0.0
0.0117814 -1.00975e-05 0.0
0.0117714 -8.5151e-06 0.0
0.0117619 -6.8071e-06 0.0
0.011753 -4.98589e-06 0.0
0.0117447 -3.0418e-06 0.0
0.011737 -1.00531e-06 0.0
0.0117301 1.12078e-06 0.0
0.0117238 3.29497e-06 0.0
0.0117184 5.51868e-06 0.0
0.0117137 7.68114e-06 0.0
0.01171 9.78274e-06 0.0
0.0117073 1.16556e-05 0.0
0.0117055 1.31666e-05 0.0
0.0117045 1.38516e-05 0.0
0.0 0.0 0.0
0.0 0.0 0.0
0.0192799 -0.000368164 0.0
0.0195835 -0.00131255 0.0
0.0200373 -0.00167407 0.0
0.0202915 -0.00204771 0.0
0.0206091 -0.00239682 0.0
0.0211032 -0.00250902 0.0
0.0214402 -0.00259524 0.0
0.0215673 -0.00251975 0.0
0.0215562 -0.00234866 0.0
0.0215027 -0.00225599 0.0
0.0214309 -0.00209686 0.0
0.0212841 -0.00190397 0.0
0.0210521 -0.00173821 0.0
0.02081 -0.00160892 0.0
0.0205871 -0.00144019 0.0
0.0203384 -0.00128729 0.0
0.0200616 -0.00116641 0.0
0.0197977 -0.00105042 0.0
0.0195504 -0.000922801 0.0
0.0192958 -0.000817561 0.0
0.0190413 -0.000727754 0.0
0.0188034 -0.000635644 0.0
0.0185762 -0.000545977 0.0
0.018351 -0.000471717 0.0
0.0181353 -0.000402327 0.0
0.0179332 -0.000332144 0.0
0.0177392 -0.000268034 0.0
0.0175516 -0.000211811 0.0
0.017375 -0.000156547 0.0
0.0172086 -0.000102495 0.0
0.0170497 -5.34696e-05 0.0
0.016899 -7.51924e-06 0.0
0.0167581 3.83421e-05 0.0
0.0166257 8.23866e-05 0.0
0.0165007 0.000123626 0.0
0.0163845 0.000164335 0.0
0.016277 0.000205033 0.0
0.0161772 0.000244408 0.0
0.0160855 0.000283092 0.0
0.0160027 0.0003225 0.0
0.0159281 0.000362005 0.0
0.0158615 0.000401349 0.0
0.015804 0.000441677 0.0
0.0157559 0.000483255 0.0
0.0157162 0.000525456 0.0
0.0156859 0.000569001 0.0
0.0156663 0.000614405 0.0
0.0156567 0.00066143 0.0
0.0156568 0.000710271 0.0
0.0156688 0.000761346 0.0
0.0156931 0.000814381 0.0
0.0157287 0.000870193 0.0
0.0157768 0.000928537 0.0
0.0158392 0.000988466 0.0
0.0159158 0.00105114 0.0
0.0160065 0.00111766 0.0
0.0161123 0.00118479 0.0
0.0162343 0.00125309 0.0
0.0163737 0.00132548 0.0
0.0165293 0.00139927 0.0
0.0167012 0.00147081 0.0
0.0168925 0.00154445 0.0
0.0171028 0.00161993 0.0
0.0173286 0.00169201 0.0
0.0175725 0.00176074 0.0
0.0178371 0.00182983 0.0
0.0181178 0.00189547 0.0
0.0184126 0.00195445 0.0
0.018726 0.00200787 0.0
0.0190554 0.00205724 0.0
0.0193959 0.0021 0.0
0.0197489 0.00213213 0.0
0.0201144 0.00215561 0.0
0.0204883 0.00217425 0.0
0.0208694 0.00218217 0.0
0.0212551 0.00217534 0.0
0.0216442 0.00216395 0.0
0.0220371 0.00214444 0.0
0.0224282 0.00210952 0.0
0.0228133 0.00206711 0.0
0.0231978 0.00201967 0.0
0.0235782 0.00195829 0.0
0.0239452 0.00189213 0.0
0.0243033 0.00181924 0.0
0.0246543 0.00173524 0.0
0.0249905 0.00165032 0.0
0.0253111 0.00156157 0.0
0.0256176 0.00146103 0.0
0.0259079 0.00136218 0.0
0.0261822 0.00126396 0.0
0.0264372 0.00115794 0.0
0.0266716 0.00105238 0.0
0.0268897 0.000949598 0.0
0.0270895 0.000845489 0.0
0.027266 0.000743104 0.0
0.0274241 0.000643552 0.0
0.0275658 0.000544803 0.0
0.0276866 0.000451771 0.0
0.0277878 0.000362389 0.0
0.0278728 0.000273752 0.0
0.0279405 0.000190843 0.0
0.0279908 0.000113787 0.0
0.0280247 3.81106e-05 0.0
0.0280431 -3.41883e-05 0.0
0.0280469 -0.000101174 0.0
0.0280362 -0.00016494 0.0
0.0280103 -0.000226787 0.0
0.027971 -0.000285219 0.0
0.0279193 -0.000340738 0.0
0.0278541 -0.000393581 0.0
0.0277752 -0.000443916 0.0
0.0276847 -0.000492262 0.0
0.0275829 -0.000538477 0.0
0.0274688 -0.000580967 0.0
0.0273432 -0.000621255 0.0
0.0272075 -0.000660398 0.0
0.0270615 -0.000696233 0.0
0.0269059 -0.000727884 0.0
0.0267413 -0.000758797 0.0
0.0265675 -0.000787577 0.0
0.0263864 -0.000812284 0.0
0.0261983 -0.000835148 0.0
0.0260018 -0.000856399 0.0
0.0257988 -0.000875052 0.0
0.0255912 -0.000892 0.0
0.025377 -0.000906293 0.0
0.0251565 -0.000918738 0.0
0.024932 -0.00093067 0.0
0.0247036 -0.000940054 0.0
0.0244703 -0.000946462 0.0
0.0242331 -0.000952937 0.0
0.0239929 -0.000958404 0.0
0.0237503 -0.000960418 0.0
0.0235049 -0.000961621 0.0
0.0232568 -0.000962618 0.0
0.0230073 -0.000961654 0.0
0.022757 -0.000959032 0.0
0.022505 -0.00095572 0.0
0.0222518 -0.000951672 0.0
0.0219987 -0.000946845 0.0
0.0217453 -0.000940464 0.0
0.0214914 -0.000933427 0.0
0.0212378 -0.000926742 0.0
0.0209847 -0.00091873 0.0
0.0207322 -0.00090951 0.0
0.0204804 -0.000900894 0.0
0.0202293 -0.000891712 0.0
0.0199795 -0.000881228 0.0
0.019731 -0.000870828 0.0
0.0194835 -0.00086033 0.0
0.0192377 -0.000848875 0.0
0.0189938 -0.000836965 0.0
0.0187515 -0.000824944 0.0
0.0185111 -0.000812347 0.0
0.0182732 -0.000799052 0.0
0.0180373 -0.000785332 0.0
0.0178039 -0.00077129 0.0
0.0175733 -0.000756541 0.0
0.0173456 -0.000741048 0.0
0.0171206 -0.000725159 0.0
0.0168989 -0.000708768 0.0
0.0166809 -0.000691482 0.0
0.0164663 -0.000673527 0.0
0.0162553 -0.000655168 0.0
0.0160486 -0.00063608 0.0
0.0158462 -0.00061613 0.0
0.0156482 -0.000595699 0.0
0.0154546 -0.000574795 0.0
0.0152662 -0.000553151 0.0
0.0150829 -0.000530973 0.0
0.0149046 -0.000508533 0.0
0.0147317 -0.000485649 0.0
0.0145646 -0.000462373 0.0
0.0144032 -0.000439069 0.0
0.0142472 -0.000415671 0.0
0.0140971 -0.000392101 0.0
0.0139532 -0.000368781 0.0
0.013815 -0.000345785 0.0
0.0136825 -0.000322851 0.0
0.0135559 -0.000300343 0.0
0.0134353 -0.000278557 0.0
0.0133201 -0.000257174 0.0
0.0132104 -0.000236262 0.0
0.0131063 -0.000216268 0.0
0.0130075 -0.000197054 0.0
0.0129136 -0.000178412 0.0
0.0128247 -0.000160635 0.0
0.0127406 -0.000143867 0.0
0.0126612 -0.000127857 0.0
0.012586 -0.000112625 0.0
0.0125149 -9.83716e-05 0.0
0.0124479 -8.50292e-05 0.0
0.0123847 -7.24529e-05 0.0
0.012325 -6.07224e-05 0.0
0.0122686 -4.98869e-05 0.0
0.0122154 -3.98443e-05 0.0
0.0121653 -3.05397e-05 0.0
0.0121178 -2.20119e-05 0.0
0.012073 -1.42341e-05 0.0
0.0120307 -7.13447e-06 0.0
0.0119906 -6.85322e-07 0.0
0.0119526 5.11808e-06 0.0
0.0119165 1.0317e-05 0.0
0.0118823 1.49585e-05 0.0
0.0118498 1.90708e-05 0.0
0.0118187 2.26764e-05 0.0
0.0117892 2.58108e-05 0.0
0.0117609 2.8511e-05 0.0
0.0117337 3.08064e-05 0.0
0.0117077 3.27202e-05 0.0
0.0116826 3.42823e-05 0.0
0.0116584 3.55244e-05 0.0
0.0116351 3.64717e-05 0.0
0.0116124 3.71442e-05 0.0
0.0115905 3.75677e-05 0.0
0.0115691 3.77681e-05 0.0
0.0115482 3.77645e-05 0.0
0.0115278 3.75738e-05 0.0
0.0115079 3.7218e-05 0.0
0.0114883 3.6716e-05 0.0
0.011469 3.60819e-05 0.0
0.0114501 3.53303e-05 0.0
0.0114314 3.44781e-05 0.0
0.0114129 3.35384e-05 0.0
0.0113946 3.25217e-05 0.0
0.0113765 3.144e-05 0.0
0.0113585 3.03053e-05 0.0
0.0113407 2.91262e-05 0.0
0.011323 2.79109e-05 0.0
0.0113053 2.66682e-05 0.0
0.0112878 2.54062e-05 0.0
0.0112703 2.41305e-05 0.0
0.0112529 2.28472e-05 0.0
0.0112355 2.15625e-05 0.0
0.0112182 2.02812e-05 0.0
0.0112009 1.90072e-05 0.0
0.0111837 1.77448e-05 0.0
0.0111665 1.64977e-05 0.0
0.0111493 1.52689e-05 0.0
0.0111322 1.4061e-05 0.0
0.0111151 1.28766e-05 0.0
0.011098 1.1718e-05 0.0
0.0110809 1.05867e-05 0.0
0.0110639 9.48441e-06 0.0
0.011047 8.41264e-06 0.0
0.01103 7.37252e-06 0.0
0.0110131 6.36498e-06 0.0
0.0109963 5.39092e-06 0.0
0.0109795 4.45113e-06 0.0
0.0109628 3.54615e-06 0.0
0.0109462 2.67648e-06 0.0
0.0109296 1.84264e-06 0.0
0.0109131 1.04499e-06 0.0
0.0108966 2.83853e-07 0.0
0.0108803 -4.40422e-07 0.0
0.010864 -1.12751e-06 0.0
0.0108479 -1.77709e-06 0.0
0.0108318 -2.38881e-06 0.0
0.0108159 -2.96229e-06 0.0
0.0108 -3.4971e-06 0.0
0.0107843 -3.99268e-06 0.0
0.0107688 -4.44848e-06 0.0
0.0107533 -4.86382e-06 0.0
0.0107381 -5.23789e-06 0.0
0.0107229 -5.56969e-06 0.0
0.010708 -5.85826e-06 0.0
0.0106932 -6.10233e-06 0.0
0.0106786 -6.30046e-06 0.0
0.0106642 -6.45099e-06 0.0
0.01065 -6.55243e-06 0.0
0.010636 -6.60247e-06 0.0
0.0106222 -6.59892e-06 0.0
0.0106087 -6.53935e-06 0.0
0.0105954 -6.42151e-06 0.0
0.0105824 -6.24157e-06 0.0
0.0105696 -5.99698e-06 0.0
0.0105571 -5.68432e-06 0.0
0.010545 -5.30055e-06 0.0
0.0105332 -4.84006e-06 0.0
0.0105217 -4.30151e-06 0.0
0.0105105 -3.67992e-06 0.0
0.0104998 -2.97255e-06 0.0
0.0104894 -2.17294e-06 0.0
0.0104795 -1.28475e-06 0.0
0.01047 -3.00551e-07 0.0
0.010461 7.76173e-07 0.0
0.0104526 1.94955e-06 0.0
0.0104446 3.20207e-06 0.0
0.0104372 4.54117e-06 0.0
0.0104304 5.93819e-06 0.0
0.0104243 7.38981e-06 0.0
0.0104188 8.83759e-06 0.0
0.010414 1.0273e-05 0.0
0.01041 1.16149e-05 0.0
0.0104067 1.28484e-05 0.0
0.0104043 1.37994e-05 0.0
0.0104027 1.44788e-05 0.0
0.0104017 1.47876e-05 0.0
0.0 0.0 0.0
0.0 0.0 0.0
0.019435 -0.000590803 0.0
0.0197168 -0.0016617 0.0
0.0201014 -0.00217947 0.0
0.0206799 -0.00230098 0.0
0.0212271 -0.00284404 0.0
0.0215366 -0.0029365 0.0
0.0214491 -0.00260703 0.0
0.0213331 -0.00247032 0.0
0.0212944 -0.00229121 0.0
0.0210426 -0.00208114 0.0
0.0206247 -0.00183815 0.0
0.0203025 -0.00165861 0.0
0.0200298 -0.00146172 0.0
0.019649 -0.0012943 0.0
0.0192487 -0.00113869 0.0
0.0189266 -0.000998216 0.0
0.0186145 -0.000862929 0.0
0.0182666 -0.000751973 0.0
0.0179453 -0.000647551 0.0
0.0176654 -0.00054876 0.0
0.0173846 -0.000460606 0.0
0.0171036 -0.000384837 0.0
0.0168512 -0.000311466 0.0
0.0166177 -0.000243119 0.0
0.0163862 -0.000183072 0.0
0.0161668 -0.000128041 0.0
0.0159675 -7.46997e-05 0.0
0.0157777 -2.57709e-05 0.0
0.0155945 1.84617e-05 0.0
0.0154248 6.08259e-05 0.0
0.0152678 0.000101503 0.0
0.0151182 0.000139167 0.0
0.0149773 0.00017473 0.0
0.0148479 0.000209586 0.0
0.0147276 0.000243094 0.0
0.0146146 0.000275084 0.0
0.0145111 0.00030654 0.0
0.0144171 0.000337839 0.0
0.0143308 0.00036844 0.0
0.0142528 0.000398837 0.0
0.0141844 0.000429651 0.0
0.0141244 0.000460743 0.0
0.0140725 0.000492017 0.0
0.0140304 0.000524135 0.0
0.0139978 0.000557221 0.0
0.0139739 0.000591246 0.0
0.01396 0.000626345 0.0
0.0139571 0.000662807 0.0
0.0139644 0.000700876 0.0
0.013982 0.000740784 0.0
0.0140121 0.000781836 0.0
0.0140544 0.000824634 0.0
0.0141086 0.000870251 0.0
0.0141761 0.000917432 0.0
0.0142578 0.000964936 0.0
0.0143535 0.00101571 0.0
0.0144642 0.00106925 0.0
0.0145902 0.00112184 0.0
0.0147318 0.00117535 0.0
0.0148905 0.0012331 0.0
0.015066 0.00128973 0.0
0.0152569 0.00134382 0.0
0.0154656 0.00140033 0.0
0.015693 0.00145739 0.0
0.0159357 0.00150891 0.0
0.0161936 0.00155882 0.0
0.0164702 0.00160873 0.0
0.0167626 0.00165299 0.0
0.0170668 0.00169124 0.0
0.0173852 0.00172676 0.0
0.0177186 0.00175627 0.0
0.0180613 0.00177823 0.0
0.0184114 0.00179454 0.0
0.0187714 0.00180287 0.0
0.0191388 0.00180341 0.0
0.0195076 0.00179789 0.0
0.0198786 0.00178362 0.0
0.0202522 0.00175872 0.0
0.0206232 0.00173031 0.0
0.0209898 0.00169503 0.0
0.0213518 0.00164721 0.0
0.021706 0.00159488 0.0
0.0220519 0.00154178 0.0
0.0223883 0.00147642 0.0
0.0227096 0.00140568 0.0
0.0230185 0.00133566 0.0
0.0233156 0.00125896 0.0
0.0235943 0.00117762 0.0
0.0238548 0.00109638 0.0
0.0241004 0.00101154 0.0
0.0243275 0.000926781 0.0
0.0245347 0.000842227 0.0
0.0247228 0.000755301 0.0
0.0248915 0.000671263 0.0
0.0250416 0.000590029 0.0
0.0251727 0.000507932 0.0
0.0252829 0.000429173 0.0
0.025375 0.000355257 0.0
0.0254505 0.000281814 0.0
0.0255073 0.000212376 0.0
0.0255458 0.000147655 0.0
0.025569 8.44687e-05 0.0
0.025577 2.47776e-05 0.0
0.0255691 -3.02797e-05 0.0
0.0255459 -8.36321e-05 0.0
0.0255093 -0.000134571 0.0
0.0254598 -0.000181713 0.0
0.025397 -0.000226398 0.0
0.0253208 -0.000269877 0.0
0.0252329 -0.000310663 0.0
0.0251344 -0.000348728 0.0
0.0250241 -0.000385166 0.0
0.0249019 -0.000420056 0.0
0.0247702 -0.000452391 0.0
0.0246296 -0.000482687 0.0
0.0244784 -0.000510822 0.0
0.0243176 -0.000537195 0.0
0.0241496 -0.000561771 0.0
0.0239739 -0.000583639 0.0
0.0237899 -0.000603108 0.0
0.0235991 -0.000622253 0.0
0.0234023 -0.000638856 0.0
0.0232 -0.0006523 0.0
0.0229919 -0.000665637 0.0
0.0227784 -0.000677873 0.0
0.0225609 -0.00068685 0.0
0.02234 -0.000694905 0.0
0.0221146 -0.000702614 0.0
0.0218854 -0.000708114 0.0
0.0216545 -0.000712105 0.0
0.0214212 -0.000715457 0.0
0.0211847 -0.000717353 0.0
0.0209468 -0.000718224 0.0
0.020708 -0.000718204 0.0
0.0204677 -0.000716573 0.0
0.0202265 -0.000714552 0.0
0.0199848 -0.000712005 0.0
0.0197431 -0.000707851 0.0
0.0195016 -0.000703139 0.0
0.01926 -0.00069847 0.0
0.0190188 -0.000692637 0.0
0.018779 -0.000686154 0.0
0.0185398 -0.000679576 0.0
0.0183013 -0.000672442 0.0
0.0180643 -0.000664925 0.0
0.017829 -0.000657012 0.0
0.0175948 -0.000648683 0.0
0.0173623 -0.000640313 0.0
0.0171316 -0.000631506 0.0
0.0169029 -0.00062218 0.0
0.0166762 -0.000612868 0.0
0.0164514 -0.000603203 0.0
0.0162291 -0.000592969 0.0
0.0160092 -0.000582649 0.0
0.0157916 -0.00057202 0.0
0.0155768 -0.000560761 0.0
0.0153648 -0.000549304 0.0
0.0151556 -0.000537589 0.0
0.0149495 -0.000525214 0.0
0.0147467 -0.000512404 0.0
0.0145473 -0.000499411 0.0
0.0143513 -0.000485847 0.0
0.0141591 -0.000471637 0.0
0.0139708 -0.00045713 0.0
0.0137865 -0.000442274 0.0
0.0136065 -0.000426778 0.0
0.0134309 -0.000410797 0.0
0.0132599 -0.000394565 0.0
0.0130936 -0.000377966 0.0
0.0129322 -0.00036089 0.0
0.0127758 -0.00034352 0.0
0.0126246 -0.000326042 0.0
0.0124787 -0.000308411 0.0
0.0123381 -0.000290541 0.0
0.0122028 -0.000272629 0.0
0.0120731 -0.000254949 0.0
0.0119489 -0.000237365 0.0
0.0118299 -0.000219757 0.0
0.0117164 -0.00020253 0.0
0.0116084 -0.000185846 0.0
0.0115056 -0.000169346 0.0
0.0114079 -0.00015318 0.0
0.0113153 -0.000137779 0.0
0.0112278 -0.00012294 0.0
0.0111449 -0.000108441 0.0
0.0110666 -9.46464e-05 0.0
0.0109928 -8.1672e-05 0.0
0.0109233 -6.922e-05 0.0
0.0108579 -5.73343e-05 0.0
0.0107963 -4.6272e-05 0.0
0.0107385 -3.59172e-05 0.0
0.0106842 -2.61113e-05 0.0
0.0106332 -1.69798e-05 0.0
0.0105853 -8.59173e-06 0.0
0.0105404 -8.04375e-07 0.0
0.0104983 6.41928e-06 0.0
0.0104587 1.30049e-05 0.0
0.0104215 1.89825e-05 0.0
0.0103867 2.44414e-05 0.0
0.0103539 2.93817e-05 0.0
0.0103229 3.37913e-05 0.0
0.0102938 3.77177e-05 0.0
0.0102663 4.12081e-05 0.0
0.0102403 4.42684e-05 0.0
0.0102157 4.69152e-05 0.0
0.0101923 4.91859e-05 0.0
0.0101701 5.11106e-05 0.0
0.0101488 5.27044e-05 0.0
0.0101285 5.39886e-05 0.0
0.0101091 5.49907e-05 0.0
0.0100904 5.5735e-05 0.0
0.0100724 5.62383e-05 0.0
0.0100549 5.65193e-05 0.0
0.010038 5.65996e-05 0.0
0.0100216 5.64992e-05 0.0
0.0100056 5.62323e-05 0.0
0.00998988 5.58143e-05 0.0
0.0099745 5.52629e-05 0.0
0.00995938 5.45931e-05 0.0
0.00994447 5.38158e-05 0.0
0.00992975 5.29437e-05 0.0
0.00991518 5.19906e-05 0.0
0.00990073 5.09668e-05 0.0
0.00988638 4.98808e-05 0.0
0.00987211 4.87428e-05 0.0
0.00985788 4.75623e-05 0.0
0.00984369 4.63465e-05 0.0
0.00982953 4.51019e-05 0.0
0.00981537 4.3836e-05 0.0
0.00980121 4.25551e-05 0.0
0.00978705 4.1264e-05 0.0
0.00977286 3.99676e-05 0.0
0.00975865 3.8671e-05 0.0
0.00974441 3.73781e-05 0.0
0.00973015 3.60921e-05 0.0
0.00971585 3.48164e-05 0.0
0.00970152 3.35542e-05 0.0
0.00968716 3.23077e-05 0.0
0.00967276 3.10792e-05 0.0
0.00965834 2.98707e-05 0.0
0.00964389 2.86841e-05 0.0
0.00962942 2.75205e-05 0.0
0.00961493 2.63814e-05 0.0
0.00960042 2.52679e-05 0.0
0.00958591 2.4181e-05 0.0
0.00957139 2.31212e-05 0.0
0.00955687 2.20893e-05 0.0
0.00954235 2.10859e-05 0.0
0.00952785 2.01114e-05 0.0
0.00951337 1.91661e-05 0.0
0.00949891 1.82503e-05 0.0
0.00948448 1.73643e-05 0.0
0.00947009 1.65082e-05 0.0
0.00945574 1.56822e-05 0.0
0.00944145 1.48866e-05 0.0
0.00942721 1.41214e-05 0.0
0.00941304 1.33868e-05 0.0
0.00939895 1.26831e-05 0.0
0.00938493 1.20103e-05 0.0
0.009371 1.13689e-05 0.0
0.00935717 1.07591e-05 0.0
0.00934344 1.01813e-05 0.0
0.00932983 9.63601e-06 0.0
0.00931633 9.12376e-06 0.0
0.00930297 8.64522e-06 0.0
0.00928974 8.2011e-06 0.0
0.00927666 7.79244e-06 0.0
0.00926373 7.42011e-06 0.0
0.00925097 7.08535e-06 0.0
0.00923839 6.78941e-06 0.0
0.009226 6.53405e-06 0.0
0.0092138 6.32046e-06 0.0
0.00920181 6.15084e-06 0.0
0.00919005 6.02701e-06 0.0
0.00917852 5.95149e-06 0.0
0.00916724 5.9257e-06 0.0
0.00915622 5.95335e-06 0.0
0.00914549 6.0361e-06 0.0
0.00913505 6.17729e-06 0.0
0.00912492 6.37814e-06 0.0
0.00911513 6.6441e-06 0.0
0.00910568 6.97418e-06 0.0
0.00909661 7.37296e-06 0.0
0.00908793 7.83931e-06 0.0
0.00907967 8.3787e-06 0.0
0.00907184 8.98154e-06 0.0
0.00906449 9.65476e-06 0.0
0.00905762 1.03848e-05 0.0
0.00905125 1.11695e-05 0.0
0.00904543 1.19793e-05 0.0
0.00904018 1.28195e-05 0.0
0.0090355 1.36252e-05 0.0
0.00903143 1.43726e-05 0.0
0.00902802 1.49968e-05 0.0
0.00902529 1.54756e-05 0.0
0.00902324 1.56818e-05 0.0
0.00902179 1.57111e-05 0.0
0.00902079 1.57135e-05 0.0
0.0 0.0 0.0
0.0 0.0 0.0
0.0194583 -0.00127449 0.0
0.0199292 -0.00167109 0.0
0.0202324 -0.00266982 0.0
0.0209656 -0.00325066 0.0
0.0213604 -0.0030064 0.0
0.0212481 -0.00284244 0.0
0.0209718 -0.00239587 0.0
0.0205549 -0.00224885 0.0
0.0200781 -0.00195877 0.0
0.0196331 -0.00166459 0.0
0.0191767 -0.00140182 0.0
0.0186537 -0.00126215 0.0
0.0181643 -0.001061 0.0
0.0177397 -0.00087431 0.0
0.0173213 -0.000741531 0.0
0.0168964 -0.000639696 0.0
0.0165157 -0.000511624 0.0
0.0161717 -0.000406491 0.0
0.0158353 -0.000330527 0.0
0.0155143 -0.000256347 0.0
0.0152259 -0.000176571 0.0
0.0149562 -0.000115019 0.0
0.0146966 -6.40821e-05 0.0
0.0144553 -1.05666e-05 0.0
0.0142346 4.00529e-05 0.0
0.0140254 8.02442e-05 0.0
0.0138275 0.000118031 0.0
0.0136449 0.000156705 0.0
0.0134753 0.000191015 0.0
0.0133149 0.000220722 0.0
0.0131654 0.00025045 0.0
0.0130274 0.000279505 0.0
0.0128988 0.000305405 0.0
0.0127788 0.000329941 0.0
0.0126686 0.000354786 0.0
0.0125674 0.000378545 0.0
0.0124743 0.000400833 0.0
0.0123897 0.000423266 0.0
0.012314 0.000445851 0.0
0.0122461 0.000467764 0.0
0.0121865 0.000489631 0.0
0.0121357 0.000512202 0.0
0.0120933 0.000534934 0.0
0.012059 0.000557899 0.0
0.0120341 0.000581682 0.0
0.0120185 0.000606272 0.0
0.0120116 0.000631585 0.0
0.0120145 0.000657979 0.0
0.0120282 0.000685246 0.0
0.0120521 0.000713766 0.0
0.0120864 0.000743905 0.0
0.0121326 0.000774888 0.0
0.0121911 0.000806717 0.0
0.0122617 0.000841045 0.0
0.0123449 0.000876549 0.0
0.0124419 0.000911805 0.0
0.0125533 0.000949092 0.0
0.0126789 0.000988949 0.0
0.0128186 0.00102752 0.0
0.012974 0.00106601 0.0
0.0131459 0.00110726 0.0
0.0133325 0.00114818 0.0
0.0135339 0.00118592 0.0
0.0137525 0.00122431 0.0
0.0139871 0.00126321 0.0
0.0142348 0.00129828 0.0
0.0144975 0.0013296 0.0
0.0147757 0.00136026 0.0
0.015066 0.00138813 0.0
0.0153673 0.00140984 0.0
0.0156802 0.00142663 0.0
0.0160029 0.00144111 0.0
0.0163333 0.00145033 0.0
0.0166694 0.00145085 0.0
0.0170097 0.00144722 0.0
0.0173543 0.00144005 0.0
0.0176999 0.00142431 0.0
0.018042 0.00140171 0.0
0.0183825 0.00137645 0.0
0.018721 0.00134361 0.0
0.0190504 0.00130525 0.0
0.0193702 0.00126367 0.0
0.0196836 0.00121499 0.0
0.0199853 0.00116269 0.0
0.0202722 0.00111037 0.0
0.0205465 0.00104996 0.0
0.0208058 0.000986765 0.0
0.0210489 0.000926654 0.0
0.0212754 0.000861586 0.0
0.0214829 0.000792924 0.0
0.0216725 0.000727854 0.0
0.0218453 0.000662126 0.0
0.0219974 0.000595086 0.0
0.0221299 0.000530195 0.0
0.0222455 0.000466368 0.0
0.0223421 0.000404588 0.0
0.0224189 0.000345647 0.0
0.0224792 0.00028736 0.0
0.0225223 0.000231856 0.0
0.022548 0.000181106 0.0
0.022558 0.000131264 0.0
0.022553 8.32957e-05 0.0
0.0225329 3.96866e-05 0.0
0.0224992 -1.5201e-06 0.0
0.0224521 -4.15586e-05 0.0
0.0223921 -7.87486e-05 0.0
0.0223202 -0.000113498 0.0
0.022237 -0.000146643 0.0
0.0221423 -0.000177891 0.0
0.0220372 -0.000207324 0.0
0.0219222 -0.000235529 0.0
0.0217974 -0.000261575 0.0
0.0216635 -0.000285851 0.0
0.021521 -0.000309336 0.0
0.02137 -0.000331304 0.0
0.0212113 -0.00035058 0.0
0.0210457 -0.000368877 0.0
0.0208729 -0.00038643 0.0
0.0206937 -0.000401648 0.0
0.0205095 -0.000414977 0.0
0.0203197 -0.000427701 0.0
0.0201244 -0.000438857 0.0
0.0199255 -0.000448671 0.0
0.0197229 -0.000457034 0.0
0.0195159 -0.000463986 0.0
0.019306 -0.000470667 0.0
0.0190939 -0.000476177 0.0
0.0188791 -0.000479472 0.0
0.018662 -0.000482597 0.0
0.0184433 -0.000485793 0.0
0.0182235 -0.000486778 0.0
0.0180026 -0.000486623 0.0
0.0177807 -0.000486992 0.0
0.0175583 -0.000486334 0.0
0.0173363 -0.000484144 0.0
0.0171142 -0.000481756 0.0
0.016892 -0.000479107 0.0
0.0166707 -0.000475808 0.0
0.0164504 -0.000471678 0.0
0.0162307 -0.000467036 0.0
0.0160122 -0.00046257 0.0
0.0157952 -0.000457682 0.0
0.0155796 -0.000451734 0.0
0.0153656 -0.00044603 0.0
0.0151532 -0.000440526 0.0
0.0149426 -0.000434035 0.0
0.014734 -0.000427372 0.0
0.0145274 -0.000421091 0.0
0.0143228 -0.000414275 0.0
0.0141205 -0.000407003 0.0
0.0139204 -0.000399886 0.0
0.0137226 -0.000392602 0.0
0.0135274 -0.000384865 0.0
0.0133347 -0.000376928 0.0
0.0131445 -0.000368954 0.0
0.0129572 -0.000360702 0.0
0.0127728 -0.000352001 0.0
0.0125912 -0.000343117 0.0
0.0124126 -0.00033416 0.0
0.0122375 -0.000324746 0.0
0.0120655 -0.000314887 0.0
0.0118969 -0.000304947 0.0
0.011732 -0.000294771 0.0
0.0115709 -0.000284035 0.0
0.0114136 -0.000273018 0.0
0.0112601 -0.000261916 0.0
0.0111109 -0.000250431 0.0
0.010966 -0.000238525 0.0
0.0108254 -0.000226517 0.0
0.0106892 -0.000214363 0.0
0.0105578 -0.000201899 0.0
0.0104311 -0.000189313 0.0
0.010309 -0.000176723 0.0
0.0101917 -0.00016403 0.0
0.0100795 -0.00015134 0.0
0.00997202 -0.00013878 0.0
0.00986925 -0.000126258 0.0
0.00977143 -0.000113893 0.0
0.00967856 -0.000101865 0.0
0.00959025 -9.00231e-05 0.0
0.00950649 -7.83868e-05 0.0
0.00942744 -6.72493e-05 0.0
0.00935284 -5.65171e-05 0.0
0.00928239 -4.60272e-05 0.0
0.0092161 -3.60253e-05 0.0
0.00915393 -2.66183e-05 0.0
0.00909557 -1.75753e-05 0.0
0.00904081 -8.93675e-06 0.0
0.00898958 -9.08084e-07 0.0
0.00894174 6.60379e-06 0.0
0.00889704 1.3733e-05 0.0
0.00885526 2.03565e-05 0.0
0.00881631 2.6421e-05 0.0
0.00878004 3.20509e-05 0.0
0.00874623 3.72712e-05 0.0
0.00871466 4.20029e-05 0.0
0.00868525 4.62797e-05 0.0
0.00865787 5.01775e-05 0.0
0.00863229 5.36865e-05 0.0
0.00860837 5.67879e-05 0.0
0.00858603 5.9529e-05 0.0
0.00856514 6.19453e-05 0.0
0.0085455 6.4034e-05 0.0
0.00852702 6.58064e-05 0.0
0.00850965 6.72969e-05 0.0
0.00849324 6.85253e-05 0.0
0.00847765 6.95005e-05 0.0
0.00846284 7.02391e-05 0.0
0.00844874 7.07643e-05 0.0
0.00843523 7.10925e-05 0.0
0.00842223 7.12359e-05 0.0
0.00840971 7.12089e-05 0.0
0.00839759 7.1029e-05 0.0
0.0083858 7.07103e-05 0.0
0.0083743 7.02637e-05 0.0
0.00836304 6.97007e-05 0.0
0.00835198 6.90355e-05 0.0
0.00834107 6.82791e-05 0.0
0.00833028 6.74397e-05 0.0
0.00831958 6.65271e-05 0.0
0.00830894 6.55522e-05 0.0
0.00829833 6.45225e-05 0.0
0.00828774 6.34446e-05 0.0
0.00827714 6.23264e-05 0.0
0.00826652 6.11754e-05 0.0
0.00825585 5.99969e-05 0.0
0.00824515 5.87958e-05 0.0
0.00823438 5.75782e-05 0.0
0.00822354 5.63489e-05 0.0
0.00821263 5.51113e-05 0.0
0.00820164 5.38695e-05 0.0
0.00819057 5.26274e-05 0.0
0.00817942 5.1388e-05 0.0
0.00816818 5.01536e-05 0.0
0.00815686 4.89271e-05 0.0
0.00814545 4.77109e-05 0.0
0.00813396 4.65067e-05 0.0
0.0081224 4.53161e-05 0.0
0.00811076 4.4141e-05 0.0
0.00809904 4.29825e-05 0.0
0.00808726 4.18417e-05 0.0
0.00807542 4.07196e-05 0.0
0.00806353 3.96172e-05 0.0
0.00805158 3.85352e-05 0.0
0.00803958 3.74739e-05 0.0
0.00802755 3.64339e-05 0.0
0.00801549 3.54158e-05 0.0
0.0080034 3.44198e-05 0.0
0.0079913 3.3446e-05 0.0
0.00797918 3.24948e-05 0.0
0.00796706 3.15662e-05 0.0
0.00795494 3.06604e-05 0.0
0.00794284 2.97775e-05 0.0
0.00793075 2.89175e-05 0.0
0.00791868 2.80806e-05 0.0
0.00790665 2.72667e-05 0.0
0.00789466 2.64759e-05 0.0
0.00788271 2.57084e-05 0.0
0.00787082 2.49642e-05 0.0
0.007859 2.42435e-05 0.0
0.00784724 2.35466e-05 0.0
0.00783557 2.28735e-05 0.0
0.00782398 2.22248e-05 0.0
0.00781248 2.16006e-05 0.0
0.00780109 2.10015e-05 0.0
0.00778981 2.04279e-05 0.0
0.00777866 1.98806e-05 0.0
0.00776763 1.93601e-05 0.0
0.00775674 1.88673e-05 0.0
0.007746 1.84031e-05 0.0
0.00773543 1.79686e-05 0.0
0.00772502 1.75645e-05 0.0
0.00771479 1.71928e-05 0.0
0.00770476 1.68545e-05 0.0
0.00769494 1.65511e-05 0.0
0.00768533 1.62838e-05 0.0
0.00767595 1.60555e-05 0.0
0.00766683 1.58666e-05 0.0
0.00765796 1.57195e-05 0.0
0.00764937 1.56155e-05 0.0
0.00764108 1.55584e-05 0.0
0.0076331 1.55459e-05 0.0
0.00762545 1.55819e-05 0.0
0.00761815 1.56661e-05 0.0
0.00761122 1.58008e-05 0.0
0.00760469 1.5977e-05 0.0
0.00759856 1.62009e-05 0.0
0.00759286 1.64615e-05 0.0
0.00758761 1.67546e-05 0.0
0.00758283 1.70516e-05 0.0
0.00757853 1.73534e-05 0.0
0.00757472 1.76131e-05 0.0
0.00757143 1.78027e-05 0.0
0.00756863 1.78263e-05 0.0
0.00756637 1.76688e-05 0.0
0.00756464 1.73221e-05 0.0
0.00756336 1.68762e-05 0.0
0.0075624 1.66238e-05 0.0
0.0 0.0 0.0
0.0 0.0 0.0
0.0188617 -0.00130407 0.0
0.0198719 -0.00276519 0.0
0.0212961 -0.00318259 0.0
0.0215723 -0.00368264 0.0
0.0207602 -0.00257752 0.0
0.0198232 -0.00233488 0.0
0.0193821 -0.00200041 0.0
0.0188269 -0.00167836 0.0
0.0179615 -0.00129593 0.0
0.0172094 -0.00112573 0.0
0.0167002 -0.00089641 0.0
0.016143 -0.000700472 0.0
0.0155418 -0.000554399 0.0
0.0150546 -0.000447145 0.0
0.0146488 -0.000317157 0.0
0.0142212 -0.000220368 0.0
0.0138209 -0.000148319 0.0
0.0134876 -7.70316e-05 0.0
0.0131772 -5.2726e-06 0.0
0.0128679 4.60437e-05 0.0
0.0125924 9.11633e-05 0.0
0.012349 0.000138152 0.0
0.0121144 0.000179194 0.0
0.0118916 0.000211066 0.0
0.0116932 0.000242644 0.0
0.0115099 0.00027361 0.0
0.0113341 0.000299457 0.0
0.0111717 0.000322237 0.0
0.0110246 0.00034532 0.0
0.0108863 0.000366711 0.0
0.0107561 0.000385263 0.0
0.0106374 0.000403161 0.0
0.0105284 0.000420922 0.0
0.0104264 0.000437227 0.0
0.0103328 0.000452433 0.0
0.0102483 0.000467718 0.0
0.0101712 0.000482649 0.0
0.010101 0.000496835 0.0
0.0100389 0.000510947 0.0
0.00998464 0.000525299 0.0
0.00993711 0.000539454 0.0
0.00989714 0.000553613 0.0
0.00986543 0.000568175 0.0
0.00984106 0.000583105 0.0
0.00982414 0.000598285 0.0
0.00981597 0.000613921 0.0
0.00981638 0.000630178 0.0
0.00982481 0.000647243 0.0
0.00984243 0.000664818 0.0
0.00987002 0.000682878 0.0
0.00990709 0.000702137 0.0
0.00995412 0.000722548 0.0
0.0100122 0.000742902 0.0
0.0100814 0.00076417 0.0
0.0101622 0.000787422 0.0
0.010255 0.000810784 0.0
0.0103599 0.00083358 0.0
0.0104781 0.00085855 0.0
0.01061 0.000884519 0.0
0.0107545 0.000908764 0.0
0.0109124 0.000933378 0.0
0.0110857 0.000959885 0.0
0.0112725 0.00098449 0.0
0.0114712 0.00100719 0.0
0.0116848 0.00103058 0.0
0.0119129 0.00105278 0.0
0.0121517 0.00107159 0.0
0.0124016 0.00108892 0.0
0.0126649 0.00110432 0.0
0.0129381 0.00111628 0.0
0.013218 0.00112535 0.0
0.0135064 0.00113066 0.0
0.0138027 0.00113188 0.0
0.0141022 0.00113046 0.0
0.0144039 0.00112477 0.0
0.0147083 0.00111281 0.0
0.0150126 0.00109858 0.0
0.0153139 0.00108181 0.0
0.0156117 0.00105801 0.0
0.0159038 0.00102982 0.0
0.016189 0.00100209 0.0
0.0164666 0.000968839 0.0
0.0167323 0.000929894 0.0
0.0169859 0.0008915 0.0
0.0172294 0.000850867 0.0
0.0174582 0.000805455 0.0
0.0176696 0.000760243 0.0
0.0178675 0.000713548 0.0
0.0180499 0.000665092 0.0
0.0182138 0.000617617 0.0
0.0183603 0.000568746 0.0
0.01849 0.000519543 0.0
0.0186022 0.000472982 0.0
0.0186973 0.000426182 0.0
0.0187739 0.000379565 0.0
0.0188336 0.000336128 0.0
0.0188784 0.000293701 0.0
0.0189065 0.000252354 0.0
0.0189179 0.00021421 0.0
0.0189158 0.000177293 0.0
0.0189004 0.000141723 0.0
0.0188707 0.000109679 0.0
0.0188281 7.88694e-05 0.0
0.0187743 4.8868e-05 0.0
0.0187095 2.17441e-05 0.0
0.0186338 -3.35749e-06 0.0
0.0185477 -2.81132e-05 0.0
0.0184524 -5.13029e-05 0.0
0.0183488 -7.23857e-05 0.0
0.0182364 -9.24302e-05 0.0
0.0181153 -0.000111839 0.0
0.0179872 -0.000129809 0.0
0.0178527 -0.000146422 0.0
0.0177108 -0.00016187 0.0
0.0175621 -0.000176469 0.0
0.0174084 -0.000190175 0.0
0.0172496 -0.000202417 0.0
0.017085 -0.000213113 0.0
0.0169159 -0.000223626 0.0
0.0167431 -0.00023327 0.0
0.0165667 -0.0002408 0.0
0.0163869 -0.000247751 0.0
0.0162038 -0.000254868 0.0
0.0160183 -0.000260155 0.0
0.0158314 -0.000264311 0.0
0.0156421 -0.000268614 0.0
0.0154507 -0.000271996 0.0
0.0152589 -0.000274264 0.0
0.0150665 -0.000276213 0.0
0.0148726 -0.000277491 0.0
0.0146784 -0.000278131 0.0
0.0144847 -0.000278509 0.0
0.014291 -0.000277942 0.0
0.0140972 -0.000276847 0.0
0.0139041 -0.000275911 0.0
0.013712 -0.000274195 0.0
0.0135208 -0.000271645 0.0
0.0133305 -0.000269354 0.0
0.0131413 -0.000266796 0.0
0.0129539 -0.000263481 0.0
0.0127681 -0.00026006 0.0
0.0125834 -0.000256637 0.0
0.0124007 -0.000252917 0.0
0.0122201 -0.000248922 0.0
0.0120412 -0.000244702 0.0
0.011864 -0.000240552 0.0
0.0116892 -0.000236293 0.0
0.0115164 -0.000231585 0.0
0.0113457 -0.000226922 0.0
0.0111771 -0.000222359 0.0
0.0110109 -0.000217367 0.0
0.0108471 -0.000212234 0.0
0.0106855 -0.000207239 0.0
0.0105264 -0.000201939 0.0
0.0103699 -0.000196381 0.0
0.010216 -0.000190872 0.0
0.0100646 -0.000185173 0.0
0.00991604 -0.000179157 0.0
0.00977037 -0.000173078 0.0
0.00962746 -0.000166885 0.0
0.00948762 -0.000160382 0.0
0.00935102 -0.000153685 0.0
0.00921752 -0.000146909 0.0
0.00908725 -0.000139903 0.0
0.00896052 -0.000132629 0.0
0.00883733 -0.000125228 0.0
0.00871764 -0.000117717 0.0
0.00860168 -0.000109984 0.0
0.00848959 -0.000102065 0.0
0.00838137 -9.40943e-05 0.0
0.00827705 -8.60675e-05 0.0
0.00817675 -7.78876e-05 0.0
0.00808053 -6.96397e-05 0.0
0.00798842 -6.14955e-05 0.0
0.00790039 -5.33799e-05 0.0
0.00781641 -4.51892e-05 0.0
0.00773657 -3.71398e-05 0.0
0.00766083 -2.93601e-05 0.0
0.007589 -2.16208e-05 0.0
0.00752107 -1.39631e-05 0.0
0.00745709 -6.696e-06 0.0
0.00739686 2.96931e-07 0.0
0.00734019 7.2219e-06 0.0
0.00728707 1.38132e-05 0.0
0.00723743 1.99487e-05 0.0
0.00719102 2.58888e-05 0.0
0.00714768 3.16115e-05 0.0
0.00710736 3.68709e-05 0.0
0.00706991 4.17696e-05 0.0
0.00703511 4.64673e-05 0.0
0.00700282 5.08218e-05 0.0
0.00697292 5.47526e-05 0.0
0.00694528 5.84102e-05 0.0
0.00691971 6.18185e-05 0.0
0.00689604 6.4869e-05 0.0
0.00687419 6.75917e-05 0.0
0.00685404 7.00805e-05 0.0
0.00683539 7.23056e-05 0.0
0.00681812 7.42298e-05 0.0
0.00680216 7.59065e-05 0.0
0.0067874 7.73737e-05 0.0
0.00677366 7.86069e-05 0.0
0.00676087 7.96107e-05 0.0
0.00674897 8.04241e-05 0.0
0.00673784 8.10598e-05 0.0
0.00672736 8.15114e-05 0.0
0.00671749 8.17948e-05 0.0
0.00670817 8.19326e-05 0.0
0.00669929 8.1932e-05 0.0
0.00669078 8.17968e-05 0.0
0.00668263 8.15415e-05 0.0
0.00667476 8.11797e-05 0.0
0.00666711 8.07182e-05 0.0
0.00665964 8.01637e-05 0.0
0.00665232 7.95268e-05 0.0
0.00664511 7.88171e-05 0.0
0.00663795 7.80409e-05 0.0
0.00663084 7.72042e-05 0.0
0.00662376 7.63149e-05 0.0
0.00661666 7.53802e-05 0.0
0.00660952 7.44049e-05 0.0
0.00660234 7.33938e-05 0.0
0.0065951 7.23531e-05 0.0
0.00658778 7.12878e-05 0.0
0.00658038 7.02012e-05 0.0
0.00657288 6.90972e-05 0.0
0.00656527 6.79804e-05 0.0
0.00655755 6.68538e-05 0.0
0.00654972 6.572e-05 0.0
0.00654177 6.45819e-05 0.0
0.00653371 6.34424e-05 0.0
0.00652552 6.23035e-05 0.0
0.00651722 6.11671e-05 0.0
0.00650881 6.00351e-05 0.0
0.00650027 5.89094e-05 0.0
0.00649163 5.77911e-05 0.0
0.00648288 5.66815e-05 0.0
0.00647403 5.55818e-05 0.0
0.00646508 5.44931e-05 0.0
0.00645603 5.34161e-05 0.0
0.0064469 5.23514e-05 0.0
0.00643768 5.13e-05 0.0
0.00642839 5.02621e-05 0.0
0.00641903 4.92382e-05 0.0
0.00640961 4.82288e-05 0.0
0.00640013 4.72342e-05 0.0
0.0063906 4.62545e-05 0.0
0.00638103 4.52899e-05 0.0
0.00637142 4.43407e-05 0.0
0.00636179 4.34069e-05 0.0
0.00635213 4.24886e-05 0.0
0.00634246 4.15859e-05 0.0
0.00633278 4.06988e-05 0.0
0.0063231 3.98273e-05 0.0
0.00631342 3.89715e-05 0.0
0.00630376 3.81314e-05 0.0
0.00629412 3.7307e-05 0.0
0.00628451 3.64985e-05 0.0
0.00627493 3.57057e-05 0.0
0.0062654 3.49289e-05 0.0
0.00625591 3.41681e-05 0.0
0.00624648 3.34236e-05 0.0
0.00623712 3.26953e-05 0.0
0.00622783 3.19836e-05 0.0
0.00621862 3.12888e-05 0.0
0.00620949 3.06112e-05 0.0
0.00620047 2.9951e-05 0.0
0.00619154 2.93088e-05 0.0
0.00618273 2.86852e-05 0.0
0.00617404 2.80805e-05 0.0
0.00616548 2.74954e-05 0.0
0.00615706 2.69308e-05 0.0
0.00614879 2.63874e-05 0.0
0.00614068 2.58658e-05 0.0
0.00613274 2.53673e-05 0.0
0.00612498 2.48928e-05 0.0
0.00611742 2.44432e-05 0.0
0.00611007 2.40191e-05 0.0
0.00610294 2.36231e-05 0.0
0.00609604 2.32546e-05 0.0
0.00608939 2.2915e-05 0.0
0.00608301 2.26049e-05 0.0
0.0060769 2.23271e-05 0.0
0.00607109 2.20771e-05 0.0
0.0060656 2.18579e-05 0.0
0.00606043 2.16676e-05 0.0
0.0060556 2.15052e-05 0.0
0.00605114 2.13569e-05 0.0
0.00604705 2.12293e-05 0.0
0.00604334 2.11031e-05 0.0
0.00604001 2.09591e-05 0.0
0.00603709 2.07656e-05 0.0
0.00603456 2.05188e-05 0.0
0.00603237 2.01162e-05 0.0
0.00603051 1.95115e-05 0.0
0.00602904 1.87211e-05 0.0
0.00602794 1.7905e-05 0.0
0.00602705 1.75271e-05 0.0
0.0 0.0 0.0
0.0 0.0 0.0
0.0197094 -0.0014113 0.0
0.0208297 -0.00477983 0.0
0.0206061 -0.00318311 0.0
0.0190675 -0.00249839 0.0
0.018138 -0.00174491 0.0
0.0173475 -0.00150188 0.0
0.0161648 -0.00119361 0.0
0.0151329 -0.00083089 0.0
0.0145054 -0.000555677 0.0
0.0138375 -0.000435574 0.0
0.013103 -0.00030933 0.0
0.012543 -0.000141284 0.0
0.0121118 -4.53938e-05 0.0
0.0116463 9.88528e-06 0.0
0.0112131 8.14005e-05 0.0
0.0108744 0.000159724 0.0
0.0105648 0.000197748 0.0
0.0102504 0.000232477 0.0
0.00997788 0.000275765 0.0
0.00974599 0.00031308 0.0
0.00952078 0.000333073 0.0
0.00930644 0.000357869 0.0
0.00912094 0.00038371 0.0
0.00895157 0.000403131 0.0
0.0087877 0.000417028 0.0
0.00863759 0.000434743 0.0
0.00850399 0.000450366 0.0
0.00837809 0.000462319 0.0
0.00825919 0.000473331 0.0
0.00815169 0.000485907 0.0
0.00805355 0.000496142 0.0
0.00796111 0.000505027 0.0
0.00787607 0.000514165 0.0
0.00779943 0.000523473 0.0
0.00772903 0.000531251 0.0
0.00766432 0.000538936 0.0
0.00760659 0.000546899 0.0
0.00755523 0.000554564 0.0
0.00750936 0.000561616 0.0
0.00746969 0.000569054 0.0
0.00743642 0.000576577 0.0
0.00740878 0.000583944 0.0
0.00738723 0.00059136 0.0
0.00737245 0.000599168 0.0
0.00736382 0.000607088 0.0
0.00736139 0.00061529 0.0
0.0073663 0.000623677 0.0
0.0073785 0.000632398 0.0
0.00739746 0.000641723 0.0
0.00742416 0.000651414 0.0
0.00745945 0.000660943 0.0
0.00750289 0.000671401 0.0
0.0075547 0.000682801 0.0
0.00761583 0.000693689 0.0
0.00768677 0.00070466 0.0
0.00776749 0.000717539 0.0
0.00785808 0.000730213 0.0
0.00795918 0.000741612 0.0
0.00807169 0.000754424 0.0
0.00819515 0.000768566 0.0
0.00832902 0.000780502 0.0
0.00847449 0.000791923 0.0
0.00863215 0.000805193 0.0
0.00880013 0.000817377 0.0
0.00897838 0.000826649 0.0
0.00916814 0.000836356 0.0
0.0093683 0.000846304 0.0
0.00957684 0.000853131 0.0
0.00979401 0.000857474 0.0
0.0100196 0.000861835 0.0
0.0102522 0.000864508 0.0
0.0104896 0.000863107 0.0
0.0107309 0.000859753 0.0
0.0109762 0.00085551 0.0
0.0112238 0.000847961 0.0
0.0114696 0.000836779 0.0
0.0117141 0.000824465 0.0
0.011958 0.000809256 0.0
0.0121966 0.000791285 0.0
0.0124275 0.00077181 0.0
0.0126532 0.000749253 0.0
0.0128714 0.000724098 0.0
0.0130779 0.00069989 0.0
0.0132742 0.000672117 0.0
0.0134596 0.000641027 0.0
0.0136318 0.000612403 0.0
0.013791 0.00058274 0.0
0.013936 0.000548771 0.0
0.0140659 0.000516866 0.0
0.0141825 0.000486144 0.0
0.014284 0.000453149 0.0
0.0143689 0.000420809 0.0
0.01444 0.000389805 0.0
0.0144972 0.000359109 0.0
0.0145386 0.00032955 0.0
0.0145663 0.000300461 0.0
0.0145812 0.000272262 0.0
0.0145824 0.000246592 0.0
0.0145716 0.00022147 0.0
0.0145495 0.00019666 0.0
0.0145157 0.000174441 0.0
0.0144719 0.000153641 0.0
0.0144189 0.000132873 0.0
0.0143563 0.000113918 0.0
0.014285 9.6474e-05 0.0
0.0142065 7.94867e-05 0.0
0.0141205 6.35348e-05 0.0
0.0140273 4.89304e-05 0.0
0.0139276 3.47103e-05 0.0
0.0138222 2.13762e-05 0.0
0.0137111 9.21807e-06 0.0
0.0135947 -2.45807e-06 0.0
0.013473 -1.37818e-05 0.0
0.0133471 -2.37755e-05 0.0
0.0132174 -3.30278e-05 0.0
0.0130833 -4.20823e-05 0.0
0.0129453 -5.03511e-05 0.0
0.012805 -5.74442e-05 0.0
0.012662 -6.4164e-05 0.0
0.0125156 -7.0377e-05 0.0
0.0123674 -7.59477e-05 0.0
0.012218 -8.07567e-05 0.0
0.0120665 -8.4801e-05 0.0
0.0119134 -8.87336e-05 0.0
0.0117599 -9.24513e-05 0.0
0.0116056 -9.4798e-05 0.0
0.0114506 -9.6875e-05 0.0
0.0112952 -9.94672e-05 0.0
0.0111398 -0.000101006 0.0
0.0109846 -0.000101528 0.0
0.0108297 -0.000102585 0.0
0.010675 -0.000103465 0.0
0.0105211 -0.000103224 0.0
0.0103683 -0.000102878 0.0
0.010216 -0.00010267 0.0
0.0100647 -0.000102035 0.0
0.00991502 -0.000100955 0.0
0.00976651 -9.96424e-05 0.0
0.0096192 -9.83624e-05 0.0
0.00947352 -9.70272e-05 0.0
0.00932945 -9.50922e-05 0.0
0.00918698 -9.30753e-05 0.0
0.00904618 -9.14085e-05 0.0
0.00890705 -8.92969e-05 0.0
0.00876981 -8.67963e-05 0.0
0.00863442 -8.46639e-05 0.0
0.00850073 -8.24141e-05 0.0
0.00836898 -7.97351e-05 0.0
0.00823925 -7.71646e-05 0.0
0.00811134 -7.46647e-05 0.0
0.00798541 -7.18993e-05 0.0
0.00786157 -6.90028e-05 0.0
0.00773969 -6.61588e-05 0.0
0.0076199 -6.32561e-05 0.0
0.0075023 -6.01364e-05 0.0
0.00738681 -5.68982e-05 0.0
0.00727351 -5.37344e-05 0.0
0.00716256 -5.04398e-05 0.0
0.00705394 -4.6863e-05 0.0
0.00694762 -4.32893e-05 0.0
0.00684379 -3.97638e-05 0.0
0.00674255 -3.59577e-05 0.0
0.00664386 -3.19645e-05 0.0
0.00654777 -2.80631e-05 0.0
0.00645447 -2.40679e-05 0.0
0.00636402 -1.97931e-05 0.0
0.00627637 -1.54877e-05 0.0
0.00619161 -1.12349e-05 0.0
0.00610993 -6.82191e-06 0.0
0.00603133 -2.27419e-06 0.0
0.00595571 2.22699e-06 0.0
0.00588321 6.73101e-06 0.0
0.00581399 1.13041e-05 0.0
0.0057479 1.58668e-05 0.0
0.00568486 2.03897e-05 0.0
0.00562504 2.486e-05 0.0
0.00556847 2.92428e-05 0.0
0.00551487 3.35846e-05 0.0
0.00546425 3.78562e-05 0.0
0.00541676 4.19198e-05 0.0
0.00537221 4.58546e-05 0.0
0.00533035 4.97556e-05 0.0
0.00529127 5.34437e-05 0.0
0.00525495 5.6863e-05 0.0
0.00522112 6.02087e-05 0.0
0.00518965 6.34273e-05 0.0
0.00516056 6.63398e-05 0.0
0.00513372 6.90533e-05 0.0
0.00510892 7.1685e-05 0.0
0.00508606 7.40904e-05 0.0
0.00506509 7.62226e-05 0.0
0.00504587 7.82183e-05 0.0
0.00502824 8.0079e-05 0.0
0.00501208 8.16981e-05 0.0
0.00499734 8.31178e-05 0.0
0.0049839 8.44169e-05 0.0
0.00497161 8.55543e-05 0.0
0.00496036 8.64914e-05 0.0
0.00495014 8.7284e-05 0.0
0.00494081 8.79584e-05 0.0
0.00493224 8.84828e-05 0.0
0.00492438 8.88579e-05 0.0
0.00491719 8.91217e-05 0.0
0.00491057 8.92784e-05 0.0
0.0049044 8.93151e-05 0.0
0.00489868 8.92438e-05 0.0
0.00489336 8.90853e-05 0.0
0.00488833 8.88398e-05 0.0
0.00488355 8.85056e-05 0.0
0.00487901 8.80942e-05 0.0
0.00487465 8.7617e-05 0.0
0.0048704 8.70751e-05 0.0
0.00486626 8.6471e-05 0.0
0.0048622 8.58132e-05 0.0
0.00485817 8.5109e-05 0.0
0.00485414 8.43599e-05 0.0
0.0048501 8.35694e-05 0.0
0.00484604 8.27438e-05 0.0
0.00484192 8.18879e-05 0.0
0.00483773 8.10032e-05 0.0
0.00483347 8.0093e-05 0.0
0.00482912 7.91621e-05 0.0
0.00482466 7.82133e-05 0.0
0.00482009 7.72481e-05 0.0
0.00481542 7.62694e-05 0.0
0.00481062 7.52804e-05 0.0
0.00480569 7.42828e-05 0.0
0.00480065 7.3278e-05 0.0
0.00479547 7.22682e-05 0.0
0.00479017 7.12556e-05 0.0
0.00478474 7.0241e-05 0.0
0.00477919 6.92256e-05 0.0
0.00477351 6.82111e-05 0.0
0.00476771 6.71986e-05 0.0
0.0047618 6.61888e-05 0.0
0.00475577 6.51825e-05 0.0
0.00474964 6.41809e-05 0.0
0.0047434 6.31845e-05 0.0
0.00473706 6.21937e-05 0.0
0.00473063 6.12092e-05 0.0
0.00472411 6.02316e-05 0.0
0.00471751 5.92611e-05 0.0
0.00471083 5.8298e-05 0.0
0.00470408 5.73428e-05 0.0
0.00469726 5.63957e-05 0.0
0.00469039 5.54568e-05 0.0
0.00468346 5.45263e-05 0.0
0.00467648 5.36044e-05 0.0
0.00466947 5.26912e-05 0.0
0.00466242 5.17868e-05 0.0
0.00465534 5.08912e-05 0.0
0.00464824 5.00045e-05 0.0
0.00464112 4.91268e-05 0.0
0.00463399 4.82581e-05 0.0
0.00462686 4.73984e-05 0.0
0.00461973 4.65478e-05 0.0
0.00461261 4.57062e-05 0.0
0.0046055 4.48738e-05 0.0
0.00459841 4.40506e-05 0.0
0.00459135 4.32365e-05 0.0
0.00458432 4.24318e-05 0.0
0.00457733 4.16363e-05 0.0
0.00457038 4.08504e-05 0.0
0.00456348 4.00739e-05 0.0
0.00455664 3.93073e-05 0.0
0.00454987 3.85504e-05 0.0
0.00454316 3.78037e-05 0.0
0.00453653 3.70672e-05 0.0
0.00452998 3.63414e-05 0.0
0.00452353 3.56261e-05 0.0
0.00451717 3.49223e-05 0.0
0.00451092 3.42298e-05 0.0
0.00450478 3.35494e-05 0.0
0.00449876 3.28809e-05 0.0
0.00449288 3.22259e-05 0.0
0.00448714 3.15836e-05 0.0
0.00448154 3.09555e-05 0.0
0.00447611 3.03411e-05 0.0
0.00447084 2.97428e-05 0.0
0.00446576 2.91583e-05 0.0
0.00446087 2.85906e-05 0.0
0.00445619 2.8038e-05 0.0
0.00445172 2.75037e-05 0.0
0.00444749 2.69818e-05 0.0
0.00444349 2.64786e-05 0.0
0.00443975 2.59883e-05 0.0
0.00443628 2.55129e-05 0.0
0.00443308 2.50408e-05 0.0
0.00443016 2.45806e-05 0.0
0.00442753 2.41135e-05 0.0
0.00442521 2.36341e-05 0.0
0.00442315 2.31102e-05 0.0
0.00442135 2.2539e-05 0.0
0.00441982 2.18681e-05 0.0
0.00441844 2.10474e-05 0.0
0.00441715 1.99654e-05 0.0
0.00441603 1.88576e-05 0.0
0.00441511 1.84199e-05 0.0
0.0 0.0 0.0
0.0 0.0 0.0
0.0197293 -0.00300745 0.0
0.0199047 -0.00394141 0.0
0.0173485 -0.00139694 0.0
0.0145259 -0.000496783 0.0
0.013157 -0.00100145 0.0
0.0123377 -0.000435114 0.0
0.0112389 -7.67164e-05 0.0
0.0102597 -4.77949e-08 0.0
0.00967165 -1.68726e-05 0.0
0.00914622 0.000238086 0.0
0.00858834 0.00027381 0.0
0.00815462 0.000287107 0.0
0.00783146 0.00032917 0.0
0.00750191 0.00041909 0.0
0.00719287 0.000410022 0.0
0.00695165 0.000430345 0.0
0.00673896 0.000461442 0.0
0.00652548 0.0004892 0.0
0.00633807 0.000484187 0.0
0.00618108 0.0005035 0.0
0.0060316 0.000518875 0.0
0.00588886 0.000527504 0.0
0.00576492 0.000528956 0.0
0.00565369 0.000542223 0.0
0.00554666 0.000548681 0.0
0.00544818 0.000552707 0.0
0.00536099 0.000556557 0.0
0.00527977 0.000564314 0.0
0.00520298 0.000567222 0.0
0.00513356 0.0005704 0.0
0.00507077 0.000574171 0.0
0.00501193 0.000578523 0.0
0.00495772 0.000580444 0.0
0.00490923 0.000583375 0.0
0.00486512 0.000586381 0.0
0.0048246 0.000589085 0.0
0.00478863 0.00059097 0.0
0.00475726 0.000593679 0.0
0.00472946 0.000596058 0.0
0.00470549 0.00059825 0.0
0.00468608 0.000600389 0.0
0.00467072 0.000602915 0.0
0.00465901 0.000605113 0.0
0.00465175 0.000607452 0.0
0.00464922 0.000609847 0.0
0.00465078 0.000612426 0.0
0.00465676 0.00061495 0.0
0.004668 0.000617602 0.0
0.0046843 0.000620274 0.0
0.00470546 0.00062339 0.0
0.0047322 0.000626335 0.0
0.00476489 0.00062917 0.0
0.00480353 0.000632516 0.0
0.00484832 0.00063627 0.0
0.0048995 0.000639128 0.0
0.00495757 0.000642384 0.0
0.00502305 0.000646548 0.0
0.00509533 0.000650007 0.0
0.00517458 0.000652538 0.0
0.00526222 0.000656402 0.0
0.00535781 0.000660118 0.0
0.00545984 0.000662287 0.0
0.00556979 0.00066455 0.0
0.00568866 0.000667582 0.0
0.00581408 0.000669111 0.0
0.00594539 0.000669647 0.0
0.00608486 0.00067023 0.0
0.00623115 0.000670108 0.0
0.0063815 0.000668814 0.0
0.00653683 0.000666335 0.0
0.00669794 0.000662763 0.0
0.00686183 0.000658764 0.0
0.00702714 0.000653681 0.0
0.0071947 0.000645743 0.0
0.0073633 0.000637635 0.0
0.00753062 0.000629636 0.0
0.00769621 0.000618707 0.0
0.00785919 0.00060535 0.0
0.00801841 0.000593897 0.0
0.00817341 0.000580605 0.0
0.00832204 0.000564018 0.0
0.00846313 0.000548026 0.0
0.0085983 0.000532788 0.0
0.00872556 0.000514325 0.0
0.00884176 0.000495997 0.0
0.00894936 0.000477967 0.0
0.00904872 0.000458664 0.0
0.00913635 0.000439672 0.0
0.00921286 0.000420746 0.0
0.00927998 0.000400403 0.0
0.00933632 0.000381744 0.0
0.00938177 0.000363509 0.0
0.00941656 0.000343842 0.0
0.00944102 0.000325627 0.0
0.0094563 0.000308648 0.0
0.00946199 0.000291026 0.0
0.00945743 0.000274401 0.0
0.00944493 0.000258872 0.0
0.00942508 0.000243191 0.0
0.00939664 0.000228992 0.0
0.00936078 0.000215514 0.0
0.00931915 0.000201708 0.0
0.0092713 0.000189238 0.0
0.00921741 0.000178158 0.0
0.00915827 0.00016647 0.0
0.0090945 0.000155403 0.0
0.00902644 0.000145714 0.0
0.00895415 0.000136363 0.0
0.00887766 0.000126827 0.0
0.0087979 0.000118184 0.0
0.0087153 0.000110158 0.0
0.00862933 0.000102556 0.0
0.00854021 9.51555e-05 0.0
0.00844908 8.81649e-05 0.0
0.00835587 8.16972e-05 0.0
0.0082601 7.60928e-05 0.0
0.00816244 7.0335e-05 0.0
0.00806356 6.47303e-05 0.0
0.00796328 6.02062e-05 0.0
0.00786164 5.62141e-05 0.0
0.00775899 5.15787e-05 0.0
0.00765562 4.77255e-05 0.0
0.00755196 4.48351e-05 0.0
0.0074478 4.16435e-05 0.0
0.00734293 3.84749e-05 0.0
0.00723832 3.6157e-05 0.0
0.00713423 3.39577e-05 0.0
0.00702974 3.18836e-05 0.0
0.00692535 3.01229e-05 0.0
0.00682202 2.84345e-05 0.0
0.0067192 2.71692e-05 0.0
0.00661652 2.62999e-05 0.0
0.00651476 2.51384e-05 0.0
0.00641408 2.42009e-05 0.0
0.0063142 2.40315e-05 0.0
0.00621515 2.36473e-05 0.0
0.00611711 2.30528e-05 0.0
0.00602036 2.30655e-05 0.0
0.00592485 2.33394e-05 0.0
0.00583024 2.33244e-05 0.0
0.00573686 2.34491e-05 0.0
0.00564508 2.39012e-05 0.0
0.00555444 2.44728e-05 0.0
0.00546488 2.49151e-05 0.0
0.00537685 2.53821e-05 0.0
0.00529026 2.62043e-05 0.0
0.00520484 2.70759e-05 0.0
0.00512077 2.76872e-05 0.0
0.00503818 2.85591e-05 0.0
0.00495698 2.97047e-05 0.0
0.0048771 3.06095e-05 0.0
0.00479861 3.15529e-05 0.0
0.00472165 3.28147e-05 0.0
0.00464612 3.40102e-05 0.0
0.00457195 3.51171e-05 0.0
0.00449936 3.64554e-05 0.0
0.00442835 3.78677e-05 0.0
0.00435877 3.91978e-05 0.0
0.00429077 4.06243e-05 0.0
0.00422452 4.22006e-05 0.0
0.00415986 4.37551e-05 0.0
0.0040968 4.5316e-05 0.0
0.00403557 4.69995e-05 0.0
0.00397618 4.87543e-05 0.0
0.00391849 5.04782e-05 0.0
0.00386264 5.22485e-05 0.0
0.0038088 5.41259e-05 0.0
0.00375687 5.60146e-05 0.0
0.00370684 5.78611e-05 0.0
0.00365882 5.97778e-05 0.0
0.00361287 6.1765e-05 0.0
0.00356895 6.36808e-05 0.0
0.00352703 6.55596e-05 0.0
0.00348716 6.75316e-05 0.0
0.00344938 6.94782e-05 0.0
0.00341365 7.12779e-05 0.0
0.00337986 7.31037e-05 0.0
0.00334806 7.49872e-05 0.0
0.00331828 7.67013e-05 0.0
0.00329038 7.82964e-05 0.0
0.00326426 7.99788e-05 0.0
0.00323998 8.15745e-05 0.0
0.00321749 8.29471e-05 0.0
0.00319661 8.43132e-05 0.0
0.00317729 8.57009e-05 0.0
0.00315956 8.68817e-05 0.0
0.00314328 8.79264e-05 0.0
0.00312833 8.89977e-05 0.0
0.00311466 8.99722e-05 0.0
0.00310224 9.07532e-05 0.0
0.00309095 9.14834e-05 0.0
0.0030807 9.2186e-05 0.0
0.00307142 9.27469e-05 0.0
0.00306307 9.31848e-05 0.0
0.00305556 9.35886e-05 0.0
0.00304879 9.39172e-05 0.0
0.0030427 9.41267e-05 0.0
0.00303726 9.42611e-05 0.0
0.00303241 9.4348e-05 0.0
0.00302803 9.43529e-05 0.0
0.00302411 9.42747e-05 0.0
0.00302062 9.41398e-05 0.0
0.00301747 9.39514e-05 0.0
0.0030146 9.36967e-05 0.0
0.00301201 9.33834e-05 0.0
0.00300966 9.30218e-05 0.0
0.00300747 9.26135e-05 0.0
0.00300543 9.21565e-05 0.0
0.00300352 9.16554e-05 0.0
0.00300171 9.11151e-05 0.0
0.00299995 9.05395e-05 0.0
0.00299822 8.99282e-05 0.0
0.00299653 8.92836e-05 0.0
0.00299484 8.86102e-05 0.0
0.00299312 8.79116e-05 0.0
0.00299137 8.71869e-05 0.0
0.00298958 8.64383e-05 0.0
0.00298773 8.56704e-05 0.0
0.0029858 8.48847e-05 0.0
0.00298381 8.40806e-05 0.0
0.00298173 8.3261e-05 0.0
0.00297956 8.2429e-05 0.0
0.00297729 8.1585e-05 0.0
0.00297493 8.07291e-05 0.0
0.00297247 7.98642e-05 0.0
0.0029699 7.89918e-05 0.0
0.00296723 7.81119e-05 0.0
0.00296445 7.72254e-05 0.0
0.00296157 7.63344e-05 0.0
0.00295859 7.54394e-05 0.0
0.00295551 7.45406e-05 0.0
0.00295232 7.36391e-05 0.0
0.00294904 7.27361e-05 0.0
0.00294567 7.18317e-05 0.0
0.0029422 7.09263e-05 0.0
0.00293865 7.00208e-05 0.0
0.00293501 6.91159e-05 0.0
0.00293129 6.82114e-05 0.0
0.00292749 6.7308e-05 0.0
0.00292363 6.64062e-05 0.0
0.00291969 6.55062e-05 0.0
0.00291569 6.46081e-05 0.0
0.00291163 6.37124e-05 0.0
0.00290751 6.28193e-05 0.0
0.00290335 6.19289e-05 0.0
0.00289913 6.10414e-05 0.0
0.00289488 6.0157e-05 0.0
0.00289059 5.92758e-05 0.0
0.00288626 5.8398e-05 0.0
0.00288191 5.75235e-05 0.0
0.00287753 5.66527e-05 0.0
0.00287313 5.57855e-05 0.0
0.00286871 5.4922e-05 0.0
0.00286428 5.40622e-05 0.0
0.00285985 5.32063e-05 0.0
0.00285541 5.23543e-05 0.0
0.00285097 5.15062e-05 0.0
0.00284654 5.0662e-05 0.0
0.00284212 4.98219e-05 0.0
0.00283771 4.89858e-05 0.0
0.00283332 4.81539e-05 0.0
0.00282895 4.73259e-05 0.0
0.00282461 4.65024e-05 0.0
0.00282029 4.56829e-05 0.0
0.00281601 4.48678e-05 0.0
0.00281177 4.40569e-05 0.0
0.00280758 4.32508e-05 0.0
0.00280343 4.24487e-05 0.0
0.00279933 4.16516e-05 0.0
0.00279529 4.08587e-05 0.0
0.00279132 4.00713e-05 0.0
0.00278741 3.92878e-05 0.0
0.00278357 3.85103e-05 0.0
0.00277982 3.77371e-05 0.0
0.00277615 3.69702e-05 0.0
0.00277256 3.6207e-05 0.0
0.00276908 3.54515e-05 0.0
0.0027657 3.46997e-05 0.0
0.00276243 3.39553e-05 0.0
0.00275928 3.32144e-05 0.0
0.00275625 3.24836e-05 0.0
0.00275336 3.1754e-05 0.0
0.00275061 3.10335e-05 0.0
0.00274801 3.03161e-05 0.0
0.00274556 2.96097e-05 0.0
0.00274328 2.8898e-05 0.0
0.00274118 2.81983e-05 0.0
0.00273925 2.74983e-05 0.0
0.0027375 2.68007e-05 0.0
0.00273594 2.60836e-05 0.0
0.00273456 2.53808e-05 0.0
0.00273334 2.46498e-05 0.0
0.00273227 2.38693e-05 0.0
0.00273132 2.30439e-05 0.0
0.0027304 2.21989e-05 0.0
0.00272938 2.11367e-05 0.0
0.00272829 1.99427e-05 0.0
0.00272731 1.92981e-05 0.0
0.0 0.0 0.0
0.0 0.0 0.0
0.0134097 -0.00131066 0.0
0.00813376 -0.000644527 0.0
0.00656441 0.000578726 0.0
0.00655237 0.00091155 0.0
0.00568046 0.000114614 0.0
0.00457882 0.000422137 0.0
0.00428298 0.000650712 0.0
0.00407141 0.000610576 0.0
0.00363443 0.000452191 0.0
0.0033272 0.00060704 0.0
0.00322065 0.000628735 0.0
0.00304574 0.000585808 0.0
0.00283966 0.000567381 0.0
0.00272554 0.000630344 0.0
0.00264577 0.000613921 0.0
0.00252746 0.00059894 0.0
0.00242674 0.000606542 0.0
0.00236489 0.000626275 0.0
0.00229986 0.000611438 0.0
0.0022254 0.000610711 0.0
0.0021698 0.000617509 0.0
0.00212579 0.000621031 0.0
0.00207657 0.000613383 0.0
0.00202985 0.000616347 0.0
0.00199402 0.000618941 0.0
0.00196018 0.000618072 0.0
0.00192499 0.000615254 0.0
0.00189453 0.000617675 0.0
0.00186892 0.000617708 0.0
0.0018434 0.000616475 0.0
0.00181908 0.000615762 0.0
0.00179847 0.0006168 0.0
0.00177982 0.000615926 0.0
0.00176165 0.000615183 0.0
0.00174555 0.000614975 0.0
0.00173182 0.000614956 0.0
0.00171911 0.000614044 0.0
0.00170761 0.00061364 0.0
0.0016982 0.000613235 0.0
0.00169028 0.000612703 0.0
0.00168344 0.000612034 0.0
0.00167837 0.00061158 0.0
0.00167513 0.000610823 0.0
0.0016731 0.00061025 0.0
0.00167265 0.00060967 0.0
0.00167429 0.000608829 0.0
0.00167755 0.000607964 0.0
0.00168231 0.000607504 0.0
0.00168926 0.000606534 0.0
0.00169836 0.000605364 0.0
0.00170926 0.000604697 0.0
0.00172231 0.000603888 0.0
0.00173785 0.00060226 0.0
0.00175575 0.000601211 0.0
0.00177607 0.000600383 0.0
0.00179889 0.000598599 0.0
0.00182441 0.00059671 0.0
0.00185292 0.000595697 0.0
0.00188416 0.000593766 0.0
0.00191788 0.000591104 0.0
0.00195486 0.00058917 0.0
0.00199513 0.000587166 0.0
0.00203776 0.000583754 0.0
0.00208297 0.000580537 0.0
0.00213175 0.00057777 0.0
0.00218317 0.000573942 0.0
0.00223632 0.000569229 0.0
0.00229195 0.000565006 0.0
0.0023505 0.000560517 0.0
0.00241041 0.000554632 0.0
0.00247108 0.00054848 0.0
0.00253349 0.000542692 0.0
0.00259745 0.000535961 0.0
0.00266086 0.000527873 0.0
0.0027238 0.000520441 0.0
0.00278744 0.000512537 0.0
0.00285029 0.00050318 0.0
0.00291074 0.000493863 0.0
0.00296999 0.000484949 0.0
0.00302784 0.000474162 0.0
0.00308263 0.000463782 0.0
0.00313468 0.000453781 0.0
0.00318383 0.000442074 0.0
0.00322935 0.000430442 0.0
0.00327183 0.000420344 0.0
0.00331048 0.00040797 0.0
0.00334418 0.000395508 0.0
0.00337472 0.000385084 0.0
0.00340169 0.000373287 0.0
0.00342324 0.000360432 0.0
0.00344071 0.000349621 0.0
0.00345507 0.000338517 0.0
0.00346478 0.00032653 0.0
0.0034703 0.000315557 0.0
0.00347236 0.000304872 0.0
0.00347074 0.000294148 0.0
0.00346581 0.000283922 0.0
0.00345774 0.00027368 0.0
0.00344614 0.000263834 0.0
0.00343209 0.000254864 0.0
0.0034159 0.000245487 0.0
0.00339678 0.0002364 0.0
0.00337526 0.000228336 0.0
0.00335229 0.000220231 0.0
0.0033275 0.000211959 0.0
0.00330066 0.000204664 0.0
0.00327224 0.000197555 0.0
0.00324266 0.000190353 0.0
0.00321188 0.000183707 0.0
0.0031797 0.000177557 0.0
0.00314618 0.0001712 0.0
0.00311196 0.000165355 0.0
0.0030771 0.000159996 0.0
0.00304105 0.000154601 0.0
0.00300401 0.000149335 0.0
0.00296687 0.000144802 0.0
0.00292933 0.000140271 0.0
0.00289078 0.000135776 0.0
0.00285188 0.000131753 0.0
0.00281323 0.000128059 0.0
0.0027742 0.000124335 0.0
0.00273467 0.000120957 0.0
0.00269525 0.000117707 0.0
0.00265601 0.000114731 0.0
0.00261672 0.000112066 0.0
0.00257733 0.000109297 0.0
0.00253803 0.000106697 0.0
0.00249916 0.00010472 0.0
0.00246052 0.000102589 0.0
0.00242176 0.000100304 0.0
0.00238335 9.86714e-05 0.0
0.00234562 9.72111e-05 0.0
0.00230803 9.54236e-05 0.0
0.00227056 9.3968e-05 0.0
0.00223375 9.28995e-05 0.0
0.00219747 9.16913e-05 0.0
0.00216145 9.05585e-05 0.0
0.00212587 8.96329e-05 0.0
0.00209085 8.88316e-05 0.0
0.00205638 8.81242e-05 0.0
0.00202238 8.74024e-05 0.0
0.00198878 8.67644e-05 0.0
0.00195576 8.64075e-05 0.0
0.0019234 8.59821e-05 0.0
0.00189142 8.54937e-05 0.0
0.0018599 8.53006e-05 0.0
0.00182907 8.51634e-05 0.0
0.00179875 8.48879e-05 0.0
0.00176886 8.47921e-05 0.0
0.00173957 8.48347e-05 0.0
0.00171085 8.47982e-05 0.0
0.00168264 8.48149e-05 0.0
0.00165496 8.4958e-05 0.0
0.00162786 8.51204e-05 0.0
0.00160132 8.52785e-05 0.0
0.00157535 8.54945e-05 0.0
0.00154993 8.57862e-05 0.0
0.00152512 8.60998e-05 0.0
0.00150091 8.63919e-05 0.0
0.00147729 8.67539e-05 0.0
0.0014543 8.71887e-05 0.0
0.00143196 8.75888e-05 0.0
0.00141024 8.79863e-05 0.0
0.00138919 8.84836e-05 0.0
0.00136883 8.8986e-05 0.0
0.00134915 8.94361e-05 0.0
0.00133016 8.99401e-05 0.0
0.0013119 9.04984e-05 0.0
0.00129437 9.10048e-05 0.0
0.00127755 9.15075e-05 0.0
0.0012615 9.20621e-05 0.0
0.0012462 9.25912e-05 0.0
0.00123161 9.30882e-05 0.0
0.00121779 9.36136e-05 0.0
0.00120475 9.41179e-05 0.0
0.00119241 9.45775e-05 0.0
0.00118078 9.50584e-05 0.0
0.00116993 9.55152e-05 0.0
0.00115978 9.59013e-05 0.0
0.00115025 9.63005e-05 0.0
0.00114143 9.67003e-05 0.0
0.00113329 9.7002e-05 0.0
0.00112573 9.72833e-05 0.0
0.00111875 9.7594e-05 0.0
0.00111238 9.7822e-05 0.0
0.00110656 9.79746e-05 0.0
0.00110121 9.81594e-05 0.0
0.00109636 9.83056e-05 0.0
0.00109199 9.8351e-05 0.0
0.00108804 9.83888e-05 0.0
0.00108446 9.84315e-05 0.0
0.00108126 9.8386e-05 0.0
0.00107842 9.829e-05 0.0
0.00107589 9.82051e-05 0.0
0.00107363 9.80733e-05 0.0
0.00107163 9.78667e-05 0.0
0.0010699 9.76524e-05 0.0
0.00106837 9.74235e-05 0.0
0.00106701 9.71296e-05 0.0
0.00106582 9.67989e-05 0.0
0.00106481 9.64663e-05 0.0
0.00106392 9.60936e-05 0.0
0.00106312 9.56713e-05 0.0
0.00106244 9.52364e-05 0.0
0.00106185 9.4786e-05 0.0
0.0010613 9.42915e-05 0.0
0.00106081 9.37698e-05 0.0
0.00106038 9.32401e-05 0.0
0.00105997 9.26845e-05 0.0
0.00105957 9.20953e-05 0.0
0.00105919 9.14931e-05 0.0
0.00105882 9.08787e-05 0.0
0.00105844 9.02378e-05 0.0
0.00105804 8.95765e-05 0.0
0.00105764 8.89069e-05 0.0
0.00105721 8.82216e-05 0.0
0.00105675 8.75159e-05 0.0
0.00105626 8.67987e-05 0.0
0.00105575 8.60733e-05 0.0
0.00105519 8.53329e-05 0.0
0.00105459 8.45792e-05 0.0
0.00105396 8.38183e-05 0.0
0.00105328 8.30488e-05 0.0
0.00105256 8.22678e-05 0.0
0.00105179 8.14787e-05 0.0
0.00105098 8.06842e-05 0.0
0.00105013 7.9882e-05 0.0
0.00104924 7.90721e-05 0.0
0.0010483 7.82574e-05 0.0
0.00104731 7.74381e-05 0.0
0.00104629 7.6613e-05 0.0
0.00104523 7.57832e-05 0.0
0.00104412 7.49503e-05 0.0
0.00104298 7.41139e-05 0.0
0.0010418 7.32737e-05 0.0
0.00104058 7.2431e-05 0.0
0.00103933 7.15862e-05 0.0
0.00103805 7.0739e-05 0.0
0.00103673 6.98897e-05 0.0
0.00103539 6.90392e-05 0.0
0.00103402 6.81874e-05 0.0
0.00103262 6.73344e-05 0.0
0.0010312 6.64805e-05 0.0
0.00102976 6.56262e-05 0.0
0.00102829 6.47714e-05 0.0
0.00102681 6.39162e-05 0.0
0.00102531 6.3061e-05 0.0
0.00102379 6.2206e-05 0.0
0.00102226 6.13511e-05 0.0
0.00102072 6.04965e-05 0.0
0.00101917 5.96425e-05 0.0
0.00101761 5.8789e-05 0.0
0.00101604 5.79362e-05 0.0
0.00101447 5.70841e-05 0.0
0.00101289 5.62329e-05 0.0
0.00101131 5.53825e-05 0.0
0.00100973 5.45332e-05 0.0
0.00100815 5.36849e-05 0.0
0.00100657 5.28377e-05 0.0
0.001005 5.19915e-05 0.0
0.00100343 5.11466e-05 0.0
0.00100187 5.03028e-05 0.0
0.00100032 4.94604e-05 0.0
0.000998781 4.8619e-05 0.0
0.000997253 4.7779e-05 0.0
0.000995738 4.69401e-05 0.0
0.000994239 4.61027e-05 0.0
0.000992757 4.52663e-05 0.0
0.000991294 4.44314e-05 0.0
0.000989852 4.35975e-05 0.0
0.000988433 4.27651e-05 0.0
0.000987038 4.19333e-05 0.0
0.00098567 4.11035e-05 0.0
0.00098433 4.02742e-05 0.0
0.000983022 3.94464e-05 0.0
0.000981746 3.86188e-05 0.0
0.000980506 3.77937e-05 0.0
0.000979304 3.69679e-05 0.0
0.000978143 3.6144e-05 0.0
0.000977025 3.53196e-05 0.0
0.000975953 3.44985e-05 0.0
0.000974931 3.36741e-05 0.0
0.000973959 3.28529e-05 0.0
0.000973042 3.20305e-05 0.0
0.000972185 3.12109e-05 0.0
0.000971388 3.03839e-05 0.0
0.000970649 2.95638e-05 0.0
0.000969978 2.87405e-05 0.0
0.000969377 2.79149e-05 0.0
0.000968834 2.70779e-05 0.0
0.00096835 2.62564e-05 0.0
0.000967941 2.54205e-05 0.0
0.000967572 2.45608e-05 0.0
0.000967199 2.36984e-05 0.0
0.000966854 2.28665e-05 0.0
0.000966516 2.19527e-05 0.0
0.000965931 2.09426e-05 0.0
0.000965138 2.01446e-05 0.0
0.0 0.0 0.0
0.0 0.0 0.0
0.0 0.0 0.0
0.0 0.0 0.0
0.0 0.0 0.0
0.0 0.0 0.0
0.0 0.0 0.0
0.0 0.0 0.0
0.0 0.0 0.0
0.0 0.0 0.0
0.0 0.0 0.0
0.0 0.0 0.0
0.0 0.0 0.0
0.0 0.0 0.0
0.0 0.0 0.0
0.0 0.0 0.0
0.0 0.0 0.0
0.0 0.0 0.0
0.0 0.0 0.0
0.0 0.0 0.0
0.0 0.0 0.0
0.0 0.0 0.0
0.0 0.0 0.0
0.0 0.0 0.0
0.0 0.0 0.0
0.0 0.0 0.0
0.0 0.0 0.0
0.0 0.0 0.0
0.0 0.0 0.0
0.0 0.0 0.0
0.0 0.0 0.0
0.0 0.0 0.0
0.0 0.0 0.0
0.0 0.0 0.0
0.0 0.0 0.0
0.0 0.0 0.0
0.0 0.0 0.0
0.0 0.0 0.0
0.0 0.0 0.0
0.0 0.0 0.0
0.0 0.0 0.0
0.0 0.0 0.0
0.0 0.0 0.0
0.0 0.0 0.0
0.0 0.0 0.0
0.0 0.0 0.0
0.0 0.0 0.0
0.0 0.0 0.0
0.0 0.0 0.0
0.0 0.0 0.0
0.0 0.0 0.0
0.0 0.0 0.0
0.0 0.0 0.0
0.0 0.0 0.0
0.0 0.0 0.0
0.0 0.0 0.0
0.0 0.0 0.0
0.0 0.0 0.0
0.0 0.0 0.0
0.0 0.0 0.0
0.0 0.0 0.0
0.0 0.0 0.0
0.0 0.0 0.0
0.0 0.0 0.0
0.0 0.0 0.0
0.0 0.0 0.0
0.0 0.0 0.0
0.0 0.0 0.0
0.0 0.0 0.0
0.0 0.0 0.0
0.0 0.0 0.0
0.0 0.0 0.0
0.0 0.0 0.0
0.0 0.0 0.0
0.0 0.0 0.0
0.0 0.0 0.0
0.0 0.0 0.0
0.0 0.0 0.0
0.0 0.0 0.0
0.0 0.0 0.0
0.0 0.0 0.0
0.0 0.0 0.0
0.0 0.0 0.0
0.0 0.0 0.0
0.0 0.0 0.0
0.0 0.0 0.0
0.0 0.0 0.0
0.0 0.0 0.0
0.0 0.0 0.0
0.0 0.0 0.0
0.0 0.0 0.0
0.0 0.0 0.0
0.0 0.0 0.0
0.0 0.0 0.0
0.0 0.0 0.0
0.0 0.0 0.0
0.0 0.0 0.0
0.0 0.0 0.0
0.0 0.0 0.0
0.0 0.0 0.0
0.0 0.0 0.0
0.0 0.0 0.0
0.0 0.0 0.0
0.0 0.0 0.0
0.0 0.0 0.0
0.0 0.0 0.0
0.0 0.0 0.0
0.0 0.0 0.0
0.0 0.0 0.0
0.0 0.0 0.0
0.0 0.0 0.0
0.0 0.0 0.0
0.0 0.0 0.0
0.0 0.0 0.0
0.0 0.0 0.0
0.0 0.0 0.0
0.0 0.0 0.0
0.0 0.0 0.0
0.0 0.0 0.0
0.0 0.0 0.0
0.0 0.0 0.0
0.0 0.0 0.0
0.0 0.0 0.0
0.0 0.0 0.0
0.0 0.0 0.0
0.0 0.0 0.0
0.0 0.0 0.0
0.0 0.0 0.0
0.0 0.0 0.0
0.0 0.0 0.0
0.0 0.0 0.0
0.0 0.0 0.0
0.0 0.0 0.0
0.0 0.0 0.0
0.0 0.0 0.0
0.0 0.0 0.0
0.0 0.0 0.0
0.0 0.0 0.0
0.0 0.0 0.0
0.0 0.0 0.0
0.0 0.0 0.0
0.0 0.0 0.0
0.0 0.0 0.0
0.0 0.0 0.0
0.0 0.0 0.0
0.0 0.0 0.0
0.0 0.0 0.0
0.0 0.0 0.0
0.0 0.0 0.0
0.0 0.0 0.0
0.0 0.0 0.0
0.0 0.0 0.0
0.0 0.0 0.0
0.0 0.0 0.0
0.0 0.0 0.0
0.0 0.0 0.0
0.0 0.0 0.0
0.0 0.0 0.0
0.0 0.0 0.0
0.0 0.0 0.0
0.0 0.0 0.0
0.0 0.0 0.0
0.0 0.0 0.0
0.0 0.0 0.0
0.0 0.0 0.0
0.0 0.0 0.0
0.0 0.0 0.0
0.0 0.0 0.0
0.0 0.0 0.0
0.0 0.0 0.0
0.0 0.0 0.0
0.0 0.0 0.0
0.0 0.0 0.0
0.0 0.0 0.0
0.0 0.0 0.0
0.0 0.0 0.0
0.0 0.0 0.0
0.0 0.0 0.0
0.0 0.0 0.0
0.0 0.0 0.0
0.0 0.0 0.0
0.0 0.0 0.0
0.0 0.0 0.0
0.0 0.0 0.0
0.0 0.0 0.0
0.0 0.0 0.0
0.0 0.0 0.0
0.0 0.0 0.0
0.0 0.0 0.0
0.0 0.0 0.0
0.0 0.0 0.0
0.0 0.0 0.0
0.0 0.0 0.0
0.0 0.0 0.0
0.0 0.0 0.0
0.0 0.0 0.0
0.0 0.0 0.0
0.0 0.0 0.0
0.0 0.0 0.0
0.0 0.0 0.0
0.0 0.0 0.0
0.0 0.0 0.0
0.0 0.0 0.0
0.0 0.0 0.0
0.0 0.0 0.0
0.0 0.0 0.0
0.0 0.0 0.0
0.0 0.0 0.0
0.0 0.0 0.0
0.0 0.0 0.0
0.0 0.0 0.0
0.0 0.0 0.0
0.0 0.0 0.0
0.0 0.0 0.0
0.0 0.0 0.0
0.0 0.0 0.0
0.0 0.0 0.0
0.0 0.0 0.0
0.0 0.0 0.0
0.0 0.0 0.0
0.0 0.0 0.0
0.0 0.0 0.0
0.0 0.0 0.0
0.0 0.0 0.0
0.0 0.0 0.0
0.0 0.0 0.0
0.0 0.0 0.0
0.0 0.0 0.0
0.0 0.0 0.0
0.0 0.0 0.0
0.0 0.0 0.0
0.0 0.0 0.0
0.0 0.0 0.0
0.0 0.0 0.0
0.0 0.0 0.0
0.0 0.0 0.0
0.0 0.0 0.0
0.0 0.0 0.0
0.0 0.0 0.0
0.0 0.0 0.0
0.0 0.0 0.0
0.0 0.0 0.0
0.0 0.0 0.0
0.0 0.0 0.0
0.0 0.0 0.0
0.0 0.0 0.0
0.0 0.0 0.0
0.0 0.0 0.0
0.0 0.0 0.0
0.0 0.0 0.0
0.0 0.0 0.0
0.0 0.0 0.0
0.0 0.0 0.0
0.0 0.0 0.0
0.0 0.0 0.0
0.0 0.0 0.0
0.0 0.0 0.0
0.0 0.0 0.0
0.0 0.0 0.0
0.0 0.0 0.0
0.0 0.0 0.0
0.0 0.0 0.0
0.0 0.0 0.0
0.0 0.0 0.0
0.0 0.0 0.0
0.0 0.0 0.0
0.0 0.0 0.0
0.0 0.0 0.0
0.0 0.0 0.0
0.0 0.0 0.0
0.0 0.0 0.0
0.0 0.0 0.0
0.0 0.0 0.0
0.0 0.0 0.0
0.0 0.0 0.0
0.0 0.0 0.0
0.0 0.0 0.0
0.0 0.0 0.0
0.0 0.0 0.0
0.0 0.0 0.0
0.0 0.0 0.0
0.0 0.0 0.0
0.0 0.0 0.0
0.0 0.0 0.0
0.0 0.0 0.0
0.0 0.0 0.0
0.0 0.0 0.0
0.0 0.0 0.0
0.0 0.0 0.0
0.0 0.0 0.0
0.0 0.0 0.0
0.0 0.0 0.0
0.0 0.0 0.0
0.0 0.0 0.0
0.0 0.0 0.0
0.0 0.0 0.0
0.0 0.0 0.0
0.0 0.0 0.0
0.0 0.0 0.0
0.0 0.0 0.0
0.0 0.0 0.0
SCALARS density double 1
LOOKUP_TABLE default
1
1
1
1
1
1
1
1
1
1
1
1
1
1
1
1
1
1
1
1
1
1
1
1
1
1
1
1
1
1
1
1
1
1
1
1
1
1
1
1
1
1
1
1
1
1
1
1
1
1
1
1
1
1
1
1
1
1
1
1
1
1
1
1
1
1
1
1
1
1
1
1
1
1
1
1
1
1
1
1
1
1
1
1
1
1
1
1
1
1
1
1
1
1
1
1
1
1
1
1
1
1
1
1
1
1
1
1
1
1
1
1
1
1
1
1
1
1
1
1
1
1
1
1
1
1
1
1
1
1
1
1
1
1
1
1
1
1
1
1
1
1
1
1
1
1
1
1
1
1
1
1
1
1
1
1
1
1
1
1
1
1
1
1
1
1
1
1
1
1
1
1
1
1
1
1
1
1
1
1
1
1
1
1
1
1
1
1
1
1
1
1
1
1
1
1
1
1
1
1
1
1
1
1
1
1
1
1
1
1
1
1
1
1
1
1
1
1
1
1
1
1
1
1
1
1
1
1
1
1
1
1
1
1
1
1
1
1
1
1
1
1
1
1
1
1
1
1
1
1
1
1
1
1
1
1
1
1
1
1
1
1
1
1
1
1
1
1
1
1
1
1
1
1
1
1
1
1
1
1
1
1
1
1
1
1
1
1
1
1
1
1
1
1
1
1
1
1
1
1
1.00357
1.00429
1.00139
1.00182
1.00268
1.00223
1.0018
1.00207
1.00217
1.00195
1.00191
1.00203
1.002
1.00191
1.00194
1.00197
1.00193
1.00191
1.00193
1.00193
1.00191
1.00191
1.00191
1.00191
1.0019
1.0019
1.0019
1.00189
1.00189
1.00189
1.00188
1.00188
1.00188
1.00187
1.00187
1.00187
1.00187
1.00186
1.00186
1.00186
1.00185
1.00185
1.00185
1.00184
1.00184
1.00184
1.00183
1.00183
1.00182
1.00182
1.00182
1.00181
1.00181
1.0018
1.00179
1.00179
1.00178
1.00177
1.00176
1.00175
1.00175
1.00173
1.00172
1.00171
1.0017
1.00168
1.00167
1.00165
1.00164
1.00162
1.0016
1.00158
1.00156
1.00153
1.00151
1.00149
1.00146
1.00144
1.00142
1.00139
1.00136
1.00134
1.00131
1.00129
1.00126
1.00124
1.00121
1.00119
1.00117
1.00114
1.00112
1.0011
1.00108
1.00105
1.00103
1.00101
1.00099
1.00097
1.00096
1.00094
1.00092
1.00091
1.00089
1.00088
1.00086
1.00085
1.00083
1.00082
1.00081
1.00079
1.00078
1.00077
1.00076
1.00075
1.00074
1.00073
1.00072
1.00071
1.0007
1.00069
1.00068
1.00067
1.00066
1.00066
1.00065
1.00064
1.00063
1.00062
1.00062
1.00061
1.0006
1.00059
1.00059
1.00058
1.00057
1.00056
1.00056
1.00055
1.00054
1.00054
1.00053
1.00052
1.00051
1.00051
1.0005
1.00049
1.00049
1.00048
1.00047
1.00047
1.00046
1.00046
1.00045
1.00044
1.00044
1.00043
1.00043
1.00042
1.00041
1.00041
1.0004
1.0004
1.00039
1.00039
1.00039
1.00038
1.00038
1.00037
1.00037
1.00037
1.00036
1.00036
1.00036
1.00035
1.00035
1.00035
1.00035
1.00035
1.00034
1.00034
1.00034
1.00034
1.00034
1.00033
1.00033
1.00033
1.00033
1.00033
1.00033
1.00032
1.00032
1.00032
1.00032
1.00032
1.00032
1.00031
1.00031
1.00031
1.00031
1.00031
1.0003
1.0003
1.0003
1.0003
1.00029
1.00029
1.00029
1.00029
1.00029
1.00028
1.00028
1.00028
1.00028
1.00027
1.00027
1.00027
1.00027
1.00026
1.00026
1.00026
1.00026
1.00025
1.00025
1.00025
1.00025
1.00024
1.00024
1.00024
1.00024
1.00023
1.00023
1.00023
1.00023
1.00022
1.00022
1.00022
1.00022
1.00021
1.00021
1.00021
1.00021
1.0002
1.0002
1.0002
1.0002
1.00019
1.00019
1.00019
1.00019
1.00018
1.00018
1.00018
1.00018
1.00017
1.00017
1.00017
1.00017
1.00016
1.00016
1.00016
1.00016
1.00015
1.00015
1.00015
1.00015
1.00014
1.00014
1.00014
1.00014
1.00013
1.00013
1.00013
1.00013
1.00012
1.00012
1.00012
1.00012
1.00012
1.00011
1.00011
1.00011
1.00011
1.0001
1.0001
1.0001
1.0001
1.00009
1.00009
1.00009
1.00009
1.00008
1.00008
1.00008
1.00008
1.00008
1.00007
1.00007
1.00007
1.00007
1.00002
1.00086
1.00282
1.00278
1.00246
1.00194
1.00214
1.00223
1.00206
1.00196
1.00205
1.00203
1.00196
1.00196
1.00199
1.00196
1.00193
1.00194
1.00194
1.00192
1.00192
1.00192
1.00192
1.00191
1.00191
1.00191
1.0019
1.00189
1.00189
1.00189
1.00189
1.00188
1.00188
1.00188
1.00187
1.00187
1.00187
1.00187
1.00186
1.00186
1.00186
1.00185
1.00185
1.00185
1.00184
1.00184
1.00184
1.00183
1.00183
1.00182
1.00182
1.00181
1.00181
1.00181
1.0018
1.00179
1.00179
1.00178
1.00177
1.00176
1.00175
1.00174
1.00173
1.00172
1.00171
1.00169
1.00168
1.00167
1.00165
1.00163
1.00161
1.00159
1.00157
1.00155
1.00153
1.00151
1.00149
1.00146
1.00143
1.00141
1.00139
1.00136
1.00134
1.00131
1.00129
1.00126
1.00124
1.00121
1.00119
1.00116
1.00114
1.00112
1.00109
1.00108
1.00105
1.00103
1.00101
1.001
1.00098
1.00096
1.00094
1.00092
1.00091
1.00089
1.00088
1.00086
1.00085
1.00083
1.00082
1.00081
1.0008
1.00078
1.00077
1.00076
1.00075
1.00074
1.00073
1.00072
1.00071
1.0007
1.00069
1.00068
1.00067
1.00066
1.00066
1.00065
1.00064
1.00063
1.00062
1.00062
1.00061
1.0006
1.00059
1.00059
1.00058
1.00057
1.00056
1.00056
1.00055
1.00054
1.00054
1.00053
1.00052
1.00052
1.00051
1.0005
1.0005
1.00049
1.00048
1.00048
1.00047
1.00046
1.00046
1.00045
1.00044
1.00044
1.00043
1.00043
1.00042
1.00042
1.00041
1.0004
1.0004
1.0004
1.00039
1.00039
1.00038
1.00038
1.00037
1.00037
1.00037
1.00036
1.00036
1.00036
1.00036
1.00035
1.00035
1.00035
1.00035
1.00035
1.00034
1.00034
1.00034
1.00034
1.00034
1.00033
1.00033
1.00033
1.00033
1.00033
1.00033
1.00032
1.00032
1.00032
1.00032
1.00032
1.00031
1.00031
1.00031
1.00031
1.00031
1.0003
1.0003
1.0003
1.0003
1.0003
1.00029
1.00029
1.00029
1.00029
1.00028
1.00028
1.00028
1.00028
1.00027
1.00027
1.00027
1.00027
1.00026
1.00026
1.00026
1.00026
1.00025
1.00025
1.00025
1.00025
1.00024
1.00024
1.00024
1.00024
1.00023
1.00023
1.00023
1.00023
1.00022
1.00022
1.00022
1.00022
1.00021
1.00021
1.00021
1.00021
1.0002
1.0002
1.0002
1.0002
1.00019
1.00019
1.00019
1.00019
1.00018
1.00018
1.00018
1.00018
1.00017
1.00017
1.00017
1.00017
1.00016
1.00016
1.00016
1.00016
1.00015
1.00015
1.00015
1.00015
1.00014
1.00014
1.00014
1.00014
1.00013
1.00013
1.00013
1.00013
1.00012
1.00012
1.00012
1.00012
1.00012
1.00011
1.00011
1.00011
1.00011
1.0001
1.0001
1.0001
1.0001
1.00009
1.00009
1.00009
1.00009
1.00008
1.00008
1.00008
1.00008
1.00008
1.00007
1.00007
1.00007
1.00007
1.00003
1.0008
1.00207
1.00307
1.00247
1.00184
1.00218
1.00233
1.00203
1.00193
1.00209
1.00207
1.00194
1.00196
1.00201
1.00196
1.00193
1.00195
1.00195
1.00193
1.00192
1.00193
1.00192
1.00191
1.00191
1.00191
1.0019
1.0019
1.0019
1.00189
1.00189
1.00189
1.00188
1.00188
1.00188
1.00187
1.00187
1.00187
1.00186
1.00186
1.00186
1.00185
1.00185
1.00185
1.00184
1.00184
1.00184
1.00183
1.00183
1.00183
1.00182
1.00181
1.00181
1.0018
1.0018
1.00179
1.00179
1.00178
1.00177
1.00176
1.00175
1.00174
1.00173
1.00172
1.0017
1.00169
1.00168
1.00166
1.00164
1.00163
1.00161
1.00159
1.00157
1.00155
1.00153
1.0015
1.00148
1.00146
1.00143
1.00141
1.00138
1.00136
1.00133
1.00131
1.00129
1.00126
1.00123
1.00121
1.00119
1.00116
1.00114
1.00112
1.00109
1.00107
1.00105
1.00103
1.00101
1.00099
1.00098
1.00096
1.00094
1.00092
1.00091
1.00089
1.00088
1.00086
1.00085
1.00083
1.00082
1.00081
1.0008
1.00078
1.00077
1.00076
1.00075
1.00074
1.00073
1.00072
1.00071
1.0007
1.00069
1.00068
1.00067
1.00067
1.00066
1.00065
1.00064
1.00063
1.00063
1.00062
1.00061
1.0006
1.00059
1.00059
1.00058
1.00057
1.00057
1.00056
1.00055
1.00054
1.00054
1.00053
1.00052
1.00052
1.00051
1.0005
1.0005
1.00049
1.00048
1.00048
1.00047
1.00046
1.00046
1.00045
1.00044
1.00044
1.00043
1.00043
1.00042
1.00042
1.00041
1.00041
1.0004
1.0004
1.00039
1.00039
1.00038
1.00038
1.00038
1.00037
1.00037
1.00037
1.00036
1.00036
1.00036
1.00036
1.00035
1.00035
1.00035
1.00035
1.00034
1.00034
1.00034
1.00034
1.00034
1.00034
1.00033
1.00033
1.00033
1.00033
1.00033
1.00032
1.00032
1.00032
1.00032
1.00032
1.00031
1.00031
1.00031
1.00031
1.00031
1.0003
1.0003
1.0003
1.0003
1.0003
1.00029
1.00029
1.00029
1.00029
1.00028
1.00028
1.00028
1.00028
1.00027
1.00027
1.00027
1.00027
1.00026
1.00026
1.00026
1.00026
1.00025
1.00025
1.00025
1.00025
1.00024
1.00024
1.00024
1.00024
1.00023
1.00023
1.00023
1.00023
1.00022
1.00022
1.00022
1.00022
1.00021
1.00021
1.00021
1.00021
1.0002
1.0002
1.0002
1.0002
1.00019
1.00019
1.00019
1.00019
1.00018
1.00018
1.00018
1.00018
1.00017
1.00017
1.00017
1.00017
1.00016
1.00016
1.00016
1.00016
1.00015
1.00015
1.00015
1.00015
1.00014
1.00014
1.00014
1.00014
1.00013
1.00013
1.00013
1.00013
1.00012
1.00012
1.00012
1.00012
1.00012
1.00011
1.00011
1.00011
1.00011
1.0001
1.0001
1.0001
1.0001
1.00009
1.00009
1.00009
1.00009
1.00008
1.00008
1.00008
1.00008
1.00008
1.00007
1.00007
1.00007
1.00007
1.00004
1.00104
1.00242
1.00206
1.00218
1.00259
1.0022
1.0019
1.00212
1.0022
1.00199
1.00194
1.00205
1.00202
1.00194
1.00196
1.00199
1.00195
1.00192
1.00194
1.00194
1.00192
1.00192
1.00192
1.00191
1.0019
1.0019
1.0019
1.0019
1.00189
1.00189
1.00189
1.00188
1.00188
1.00188
1.00187
1.00187
1.00187
1.00187
1.00186
1.00186
1.00186
1.00185
1.00185
1.00185
1.00184
1.00184
1.00183
1.00183
1.00182
1.00182
1.00182
1.00181
1.0018
1.0018
1.00179
1.00178
1.00178
1.00177
1.00176
1.00175
1.00174
1.00173
1.00171
1.0017
1.00169
1.00167
1.00166
1.00165
1.00163
1.0016
1.00159
1.00157
1.00154
1.00152
1.0015
1.00148
1.00145
1.00143
1.00141
1.00138
1.00136
1.00133
1.0013
1.00128
1.00126
1.00123
1.0012
1.00119
1.00116
1.00113
1.00111
1.0011
1.00107
1.00105
1.00103
1.00101
1.00099
1.00097
1.00096
1.00094
1.00092
1.00091
1.00089
1.00088
1.00086
1.00085
1.00084
1.00082
1.00081
1.0008
1.00079
1.00077
1.00076
1.00075
1.00074
1.00073
1.00072
1.00071
1.0007
1.00069
1.00068
1.00068
1.00067
1.00066
1.00065
1.00064
1.00063
1.00063
1.00062
1.00061
1.0006
1.0006
1.00059
1.00058
1.00057
1.00057
1.00056
1.00055
1.00054
1.00054
1.00053
1.00052
1.00052
1.00051
1.0005
1.0005
1.00049
1.00048
1.00048
1.00047
1.00046
1.00046
1.00045
1.00045
1.00044
1.00043
1.00043
1.00042
1.00042
1.00041
1.00041
1.0004
1.0004
1.00039
1.00039
1.00038
1.00038
1.00038
1.00037
1.00037
1.00037
1.00036
1.00036
1.00036
1.00036
1.00035
1.00035
1.00035
1.00035
1.00035
1.00034
1.00034
1.00034
1.00034
1.00034
1.00033
1.00033
1.00033
1.00033
1.00033
1.00032
1.00032
1.00032
1.00032
1.00032
1.00032
1.00031
1.00031
1.00031
1.00031
1.0003
1.0003
1.0003
1.0003
1.0003
1.00029
1.00029
1.00029
1.00029
1.00028
1.00028
1.00028
1.00028
1.00027
1.00027
1.00027
1.00027
1.00026
1.00026
1.00026
1.00026
1.00025
1.00025
1.00025
1.00025
1.00024
1.00024
1.00024
1.00024
1.00023
1.00023
1.00023
1.00023
1.00022
1.00022
1.00022
1.00022
1.00021
1.00021
1.00021
1.00021
1.0002
1.0002
1.0002
1.0002
1.00019
1.00019
1.00019
1.00019
1.00018
1.00018
1.00018
1.00018
1.00017
1.00017
1.00017
1.00017
1.00016
1.00016
1.00016
1.00016
1.00015
1.00015
1.00015
1.00015
1.00014
1.00014
1.00014
1.00014
1.00013
1.00013
1.00013
1.00013
1.00012
1.00012
1.00012
1.00012
1.00012
1.00011
1.00011
1.00011
1.00011
1.0001
1.0001
1.0001
1.0001
1.00009
1.00009
1.00009
1.00009
1.00008
1.00008
1.00008
1.00008
1.00008
1.00007
1.00007
1.00007
1.00007
1.00005
1.00084
1.00254
1.00208
1.00221
1.00238
1.0021
1.00207
1.00217
1.0021
1.00199
1.00202
1.00205
1.00199
1.00196
1.00198
1.00198
1.00195
1.00194
1.00195
1.00194
1.00192
1.00192
1.00192
1.00191
1.00191
1.00191
1.0019
1.0019
1.0019
1.00189
1.00189
1.00189
1.00188
1.00188
1.00188
1.00187
1.00187
1.00187
1.00186
1.00186
1.00186
1.00185
1.00185
1.00185
1.00184
1.00184
1.00184
1.00183
1.00183
1.00182
1.00182
1.00181
1.00181
1.0018
1.00179
1.00178
1.00178
1.00177
1.00176
1.00175
1.00174
1.00173
1.00172
1.00171
1.00169
1.00167
1.00166
1.00164
1.00162
1.0016
1.00158
1.00157
1.00154
1.00152
1.0015
1.00148
1.00145
1.00142
1.0014
1.00138
1.00135
1.00133
1.0013
1.00127
1.00125
1.00123
1.0012
1.00118
1.00116
1.00113
1.00111
1.00109
1.00107
1.00105
1.00103
1.00101
1.00099
1.00097
1.00096
1.00094
1.00092
1.00091
1.00089
1.00088
1.00086
1.00085
1.00084
1.00082
1.00081
1.0008
1.00079
1.00077
1.00076
1.00075
1.00074
1.00073
1.00072
1.00071
1.0007
1.00069
1.00069
1.00068
1.00067
1.00066
1.00065
1.00064
1.00064
1.00063
1.00062
1.00061
1.0006
1.0006
1.00059
1.00058
1.00057
1.00057
1.00056
1.00055
1.00055
1.00054
1.00053
1.00052
1.00052
1.00051
1.0005
1.0005
1.00049
1.00048
1.00048
1.00047
1.00046
1.00046
1.00045
1.00045
1.00044
1.00043
1.00043
1.00042
1.00042
1.00041
1.00041
1.0004
1.0004
1.00039
1.00039
1.00038
1.00038
1.00038
1.00037
1.00037
1.00037
1.00037
1.00036
1.00036
1.00036
1.00035
1.00035
1.00035
1.00035
1.00035
1.00034
1.00034
1.00034
1.00034
1.00034
1.00034
1.00033
1.00033
1.00033
1.00033
1.00033
1.00032
1.00032
1.00032
1.00032
1.00032
1.00031
1.00031
1.00031
1.00031
1.00031
1.0003
1.0003
1.0003
1.0003
1.00029
1.00029
1.00029
1.00029
1.00028
1.00028
1.00028
1.00028
1.00027
1.00027
1.00027
1.00027
1.00026
1.00026
1.00026
1.00026
1.00025
1.00025
1.00025
1.00025
1.00024
1.00024
1.00024
1.00024
1.00023
1.00023
1.00023
1.00023
1.00022
1.00022
1.00022
1.00022
1.00021
1.00021
1.00021
1.00021
1.0002
1.0002
1.0002
1.0002
1.00019
1.00019
1.00019
1.00019
1.00018
1.00018
1.00018
1.00018
1.00017
1.00017
1.00017
1.00017
1.00016
1.00016
1.00016
1.00016
1.00015
1.00015
1.00015
1.00015
1.00014
1.00014
1.00014
1.00014
1.00013
1.00013
1.00013
1.00013
1.00012
1.00012
1.00012
1.00012
1.00012
1.00011
1.00011
1.00011
1.00011
1.0001
1.0001
1.0001
1.0001
1.00009
1.00009
1.00009
1.00009
1.00008
1.00008
1.00008
1.00008
1.00008
1.00007
1.00007
1.00007
1.00007
1.00007
1.00083
1.00213
1.0024
1.00229
1.00194
1.00217
1.00233
1.00203
1.00195
1.00213
1.0021
1.00195
1.00197
1.00204
1.00199
1.00193
1.00197
1.00198
1.00194
1.00193
1.00194
1.00193
1.00191
1.00192
1.00192
1.00191
1.0019
1.0019
1.0019
1.00189
1.00189
1.00189
1.00188
1.00188
1.00188
1.00188
1.00187
1.00187
1.00187
1.00186
1.00186
1.00186
1.00185
1.00185
1.00184
1.00184
1.00184
1.00183
1.00183
1.00182
1.00182
1.00181
1.00181
1.0018
1.00179
1.00179
1.00178
1.00177
1.00176
1.00175
1.00174
1.00173
1.00172
1.0017
1.00169
1.00168
1.00166
1.00164
1.00162
1.00161
1.00158
1.00156
1.00154
1.00152
1.00149
1.00147
1.00145
1.00142
1.00139
1.00137
1.00134
1.00132
1.0013
1.00127
1.00124
1.00122
1.0012
1.00117
1.00115
1.00113
1.00111
1.00108
1.00106
1.00105
1.00102
1.001
1.00099
1.00097
1.00095
1.00094
1.00092
1.0009
1.00089
1.00087
1.00086
1.00085
1.00083
1.00082
1.00081
1.0008
1.00078
1.00077
1.00076
1.00075
1.00074
1.00073
1.00072
1.00071
1.0007
1.00069
1.00069
1.00068
1.00067
1.00066
1.00065
1.00064
1.00064
1.00063
1.00062
1.00061
1.00061
1.0006
1.00059
1.00058
1.00057
1.00057
1.00056
1.00055
1.00055
1.00054
1.00053
1.00052
1.00052
1.00051
1.0005
1.0005
1.00049
1.00048
1.00048
1.00047
1.00046
1.00046
1.00045
1.00044
1.00044
1.00043
1.00043
1.00042
1.00042
1.00041
1.00041
1.0004
1.0004
1.00039
1.00039
1.00038
1.00038
1.00038
1.00037
1.00037
1.00037
1.00036
1.00036
1.00036
1.00036
1.00036
1.00035
1.00035
1.00035
1.00035
1.00035
1.00034
1.00034
1.00034
1.00034
1.00034
1.00033
1.00033
1.00033
1.00033
1.00033
1.00032
1.00032
1.00032
1.00032
1.00032
1.00031
1.00031
1.00031
1.00031
1.00031
1.0003
1.0003
1.0003
1.0003
1.00029
1.00029
1.00029
1.00029
1.00028
1.00028
1.00028
1.00028
1.00028
1.00027
1.00027
1.00027
1.00027
1.00026
1.00026
1.00026
1.00025
1.00025
1.00025
1.00025
1.00024
1.00024
1.00024
1.00024
1.00023
1.00023
1.00023
1.00023
1.00022
1.00022
1.00022
1.00022
1.00021
1.00021
1.00021
1.00021
1.0002
1.0002
1.0002
1.0002
1.00019
1.00019
1.00019
1.00019
1.00018
1.00018
1.00018
1.00018
1.00017
1.00017
1.00017
1.00017
1.00016
1.00016
1.00016
1.00016
1.00015
1.00015
1.00015
1.00015
1.00014
1.00014
1.00014
1.00014
1.00013
1.00013
1.00013
1.00013
1.00012
1.00012
1.00012
1.00012
1.00012
1.00011
1.00011
1.00011
1.00011
1.0001
1.0001
1.0001
1.0001
1.00009
1.00009
1.00009
1.00009
1.00008
1.00008
1.00008
1.00008
1.00008
1.00007
1.00007
1.00007
1.00007
1.00009
1.00083
1.00211
1.00228
1.00219
1.00211
1.00218
1.0021
1.00206
1.00211
1.00207
1.002
1.00201
1.00204
1.00199
1.00196
1.00198
1.00198
1.00195
1.00194
1.00195
1.00194
1.00193
1.00193
1.00192
1.00192
1.00191
1.00191
1.00191
1.0019
1.0019
1.00189
1.00189
1.00189
1.00188
1.00188
1.00188
1.00187
1.00187
1.00187
1.00186
1.00186
1.00186
1.00185
1.00185
1.00185
1.00184
1.00184
1.00183
1.00183
1.00182
1.00182
1.00182
1.00181
1.0018
1.0018
1.00179
1.00178
1.00177
1.00177
1.00175
1.00174
1.00174
1.00172
1.0017
1.00169
1.00168
1.00166
1.00164
1.00162
1.0016
1.00158
1.00156
1.00153
1.00152
1.00149
1.00146
1.00144
1.00142
1.00138
1.00136
1.00134
1.00131
1.00128
1.00126
1.00124
1.00121
1.00119
1.00117
1.00114
1.00112
1.0011
1.00108
1.00106
1.00104
1.00102
1.001
1.00098
1.00097
1.00095
1.00093
1.00092
1.0009
1.00089
1.00087
1.00086
1.00084
1.00083
1.00082
1.00081
1.00079
1.00078
1.00077
1.00076
1.00075
1.00074
1.00073
1.00072
1.00071
1.0007
1.00069
1.00069
1.00068
1.00067
1.00066
1.00065
1.00064
1.00064
1.00063
1.00062
1.00061
1.00061
1.0006
1.00059
1.00058
1.00058
1.00057
1.00056
1.00055
1.00055
1.00054
1.00053
1.00053
1.00052
1.00051
1.0005
1.0005
1.00049
1.00048
1.00048
1.00047
1.00046
1.00046
1.00045
1.00045
1.00044
1.00043
1.00043
1.00042
1.00042
1.00041
1.00041
1.0004
1.0004
1.00039
1.00039
1.00038
1.00038
1.00038
1.00037
1.00037
1.00037
1.00037
1.00036
1.00036
1.00036
1.00036
1.00035
1.00035
1.00035
1.00035
1.00035
1.00034
1.00034
1.00034
1.00034
1.00034
1.00034
1.00033
1.00033
1.00033
1.00033
1.00033
1.00032
1.00032
1.00032
1.00032
1.00032
1.00031
1.00031
1.00031
1.00031
1.0003
1.0003
1.0003
1.0003
1.00029
1.00029
1.00029
1.00029
1.00029
1.00028
1.00028
1.00028
1.00028
1.00027
1.00027
1.00027
1.00027
1.00026
1.00026
1.00026
1.00026
1.00025
1.00025
1.00025
1.00024
1.00024
1.00024
1.00024
1.00023
1.00023
1.00023
1.00023
1.00022
1.00022
1.00022
1.00022
1.00021
1.00021
1.00021
1.00021
1.0002
1.0002
1.0002
1.0002
1.00019
1.00019
1.00019
1.00019
1.00018
1.00018
1.00018
1.00018
1.00017
1.00017
1.00017
1.00017
1.00016
1.00016
1.00016
1.00016
1.00015
1.00015
1.00015
1.00015
1.00014
1.00014
1.00014
1.00014
1.00013
1.00013
1.00013
1.00013
1.00012
1.00012
1.00012
1.00012
1.00012
1.00011
1.00011
1.00011
1.00011
1.0001
1.0001
1.0001
1.0001
1.00009
1.00009
1.00009
1.00009
1.00008
1.00008
1.00008
1.00008
1.00008
1.00007
1.00007
1.00007
1.00007
1.00012
1.00086
1.00226
1.00203
1.00209
1.00231
1.00211
1.00197
1.00216
1.00215
1.00198
1.002
1.00209
1.00202
1.00195
1.002
1.00201
1.00195
1.00194
1.00197
1.00196
1.00193
1.00193
1.00194
1.00192
1.00191
1.00192
1.00192
1.0019
1.0019
1.0019
1.0019
1.00189
1.00189
1.00189
1.00188
1.00188
1.00188
1.00187
1.00187
1.00187
1.00186
1.00186
1.00186
1.00185
1.00185
1.00184
1.00184
1.00184
1.00183
1.00183
1.00182
1.00182
1.00181
1.00181
1.0018
1.00179
1.00179
1.00178
1.00177
1.00176
1.00175
1.00174
1.00172
1.00171
1.0017
1.00168
1.00166
1.00165
1.00163
1.0016
1.00158
1.00156
1.00153
1.0015
1.00149
1.00146
1.00143
1.00141
1.00138
1.00135
1.00133
1.00131
1.00127
1.00125
1.00123
1.0012
1.00118
1.00116
1.00114
1.00111
1.00109
1.00107
1.00105
1.00103
1.00101
1.001
1.00098
1.00096
1.00094
1.00093
1.00091
1.0009
1.00088
1.00087
1.00085
1.00084
1.00083
1.00082
1.0008
1.00079
1.00078
1.00077
1.00076
1.00075
1.00074
1.00073
1.00072
1.00071
1.0007
1.00069
1.00069
1.00068
1.00067
1.00066
1.00065
1.00065
1.00064
1.00063
1.00062
1.00061
1.00061
1.0006
1.00059
1.00058
1.00058
1.00057
1.00056
1.00055
1.00055
1.00054
1.00053
1.00053
1.00052
1.00051
1.0005
1.0005
1.00049
1.00048
1.00048
1.00047
1.00046
1.00046
1.00045
1.00044
1.00044
1.00043
1.00043
1.00042
1.00041
1.00041
1.0004
1.0004
1.00039
1.00039
1.00039
1.00038
1.00038
1.00038
1.00037
1.00037
1.00037
1.00037
1.00036
1.00036
1.00036
1.00036
1.00035
1.00035
1.00035
1.00035
1.00035
1.00035
1.00034
1.00034
1.00034
1.00034
1.00034
1.00033
1.00033
1.00033
1.00033
1.00033
1.00032
1.00032
1.00032
1.00032
1.00032
1.00031
1.00031
1.00031
1.00031
1.0003
1.0003
1.0003
1.0003
1.0003
1.00029
1.00029
1.00029
1.00029
1.00028
1.00028
1.00028
1.00028
1.00027
1.00027
1.00027
1.00027
1.00026
1.00026
1.00026
1.00026
1.00025
1.00025
1.00025
1.00024
1.00024
1.00024
1.00024
1.00023
1.00023
1.00023
1.00023
1.00022
1.00022
1.00022
1.00022
1.00021
1.00021
1.00021
1.00021
1.0002
1.0002
1.0002
1.0002
1.00019
1.00019
1.00019
1.00019
1.00018
1.00018
1.00018
1.00018
1.00017
1.00017
1.00017
1.00017
1.00016
1.00016
1.00016
1.00016
1.00015
1.00015
1.00015
1.00015
1.00014
1.00014
1.00014
1.00014
1.00013
1.00013
1.00013
1.00013
1.00013
1.00012
1.00012
1.00012
1.00012
1.00011
1.00011
1.00011
1.00011
1.0001
1.0001
1.0001
1.0001
1.00009
1.00009
1.00009
1.00009
1.00009
1.00008
1.00008
1.00008
1.00008
1.00007
1.00007
1.00007
1.00007
1.00014
1.0008
1.00217
1.00214
1.00215
1.00211
1.00208
1.00214
1.00209
1.00201
1.00206
1.00209
1.002
1.00198
1.00203
1.00201
1.00196
1.00197
1.00198
1.00196
1.00194
1.00195
1.00195
1.00193
1.00192
1.00193
1.00192
1.00191
1.00191
1.00191
1.0019
1.0019
1.0019
1.00189
1.00189
1.00188
1.00188
1.00188
1.00187
1.00187
1.00187
1.00187
1.00186
1.00186
1.00186
1.00185
1.00185
1.00184
1.00184
1.00184
1.00183
1.00183
1.00182
1.00182
1.00181
1.0018
1.0018
1.00179
1.00178
1.00177
1.00177
1.00175
1.00174
1.00173
1.00172
1.00169
1.00168
1.00167
1.00164
1.00162
1.00161
1.00158
1.00155
1.00153
1.0015
1.00147
1.00146
1.00142
1.00139
1.00138
1.00135
1.00131
1.00129
1.00127
1.00123
1.00121
1.00119
1.00117
1.00114
1.00112
1.00111
1.00108
1.00106
1.00104
1.00103
1.001
1.00099
1.00097
1.00095
1.00094
1.00092
1.00091
1.00089
1.00088
1.00086
1.00085
1.00084
1.00082
1.00081
1.0008
1.00079
1.00078
1.00077
1.00076
1.00075
1.00074
1.00073
1.00072
1.00071
1.0007
1.00069
1.00069
1.00068
1.00067
1.00066
1.00065
1.00064
1.00064
1.00063
1.00062
1.00061
1.00061
1.0006
1.00059
1.00058
1.00058
1.00057
1.00056
1.00055
1.00055
1.00054
1.00053
1.00053
1.00052
1.00051
1.0005
1.0005
1.00049
1.00048
1.00048
1.00047
1.00046
1.00046
1.00045
1.00044
1.00044
1.00043
1.00042
1.00042
1.00041
1.00041
1.0004
1.0004
1.00039
1.00039
1.00038
1.00038
1.00038
1.00037
1.00037
1.00037
1.00037
1.00036
1.00036
1.00036
1.00036
1.00036
1.00036
1.00035
1.00035
1.00035
1.00035
1.00035
1.00035
1.00034
1.00034
1.00034
1.00034
1.00034
1.00033
1.00033
1.00033
1.00033
1.00033
1.00032
1.00032
1.00032
1.00032
1.00031
1.00031
1.00031
1.00031
1.00031
1.0003
1.0003
1.0003
1.0003
1.00029
1.00029
1.00029
1.00029
1.00028
1.00028
1.00028
1.00028
1.00027
1.00027
1.00027
1.00027
1.00026
1.00026
1.00026
1.00026
1.00025
1.00025
1.00025
1.00025
1.00024
1.00024
1.00024
1.00023
1.00023
1.00023
1.00023
1.00022
1.00022
1.00022
1.00022
1.00021
1.00021
1.00021
1.00021
1.0002
1.0002
1.0002
1.0002
1.00019
1.00019
1.00019
1.00019
1.00018
1.00018
1.00018
1.00018
1.00017
1.00017
1.00017
1.00017
1.00016
1.00016
1.00016
1.00016
1.00015
1.00015
1.00015
1.00015
1.00014
1.00014
1.00014
1.00014
1.00013
1.00013
1.00013
1.00013
1.00013
1.00012
1.00012
1.00012
1.00012
1.00011
1.00011
1.00011
1.00011
1.0001
1.0001
1.0001
1.0001
1.00009
1.00009
1.00009
1.00009
1.00009
1.00008
1.00008
1.00008
1.00008
1.00007
1.00007
1.00007
1.00007
1.00017
1.00081
1.00206
1.00219
1.00215
1.00201
1.00211
1.00217
1.00202
1.00202
1.00211
1.00204
1.00198
1.00202
1.00204
1.00197
1.00197
1.002
1.00198
1.00194
1.00195
1.00196
1.00194
1.00193
1.00194
1.00193
1.00192
1.00192
1.00192
1.00191
1.0019
1.0019
1.0019
1.00189
1.00189
1.00189
1.00189
1.00188
1.00188
1.00188
1.00187
1.00187
1.00187
1.00186
1.00186
1.00186
1.00185
1.00185
1.00184
1.00184
1.00184
1.00183
1.00183
1.00182
1.00182
1.00181
1.00181
1.0018
1.00179
1.00178
1.00177
1.00176
1.00175
1.00174
1.00172
1.0017
1.00169
1.00167
1.00164
1.00162
1.00161
1.00158
1.00154
1.00153
1.00151
1.00146
1.00144
1.00142
1.00138
1.00135
1.00134
1.0013
1.00127
1.00125
1.00123
1.0012
1.00118
1.00116
1.00113
1.00111
1.00109
1.00107
1.00105
1.00103
1.00102
1.001
1.00098
1.00096
1.00095
1.00093
1.00091
1.0009
1.00089
1.00087
1.00086
1.00084
1.00083
1.00082
1.00081
1.0008
1.00078
1.00077
1.00077
1.00076
1.00074
1.00074
1.00073
1.00072
1.00071
1.0007
1.00069
1.00068
1.00068
1.00067
1.00066
1.00065
1.00065
1.00064
1.00063
1.00062
1.00062
1.00061
1.0006
1.00059
1.00059
1.00058
1.00057
1.00056
1.00055
1.00055
1.00054
1.00053
1.00053
1.00052
1.00051
1.00051
1.0005
1.00049
1.00048
1.00048
1.00047
1.00046
1.00046
1.00045
1.00044
1.00043
1.00043
1.00042
1.00042
1.00041
1.0004
1.0004
1.00039
1.00039
1.00038
1.00038
1.00038
1.00038
1.00037
1.00037
1.00037
1.00037
1.00036
1.00036
1.00036
1.00036
1.00036
1.00036
1.00035
1.00035
1.00035
1.00035
1.00035
1.00035
1.00034
1.00034
1.00034
1.00034
1.00034
1.00034
1.00033
1.00033
1.00033
1.00033
1.00032
1.00032
1.00032
1.00032
1.00032
1.00031
1.00031
1.00031
1.00031
1.0003
1.0003
1.0003
1.0003
1.00029
1.00029
1.00029
1.00029
1.00028
1.00028
1.00028
1.00028
1.00027
1.00027
1.00027
1.00027
1.00026
1.00026
1.00026
1.00026
1.00025
1.00025
1.00025
1.00025
1.00024
1.00024
1.00024
1.00023
1.00023
1.00023
1.00023
1.00022
1.00022
1.00022
1.00022
1.00021
1.00021
1.00021
1.00021
1.0002
1.0002
1.0002
1.0002
1.00019
1.00019
1.00019
1.00019
1.00018
1.00018
1.00018
1.00018
1.00017
1.00017
1.00017
1.00017
1.00016
1.00016
1.00016
1.00016
1.00015
1.00015
1.00015
1.00015
1.00014
1.00014
1.00014
1.00014
1.00013
1.00013
1.00013
1.00013
1.00013
1.00012
1.00012
1.00012
1.00012
1.00011
1.00011
1.00011
1.00011
1.0001
1.0001
1.0001
1.0001
1.00009
1.00009
1.00009
1.00009
1.00009
1.00008
1.00008
1.00008
1.00008
1.00007
1.00007
1.00007
1.00007
1.0002
1.00081
1.00212
1.00209
1.00208
1.00213
1.0021
1.00202
1.00207
1.00211
1.00202
1.00199
1.00206
1.00204
1.00197
1.00199
1.00202
1.00198
1.00195
1.00197
1.00197
1.00194
1.00194
1.00195
1.00194
1.00192
1.00192
1.00193
1.00192
1.00191
1.00191
1.00191
1.0019
1.0019
1.0019
1.00189
1.00189
1.00188
1.00188
1.00188
1.00187
1.00187
1.00187
1.00187
1.00186
1.00186
1.00186
1.00185
1.00185
1.00185
1.00184
1.00184
1.00183
1.00183
1.00182
1.00182
1.00181
1.0018
1.0018
1.00179
1.00178
1.00177
1.00176
1.00174
1.00173
1.00172
1.00169
1.00167
1.00166
1.00163
1.00159
1.00158
1.00156
1.00151
1.00149
1.00147
1.00143
1.0014
1.00138
1.00134
1.00131
1.0013
1.00126
1.00123
1.00121
1.00119
1.00116
1.00113
1.00112
1.0011
1.00107
1.00106
1.00104
1.00102
1.001
1.00099
1.00097
1.00095
1.00094
1.00092
1.00091
1.00089
1.00088
1.00087
1.00085
1.00084
1.00082
1.00081
1.0008
1.00079
1.00078
1.00077
1.00076
1.00075
1.00074
1.00073
1.00073
1.00072
1.00071
1.0007
1.00069
1.00068
1.00068
1.00067
1.00066
1.00065
1.00065
1.00064
1.00063
1.00062
1.00062
1.00061
1.0006
1.00059
1.00059
1.00058
1.00057
1.00056
1.00055
1.00055
1.00054
1.00053
1.00053
1.00052
1.00051
1.00051
1.0005
1.00049
1.00048
1.00048
1.00047
1.00046
1.00045
1.00045
1.00044
1.00043
1.00042
1.00042
1.00041
1.00041
1.0004
1.0004
1.00039
1.00038
1.00038
1.00038
1.00037
1.00037
1.00037
1.00037
1.00037
1.00036
1.00036
1.00036
1.00036
1.00036
1.00036
1.00036
1.00036
1.00035
1.00035
1.00035
1.00035
1.00035
1.00035
1.00034
1.00034
1.00034
1.00034
1.00034
1.00034
1.00033
1.00033
1.00033
1.00033
1.00032
1.00032
1.00032
1.00032
1.00031
1.00031
1.00031
1.00031
1.0003
1.0003
1.0003
1.0003
1.00029
1.00029
1.00029
1.00029
1.00028
1.00028
1.00028
1.00028
1.00027
1.00027
1.00027
1.00027
1.00026
1.00026
1.00026
1.00026
1.00025
1.00025
1.00025
1.00025
1.00024
1.00024
1.00024
1.00024
1.00023
1.00023
1.00023
1.00022
1.00022
1.00022
1.00022
1.00021
1.00021
1.00021
1.00021
1.0002
1.0002
1.0002
1.0002
1.00019
1.00019
1.00019
1.00019
1.00018
1.00018
1.00018
1.00018
1.00017
1.00017
1.00017
1.00017
1.00016
1.00016
1.00016
1.00016
1.00015
1.00015
1.00015
1.00015
1.00014
1.00014
1.00014
1.00014
1.00013
1.00013
1.00013
1.00013
1.00013
1.00012
1.00012
1.00012
1.00012
1.00011
1.00011
1.00011
1.00011
1.0001
1.0001
1.0001
1.0001
1.00009
1.00009
1.00009
1.00009
1.00009
1.00008
1.00008
1.00008
1.00008
1.00007
1.00007
1.00007
1.00007
1.00022
1.00081
1.00213
1.00205
1.00207
1.00213
1.00206
1.00203
1.00209
1.00206
1.002
1.00204
1.00205
1.00199
1.00199
1.00202
1.00199
1.00196
1.00198
1.00198
1.00195
1.00195
1.00196
1.00195
1.00193
1.00193
1.00193
1.00192
1.00192
1.00192
1.00191
1.00191
1.0019
1.0019
1.0019
1.00189
1.00189
1.00189
1.00188
1.00188
1.00188
1.00188
1.00187
1.00187
1.00187
1.00186
1.00186
1.00186
1.00186
1.00185
1.00185
1.00185
1.00184
1.00184
1.00183
1.00183
1.00182
1.00182
1.00181
1.0018
1.00179
1.00179
1.00177
1.00175
1.00175
1.00173
1.0017
1.00168
1.00166
1.00163
1.0016
1.00158
1.00156
1.00152
1.00147
1.00146
1.00143
1.00138
1.00136
1.00134
1.00129
1.00127
1.00125
1.00122
1.00119
1.00117
1.00115
1.00112
1.0011
1.00108
1.00106
1.00104
1.00102
1.00101
1.00099
1.00097
1.00096
1.00095
1.00093
1.00091
1.0009
1.00089
1.00087
1.00086
1.00084
1.00083
1.00082
1.00081
1.0008
1.00078
1.00078
1.00077
1.00076
1.00075
1.00074
1.00073
1.00072
1.00072
1.00071
1.0007
1.00069
1.00068
1.00067
1.00067
1.00066
1.00065
1.00065
1.00064
1.00063
1.00062
1.00062
1.00061
1.0006
1.00059
1.00058
1.00058
1.00057
1.00056
1.00055
1.00055
1.00054
1.00053
1.00053
1.00052
1.00051
1.00051
1.0005
1.00049
1.00048
1.00048
1.00047
1.00046
1.00045
1.00045
1.00044
1.00043
1.00042
1.00042
1.00041
1.0004
1.0004
1.00039
1.00038
1.00038
1.00038
1.00037
1.00037
1.00037
1.00037
1.00037
1.00036
1.00036
1.00036
1.00036
1.00036
1.00036
1.00036
1.00036
1.00036
1.00036
1.00035
1.00035
1.00035
1.00035
1.00035
1.00035
1.00034
1.00034
1.00034
1.00034
1.00034
1.00033
1.00033
1.00033
1.00033
1.00033
1.00032
1.00032
1.00032
1.00032
1.00031
1.00031
1.00031
1.00031
1.0003
1.0003
1.0003
1.0003
1.00029
1.00029
1.00029
1.00029
1.00028
1.00028
1.00028
1.00027
1.00027
1.00027
1.00027
1.00026
1.00026
1.00026
1.00026
1.00025
1.00025
1.00025
1.00025
1.00024
1.00024
1.00024
1.00024
1.00023
1.00023
1.00023
1.00022
1.00022
1.00022
1.00022
1.00021
1.00021
1.00021
1.00021
1.0002
1.0002
1.0002
1.0002
1.00019
1.00019
1.00019
1.00019
1.00018
1.00018
1.00018
1.00018
1.00017
1.00017
1.00017
1.00017
1.00016
1.00016
1.00016
1.00016
1.00015
1.00015
1.00015
1.00015
1.00014
1.00014
1.00014
1.00014
1.00013
1.00013
1.00013
1.00013
1.00013
1.00012
1.00012
1.00012
1.00012
1.00011
1.00011
1.00011
1.00011
1.0001
1.0001
1.0001
1.0001
1.00009
1.00009
1.00009
1.00009
1.00009
1.00008
1.00008
1.00008
1.00008
1.00007
1.00007
1.00007
1.00007
1.00025
1.00079
1.00206
1.00211
1.0021
1.00203
1.00206
1.00211
1.00204
1.002
1.00207
1.00206
1.00198
1.002
1.00204
1.00199
1.00196
1.00199
1.00199
1.00196
1.00195
1.00197
1.00195
1.00194
1.00194
1.00194
1.00193
1.00192
1.00193
1.00192
1.00191
1.00191
1.00191
1.0019
1.0019
1.0019
1.0019
1.00189
1.00189
1.00189
1.00188
1.00188
1.00188
1.00187
1.00187
1.00187
1.00187
1.00186
1.00186
1.00186
1.00186
1.00185
1.00185
1.00185
1.00184
1.00184
1.00183
1.00183
1.00182
1.00181
1.00181
1.00179
1.00178
1.00178
1.00176
1.00172
1.00172
1.00171
1.00165
1.00163
1.00163
1.00158
1.00153
1.00152
1.00148
1.00143
1.00142
1.00138
1.00133
1.00132
1.00129
1.00124
1.00122
1.00121
1.00117
1.00114
1.00113
1.00111
1.00108
1.00106
1.00105
1.00103
1.001
1.00099
1.00099
1.00096
1.00094
1.00094
1.00092
1.0009
1.00089
1.00088
1.00086
1.00085
1.00083
1.00082
1.00081
1.0008
1.00079
1.00078
1.00077
1.00076
1.00075
1.00075
1.00074
1.00073
1.00072
1.00071
1.0007
1.0007
1.00069
1.00068
1.00067
1.00067
1.00066
1.00065
1.00065
1.00064
1.00063
1.00062
1.00062
1.00061
1.0006
1.00059
1.00059
1.00058
1.00057
1.00056
1.00055
1.00055
1.00054
1.00053
1.00053
1.00052
1.00051
1.00051
1.0005
1.00049
1.00048
1.00048
1.00047
1.00046
1.00045
1.00044
1.00044
1.00043
1.00042
1.00041
1.0004
1.0004
1.00039
1.00038
1.00038
1.00038
1.00037
1.00037
1.00037
1.00037
1.00036
1.00036
1.00036
1.00036
1.00036
1.00036
1.00036
1.00036
1.00036
1.00036
1.00036
1.00036
1.00035
1.00035
1.00035
1.00035
1.00035
1.00035
1.00035
1.00034
1.00034
1.00034
1.00034
1.00034
1.00033
1.00033
1.00033
1.00033
1.00032
1.00032
1.00032
1.00032
1.00031
1.00031
1.00031
1.00031
1.0003
1.0003
1.0003
1.0003
1.00029
1.00029
1.00029
1.00029
1.00028
1.00028
1.00028
1.00028
1.00027
1.00027
1.00027
1.00026
1.00026
1.00026
1.00026
1.00025
1.00025
1.00025
1.00025
1.00024
1.00024
1.00024
1.00024
1.00023
1.00023
1.00023
1.00023
1.00022
1.00022
1.00022
1.00021
1.00021
1.00021
1.00021
1.0002
1.0002
1.0002
1.0002
1.00019
1.00019
1.00019
1.00019
1.00018
1.00018
1.00018
1.00018
1.00017
1.00017
1.00017
1.00017
1.00016
1.00016
1.00016
1.00016
1.00015
1.00015
1.00015
1.00015
1.00014
1.00014
1.00014
1.00014
1.00013
1.00013
1.00013
1.00013
1.00013
1.00012
1.00012
1.00012
1.00012
1.00011
1.00011
1.00011
1.00011
1.0001
1.0001
1.0001
1.0001
1.0001
1.00009
1.00009
1.00009
1.00009
1.00008
1.00008
1.00008
1.00008
1.00007
1.00007
1.00007
1.00007
1.00028
1.0008
1.00205
1.00208
1.00207
1.00204
1.00207
1.00207
1.00203
1.00204
1.00205
1.00201
1.00201
1.00203
1.002
1.00198
1.002
1.00199
1.00197
1.00196
1.00197
1.00196
1.00194
1.00195
1.00195
1.00194
1.00193
1.00193
1.00193
1.00192
1.00192
1.00192
1.00191
1.0019
1.0019
1.0019
1.0019
1.00189
1.00189
1.00189
1.00189
1.00188
1.00188
1.00188
1.00188
1.00187
1.00187
1.00187
1.00187
1.00187
1.00186
1.00186
1.00186
1.00186
1.00185
1.00185
1.00184
1.00184
1.00183
1.00183
1.00182
1.00181
1.0018
1.00179
1.00176
1.00175
1.00173
1.0017
1.00167
1.00165
1.00161
1.00158
1.00154
1.0015
1.00148
1.00142
1.00138
1.00137
1.00133
1.00128
1.00127
1.00124
1.00119
1.00117
1.00116
1.00113
1.0011
1.00108
1.00107
1.00104
1.00102
1.00102
1.001
1.00098
1.00096
1.00096
1.00094
1.00092
1.00091
1.0009
1.00088
1.00087
1.00086
1.00084
1.00083
1.00081
1.0008
1.00079
1.00078
1.00077
1.00076
1.00075
1.00075
1.00074
1.00073
1.00073
1.00072
1.00071
1.0007
1.0007
1.00068
1.00068
1.00068
1.00067
1.00066
1.00065
1.00065
1.00064
1.00063
1.00063
1.00062
1.00061
1.0006
1.00059
1.00059
1.00058
1.00057
1.00056
1.00055
1.00054
1.00054
1.00053
1.00053
1.00052
1.00051
1.00051
1.0005
1.00049
1.00048
1.00048
1.00047
1.00046
1.00045
1.00044
1.00043
1.00042
1.00042
1.00041
1.0004
1.00039
1.00038
1.00038
1.00038
1.00037
1.00036
1.00036
1.00036
1.00036
1.00036
1.00036
1.00036
1.00036
1.00036
1.00036
1.00036
1.00036
1.00036
1.00036
1.00036
1.00036
1.00036
1.00036
1.00035
1.00035
1.00035
1.00035
1.00035
1.00035
1.00034
1.00034
1.00034
1.00034
1.00034
1.00033
1.00033
1.00033
1.00033
1.00032
1.00032
1.00032
1.00032
1.00031
1.00031
1.00031
1.00031
1.0003
1.0003
1.0003
1.00029
1.00029
1.00029
1.00029
1.00028
1.00028
1.00028
1.00028
1.00027
1.00027
1.00027
1.00027
1.00026
1.00026
1.00026
1.00025
1.00025
1.00025
1.00025
1.00024
1.00024
1.00024
1.00024
1.00023
1.00023
1.00023
1.00023
1.00022
1.00022
1.00022
1.00021
1.00021
1.00021
1.00021
1.0002
1.0002
1.0002
1.0002
1.00019
1.00019
1.00019
1.00019
1.00018
1.00018
1.00018
1.00018
1.00017
1.00017
1.00017
1.00017
1.00016
1.00016
1.00016
1.00016
1.00015
1.00015
1.00015
1.00015
1.00014
1.00014
1.00014
1.00014
1.00013
1.00013
1.00013
1.00013
1.00013
1.00012
1.00012
1.00012
1.00012
1.00011
1.00011
1.00011
1.00011
1.0001
1.0001
1.0001
1.0001
1.0001
1.00009
1.00009
1.00009
1.00009
1.00008
1.00008
1.00008
1.00008
1.00007
1.00007
1.00007
1.00007
1.00031
1.0008
1.00208
1.00204
1.00204
1.00209
1.00206
1.00201
1.00205
1.00207
1.002
1.00201
1.00205
1.00201
1.00198
1.00201
1.00201
1.00197
1.00197
1.00199
1.00197
1.00195
1.00196
1.00196
1.00194
1.00193
1.00194
1.00193
1.00192
1.00192
1.00192
1.00192
1.00191
1.00191
1.00191
1.0019
1.0019
1.0019
1.0019
1.00189
1.00189
1.00189
1.00189
1.00188
1.00188
1.00188
1.00188
1.00187
1.00187
1.00187
1.00187
1.00187
1.00187
1.00186
1.00186
1.00186
1.00185
1.00185
1.00185
1.00184
1.00183
1.00183
1.00182
1.00179
1.00178
1.00179
1.00174
1.0017
1.00171
1.00167
1.00159
1.00158
1.00157
1.00148
1.00144
1.00144
1.00137
1.00133
1.00132
1.00127
1.00123
1.00122
1.00118
1.00114
1.00113
1.00111
1.00108
1.00105
1.00105
1.00104
1.00101
1.00099
1.00099
1.00097
1.00095
1.00094
1.00093
1.00092
1.0009
1.00089
1.00088
1.00086
1.00085
1.00083
1.00082
1.00081
1.00079
1.00079
1.00078
1.00076
1.00076
1.00075
1.00074
1.00074
1.00073
1.00073
1.00072
1.00071
1.0007
1.0007
1.00068
1.00068
1.00067
1.00067
1.00066
1.00065
1.00065
1.00064
1.00064
1.00063
1.00062
1.00061
1.0006
1.00059
1.00058
1.00058
1.00057
1.00056
1.00055
1.00055
1.00054
1.00053
1.00053
1.00052
1.00051
1.00051
1.0005
1.00049
1.00048
1.00047
1.00047
1.00046
1.00045
1.00044
1.00043
1.00042
1.00041
1.0004
1.0004
1.00039
1.00038
1.00038
1.00037
1.00036
1.00036
1.00036
1.00035
1.00035
1.00036
1.00035
1.00035
1.00036
1.00036
1.00036
1.00036
1.00036
1.00036
1.00036
1.00036
1.00036
1.00036
1.00036
1.00036
1.00036
1.00035
1.00035
1.00035
1.00035
1.00035
1.00034
1.00034
1.00034
1.00034
1.00034
1.00033
1.00033
1.00033
1.00033
1.00032
1.00032
1.00032
1.00031
1.00031
1.00031
1.00031
1.0003
1.0003
1.0003
1.0003
1.00029
1.00029
1.00029
1.00028
1.00028
1.00028
1.00028
1.00027
1.00027
1.00027
1.00027
1.00026
1.00026
1.00026
1.00025
1.00025
1.00025
1.00025
1.00024
1.00024
1.00024
1.00024
1.00023
1.00023
1.00023
1.00023
1.00022
1.00022
1.00022
1.00022
1.00021
1.00021
1.00021
1.0002
1.0002
1.0002
1.0002
1.00019
1.00019
1.00019
1.00019
1.00018
1.00018
1.00018
1.00018
1.00017
1.00017
1.00017
1.00017
1.00016
1.00016
1.00016
1.00016
1.00015
1.00015
1.00015
1.00015
1.00014
1.00014
1.00014
1.00014
1.00014
1.00013
1.00013
1.00013
1.00013
1.00012
1.00012
1.00012
1.00012
1.00011
1.00011
1.00011
1.00011
1.0001
1.0001
1.0001
1.0001
1.0001
1.00009
1.00009
1.00009
1.00009
1.00008
1.00008
1.00008
1.00008
1.00008
1.00007
1.00007
1.00007
1.00033
1.00079
1.00206
1.00205
1.00205
1.00205
1.00204
1.00204
1.00205
1.00202
1.00202
1.00204
1.00201
1.00199
1.00201
1.00201
1.00198
1.00198
1.00199
1.00197
1.00196
1.00197
1.00196
1.00195
1.00194
1.00195
1.00194
1.00193
1.00193
1.00193
1.00192
1.00192
1.00192
1.00191
1.00191
1.00191
1.0019
1.0019
1.0019
1.0019
1.00189
1.00189
1.00189
1.00189
1.00189
1.00188
1.00188
1.00188
1.00188
1.00188
1.00188
1.00188
1.00188
1.00187
1.00187
1.00187
1.00187
1.00186
1.00186
1.00186
1.00185
1.00184
1.00183
1.00183
1.00182
1.00178
1.00176
1.00175
1.0017
1.00165
1.00163
1.00158
1.00153
1.0015
1.00143
1.0014
1.00137
1.0013
1.00128
1.00127
1.00121
1.00117
1.00116
1.00114
1.0011
1.00107
1.00107
1.00105
1.00101
1.00101
1.00101
1.00099
1.00096
1.00096
1.00095
1.00093
1.00092
1.00091
1.0009
1.00088
1.00087
1.00086
1.00084
1.00082
1.00081
1.0008
1.00079
1.00078
1.00077
1.00076
1.00075
1.00075
1.00074
1.00074
1.00073
1.00072
1.00071
1.00071
1.0007
1.00069
1.00069
1.00068
1.00066
1.00066
1.00066
1.00065
1.00065
1.00064
1.00064
1.00063
1.00062
1.00061
1.00061
1.0006
1.00058
1.00058
1.00057
1.00056
1.00055
1.00055
1.00054
1.00053
1.00053
1.00052
1.00051
1.00051
1.0005
1.00049
1.00048
1.00048
1.00047
1.00046
1.00045
1.00044
1.00043
1.00042
1.00041
1.0004
1.00039
1.00038
1.00037
1.00036
1.00036
1.00036
1.00035
1.00035
1.00035
1.00035
1.00035
1.00035
1.00035
1.00035
1.00035
1.00035
1.00036
1.00036
1.00036
1.00036
1.00036
1.00036
1.00036
1.00036
1.00036
1.00036
1.00036
1.00035
1.00035
1.00035
1.00035
1.00035
1.00034
1.00034
1.00034
1.00034
1.00033
1.00033
1.00033
1.00033
1.00032
1.00032
1.00032
1.00032
1.00031
1.00031
1.00031
1.0003
1.0003
1.0003
1.0003
1.00029
1.00029
1.00029
1.00029
1.00028
1.00028
1.00028
1.00027
1.00027
1.00027
1.00027
1.00026
1.00026
1.00026
1.00026
1.00025
1.00025
1.00025
1.00024
1.00024
1.00024
1.00024
1.00023
1.00023
1.00023
1.00023
1.00022
1.00022
1.00022
1.00022
1.00021
1.00021
1.00021
1.0002
1.0002
1.0002
1.0002
1.00019
1.00019
1.00019
1.00019
1.00018
1.00018
1.00018
1.00018
1.00017
1.00017
1.00017
1.00017
1.00016
1.00016
1.00016
1.00016
1.00015
1.00015
1.00015
1.00015
1.00014
1.00014
1.00014
1.00014
1.00014
1.00013
1.00013
1.00013
1.00013
1.00012
1.00012
1.00012
1.00012
1.00011
1.00011
1.00011
1.00011
1.0001
1.0001
1.0001
1.0001
1.0001
1.00009
1.00009
1.00009
1.00009
1.00008
1.00008
1.00008
1.00008
1.00008
1.00007
1.00007
1.00007
1.00036
1.00079
1.00203
1.00206
1.00206
1.00202
1.00204
1.00206
1.00202
1.00201
1.00204
1.00202
1.00199
1.00201
1.00202
1.00198
1.00198
1.002
1.00198
1.00196
1.00197
1.00197
1.00195
1.00195
1.00195
1.00195
1.00193
1.00194
1.00194
1.00193
1.00192
1.00192
1.00192
1.00191
1.00191
1.00191
1.00191
1.0019
1.0019
1.0019
1.0019
1.00189
1.00189
1.00189
1.00189
1.00189
1.00189
1.00189
1.00188
1.00188
1.00189
1.00188
1.00188
1.00189
1.00189
1.00188
1.00188
1.00189
1.00188
1.00187
1.00188
1.00186
1.00185
1.00186
1.00183
1.00179
1.0018
1.00178
1.00169
1.00166
1.00167
1.00158
1.00149
1.0015
1.00145
1.00134
1.00134
1.00132
1.00124
1.00123
1.00121
1.00115
1.00113
1.00111
1.00108
1.00105
1.00103
1.00103
1.00101
1.00099
1.00098
1.00098
1.00096
1.00094
1.00094
1.00093
1.00091
1.0009
1.00089
1.00088
1.00086
1.00085
1.00084
1.00082
1.00081
1.00079
1.00078
1.00076
1.00075
1.00076
1.00074
1.00074
1.00074
1.00073
1.00073
1.00072
1.00071
1.00071
1.0007
1.00069
1.00068
1.00067
1.00067
1.00066
1.00066
1.00065
1.00065
1.00065
1.00063
1.00063
1.00063
1.00061
1.0006
1.0006
1.00059
1.00057
1.00056
1.00056
1.00055
1.00054
1.00054
1.00053
1.00052
1.00052
1.00051
1.00051
1.0005
1.00049
1.00048
1.00048
1.00047
1.00046
1.00045
1.00044
1.00043
1.00042
1.00041
1.0004
1.00038
1.00038
1.00037
1.00035
1.00035
1.00035
1.00034
1.00034
1.00034
1.00034
1.00034
1.00034
1.00035
1.00035
1.00035
1.00036
1.00036
1.00036
1.00036
1.00036
1.00036
1.00036
1.00036
1.00036
1.00036
1.00036
1.00036
1.00036
1.00035
1.00035
1.00035
1.00035
1.00035
1.00034
1.00034
1.00034
1.00034
1.00033
1.00033
1.00033
1.00033
1.00032
1.00032
1.00032
1.00031
1.00031
1.00031
1.00031
1.0003
1.0003
1.0003
1.00029
1.00029
1.00029
1.00029
1.00028
1.00028
1.00028
1.00027
1.00027
1.00027
1.00027
1.00026
1.00026
1.00026
1.00026
1.00025
1.00025
1.00025
1.00024
1.00024
1.00024
1.00024
1.00023
1.00023
1.00023
1.00023
1.00022
1.00022
1.00022
1.00022
1.00021
1.00021
1.00021
1.00021
1.0002
1.0002
1.0002
1.00019
1.00019
1.00019
1.00019
1.00018
1.00018
1.00018
1.00018
1.00017
1.00017
1.00017
1.00017
1.00016
1.00016
1.00016
1.00016
1.00015
1.00015
1.00015
1.00015
1.00014
1.00014
1.00014
1.00014
1.00014
1.00013
1.00013
1.00013
1.00013
1.00012
1.00012
1.00012
1.00012
1.00011
1.00011
1.00011
1.00011
1.0001
1.0001
1.0001
1.0001
1.0001
1.00009
1.00009
1.00009
1.00009
1.00008
1.00008
1.00008
1.00008
1.00008
1.00007
1.00007
1.00007
1.00038
1.00079
1.00204
1.00204
1.00204
1.00204
1.00204
1.00202
1.00202
1.00204
1.00202
1.002
1.00202
1.00202
1.00199
1.00199
1.002
1.00198
1.00197
1.00198
1.00198
1.00196
1.00196
1.00196
1.00195
1.00194
1.00194
1.00194
1.00193
1.00193
1.00193
1.00192
1.00192
1.00192
1.00192
1.00191
1.00191
1.00191
1.0019
1.0019
1.0019
1.0019
1.0019
1.0019
1.00189
1.00189
1.00189
1.00189
1.00189
1.00189
1.00189
1.00189
1.00189
1.0019
1.0019
1.00189
1.0019
1.0019
1.0019
1.00189
1.00189
1.00189
1.00189
1.00186
1.00185
1.00186
1.00182
1.00175
1.00176
1.00172
1.00161
1.00158
1.00155
1.00145
1.00141
1.00136
1.00129
1.00129
1.00125
1.00117
1.00117
1.00118
1.0011
1.00105
1.00106
1.00107
1.00101
1.00098
1.001
1.001
1.00096
1.00096
1.00096
1.00094
1.00093
1.00092
1.00091
1.0009
1.00088
1.00088
1.00086
1.00084
1.00083
1.00082
1.0008
1.00078
1.00077
1.00076
1.00075
1.00074
1.00074
1.00074
1.00074
1.00073
1.00072
1.00073
1.00072
1.0007
1.0007
1.00069
1.00067
1.00066
1.00067
1.00066
1.00065
1.00065
1.00065
1.00065
1.00064
1.00063
1.00062
1.00062
1.00061
1.00059
1.00059
1.00058
1.00056
1.00056
1.00055
1.00054
1.00053
1.00053
1.00052
1.00052
1.00052
1.00051
1.0005
1.0005
1.00049
1.00048
1.00047
1.00046
1.00045
1.00044
1.00043
1.00041
1.0004
1.00039
1.00038
1.00037
1.00035
1.00035
1.00034
1.00033
1.00033
1.00034
1.00033
1.00033
1.00034
1.00034
1.00034
1.00034
1.00035
1.00036
1.00035
1.00036
1.00036
1.00036
1.00036
1.00036
1.00036
1.00036
1.00036
1.00036
1.00036
1.00036
1.00036
1.00036
1.00035
1.00035
1.00035
1.00035
1.00034
1.00034
1.00034
1.00034
1.00033
1.00033
1.00033
1.00032
1.00032
1.00032
1.00032
1.00031
1.00031
1.00031
1.0003
1.0003
1.0003
1.0003
1.00029
1.00029
1.00029
1.00028
1.00028
1.00028
1.00028
1.00027
1.00027
1.00027
1.00026
1.00026
1.00026
1.00026
1.00025
1.00025
1.00025
1.00025
1.00024
1.00024
1.00024
1.00023
1.00023
1.00023
1.00023
1.00022
1.00022
1.00022
1.00022
1.00021
1.00021
1.00021
1.00021
1.0002
1.0002
1.0002
1.00019
1.00019
1.00019
1.00019
1.00018
1.00018
1.00018
1.00018
1.00017
1.00017
1.00017
1.00017
1.00016
1.00016
1.00016
1.00016
1.00015
1.00015
1.00015
1.00015
1.00015
1.00014
1.00014
1.00014
1.00014
1.00013
1.00013
1.00013
1.00013
1.00012
1.00012
1.00012
1.00012
1.00011
1.00011
1.00011
1.00011
1.0001
1.0001
1.0001
1.0001
1.0001
1.00009
1.00009
1.00009
1.00009
1.00009
1.00008
1.00008
1.00008
1.00008
1.00007
1.00007
1.00007
1.0004
1.00079
1.00205
1.00203
1.00203
1.00205
1.00203
1.00201
1.00203
1.00203
1.002
1.00201
1.00202
1.002
1.00199
1.002
1.00199
1.00197
1.00198
1.00198
1.00196
1.00196
1.00197
1.00196
1.00195
1.00195
1.00195
1.00194
1.00193
1.00193
1.00193
1.00192
1.00192
1.00192
1.00192
1.00191
1.00191
1.00191
1.00191
1.0019
1.0019
1.0019
1.0019
1.0019
1.0019
1.0019
1.0019
1.0019
1.0019
1.0019
1.0019
1.0019
1.00191
1.0019
1.0019
1.00191
1.00191
1.0019
1.00192
1.00192
1.00191
1.00191
1.00192
1.00189
1.00189
1.00189
1.00183
1.00179
1.00179
1.00173
1.00161
1.00158
1.00157
1.0014
1.00136
1.00138
1.00127
1.0012
1.00125
1.0012
1.00114
1.00114
1.00109
1.00107
1.00102
1.001
1.00102
1.00099
1.00097
1.00097
1.00097
1.00095
1.00094
1.00094
1.00093
1.00091
1.0009
1.0009
1.00088
1.00087
1.00086
1.00085
1.00083
1.00081
1.0008
1.00079
1.00076
1.00075
1.00074
1.00072
1.00073
1.00074
1.00073
1.00073
1.00073
1.00072
1.00072
1.00071
1.00069
1.00068
1.00068
1.00067
1.00065
1.00066
1.00066
1.00066
1.00065
1.00064
1.00065
1.00064
1.00062
1.00062
1.00061
1.0006
1.00058
1.00057
1.00057
1.00055
1.00054
1.00054
1.00053
1.00052
1.00053
1.00052
1.00052
1.00051
1.0005
1.0005
1.00049
1.00048
1.00047
1.00046
1.00045
1.00043
1.00042
1.00041
1.0004
1.00038
1.00037
1.00036
1.00035
1.00034
1.00033
1.00032
1.00032
1.00032
1.00031
1.00032
1.00034
1.00033
1.00033
1.00035
1.00035
1.00035
1.00035
1.00036
1.00036
1.00036
1.00036
1.00037
1.00037
1.00036
1.00036
1.00036
1.00036
1.00036
1.00036
1.00036
1.00036
1.00035
1.00035
1.00035
1.00035
1.00034
1.00034
1.00034
1.00033
1.00033
1.00033
1.00033
1.00032
1.00032
1.00032
1.00031
1.00031
1.00031
1.0003
1.0003
1.0003
1.0003
1.00029
1.00029
1.00029
1.00028
1.00028
1.00028
1.00028
1.00027
1.00027
1.00027
1.00026
1.00026
1.00026
1.00026
1.00025
1.00025
1.00025
1.00025
1.00024
1.00024
1.00024
1.00023
1.00023
1.00023
1.00023
1.00022
1.00022
1.00022
1.00022
1.00021
1.00021
1.00021
1.00021
1.0002
1.0002
1.0002
1.0002
1.00019
1.00019
1.00019
1.00018
1.00018
1.00018
1.00018
1.00017
1.00017
1.00017
1.00017
1.00016
1.00016
1.00016
1.00016
1.00015
1.00015
1.00015
1.00015
1.00015
1.00014
1.00014
1.00014
1.00014
1.00013
1.00013
1.00013
1.00013
1.00012
1.00012
1.00012
1.00012
1.00011
1.00011
1.00011
1.00011
1.00011
1.0001
1.0001
1.0001
1.0001
1.00009
1.00009
1.00009
1.00009
1.00009
1.00008
1.00008
1.00008
1.00008
1.00008
1.00007
1.00007
1.00042
1.00078
1.00203
1.00204
1.00203
1.00202
1.00202
1.00203
1.00202
1.00201
1.00202
1.00202
1.002
1.002
1.00201
1.00199
1.00198
1.00199
1.00199
1.00197
1.00197
1.00197
1.00196
1.00195
1.00195
1.00195
1.00194
1.00194
1.00194
1.00193
1.00193
1.00193
1.00193
1.00192
1.00192
1.00192
1.00191
1.00191
1.00191
1.00191
1.00191
1.0019
1.0019
1.0019
1.0019
1.0019
1.0019
1.0019
1.0019
1.0019
1.00191
1.00191
1.00191
1.00191
1.00192
1.00192
1.00192
1.00193
1.00193
1.00194
1.00194
1.00194
1.00194
1.00195
1.00193
1.00188
1.00189
1.00191
1.00176
1.00168
1.00172
1.00159
1.00145
1.00147
1.00137
1.00127
1.00127
1.00118
1.00118
1.00123
1.00116
1.00106
1.00107
1.00109
1.00104
1.00095
1.00097
1.001
1.00097
1.00095
1.00096
1.00096
1.00094
1.00093
1.00093
1.00091
1.0009
1.00089
1.00088
1.00087
1.00085
1.00085
1.00083
1.00081
1.0008
1.00079
1.00075
1.00073
1.00072
1.00073
1.00073
1.00072
1.00072
1.00074
1.00074
1.00072
1.00071
1.00071
1.0007
1.00067
1.00067
1.00067
1.00064
1.00065
1.00066
1.00065
1.00065
1.00065
1.00064
1.00064
1.00063
1.00062
1.00061
1.0006
1.00058
1.00057
1.00056
1.00055
1.00054
1.00053
1.00053
1.00053
1.00053
1.00052
1.00051
1.00052
1.00051
1.00049
1.00049
1.00048
1.00047
1.00046
1.00045
1.00044
1.00042
1.00041
1.0004
1.00038
1.00037
1.00036
1.00034
1.00032
1.00032
1.00032
1.00031
1.0003
1.00032
1.00032
1.00032
1.00032
1.00034
1.00034
1.00034
1.00035
1.00036
1.00036
1.00036
1.00037
1.00037
1.00037
1.00037
1.00037
1.00037
1.00036
1.00036
1.00036
1.00036
1.00036
1.00036
1.00036
1.00035
1.00035
1.00035
1.00034
1.00034
1.00034
1.00034
1.00033
1.00033
1.00033
1.00032
1.00032
1.00032
1.00031
1.00031
1.00031
1.00031
1.0003
1.0003
1.0003
1.00029
1.00029
1.00029
1.00029
1.00028
1.00028
1.00028
1.00027
1.00027
1.00027
1.00027
1.00026
1.00026
1.00026
1.00025
1.00025
1.00025
1.00025
1.00024
1.00024
1.00024
1.00023
1.00023
1.00023
1.00023
1.00022
1.00022
1.00022
1.00022
1.00021
1.00021
1.00021
1.00021
1.0002
1.0002
1.0002
1.0002
1.00019
1.00019
1.00019
1.00019
1.00018
1.00018
1.00018
1.00017
1.00017
1.00017
1.00017
1.00016
1.00016
1.00016
1.00016
1.00016
1.00015
1.00015
1.00015
1.00015
1.00014
1.00014
1.00014
1.00014
1.00013
1.00013
1.00013
1.00013
1.00012
1.00012
1.00012
1.00012
1.00011
1.00011
1.00011
1.00011
1.00011
1.0001
1.0001
1.0001
1.0001
1.00009
1.00009
1.00009
1.00009
1.00009
1.00008
1.00008
1.00008
1.00008
1.00008
1.00007
1.00007
1.00044
1.00078
1.00202
1.00203
1.00203
1.00202
1.00202
1.00203
1.00201
1.00201
1.00202
1.00201
1.002
1.00201
1.002
1.00198
1.00199
1.00199
1.00197
1.00197
1.00198
1.00197
1.00196
1.00196
1.00196
1.00195
1.00194
1.00194
1.00194
1.00193
1.00193
1.00193
1.00193
1.00192
1.00192
1.00192
1.00192
1.00191
1.00191
1.00191
1.00191
1.00191
1.00191
1.00191
1.00191
1.00191
1.00191
1.00191
1.00191
1.00191
1.00192
1.00191
1.00191
1.00193
1.00193
1.00192
1.00193
1.00195
1.00195
1.00194
1.00197
1.00198
1.00195
1.00197
1.00199
1.00195
1.00194
1.0019
1.00181
1.00176
1.0017
1.00162
1.00143
1.00147
1.00133
1.00117
1.00125
1.00126
1.0011
1.00112
1.00122
1.00117
1.00111
1.00095
1.00097
1.00101
1.00096
1.00096
1.00097
1.00097
1.00095
1.00094
1.00094
1.00093
1.00092
1.00091
1.0009
1.00089
1.00088
1.00087
1.00086
1.00084
1.00083
1.00082
1.0008
1.00077
1.00077
1.00075
1.00069
1.0007
1.00068
1.00073
1.00075
1.00073
1.00073
1.00073
1.00072
1.00071
1.0007
1.00067
1.00065
1.00065
1.00066
1.00065
1.00064
1.00064
1.00066
1.00066
1.00064
1.00063
1.00063
1.00063
1.00061
1.0006
1.00059
1.00058
1.00055
1.00054
1.00054
1.00051
1.00053
1.00053
1.00052
1.00052
1.00052
1.00051
1.00051
1.0005
1.00049
1.00048
1.00047
1.00046
1.00045
1.00044
1.00042
1.00041
1.0004
1.00039
1.00036
1.00034
1.00034
1.00032
1.00031
1.0003
1.00029
1.00029
1.00031
1.0003
1.0003
1.00033
1.00034
1.00033
1.00034
1.00035
1.00036
1.00036
1.00036
1.00037
1.00037
1.00037
1.00037
1.00037
1.00037
1.00037
1.00037
1.00036
1.00036
1.00036
1.00036
1.00036
1.00035
1.00035
1.00035
1.00035
1.00034
1.00034
1.00034
1.00033
1.00033
1.00033
1.00032
1.00032
1.00032
1.00032
1.00031
1.00031
1.00031
1.0003
1.0003
1.0003
1.00029
1.00029
1.00029
1.00029
1.00028
1.00028
1.00028
1.00027
1.00027
1.00027
1.00027
1.00026
1.00026
1.00026
1.00025
1.00025
1.00025
1.00025
1.00024
1.00024
1.00024
1.00024
1.00023
1.00023
1.00023
1.00022
1.00022
1.00022
1.00022
1.00021
1.00021
1.00021
1.00021
1.0002
1.0002
1.0002
1.0002
1.00019
1.00019
1.00019
1.00019
1.00018
1.00018
1.00018
1.00018
1.00017
1.00017
1.00017
1.00017
1.00016
1.00016
1.00016
1.00016
1.00015
1.00015
1.00015
1.00015
1.00014
1.00014
1.00014
1.00014
1.00013
1.00013
1.00013
1.00013
1.00012
1.00012
1.00012
1.00012
1.00011
1.00011
1.00011
1.00011
1.00011
1.0001
1.0001
1.0001
1.0001
1.00009
1.00009
1.00009
1.00009
1.00009
1.00008
1.00008
1.00008
1.00008
1.00008
1.00008
1.00007
1.00045
1.00078
1.00203
1.00202
1.00202
1.00203
1.00202
1.00201
1.00202
1.00202
1.002
1.002
1.00201
1.002
1.00199
1.00199
1.002
1.00198
1.00197
1.00198
1.00197
1.00196
1.00196
1.00196
1.00195
1.00195
1.00195
1.00194
1.00194
1.00194
1.00194
1.00193
1.00193
1.00193
1.00192
1.00192
1.00192
1.00192
1.00191
1.00191
1.00191
1.00191
1.00191
1.00191
1.00191
1.00191
1.00191
1.00191
1.00191
1.00192
1.00192
1.00192
1.00193
1.00193
1.00193
1.00194
1.00195
1.00196
1.00196
1.00198
1.00198
1.00199
1.002
1.00201
1.00201
1.00204
1.00198
1.00187
1.00197
1.0019
1.00155
1.00156
1.00157
1.00141
1.00135
1.00128
1.00105
1.00111
1.00118
1.00115
1.0012
1.00123
1.00111
1.00095
1.00091
1.00098
1.00098
1.00095
1.00096
1.00096
1.00095
1.00094
1.00094
1.00093
1.00092
1.00091
1.0009
1.00089
1.00088
1.00087
1.00086
1.00084
1.00083
1.00082
1.0008
1.00078
1.00078
1.00075
1.00069
1.00064
1.00067
1.00072
1.00076
1.00074
1.00073
1.00073
1.00073
1.00071
1.00069
1.0007
1.00068
1.00062
1.00063
1.00061
1.00065
1.00067
1.00065
1.00065
1.00066
1.00065
1.00063
1.00063
1.00061
1.0006
1.00059
1.00058
1.00055
1.00053
1.00052
1.00053
1.00052
1.00051
1.00051
1.00053
1.00053
1.00051
1.00051
1.00051
1.0005
1.00048
1.00047
1.00046
1.00045
1.00044
1.00042
1.00041
1.0004
1.00038
1.00036
1.00035
1.00033
1.00031
1.0003
1.00027
1.00029
1.0003
1.00028
1.00029
1.00032
1.00032
1.00032
1.00033
1.00035
1.00035
1.00035
1.00036
1.00037
1.00037
1.00037
1.00037
1.00037
1.00037
1.00037
1.00037
1.00037
1.00037
1.00036
1.00036
1.00036
1.00036
1.00036
1.00035
1.00035
1.00035
1.00034
1.00034
1.00034
1.00034
1.00033
1.00033
1.00033
1.00032
1.00032
1.00032
1.00031
1.00031
1.00031
1.0003
1.0003
1.0003
1.0003
1.00029
1.00029
1.00029
1.00028
1.00028
1.00028
1.00027
1.00027
1.00027
1.00027
1.00026
1.00026
1.00026
1.00025
1.00025
1.00025
1.00025
1.00024
1.00024
1.00024
1.00024
1.00023
1.00023
1.00023
1.00022
1.00022
1.00022
1.00022
1.00021
1.00021
1.00021
1.00021
1.0002
1.0002
1.0002
1.0002
1.00019
1.00019
1.00019
1.00019
1.00018
1.00018
1.00018
1.00018
1.00017
1.00017
1.00017
1.00017
1.00016
1.00016
1.00016
1.00016
1.00015
1.00015
1.00015
1.00015
1.00014
1.00014
1.00014
1.00014
1.00013
1.00013
1.00013
1.00013
1.00012
1.00012
1.00012
1.00012
1.00011
1.00011
1.00011
1.00011
1.00011
1.0001
1.0001
1.0001
1.0001
1.00009
1.00009
1.00009
1.00009
1.00009
1.00008
1.00008
1.00008
1.00008
1.00008
1.00008
1.00007
1.00047
1.00078
1.00202
1.00202
1.00202
1.00202
1.00202
1.00201
1.00202
1.00201
1.00201
1.00201
1.002
1.00199
1.002
1.002
1.00198
1.00198
1.00198
1.00198
1.00197
1.00197
1.00197
1.00196
1.00195
1.00195
1.00195
1.00194
1.00194
1.00194
1.00193
1.00193
1.00193
1.00193
1.00192
1.00192
1.00192
1.00192
1.00192
1.00191
1.00191
1.00191
1.00191
1.00191
1.00191
1.00191
1.00191
1.00191
1.00192
1.00192
1.00192
1.00193
1.00194
1.00193
1.00194
1.00196
1.00196
1.00196
1.00198
1.00201
1.00199
1.002
1.00206
1.00206
1.00201
1.00207
1.00212
1.00203
1.00194
1.00179
1.00177
1.00161
1.0016
1.00129
1.0013
1.00131
1.00106
1.00097
1.00116
1.00117
1.00107
1.00124
1
1
1
1
1
1
1
1
1
1
1
1
1
1
1
1
1
1
1
1
1
1
1
1
1
1
1
1.00056
1.00079
1.00076
1.00072
1.00075
1.00076
1.00073
1.00072
1.00072
1.0007
1.0007
1.00068
1.00062
1.00058
1.0006
1.00065
1.00068
1.00066
1.00065
1.00066
1.00065
1.00063
1.00062
1.00062
1.00061
1.00059
1.00057
1.00057
1.00055
1.00049
1.00051
1.00049
1.00052
1.00054
1.00052
1.00052
1.00052
1.00052
1.0005
1.00049
1.00049
1.00047
1.00046
1.00045
1.00044
1.00042
1.00041
1.0004
1.00037
1.00037
1.00036
1.00031
1.00029
1.00029
1.00028
1.00027
1.00027
1.00025
1.0003
1.00031
1.0003
1.00032
1.00034
1.00034
1.00035
1.00036
1.00036
1.00036
1.00037
1.00037
1.00037
1.00037
1.00037
1.00037
1.00037
1.00037
1.00037
1.00037
1.00036
1.00036
1.00036
1.00036
1.00035
1.00035
1.00035
1.00035
1.00034
1.00034
1.00034
1.00033
1.00033
1.00033
1.00032
1.00032
1.00032
1.00031
1.00031
1.00031
1.0003
1.0003
1.0003
1.0003
1.00029
1.00029
1.00029
1.00028
1.00028
1.00028
1.00028
1.00027
1.00027
1.00027
1.00026
1.00026
1.00026
1.00026
1.00025
1.00025
1.00025
1.00024
1.00024
1.00024
1.00024
1.00023
1.00023
1.00023
1.00022
1.00022
1.00022
1.00022
1.00021
1.00021
1.00021
1.00021
1.0002
1.0002
1.0002
1.0002
1.00019
1.00019
1.00019
1.00019
1.00018
1.00018
1.00018
1.00018
1.00017
1.00017
1.00017
1.00017
1.00016
1.00016
1.00016
1.00016
1.00015
1.00015
1.00015
1.00015
1.00014
1.00014
1.00014
1.00014
1.00013
1.00013
1.00013
1.00013
1.00012
1.00012
1.00012
1.00012
1.00011
1.00011
1.00011
1.00011
1.00011
1.0001
1.0001
1.0001
1.0001
1.00009
1.00009
1.00009
1.00009
1.00009
1.00008
1.00008
1.00008
1.00008
1.00008
1.00008
1.00008
1.00048
1.00078
1.00202
1.00202
1.00202
1.00201
1.00202
1.00202
1.00201
1.002
1.00201
1.00201
1.00199
1.002
1.002
1.00199
1.00198
1.00199
1.00198
1.00197
1.00197
1.00197
1.00196
1.00196
1.00196
1.00195
1.00194
1.00195
1.00194
1.00194
1.00193
1.00193
1.00193
1.00192
1.00192
1.00192
1.00192
1.00192
1.00192
1.00192
1.00191
1.00191
1.00191
1.00191
1.00191
1.00192
1.00192
1.00192
1.00192
1.00192
1.00193
1.00193
1.00194
1.00195
1.00196
1.00196
1.00197
1.00199
1.00199
1.002
1.00203
1.00205
1.00205
1.00208
1.00213
1.00213
1.00213
1.0022
1.00202
1.00181
1.00211
1.00158
1.00123
1.00125
1.00142
1
1
1
1
1
1
1
1
1
1
1
1
1
1
1
1
1
1
1
1
1
1
1
1
1
1
1
1
1
1
1
1
1
1
1
1
1
1
1
1
1
1
1
1
1
1
1
1.0005
1.00071
1.00068
1.00064
1.00067
1.00068
1.00065
1.00064
1.00064
1.00063
1.00062
1.00061
1.00059
1.00057
1.00058
1.00055
1.0005
1.00046
1.00048
1.00052
1.00055
1.00053
1.00052
1.00052
1.00052
1.0005
1.0005
1.00049
1.00048
1.00046
1.00045
1.00044
1.00043
1.00041
1.0004
1.00039
1.00037
1.00034
1.00034
1.00032
1.00026
1.00026
1.00022
1.00025
1.0003
1.00029
1.00027
1.0003
1.00034
1.00034
1.00034
1.00035
1.00036
1.00037
1.00037
1.00037
1.00037
1.00037
1.00037
1.00037
1.00037
1.00037
1.00037
1.00037
1.00037
1.00036
1.00036
1.00036
1.00036
1.00035
1.00035
1.00035
1.00035
1.00034
1.00034
1.00034
1.00033
1.00033
1.00033
1.00032
1.00032
1.00032
1.00031
1.00031
1.00031
1.00031
1.0003
1.0003
1.0003
1.00029
1.00029
1.00029
1.00028
1.00028
1.00028
1.00028
1.00027
1.00027
1.00027
1.00026
1.00026
1.00026
1.00026
1.00025
1.00025
1.00025
1.00024
1.00024
1.00024
1.00024
1.00023
1.00023
1.00023
1.00023
1.00022
1.00022
1.00022
1.00021
1.00021
1.00021
1.00021
1.0002
1.0002
1.0002
1.0002
1.00019
1.00019
1.00019
1.00019
1.00018
1.00018
1.00018
1.00018
1.00017
1.00017
1.00017
1.00017
1.00016
1.00016
1.00016
1.00016
1.00015
1.00015
1.00015
1.00015
1.00014
1.00014
1.00014
1.00014
1.00013
1.00013
1.00013
1.00013
1.00012
1.00012
1.00012
1.00012
1.00011
1.00011
1.00011
1.00011
1.00011
1.0001
1.0001
1.0001
1.0001
1.0001
1.00009
1.00009
1.00009
1.00009
1.00009
1.00008
1.00008
1.00008
1.00008
1.00008
1.00008
1.00049
1.00078
1.00202
1.00202
1.00202
1.00202
1.00202
1.00201
1.00201
1.00201
1.00201
1.002
1.002
1.002
1.00199
1.00199
1.00199
1.00198
1.00198
1.00198
1.00197
1.00197
1.00196
1.00196
1.00196
1.00195
1.00195
1.00195
1.00194
1.00194
1.00194
1.00193
1.00193
1.00193
1.00193
1.00192
1.00192
1.00192
1.00192
1.00192
1.00192
1.00192
1.00192
1.00192
1.00192
1.00192
1.00192
1.00192
1.00192
1.00193
1.00194
1.00194
1.00194
1.00195
1.00196
1.00196
1.00198
1.002
1.002
1.00201
1.00206
1.00208
1.00206
1.00211
1.00221
1.00217
1.00213
1.00235
1.0024
1.00208
1.0015
1.00164
1
1
1
1
1
1
1
1
1
1
1
1
1
1
1
1
1
1
1
1
1
1
1
1
1
1
1
1
1
1
1
1
1
1
1
1
1
1
1
1
1
1
1
1
1
1
1
1
1
1
1
1
1
1
1
1
1
1
1
1
1
1
1
1
1
1
1
1.00039
1.00057
1.00055
1.00051
1.00053
1.00054
1.00052
1.00051
1.00051
1.0005
1.00049
1.00048
1.00047
1.00045
1.00044
1.00043
1.00041
1.0004
1.00039
1.00036
1.00035
1.00035
1.00032
1.00025
1.00021
1.00023
1.00024
1.00027
1.00024
1.00028
1.00033
1.00032
1.00032
1.00036
1.00036
1.00035
1.00036
1.00037
1.00037
1.00037
1.00038
1.00038
1.00037
1.00037
1.00037
1.00037
1.00037
1.00037
1.00037
1.00036
1.00036
1.00036
1.00036
1.00035
1.00035
1.00035
1.00034
1.00034
1.00034
1.00033
1.00033
1.00033
1.00032
1.00032
1.00032
1.00032
1.00031
1.00031
1.00031
1.0003
1.0003
1.0003
1.00029
1.00029
1.00029
1.00028
1.00028
1.00028
1.00028
1.00027
1.00027
1.00027
1.00026
1.00026
1.00026
1.00026
1.00025
1.00025
1.00025
1.00024
1.00024
1.00024
1.00024
1.00023
1.00023
1.00023
1.00023
1.00022
1.00022
1.00022
1.00021
1.00021
1.00021
1.00021
1.0002
1.0002
1.0002
1.0002
1.00019
1.00019
1.00019
1.00019
1.00018
1.00018
1.00018
1.00018
1.00017
1.00017
1.00017
1.00017
1.00016
1.00016
1.00016
1.00016
1.00015
1.00015
1.00015
1.00015
1.00014
1.00014
1.00014
1.00014
1.00013
1.00013
1.00013
1.00013
1.00012
1.00012
1.00012
1.00012
1.00011
1.00011
1.00011
1.00011
1.00011
1.0001
1.0001
1.0001
1.0001
1.0001
1.00009
1.00009
1.00009
1.00009
1.00009
1.00008
1.00008
1.00008
1.00008
1.00008
1.00008
1.0005
1.00078
1.00202
1.00201
1.00201
1.00202
1.00201
1.00201
1.00201
1.00201
1.002
1.002
1.00201
1.002
1.00199
1.00199
1.00199
1.00198
1.00198
1.00198
1.00197
1.00196
1.00197
1.00196
1.00195
1.00195
1.00195
1.00194
1.00194
1.00194
1.00194
1.00193
1.00193
1.00193
1.00193
1.00192
1.00192
1.00192
1.00192
1.00192
1.00192
1.00192
1.00192
1.00192
1.00192
1.00192
1.00192
1.00192
1.00193
1.00193
1.00193
1.00194
1.00195
1.00195
1.00196
1.00198
1.00199
1.00199
1.00202
1.00205
1.00204
1.00206
1.00214
1.00215
1.00213
1.00225
1.00238
1.00229
1.00232
1.00277
1
1
1
1
1
1
1
1
1
1
1
1
1
1
1
1
1
1
1
1
1
1
1
1
1
1
1
1
1
1
1
1
1
1
1
1
1
1
1
1
1
1
1
1
1
1
1
1
1
1
1
1
1
1
1
1
1
1
1
1
1
1
1
1
1
1
1
1
1
1
1
1
1
1
1
1
1
1
1
1
1
1
1
1
1
1
1
1
1
1
1
1
1
1.00015
1.00035
1.00029
1.00017
1.00022
1.00029
1.00032
1.00032
1.00034
1.00035
1.00035
1.00036
1.00037
1.00037
1.00037
1.00037
1.00038
1.00038
1.00037
1.00038
1.00037
1.00037
1.00037
1.00037
1.00037
1.00036
1.00036
1.00036
1.00036
1.00035
1.00035
1.00035
1.00034
1.00034
1.00034
1.00033
1.00033
1.00033
1.00033
1.00032
1.00032
1.00032
1.00031
1.00031
1.00031
1.0003
1.0003
1.0003
1.00029
1.00029
1.00029
1.00028
1.00028
1.00028
1.00028
1.00027
1.00027
1.00027
1.00026
1.00026
1.00026
1.00026
1.00025
1.00025
1.00025
1.00024
1.00024
1.00024
1.00024
1.00023
1.00023
1.00023
1.00023
1.00022
1.00022
1.00022
1.00021
1.00021
1.00021
1.00021
1.0002
1.0002
1.0002
1.0002
1.00019
1.00019
1.00019
1.00019
1.00018
1.00018
1.00018
1.00018
1.00017
1.00017
1.00017
1.00017
1.00016
1.00016
1.00016
1.00016
1.00015
1.00015
1.00015
1.00015
1.00014
1.00014
1.00014
1.00014
1.00013
1.00013
1.00013
1.00013
1.00012
1.00012
1.00012
1.00012
1.00011
1.00011
1.00011
1.00011
1.00011
1.0001
1.0001
1.0001
1.0001
1.0001
1.00009
1.00009
1.00009
1.00009
1.00009
1.00008
1.00008
1.00008
1.00008
1.00008
1.00008
1.00051
1.00078
1.00201
1.00202
1.00202
1.00201
1.00201
1.00201
1.00201
1.002
1.00201
1.002
1.002
1.00199
1.002
1.00199
1.00198
1.00198
1.00198
1.00197
1.00197
1.00197
1.00196
1.00196
1.00196
1.00195
1.00195
1.00195
1.00194
1.00194
1.00194
1.00193
1.00193
1.00193
1.00193
1.00193
1.00192
1.00192
1.00192
1.00192
1.00192
1.00192
1.00192
1.00192
1.00192
1.00192
1.00192
1.00192
1.00193
1.00193
1.00193
1.00194
1.00195
1.00195
1.00196
1.00198
1.00199
1.00199
1.00202
1.00205
1.00205
1.00208
1.00214
1.00216
1.00216
1.00227
1.00238
1.00235
1.00253
1.00289
1
1
1
1
1
1
1
1
1
1
1
1
1
1
1
1
1
1
1
1
1
1
1
1
1
1
1
1
1
1
1
1
1
1
1
1
1
1
1
1
1
1
1
1
1
1
1
1
1
1
1
1
1
1
1
1
1
1
1
1
1
1
1
1
1
1
1
1
1
1
1
1
1
1
1
1
1
1
1
1
1
1
1
1
1
1
1
1
1
1
1
1
1
1
1
1
1.00013
1.00032
1.00029
1.00027
1.00033
1.00036
1.00034
1.00035
1.00037
1.00037
1.00036
1.00037
1.00038
1.00037
1.00037
1.00038
1.00038
1.00037
1.00037
1.00037
1.00037
1.00037
1.00036
1.00036
1.00036
1.00036
1.00035
1.00035
1.00035
1.00034
1.00034
1.00034
1.00033
1.00033
1.00033
1.00033
1.00032
1.00032
1.00032
1.00031
1.00031
1.00031
1.0003
1.0003
1.0003
1.00029
1.00029
1.00029
1.00028
1.00028
1.00028
1.00028
1.00027
1.00027
1.00027
1.00026
1.00026
1.00026
1.00026
1.00025
1.00025
1.00025
1.00024
1.00024
1.00024
1.00024
1.00023
1.00023
1.00023
1.00023
1.00022
1.00022
1.00022
1.00021
1.00021
1.00021
1.00021
1.0002
1.0002
1.0002
1.0002
1.00019
1.00019
1.00019
1.00019
1.00018
1.00018
1.00018
1.00018
1.00017
1.00017
1.00017
1.00017
1.00016
1.00016
1.00016
1.00016
1.00015
1.00015
1.00015
1.00015
1.00014
1.00014
1.00014
1.00014
1.00013
1.00013
1.00013
1.00013
1.00012
1.00012
1.00012
1.00012
1.00011
1.00011
1.00011
1.00011
1.00011
1.0001
1.0001
1.0001
1.0001
1.0001
1.00009
1.00009
1.00009
1.00009
1.00009
1.00008
1.00008
1.00008
1.00008
1.00008
1.00008
1.00051
1.00078
1.00201
1.00202
1.00202
1.00201
1.00201
1.00201
1.00201
1.002
1.00201
1.002
1.00199
1.002
1.002
1.00199
1.00198
1.00199
1.00198
1.00197
1.00197
1.00197
1.00196
1.00196
1.00196
1.00195
1.00195
1.00195
1.00195
1.00194
1.00194
1.00194
1.00193
1.00193
1.00193
1.00193
1.00192
1.00192
1.00192
1.00192
1.00192
1.00192
1.00192
1.00192
1.00192
1.00192
1.00192
1.00193
1.00193
1.00193
1.00194
1.00194
1.00194
1.00196
1.00197
1.00197
1.00199
1.00202
1.00202
1.00202
1.00208
1.00211
1.00209
1.00214
1.00226
1.00226
1.00224
1.00244
1.0026
1.00249
1.0023
1
1
1
1
1
1
1
1
1
1
1
1
1
1
1
1
1
1
1
1
1
1
1
1
1
1
1
1
1
1
1
1
1
1
1
1
1
1
1
1
1
1
1
1
1
1
1
1
1
1
1
1
1
1
1
1
1
1
1
1
1
1
1
1
1
1
1
1
1
1
1
1
1
1
1
1
1
1
1
1
1
1
1
1
1
1
1
1
1
1
1.00021
1.00031
1.00031
1.0003
1.00029
1.00022
1.00022
1.00027
1.00032
1.00033
1.00033
1.00034
1.00036
1.00036
1.00036
1.00037
1.00037
1.00037
1.00037
1.00038
1.00038
1.00037
1.00037
1.00037
1.00037
1.00037
1.00037
1.00036
1.00036
1.00036
1.00036
1.00035
1.00035
1.00035
1.00034
1.00034
1.00034
1.00033
1.00033
1.00033
1.00033
1.00032
1.00032
1.00032
1.00031
1.00031
1.00031
1.0003
1.0003
1.0003
1.00029
1.00029
1.00029
1.00028
1.00028
1.00028
1.00028
1.00027
1.00027
1.00027
1.00026
1.00026
1.00026
1.00026
1.00025
1.00025
1.00025
1.00024
1.00024
1.00024
1.00024
1.00023
1.00023
1.00023
1.00023
1.00022
1.00022
1.00022
1.00022
1.00021
1.00021
1.00021
1.0002
1.0002
1.0002
1.0002
1.00019
1.00019
1.00019
1.00019
1.00018
1.00018
1.00018
1.00018
1.00017
1.00017
1.00017
1.00017
1.00016
1.00016
1.00016
1.00016
1.00015
1.00015
1.00015
1.00015
1.00014
1.00014
1.00014
1.00014
1.00013
1.00013
1.00013
1.00013
1.00012
1.00012
1.00012
1.00012
1.00011
1.00011
1.00011
1.00011
1.00011
1.0001
1.0001
1.0001
1.0001
1.0001
1.00009
1.00009
1.00009
1.00009
1.00009
1.00008
1.00008
1.00008
1.00008
1.00008
1.00008
1.00052
1.00078
1.00202
1.00201
1.00201
1.00201
1.00201
1.00201
1.00201
1.00201
1.002
1.002
1.002
1.002
1.00199
1.00199
1.00199
1.00198
1.00198
1.00198
1.00197
1.00196
1.00197
1.00196
1.00195
1.00195
1.00195
1.00195
1.00194
1.00194
1.00194
1.00193
1.00193
1.00193
1.00193
1.00192
1.00192
1.00192
1.00192
1.00192
1.00192
1.00192
1.00192
1.00192
1.00192
1.00192
1.00192
1.00193
1.00193
1.00193
1.00194
1.00194
1.00195
1.00196
1.00197
1.00197
1.00199
1.00201
1.00202
1.00203
1.00206
1.00209
1.00211
1.00215
1.0022
1.00222
1.00229
1.00241
1.00234
1.00227
1.00241
1.00219
1
1
1
1
1
1
1
1
1
1
1
1
1
1
1
1
1
1
1
1
1
1
1
1
1
1
1
1
1
1
1
1
1
1
1
1
1
1
1
1
1
1
1
1
1
1
1
1
1
1
1
1
1
1
1
1
1
1
1
1
1
1
1
1
1
1
1
1
1
1
1
1
1
1
1
1
1
1
1
1
1
1
1
1
1.00019
1.00031
1.00031
1.00028
1.00027
1.00025
1.00025
1.00028
1.0003
1.00027
1.00026
1.00024
1.0003
1.00033
1.00031
1.00032
1.00036
1.00036
1.00035
1.00036
1.00037
1.00037
1.00037
1.00038
1.00038
1.00037
1.00037
1.00037
1.00037
1.00037
1.00037
1.00037
1.00036
1.00036
1.00036
1.00036
1.00035
1.00035
1.00035
1.00034
1.00034
1.00034
1.00033
1.00033
1.00033
1.00033
1.00032
1.00032
1.00032
1.00031
1.00031
1.00031
1.0003
1.0003
1.0003
1.00029
1.00029
1.00029
1.00028
1.00028
1.00028
1.00028
1.00027
1.00027
1.00027
1.00026
1.00026
1.00026
1.00026
1.00025
1.00025
1.00025
1.00024
1.00024
1.00024
1.00024
1.00023
1.00023
1.00023
1.00023
1.00022
1.00022
1.00022
1.00022
1.00021
1.00021
1.00021
1.0002
1.0002
1.0002
1.0002
1.00019
1.00019
1.00019
1.00019
1.00018
1.00018
1.00018
1.00018
1.00017
1.00017
1.00017
1.00017
1.00016
1.00016
1.00016
1.00016
1.00015
1.00015
1.00015
1.00015
1.00014
1.00014
1.00014
1.00014
1.00013
1.00013
1.00013
1.00013
1.00012
1.00012
1.00012
1.00012
1.00011
1.00011
1.00011
1.00011
1.00011
1.0001
1.0001
1.0001
1.0001
1.0001
1.00009
1.00009
1.00009
1.00009
1.00009
1.00008
1.00008
1.00008
1.00008
1.00008
1.00008
1.00052
1.00078
1.00202
1.00201
1.00201
1.00201
1.00201
1.00201
1.00201
1.00201
1.002
1.002
1.002
1.002
1.00199
1.00199
1.00199
1.00198
1.00198
1.00198
1.00197
1.00196
1.00197
1.00196
1.00195
1.00195
1.00195
1.00195
1.00194
1.00194
1.00194
1.00193
1.00193
1.00193
1.00193
1.00192
1.00192
1.00192
1.00192
1.00192
1.00192
1.00192
1.00192
1.00192
1.00192
1.00192
1.00192
1.00192
1.00193
1.00193
1.00193
1.00194
1.00195
1.00195
1.00196
1.00198
1.00199
1.00199
1.00202
1.00205
1.00204
1.00206
1.00213
1.00215
1.00213
1.0022
1.00229
1.00227
1.0022
1.00221
1.00229
1.00212
1.00164
1.0017
1
1
1
1
1
1
1
1
1
1
1
1
1
1
1
1
1
1
1
1
1
1
1
1
1
1
1
1
1
1
1
1
1
1
1
1
1
1
1
1
1
1
1
1
1
1
1
1
1
1
1
1
1
1
1
1
1
1
1
1
1
1
1
1
1
1
1
1
1
1
1
1
1
1
1
1
1
1.00017
1.0003
1.0003
1.00027
1.00026
1.00024
1.00024
1.00028
1.0003
1.00026
1.00026
1.00026
1.00028
1.00027
1.00026
1.00029
1.0003
1.00029
1.00029
1.00033
1.00035
1.00034
1.00034
1.00036
1.00037
1.00036
1.00037
1.00038
1.00037
1.00037
1.00037
1.00037
1.00037
1.00037
1.00037
1.00037
1.00036
1.00036
1.00036
1.00036
1.00035
1.00035
1.00035
1.00035
1.00034
1.00034
1.00034
1.00033
1.00033
1.00033
1.00032
1.00032
1.00032
1.00032
1.00031
1.00031
1.00031
1.0003
1.0003
1.0003
1.00029
1.00029
1.00029
1.00028
1.00028
1.00028
1.00028
1.00027
1.00027
1.00027
1.00026
1.00026
1.00026
1.00026
1.00025
1.00025
1.00025
1.00024
1.00024
1.00024
1.00024
1.00023
1.00023
1.00023
1.00023
1.00022
1.00022
1.00022
1.00022
1.00021
1.00021
1.00021
1.0002
1.0002
1.0002
1.0002
1.00019
1.00019
1.00019
1.00019
1.00018
1.00018
1.00018
1.00018
1.00017
1.00017
1.00017
1.00017
1.00016
1.00016
1.00016
1.00016
1.00015
1.00015
1.00015
1.00015
1.00014
1.00014
1.00014
1.00014
1.00013
1.00013
1.00013
1.00013
1.00012
1.00012
1.00012
1.00012
1.00011
1.00011
1.00011
1.00011
1.00011
1.0001
1.0001
1.0001
1.0001
1.0001
1.00009
1.00009
1.00009
1.00009
1.00009
1.00008
1.00008
1.00008
1.00008
1.00008
1.00008
1.00053
1.00078
1.00201
1.00202
1.00202
1.00201
1.00201
1.00201
1.00201
1.002
1.00201
1.002
1.00199
1.002
1.002
1.00199
1.00198
1.00199
1.00198
1.00197
1.00197
1.00197
1.00196
1.00196
1.00196
1.00195
1.00195
1.00195
1.00194
1.00194
1.00194
1.00194
1.00193
1.00193
1.00193
1.00193
1.00192
1.00192
1.00192
1.00192
1.00192
1.00192
1.00192
1.00192
1.00192
1.00192
1.00192
1.00192
1.00193
1.00193
1.00193
1.00194
1.00195
1.00195
1.00196
1.00197
1.00198
1.00199
1.00201
1.00202
1.00204
1.00207
1.00208
1.00209
1.00214
1.00219
1.00215
1.00214
1.00226
1.00219
1.00187
1.00199
1.00215
1.00161
1.00142
1.00174
1
1
1
1
1
1
1
1
1
1
1
1
1
1
1
1
1
1
1
1
1
1
1
1
1
1
1
1
1
1
1
1
1
1
1
1
1
1
1
1
1
1
1
1
1
1
1
1
1
1
1
1
1
1
1
1
1
1
1
1
1
1
1
1
1
1
1
1
1
1
1.00016
1.00031
1.0003
1.00026
1.00025
1.00023
1.00022
1.00027
1.00029
1.00024
1.00025
1.00026
1.00027
1.00027
1.00027
1.00028
1.00028
1.00027
1.00027
1.00028
1.00028
1.00029
1.0003
1.00031
1.00033
1.00033
1.00033
1.00035
1.00036
1.00036
1.00036
1.00037
1.00037
1.00037
1.00037
1.00037
1.00037
1.00037
1.00037
1.00037
1.00037
1.00036
1.00036
1.00036
1.00036
1.00035
1.00035
1.00035
1.00035
1.00034
1.00034
1.00034
1.00033
1.00033
1.00033
1.00032
1.00032
1.00032
1.00031
1.00031
1.00031
1.00031
1.0003
1.0003
1.0003
1.00029
1.00029
1.00029
1.00028
1.00028
1.00028
1.00028
1.00027
1.00027
1.00027
1.00026
1.00026
1.00026
1.00026
1.00025
1.00025
1.00025
1.00024
1.00024
1.00024
1.00024
1.00023
1.00023
1.00023
1.00023
1.00022
1.00022
1.00022
1.00022
1.00021
1.00021
1.00021
1.0002
1.0002
1.0002
1.0002
1.00019
1.00019
1.00019
1.00019
1.00018
1.00018
1.00018
1.00018
1.00017
1.00017
1.00017
1.00017
1.00016
1.00016
1.00016
1.00016
1.00015
1.00015
1.00015
1.00015
1.00014
1.00014
1.00014
1.00014
1.00013
1.00013
1.00013
1.00013
1.00012
1.00012
1.00012
1.00012
1.00011
1.00011
1.00011
1.00011
1.00011
1.0001
1.0001
1.0001
1.0001
1.00009
1.00009
1.00009
1.00009
1.00009
1.00009
1.00008
1.00008
1.00008
1.00008
1.00008
1.00008
1.00053
1.00078
1.00201
1.00202
1.00202
1.00201
1.00201
1.00201
1.00201
1.002
1.00201
1.002
1.002
1.00199
1.002
1.00199
1.00198
1.00198
1.00198
1.00197
1.00197
1.00197
1.00196
1.00196
1.00196
1.00195
1.00195
1.00195
1.00194
1.00194
1.00194
1.00193
1.00193
1.00193
1.00193
1.00192
1.00192
1.00192
1.00192
1.00192
1.00192
1.00192
1.00192
1.00192
1.00192
1.00192
1.00192
1.00192
1.00192
1.00193
1.00193
1.00194
1.00194
1.00195
1.00196
1.00196
1.00197
1.00199
1.002
1.002
1.00203
1.00206
1.00205
1.00207
1.00211
1.00212
1.00212
1.00211
1.00209
1.00211
1.00201
1.00181
1.00179
1.00183
1.00184
1.00145
1.00131
1.00159
1
1
1
1
1
1
1
1
1
1
1
1
1
1
1
1
1
1
1
1
1
1
1
1
1
1
1
1
1
1
1
1
1
1
1
1
1
1
1
1
1
1
1
1
1
1
1
1
1
1
1
1
1
1
1
1
1
1
1
1
1
1.00017
1.00032
1.0003
1.00027
1.0003
1.0003
1.00024
1.0002
1.00022
1.00027
1.00029
1.00023
1.00025
1.00025
1.00026
1.00027
1.00026
1.00027
1.00027
1.00026
1.00026
1.00028
1.00028
1.00027
1.00027
1.00028
1.00029
1.00028
1.00029
1.00031
1.00032
1.00032
1.00032
1.00035
1.00035
1.00035
1.00036
1.00037
1.00037
1.00036
1.00037
1.00037
1.00037
1.00037
1.00037
1.00037
1.00036
1.00036
1.00036
1.00036
1.00036
1.00036
1.00035
1.00035
1.00035
1.00034
1.00034
1.00034
1.00034
1.00033
1.00033
1.00033
1.00032
1.00032
1.00032
1.00031
1.00031
1.00031
1.0003
1.0003
1.0003
1.0003
1.00029
1.00029
1.00029
1.00028
1.00028
1.00028
1.00028
1.00027
1.00027
1.00027
1.00026
1.00026
1.00026
1.00026
1.00025
1.00025
1.00025
1.00024
1.00024
1.00024
1.00024
1.00023
1.00023
1.00023
1.00023
1.00022
1.00022
1.00022
1.00022
1.00021
1.00021
1.00021
1.0002
1.0002
1.0002
1.0002
1.00019
1.00019
1.00019
1.00019
1.00018
1.00018
1.00018
1.00018
1.00017
1.00017
1.00017
1.00017
1.00016
1.00016
1.00016
1.00016
1.00015
1.00015
1.00015
1.00015
1.00014
1.00014
1.00014
1.00014
1.00013
1.00013
1.00013
1.00013
1.00012
1.00012
1.00012
1.00012
1.00011
1.00011
1.00011
1.00011
1.00011
1.0001
1.0001
1.0001
1.0001
1.00009
1.00009
1.00009
1.00009
1.00009
1.00008
1.00008
1.00008
1.00008
1.00008
1.00008
1.00008
1.00053
1.00078
1.00202
1.00201
1.00201
1.00202
1.00201
1.00201
1.00201
1.00201
1.002
1.002
1.00201
1.00199
1.00199
1.00199
1.00199
1.00198
1.00198
1.00198
1.00197
1.00196
1.00197
1.00196
1.00195
1.00195
1.00195
1.00194
1.00194
1.00194
1.00194
1.00193
1.00193
1.00193
1.00192
1.00192
1.00192
1.00192
1.00192
1.00192
1.00192
1.00192
1.00191
1.00191
1.00192
1.00192
1.00192
1.00192
1.00192
1.00192
1.00193
1.00193
1.00194
1.00194
1.00195
1.00196
1.00197
1.00197
1.00198
1.002
1.00201
1.00201
1.00204
1.00207
1.00205
1.00203
1.00209
1.00212
1.00196
1.00192
1.00206
1.0019
1.00166
1.00172
1.00169
1.00155
1.00164
1.00139
1.00119
1.00111
1.00124
1
1
1
1
1
1
1
1
1
1
1
1
1
1
1
1
1
1
1
1
1
1
1
1
1
1
1
1
1
1
1
1
1
1
1
1
1
1
1
1
1
1
1
1
1
1
1
1
1
1
1
1
1.00016
1.00032
1.0003
1.00029
1.00029
1.00026
1.00021
1.00024
1.00028
1.00029
1.00029
1.00028
1.00023
1.00025
1.00023
1.00025
1.00026
1.00025
1.00026
1.00027
1.00025
1.00025
1.00027
1.00026
1.00026
1.00027
1.00027
1.00028
1.00027
1.00028
1.00029
1.00028
1.00028
1.00029
1.0003
1.0003
1.00031
1.00032
1.00033
1.00034
1.00034
1.00035
1.00036
1.00036
1.00036
1.00037
1.00037
1.00037
1.00037
1.00037
1.00037
1.00036
1.00036
1.00036
1.00036
1.00036
1.00036
1.00035
1.00035
1.00035
1.00035
1.00034
1.00034
1.00034
1.00033
1.00033
1.00033
1.00033
1.00032
1.00032
1.00032
1.00031
1.00031
1.00031
1.0003
1.0003
1.0003
1.0003
1.00029
1.00029
1.00029
1.00028
1.00028
1.00028
1.00028
1.00027
1.00027
1.00027
1.00026
1.00026
1.00026
1.00026
1.00025
1.00025
1.00025
1.00024
1.00024
1.00024
1.00024
1.00023
1.00023
1.00023
1.00023
1.00022
1.00022
1.00022
1.00022
1.00021
1.00021
1.00021
1.0002
1.0002
1.0002
1.0002
1.00019
1.00019
1.00019
1.00019
1.00018
1.00018
1.00018
1.00018
1.00017
1.00017
1.00017
1.00017
1.00016
1.00016
1.00016
1.00016
1.00015
1.00015
1.00015
1.00015
1.00014
1.00014
1.00014
1.00014
1.00013
1.00013
1.00013
1.00013
1.00012
1.00012
1.00012
1.00012
1.00011
1.00011
1.00011
1.00011
1.00011
1.0001
1.0001
1.0001
1.0001
1.00009
1.00009
1.00009
1.00009
1.00009
1.00008
1.00008
1.00008
1.00008
1.00008
1.00008
1.00007
1.00052
1.00078
1.00202
1.00202
1.00202
1.00202
1.00202
1.00201
1.00201
1.00201
1.00201
1.002
1.002
1.002
1.00199
1.00199
1.00199
1.00198
1.00197
1.00198
1.00197
1.00196
1.00196
1.00196
1.00196
1.00195
1.00195
1.00195
1.00194
1.00194
1.00194
1.00193
1.00193
1.00193
1.00192
1.00192
1.00192
1.00192
1.00192
1.00191
1.00191
1.00191
1.00191
1.00191
1.00191
1.00192
1.00191
1.00191
1.00192
1.00192
1.00192
1.00193
1.00193
1.00194
1.00194
1.00195
1.00196
1.00196
1.00197
1.00199
1.00199
1.002
1.00201
1.00201
1.00203
1.00204
1.00199
1.002
1.00203
1.00193
1.00183
1.00185
1.00183
1.00169
1.00153
1.00158
1.00151
1.00134
1.00142
1.00119
1.00117
1.0012
1.00096
1.00082
1.00117
1
1
1
1
1
1
1
1
1
1
1
1
1
1
1
1
1
1
1
1
1
1
1
1
1
1
1
1
1
1
1
1
1
1
1
1
1
1
1
1
1
1.00015
1.00035
1.00032
1.00028
1.00032
1.00031
1.00024
1.00021
1.00023
1.00027
1.0003
1.00029
1.00024
1.00025
1.00024
1.00027
1.00029
1.00026
1.00025
1.00026
1.00027
1.00026
1.00024
1.00025
1.00027
1.00025
1.00025
1.00026
1.00026
1.00027
1.00026
1.00027
1.00027
1.00028
1.00027
1.00027
1.00028
1.00028
1.00028
1.00028
1.0003
1.0003
1.0003
1.00031
1.00033
1.00033
1.00033
1.00034
1.00035
1.00035
1.00035
1.00036
1.00036
1.00036
1.00036
1.00037
1.00036
1.00036
1.00036
1.00036
1.00036
1.00036
1.00036
1.00035
1.00035
1.00035
1.00035
1.00034
1.00034
1.00034
1.00034
1.00033
1.00033
1.00033
1.00032
1.00032
1.00032
1.00031
1.00031
1.00031
1.00031
1.0003
1.0003
1.0003
1.00029
1.00029
1.00029
1.00029
1.00028
1.00028
1.00028
1.00027
1.00027
1.00027
1.00027
1.00026
1.00026
1.00026
1.00026
1.00025
1.00025
1.00025
1.00024
1.00024
1.00024
1.00024
1.00023
1.00023
1.00023
1.00023
1.00022
1.00022
1.00022
1.00022
1.00021
1.00021
1.00021
1.0002
1.0002
1.0002
1.0002
1.00019
1.00019
1.00019
1.00019
1.00018
1.00018
1.00018
1.00018
1.00017
1.00017
1.00017
1.00017
1.00016
1.00016
1.00016
1.00016
1.00015
1.00015
1.00015
1.00015
1.00014
1.00014
1.00014
1.00014
1.00013
1.00013
1.00013
1.00013
1.00012
1.00012
1.00012
1.00012
1.00011
1.00011
1.00011
1.00011
1.00011
1.0001
1.0001
1.0001
1.0001
1.00009
1.00009
1.00009
1.00009
1.00009
1.00008
1.00008
1.00008
1.00008
1.00008
1.00008
1.00007
1.00052
1.00078
1.00202
1.00202
1.00202
1.00201
1.00201
1.00202
1.00201
1.002
1.00201
1.00201
1.00199
1.002
1.002
1.00199
1.00198
1.00199
1.00198
1.00197
1.00197
1.00197
1.00196
1.00196
1.00196
1.00195
1.00194
1.00194
1.00194
1.00194
1.00193
1.00193
1.00193
1.00192
1.00192
1.00192
1.00192
1.00192
1.00192
1.00191
1.00191
1.00191
1.00191
1.00191
1.00191
1.00191
1.00191
1.00191
1.00191
1.00192
1.00192
1.00192
1.00192
1.00193
1.00194
1.00194
1.00194
1.00196
1.00196
1.00196
1.00197
1.00199
1.00199
1.00197
1.00198
1.00202
1.00197
1.00191
1.00196
1.00195
1.0018
1.00178
1.00178
1.00165
1.0016
1.00158
1.00142
1.00135
1.00131
1.00127
1.00125
1.00113
1.00094
1.0011
1.00115
1.00091
1.00077
1.00081
1.00085
1.00078
1.00098
1
1
1
1
1
1
1
1
1
1
1
1
1
1
1
1
1
1
1
1
1
1
1
1
1
1.00019
1.00041
1.00038
1.00035
1.00037
1.00037
1.00034
1.00035
1.00033
1.00025
1.00021
1.00025
1.00029
1.0003
1.0003
1.00029
1.00024
1.00025
1.00024
1.00028
1.00028
1.00025
1.00026
1.00028
1.00027
1.00026
1.00026
1.00027
1.00027
1.00026
1.00024
1.00026
1.00026
1.00025
1.00026
1.00026
1.00026
1.00027
1.00027
1.00026
1.00027
1.00028
1.00027
1.00027
1.00028
1.00028
1.00028
1.00028
1.00029
1.0003
1.00029
1.0003
1.00031
1.00032
1.00032
1.00033
1.00034
1.00034
1.00034
1.00035
1.00036
1.00036
1.00036
1.00036
1.00036
1.00036
1.00036
1.00036
1.00036
1.00036
1.00036
1.00036
1.00035
1.00035
1.00035
1.00035
1.00034
1.00034
1.00034
1.00034
1.00033
1.00033
1.00033
1.00033
1.00032
1.00032
1.00032
1.00031
1.00031
1.00031
1.00031
1.0003
1.0003
1.0003
1.00029
1.00029
1.00029
1.00029
1.00028
1.00028
1.00028
1.00027
1.00027
1.00027
1.00027
1.00026
1.00026
1.00026
1.00025
1.00025
1.00025
1.00025
1.00024
1.00024
1.00024
1.00024
1.00023
1.00023
1.00023
1.00023
1.00022
1.00022
1.00022
1.00022
1.00021
1.00021
1.00021
1.0002
1.0002
1.0002
1.0002
1.00019
1.00019
1.00019
1.00019
1.00018
1.00018
1.00018
1.00018
1.00017
1.00017
1.00017
1.00017
1.00016
1.00016
1.00016
1.00016
1.00015
1.00015
1.00015
1.00015
1.00014
1.00014
1.00014
1.00014
1.00013
1.00013
1.00013
1.00013
1.00012
1.00012
1.00012
1.00012
1.00011
1.00011
1.00011
1.00011
1.00011
1.0001
1.0001
1.0001
1.0001
1.00009
1.00009
1.00009
1.00009
1.00009
1.00008
1.00008
1.00008
1.00008
1.00008
1.00007
1.00007
1.00052
1.00078
1.00202
1.00202
1.00202
1.00202
1.00202
1.00201
1.00202
1.00201
1.002
1.00201
1.002
1.00199
1.00199
1.002
1.00198
1.00198
1.00198
1.00198
1.00197
1.00197
1.00197
1.00196
1.00195
1.00195
1.00195
1.00194
1.00194
1.00194
1.00193
1.00193
1.00193
1.00193
1.00192
1.00192
1.00192
1.00192
1.00191
1.00191
1.00191
1.00191
1.00191
1.00191
1.00191
1.00191
1.00191
1.00191
1.00191
1.00191
1.00191
1.00192
1.00192
1.00192
1.00193
1.00193
1.00193
1.00194
1.00194
1.00195
1.00196
1.00195
1.00196
1.00198
1.00195
1.00192
1.00196
1.00194
1.00185
1.00185
1.00187
1.00177
1.00167
1.00166
1.00163
1.00148
1.00145
1.00144
1.00127
1.00128
1.00118
1.00106
1.00113
1.00113
1.00097
1.00098
1.00085
1.0008
1.00089
1.00094
1.00091
1.00077
1.00063
1.00058
1.00064
1.00064
1.00061
1.00061
1.00061
1.0006
1.00059
1.00058
1.00057
1.00056
1.00055
1.00053
1.00052
1.00051
1.00049
1.00048
1.00046
1.00043
1.00041
1.00042
1.00037
1.0003
1.00025
1.00029
1.00035
1.00038
1.00036
1.00035
1.00034
1.00034
1.00032
1.00025
1.00027
1.00025
1.00029
1.00031
1.00027
1.00026
1.00027
1.00028
1.00026
1.00026
1.00026
1.00027
1.00028
1.00025
1.00027
1.00027
1.00026
1.00027
1.00027
1.00026
1.00026
1.00026
1.00027
1.00026
1.00025
1.00026
1.00027
1.00026
1.00026
1.00027
1.00027
1.00027
1.00027
1.00028
1.00028
1.00028
1.00028
1.00029
1.00029
1.0003
1.0003
1.0003
1.00031
1.00032
1.00032
1.00033
1.00034
1.00034
1.00034
1.00035
1.00035
1.00035
1.00035
1.00036
1.00036
1.00035
1.00036
1.00036
1.00035
1.00035
1.00035
1.00035
1.00035
1.00035
1.00035
1.00034
1.00034
1.00034
1.00034
1.00033
1.00033
1.00033
1.00033
1.00032
1.00032
1.00032
1.00031
1.00031
1.00031
1.00031
1.0003
1.0003
1.0003
1.0003
1.00029
1.00029
1.00029
1.00028
1.00028
1.00028
1.00028
1.00027
1.00027
1.00027
1.00027
1.00026
1.00026
1.00026
1.00025
1.00025
1.00025
1.00025
1.00024
1.00024
1.00024
1.00024
1.00023
1.00023
1.00023
1.00023
1.00022
1.00022
1.00022
1.00022
1.00021
1.00021
1.00021
1.0002
1.0002
1.0002
1.0002
1.00019
1.00019
1.00019
1.00019
1.00018
1.00018
1.00018
1.00018
1.00017
1.00017
1.00017
1.00017
1.00016
1.00016
1.00016
1.00016
1.00015
1.00015
1.00015
1.00015
1.00014
1.00014
1.00014
1.00014
1.00013
1.00013
1.00013
1.00013
1.00012
1.00012
1.00012
1.00012
1.00011
1.00011
1.00011
1.00011
1.00011
1.0001
1.0001
1.0001
1.0001
1.00009
1.00009
1.00009
1.00009
1.00009
1.00008
1.00008
1.00008
1.00008
1.00008
1.00007
1.00007
1.00051
1.00078
1.00203
1.00202
1.00202
1.00203
1.00202
1.00201
1.00202
1.00202
1.002
1.002
1.00201
1.002
1.00198
1.00199
1.002
1.00198
1.00197
1.00198
1.00197
1.00196
1.00196
1.00196
1.00195
1.00195
1.00195
1.00194
1.00193
1.00194
1.00193
1.00193
1.00192
1.00192
1.00192
1.00192
1.00191
1.00191
1.00191
1.00191
1.00191
1.00191
1.00191
1.0019
1.0019
1.0019
1.0019
1.0019
1.00191
1.00191
1.00191
1.00191
1.00191
1.00191
1.00191
1.00192
1.00193
1.00192
1.00192
1.00193
1.00194
1.00193
1.00192
1.00194
1.00194
1.00189
1.0019
1.00191
1.00185
1.0018
1.0018
1.00175
1.00168
1.00165
1.00158
1.0015
1.00146
1.00138
1.00132
1.00128
1.00117
1.00114
1.00117
1.00103
1.00092
1.00098
1.00096
1.00088
1.00083
1.00088
1.00087
1.00081
1.00061
1.00062
1.00068
1.00063
1.00061
1.00062
1.00062
1.0006
1.00059
1.00059
1.00057
1.00056
1.00055
1.00053
1.00052
1.00051
1.00049
1.00047
1.00046
1.00044
1.0004
1.00041
1.00038
1.0003
1.00032
1.00031
1.00035
1.00037
1.00034
1.00035
1.00036
1.00031
1.00029
1.00029
1.00031
1.00028
1.00027
1.00028
1.00029
1.00028
1.00027
1.00026
1.00027
1.00027
1.00027
1.00028
1.00027
1.00026
1.00027
1.00027
1.00027
1.00027
1.00026
1.00026
1.00027
1.00026
1.00026
1.00027
1.00026
1.00026
1.00027
1.00027
1.00027
1.00027
1.00027
1.00027
1.00028
1.00028
1.00028
1.00028
1.00029
1.00029
1.00029
1.00029
1.0003
1.00031
1.00031
1.00031
1.00032
1.00033
1.00033
1.00033
1.00034
1.00034
1.00034
1.00035
1.00035
1.00035
1.00035
1.00035
1.00035
1.00035
1.00035
1.00035
1.00035
1.00035
1.00035
1.00035
1.00034
1.00034
1.00034
1.00034
1.00033
1.00033
1.00033
1.00033
1.00032
1.00032
1.00032
1.00032
1.00031
1.00031
1.00031
1.00031
1.0003
1.0003
1.0003
1.00029
1.00029
1.00029
1.00029
1.00028
1.00028
1.00028
1.00028
1.00027
1.00027
1.00027
1.00026
1.00026
1.00026
1.00026
1.00025
1.00025
1.00025
1.00025
1.00024
1.00024
1.00024
1.00024
1.00023
1.00023
1.00023
1.00023
1.00022
1.00022
1.00022
1.00021
1.00021
1.00021
1.00021
1.0002
1.0002
1.0002
1.0002
1.00019
1.00019
1.00019
1.00019
1.00018
1.00018
1.00018
1.00018
1.00017
1.00017
1.00017
1.00017
1.00016
1.00016
1.00016
1.00016
1.00015
1.00015
1.00015
1.00015
1.00014
1.00014
1.00014
1.00014
1.00013
1.00013
1.00013
1.00013
1.00012
1.00012
1.00012
1.00012
1.00011
1.00011
1.00011
1.00011
1.0001
1.0001
1.0001
1.0001
1.0001
1.00009
1.00009
1.00009
1.00009
1.00008
1.00008
1.00008
1.00008
1.00008
1.00007
1.00007
1.00007
1.0005
1.00078
1.00202
1.00203
1.00203
1.00202
1.00202
1.00203
1.00201
1.00201
1.00202
1.00201
1.002
1.00201
1.002
1.00198
1.00199
1.00199
1.00197
1.00197
1.00198
1.00197
1.00195
1.00196
1.00196
1.00195
1.00194
1.00194
1.00194
1.00193
1.00193
1.00193
1.00192
1.00192
1.00192
1.00192
1.00191
1.00191
1.00191
1.00191
1.0019
1.0019
1.0019
1.0019
1.0019
1.0019
1.0019
1.0019
1.0019
1.0019
1.0019
1.0019
1.0019
1.0019
1.00191
1.00191
1.00191
1.00191
1.00192
1.00191
1.00191
1.00192
1.00191
1.00188
1.0019
1.00191
1.00185
1.00183
1.00186
1.00181
1.00172
1.00172
1.00171
1.00161
1.00154
1.00154
1.00145
1.00137
1.00136
1.00125
1.00121
1.00119
1.00108
1.00106
1.00108
1.00093
1.0009
1.00094
1.00091
1.00085
1.00077
1.00075
1.00075
1.00071
1.00062
1.00063
1.00066
1.00063
1.0006
1.00061
1.0006
1.00058
1.00057
1.00056
1.00055
1.00053
1.00052
1.00051
1.00049
1.00047
1.00045
1.00044
1.00043
1.00038
1.00035
1.00035
1.00036
1.00034
1.00034
1.00034
1.00036
1.00035
1.00034
1.00032
1.00031
1.0003
1.00028
1.0003
1.00029
1.00028
1.00029
1.00029
1.00028
1.00027
1.00028
1.00028
1.00028
1.00027
1.00027
1.00028
1.00027
1.00026
1.00027
1.00027
1.00027
1.00027
1.00027
1.00027
1.00026
1.00027
1.00027
1.00027
1.00027
1.00027
1.00027
1.00027
1.00027
1.00028
1.00028
1.00028
1.00028
1.00029
1.00029
1.00029
1.0003
1.0003
1.0003
1.00031
1.00031
1.00032
1.00032
1.00033
1.00033
1.00033
1.00034
1.00034
1.00034
1.00035
1.00035
1.00035
1.00035
1.00035
1.00035
1.00035
1.00035
1.00035
1.00035
1.00034
1.00034
1.00034
1.00034
1.00034
1.00034
1.00033
1.00033
1.00033
1.00033
1.00032
1.00032
1.00032
1.00032
1.00031
1.00031
1.00031
1.00031
1.0003
1.0003
1.0003
1.0003
1.00029
1.00029
1.00029
1.00029
1.00028
1.00028
1.00028
1.00028
1.00027
1.00027
1.00027
1.00026
1.00026
1.00026
1.00026
1.00025
1.00025
1.00025
1.00025
1.00024
1.00024
1.00024
1.00024
1.00023
1.00023
1.00023
1.00023
1.00022
1.00022
1.00022
1.00021
1.00021
1.00021
1.00021
1.0002
1.0002
1.0002
1.0002
1.00019
1.00019
1.00019
1.00019
1.00018
1.00018
1.00018
1.00018
1.00017
1.00017
1.00017
1.00017
1.00016
1.00016
1.00016
1.00016
1.00015
1.00015
1.00015
1.00015
1.00014
1.00014
1.00014
1.00014
1.00013
1.00013
1.00013
1.00013
1.00012
1.00012
1.00012
1.00012
1.00011
1.00011
1.00011
1.00011
1.0001
1.0001
1.0001
1.0001
1.0001
1.00009
1.00009
1.00009
1.00009
1.00008
1.00008
1.00008
1.00008
1.00008
1.00007
1.00007
1.00007
1.00049
1.00078
1.00203
1.00203
1.00203
1.00202
1.00202
1.00203
1.00202
1.00201
1.00202
1.00202
1.002
1.002
1.00201
1.00199
1.00198
1.00199
1.00199
1.00197
1.00196
1.00197
1.00196
1.00195
1.00195
1.00195
1.00194
1.00194
1.00194
1.00193
1.00193
1.00192
1.00192
1.00192
1.00191
1.00191
1.00191
1.00191
1.00191
1.0019
1.0019
1.0019
1.0019
1.0019
1.0019
1.00189
1.0019
1.0019
1.00189
1.00189
1.0019
1.0019
1.00189
1.0019
1.0019
1.0019
1.0019
1.0019
1.0019
1.0019
1.00189
1.00189
1.0019
1.00188
1.00186
1.00187
1.00185
1.00181
1.0018
1.00178
1.00173
1.00169
1.00166
1.00161
1.00156
1.00151
1.00144
1.00141
1.00135
1.00126
1.00125
1.00119
1.0011
1.00108
1.00106
1.00098
1.00094
1.00092
1.0009
1.00087
1.00081
1.00075
1.00076
1.0007
1.00066
1.00068
1.00065
1.00062
1.00062
1.00062
1.0006
1.00059
1.00058
1.00057
1.00055
1.00054
1.00052
1.00051
1.00049
1.00048
1.00045
1.00044
1.00043
1.00039
1.00038
1.00037
1.00034
1.00036
1.00035
1.00035
1.00036
1.00034
1.00033
1.00033
1.00032
1.00031
1.00029
1.0003
1.0003
1.00029
1.00028
1.00028
1.00029
1.00028
1.00027
1.00027
1.00028
1.00028
1.00027
1.00028
1.00027
1.00028
1.00027
1.00027
1.00027
1.00027
1.00027
1.00027
1.00027
1.00027
1.00027
1.00027
1.00027
1.00027
1.00027
1.00028
1.00028
1.00028
1.00028
1.00028
1.00029
1.00029
1.00029
1.00029
1.0003
1.0003
1.0003
1.00031
1.00031
1.00032
1.00032
1.00032
1.00033
1.00033
1.00033
1.00034
1.00034
1.00034
1.00034
1.00035
1.00035
1.00034
1.00034
1.00035
1.00034
1.00034
1.00034
1.00034
1.00034
1.00034
1.00034
1.00033
1.00033
1.00033
1.00033
1.00033
1.00032
1.00032
1.00032
1.00032
1.00031
1.00031
1.00031
1.00031
1.0003
1.0003
1.0003
1.0003
1.00029
1.00029
1.00029
1.00029
1.00028
1.00028
1.00028
1.00028
1.00027
1.00027
1.00027
1.00027
1.00026
1.00026
1.00026
1.00026
1.00025
1.00025
1.00025
1.00025
1.00024
1.00024
1.00024
1.00024
1.00023
1.00023
1.00023
1.00023
1.00022
1.00022
1.00022
1.00021
1.00021
1.00021
1.00021
1.0002
1.0002
1.0002
1.0002
1.00019
1.00019
1.00019
1.00019
1.00018
1.00018
1.00018
1.00018
1.00017
1.00017
1.00017
1.00017
1.00016
1.00016
1.00016
1.00016
1.00015
1.00015
1.00015
1.00015
1.00014
1.00014
1.00014
1.00014
1.00013
1.00013
1.00013
1.00013
1.00012
1.00012
1.00012
1.00012
1.00011
1.00011
1.00011
1.00011
1.0001
1.0001
1.0001
1.0001
1.00009
1.00009
1.00009
1.00009
1.00009
1.00008
1.00008
1.00008
1.00008
1.00007
1.00007
1.00007
1.00007
1.00047
1.00079
1.00205
1.00203
1.00203
1.00205
1.00203
1.00201
1.00203
1.00203
1.002
1.00201
1.00202
1.002
1.00199
1.002
1.00199
1.00197
1.00198
1.00198
1.00196
1.00196
1.00197
1.00196
1.00194
1.00195
1.00195
1.00194
1.00193
1.00193
1.00193
1.00192
1.00192
1.00192
1.00191
1.00191
1.00191
1.00191
1.0019
1.0019
1.0019
1.0019
1.00189
1.00189
1.00189
1.00189
1.00189
1.00189
1.00189
1.00189
1.00189
1.00189
1.00189
1.00189
1.00188
1.00189
1.00189
1.00188
1.00188
1.00189
1.00188
1.00186
1.00186
1.00188
1.00185
1.00181
1.00183
1.00182
1.00176
1.00174
1.00174
1.00168
1.00162
1.00161
1.00157
1.00149
1.00146
1.00141
1.00134
1.00131
1.00124
1.00118
1.00118
1.00111
1.00102
1.00103
1.00101
1.00092
1.00088
1.00087
1.00086
1.00079
1.00074
1.00072
1.00073
1.00068
1.00064
1.00066
1.00065
1.00062
1.0006
1.0006
1.00059
1.00057
1.00055
1.00054
1.00053
1.00051
1.00049
1.00048
1.00047
1.00044
1.00042
1.00041
1.0004
1.00038
1.00036
1.00037
1.00036
1.00036
1.00035
1.00034
1.00035
1.00033
1.00031
1.00031
1.00032
1.0003
1.00029
1.0003
1.0003
1.00029
1.00029
1.00029
1.00028
1.00028
1.00028
1.00028
1.00028
1.00027
1.00028
1.00028
1.00027
1.00027
1.00028
1.00028
1.00027
1.00027
1.00027
1.00027
1.00027
1.00027
1.00028
1.00027
1.00028
1.00028
1.00028
1.00028
1.00028
1.00029
1.00029
1.00029
1.00029
1.0003
1.0003
1.0003
1.00031
1.00031
1.00031
1.00031
1.00032
1.00032
1.00032
1.00033
1.00033
1.00033
1.00033
1.00034
1.00034
1.00034
1.00034
1.00034
1.00034
1.00034
1.00034
1.00034
1.00034
1.00034
1.00034
1.00034
1.00033
1.00033
1.00033
1.00033
1.00033
1.00032
1.00032
1.00032
1.00032
1.00031
1.00031
1.00031
1.00031
1.00031
1.0003
1.0003
1.0003
1.0003
1.00029
1.00029
1.00029
1.00029
1.00028
1.00028
1.00028
1.00028
1.00027
1.00027
1.00027
1.00027
1.00026
1.00026
1.00026
1.00026
1.00025
1.00025
1.00025
1.00025
1.00024
1.00024
1.00024
1.00024
1.00023
1.00023
1.00023
1.00023
1.00022
1.00022
1.00022
1.00021
1.00021
1.00021
1.00021
1.0002
1.0002
1.0002
1.0002
1.00019
1.00019
1.00019
1.00019
1.00018
1.00018
1.00018
1.00018
1.00017
1.00017
1.00017
1.00017
1.00016
1.00016
1.00016
1.00016
1.00015
1.00015
1.00015
1.00015
1.00014
1.00014
1.00014
1.00014
1.00013
1.00013
1.00013
1.00013
1.00012
1.00012
1.00012
1.00012
1.00011
1.00011
1.00011
1.00011
1.0001
1.0001
1.0001
1.0001
1.00009
1.00009
1.00009
1.00009
1.00009
1.00008
1.00008
1.00008
1.00008
1.00007
1.00007
1.00007
1.00007
1.00046
1.00079
1.00204
1.00204
1.00204
1.00204
1.00204
1.00202
1.00202
1.00204
1.00202
1.002
1.00202
1.00202
1.00199
1.00199
1.002
1.00198
1.00197
1.00198
1.00198
1.00196
1.00195
1.00196
1.00195
1.00194
1.00194
1.00194
1.00193
1.00193
1.00193
1.00192
1.00192
1.00191
1.00191
1.00191
1.0019
1.0019
1.0019
1.0019
1.00189
1.00189
1.00189
1.00189
1.00189
1.00189
1.00188
1.00188
1.00188
1.00188
1.00188
1.00188
1.00188
1.00188
1.00188
1.00187
1.00187
1.00187
1.00187
1.00186
1.00186
1.00186
1.00184
1.00183
1.00184
1.00181
1.00179
1.00178
1.00176
1.00172
1.00169
1.00167
1.00163
1.00159
1.00154
1.00151
1.00147
1.0014
1.00136
1.00133
1.00125
1.00121
1.00118
1.00112
1.00107
1.00104
1.00099
1.00097
1.00093
1.00088
1.00085
1.00082
1.00078
1.00075
1.00073
1.00069
1.00069
1.00067
1.00064
1.00063
1.00063
1.00061
1.00059
1.00058
1.00057
1.00055
1.00053
1.00052
1.0005
1.00048
1.00047
1.00045
1.00043
1.00042
1.0004
1.00039
1.00039
1.00037
1.00036
1.00037
1.00036
1.00035
1.00035
1.00034
1.00033
1.00032
1.00032
1.00031
1.00031
1.0003
1.0003
1.0003
1.00029
1.00029
1.00029
1.00029
1.00028
1.00028
1.00028
1.00028
1.00028
1.00028
1.00028
1.00028
1.00027
1.00028
1.00028
1.00028
1.00027
1.00028
1.00028
1.00028
1.00028
1.00028
1.00028
1.00028
1.00028
1.00028
1.00029
1.00029
1.00029
1.00029
1.00029
1.0003
1.0003
1.0003
1.0003
1.00031
1.00031
1.00031
1.00032
1.00032
1.00032
1.00033
1.00033
1.00033
1.00033
1.00033
1.00034
1.00033
1.00034
1.00034
1.00034
1.00034
1.00034
1.00034
1.00033
1.00033
1.00033
1.00033
1.00033
1.00033
1.00033
1.00032
1.00032
1.00032
1.00032
1.00032
1.00031
1.00031
1.00031
1.00031
1.00031
1.0003
1.0003
1.0003
1.0003
1.00029
1.00029
1.00029
1.00029
1.00029
1.00028
1.00028
1.00028
1.00028
1.00027
1.00027
1.00027
1.00027
1.00026
1.00026
1.00026
1.00026
1.00025
1.00025
1.00025
1.00025
1.00024
1.00024
1.00024
1.00024
1.00023
1.00023
1.00023
1.00022
1.00022
1.00022
1.00022
1.00021
1.00021
1.00021
1.00021
1.0002
1.0002
1.0002
1.0002
1.00019
1.00019
1.00019
1.00019
1.00018
1.00018
1.00018
1.00018
1.00017
1.00017
1.00017
1.00017
1.00016
1.00016
1.00016
1.00016
1.00015
1.00015
1.00015
1.00015
1.00014
1.00014
1.00014
1.00014
1.00013
1.00013
1.00013
1.00013
1.00012
1.00012
1.00012
1.00012
1.00011
1.00011
1.00011
1.00011
1.0001
1.0001
1.0001
1.0001
1.00009
1.00009
1.00009
1.00009
1.00008
1.00008
1.00008
1.00008
1.00008
1.00007
1.00007
1.00007
1.00007
1.00044
1.00079
1.00203
1.00206
1.00205
1.00202
1.00204
1.00206
1.00202
1.00201
1.00204
1.00202
1.00199
1.00201
1.00202
1.00198
1.00198
1.002
1.00198
1.00196
1.00197
1.00197
1.00195
1.00195
1.00195
1.00195
1.00193
1.00193
1.00193
1.00192
1.00192
1.00192
1.00192
1.00191
1.00191
1.00191
1.0019
1.0019
1.0019
1.0019
1.00189
1.00189
1.00189
1.00189
1.00188
1.00188
1.00188
1.00188
1.00188
1.00187
1.00187
1.00187
1.00187
1.00187
1.00187
1.00186
1.00186
1.00186
1.00186
1.00185
1.00184
1.00184
1.00184
1.00181
1.0018
1.00181
1.00177
1.00174
1.00175
1.00172
1.00167
1.00165
1.00163
1.00157
1.00154
1.00151
1.00145
1.00141
1.00138
1.00131
1.00128
1.00125
1.00117
1.00114
1.00113
1.00105
1.001
1.00099
1.00096
1.00091
1.00086
1.00084
1.00082
1.00078
1.00074
1.00073
1.00072
1.00068
1.00066
1.00066
1.00064
1.00061
1.0006
1.00059
1.00057
1.00056
1.00054
1.00053
1.00051
1.00049
1.00047
1.00046
1.00045
1.00043
1.00041
1.0004
1.00039
1.00038
1.00038
1.00037
1.00037
1.00036
1.00034
1.00034
1.00034
1.00033
1.00031
1.00032
1.00032
1.0003
1.0003
1.0003
1.0003
1.00029
1.00029
1.00029
1.00029
1.00029
1.00029
1.00029
1.00029
1.00028
1.00028
1.00028
1.00028
1.00028
1.00028
1.00028
1.00028
1.00028
1.00028
1.00028
1.00028
1.00028
1.00028
1.00028
1.00028
1.00029
1.00029
1.00029
1.00029
1.00029
1.00029
1.0003
1.0003
1.0003
1.0003
1.00031
1.00031
1.00031
1.00031
1.00032
1.00032
1.00032
1.00032
1.00033
1.00033
1.00033
1.00033
1.00033
1.00033
1.00033
1.00033
1.00033
1.00033
1.00033
1.00033
1.00033
1.00033
1.00033
1.00033
1.00033
1.00032
1.00032
1.00032
1.00032
1.00032
1.00031
1.00031
1.00031
1.00031
1.00031
1.0003
1.0003
1.0003
1.0003
1.0003
1.00029
1.00029
1.00029
1.00029
1.00028
1.00028
1.00028
1.00028
1.00027
1.00027
1.00027
1.00027
1.00027
1.00026
1.00026
1.00026
1.00026
1.00025
1.00025
1.00025
1.00025
1.00024
1.00024
1.00024
1.00024
1.00023
1.00023
1.00023
1.00022
1.00022
1.00022
1.00022
1.00021
1.00021
1.00021
1.00021
1.0002
1.0002
1.0002
1.0002
1.00019
1.00019
1.00019
1.00019
1.00018
1.00018
1.00018
1.00018
1.00017
1.00017
1.00017
1.00017
1.00016
1.00016
1.00016
1.00016
1.00015
1.00015
1.00015
1.00015
1.00014
1.00014
1.00014
1.00014
1.00013
1.00013
1.00013
1.00013
1.00012
1.00012
1.00012
1.00012
1.00011
1.00011
1.00011
1.00011
1.0001
1.0001
1.0001
1.0001
1.00009
1.00009
1.00009
1.00009
1.00008
1.00008
1.00008
1.00008
1.00007
1.00007
1.00007
1.00007
1.00006
1.00042
1.00079
1.00206
1.00205
1.00205
1.00205
1.00204
1.00204
1.00205
1.00202
1.00202
1.00204
1.00201
1.00199
1.00201
1.00201
1.00197
1.00198
1.00199
1.00197
1.00195
1.00196
1.00196
1.00194
1.00194
1.00195
1.00194
1.00193
1.00193
1.00193
1.00192
1.00191
1.00191
1.00191
1.0019
1.0019
1.0019
1.0019
1.00189
1.00189
1.00189
1.00189
1.00188
1.00188
1.00188
1.00188
1.00187
1.00187
1.00187
1.00187
1.00187
1.00186
1.00186
1.00186
1.00185
1.00185
1.00185
1.00184
1.00184
1.00184
1.00183
1.00181
1.00182
1.00181
1.00178
1.00177
1.00177
1.00174
1.00171
1.00169
1.00168
1.00164
1.0016
1.00158
1.00154
1.00149
1.00145
1.00143
1.00138
1.00132
1.0013
1.00125
1.0012
1.00117
1.00112
1.00108
1.00106
1.001
1.00096
1.00094
1.00091
1.00086
1.00083
1.00081
1.00078
1.00075
1.00072
1.00071
1.0007
1.00067
1.00064
1.00064
1.00062
1.0006
1.00058
1.00057
1.00056
1.00053
1.00052
1.00051
1.00049
1.00047
1.00045
1.00044
1.00043
1.00041
1.0004
1.0004
1.00039
1.00037
1.00037
1.00037
1.00036
1.00035
1.00034
1.00034
1.00033
1.00032
1.00032
1.00032
1.00031
1.0003
1.0003
1.0003
1.0003
1.00029
1.0003
1.00029
1.00029
1.00029
1.00029
1.00029
1.00029
1.00028
1.00029
1.00029
1.00028
1.00028
1.00028
1.00028
1.00028
1.00028
1.00028
1.00028
1.00028
1.00029
1.00029
1.00029
1.00029
1.00029
1.00029
1.00029
1.0003
1.0003
1.0003
1.0003
1.0003
1.00031
1.00031
1.00031
1.00031
1.00032
1.00032
1.00032
1.00032
1.00032
1.00033
1.00033
1.00033
1.00033
1.00033
1.00033
1.00033
1.00033
1.00033
1.00033
1.00033
1.00033
1.00032
1.00032
1.00032
1.00032
1.00032
1.00032
1.00032
1.00032
1.00031
1.00031
1.00031
1.00031
1.00031
1.0003
1.0003
1.0003
1.0003
1.0003
1.00029
1.00029
1.00029
1.00029
1.00029
1.00028
1.00028
1.00028
1.00028
1.00027
1.00027
1.00027
1.00027
1.00026
1.00026
1.00026
1.00026
1.00025
1.00025
1.00025
1.00025
1.00024
1.00024
1.00024
1.00024
1.00023
1.00023
1.00023
1.00023
1.00022
1.00022
1.00022
1.00022
1.00021
1.00021
1.00021
1.00021
1.0002
1.0002
1.0002
1.0002
1.00019
1.00019
1.00019
1.00019
1.00018
1.00018
1.00018
1.00018
1.00017
1.00017
1.00017
1.00017
1.00016
1.00016
1.00016
1.00016
1.00015
1.00015
1.00015
1.00015
1.00014
1.00014
1.00014
1.00014
1.00013
1.00013
1.00013
1.00013
1.00012
1.00012
1.00012
1.00012
1.00011
1.00011
1.00011
1.00011
1.0001
1.0001
1.0001
1.0001
1.00009
1.00009
1.00009
1.00009
1.00008
1.00008
1.00008
1.00008
1.00007
1.00007
1.00007
1.00007
1.00006
1.00039
1.0008
1.00208
1.00204
1.00204
1.00209
1.00206
1.00201
1.00205
1.00207
1.002
1.00201
1.00205
1.00201
1.00198
1.002
1.00201
1.00197
1.00197
1.00198
1.00197
1.00195
1.00195
1.00196
1.00194
1.00193
1.00194
1.00193
1.00192
1.00192
1.00192
1.00191
1.00191
1.00191
1.0019
1.0019
1.0019
1.00189
1.00189
1.00189
1.00188
1.00188
1.00188
1.00188
1.00187
1.00187
1.00187
1.00187
1.00186
1.00186
1.00186
1.00185
1.00185
1.00185
1.00184
1.00184
1.00184
1.00183
1.00182
1.00182
1.00182
1.0018
1.00179
1.00179
1.00178
1.00175
1.00174
1.00173
1.0017
1.00168
1.00166
1.00163
1.00159
1.00157
1.00153
1.00149
1.00147
1.00142
1.00138
1.00135
1.0013
1.00125
1.00124
1.00119
1.00113
1.00111
1.00108
1.00103
1.00099
1.00096
1.00093
1.00089
1.00085
1.00083
1.00081
1.00077
1.00075
1.00074
1.00071
1.00068
1.00067
1.00065
1.00063
1.00061
1.0006
1.00058
1.00056
1.00055
1.00053
1.00051
1.0005
1.00048
1.00047
1.00045
1.00044
1.00043
1.00041
1.0004
1.0004
1.00039
1.00038
1.00037
1.00037
1.00036
1.00035
1.00034
1.00034
1.00033
1.00032
1.00032
1.00032
1.00031
1.00031
1.00031
1.00031
1.0003
1.0003
1.0003
1.0003
1.00029
1.00029
1.00029
1.00029
1.00029
1.00029
1.00029
1.00029
1.00029
1.00029
1.00029
1.00029
1.00028
1.00029
1.00029
1.00029
1.00029
1.00029
1.00029
1.00029
1.00029
1.00029
1.00029
1.0003
1.0003
1.0003
1.0003
1.0003
1.00031
1.00031
1.00031
1.00031
1.00031
1.00032
1.00032
1.00032
1.00032
1.00032
1.00032
1.00032
1.00032
1.00032
1.00033
1.00033
1.00032
1.00032
1.00032
1.00032
1.00032
1.00032
1.00032
1.00032
1.00032
1.00032
1.00032
1.00031
1.00031
1.00031
1.00031
1.00031
1.00031
1.0003
1.0003
1.0003
1.0003
1.0003
1.0003
1.00029
1.00029
1.00029
1.00029
1.00028
1.00028
1.00028
1.00028
1.00028
1.00027
1.00027
1.00027
1.00027
1.00026
1.00026
1.00026
1.00026
1.00025
1.00025
1.00025
1.00025
1.00024
1.00024
1.00024
1.00024
1.00023
1.00023
1.00023
1.00023
1.00022
1.00022
1.00022
1.00022
1.00021
1.00021
1.00021
1.00021
1.0002
1.0002
1.0002
1.0002
1.00019
1.00019
1.00019
1.00019
1.00018
1.00018
1.00018
1.00018
1.00017
1.00017
1.00017
1.00017
1.00016
1.00016
1.00016
1.00016
1.00015
1.00015
1.00015
1.00015
1.00014
1.00014
1.00014
1.00014
1.00013
1.00013
1.00013
1.00013
1.00012
1.00012
1.00012
1.00012
1.00011
1.00011
1.00011
1.00011
1.0001
1.0001
1.0001
1.0001
1.00009
1.00009
1.00009
1.00009
1.00008
1.00008
1.00008
1.00008
1.00007
1.00007
1.00007
1.00007
1.00006
1.00037
1.0008
1.00205
1.00208
1.00207
1.00204
1.00207
1.00207
1.00202
1.00204
1.00205
1.00201
1.00201
1.00203
1.002
1.00198
1.002
1.00199
1.00196
1.00196
1.00197
1.00196
1.00194
1.00195
1.00195
1.00193
1.00193
1.00193
1.00192
1.00192
1.00191
1.00191
1.00191
1.0019
1.0019
1.0019
1.00189
1.00189
1.00189
1.00188
1.00188
1.00188
1.00188
1.00187
1.00187
1.00187
1.00186
1.00186
1.00186
1.00185
1.00185
1.00185
1.00184
1.00184
1.00184
1.00183
1.00182
1.00183
1.00182
1.0018
1.0018
1.0018
1.00178
1.00176
1.00176
1.00175
1.00172
1.00171
1.0017
1.00167
1.00164
1.00162
1.0016
1.00156
1.00152
1.0015
1.00147
1.00142
1.00139
1.00136
1.00131
1.00128
1.00124
1.0012
1.00117
1.00113
1.00108
1.00105
1.00103
1.00097
1.00094
1.00092
1.00089
1.00085
1.00082
1.0008
1.00078
1.00075
1.00072
1.00071
1.00069
1.00066
1.00064
1.00063
1.00061
1.00059
1.00057
1.00056
1.00054
1.00052
1.00051
1.00049
1.00048
1.00046
1.00045
1.00044
1.00043
1.00041
1.0004
1.0004
1.00039
1.00038
1.00037
1.00037
1.00036
1.00035
1.00034
1.00034
1.00034
1.00033
1.00032
1.00032
1.00032
1.00031
1.00031
1.00031
1.0003
1.0003
1.0003
1.0003
1.0003
1.00029
1.00029
1.00029
1.00029
1.00029
1.00029
1.00029
1.00029
1.00029
1.00029
1.00029
1.00029
1.00029
1.00029
1.00029
1.00029
1.00029
1.00029
1.00029
1.00029
1.0003
1.0003
1.0003
1.0003
1.0003
1.0003
1.00031
1.00031
1.00031
1.00031
1.00031
1.00031
1.00031
1.00032
1.00032
1.00032
1.00032
1.00032
1.00032
1.00032
1.00032
1.00032
1.00032
1.00032
1.00032
1.00032
1.00032
1.00032
1.00032
1.00032
1.00032
1.00031
1.00031
1.00031
1.00031
1.00031
1.00031
1.00031
1.0003
1.0003
1.0003
1.0003
1.0003
1.0003
1.00029
1.00029
1.00029
1.00029
1.00029
1.00028
1.00028
1.00028
1.00028
1.00028
1.00027
1.00027
1.00027
1.00027
1.00026
1.00026
1.00026
1.00026
1.00025
1.00025
1.00025
1.00025
1.00024
1.00024
1.00024
1.00024
1.00023
1.00023
1.00023
1.00023
1.00022
1.00022
1.00022
1.00022
1.00021
1.00021
1.00021
1.00021
1.0002
1.0002
1.0002
1.0002
1.00019
1.00019
1.00019
1.00019
1.00018
1.00018
1.00018
1.00018
1.00017
1.00017
1.00017
1.00017
1.00016
1.00016
1.00016
1.00016
1.00015
1.00015
1.00015
1.00015
1.00014
1.00014
1.00014
1.00014
1.00013
1.00013
1.00013
1.00013
1.00012
1.00012
1.00012
1.00012
1.00011
1.00011
1.00011
1.00011
1.0001
1.0001
1.0001
1.0001
1.00009
1.00009
1.00009
1.00009
1.00008
1.00008
1.00008
1.00008
1.00007
1.00007
1.00007
1.00007
1.00006
1.00034
1.00079
1.00206
1.0021
1.00209
1.00203
1.00206
1.00211
1.00204
1.002
1.00207
1.00206
1.00198
1.002
1.00204
1.00199
1.00196
1.00199
1.00199
1.00195
1.00195
1.00197
1.00195
1.00193
1.00194
1.00194
1.00193
1.00192
1.00192
1.00192
1.00191
1.00191
1.00191
1.0019
1.00189
1.00189
1.00189
1.00189
1.00188
1.00188
1.00188
1.00187
1.00187
1.00187
1.00186
1.00186
1.00186
1.00186
1.00185
1.00185
1.00184
1.00184
1.00184
1.00183
1.00183
1.00183
1.00182
1.00181
1.00181
1.0018
1.00178
1.00178
1.00178
1.00176
1.00174
1.00174
1.00172
1.00169
1.00168
1.00166
1.00163
1.00161
1.00159
1.00155
1.00153
1.0015
1.00146
1.00143
1.0014
1.00135
1.00133
1.0013
1.00124
1.00121
1.00119
1.00114
1.0011
1.00107
1.00104
1.001
1.00097
1.00094
1.00091
1.00088
1.00085
1.00082
1.0008
1.00077
1.00075
1.00073
1.0007
1.00068
1.00067
1.00064
1.00062
1.00061
1.00059
1.00057
1.00055
1.00054
1.00052
1.0005
1.00049
1.00048
1.00046
1.00045
1.00044
1.00043
1.00042
1.0004
1.0004
1.00039
1.00038
1.00037
1.00037
1.00036
1.00035
1.00035
1.00034
1.00033
1.00033
1.00033
1.00032
1.00032
1.00031
1.00031
1.00031
1.00031
1.0003
1.0003
1.0003
1.0003
1.0003
1.00029
1.00029
1.00029
1.00029
1.00029
1.00029
1.00029
1.00029
1.00029
1.00029
1.00029
1.00029
1.00029
1.00029
1.00029
1.00029
1.00029
1.00029
1.0003
1.0003
1.0003
1.0003
1.0003
1.0003
1.0003
1.00031
1.00031
1.00031
1.00031
1.00031
1.00031
1.00031
1.00031
1.00032
1.00032
1.00032
1.00032
1.00032
1.00032
1.00032
1.00032
1.00032
1.00032
1.00032
1.00032
1.00032
1.00031
1.00031
1.00031
1.00031
1.00031
1.00031
1.00031
1.00031
1.00031
1.0003
1.0003
1.0003
1.0003
1.0003
1.0003
1.00029
1.00029
1.00029
1.00029
1.00029
1.00028
1.00028
1.00028
1.00028
1.00028
1.00027
1.00027
1.00027
1.00027
1.00027
1.00026
1.00026
1.00026
1.00026
1.00025
1.00025
1.00025
1.00025
1.00024
1.00024
1.00024
1.00024
1.00023
1.00023
1.00023
1.00023
1.00022
1.00022
1.00022
1.00022
1.00021
1.00021
1.00021
1.00021
1.0002
1.0002
1.0002
1.0002
1.00019
1.00019
1.00019
1.00019
1.00018
1.00018
1.00018
1.00018
1.00017
1.00017
1.00017
1.00017
1.00016
1.00016
1.00016
1.00016
1.00015
1.00015
1.00015
1.00015
1.00014
1.00014
1.00014
1.00014
1.00013
1.00013
1.00013
1.00013
1.00012
1.00012
1.00012
1.00012
1.00011
1.00011
1.00011
1.00011
1.0001
1.0001
1.0001
1.0001
1.00009
1.00009
1.00009
1.00009
1.00008
1.00008
1.00008
1.00008
1.00007
1.00007
1.00007
1.00006
1.00006
1.00031
1.00081
1.00213
1.00205
1.00207
1.00213
1.00206
1.00203
1.00209
1.00206
1.002
1.00204
1.00205
1.00199
1.00199
1.00202
1.00199
1.00196
1.00197
1.00198
1.00195
1.00194
1.00195
1.00194
1.00193
1.00193
1.00193
1.00192
1.00191
1.00191
1.00191
1.0019
1.0019
1.0019
1.00189
1.00189
1.00189
1.00188
1.00188
1.00188
1.00187
1.00187
1.00187
1.00186
1.00186
1.00186
1.00185
1.00185
1.00185
1.00184
1.00184
1.00183
1.00183
1.00183
1.00182
1.00182
1.00181
1.0018
1.00179
1.00179
1.00178
1.00176
1.00176
1.00175
1.00173
1.00172
1.00171
1.00169
1.00167
1.00165
1.00163
1.00161
1.00157
1.00155
1.00153
1.00149
1.00146
1.00144
1.0014
1.00137
1.00133
1.0013
1.00126
1.00123
1.00119
1.00116
1.00113
1.00109
1.00105
1.00103
1.00099
1.00095
1.00093
1.0009
1.00087
1.00084
1.00081
1.00079
1.00077
1.00074
1.00072
1.0007
1.00068
1.00066
1.00064
1.00062
1.0006
1.00058
1.00057
1.00055
1.00053
1.00052
1.0005
1.00049
1.00047
1.00046
1.00045
1.00044
1.00043
1.00042
1.00041
1.0004
1.00039
1.00038
1.00037
1.00037
1.00036
1.00035
1.00034
1.00034
1.00034
1.00033
1.00033
1.00032
1.00032
1.00031
1.00031
1.00031
1.00031
1.0003
1.0003
1.0003
1.0003
1.0003
1.0003
1.0003
1.00029
1.00029
1.00029
1.00029
1.00029
1.00029
1.00029
1.00029
1.00029
1.00029
1.00029
1.00029
1.00029
1.00029
1.00029
1.0003
1.0003
1.0003
1.0003
1.0003
1.0003
1.0003
1.0003
1.00031
1.00031
1.00031
1.00031
1.00031
1.00031
1.00031
1.00031
1.00031
1.00031
1.00031
1.00031
1.00031
1.00032
1.00031
1.00031
1.00031
1.00031
1.00031
1.00031
1.00031
1.00031
1.00031
1.00031
1.00031
1.00031
1.00031
1.00031
1.0003
1.0003
1.0003
1.0003
1.0003
1.0003
1.0003
1.00029
1.00029
1.00029
1.00029
1.00029
1.00028
1.00028
1.00028
1.00028
1.00028
1.00027
1.00027
1.00027
1.00027
1.00027
1.00026
1.00026
1.00026
1.00026
1.00025
1.00025
1.00025
1.00025
1.00024
1.00024
1.00024
1.00024
1.00023
1.00023
1.00023
1.00023
1.00022
1.00022
1.00022
1.00022
1.00021
1.00021
1.00021
1.00021
1.0002
1.0002
1.0002
1.0002
1.00019
1.00019
1.00019
1.00019
1.00018
1.00018
1.00018
1.00018
1.00017
1.00017
1.00017
1.00017
1.00016
1.00016
1.00016
1.00016
1.00015
1.00015
1.00015
1.00015
1.00014
1.00014
1.00014
1.00014
1.00013
1.00013
1.00013
1.00013
1.00012
1.00012
1.00012
1.00012
1.00011
1.00011
1.00011
1.00011
1.0001
1.0001
1.0001
1.0001
1.00009
1.00009
1.00009
1.00009
1.00008
1.00008
1.00008
1.00008
1.00007
1.00007
1.00007
1.00006
1.00006
1.00028
1.00081
1.00211
1.00209
1.00208
1.00213
1.0021
1.00202
1.00207
1.00211
1.00202
1.00199
1.00206
1.00203
1.00197
1.00199
1.00201
1.00197
1.00195
1.00197
1.00197
1.00194
1.00194
1.00195
1.00194
1.00192
1.00192
1.00192
1.00191
1.00191
1.00191
1.0019
1.0019
1.00189
1.00189
1.00189
1.00188
1.00188
1.00188
1.00187
1.00187
1.00187
1.00186
1.00186
1.00186
1.00185
1.00185
1.00184
1.00184
1.00184
1.00183
1.00183
1.00182
1.00182
1.00181
1.00181
1.0018
1.0018
1.00179
1.00178
1.00177
1.00176
1.00175
1.00174
1.00173
1.00171
1.00169
1.00168
1.00166
1.00164
1.00162
1.0016
1.00158
1.00155
1.00152
1.0015
1.00147
1.00143
1.0014
1.00138
1.00134
1.0013
1.00128
1.00124
1.0012
1.00117
1.00114
1.00111
1.00108
1.00104
1.00101
1.00098
1.00095
1.00092
1.00089
1.00086
1.00083
1.00081
1.00078
1.00076
1.00074
1.00072
1.00069
1.00067
1.00066
1.00063
1.00061
1.0006
1.00058
1.00056
1.00054
1.00053
1.00051
1.0005
1.00048
1.00047
1.00046
1.00044
1.00043
1.00043
1.00041
1.0004
1.0004
1.00039
1.00038
1.00037
1.00037
1.00036
1.00035
1.00035
1.00034
1.00034
1.00033
1.00033
1.00032
1.00032
1.00032
1.00031
1.00031
1.00031
1.00031
1.0003
1.0003
1.0003
1.0003
1.0003
1.0003
1.00029
1.00029
1.00029
1.00029
1.00029
1.00029
1.00029
1.00029
1.00029
1.00029
1.00029
1.00029
1.00029
1.0003
1.0003
1.0003
1.0003
1.0003
1.0003
1.0003
1.0003
1.0003
1.0003
1.00031
1.00031
1.00031
1.00031
1.00031
1.00031
1.00031
1.00031
1.00031
1.00031
1.00031
1.00031
1.00031
1.00031
1.00031
1.00031
1.00031
1.00031
1.00031
1.00031
1.00031
1.00031
1.00031
1.00031
1.00031
1.00031
1.0003
1.0003
1.0003
1.0003
1.0003
1.0003
1.0003
1.00029
1.00029
1.00029
1.00029
1.00029
1.00029
1.00028
1.00028
1.00028
1.00028
1.00028
1.00027
1.00027
1.00027
1.00027
1.00026
1.00026
1.00026
1.00026
1.00026
1.00025
1.00025
1.00025
1.00025
1.00024
1.00024
1.00024
1.00024
1.00023
1.00023
1.00023
1.00023
1.00022
1.00022
1.00022
1.00022
1.00021
1.00021
1.00021
1.00021
1.0002
1.0002
1.0002
1.0002
1.00019
1.00019
1.00019
1.00019
1.00018
1.00018
1.00018
1.00018
1.00017
1.00017
1.00017
1.00017
1.00016
1.00016
1.00016
1.00016
1.00015
1.00015
1.00015
1.00015
1.00014
1.00014
1.00014
1.00014
1.00013
1.00013
1.00013
1.00013
1.00012
1.00012
1.00012
1.00012
1.00011
1.00011
1.00011
1.00011
1.0001
1.0001
1.0001
1.0001
1.00009
1.00009
1.00009
1.00009
1.00008
1.00008
1.00008
1.00007
1.00007
1.00007
1.00007
1.00006
1.00006
1.00025
1.00081
1.00205
1.00219
1.00215
1.00201
1.00211
1.00217
1.00202
1.00202
1.00211
1.00204
1.00197
1.00202
1.00203
1.00197
1.00196
1.00199
1.00198
1.00194
1.00195
1.00196
1.00194
1.00193
1.00193
1.00193
1.00192
1.00191
1.00191
1.00191
1.0019
1.0019
1.0019
1.00189
1.00189
1.00188
1.00188
1.00188
1.00187
1.00187
1.00187
1.00186
1.00186
1.00186
1.00185
1.00185
1.00184
1.00184
1.00184
1.00183
1.00183
1.00182
1.00182
1.00181
1.00181
1.0018
1.00179
1.00179
1.00178
1.00177
1.00176
1.00176
1.00174
1.00173
1.00172
1.00171
1.00169
1.00167
1.00166
1.00164
1.00161
1.00159
1.00158
1.00155
1.00152
1.0015
1.00147
1.00144
1.00141
1.00138
1.00135
1.00132
1.00128
1.00125
1.00122
1.00119
1.00115
1.00112
1.00109
1.00105
1.00102
1.001
1.00097
1.00093
1.0009
1.00088
1.00085
1.00082
1.0008
1.00078
1.00075
1.00073
1.00071
1.00069
1.00066
1.00064
1.00063
1.00061
1.00059
1.00057
1.00055
1.00054
1.00052
1.00051
1.00049
1.00048
1.00047
1.00045
1.00044
1.00043
1.00042
1.00041
1.0004
1.00039
1.00039
1.00038
1.00037
1.00036
1.00036
1.00035
1.00034
1.00034
1.00034
1.00033
1.00033
1.00032
1.00032
1.00032
1.00031
1.00031
1.00031
1.0003
1.0003
1.0003
1.0003
1.0003
1.0003
1.0003
1.00029
1.00029
1.00029
1.00029
1.00029
1.00029
1.00029
1.00029
1.00029
1.00029
1.00029
1.00029
1.0003
1.0003
1.0003
1.0003
1.0003
1.0003
1.0003
1.0003
1.0003
1.0003
1.0003
1.0003
1.00031
1.00031
1.00031
1.00031
1.00031
1.00031
1.00031
1.00031
1.00031
1.00031
1.00031
1.00031
1.00031
1.00031
1.00031
1.00031
1.00031
1.00031
1.00031
1.00031
1.00031
1.00031
1.0003
1.0003
1.0003
1.0003
1.0003
1.0003
1.0003
1.0003
1.00029
1.00029
1.00029
1.00029
1.00029
1.00029
1.00028
1.00028
1.00028
1.00028
1.00028
1.00028
1.00027
1.00027
1.00027
1.00027
1.00026
1.00026
1.00026
1.00026
1.00026
1.00025
1.00025
1.00025
1.00025
1.00024
1.00024
1.00024
1.00024
1.00023
1.00023
1.00023
1.00023
1.00022
1.00022
1.00022
1.00022
1.00021
1.00021
1.00021
1.00021
1.0002
1.0002
1.0002
1.0002
1.00019
1.00019
1.00019
1.00019
1.00018
1.00018
1.00018
1.00018
1.00017
1.00017
1.00017
1.00017
1.00016
1.00016
1.00016
1.00016
1.00015
1.00015
1.00015
1.00015
1.00014
1.00014
1.00014
1.00014
1.00013
1.00013
1.00013
1.00013
1.00012
1.00012
1.00012
1.00012
1.00011
1.00011
1.00011
1.00011
1.0001
1.0001
1.0001
1.0001
1.00009
1.00009
1.00009
1.00008
1.00008
1.00008
1.00008
1.00007
1.00007
1.00007
1.00007
1.00006
1.00006
1.00022
1.0008
1.00217
1.00214
1.00214
1.00211
1.00208
1.00214
1.00209
1.00201
1.00206
1.00208
1.002
1.00198
1.00203
1.00201
1.00196
1.00196
1.00198
1.00196
1.00194
1.00194
1.00194
1.00193
1.00192
1.00192
1.00192
1.00191
1.00191
1.00191
1.0019
1.00189
1.00189
1.00189
1.00188
1.00188
1.00188
1.00187
1.00187
1.00187
1.00186
1.00186
1.00186
1.00185
1.00185
1.00185
1.00184
1.00184
1.00183
1.00183
1.00182
1.00182
1.00181
1.00181
1.0018
1.0018
1.00179
1.00178
1.00177
1.00177
1.00176
1.00174
1.00174
1.00173
1.00171
1.0017
1.00169
1.00167
1.00165
1.00163
1.00161
1.00159
1.00157
1.00155
1.00153
1.0015
1.00147
1.00145
1.00142
1.00138
1.00136
1.00133
1.00129
1.00126
1.00123
1.0012
1.00117
1.00113
1.0011
1.00107
1.00104
1.00101
1.00098
1.00095
1.00092
1.00089
1.00087
1.00084
1.00082
1.00079
1.00076
1.00074
1.00072
1.0007
1.00068
1.00066
1.00064
1.00062
1.0006
1.00058
1.00056
1.00055
1.00053
1.00052
1.0005
1.00049
1.00047
1.00046
1.00045
1.00044
1.00043
1.00042
1.00041
1.0004
1.00039
1.00038
1.00037
1.00037
1.00036
1.00036
1.00035
1.00034
1.00034
1.00034
1.00033
1.00032
1.00032
1.00032
1.00031
1.00031
1.00031
1.00031
1.0003
1.0003
1.0003
1.0003
1.0003
1.0003
1.0003
1.00029
1.00029
1.00029
1.00029
1.00029
1.00029
1.00029
1.00029
1.00029
1.00029
1.00029
1.00029
1.00029
1.0003
1.0003
1.0003
1.0003
1.0003
1.0003
1.0003
1.0003
1.0003
1.0003
1.0003
1.0003
1.0003
1.00031
1.00031
1.00031
1.00031
1.00031
1.00031
1.00031
1.00031
1.00031
1.00031
1.00031
1.00031
1.00031
1.00031
1.00031
1.00031
1.00031
1.0003
1.0003
1.0003
1.0003
1.0003
1.0003
1.0003
1.0003
1.0003
1.0003
1.00029
1.00029
1.00029
1.00029
1.00029
1.00029
1.00028
1.00028
1.00028
1.00028
1.00028
1.00027
1.00027
1.00027
1.00027
1.00027
1.00026
1.00026
1.00026
1.00026
1.00026
1.00025
1.00025
1.00025
1.00025
1.00024
1.00024
1.00024
1.00024
1.00023
1.00023
1.00023
1.00023
1.00022
1.00022
1.00022
1.00022
1.00021
1.00021
1.00021
1.00021
1.0002
1.0002
1.0002
1.0002
1.00019
1.00019
1.00019
1.00019
1.00018
1.00018
1.00018
1.00018
1.00017
1.00017
1.00017
1.00017
1.00016
1.00016
1.00016
1.00016
1.00015
1.00015
1.00015
1.00015
1.00014
1.00014
1.00014
1.00014
1.00013
1.00013
1.00013
1.00013
1.00012
1.00012
1.00012
1.00012
1.00011
1.00011
1.00011
1.00011
1.0001
1.0001
1.0001
1.0001
1.00009
1.00009
1.00009
1.00008
1.00008
1.00008
1.00008
1.00007
1.00007
1.00007
1.00007
1.00006
1.00006
1.00019
1.00086
1.00226
1.00203
1.00209
1.0023
1.00211
1.00197
1.00215
1.00215
1.00197
1.002
1.00209
1.00202
1.00194
1.00199
1.00201
1.00195
1.00194
1.00197
1.00195
1.00193
1.00193
1.00194
1.00192
1.00191
1.00191
1.00191
1.0019
1.0019
1.0019
1.00189
1.00189
1.00188
1.00188
1.00188
1.00187
1.00187
1.00187
1.00186
1.00186
1.00186
1.00185
1.00185
1.00185
1.00184
1.00184
1.00183
1.00183
1.00183
1.00182
1.00181
1.00181
1.00181
1.0018
1.00179
1.00179
1.00178
1.00177
1.00176
1.00175
1.00174
1.00173
1.00172
1.00171
1.00169
1.00168
1.00167
1.00165
1.00163
1.00161
1.00159
1.00157
1.00155
1.00152
1.0015
1.00147
1.00145
1.00142
1.00139
1.00136
1.00133
1.0013
1.00127
1.00124
1.00121
1.00118
1.00115
1.00111
1.00108
1.00105
1.00102
1.00099
1.00096
1.00093
1.00091
1.00088
1.00085
1.00083
1.0008
1.00078
1.00075
1.00073
1.00071
1.00069
1.00066
1.00064
1.00063
1.00061
1.00059
1.00057
1.00056
1.00054
1.00052
1.00051
1.00049
1.00048
1.00047
1.00046
1.00044
1.00043
1.00042
1.00041
1.0004
1.00039
1.00039
1.00038
1.00037
1.00036
1.00036
1.00035
1.00035
1.00034
1.00034
1.00033
1.00033
1.00032
1.00032
1.00032
1.00031
1.00031
1.00031
1.00031
1.0003
1.0003
1.0003
1.0003
1.0003
1.0003
1.0003
1.00029
1.00029
1.00029
1.00029
1.00029
1.00029
1.00029
1.00029
1.00029
1.00029
1.00029
1.00029
1.00029
1.0003
1.0003
1.0003
1.0003
1.0003
1.0003
1.0003
1.0003
1.0003
1.0003
1.0003
1.0003
1.0003
1.0003
1.0003
1.00031
1.00031
1.00031
1.00031
1.00031
1.00031
1.00031
1.00031
1.00031
1.00031
1.00031
1.00031
1.0003
1.0003
1.0003
1.0003
1.0003
1.0003
1.0003
1.0003
1.0003
1.0003
1.0003
1.00029
1.00029
1.00029
1.00029
1.00029
1.00029
1.00029
1.00028
1.00028
1.00028
1.00028
1.00028
1.00027
1.00027
1.00027
1.00027
1.00027
1.00026
1.00026
1.00026
1.00026
1.00026
1.00025
1.00025
1.00025
1.00025
1.00024
1.00024
1.00024
1.00024
1.00023
1.00023
1.00023
1.00023
1.00022
1.00022
1.00022
1.00022
1.00021
1.00021
1.00021
1.00021
1.0002
1.0002
1.0002
1.0002
1.00019
1.00019
1.00019
1.00019
1.00018
1.00018
1.00018
1.00018
1.00017
1.00017
1.00017
1.00017
1.00016
1.00016
1.00016
1.00016
1.00015
1.00015
1.00015
1.00015
1.00014
1.00014
1.00014
1.00014
1.00013
1.00013
1.00013
1.00013
1.00012
1.00012
1.00012
1.00012
1.00011
1.00011
1.00011
1.00011
1.0001
1.0001
1.0001
1.00009
1.00009
1.00009
1.00009
1.00008
1.00008
1.00008
1.00008
1.00007
1.00007
1.00007
1.00007
1.00006
1.00006
1.00016
1.00083
1.00211
1.00227
1.00219
1.00211
1.00218
1.0021
1.00206
1.00211
1.00207
1.002
1.00201
1.00204
1.00199
1.00196
1.00198
1.00198
1.00195
1.00194
1.00195
1.00194
1.00192
1.00192
1.00192
1.00191
1.00191
1.00191
1.0019
1.0019
1.00189
1.00189
1.00189
1.00188
1.00188
1.00188
1.00187
1.00187
1.00187
1.00186
1.00186
1.00185
1.00185
1.00185
1.00184
1.00184
1.00184
1.00183
1.00183
1.00182
1.00182
1.00181
1.00181
1.0018
1.0018
1.00179
1.00178
1.00178
1.00177
1.00176
1.00175
1.00174
1.00173
1.00171
1.0017
1.00169
1.00167
1.00166
1.00165
1.00163
1.00161
1.00159
1.00157
1.00155
1.00152
1.0015
1.00148
1.00145
1.00142
1.0014
1.00137
1.00134
1.00131
1.00128
1.00125
1.00122
1.00118
1.00116
1.00113
1.00109
1.00106
1.00104
1.001
1.00097
1.00095
1.00092
1.00089
1.00086
1.00084
1.00081
1.00079
1.00076
1.00074
1.00072
1.00069
1.00067
1.00065
1.00063
1.00061
1.00059
1.00058
1.00056
1.00054
1.00053
1.00051
1.0005
1.00049
1.00047
1.00046
1.00045
1.00044
1.00043
1.00042
1.00041
1.0004
1.00039
1.00038
1.00037
1.00037
1.00036
1.00035
1.00035
1.00034
1.00034
1.00033
1.00033
1.00032
1.00032
1.00032
1.00031
1.00031
1.00031
1.00031
1.0003
1.0003
1.0003
1.0003
1.0003
1.0003
1.0003
1.00029
1.00029
1.00029
1.00029
1.00029
1.00029
1.00029
1.00029
1.00029
1.00029
1.00029
1.00029
1.00029
1.00029
1.0003
1.0003
1.0003
1.0003
1.0003
1.0003
1.0003
1.0003
1.0003
1.0003
1.0003
1.0003
1.0003
1.0003
1.0003
1.0003
1.0003
1.0003
1.0003
1.0003
1.0003
1.0003
1.0003
1.0003
1.0003
1.0003
1.0003
1.0003
1.0003
1.0003
1.0003
1.0003
1.0003
1.0003
1.0003
1.0003
1.00029
1.00029
1.00029
1.00029
1.00029
1.00029
1.00029
1.00028
1.00028
1.00028
1.00028
1.00028
1.00028
1.00027
1.00027
1.00027
1.00027
1.00027
1.00026
1.00026
1.00026
1.00026
1.00026
1.00025
1.00025
1.00025
1.00025
1.00024
1.00024
1.00024
1.00024
1.00023
1.00023
1.00023
1.00023
1.00022
1.00022
1.00022
1.00022
1.00021
1.00021
1.00021
1.00021
1.0002
1.0002
1.0002
1.0002
1.00019
1.00019
1.00019
1.00019
1.00018
1.00018
1.00018
1.00018
1.00017
1.00017
1.00017
1.00017
1.00016
1.00016
1.00016
1.00016
1.00015
1.00015
1.00015
1.00015
1.00014
1.00014
1.00014
1.00014
1.00013
1.00013
1.00013
1.00013
1.00012
1.00012
1.00012
1.00012
1.00011
1.00011
1.00011
1.0001
1.0001
1.0001
1.0001
1.00009
1.00009
1.00009
1.00009
1.00008
1.00008
1.00008
1.00008
1.00007
1.00007
1.00007
1.00007
1.00006
1.00006
1.00013
1.00083
1.00213
1.0024
1.00229
1.00194
1.00217
1.00233
1.00203
1.00194
1.00213
1.0021
1.00194
1.00197
1.00204
1.00198
1.00193
1.00196
1.00197
1.00193
1.00192
1.00194
1.00193
1.00191
1.00191
1.00192
1.00191
1.0019
1.0019
1.0019
1.00189
1.00189
1.00189
1.00188
1.00188
1.00187
1.00187
1.00187
1.00186
1.00186
1.00186
1.00185
1.00185
1.00185
1.00184
1.00184
1.00183
1.00183
1.00183
1.00182
1.00181
1.00181
1.0018
1.0018
1.00179
1.00179
1.00178
1.00177
1.00177
1.00175
1.00174
1.00174
1.00173
1.00171
1.0017
1.00169
1.00167
1.00166
1.00164
1.00163
1.00161
1.00159
1.00157
1.00155
1.00153
1.0015
1.00148
1.00145
1.00143
1.0014
1.00137
1.00135
1.00131
1.00128
1.00126
1.00123
1.00119
1.00116
1.00113
1.0011
1.00107
1.00104
1.00101
1.00098
1.00095
1.00093
1.0009
1.00087
1.00084
1.00082
1.00079
1.00077
1.00075
1.00072
1.0007
1.00068
1.00066
1.00064
1.00062
1.0006
1.00058
1.00056
1.00055
1.00053
1.00052
1.0005
1.00049
1.00048
1.00046
1.00045
1.00044
1.00043
1.00042
1.00041
1.0004
1.00039
1.00038
1.00037
1.00037
1.00036
1.00035
1.00035
1.00034
1.00034
1.00033
1.00033
1.00032
1.00032
1.00032
1.00031
1.00031
1.00031
1.00031
1.0003
1.0003
1.0003
1.0003
1.0003
1.0003
1.00029
1.00029
1.00029
1.00029
1.00029
1.00029
1.00029
1.00029
1.00029
1.00029
1.00029
1.00029
1.00029
1.00029
1.00029
1.00029
1.00029
1.00029
1.0003
1.0003
1.0003
1.0003
1.0003
1.0003
1.0003
1.0003
1.0003
1.0003
1.0003
1.0003
1.0003
1.0003
1.0003
1.0003
1.0003
1.0003
1.0003
1.0003
1.0003
1.0003
1.0003
1.0003
1.0003
1.0003
1.0003
1.0003
1.0003
1.0003
1.0003
1.0003
1.0003
1.00029
1.00029
1.00029
1.00029
1.00029
1.00029
1.00029
1.00028
1.00028
1.00028
1.00028
1.00028
1.00028
1.00027
1.00027
1.00027
1.00027
1.00027
1.00026
1.00026
1.00026
1.00026
1.00025
1.00025
1.00025
1.00025
1.00025
1.00024
1.00024
1.00024
1.00024
1.00023
1.00023
1.00023
1.00023
1.00022
1.00022
1.00022
1.00022
1.00021
1.00021
1.00021
1.00021
1.0002
1.0002
1.0002
1.0002
1.00019
1.00019
1.00019
1.00019
1.00018
1.00018
1.00018
1.00018
1.00017
1.00017
1.00017
1.00017
1.00016
1.00016
1.00016
1.00016
1.00015
1.00015
1.00015
1.00015
1.00014
1.00014
1.00014
1.00014
1.00013
1.00013
1.00013
1.00013
1.00012
1.00012
1.00012
1.00012
1.00011
1.00011
1.00011
1.0001
1.0001
1.0001
1.0001
1.00009
1.00009
1.00009
1.00009
1.00008
1.00008
1.00008
1.00008
1.00007
1.00007
1.00007
1.00007
1.00006
1.00006
1.0001
1.00084
1.00254
1.00207
1.0022
1.00237
1.0021
1.00207
1.00217
1.0021
1.00198
1.00202
1.00205
1.00199
1.00196
1.00198
1.00198
1.00194
1.00194
1.00195
1.00193
1.00192
1.00192
1.00192
1.00191
1.00191
1.00191
1.0019
1.00189
1.00189
1.00189
1.00189
1.00188
1.00188
1.00188
1.00187
1.00187
1.00187
1.00186
1.00186
1.00185
1.00185
1.00185
1.00184
1.00184
1.00184
1.00183
1.00183
1.00182
1.00182
1.00181
1.00181
1.0018
1.0018
1.00179
1.00178
1.00178
1.00177
1.00176
1.00175
1.00174
1.00173
1.00172
1.00171
1.0017
1.00169
1.00167
1.00166
1.00164
1.00163
1.00161
1.00159
1.00157
1.00155
1.00153
1.0015
1.00148
1.00146
1.00143
1.0014
1.00138
1.00135
1.00132
1.00129
1.00126
1.00123
1.0012
1.00117
1.00114
1.00111
1.00108
1.00105
1.00102
1.00099
1.00096
1.00093
1.0009
1.00088
1.00085
1.00082
1.0008
1.00078
1.00075
1.00073
1.00071
1.00068
1.00066
1.00064
1.00062
1.0006
1.00058
1.00057
1.00055
1.00053
1.00052
1.00051
1.00049
1.00048
1.00046
1.00045
1.00044
1.00043
1.00042
1.00041
1.0004
1.00039
1.00038
1.00038
1.00037
1.00036
1.00036
1.00035
1.00034
1.00034
1.00033
1.00033
1.00032
1.00032
1.00032
1.00031
1.00031
1.00031
1.0003
1.0003
1.0003
1.0003
1.0003
1.0003
1.00029
1.00029
1.00029
1.00029
1.00029
1.00029
1.00029
1.00029
1.00029
1.00029
1.00029
1.00029
1.00029
1.00029
1.00029
1.00029
1.00029
1.00029
1.00029
1.00029
1.00029
1.0003
1.0003
1.0003
1.0003
1.0003
1.0003
1.0003
1.0003
1.0003
1.0003
1.0003
1.0003
1.0003
1.0003
1.0003
1.0003
1.0003
1.0003
1.0003
1.0003
1.0003
1.0003
1.0003
1.0003
1.0003
1.0003
1.0003
1.0003
1.0003
1.0003
1.00029
1.00029
1.00029
1.00029
1.00029
1.00029
1.00029
1.00029
1.00028
1.00028
1.00028
1.00028
1.00028
1.00028
1.00027
1.00027
1.00027
1.00027
1.00027
1.00026
1.00026
1.00026
1.00026
1.00025
1.00025
1.00025
1.00025
1.00025
1.00024
1.00024
1.00024
1.00024
1.00023
1.00023
1.00023
1.00023
1.00022
1.00022
1.00022
1.00022
1.00021
1.00021
1.00021
1.00021
1.0002
1.0002
1.0002
1.0002
1.00019
1.00019
1.00019
1.00019
1.00018
1.00018
1.00018
1.00018
1.00017
1.00017
1.00017
1.00017
1.00016
1.00016
1.00016
1.00016
1.00015
1.00015
1.00015
1.00015
1.00014
1.00014
1.00014
1.00014
1.00013
1.00013
1.00013
1.00013
1.00012
1.00012
1.00012
1.00011
1.00011
1.00011
1.00011
1.0001
1.0001
1.0001
1.0001
1.00009
1.00009
1.00009
1.00009
1.00008
1.00008
1.00008
1.00008
1.00007
1.00007
1.00007
1.00007
1.00006
1.00006
1.00008
1.00104
1.00242
1.00205
1.00218
1.00259
1.00219
1.00189
1.00212
1.0022
1.00199
1.00194
1.00205
1.00202
1.00194
1.00195
1.00198
1.00195
1.00192
1.00194
1.00194
1.00192
1.00191
1.00192
1.00191
1.0019
1.0019
1.0019
1.00189
1.00189
1.00189
1.00188
1.00188
1.00188
1.00187
1.00187
1.00187
1.00186
1.00186
1.00186
1.00185
1.00185
1.00185
1.00184
1.00184
1.00184
1.00183
1.00183
1.00182
1.00182
1.00181
1.00181
1.0018
1.0018
1.00179
1.00178
1.00178
1.00177
1.00176
1.00175
1.00175
1.00173
1.00172
1.00171
1.0017
1.00169
1.00167
1.00166
1.00164
1.00163
1.00161
1.00159
1.00157
1.00155
1.00153
1.00151
1.00149
1.00146
1.00143
1.00141
1.00138
1.00135
1.00132
1.0013
1.00127
1.00124
1.00121
1.00118
1.00114
1.00112
1.00108
1.00105
1.00103
1.00099
1.00097
1.00094
1.00091
1.00088
1.00085
1.00083
1.0008
1.00078
1.00075
1.00073
1.00071
1.00069
1.00066
1.00065
1.00062
1.0006
1.00059
1.00057
1.00055
1.00054
1.00052
1.00051
1.00049
1.00048
1.00047
1.00045
1.00044
1.00043
1.00042
1.00041
1.0004
1.00039
1.00038
1.00038
1.00037
1.00036
1.00035
1.00035
1.00034
1.00034
1.00033
1.00033
1.00032
1.00032
1.00032
1.00031
1.00031
1.00031
1.0003
1.0003
1.0003
1.0003
1.0003
1.00029
1.00029
1.00029
1.00029
1.00029
1.00029
1.00029
1.00029
1.00029
1.00029
1.00029
1.00029
1.00029
1.00029
1.00029
1.00029
1.00029
1.00029
1.00029
1.00029
1.00029
1.00029
1.00029
1.00029
1.0003
1.0003
1.0003
1.0003
1.0003
1.0003
1.0003
1.0003
1.0003
1.0003
1.0003
1.0003
1.0003
1.0003
1.0003
1.0003
1.0003
1.0003
1.0003
1.0003
1.0003
1.0003
1.0003
1.0003
1.0003
1.0003
1.0003
1.0003
1.00029
1.00029
1.00029
1.00029
1.00029
1.00029
1.00029
1.00029
1.00028
1.00028
1.00028
1.00028
1.00028
1.00028
1.00027
1.00027
1.00027
1.00027
1.00027
1.00026
1.00026
1.00026
1.00026
1.00025
1.00025
1.00025
1.00025
1.00025
1.00024
1.00024
1.00024
1.00024
1.00023
1.00023
1.00023
1.00023
1.00022
1.00022
1.00022
1.00022
1.00021
1.00021
1.00021
1.00021
1.0002
1.0002
1.0002
1.0002
1.00019
1.00019
1.00019
1.00019
1.00018
1.00018
1.00018
1.00018
1.00017
1.00017
1.00017
1.00017
1.00016
1.00016
1.00016
1.00016
1.00015
1.00015
1.00015
1.00015
1.00014
1.00014
1.00014
1.00014
1.00013
1.00013
1.00013
1.00012
1.00012
1.00012
1.00012
1.00011
1.00011
1.00011
1.00011
1.0001
1.0001
1.0001
1.0001
1.00009
1.00009
1.00009
1.00009
1.00008
1.00008
1.00008
1.00008
1.00007
1.00007
1.00007
1.00007
1.00006
1.00006
1.00006
1.0008
1.00207
1.00307
1.00246
1.00183
1.00218
1.00233
1.00203
1.00193
1.00209
1.00206
1.00194
1.00196
1.00201
1.00196
1.00193
1.00195
1.00195
1.00192
1.00192
1.00193
1.00192
1.0019
1.00191
1.00191
1.0019
1.00189
1.00189
1.00189
1.00188
1.00188
1.00188
1.00188
1.00187
1.00187
1.00187
1.00186
1.00186
1.00186
1.00185
1.00185
1.00185
1.00184
1.00184
1.00183
1.00183
1.00183
1.00182
1.00182
1.00181
1.00181
1.0018
1.0018
1.00179
1.00178
1.00178
1.00177
1.00176
1.00175
1.00174
1.00174
1.00172
1.00171
1.0017
1.00169
1.00168
1.00166
1.00165
1.00163
1.00161
1.00159
1.00158
1.00155
1.00153
1.00151
1.00149
1.00146
1.00144
1.00141
1.00138
1.00136
1.00133
1.0013
1.00127
1.00124
1.00121
1.00118
1.00115
1.00112
1.00109
1.00106
1.00103
1.001
1.00097
1.00094
1.00091
1.00088
1.00086
1.00083
1.00081
1.00078
1.00076
1.00073
1.00071
1.00069
1.00067
1.00065
1.00062
1.00061
1.00059
1.00057
1.00055
1.00054
1.00052
1.00051
1.00049
1.00048
1.00046
1.00045
1.00044
1.00043
1.00042
1.00041
1.0004
1.00039
1.00038
1.00037
1.00037
1.00036
1.00035
1.00035
1.00034
1.00034
1.00033
1.00033
1.00032
1.00032
1.00031
1.00031
1.00031
1.0003
1.0003
1.0003
1.0003
1.0003
1.00029
1.00029
1.00029
1.00029
1.00029
1.00029
1.00029
1.00029
1.00029
1.00029
1.00029
1.00029
1.00029
1.00029
1.00029
1.00029
1.00029
1.00029
1.00029
1.00029
1.00029
1.00029
1.00029
1.00029
1.00029
1.00029
1.0003
1.0003
1.0003
1.0003
1.0003
1.0003
1.0003
1.0003
1.0003
1.0003
1.0003
1.0003
1.0003
1.0003
1.0003
1.0003
1.0003
1.0003
1.0003
1.0003
1.0003
1.0003
1.0003
1.0003
1.0003
1.0003
1.0003
1.00029
1.00029
1.00029
1.00029
1.00029
1.00029
1.00029
1.00029
1.00028
1.00028
1.00028
1.00028
1.00028
1.00028
1.00027
1.00027
1.00027
1.00027
1.00027
1.00026
1.00026
1.00026
1.00026
1.00025
1.00025
1.00025
1.00025
1.00025
1.00024
1.00024
1.00024
1.00024
1.00023
1.00023
1.00023
1.00023
1.00022
1.00022
1.00022
1.00022
1.00021
1.00021
1.00021
1.00021
1.0002
1.0002
1.0002
1.0002
1.00019
1.00019
1.00019
1.00019
1.00018
1.00018
1.00018
1.00018
1.00017
1.00017
1.00017
1.00017
1.00016
1.00016
1.00016
1.00016
1.00015
1.00015
1.00015
1.00015
1.00014
1.00014
1.00014
1.00014
1.00013
1.00013
1.00013
1.00012
1.00012
1.00012
1.00012
1.00011
1.00011
1.00011
1.00011
1.0001
1.0001
1.0001
1.0001
1.00009
1.00009
1.00009
1.00009
1.00008
1.00008
1.00008
1.00008
1.00007
1.00007
1.00007
1.00007
1.00006
1.00006
1.00004
1.00086
1.00282
1.00278
1.00246
1.00194
1.00214
1.00223
1.00205
1.00196
1.00205
1.00203
1.00196
1.00196
1.00199
1.00195
1.00193
1.00194
1.00194
1.00192
1.00192
1.00192
1.00191
1.0019
1.0019
1.0019
1.0019
1.00189
1.00189
1.00189
1.00188
1.00188
1.00188
1.00187
1.00187
1.00187
1.00186
1.00186
1.00186
1.00186
1.00185
1.00185
1.00185
1.00184
1.00184
1.00183
1.00183
1.00183
1.00182
1.00182
1.00181
1.00181
1.0018
1.0018
1.00179
1.00179
1.00178
1.00177
1.00176
1.00176
1.00175
1.00174
1.00173
1.00172
1.0017
1.00169
1.00168
1.00166
1.00165
1.00163
1.00162
1.0016
1.00158
1.00156
1.00154
1.00151
1.00149
1.00147
1.00144
1.00141
1.00139
1.00136
1.00133
1.0013
1.00127
1.00124
1.00121
1.00118
1.00115
1.00112
1.00109
1.00106
1.00103
1.001
1.00097
1.00094
1.00091
1.00089
1.00086
1.00083
1.00081
1.00078
1.00076
1.00073
1.00071
1.00069
1.00067
1.00064
1.00063
1.00061
1.00059
1.00057
1.00055
1.00054
1.00052
1.0005
1.00049
1.00048
1.00046
1.00045
1.00044
1.00043
1.00042
1.00041
1.0004
1.00039
1.00038
1.00037
1.00036
1.00036
1.00035
1.00034
1.00034
1.00033
1.00033
1.00032
1.00032
1.00032
1.00031
1.00031
1.00031
1.0003
1.0003
1.0003
1.0003
1.00029
1.00029
1.00029
1.00029
1.00029
1.00029
1.00029
1.00029
1.00029
1.00029
1.00029
1.00029
1.00029
1.00029
1.00029
1.00029
1.00029
1.00029
1.00029
1.00029
1.00029
1.00029
1.00029
1.00029
1.00029
1.00029
1.00029
1.00029
1.00029
1.0003
1.0003
1.0003
1.0003
1.0003
1.0003
1.0003
1.0003
1.0003
1.0003
1.0003
1.0003
1.0003
1.0003
1.0003
1.0003
1.0003
1.0003
1.0003
1.0003
1.0003
1.0003
1.0003
1.0003
1.00029
1.00029
1.00029
1.00029
1.00029
1.00029
1.00029
1.00029
1.00029
1.00028
1.00028
1.00028
1.00028
1.00028
1.00027
1.00027
1.00027
1.00027
1.00027
1.00027
1.00026
1.00026
1.00026
1.00026
1.00025
1.00025
1.00025
1.00025
1.00025
1.00024
1.00024
1.00024
1.00024
1.00023
1.00023
1.00023
1.00023
1.00022
1.00022
1.00022
1.00022
1.00021
1.00021
1.00021
1.00021
1.0002
1.0002
1.0002
1.0002
1.00019
1.00019
1.00019
1.00019
1.00018
1.00018
1.00018
1.00018
1.00017
1.00017
1.00017
1.00017
1.00016
1.00016
1.00016
1.00016
1.00015
1.00015
1.00015
1.00015
1.00014
1.00014
1.00014
1.00013
1.00013
1.00013
1.00013
1.00012
1.00012
1.00012
1.00012
1.00011
1.00011
1.00011
1.00011
1.0001
1.0001
1.0001
1.0001
1.00009
1.00009
1.00009
1.00009
1.00008
1.00008
1.00008
1.00008
1.00007
1.00007
1.00007
1.00007
1.00006
1.00006
1.00003
1.00357
1.00429
1.00139
1.00182
1.00267
1.00223
1.00179
1.00206
1.00217
1.00195
1.00191
1.00203
1.002
1.00191
1.00194
1.00197
1.00193
1.00191
1.00193
1.00193
1.00191
1.0019
1.00191
1.0019
1.00189
1.00189
1.00189
1.00189
1.00188
1.00188
1.00188
1.00187
1.00187
1.00187
1.00187
1.00186
1.00186
1.00186
1.00185
1.00185
1.00185
1.00185
1.00184
1.00184
1.00183
1.00183
1.00183
1.00182
1.00182
1.00181
1.00181
1.0018
1.0018
1.00179
1.00179
1.00178
1.00177
1.00176
1.00176
1.00175
1.00174
1.00173
1.00172
1.00171
1.00169
1.00168
1.00167
1.00165
1.00164
1.00162
1.0016
1.00158
1.00156
1.00154
1.00152
1.00149
1.00147
1.00144
1.00142
1.00139
1.00136
1.00134
1.00131
1.00128
1.00125
1.00122
1.00119
1.00115
1.00112
1.00109
1.00106
1.00103
1.001
1.00097
1.00094
1.00091
1.00089
1.00086
1.00083
1.00081
1.00078
1.00076
1.00073
1.00071
1.00069
1.00066
1.00064
1.00062
1.0006
1.00059
1.00057
1.00055
1.00053
1.00052
1.0005
1.00049
1.00047
1.00046
1.00045
1.00044
1.00043
1.00042
1.00041
1.0004
1.00039
1.00038
1.00037
1.00036
1.00036
1.00035
1.00034
1.00034
1.00033
1.00033
1.00032
1.00032
1.00031
1.00031
1.00031
1.0003
1.0003
1.0003
1.0003
1.00029
1.00029
1.00029
1.00029
1.00029
1.00029
1.00029
1.00029
1.00028
1.00028
1.00028
1.00028
1.00028
1.00028
1.00028
1.00028
1.00028
1.00029
1.00029
1.00029
1.00029
1.00029
1.00029
1.00029
1.00029
1.00029
1.00029
1.00029
1.00029
1.00029
1.00029
1.0003
1.0003
1.0003
1.0003
1.0003
1.0003
1.0003
1.0003
1.0003
1.0003
1.0003
1.0003
1.0003
1.0003
1.0003
1.0003
1.0003
1.0003
1.0003
1.0003
1.0003
1.0003
1.0003
1.00029
1.00029
1.00029
1.00029
1.00029
1.00029
1.00029
1.00029
1.00029
1.00028
1.00028
1.00028
1.00028
1.00028
1.00027
1.00027
1.00027
1.00027
1.00027
1.00027
1.00026
1.00026
1.00026
1.00026
1.00025
1.00025
1.00025
1.00025
1.00025
1.00024
1.00024
1.00024
1.00024
1.00023
1.00023
1.00023
1.00023
1.00022
1.00022
1.00022
1.00022
1.00021
1.00021
1.00021
1.00021
1.0002
1.0002
1.0002
1.0002
1.00019
1.00019
1.00019
1.00019
1.00018
1.00018
1.00018
1.00018
1.00017
1.00017
1.00017
1.00017
1.00016
1.00016
1.00016
1.00016
1.00015
1.00015
1.00015
1.00014
1.00014
1.00014
1.00014
1.00013
1.00013
1.00013
1.00013
1.00012
1.00012
1.00012
1.00012
1.00011
1.00011
1.00011
1.00011
1.0001
1.0001
1.0001
1.0001
1.00009
1.00009
1.00009
1.00009
1.00008
1.00008
1.00008
1.00008
1.00007
1.00007
1.00007
1.00007
1.00006
1.00006
1.00002
1
1
1
1
1
1
1
1
1
1
1
1
1
1
1
1
1
1
1
1
1
1
1
1
1
1
1
1
1
1
1
1
1
1
1
1
1
1
1
1
1
1
1
1
1
1
1
1
1
1
1
1
1
1
1
1
1
1
1
1
1
1
1
1
1
1
1
1
1
1
1
1
1
1
1
1
1
1
1
1
1
1
1
1
1
1
1
1
1
1
1
1
1
1
1
1
1
1
1
1
1
1
1
1
1
1
1
1
1
1
1
1
1
1
1
1
1
1
1
1
1
1
1
1
1
1
1
1
1
1
1
1
1
1
1
1
1
1
1
1
1
1
1
1
1
1
1
1
1
1
1
1
1
1
1
1
1
1
1
1
1
1
1
1
1
1
1
1
1
1
1
1
1
1
1
1
1
1
1
1
1
1
1
1
1
1
1
1
1
1
1
1
1
1
1
1
1
1
1
1
1
1
1
1
1
1
1
1
1
1
1
1
1
1
1
1
1
1
1
1
1
1
1
1
1
1
1
1
1
1
1
1
1
1
1
1
1
1
1
1
1
1
1
1
1
1
1
1
1
1
1
1
1
1
1
1
1
1
1
1
1
1
1
1
1
1
1
1
1
1
1
1
1
1
1
1
1
1
1
1
1
1
1
1
1
1
1
1
1
1
1
1
1
1
1
1
1
1
1
1
