# vtk DataFile Version 3.0
LBM Simulation
ASCII
DATASET STRUCTURED_POINTS
DIMENSIONS 300 60 1
ORIGIN 0 0 0
SPACING 1 1 1
POINT_DATA 18000
VECTORS velocity double
0.0 0.0 0.0
0.0 0.0 0.0
0.0 0.0 0.0
0.0 0.0 0.0
0.0 0.0 0.0
0.0 0.0 0.0
0.0 0.0 0.0
0.0 0.0 0.0
0.0 0.0 0.0
0.0 0.0 0.0
0.0 0.0 0.0
0.0 0.0 0.0
0.0 0.0 0.0
0.0 0.0 0.0
0.0 0.0 0.0
0.0 0.0 0.0
0.0 0.0 0.0
0.0 0.0 0.0
0.0 0.0 0.0
0.0 0.0 0.0
0.0 0.0 0.0
0.0 0.0 0.0
0.0 0.0 0.0
0.0 0.0 0.0
0.0 0.0 0.0
0.0 0.0 0.0
0.0 0.0 0.0
0.0 0.0 0.0
0.0 0.0 0.0
0.0 0.0 0.0
0.0 0.0 0.0
0.0 0.0 0.0
0.0 0.0 0.0
0.0 0.0 0.0
0.0 0.0 0.0
0.0 0.0 0.0
0.0 0.0 0.0
0.0 0.0 0.0
0.0 0.0 0.0
0.0 0.0 0.0
0.0 0.0 0.0
0.0 0.0 0.0
0.0 0.0 0.0
0.0 0.0 0.0
0.0 0.0 0.0
0.0 0.0 0.0
0.0 0.0 0.0
0.0 0.0 0.0
0.0 0.0 0.0
0.0 0.0 0.0
0.0 0.0 0.0
0.0 0.0 0.0
0.0 0.0 0.0
0.0 0.0 0.0
0.0 0.0 0.0
0.0 0.0 0.0
0.0 0.0 0.0
0.0 0.0 0.0
0.0 0.0 0.0
0.0 0.0 0.0
0.0 0.0 0.0
0.0 0.0 0.0
0.0 0.0 0.0
0.0 0.0 0.0
0.0 0.0 0.0
0.0 0.0 0.0
0.0 0.0 0.0
0.0 0.0 0.0
0.0 0.0 0.0
0.0 0.0 0.0
0.0 0.0 0.0
0.0 0.0 0.0
0.0 0.0 0.0
0.0 0.0 0.0
0.0 0.0 0.0
0.0 0.0 0.0
0.0 0.0 0.0
0.0 0.0 0.0
0.0 0.0 0.0
0.0 0.0 0.0
0.0 0.0 0.0
0.0 0.0 0.0
0.0 0.0 0.0
0.0 0.0 0.0
0.0 0.0 0.0
0.0 0.0 0.0
0.0 0.0 0.0
0.0 0.0 0.0
0.0 0.0 0.0
0.0 0.0 0.0
0.0 0.0 0.0
0.0 0.0 0.0
0.0 0.0 0.0
0.0 0.0 0.0
0.0 0.0 0.0
0.0 0.0 0.0
0.0 0.0 0.0
0.0 0.0 0.0
0.0 0.0 0.0
0.0 0.0 0.0
0.0 0.0 0.0
0.0 0.0 0.0
0.0 0.0 0.0
0.0 0.0 0.0
0.0 0.0 0.0
0.0 0.0 0.0
0.0 0.0 0.0
0.0 0.0 0.0
0.0 0.0 0.0
0.0 0.0 0.0
0.0 0.0 0.0
0.0 0.0 0.0
0.0 0.0 0.0
0.0 0.0 0.0
0.0 0.0 0.0
0.0 0.0 0.0
0.0 0.0 0.0
0.0 0.0 0.0
0.0 0.0 0.0
0.0 0.0 0.0
0.0 0.0 0.0
0.0 0.0 0.0
0.0 0.0 0.0
0.0 0.0 0.0
0.0 0.0 0.0
0.0 0.0 0.0
0.0 0.0 0.0
0.0 0.0 0.0
0.0 0.0 0.0
0.0 0.0 0.0
0.0 0.0 0.0
0.0 0.0 0.0
0.0 0.0 0.0
0.0 0.0 0.0
0.0 0.0 0.0
0.0 0.0 0.0
0.0 0.0 0.0
0.0 0.0 0.0
0.0 0.0 0.0
0.0 0.0 0.0
0.0 0.0 0.0
0.0 0.0 0.0
0.0 0.0 0.0
0.0 0.0 0.0
0.0 0.0 0.0
0.0 0.0 0.0
0.0 0.0 0.0
0.0 0.0 0.0
0.0 0.0 0.0
0.0 0.0 0.0
0.0 0.0 0.0
0.0 0.0 0.0
0.0 0.0 0.0
0.0 0.0 0.0
0.0 0.0 0.0
0.0 0.0 0.0
0.0 0.0 0.0
0.0 0.0 0.0
0.0 0.0 0.0
0.0 0.0 0.0
0.0 0.0 0.0
0.0 0.0 0.0
0.0 0.0 0.0
0.0 0.0 0.0
0.0 0.0 0.0
0.0 0.0 0.0
0.0 0.0 0.0
0.0 0.0 0.0
0.0 0.0 0.0
0.0 0.0 0.0
0.0 0.0 0.0
0.0 0.0 0.0
0.0 0.0 0.0
0.0 0.0 0.0
0.0 0.0 0.0
0.0 0.0 0.0
0.0 0.0 0.0
0.0 0.0 0.0
0.0 0.0 0.0
0.0 0.0 0.0
0.0 0.0 0.0
0.0 0.0 0.0
0.0 0.0 0.0
0.0 0.0 0.0
0.0 0.0 0.0
0.0 0.0 0.0
0.0 0.0 0.0
0.0 0.0 0.0
0.0 0.0 0.0
0.0 0.0 0.0
0.0 0.0 0.0
0.0 0.0 0.0
0.0 0.0 0.0
0.0 0.0 0.0
0.0 0.0 0.0
0.0 0.0 0.0
0.0 0.0 0.0
0.0 0.0 0.0
0.0 0.0 0.0
0.0 0.0 0.0
0.0 0.0 0.0
0.0 0.0 0.0
0.0 0.0 0.0
0.0 0.0 0.0
0.0 0.0 0.0
0.0 0.0 0.0
0.0 0.0 0.0
0.0 0.0 0.0
0.0 0.0 0.0
0.0 0.0 0.0
0.0 0.0 0.0
0.0 0.0 0.0
0.0 0.0 0.0
0.0 0.0 0.0
0.0 0.0 0.0
0.0 0.0 0.0
0.0 0.0 0.0
0.0 0.0 0.0
0.0 0.0 0.0
0.0 0.0 0.0
0.0 0.0 0.0
0.0 0.0 0.0
0.0 0.0 0.0
0.0 0.0 0.0
0.0 0.0 0.0
0.0 0.0 0.0
0.0 0.0 0.0
0.0 0.0 0.0
0.0 0.0 0.0
0.0 0.0 0.0
0.0 0.0 0.0
0.0 0.0 0.0
0.0 0.0 0.0
0.0 0.0 0.0
0.0 0.0 0.0
0.0 0.0 0.0
0.0 0.0 0.0
0.0 0.0 0.0
0.0 0.0 0.0
0.0 0.0 0.0
0.0 0.0 0.0
0.0 0.0 0.0
0.0 0.0 0.0
0.0 0.0 0.0
0.0 0.0 0.0
0.0 0.0 0.0
0.0 0.0 0.0
0.0 0.0 0.0
0.0 0.0 0.0
0.0 0.0 0.0
0.0 0.0 0.0
0.0 0.0 0.0
0.0 0.0 0.0
0.0 0.0 0.0
0.0 0.0 0.0
0.0 0.0 0.0
0.0 0.0 0.0
0.0 0.0 0.0
0.0 0.0 0.0
0.0 0.0 0.0
0.0 0.0 0.0
0.0 0.0 0.0
0.0 0.0 0.0
0.0 0.0 0.0
0.0 0.0 0.0
0.0 0.0 0.0
0.0 0.0 0.0
0.0 0.0 0.0
0.0 0.0 0.0
0.0 0.0 0.0
0.0 0.0 0.0
0.0 0.0 0.0
0.0 0.0 0.0
0.0 0.0 0.0
0.0 0.0 0.0
0.0 0.0 0.0
0.0 0.0 0.0
0.0 0.0 0.0
0.0 0.0 0.0
0.0 0.0 0.0
0.0 0.0 0.0
0.0 0.0 0.0
0.0 0.0 0.0
0.0 0.0 0.0
0.0 0.0 0.0
0.0 0.0 0.0
0.0 0.0 0.0
0.0 0.0 0.0
0.0 0.0 0.0
0.0 0.0 0.0
0.0 0.0 0.0
0.0 0.0 0.0
0.0 0.0 0.0
0.0 0.0 0.0
0.0 0.0 0.0
0.0 0.0 0.0
0.0 0.0 0.0
0.0 0.0 0.0
0.0 0.0 0.0
0.0 0.0 0.0
0.0 0.0 0.0
0.0134088 0.0013099 0.0
0.00813298 0.000643569 0.0
0.00656374 -0.000579654 0.0
0.00655161 -0.000912374 0.0
0.00567953 -0.00011549 0.0
0.00457779 -0.000423041 0.0
0.0042818 -0.000651598 0.0
0.00407 -0.000611447 0.0
0.0036328 -0.000453097 0.0
0.00332534 -0.000607955 0.0
0.00321853 -0.000629646 0.0
0.00304332 -0.000586733 0.0
0.00283694 -0.000568335 0.0
0.00272251 -0.000631302 0.0
0.0026424 -0.000614891 0.0
0.00252373 -0.000599939 0.0
0.00242265 -0.000607562 0.0
0.00236041 -0.000627303 0.0
0.00229497 -0.000612499 0.0
0.00222009 -0.000611804 0.0
0.00216406 -0.000618614 0.0
0.00211959 -0.000622164 0.0
0.0020699 -0.000614566 0.0
0.00202269 -0.000617547 0.0
0.00198635 -0.000620162 0.0
0.00195199 -0.000619355 0.0
0.00191628 -0.000616576 0.0
0.00188526 -0.000618999 0.0
0.00185907 -0.000619106 0.0
0.001833 -0.000617945 0.0
0.00180811 -0.000617221 0.0
0.00178685 -0.000618309 0.0
0.00176762 -0.00061758 0.0
0.00174893 -0.000616827 0.0
0.00173217 -0.000616605 0.0
0.00171777 -0.000616789 0.0
0.00170464 -0.000615968 0.0
0.00169261 -0.00061542 0.0
0.00168245 -0.000615214 0.0
0.00167414 -0.000614973 0.0
0.00166712 -0.000614109 0.0
0.00166143 -0.000613635 0.0
0.0016577 -0.000613442 0.0
0.0016559 -0.000612819 0.0
0.00165542 -0.000611867 0.0
0.0016566 -0.00061163 0.0
0.00166031 -0.000611216 0.0
0.001666 -0.000610065 0.0
0.0016731 -0.000609376 0.0
0.00168281 -0.000609223 0.0
0.00169553 -0.000607995 0.0
0.0017101 -0.00060676 0.0
0.00172692 -0.000606468 0.0
0.00174729 -0.000605418 0.0
0.0017706 -0.000603517 0.0
0.00179624 -0.000602771 0.0
0.00182514 -0.000601666 0.0
0.00185764 -0.000599315 0.0
0.00189327 -0.00059756 0.0
0.00193188 -0.000596187 0.0
0.0019736 -0.000593229 0.0
0.00201876 -0.000590321 0.0
0.00206717 -0.000587882 0.0
0.00211778 -0.000584453 0.0
0.00217078 -0.000580047 0.0
0.00222667 -0.000575988 0.0
0.00228426 -0.000571532 0.0
0.00234258 -0.000566152 0.0
0.00240208 -0.000559762 0.0
0.0024621 -0.000553657 0.0
0.00252187 -0.000547568 0.0
0.00258077 -0.000539507 0.0
0.0026378 -0.000530736 0.0
0.00269328 -0.000523955 0.0
0.00274729 -0.000515391 0.0
0.00279712 -0.000504258 0.0
0.0028432 -0.000495992 0.0
0.00288761 -0.00048787 0.0
0.00292758 -0.000475779 0.0
0.00296176 -0.000465824 0.0
0.00299335 -0.000457937 0.0
0.0030212 -0.000446433 0.0
0.0030433 -0.000435583 0.0
0.00306158 -0.000427373 0.0
0.00307645 -0.000417226 0.0
0.00308675 -0.000406517 0.0
0.00309331 -0.000398016 0.0
0.00309629 -0.000389096 0.0
0.00309581 -0.000379487 0.0
0.00309249 -0.000370838 0.0
0.00308615 -0.000363008 0.0
0.00307678 -0.000354675 0.0
0.00306544 -0.000346531 0.0
0.00305217 -0.000339252 0.0
0.00303647 -0.000332251 0.0
0.00301893 -0.000324889 0.0
0.00300047 -0.000318176 0.0
0.00298057 -0.00031196 0.0
0.00295887 -0.000305704 0.0
0.00293636 -0.000299476 0.0
0.00291346 -0.000293899 0.0
0.00288935 -0.00028845 0.0
0.00286413 -0.000283025 0.0
0.00283877 -0.000277794 0.0
0.00281314 -0.000273048 0.0
0.00278662 -0.000268369 0.0
0.00275969 -0.000263698 0.0
0.00273288 -0.000259258 0.0
0.00270591 -0.000255333 0.0
0.00267863 -0.000251313 0.0
0.00265133 -0.000247186 0.0
0.00262434 -0.000243651 0.0
0.00259759 -0.000240366 0.0
0.00257083 -0.000236642 0.0
0.00254432 -0.000233302 0.0
0.00251857 -0.000230526 0.0
0.00249312 -0.000227282 0.0
0.00246779 -0.000224156 0.0
0.00244331 -0.00022159 0.0
0.00241955 -0.000218804 0.0
0.00239598 -0.000215907 0.0
0.00237307 -0.000213472 0.0
0.00235109 -0.000210926 0.0
0.00232956 -0.000208329 0.0
0.00230859 -0.000205968 0.0
0.00228843 -0.000203547 0.0
0.00226888 -0.000201111 0.0
0.00224996 -0.000198912 0.0
0.00223168 -0.000196513 0.0
0.0022139 -0.000194109 0.0
0.00219677 -0.000192031 0.0
0.00218024 -0.000189706 0.0
0.00216402 -0.000187244 0.0
0.00214827 -0.000185163 0.0
0.00213311 -0.000182988 0.0
0.00211818 -0.000180488 0.0
0.00210347 -0.0001783 0.0
0.00208923 -0.000176237 0.0
0.00207525 -0.000173842 0.0
0.00206134 -0.000171501 0.0
0.00204771 -0.000169458 0.0
0.00203431 -0.000167216 0.0
0.00202096 -0.000164845 0.0
0.00200774 -0.000162707 0.0
0.00199462 -0.000160553 0.0
0.00198144 -0.00015825 0.0
0.00196833 -0.000156053 0.0
0.00195519 -0.000153865 0.0
0.00194175 -0.000151614 0.0
0.00192816 -0.000149441 0.0
0.00191451 -0.000147207 0.0
0.00190038 -0.000144954 0.0
0.0018857 -0.000142817 0.0
0.00187075 -0.000140621 0.0
0.00185535 -0.000138379 0.0
0.00183918 -0.00013629 0.0
0.00182234 -0.000134202 0.0
0.00180499 -0.00013205 0.0
0.00178702 -0.000130058 0.0
0.00176821 -0.000128172 0.0
0.00174869 -0.000126215 0.0
0.00172869 -0.000124363 0.0
0.00170815 -0.000122752 0.0
0.00168694 -0.000121145 0.0
0.00166528 -0.000119495 0.0
0.00164341 -0.000118118 0.0
0.00162132 -0.000116961 0.0
0.00159896 -0.000115656 0.0
0.00157654 -0.000114445 0.0
0.00155437 -0.000113639 0.0
0.0015324 -0.000112793 0.0
0.00151052 -0.000111789 0.0
0.00148909 -0.000111149 0.0
0.00146832 -0.000110667 0.0
0.00144795 -0.000109967 0.0
0.00142808 -0.000109406 0.0
0.00140905 -0.000109079 0.0
0.00139073 -0.00010865 0.0
0.00137299 -0.000108196 0.0
0.00135606 -0.000107877 0.0
0.00133997 -0.000107577 0.0
0.00132457 -0.000107227 0.0
0.00130989 -0.000106898 0.0
0.00129602 -0.000106591 0.0
0.00128286 -0.000106282 0.0
0.00127036 -0.000105947 0.0
0.00125854 -0.000105592 0.0
0.00124739 -0.000105241 0.0
0.00123683 -0.000104885 0.0
0.00122683 -0.00010448 0.0
0.00121739 -0.000104057 0.0
0.00120848 -0.00010364 0.0
0.00120002 -0.000103191 0.0
0.001192 -0.000102696 0.0
0.00118441 -0.0001022 0.0
0.0011772 -0.000101693 0.0
0.00117033 -0.000101143 0.0
0.00116378 -0.000100568 0.0
0.00115755 -9.99942e-05 0.0
0.00115159 -9.93936e-05 0.0
0.00114586 -9.87592e-05 0.0
0.00114037 -9.81162e-05 0.0
0.0011351 -9.74655e-05 0.0
0.00113 -9.67854e-05 0.0
0.00112508 -9.60871e-05 0.0
0.00112032 -9.53847e-05 0.0
0.0011157 -9.46677e-05 0.0
0.0011112 -9.39288e-05 0.0
0.00110683 -9.31823e-05 0.0
0.00110257 -9.24302e-05 0.0
0.0010984 -9.16631e-05 0.0
0.00109432 -9.08835e-05 0.0
0.00109032 -9.01006e-05 0.0
0.0010864 -8.93104e-05 0.0
0.00108255 -8.85092e-05 0.0
0.00107875 -8.77022e-05 0.0
0.00107503 -8.68928e-05 0.0
0.00107135 -8.60766e-05 0.0
0.00106773 -8.52542e-05 0.0
0.00106415 -8.44294e-05 0.0
0.00106063 -8.36023e-05 0.0
0.00105715 -8.27706e-05 0.0
0.00105371 -8.19362e-05 0.0
0.00105031 -8.11009e-05 0.0
0.00104695 -8.02638e-05 0.0
0.00104363 -7.94244e-05 0.0
0.00104035 -7.85845e-05 0.0
0.00103711 -7.77444e-05 0.0
0.00103391 -7.69034e-05 0.0
0.00103074 -7.60619e-05 0.0
0.00102761 -7.52209e-05 0.0
0.00102452 -7.43803e-05 0.0
0.00102146 -7.35398e-05 0.0
0.00101844 -7.27e-05 0.0
0.00101545 -7.18613e-05 0.0
0.00101251 -7.10233e-05 0.0
0.0010096 -7.01863e-05 0.0
0.00100672 -6.93506e-05 0.0
0.00100389 -6.85163e-05 0.0
0.00100109 -6.76833e-05 0.0
0.000998324 -6.68516e-05 0.0
0.000995599 -6.60216e-05 0.0
0.000992912 -6.51933e-05 0.0
0.000990262 -6.43664e-05 0.0
0.00098765 -6.35413e-05 0.0
0.000985075 -6.2718e-05 0.0
0.000982538 -6.18965e-05 0.0
0.000980038 -6.10767e-05 0.0
0.000977576 -6.02588e-05 0.0
0.000975151 -5.94427e-05 0.0
0.000972763 -5.86285e-05 0.0
0.000970412 -5.78161e-05 0.0
0.000968099 -5.70057e-05 0.0
0.000965823 -5.61971e-05 0.0
0.000963583 -5.53904e-05 0.0
0.00096138 -5.45856e-05 0.0
0.000959214 -5.37827e-05 0.0
0.000957084 -5.29816e-05 0.0
0.000954991 -5.21825e-05 0.0
0.000952934 -5.13852e-05 0.0
0.000950913 -5.05898e-05 0.0
0.000948928 -4.97962e-05 0.0
0.000946978 -4.90045e-05 0.0
0.000945065 -4.82145e-05 0.0
0.000943188 -4.74265e-05 0.0
0.000941347 -4.66402e-05 0.0
0.000939541 -4.58559e-05 0.0
0.000937772 -4.50731e-05 0.0
0.00093604 -4.42923e-05 0.0
0.000934344 -4.35131e-05 0.0
0.000932685 -4.27359e-05 0.0
0.000931065 -4.19599e-05 0.0
0.000929482 -4.11863e-05 0.0
0.000927938 -4.0414e-05 0.0
0.000926435 -3.96437e-05 0.0
0.000924972 -3.88743e-05 0.0
0.000923551 -3.8108e-05 0.0
0.000922175 -3.73419e-05 0.0
0.000920843 -3.65783e-05 0.0
0.000919558 -3.58152e-05 0.0
0.000918322 -3.50561e-05 0.0
0.000917138 -3.42949e-05 0.0
0.000916006 -3.35378e-05 0.0
0.000914931 -3.27808e-05 0.0
0.000913916 -3.20278e-05 0.0
0.000912963 -3.12691e-05 0.0
0.000912072 -3.05187e-05 0.0
0.000911251 -2.97663e-05 0.0
0.000910505 -2.90144e-05 0.0
0.000909824 -2.82528e-05 0.0
0.000909212 -2.75091e-05 0.0
0.000908687 -2.67522e-05 0.0
0.000908221 -2.59782e-05 0.0
0.000907777 -2.52012e-05 0.0
0.000907387 -2.44563e-05 0.0
0.000907033 -2.3633e-05 0.0
0.000906481 -2.27223e-05 0.0
0.000905756 -2.19992e-05 0.0
0.0 0.0 0.0
0.0 0.0 0.0
0.0197282 0.00300699 0.0
0.0199032 0.00394052 0.0
0.0173467 0.00139609 0.0
0.014524 0.000496128 0.0
0.0131549 0.00100081 0.0
0.0123351 0.000434501 0.0
0.0112359 7.61714e-05 0.0
0.0102562 -4.38794e-07 0.0
0.00966758 1.63918e-05 0.0
0.00914151 -0.000238529 0.0
0.00858294 -0.000274217 0.0
0.00814849 -0.000287496 0.0
0.00782455 -0.000329549 0.0
0.00749415 -0.000419439 0.0
0.00718422 -0.000410356 0.0
0.00694209 -0.000430673 0.0
0.00672841 -0.000461754 0.0
0.0065139 -0.000489495 0.0
0.00632543 -0.000484485 0.0
0.00616733 -0.000503787 0.0
0.00601667 -0.000519148 0.0
0.00587272 -0.000527783 0.0
0.00574754 -0.000529241 0.0
0.00563501 -0.000542486 0.0
0.00552662 -0.000548958 0.0
0.00542676 -0.000553012 0.0
0.00533813 -0.000556846 0.0
0.00525544 -0.000564601 0.0
0.00517715 -0.000567581 0.0
0.0051062 -0.000570766 0.0
0.00504179 -0.000574511 0.0
0.0049814 -0.000578954 0.0
0.00492561 -0.000580977 0.0
0.00487541 -0.000583848 0.0
0.00482968 -0.000586931 0.0
0.0047877 -0.000589859 0.0
0.0047501 -0.000591762 0.0
0.00471704 -0.000594438 0.0
0.00468799 -0.000597167 0.0
0.0046628 -0.000599571 0.0
0.00464182 -0.000601631 0.0
0.0046254 -0.000604466 0.0
0.00461329 -0.000607216 0.0
0.00460518 -0.000609557 0.0
0.00460187 -0.000612188 0.0
0.00460399 -0.000615533 0.0
0.00461072 -0.000618391 0.0
0.00462216 -0.000621253 0.0
0.00464004 -0.00062489 0.0
0.00466415 -0.00062855 0.0
0.00469333 -0.000631863 0.0
0.00472927 -0.000635986 0.0
0.00477322 -0.000640054 0.0
0.00482367 -0.000643896 0.0
0.004881 -0.000648597 0.0
0.00494724 -0.000653121 0.0
0.00502162 -0.000656494 0.0
0.00510356 -0.000661509 0.0
0.00519453 -0.000666522 0.0
0.00529413 -0.000668927 0.0
0.00540159 -0.000672148 0.0
0.00551801 -0.000677374 0.0
0.00564249 -0.000678652 0.0
0.00577319 -0.000678386 0.0
0.00591146 -0.000681053 0.0
0.00605692 -0.000681469 0.0
0.00620578 -0.000676964 0.0
0.00635777 -0.000674547 0.0
0.00651484 -0.000672105 0.0
0.00667313 -0.000664248 0.0
0.0068287 -0.000655722 0.0
0.0069841 -0.000648759 0.0
0.00713912 -0.0006372 0.0
0.00728727 -0.00062391 0.0
0.00742865 -0.000612521 0.0
0.00756651 -0.000597383 0.0
0.00769594 -0.000580083 0.0
0.00781402 -0.000566207 0.0
0.00792475 -0.000549184 0.0
0.00802593 -0.000528924 0.0
0.00811453 -0.000513308 0.0
0.0081933 -0.00049684 0.0
0.00826179 -0.000476282 0.0
0.00831804 -0.000458982 0.0
0.00836422 -0.000443815 0.0
0.00840031 -0.000425792 0.0
0.00842558 -0.000408512 0.0
0.00844159 -0.000393771 0.0
0.00844889 -0.000379393 0.0
0.00844721 -0.000364185 0.0
0.00843787 -0.000350224 0.0
0.00842159 -0.000338192 0.0
0.00839841 -0.000326287 0.0
0.008369 -0.000313934 0.0
0.00833466 -0.000303403 0.0
0.00829542 -0.000293847 0.0
0.00825115 -0.00028408 0.0
0.00820314 -0.000274694 0.0
0.00815217 -0.000266576 0.0
0.00809748 -0.000258749 0.0
0.00803952 -0.000251155 0.0
0.00797964 -0.000243849 0.0
0.0079176 -0.000237292 0.0
0.00785292 -0.000231136 0.0
0.0077866 -0.000225215 0.0
0.00771923 -0.000219409 0.0
0.00765036 -0.000214335 0.0
0.00758026 -0.000209653 0.0
0.00750967 -0.000205103 0.0
0.0074387 -0.000200791 0.0
0.00736738 -0.000197055 0.0
0.00729603 -0.000193671 0.0
0.007225 -0.000190448 0.0
0.00715464 -0.000187341 0.0
0.00708482 -0.000184677 0.0
0.00701564 -0.000182541 0.0
0.0069478 -0.000180096 0.0
0.00688117 -0.000177771 0.0
0.00681541 -0.000176275 0.0
0.00675118 -0.000174638 0.0
0.00668864 -0.000172513 0.0
0.00662732 -0.000171242 0.0
0.00656753 -0.00017018 0.0
0.00650955 -0.000168496 0.0
0.00645307 -0.000167104 0.0
0.00639821 -0.000166277 0.0
0.00634508 -0.000164951 0.0
0.00629338 -0.000163536 0.0
0.00624336 -0.000162534 0.0
0.00619496 -0.000161295 0.0
0.0061477 -0.000159864 0.0
0.0061018 -0.000158605 0.0
0.00605751 -0.0001572 0.0
0.0060141 -0.000155629 0.0
0.00597149 -0.000154162 0.0
0.00593022 -0.000152535 0.0
0.00588988 -0.000150786 0.0
0.00584992 -0.000149104 0.0
0.00581078 -0.000147371 0.0
0.00577254 -0.00014542 0.0
0.00573466 -0.000143572 0.0
0.00569717 -0.000141752 0.0
0.00566029 -0.000139668 0.0
0.00562367 -0.000137577 0.0
0.00558727 -0.000135632 0.0
0.00555113 -0.000133385 0.0
0.00551485 -0.000130998 0.0
0.0054784 -0.000128778 0.0
0.00544195 -0.000126257 0.0
0.00540493 -0.000123503 0.0
0.00536705 -0.000120922 0.0
0.0053286 -0.000118093 0.0
0.00528925 -0.000114869 0.0
0.00524849 -0.000111886 0.0
0.00520638 -0.000108913 0.0
0.00516291 -0.00010539 0.0
0.00511774 -0.000101938 0.0
0.0050708 -9.89904e-05 0.0
0.0050221 -9.57076e-05 0.0
0.0049715 -9.20746e-05 0.0
0.00491913 -8.9121e-05 0.0
0.00486515 -8.65315e-05 0.0
0.00480941 -8.34652e-05 0.0
0.00475209 -8.06749e-05 0.0
0.00469374 -7.87662e-05 0.0
0.00463442 -7.68485e-05 0.0
0.00457401 -7.47972e-05 0.0
0.00451317 -7.34573e-05 0.0
0.00445245 -7.26254e-05 0.0
0.00439161 -7.17445e-05 0.0
0.00433096 -7.11336e-05 0.0
0.00427124 -7.10078e-05 0.0
0.00421249 -7.11582e-05 0.0
0.00415468 -7.14071e-05 0.0
0.0040983 -7.17843e-05 0.0
0.00404359 -7.24988e-05 0.0
0.00399051 -7.34154e-05 0.0
0.00393922 -7.4214e-05 0.0
0.00388987 -7.51438e-05 0.0
0.00384251 -7.6327e-05 0.0
0.00379717 -7.74042e-05 0.0
0.00375383 -7.83779e-05 0.0
0.0037125 -7.95159e-05 0.0
0.00367319 -8.06344e-05 0.0
0.00363582 -8.15725e-05 0.0
0.00360032 -8.25068e-05 0.0
0.00356665 -8.34706e-05 0.0
0.00353475 -8.42846e-05 0.0
0.00350451 -8.49881e-05 0.0
0.00347584 -8.56809e-05 0.0
0.00344869 -8.62975e-05 0.0
0.00342295 -8.67746e-05 0.0
0.00339854 -8.71865e-05 0.0
0.00337536 -8.75486e-05 0.0
0.00335334 -8.78118e-05 0.0
0.00333239 -8.79759e-05 0.0
0.00331245 -8.80858e-05 0.0
0.00329341 -8.81307e-05 0.0
0.00327522 -8.80932e-05 0.0
0.00325783 -8.79857e-05 0.0
0.00324115 -8.78289e-05 0.0
0.00322513 -8.76139e-05 0.0
0.0032097 -8.73383e-05 0.0
0.00319485 -8.70116e-05 0.0
0.00318049 -8.66447e-05 0.0
0.00316659 -8.62332e-05 0.0
0.00315312 -8.57787e-05 0.0
0.00314004 -8.5288e-05 0.0
0.00312731 -8.47677e-05 0.0
0.0031149 -8.42157e-05 0.0
0.0031028 -8.36342e-05 0.0
0.00309097 -8.30287e-05 0.0
0.00307939 -8.2403e-05 0.0
0.00306803 -8.17557e-05 0.0
0.0030569 -8.10896e-05 0.0
0.00304597 -8.04087e-05 0.0
0.00303522 -7.97147e-05 0.0
0.00302465 -7.9007e-05 0.0
0.00301424 -7.82883e-05 0.0
0.00300399 -7.75612e-05 0.0
0.00299388 -7.68261e-05 0.0
0.00298392 -7.60833e-05 0.0
0.00297409 -7.53349e-05 0.0
0.00296439 -7.45822e-05 0.0
0.00295482 -7.38252e-05 0.0
0.00294537 -7.30646e-05 0.0
0.00293604 -7.23019e-05 0.0
0.00292683 -7.15374e-05 0.0
0.00291773 -7.07712e-05 0.0
0.00290875 -7.00041e-05 0.0
0.00289988 -6.92368e-05 0.0
0.00289113 -6.84693e-05 0.0
0.00288248 -6.77019e-05 0.0
0.00287395 -6.6935e-05 0.0
0.00286553 -6.6169e-05 0.0
0.00285722 -6.54038e-05 0.0
0.00284901 -6.46397e-05 0.0
0.00284092 -6.38768e-05 0.0
0.00283294 -6.31154e-05 0.0
0.00282507 -6.23553e-05 0.0
0.0028173 -6.15967e-05 0.0
0.00280965 -6.08398e-05 0.0
0.00280211 -6.00844e-05 0.0
0.00279467 -5.93307e-05 0.0
0.00278734 -5.85786e-05 0.0
0.00278013 -5.78282e-05 0.0
0.00277302 -5.70795e-05 0.0
0.00276602 -5.63324e-05 0.0
0.00275913 -5.5587e-05 0.0
0.00275234 -5.48432e-05 0.0
0.00274566 -5.41011e-05 0.0
0.00273909 -5.33606e-05 0.0
0.00273263 -5.26217e-05 0.0
0.00272627 -5.18843e-05 0.0
0.00272001 -5.11486e-05 0.0
0.00271386 -5.04144e-05 0.0
0.00270782 -4.96818e-05 0.0
0.00270188 -4.89508e-05 0.0
0.00269604 -4.82214e-05 0.0
0.0026903 -4.74936e-05 0.0
0.00268467 -4.67674e-05 0.0
0.00267913 -4.60428e-05 0.0
0.0026737 -4.532e-05 0.0
0.00266837 -4.45989e-05 0.0
0.00266315 -4.38797e-05 0.0
0.00265802 -4.31623e-05 0.0
0.00265299 -4.24471e-05 0.0
0.00264807 -4.17337e-05 0.0
0.00264324 -4.10228e-05 0.0
0.00263852 -4.0314e-05 0.0
0.00263391 -3.96083e-05 0.0
0.00262939 -3.89045e-05 0.0
0.00262499 -3.82045e-05 0.0
0.00262069 -3.7507e-05 0.0
0.0026165 -3.68138e-05 0.0
0.00261243 -3.61229e-05 0.0
0.00260847 -3.54379e-05 0.0
0.00260464 -3.47557e-05 0.0
0.00260092 -3.40795e-05 0.0
0.00259734 -3.34063e-05 0.0
0.00259389 -3.27423e-05 0.0
0.00259058 -3.20799e-05 0.0
0.00258741 -3.14266e-05 0.0
0.0025844 -3.07774e-05 0.0
0.00258156 -3.01403e-05 0.0
0.00257888 -2.95006e-05 0.0
0.00257638 -2.88758e-05 0.0
0.00257406 -2.82538e-05 0.0
0.00257194 -2.76404e-05 0.0
0.00257003 -2.70138e-05 0.0
0.00256831 -2.64096e-05 0.0
0.00256679 -2.57851e-05 0.0
0.00256547 -2.51279e-05 0.0
0.00256432 -2.44346e-05 0.0
0.00256328 -2.37337e-05 0.0
0.00256222 -2.28265e-05 0.0
0.00256116 -2.17924e-05 0.0
0.00256026 -2.12286e-05 0.0
0.0 0.0 0.0
0.0 0.0 0.0
0.0197084 0.0014112 0.0
0.0208283 0.00477935 0.0
0.0206042 0.0031826 0.0
0.0190652 0.00249802 0.0
0.0181352 0.0017447 0.0
0.0173442 0.00150181 0.0
0.0161608 0.00119365 0.0
0.0151282 0.000831048 0.0
0.0144998 0.000555952 0.0
0.013831 0.000435954 0.0
0.0130955 0.00030979 0.0
0.0125345 0.000141831 0.0
0.0121022 4.60322e-05 0.0
0.0116355 -9.16934e-06 0.0
0.011201 -8.06162e-05 0.0
0.0108609 -0.000158859 0.0
0.0105499 -0.000196809 0.0
0.0102339 -0.000231474 0.0
0.00995985 -0.000274693 0.0
0.0097263 -0.000311934 0.0
0.00949936 -0.000331871 0.0
0.00928324 -0.000356605 0.0
0.00909588 -0.000382373 0.0
0.00892456 -0.000401745 0.0
0.00875869 -0.000415604 0.0
0.00860652 -0.000433246 0.0
0.00847076 -0.000448819 0.0
0.00834266 -0.000460775 0.0
0.00822152 -0.000471747 0.0
0.00811166 -0.000484253 0.0
0.00801115 -0.000494534 0.0
0.00791637 -0.000503471 0.0
0.00782883 -0.000512546 0.0
0.00774966 -0.000521894 0.0
0.00767692 -0.000529884 0.0
0.00760978 -0.000537606 0.0
0.00754943 -0.000545576 0.0
0.00749581 -0.000553591 0.0
0.0074479 -0.00056097 0.0
0.00740581 -0.000568429 0.0
0.0073704 -0.000576371 0.0
0.00734147 -0.000584469 0.0
0.00731839 -0.000592174 0.0
0.00730186 -0.000600396 0.0
0.00729285 -0.000609489 0.0
0.00729071 -0.000618491 0.0
0.00729524 -0.000627446 0.0
0.00730815 -0.000637714 0.0
0.00732984 -0.000648549 0.0
0.00735916 -0.000659059 0.0
0.00739729 -0.000670625 0.0
0.0074461 -0.000683399 0.0
0.0075047 -0.000695804 0.0
0.0075729 -0.000708987 0.0
0.00765264 -0.000723426 0.0
0.00774434 -0.000737361 0.0
0.00784751 -0.000751597 0.0
0.00796268 -0.000767306 0.0
0.00809007 -0.000781723 0.0
0.00823042 -0.000795348 0.0
0.00838394 -0.000810308 0.0
0.00854839 -0.000824086 0.0
0.00872411 -0.000834714 0.0
0.00891333 -0.000845426 0.0
0.00911254 -0.000855543 0.0
0.00931828 -0.000861764 0.0
0.00953391 -0.000864597 0.0
0.00975802 -0.000866626 0.0
0.00998403 -0.000866316 0.0
0.0102126 -0.000860714 0.0
0.0104451 -0.00085104 0.0
0.0106753 -0.000841381 0.0
0.0109013 -0.000828338 0.0
0.0111243 -0.000808043 0.0
0.0113396 -0.000787241 0.0
0.0115459 -0.00076763 0.0
0.0117441 -0.00074065 0.0
0.011929 -0.000711161 0.0
0.0121004 -0.000685638 0.0
0.012261 -0.000655617 0.0
0.0124063 -0.000622405 0.0
0.0125343 -0.000593254 0.0
0.0126495 -0.000562739 0.0
0.0127499 -0.000530001 0.0
0.0128333 -0.000500505 0.0
0.012902 -0.000471652 0.0
0.012957 -0.000442303 0.0
0.0129977 -0.000414862 0.0
0.0130248 -0.00038932 0.0
0.0130389 -0.000364772 0.0
0.0130415 -0.000341244 0.0
0.0130334 -0.000319399 0.0
0.0130146 -0.000299667 0.0
0.012986 -0.000280695 0.0
0.0129492 -0.000262851 0.0
0.0129048 -0.000246737 0.0
0.0128525 -0.000231914 0.0
0.0127934 -0.000217724 0.0
0.012729 -0.000204606 0.0
0.0126591 -0.000192629 0.0
0.0125836 -0.000181554 0.0
0.0125035 -0.000170902 0.0
0.0124201 -0.000161144 0.0
0.0123327 -0.000152344 0.0
0.0122414 -0.00014414 0.0
0.0121475 -0.000136242 0.0
0.0120516 -0.000129442 0.0
0.011953 -0.000123527 0.0
0.0118524 -0.000117775 0.0
0.0117508 -0.000112694 0.0
0.0116486 -0.000108935 0.0
0.0115455 -0.000105347 0.0
0.0114418 -0.000101974 0.0
0.0113387 -9.99086e-05 0.0
0.0112364 -9.81176e-05 0.0
0.0111343 -9.62463e-05 0.0
0.0110331 -9.54215e-05 0.0
0.0109339 -9.48947e-05 0.0
0.0108359 -9.41214e-05 0.0
0.0107389 -9.41649e-05 0.0
0.0106443 -9.44246e-05 0.0
0.0105518 -9.44931e-05 0.0
0.0104609 -9.50156e-05 0.0
0.0103721 -9.57669e-05 0.0
0.0102859 -9.62833e-05 0.0
0.0102017 -9.71135e-05 0.0
0.0101198 -9.79392e-05 0.0
0.0100402 -9.84819e-05 0.0
0.00996263 -9.93091e-05 0.0
0.00988737 -9.99292e-05 0.0
0.00981427 -0.000100027 0.0
0.00974285 -0.000100468 0.0
0.00967333 -0.000100768 0.0
0.00960572 -0.000100258 0.0
0.00953952 -9.996e-05 0.0
0.00947461 -9.98724e-05 0.0
0.00941118 -9.90425e-05 0.0
0.00934897 -9.79432e-05 0.0
0.0092877 -9.73298e-05 0.0
0.00922743 -9.63947e-05 0.0
0.00916811 -9.48693e-05 0.0
0.00910953 -9.35801e-05 0.0
0.00905163 -9.2371e-05 0.0
0.00899433 -9.05823e-05 0.0
0.00893743 -8.86789e-05 0.0
0.00888088 -8.68021e-05 0.0
0.00882445 -8.44463e-05 0.0
0.00876786 -8.18498e-05 0.0
0.00871108 -7.90452e-05 0.0
0.00865379 -7.57399e-05 0.0
0.00859551 -7.21665e-05 0.0
0.00853621 -6.82831e-05 0.0
0.00847573 -6.38938e-05 0.0
0.00841344 -5.92833e-05 0.0
0.00834905 -5.43706e-05 0.0
0.00828268 -4.90358e-05 0.0
0.0082141 -4.36612e-05 0.0
0.00814266 -3.82473e-05 0.0
0.00806837 -3.25189e-05 0.0
0.0079917 -2.68874e-05 0.0
0.00791236 -2.1717e-05 0.0
0.00782988 -1.66283e-05 0.0
0.00774491 -1.15925e-05 0.0
0.00765803 -7.27096e-06 0.0
0.00756891 -3.73229e-06 0.0
0.00747769 -3.86116e-07 0.0
0.00738533 2.50688e-06 0.0
0.00729223 4.22562e-06 0.0
0.00719838 5.24974e-06 0.0
0.00710427 6.15353e-06 0.0
0.00701065 6.15409e-06 0.0
0.00691795 5.10837e-06 0.0
0.00682626 3.91793e-06 0.0
0.00673591 2.34669e-06 0.0
0.00664765 -7.85677e-08 0.0
0.00656167 -2.80967e-06 0.0
0.0064778 -5.65436e-06 0.0
0.00639654 -8.86623e-06 0.0
0.00631831 -1.23391e-05 0.0
0.00624285 -1.58861e-05 0.0
0.00617016 -1.94707e-05 0.0
0.00610064 -2.30746e-05 0.0
0.00603419 -2.67072e-05 0.0
0.00597058 -3.02779e-05 0.0
0.00590989 -3.36872e-05 0.0
0.00585219 -3.69853e-05 0.0
0.00579725 -4.02035e-05 0.0
0.00574492 -4.32226e-05 0.0
0.0056952 -4.60223e-05 0.0
0.00564799 -4.86813e-05 0.0
0.00560309 -5.11781e-05 0.0
0.00556037 -5.34389e-05 0.0
0.00551977 -5.55039e-05 0.0
0.00548116 -5.74146e-05 0.0
0.00544436 -5.91379e-05 0.0
0.00540926 -6.06569e-05 0.0
0.00537579 -6.20148e-05 0.0
0.00534383 -6.32221e-05 0.0
0.00531323 -6.42634e-05 0.0
0.0052839 -6.51484e-05 0.0
0.00525578 -6.59033e-05 0.0
0.00522877 -6.65299e-05 0.0
0.00520273 -6.70293e-05 0.0
0.00517764 -6.74144e-05 0.0
0.00515343 -6.76986e-05 0.0
0.00513 -6.78856e-05 0.0
0.00510728 -6.79823e-05 0.0
0.00508525 -6.79976e-05 0.0
0.00506384 -6.79399e-05 0.0
0.00504299 -6.78147e-05 0.0
0.00502267 -6.76282e-05 0.0
0.00500285 -6.73862e-05 0.0
0.00498347 -6.70951e-05 0.0
0.00496451 -6.676e-05 0.0
0.00494595 -6.63851e-05 0.0
0.00492775 -6.59746e-05 0.0
0.00490989 -6.55334e-05 0.0
0.00489236 -6.50651e-05 0.0
0.00487513 -6.45724e-05 0.0
0.00485819 -6.40586e-05 0.0
0.00484152 -6.3527e-05 0.0
0.00482511 -6.29799e-05 0.0
0.00480895 -6.2419e-05 0.0
0.00479304 -6.18468e-05 0.0
0.00477736 -6.12654e-05 0.0
0.0047619 -6.06759e-05 0.0
0.00474667 -6.00797e-05 0.0
0.00473165 -5.94783e-05 0.0
0.00471684 -5.88729e-05 0.0
0.00470224 -5.8264e-05 0.0
0.00468784 -5.76527e-05 0.0
0.00467364 -5.70398e-05 0.0
0.00465964 -5.64258e-05 0.0
0.00464583 -5.5811e-05 0.0
0.00463222 -5.51961e-05 0.0
0.0046188 -5.45814e-05 0.0
0.00460558 -5.39671e-05 0.0
0.00459254 -5.33535e-05 0.0
0.00457969 -5.27407e-05 0.0
0.00456703 -5.21288e-05 0.0
0.00455456 -5.1518e-05 0.0
0.00454227 -5.09083e-05 0.0
0.00453017 -5.02997e-05 0.0
0.00451826 -4.96922e-05 0.0
0.00450652 -4.90859e-05 0.0
0.00449497 -4.84807e-05 0.0
0.0044836 -4.78766e-05 0.0
0.00447241 -4.72734e-05 0.0
0.0044614 -4.66713e-05 0.0
0.00445057 -4.607e-05 0.0
0.00443992 -4.54697e-05 0.0
0.00442944 -4.48701e-05 0.0
0.00441913 -4.42714e-05 0.0
0.004409 -4.36734e-05 0.0
0.00439905 -4.30762e-05 0.0
0.00438926 -4.24797e-05 0.0
0.00437964 -4.18839e-05 0.0
0.0043702 -4.12889e-05 0.0
0.00436092 -4.06947e-05 0.0
0.0043518 -4.01013e-05 0.0
0.00434286 -3.9509e-05 0.0
0.00433407 -3.89176e-05 0.0
0.00432545 -3.83275e-05 0.0
0.004317 -3.77388e-05 0.0
0.00430871 -3.71517e-05 0.0
0.00430057 -3.65663e-05 0.0
0.00429261 -3.59832e-05 0.0
0.0042848 -3.54024e-05 0.0
0.00427716 -3.48247e-05 0.0
0.00426968 -3.425e-05 0.0
0.00426236 -3.36793e-05 0.0
0.00425522 -3.31128e-05 0.0
0.00424824 -3.25514e-05 0.0
0.00424143 -3.19953e-05 0.0
0.00423479 -3.14462e-05 0.0
0.00422833 -3.09038e-05 0.0
0.00422206 -3.03699e-05 0.0
0.00421597 -2.98446e-05 0.0
0.00421007 -2.93307e-05 0.0
0.00420438 -2.88267e-05 0.0
0.00419889 -2.83362e-05 0.0
0.00419362 -2.78586e-05 0.0
0.00418857 -2.73976e-05 0.0
0.00418376 -2.69494e-05 0.0
0.0041792 -2.6521e-05 0.0
0.0041749 -2.61085e-05 0.0
0.00417088 -2.57159e-05 0.0
0.00416714 -2.53344e-05 0.0
0.0041637 -2.49747e-05 0.0
0.00416058 -2.46216e-05 0.0
0.00415778 -2.42742e-05 0.0
0.0041553 -2.39042e-05 0.0
0.00415313 -2.35138e-05 0.0
0.00415131 -2.30508e-05 0.0
0.00414974 -2.24691e-05 0.0
0.00414836 -2.16424e-05 0.0
0.00414725 -2.07702e-05 0.0
0.00414639 -2.04312e-05 0.0
0.0 0.0 0.0
0.0 0.0 0.0
0.0188608 0.00130407 0.0
0.0198707 0.00276517 0.0
0.0212944 0.00318265 0.0
0.0215701 0.00368279 0.0
0.0207573 0.0025779 0.0
0.0198197 0.00233549 0.0
0.0193779 0.00200124 0.0
0.0188217 0.00167938 0.0
0.0179553 0.00129716 0.0
0.0172021 0.00112715 0.0
0.0166918 0.000898007 0.0
0.0161333 0.000702245 0.0
0.0155307 0.000556348 0.0
0.0150421 0.000449251 0.0
0.0146346 0.000319424 0.0
0.0142054 0.000222797 0.0
0.0138034 0.0001509 0.0
0.0134682 7.97644e-05 0.0
0.0131558 8.16355e-06 0.0
0.0128445 -4.30068e-05 0.0
0.0125669 -8.79845e-05 0.0
0.0123213 -0.000134816 0.0
0.0120843 -0.000175717 0.0
0.0118591 -0.000207466 0.0
0.0116582 -0.000238897 0.0
0.0114723 -0.00026972 0.0
0.0112938 -0.000295477 0.0
0.0111287 -0.000318151 0.0
0.0109788 -0.000341093 0.0
0.0108375 -0.000362426 0.0
0.0107043 -0.000380969 0.0
0.0105825 -0.000398768 0.0
0.0104704 -0.000416494 0.0
0.0103654 -0.000432932 0.0
0.0102686 -0.000448193 0.0
0.0101808 -0.000463472 0.0
0.0101006 -0.0004787 0.0
0.0100275 -0.000493247 0.0
0.00996221 -0.00050751 0.0
0.00990494 -0.000522292 0.0
0.00985518 -0.000537264 0.0
0.0098127 -0.000551973 0.0
0.00977826 -0.000567188 0.0
0.00975252 -0.000583426 0.0
0.00973485 -0.000599861 0.0
0.00972512 -0.000616602 0.0
0.00972518 -0.000634798 0.0
0.00973544 -0.000653934 0.0
0.0097544 -0.000673342 0.0
0.00978354 -0.000694255 0.0
0.0098254 -0.000716625 0.0
0.00987841 -0.000739353 0.0
0.00994194 -0.000763652 0.0
0.0100196 -0.000789579 0.0
0.0101118 -0.000815228 0.0
0.0102161 -0.000842482 0.0
0.0103348 -0.000871849 0.0
0.0104701 -0.000899444 0.0
0.0106197 -0.000926934 0.0
0.0107842 -0.000957758 0.0
0.0109649 -0.000985823 0.0
0.0111606 -0.00100979 0.0
0.0113707 -0.00103637 0.0
0.0115959 -0.00106189 0.0
0.0118339 -0.00107891 0.0
0.0120826 -0.00109442 0.0
0.0123437 -0.00111078 0.0
0.0126142 -0.0011183 0.0
0.0128893 -0.00111821 0.0
0.0131692 -0.0011187 0.0
0.0134549 -0.0011132 0.0
0.0137395 -0.00109713 0.0
0.0140188 -0.00107931 0.0
0.0142967 -0.00105876 0.0
0.0145704 -0.00102801 0.0
0.0148309 -0.000994821 0.0
0.0150809 -0.000961465 0.0
0.0153226 -0.000919035 0.0
0.015548 -0.00087505 0.0
0.0157563 -0.000834027 0.0
0.0159514 -0.000785835 0.0
0.0161286 -0.000735939 0.0
0.0162872 -0.000691427 0.0
0.0164291 -0.00064401 0.0
0.0165526 -0.000594504 0.0
0.0166581 -0.000549499 0.0
0.0167467 -0.000506495 0.0
0.0168177 -0.000463024 0.0
0.0168722 -0.000421378 0.0
0.0169117 -0.000383567 0.0
0.016936 -0.000348332 0.0
0.0169456 -0.000313361 0.0
0.0169429 -0.000281292 0.0
0.0169282 -0.000253039 0.0
0.0169012 -0.000225859 0.0
0.0168635 -0.00019982 0.0
0.0168172 -0.000176875 0.0
0.0167617 -0.000155853 0.0
0.0166967 -0.000135734 0.0
0.0166246 -0.000117025 0.0
0.0165464 -0.000100157 0.0
0.0164607 -8.46342e-05 0.0
0.0163684 -7.00992e-05 0.0
0.0162715 -5.63811e-05 0.0
0.0161697 -4.42289e-05 0.0
0.0160625 -3.3458e-05 0.0
0.0159513 -2.33906e-05 0.0
0.015837 -1.42167e-05 0.0
0.0157195 -6.77877e-06 0.0
0.0155992 -4.47425e-07 0.0
0.0154769 5.2102e-06 0.0
0.0153534 9.62889e-06 0.0
0.0152289 1.28278e-05 0.0
0.0151036 1.51739e-05 0.0
0.0149781 1.6688e-05 0.0
0.0148536 1.7634e-05 0.0
0.0147293 1.76291e-05 0.0
0.0146056 1.67108e-05 0.0
0.0144838 1.60076e-05 0.0
0.0143636 1.45765e-05 0.0
0.0142445 1.20784e-05 0.0
0.0141277 9.8676e-06 0.0
0.0140131 7.69462e-06 0.0
0.0139006 4.38838e-06 0.0
0.0137905 1.12505e-06 0.0
0.0136829 -1.56097e-06 0.0
0.0135778 -4.88671e-06 0.0
0.0134755 -8.39727e-06 0.0
0.0133755 -1.11157e-05 0.0
0.0132778 -1.39661e-05 0.0
0.013183 -1.68769e-05 0.0
0.0130905 -1.90226e-05 0.0
0.0129997 -2.09847e-05 0.0
0.0129111 -2.28968e-05 0.0
0.0128249 -2.42138e-05 0.0
0.0127399 -2.51071e-05 0.0
0.0126564 -2.60221e-05 0.0
0.0125748 -2.65593e-05 0.0
0.0124945 -2.66361e-05 0.0
0.0124151 -2.66912e-05 0.0
0.012337 -2.65813e-05 0.0
0.0122602 -2.59674e-05 0.0
0.012184 -2.5282e-05 0.0
0.0121088 -2.44166e-05 0.0
0.0120343 -2.29022e-05 0.0
0.01196 -2.11895e-05 0.0
0.0118864 -1.91693e-05 0.0
0.0118128 -1.62791e-05 0.0
0.0117386 -1.29928e-05 0.0
0.0116641 -9.289e-06 0.0
0.0115891 -4.51085e-06 0.0
0.0115126 8.24308e-07 0.0
0.0114343 6.47194e-06 0.0
0.0113544 1.32155e-05 0.0
0.0112724 2.07502e-05 0.0
0.0111874 2.81788e-05 0.0
0.0110995 3.61943e-05 0.0
0.0110086 4.52058e-05 0.0
0.0109144 5.38879e-05 0.0
0.0108166 6.20236e-05 0.0
0.0107152 7.07678e-05 0.0
0.0106103 7.9434e-05 0.0
0.0105022 8.66411e-05 0.0
0.0103911 9.32588e-05 0.0
0.0102768 9.99212e-05 0.0
0.01016 0.000105156 0.0
0.0100416 0.000108693 0.0
0.00992153 0.000111773 0.0
0.00980005 0.000113916 0.0
0.00967844 0.000114266 0.0
0.00955719 0.000113548 0.0
0.00943613 0.000112084 0.0
0.0093162 0.000109472 0.0
0.00919826 0.000105783 0.0
0.00908225 0.000101274 0.0
0.00896852 9.62238e-05 0.0
0.00885775 9.06042e-05 0.0
0.00875011 8.4278e-05 0.0
0.00864569 7.76697e-05 0.0
0.00854475 7.10266e-05 0.0
0.00844747 6.40542e-05 0.0
0.00835388 5.69115e-05 0.0
0.008264 4.99965e-05 0.0
0.00817784 4.3179e-05 0.0
0.00809538 3.63348e-05 0.0
0.00801656 2.97617e-05 0.0
0.00794127 2.35416e-05 0.0
0.00786942 1.74967e-05 0.0
0.0078009 1.16935e-05 0.0
0.00773555 6.29983e-06 0.0
0.00767325 1.23621e-06 0.0
0.00761387 -3.57259e-06 0.0
0.00755722 -8.03527e-06 0.0
0.00750316 -1.21199e-05 0.0
0.00745158 -1.5913e-05 0.0
0.0074023 -1.94232e-05 0.0
0.00735515 -2.26053e-05 0.0
0.00731004 -2.54845e-05 0.0
0.00726683 -2.81129e-05 0.0
0.00722538 -3.04844e-05 0.0
0.00718554 -3.25931e-05 0.0
0.00714724 -3.44715e-05 0.0
0.00711037 -3.61464e-05 0.0
0.00707479 -3.76171e-05 0.0
0.00704042 -3.88941e-05 0.0
0.00700721 -4.00022e-05 0.0
0.00697504 -4.09567e-05 0.0
0.00694382 -4.17623e-05 0.0
0.00691352 -4.24325e-05 0.0
0.00688406 -4.29841e-05 0.0
0.00685537 -4.34272e-05 0.0
0.0068274 -4.37686e-05 0.0
0.00680012 -4.40195e-05 0.0
0.00677347 -4.41912e-05 0.0
0.00674741 -4.42908e-05 0.0
0.0067219 -4.43246e-05 0.0
0.00669691 -4.43009e-05 0.0
0.00667242 -4.42271e-05 0.0
0.00664839 -4.41082e-05 0.0
0.00662481 -4.3949e-05 0.0
0.00660165 -4.37555e-05 0.0
0.00657889 -4.35321e-05 0.0
0.00655652 -4.32823e-05 0.0
0.00653452 -4.30095e-05 0.0
0.00651288 -4.27175e-05 0.0
0.00649158 -4.24091e-05 0.0
0.00647062 -4.20863e-05 0.0
0.00644999 -4.17515e-05 0.0
0.00642968 -4.1407e-05 0.0
0.00640968 -4.10542e-05 0.0
0.00638998 -4.06944e-05 0.0
0.00637059 -4.03291e-05 0.0
0.00635149 -3.99593e-05 0.0
0.00633268 -3.95859e-05 0.0
0.00631415 -3.92097e-05 0.0
0.00629591 -3.88312e-05 0.0
0.00627796 -3.84511e-05 0.0
0.00626027 -3.80696e-05 0.0
0.00624287 -3.76871e-05 0.0
0.00622573 -3.73038e-05 0.0
0.00620886 -3.692e-05 0.0
0.00619226 -3.65357e-05 0.0
0.00617592 -3.61509e-05 0.0
0.00615985 -3.57658e-05 0.0
0.00614404 -3.53803e-05 0.0
0.00612848 -3.49943e-05 0.0
0.00611318 -3.46079e-05 0.0
0.00609813 -3.4221e-05 0.0
0.00608334 -3.38334e-05 0.0
0.00606879 -3.34451e-05 0.0
0.00605449 -3.30562e-05 0.0
0.00604044 -3.26663e-05 0.0
0.00602662 -3.22757e-05 0.0
0.00601305 -3.18841e-05 0.0
0.00599972 -3.14916e-05 0.0
0.00598662 -3.10982e-05 0.0
0.00597376 -3.07039e-05 0.0
0.00596113 -3.03088e-05 0.0
0.00594873 -2.9913e-05 0.0
0.00593656 -2.95167e-05 0.0
0.00592461 -2.91199e-05 0.0
0.00591289 -2.8723e-05 0.0
0.00590139 -2.83263e-05 0.0
0.00589011 -2.793e-05 0.0
0.00587906 -2.75346e-05 0.0
0.00586822 -2.71406e-05 0.0
0.0058576 -2.67484e-05 0.0
0.00584721 -2.63589e-05 0.0
0.00583703 -2.59727e-05 0.0
0.00582707 -2.55906e-05 0.0
0.00581733 -2.52135e-05 0.0
0.00580781 -2.48427e-05 0.0
0.00579852 -2.44792e-05 0.0
0.00578945 -2.4124e-05 0.0
0.00578061 -2.37791e-05 0.0
0.00577201 -2.3446e-05 0.0
0.00576365 -2.31261e-05 0.0
0.00575553 -2.28211e-05 0.0
0.00574766 -2.25342e-05 0.0
0.00574006 -2.22663e-05 0.0
0.00573272 -2.20198e-05 0.0
0.00572567 -2.17972e-05 0.0
0.00571891 -2.16025e-05 0.0
0.00571245 -2.14342e-05 0.0
0.00570632 -2.1297e-05 0.0
0.00570052 -2.11926e-05 0.0
0.00569508 -2.11227e-05 0.0
0.00569 -2.10792e-05 0.0
0.00568532 -2.10716e-05 0.0
0.00568104 -2.10876e-05 0.0
0.00567718 -2.11145e-05 0.0
0.00567377 -2.11284e-05 0.0
0.00567081 -2.11305e-05 0.0
0.00566827 -2.10253e-05 0.0
0.00566617 -2.07675e-05 0.0
0.00566456 -2.03406e-05 0.0
0.00566344 -1.98515e-05 0.0
0.00566261 -1.96206e-05 0.0
0.0 0.0 0.0
0.0 0.0 0.0
0.0194574 0.00127455 0.0
0.0199281 0.0016714 0.0
0.020231 0.00267037 0.0
0.0209636 0.00325144 0.0
0.0213577 0.00300745 0.0
0.0212448 0.00284379 0.0
0.0209677 0.00239756 0.0
0.0205499 0.00225085 0.0
0.0200719 0.00196107 0.0
0.0196259 0.00166718 0.0
0.0191681 0.00140471 0.0
0.0186438 0.00126533 0.0
0.0181528 0.00106444 0.0
0.0177266 0.000878023 0.0
0.0173064 0.000745518 0.0
0.0168798 0.000643935 0.0
0.0164971 0.00051612 0.0
0.016151 0.000411253 0.0
0.0158124 0.00033554 0.0
0.0154891 0.000261605 0.0
0.0151983 0.000182092 0.0
0.0149261 0.00012079 0.0
0.0146638 7.00807e-05 0.0
0.0144199 1.68201e-05 0.0
0.0141963 -3.3547e-05 0.0
0.0139841 -7.35422e-05 0.0
0.0137832 -0.000111118 0.0
0.0135973 -0.000149537 0.0
0.0134244 -0.000183687 0.0
0.0132607 -0.000213288 0.0
0.0131077 -0.00024281 0.0
0.0129661 -0.000271721 0.0
0.0128339 -0.00029769 0.0
0.0127103 -0.000322199 0.0
0.0125962 -0.000346933 0.0
0.0124913 -0.000370938 0.0
0.0123946 -0.000393606 0.0
0.0123062 -0.000416103 0.0
0.0122267 -0.000439076 0.0
0.0121556 -0.000461948 0.0
0.0120927 -0.000484452 0.0
0.0120383 -0.000507575 0.0
0.0119932 -0.000531908 0.0
0.011957 -0.000556553 0.0
0.0119295 -0.000581445 0.0
0.0119122 -0.000608194 0.0
0.0119054 -0.000636618 0.0
0.0119083 -0.000665254 0.0
0.011922 -0.000695466 0.0
0.0119486 -0.000728549 0.0
0.0119871 -0.000762558 0.0
0.0120374 -0.000797548 0.0
0.012102 -0.000835557 0.0
0.0121819 -0.00087521 0.0
0.0122754 -0.00091556 0.0
0.0123846 -0.000958433 0.0
0.0125108 -0.00100228 0.0
0.0126535 -0.00104628 0.0
0.0128136 -0.00109218 0.0
0.0129912 -0.0011377 0.0
0.0131854 -0.00118071 0.0
0.0133985 -0.00122452 0.0
0.0136298 -0.00126662 0.0
0.0138747 -0.00130317 0.0
0.0141356 -0.00133662 0.0
0.0144149 -0.00136729 0.0
0.0147044 -0.00139049 0.0
0.0150017 -0.00140716 0.0
0.0153129 -0.00141737 0.0
0.0156316 -0.00141992 0.0
0.0159496 -0.001416 0.0
0.0162712 -0.00140269 0.0
0.0165953 -0.00137927 0.0
0.0169122 -0.00135326 0.0
0.0172234 -0.00131979 0.0
0.0175287 -0.00127268 0.0
0.0178212 -0.00122552 0.0
0.0181019 -0.00117706 0.0
0.0183706 -0.00111522 0.0
0.0186205 -0.00105285 0.0
0.0188542 -0.000993805 0.0
0.0190728 -0.000926672 0.0
0.0192708 -0.00085854 0.0
0.0194487 -0.000794546 0.0
0.0196092 -0.000728679 0.0
0.0197502 -0.000663151 0.0
0.0198715 -0.000600933 0.0
0.0199738 -0.000540745 0.0
0.0200581 -0.000483163 0.0
0.0201252 -0.000427707 0.0
0.0201753 -0.000376072 0.0
0.0202088 -0.00032811 0.0
0.0202274 -0.000282434 0.0
0.0202323 -0.000239814 0.0
0.0202235 -0.000201012 0.0
0.0202017 -0.000164849 0.0
0.0201685 -0.000131005 0.0
0.0201248 -9.96732e-05 0.0
0.0200706 -7.10775e-05 0.0
0.0200064 -4.43867e-05 0.0
0.0199337 -1.95014e-05 0.0
0.0198531 3.52335e-06 0.0
0.0197641 2.46009e-05 0.0
0.0196676 4.42065e-05 0.0
0.0195652 6.21204e-05 0.0
0.0194564 7.83056e-05 0.0
0.0193415 9.28302e-05 0.0
0.0192217 0.000105954 0.0
0.0190979 0.00011688 0.0
0.01897 0.000126098 0.0
0.0188385 0.000134307 0.0
0.0187045 0.000140356 0.0
0.0185689 0.000144296 0.0
0.0184317 0.00014795 0.0
0.0182928 0.000149928 0.0
0.018154 0.000149664 0.0
0.0180157 0.000149694 0.0
0.0178769 0.00014861 0.0
0.0177389 0.000145594 0.0
0.0176026 0.000142728 0.0
0.0174672 0.000139618 0.0
0.0173331 0.000134846 0.0
0.0172014 0.000129988 0.0
0.0170717 0.000125228 0.0
0.0169439 0.000119571 0.0
0.0168189 0.000113743 0.0
0.0166964 0.000108148 0.0
0.0165764 0.000102154 0.0
0.0164594 9.66193e-05 0.0
0.0163448 9.13462e-05 0.0
0.0162325 8.58529e-05 0.0
0.0161232 8.13748e-05 0.0
0.0160162 7.74421e-05 0.0
0.0159111 7.32523e-05 0.0
0.0158081 6.98999e-05 0.0
0.0157073 6.75973e-05 0.0
0.0156082 6.50235e-05 0.0
0.0155104 6.26428e-05 0.0
0.0154143 6.13492e-05 0.0
0.0153197 6.03107e-05 0.0
0.0152264 5.89056e-05 0.0
0.0151342 5.82381e-05 0.0
0.0150431 5.83443e-05 0.0
0.0149531 5.83094e-05 0.0
0.0148641 5.8777e-05 0.0
0.0147757 6.0234e-05 0.0
0.0146877 6.20499e-05 0.0
0.0146 6.46681e-05 0.0
0.0145124 6.84133e-05 0.0
0.0144242 7.28296e-05 0.0
0.0143352 7.83463e-05 0.0
0.0142452 8.51268e-05 0.0
0.0141535 9.28705e-05 0.0
0.0140597 0.000101617 0.0
0.0139636 0.000111382 0.0
0.0138644 0.000122118 0.0
0.0137619 0.000133728 0.0
0.0136559 0.000145694 0.0
0.0135462 0.000157913 0.0
0.013432 0.000170607 0.0
0.0133136 0.000183159 0.0
0.0131915 0.000194915 0.0
0.0130653 0.000206064 0.0
0.0129346 0.000216588 0.0
0.0128007 0.00022583 0.0
0.0126641 0.000233378 0.0
0.0125244 0.000239392 0.0
0.0123824 0.000244122 0.0
0.0122392 0.000247031 0.0
0.0120952 0.000247627 0.0
0.0119507 0.000246817 0.0
0.0118065 0.00024479 0.0
0.0116635 0.000240571 0.0
0.0115222 0.000234846 0.0
0.0113827 0.000228394 0.0
0.0112456 0.000220583 0.0
0.0111118 0.000211573 0.0
0.0109814 0.000202079 0.0
0.0108542 0.000192018 0.0
0.0107311 0.000181381 0.0
0.0106121 0.000170518 0.0
0.0104972 0.000159562 0.0
0.0103863 0.000148562 0.0
0.0102798 0.000137676 0.0
0.0101776 0.000126971 0.0
0.0100794 0.000116522 0.0
0.00998539 0.000106435 0.0
0.00989544 9.67368e-05 0.0
0.00980934 8.74281e-05 0.0
0.00972692 7.85855e-05 0.0
0.00964813 7.0237e-05 0.0
0.00957284 6.2355e-05 0.0
0.00950082 5.49449e-05 0.0
0.00943188 4.80374e-05 0.0
0.00936594 4.16091e-05 0.0
0.00930282 3.56355e-05 0.0
0.00924233 3.01133e-05 0.0
0.00918429 2.50327e-05 0.0
0.00912862 2.03638e-05 0.0
0.00907516 1.60884e-05 0.0
0.00902373 1.21874e-05 0.0
0.0089742 8.63845e-06 0.0
0.00892649 5.41873e-06 0.0
0.00888047 2.50871e-06 0.0
0.00883599 -1.1665e-07 0.0
0.00879296 -2.47698e-06 0.0
0.00875132 -4.59013e-06 0.0
0.00871095 -6.4771e-06 0.0
0.00867175 -8.15961e-06 0.0
0.00863367 -9.6517e-06 0.0
0.00859664 -1.09692e-05 0.0
0.00856058 -1.21309e-05 0.0
0.00852542 -1.31519e-05 0.0
0.00849112 -1.40426e-05 0.0
0.00845763 -1.48168e-05 0.0
0.0084249 -1.54886e-05 0.0
0.00839288 -1.60675e-05 0.0
0.00836155 -1.65619e-05 0.0
0.00833086 -1.69826e-05 0.0
0.00830078 -1.73387e-05 0.0
0.00827129 -1.76362e-05 0.0
0.00824236 -1.78818e-05 0.0
0.00821397 -1.80831e-05 0.0
0.00818609 -1.82452e-05 0.0
0.0081587 -1.83723e-05 0.0
0.0081318 -1.84693e-05 0.0
0.00810536 -1.85407e-05 0.0
0.00807938 -1.85895e-05 0.0
0.00805383 -1.86184e-05 0.0
0.00802871 -1.86306e-05 0.0
0.00800401 -1.86286e-05 0.0
0.00797972 -1.8614e-05 0.0
0.00795583 -1.85885e-05 0.0
0.00793234 -1.8554e-05 0.0
0.00790923 -1.85116e-05 0.0
0.0078865 -1.84621e-05 0.0
0.00786414 -1.84065e-05 0.0
0.00784215 -1.83458e-05 0.0
0.00782053 -1.82802e-05 0.0
0.00779927 -1.82103e-05 0.0
0.00777836 -1.81364e-05 0.0
0.0077578 -1.80589e-05 0.0
0.00773758 -1.79778e-05 0.0
0.00771771 -1.78932e-05 0.0
0.00769818 -1.78052e-05 0.0
0.00767898 -1.77139e-05 0.0
0.00766011 -1.76192e-05 0.0
0.00764157 -1.75211e-05 0.0
0.00762335 -1.74196e-05 0.0
0.00760545 -1.73145e-05 0.0
0.00758787 -1.72058e-05 0.0
0.0075706 -1.70935e-05 0.0
0.00755364 -1.69776e-05 0.0
0.00753698 -1.68579e-05 0.0
0.00752063 -1.67347e-05 0.0
0.00750457 -1.66078e-05 0.0
0.00748882 -1.64774e-05 0.0
0.00747335 -1.63437e-05 0.0
0.00745817 -1.62068e-05 0.0
0.00744328 -1.6067e-05 0.0
0.00742868 -1.59245e-05 0.0
0.00741435 -1.57798e-05 0.0
0.00740031 -1.56334e-05 0.0
0.00738654 -1.54858e-05 0.0
0.00737304 -1.53377e-05 0.0
0.00735982 -1.51898e-05 0.0
0.00734687 -1.5043e-05 0.0
0.00733418 -1.48983e-05 0.0
0.00732177 -1.4757e-05 0.0
0.00730963 -1.46203e-05 0.0
0.00729776 -1.44896e-05 0.0
0.00728616 -1.43665e-05 0.0
0.00727483 -1.42532e-05 0.0
0.00726378 -1.41515e-05 0.0
0.007253 -1.40636e-05 0.0
0.00724251 -1.39919e-05 0.0
0.00723231 -1.39398e-05 0.0
0.0072224 -1.39095e-05 0.0
0.0072128 -1.39043e-05 0.0
0.0072035 -1.39277e-05 0.0
0.00719453 -1.39846e-05 0.0
0.00718589 -1.4076e-05 0.0
0.0071776 -1.42076e-05 0.0
0.00716967 -1.43831e-05 0.0
0.00716212 -1.46075e-05 0.0
0.00715496 -1.48776e-05 0.0
0.00714823 -1.52031e-05 0.0
0.00714193 -1.55807e-05 0.0
0.00713609 -1.60116e-05 0.0
0.00713075 -1.6478e-05 0.0
0.0071259 -1.69877e-05 0.0
0.0071216 -1.75056e-05 0.0
0.00711786 -1.80136e-05 0.0
0.0071147 -1.84243e-05 0.0
0.00711217 -1.87206e-05 0.0
0.00711028 -1.8857e-05 0.0
0.00710897 -1.8851e-05 0.0
0.00710807 -1.88027e-05 0.0
0.0 0.0 0.0
0.0 0.0 0.0
0.0194341 0.000590988 0.0
0.0197157 0.00166223 0.0
0.0201 0.00218037 0.0
0.0206782 0.0023023 0.0
0.0212248 0.00284575 0.0
0.0215336 0.00293861 0.0
0.0214454 0.00260957 0.0
0.0213285 0.0024733 0.0
0.0212887 0.00229462 0.0
0.0210358 0.00208496 0.0
0.0206166 0.00184239 0.0
0.020293 0.00166325 0.0
0.0200187 0.00146676 0.0
0.0196363 0.00129973 0.0
0.0192342 0.00114451 0.0
0.0189102 0.00100441 0.0
0.018596 0.000869504 0.0
0.0182459 0.000758925 0.0
0.0179223 0.000654873 0.0
0.01764 0.000556461 0.0
0.0173566 0.000468683 0.0
0.0170729 0.000393274 0.0
0.0168177 0.000320271 0.0
0.0165812 0.000252301 0.0
0.0163466 0.000192595 0.0
0.016124 0.0001379 0.0
0.0159214 8.49215e-05 0.0
0.0157281 3.6307e-05 0.0
0.0155414 -7.67392e-06 0.0
0.0153679 -4.97341e-05 0.0
0.0152071 -9.014e-05 0.0
0.0150536 -0.000127688 0.0
0.0149088 -0.000163129 0.0
0.0147752 -0.000197796 0.0
0.0146507 -0.000231375 0.0
0.0145337 -0.000263596 0.0
0.0144258 -0.000295123 0.0
0.0143273 -0.000326695 0.0
0.0142372 -0.000358087 0.0
0.0141552 -0.000389139 0.0
0.0140822 -0.000420595 0.0
0.0140186 -0.000453132 0.0
0.0139639 -0.000486139 0.0
0.0139179 -0.00051963 0.0
0.0138821 -0.000555006 0.0
0.0138571 -0.000592187 0.0
0.0138416 -0.00063006 0.0
0.0138365 -0.000669968 0.0
0.0138445 -0.000713032 0.0
0.0138648 -0.000757462 0.0
0.0138959 -0.000803657 0.0
0.0139415 -0.000853757 0.0
0.0140035 -0.000905848 0.0
0.0140785 -0.000959328 0.0
0.0141681 -0.00101696 0.0
0.0142771 -0.00107641 0.0
0.0144036 -0.0011356 0.0
0.0145456 -0.0011992 0.0
0.0147072 -0.00126405 0.0
0.0148895 -0.00132484 0.0
0.0150898 -0.00138769 0.0
0.015309 -0.00145308 0.0
0.0155479 -0.00150955 0.0
0.0158054 -0.00156142 0.0
0.0160808 -0.00161581 0.0
0.0163726 -0.00166135 0.0
0.0166785 -0.00169236 0.0
0.0169979 -0.00172176 0.0
0.0173294 -0.0017459 0.0
0.0176689 -0.00175156 0.0
0.0180123 -0.00174657 0.0
0.0183599 -0.00173996 0.0
0.0187111 -0.00171813 0.0
0.0190572 -0.00167993 0.0
0.0193954 -0.00164074 0.0
0.0197313 -0.00159236 0.0
0.0200583 -0.00152757 0.0
0.0203674 -0.00146355 0.0
0.0206655 -0.00139438 0.0
0.0209514 -0.00131192 0.0
0.0212169 -0.00123248 0.0
0.021464 -0.0011526 0.0
0.0216942 -0.00106346 0.0
0.0219042 -0.000977079 0.0
0.0220945 -0.000894876 0.0
0.0222642 -0.000809791 0.0
0.0224138 -0.000726275 0.0
0.0225449 -0.000647122 0.0
0.0226565 -0.000572312 0.0
0.0227483 -0.000499258 0.0
0.022823 -0.000429026 0.0
0.0228815 -0.000365198 0.0
0.0229228 -0.000305475 0.0
0.0229477 -0.000247498 0.0
0.0229594 -0.000194584 0.0
0.0229581 -0.000146365 0.0
0.0229421 -0.000100565 0.0
0.0229137 -5.7646e-05 0.0
0.0228757 -1.85307e-05 0.0
0.0228265 1.79762e-05 0.0
0.0227652 5.19982e-05 0.0
0.0226952 8.40149e-05 0.0
0.0226171 0.000113525 0.0
0.0225294 0.0001404 0.0
0.0224328 0.000165342 0.0
0.0223293 0.000188842 0.0
0.0222193 0.000209265 0.0
0.0221021 0.000227052 0.0
0.021979 0.00024336 0.0
0.0218511 0.000257373 0.0
0.021719 0.000268104 0.0
0.0215831 0.000277059 0.0
0.0214436 0.000284174 0.0
0.0213022 0.000288723 0.0
0.0211595 0.000291785 0.0
0.0210145 0.000292835 0.0
0.020869 0.000292467 0.0
0.020724 0.000291239 0.0
0.0205783 0.000288174 0.0
0.0204327 0.000283902 0.0
0.0202885 0.000279619 0.0
0.0201454 0.000273789 0.0
0.0200032 0.000266723 0.0
0.0198628 0.0002599 0.0
0.0197245 0.000252541 0.0
0.0195883 0.000243767 0.0
0.0194545 0.000235585 0.0
0.0193228 0.000227647 0.0
0.0191938 0.000218805 0.0
0.0190678 0.000210811 0.0
0.0189439 0.00020363 0.0
0.0188221 0.000196124 0.0
0.0187033 0.0001894 0.0
0.0185866 0.000184012 0.0
0.0184713 0.000178642 0.0
0.0183582 0.000173569 0.0
0.0182472 0.000169731 0.0
0.0181374 0.000166485 0.0
0.018029 0.000162961 0.0
0.0179226 0.000160203 0.0
0.0178173 0.000158264 0.0
0.0177132 0.00015621 0.0
0.0176106 0.000154638 0.0
0.0175091 0.000154003 0.0
0.0174086 0.000153558 0.0
0.0173094 0.000154029 0.0
0.0172105 0.000155737 0.0
0.017112 0.000157959 0.0
0.0170142 0.000161606 0.0
0.016916 0.000166967 0.0
0.0168165 0.000173262 0.0
0.0167165 0.000181092 0.0
0.0166153 0.000191037 0.0
0.0165115 0.000202035 0.0
0.016405 0.000214235 0.0
0.0162958 0.000228547 0.0
0.0161833 0.000243832 0.0
0.0160664 0.000259218 0.0
0.0159452 0.000275909 0.0
0.0158197 0.000293529 0.0
0.0156897 0.000310011 0.0
0.0155546 0.000325806 0.0
0.0154147 0.000342048 0.0
0.0152704 0.000356821 0.0
0.0151222 0.000368782 0.0
0.0149699 0.000379698 0.0
0.014814 0.000389413 0.0
0.0146557 0.000395673 0.0
0.0144958 0.000399285 0.0
0.0143339 0.000401557 0.0
0.0141712 0.000401087 0.0
0.0140091 0.000397718 0.0
0.0138477 0.000392521 0.0
0.0136871 0.000385471 0.0
0.0135288 0.00037649 0.0
0.0133732 0.000365742 0.0
0.0132203 0.000353657 0.0
0.0130707 0.000340747 0.0
0.0129251 0.000326831 0.0
0.0127834 0.000312004 0.0
0.0126458 0.000296977 0.0
0.0125127 0.000281852 0.0
0.0123841 0.00026637 0.0
0.0122599 0.000250958 0.0
0.0121403 0.000235993 0.0
0.0120253 0.000221273 0.0
0.0119147 0.000206802 0.0
0.0118084 0.000192943 0.0
0.0117064 0.000179713 0.0
0.0116087 0.000166957 0.0
0.0115149 0.000154792 0.0
0.0114249 0.000143366 0.0
0.0113386 0.000132577 0.0
0.0112559 0.000122372 0.0
0.0111765 0.000112831 0.0
0.0111003 0.000103963 0.0
0.0110272 9.56792e-05 0.0
0.010957 8.79669e-05 0.0
0.0108894 8.0845e-05 0.0
0.0108244 7.4275e-05 0.0
0.0107619 6.8201e-05 0.0
0.0107016 6.2612e-05 0.0
0.0106434 5.74915e-05 0.0
0.0105872 5.27994e-05 0.0
0.0105329 4.84995e-05 0.0
0.0104804 4.45741e-05 0.0
0.0104296 4.09973e-05 0.0
0.0103803 3.7738e-05 0.0
0.0103325 3.47695e-05 0.0
0.010286 3.2072e-05 0.0
0.0102409 2.96225e-05 0.0
0.0101969 2.73977e-05 0.0
0.0101541 2.53769e-05 0.0
0.0101124 2.35433e-05 0.0
0.0100718 2.18789e-05 0.0
0.0100321 2.03666e-05 0.0
0.00999328 1.8991e-05 0.0
0.00995537 1.77395e-05 0.0
0.00991829 1.65989e-05 0.0
0.009882 1.55571e-05 0.0
0.00984647 1.46034e-05 0.0
0.00981167 1.37289e-05 0.0
0.00977756 1.29244e-05 0.0
0.00974412 1.21817e-05 0.0
0.00971132 1.14939e-05 0.0
0.00967915 1.08551e-05 0.0
0.00964758 1.0259e-05 0.0
0.00961659 9.7007e-06 0.0
0.00958617 9.17582e-06 0.0
0.0095563 8.68055e-06 0.0
0.00952697 8.21114e-06 0.0
0.00949816 7.76464e-06 0.0
0.00946986 7.33858e-06 0.0
0.00944207 6.93065e-06 0.0
0.00941476 6.53878e-06 0.0
0.00938794 6.16142e-06 0.0
0.00936159 5.79725e-06 0.0
0.0093357 5.44502e-06 0.0
0.00931026 5.10375e-06 0.0
0.00928528 4.77273e-06 0.0
0.00926074 4.45134e-06 0.0
0.00923663 4.13903e-06 0.0
0.00921295 3.83543e-06 0.0
0.00918969 3.54031e-06 0.0
0.00916685 3.25342e-06 0.0
0.00914442 2.97462e-06 0.0
0.00912239 2.70382e-06 0.0
0.00910077 2.441e-06 0.0
0.00907953 2.18609e-06 0.0
0.00905869 1.93908e-06 0.0
0.00903822 1.69999e-06 0.0
0.00901814 1.46877e-06 0.0
0.00899843 1.2454e-06 0.0
0.00897909 1.0298e-06 0.0
0.00896011 8.21909e-07 0.0
0.00894148 6.21568e-07 0.0
0.00892322 4.28586e-07 0.0
0.0089053 2.42728e-07 0.0
0.00888773 6.36837e-08 0.0
0.0088705 -1.08978e-07 0.0
0.0088536 -2.75719e-07 0.0
0.00883704 -4.37107e-07 0.0
0.00882081 -5.93861e-07 0.0
0.0088049 -7.4682e-07 0.0
0.00878932 -8.96877e-07 0.0
0.00877406 -1.04514e-06 0.0
0.00875911 -1.19294e-06 0.0
0.00874449 -1.34166e-06 0.0
0.00873017 -1.49288e-06 0.0
0.00871618 -1.64852e-06 0.0
0.00870249 -1.81073e-06 0.0
0.00868912 -1.98162e-06 0.0
0.00867607 -2.16391e-06 0.0
0.00866333 -2.36056e-06 0.0
0.00865091 -2.57477e-06 0.0
0.00863882 -2.80958e-06 0.0
0.00862705 -3.06958e-06 0.0
0.00861562 -3.35855e-06 0.0
0.00860453 -3.68112e-06 0.0
0.0085938 -4.04147e-06 0.0
0.00858342 -4.44667e-06 0.0
0.00857342 -4.89986e-06 0.0
0.00856381 -5.40808e-06 0.0
0.0085546 -5.97569e-06 0.0
0.00854582 -6.61147e-06 0.0
0.00853748 -7.31377e-06 0.0
0.00852961 -8.09414e-06 0.0
0.00852222 -8.94913e-06 0.0
0.00851536 -9.88396e-06 0.0
0.00850904 -1.08827e-05 0.0
0.00850331 -1.19595e-05 0.0
0.00849819 -1.30664e-05 0.0
0.00849372 -1.4192e-05 0.0
0.00848997 -1.52815e-05 0.0
0.00848697 -1.63112e-05 0.0
0.00848477 -1.71244e-05 0.0
0.00848329 -1.7717e-05 0.0
0.00848236 -1.79796e-05 0.0
0.0 0.0 0.0
0.0 0.0 0.0
0.019279 0.000368427 0.0
0.0195825 0.00131327 0.0
0.020036 0.00167529 0.0
0.0202899 0.00204945 0.0
0.020607 0.00239909 0.0
0.0211006 0.00251183 0.0
0.0214368 0.00259859 0.0
0.0215632 0.00252364 0.0
0.0215511 0.00235312 0.0
0.0214966 0.002261 0.0
0.0214235 0.00210241 0.0
0.0212754 0.00191005 0.0
0.0210419 0.00174484 0.0
0.0207981 0.00161606 0.0
0.0205735 0.00144784 0.0
0.0203228 0.00129547 0.0
0.0200441 0.00117511 0.0
0.0197779 0.00105962 0.0
0.0195283 0.000932519 0.0
0.0192712 0.000827797 0.0
0.0190141 0.000738486 0.0
0.0187735 0.000646883 0.0
0.0185434 0.000557738 0.0
0.0183151 0.000483964 0.0
0.0180963 0.000415049 0.0
0.0178909 0.000345383 0.0
0.0176933 0.000281744 0.0
0.0175021 0.000225919 0.0
0.0173217 0.000171111 0.0
0.0171515 0.000117512 0.0
0.0169884 6.87555e-05 0.0
0.0168336 2.30737e-05 0.0
0.0166884 -2.24129e-05 0.0
0.0165516 -6.63276e-05 0.0
0.0164222 -0.000107689 0.0
0.0163013 -0.000148294 0.0
0.0161891 -0.000189028 0.0
0.0160848 -0.000229063 0.0
0.0159885 -0.00026836 0.0
0.0159007 -0.000308114 0.0
0.0158216 -0.000348895 0.0
0.015751 -0.000390081 0.0
0.015689 -0.000431663 0.0
0.0156365 -0.00047513 0.0
0.0155938 -0.000520847 0.0
0.0155605 -0.00056746 0.0
0.0155374 -0.000615858 0.0
0.0155262 -0.000668091 0.0
0.0155264 -0.000722787 0.0
0.0155374 -0.000778847 0.0
0.0155623 -0.000839091 0.0
0.0156022 -0.000903604 0.0
0.0156547 -0.000969792 0.0
0.0157221 -0.0010394 0.0
0.0158081 -0.00111344 0.0
0.0159105 -0.00118961 0.0
0.0160292 -0.00126864 0.0
0.0161685 -0.00135044 0.0
0.0163275 -0.00143191 0.0
0.0165054 -0.00151597 0.0
0.0167055 -0.00160074 0.0
0.0169258 -0.00168013 0.0
0.017165 -0.00175769 0.0
0.017428 -0.00183544 0.0
0.0177107 -0.00190237 0.0
0.0180065 -0.00196029 0.0
0.0183228 -0.00201475 0.0
0.0186589 -0.00205678 0.0
0.0190009 -0.00208346 0.0
0.0193514 -0.00210248 0.0
0.019718 -0.00210655 0.0
0.0200859 -0.00209496 0.0
0.020449 -0.00207546 0.0
0.0208171 -0.00203868 0.0
0.0211823 -0.00198569 0.0
0.0215345 -0.00193259 0.0
0.0218807 -0.00186297 0.0
0.0222165 -0.00177612 0.0
0.0225353 -0.00169474 0.0
0.0228415 -0.00160477 0.0
0.0231315 -0.00149967 0.0
0.0234002 -0.00139901 0.0
0.0236525 -0.00129806 0.0
0.0238858 -0.00118978 0.0
0.0240973 -0.00108382 0.0
0.0242889 -0.000980167 0.0
0.0244605 -0.000878637 0.0
0.0246119 -0.000779255 0.0
0.0247444 -0.000682714 0.0
0.024857 -0.000592525 0.0
0.0249511 -0.000506713 0.0
0.0250282 -0.000423699 0.0
0.0250891 -0.000346977 0.0
0.0251335 -0.000275832 0.0
0.0251624 -0.000208563 0.0
0.0251776 -0.000145106 0.0
0.0251801 -8.68215e-05 0.0
0.0251692 -3.27885e-05 0.0
0.0251454 1.82705e-05 0.0
0.025111 6.63402e-05 0.0
0.0250662 0.000110607 0.0
0.0250099 0.000152036 0.0
0.0249435 0.000190844 0.0
0.0248684 0.000227409 0.0
0.0247839 0.000260798 0.0
0.0246904 0.000291415 0.0
0.0245892 0.000319367 0.0
0.0244806 0.000344408 0.0
0.0243649 0.00036636 0.0
0.024243 0.000385488 0.0
0.0241159 0.000400752 0.0
0.0239845 0.000413514 0.0
0.0238486 0.000424337 0.0
0.0237091 0.000430685 0.0
0.0235681 0.000435176 0.0
0.0234247 0.000439039 0.0
0.0232788 0.00043892 0.0
0.0231326 0.000437045 0.0
0.022986 0.000435653 0.0
0.0228382 0.000431238 0.0
0.0226908 0.000424817 0.0
0.0225441 0.000418828 0.0
0.0223978 0.000411517 0.0
0.0222527 0.000401924 0.0
0.0221094 0.000392596 0.0
0.0219674 0.000382742 0.0
0.0218277 0.00037176 0.0
0.0216905 0.000361229 0.0
0.021555 0.000350401 0.0
0.021422 0.000339637 0.0
0.021292 0.00033009 0.0
0.0211638 0.000320557 0.0
0.0210373 0.000311437 0.0
0.0209134 0.000303986 0.0
0.0207916 0.000296959 0.0
0.020671 0.000290133 0.0
0.0205517 0.000284519 0.0
0.0204346 0.000279887 0.0
0.0203189 0.000274993 0.0
0.0202041 0.00027058 0.0
0.0200906 0.000267338 0.0
0.0199788 0.00026422 0.0
0.0198684 0.000260975 0.0
0.0197592 0.000259068 0.0
0.0196509 0.000257965 0.0
0.019544 0.000257163 0.0
0.0194383 0.000258031 0.0
0.019333 0.000260182 0.0
0.0192278 0.00026353 0.0
0.0191229 0.000269038 0.0
0.0190178 0.00027643 0.0
0.0189116 0.000285458 0.0
0.0188036 0.000296726 0.0
0.018694 0.000310279 0.0
0.0185819 0.000325844 0.0
0.0184664 0.000342902 0.0
0.0183472 0.000361554 0.0
0.018224 0.000382198 0.0
0.0180959 0.000403673 0.0
0.0179631 0.000424922 0.0
0.0178252 0.00044673 0.0
0.0176815 0.000468789 0.0
0.0175326 0.000489169 0.0
0.0173793 0.00050777 0.0
0.0172206 0.00052515 0.0
0.017057 0.000540263 0.0
0.0168903 0.000552307 0.0
0.0167205 0.000561343 0.0
0.0165474 0.000567455 0.0
0.0163727 0.000570827 0.0
0.0161973 0.000570611 0.0
0.0160214 0.000566908 0.0
0.0158458 0.000561148 0.0
0.0156713 0.000552634 0.0
0.0154988 0.000540988 0.0
0.0153287 0.000527712 0.0
0.0151611 0.000512881 0.0
0.0149968 0.000496066 0.0
0.0148366 0.000478107 0.0
0.0146803 0.000459511 0.0
0.0145279 0.000440098 0.0
0.0143802 0.000420216 0.0
0.0142372 0.000400308 0.0
0.0140986 0.000380418 0.0
0.0139647 0.000360649 0.0
0.0138356 0.000341293 0.0
0.0137111 0.000322437 0.0
0.0135911 0.000304113 0.0
0.0134756 0.000286443 0.0
0.0133646 0.000269529 0.0
0.0132578 0.00025336 0.0
0.013155 0.000237964 0.0
0.0130562 0.000223383 0.0
0.0129612 0.000209627 0.0
0.0128699 0.000196667 0.0
0.0127821 0.000184494 0.0
0.0126975 0.000173102 0.0
0.0126162 0.000162472 0.0
0.0125378 0.000152558 0.0
0.0124623 0.000143334 0.0
0.0123894 0.000134776 0.0
0.0123192 0.000126851 0.0
0.0122514 0.000119511 0.0
0.0121858 0.000112724 0.0
0.0121224 0.000106464 0.0
0.012061 0.000100694 0.0
0.0120016 9.53699e-05 0.0
0.011944 9.04658e-05 0.0
0.0118881 8.59548e-05 0.0
0.0118338 8.18011e-05 0.0
0.011781 7.79722e-05 0.0
0.0117297 7.44473e-05 0.0
0.0116798 7.12013e-05 0.0
0.0116312 6.82052e-05 0.0
0.0115838 6.54368e-05 0.0
0.0115376 6.28794e-05 0.0
0.0114925 6.05116e-05 0.0
0.0114485 5.83129e-05 0.0
0.0114055 5.62685e-05 0.0
0.0113635 5.4365e-05 0.0
0.0113223 5.25861e-05 0.0
0.0112821 5.09188e-05 0.0
0.0112428 4.93531e-05 0.0
0.0112042 4.78784e-05 0.0
0.0111665 4.64841e-05 0.0
0.0111295 4.51619e-05 0.0
0.0110933 4.39052e-05 0.0
0.0110578 4.27064e-05 0.0
0.0110229 4.15591e-05 0.0
0.0109888 4.04583e-05 0.0
0.0109553 3.93995e-05 0.0
0.0109225 3.83781e-05 0.0
0.0108902 3.73902e-05 0.0
0.0108586 3.64332e-05 0.0
0.0108276 3.5504e-05 0.0
0.0107972 3.46001e-05 0.0
0.0107673 3.37195e-05 0.0
0.010738 3.28606e-05 0.0
0.0107092 3.20218e-05 0.0
0.010681 3.12018e-05 0.0
0.0106533 3.03996e-05 0.0
0.0106262 2.96146e-05 0.0
0.0105995 2.88457e-05 0.0
0.0105733 2.80926e-05 0.0
0.0105476 2.73548e-05 0.0
0.0105225 2.6632e-05 0.0
0.0104977 2.59238e-05 0.0
0.0104735 2.523e-05 0.0
0.0104497 2.45505e-05 0.0
0.0104264 2.38851e-05 0.0
0.0104035 2.32337e-05 0.0
0.010381 2.2596e-05 0.0
0.010359 2.1972e-05 0.0
0.0103374 2.13615e-05 0.0
0.0103163 2.07641e-05 0.0
0.0102955 2.01798e-05 0.0
0.0102752 1.96081e-05 0.0
0.0102552 1.90486e-05 0.0
0.0102357 1.85009e-05 0.0
0.0102165 1.79644e-05 0.0
0.0101977 1.74383e-05 0.0
0.0101794 1.69219e-05 0.0
0.0101613 1.64141e-05 0.0
0.0101437 1.5914e-05 0.0
0.0101264 1.54202e-05 0.0
0.0101095 1.49312e-05 0.0
0.0100929 1.44454e-05 0.0
0.0100767 1.39608e-05 0.0
0.0100609 1.34753e-05 0.0
0.0100454 1.29867e-05 0.0
0.0100302 1.2492e-05 0.0
0.0100154 1.1988e-05 0.0
0.010001 1.14717e-05 0.0
0.0099869 1.09394e-05 0.0
0.00997316 1.03864e-05 0.0
0.00995978 9.8082e-06 0.0
0.00994675 9.20027e-06 0.0
0.00993409 8.55696e-06 0.0
0.00992181 7.87115e-06 0.0
0.0099099 7.13784e-06 0.0
0.00989839 6.34983e-06 0.0
0.00988728 5.49951e-06 0.0
0.00987659 4.57747e-06 0.0
0.00986634 3.58026e-06 0.0
0.00985654 2.49632e-06 0.0
0.00984721 1.31984e-06 0.0
0.00983839 4.07433e-08 0.0
0.00983009 -1.33673e-06 0.0
0.00982236 -2.82791e-06 0.0
0.00981521 -4.42123e-06 0.0
0.00980871 -6.12457e-06 0.0
0.00980288 -7.90131e-06 0.0
0.00979779 -9.75556e-06 0.0
0.0097935 -1.16246e-05 0.0
0.00979006 -1.34915e-05 0.0
0.00978753 -1.51594e-05 0.0
0.00978591 -1.65189e-05 0.0
0.00978496 -1.71454e-05 0.0
0.0 0.0 0.0
0.0 0.0 0.0
0.019183 0.000445642 0.0
0.0193962 0.000770639 0.0
0.0197427 0.00124768 0.0
0.0201196 0.00188844 0.0
0.0204516 0.00194087 0.0
0.0207451 0.00210527 0.0
0.0210977 0.00235986 0.0
0.0213829 0.00238642 0.0
0.0215005 0.0022944 0.0
0.021607 0.0022445 0.0
0.0216907 0.00215897 0.0
0.0216422 0.00204551 0.0
0.0215374 0.00190585 0.0
0.0214656 0.00177797 0.0
0.0213536 0.00164673 0.0
0.0211662 0.00152571 0.0
0.0209837 0.00139615 0.0
0.0208244 0.00127532 0.0
0.0206348 0.00116437 0.0
0.0204215 0.00106193 0.0
0.0202276 0.000957148 0.0
0.0200422 0.000861663 0.0
0.0198425 0.000775239 0.0
0.0196444 0.000692613 0.0
0.0194622 0.000611345 0.0
0.0192827 0.000537872 0.0
0.0191012 0.000469563 0.0
0.018929 0.000403062 0.0
0.0187671 0.00033937 0.0
0.0186079 0.00028067 0.0
0.0184535 0.000224275 0.0
0.0183086 0.00016914 0.0
0.0181709 0.000116379 0.0
0.0180378 6.59998e-05 0.0
0.017912 1.64149e-05 0.0
0.0177945 -3.25245e-05 0.0
0.0176835 -8.04731e-05 0.0
0.017579 -0.000127814 0.0
0.0174823 -0.000175421 0.0
0.0173935 -0.000223618 0.0
0.017312 -0.00027219 0.0
0.0172381 -0.000321332 0.0
0.0171727 -0.000372305 0.0
0.0171163 -0.000425319 0.0
0.0170684 -0.000479455 0.0
0.0170292 -0.000535767 0.0
0.0170009 -0.000596094 0.0
0.0169835 -0.000658889 0.0
0.0169754 -0.000723608 0.0
0.0169794 -0.000793434 0.0
0.0169981 -0.000867993 0.0
0.0170286 -0.000944248 0.0
0.0170714 -0.00102537 0.0
0.0171323 -0.00111297 0.0
0.0172104 -0.00120225 0.0
0.0173021 -0.00129526 0.0
0.0174126 -0.00139501 0.0
0.0175459 -0.00149507 0.0
0.0176976 -0.00159607 0.0
0.0178682 -0.00170373 0.0
0.0180624 -0.00180809 0.0
0.01828 -0.00190709 0.0
0.018519 -0.00200987 0.0
0.0187788 -0.0021087 0.0
0.0190603 -0.00219133 0.0
0.0193644 -0.0022697 0.0
0.0196869 -0.00234499 0.0
0.0200238 -0.00239959 0.0
0.0203766 -0.00243488 0.0
0.0207426 -0.00246605 0.0
0.0211165 -0.00248193 0.0
0.0214956 -0.00246883 0.0
0.0218759 -0.00244387 0.0
0.0222569 -0.00241464 0.0
0.0226377 -0.00235742 0.0
0.0230066 -0.00228327 0.0
0.0233648 -0.00221099 0.0
0.023719 -0.00211808 0.0
0.0240568 -0.00201081 0.0
0.0243736 -0.0019077 0.0
0.0246781 -0.00179112 0.0
0.0249652 -0.00166545 0.0
0.0252306 -0.00154592 0.0
0.0254755 -0.00142067 0.0
0.0256998 -0.00129175 0.0
0.0259047 -0.00116774 0.0
0.0260895 -0.00104627 0.0
0.0262513 -0.000927534 0.0
0.026394 -0.000811513 0.0
0.0265198 -0.000701139 0.0
0.0266265 -0.00059871 0.0
0.0267139 -0.000499177 0.0
0.0267858 -0.000405102 0.0
0.026844 -0.000318764 0.0
0.0268861 -0.000237316 0.0
0.0269125 -0.000160037 0.0
0.0269277 -8.8946e-05 0.0
0.0269315 -2.21467e-05 0.0
0.0269211 4.08119e-05 0.0
0.0268991 9.95025e-05 0.0
0.0268682 0.000154755 0.0
0.0268262 0.000206883 0.0
0.0267723 0.000255287 0.0
0.0267091 0.000301543 0.0
0.0266375 0.000344212 0.0
0.0265559 0.000383078 0.0
0.0264647 0.000419214 0.0
0.0263659 0.000452607 0.0
0.0262601 0.000480741 0.0
0.0261474 0.000505206 0.0
0.0260281 0.00052724 0.0
0.0259036 0.000544493 0.0
0.0257757 0.000557676 0.0
0.0256438 0.000568732 0.0
0.0255076 0.000575872 0.0
0.0253703 0.000580418 0.0
0.0252311 0.000583272 0.0
0.0250888 0.000582828 0.0
0.0249459 0.000581011 0.0
0.0248029 0.000577752 0.0
0.0246583 0.000572142 0.0
0.0245132 0.000564895 0.0
0.0243691 0.000557056 0.0
0.0242254 0.000546974 0.0
0.0240824 0.00053558 0.0
0.0239407 0.000524393 0.0
0.0238004 0.000511634 0.0
0.0236625 0.000498064 0.0
0.0235269 0.00048588 0.0
0.0233923 0.00047305 0.0
0.0232601 0.000460068 0.0
0.0231307 0.000449207 0.0
0.0230026 0.000438868 0.0
0.0228757 0.000428372 0.0
0.0227509 0.000419595 0.0
0.0226276 0.000412599 0.0
0.022505 0.000405098 0.0
0.0223839 0.000398029 0.0
0.0222641 0.000392799 0.0
0.0221451 0.000387752 0.0
0.0220277 0.000382004 0.0
0.0219117 0.000377596 0.0
0.0217965 0.000373916 0.0
0.0216831 0.000370033 0.0
0.0215714 0.000367617 0.0
0.0214604 0.000366137 0.0
0.0213508 0.00036549 0.0
0.0212426 0.000367232 0.0
0.0211343 0.00037072 0.0
0.0210264 0.000375603 0.0
0.0209189 0.000383565 0.0
0.0208103 0.000394292 0.0
0.0206999 0.000406899 0.0
0.0205883 0.000422472 0.0
0.0204744 0.000441168 0.0
0.0203566 0.000461581 0.0
0.020235 0.000484325 0.0
0.0201096 0.000509715 0.0
0.0199793 0.000535778 0.0
0.0198432 0.000562234 0.0
0.0197013 0.000590155 0.0
0.0195541 0.00061779 0.0
0.0194012 0.00064295 0.0
0.019242 0.000666972 0.0
0.0190772 0.000690191 0.0
0.0189078 0.000709393 0.0
0.0187342 0.000724226 0.0
0.0185564 0.000737259 0.0
0.0183751 0.000746609 0.0
0.0181924 0.000750317 0.0
0.0180083 0.000750875 0.0
0.0178228 0.00074838 0.0
0.0176376 0.000741476 0.0
0.0174541 0.000731104 0.0
0.0172715 0.000717969 0.0
0.0170908 0.000702269 0.0
0.0169134 0.000684174 0.0
0.0167391 0.000663878 0.0
0.0165681 0.000642182 0.0
0.016401 0.000619567 0.0
0.0162384 0.0005958 0.0
0.0160799 0.000571323 0.0
0.0159258 0.000546876 0.0
0.0157765 0.000522423 0.0
0.015632 0.000497874 0.0
0.0154919 0.000473774 0.0
0.0153565 0.000450377 0.0
0.0152259 0.000427511 0.0
0.0150997 0.000405284 0.0
0.0149779 0.000384012 0.0
0.0148605 0.00036366 0.0
0.0147474 0.00034414 0.0
0.0146383 0.000325569 0.0
0.0145331 0.000308029 0.0
0.0144317 0.000291429 0.0
0.014334 0.000275742 0.0
0.0142398 0.000261009 0.0
0.0141489 0.000247204 0.0
0.0140612 0.000234255 0.0
0.0139766 0.000222144 0.0
0.0138949 0.000210852 0.0
0.0138159 0.000200328 0.0
0.0137396 0.000190522 0.0
0.0136658 0.000181405 0.0
0.0135943 0.000172936 0.0
0.0135251 0.000165068 0.0
0.0134581 0.000157763 0.0
0.0133931 0.000150984 0.0
0.01333 0.000144692 0.0
0.0132687 0.000138851 0.0
0.0132092 0.000133427 0.0
0.0131514 0.000128387 0.0
0.0130951 0.000123698 0.0
0.0130403 0.000119334 0.0
0.0129869 0.000115266 0.0
0.012935 0.000111467 0.0
0.0128843 0.000107915 0.0
0.0128348 0.000104588 0.0
0.0127866 0.000101464 0.0
0.0127394 9.85254e-05 0.0
0.0126934 9.57545e-05 0.0
0.0126485 9.31357e-05 0.0
0.0126045 9.06536e-05 0.0
0.0125615 8.82957e-05 0.0
0.0125194 8.60503e-05 0.0
0.0124783 8.39061e-05 0.0
0.012438 8.18531e-05 0.0
0.0123986 7.98832e-05 0.0
0.01236 7.79883e-05 0.0
0.0123222 7.61611e-05 0.0
0.0122851 7.43954e-05 0.0
0.0122489 7.2686e-05 0.0
0.0122133 7.10278e-05 0.0
0.0121785 6.94164e-05 0.0
0.0121443 6.7848e-05 0.0
0.0121109 6.63195e-05 0.0
0.0120781 6.48279e-05 0.0
0.012046 6.33707e-05 0.0
0.0120144 6.19459e-05 0.0
0.0119836 6.05515e-05 0.0
0.0119533 5.9186e-05 0.0
0.0119236 5.78481e-05 0.0
0.0118945 5.65368e-05 0.0
0.011866 5.52509e-05 0.0
0.011838 5.39898e-05 0.0
0.0118106 5.27527e-05 0.0
0.0117837 5.15392e-05 0.0
0.0117574 5.03487e-05 0.0
0.0117316 4.91808e-05 0.0
0.0117063 4.80352e-05 0.0
0.0116815 4.69115e-05 0.0
0.0116572 4.58093e-05 0.0
0.0116334 4.47282e-05 0.0
0.0116101 4.36681e-05 0.0
0.0115872 4.26283e-05 0.0
0.0115648 4.16085e-05 0.0
0.0115429 4.06081e-05 0.0
0.0115214 3.96266e-05 0.0
0.0115003 3.86631e-05 0.0
0.0114797 3.7717e-05 0.0
0.0114595 3.67873e-05 0.0
0.0114397 3.58728e-05 0.0
0.0114204 3.49723e-05 0.0
0.0114014 3.40845e-05 0.0
0.0113829 3.32076e-05 0.0
0.0113647 3.23398e-05 0.0
0.011347 3.1479e-05 0.0
0.0113296 3.06228e-05 0.0
0.0113126 2.97685e-05 0.0
0.011296 2.8913e-05 0.0
0.0112798 2.80531e-05 0.0
0.0112639 2.71848e-05 0.0
0.0112485 2.6304e-05 0.0
0.0112334 2.54059e-05 0.0
0.0112187 2.44855e-05 0.0
0.0112043 2.35368e-05 0.0
0.0111904 2.25536e-05 0.0
0.0111768 2.15292e-05 0.0
0.0111637 2.04557e-05 0.0
0.0111509 1.93249e-05 0.0
0.0111385 1.81284e-05 0.0
0.0111266 1.68568e-05 0.0
0.0111151 1.54993e-05 0.0
0.0111041 1.40473e-05 0.0
0.0110935 1.24882e-05 0.0
0.0110834 1.08137e-05 0.0
0.0110739 9.01102e-06 0.0
0.0110649 7.07712e-06 0.0
0.0110564 4.99356e-06 0.0
0.0110486 2.76966e-06 0.0
0.0110415 3.95679e-07 0.0
0.0110351 -2.11297e-06 0.0
0.0110295 -4.77087e-06 0.0
0.0110247 -7.49675e-06 0.0
0.0110209 -1.02891e-05 0.0
0.0110181 -1.29625e-05 0.0
0.0110163 -1.52504e-05 0.0
0.0110153 -1.63046e-05 0.0
0.0 0.0 0.0
0.0 0.0 0.0
0.0193807 0.000335581 0.0
0.0194812 0.000641852 0.0
0.019522 0.00106458 0.0
0.019832 0.00141163 0.0
0.0201935 0.00163251 0.0
0.0204466 0.00192978 0.0
0.0207088 0.00198958 0.0
0.0210118 0.00208435 0.0
0.0212805 0.00216937 0.0
0.0214532 0.00214453 0.0
0.0215476 0.00206871 0.0
0.0216425 0.00203241 0.0
0.0217172 0.00194834 0.0
0.021707 0.0018397 0.0
0.0216471 0.00173945 0.0
0.0215996 0.00164622 0.0
0.0215363 0.00152878 0.0
0.0214226 0.00142222 0.0
0.0212947 0.00132534 0.0
0.0211785 0.00122563 0.0
0.0210496 0.00112232 0.0
0.0208997 0.00103307 0.0
0.0207526 0.000947254 0.0
0.0206122 0.000860028 0.0
0.0204647 0.000777276 0.0
0.0203131 0.000703309 0.0
0.0201686 0.000629906 0.0
0.0200279 0.000557726 0.0
0.0198857 0.000490668 0.0
0.0197471 0.000427639 0.0
0.0196152 0.000364716 0.0
0.0194867 0.000303873 0.0
0.0193609 0.000246231 0.0
0.019241 0.000189873 0.0
0.0191271 0.000133561 0.0
0.0190175 7.85683e-05 0.0
0.0189131 2.46628e-05 0.0
0.0188152 -2.94502e-05 0.0
0.0187233 -8.42377e-05 0.0
0.0186371 -0.000139181 0.0
0.0185575 -0.000194612 0.0
0.018485 -0.000251676 0.0
0.0184197 -0.000310914 0.0
0.0183615 -0.00037152 0.0
0.0183111 -0.000434095 0.0
0.0182699 -0.00050053 0.0
0.0182375 -0.00057041 0.0
0.0182135 -0.000642364 0.0
0.0182004 -0.000718908 0.0
0.0181997 -0.000801405 0.0
0.0182089 -0.000887108 0.0
0.0182296 -0.000976753 0.0
0.0182672 -0.00107384 0.0
0.0183192 -0.00117588 0.0
0.0183831 -0.00128148 0.0
0.0184665 -0.00139364 0.0
0.0185711 -0.00151025 0.0
0.018691 -0.00163059 0.0
0.0188311 -0.00175623 0.0
0.0189971 -0.00188135 0.0
0.0191834 -0.00200593 0.0
0.0193921 -0.00213659 0.0
0.0196281 -0.00225975 0.0
0.0198851 -0.00237181 0.0
0.0201645 -0.0024855 0.0
0.0204725 -0.0025911 0.0
0.0207982 -0.00267134 0.0
0.0211369 -0.00274347 0.0
0.0215013 -0.00280729 0.0
0.021881 -0.00284046 0.0
0.0222592 -0.00285541 0.0
0.0226485 -0.00286073 0.0
0.0230511 -0.00283552 0.0
0.0234421 -0.00279208 0.0
0.0238259 -0.00274188 0.0
0.0242135 -0.00265847 0.0
0.0245865 -0.00256443 0.0
0.0249424 -0.00247144 0.0
0.0252896 -0.00234816 0.0
0.025618 -0.00221591 0.0
0.0259274 -0.00209117 0.0
0.0262201 -0.00194984 0.0
0.0264902 -0.00180016 0.0
0.026739 -0.00165603 0.0
0.0269682 -0.00151017 0.0
0.0271739 -0.00136423 0.0
0.0273591 -0.0012193 0.0
0.0275242 -0.00107945 0.0
0.027668 -0.00094828 0.0
0.0277928 -0.000818373 0.0
0.027901 -0.000694838 0.0
0.0279922 -0.000580874 0.0
0.0280662 -0.000472869 0.0
0.0281251 -0.000369542 0.0
0.0281722 -0.00027369 0.0
0.0282062 -0.000185086 0.0
0.0282259 -0.000101353 0.0
0.0282341 -2.1638e-05 0.0
0.0282338 5.20633e-05 0.0
0.0282221 0.000121159 0.0
0.028198 0.000187071 0.0
0.0281651 0.000249796 0.0
0.028124 0.000308587 0.0
0.0280719 0.000363692 0.0
0.0280099 0.000415524 0.0
0.0279394 0.000464972 0.0
0.0278603 0.000509264 0.0
0.0277728 0.00054951 0.0
0.0276771 0.000585792 0.0
0.0275745 0.000617163 0.0
0.0274661 0.000644251 0.0
0.0273517 0.000666775 0.0
0.0272329 0.000683252 0.0
0.0271111 0.000698282 0.0
0.0269848 0.000709287 0.0
0.0268556 0.000714239 0.0
0.0267253 0.000719742 0.0
0.0265924 0.00072251 0.0
0.0264568 0.000720361 0.0
0.0263204 0.000717765 0.0
0.0261829 0.000714811 0.0
0.0260443 0.000707087 0.0
0.0259056 0.000697818 0.0
0.0257666 0.000688751 0.0
0.025628 0.000676662 0.0
0.0254913 0.000662729 0.0
0.0253556 0.000649334 0.0
0.0252207 0.000634094 0.0
0.0250886 0.000619144 0.0
0.0249586 0.000605057 0.0
0.0248294 0.000590291 0.0
0.0247023 0.000577016 0.0
0.0245774 0.000565214 0.0
0.0244535 0.000553936 0.0
0.0243301 0.00054368 0.0
0.0242083 0.000535012 0.0
0.0240879 0.000526905 0.0
0.0239674 0.000519315 0.0
0.0238475 0.00051251 0.0
0.0237292 0.000506317 0.0
0.0236119 0.000499758 0.0
0.0234953 0.000493712 0.0
0.02338 0.000488832 0.0
0.0232662 0.000483587 0.0
0.0231543 0.000479151 0.0
0.0230437 0.0004768 0.0
0.0229339 0.00047515 0.0
0.0228256 0.000475351 0.0
0.022719 0.000478433 0.0
0.0226124 0.000483462 0.0
0.0225053 0.000491426 0.0
0.0223981 0.00050286 0.0
0.0222906 0.000517435 0.0
0.0221807 0.000535038 0.0
0.0220678 0.000555893 0.0
0.0219524 0.000580469 0.0
0.0218334 0.000607966 0.0
0.0217092 0.000636833 0.0
0.0215798 0.0006681 0.0
0.0214447 0.000702011 0.0
0.0213035 0.000735291 0.0
0.0211562 0.000767382 0.0
0.0210022 0.000800144 0.0
0.0208412 0.000831275 0.0
0.0206749 0.000858077 0.0
0.0205036 0.000882078 0.0
0.020326 0.00090314 0.0
0.0201442 0.000919218 0.0
0.0199601 0.00093046 0.0
0.0197729 0.000936827 0.0
0.0195833 0.000938882 0.0
0.0193932 0.000936614 0.0
0.0192034 0.000928872 0.0
0.019014 0.000917413 0.0
0.0188258 0.000903106 0.0
0.0186396 0.000884695 0.0
0.0184563 0.000863245 0.0
0.0182759 0.000840188 0.0
0.0180987 0.000814989 0.0
0.0179254 0.000787868 0.0
0.0177562 0.00075999 0.0
0.017591 0.000731538 0.0
0.0174302 0.000702364 0.0
0.0172739 0.000673106 0.0
0.0171222 0.000644192 0.0
0.0169749 0.000615556 0.0
0.0168322 0.000587342 0.0
0.0166941 0.000559935 0.0
0.0165604 0.000533398 0.0
0.016431 0.000507699 0.0
0.016306 0.000482972 0.0
0.0161851 0.000459359 0.0
0.0160684 0.000436819 0.0
0.0159556 0.000415334 0.0
0.0158466 0.000394954 0.0
0.0157413 0.000375701 0.0
0.0156396 0.000357512 0.0
0.0155413 0.000340354 0.0
0.0154463 0.000324223 0.0
0.0153544 0.000309093 0.0
0.0152656 0.000294896 0.0
0.0151796 0.000281589 0.0
0.0150964 0.000269147 0.0
0.0150159 0.000257523 0.0
0.0149379 0.000246654 0.0
0.0148623 0.0002365 0.0
0.014789 0.000227027 0.0
0.0147179 0.000218186 0.0
0.0146489 0.000209924 0.0
0.0145819 0.000202207 0.0
0.0145167 0.000195001 0.0
0.0144535 0.00018826 0.0
0.0143919 0.000181948 0.0
0.014332 0.000176035 0.0
0.0142737 0.00017049 0.0
0.014217 0.000165278 0.0
0.0141616 0.000160373 0.0
0.0141077 0.000155751 0.0
0.0140552 0.000151387 0.0
0.0140039 0.000147257 0.0
0.0139538 0.000143341 0.0
0.013905 0.000139622 0.0
0.0138573 0.00013608 0.0
0.0138106 0.0001327 0.0
0.0137651 0.000129468 0.0
0.0137206 0.000126371 0.0
0.0136771 0.000123396 0.0
0.0136345 0.000120532 0.0
0.0135929 0.000117771 0.0
0.0135522 0.000115104 0.0
0.0135124 0.000112522 0.0
0.0134734 0.000110018 0.0
0.0134353 0.000107587 0.0
0.013398 0.000105223 0.0
0.0133614 0.00010292 0.0
0.0133257 0.000100675 0.0
0.0132906 9.84842e-05 0.0
0.0132563 9.63436e-05 0.0
0.0132228 9.42505e-05 0.0
0.0131899 9.22026e-05 0.0
0.0131577 9.01976e-05 0.0
0.0131262 8.82334e-05 0.0
0.0130953 8.63085e-05 0.0
0.013065 8.44216e-05 0.0
0.0130354 8.25713e-05 0.0
0.0130064 8.07565e-05 0.0
0.012978 7.89764e-05 0.0
0.0129502 7.72301e-05 0.0
0.012923 7.55168e-05 0.0
0.0128963 7.3836e-05 0.0
0.0128702 7.21869e-05 0.0
0.0128446 7.0569e-05 0.0
0.0128196 6.89816e-05 0.0
0.0127951 6.74241e-05 0.0
0.0127711 6.58959e-05 0.0
0.0127476 6.43962e-05 0.0
0.0127246 6.29244e-05 0.0
0.012702 6.14794e-05 0.0
0.01268 6.00605e-05 0.0
0.0126584 5.86663e-05 0.0
0.0126373 5.72959e-05 0.0
0.0126166 5.59477e-05 0.0
0.0125964 5.46202e-05 0.0
0.0125766 5.33116e-05 0.0
0.0125573 5.20199e-05 0.0
0.0125384 5.07428e-05 0.0
0.0125199 4.94776e-05 0.0
0.0125018 4.82216e-05 0.0
0.0124841 4.69716e-05 0.0
0.0124668 4.57237e-05 0.0
0.0124499 4.4474e-05 0.0
0.0124335 4.32179e-05 0.0
0.0124174 4.19505e-05 0.0
0.0124017 4.06657e-05 0.0
0.0123864 3.9358e-05 0.0
0.0123715 3.80201e-05 0.0
0.012357 3.66443e-05 0.0
0.0123429 3.5222e-05 0.0
0.0123292 3.37452e-05 0.0
0.0123159 3.22031e-05 0.0
0.012303 3.05844e-05 0.0
0.0122906 2.88786e-05 0.0
0.0122786 2.70736e-05 0.0
0.012267 2.51551e-05 0.0
0.012256 2.31092e-05 0.0
0.0122454 2.09249e-05 0.0
0.0122354 1.85848e-05 0.0
0.0122259 1.60781e-05 0.0
0.012217 1.33883e-05 0.0
0.0122088 1.05128e-05 0.0
0.0122012 7.43202e-06 0.0
0.0121944 4.15936e-06 0.0
0.0121883 6.71172e-07 0.0
0.0121832 -2.97851e-06 0.0
0.0121791 -6.78266e-06 0.0
0.012176 -1.0541e-05 0.0
0.0121741 -1.3881e-05 0.0
0.0121731 -1.54584e-05 0.0
0.0 0.0 0.0
0.0 0.0 0.0
0.0193039 0.000165774 0.0
0.0193621 0.000628473 0.0
0.0195321 0.000905363 0.0
0.0197336 0.00104488 0.0
0.019942 0.00140584 0.0
0.0202332 0.00166115 0.0
0.0204855 0.00169661 0.0
0.0207087 0.00184218 0.0
0.0209668 0.00194045 0.0
0.0211867 0.00196271 0.0
0.0213458 0.00194449 0.0
0.021499 0.00192985 0.0
0.0216162 0.0018842 0.0
0.0216734 0.00182765 0.0
0.0217165 0.00174848 0.0
0.0217512 0.00166858 0.0
0.0217387 0.00158681 0.0
0.0216954 0.00150378 0.0
0.0216562 0.00140861 0.0
0.0216044 0.00132027 0.0
0.0215223 0.0012368 0.0
0.0214324 0.00115173 0.0
0.0213475 0.00106364 0.0
0.0212514 0.000984052 0.0
0.0211425 0.000907669 0.0
0.0210358 0.00083028 0.0
0.0209314 0.000754781 0.0
0.0208208 0.000685424 0.0
0.0207082 0.000617113 0.0
0.0206001 0.000549053 0.0
0.0204932 0.000483892 0.0
0.0203852 0.000421775 0.0
0.0202801 0.000359688 0.0
0.0201794 0.000298334 0.0
0.0200806 0.000238697 0.0
0.0199845 0.000179794 0.0
0.019893 0.000120367 0.0
0.0198057 6.08736e-05 0.0
0.0197222 1.30976e-06 0.0
0.0196436 -5.89743e-05 0.0
0.0195702 -0.000120916 0.0
0.0195021 -0.000184634 0.0
0.0194398 -0.000249781 0.0
0.0193835 -0.000317126 0.0
0.0193341 -0.000388456 0.0
0.0192921 -0.000462964 0.0
0.0192573 -0.000539783 0.0
0.0192305 -0.000621783 0.0
0.019214 -0.000710233 0.0
0.0192069 -0.000801529 0.0
0.0192086 -0.000897518 0.0
0.0192238 -0.00100293 0.0
0.0192533 -0.0011137 0.0
0.0192931 -0.00122719 0.0
0.0193478 -0.0013508 0.0
0.0194235 -0.00148246 0.0
0.0195152 -0.00161512 0.0
0.0196225 -0.00175591 0.0
0.0197541 -0.00190423 0.0
0.0199103 -0.00205054 0.0
0.0200874 -0.00220075 0.0
0.0202881 -0.00235578 0.0
0.0205157 -0.00250034 0.0
0.0207719 -0.0026409 0.0
0.0210535 -0.00278088 0.0
0.0213553 -0.00290489 0.0
0.0216833 -0.00300694 0.0
0.0220382 -0.00310165 0.0
0.0224064 -0.00318022 0.0
0.0227861 -0.00322575 0.0
0.023184 -0.00324668 0.0
0.0235879 -0.00325806 0.0
0.0239925 -0.00324293 0.0
0.0243978 -0.00318576 0.0
0.0247956 -0.00312415 0.0
0.0251893 -0.00305066 0.0
0.0255744 -0.0029354 0.0
0.0259364 -0.00281544 0.0
0.0262847 -0.00269198 0.0
0.0266214 -0.00254051 0.0
0.0269322 -0.00238564 0.0
0.0272185 -0.00223003 0.0
0.0274849 -0.00205939 0.0
0.0277285 -0.00189067 0.0
0.0279499 -0.00172346 0.0
0.028145 -0.00155374 0.0
0.0283166 -0.00139027 0.0
0.028471 -0.00122876 0.0
0.0286055 -0.00107602 0.0
0.0287178 -0.000930502 0.0
0.0288128 -0.00078979 0.0
0.0288947 -0.000658461 0.0
0.0289625 -0.000536164 0.0
0.0290138 -0.000419779 0.0
0.0290529 -0.000311632 0.0
0.0290837 -0.000210581 0.0
0.0291032 -0.000114914 0.0
0.0291107 -2.60368e-05 0.0
0.0291105 5.70679e-05 0.0
0.0291022 0.000137499 0.0
0.0290837 0.000212651 0.0
0.0290566 0.000283529 0.0
0.0290217 0.000351939 0.0
0.0289775 0.000416636 0.0
0.0289236 0.000477365 0.0
0.0288615 0.000535629 0.0
0.0287911 0.000588364 0.0
0.0287121 0.000636177 0.0
0.0286249 0.000680321 0.0
0.028531 0.000719292 0.0
0.0284318 0.000750098 0.0
0.0283283 0.000777626 0.0
0.0282187 0.000800684 0.0
0.028106 0.000816547 0.0
0.0279926 0.000830479 0.0
0.0278752 0.000840474 0.0
0.0277544 0.000846167 0.0
0.0276336 0.000850212 0.0
0.0275106 0.000852512 0.0
0.0273843 0.00085069 0.0
0.0272575 0.000847181 0.0
0.0271298 0.000841902 0.0
0.0270004 0.000833585 0.0
0.0268708 0.000822865 0.0
0.0267416 0.000810986 0.0
0.0266128 0.000795721 0.0
0.026486 0.000780441 0.0
0.0263599 0.000764822 0.0
0.0262348 0.000746888 0.0
0.0261128 0.000730467 0.0
0.0259927 0.000715659 0.0
0.0258726 0.000700175 0.0
0.025754 0.000685899 0.0
0.0256373 0.000674945 0.0
0.0255208 0.00066417 0.0
0.0254042 0.000653388 0.0
0.0252881 0.000645083 0.0
0.0251724 0.000638367 0.0
0.0250571 0.000629893 0.0
0.0249423 0.000622006 0.0
0.0248277 0.000616062 0.0
0.0247141 0.000608865 0.0
0.0246029 0.000601203 0.0
0.0244925 0.000595502 0.0
0.0243829 0.000589588 0.0
0.0242762 0.00058486 0.0
0.0241713 0.000582673 0.0
0.0240669 0.000581348 0.0
0.0239643 0.00058276 0.0
0.0238628 0.000588297 0.0
0.023761 0.000596482 0.0
0.0236595 0.00060751 0.0
0.0235575 0.000623679 0.0
0.0234531 0.000643919 0.0
0.0233466 0.000667328 0.0
0.0232375 0.000695197 0.0
0.0231243 0.000726829 0.0
0.0230058 0.00076112 0.0
0.0228818 0.000798583 0.0
0.0227523 0.000838028 0.0
0.0226161 0.000877397 0.0
0.0224721 0.00091711 0.0
0.022321 0.00095697 0.0
0.0221637 0.000993941 0.0
0.0219995 0.0010265 0.0
0.0218282 0.00105671 0.0
0.0216514 0.00108349 0.0
0.0214705 0.00110256 0.0
0.0212859 0.00111628 0.0
0.0210974 0.00112675 0.0
0.0209068 0.00112996 0.0
0.0207164 0.0011268 0.0
0.0205252 0.00111982 0.0
0.0203337 0.00110788 0.0
0.0201443 0.00109108 0.0
0.0199572 0.00107051 0.0
0.0197717 0.00104674 0.0
0.0195891 0.00102037 0.0
0.0194103 0.000991549 0.0
0.0192349 0.000960736 0.0
0.019063 0.000928847 0.0
0.0188953 0.000896204 0.0
0.0187319 0.000862736 0.0
0.0185726 0.000829055 0.0
0.0184174 0.00079571 0.0
0.0182668 0.000762662 0.0
0.0181206 0.000729995 0.0
0.0179784 0.000698169 0.0
0.0178406 0.000667309 0.0
0.0177071 0.00063735 0.0
0.0175777 0.000608435 0.0
0.0174523 0.000580745 0.0
0.0173308 0.000554233 0.0
0.0172133 0.000528888 0.0
0.0170996 0.000504782 0.0
0.0169893 0.000481917 0.0
0.0168827 0.00046023 0.0
0.0167795 0.000439719 0.0
0.0166795 0.00042037 0.0
0.0165827 0.000402126 0.0
0.0164889 0.00038494 0.0
0.0163982 0.000368786 0.0
0.0163101 0.000353609 0.0
0.0162248 0.00033935 0.0
0.0161421 0.00032597 0.0
0.016062 0.000313423 0.0
0.0159841 0.000301648 0.0
0.0159086 0.0002906 0.0
0.0158353 0.000280239 0.0
0.0157641 0.000270514 0.0
0.0156949 0.000261377 0.0
0.0156276 0.000252791 0.0
0.0155622 0.000244718 0.0
0.0154986 0.000237115 0.0
0.0154367 0.000229946 0.0
0.0153764 0.000223181 0.0
0.0153178 0.000216787 0.0
0.0152606 0.000210732 0.0
0.0152049 0.00020499 0.0
0.0151506 0.000199537 0.0
0.0150976 0.000194348 0.0
0.015046 0.0001894 0.0
0.0149956 0.000184674 0.0
0.0149465 0.000180153 0.0
0.0148985 0.000175817 0.0
0.0148516 0.000171652 0.0
0.0148059 0.000167645 0.0
0.0147612 0.000163783 0.0
0.0147175 0.000160052 0.0
0.0146748 0.000156444 0.0
0.0146331 0.000152949 0.0
0.0145924 0.000149559 0.0
0.0145525 0.000146265 0.0
0.0145136 0.000143061 0.0
0.0144755 0.000139941 0.0
0.0144382 0.0001369 0.0
0.0144018 0.000133932 0.0
0.0143662 0.000131034 0.0
0.0143313 0.000128202 0.0
0.0142972 0.000125432 0.0
0.0142639 0.000122722 0.0
0.0142313 0.000120068 0.0
0.0141994 0.000117469 0.0
0.0141681 0.000114923 0.0
0.0141376 0.000112428 0.0
0.0141077 0.000109981 0.0
0.0140785 0.000107583 0.0
0.0140499 0.000105232 0.0
0.0140219 0.000102926 0.0
0.0139945 0.000100664 0.0
0.0139677 9.84464e-05 0.0
0.0139415 9.6271e-05 0.0
0.0139159 9.41371e-05 0.0
0.0138908 9.2044e-05 0.0
0.0138663 8.99905e-05 0.0
0.0138423 8.79758e-05 0.0
0.0138188 8.59988e-05 0.0
0.0137958 8.40581e-05 0.0
0.0137733 8.21528e-05 0.0
0.0137514 8.02812e-05 0.0
0.0137299 7.8442e-05 0.0
0.0137089 7.66333e-05 0.0
0.0136883 7.48532e-05 0.0
0.0136683 7.30995e-05 0.0
0.0136486 7.137e-05 0.0
0.0136294 6.96617e-05 0.0
0.0136107 6.79718e-05 0.0
0.0135923 6.62966e-05 0.0
0.0135744 6.46327e-05 0.0
0.0135569 6.29755e-05 0.0
0.0135399 6.13205e-05 0.0
0.0135232 5.96622e-05 0.0
0.0135069 5.79951e-05 0.0
0.0134911 5.63121e-05 0.0
0.0134756 5.46065e-05 0.0
0.0134605 5.28697e-05 0.0
0.0134459 5.10938e-05 0.0
0.0134316 4.92679e-05 0.0
0.0134177 4.73822e-05 0.0
0.0134043 4.54244e-05 0.0
0.0133913 4.33824e-05 0.0
0.0133787 4.12416e-05 0.0
0.0133665 3.89878e-05 0.0
0.0133548 3.66043e-05 0.0
0.0133435 3.4075e-05 0.0
0.0133328 3.13825e-05 0.0
0.0133225 2.85061e-05 0.0
0.0133129 2.54296e-05 0.0
0.0133037 2.21344e-05 0.0
0.0132953 1.86046e-05 0.0
0.0132874 1.48114e-05 0.0
0.0132804 1.07626e-05 0.0
0.0132741 6.43063e-06 0.0
0.0132687 1.83114e-06 0.0
0.0132644 -3.03024e-06 0.0
0.0132611 -7.93981e-06 0.0
0.0132591 -1.2436e-05 0.0
0.0132581 -1.46086e-05 0.0
0.0 0.0 0.0
0.0 0.0 0.0
0.0192677 0.000180609 0.0
0.0193599 0.000462631 0.0
0.0195152 0.000702919 0.0
0.0196176 0.000979616 0.0
0.019758 0.0011877 0.0
0.0200092 0.00130785 0.0
0.020251 0.00151481 0.0
0.02046 0.00165508 0.0
0.0206595 0.00166829 0.0
0.0208801 0.00174575 0.0
0.0210959 0.00180074 0.0
0.0212536 0.00178698 0.0
0.0213767 0.00175501 0.0
0.0215143 0.00174221 0.0
0.0216264 0.00169556 0.0
0.0216792 0.00163411 0.0
0.0217181 0.00157318 0.0
0.0217651 0.00151032 0.0
0.0217804 0.00143409 0.0
0.02176 0.00136162 0.0
0.0217399 0.0012884 0.0
0.0217191 0.00121224 0.0
0.0216744 0.0011354 0.0
0.0216151 0.00106351 0.0
0.0215595 0.000990103 0.0
0.0214991 0.000916833 0.0
0.0214256 0.000846448 0.0
0.0213494 0.000778713 0.0
0.0212757 0.000710179 0.0
0.0211978 0.000643317 0.0
0.0211154 0.000578828 0.0
0.0210347 0.000515183 0.0
0.0209556 0.000451346 0.0
0.0208748 0.000388853 0.0
0.0207946 0.000327166 0.0
0.0207174 0.000265189 0.0
0.020642 0.000202721 0.0
0.0205678 0.000140222 0.0
0.0204967 7.70014e-05 0.0
0.0204292 1.2342e-05 0.0
0.0203648 -5.41404e-05 0.0
0.0203039 -0.000122248 0.0
0.0202475 -0.000192555 0.0
0.0201961 -0.000266261 0.0
0.0201498 -0.000343619 0.0
0.0201085 -0.000423855 0.0
0.0200738 -0.000508668 0.0
0.0200471 -0.000599678 0.0
0.0200268 -0.000695304 0.0
0.0200137 -0.000795525 0.0
0.0200125 -0.00090438 0.0
0.0200222 -0.00102065 0.0
0.020039 -0.00114161 0.0
0.0200701 -0.00127141 0.0
0.0201204 -0.00141142 0.0
0.0201819 -0.00155659 0.0
0.0202565 -0.00170994 0.0
0.0203581 -0.0018723 0.0
0.0204813 -0.00203748 0.0
0.0206192 -0.00221151 0.0
0.0207861 -0.00239029 0.0
0.0209842 -0.00256109 0.0
0.0212037 -0.00273603 0.0
0.0214529 -0.00291625 0.0
0.0217348 -0.00307058 0.0
0.0220391 -0.00321276 0.0
0.0223724 -0.00335834 0.0
0.0227365 -0.00347339 0.0
0.0231128 -0.00354794 0.0
0.0235041 -0.00362136 0.0
0.0239236 -0.00366755 0.0
0.0243439 -0.00366125 0.0
0.0247528 -0.00364552 0.0
0.025176 -0.00360885 0.0
0.0255966 -0.003521 0.0
0.0259868 -0.00343276 0.0
0.0263694 -0.00332204 0.0
0.0267431 -0.00316957 0.0
0.0270878 -0.00302508 0.0
0.0274103 -0.00286854 0.0
0.0277118 -0.00267871 0.0
0.0279864 -0.00249423 0.0
0.028239 -0.00231071 0.0
0.0284621 -0.00211385 0.0
0.0286574 -0.00191912 0.0
0.0288327 -0.00172501 0.0
0.0289831 -0.00154164 0.0
0.0291079 -0.0013624 0.0
0.0292149 -0.00118503 0.0
0.0293059 -0.00102169 0.0
0.029379 -0.000869315 0.0
0.0294353 -0.000722046 0.0
0.0294813 -0.000584794 0.0
0.0295184 -0.000458317 0.0
0.0295428 -0.000340169 0.0
0.0295563 -0.000228175 0.0
0.0295653 -0.000124197 0.0
0.0295684 -2.77096e-05 0.0
0.0295609 6.44981e-05 0.0
0.0295462 0.000152368 0.0
0.0295291 0.000234556 0.0
0.0295043 0.00031395 0.0
0.0294695 0.000389813 0.0
0.0294292 0.000463525 0.0
0.0293828 0.00053331 0.0
0.0293275 0.00059796 0.0
0.0292637 0.000659674 0.0
0.0291921 0.000717441 0.0
0.0291142 0.000766689 0.0
0.0290302 0.00081106 0.0
0.0289391 0.0008489 0.0
0.0288446 0.000879167 0.0
0.0287472 0.000906721 0.0
0.0286455 0.00092497 0.0
0.0285428 0.000939219 0.0
0.0284392 0.00095381 0.0
0.0283317 0.000961235 0.0
0.0282225 0.000965183 0.0
0.0281123 0.000970951 0.0
0.0279998 0.000971636 0.0
0.0278848 0.000968024 0.0
0.027768 0.000964502 0.0
0.0276499 0.000958535 0.0
0.0275324 0.000946094 0.0
0.0274153 0.000933747 0.0
0.0272969 0.000919585 0.0
0.0271805 0.00090113 0.0
0.0270675 0.000883946 0.0
0.0269549 0.0008657 0.0
0.0268432 0.000846427 0.0
0.0267343 0.000829768 0.0
0.0266271 0.000814186 0.0
0.0265201 0.000799179 0.0
0.0264134 0.000786429 0.0
0.0263078 0.00077546 0.0
0.026202 0.000766309 0.0
0.026095 0.000757406 0.0
0.0259883 0.000749352 0.0
0.0258817 0.000741945 0.0
0.0257741 0.000734382 0.0
0.0256671 0.000726468 0.0
0.0255611 0.000718577 0.0
0.025456 0.000709563 0.0
0.0253526 0.000702034 0.0
0.0252506 0.000695074 0.0
0.0251503 0.000687651 0.0
0.0250529 0.0006834 0.0
0.0249572 0.000681439 0.0
0.0248621 0.000681531 0.0
0.0247686 0.000685506 0.0
0.0246771 0.000693525 0.0
0.0245851 0.000705535 0.0
0.0244913 0.000722409 0.0
0.0243973 0.000744 0.0
0.0243022 0.000770818 0.0
0.0242026 0.000801936 0.0
0.0240984 0.000837268 0.0
0.0239904 0.000878139 0.0
0.0238766 0.000921671 0.0
0.0237553 0.00096592 0.0
0.0236268 0.00101358 0.0
0.0234904 0.00106279 0.0
0.0233464 0.00110792 0.0
0.0231952 0.00115092 0.0
0.0230352 0.00119352 0.0
0.0228679 0.00122993 0.0
0.0226963 0.0012592 0.0
0.022519 0.00128443 0.0
0.0223358 0.00130313 0.0
0.0221506 0.00131466 0.0
0.021964 0.00131926 0.0
0.0217751 0.00131731 0.0
0.0215859 0.00131054 0.0
0.0213977 0.00129743 0.0
0.0212108 0.00127839 0.0
0.0210255 0.00125623 0.0
0.0208424 0.00123033 0.0
0.0206624 0.00120019 0.0
0.0204856 0.00116788 0.0
0.020312 0.00113415 0.0
0.0201419 0.00109831 0.0
0.0199758 0.0010612 0.0
0.0198136 0.00102394 0.0
0.0196553 0.000986419 0.0
0.019501 0.00094858 0.0
0.0193508 0.000911202 0.0
0.0192046 0.000874606 0.0
0.0190625 0.00083864 0.0
0.0189245 0.000803474 0.0
0.0187902 0.000769496 0.0
0.0186599 0.000736715 0.0
0.0185335 0.000705067 0.0
0.0184108 0.000674676 0.0
0.0182917 0.000645666 0.0
0.0181762 0.00061797 0.0
0.0180643 0.000591554 0.0
0.0179556 0.000566454 0.0
0.0178503 0.000542672 0.0
0.0177481 0.000520133 0.0
0.0176491 0.000498797 0.0
0.017553 0.000478645 0.0
0.0174598 0.000459637 0.0
0.0173694 0.0004417 0.0
0.0172817 0.000424786 0.0
0.0171965 0.000408855 0.0
0.0171139 0.000393855 0.0
0.0170337 0.000379721 0.0
0.0169558 0.000366406 0.0
0.0168802 0.000353866 0.0
0.0168067 0.000342048 0.0
0.0167352 0.0003309 0.0
0.0166658 0.000320381 0.0
0.0165983 0.00031045 0.0
0.0165326 0.000301062 0.0
0.0164687 0.000292175 0.0
0.0164066 0.000283757 0.0
0.0163461 0.000275773 0.0
0.0162872 0.000268188 0.0
0.0162298 0.00026097 0.0
0.0161739 0.000254095 0.0
0.0161194 0.000247535 0.0
0.0160663 0.000241264 0.0
0.0160146 0.00023526 0.0
0.0159641 0.000229503 0.0
0.0159149 0.000223974 0.0
0.0158669 0.000218654 0.0
0.0158201 0.000213529 0.0
0.0157744 0.000208583 0.0
0.0157298 0.000203802 0.0
0.0156863 0.000199176 0.0
0.0156438 0.000194692 0.0
0.0156023 0.000190342 0.0
0.0155618 0.000186115 0.0
0.0155222 0.000182003 0.0
0.0154836 0.000178001 0.0
0.0154458 0.0001741 0.0
0.0154089 0.000170296 0.0
0.0153729 0.000166583 0.0
0.0153377 0.000162956 0.0
0.0153033 0.000159411 0.0
0.0152696 0.000155944 0.0
0.0152368 0.000152553 0.0
0.0152047 0.000149234 0.0
0.0151733 0.000145984 0.0
0.0151426 0.000142801 0.0
0.0151126 0.000139684 0.0
0.0150833 0.000136629 0.0
0.0150547 0.000133636 0.0
0.0150267 0.000130703 0.0
0.0149994 0.000127828 0.0
0.0149726 0.00012501 0.0
0.0149465 0.000122247 0.0
0.0149209 0.000119539 0.0
0.014896 0.000116883 0.0
0.0148716 0.00011428 0.0
0.0148477 0.000111726 0.0
0.0148244 0.000109221 0.0
0.0148016 0.000106764 0.0
0.0147794 0.000104352 0.0
0.0147576 0.000101984 0.0
0.0147363 9.96589e-05 0.0
0.0147156 9.73733e-05 0.0
0.0146953 9.51256e-05 0.0
0.0146754 9.2913e-05 0.0
0.0146561 9.07328e-05 0.0
0.0146371 8.85817e-05 0.0
0.0146186 8.64565e-05 0.0
0.0146006 8.4353e-05 0.0
0.014583 8.2267e-05 0.0
0.0145658 8.01936e-05 0.0
0.014549 7.81277e-05 0.0
0.0145326 7.60627e-05 0.0
0.0145166 7.39925e-05 0.0
0.014501 7.19095e-05 0.0
0.0144858 6.98058e-05 0.0
0.014471 6.76713e-05 0.0
0.0144566 6.54975e-05 0.0
0.0144426 6.3272e-05 0.0
0.014429 6.09833e-05 0.0
0.0144158 5.8617e-05 0.0
0.014403 5.61604e-05 0.0
0.0143906 5.3595e-05 0.0
0.0143786 5.09049e-05 0.0
0.014367 4.80704e-05 0.0
0.0143559 4.50724e-05 0.0
0.0143453 4.18869e-05 0.0
0.0143352 3.84933e-05 0.0
0.0143255 3.48661e-05 0.0
0.0143165 3.09793e-05 0.0
0.014308 2.68106e-05 0.0
0.0143002 2.23295e-05 0.0
0.0142931 1.75158e-05 0.0
0.0142868 1.23388e-05 0.0
0.0142813 6.80112e-06 0.0
0.0142769 8.88258e-07 0.0
0.0142735 -5.21897e-06 0.0
0.0142714 -1.09497e-05 0.0
0.0142704 -1.37575e-05 0.0
0.0 0.0 0.0
0.0 0.0 0.0
0.0192837 0.000187926 0.0
0.0193429 0.000335234 0.0
0.0194128 0.000573093 0.0
0.0195561 0.000863655 0.0
0.0197317 0.000977192 0.0
0.019868 0.00112144 0.0
0.0200393 0.0013212 0.0
0.0202657 0.00141307 0.0
0.0204563 0.00147798 0.0
0.0206347 0.00156526 0.0
0.0208242 0.00160186 0.0
0.020999 0.00162156 0.0
0.0211555 0.00162636 0.0
0.0212997 0.00161695 0.0
0.0214171 0.00159059 0.0
0.0215174 0.00156146 0.0
0.0216113 0.00151468 0.0
0.0216824 0.0014643 0.0
0.0217263 0.00141237 0.0
0.0217635 0.00135526 0.0
0.0217945 0.00128892 0.0
0.0218037 0.00122697 0.0
0.0217973 0.00116494 0.0
0.0217892 0.0010982 0.0
0.0217738 0.00103004 0.0
0.0217438 0.000966904 0.0
0.0217077 0.000902522 0.0
0.0216708 0.000835998 0.0
0.0216276 0.000771347 0.0
0.0215772 0.000709415 0.0
0.0215256 0.000645885 0.0
0.0214732 0.000582133 0.0
0.0214169 0.000520122 0.0
0.0213587 0.000458521 0.0
0.0213013 0.00039551 0.0
0.0212435 0.000332473 0.0
0.0211847 0.000269529 0.0
0.0211271 0.000205485 0.0
0.021071 0.000139684 0.0
0.0210156 7.24907e-05 0.0
0.0209622 3.65773e-06 0.0
0.0209114 -6.75029e-05 0.0
0.020863 -0.000142184 0.0
0.0208176 -0.000220209 0.0
0.0207761 -0.000301088 0.0
0.0207385 -0.000386664 0.0
0.0207056 -0.000478877 0.0
0.0206783 -0.000575288 0.0
0.0206564 -0.000676312 0.0
0.0206416 -0.000786992 0.0
0.0206356 -0.000906121 0.0
0.0206367 -0.00102862 0.0
0.0206473 -0.0011614 0.0
0.0206725 -0.00130841 0.0
0.0207094 -0.00145999 0.0
0.0207569 -0.00161794 0.0
0.0208249 -0.00179348 0.0
0.0209148 -0.00197636 0.0
0.02102 -0.00216124 0.0
0.0211485 -0.00236027 0.0
0.0213071 -0.00256377 0.0
0.0214932 -0.00276568 0.0
0.0217083 -0.00297273 0.0
0.0219528 -0.00317461 0.0
0.0222295 -0.00336154 0.0
0.0225456 -0.00354348 0.0
0.0228886 -0.00370748 0.0
0.0232497 -0.00384244 0.0
0.0236466 -0.0039495 0.0
0.0240681 -0.0040347 0.0
0.0244879 -0.00408705 0.0
0.0249192 -0.00409476 0.0
0.0253615 -0.00406502 0.0
0.0257903 -0.00403067 0.0
0.0262109 -0.00394277 0.0
0.0266164 -0.00381275 0.0
0.0269984 -0.00369232 0.0
0.0273657 -0.00353895 0.0
0.0277054 -0.00334742 0.0
0.0280079 -0.00316287 0.0
0.0282881 -0.00296273 0.0
0.0285397 -0.00274391 0.0
0.0287583 -0.00252981 0.0
0.0289458 -0.00230463 0.0
0.0291015 -0.00208487 0.0
0.0292339 -0.00187104 0.0
0.0293455 -0.00165674 0.0
0.0294296 -0.00145717 0.0
0.0294927 -0.00126673 0.0
0.0295427 -0.00108394 0.0
0.0295816 -0.000915934 0.0
0.0296059 -0.000758047 0.0
0.0296173 -0.000611246 0.0
0.0296238 -0.000475149 0.0
0.0296269 -0.000348133 0.0
0.0296217 -0.000230222 0.0
0.0296102 -0.000121982 0.0
0.0295974 -1.83703e-05 0.0
0.0295819 8.00904e-05 0.0
0.0295621 0.000170256 0.0
0.0295386 0.000257998 0.0
0.0295104 0.000345041 0.0
0.0294784 0.000425823 0.0
0.0294416 0.000505391 0.0
0.0293974 0.000582355 0.0
0.0293454 0.000655574 0.0
0.0292858 0.000724636 0.0
0.0292196 0.000789321 0.0
0.0291464 0.000845302 0.0
0.0290676 0.000894012 0.0
0.0289835 0.000938837 0.0
0.0288954 0.000972238 0.0
0.0288082 0.000998179 0.0
0.0287202 0.00102238 0.0
0.0286274 0.00103839 0.0
0.0285357 0.0010503 0.0
0.0284459 0.0010623 0.0
0.0283524 0.00106996 0.0
0.0282564 0.00107384 0.0
0.0281602 0.00107728 0.0
0.0280612 0.00107925 0.0
0.0279597 0.00107479 0.0
0.027858 0.00106822 0.0
0.0277539 0.00105893 0.0
0.0276501 0.00104471 0.0
0.0275485 0.00102949 0.0
0.0274466 0.00101037 0.0
0.0273466 0.000989145 0.0
0.0272506 0.000970318 0.0
0.0271551 0.000950508 0.0
0.0270604 0.000930072 0.0
0.0269688 0.000913454 0.0
0.0268783 0.000899489 0.0
0.0267863 0.000885561 0.0
0.0266939 0.000874154 0.0
0.0266015 0.000866792 0.0
0.0265081 0.000858514 0.0
0.0264129 0.000850079 0.0
0.026316 0.000844036 0.0
0.0262188 0.000837721 0.0
0.0261225 0.000827569 0.0
0.0260266 0.000818996 0.0
0.0259299 0.000810772 0.0
0.025836 0.000799582 0.0
0.0257458 0.000790569 0.0
0.0256561 0.000782496 0.0
0.025568 0.000774821 0.0
0.0254838 0.000770973 0.0
0.0254017 0.000770567 0.0
0.0253205 0.000772129 0.0
0.0252406 0.000779116 0.0
0.0251612 0.00079244 0.0
0.025082 0.000809652 0.0
0.0250024 0.000831886 0.0
0.0249198 0.000861677 0.0
0.024834 0.000896872 0.0
0.0247453 0.000937033 0.0
0.0246515 0.000982603 0.0
0.0245507 0.00103214 0.0
0.0244424 0.00108557 0.0
0.0243263 0.00114131 0.0
0.0242025 0.00119677 0.0
0.0240693 0.00125096 0.0
0.0239258 0.00130377 0.0
0.0237746 0.00135319 0.0
0.0236166 0.00139582 0.0
0.0234509 0.00143099 0.0
0.0232787 0.00146233 0.0
0.0231021 0.00148533 0.0
0.0229232 0.00149732 0.0
0.0227419 0.00150452 0.0
0.0225579 0.00150494 0.0
0.0223747 0.00149621 0.0
0.0221932 0.00148184 0.0
0.0220118 0.00146254 0.0
0.0218319 0.00143781 0.0
0.0216556 0.00140868 0.0
0.021482 0.00137612 0.0
0.0213106 0.00134074 0.0
0.0211428 0.00130319 0.0
0.0209791 0.0012638 0.0
0.0208185 0.00122319 0.0
0.0206613 0.00118199 0.0
0.0205081 0.0011405 0.0
0.0203589 0.00109889 0.0
0.0202131 0.00105766 0.0
0.0200709 0.00101708 0.0
0.0199327 0.000977249 0.0
0.0197982 0.00093834 0.0
0.0196671 0.000900599 0.0
0.0195396 0.000864052 0.0
0.0194157 0.000828767 0.0
0.0192954 0.000794855 0.0
0.0191783 0.000762347 0.0
0.0190645 0.000731203 0.0
0.018954 0.000701477 0.0
0.0188467 0.000673171 0.0
0.0187424 0.000646228 0.0
0.0186411 0.000620612 0.0
0.0185428 0.00059633 0.0
0.0184473 0.00057332 0.0
0.0183546 0.000551512 0.0
0.0182645 0.000530875 0.0
0.018177 0.000511374 0.0
0.0180921 0.00049293 0.0
0.0180095 0.000475487 0.0
0.0179293 0.000459008 0.0
0.0178514 0.000443438 0.0
0.0177757 0.000428708 0.0
0.0177022 0.000414776 0.0
0.0176307 0.000401599 0.0
0.0175611 0.000389122 0.0
0.0174935 0.000377293 0.0
0.0174278 0.000366077 0.0
0.0173638 0.000355433 0.0
0.0173016 0.000345315 0.0
0.0172411 0.000335687 0.0
0.0171821 0.000326519 0.0
0.0171248 0.000317775 0.0
0.0170689 0.000309421 0.0
0.0170146 0.000301432 0.0
0.0169616 0.000293782 0.0
0.01691 0.000286444 0.0
0.0168597 0.000279396 0.0
0.0168107 0.000272617 0.0
0.016763 0.000266088 0.0
0.0167165 0.00025979 0.0
0.0166711 0.000253708 0.0
0.0166269 0.000247826 0.0
0.0165837 0.000242131 0.0
0.0165417 0.00023661 0.0
0.0165006 0.000231252 0.0
0.0164606 0.000226048 0.0
0.0164216 0.000220986 0.0
0.0163835 0.000216059 0.0
0.0163463 0.00021126 0.0
0.01631 0.000206581 0.0
0.0162746 0.000202016 0.0
0.01624 0.00019756 0.0
0.0162063 0.000193207 0.0
0.0161733 0.000188954 0.0
0.0161412 0.000184795 0.0
0.0161098 0.000180728 0.0
0.0160792 0.000176749 0.0
0.0160493 0.000172854 0.0
0.0160201 0.000169042 0.0
0.0159916 0.00016531 0.0
0.0159637 0.000161655 0.0
0.0159365 0.000158076 0.0
0.01591 0.00015457 0.0
0.0158841 0.000151136 0.0
0.0158588 0.000147771 0.0
0.0158341 0.000144475 0.0
0.01581 0.000141244 0.0
0.0157864 0.000138079 0.0
0.0157634 0.000134976 0.0
0.0157409 0.000131934 0.0
0.015719 0.000128952 0.0
0.0156976 0.000126027 0.0
0.0156767 0.000123157 0.0
0.0156563 0.00012034 0.0
0.0156364 0.000117574 0.0
0.0156169 0.000114855 0.0
0.0155979 0.000112182 0.0
0.0155794 0.00010955 0.0
0.0155613 0.000106956 0.0
0.0155436 0.000104396 0.0
0.0155264 0.000101866 0.0
0.0155096 9.9361e-05 0.0
0.0154932 9.68752e-05 0.0
0.0154772 9.44034e-05 0.0
0.0154616 9.19382e-05 0.0
0.0154464 8.94728e-05 0.0
0.0154315 8.69983e-05 0.0
0.0154171 8.45067e-05 0.0
0.015403 8.19867e-05 0.0
0.0153893 7.94282e-05 0.0
0.015376 7.68176e-05 0.0
0.015363 7.4143e-05 0.0
0.0153505 7.13872e-05 0.0
0.0153383 6.85359e-05 0.0
0.0153264 6.55681e-05 0.0
0.015315 6.24671e-05 0.0
0.015304 5.92079e-05 0.0
0.0152934 5.57696e-05 0.0
0.0152832 5.21224e-05 0.0
0.0152735 4.82441e-05 0.0
0.0152642 4.41002e-05 0.0
0.0152555 3.96595e-05 0.0
0.0152473 3.48877e-05 0.0
0.0152397 2.97547e-05 0.0
0.0152328 2.42161e-05 0.0
0.0152266 1.82325e-05 0.0
0.0152213 1.17863e-05 0.0
0.0152169 4.8524e-06 0.0
0.0152135 -2.44068e-06 0.0
0.0152114 -9.43566e-06 0.0
0.0152103 -1.29102e-05 0.0
0.0 0.0 0.0
0.0 0.0 0.0
0.0193378 0.00011751 0.0
0.0193646 0.000330201 0.0
0.0193867 0.000524089 0.0
0.0194991 0.000661899 0.0
0.0196345 0.00083675 0.0
0.0197584 0.00103676 0.0
0.0199066 0.0011053 0.0
0.0200792 0.00119619 0.0
0.0202569 0.00133539 0.0
0.0204272 0.00138988 0.0
0.0205845 0.0014044 0.0
0.0207566 0.00145986 0.0
0.0209248 0.00148679 0.0
0.0210588 0.00147648 0.0
0.0211844 0.00146408 0.0
0.0213198 0.00145659 0.0
0.0214296 0.00142692 0.0
0.0215094 0.00138976 0.0
0.0215911 0.0013503 0.0
0.0216698 0.00130737 0.0
0.0217203 0.00125696 0.0
0.0217552 0.00120592 0.0
0.0217931 0.0011514 0.0
0.0218207 0.00109556 0.0
0.0218285 0.0010386 0.0
0.0218309 0.000981264 0.0
0.0218333 0.000921819 0.0
0.0218249 0.000863012 0.0
0.0218063 0.000804279 0.0
0.0217865 0.000744891 0.0
0.0217644 0.000684722 0.0
0.0217348 0.000625286 0.0
0.0217014 0.000565433 0.0
0.0216679 0.000504706 0.0
0.0216317 0.000443396 0.0
0.021592 0.000381774 0.0
0.0215518 0.000318822 0.0
0.0215117 0.000254409 0.0
0.0214702 0.000188446 0.0
0.0214283 0.000120647 0.0
0.0213873 5.03475e-05 0.0
0.0213471 -2.28469e-05 0.0
0.0213077 -9.94207e-05 0.0
0.0212699 -0.00017942 0.0
0.021234 -0.000263864 0.0
0.0212011 -0.000353806 0.0
0.0211711 -0.000449 0.0
0.0211438 -0.000549513 0.0
0.0211219 -0.000658325 0.0
0.0211061 -0.00077534 0.0
0.0210938 -0.000898642 0.0
0.0210884 -0.00103153 0.0
0.0210959 -0.00117765 0.0
0.0211107 -0.00133144 0.0
0.021131 -0.00149445 0.0
0.0211719 -0.00167401 0.0
0.0212329 -0.0018642 0.0
0.0213001 -0.0020615 0.0
0.0213884 -0.00227624 0.0
0.0215148 -0.00249839 0.0
0.0216604 -0.00272264 0.0
0.0218267 -0.00296608 0.0
0.0220373 -0.00320317 0.0
0.0222851 -0.00342527 0.0
0.0225606 -0.00366087 0.0
0.0228768 -0.00388525 0.0
0.0232309 -0.00405769 0.0
0.0236114 -0.00422293 0.0
0.0240284 -0.00438223 0.0
0.0244696 -0.00446672 0.0
0.0249114 -0.00450715 0.0
0.0253693 -0.00455211 0.0
0.0258434 -0.00452453 0.0
0.0262812 -0.00443733 0.0
0.0266958 -0.00436193 0.0
0.0271148 -0.00422181 0.0
0.0274912 -0.00404431 0.0
0.0278183 -0.00388077 0.0
0.0281257 -0.00366421 0.0
0.0284002 -0.00342829 0.0
0.0286376 -0.00320883 0.0
0.0288378 -0.00296047 0.0
0.0289977 -0.00270088 0.0
0.0291329 -0.00245167 0.0
0.0292421 -0.00220124 0.0
0.0293106 -0.00196317 0.0
0.0293552 -0.00172589 0.0
0.0293868 -0.00150048 0.0
0.0294011 -0.00129873 0.0
0.0293953 -0.00110341 0.0
0.0293791 -0.000921271 0.0
0.0293617 -0.000755313 0.0
0.0293387 -0.000603148 0.0
0.0293065 -0.000461427 0.0
0.0292738 -0.000331263 0.0
0.0292452 -0.00021139 0.0
0.0292146 -9.97367e-05 0.0
0.0291809 5.33133e-06 0.0
0.0291509 0.000102781 0.0
0.0291231 0.000195898 0.0
0.0290909 0.000287831 0.0
0.0290586 0.000375093 0.0
0.0290285 0.000460428 0.0
0.0289918 0.000545987 0.0
0.0289493 0.000627371 0.0
0.0289033 0.000710964 0.0
0.0288508 0.000786117 0.0
0.0287914 0.000854745 0.0
0.0287235 0.000920463 0.0
0.0286494 0.000975513 0.0
0.028575 0.00101873 0.0
0.0284974 0.00105749 0.0
0.0284165 0.00108185 0.0
0.02834 0.00110549 0.0
0.0282638 0.00112478 0.0
0.0281871 0.00113304 0.0
0.0281121 0.00114523 0.0
0.0280368 0.00115622 0.0
0.0279589 0.00116167 0.0
0.027878 0.00116623 0.0
0.027795 0.00117124 0.0
0.0277101 0.00116886 0.0
0.0276238 0.00116227 0.0
0.0275348 0.00115579 0.0
0.0274456 0.00114063 0.0
0.0273609 0.00112101 0.0
0.0272779 0.00110354 0.0
0.0271941 0.00107973 0.0
0.0271144 0.0010563 0.0
0.0270391 0.001036 0.0
0.0269653 0.0010146 0.0
0.0268911 0.000995872 0.0
0.0268182 0.000980786 0.0
0.0267467 0.000969069 0.0
0.0266737 0.000959257 0.0
0.0265982 0.000950714 0.0
0.0265214 0.000944927 0.0
0.0264422 0.000940972 0.0
0.0263607 0.000934192 0.0
0.0262785 0.000927074 0.0
0.0261943 0.000919595 0.0
0.0261101 0.000909508 0.0
0.026028 0.000899484 0.0
0.0259467 0.000886681 0.0
0.0258674 0.000874201 0.0
0.0257918 0.000864729 0.0
0.0257185 0.000854906 0.0
0.0256476 0.000847163 0.0
0.0255802 0.000844445 0.0
0.0255153 0.000845462 0.0
0.0254509 0.000851546 0.0
0.0253882 0.000862825 0.0
0.0253274 0.000880371 0.0
0.0252647 0.000905418 0.0
0.0251992 0.00093667 0.0
0.0251332 0.000974557 0.0
0.0250635 0.00102042 0.0
0.0249859 0.00107108 0.0
0.0249021 0.00112758 0.0
0.0248115 0.00119082 0.0
0.0247114 0.00125407 0.0
0.0246008 0.00131719 0.0
0.02448 0.00138393 0.0
0.0243489 0.00144726 0.0
0.0242096 0.00150104 0.0
0.0240615 0.00155231 0.0
0.0239034 0.0015986 0.0
0.0237402 0.001632 0.0
0.0235744 0.00165754 0.0
0.0234027 0.0016752 0.0
0.0232282 0.00168375 0.0
0.0230546 0.0016837 0.0
0.0228809 0.00167448 0.0
0.0227071 0.00165945 0.0
0.0225352 0.00163892 0.0
0.0223661 0.00161118 0.0
0.0221992 0.00157896 0.0
0.022035 0.00154429 0.0
0.021874 0.00150582 0.0
0.0217165 0.00146416 0.0
0.0215621 0.00142148 0.0
0.0214111 0.00137789 0.0
0.0212638 0.00133284 0.0
0.0211198 0.00128745 0.0
0.0209791 0.00124255 0.0
0.0208419 0.00119789 0.0
0.0207083 0.00115352 0.0
0.0205778 0.00111016 0.0
0.0204506 0.00106794 0.0
0.0203268 0.00102674 0.0
0.0202062 0.000986729 0.0
0.0200887 0.000948184 0.0
0.0199742 0.000911055 0.0
0.0198629 0.00087531 0.0
0.0197546 0.000841039 0.0
0.0196491 0.000808288 0.0
0.0195466 0.000776986 0.0
0.0194469 0.000747114 0.0
0.0193498 0.000718672 0.0
0.0192554 0.000691625 0.0
0.0191637 0.000665909 0.0
0.0190746 0.000641486 0.0
0.0189879 0.00061831 0.0
0.0189035 0.000596329 0.0
0.0188216 0.000575482 0.0
0.018742 0.000555717 0.0
0.0186645 0.00053698 0.0
0.0185892 0.000519216 0.0
0.0185161 0.000502369 0.0
0.0184449 0.000486387 0.0
0.0183757 0.000471218 0.0
0.0183084 0.000456814 0.0
0.018243 0.000443125 0.0
0.0181794 0.000430106 0.0
0.0181175 0.000417715 0.0
0.0180573 0.000405909 0.0
0.0179988 0.000394648 0.0
0.0179418 0.000383897 0.0
0.0178864 0.000373621 0.0
0.0178324 0.000363786 0.0
0.0177799 0.000354363 0.0
0.0177288 0.000345323 0.0
0.0176791 0.00033664 0.0
0.0176306 0.000328288 0.0
0.0175835 0.000320246 0.0
0.0175375 0.000312493 0.0
0.0174928 0.000305009 0.0
0.0174492 0.000297776 0.0
0.0174068 0.000290777 0.0
0.0173654 0.000283999 0.0
0.0173252 0.000277427 0.0
0.0172859 0.000271048 0.0
0.0172477 0.000264851 0.0
0.0172104 0.000258826 0.0
0.017174 0.000252963 0.0
0.0171386 0.000247253 0.0
0.0171041 0.000241688 0.0
0.0170704 0.000236262 0.0
0.0170376 0.000230968 0.0
0.0170056 0.0002258 0.0
0.0169744 0.000220753 0.0
0.016944 0.000215821 0.0
0.0169144 0.000211 0.0
0.0168855 0.000206288 0.0
0.0168572 0.000201678 0.0
0.0168297 0.00019717 0.0
0.0168029 0.000192758 0.0
0.0167768 0.000188441 0.0
0.0167513 0.000184216 0.0
0.0167264 0.00018008 0.0
0.0167021 0.000176032 0.0
0.0166784 0.000172068 0.0
0.0166554 0.000168186 0.0
0.0166328 0.000164386 0.0
0.0166109 0.000160663 0.0
0.0165895 0.000157017 0.0
0.0165686 0.000153445 0.0
0.0165482 0.000149945 0.0
0.0165283 0.000146514 0.0
0.0165089 0.00014315 0.0
0.01649 0.000139851 0.0
0.0164716 0.000136614 0.0
0.0164536 0.000133435 0.0
0.0164361 0.000130311 0.0
0.016419 0.000127239 0.0
0.0164023 0.000124215 0.0
0.016386 0.000121234 0.0
0.0163702 0.000118291 0.0
0.0163547 0.000115382 0.0
0.0163397 0.0001125 0.0
0.016325 0.000109639 0.0
0.0163106 0.000106791 0.0
0.0162967 0.00010395 0.0
0.0162831 0.000101104 0.0
0.0162699 9.82461e-05 0.0
0.016257 9.53633e-05 0.0
0.0162444 9.24449e-05 0.0
0.0162322 8.94755e-05 0.0
0.0162204 8.64427e-05 0.0
0.0162088 8.33272e-05 0.0
0.0161977 8.01134e-05 0.0
0.0161868 7.6778e-05 0.0
0.0161763 7.33025e-05 0.0
0.0161662 6.96572e-05 0.0
0.0161565 6.58211e-05 0.0
0.0161471 6.17582e-05 0.0
0.0161381 5.74415e-05 0.0
0.0161295 5.28292e-05 0.0
0.0161214 4.78917e-05 0.0
0.0161138 4.25748e-05 0.0
0.0161067 3.68434e-05 0.0
0.0161002 3.06416e-05 0.0
0.0160944 2.39239e-05 0.0
0.0160893 1.66294e-05 0.0
0.0160851 8.73352e-06 0.0
0.0160818 3.16652e-07 0.0
0.0160797 -7.91953e-06 0.0
0.0160787 -1.2071e-05 0.0
0.0 0.0 0.0
0.0 0.0 0.0
0.0192888 8.46281e-05 0.0
0.0193149 0.000293871 0.0
0.0194036 0.000444238 0.0
0.0194771 0.000559879 0.0
0.0195483 0.000737409 0.0
0.0196896 0.000873719 0.0
0.0198316 0.000952483 0.0
0.0199482 0.00107491 0.0
0.0200951 0.00115677 0.0
0.0202622 0.00120745 0.0
0.0204117 0.00126802 0.0
0.0205562 0.0013101 0.0
0.0207016 0.00132208 0.0
0.0208459 0.00133998 0.0
0.0209833 0.00134533 0.0
0.0211052 0.00133407 0.0
0.0212153 0.00131718 0.0
0.0213253 0.00129961 0.0
0.0214257 0.00126826 0.0
0.0215056 0.00123384 0.0
0.0215769 0.00119817 0.0
0.0216476 0.00115725 0.0
0.0217051 0.00111026 0.0
0.0217467 0.0010653 0.0
0.0217842 0.00101788 0.0
0.0218184 0.000966321 0.0
0.0218406 0.000914098 0.0
0.0218533 0.000863457 0.0
0.0218639 0.000809818 0.0
0.0218697 0.000754458 0.0
0.0218669 0.000699902 0.0
0.0218596 0.000645133 0.0
0.0218505 0.000587852 0.0
0.0218369 0.000530007 0.0
0.0218183 0.000472047 0.0
0.021798 0.000412478 0.0
0.021776 0.000350747 0.0
0.0217506 0.000287811 0.0
0.0217235 0.000223073 0.0
0.021696 0.00015576 0.0
0.021667 8.53932e-05 0.0
0.0216368 1.19099e-05 0.0
0.021607 -6.48714e-05 0.0
0.0215775 -0.000145793 0.0
0.0215476 -0.000232499 0.0
0.0215191 -0.000324204 0.0
0.0214925 -0.000420701 0.0
0.0214674 -0.000525355 0.0
0.0214447 -0.000639354 0.0
0.0214256 -0.000758629 0.0
0.0214108 -0.000886917 0.0
0.0214018 -0.00103045 0.0
0.0213987 -0.00118342 0.0
0.0214018 -0.00134216 0.0
0.0214173 -0.00152096 0.0
0.0214467 -0.00171764 0.0
0.0214843 -0.0019178 0.0
0.0215393 -0.00213395 0.0
0.021623 -0.00237582 0.0
0.0217267 -0.00262211 0.0
0.0218523 -0.00287687 0.0
0.0220173 -0.00314884 0.0
0.0222175 -0.00341924 0.0
0.022456 -0.00369571 0.0
0.0227401 -0.00396213 0.0
0.0230585 -0.00420909 0.0
0.0234232 -0.00444133 0.0
0.023841 -0.00464769 0.0
0.0242762 -0.00480566 0.0
0.0247263 -0.00492174 0.0
0.0252206 -0.00499465 0.0
0.0257054 -0.00500718 0.0
0.0261622 -0.00499095 0.0
0.0266218 -0.00488106 0.0
0.0270499 -0.00475698 0.0
0.0274308 -0.00461485 0.0
0.0277776 -0.00439153 0.0
0.0280766 -0.00415759 0.0
0.0283311 -0.00393166 0.0
0.0285481 -0.00366558 0.0
0.0287157 -0.00338211 0.0
0.0288421 -0.00310416 0.0
0.0289327 -0.0028119 0.0
0.0289821 -0.00253613 0.0
0.0290065 -0.0022518 0.0
0.0290013 -0.00197494 0.0
0.0289685 -0.00173068 0.0
0.0289207 -0.00148906 0.0
0.0288649 -0.00126646 0.0
0.0288017 -0.00106343 0.0
0.0287285 -0.000878102 0.0
0.0286524 -0.000708419 0.0
0.0285841 -0.000553836 0.0
0.0285195 -0.00041207 0.0
0.0284531 -0.000284684 0.0
0.028392 -0.000167413 0.0
0.0283406 -5.68683e-05 0.0
0.0282937 4.39697e-05 0.0
0.0282495 0.000137624 0.0
0.0282102 0.000231692 0.0
0.028177 0.000320967 0.0
0.0281482 0.000404466 0.0
0.0281177 0.000494163 0.0
0.0280842 0.00058341 0.0
0.0280504 0.000668417 0.0
0.0280107 0.000756797 0.0
0.0279617 0.000839119 0.0
0.0279029 0.000918665 0.0
0.0278375 0.000987707 0.0
0.0277677 0.0010492 0.0
0.0276955 0.00109087 0.0
0.0276262 0.00113039 0.0
0.0275552 0.00115924 0.0
0.0274877 0.00117377 0.0
0.0274298 0.00118972 0.0
0.0273748 0.00120245 0.0
0.0273165 0.00121183 0.0
0.0272612 0.00121934 0.0
0.0272078 0.00123274 0.0
0.0271501 0.00123987 0.0
0.0270893 0.00124295 0.0
0.0270241 0.00124677 0.0
0.0269544 0.00124473 0.0
0.026887 0.00123296 0.0
0.0268194 0.00122 0.0
0.0267487 0.00119817 0.0
0.0266839 0.00117584 0.0
0.0266242 0.00115213 0.0
0.0265654 0.0011243 0.0
0.0265103 0.00109862 0.0
0.0264601 0.00107767 0.0
0.0264102 0.00105897 0.0
0.0263606 0.00104097 0.0
0.0263115 0.00103033 0.0
0.0262607 0.00102315 0.0
0.0262061 0.00101708 0.0
0.0261472 0.00101388 0.0
0.0260852 0.00101296 0.0
0.0260202 0.00100854 0.0
0.0259524 0.00100229 0.0
0.0258817 0.000997734 0.0
0.025811 0.000986591 0.0
0.0257443 0.000972147 0.0
0.0256784 0.000960771 0.0
0.0256125 0.000945418 0.0
0.0255526 0.00093008 0.0
0.0254978 0.000918878 0.0
0.0254444 0.000908541 0.0
0.0253937 0.000901502 0.0
0.0253472 0.000900923 0.0
0.0253037 0.000905627 0.0
0.0252619 0.000914345 0.0
0.0252197 0.000932463 0.0
0.0251774 0.000959102 0.0
0.0251362 0.000991264 0.0
0.0250921 0.00103234 0.0
0.0250417 0.001083 0.0
0.0249869 0.00114102 0.0
0.0249263 0.00120591 0.0
0.0248563 0.00127538 0.0
0.0247755 0.0013494 0.0
0.0246826 0.00142711 0.0
0.0245787 0.00150232 0.0
0.0244649 0.00157354 0.0
0.0243377 0.00164068 0.0
0.024199 0.00170087 0.0
0.0240541 0.00175326 0.0
0.0239027 0.00179165 0.0
0.023745 0.0018214 0.0
0.0235831 0.00184444 0.0
0.0234203 0.00185235 0.0
0.0232584 0.00185081 0.0
0.0230956 0.00184362 0.0
0.0229332 0.00182686 0.0
0.0227749 0.00180225 0.0
0.0226193 0.00177297 0.0
0.0224651 0.00173877 0.0
0.0223144 0.00169994 0.0
0.022168 0.00165804 0.0
0.0220245 0.0016139 0.0
0.0218836 0.00156774 0.0
0.0217465 0.00152026 0.0
0.0216129 0.00147212 0.0
0.0214823 0.00142374 0.0
0.0213547 0.00137532 0.0
0.0212303 0.00132727 0.0
0.021109 0.00127993 0.0
0.0209907 0.0012335 0.0
0.0208752 0.00118804 0.0
0.0207625 0.00114378 0.0
0.0206528 0.0011009 0.0
0.0205457 0.00105943 0.0
0.0204413 0.00101935 0.0
0.0203396 0.000980787 0.0
0.0202405 0.000943803 0.0
0.0201439 0.000908322 0.0
0.0200498 0.00087432 0.0
0.0199582 0.000841862 0.0
0.019869 0.000810898 0.0
0.0197821 0.000781342 0.0
0.0196975 0.000753174 0.0
0.0196152 0.00072639 0.0
0.0195351 0.000700904 0.0
0.0194571 0.000676645 0.0
0.0193812 0.000653589 0.0
0.0193074 0.000631688 0.0
0.0192357 0.000610859 0.0
0.0191658 0.000591052 0.0
0.0190979 0.000572227 0.0
0.0190318 0.000554327 0.0
0.0189676 0.000537284 0.0
0.0189051 0.00052106 0.0
0.0188443 0.00050561 0.0
0.0187852 0.00049088 0.0
0.0187277 0.000476822 0.0
0.0186717 0.000463402 0.0
0.0186174 0.000450578 0.0
0.0185645 0.000438308 0.0
0.018513 0.000426556 0.0
0.018463 0.000415292 0.0
0.0184143 0.000404483 0.0
0.0183669 0.000394097 0.0
0.0183208 0.000384108 0.0
0.018276 0.000374491 0.0
0.0182324 0.000365221 0.0
0.0181899 0.000356275 0.0
0.0181486 0.000347635 0.0
0.0181085 0.00033928 0.0
0.0180693 0.000331192 0.0
0.0180313 0.000323355 0.0
0.0179942 0.000315756 0.0
0.0179581 0.00030838 0.0
0.017923 0.000301214 0.0
0.0178889 0.000294248 0.0
0.0178556 0.00028747 0.0
0.0178232 0.000280871 0.0
0.0177916 0.000274443 0.0
0.0177609 0.000268176 0.0
0.017731 0.000262065 0.0
0.0177019 0.000256102 0.0
0.0176735 0.000250281 0.0
0.0176459 0.000244597 0.0
0.017619 0.000239045 0.0
0.0175928 0.000233619 0.0
0.0175673 0.000228316 0.0
0.0175425 0.000223132 0.0
0.0175183 0.000218063 0.0
0.0174947 0.000213105 0.0
0.0174718 0.000208256 0.0
0.0174494 0.000203513 0.0
0.0174276 0.000198872 0.0
0.0174064 0.000194331 0.0
0.0173858 0.000189888 0.0
0.0173656 0.000185539 0.0
0.017346 0.000181283 0.0
0.017327 0.000177116 0.0
0.0173084 0.000173037 0.0
0.0172903 0.000169043 0.0
0.0172726 0.00016513 0.0
0.0172554 0.000161297 0.0
0.0172387 0.00015754 0.0
0.0172224 0.000153856 0.0
0.0172065 0.000150242 0.0
0.017191 0.000146693 0.0
0.017176 0.000143207 0.0
0.0171613 0.000139778 0.0
0.017147 0.000136403 0.0
0.0171331 0.000133075 0.0
0.0171195 0.000129789 0.0
0.0171063 0.000126539 0.0
0.0170935 0.000123319 0.0
0.0170809 0.000120118 0.0
0.0170688 0.000116931 0.0
0.0170569 0.000113747 0.0
0.0170453 0.000110556 0.0
0.0170341 0.000107344 0.0
0.0170231 0.000104102 0.0
0.0170125 0.000100812 0.0
0.0170022 9.746e-05 0.0
0.0169921 9.40261e-05 0.0
0.0169823 9.04938e-05 0.0
0.0169729 8.68368e-05 0.0
0.0169637 8.30356e-05 0.0
0.0169549 7.90566e-05 0.0
0.0169463 7.48775e-05 0.0
0.016938 7.04567e-05 0.0
0.0169301 6.57657e-05 0.0
0.0169226 6.07518e-05 0.0
0.0169154 5.53858e-05 0.0
0.0169086 4.96002e-05 0.0
0.0169023 4.33544e-05 0.0
0.0168964 3.65718e-05 0.0
0.0168912 2.92084e-05 0.0
0.0168865 2.11649e-05 0.0
0.0168826 1.24098e-05 0.0
0.0168796 2.96363e-06 0.0
0.0168776 -6.44387e-06 0.0
0.0168766 -1.12451e-05 0.0
0.0 0.0 0.0
0.0 0.0 0.0
0.0192946 0.000102275 0.0
0.0193344 0.000218914 0.0
0.0193859 0.000359137 0.0
0.0194366 0.000530866 0.0
0.0195156 0.000636795 0.0
0.0196229 0.000714779 0.0
0.0197305 0.000856151 0.0
0.0198524 0.000958184 0.0
0.019979 0.000988763 0.0
0.0201095 0.00106643 0.0
0.020251 0.00113907 0.0
0.0203872 0.00115994 0.0
0.0205156 0.00117774 0.0
0.0206537 0.00121077 0.0
0.0207854 0.00121821 0.0
0.0209006 0.0012111 0.0
0.0210174 0.00120485 0.0
0.0211349 0.00119566 0.0
0.0212336 0.00117378 0.0
0.0213221 0.00114862 0.0
0.0214138 0.00112 0.0
0.021496 0.00108847 0.0
0.021561 0.00105251 0.0
0.0216225 0.00101413 0.0
0.0216831 0.00097268 0.0
0.0217311 0.000930709 0.0
0.0217684 0.000886522 0.0
0.0218045 0.000840104 0.0
0.0218359 0.000792315 0.0
0.021857 0.000744483 0.0
0.0218728 0.000694649 0.0
0.0218869 0.000643138 0.0
0.0218953 0.000590888 0.0
0.0218972 0.000537807 0.0
0.0218964 0.000482519 0.0
0.0218932 0.000425625 0.0
0.0218853 0.000367357 0.0
0.021874 0.000307001 0.0
0.0218611 0.000243834 0.0
0.0218455 0.000178192 0.0
0.0218272 0.000109604 0.0
0.0218076 3.74064e-05 0.0
0.0217864 -3.89937e-05 0.0
0.0217637 -0.000119919 0.0
0.0217405 -0.000205917 0.0
0.0217166 -0.000297499 0.0
0.0216921 -0.000396339 0.0
0.0216689 -0.000502696 0.0
0.0216462 -0.000616238 0.0
0.0216239 -0.000739216 0.0
0.0216058 -0.000874923 0.0
0.0215914 -0.00101997 0.0
0.0215775 -0.00117534 0.0
0.0215722 -0.00134887 0.0
0.0215799 -0.00153912 0.0
0.0215892 -0.00173705 0.0
0.0216073 -0.00195641 0.0
0.0216568 -0.0022016 0.0
0.0217229 -0.00245364 0.0
0.0217937 -0.00272301 0.0
0.0219065 -0.00302336 0.0
0.0220701 -0.00332051 0.0
0.0222533 -0.00362801 0.0
0.0224772 -0.00396394 0.0
0.0227664 -0.00426264 0.0
0.023105 -0.00455129 0.0
0.0234847 -0.0048479 0.0
0.0239141 -0.00509403 0.0
0.0243853 -0.00525293 0.0
0.0248807 -0.00540916 0.0
0.0254066 -0.00552145 0.0
0.025918 -0.0054787 0.0
0.0263909 -0.00543385 0.0
0.0268609 -0.00535496 0.0
0.02728 -0.00514232 0.0
0.0275935 -0.00492589 0.0
0.0278625 -0.00470185 0.0
0.0280944 -0.00439579 0.0
0.0282475 -0.004107 0.0
0.0283464 -0.00381815 0.0
0.0284053 -0.00347607 0.0
0.0284301 -0.00316161 0.0
0.0284346 -0.002843 0.0
0.0283838 -0.00251366 0.0
0.0282916 -0.00221346 0.0
0.0281953 -0.00191084 0.0
0.0280872 -0.00164509 0.0
0.0279542 -0.00139777 0.0
0.0278094 -0.00116611 0.0
0.0276747 -0.000960859 0.0
0.0275521 -0.000777919 0.0
0.0274282 -0.000611257 0.0
0.0273075 -0.000463512 0.0
0.027204 -0.00032991 0.0
0.0271152 -0.000208542 0.0
0.0270318 -9.87398e-05 0.0
0.0269569 1.40555e-06 0.0
0.0268965 9.44485e-05 0.0
0.026846 0.000184183 0.0
0.0268024 0.000269192 0.0
0.0267694 0.00034966 0.0
0.0267401 0.00043524 0.0
0.0267112 0.000523082 0.0
0.0266905 0.000609215 0.0
0.0266689 0.000704055 0.0
0.026635 0.000796568 0.0
0.0265951 0.000888042 0.0
0.0265469 0.000982777 0.0
0.0264908 0.00105224 0.0
0.0264299 0.00111558 0.0
0.0263583 0.00116687 0.0
0.026293 0.00119379 0.0
0.0262412 0.00122074 0.0
0.0261921 0.0012305 0.0
0.0261493 0.00123454 0.0
0.0261167 0.0012471 0.0
0.0260888 0.00125527 0.0
0.0260627 0.00126028 0.0
0.0260327 0.00127512 0.0
0.0259985 0.00128643 0.0
0.0259588 0.00129704 0.0
0.0259127 0.00130286 0.0
0.0258619 0.00130511 0.0
0.0258103 0.0012906 0.0
0.0257618 0.00127826 0.0
0.0257118 0.00125851 0.0
0.0256669 0.00122577 0.0
0.0256311 0.00119839 0.0
0.0255992 0.00116986 0.0
0.0255693 0.00113901 0.0
0.0255428 0.00111433 0.0
0.0255213 0.00109422 0.0
0.0255022 0.001078 0.0
0.025478 0.00106821 0.0
0.0254513 0.00106188 0.0
0.025423 0.00106403 0.0
0.0253888 0.00106493 0.0
0.0253485 0.00106494 0.0
0.0253016 0.00106768 0.0
0.0252496 0.00106678 0.0
0.0251978 0.00105814 0.0
0.0251447 0.00104884 0.0
0.025089 0.00103305 0.0
0.0250386 0.00101748 0.0
0.0249934 0.00100008 0.0
0.0249506 0.000979288 0.0
0.0249118 0.000963357 0.0
0.0248791 0.000950546 0.0
0.0248509 0.000940358 0.0
0.0248257 0.000934958 0.0
0.0248041 0.000936433 0.0
0.0247852 0.000945666 0.0
0.0247673 0.000963355 0.0
0.0247516 0.000986958 0.0
0.0247361 0.00102177 0.0
0.0247151 0.00106828 0.0
0.0246914 0.00112146 0.0
0.0246652 0.00118586 0.0
0.0246289 0.00125989 0.0
0.0245798 0.00133875 0.0
0.0245207 0.00142561 0.0
0.0244498 0.00151686 0.0
0.024364 0.00160205 0.0
0.024264 0.00168517 0.0
0.0241503 0.00176933 0.0
0.0240259 0.00183741 0.0
0.0238951 0.00189194 0.0
0.0237545 0.00194278 0.0
0.0236061 0.00197769 0.0
0.0234589 0.00199834 0.0
0.0233108 0.00200849 0.0
0.0231597 0.00200796 0.0
0.0230112 0.00199875 0.0
0.0228666 0.00197913 0.0
0.0227239 0.00195158 0.0
0.0225837 0.00191994 0.0
0.022448 0.00188267 0.0
0.022316 0.00183973 0.0
0.0221868 0.00179441 0.0
0.022061 0.00174753 0.0
0.0219393 0.0016979 0.0
0.0218207 0.0016468 0.0
0.0217046 0.00159576 0.0
0.0215917 0.00154451 0.0
0.0214822 0.0014929 0.0
0.0213751 0.00144194 0.0
0.0212703 0.00139195 0.0
0.0211683 0.00134275 0.0
0.0210691 0.00129454 0.0
0.020972 0.00124776 0.0
0.0208771 0.00120236 0.0
0.0207847 0.00115832 0.0
0.0206946 0.00111581 0.0
0.0206064 0.00107492 0.0
0.0205204 0.00103554 0.0
0.0204367 0.000997728 0.0
0.020355 0.000961508 0.0
0.0202751 0.000926838 0.0
0.0201974 0.000893657 0.0
0.0201216 0.000861971 0.0
0.0200477 0.000831735 0.0
0.0199756 0.000802881 0.0
0.0199055 0.000775365 0.0
0.0198371 0.000749153 0.0
0.0197705 0.000724174 0.0
0.0197057 0.00070037 0.0
0.0196426 0.000677696 0.0
0.0195812 0.000656098 0.0
0.0195213 0.00063551 0.0
0.0194632 0.000615883 0.0
0.0194065 0.00059717 0.0
0.0193514 0.000579316 0.0
0.0192979 0.000562268 0.0
0.0192457 0.000545985 0.0
0.019195 0.000530422 0.0
0.0191457 0.000515531 0.0
0.0190978 0.000501273 0.0
0.0190512 0.000487611 0.0
0.0190058 0.000474508 0.0
0.0189618 0.000461926 0.0
0.0189189 0.000449837 0.0
0.0188772 0.000438208 0.0
0.0188367 0.000427011 0.0
0.0187973 0.000416219 0.0
0.018759 0.000405808 0.0
0.0187218 0.000395754 0.0
0.0186856 0.000386036 0.0
0.0186504 0.000376635 0.0
0.0186162 0.00036753 0.0
0.018583 0.000358707 0.0
0.0185506 0.000350148 0.0
0.0185192 0.00034184 0.0
0.0184886 0.000333769 0.0
0.0184589 0.000325922 0.0
0.01843 0.000318289 0.0
0.0184019 0.000310859 0.0
0.0183746 0.000303623 0.0
0.018348 0.000296571 0.0
0.0183222 0.000289696 0.0
0.0182971 0.000282991 0.0
0.0182727 0.000276448 0.0
0.0182489 0.000270062 0.0
0.0182259 0.000263827 0.0
0.0182034 0.000257738 0.0
0.0181816 0.000251789 0.0
0.0181604 0.000245976 0.0
0.0181397 0.000240296 0.0
0.0181197 0.000234744 0.0
0.0181002 0.000229316 0.0
0.0180812 0.00022401 0.0
0.0180628 0.000218821 0.0
0.0180448 0.000213747 0.0
0.0180274 0.000208785 0.0
0.0180105 0.000203931 0.0
0.017994 0.000199184 0.0
0.017978 0.000194539 0.0
0.0179624 0.000189995 0.0
0.0179472 0.000185547 0.0
0.0179325 0.000181194 0.0
0.0179182 0.000176932 0.0
0.0179043 0.000172758 0.0
0.0178907 0.000168668 0.0
0.0178776 0.000164659 0.0
0.0178648 0.000160726 0.0
0.0178523 0.000156866 0.0
0.0178402 0.000153073 0.0
0.0178285 0.000149344 0.0
0.017817 0.000145671 0.0
0.0178059 0.00014205 0.0
0.0177951 0.000138474 0.0
0.0177846 0.000134935 0.0
0.0177743 0.000131425 0.0
0.0177644 0.000127935 0.0
0.0177547 0.000124456 0.0
0.0177453 0.000120976 0.0
0.0177361 0.000117482 0.0
0.0177272 0.000113963 0.0
0.0177186 0.000110401 0.0
0.0177101 0.000106781 0.0
0.017702 0.000103081 0.0
0.017694 9.92855e-05 0.0
0.0176863 9.53641e-05 0.0
0.0176788 9.12977e-05 0.0
0.0176716 8.70495e-05 0.0
0.0176645 8.25948e-05 0.0
0.0176578 7.78865e-05 0.0
0.0176513 7.28979e-05 0.0
0.017645 6.75662e-05 0.0
0.017639 6.1857e-05 0.0
0.0176333 5.56941e-05 0.0
0.017628 4.90381e-05 0.0
0.0176231 4.17836e-05 0.0
0.0176186 3.38869e-05 0.0
0.0176146 2.52216e-05 0.0
0.0176111 1.57477e-05 0.0
0.0176084 5.41133e-06 0.0
0.0176066 -5.04509e-06 0.0
0.0176057 -1.04382e-05 0.0
0.0 0.0 0.0
0.0 0.0 0.0
0.0193106 8.44967e-05 0.0
0.01933 0.000189673 0.0
0.0193511 0.00031775 0.0
0.0194199 0.000447513 0.0
0.0195083 0.000539225 0.0
0.0195733 0.000646072 0.0
0.0196582 0.000747384 0.0
0.0197821 0.000809624 0.0
0.0198941 0.000884951 0.0
0.0199997 0.000957653 0.0
0.0201214 0.000987462 0.0
0.0202502 0.0010266 0.0
0.0203732 0.00106754 0.0
0.020491 0.0010818 0.0
0.0206083 0.00108592 0.0
0.0207298 0.00109905 0.0
0.020845 0.00109798 0.0
0.0209474 0.00108522 0.0
0.0210487 0.00107284 0.0
0.0211521 0.00105886 0.0
0.0212435 0.00103447 0.0
0.021323 0.00100842 0.0
0.0214032 0.000981356 0.0
0.0214804 0.000949947 0.0
0.0215445 0.000914564 0.0
0.0216014 0.000879565 0.0
0.021658 0.000841761 0.0
0.0217082 0.000801042 0.0
0.0217481 0.00075947 0.0
0.0217841 0.000717293 0.0
0.0218181 0.000672154 0.0
0.0218449 0.000625639 0.0
0.021865 0.000578461 0.0
0.0218826 0.000529429 0.0
0.0218969 0.000477895 0.0
0.0219051 0.000425085 0.0
0.0219093 0.000370376 0.0
0.0219115 0.00031297 0.0
0.0219097 0.00025286 0.0
0.0219035 0.000190041 0.0
0.0218953 0.000123791 0.0
0.0218849 5.38899e-05 0.0
0.0218706 -2.05668e-05 0.0
0.0218541 -0.000100002 0.0
0.0218366 -0.000184314 0.0
0.0218165 -0.000274835 0.0
0.021794 -0.000373661 0.0
0.0217713 -0.000479218 0.0
0.0217484 -0.000592397 0.0
0.021724 -0.000717993 0.0
0.0216998 -0.00085547 0.0
0.0216776 -0.00100043 0.0
0.0216587 -0.00116192 0.0
0.0216429 -0.00134435 0.0
0.0216294 -0.001537 0.0
0.0216254 -0.00174317 0.0
0.0216383 -0.00198401 0.0
0.0216592 -0.00224319 0.0
0.0216891 -0.00250971 0.0
0.0217568 -0.00281161 0.0
0.02186 -0.0031436 0.0
0.021981 -0.00348101 0.0
0.0221508 -0.00383999 0.0
0.0223845 -0.00420391 0.0
0.0226608 -0.00456988 0.0
0.023008 -0.00494549 0.0
0.0234201 -0.00525278 0.0
0.0238709 -0.00554203 0.0
0.0243903 -0.00578868 0.0
0.0249484 -0.00594861 0.0
0.0254713 -0.00600933 0.0
0.0259944 -0.00602169 0.0
0.0265042 -0.00589812 0.0
0.0268969 -0.00574694 0.0
0.027214 -0.00549853 0.0
0.0274761 -0.00516759 0.0
0.0276344 -0.00486857 0.0
0.0277066 -0.00454119 0.0
0.0277241 -0.00416076 0.0
0.0276982 -0.00381359 0.0
0.0276465 -0.00347167 0.0
0.0275403 -0.00310722 0.0
0.0273933 -0.00275777 0.0
0.0272307 -0.00237952 0.0
0.0270378 -0.00206123 0.0
0.0268188 -0.00176284 0.0
0.0265945 -0.00146853 0.0
0.0263789 -0.0012156 0.0
0.026171 -0.000994897 0.0
0.0259638 -0.000798333 0.0
0.0257753 -0.000625917 0.0
0.0256152 -0.000471084 0.0
0.0254693 -0.000336552 0.0
0.0253338 -0.000218488 0.0
0.0252196 -0.000111564 0.0
0.0251256 -1.38062e-05 0.0
0.025044 7.31106e-05 0.0
0.0249768 0.000153739 0.0
0.0249252 0.000232781 0.0
0.0248861 0.000304096 0.0
0.0248581 0.000378065 0.0
0.0248395 0.000460961 0.0
0.0248336 0.000537019 0.0
0.0248315 0.000622351 0.0
0.0248211 0.000724214 0.0
0.0248038 0.000826393 0.0
0.0247757 0.000930102 0.0
0.0247309 0.00102801 0.0
0.0246677 0.00111645 0.0
0.0245991 0.00117887 0.0
0.0245355 0.00123319 0.0
0.0244789 0.00124873 0.0
0.0244401 0.00125657 0.0
0.0244184 0.00126511 0.0
0.0244036 0.00126179 0.0
0.0243994 0.00125844 0.0
0.0244092 0.001262 0.0
0.0244208 0.00127624 0.0
0.0244237 0.00128996 0.0
0.024422 0.00130711 0.0
0.0244103 0.00133342 0.0
0.0243903 0.00133993 0.0
0.0243665 0.001343 0.0
0.0243302 0.0013394 0.0
0.024296 0.0013164 0.0
0.0242753 0.00129217 0.0
0.0242569 0.00125732 0.0
0.0242404 0.00121938 0.0
0.024236 0.00118494 0.0
0.0242406 0.00115312 0.0
0.024248 0.00112253 0.0
0.0242581 0.0010972 0.0
0.0242691 0.00108508 0.0
0.0242777 0.00107823 0.0
0.0242833 0.00107478 0.0
0.0242806 0.00108227 0.0
0.0242688 0.00109032 0.0
0.024247 0.00110077 0.0
0.0242164 0.00110764 0.0
0.02418 0.00111214 0.0
0.0241407 0.00110271 0.0
0.0241024 0.0010948 0.0
0.0240627 0.0010809 0.0
0.0240289 0.00105488 0.0
0.0240039 0.00103334 0.0
0.023982 0.00101172 0.0
0.0239644 0.000988327 0.0
0.0239549 0.000968606 0.0
0.0239514 0.000955617 0.0
0.0239514 0.000946155 0.0
0.0239549 0.000943949 0.0
0.0239618 0.000951377 0.0
0.0239725 0.000966051 0.0
0.0239842 0.000988999 0.0
0.023993 0.00102721 0.0
0.0240018 0.00107488 0.0
0.024011 0.00113229 0.0
0.0240105 0.00120431 0.0
0.0240001 0.00128667 0.0
0.023982 0.00138123 0.0
0.0239504 0.00148037 0.0
0.0239028 0.00158101 0.0
0.0238372 0.00168685 0.0
0.0237529 0.00178865 0.0
0.0236571 0.0018776 0.0
0.0235488 0.00195862 0.0
0.0234251 0.00202477 0.0
0.0232951 0.00208103 0.0
0.023163 0.00211898 0.0
0.0230288 0.00213827 0.0
0.0228931 0.0021517 0.0
0.0227582 0.00215069 0.0
0.0226286 0.00213486 0.0
0.0225032 0.00211308 0.0
0.0223796 0.00208447 0.0
0.0222604 0.00204715 0.0
0.0221472 0.00200487 0.0
0.0220376 0.00195995 0.0
0.021931 0.00191123 0.0
0.0218285 0.00185956 0.0
0.0217298 0.00180682 0.0
0.021634 0.00175348 0.0
0.0215411 0.00169916 0.0
0.0214511 0.00164466 0.0
0.0213634 0.00159075 0.0
0.0212782 0.00153755 0.0
0.0211953 0.00148492 0.0
0.0211143 0.00143335 0.0
0.0210352 0.00138315 0.0
0.0209582 0.00133429 0.0
0.020883 0.00128673 0.0
0.0208094 0.00124071 0.0
0.0207374 0.00119635 0.0
0.0206672 0.00115355 0.0
0.0205986 0.00111228 0.0
0.0205314 0.00107267 0.0
0.0204658 0.00103469 0.0
0.0204018 0.000998251 0.0
0.0203392 0.00096333 0.0
0.020278 0.000929957 0.0
0.0202183 0.000898054 0.0
0.0201601 0.000867543 0.0
0.0201032 0.000838401 0.0
0.0200477 0.000810599 0.0
0.0199936 0.000784052 0.0
0.0199409 0.000758699 0.0
0.0198895 0.000734508 0.0
0.0198394 0.000711425 0.0
0.0197906 0.000689375 0.0
0.0197431 0.000668312 0.0
0.0196968 0.000648196 0.0
0.0196517 0.000628969 0.0
0.0196079 0.000610575 0.0
0.0195652 0.000592975 0.0
0.0195238 0.000576126 0.0
0.0194834 0.000559979 0.0
0.0194442 0.000544492 0.0
0.019406 0.000529633 0.0
0.0193689 0.000515362 0.0
0.0193329 0.000501641 0.0
0.0192979 0.000488441 0.0
0.0192638 0.00047573 0.0
0.0192308 0.00046348 0.0
0.0191987 0.000451662 0.0
0.0191675 0.000440251 0.0
0.0191372 0.000429226 0.0
0.0191077 0.000418562 0.0
0.0190792 0.00040824 0.0
0.0190514 0.000398241 0.0
0.0190245 0.000388547 0.0
0.0189983 0.000379142 0.0
0.018973 0.00037001 0.0
0.0189483 0.000361139 0.0
0.0189244 0.000352514 0.0
0.0189012 0.000344125 0.0
0.0188786 0.000335959 0.0
0.0188568 0.000328008 0.0
0.0188355 0.000320262 0.0
0.018815 0.000312711 0.0
0.018795 0.00030535 0.0
0.0187756 0.000298169 0.0
0.0187568 0.000291162 0.0
0.0187385 0.000284324 0.0
0.0187208 0.000277648 0.0
0.0187036 0.00027113 0.0
0.018687 0.000264763 0.0
0.0186708 0.000258544 0.0
0.0186551 0.000252468 0.0
0.0186399 0.000246532 0.0
0.0186252 0.00024073 0.0
0.0186109 0.000235061 0.0
0.018597 0.00022952 0.0
0.0185836 0.000224103 0.0
0.0185706 0.000218808 0.0
0.0185579 0.000213632 0.0
0.0185457 0.000208571 0.0
0.0185338 0.000203622 0.0
0.0185223 0.000198781 0.0
0.0185111 0.000194047 0.0
0.0185003 0.000189414 0.0
0.0184898 0.00018488 0.0
0.0184796 0.000180441 0.0
0.0184698 0.000176093 0.0
0.0184602 0.000171831 0.0
0.0184509 0.000167652 0.0
0.018442 0.000163551 0.0
0.0184332 0.000159522 0.0
0.0184248 0.000155559 0.0
0.0184166 0.000151657 0.0
0.0184086 0.000147808 0.0
0.0184009 0.000144005 0.0
0.0183934 0.000140239 0.0
0.0183862 0.000136502 0.0
0.0183791 0.000132783 0.0
0.0183722 0.000129071 0.0
0.0183656 0.000125352 0.0
0.0183591 0.000121614 0.0
0.0183528 0.000117839 0.0
0.0183467 0.000114013 0.0
0.0183408 0.000110111 0.0
0.018335 0.000106117 0.0
0.0183294 0.000102001 0.0
0.0183239 9.77402e-05 0.0
0.0183186 9.32971e-05 0.0
0.0183135 8.86466e-05 0.0
0.0183085 8.37358e-05 0.0
0.0183037 7.85371e-05 0.0
0.018299 7.29819e-05 0.0
0.0182945 6.70347e-05 0.0
0.0182902 6.06045e-05 0.0
0.0182861 5.3654e-05 0.0
0.0182823 4.60589e-05 0.0
0.0182787 3.7773e-05 0.0
0.0182755 2.86369e-05 0.0
0.0182727 1.86112e-05 0.0
0.0182705 7.57258e-06 0.0
0.0182689 -3.75461e-06 0.0
0.018268 -9.65648e-06 0.0
0.0 0.0 0.0
0.0 0.0 0.0
0.0193187 5.47873e-05 0.0
0.0193308 0.000183908 0.0
0.0193572 0.000288572 0.0
0.0194074 0.000362416 0.0
0.0194627 0.000473067 0.0
0.0195355 0.000585496 0.0
0.0196236 0.000636028 0.0
0.0197095 0.000703434 0.0
0.019805 0.000794519 0.0
0.019916 0.000837268 0.0
0.020021 0.000865903 0.0
0.0201281 0.000919033 0.0
0.0202436 0.000949312 0.0
0.020355 0.000959743 0.0
0.0204637 0.000975321 0.0
0.0205761 0.000989012 0.0
0.0206827 0.000986603 0.0
0.0207839 0.00098162 0.0
0.0208869 0.000974862 0.0
0.0209852 0.000962869 0.0
0.0210735 0.000945185 0.0
0.0211607 0.000925651 0.0
0.0212469 0.000902261 0.0
0.0213234 0.000877034 0.0
0.0213926 0.00084899 0.0
0.0214617 0.000818133 0.0
0.0215257 0.000785166 0.0
0.0215803 0.000751694 0.0
0.0216309 0.000715419 0.0
0.0216797 0.000676841 0.0
0.0217218 0.000637379 0.0
0.0217569 0.000596818 0.0
0.0217896 0.000553389 0.0
0.0218186 0.000508238 0.0
0.0218411 0.000461937 0.0
0.0218594 0.000413426 0.0
0.0218751 0.000361927 0.0
0.021886 0.000308369 0.0
0.0218921 0.000252368 0.0
0.0218955 0.000192895 0.0
0.0218952 0.000129645 0.0
0.0218903 6.28405e-05 0.0
0.0218826 -8.35546e-06 0.0
0.0218722 -8.47334e-05 0.0
0.0218572 -0.000167062 0.0
0.0218394 -0.000255589 0.0
0.0218201 -0.000350952 0.0
0.0217967 -0.000454686 0.0
0.0217702 -0.000568908 0.0
0.0217439 -0.000692319 0.0
0.0217151 -0.00082615 0.0
0.0216835 -0.000975891 0.0
0.0216549 -0.00114254 0.0
0.0216271 -0.00131942 0.0
0.0215974 -0.00151673 0.0
0.0215787 -0.00174442 0.0
0.0215704 -0.00198915 0.0
0.0215591 -0.00224625 0.0
0.0215694 -0.00255236 0.0
0.0216236 -0.00288978 0.0
0.0216854 -0.0032276 0.0
0.0217669 -0.00361503 0.0
0.0219297 -0.00404158 0.0
0.0221602 -0.00444597 0.0
0.0224297 -0.00488645 0.0
0.0227755 -0.00533257 0.0
0.0232119 -0.0056967 0.0
0.023719 -0.00605025 0.0
0.0242656 -0.00634861 0.0
0.0248434 -0.00652053 0.0
0.0254131 -0.00651808 0.0
0.0259423 -0.00654751 0.0
0.0264187 -0.00635464 0.0
0.02674 -0.00601308 0.0
0.0269272 -0.00572335 0.0
0.0270321 -0.00532752 0.0
0.0269783 -0.00484705 0.0
0.0268046 -0.00447824 0.0
0.026613 -0.00407742 0.0
0.0264011 -0.00368268 0.0
0.0261909 -0.00333388 0.0
0.025954 -0.0029087 0.0
0.0256601 -0.00252145 0.0
0.0253671 -0.00215899 0.0
0.0250811 -0.00179137 0.0
0.0247589 -0.00148206 0.0
0.0244233 -0.00120008 0.0
0.0241125 -0.000959984 0.0
0.0238479 -0.000760577 0.0
0.0236101 -0.00058046 0.0
0.0233841 -0.000431556 0.0
0.0231863 -0.000303182 0.0
0.0230256 -0.000189251 0.0
0.0228874 -8.84552e-05 0.0
0.0227637 -2.815e-06 0.0
0.0226632 7.4748e-05 0.0
0.0225869 0.000146325 0.0
0.0225257 0.000211391 0.0
0.0224781 0.000273432 0.0
0.0224481 0.000332296 0.0
0.022433 0.000397164 0.0
0.0224326 0.000459332 0.0
0.0224455 0.000529991 0.0
0.0224506 0.000627164 0.0
0.0224599 0.000719606 0.0
0.0224759 0.00083841 0.0
0.0224671 0.000966139 0.0
0.0224304 0.00107621 0.0
0.0223701 0.00118969 0.0
0.0223022 0.00125137 0.0
0.0222572 0.00127698 0.0
0.0222226 0.00129627 0.0
0.0221928 0.00127804 0.0
0.022199 0.00126146 0.0
0.0222359 0.0012497 0.0
0.0222881 0.00123052 0.0
0.0223423 0.00122878 0.0
0.0223918 0.0012471 0.0
0.0224374 0.00126973 0.0
0.0224707 0.00130066 0.0
0.0224828 0.00133281 0.0
0.022474 0.00135811 0.0
0.0224578 0.00136362 0.0
0.0224424 0.00136607 0.0
0.0224295 0.00133394 0.0
0.0224292 0.00129528 0.0
0.0224403 0.00126198 0.0
0.0224595 0.0012141 0.0
0.0224899 0.00116634 0.0
0.0225288 0.0011286 0.0
0.022575 0.00109488 0.0
0.0226213 0.0010707 0.0
0.0226642 0.00105733 0.0
0.0227095 0.00105177 0.0
0.0227497 0.00106131 0.0
0.0227741 0.00107516 0.0
0.0227882 0.00109401 0.0
0.0227898 0.00112197 0.0
0.0227795 0.00113291 0.0
0.0227613 0.00114038 0.0
0.022731 0.00114206 0.0
0.0227033 0.00112547 0.0
0.0226867 0.00110691 0.0
0.0226719 0.00107756 0.0
0.0226606 0.00104688 0.0
0.0226619 0.00101855 0.0
0.022674 0.000989348 0.0
0.0226904 0.000962634 0.0
0.0227106 0.000943657 0.0
0.0227381 0.000930679 0.0
0.0227717 0.000925692 0.0
0.0228077 0.000927578 0.0
0.0228461 0.000939656 0.0
0.0228856 0.000965982 0.0
0.022927 0.00100256 0.0
0.0229716 0.00104737 0.0
0.0230104 0.00111401 0.0
0.0230385 0.00119432 0.0
0.023063 0.00128368 0.0
0.0230769 0.00139191 0.0
0.0230691 0.0015069 0.0
0.02304 0.00162727 0.0
0.0229939 0.00175253 0.0
0.0229295 0.00187222 0.0
0.0228465 0.00197076 0.0
0.0227483 0.00206843 0.0
0.0226361 0.00215126 0.0
0.0225214 0.00220193 0.0
0.0224058 0.00224366 0.0
0.0222831 0.00226971 0.0
0.0221638 0.00227737 0.0
0.0220532 0.00227112 0.0
0.0219449 0.00225266 0.0
0.0218399 0.00222656 0.0
0.0217433 0.00219253 0.0
0.0216529 0.00215017 0.0
0.0215656 0.00210345 0.0
0.0214827 0.00205443 0.0
0.0214059 0.00200162 0.0
0.021333 0.00194626 0.0
0.0212621 0.00189043 0.0
0.0211943 0.00183411 0.0
0.0211303 0.00177693 0.0
0.0210684 0.00172013 0.0
0.0210078 0.00166415 0.0
0.0209493 0.00160874 0.0
0.020893 0.00155419 0.0
0.020838 0.00150108 0.0
0.0207839 0.00144925 0.0
0.0207313 0.00139872 0.0
0.0206801 0.00134976 0.0
0.0206297 0.00130248 0.0
0.0205802 0.0012567 0.0
0.0205319 0.00121254 0.0
0.0204846 0.00117009 0.0
0.020438 0.00112928 0.0
0.0203924 0.00109001 0.0
0.0203478 0.00105237 0.0
0.020304 0.00101632 0.0
0.020261 0.000981757 0.0
0.020219 0.00094865 0.0
0.0201779 0.000917007 0.0
0.0201376 0.000886745 0.0
0.0200981 0.000857784 0.0
0.0200596 0.0008301 0.0
0.0200219 0.000803652 0.0
0.0199851 0.000778358 0.0
0.0199492 0.000754165 0.0
0.0199142 0.000731037 0.0
0.01988 0.000708918 0.0
0.0198466 0.000687742 0.0
0.0198141 0.000667469 0.0
0.0197825 0.000648058 0.0
0.0197517 0.000629453 0.0
0.0197217 0.000611608 0.0
0.0196925 0.000594487 0.0
0.0196641 0.00057805 0.0
0.0196366 0.000562253 0.0
0.0196098 0.000547061 0.0
0.0195837 0.000532444 0.0
0.0195584 0.000518365 0.0
0.0195339 0.000504793 0.0
0.0195101 0.000491701 0.0
0.0194869 0.000479062 0.0
0.0194645 0.000466851 0.0
0.0194428 0.000455042 0.0
0.0194217 0.000443615 0.0
0.0194012 0.000432549 0.0
0.0193814 0.000421824 0.0
0.0193622 0.000411423 0.0
0.0193436 0.000401329 0.0
0.0193256 0.000391528 0.0
0.0193082 0.000382003 0.0
0.0192913 0.000372744 0.0
0.019275 0.000363736 0.0
0.0192592 0.00035497 0.0
0.0192439 0.000346433 0.0
0.0192292 0.000338118 0.0
0.0192149 0.000330015 0.0
0.019201 0.000322115 0.0
0.0191877 0.000314412 0.0
0.0191748 0.000306897 0.0
0.0191623 0.000299565 0.0
0.0191502 0.00029241 0.0
0.0191386 0.000285425 0.0
0.0191274 0.000278605 0.0
0.0191165 0.000271946 0.0
0.019106 0.000265443 0.0
0.0190959 0.000259092 0.0
0.0190862 0.000252888 0.0
0.0190767 0.000246827 0.0
0.0190677 0.000240906 0.0
0.0190589 0.000235122 0.0
0.0190505 0.000229469 0.0
0.0190423 0.000223947 0.0
0.0190345 0.00021855 0.0
0.0190269 0.000213275 0.0
0.0190196 0.000208119 0.0
0.0190126 0.000203079 0.0
0.0190058 0.00019815 0.0
0.0189993 0.00019333 0.0
0.0189931 0.000188614 0.0
0.018987 0.000183998 0.0
0.0189812 0.000179479 0.0
0.0189756 0.00017505 0.0
0.0189702 0.000170708 0.0
0.018965 0.000166447 0.0
0.01896 0.000162261 0.0
0.0189551 0.000158145 0.0
0.0189505 0.00015409 0.0
0.018946 0.000150089 0.0
0.0189417 0.000146134 0.0
0.0189375 0.000142216 0.0
0.0189334 0.000138323 0.0
0.0189295 0.000134446 0.0
0.0189257 0.000130569 0.0
0.018922 0.000126682 0.0
0.0189185 0.000122764 0.0
0.018915 0.000118802 0.0
0.0189116 0.000114771 0.0
0.0189084 0.000110654 0.0
0.0189051 0.00010642 0.0
0.018902 0.000102047 0.0
0.0188989 9.74932e-05 0.0
0.0188959 9.27357e-05 0.0
0.018893 8.77178e-05 0.0
0.0188901 8.24094e-05 0.0
0.0188873 7.67366e-05 0.0
0.0188845 7.06672e-05 0.0
0.0188818 6.40963e-05 0.0
0.0188792 5.69853e-05 0.0
0.0188766 4.91968e-05 0.0
0.0188742 4.06861e-05 0.0
0.018872 3.12588e-05 0.0
0.01887 2.08788e-05 0.0
0.0188682 9.36126e-06 0.0
0.0188669 -2.60974e-06 0.0
0.0188661 -8.90553e-06 0.0
0.0 0.0 0.0
0.0 0.0 0.0
0.0192983 5.35534e-05 0.0
0.0193154 0.000151528 0.0
0.0193604 0.000239743 0.0
0.0193963 0.000328338 0.0
0.0194368 0.000418382 0.0
0.0195122 0.000487275 0.0
0.0195892 0.000558234 0.0
0.0196586 0.000638183 0.0
0.0197463 0.000682365 0.0
0.0198464 0.000723983 0.0
0.0199409 0.000782268 0.0
0.020037 0.000814585 0.0
0.0201385 0.000827806 0.0
0.0202438 0.000857475 0.0
0.0203471 0.000877868 0.0
0.0204454 0.000878588 0.0
0.0205447 0.000880462 0.0
0.0206479 0.000886506 0.0
0.0207438 0.000879464 0.0
0.0208324 0.000866845 0.0
0.0209241 0.000856112 0.0
0.0210147 0.000842427 0.0
0.0210948 0.000821606 0.0
0.0211708 0.000800242 0.0
0.0212486 0.000777837 0.0
0.0213207 0.000752017 0.0
0.0213836 0.000723459 0.0
0.0214447 0.000694436 0.0
0.0215046 0.000663056 0.0
0.021557 0.000629559 0.0
0.0216031 0.0005947 0.0
0.0216477 0.000558308 0.0
0.0216885 0.000519532 0.0
0.0217224 0.000479242 0.0
0.0217521 0.000437074 0.0
0.0217794 0.000392491 0.0
0.0218017 0.00034556 0.0
0.0218183 0.000296347 0.0
0.0218317 0.000243962 0.0
0.0218417 0.000188472 0.0
0.0218463 0.000129621 0.0
0.0218464 6.64723e-05 0.0
0.0218436 -1.25391e-06 0.0
0.0218362 -7.34746e-05 0.0
0.0218235 -0.000152002 0.0
0.0218077 -0.000237362 0.0
0.0217884 -0.000329098 0.0
0.0217636 -0.000429362 0.0
0.0217346 -0.000540722 0.0
0.0217035 -0.000660998 0.0
0.0216687 -0.00079285 0.0
0.0216292 -0.000941835 0.0
0.0215869 -0.00110583 0.0
0.0215454 -0.00128255 0.0
0.0215052 -0.00148667 0.0
0.0214616 -0.00171678 0.0
0.0214188 -0.00196197 0.0
0.0213956 -0.00223868 0.0
0.0213892 -0.00256868 0.0
0.0213773 -0.00291431 0.0
0.0213946 -0.0032913 0.0
0.0214923 -0.00373244 0.0
0.0216213 -0.00419826 0.0
0.0217823 -0.00469725 0.0
0.0220576 -0.00521034 0.0
0.0224272 -0.00569101 0.0
0.0228716 -0.0062041 0.0
0.0234326 -0.00663928 0.0
0.024037 -0.00689575 0.0
0.0246269 -0.00709305 0.0
0.0252357 -0.00715097 0.0
0.0256868 -0.00693291 0.0
0.025959 -0.00669979 0.0
0.0261548 -0.00622854 0.0
0.0261314 -0.00570265 0.0
0.0258635 -0.00519252 0.0
0.025504 -0.0046229 0.0
0.0251356 -0.0041489 0.0
0.024744 -0.0037636 0.0
0.0243501 -0.00341431 0.0
0.0239621 -0.0030048 0.0
0.0236056 -0.00260036 0.0
0.0232462 -0.00215809 0.0
0.0227929 -0.00179808 0.0
0.0223119 -0.00141807 0.0
0.021874 -0.00109285 0.0
0.0215024 -0.000858272 0.0
0.0211557 -0.000648623 0.0
0.0208303 -0.000485699 0.0
0.0205654 -0.000340853 0.0
0.0203512 -0.000221362 0.0
0.0201576 -0.000121082 0.0
0.0199881 -3.83536e-05 0.0
0.0198554 3.82233e-05 0.0
0.0197492 0.000103675 0.0
0.0196614 0.000159035 0.0
0.0195931 0.000210638 0.0
0.0195445 0.000259022 0.0
0.0195151 0.000304097 0.0
0.0195046 0.000348487 0.0
0.0195055 0.000398727 0.0
0.0195204 0.000439469 0.0
0.0195558 0.000510319 0.0
0.0196103 0.000597387 0.0
0.019678 0.000684423 0.0
0.0197092 0.000830051 0.0
0.019702 0.000974047 0.0
0.0196583 0.00114453 0.0
0.019589 0.0012457 0.0
0.0195167 0.00131601 0.0
0.0194573 0.00130777 0.0
0.019452 0.00130655 0.0
0.0194911 0.0012665 0.0
0.0195621 0.00120909 0.0
0.0196519 0.00117258 0.0
0.0197558 0.00115103 0.0
0.0198587 0.00115723 0.0
0.0199633 0.00116583 0.0
0.0200622 0.00121018 0.0
0.0201302 0.0012687 0.0
0.0201705 0.00131579 0.0
0.0201827 0.00136963 0.0
0.0201777 0.00138075 0.0
0.0201876 0.00136014 0.0
0.0202047 0.00133502 0.0
0.0202197 0.00128077 0.0
0.0202605 0.00122464 0.0
0.0203283 0.00116767 0.0
0.0204042 0.00111335 0.0
0.02048 0.00106503 0.0
0.0205626 0.00102826 0.0
0.0206507 0.00100795 0.0
0.0207412 0.000990634 0.0
0.020825 0.00099049 0.0
0.0208941 0.00101277 0.0
0.0209504 0.00104137 0.0
0.0209887 0.00107812 0.0
0.0210034 0.00111523 0.0
0.0209958 0.00114736 0.0
0.020979 0.00115937 0.0
0.0209618 0.00116629 0.0
0.0209474 0.00114127 0.0
0.0209451 0.00110972 0.0
0.0209543 0.00108117 0.0
0.0209724 0.00103954 0.0
0.0210031 0.000995804 0.0
0.0210426 0.000961008 0.0
0.0210886 0.000930505 0.0
0.021142 0.000904225 0.0
0.0212005 0.000885437 0.0
0.0212612 0.000876957 0.0
0.0213255 0.000875388 0.0
0.0213936 0.000886542 0.0
0.0214646 0.000909781 0.0
0.021539 0.000942089 0.0
0.0216096 0.000992574 0.0
0.0216752 0.00106425 0.0
0.0217445 0.00114681 0.0
0.0218064 0.00125151 0.0
0.0218448 0.00137301 0.0
0.0218677 0.00150813 0.0
0.021871 0.00165916 0.0
0.0218478 0.00179766 0.0
0.0218015 0.0019328 0.0
0.0217256 0.00206567 0.0
0.0216341 0.00216813 0.0
0.0215405 0.00225501 0.0
0.0214367 0.00231309 0.0
0.0213284 0.00235632 0.0
0.0212257 0.00238187 0.0
0.0211318 0.00237913 0.0
0.0210453 0.00236705 0.0
0.0209635 0.00234729 0.0
0.0208896 0.00231216 0.0
0.0208255 0.00226856 0.0
0.0207677 0.0022231 0.0
0.0207151 0.00217246 0.0
0.0206684 0.00211641 0.0
0.0206261 0.00205914 0.0
0.0205872 0.00200181 0.0
0.0205521 0.00194269 0.0
0.0205198 0.0018828 0.0
0.020489 0.00182375 0.0
0.0204599 0.00176552 0.0
0.020433 0.00170754 0.0
0.020407 0.00165057 0.0
0.0203813 0.00159509 0.0
0.0203567 0.00154097 0.0
0.020333 0.00148807 0.0
0.0203093 0.00143678 0.0
0.0202859 0.00138718 0.0
0.020263 0.00133919 0.0
0.0202405 0.00129277 0.0
0.0202178 0.00124806 0.0
0.0201954 0.00120506 0.0
0.0201734 0.00116366 0.0
0.0201514 0.00112386 0.0
0.0201295 0.00108569 0.0
0.0201078 0.00104908 0.0
0.0200865 0.00101397 0.0
0.0200652 0.000980315 0.0
0.0200442 0.000948104 0.0
0.0200235 0.000917255 0.0
0.020003 0.000887712 0.0
0.0199828 0.000859437 0.0
0.019963 0.000832381 0.0
0.0199435 0.000806475 0.0
0.0199243 0.000781668 0.0
0.0199054 0.000757918 0.0
0.019887 0.00073517 0.0
0.0198689 0.000713367 0.0
0.0198513 0.000692466 0.0
0.019834 0.000672423 0.0
0.0198171 0.000653189 0.0
0.0198007 0.00063472 0.0
0.0197847 0.000616977 0.0
0.0197691 0.000599921 0.0
0.019754 0.000583513 0.0
0.0197393 0.000567716 0.0
0.019725 0.000552499 0.0
0.0197111 0.000537829 0.0
0.0196977 0.000523676 0.0
0.0196847 0.000510011 0.0
0.0196721 0.000496809 0.0
0.0196599 0.000484044 0.0
0.0196481 0.000471693 0.0
0.0196368 0.000459734 0.0
0.0196258 0.000448146 0.0
0.0196152 0.000436911 0.0
0.019605 0.000426011 0.0
0.0195952 0.00041543 0.0
0.0195858 0.000405152 0.0
0.0195767 0.000395163 0.0
0.019568 0.000385449 0.0
0.0195596 0.000375999 0.0
0.0195516 0.000366801 0.0
0.0195439 0.000357845 0.0
0.0195365 0.000349121 0.0
0.0195294 0.000340619 0.0
0.0195227 0.000332332 0.0
0.0195162 0.000324251 0.0
0.01951 0.00031637 0.0
0.0195041 0.000308682 0.0
0.0194985 0.00030118 0.0
0.0194932 0.000293859 0.0
0.0194881 0.000286713 0.0
0.0194833 0.000279737 0.0
0.0194787 0.000272926 0.0
0.0194743 0.000266277 0.0
0.0194702 0.000259783 0.0
0.0194663 0.000253443 0.0
0.0194626 0.00024725 0.0
0.0194591 0.000241203 0.0
0.0194558 0.000235297 0.0
0.0194527 0.000229528 0.0
0.0194498 0.000223894 0.0
0.0194471 0.000218389 0.0
0.0194446 0.000213012 0.0
0.0194422 0.000207759 0.0
0.01944 0.000202625 0.0
0.0194379 0.000197607 0.0
0.019436 0.000192701 0.0
0.0194342 0.000187903 0.0
0.0194325 0.000183209 0.0
0.019431 0.000178613 0.0
0.0194296 0.000174112 0.0
0.0194283 0.000169699 0.0
0.0194271 0.000165369 0.0
0.019426 0.000161116 0.0
0.019425 0.000156932 0.0
0.019424 0.000152811 0.0
0.0194232 0.000148743 0.0
0.0194224 0.000144719 0.0
0.0194217 0.000140729 0.0
0.019421 0.000136763 0.0
0.0194204 0.000132805 0.0
0.0194198 0.000128845 0.0
0.0194192 0.000124863 0.0
0.0194187 0.000120845 0.0
0.0194181 0.000116766 0.0
0.0194176 0.00011261 0.0
0.0194171 0.000108344 0.0
0.0194165 0.000103948 0.0
0.0194159 9.93776e-05 0.0
0.0194153 9.46099e-05 0.0
0.0194146 8.95869e-05 0.0
0.0194139 8.42798e-05 0.0
0.0194131 7.86077e-05 0.0
0.0194122 7.25395e-05 0.0
0.0194113 6.59647e-05 0.0
0.0194103 5.88446e-05 0.0
0.0194092 5.10257e-05 0.0
0.0194081 4.24677e-05 0.0
0.019407 3.29527e-05 0.0
0.0194058 2.24446e-05 0.0
0.0194047 1.07007e-05 0.0
0.0194038 -1.64536e-06 0.0
0.0194031 -8.19055e-06 0.0
0.0 0.0 0.0
0.0 0.0 0.0
0.0193107 5.56922e-05 0.0
0.0193294 0.000120857 0.0
0.019348 0.000202563 0.0
0.0193808 0.000297774 0.0
0.0194332 0.000359769 0.0
0.019487 0.000415994 0.0
0.0195444 0.000497652 0.0
0.019623 0.000555821 0.0
0.0197034 0.000589027 0.0
0.0197793 0.000644279 0.0
0.019868 0.000688861 0.0
0.0199638 0.000709113 0.0
0.0200535 0.000735867 0.0
0.0201461 0.00076354 0.0
0.0202428 0.000772638 0.0
0.0203377 0.000780332 0.0
0.0204316 0.00078915 0.0
0.0205249 0.0007897 0.0
0.0206151 0.000784029 0.0
0.0207049 0.000779304 0.0
0.0207935 0.000769892 0.0
0.0208766 0.000756519 0.0
0.0209564 0.000741597 0.0
0.0210365 0.000724595 0.0
0.0211123 0.000704043 0.0
0.0211813 0.000682746 0.0
0.0212487 0.000659382 0.0
0.0213146 0.00063335 0.0
0.0213741 0.000605945 0.0
0.0214283 0.000577777 0.0
0.021481 0.000546802 0.0
0.02153 0.000513935 0.0
0.0215725 0.000480164 0.0
0.0216113 0.000444497 0.0
0.0216477 0.000405933 0.0
0.0216787 0.000365699 0.0
0.0217042 0.000323625 0.0
0.0217268 0.000278527 0.0
0.0217453 0.000230248 0.0
0.0217577 0.000179353 0.0
0.0217661 0.00012497 0.0
0.0217711 6.62868e-05 0.0
0.0217698 3.07858e-06 0.0
0.0217631 -6.48735e-05 0.0
0.0217536 -0.000138472 0.0
0.0217382 -0.000218645 0.0
0.0217152 -0.000306648 0.0
0.0216892 -0.000402462 0.0
0.0216594 -0.000507094 0.0
0.02162 -0.000623709 0.0
0.0215755 -0.000754148 0.0
0.0215302 -0.000895443 0.0
0.0214769 -0.0010532 0.0
0.0214154 -0.00123568 0.0
0.0213559 -0.00143817 0.0
0.0212937 -0.00165482 0.0
0.021226 -0.00191326 0.0
0.0211686 -0.00221581 0.0
0.0211163 -0.00253297 0.0
0.0210648 -0.00288541 0.0
0.0210595 -0.00334224 0.0
0.0211026 -0.00381764 0.0
0.0211497 -0.00430232 0.0
0.0212796 -0.00490954 0.0
0.0215551 -0.00552431 0.0
0.0219464 -0.00612094 0.0
0.022421 -0.00672236 0.0
0.0229717 -0.00721929 0.0
0.023598 -0.00753533 0.0
0.0241763 -0.00764503 0.0
0.0246827 -0.00768752 0.0
0.0250129 -0.00718707 0.0
0.0251039 -0.00680363 0.0
0.0250012 -0.00619968 0.0
0.0246429 -0.00538326 0.0
0.0240259 -0.00462484 0.0
0.0232904 -0.0041148 0.0
0.0225398 -0.00360543 0.0
0.0218061 -0.00322969 0.0
0.0212695 -0.00300498 0.0
0.020811 -0.0025512 0.0
0.0203078 -0.00220862 0.0
0.0198271 -0.00170776 0.0
0.0192762 -0.00122801 0.0
0.0187115 -0.00092217 0.0
0.018203 -0.000652017 0.0
0.0177799 -0.000483771 0.0
0.0174487 -0.000318679 0.0
0.0171628 -0.000198306 0.0
0.0169074 -0.000104391 0.0
0.0166997 -2.63046e-05 0.0
0.0165384 4.7097e-05 0.0
0.0164013 0.000101963 0.0
0.0162873 0.000147506 0.0
0.0162018 0.000189421 0.0
0.0161382 0.000226946 0.0
0.0160898 0.000259249 0.0
0.0160612 0.00028779 0.0
0.0160507 0.000316144 0.0
0.0160523 0.000344635 0.0
0.0160695 0.000378186 0.0
0.0161073 0.000405925 0.0
0.0161595 0.000457816 0.0
0.0162391 0.000500143 0.0
0.016326 0.000628887 0.0
0.0163689 0.000812463 0.0
0.0164104 0.000968553 0.0
0.0163945 0.00122721 0.0
0.016329 0.0013081 0.0
0.0162911 0.00137211 0.0
0.0162635 0.00134494 0.0
0.0163088 0.00124472 0.0
0.0164316 0.00116984 0.0
0.0165764 0.00109792 0.0
0.0167277 0.00104102 0.0
0.0168925 0.00101576 0.0
0.0170683 0.00101861 0.0
0.0172465 0.00103209 0.0
0.0173819 0.0011113 0.0
0.01747 0.00119251 0.0
0.0175132 0.00130251 0.0
0.017524 0.00135467 0.0
0.0175242 0.00138069 0.0
0.0175284 0.00133569 0.0
0.0175742 0.00129819 0.0
0.0176538 0.00123004 0.0
0.0177561 0.00114112 0.0
0.0178652 0.00107318 0.0
0.0179796 0.00101618 0.0
0.0181054 0.000963055 0.0
0.0182338 0.000923226 0.0
0.0183589 0.000896179 0.0
0.0184835 0.00088474 0.0
0.0185931 0.000903965 0.0
0.0186941 0.000927308 0.0
0.0187875 0.000980315 0.0
0.0188483 0.00104834 0.0
0.0188758 0.00110393 0.0
0.0188761 0.00116291 0.0
0.0188632 0.00118065 0.0
0.0188633 0.00116713 0.0
0.0188692 0.00114705 0.0
0.0188767 0.00109951 0.0
0.0189107 0.00104911 0.0
0.018969 0.000996924 0.0
0.0190355 0.000945134 0.0
0.0191046 0.000902082 0.0
0.0191819 0.000864214 0.0
0.0192672 0.000833739 0.0
0.0193543 0.000811523 0.0
0.0194427 0.000799237 0.0
0.019536 0.000795767 0.0
0.0196323 0.000804657 0.0
0.0197304 0.000820863 0.0
0.0198315 0.000854611 0.0
0.0199333 0.000911231 0.0
0.0200412 0.000974978 0.0
0.0201492 0.00106165 0.0
0.0202383 0.00118609 0.0
0.0203095 0.00132454 0.0
0.0203659 0.00148157 0.0
0.0203916 0.00165596 0.0
0.0203756 0.00182895 0.0
0.0203325 0.00198758 0.0
0.020272 0.00214723 0.0
0.0201959 0.00225566 0.0
0.0201132 0.0023418 0.0
0.0200213 0.00241906 0.0
0.0199334 0.00245182 0.0
0.0198634 0.00246169 0.0
0.0197987 0.00245731 0.0
0.0197389 0.00243684 0.0
0.0196969 0.00240396 0.0
0.0196684 0.00236066 0.0
0.0196442 0.00231095 0.0
0.019626 0.00225762 0.0
0.0196179 0.00220013 0.0
0.0196161 0.00214008 0.0
0.0196162 0.00207938 0.0
0.0196192 0.0020181 0.0
0.0196261 0.001956 0.0
0.0196351 0.00189472 0.0
0.0196444 0.00183435 0.0
0.0196546 0.0017745 0.0
0.0196657 0.00171562 0.0
0.0196769 0.00165853 0.0
0.0196877 0.00160273 0.0
0.0196982 0.00154816 0.0
0.0197085 0.00149531 0.0
0.0197181 0.00144433 0.0
0.019727 0.0013948 0.0
0.0197353 0.00134688 0.0
0.0197429 0.0013008 0.0
0.0197497 0.00125644 0.0
0.0197558 0.00121359 0.0
0.0197612 0.00117242 0.0
0.0197659 0.00113295 0.0
0.01977 0.00109501 0.0
0.0197734 0.00105853 0.0
0.0197762 0.0010236 0.0
0.0197785 0.000990131 0.0
0.0197803 0.000958005 0.0
0.0197817 0.000927212 0.0
0.0197826 0.000897742 0.0
0.0197832 0.000869496 0.0
0.0197834 0.000842407 0.0
0.0197833 0.00081646 0.0
0.019783 0.000791605 0.0
0.0197825 0.000767761 0.0
0.0197818 0.00074489 0.0
0.0197809 0.000722959 0.0
0.01978 0.000701912 0.0
0.0197789 0.000681693 0.0
0.0197777 0.000662271 0.0
0.0197766 0.000643607 0.0
0.0197753 0.000625654 0.0
0.0197741 0.000608372 0.0
0.0197729 0.000591733 0.0
0.0197718 0.000575701 0.0
0.0197707 0.000560238 0.0
0.0197696 0.000545318 0.0
0.0197686 0.000530912 0.0
0.0197677 0.000516992 0.0
0.0197669 0.000503532 0.0
0.0197662 0.000490508 0.0
0.0197655 0.000477898 0.0
0.019765 0.000465681 0.0
0.0197646 0.000453836 0.0
0.0197643 0.000442347 0.0
0.0197641 0.000431195 0.0
0.0197641 0.000420364 0.0
0.0197641 0.000409839 0.0
0.0197643 0.000399608 0.0
0.0197646 0.000389656 0.0
0.019765 0.000379972 0.0
0.0197656 0.000370544 0.0
0.0197662 0.000361363 0.0
0.019767 0.000352418 0.0
0.0197679 0.000343701 0.0
0.0197689 0.000335204 0.0
0.01977 0.000326919 0.0
0.0197713 0.000318838 0.0
0.0197726 0.000310956 0.0
0.019774 0.000303265 0.0
0.0197756 0.00029576 0.0
0.0197772 0.000288436 0.0
0.019779 0.000281288 0.0
0.0197808 0.00027431 0.0
0.0197827 0.000267498 0.0
0.0197847 0.000260849 0.0
0.0197868 0.000254357 0.0
0.019789 0.00024802 0.0
0.0197912 0.000241832 0.0
0.0197936 0.000235791 0.0
0.0197959 0.000229894 0.0
0.0197984 0.000224135 0.0
0.0198009 0.000218513 0.0
0.0198035 0.000213023 0.0
0.0198061 0.000207661 0.0
0.0198088 0.000202426 0.0
0.0198115 0.000197311 0.0
0.0198142 0.000192315 0.0
0.019817 0.000187431 0.0
0.0198198 0.000182658 0.0
0.0198227 0.000177989 0.0
0.0198255 0.00017342 0.0
0.0198284 0.000168946 0.0
0.0198313 0.000164561 0.0
0.0198342 0.000160259 0.0
0.0198371 0.000156033 0.0
0.01984 0.000151876 0.0
0.0198429 0.00014778 0.0
0.0198457 0.000143735 0.0
0.0198486 0.000139732 0.0
0.0198514 0.000135761 0.0
0.0198541 0.000131806 0.0
0.0198568 0.000127858 0.0
0.0198594 0.000123896 0.0
0.019862 0.000119908 0.0
0.0198645 0.000115869 0.0
0.0198669 0.000111764 0.0
0.0198692 0.000107558 0.0
0.0198714 0.000103233 0.0
0.0198734 9.87459e-05 0.0
0.0198753 9.40726e-05 0.0
0.0198771 8.91533e-05 0.0
0.0198787 8.39625e-05 0.0
0.0198801 7.84167e-05 0.0
0.0198813 7.24835e-05 0.0
0.0198823 6.6049e-05 0.0
0.0198831 5.90785e-05 0.0
0.0198836 5.14059e-05 0.0
0.0198839 4.29937e-05 0.0
0.019884 3.36085e-05 0.0
0.0198838 2.32169e-05 0.0
0.0198834 1.15279e-05 0.0
0.0198828 -8.87093e-07 0.0
0.0198822 -7.51614e-06 0.0
0.0 0.0 0.0
0.0 0.0 0.0
0.0193157 3.99526e-05 0.0
0.0193238 0.000111761 0.0
0.019339 0.000182838 0.0
0.0193776 0.000244115 0.0
0.0194238 0.000307088 0.0
0.019466 0.000377542 0.0
0.019522 0.000427976 0.0
0.0195933 0.000468161 0.0
0.0196619 0.000525541 0.0
0.0197346 0.000570088 0.0
0.0198159 0.000588989 0.0
0.0198997 0.000622509 0.0
0.0199846 0.000656655 0.0
0.0200711 0.000667274 0.0
0.0201581 0.000676175 0.0
0.0202483 0.000694522 0.0
0.020337 0.000700112 0.0
0.0204219 0.000696241 0.0
0.0205088 0.000696286 0.0
0.0205968 0.000695524 0.0
0.0206783 0.000685488 0.0
0.0207572 0.000673956 0.0
0.0208386 0.00066341 0.0
0.0209161 0.00064955 0.0
0.0209868 0.000631397 0.0
0.0210571 0.000613111 0.0
0.021127 0.000593637 0.0
0.0211905 0.000571599 0.0
0.0212491 0.000547565 0.0
0.0213074 0.000522691 0.0
0.0213621 0.000496002 0.0
0.0214105 0.000467558 0.0
0.0214556 0.000437356 0.0
0.0214987 0.000405434 0.0
0.0215366 0.000371627 0.0
0.0215691 0.000335898 0.0
0.0215985 0.00029757 0.0
0.0216241 0.000256864 0.0
0.0216439 0.000213797 0.0
0.0216589 0.000167421 0.0
0.0216701 0.000117213 0.0
0.0216759 6.38649e-05 0.0
0.0216756 6.3027e-06 0.0
0.0216705 -5.70045e-05 0.0
0.0216603 -0.000125469 0.0
0.0216429 -0.00019917 0.0
0.0216193 -0.000281201 0.0
0.0215903 -0.000371809 0.0
0.0215539 -0.000470063 0.0
0.0215092 -0.000579444 0.0
0.021458 -0.000703338 0.0
0.0213999 -0.000839094 0.0
0.0213334 -0.000991134 0.0
0.0212577 -0.00116577 0.0
0.0211749 -0.00136143 0.0
0.0210891 -0.00157961 0.0
0.0209979 -0.00183862 0.0
0.0208929 -0.00213066 0.0
0.0207931 -0.00245706 0.0
0.0207258 -0.00284773 0.0
0.020656 -0.00331399 0.0
0.0205671 -0.0038018 0.0
0.0205879 -0.00440614 0.0
0.0207595 -0.0050852 0.0
0.0209308 -0.00578491 0.0
0.0212105 -0.00660041 0.0
0.0217042 -0.00722812 0.0
0.0223238 -0.00780218 0.0
0.0229833 -0.00819313 0.0
0.0235283 -0.00818436 0.0
0.0237548 -0.00784028 0.0
0.0237048 -0.00735138 0.0
0.0234596 -0.00660247 0.0
0.0227794 -0.00563438 0.0
0.0218866 -0.00474655 0.0
0.0209307 -0.0037323 0.0
0.0197656 -0.00308954 0.0
0.0185877 -0.00270236 0.0
0.017694 -0.00255258 0.0
0.0172415 -0.0025227 0.0
0.0169505 -0.00213645 0.0
0.0163461 -0.00156562 0.0
0.0154918 -0.00107806 0.0
0.0147128 -0.000589737 0.0
0.0141723 -0.000406793 0.0
0.0137785 -0.000229069 0.0
0.0133988 -0.000115867 0.0
0.0130822 -3.29742e-05 0.0
0.0128604 3.97442e-05 0.0
0.0126806 9.98563e-05 0.0
0.0125159 0.000139693 0.0
0.0123888 0.00017425 0.0
0.0122972 0.00020778 0.0
0.0122227 0.000231869 0.0
0.0121626 0.000250921 0.0
0.0121231 0.000270138 0.0
0.0121015 0.000286714 0.0
0.0120932 0.000299543 0.0
0.0120934 0.000314874 0.0
0.0121073 0.000328724 0.0
0.0121441 0.000342278 0.0
0.0121949 0.000362794 0.0
0.0122442 0.000391029 0.0
0.0123289 0.000396108 0.0
0.0124779 0.000530316 0.0
0.0126669 0.000698491 0.0
0.0127807 0.000968689 0.0
0.0126943 0.00128023 0.0
0.0125149 0.00141257 0.0
0.0124819 0.00134642 0.0
0.0126348 0.00126589 0.0
0.0128577 0.00108949 0.0
0.01307 0.000992904 0.0
0.0132656 0.000919637 0.0
0.0134815 0.000854726 0.0
0.0137065 0.000819869 0.0
0.0139289 0.000800364 0.0
0.0141321 0.000865832 0.0
0.0142863 0.000989477 0.0
0.0144265 0.00109599 0.0
0.0144963 0.00129918 0.0
0.0145095 0.00134093 0.0
0.0145438 0.00136739 0.0
0.0145795 0.00131521 0.0
0.0146674 0.00119736 0.0
0.0148148 0.00110275 0.0
0.0149771 0.0010099 0.0
0.0151355 0.000938048 0.0
0.0152956 0.000871314 0.0
0.0154593 0.000819053 0.0
0.0156162 0.000783243 0.0
0.0157688 0.000751709 0.0
0.0159236 0.000752471 0.0
0.0160801 0.000776568 0.0
0.0162329 0.000808908 0.0
0.0163412 0.000898058 0.0
0.0164045 0.000990852 0.0
0.0164264 0.00110703 0.0
0.0164177 0.00116359 0.0
0.0163993 0.00119327 0.0
0.0163884 0.00115653 0.0
0.0164203 0.00112276 0.0
0.016485 0.00105966 0.0
0.0165705 0.000977877 0.0
0.0166637 0.000915484 0.0
0.0167638 0.000860756 0.0
0.0168751 0.000810373 0.0
0.0169899 0.0007662 0.0
0.0170996 0.000735175 0.0
0.01721 0.000711255 0.0
0.0173265 0.000695699 0.0
0.0174438 0.000689752 0.0
0.0175589 0.00069579 0.0
0.0176774 0.000709486 0.0
0.0178024 0.000742486 0.0
0.0179353 0.000787262 0.0
0.018072 0.000850102 0.0
0.0181941 0.000955443 0.0
0.018317 0.00107946 0.0
0.0184451 0.00123927 0.0
0.0185354 0.0014334 0.0
0.0185784 0.00163439 0.0
0.0185855 0.0018557 0.0
0.0185572 0.00204657 0.0
0.0185128 0.00219569 0.0
0.0184454 0.00233784 0.0
0.0183587 0.00242974 0.0
0.01829 0.00249295 0.0
0.018241 0.00251317 0.0
0.0182036 0.00250967 0.0
0.0181798 0.00250005 0.0
0.0181723 0.00246409 0.0
0.0181808 0.00241247 0.0
0.0182004 0.00236185 0.0
0.0182305 0.00230672 0.0
0.0182706 0.00224332 0.0
0.0183152 0.0021789 0.0
0.0183621 0.0021167 0.0
0.0184143 0.00205278 0.0
0.01847 0.00198795 0.0
0.018525 0.00192478 0.0
0.0185794 0.00186321 0.0
0.0186356 0.00180193 0.0
0.0186914 0.00174199 0.0
0.0187449 0.00168394 0.0
0.0187973 0.00162741 0.0
0.0188492 0.00157219 0.0
0.0188992 0.00151881 0.0
0.0189468 0.00146722 0.0
0.018993 0.00141723 0.0
0.0190378 0.00136891 0.0
0.0190803 0.0013224 0.0
0.0191209 0.00127756 0.0
0.01916 0.00123434 0.0
0.0191973 0.00119277 0.0
0.0192327 0.00115285 0.0
0.0192665 0.00111446 0.0
0.0192988 0.00107759 0.0
0.0193295 0.00104221 0.0
0.0193587 0.00100826 0.0
0.0193865 0.000975687 0.0
0.0194131 0.000944447 0.0
0.0194384 0.000914494 0.0
0.0194625 0.000885767 0.0
0.0194855 0.000858214 0.0
0.0195075 0.000831794 0.0
0.0195285 0.000806451 0.0
0.0195486 0.000782135 0.0
0.0195679 0.000758798 0.0
0.0195864 0.000736397 0.0
0.0196041 0.000714882 0.0
0.0196211 0.00069421 0.0
0.0196375 0.000674339 0.0
0.0196533 0.000655229 0.0
0.0196686 0.00063684 0.0
0.0196833 0.000619134 0.0
0.0196976 0.000602077 0.0
0.0197114 0.000585635 0.0
0.0197248 0.000569774 0.0
0.0197379 0.000554465 0.0
0.0197506 0.000539678 0.0
0.019763 0.000525388 0.0
0.019775 0.000511567 0.0
0.0197869 0.000498193 0.0
0.0197984 0.000485241 0.0
0.0198097 0.000472692 0.0
0.0198208 0.000460525 0.0
0.0198317 0.000448722 0.0
0.0198424 0.000437264 0.0
0.0198529 0.000426137 0.0
0.0198632 0.000415325 0.0
0.0198734 0.000404813 0.0
0.0198835 0.00039459 0.0
0.0198934 0.000384641 0.0
0.0199031 0.000374957 0.0
0.0199128 0.000365526 0.0
0.0199224 0.000356339 0.0
0.0199318 0.000347387 0.0
0.0199411 0.00033866 0.0
0.0199504 0.000330152 0.0
0.0199595 0.000321855 0.0
0.0199686 0.000313762 0.0
0.0199776 0.000305866 0.0
0.0199865 0.000298163 0.0
0.0199953 0.000290645 0.0
0.020004 0.000283309 0.0
0.0200127 0.000276149 0.0
0.0200213 0.00026916 0.0
0.0200298 0.000262339 0.0
0.0200383 0.000255681 0.0
0.0200467 0.000249182 0.0
0.020055 0.000242839 0.0
0.0200633 0.000236647 0.0
0.0200714 0.000230604 0.0
0.0200796 0.000224706 0.0
0.0200876 0.000218949 0.0
0.0200956 0.000213331 0.0
0.0201035 0.000207847 0.0
0.0201114 0.000202495 0.0
0.0201191 0.000197271 0.0
0.0201268 0.000192171 0.0
0.0201345 0.000187192 0.0
0.020142 0.00018233 0.0
0.0201495 0.000177581 0.0
0.0201569 0.000172941 0.0
0.0201642 0.000168404 0.0
0.0201714 0.000163966 0.0
0.0201786 0.000159622 0.0
0.0201856 0.000155366 0.0
0.0201926 0.000151191 0.0
0.0201994 0.000147091 0.0
0.0202061 0.000143058 0.0
0.0202128 0.000139083 0.0
0.0202193 0.000135156 0.0
0.0202257 0.000131268 0.0
0.0202319 0.000127406 0.0
0.020238 0.000123558 0.0
0.020244 0.000119707 0.0
0.0202498 0.00011584 0.0
0.0202554 0.000111933 0.0
0.0202608 0.000107971 0.0
0.0202661 0.000103922 0.0
0.0202711 9.97677e-05 0.0
0.0202759 9.54654e-05 0.0
0.0202804 9.09938e-05 0.0
0.0202847 8.62926e-05 0.0
0.0202887 8.13368e-05 0.0
0.0202924 7.60442e-05 0.0
0.0202958 7.03854e-05 0.0
0.0202988 6.42421e-05 0.0
0.0203014 5.7583e-05 0.0
0.0203036 5.02394e-05 0.0
0.0203054 4.21766e-05 0.0
0.0203067 3.3149e-05 0.0
0.0203075 2.31294e-05 0.0
0.0203078 1.17955e-05 0.0
0.0203077 -3.54732e-07 0.0
0.0203071 -6.88555e-06 0.0
0.0 0.0 0.0
0.0 0.0 0.0
0.019314 3.07108e-05 0.0
0.019323 0.000100147 0.0
0.0193453 0.000158366 0.0
0.0193729 0.000206236 0.0
0.0194033 0.000268744 0.0
0.0194523 0.000326283 0.0
0.0195095 0.000363654 0.0
0.0195617 0.000410619 0.0
0.0196236 0.000458504 0.0
0.0196997 0.000485653 0.0
0.0197717 0.00051483 0.0
0.0198437 0.000549357 0.0
0.019925 0.000565856 0.0
0.0200083 0.00057979 0.0
0.0200886 0.000598832 0.0
0.0201707 0.000607812 0.0
0.0202544 0.000608963 0.0
0.0203379 0.000614632 0.0
0.0204201 0.000615818 0.0
0.0205 0.0006098 0.0
0.0205794 0.000604 0.0
0.0206589 0.000598218 0.0
0.020735 0.000586821 0.0
0.0208071 0.000573959 0.0
0.0208791 0.000561143 0.0
0.0209497 0.000545628 0.0
0.021015 0.00052748 0.0
0.0210769 0.000509337 0.0
0.0211384 0.000489386 0.0
0.0211964 0.000467116 0.0
0.0212486 0.000443933 0.0
0.0212983 0.000419751 0.0
0.0213462 0.000393087 0.0
0.0213888 0.000364889 0.0
0.0214262 0.00033551 0.0
0.0214614 0.000303899 0.0
0.0214928 0.000269746 0.0
0.0215178 0.00023379 0.0
0.0215385 0.000195351 0.0
0.0215561 0.000153692 0.0
0.0215673 0.000108892 0.0
0.0215719 6.07627e-05 0.0
0.021573 8.43301e-06 0.0
0.0215684 -4.84577e-05 0.0
0.0215546 -0.000110598 0.0
0.0215353 -0.000178697 0.0
0.0215117 -0.000253217 0.0
0.0214771 -0.000335513 0.0
0.0214324 -0.000427676 0.0
0.0213844 -0.000529134 0.0
0.0213267 -0.000641543 0.0
0.0212517 -0.000770275 0.0
0.0211706 -0.000916149 0.0
0.0210857 -0.0010755 0.0
0.02098 -0.00126103 0.0
0.0208578 -0.00148178 0.0
0.0207381 -0.00172561 0.0
0.0206074 -0.00199738 0.0
0.0204558 -0.00234837 0.0
0.0203058 -0.00275584 0.0
0.0201635 -0.00318376 0.0
0.0200394 -0.00372148 0.0
0.0199793 -0.00447078 0.0
0.0199546 -0.00517184 0.0
0.0200112 -0.0059868 0.0
0.0203332 -0.00697571 0.0
0.0208655 -0.00779963 0.0
0.0215448 -0.00855405 0.0
0.0219704 -0.00855186 0.0
0.0220743 -0.00851368 0.0
0.021799 -0.00753828 0.0
0.0211476 -0.00701934 0.0
0.020529 -0.00595627 0.0
0.0195776 -0.00457686 0.0
0.018155 -0.00348299 0.0
0.0165211 -0.00246844 0.0
0.0149671 -0.00170137 0.0
0.0137897 -0.00161678 0.0
0.0129656 -0.00192364 0.0
0.0121895 -0.00204259 0.0
0.0114412 -0.00170013 0.0
0.0106785 -0.0006834 0.0
0.00997016 -0.00026157 0.0
0.00941861 -9.78574e-06 0.0
0.00895536 4.07758e-05 0.0
0.00862995 9.03432e-05 0.0
0.00841772 0.000172019 0.0
0.00823424 0.000188164 0.0
0.00807221 0.000207515 0.0
0.00795651 0.000234276 0.0
0.00787064 0.000257276 0.0
0.00779676 0.000259945 0.0
0.00774022 0.000270362 0.0
0.00770273 0.000281121 0.0
0.00767566 0.000287859 0.0
0.00765841 0.000289454 0.0
0.00765228 0.000292853 0.0
0.00765407 0.0002981 0.0
0.00766533 0.000301726 0.0
0.00768865 0.000301499 0.0
0.00771597 0.000300133 0.0
0.00775017 0.00031419 0.0
0.00781032 0.000314375 0.0
0.00789053 0.00030237 0.0
0.00798125 0.00035428 0.0
0.00813525 0.000476079 0.0
0.00827357 0.000974518 0.0
0.00836159 0.00132988 0.0
0.00845597 0.00150728 0.0
0.00864905 0.00118062 0.0
0.0089557 0.000980154 0.0
0.00924135 0.000841673 0.0
0.00950589 0.000757865 0.0
0.00977435 0.00068187 0.0
0.0100176 0.000628043 0.0
0.0102207 0.00059922 0.0
0.0104408 0.000566308 0.0
0.0107039 0.000655986 0.0
0.0109796 0.000781563 0.0
0.0111698 0.00100715 0.0
0.0111718 0.00127005 0.0
0.0110807 0.0013666 0.0
0.0111093 0.00128419 0.0
0.0112941 0.00119424 0.0
0.0115338 0.0010191 0.0
0.0117546 0.000914966 0.0
0.0119494 0.000830025 0.0
0.0121538 0.000756969 0.0
0.0123588 0.000691982 0.0
0.0125404 0.000649181 0.0
0.0127074 0.000618689 0.0
0.0128788 0.000590742 0.0
0.0130466 0.00059179 0.0
0.0132182 0.000593618 0.0
0.0133804 0.000676141 0.0
0.0134933 0.00081063 0.0
0.0135915 0.000925086 0.0
0.0136294 0.00112528 0.0
0.0136186 0.00117257 0.0
0.0136287 0.00119951 0.0
0.0136454 0.00115002 0.0
0.0137148 0.00104003 0.0
0.0138389 0.000952168 0.0
0.0139776 0.000865325 0.0
0.0141153 0.000798364 0.0
0.0142535 0.000734983 0.0
0.0143916 0.000683562 0.0
0.0145264 0.00064269 0.0
0.0146593 0.000613296 0.0
0.0147911 0.000588236 0.0
0.0149195 0.000573127 0.0
0.0150451 0.000566592 0.0
0.0151761 0.000569856 0.0
0.0153139 0.00058174 0.0
0.0154511 0.000608543 0.0
0.0155938 0.000638019 0.0
0.0157519 0.000708958 0.0
0.0159249 0.000810162 0.0
0.0161115 0.000923817 0.0
0.0162628 0.00111839 0.0
0.0163614 0.00134906 0.0
0.0164169 0.00161336 0.0
0.0164386 0.00185166 0.0
0.0164213 0.0020841 0.0
0.0163699 0.00224477 0.0
0.0163219 0.00240561 0.0
0.016286 0.00249611 0.0
0.0162756 0.00251804 0.0
0.0162733 0.00253791 0.0
0.016275 0.00252168 0.0
0.0163136 0.00247928 0.0
0.0163842 0.00242705 0.0
0.0164621 0.0023688 0.0
0.0165459 0.00230487 0.0
0.0166436 0.00223696 0.0
0.0167499 0.00216978 0.0
0.016858 0.00210336 0.0
0.0169677 0.00203665 0.0
0.017079 0.00196991 0.0
0.0171902 0.00190582 0.0
0.0173003 0.00184346 0.0
0.0174089 0.0017818 0.0
0.0175152 0.00172158 0.0
0.0176189 0.00166399 0.0
0.01772 0.00160795 0.0
0.0178182 0.00155315 0.0
0.017913 0.00150031 0.0
0.0180047 0.00144965 0.0
0.0180934 0.00140043 0.0
0.0181787 0.00135276 0.0
0.0182607 0.00130705 0.0
0.0183397 0.00126312 0.0
0.0184156 0.00122059 0.0
0.0184884 0.0011797 0.0
0.0185582 0.00114053 0.0
0.0186253 0.00110284 0.0
0.0186897 0.00106653 0.0
0.0187514 0.00103173 0.0
0.0188106 0.000998367 0.0
0.0188675 0.000966287 0.0
0.018922 0.000935475 0.0
0.0189743 0.000905961 0.0
0.0190246 0.000877639 0.0
0.0190729 0.000850424 0.0
0.0191192 0.000824314 0.0
0.0191638 0.000799278 0.0
0.0192068 0.000775226 0.0
0.0192481 0.000752114 0.0
0.0192879 0.000729926 0.0
0.0193262 0.00070861 0.0
0.0193632 0.000688105 0.0
0.019399 0.000668381 0.0
0.0194335 0.000649411 0.0
0.0194668 0.000631144 0.0
0.0194991 0.000613541 0.0
0.0195303 0.000596577 0.0
0.0195606 0.00058022 0.0
0.01959 0.000564432 0.0
0.0196185 0.000549184 0.0
0.0196462 0.000534454 0.0
0.0196731 0.000520213 0.0
0.0196993 0.000506433 0.0
0.0197248 0.000493093 0.0
0.0197496 0.000480173 0.0
0.0197738 0.000467649 0.0
0.0197974 0.000455503 0.0
0.0198204 0.000443717 0.0
0.0198429 0.000432274 0.0
0.0198649 0.000421157 0.0
0.0198864 0.000410353 0.0
0.0199074 0.000399847 0.0
0.019928 0.000389626 0.0
0.0199482 0.000379679 0.0
0.019968 0.000369993 0.0
0.0199873 0.00036056 0.0
0.0200063 0.000351369 0.0
0.020025 0.000342411 0.0
0.0200433 0.000333678 0.0
0.0200613 0.000325162 0.0
0.0200789 0.000316856 0.0
0.0200963 0.000308754 0.0
0.0201133 0.000300848 0.0
0.0201301 0.000293134 0.0
0.0201466 0.000285605 0.0
0.0201628 0.000278257 0.0
0.0201788 0.000271086 0.0
0.0201945 0.000264086 0.0
0.02021 0.000257253 0.0
0.0202252 0.000250584 0.0
0.0202403 0.000244074 0.0
0.020255 0.000237721 0.0
0.0202696 0.00023152 0.0
0.0202839 0.000225469 0.0
0.0202981 0.000219564 0.0
0.020312 0.000213802 0.0
0.0203257 0.00020818 0.0
0.0203392 0.000202695 0.0
0.0203525 0.000197345 0.0
0.0203657 0.000192124 0.0
0.0203786 0.000187032 0.0
0.0203913 0.000182064 0.0
0.0204039 0.000177217 0.0
0.0204162 0.000172488 0.0
0.0204284 0.000167872 0.0
0.0204404 0.000163366 0.0
0.0204522 0.000158966 0.0
0.0204638 0.000154668 0.0
0.0204752 0.000150465 0.0
0.0204864 0.000146354 0.0
0.0204974 0.000142327 0.0
0.0205082 0.000138379 0.0
0.0205188 0.000134503 0.0
0.0205293 0.000130691 0.0
0.0205395 0.000126932 0.0
0.0205494 0.00012322 0.0
0.0205592 0.000119542 0.0
0.0205687 0.000115886 0.0
0.020578 0.000112237 0.0
0.020587 0.000108583 0.0
0.0205958 0.000104901 0.0
0.0206042 0.000101178 0.0
0.0206124 9.73826e-05 0.0
0.0206203 9.3499e-05 0.0
0.0206278 8.94851e-05 0.0
0.020635 8.53219e-05 0.0
0.0206419 8.09523e-05 0.0
0.0206483 7.6352e-05 0.0
0.0206543 7.14408e-05 0.0
0.0206598 6.61934e-05 0.0
0.0206648 6.04932e-05 0.0
0.0206693 5.43106e-05 0.0
0.0206732 4.74792e-05 0.0
0.0206765 3.99695e-05 0.0
0.0206791 3.15328e-05 0.0
0.0206809 2.21473e-05 0.0
0.020682 1.14748e-05 0.0
0.0206822 -6.28426e-08 0.0
0.0206819 -6.30061e-06 0.0
0.0 0.0 0.0
0.0 0.0 0.0
0.0193086 3.17521e-05 0.0
0.0193203 7.91732e-05 0.0
0.0193429 0.000129118 0.0
0.0193662 0.000185052 0.0
0.019398 0.000231011 0.0
0.019443 0.000267615 0.0
0.0194895 0.000315258 0.0
0.0195412 0.000360672 0.0
0.0196027 0.000384706 0.0
0.0196668 0.00041436 0.0
0.0197328 0.000452291 0.0
0.0198054 0.000471119 0.0
0.0198791 0.000482797 0.0
0.0199539 0.000506024 0.0
0.0200321 0.000520476 0.0
0.02011 0.000522902 0.0
0.0201876 0.000529226 0.0
0.0202673 0.000536875 0.0
0.0203453 0.00053486 0.0
0.0204212 0.000530411 0.0
0.0204984 0.000528097 0.0
0.0205743 0.000522899 0.0
0.0206458 0.000512752 0.0
0.0207169 0.000502595 0.0
0.020788 0.000492106 0.0
0.0208544 0.000479033 0.0
0.0209175 0.000463677 0.0
0.0209805 0.00044801 0.0
0.0210405 0.000431168 0.0
0.0210953 0.000412559 0.0
0.0211479 0.000392372 0.0
0.0211988 0.000371201 0.0
0.0212449 0.000348692 0.0
0.0212863 0.000324593 0.0
0.0213255 0.000298568 0.0
0.0213608 0.000270981 0.0
0.0213906 0.000241836 0.0
0.0214162 0.00021037 0.0
0.0214381 0.000176085 0.0
0.0214544 0.000139747 0.0
0.0214647 0.000100894 0.0
0.0214703 5.79397e-05 0.0
0.02147 1.11356e-05 0.0
0.0214624 -3.86366e-05 0.0
0.0214483 -9.35884e-05 0.0
0.0214274 -0.000155287 0.0
0.0213976 -0.000221978 0.0
0.0213589 -0.000294664 0.0
0.021312 -0.000377862 0.0
0.0212543 -0.000470802 0.0
0.0211843 -0.000572016 0.0
0.0211035 -0.000687566 0.0
0.0210099 -0.00082179 0.0
0.0208999 -0.000970824 0.0
0.0207754 -0.00114088 0.0
0.0206345 -0.00134189 0.0
0.0204739 -0.00157482 0.0
0.0202982 -0.0018437 0.0
0.0201032 -0.0021701 0.0
0.0198783 -0.00255151 0.0
0.0196617 -0.0030157 0.0
0.019467 -0.00359618 0.0
0.0192128 -0.00429542 0.0
0.0189776 -0.00509762 0.0
0.0190885 -0.00625708 0.0
0.0193947 -0.00725924 0.0
0.0195617 -0.00831416 0.0
0.0198743 -0.00911643 0.0
0.0200739 -0.00859455 0.0
0.0199994 -0.00826362 0.0
0.0193849 -0.00685268 0.0
0.017674 -0.00566436 0.0
0.0155649 -0.0047012 0.0
0.0136936 -0.0032622 0.0
0.0119596 -0.00165898 0.0
0.0105053 -0.000936592 0.0
0.00936337 -0.000435389 0.0
0.00817867 -0.000508158 0.0
0.00696138 -0.000961298 0.0
0.00599789 -0.00126191 0.0
0.00497445 -0.0006376 0.0
0.00392888 3.49496e-05 0.0
0.00344602 0.000236656 0.0
0.00329518 0.000288335 0.0
0.00319226 0.000291807 0.0
0.00307771 0.000269815 0.0
0.00298643 0.000300614 0.0
0.00293311 0.00030192 0.0
0.00288371 0.000300027 0.0
0.0028411 0.000298823 0.0
0.00281292 0.000306747 0.0
0.00279321 0.000302698 0.0
0.00277455 0.000300481 0.0
0.0027619 0.000300124 0.0
0.00275595 0.000300264 0.0
0.00275292 0.000295924 0.0
0.00275125 0.000292778 0.0
0.00275389 0.000291914 0.0
0.00276056 0.000288502 0.0
0.00276898 0.000283848 0.0
0.00277775 0.00027932 0.0
0.00279421 0.000282087 0.0
0.00281451 0.000271063 0.0
0.00282795 0.000264 0.0
0.00283799 0.000263365 0.0
0.00294136 0.000323588 0.0
0.00329907 0.000666513 0.0
0.00367818 0.00118788 0.0
0.00410316 0.00112064 0.0
0.00472809 0.000760763 0.0
0.00523732 0.000605077 0.0
0.00555334 0.000572976 0.0
0.00580492 0.000494405 0.0
0.00604696 0.000436125 0.0
0.00625304 0.000418694 0.0
0.0064353 0.000397769 0.0
0.00661667 0.000359724 0.0
0.00679614 0.000394327 0.0
0.00701449 0.000497055 0.0
0.00720538 0.000938566 0.0
0.00734605 0.00124707 0.0
0.00748389 0.00139549 0.0
0.00769762 0.00109131 0.0
0.00800323 0.00090147 0.0
0.00828522 0.000768051 0.0
0.00853971 0.000686504 0.0
0.00878359 0.000609461 0.0
0.0089996 0.000546865 0.0
0.00918156 0.000504671 0.0
0.00935413 0.000474596 0.0
0.00952787 0.000448089 0.0
0.00968838 0.000432721 0.0
0.00982706 0.000431217 0.0
0.00998487 0.000415393 0.0
0.0101866 0.000516318 0.0
0.0104091 0.000650194 0.0
0.0105549 0.00087464 0.0
0.0105237 0.0011266 0.0
0.0104141 0.00121771 0.0
0.010426 0.0011398 0.0
0.0105852 0.00105138 0.0
0.0107933 0.000888041 0.0
0.0109847 0.000790815 0.0
0.0111544 0.000710375 0.0
0.0113309 0.000642231 0.0
0.0115072 0.00058148 0.0
0.0116634 0.000540183 0.0
0.0118052 0.000504833 0.0
0.0119469 0.000476593 0.0
0.0120838 0.000456093 0.0
0.0122121 0.000445017 0.0
0.0123406 0.000436703 0.0
0.0124733 0.000435622 0.0
0.0126059 0.000443782 0.0
0.0127422 0.000463902 0.0
0.0128932 0.000484786 0.0
0.0130599 0.0005401 0.0
0.013252 0.000598975 0.0
0.0134478 0.000748747 0.0
0.013608 0.000983885 0.0
0.0137841 0.00122417 0.0
0.0139105 0.00158347 0.0
0.0139459 0.00183836 0.0
0.0139622 0.00209161 0.0
0.0139403 0.00231567 0.0
0.0139296 0.0024107 0.0
0.0139545 0.00248727 0.0
0.013987 0.00249866 0.0
0.0140568 0.00249856 0.0
0.0141686 0.00245564 0.0
0.0143025 0.00237972 0.0
0.0144464 0.00231216 0.0
0.014608 0.00224586 0.0
0.0147872 0.00217076 0.0
0.0149682 0.00209566 0.0
0.0151441 0.0020277 0.0
0.0153227 0.00195951 0.0
0.0155048 0.00189163 0.0
0.0156818 0.00182728 0.0
0.0158524 0.00176592 0.0
0.0160213 0.00170511 0.0
0.0161873 0.00164667 0.0
0.0163467 0.00159092 0.0
0.0165006 0.00153681 0.0
0.016651 0.00148411 0.0
0.0167964 0.00143378 0.0
0.0169357 0.00138533 0.0
0.0170703 0.00133834 0.0
0.0172006 0.00129306 0.0
0.0173257 0.00124973 0.0
0.0174457 0.00120791 0.0
0.0175616 0.00116755 0.0
0.0176731 0.00112883 0.0
0.01778 0.00109169 0.0
0.0178828 0.00105587 0.0
0.0179817 0.00102146 0.0
0.0180768 0.000988471 0.0
0.0181681 0.000956778 0.0
0.0182559 0.000926289 0.0
0.0183404 0.000897045 0.0
0.0184216 0.00086899 0.0
0.0184996 0.000842027 0.0
0.0185748 0.000816122 0.0
0.0186472 0.00079127 0.0
0.0187169 0.000767398 0.0
0.0187841 0.000744447 0.0
0.0188488 0.000722394 0.0
0.0189113 0.000701206 0.0
0.0189715 0.000680823 0.0
0.0190296 0.000661207 0.0
0.0190858 0.000642333 0.0
0.0191401 0.000624161 0.0
0.0191926 0.000606646 0.0
0.0192434 0.000589763 0.0
0.0192926 0.000573483 0.0
0.0193402 0.000557769 0.0
0.0193864 0.000542592 0.0
0.0194312 0.00052793 0.0
0.0194746 0.000513754 0.0
0.0195168 0.000500038 0.0
0.0195578 0.000486759 0.0
0.0195977 0.000473898 0.0
0.0196364 0.000461432 0.0
0.0196741 0.000449342 0.0
0.0197108 0.00043761 0.0
0.0197466 0.000426219 0.0
0.0197815 0.000415153 0.0
0.0198154 0.000404397 0.0
0.0198486 0.000393937 0.0
0.0198809 0.000383761 0.0
0.0199125 0.000373855 0.0
0.0199434 0.00036421 0.0
0.0199736 0.000354814 0.0
0.020003 0.000345658 0.0
0.0200319 0.000336733 0.0
0.0200601 0.00032803 0.0
0.0200877 0.000319542 0.0
0.0201147 0.000311261 0.0
0.0201412 0.000303181 0.0
0.0201671 0.000295296 0.0
0.0201926 0.000287599 0.0
0.0202175 0.000280086 0.0
0.0202419 0.000272751 0.0
0.0202659 0.000265589 0.0
0.0202894 0.000258598 0.0
0.0203124 0.000251771 0.0
0.0203351 0.000245107 0.0
0.0203573 0.0002386 0.0
0.0203791 0.000232248 0.0
0.0204005 0.000226047 0.0
0.0204215 0.000219995 0.0
0.0204422 0.000214088 0.0
0.0204625 0.000208324 0.0
0.0204824 0.000202701 0.0
0.020502 0.000197214 0.0
0.0205213 0.000191862 0.0
0.0205402 0.000186642 0.0
0.0205588 0.000181552 0.0
0.0205771 0.000176589 0.0
0.020595 0.00017175 0.0
0.0206127 0.000167032 0.0
0.02063 0.000162432 0.0
0.020647 0.000157948 0.0
0.0206638 0.000153577 0.0
0.0206802 0.000149314 0.0
0.0206963 0.000145156 0.0
0.0207122 0.000141099 0.0
0.0207277 0.000137139 0.0
0.020743 0.000133271 0.0
0.020758 0.00012949 0.0
0.0207726 0.000125791 0.0
0.020787 0.000122165 0.0
0.0208011 0.000118609 0.0
0.0208149 0.000115112 0.0
0.0208283 0.000111667 0.0
0.0208415 0.000108262 0.0
0.0208543 0.00010489 0.0
0.0208668 0.000101533 0.0
0.020879 9.81831e-05 0.0
0.0208908 9.48187e-05 0.0
0.0209022 9.14271e-05 0.0
0.0209132 8.79806e-05 0.0
0.0209239 8.44649e-05 0.0
0.0209341 8.08411e-05 0.0
0.0209438 7.70914e-05 0.0
0.0209531 7.31629e-05 0.0
0.0209619 6.90351e-05 0.0
0.0209701 6.46313e-05 0.0
0.0209777 5.99285e-05 0.0
0.0209847 5.48177e-05 0.0
0.020991 4.92733e-05 0.0
0.0209966 4.3134e-05 0.0
0.0210013 3.63757e-05 0.0
0.0210052 2.87593e-05 0.0
0.021008 2.0267e-05 0.0
0.0210099 1.05597e-05 0.0
0.0210105 -1.51949e-08 0.0
0.0210102 -5.76152e-06 0.0
0.0 0.0 0.0
0.0 0.0 0.0
0.0193166 2.72875e-05 0.0
0.0193263 6.57993e-05 0.0
0.0193373 0.000110026 0.0
0.0193614 0.000156097 0.0
0.0193968 0.000191852 0.0
0.0194315 0.000229018 0.0
0.0194719 0.000269771 0.0
0.0195268 0.000298835 0.0
0.0195827 0.000325876 0.0
0.0196375 0.00035921 0.0
0.0197019 0.000379862 0.0
0.0197721 0.000395122 0.0
0.0198396 0.000418107 0.0
0.0199095 0.000433059 0.0
0.019984 0.000437476 0.0
0.020059 0.000448557 0.0
0.020133 0.000457859 0.0
0.0202072 0.00045672 0.0
0.0202821 0.000456173 0.0
0.0203573 0.000458982 0.0
0.0204302 0.00045475 0.0
0.0205011 0.000447191 0.0
0.0205724 0.000442248 0.0
0.0206426 0.000435423 0.0
0.0207087 0.000424022 0.0
0.0207728 0.000413154 0.0
0.0208368 0.000402335 0.0
0.0208977 0.000388658 0.0
0.020954 0.000373496 0.0
0.0210087 0.000358604 0.0
0.0210618 0.000342017 0.0
0.0211104 0.000323614 0.0
0.0211545 0.00030455 0.0
0.0211967 0.000284375 0.0
0.0212357 0.000262226 0.0
0.0212689 0.000238778 0.0
0.021298 0.000213873 0.0
0.0213244 0.000186863 0.0
0.0213452 0.000157831 0.0
0.0213594 0.000126725 0.0
0.0213696 9.28193e-05 0.0
0.021375 5.6113e-05 0.0
0.0213718 1.63878e-05 0.0
0.0213618 -2.73941e-05 0.0
0.0213472 -7.53743e-05 0.0
0.021323 -0.00012755 0.0
0.0212873 -0.000185755 0.0
0.0212457 -0.000250834 0.0
0.0211954 -0.000322012 0.0
0.0211272 -0.000401879 0.0
0.0210471 -0.000493725 0.0
0.020961 -0.000595645 0.0
0.0208535 -0.000709827 0.0
0.0207193 -0.000845234 0.0
0.0205782 -0.00100097 0.0
0.0204211 -0.00117369 0.0
0.0202178 -0.00138445 0.0
0.0199883 -0.00164305 0.0
0.0197595 -0.00193102 0.0
0.0194824 -0.00227849 0.0
0.0191351 -0.00275979 0.0
0.0187834 -0.00331809 0.0
0.0184562 -0.0039478 0.0
0.0181106 -0.00491353 0.0
0.0177605 -0.00628373 0.0
0.0175058 -0.00734123 0.0
0.0177492 -0.00870299 0.0
0.0181937 -0.0090785 0.0
0.0179511 -0.00865799 0.0
0.0164125 -0.00696763 0.0
0.0137553 -0.00508746 0.0
0.0106793 -0.00292544 0.0
0.00824359 -0.00260427 0.0
0.00626897 -0.0011882 0.0
0.00442219 -0.000154841 0.0
0.00343286 0.000117823 0.0
0.00300317 0.000287716 0.0
0.00273904 0.000300274 0.0
0.00227938 0.000114689 0.0
0.00125053 -8.33019e-05 0.0
0.0 0.0 0.0
0.0 0.0 0.0
0.0 0.0 0.0
0.0 0.0 0.0
0.0 0.0 0.0
0.0 0.0 0.0
0.0 0.0 0.0
0.0 0.0 0.0
0.0 0.0 0.0
0.0 0.0 0.0
0.0 0.0 0.0
0.0 0.0 0.0
0.0 0.0 0.0
0.0 0.0 0.0
0.0 0.0 0.0
0.0 0.0 0.0
0.0 0.0 0.0
0.0 0.0 0.0
0.0 0.0 0.0
0.0 0.0 0.0
0.0 0.0 0.0
0.0 0.0 0.0
0.0 0.0 0.0
0.0 0.0 0.0
0.0 0.0 0.0
0.0 0.0 0.0
0.0 0.0 0.0
0.000453493 0.000554006 0.0
0.0012037 0.000436321 0.0
0.00152384 0.00031165 0.0
0.00167909 0.000293835 0.0
0.00186549 0.000327179 0.0
0.00202975 0.000292671 0.0
0.00212132 0.000270482 0.0
0.002203 0.000274396 0.0
0.00228862 0.000267712 0.0
0.00234995 0.000250343 0.0
0.00239209 0.000247745 0.0
0.00251885 0.000304403 0.0
0.00287408 0.000612512 0.0
0.00324149 0.0010769 0.0
0.00364289 0.00101462 0.0
0.00422117 0.000689711 0.0
0.0046916 0.000546313 0.0
0.00498145 0.000514449 0.0
0.00520935 0.000444117 0.0
0.00542965 0.000390863 0.0
0.00561243 0.000364431 0.0
0.00575846 0.000346181 0.0
0.00589551 0.000319381 0.0
0.00601987 0.000301986 0.0
0.00612914 0.000302107 0.0
0.00624605 0.000289971 0.0
0.00637172 0.000269039 0.0
0.00649714 0.000309847 0.0
0.00666928 0.000413621 0.0
0.00682552 0.000839261 0.0
0.00693698 0.00113116 0.0
0.00705143 0.00125833 0.0
0.00723887 0.000971898 0.0
0.00750981 0.000792657 0.0
0.00775965 0.000667727 0.0
0.00798518 0.000590059 0.0
0.00819879 0.000518451 0.0
0.00838435 0.000460488 0.0
0.00854189 0.000419515 0.0
0.00869117 0.000390836 0.0
0.0088328 0.000364923 0.0
0.00895893 0.000343825 0.0
0.00907479 0.000330813 0.0
0.00919197 0.000320961 0.0
0.00930949 0.000313598 0.0
0.00941965 0.000312677 0.0
0.00953236 0.000315847 0.0
0.00966427 0.000323063 0.0
0.00980526 0.000340395 0.0
0.00994097 0.0003702 0.0
0.010116 0.000389699 0.0
0.0103636 0.000544196 0.0
0.0106601 0.00074869 0.0
0.0109068 0.00106593 0.0
0.010973 0.00150518 0.0
0.0109324 0.00184236 0.0
0.0109993 0.0020276 0.0
0.0111558 0.0022777 0.0
0.0113087 0.0023361 0.0
0.0114435 0.00241489 0.0
0.0115543 0.00242547 0.0
0.0117243 0.002344 0.0
0.0119665 0.00226329 0.0
0.0122265 0.0021878 0.0
0.0124867 0.00210754 0.0
0.0127548 0.00202191 0.0
0.0130238 0.00194636 0.0
0.0132894 0.00187684 0.0
0.0135536 0.00180851 0.0
0.0138121 0.00174096 0.0
0.0140607 0.00167939 0.0
0.014303 0.00162118 0.0
0.0145404 0.00156409 0.0
0.0147689 0.00150891 0.0
0.0149883 0.00145741 0.0
0.0152014 0.00140778 0.0
0.0154076 0.00135937 0.0
0.0156052 0.00131303 0.0
0.0157955 0.00126909 0.0
0.0159795 0.00122646 0.0
0.0161564 0.00118522 0.0
0.0163261 0.00114584 0.0
0.0164896 0.00110812 0.0
0.0166472 0.00107159 0.0
0.0167984 0.00103646 0.0
0.0169437 0.00100286 0.0
0.0170836 0.000970551 0.0
0.0172182 0.000939364 0.0
0.0173474 0.000909465 0.0
0.0174718 0.000880806 0.0
0.0175915 0.00085321 0.0
0.0177066 0.000826658 0.0
0.0178174 0.000801208 0.0
0.017924 0.00077676 0.0
0.0180267 0.000753224 0.0
0.0181256 0.000730607 0.0
0.0182209 0.000708896 0.0
0.0183128 0.000688005 0.0
0.0184015 0.000667894 0.0
0.0184869 0.000648556 0.0
0.0185694 0.000629951 0.0
0.0186491 0.000612022 0.0
0.018726 0.000594745 0.0
0.0188004 0.000578102 0.0
0.0188723 0.000562051 0.0
0.0189419 0.000546555 0.0
0.0190092 0.000531596 0.0
0.0190744 0.000517149 0.0
0.0191376 0.00050318 0.0
0.0191989 0.000489666 0.0
0.0192583 0.00047659 0.0
0.0193159 0.000463926 0.0
0.0193718 0.000451652 0.0
0.0194261 0.00043975 0.0
0.0194789 0.000428204 0.0
0.0195303 0.000416994 0.0
0.0195802 0.000406103 0.0
0.0196287 0.000395519 0.0
0.019676 0.000385227 0.0
0.019722 0.000375212 0.0
0.0197669 0.000365463 0.0
0.0198106 0.000355969 0.0
0.0198532 0.000346719 0.0
0.0198948 0.000337702 0.0
0.0199353 0.000328911 0.0
0.0199749 0.000320336 0.0
0.0200136 0.000311969 0.0
0.0200514 0.000303803 0.0
0.0200883 0.000295831 0.0
0.0201243 0.000288048 0.0
0.0201596 0.000280447 0.0
0.0201941 0.000273023 0.0
0.0202278 0.000265771 0.0
0.0202609 0.000258686 0.0
0.0202932 0.000251765 0.0
0.0203248 0.000245003 0.0
0.0203558 0.000238397 0.0
0.0203862 0.000231943 0.0
0.0204159 0.000225639 0.0
0.020445 0.000219481 0.0
0.0204736 0.000213466 0.0
0.0205016 0.000207592 0.0
0.020529 0.000201857 0.0
0.020556 0.000196258 0.0
0.0205824 0.000190792 0.0
0.0206082 0.000185459 0.0
0.0206336 0.000180256 0.0
0.0206586 0.00017518 0.0
0.020683 0.000170229 0.0
0.020707 0.000165403 0.0
0.0207305 0.000160698 0.0
0.0207536 0.000156113 0.0
0.0207763 0.000151645 0.0
0.0207985 0.000147293 0.0
0.0208203 0.000143053 0.0
0.0208417 0.000138924 0.0
0.0208627 0.000134903 0.0
0.0208834 0.000130987 0.0
0.0209036 0.000127173 0.0
0.0209234 0.000123458 0.0
0.0209428 0.000119838 0.0
0.0209619 0.00011631 0.0
0.0209805 0.000112868 0.0
0.0209988 0.000109509 0.0
0.0210167 0.000106227 0.0
0.0210342 0.000103015 0.0
0.0210513 9.98675e-05 0.0
0.021068 9.6777e-05 0.0
0.0210843 9.37338e-05 0.0
0.0211002 9.07306e-05 0.0
0.0211157 8.77538e-05 0.0
0.0211308 8.47942e-05 0.0
0.0211454 8.18343e-05 0.0
0.0211596 7.88633e-05 0.0
0.0211733 7.5856e-05 0.0
0.0211865 7.27999e-05 0.0
0.0211992 6.96613e-05 0.0
0.0212114 6.64246e-05 0.0
0.021223 6.30413e-05 0.0
0.0212339 5.94948e-05 0.0
0.0212442 5.57161e-05 0.0
0.0212538 5.16848e-05 0.0
0.0212627 4.73014e-05 0.0
0.0212707 4.25455e-05 0.0
0.0212778 3.72687e-05 0.0
0.0212839 3.14511e-05 0.0
0.0212889 2.48716e-05 0.0
0.0212928 1.75179e-05 0.0
0.0212953 9.068e-06 0.0
0.0212963 -2.04655e-07 0.0
0.0212962 -5.26676e-06 0.0
0.0 0.0 0.0
0.0 0.0 0.0
0.0193165 1.85563e-05 0.0
0.0193219 5.82657e-05 0.0
0.0193364 9.40956e-05 0.0
0.0193613 0.000123257 0.0
0.0193893 0.000158512 0.0
0.0194227 0.000195799 0.0
0.0194659 0.000220306 0.0
0.019513 0.000244206 0.0
0.0195621 0.00027647 0.0
0.0196199 0.000298705 0.0
0.0196811 0.000311491 0.0
0.0197417 0.000332904 0.0
0.0198078 0.000351184 0.0
0.0198778 0.000358013 0.0
0.0199461 0.000367017 0.0
0.0200162 0.000378658 0.0
0.0200889 0.000382042 0.0
0.0201606 0.000382743 0.0
0.0202318 0.000385687 0.0
0.0203038 0.000386066 0.0
0.0203742 0.000382062 0.0
0.0204435 0.000378209 0.0
0.0205126 0.000374014 0.0
0.0205793 0.000367519 0.0
0.0206436 0.000359221 0.0
0.0207076 0.000350709 0.0
0.0207692 0.00034124 0.0
0.0208268 0.00033043 0.0
0.0208829 0.000318405 0.0
0.0209375 0.000305722 0.0
0.0209877 0.000292181 0.0
0.0210343 0.000277553 0.0
0.0210792 0.000261573 0.0
0.0211205 0.000244659 0.0
0.0211567 0.000226863 0.0
0.0211895 0.000207621 0.0
0.0212192 0.000186541 0.0
0.0212432 0.000164268 0.0
0.021262 0.0001407 0.0
0.0212768 0.000114642 0.0
0.0212858 8.60646e-05 0.0
0.0212876 5.59584e-05 0.0
0.0212837 2.32064e-05 0.0
0.0212735 -1.38894e-05 0.0
0.021254 -5.40727e-05 0.0
0.0212259 -9.69233e-05 0.0
0.0211905 -0.000145695 0.0
0.0211435 -0.00020113 0.0
0.021083 -0.000260387 0.0
0.0210127 -0.000326498 0.0
0.020929 -0.000404562 0.0
0.0208246 -0.000491683 0.0
0.0207036 -0.000586676 0.0
0.0205674 -0.000699993 0.0
0.0204022 -0.000834507 0.0
0.0202053 -0.000984305 0.0
0.0199881 -0.00115988 0.0
0.0197337 -0.00137957 0.0
0.0194221 -0.00164073 0.0
0.0190709 -0.00195252 0.0
0.0186756 -0.00235025 0.0
0.0181903 -0.00286289 0.0
0.0176471 -0.00352996 0.0
0.0170301 -0.00443584 0.0
0.0162508 -0.00561006 0.0
0.015669 -0.00724384 0.0
0.0157438 -0.00913326 0.0
0.0150583 -0.00833839 0.0
0.0126347 -0.00710672 0.0
0.00942426 -0.00404438 0.0
0.00633392 -0.00177147 0.0
0.00393184 -0.000300199 0.0
0.00181631 -0.000329472 0.0
0.0 0.0 0.0
0.0 0.0 0.0
0.0 0.0 0.0
0.0 0.0 0.0
0.0 0.0 0.0
0.0 0.0 0.0
0.0 0.0 0.0
0.0 0.0 0.0
0.0 0.0 0.0
0.0 0.0 0.0
0.0 0.0 0.0
0.0 0.0 0.0
0.0 0.0 0.0
0.0 0.0 0.0
0.0 0.0 0.0
0.0 0.0 0.0
0.0 0.0 0.0
0.0 0.0 0.0
0.0 0.0 0.0
0.0 0.0 0.0
0.0 0.0 0.0
0.0 0.0 0.0
0.0 0.0 0.0
0.0 0.0 0.0
0.0 0.0 0.0
0.0 0.0 0.0
0.0 0.0 0.0
0.0 0.0 0.0
0.0 0.0 0.0
0.0 0.0 0.0
0.0 0.0 0.0
0.0 0.0 0.0
0.0 0.0 0.0
0.0 0.0 0.0
0.0 0.0 0.0
0.0 0.0 0.0
0.0 0.0 0.0
0.0 0.0 0.0
0.0 0.0 0.0
0.0 0.0 0.0
0.0 0.0 0.0
0.0 0.0 0.0
0.0 0.0 0.0
0.0 0.0 0.0
0.0 0.0 0.0
0.0 0.0 0.0
0.0 0.0 0.0
0.000406767 0.00049867 0.0
0.00108269 0.000392618 0.0
0.00137162 0.000279788 0.0
0.00151158 0.000262767 0.0
0.00167938 0.000292735 0.0
0.00182713 0.000261948 0.0
0.00191001 0.000241937 0.0
0.00198 0.000241391 0.0
0.0020525 0.000240153 0.0
0.0021096 0.000226306 0.0
0.00215176 0.000219398 0.0
0.00219854 0.000222136 0.0
0.00224384 0.000210404 0.0
0.00227468 0.000200834 0.0
0.00229936 0.000200467 0.0
0.00240607 0.000253969 0.0
0.0027301 0.000547246 0.0
0.00307231 0.000979463 0.0
0.00344793 0.0009122 0.0
0.00398007 0.000608928 0.0
0.00440764 0.000474547 0.0
0.00466855 0.00044247 0.0
0.00487108 0.000376241 0.0
0.00506548 0.000328589 0.0
0.00522638 0.000302657 0.0
0.00535187 0.000284675 0.0
0.00546576 0.000260451 0.0
0.00557126 0.000248132 0.0
0.00566363 0.000238984 0.0
0.00574953 0.000229925 0.0
0.00583385 0.00021858 0.0
0.00591409 0.000216481 0.0
0.00599451 0.000214532 0.0
0.00608171 0.000209871 0.0
0.00617018 0.000204965 0.0
0.00626145 0.000220183 0.0
0.00637701 0.000220807 0.0
0.00652188 0.000213416 0.0
0.00668823 0.000280928 0.0
0.0069182 0.000423515 0.0
0.0071582 0.000927119 0.0
0.00741699 0.00138468 0.0
0.0077604 0.00174048 0.0
0.00811628 0.00183038 0.0
0.00837677 0.00203253 0.0
0.00851925 0.00219587 0.0
0.00872761 0.00221748 0.0
0.00908878 0.00217412 0.0
0.0094936 0.00204643 0.0
0.00986804 0.00194719 0.0
0.0102405 0.00186385 0.0
0.0106352 0.00177932 0.0
0.0110254 0.00169862 0.0
0.0113899 0.00163327 0.0
0.0117409 0.0015687 0.0
0.0120874 0.00150678 0.0
0.0124206 0.00145154 0.0
0.0127373 0.00140065 0.0
0.0130435 0.00134953 0.0
0.0133401 0.00130187 0.0
0.0136236 0.00125798 0.0
0.0138953 0.00121527 0.0
0.0141579 0.00117344 0.0
0.0144105 0.00113446 0.0
0.0146521 0.00109731 0.0
0.0148846 0.00106093 0.0
0.0151087 0.00102598 0.0
0.0153237 0.000992999 0.0
0.0155299 0.000961079 0.0
0.0157285 0.00093008 0.0
0.0159195 0.000900501 0.0
0.0161029 0.000872247 0.0
0.0162791 0.000844845 0.0
0.0164487 0.000818452 0.0
0.0166118 0.000793243 0.0
0.0167685 0.000768994 0.0
0.0169193 0.000745547 0.0
0.0170646 0.000723048 0.0
0.0172043 0.00070148 0.0
0.0173387 0.000680679 0.0
0.0174683 0.000660627 0.0
0.0175931 0.000641382 0.0
0.0177133 0.000622869 0.0
0.0178293 0.000605003 0.0
0.0179411 0.000587797 0.0
0.018049 0.000571247 0.0
0.0181531 0.000555281 0.0
0.0182536 0.000539867 0.0
0.0183507 0.000525006 0.0
0.0184446 0.000510667 0.0
0.0185353 0.000496805 0.0
0.018623 0.000483403 0.0
0.0187079 0.000470452 0.0
0.0187901 0.000457918 0.0
0.0188697 0.000445775 0.0
0.0189469 0.000434011 0.0
0.0190216 0.00042261 0.0
0.0190941 0.000411545 0.0
0.0191645 0.000400801 0.0
0.0192328 0.000390367 0.0
0.0192991 0.000380225 0.0
0.0193635 0.00037036 0.0
0.0194261 0.000360759 0.0
0.0194869 0.000351412 0.0
0.0195461 0.000342306 0.0
0.0196037 0.000333428 0.0
0.0196598 0.000324772 0.0
0.0197144 0.000316328 0.0
0.0197676 0.000308085 0.0
0.0198194 0.000300037 0.0
0.01987 0.000292176 0.0
0.0199193 0.000284496 0.0
0.0199673 0.000276991 0.0
0.0200142 0.000269654 0.0
0.02006 0.000262481 0.0
0.0201047 0.000255466 0.0
0.0201484 0.000248605 0.0
0.0201911 0.000241895 0.0
0.0202327 0.000235331 0.0
0.0202735 0.00022891 0.0
0.0203133 0.00022263 0.0
0.0203523 0.000216486 0.0
0.0203904 0.000210477 0.0
0.0204277 0.0002046 0.0
0.0204642 0.000198853 0.0
0.0204999 0.000193234 0.0
0.0205349 0.000187741 0.0
0.0205692 0.000182373 0.0
0.0206027 0.000177127 0.0
0.0206355 0.000172002 0.0
0.0206677 0.000166997 0.0
0.0206993 0.00016211 0.0
0.0207302 0.00015734 0.0
0.0207604 0.000152687 0.0
0.0207901 0.000148147 0.0
0.0208192 0.000143721 0.0
0.0208477 0.000139406 0.0
0.0208757 0.000135203 0.0
0.0209031 0.000131108 0.0
0.02093 0.000127121 0.0
0.0209563 0.000123241 0.0
0.0209822 0.000119465 0.0
0.0210075 0.000115793 0.0
0.0210323 0.000112222 0.0
0.0210566 0.000108749 0.0
0.0210805 0.000105374 0.0
0.0211038 0.000102093 0.0
0.0211267 9.89039e-05 0.0
0.0211491 9.58036e-05 0.0
0.0211711 9.27883e-05 0.0
0.0211926 8.98548e-05 0.0
0.0212136 8.69982e-05 0.0
0.0212342 8.42146e-05 0.0
0.0212542 8.14975e-05 0.0
0.0212739 7.88422e-05 0.0
0.021293 7.62402e-05 0.0
0.0213117 7.36856e-05 0.0
0.0213298 7.11673e-05 0.0
0.0213475 6.8678e-05 0.0
0.0213647 6.62024e-05 0.0
0.0213813 6.3732e-05 0.0
0.0213974 6.12462e-05 0.0
0.0214129 5.8734e-05 0.0
0.0214278 5.61667e-05 0.0
0.0214421 5.35322e-05 0.0
0.0214557 5.07891e-05 0.0
0.0214686 4.79229e-05 0.0
0.0214808 4.48749e-05 0.0
0.0214921 4.16293e-05 0.0
0.0215026 3.80991e-05 0.0
0.0215121 3.42678e-05 0.0
0.0215206 3.00071e-05 0.0
0.021528 2.53019e-05 0.0
0.0215341 1.99571e-05 0.0
0.0215388 1.39658e-05 0.0
0.021542 7.04064e-06 0.0
0.0215434 -6.15162e-07 0.0
0.0215433 -4.81272e-06 0.0
0.0 0.0 0.0
0.0 0.0 0.0
0.0193148 1.56657e-05 0.0
0.0193226 4.64326e-05 0.0
0.0193389 7.41603e-05 0.0
0.0193582 0.000100938 0.0
0.0193825 0.000130178 0.0
0.0194184 0.000154435 0.0
0.0194589 0.000176313 0.0
0.0194999 0.000202705 0.0
0.0195486 0.000222529 0.0
0.0196047 0.000236033 0.0
0.0196605 0.00025637 0.0
0.0197192 0.000273648 0.0
0.0197834 0.00027931 0.0
0.0198493 0.000290221 0.0
0.0199153 0.000304037 0.0
0.0199833 0.000306628 0.0
0.0200525 0.000307681 0.0
0.0201225 0.000315459 0.0
0.0201918 0.00031719 0.0
0.0202603 0.000312824 0.0
0.0203292 0.000312652 0.0
0.0203977 0.000312821 0.0
0.0204635 0.000306704 0.0
0.020528 0.000300638 0.0
0.0205924 0.000296918 0.0
0.0206544 0.000290349 0.0
0.020713 0.000281134 0.0
0.0207702 0.000273295 0.0
0.0208261 0.000265012 0.0
0.0208781 0.000254402 0.0
0.0209266 0.000243265 0.0
0.0209734 0.0002323 0.0
0.0210172 0.000219926 0.0
0.0210562 0.000206352 0.0
0.0210916 0.000192227 0.0
0.0211243 0.000177095 0.0
0.0211523 0.000160687 0.0
0.0211746 0.000143155 0.0
0.0211929 0.000124096 0.0
0.0212069 0.000103558 0.0
0.0212137 8.16452e-05 0.0
0.0212138 5.74176e-05 0.0
0.0212091 3.07277e-05 0.0
0.0211968 2.33287e-06 0.0
0.0211739 -2.88922e-05 0.0
0.0211438 -6.45222e-05 0.0
0.0211062 -0.00010303 0.0
0.021054 -0.000144677 0.0
0.0209883 -0.000193004 0.0
0.0209145 -0.000247828 0.0
0.0208242 -0.000306256 0.0
0.0207085 -0.000373867 0.0
0.0205787 -0.00045462 0.0
0.0204338 -0.000543319 0.0
0.0202493 -0.000642544 0.0
0.0200281 -0.000767805 0.0
0.0197927 -0.000913206 0.0
0.0195083 -0.00107531 0.0
0.0191389 -0.00128304 0.0
0.0187292 -0.00155352 0.0
0.0182772 -0.00185586 0.0
0.0176533 -0.00226373 0.0
0.0168676 -0.00286034 0.0
0.0160567 -0.00360878 0.0
0.01504 -0.00455809 0.0
0.0134126 -0.00641983 0.0
0.0113666 -0.0080622 0.0
0.00964899 -0.00697851 0.0
0.00664453 -0.00270914 0.0
0.00251548 -0.000751919 0.0
0.0 0.0 0.0
0.0 0.0 0.0
0.0 0.0 0.0
0.0 0.0 0.0
0.0 0.0 0.0
0.0 0.0 0.0
0.0 0.0 0.0
0.0 0.0 0.0
0.0 0.0 0.0
0.0 0.0 0.0
0.0 0.0 0.0
0.0 0.0 0.0
0.0 0.0 0.0
0.0 0.0 0.0
0.0 0.0 0.0
0.0 0.0 0.0
0.0 0.0 0.0
0.0 0.0 0.0
0.0 0.0 0.0
0.0 0.0 0.0
0.0 0.0 0.0
0.0 0.0 0.0
0.0 0.0 0.0
0.0 0.0 0.0
0.0 0.0 0.0
0.0 0.0 0.0
0.0 0.0 0.0
0.0 0.0 0.0
0.0 0.0 0.0
0.0 0.0 0.0
0.0 0.0 0.0
0.0 0.0 0.0
0.0 0.0 0.0
0.0 0.0 0.0
0.0 0.0 0.0
0.0 0.0 0.0
0.0 0.0 0.0
0.0 0.0 0.0
0.0 0.0 0.0
0.0 0.0 0.0
0.0 0.0 0.0
0.0 0.0 0.0
0.0 0.0 0.0
0.0 0.0 0.0
0.0 0.0 0.0
0.0 0.0 0.0
0.0 0.0 0.0
0.0 0.0 0.0
0.0 0.0 0.0
0.0 0.0 0.0
0.0 0.0 0.0
0.0 0.0 0.0
0.0 0.0 0.0
0.0 0.0 0.0
0.0 0.0 0.0
0.0 0.0 0.0
0.0 0.0 0.0
0.0 0.0 0.0
0.0 0.0 0.0
0.0 0.0 0.0
0.0 0.0 0.0
0.0 0.0 0.0
0.0 0.0 0.0
0.0 0.0 0.0
0.0 0.0 0.0
0.0 0.0 0.0
0.0 0.0 0.0
0.000400633 0.000436281 0.0
0.00102541 0.000335747 0.0
0.00129212 0.000232067 0.0
0.00142187 0.000216413 0.0
0.00157506 0.000242411 0.0
0.00170802 0.000213652 0.0
0.00178224 0.000196242 0.0
0.00184446 0.00019451 0.0
0.00190815 0.000193713 0.0
0.00195783 0.000180903 0.0
0.00199559 0.000176273 0.0
0.00203437 0.000173748 0.0
0.00207169 0.000168861 0.0
0.00210264 0.000160959 0.0
0.0021326 0.000159428 0.0
0.00216595 0.00015516 0.0
0.00219844 0.000149142 0.0
0.0022278 0.000143332 0.0
0.00226636 0.00014787 0.0
0.00231144 0.000135768 0.0
0.002346 0.000126652 0.0
0.0023813 0.00013229 0.0
0.00252888 0.000198805 0.0
0.00293714 0.000530474 0.0
0.00340491 0.00103378 0.0
0.004002 0.00111544 0.0
0.00479337 0.00133483 0.0
0.00543586 0.00169193 0.0
0.00588613 0.00197876 0.0
0.00633874 0.00181986 0.0
0.00689302 0.00166565 0.0
0.00746645 0.00157147 0.0
0.00802881 0.00149325 0.0
0.00857643 0.00140246 0.0
0.00908116 0.00133422 0.0
0.00954898 0.00127988 0.0
0.0100076 0.00122899 0.0
0.0104501 0.00117806 0.0
0.0108615 0.00113527 0.0
0.0112523 0.00109623 0.0
0.0116325 0.00105796 0.0
0.0119952 0.00102127 0.0
0.0123379 0.000988228 0.0
0.0126679 0.000956398 0.0
0.0129865 0.00092526 0.0
0.0132898 0.000895751 0.0
0.0135796 0.000868057 0.0
0.0138593 0.00084102 0.0
0.014128 0.000814852 0.0
0.0143845 0.000789995 0.0
0.0146311 0.000766181 0.0
0.0148687 0.00074298 0.0
0.0150965 0.00072068 0.0
0.0153149 0.000699366 0.0
0.0155252 0.000678784 0.0
0.0157275 0.000658842 0.0
0.0159217 0.000639711 0.0
0.0161084 0.000621326 0.0
0.0162882 0.000603546 0.0
0.0164612 0.000586385 0.0
0.0166275 0.000569901 0.0
0.0167877 0.000554003 0.0
0.0169421 0.000538635 0.0
0.0170907 0.000523821 0.0
0.0172339 0.000509551 0.0
0.017372 0.00049576 0.0
0.0175051 0.000482428 0.0
0.0176335 0.000469563 0.0
0.0177575 0.000457133 0.0
0.0178772 0.000445098 0.0
0.0179928 0.000433452 0.0
0.0181044 0.000422185 0.0
0.0182123 0.000411267 0.0
0.0183167 0.000400676 0.0
0.0184177 0.000390405 0.0
0.0185154 0.000380438 0.0
0.01861 0.000370752 0.0
0.0187017 0.000361335 0.0
0.0187905 0.000352178 0.0
0.0188766 0.000343265 0.0
0.01896 0.000334581 0.0
0.019041 0.000326117 0.0
0.0191197 0.000317865 0.0
0.019196 0.000309811 0.0
0.0192702 0.000301946 0.0
0.0193422 0.000294263 0.0
0.0194123 0.000286754 0.0
0.0194804 0.00027941 0.0
0.0195467 0.000272225 0.0
0.0196112 0.000265194 0.0
0.019674 0.000258309 0.0
0.0197351 0.000251566 0.0
0.0197947 0.00024496 0.0
0.0198528 0.000238487 0.0
0.0199094 0.000232143 0.0
0.0199646 0.000225923 0.0
0.0200184 0.000219826 0.0
0.0200709 0.000213847 0.0
0.0201222 0.000207985 0.0
0.0201723 0.000202237 0.0
0.0202212 0.000196601 0.0
0.0202689 0.000191075 0.0
0.0203156 0.000185658 0.0
0.0203611 0.000180348 0.0
0.0204057 0.000175144 0.0
0.0204493 0.000170044 0.0
0.0204919 0.000165049 0.0
0.0205336 0.000160156 0.0
0.0205743 0.000155366 0.0
0.0206142 0.000150677 0.0
0.0206533 0.000146089 0.0
0.0206915 0.000141602 0.0
0.0207289 0.000137214 0.0
0.0207655 0.000132927 0.0
0.0208013 0.000128738 0.0
0.0208365 0.000124649 0.0
0.0208709 0.000120658 0.0
0.0209046 0.000116765 0.0
0.0209376 0.000112969 0.0
0.0209699 0.000109271 0.0
0.0210016 0.00010567 0.0
0.0210326 0.000102165 0.0
0.021063 9.87551e-05 0.0
0.0210928 9.54406e-05 0.0
0.0211221 9.22202e-05 0.0
0.0211507 8.90931e-05 0.0
0.0211787 8.60582e-05 0.0
0.0212062 8.31145e-05 0.0
0.0212331 8.02604e-05 0.0
0.0212594 7.74946e-05 0.0
0.0212852 7.48151e-05 0.0
0.0213105 7.22202e-05 0.0
0.0213352 6.97071e-05 0.0
0.0213594 6.72737e-05 0.0
0.021383 6.49166e-05 0.0
0.0214061 6.26327e-05 0.0
0.0214287 6.04175e-05 0.0
0.0214508 5.82674e-05 0.0
0.0214723 5.61763e-05 0.0
0.0214932 5.41394e-05 0.0
0.0215137 5.21483e-05 0.0
0.0215335 5.0198e-05 0.0
0.0215528 4.82762e-05 0.0
0.0215715 4.63763e-05 0.0
0.0215895 4.44826e-05 0.0
0.021607 4.25868e-05 0.0
0.0216237 4.06658e-05 0.0
0.0216398 3.87103e-05 0.0
0.0216552 3.66882e-05 0.0
0.0216697 3.4588e-05 0.0
0.0216835 3.23622e-05 0.0
0.0216963 2.99996e-05 0.0
0.0217082 2.74302e-05 0.0
0.021719 2.46415e-05 0.0
0.0217286 2.15292e-05 0.0
0.021737 1.80837e-05 0.0
0.021744 1.41451e-05 0.0
0.0217495 9.71074e-06 0.0
0.0217532 4.54196e-06 0.0
0.0217549 -1.22118e-06 0.0
0.0217549 -4.39412e-06 0.0
0.0 0.0 0.0
0.0 0.0 0.0
0.0193144 1.39785e-05 0.0
0.0193229 3.35819e-05 0.0
0.0193365 5.57054e-05 0.0
0.0193552 8.05629e-05 0.0
0.0193824 9.96353e-05 0.0
0.0194147 0.000116646 0.0
0.0194494 0.000138708 0.0
0.0194927 0.000157138 0.0
0.0195417 0.00016891 0.0
0.0195906 0.000184827 0.0
0.0196443 0.000200584 0.0
0.0197052 0.000208733 0.0
0.0197654 0.000217657 0.0
0.0198262 0.000228936 0.0
0.0198923 0.000234156 0.0
0.0199596 0.000237732 0.0
0.020025 0.000243415 0.0
0.0200924 0.00024619 0.0
0.0201609 0.000245978 0.0
0.0202282 0.000246912 0.0
0.0202948 0.000246767 0.0
0.0203611 0.000244342 0.0
0.0204259 0.00024164 0.0
0.0204899 0.000238806 0.0
0.0205523 0.000234437 0.0
0.020612 0.000229494 0.0
0.0206703 0.000224258 0.0
0.0207273 0.000218155 0.0
0.0207807 0.000211334 0.0
0.020831 0.000204295 0.0
0.02088 0.000196445 0.0
0.0209259 0.000187824 0.0
0.0209671 0.000178892 0.0
0.0210056 0.000169384 0.0
0.0210415 0.000158766 0.0
0.0210723 0.000147523 0.0
0.0210981 0.000135871 0.0
0.0211209 0.000123031 0.0
0.0211387 0.000108811 0.0
0.0211496 9.39837e-05 0.0
0.0211555 7.81994e-05 0.0
0.0211564 6.02397e-05 0.0
0.0211488 4.07187e-05 0.0
0.0211329 2.03804e-05 0.0
0.0211111 -2.38539e-06 0.0
0.0210795 -2.86389e-05 0.0
0.0210349 -5.62746e-05 0.0
0.0209814 -8.61171e-05 0.0
0.0209173 -0.000121428 0.0
0.020834 -0.000161158 0.0
0.0207339 -0.000202396 0.0
0.0206224 -0.000250903 0.0
0.0204857 -0.0003092 0.0
0.0203156 -0.00037205 0.0
0.0201268 -0.00044108 0.0
0.0199101 -0.00053012 0.0
0.019633 -0.00063245 0.0
0.0193069 -0.000744823 0.0
0.018949 -0.000885726 0.0
0.018492 -0.00107325 0.0
0.0179014 -0.00127938 0.0
0.0172383 -0.0015551 0.0
0.0164159 -0.0019368 0.0
0.0151879 -0.00243914 0.0
0.013581 -0.00305886 0.0
0.0115891 -0.00424918 0.0
0.00850203 -0.00486012 0.0
0.0038877 -0.00381495 0.0
0.0 0.0 0.0
0.0 0.0 0.0
0.0 0.0 0.0
0.0 0.0 0.0
0.0 0.0 0.0
0.0 0.0 0.0
0.0 0.0 0.0
0.0 0.0 0.0
0.0 0.0 0.0
0.0 0.0 0.0
0.0 0.0 0.0
0.0 0.0 0.0
0.0 0.0 0.0
0.0 0.0 0.0
0.0 0.0 0.0
0.0 0.0 0.0
0.0 0.0 0.0
0.0 0.0 0.0
0.0 0.0 0.0
0.0 0.0 0.0
0.0 0.0 0.0
0.0 0.0 0.0
0.0 0.0 0.0
0.0 0.0 0.0
0.0 0.0 0.0
0.0 0.0 0.0
0.0 0.0 0.0
0.0 0.0 0.0
0.0 0.0 0.0
0.0 0.0 0.0
0.0 0.0 0.0
0.0 0.0 0.0
0.0 0.0 0.0
0.0 0.0 0.0
0.0 0.0 0.0
0.0 0.0 0.0
0.0 0.0 0.0
0.0 0.0 0.0
0.0 0.0 0.0
0.0 0.0 0.0
0.0 0.0 0.0
0.0 0.0 0.0
0.0 0.0 0.0
0.0 0.0 0.0
0.0 0.0 0.0
0.0 0.0 0.0
0.0 0.0 0.0
0.0 0.0 0.0
0.0 0.0 0.0
0.0 0.0 0.0
0.0 0.0 0.0
0.0 0.0 0.0
0.0 0.0 0.0
0.0 0.0 0.0
0.0 0.0 0.0
0.0 0.0 0.0
0.0 0.0 0.0
0.0 0.0 0.0
0.0 0.0 0.0
0.0 0.0 0.0
0.0 0.0 0.0
0.0 0.0 0.0
0.0 0.0 0.0
0.0 0.0 0.0
0.0 0.0 0.0
0.0 0.0 0.0
0.0 0.0 0.0
0.0 0.0 0.0
0.0 0.0 0.0
0.0 0.0 0.0
0.0 0.0 0.0
0.0 0.0 0.0
0.0 0.0 0.0
0.0 0.0 0.0
0.0 0.0 0.0
0.0 0.0 0.0
0.0 0.0 0.0
0.0 0.0 0.0
0.0 0.0 0.0
0.0 0.0 0.0
0.0 0.0 0.0
0.0 0.0 0.0
0.0 0.0 0.0
0.0 0.0 0.0
0.0 0.0 0.0
0.0 0.0 0.0
0.0 0.0 0.0
0.0 0.0 0.0
0.0 0.0 0.0
0.0 0.0 0.0
0.0 0.0 0.0
0.0 0.0 0.0
0.0 0.0 0.0
0.000492669 0.000362783 0.0
0.00120988 0.000321293 0.0
0.00184407 0.000534437 0.0
0.0024884 0.00113838 0.0
0.00333218 0.00124367 0.0
0.00439451 0.00108714 0.0
0.00529054 0.000983159 0.0
0.00601848 0.000926854 0.0
0.00669868 0.000873334 0.0
0.00734658 0.00082678 0.0
0.00794271 0.000804158 0.0
0.00849545 0.000776075 0.0
0.00901745 0.00074649 0.0
0.00950795 0.000725258 0.0
0.00997085 0.000707772 0.0
0.0104125 0.000685616 0.0
0.0108332 0.000665506 0.0
0.011232 0.00064936 0.0
0.0116129 0.000632516 0.0
0.011978 0.000614287 0.0
0.0123267 0.000598385 0.0
0.0126597 0.000583708 0.0
0.0129793 0.000568174 0.0
0.0132858 0.000552932 0.0
0.0135793 0.000539194 0.0
0.0138607 0.000525639 0.0
0.0141312 0.000511858 0.0
0.0143908 0.000498814 0.0
0.0146398 0.000486539 0.0
0.0148791 0.000474275 0.0
0.0151092 0.000462233 0.0
0.0153303 0.000450844 0.0
0.0155428 0.00043983 0.0
0.0157472 0.000428926 0.0
0.0159439 0.0004184 0.0
0.0161331 0.000408331 0.0
0.0163153 0.000398489 0.0
0.0164907 0.000388855 0.0
0.0166597 0.000379583 0.0
0.0168225 0.000370613 0.0
0.0169795 0.000361833 0.0
0.0171308 0.000353291 0.0
0.0172768 0.000345036 0.0
0.0174176 0.000336992 0.0
0.0175536 0.000329127 0.0
0.0176849 0.000321481 0.0
0.0178117 0.000314046 0.0
0.0179343 0.000306774 0.0
0.0180528 0.000299665 0.0
0.0181674 0.000292735 0.0
0.0182783 0.000285961 0.0
0.0183856 0.000279321 0.0
0.0184896 0.000272822 0.0
0.0185903 0.000266462 0.0
0.0186879 0.000260222 0.0
0.0187825 0.000254095 0.0
0.0188743 0.000248084 0.0
0.0189634 0.000242182 0.0
0.0190498 0.000236378 0.0
0.0191337 0.00023067 0.0
0.0192153 0.000225058 0.0
0.0192945 0.000219535 0.0
0.0193715 0.000214096 0.0
0.0194464 0.00020874 0.0
0.0195193 0.000203466 0.0
0.0195902 0.000198269 0.0
0.0196593 0.000193147 0.0
0.0197265 0.000188101 0.0
0.019792 0.000183127 0.0
0.0198558 0.000178224 0.0
0.019918 0.000173393 0.0
0.0199786 0.000168632 0.0
0.0200377 0.00016394 0.0
0.0200954 0.000159317 0.0
0.0201517 0.000154764 0.0
0.0202067 0.000150279 0.0
0.0202603 0.000145864 0.0
0.0203127 0.000141518 0.0
0.0203639 0.000137242 0.0
0.0204139 0.000133036 0.0
0.0204628 0.000128901 0.0
0.0205105 0.000124837 0.0
0.0205572 0.000120844 0.0
0.0206029 0.000116924 0.0
0.0206475 0.000113077 0.0
0.0206912 0.000109304 0.0
0.0207339 0.000105606 0.0
0.0207757 0.000101982 0.0
0.0208166 9.84349e-05 0.0
0.0208566 9.49641e-05 0.0
0.0208958 9.15707e-05 0.0
0.0209342 8.82553e-05 0.0
0.0209718 8.50186e-05 0.0
0.0210086 8.18611e-05 0.0
0.0210446 7.87833e-05 0.0
0.0210799 7.57859e-05 0.0
0.0211144 7.28692e-05 0.0
0.0211483 7.00335e-05 0.0
0.0211814 6.72792e-05 0.0
0.0212139 6.46065e-05 0.0
0.0212457 6.20155e-05 0.0
0.0212768 5.95062e-05 0.0
0.0213073 5.70784e-05 0.0
0.0213372 5.4732e-05 0.0
0.0213665 5.24665e-05 0.0
0.0213951 5.02815e-05 0.0
0.0214231 4.81761e-05 0.0
0.0214506 4.61496e-05 0.0
0.0214774 4.42006e-05 0.0
0.0215037 4.23279e-05 0.0
0.0215294 4.05296e-05 0.0
0.0215545 3.88042e-05 0.0
0.021579 3.71486e-05 0.0
0.0216029 3.55608e-05 0.0
0.0216262 3.40368e-05 0.0
0.021649 3.25737e-05 0.0
0.0216711 3.1166e-05 0.0
0.0216926 2.981e-05 0.0
0.0217135 2.84979e-05 0.0
0.0217338 2.72253e-05 0.0
0.0217534 2.59808e-05 0.0
0.0217723 2.47594e-05 0.0
0.0217905 2.3545e-05 0.0
0.021808 2.2331e-05 0.0
0.0218246 2.10944e-05 0.0
0.0218405 1.98283e-05 0.0
0.0218554 1.84987e-05 0.0
0.0218694 1.70974e-05 0.0
0.0218823 1.55746e-05 0.0
0.0218941 1.39229e-05 0.0
0.0219047 1.20657e-05 0.0
0.0219139 9.998e-06 0.0
0.0219216 7.60326e-06 0.0
0.0219276 4.8824e-06 0.0
0.0219317 1.6578e-06 0.0
0.0219337 -1.98715e-06 0.0
0.0219337 -4.00388e-06 0.0
0.0 0.0 0.0
0.0 0.0 0.0
0.0193177 9.33875e-06 0.0
0.019324 2.45737e-05 0.0
0.0193351 4.11498e-05 0.0
0.019355 5.64666e-05 0.0
0.0193807 7.0019e-05 0.0
0.0194099 8.61157e-05 0.0
0.0194456 0.00010026 0.0
0.0194878 0.000109315 0.0
0.0195325 0.000122201 0.0
0.0195813 0.000136445 0.0
0.0196354 0.000141729 0.0
0.0196918 0.000148156 0.0
0.0197503 0.000160821 0.0
0.0198122 0.000165835 0.0
0.0198753 0.000165893 0.0
0.0199397 0.00017359 0.0
0.0200055 0.000179343 0.0
0.0200715 0.000177021 0.0
0.0201376 0.000178044 0.0
0.0202042 0.000182616 0.0
0.0202698 0.000180949 0.0
0.0203344 0.000177588 0.0
0.0203987 0.000178381 0.0
0.0204617 0.000177608 0.0
0.0205223 0.000172979 0.0
0.0205817 0.000170003 0.0
0.0206397 0.000168222 0.0
0.0206947 0.000163949 0.0
0.0207472 0.000158797 0.0
0.0207979 0.000154919 0.0
0.0208457 0.000150393 0.0
0.0208898 0.000144525 0.0
0.020931 0.000138701 0.0
0.0209694 0.000132901 0.0
0.0210036 0.000126321 0.0
0.0210334 0.000119189 0.0
0.0210595 0.000111608 0.0
0.0210813 0.000103496 0.0
0.0210975 9.50123e-05 0.0
0.021108 8.56279e-05 0.0
0.0211135 7.51167e-05 0.0
0.0211128 6.4333e-05 0.0
0.0211038 5.29691e-05 0.0
0.0210876 3.94201e-05 0.0
0.0210644 2.48491e-05 0.0
0.0210305 1.03622e-05 0.0
0.0209847 -6.49484e-06 0.0
0.0209297 -2.68371e-05 0.0
0.0208625 -4.67453e-05 0.0
0.0207764 -6.80148e-05 0.0
0.0206743 -9.53494e-05 0.0
0.0205583 -0.000125561 0.0
0.0204158 -0.000153651 0.0
0.0202417 -0.000189889 0.0
0.0200467 -0.00023546 0.0
0.0198188 -0.000279859 0.0
0.0195313 -0.000326017 0.0
0.0191948 -0.000395964 0.0
0.018816 -0.000469895 0.0
0.0183347 -0.000542649 0.0
0.0177205 -0.000637183 0.0
0.0170025 -0.00077646 0.0
0.0160936 -0.000889699 0.0
0.0148384 -0.00105047 0.0
0.0132057 -0.00118989 0.0
0.0108208 -0.00124634 0.0
0.0070552 -0.000764491 0.0
0.00292446 0.000443099 0.0
0.0 0.0 0.0
0.0 0.0 0.0
0.0 0.0 0.0
0.0 0.0 0.0
0.0 0.0 0.0
0.0 0.0 0.0
0.0 0.0 0.0
0.0 0.0 0.0
0.0 0.0 0.0
0.0 0.0 0.0
0.0 0.0 0.0
0.0 0.0 0.0
0.0 0.0 0.0
0.0 0.0 0.0
0.0 0.0 0.0
0.0 0.0 0.0
0.0 0.0 0.0
0.0 0.0 0.0
0.0 0.0 0.0
0.0 0.0 0.0
0.0 0.0 0.0
0.0 0.0 0.0
0.0 0.0 0.0
0.0 0.0 0.0
0.0 0.0 0.0
0.0 0.0 0.0
0.0 0.0 0.0
0.0 0.0 0.0
0.0 0.0 0.0
0.0 0.0 0.0
0.0 0.0 0.0
0.0 0.0 0.0
0.0 0.0 0.0
0.0 0.0 0.0
0.0 0.0 0.0
0.0 0.0 0.0
0.0 0.0 0.0
0.0 0.0 0.0
0.0 0.0 0.0
0.0 0.0 0.0
0.0 0.0 0.0
0.0 0.0 0.0
0.0 0.0 0.0
0.0 0.0 0.0
0.0 0.0 0.0
0.0 0.0 0.0
0.0 0.0 0.0
0.0 0.0 0.0
0.0 0.0 0.0
0.0 0.0 0.0
0.0 0.0 0.0
0.0 0.0 0.0
0.0 0.0 0.0
0.0 0.0 0.0
0.0 0.0 0.0
0.0 0.0 0.0
0.0 0.0 0.0
0.0 0.0 0.0
0.0 0.0 0.0
0.0 0.0 0.0
0.0 0.0 0.0
0.0 0.0 0.0
0.0 0.0 0.0
0.0 0.0 0.0
0.0 0.0 0.0
0.0 0.0 0.0
0.0 0.0 0.0
0.0 0.0 0.0
0.0 0.0 0.0
0.0 0.0 0.0
0.0 0.0 0.0
0.0 0.0 0.0
0.0 0.0 0.0
0.0 0.0 0.0
0.0 0.0 0.0
0.0 0.0 0.0
0.0 0.0 0.0
0.0 0.0 0.0
0.0 0.0 0.0
0.0 0.0 0.0
0.0 0.0 0.0
0.0 0.0 0.0
0.0 0.0 0.0
0.0 0.0 0.0
0.0 0.0 0.0
0.0 0.0 0.0
0.0 0.0 0.0
0.0 0.0 0.0
0.0 0.0 0.0
0.0 0.0 0.0
0.0 0.0 0.0
0.0 0.0 0.0
0.0 0.0 0.0
0.0 0.0 0.0
0.0 0.0 0.0
0.0 0.0 0.0
0.00097109 1.86006e-05 0.0
0.00245385 4.21475e-05 0.0
0.00350033 7.89219e-05 0.0
0.00438543 0.000127887 0.0
0.0052736 0.000147446 0.0
0.00606556 0.000171077 0.0
0.00672744 0.000193956 0.0
0.00734698 0.000208452 0.0
0.00794611 0.00021669 0.0
0.00849554 0.000227352 0.0
0.00900471 0.000235341 0.0
0.00949662 0.000239164 0.0
0.00996394 0.00024235 0.0
0.0104008 0.000246129 0.0
0.0108186 0.000247729 0.0
0.0112219 0.00024794 0.0
0.0116044 0.000248446 0.0
0.0119678 0.000248667 0.0
0.0123181 0.000247669 0.0
0.0126545 0.000246424 0.0
0.0129748 0.000245345 0.0
0.013282 0.000243819 0.0
0.0135781 0.000241782 0.0
0.0138619 0.000239807 0.0
0.0141335 0.000237807 0.0
0.0143949 0.000235486 0.0
0.0146465 0.000233018 0.0
0.0148877 0.00023062 0.0
0.0151195 0.000228125 0.0
0.0153429 0.000225466 0.0
0.0155577 0.000222796 0.0
0.0157642 0.000220145 0.0
0.015963 0.000217404 0.0
0.0161546 0.000214602 0.0
0.016339 0.000211813 0.0
0.0165166 0.000209009 0.0
0.016688 0.000206146 0.0
0.0168532 0.000203266 0.0
0.0170124 0.000200389 0.0
0.0171661 0.000197485 0.0
0.0173144 0.000194547 0.0
0.0174577 0.000191602 0.0
0.017596 0.000188647 0.0
0.0177297 0.000185665 0.0
0.0178589 0.000182662 0.0
0.0179839 0.00017965 0.0
0.0181048 0.00017662 0.0
0.0182218 0.000173568 0.0
0.0183351 0.0001705 0.0
0.0184449 0.000167419 0.0
0.0185512 0.000164318 0.0
0.0186542 0.0001612 0.0
0.0187542 0.000158069 0.0
0.0188511 0.000154924 0.0
0.0189452 0.000151764 0.0
0.0190366 0.00014859 0.0
0.0191253 0.000145407 0.0
0.0192115 0.000142214 0.0
0.0192952 0.00013901 0.0
0.0193767 0.000135801 0.0
0.0194559 0.000132586 0.0
0.0195329 0.000129367 0.0
0.0196079 0.000126147 0.0
0.0196809 0.000122927 0.0
0.019752 0.000119709 0.0
0.0198213 0.000116496 0.0
0.0198888 0.00011329 0.0
0.0199546 0.000110093 0.0
0.0200187 0.000106908 0.0
0.0200813 0.000103735 0.0
0.0201423 0.00010058 0.0
0.0202018 9.74424e-05 0.0
0.02026 9.4326e-05 0.0
0.0203167 9.12328e-05 0.0
0.0203721 8.81654e-05 0.0
0.0204262 8.5126e-05 0.0
0.0204791 8.2117e-05 0.0
0.0205308 7.91408e-05 0.0
0.0205813 7.61996e-05 0.0
0.0206306 7.32957e-05 0.0
0.0206789 7.04314e-05 0.0
0.020726 6.76088e-05 0.0
0.0207722 6.48301e-05 0.0
0.0208173 6.20972e-05 0.0
0.0208615 5.94123e-05 0.0
0.0209047 5.67774e-05 0.0
0.020947 5.41942e-05 0.0
0.0209884 5.16646e-05 0.0
0.0210289 4.91905e-05 0.0
0.0210685 4.67735e-05 0.0
0.0211074 4.44152e-05 0.0
0.0211454 4.21171e-05 0.0
0.0211826 3.98809e-05 0.0
0.021219 3.77078e-05 0.0
0.0212547 3.55992e-05 0.0
0.0212897 3.35563e-05 0.0
0.0213239 3.15802e-05 0.0
0.0213574 2.9672e-05 0.0
0.0213903 2.78327e-05 0.0
0.0214224 2.60631e-05 0.0
0.0214539 2.43639e-05 0.0
0.0214847 2.27358e-05 0.0
0.0215148 2.11794e-05 0.0
0.0215443 1.96948e-05 0.0
0.0215732 1.82824e-05 0.0
0.0216015 1.69423e-05 0.0
0.0216291 1.56745e-05 0.0
0.0216561 1.44783e-05 0.0
0.0216825 1.33538e-05 0.0
0.0217083 1.22999e-05 0.0
0.0217335 1.13158e-05 0.0
0.021758 1.03998e-05 0.0
0.0217819 9.55127e-06 0.0
0.0218052 8.7673e-06 0.0
0.0218278 8.04615e-06 0.0
0.0218498 7.38417e-06 0.0
0.0218711 6.77953e-06 0.0
0.0218917 6.2259e-06 0.0
0.0219116 5.72076e-06 0.0
0.0219308 5.25596e-06 0.0
0.0219491 4.82817e-06 0.0
0.0219666 4.42422e-06 0.0
0.0219833 4.04106e-06 0.0
0.021999 3.65979e-06 0.0
0.0220138 3.27638e-06 0.0
0.0220274 2.86201e-06 0.0
0.0220398 2.41415e-06 0.0
0.022051 1.88841e-06 0.0
0.0220608 1.28375e-06 0.0
0.0220689 5.3153e-07 0.0
0.0220753 -3.63742e-07 0.0
0.0220797 -1.50851e-06 0.0
0.0220818 -2.87012e-06 0.0
0.0220819 -3.63356e-06 0.0
0.0 0.0 0.0
0.0 0.0 0.0
0.0193172 4.81579e-06 0.0
0.0193224 1.60698e-05 0.0
0.0193354 2.54494e-05 0.0
0.0193551 3.35026e-05 0.0
0.019378 4.39978e-05 0.0
0.0194075 5.33178e-05 0.0
0.0194445 5.98371e-05 0.0
0.0194837 6.86128e-05 0.0
0.0195263 7.70949e-05 0.0
0.0195768 8.15628e-05 0.0
0.0196298 8.77858e-05 0.0
0.0196828 9.54066e-05 0.0
0.0197411 9.8085e-05 0.0
0.0198035 0.000101128 0.0
0.0198644 0.000107243 0.0
0.019927 0.000109418 0.0
0.0199928 0.000109533 0.0
0.0200583 0.000113196 0.0
0.0201228 0.000115337 0.0
0.0201883 0.000114147 0.0
0.0202537 0.000114857 0.0
0.0203178 0.000116485 0.0
0.020381 0.000115247 0.0
0.0204428 0.000113916 0.0
0.0205033 0.000114138 0.0
0.0205626 0.000113188 0.0
0.0206193 0.000110989 0.0
0.0206734 0.000109745 0.0
0.0207262 0.000108552 0.0
0.0207766 0.00010624 0.0
0.0208229 0.000103948 0.0
0.0208667 0.000102124 0.0
0.0209084 9.97031e-05 0.0
0.0209459 9.68246e-05 0.0
0.0209787 9.42422e-05 0.0
0.0210088 9.15017e-05 0.0
0.0210352 8.81602e-05 0.0
0.0210553 8.47948e-05 0.0
0.0210707 8.1544e-05 0.0
0.0210824 7.76771e-05 0.0
0.021087 7.34289e-05 0.0
0.021084 6.93866e-05 0.0
0.021076 6.50166e-05 0.0
0.0210606 5.96625e-05 0.0
0.021034 5.44984e-05 0.0
0.020999 4.94621e-05 0.0
0.0209567 4.32284e-05 0.0
0.0208992 3.62008e-05 0.0
0.0208261 3.0488e-05 0.0
0.0207442 2.36162e-05 0.0
0.0206452 1.48526e-05 0.0
0.020518 7.36236e-06 0.0
0.0203733 1.79385e-06 0.0
0.0202126 -8.56149e-06 0.0
0.0200085 -1.72755e-05 0.0
0.0197599 -2.0177e-05 0.0
0.0194917 -2.5096e-05 0.0
0.0191701 -3.64848e-05 0.0
0.0187461 -2.44638e-05 0.0
0.0182595 -8.25318e-06 0.0
0.0177173 -3.14618e-06 0.0
0.0169839 4.47947e-05 0.0
0.016006 0.000204845 0.0
0.0148669 0.000313211 0.0
0.0134116 0.000573173 0.0
0.0113089 0.00158793 0.0
0.00859799 0.00286988 0.0
0.00594696 0.00344385 0.0
0.00285935 0.0015054 0.0
0.0 0.0 0.0
0.0 0.0 0.0
0.0 0.0 0.0
0.0 0.0 0.0
0.0 0.0 0.0
0.0 0.0 0.0
0.0 0.0 0.0
0.0 0.0 0.0
0.0 0.0 0.0
0.0 0.0 0.0
0.0 0.0 0.0
0.0 0.0 0.0
0.0 0.0 0.0
0.0 0.0 0.0
0.0 0.0 0.0
0.0 0.0 0.0
0.0 0.0 0.0
0.0 0.0 0.0
0.0 0.0 0.0
0.0 0.0 0.0
0.0 0.0 0.0
0.0 0.0 0.0
0.0 0.0 0.0
0.0 0.0 0.0
0.0 0.0 0.0
0.0 0.0 0.0
0.0 0.0 0.0
0.0 0.0 0.0
0.0 0.0 0.0
0.0 0.0 0.0
0.0 0.0 0.0
0.0 0.0 0.0
0.0 0.0 0.0
0.0 0.0 0.0
0.0 0.0 0.0
0.0 0.0 0.0
0.0 0.0 0.0
0.0 0.0 0.0
0.0 0.0 0.0
0.0 0.0 0.0
0.0 0.0 0.0
0.0 0.0 0.0
0.0 0.0 0.0
0.0 0.0 0.0
0.0 0.0 0.0
0.0 0.0 0.0
0.0 0.0 0.0
0.0 0.0 0.0
0.0 0.0 0.0
0.0 0.0 0.0
0.0 0.0 0.0
0.0 0.0 0.0
0.0 0.0 0.0
0.0 0.0 0.0
0.0 0.0 0.0
0.0 0.0 0.0
0.0 0.0 0.0
0.0 0.0 0.0
0.0 0.0 0.0
0.0 0.0 0.0
0.0 0.0 0.0
0.0 0.0 0.0
0.0 0.0 0.0
0.0 0.0 0.0
0.0 0.0 0.0
0.0 0.0 0.0
0.0 0.0 0.0
0.0 0.0 0.0
0.0 0.0 0.0
0.0 0.0 0.0
0.0 0.0 0.0
0.0 0.0 0.0
0.0 0.0 0.0
0.0 0.0 0.0
0.0 0.0 0.0
0.0 0.0 0.0
0.0 0.0 0.0
0.0 0.0 0.0
0.0 0.0 0.0
0.0 0.0 0.0
0.0 0.0 0.0
0.0 0.0 0.0
0.0 0.0 0.0
0.0 0.0 0.0
0.0 0.0 0.0
0.0 0.0 0.0
0.0 0.0 0.0
0.0 0.0 0.0
0.0 0.0 0.0
0.0 0.0 0.0
0.000283031 -0.000275689 0.0
0.000728816 -0.000218644 0.0
0.000951116 -0.000148345 0.0
0.00114034 -0.000191609 0.0
0.00158276 -0.000480301 0.0
0.00214682 -0.00102806 0.0
0.00285836 -0.00109848 0.0
0.00381844 -0.000905585 0.0
0.00470785 -0.000732875 0.0
0.00543864 -0.000625933 0.0
0.00610272 -0.000527941 0.0
0.00675751 -0.000449968 0.0
0.00737835 -0.000397952 0.0
0.00794432 -0.000347566 0.0
0.00847771 -0.000300858 0.0
0.00899083 -0.000267147 0.0
0.0094759 -0.00023875 0.0
0.00993331 -0.00020906 0.0
0.0103723 -0.000183947 0.0
0.010793 -0.000164407 0.0
0.0111924 -0.000145155 0.0
0.0115741 -0.000126266 0.0
0.0119415 -0.000110784 0.0
0.0122932 -9.71591e-05 0.0
0.0126291 -8.3341e-05 0.0
0.0129519 -7.06865e-05 0.0
0.0132623 -5.99599e-05 0.0
0.0135597 -4.97335e-05 0.0
0.013845 -3.97045e-05 0.0
0.0141196 -3.08102e-05 0.0
0.0143836 -2.28506e-05 0.0
0.0146369 -1.5097e-05 0.0
0.0148805 -7.8062e-06 0.0
0.0151151 -1.33402e-06 0.0
0.0153407 4.68566e-06 0.0
0.0155577 1.0469e-05 0.0
0.0157667 1.57502e-05 0.0
0.015968 2.05062e-05 0.0
0.0161617 2.49834e-05 0.0
0.0163485 2.91704e-05 0.0
0.0165285 3.29328e-05 0.0
0.0167021 3.63545e-05 0.0
0.0168694 3.95418e-05 0.0
0.017031 4.24338e-05 0.0
0.0171869 4.50003e-05 0.0
0.0173374 4.73211e-05 0.0
0.0174827 4.942e-05 0.0
0.0176232 5.12559e-05 0.0
0.017759 5.28463e-05 0.0
0.0178903 5.42369e-05 0.0
0.0180173 5.54224e-05 0.0
0.0181402 5.63905e-05 0.0
0.0182592 5.71676e-05 0.0
0.0183744 5.77728e-05 0.0
0.0184861 5.8199e-05 0.0
0.0185943 5.84511e-05 0.0
0.0186992 5.85493e-05 0.0
0.018801 5.85002e-05 0.0
0.0188997 5.83027e-05 0.0
0.0189956 5.79674e-05 0.0
0.0190887 5.7507e-05 0.0
0.0191791 5.69243e-05 0.0
0.019267 5.62235e-05 0.0
0.0193524 5.54152e-05 0.0
0.0194355 5.45067e-05 0.0
0.0195163 5.35016e-05 0.0
0.0195949 5.24063e-05 0.0
0.0196715 5.12292e-05 0.0
0.019746 4.99755e-05 0.0
0.0198186 4.86499e-05 0.0
0.0198893 4.72589e-05 0.0
0.0199583 4.58091e-05 0.0
0.0200255 4.43049e-05 0.0
0.020091 4.27516e-05 0.0
0.020155 4.11551e-05 0.0
0.0202173 3.95206e-05 0.0
0.0202782 3.78524e-05 0.0
0.0203376 3.61556e-05 0.0
0.0203956 3.44353e-05 0.0
0.0204523 3.26959e-05 0.0
0.0205076 3.09416e-05 0.0
0.0205617 2.9177e-05 0.0
0.0206146 2.74063e-05 0.0
0.0206662 2.56335e-05 0.0
0.0207167 2.38626e-05 0.0
0.020766 2.20974e-05 0.0
0.0208143 2.03416e-05 0.0
0.0208615 1.85988e-05 0.0
0.0209077 1.68724e-05 0.0
0.0209529 1.51659e-05 0.0
0.0209971 1.34823e-05 0.0
0.0210404 1.18249e-05 0.0
0.0210827 1.01966e-05 0.0
0.0211242 8.60035e-06 0.0
0.0211647 7.03888e-06 0.0
0.0212045 5.51488e-06 0.0
0.0212433 4.03096e-06 0.0
0.0212814 2.58957e-06 0.0
0.0213187 1.19307e-06 0.0
0.0213552 -1.56227e-07 0.0
0.021391 -1.45614e-06 0.0
0.021426 -2.70459e-06 0.0
0.0214602 -3.89955e-06 0.0
0.0214938 -5.03911e-06 0.0
0.0215267 -6.12145e-06 0.0
0.0215589 -7.1448e-06 0.0
0.0215904 -8.10752e-06 0.0
0.0216212 -9.00805e-06 0.0
0.0216514 -9.84485e-06 0.0
0.0216809 -1.06165e-05 0.0
0.0217098 -1.13218e-05 0.0
0.021738 -1.19594e-05 0.0
0.0217656 -1.25282e-05 0.0
0.0217926 -1.3027e-05 0.0
0.0218189 -1.34551e-05 0.0
0.0218446 -1.38114e-05 0.0
0.0218697 -1.40951e-05 0.0
0.0218941 -1.43058e-05 0.0
0.0219179 -1.44427e-05 0.0
0.021941 -1.45053e-05 0.0
0.0219635 -1.44936e-05 0.0
0.0219853 -1.44071e-05 0.0
0.0220063 -1.42461e-05 0.0
0.0220266 -1.40102e-05 0.0
0.0220462 -1.37007e-05 0.0
0.0220649 -1.33172e-05 0.0
0.0220829 -1.28615e-05 0.0
0.0220999 -1.23336e-05 0.0
0.022116 -1.1737e-05 0.0
0.022131 -1.10709e-05 0.0
0.022145 -1.03415e-05 0.0
0.0221577 -9.54739e-06 0.0
0.0221691 -8.69889e-06 0.0
0.0221791 -7.79251e-06 0.0
0.0221875 -6.846e-06 0.0
0.022194 -5.85222e-06 0.0
0.0221985 -4.84018e-06 0.0
0.0222008 -3.82173e-06 0.0
0.0222009 -3.2735e-06 0.0
0.0 0.0 0.0
0.0 0.0 0.0
0.0193159 1.87956e-06 0.0
0.0193234 6.25044e-06 0.0
0.0193359 9.49503e-06 0.0
0.0193533 1.30649e-05 0.0
0.0193777 1.77113e-05 0.0
0.019408 2.00072e-05 0.0
0.0194415 2.25252e-05 0.0
0.019481 2.81123e-05 0.0
0.0195262 3.03901e-05 0.0
0.0195735 3.03115e-05 0.0
0.0196242 3.55397e-05 0.0
0.0196805 3.9651e-05 0.0
0.019738 3.77669e-05 0.0
0.0197965 4.02202e-05 0.0
0.0198589 4.58899e-05 0.0
0.0199228 4.49937e-05 0.0
0.019986 4.41048e-05 0.0
0.0200507 4.89233e-05 0.0
0.0201164 5.05221e-05 0.0
0.0201812 4.84349e-05 0.0
0.0202455 5.04958e-05 0.0
0.0203096 5.3553e-05 0.0
0.0203725 5.26279e-05 0.0
0.0204342 5.24446e-05 0.0
0.0204946 5.49297e-05 0.0
0.0205529 5.57376e-05 0.0
0.0206094 5.51296e-05 0.0
0.0206643 5.62586e-05 0.0
0.0207164 5.77739e-05 0.0
0.0207656 5.79844e-05 0.0
0.0208127 5.84259e-05 0.0
0.0208569 5.97066e-05 0.0
0.0208973 6.0696e-05 0.0
0.0209344 6.14295e-05 0.0
0.0209684 6.24957e-05 0.0
0.0209981 6.37273e-05 0.0
0.0210232 6.51261e-05 0.0
0.021044 6.66122e-05 0.0
0.0210602 6.80124e-05 0.0
0.0210707 6.98571e-05 0.0
0.021075 7.24052e-05 0.0
0.0210733 7.45523e-05 0.0
0.021065 7.67956e-05 0.0
0.0210486 8.05363e-05 0.0
0.0210233 8.47447e-05 0.0
0.0209893 8.79379e-05 0.0
0.0209453 9.30201e-05 0.0
0.0208886 0.000100527 0.0
0.0208186 0.000107226 0.0
0.0207356 0.000113997 0.0
0.0206353 0.000126592 0.0
0.0205137 0.000140851 0.0
0.0203721 0.000153943 0.0
0.0202071 0.000172947 0.0
0.0200084 0.000203281 0.0
0.0197745 0.000233297 0.0
0.0195047 0.000270428 0.0
0.019181 0.000327351 0.0
0.0187923 0.000407121 0.0
0.0183398 0.000498761 0.0
0.0177855 0.000634448 0.0
0.0170961 0.00083206 0.0
0.0163035 0.00113901 0.0
0.0153294 0.00157592 0.0
0.0139632 0.0022354 0.0
0.0124107 0.00348639 0.0
0.010992 0.0049806 0.0
0.00935294 0.00560233 0.0
0.00710923 0.00496836 0.0
0.00335256 0.00185618 0.0
0.0 0.0 0.0
0.0 0.0 0.0
0.0 0.0 0.0
0.0 0.0 0.0
0.0 0.0 0.0
0.0 0.0 0.0
0.0 0.0 0.0
0.0 0.0 0.0
0.0 0.0 0.0
0.0 0.0 0.0
0.0 0.0 0.0
0.0 0.0 0.0
0.0 0.0 0.0
0.0 0.0 0.0
0.0 0.0 0.0
0.0 0.0 0.0
0.0 0.0 0.0
0.0 0.0 0.0
0.0 0.0 0.0
0.0 0.0 0.0
0.0 0.0 0.0
0.0 0.0 0.0
0.0 0.0 0.0
0.0 0.0 0.0
0.0 0.0 0.0
0.0 0.0 0.0
0.0 0.0 0.0
0.0 0.0 0.0
0.0 0.0 0.0
0.0 0.0 0.0
0.0 0.0 0.0
0.0 0.0 0.0
0.0 0.0 0.0
0.0 0.0 0.0
0.0 0.0 0.0
0.0 0.0 0.0
0.0 0.0 0.0
0.0 0.0 0.0
0.0 0.0 0.0
0.0 0.0 0.0
0.0 0.0 0.0
0.0 0.0 0.0
0.0 0.0 0.0
0.0 0.0 0.0
0.0 0.0 0.0
0.0 0.0 0.0
0.0 0.0 0.0
0.0 0.0 0.0
0.0 0.0 0.0
0.0 0.0 0.0
0.0 0.0 0.0
0.0 0.0 0.0
0.0 0.0 0.0
0.0 0.0 0.0
0.0 0.0 0.0
0.0 0.0 0.0
0.0 0.0 0.0
0.0 0.0 0.0
0.0 0.0 0.0
0.0 0.0 0.0
0.0 0.0 0.0
0.0 0.0 0.0
0.0 0.0 0.0
0.0 0.0 0.0
0.0 0.0 0.0
0.0 0.0 0.0
0.0 0.0 0.0
0.0 0.0 0.0
0.0 0.0 0.0
0.0 0.0 0.0
0.0 0.0 0.0
0.0 0.0 0.0
0.0 0.0 0.0
0.0 0.0 0.0
0.0 0.0 0.0
0.0 0.0 0.0
0.0 0.0 0.0
0.0 0.0 0.0
0.0 0.0 0.0
0.0 0.0 0.0
0.0 0.0 0.0
0.0 0.0 0.0
0.0 0.0 0.0
0.0 0.0 0.0
0.000304465 -0.000278799 0.0
0.000762935 -0.000217229 0.0
0.000992609 -0.000153758 0.0
0.00119088 -0.000186404 0.0
0.0015667 -0.000417245 0.0
0.00197131 -0.000716196 0.0
0.00238269 -0.00069239 0.0
0.0029265 -0.000549037 0.0
0.00348892 -0.000602619 0.0
0.00397324 -0.00103856 0.0
0.00439373 -0.00145633 0.0
0.00477617 -0.00174589 0.0
0.00519669 -0.00157474 0.0
0.00571602 -0.00140401 0.0
0.00627823 -0.00126911 0.0
0.0068634 -0.00115547 0.0
0.00743906 -0.00104586 0.0
0.00796961 -0.000952768 0.0
0.00847197 -0.000874985 0.0
0.00897112 -0.00081066 0.0
0.00945071 -0.000749842 0.0
0.00989892 -0.000694684 0.0
0.0103297 -0.000647504 0.0
0.0107492 -0.000605487 0.0
0.0111484 -0.000564889 0.0
0.011528 -0.000527958 0.0
0.0118952 -0.000495262 0.0
0.012249 -0.000464483 0.0
0.0125862 -0.000434924 0.0
0.0129099 -0.000408033 0.0
0.0132227 -0.000383307 0.0
0.0135229 -0.000359554 0.0
0.0138102 -0.000337079 0.0
0.0140871 -0.000316427 0.0
0.014354 -0.000296948 0.0
0.01461 -0.000278268 0.0
0.0148561 -0.000260762 0.0
0.0150933 -0.000244459 0.0
0.0153217 -0.00022893 0.0
0.0155412 -0.000214172 0.0
0.0157526 -0.000200377 0.0
0.0159565 -0.000187403 0.0
0.0161528 -0.000175058 0.0
0.0163418 -0.000163425 0.0
0.0165242 -0.00015254 0.0
0.0167001 -0.000142268 0.0
0.0168696 -0.000132553 0.0
0.0170332 -0.000123453 0.0
0.0171912 -0.000114931 0.0
0.0173437 -0.000106906 0.0
0.017491 -9.93753e-05 0.0
0.0176333 -9.2352e-05 0.0
0.0177709 -8.57875e-05 0.0
0.0179039 -7.9643e-05 0.0
0.0180326 -7.39232e-05 0.0
0.0181571 -6.86151e-05 0.0
0.0182777 -6.36805e-05 0.0
0.0183944 -5.91032e-05 0.0
0.0185075 -5.48802e-05 0.0
0.0186171 -5.099e-05 0.0
0.0187234 -4.74082e-05 0.0
0.0188265 -4.41258e-05 0.0
0.0189265 -4.11327e-05 0.0
0.0190237 -3.84088e-05 0.0
0.0191179 -3.59389e-05 0.0
0.0192095 -3.37146e-05 0.0
0.0192986 -3.17227e-05 0.0
0.0193851 -2.99478e-05 0.0
0.0194692 -2.83789e-05 0.0
0.0195511 -2.70067e-05 0.0
0.0196307 -2.58187e-05 0.0
0.0197083 -2.4803e-05 0.0
0.0197838 -2.39506e-05 0.0
0.0198573 -2.32519e-05 0.0
0.019929 -2.26961e-05 0.0
0.0199989 -2.22738e-05 0.0
0.0200669 -2.19769e-05 0.0
0.0201334 -2.17964e-05 0.0
0.0201981 -2.17234e-05 0.0
0.0202613 -2.175e-05 0.0
0.020323 -2.18688e-05 0.0
0.0203832 -2.2072e-05 0.0
0.020442 -2.23519e-05 0.0
0.0204994 -2.27021e-05 0.0
0.0205555 -2.31156e-05 0.0
0.0206103 -2.35858e-05 0.0
0.0206639 -2.41065e-05 0.0
0.0207162 -2.46717e-05 0.0
0.0207674 -2.52756e-05 0.0
0.0208174 -2.59124e-05 0.0
0.0208664 -2.65769e-05 0.0
0.0209142 -2.72638e-05 0.0
0.0209611 -2.79682e-05 0.0
0.0210069 -2.86852e-05 0.0
0.0210517 -2.94102e-05 0.0
0.0210955 -3.01387e-05 0.0
0.0211385 -3.08665e-05 0.0
0.0211805 -3.15893e-05 0.0
0.0212216 -3.23033e-05 0.0
0.0212619 -3.30045e-05 0.0
0.0213014 -3.36893e-05 0.0
0.02134 -3.4354e-05 0.0
0.0213778 -3.49953e-05 0.0
0.0214148 -3.56098e-05 0.0
0.0214511 -3.61942e-05 0.0
0.0214866 -3.67455e-05 0.0
0.0215214 -3.72606e-05 0.0
0.0215554 -3.77365e-05 0.0
0.0215888 -3.81705e-05 0.0
0.0216214 -3.85596e-05 0.0
0.0216534 -3.89012e-05 0.0
0.0216847 -3.91926e-05 0.0
0.0217153 -3.94311e-05 0.0
0.0217453 -3.96142e-05 0.0
0.0217746 -3.97393e-05 0.0
0.0218033 -3.98037e-05 0.0
0.0218314 -3.98052e-05 0.0
0.0218588 -3.97407e-05 0.0
0.0218856 -3.96081e-05 0.0
0.0219118 -3.94045e-05 0.0
0.0219373 -3.91272e-05 0.0
0.0219622 -3.87733e-05 0.0
0.0219865 -3.83403e-05 0.0
0.0220101 -3.78245e-05 0.0
0.0220331 -3.72232e-05 0.0
0.0220554 -3.65323e-05 0.0
0.022077 -3.57492e-05 0.0
0.0220979 -3.48681e-05 0.0
0.0221181 -3.3886e-05 0.0
0.0221376 -3.27966e-05 0.0
0.0221562 -3.15961e-05 0.0
0.022174 -3.02754e-05 0.0
0.0221909 -2.88307e-05 0.0
0.0222069 -2.725e-05 0.0
0.0222218 -2.55281e-05 0.0
0.0222357 -2.36482e-05 0.0
0.0222483 -2.16047e-05 0.0
0.0222597 -1.93736e-05 0.0
0.0222696 -1.69473e-05 0.0
0.0222779 -1.42912e-05 0.0
0.0222844 -1.13962e-05 0.0
0.0222889 -8.212e-06 0.0
0.0222911 -4.78971e-06 0.0
0.0222912 -2.91347e-06 0.0
0.0 0.0 0.0
0.0 0.0 0.0
0.019316 -1.06468e-06 0.0
0.0193234 -3.90934e-06 0.0
0.0193359 -5.62285e-06 0.0
0.0193534 -7.65546e-06 0.0
0.0193778 -1.07474e-05 0.0
0.019408 -1.14697e-05 0.0
0.0194416 -1.23937e-05 0.0
0.0194811 -1.63592e-05 0.0
0.0195263 -1.69769e-05 0.0
0.0195736 -1.52032e-05 0.0
0.0196243 -1.8697e-05 0.0
0.0196806 -2.10204e-05 0.0
0.0197382 -1.72894e-05 0.0
0.0197968 -1.78451e-05 0.0
0.0198591 -2.15517e-05 0.0
0.0199231 -1.8607e-05 0.0
0.0199863 -1.55935e-05 0.0
0.020051 -1.82178e-05 0.0
0.0201168 -1.75119e-05 0.0
0.0201816 -1.3002e-05 0.0
0.020246 -1.25552e-05 0.0
0.0203102 -1.29912e-05 0.0
0.0203731 -9.265e-06 0.0
0.0204349 -6.15088e-06 0.0
0.0204954 -5.59724e-06 0.0
0.0205537 -3.14933e-06 0.0
0.0206103 9.6052e-07 0.0
0.0206654 3.44644e-06 0.0
0.0207175 5.76208e-06 0.0
0.0207667 9.76744e-06 0.0
0.0208142 1.37927e-05 0.0
0.0208586 1.71155e-05 0.0
0.0208988 2.12435e-05 0.0
0.0209362 2.6157e-05 0.0
0.0209708 3.09192e-05 0.0
0.0210004 3.59353e-05 0.0
0.0210254 4.18111e-05 0.0
0.0210472 4.80608e-05 0.0
0.0210639 5.4683e-05 0.0
0.0210738 6.21448e-05 0.0
0.0210791 7.04039e-05 0.0
0.0210791 7.92104e-05 0.0
0.0210703 8.92806e-05 0.0
0.0210537 0.000100629 0.0
0.0210316 0.000112931 0.0
0.020999 0.00012674 0.0
0.0209533 0.000143327 0.0
0.0208995 0.000161447 0.0
0.0208354 0.000181554 0.0
0.0207511 0.000206099 0.0
0.0206506 0.000235594 0.0
0.0205402 0.000266599 0.0
0.0204046 0.000304944 0.0
0.0202351 0.000354842 0.0
0.0200488 0.000411045 0.0
0.019839 0.000472563 0.0
0.0195714 0.000563639 0.0
0.0192555 0.000677998 0.0
0.0189153 0.000798485 0.0
0.0185062 0.000964657 0.0
0.0179852 0.00123723 0.0
0.0173915 0.00153965 0.0
0.0167307 0.00189547 0.0
0.0159309 0.00258067 0.0
0.0149575 0.00356642 0.0
0.0139865 0.00461456 0.0
0.0132396 0.00596685 0.0
0.0123478 0.00724388 0.0
0.010752 0.00729489 0.0
0.00859759 0.00556711 0.0
0.00546023 0.0020298 0.0
0.00206839 0.000429147 0.0
0.0 0.0 0.0
0.0 0.0 0.0
0.0 0.0 0.0
0.0 0.0 0.0
0.0 0.0 0.0
0.0 0.0 0.0
0.0 0.0 0.0
0.0 0.0 0.0
0.0 0.0 0.0
0.0 0.0 0.0
0.0 0.0 0.0
0.0 0.0 0.0
0.0 0.0 0.0
0.0 0.0 0.0
0.0 0.0 0.0
0.0 0.0 0.0
0.0 0.0 0.0
0.0 0.0 0.0
0.0 0.0 0.0
0.0 0.0 0.0
0.0 0.0 0.0
0.0 0.0 0.0
0.0 0.0 0.0
0.0 0.0 0.0
0.0 0.0 0.0
0.0 0.0 0.0
0.0 0.0 0.0
0.0 0.0 0.0
0.0 0.0 0.0
0.0 0.0 0.0
0.0 0.0 0.0
0.0 0.0 0.0
0.0 0.0 0.0
0.0 0.0 0.0
0.0 0.0 0.0
0.0 0.0 0.0
0.0 0.0 0.0
0.0 0.0 0.0
0.0 0.0 0.0
0.0 0.0 0.0
0.0 0.0 0.0
0.0 0.0 0.0
0.0 0.0 0.0
0.0 0.0 0.0
0.0 0.0 0.0
0.0 0.0 0.0
0.0 0.0 0.0
0.0 0.0 0.0
0.0 0.0 0.0
0.0 0.0 0.0
0.0 0.0 0.0
0.0 0.0 0.0
0.0 0.0 0.0
0.0 0.0 0.0
0.0 0.0 0.0
0.0 0.0 0.0
0.0 0.0 0.0
0.0 0.0 0.0
0.0 0.0 0.0
0.0 0.0 0.0
0.0 0.0 0.0
0.0 0.0 0.0
0.0 0.0 0.0
0.0 0.0 0.0
0.0 0.0 0.0
0.0 0.0 0.0
0.0 0.0 0.0
0.0 0.0 0.0
0.0 0.0 0.0
0.0 0.0 0.0
0.0 0.0 0.0
0.0 0.0 0.0
0.0 0.0 0.0
0.0 0.0 0.0
0.0 0.0 0.0
0.0 0.0 0.0
0.0 0.0 0.0
0.00034162 -0.000291437 0.0
0.000841461 -0.000227072 0.0
0.00109139 -0.000155183 0.0
0.00129898 -0.00018649 0.0
0.00169304 -0.000433485 0.0
0.00212072 -0.000741684 0.0
0.00254822 -0.000702946 0.0
0.00308798 -0.000551808 0.0
0.00361763 -0.000560177 0.0
0.0040444 -0.000858186 0.0
0.0044034 -0.00105963 0.0
0.00477457 -0.00116034 0.0
0.00522415 -0.00109925 0.0
0.00576823 -0.00118445 0.0
0.00625167 -0.00144113 0.0
0.00655317 -0.00174488 0.0
0.0067147 -0.00194443 0.0
0.00693085 -0.0019548 0.0
0.00730191 -0.0019156 0.0
0.00774397 -0.00177294 0.0
0.00817605 -0.00164991 0.0
0.00859628 -0.00154264 0.0
0.00903835 -0.00144087 0.0
0.00948983 -0.00134546 0.0
0.00991714 -0.00126398 0.0
0.0103234 -0.00118628 0.0
0.0107269 -0.00111571 0.0
0.011121 -0.00105298 0.0
0.0114947 -0.000994567 0.0
0.0118544 -0.00093856 0.0
0.0122059 -0.000888073 0.0
0.0125437 -0.000841532 0.0
0.0128663 -0.000796756 0.0
0.0131784 -0.000754535 0.0
0.0134804 -0.000715861 0.0
0.0137698 -0.0006791 0.0
0.0140477 -0.000643777 0.0
0.0143164 -0.00061074 0.0
0.0145753 -0.000579842 0.0
0.0148236 -0.00055017 0.0
0.0150629 -0.000521929 0.0
0.0152939 -0.000495466 0.0
0.0155161 -0.000470376 0.0
0.0157297 -0.000446338 0.0
0.0159359 -0.000423613 0.0
0.0161346 -0.000402204 0.0
0.0163259 -0.000381807 0.0
0.0165103 -0.000362389 0.0
0.0166883 -0.000344078 0.0
0.0168598 -0.000326757 0.0
0.0170253 -0.000310277 0.0
0.0171849 -0.000294676 0.0
0.0173392 -0.000279971 0.0
0.017488 -0.000266046 0.0
0.0176318 -0.000252851 0.0
0.0177707 -0.000240409 0.0
0.0179051 -0.000228684 0.0
0.0180349 -0.000217602 0.0
0.0181606 -0.000207149 0.0
0.0182822 -0.000197322 0.0
0.0183999 -0.000188072 0.0
0.0185139 -0.000179362 0.0
0.0186244 -0.000171182 0.0
0.0187314 -0.000163513 0.0
0.0188352 -0.000156315 0.0
0.0189359 -0.000149567 0.0
0.0190336 -0.000143258 0.0
0.0191285 -0.000137362 0.0
0.0192206 -0.000131853 0.0
0.0193101 -0.000126714 0.0
0.0193971 -0.000121932 0.0
0.0194817 -0.000117482 0.0
0.0195639 -0.000113347 0.0
0.0196439 -0.000109514 0.0
0.0197218 -0.000105965 0.0
0.0197976 -0.000102682 0.0
0.0198715 -9.96529e-05 0.0
0.0199434 -9.68632e-05 0.0
0.0200135 -9.42984e-05 0.0
0.0200819 -9.19445e-05 0.0
0.0201485 -8.97898e-05 0.0
0.0202135 -8.78223e-05 0.0
0.020277 -8.60294e-05 0.0
0.0203389 -8.44e-05 0.0
0.0203993 -8.29236e-05 0.0
0.0204583 -8.15899e-05 0.0
0.0205159 -8.03884e-05 0.0
0.0205722 -7.93098e-05 0.0
0.0206271 -7.83451e-05 0.0
0.0206809 -7.74853e-05 0.0
0.0207334 -7.67219e-05 0.0
0.0207848 -7.60469e-05 0.0
0.020835 -7.54526e-05 0.0
0.0208841 -7.49313e-05 0.0
0.0209321 -7.4476e-05 0.0
0.0209791 -7.40798e-05 0.0
0.0210251 -7.37361e-05 0.0
0.0210701 -7.34385e-05 0.0
0.0211141 -7.3181e-05 0.0
0.0211572 -7.29577e-05 0.0
0.0211994 -7.2763e-05 0.0
0.0212407 -7.25915e-05 0.0
0.0212812 -7.24379e-05 0.0
0.0213208 -7.22973e-05 0.0
0.0213596 -7.21648e-05 0.0
0.0213975 -7.20357e-05 0.0
0.0214347 -7.19056e-05 0.0
0.0214712 -7.177e-05 0.0
0.0215069 -7.16247e-05 0.0
0.0215418 -7.14656e-05 0.0
0.0215761 -7.12887e-05 0.0
0.0216096 -7.10901e-05 0.0
0.0216425 -7.08658e-05 0.0
0.0216746 -7.06122e-05 0.0
0.0217062 -7.03256e-05 0.0
0.021737 -7.00022e-05 0.0
0.0217672 -6.96384e-05 0.0
0.0217968 -6.92306e-05 0.0
0.0218257 -6.8775e-05 0.0
0.0218541 -6.82682e-05 0.0
0.0218818 -6.77061e-05 0.0
0.0219089 -6.70851e-05 0.0
0.0219354 -6.64011e-05 0.0
0.0219613 -6.56502e-05 0.0
0.0219865 -6.48277e-05 0.0
0.0220112 -6.39298e-05 0.0
0.0220353 -6.29509e-05 0.0
0.0220587 -6.18867e-05 0.0
0.0220815 -6.07306e-05 0.0
0.0221037 -5.94782e-05 0.0
0.0221253 -5.8121e-05 0.0
0.0221461 -5.66536e-05 0.0
0.0221663 -5.50657e-05 0.0
0.0221858 -5.33514e-05 0.0
0.0222046 -5.1496e-05 0.0
0.0222226 -4.9493e-05 0.0
0.0222397 -4.73232e-05 0.0
0.0222561 -4.49785e-05 0.0
0.0222714 -4.24312e-05 0.0
0.0222859 -3.96731e-05 0.0
0.0222992 -3.66645e-05 0.0
0.0223114 -3.33954e-05 0.0
0.0223223 -2.98082e-05 0.0
0.0223318 -2.58924e-05 0.0
0.0223398 -2.15618e-05 0.0
0.0223461 -1.68056e-05 0.0
0.0223504 -1.14962e-05 0.0
0.0223525 -5.72051e-06 0.0
0.0223526 -2.54292e-06 0.0
0.0 0.0 0.0
0.0 0.0 0.0
0.0193172 -4.00162e-06 0.0
0.0193225 -1.37362e-05 0.0
0.0193355 -2.15893e-05 0.0
0.0193552 -2.81053e-05 0.0
0.0193781 -3.70517e-05 0.0
0.0194077 -4.48065e-05 0.0
0.0194446 -4.97321e-05 0.0
0.0194839 -5.68871e-05 0.0
0.0195265 -6.37203e-05 0.0
0.0195771 -6.64986e-05 0.0
0.0196301 -7.09827e-05 0.0
0.0196832 -7.68232e-05 0.0
0.0197416 -7.76711e-05 0.0
0.0198041 -7.88129e-05 0.0
0.0198652 -8.29585e-05 0.0
0.0199278 -8.31095e-05 0.0
0.0199938 -8.11131e-05 0.0
0.0200594 -8.25592e-05 0.0
0.020124 -8.24075e-05 0.0
0.0201897 -7.8842e-05 0.0
0.0202552 -7.70262e-05 0.0
0.0203195 -7.60012e-05 0.0
0.0203828 -7.20321e-05 0.0
0.0204449 -6.7808e-05 0.0
0.0205056 -6.49088e-05 0.0
0.0205651 -6.0731e-05 0.0
0.0206221 -5.51727e-05 0.0
0.0206765 -5.02494e-05 0.0
0.0207296 -4.51191e-05 0.0
0.0207803 -3.87979e-05 0.0
0.0208271 -3.21513e-05 0.0
0.0208713 -2.54654e-05 0.0
0.0209134 -1.80082e-05 0.0
0.0209515 -9.90918e-06 0.0
0.0209852 -1.2962e-06 0.0
0.0210159 8.01345e-06 0.0
0.0210428 1.79931e-05 0.0
0.0210643 2.87726e-05 0.0
0.021081 4.08307e-05 0.0
0.0210932 5.37124e-05 0.0
0.0210996 6.74687e-05 0.0
0.0210991 8.31243e-05 0.0
0.0210924 0.000100687 0.0
0.0210788 0.000119078 0.0
0.0210565 0.000139866 0.0
0.0210253 0.000164237 0.0
0.0209848 0.000190797 0.0
0.0209333 0.00021948 0.0
0.0208691 0.000254206 0.0
0.0207919 0.000294108 0.0
0.0207001 0.000337695 0.0
0.02059 0.000388546 0.0
0.0204601 0.00045133 0.0
0.0203105 0.000522147 0.0
0.0201356 0.000605372 0.0
0.0199271 0.000707269 0.0
0.0196881 0.000831935 0.0
0.0194212 0.000981883 0.0
0.0190994 0.00117186 0.0
0.0187115 0.00140336 0.0
0.0182995 0.00170652 0.0
0.0178492 0.00211253 0.0
0.0172554 0.00261453 0.0
0.0166031 0.00329779 0.0
0.016093 0.00427876 0.0
0.0155577 0.00537414 0.0
0.0149051 0.00657966 0.0
0.014618 0.00787823 0.0
0.0144858 0.00835107 0.0
0.0133441 0.00756185 0.0
0.0108692 0.00590363 0.0
0.00785 0.00330128 0.0
0.00492185 0.00150009 0.0
0.00209521 0.000417434 0.0
0.0 0.0 0.0
0.0 0.0 0.0
0.0 0.0 0.0
0.0 0.0 0.0
0.0 0.0 0.0
0.0 0.0 0.0
0.0 0.0 0.0
0.0 0.0 0.0
0.0 0.0 0.0
0.0 0.0 0.0
0.0 0.0 0.0
0.0 0.0 0.0
0.0 0.0 0.0
0.0 0.0 0.0
0.0 0.0 0.0
0.0 0.0 0.0
0.0 0.0 0.0
0.0 0.0 0.0
0.0 0.0 0.0
0.0 0.0 0.0
0.0 0.0 0.0
0.0 0.0 0.0
0.0 0.0 0.0
0.0 0.0 0.0
0.0 0.0 0.0
0.0 0.0 0.0
0.0 0.0 0.0
0.0 0.0 0.0
0.0 0.0 0.0
0.0 0.0 0.0
0.0 0.0 0.0
0.0 0.0 0.0
0.0 0.0 0.0
0.0 0.0 0.0
0.0 0.0 0.0
0.0 0.0 0.0
0.0 0.0 0.0
0.0 0.0 0.0
0.0 0.0 0.0
0.0 0.0 0.0
0.0 0.0 0.0
0.0 0.0 0.0
0.0 0.0 0.0
0.0 0.0 0.0
0.0 0.0 0.0
0.0 0.0 0.0
0.0 0.0 0.0
0.0 0.0 0.0
0.0 0.0 0.0
0.0 0.0 0.0
0.0 0.0 0.0
0.0 0.0 0.0
0.0 0.0 0.0
0.0 0.0 0.0
0.0 0.0 0.0
0.0 0.0 0.0
0.0 0.0 0.0
0.0 0.0 0.0
0.0 0.0 0.0
0.0 0.0 0.0
0.0 0.0 0.0
0.0 0.0 0.0
0.0 0.0 0.0
0.0 0.0 0.0
0.0 0.0 0.0
0.0 0.0 0.0
0.0 0.0 0.0
0.0 0.0 0.0
0.0 0.0 0.0
0.0 0.0 0.0
0.000403031 -0.000317887 0.0
0.000960245 -0.000238255 0.0
0.00122931 -0.000156852 0.0
0.00145501 -0.00019302 0.0
0.00188457 -0.000463819 0.0
0.00234521 -0.000795683 0.0
0.00280151 -0.000751592 0.0
0.00338008 -0.000582821 0.0
0.0039457 -0.000579955 0.0
0.00438647 -0.000889993 0.0
0.00474568 -0.0010958 0.0
0.00512821 -0.00118387 0.0
0.0055813 -0.00108731 0.0
0.00609206 -0.00109621 0.0
0.00654347 -0.00120632 0.0
0.00687425 -0.00138438 0.0
0.00716242 -0.0014717 0.0
0.00751149 -0.00153631 0.0
0.00790552 -0.00166902 0.0
0.00829246 -0.00178876 0.0
0.00858974 -0.00201759 0.0
0.00881595 -0.00213151 0.0
0.00904393 -0.00222082 0.0
0.00926037 -0.00221849 0.0
0.00951041 -0.00212229 0.0
0.00981909 -0.00203239 0.0
0.010161 -0.00193507 0.0
0.0105125 -0.00183675 0.0
0.0108604 -0.00173749 0.0
0.0112046 -0.00164671 0.0
0.0115519 -0.00156293 0.0
0.0118968 -0.00148489 0.0
0.0122287 -0.00140851 0.0
0.01255 -0.00133792 0.0
0.0128663 -0.00127329 0.0
0.0131738 -0.00121172 0.0
0.0134686 -0.00115206 0.0
0.0137542 -0.00109686 0.0
0.0140321 -0.00104528 0.0
0.0142998 -0.000995469 0.0
0.014557 -0.000947859 0.0
0.0148061 -0.000903511 0.0
0.0150469 -0.000861316 0.0
0.0152783 -0.000820636 0.0
0.0155013 -0.000782105 0.0
0.0157168 -0.000745848 0.0
0.0159245 -0.000711095 0.0
0.0161244 -0.000677833 0.0
0.0163171 -0.000646414 0.0
0.0165032 -0.000616613 0.0
0.0166825 -0.000588068 0.0
0.0168552 -0.000560924 0.0
0.017022 -0.00053526 0.0
0.0171829 -0.000510832 0.0
0.0173381 -0.00048753 0.0
0.0174878 -0.000465457 0.0
0.0176325 -0.000444553 0.0
0.0177721 -0.000424663 0.0
0.017907 -0.000405773 0.0
0.0180374 -0.000387912 0.0
0.0181634 -0.000370986 0.0
0.0182853 -0.000354919 0.0
0.0184032 -0.000339716 0.0
0.0185173 -0.000325351 0.0
0.0186278 -0.000311751 0.0
0.0187348 -0.000298881 0.0
0.0188385 -0.000286733 0.0
0.018939 -0.000275266 0.0
0.0190365 -0.00026443 0.0
0.0191311 -0.000254206 0.0
0.0192229 -0.000244574 0.0
0.019312 -0.000235494 0.0
0.0193985 -0.000226936 0.0
0.0194826 -0.000218883 0.0
0.0195644 -0.000211308 0.0
0.0196439 -0.000204182 0.0
0.0197212 -0.000197483 0.0
0.0197965 -0.000191192 0.0
0.0198698 -0.000185287 0.0
0.0199412 -0.000179744 0.0
0.0200107 -0.000174545 0.0
0.0200785 -0.000169674 0.0
0.0201445 -0.000165109 0.0
0.0202089 -0.000160834 0.0
0.0202718 -0.000156834 0.0
0.0203331 -0.000153092 0.0
0.0203929 -0.000149592 0.0
0.0204513 -0.000146319 0.0
0.0205084 -0.000143262 0.0
0.0205641 -0.000140405 0.0
0.0206186 -0.000137737 0.0
0.0206718 -0.000135244 0.0
0.0207238 -0.000132916 0.0
0.0207746 -0.00013074 0.0
0.0208244 -0.000128708 0.0
0.020873 -0.000126807 0.0
0.0209206 -0.000125029 0.0
0.0209671 -0.000123364 0.0
0.0210127 -0.000121803 0.0
0.0210572 -0.000120338 0.0
0.0211009 -0.00011896 0.0
0.0211436 -0.000117662 0.0
0.0211854 -0.000116436 0.0
0.0212264 -0.000115274 0.0
0.0212665 -0.00011417 0.0
0.0213057 -0.000113117 0.0
0.0213442 -0.000112109 0.0
0.0213819 -0.00011114 0.0
0.0214188 -0.000110203 0.0
0.021455 -0.000109293 0.0
0.0214904 -0.000108404 0.0
0.0215252 -0.000107531 0.0
0.0215592 -0.000106669 0.0
0.0215925 -0.000105812 0.0
0.0216252 -0.000104956 0.0
0.0216572 -0.000104097 0.0
0.0216886 -0.000103228 0.0
0.0217193 -0.000102346 0.0
0.0217494 -0.000101446 0.0
0.0217789 -0.000100523 0.0
0.0218078 -9.9573e-05 0.0
0.021836 -9.85914e-05 0.0
0.0218637 -9.75736e-05 0.0
0.0218909 -9.65147e-05 0.0
0.0219174 -9.54104e-05 0.0
0.0219434 -9.42552e-05 0.0
0.0219688 -9.30447e-05 0.0
0.0219936 -9.17732e-05 0.0
0.0220179 -9.04356e-05 0.0
0.0220415 -8.90254e-05 0.0
0.0220647 -8.75374e-05 0.0
0.0220872 -8.59638e-05 0.0
0.0221092 -8.42985e-05 0.0
0.0221306 -8.25323e-05 0.0
0.0221514 -8.06587e-05 0.0
0.0221716 -7.86652e-05 0.0
0.0221912 -7.65446e-05 0.0
0.0222101 -7.42811e-05 0.0
0.0222284 -7.18661e-05 0.0
0.0222459 -6.9278e-05 0.0
0.0222628 -6.65073e-05 0.0
0.0222788 -6.35244e-05 0.0
0.0222941 -6.03179e-05 0.0
0.0223085 -5.68458e-05 0.0
0.022322 -5.3096e-05 0.0
0.0223344 -4.90077e-05 0.0
0.0223458 -4.45671e-05 0.0
0.022356 -3.96851e-05 0.0
0.0223648 -3.43482e-05 0.0
0.0223722 -2.84222e-05 0.0
0.022378 -2.18954e-05 0.0
0.022382 -1.45686e-05 0.0
0.0223839 -6.5621e-06 0.0
0.0223839 -2.15158e-06 0.0
0.0 0.0 0.0
0.0 0.0 0.0
0.0193178 -8.52933e-06 0.0
0.0193241 -2.22522e-05 0.0
0.0193352 -3.73102e-05 0.0
0.0193551 -5.10989e-05 0.0
0.0193809 -6.311e-05 0.0
0.0194101 -7.76492e-05 0.0
0.0194459 -9.02098e-05 0.0
0.0194882 -9.76524e-05 0.0
0.0195329 -0.000108897 0.0
0.0195819 -0.000121461 0.0
0.0196361 -0.000125017 0.0
0.0196926 -0.000129672 0.0
0.0197512 -0.000140514 0.0
0.0198132 -0.00014364 0.0
0.0198765 -0.000141742 0.0
0.019941 -0.000147421 0.0
0.020007 -0.000151075 0.0
0.0200733 -0.000146558 0.0
0.0201396 -0.000145299 0.0
0.0202064 -0.000147501 0.0
0.0202723 -0.000143335 0.0
0.0203372 -0.00013735 0.0
0.0204018 -0.000135413 0.0
0.020465 -0.000131767 0.0
0.020526 -0.000124071 0.0
0.0205859 -0.000117889 0.0
0.0206443 -0.000112748 0.0
0.0206997 -0.000104861 0.0
0.0207528 -9.58487e-05 0.0
0.0208042 -8.79601e-05 0.0
0.0208524 -7.91177e-05 0.0
0.0208973 -6.85346e-05 0.0
0.0209397 -5.77422e-05 0.0
0.0209788 -4.67145e-05 0.0
0.0210137 -3.42745e-05 0.0
0.0210451 -2.08038e-05 0.0
0.0210729 -6.6079e-06 0.0
0.0210955 8.81901e-06 0.0
0.0211135 2.56895e-05 0.0
0.0211272 4.38225e-05 0.0
0.0211347 6.38068e-05 0.0
0.0211356 8.57422e-05 0.0
0.0211313 0.000109529 0.0
0.0211202 0.000135818 0.0
0.0210992 0.000165663 0.0
0.0210707 0.000198252 0.0
0.0210353 0.000234089 0.0
0.020987 0.00027545 0.0
0.0209254 0.000323032 0.0
0.0208558 0.00037437 0.0
0.0207725 0.000433492 0.0
0.0206673 0.000505223 0.0
0.0205471 0.000586364 0.0
0.0204143 0.0006742 0.0
0.0202533 0.000785686 0.0
0.0200619 0.000923883 0.0
0.0198523 0.00107261 0.0
0.0196155 0.00124745 0.0
0.0193355 0.00149629 0.0
0.0190188 0.00178814 0.0
0.0186688 0.00209629 0.0
0.0182921 0.00254075 0.0
0.0178894 0.00316852 0.0
0.017447 0.00382497 0.0
0.0170539 0.00463609 0.0
0.0168282 0.0057827 0.0
0.0166468 0.00694857 0.0
0.0164558 0.00794554 0.0
0.0164045 0.0086359 0.0
0.0163141 0.008473 0.0
0.015641 0.00781195 0.0
0.0135594 0.00637743 0.0
0.0104576 0.00495282 0.0
0.00764447 0.00295744 0.0
0.00506356 0.00150476 0.0
0.00217109 0.000555148 0.0
0.0 0.0 0.0
0.0 0.0 0.0
0.0 0.0 0.0
0.0 0.0 0.0
0.0 0.0 0.0
0.0 0.0 0.0
0.0 0.0 0.0
0.0 0.0 0.0
0.0 0.0 0.0
0.0 0.0 0.0
0.0 0.0 0.0
0.0 0.0 0.0
0.0 0.0 0.0
0.0 0.0 0.0
0.0 0.0 0.0
0.0 0.0 0.0
0.0 0.0 0.0
0.0 0.0 0.0
0.0 0.0 0.0
0.0 0.0 0.0
0.0 0.0 0.0
0.0 0.0 0.0
0.0 0.0 0.0
0.0 0.0 0.0
0.0 0.0 0.0
0.0 0.0 0.0
0.0 0.0 0.0
0.0 0.0 0.0
0.0 0.0 0.0
0.0 0.0 0.0
0.0 0.0 0.0
0.0 0.0 0.0
0.0 0.0 0.0
0.0 0.0 0.0
0.0 0.0 0.0
0.0 0.0 0.0
0.0 0.0 0.0
0.0 0.0 0.0
0.0 0.0 0.0
0.0 0.0 0.0
0.0 0.0 0.0
0.0 0.0 0.0
0.0 0.0 0.0
0.0 0.0 0.0
0.0 0.0 0.0
0.0 0.0 0.0
0.0 0.0 0.0
0.0 0.0 0.0
0.0 0.0 0.0
0.0 0.0 0.0
0.0 0.0 0.0
0.0 0.0 0.0
0.0 0.0 0.0
0.0 0.0 0.0
0.0 0.0 0.0
0.0 0.0 0.0
0.0 0.0 0.0
0.0 0.0 0.0
0.0 0.0 0.0
0.0 0.0 0.0
0.0 0.0 0.0
0.000418803 -0.000330457 0.0
0.00099931 -0.000250466 0.0
0.0012802 -0.000160109 0.0
0.00144557 -0.000149232 0.0
0.00163238 -0.000173696 0.0
0.00187546 -0.000201497 0.0
0.00227832 -0.000474638 0.0
0.00272118 -0.000868774 0.0
0.00321198 -0.000819853 0.0
0.00383554 -0.000615242 0.0
0.00442225 -0.000606674 0.0
0.00487816 -0.000950614 0.0
0.00525249 -0.00117028 0.0
0.00564486 -0.00125503 0.0
0.00610601 -0.00114516 0.0
0.00663459 -0.00114245 0.0
0.00710428 -0.00124269 0.0
0.00743351 -0.00141786 0.0
0.00770593 -0.00148858 0.0
0.00804527 -0.00150807 0.0
0.00844107 -0.00157439 0.0
0.00885573 -0.00158837 0.0
0.00922128 -0.00172728 0.0
0.00954874 -0.00180447 0.0
0.00989489 -0.00190177 0.0
0.0102034 -0.00200448 0.0
0.010481 -0.00209308 0.0
0.0107261 -0.00224824 0.0
0.0109365 -0.00234532 0.0
0.0111183 -0.00240873 0.0
0.0112792 -0.00240002 0.0
0.0114734 -0.00237989 0.0
0.0117065 -0.00232226 0.0
0.0119566 -0.0022261 0.0
0.0122088 -0.00213772 0.0
0.0124719 -0.00205153 0.0
0.0127527 -0.00196143 0.0
0.0130343 -0.00187195 0.0
0.0133045 -0.00178905 0.0
0.0135732 -0.00170852 0.0
0.0138448 -0.00163156 0.0
0.0141086 -0.00155823 0.0
0.0143614 -0.00148821 0.0
0.0146102 -0.00142113 0.0
0.0148545 -0.00135781 0.0
0.0150892 -0.00129713 0.0
0.0153154 -0.00123892 0.0
0.0155363 -0.00118361 0.0
0.0157503 -0.0011311 0.0
0.0159555 -0.0010806 0.0
0.016154 -0.00103238 0.0
0.0163466 -0.000986614 0.0
0.0165321 -0.00094292 0.0
0.0167105 -0.000901013 0.0
0.0168831 -0.000861149 0.0
0.0170499 -0.000823246 0.0
0.0172104 -0.00078701 0.0
0.0173651 -0.000752412 0.0
0.0175148 -0.000719557 0.0
0.0176591 -0.000688276 0.0
0.0177982 -0.000658423 0.0
0.0179325 -0.000630026 0.0
0.0180624 -0.00060307 0.0
0.0181876 -0.00057741 0.0
0.0183086 -0.000552993 0.0
0.0184256 -0.000529822 0.0
0.0185387 -0.000507831 0.0
0.0186481 -0.000486929 0.0
0.0187538 -0.000467092 0.0
0.0188563 -0.000448294 0.0
0.0189554 -0.000430465 0.0
0.0190514 -0.000413553 0.0
0.0191445 -0.000397536 0.0
0.0192347 -0.000382373 0.0
0.0193222 -0.000368009 0.0
0.0194071 -0.000354409 0.0
0.0194895 -0.000341548 0.0
0.0195696 -0.000329384 0.0
0.0196474 -0.000317877 0.0
0.0197229 -0.000307 0.0
0.0197965 -0.000296724 0.0
0.019868 -0.000287015 0.0
0.0199376 -0.000277842 0.0
0.0200053 -0.000269183 0.0
0.0200713 -0.000261009 0.0
0.0201356 -0.000253292 0.0
0.0201983 -0.000246009 0.0
0.0202594 -0.000239139 0.0
0.020319 -0.000232658 0.0
0.0203772 -0.000226543 0.0
0.0204339 -0.000220776 0.0
0.0204893 -0.000215337 0.0
0.0205435 -0.000210206 0.0
0.0205964 -0.000205366 0.0
0.020648 -0.000200801 0.0
0.0206985 -0.000196493 0.0
0.0207479 -0.000192427 0.0
0.0207962 -0.000188589 0.0
0.0208434 -0.000184964 0.0
0.0208896 -0.000181539 0.0
0.0209348 -0.0001783 0.0
0.0209791 -0.000175236 0.0
0.0210224 -0.000172335 0.0
0.0210648 -0.000169586 0.0
0.0211063 -0.000166977 0.0
0.021147 -0.000164499 0.0
0.0211868 -0.000162142 0.0
0.0212258 -0.000159896 0.0
0.0212641 -0.000157753 0.0
0.0213015 -0.000155703 0.0
0.0213382 -0.000153739 0.0
0.0213742 -0.000151853 0.0
0.0214095 -0.000150036 0.0
0.021444 -0.000148283 0.0
0.0214779 -0.000146586 0.0
0.0215111 -0.000144938 0.0
0.0215437 -0.000143332 0.0
0.0215756 -0.000141763 0.0
0.0216069 -0.000140225 0.0
0.0216375 -0.00013871 0.0
0.0216676 -0.000137215 0.0
0.0216971 -0.000135732 0.0
0.021726 -0.000134256 0.0
0.0217543 -0.000132783 0.0
0.0217821 -0.000131307 0.0
0.0218093 -0.000129822 0.0
0.021836 -0.000128323 0.0
0.0218621 -0.000126804 0.0
0.0218877 -0.000125261 0.0
0.0219128 -0.000123689 0.0
0.0219374 -0.00012208 0.0
0.0219614 -0.00012043 0.0
0.0219849 -0.000118734 0.0
0.022008 -0.000116984 0.0
0.0220305 -0.000115174 0.0
0.0220525 -0.000113298 0.0
0.022074 -0.000111347 0.0
0.022095 -0.000109316 0.0
0.0221154 -0.000107194 0.0
0.0221354 -0.000104974 0.0
0.0221548 -0.000102644 0.0
0.0221736 -0.000100195 0.0
0.0221919 -9.76121e-05 0.0
0.0222097 -9.48855e-05 0.0
0.0222268 -9.19942e-05 0.0
0.0222434 -8.89275e-05 0.0
0.0222593 -8.56577e-05 0.0
0.0222745 -8.21722e-05 0.0
0.0222891 -7.84315e-05 0.0
0.0223029 -7.4422e-05 0.0
0.0223159 -7.00888e-05 0.0
0.022328 -6.54153e-05 0.0
0.0223392 -6.03221e-05 0.0
0.0223494 -5.47924e-05 0.0
0.0223586 -4.8709e-05 0.0
0.0223665 -4.20548e-05 0.0
0.0223731 -3.46543e-05 0.0
0.0223782 -2.64947e-05 0.0
0.0223817 -1.73139e-05 0.0
0.0223833 -7.26587e-06 0.0
0.0223833 -1.72989e-06 0.0
0.0 0.0 0.0
0.0 0.0 0.0
0.0193145 -1.3177e-05 0.0
0.019323 -3.1278e-05 0.0
0.0193367 -5.18949e-05 0.0
0.0193554 -7.52406e-05 0.0
0.0193826 -9.27829e-05 0.0
0.019415 -0.000108245 0.0
0.0194499 -0.000128739 0.0
0.0194932 -0.000145573 0.0
0.0195424 -0.000155711 0.0
0.0195914 -0.000169959 0.0
0.0196452 -0.000184011 0.0
0.0197063 -0.0001904 0.0
0.0197667 -0.000197505 0.0
0.0198277 -0.00020692 0.0
0.019894 -0.000210212 0.0
0.0199615 -0.000211771 0.0
0.0200272 -0.000215365 0.0
0.0200948 -0.000215991 0.0
0.0201637 -0.000213516 0.0
0.0202313 -0.000212067 0.0
0.0202983 -0.000209471 0.0
0.0203649 -0.000204488 0.0
0.0204302 -0.000199035 0.0
0.0204946 -0.000193337 0.0
0.0205574 -0.000186025 0.0
0.0206177 -0.00017791 0.0
0.0206767 -0.000169251 0.0
0.0207343 -0.000159664 0.0
0.0207884 -0.000149163 0.0
0.0208396 -0.000138025 0.0
0.0208895 -0.000125874 0.0
0.0209364 -0.000112898 0.0
0.0209788 -9.90726e-05 0.0
0.0210186 -8.41368e-05 0.0
0.0210558 -6.80582e-05 0.0
0.0210883 -5.09945e-05 0.0
0.0211162 -3.24388e-05 0.0
0.021141 -1.23691e-05 0.0
0.0211612 9.12312e-06 0.0
0.0211753 3.25356e-05 0.0
0.0211845 5.83345e-05 0.0
0.0211889 8.60699e-05 0.0
0.0211861 0.000116472 0.0
0.0211761 0.000150455 0.0
0.0211601 0.000187769 0.0
0.0211359 0.000228462 0.0
0.0211015 0.000274756 0.0
0.0210585 0.000326602 0.0
0.0210065 0.00038388 0.0
0.0209411 0.00044903 0.0
0.0208617 0.000524315 0.0
0.0207717 0.000608139 0.0
0.0206672 0.000705256 0.0
0.0205403 0.000819411 0.0
0.020395 0.000949394 0.0
0.0202396 0.00110021 0.0
0.0200589 0.00128654 0.0
0.0198381 0.00150136 0.0
0.0196056 0.00174995 0.0
0.0193782 0.00206791 0.0
0.0190961 0.00245563 0.0
0.0187615 0.00289566 0.0
0.0185022 0.0034613 0.0
0.0182984 0.00416398 0.0
0.0180046 0.00495243 0.0
0.0178111 0.00589605 0.0
0.017948 0.00690554 0.0
0.0181684 0.00782909 0.0
0.0182509 0.00871279 0.0
0.0181593 0.00888943 0.0
0.0177706 0.00843444 0.0
0.0171932 0.00810778 0.0
0.0161363 0.00719067 0.0
0.0138308 0.00578357 0.0
0.0108366 0.004873 0.0
0.00811578 0.00312877 0.0
0.00569925 0.00145748 0.0
0.00357042 0.000305614 0.0
0.00163453 0.000307229 0.0
0.0 0.0 0.0
0.0 0.0 0.0
0.0 0.0 0.0
0.0 0.0 0.0
0.0 0.0 0.0
0.0 0.0 0.0
0.0 0.0 0.0
0.0 0.0 0.0
0.0 0.0 0.0
0.0 0.0 0.0
0.0 0.0 0.0
0.0 0.0 0.0
0.0 0.0 0.0
0.0 0.0 0.0
0.0 0.0 0.0
0.0 0.0 0.0
0.0 0.0 0.0
0.0 0.0 0.0
0.0 0.0 0.0
0.0 0.0 0.0
0.0 0.0 0.0
0.0 0.0 0.0
0.0 0.0 0.0
0.0 0.0 0.0
0.0 0.0 0.0
0.0 0.0 0.0
0.0 0.0 0.0
0.0 0.0 0.0
0.0 0.0 0.0
0.0 0.0 0.0
0.0 0.0 0.0
0.0 0.0 0.0
0.0 0.0 0.0
0.0 0.0 0.0
0.0 0.0 0.0
0.0 0.0 0.0
0.0 0.0 0.0
0.0 0.0 0.0
0.0 0.0 0.0
0.0 0.0 0.0
0.0 0.0 0.0
0.0 0.0 0.0
0.0 0.0 0.0
0.0 0.0 0.0
0.0 0.0 0.0
0.0 0.0 0.0
0.0 0.0 0.0
0.0 0.0 0.0
0.0 0.0 0.0
0.0 0.0 0.0
0.0 0.0 0.0
0.0 0.0 0.0
0.000477308 -0.000362824 0.0
0.00112242 -0.000262534 0.0
0.00142414 -0.000162718 0.0
0.00159792 -0.000157327 0.0
0.00187738 -0.000237707 0.0
0.00235129 -0.000500641 0.0
0.00279931 -0.000888711 0.0
0.00327905 -0.00085125 0.0
0.00392124 -0.000603258 0.0
0.00447485 -0.000481168 0.0
0.00488573 -0.000503224 0.0
0.00531344 -0.000559709 0.0
0.00573462 -0.000939309 0.0
0.00608023 -0.00121366 0.0
0.00642675 -0.00132716 0.0
0.0068719 -0.0011954 0.0
0.00741396 -0.00118888 0.0
0.0078855 -0.00130013 0.0
0.00819938 -0.00148755 0.0
0.00846179 -0.0015568 0.0
0.00879942 -0.00157108 0.0
0.00919198 -0.00163144 0.0
0.00960928 -0.00163085 0.0
0.00998142 -0.00175903 0.0
0.010305 -0.00181345 0.0
0.0106436 -0.00186776 0.0
0.0109615 -0.00192136 0.0
0.0112779 -0.0019553 0.0
0.0115935 -0.00203885 0.0
0.011883 -0.00211017 0.0
0.0121517 -0.00218958 0.0
0.012405 -0.0022659 0.0
0.012651 -0.00236435 0.0
0.0128728 -0.00244975 0.0
0.0130513 -0.00252664 0.0
0.0132004 -0.00256853 0.0
0.0133584 -0.00257352 0.0
0.0135199 -0.00256376 0.0
0.0136719 -0.0025118 0.0
0.0138407 -0.00244399 0.0
0.0140349 -0.00237108 0.0
0.01424 -0.00228766 0.0
0.0144449 -0.00220192 0.0
0.0146513 -0.00211591 0.0
0.0148637 -0.00203159 0.0
0.0150789 -0.00194918 0.0
0.0152893 -0.00186907 0.0
0.0154946 -0.0017902 0.0
0.0156988 -0.0017151 0.0
0.0159002 -0.00164336 0.0
0.0160947 -0.00157355 0.0
0.0162835 -0.00150592 0.0
0.0164685 -0.001442 0.0
0.0166482 -0.00138069 0.0
0.0168212 -0.0013212 0.0
0.0169889 -0.00126431 0.0
0.0171519 -0.00121039 0.0
0.017309 -0.00115846 0.0
0.0174604 -0.00110849 0.0
0.017607 -0.00106097 0.0
0.0177487 -0.00101572 0.0
0.0178852 -0.000972211 0.0
0.0180168 -0.00093064 0.0
0.018144 -0.000891161 0.0
0.0182668 -0.000853469 0.0
0.0183851 -0.000817383 0.0
0.0184994 -0.000783063 0.0
0.0186098 -0.00075045 0.0
0.0187163 -0.000719324 0.0
0.0188192 -0.000689658 0.0
0.0189187 -0.000661504 0.0
0.0190148 -0.000634737 0.0
0.0191077 -0.000609244 0.0
0.0191976 -0.000585027 0.0
0.0192846 -0.00056206 0.0
0.0193688 -0.000540236 0.0
0.0194504 -0.0005195 0.0
0.0195294 -0.000499842 0.0
0.0196061 -0.000481204 0.0
0.0196804 -0.000463514 0.0
0.0197526 -0.000446739 0.0
0.0198226 -0.000430853 0.0
0.0198907 -0.000415797 0.0
0.0199568 -0.000401525 0.0
0.0200211 -0.00038801 0.0
0.0200837 -0.000375216 0.0
0.0201446 -0.000363097 0.0
0.0202039 -0.000351621 0.0
0.0202616 -0.000340762 0.0
0.0203179 -0.000330483 0.0
0.0203728 -0.000320752 0.0
0.0204264 -0.000311542 0.0
0.0204786 -0.000302827 0.0
0.0205296 -0.000294578 0.0
0.0205794 -0.000286768 0.0
0.0206281 -0.000279377 0.0
0.0206757 -0.00027238 0.0
0.0207221 -0.000265754 0.0
0.0207676 -0.000259479 0.0
0.0208121 -0.000253534 0.0
0.0208556 -0.000247901 0.0
0.0208981 -0.000242561 0.0
0.0209398 -0.000237496 0.0
0.0209806 -0.000232691 0.0
0.0210206 -0.000228129 0.0
0.0210597 -0.000223795 0.0
0.0210981 -0.000219675 0.0
0.0211356 -0.000215756 0.0
0.0211725 -0.000212023 0.0
0.0212086 -0.000208465 0.0
0.021244 -0.00020507 0.0
0.0212787 -0.000201826 0.0
0.0213127 -0.000198723 0.0
0.0213461 -0.000195751 0.0
0.0213788 -0.000192899 0.0
0.0214109 -0.000190158 0.0
0.0214424 -0.000187519 0.0
0.0214733 -0.000184973 0.0
0.0215036 -0.000182513 0.0
0.0215333 -0.000180129 0.0
0.0215625 -0.000177816 0.0
0.0215911 -0.000175564 0.0
0.0216192 -0.000173367 0.0
0.0216468 -0.000171219 0.0
0.0216738 -0.000169112 0.0
0.0217004 -0.00016704 0.0
0.0217264 -0.000164996 0.0
0.0217519 -0.000162975 0.0
0.021777 -0.000160971 0.0
0.0218016 -0.000158977 0.0
0.0218257 -0.000156987 0.0
0.0218493 -0.000154996 0.0
0.0218725 -0.000152997 0.0
0.0218952 -0.000150985 0.0
0.0219175 -0.000148953 0.0
0.0219393 -0.000146896 0.0
0.0219607 -0.000144808 0.0
0.0219817 -0.00014268 0.0
0.0220022 -0.000140508 0.0
0.0220223 -0.000138283 0.0
0.0220419 -0.000135999 0.0
0.0220611 -0.000133647 0.0
0.0220799 -0.000131218 0.0
0.0220982 -0.000128705 0.0
0.022116 -0.000126096 0.0
0.0221334 -0.000123381 0.0
0.0221503 -0.000120547 0.0
0.0221668 -0.000117584 0.0
0.0221828 -0.000114472 0.0
0.0221982 -0.0001112 0.0
0.0222132 -0.000107744 0.0
0.0222276 -0.00010409 0.0
0.0222415 -0.000100205 0.0
0.0222547 -9.60736e-05 0.0
0.0222673 -9.16486e-05 0.0
0.0222793 -8.69134e-05 0.0
0.0222906 -8.18014e-05 0.0
0.0223011 -7.62933e-05 0.0
0.0223108 -7.02939e-05 0.0
0.0223195 -6.37829e-05 0.0
0.0223274 -5.66193e-05 0.0
0.0223342 -4.87839e-05 0.0
0.0223398 -4.00665e-05 0.0
0.0223441 -3.04531e-05 0.0
0.022347 -1.96309e-05 0.0
0.0223483 -7.78937e-06 0.0
0.0223481 -1.26946e-06 0.0
0.0 0.0 0.0
0.0 0.0 0.0
0.019315 -1.48721e-05 0.0
0.0193228 -4.41544e-05 0.0
0.0193391 -7.03916e-05 0.0
0.0193585 -9.56723e-05 0.0
0.0193829 -0.0001234 0.0
0.0194188 -0.000146125 0.0
0.0194594 -0.00016645 0.0
0.0195005 -0.000191263 0.0
0.0195494 -0.000209472 0.0
0.0196056 -0.000221326 0.0
0.0196617 -0.000239972 0.0
0.0197206 -0.000255512 0.0
0.019785 -0.00025938 0.0
0.0198512 -0.000268441 0.0
0.0199175 -0.000280345 0.0
0.0199857 -0.000280953 0.0
0.0200553 -0.000279942 0.0
0.0201256 -0.000285582 0.0
0.0201952 -0.000285083 0.0
0.0202642 -0.000278383 0.0
0.0203336 -0.000275776 0.0
0.0204026 -0.000273405 0.0
0.0204689 -0.000264612 0.0
0.020534 -0.000255735 0.0
0.0205991 -0.000249072 0.0
0.0206617 -0.000239401 0.0
0.020721 -0.00022689 0.0
0.0207793 -0.000215592 0.0
0.0208359 -0.000203654 0.0
0.0208888 -0.000189136 0.0
0.0209387 -0.000173845 0.0
0.0209868 -0.000158513 0.0
0.0210317 -0.00014142 0.0
0.0210725 -0.000122769 0.0
0.0211101 -0.000103279 0.0
0.0211445 -8.23885e-05 0.0
0.0211745 -5.95949e-05 0.0
0.0212003 -3.52954e-05 0.0
0.0212218 -9.01139e-06 0.0
0.0212382 1.9643e-05 0.0
0.0212497 5.05371e-05 0.0
0.021256 8.4046e-05 0.0
0.0212556 0.000121287 0.0
0.0212489 0.000161919 0.0
0.0212363 0.000205986 0.0
0.0212158 0.000255242 0.0
0.0211858 0.000310961 0.0
0.0211486 0.000371475 0.0
0.0211029 0.000438487 0.0
0.0210445 0.000516406 0.0
0.0209749 0.000604877 0.0
0.0208959 0.000700166 0.0
0.0208025 0.000811052 0.0
0.0206933 0.000945194 0.0
0.0205712 0.00109345 0.0
0.0204326 0.00125543 0.0
0.0202776 0.00146128 0.0
0.0201111 0.00170939 0.0
0.0199215 0.0019701 0.0
0.0197146 0.00228353 0.0
0.0195232 0.002705 0.0
0.0193272 0.00316655 0.0
0.0191029 0.00366591 0.0
0.0189486 0.00433255 0.0
0.0189074 0.00510243 0.0
0.0188883 0.00588341 0.0
0.0189283 0.00677545 0.0
0.0191587 0.00761244 0.0
0.0195724 0.00832999 0.0
0.019937 0.00890665 0.0
0.0198512 0.00895987 0.0
0.0194332 0.00874084 0.0
0.0188665 0.00813248 0.0
0.0180441 0.00770099 0.0
0.0168858 0.00695269 0.0
0.0149591 0.00559696 0.0
0.0125177 0.00428685 0.0
0.0098277 0.00267305 0.0
0.00751689 0.00244175 0.0
0.00554434 0.00111832 0.0
0.00380659 0.000134257 0.0
0.00271517 5.89729e-05 0.0
0.00141075 0.000212186 0.0
0.0 0.0 0.0
0.0 0.0 0.0
0.0 0.0 0.0
0.0 0.0 0.0
0.0 0.0 0.0
0.0 0.0 0.0
0.0 0.0 0.0
0.0 0.0 0.0
0.0 0.0 0.0
0.0 0.0 0.0
0.0 0.0 0.0
0.0 0.0 0.0
0.0 0.0 0.0
0.0 0.0 0.0
0.0 0.0 0.0
0.0 0.0 0.0
0.0 0.0 0.0
0.0 0.0 0.0
0.0 0.0 0.0
0.0 0.0 0.0
0.0 0.0 0.0
0.0 0.0 0.0
0.0 0.0 0.0
0.0 0.0 0.0
0.0 0.0 0.0
0.0 0.0 0.0
0.0 0.0 0.0
0.0 0.0 0.0
0.0 0.0 0.0
0.0 0.0 0.0
0.0 0.0 0.0
0.0 0.0 0.0
0.0 0.0 0.0
0.0 0.0 0.0
0.0 0.0 0.0
0.0 0.0 0.0
0.0 0.0 0.0
0.0 0.0 0.0
0.0 0.0 0.0
0.0 0.0 0.0
0.0 0.0 0.0
0.000539827 -0.000393819 0.0
0.00125892 -0.000292315 0.0
0.00159828 -0.000175005 0.0
0.00178512 -0.000159885 0.0
0.00199349 -0.000190023 0.0
0.00227308 -0.000223103 0.0
0.00272255 -0.000526316 0.0
0.00319307 -0.000986888 0.0
0.00372889 -0.000928756 0.0
0.00442244 -0.000629682 0.0
0.00501109 -0.000554505 0.0
0.00549545 -0.000637224 0.0
0.00592116 -0.0010007 0.0
0.00630631 -0.00124803 0.0
0.00667546 -0.00136378 0.0
0.00707163 -0.00113891 0.0
0.00755617 -0.000982122 0.0
0.00807557 -0.000993797 0.0
0.00860136 -0.00108208 0.0
0.00904931 -0.00125307 0.0
0.00931697 -0.00147911 0.0
0.00951813 -0.00157986 0.0
0.00982404 -0.00161325 0.0
0.0102093 -0.00168336 0.0
0.0106173 -0.00167665 0.0
0.0109732 -0.00181634 0.0
0.0112828 -0.00187517 0.0
0.0116146 -0.00192555 0.0
0.0119231 -0.00197171 0.0
0.0122275 -0.00199669 0.0
0.0125354 -0.00206538 0.0
0.0128236 -0.0021156 0.0
0.0130967 -0.0021665 0.0
0.0133647 -0.00220154 0.0
0.0136382 -0.0022679 0.0
0.0139101 -0.00231897 0.0
0.0141654 -0.0023765 0.0
0.0143959 -0.00243651 0.0
0.0146177 -0.00249894 0.0
0.0148197 -0.00257451 0.0
0.014988 -0.00262502 0.0
0.0151319 -0.00267335 0.0
0.0152641 -0.00270549 0.0
0.01539 -0.00271903 0.0
0.0155058 -0.00269281 0.0
0.0156235 -0.00265095 0.0
0.015753 -0.00260692 0.0
0.0158904 -0.00253875 0.0
0.0160319 -0.00245774 0.0
0.0161768 -0.00238035 0.0
0.0163293 -0.00230033 0.0
0.0164879 -0.0022158 0.0
0.0166441 -0.00213176 0.0
0.0167971 -0.0020509 0.0
0.0169528 -0.00197089 0.0
0.0171086 -0.00189242 0.0
0.0172586 -0.0018161 0.0
0.0174046 -0.00174247 0.0
0.01755 -0.00167122 0.0
0.0176917 -0.00160241 0.0
0.0178275 -0.00153583 0.0
0.0179598 -0.00147192 0.0
0.0180893 -0.00141057 0.0
0.018214 -0.00135151 0.0
0.0183339 -0.00129469 0.0
0.0184503 -0.00124038 0.0
0.0185632 -0.00118838 0.0
0.0186716 -0.00113845 0.0
0.0187761 -0.00109067 0.0
0.0188773 -0.00104511 0.0
0.0189749 -0.00100154 0.0
0.0190687 -0.00095986 0.0
0.0191594 -0.000920129 0.0
0.019247 -0.000882287 0.0
0.0193314 -0.000846157 0.0
0.0194128 -0.000811719 0.0
0.0194916 -0.000778968 0.0
0.0195676 -0.000747799 0.0
0.019641 -0.000718109 0.0
0.019712 -0.000689885 0.0
0.0197807 -0.000663078 0.0
0.0198472 -0.000637591 0.0
0.0199115 -0.000613367 0.0
0.0199739 -0.00059038 0.0
0.0200343 -0.000568562 0.0
0.020093 -0.000547845 0.0
0.0201498 -0.000528187 0.0
0.0202051 -0.00050955 0.0
0.0202588 -0.000491871 0.0
0.020311 -0.000475102 0.0
0.0203617 -0.000459208 0.0
0.0204112 -0.000444144 0.0
0.0204593 -0.000429862 0.0
0.0205062 -0.000416324 0.0
0.020552 -0.000403497 0.0
0.0205966 -0.000391341 0.0
0.0206401 -0.000379818 0.0
0.0206827 -0.000368898 0.0
0.0207242 -0.000358549 0.0
0.0207649 -0.000348738 0.0
0.0208046 -0.000339436 0.0
0.0208434 -0.000330618 0.0
0.0208815 -0.000322254 0.0
0.0209187 -0.00031432 0.0
0.0209551 -0.000306791 0.0
0.0209908 -0.000299645 0.0
0.0210259 -0.000292859 0.0
0.0210602 -0.000286412 0.0
0.0210938 -0.000280285 0.0
0.0211268 -0.000274459 0.0
0.0211592 -0.000268916 0.0
0.0211909 -0.000263637 0.0
0.0212221 -0.000258608 0.0
0.0212527 -0.000253812 0.0
0.0212827 -0.000249235 0.0
0.0213122 -0.000244862 0.0
0.0213411 -0.000240681 0.0
0.0213695 -0.000236679 0.0
0.0213975 -0.000232842 0.0
0.0214249 -0.000229161 0.0
0.0214518 -0.000225623 0.0
0.0214783 -0.000222218 0.0
0.0215043 -0.000218937 0.0
0.0215298 -0.000215769 0.0
0.0215549 -0.000212706 0.0
0.0215796 -0.000209737 0.0
0.0216038 -0.000206856 0.0
0.0216276 -0.000204054 0.0
0.021651 -0.000201323 0.0
0.021674 -0.000198656 0.0
0.0216966 -0.000196044 0.0
0.0217187 -0.000193482 0.0
0.0217405 -0.000190962 0.0
0.0217619 -0.000188477 0.0
0.0217829 -0.000186021 0.0
0.0218036 -0.000183587 0.0
0.0218238 -0.000181169 0.0
0.0218437 -0.000178761 0.0
0.0218632 -0.000176356 0.0
0.0218824 -0.000173947 0.0
0.0219012 -0.000171529 0.0
0.0219196 -0.000169094 0.0
0.0219377 -0.000166636 0.0
0.0219554 -0.000164148 0.0
0.0219728 -0.000161623 0.0
0.0219898 -0.000159053 0.0
0.0220065 -0.000156431 0.0
0.0220228 -0.000153747 0.0
0.0220387 -0.000150994 0.0
0.0220543 -0.00014816 0.0
0.0220695 -0.000145237 0.0
0.0220844 -0.000142212 0.0
0.0220988 -0.000139075 0.0
0.0221129 -0.000135808 0.0
0.0221266 -0.000132402 0.0
0.0221398 -0.000128834 0.0
0.0221527 -0.000125091 0.0
0.0221651 -0.000121146 0.0
0.022177 -0.000116982 0.0
0.0221885 -0.000112561 0.0
0.0221994 -0.000107866 0.0
0.0222099 -0.000102845 0.0
0.0222197 -9.74762e-05 0.0
0.022229 -9.16848e-05 0.0
0.0222376 -8.54497e-05 0.0
0.0222455 -7.86622e-05 0.0
0.0222526 -7.12988e-05 0.0
0.022259 -6.32011e-05 0.0
0.0222644 -5.43475e-05 0.0
0.0222689 -4.45012e-05 0.0
0.0222723 -3.36472e-05 0.0
0.0222745 -2.14373e-05 0.0
0.0222754 -8.09817e-06 0.0
0.0222751 -7.63324e-07 0.0
0.0 0.0 0.0
0.0 0.0 0.0
0.0193167 -1.77723e-05 0.0
0.0193221 -5.60194e-05 0.0
0.0193366 -9.03796e-05 0.0
0.0193616 -0.00011806 0.0
0.0193897 -0.000151824 0.0
0.0194232 -0.000187605 0.0
0.0194666 -0.000210576 0.0
0.0195138 -0.000232914 0.0
0.0195631 -0.000263592 0.0
0.0196211 -0.0002842 0.0
0.0196825 -0.00029531 0.0
0.0197434 -0.000315008 0.0
0.0198097 -0.000331527 0.0
0.0198801 -0.000336526 0.0
0.0199487 -0.000343635 0.0
0.0200191 -0.000353333 0.0
0.0200923 -0.000354692 0.0
0.0201644 -0.000353263 0.0
0.020236 -0.000354012 0.0
0.0203085 -0.000352124 0.0
0.0203795 -0.000345709 0.0
0.0204494 -0.000339328 0.0
0.0205191 -0.000332546 0.0
0.0205865 -0.000323317 0.0
0.0206516 -0.000312071 0.0
0.0207164 -0.000300532 0.0
0.0207789 -0.000287935 0.0
0.0208375 -0.000273698 0.0
0.0208948 -0.000258031 0.0
0.0209506 -0.000241687 0.0
0.0210021 -0.00022418 0.0
0.0210503 -0.000205135 0.0
0.0210969 -0.000184666 0.0
0.0211401 -0.000163147 0.0
0.0211784 -0.000140023 0.0
0.0212138 -0.000115076 0.0
0.0212462 -8.83871e-05 0.0
0.0212734 -5.98257e-05 0.0
0.0212959 -2.88641e-05 0.0
0.021315 4.46687e-06 0.0
0.0213288 4.06021e-05 0.0
0.0213363 8.00438e-05 0.0
0.0213392 0.000122897 0.0
0.0213366 0.000169516 0.0
0.0213263 0.000221345 0.0
0.0213091 0.000278234 0.0
0.0212862 0.000340357 0.0
0.0212547 0.000410095 0.0
0.0212127 0.000488719 0.0
0.0211636 0.00057435 0.0
0.0211071 0.000671004 0.0
0.021037 0.000783257 0.0
0.0209535 0.000907611 0.0
0.0208647 0.00104498 0.0
0.0207672 0.00121002 0.0
0.0206475 0.00140016 0.0
0.0205147 0.0016059 0.0
0.0203909 0.00185039 0.0
0.0202566 0.00215093 0.0
0.0200868 0.0024793 0.0
0.0199345 0.00285111 0.0
0.0198386 0.00331318 0.0
0.0197241 0.00383907 0.0
0.0196018 0.00442026 0.0
0.0196103 0.00507888 0.0
0.0197367 0.00578483 0.0
0.019901 0.00658807 0.0
0.0201518 0.00737191 0.0
0.0204615 0.00793245 0.0
0.0208464 0.00853174 0.0
0.0212761 0.00893682 0.0
0.0214393 0.00894606 0.0
0.0211592 0.00877909 0.0
0.0206754 0.00851043 0.0
0.0200668 0.00781219 0.0
0.0193018 0.0072262 0.0
0.0182399 0.0060222 0.0
0.0164964 0.00519416 0.0
0.0144894 0.00450159 0.0
0.0126121 0.00320672 0.0
0.0106248 0.00185064 0.0
0.00861671 0.00178199 0.0
0.00701288 0.00178976 0.0
0.00543034 0.000975672 0.0
0.00394764 0.00014779 0.0
0.00321151 -0.000145421 0.0
0.0029062 -0.000195162 0.0
0.00245422 -2.35744e-05 0.0
0.00130533 0.000264289 0.0
0.0 0.0 0.0
0.0 0.0 0.0
0.0 0.0 0.0
0.0 0.0 0.0
0.0 0.0 0.0
0.0 0.0 0.0
0.0 0.0 0.0
0.0 0.0 0.0
0.0 0.0 0.0
0.0 0.0 0.0
0.0 0.0 0.0
0.0 0.0 0.0
0.0 0.0 0.0
0.0 0.0 0.0
0.0 0.0 0.0
0.0 0.0 0.0
0.0 0.0 0.0
0.0 0.0 0.0
0.0 0.0 0.0
0.0 0.0 0.0
0.0 0.0 0.0
0.0 0.0 0.0
0.0 0.0 0.0
0.0 0.0 0.0
0.0 0.0 0.0
0.000589812 -0.000442227 0.0
0.00137164 -0.000320718 0.0
0.00172829 -0.000199844 0.0
0.00192281 -0.000182224 0.0
0.00214524 -0.000216452 0.0
0.00234209 -0.00017409 0.0
0.00245997 -0.000149344 0.0
0.00255841 -0.000152582 0.0
0.00276263 -0.000222174 0.0
0.00321731 -0.000571121 0.0
0.00368905 -0.00106585 0.0
0.00421348 -0.00100864 0.0
0.00493534 -0.000686534 0.0
0.00555276 -0.000530068 0.0
0.0059898 -0.000546465 0.0
0.00642627 -0.000604651 0.0
0.00685846 -0.0010256 0.0
0.00721226 -0.00132994 0.0
0.00753151 -0.00146627 0.0
0.00793931 -0.00119393 0.0
0.0084807 -0.00113914 0.0
0.00903003 -0.00117058 0.0
0.00948204 -0.00133245 0.0
0.00976122 -0.00153096 0.0
0.00995829 -0.00159552 0.0
0.010247 -0.00154761 0.0
0.0106788 -0.00149521 0.0
0.0111501 -0.00146142 0.0
0.0115524 -0.00153556 0.0
0.0119262 -0.00160257 0.0
0.0122674 -0.00178569 0.0
0.0125712 -0.00186313 0.0
0.012875 -0.00193667 0.0
0.0131425 -0.0020006 0.0
0.0134248 -0.00203007 0.0
0.0137223 -0.00210575 0.0
0.0139899 -0.00215929 0.0
0.01424 -0.00221029 0.0
0.0144961 -0.00224051 0.0
0.0147616 -0.00230168 0.0
0.015022 -0.00233856 0.0
0.0152712 -0.00237841 0.0
0.0155058 -0.00242334 0.0
0.0157421 -0.00245932 0.0
0.0159681 -0.00250672 0.0
0.0161706 -0.0025453 0.0
0.0163655 -0.0025934 0.0
0.016556 -0.00264224 0.0
0.0167314 -0.00268922 0.0
0.0168831 -0.00272966 0.0
0.017017 -0.0027741 0.0
0.0171419 -0.00280462 0.0
0.0172523 -0.00281766 0.0
0.0173391 -0.00281756 0.0
0.0174217 -0.00279554 0.0
0.0175144 -0.00276359 0.0
0.0176039 -0.00271252 0.0
0.0176884 -0.00264858 0.0
0.0177812 -0.00258172 0.0
0.0178836 -0.00250723 0.0
0.0179871 -0.00242611 0.0
0.0180886 -0.00234528 0.0
0.0181929 -0.00226389 0.0
0.0183016 -0.0021817 0.0
0.0184093 -0.00210041 0.0
0.0185132 -0.00202081 0.0
0.0186167 -0.00194225 0.0
0.0187206 -0.00186603 0.0
0.0188215 -0.00179205 0.0
0.0189183 -0.00171988 0.0
0.0190137 -0.00164995 0.0
0.0191071 -0.0015829 0.0
0.0191968 -0.00151801 0.0
0.0192831 -0.00145522 0.0
0.0193674 -0.00139504 0.0
0.0194488 -0.00133744 0.0
0.0195267 -0.00128188 0.0
0.0196019 -0.00122856 0.0
0.0196747 -0.0011777 0.0
0.0197447 -0.00112902 0.0
0.0198119 -0.0010823 0.0
0.0198767 -0.00103774 0.0
0.0199393 -0.000995285 0.0
0.0199993 -0.000954705 0.0
0.0200571 -0.000915955 0.0
0.020113 -0.000879109 0.0
0.0201669 -0.000844032 0.0
0.0202187 -0.000810582 0.0
0.0202688 -0.000778762 0.0
0.0203172 -0.000748548 0.0
0.020364 -0.000719808 0.0
0.0204092 -0.000692473 0.0
0.0204529 -0.00066653 0.0
0.0204953 -0.000641911 0.0
0.0205364 -0.000618519 0.0
0.0205763 -0.000596317 0.0
0.020615 -0.000575268 0.0
0.0206527 -0.0005553 0.0
0.0206892 -0.00053635 0.0
0.0207249 -0.000518385 0.0
0.0207596 -0.000501359 0.0
0.0207934 -0.00048521 0.0
0.0208264 -0.000469897 0.0
0.0208586 -0.000455386 0.0
0.0208901 -0.00044163 0.0
0.0209209 -0.000428584 0.0
0.0209511 -0.000416215 0.0
0.0209806 -0.000404489 0.0
0.0210095 -0.000393368 0.0
0.0210378 -0.000382817 0.0
0.0210656 -0.000372808 0.0
0.0210928 -0.000363311 0.0
0.0211196 -0.000354294 0.0
0.0211459 -0.000345732 0.0
0.0211717 -0.000337599 0.0
0.021197 -0.000329871 0.0
0.021222 -0.000322521 0.0
0.0212465 -0.00031553 0.0
0.0212706 -0.000308877 0.0
0.0212943 -0.00030254 0.0
0.0213177 -0.000296499 0.0
0.0213407 -0.000290739 0.0
0.0213633 -0.000285241 0.0
0.0213855 -0.000279988 0.0
0.0214075 -0.000274965 0.0
0.0214291 -0.000270157 0.0
0.0214503 -0.00026555 0.0
0.0214713 -0.000261131 0.0
0.0214919 -0.000256887 0.0
0.0215122 -0.000252806 0.0
0.0215322 -0.000248876 0.0
0.0215519 -0.000245087 0.0
0.0215713 -0.000241427 0.0
0.0215905 -0.000237888 0.0
0.0216093 -0.000234458 0.0
0.0216278 -0.00023113 0.0
0.0216461 -0.000227894 0.0
0.0216641 -0.000224742 0.0
0.0216818 -0.000221665 0.0
0.0216992 -0.000218657 0.0
0.0217163 -0.000215709 0.0
0.0217332 -0.000212814 0.0
0.0217498 -0.000209964 0.0
0.0217662 -0.000207154 0.0
0.0217823 -0.000204375 0.0
0.0217981 -0.000201622 0.0
0.0218136 -0.000198886 0.0
0.0218289 -0.000196163 0.0
0.0218439 -0.000193445 0.0
0.0218587 -0.000190724 0.0
0.0218732 -0.000187996 0.0
0.0218874 -0.000185251 0.0
0.0219014 -0.000182484 0.0
0.0219152 -0.000179687 0.0
0.0219286 -0.000176852 0.0
0.0219418 -0.00017397 0.0
0.0219547 -0.000171034 0.0
0.0219674 -0.000168035 0.0
0.0219798 -0.000164962 0.0
0.0219919 -0.000161805 0.0
0.0220037 -0.000158553 0.0
0.0220152 -0.000155193 0.0
0.0220264 -0.000151713 0.0
0.0220373 -0.000148095 0.0
0.0220479 -0.000144326 0.0
0.0220582 -0.000140384 0.0
0.0220682 -0.000136253 0.0
0.0220778 -0.000131902 0.0
0.022087 -0.000127315 0.0
0.0220958 -0.000122449 0.0
0.0221043 -0.000117285 0.0
0.0221122 -0.000111766 0.0
0.0221198 -0.000105868 0.0
0.0221268 -9.95112e-05 0.0
0.0221333 -9.26705e-05 0.0
0.0221393 -8.52281e-05 0.0
0.0221447 -7.71588e-05 0.0
0.0221493 -6.82922e-05 0.0
0.0221533 -5.8604e-05 0.0
0.0221566 -4.78406e-05 0.0
0.0221589 -3.59862e-05 0.0
0.0221604 -2.26722e-05 0.0
0.0221609 -8.16654e-06 0.0
0.0221605 -2.06327e-07 0.0
0.0 0.0 0.0
0.0 0.0 0.0
0.0193168 -2.65175e-05 0.0
0.0193266 -6.35886e-05 0.0
0.0193375 -0.00010637 0.0
0.0193617 -0.000150987 0.0
0.0193973 -0.000185273 0.0
0.0194321 -0.000220956 0.0
0.0194727 -0.0002602 0.0
0.0195277 -0.000287729 0.0
0.0195838 -0.000313204 0.0
0.0196388 -0.000344938 0.0
0.0197036 -0.000363946 0.0
0.0197741 -0.000377516 0.0
0.0198419 -0.000398763 0.0
0.0199121 -0.000411921 0.0
0.019987 -0.000414481 0.0
0.0200625 -0.000423636 0.0
0.0201369 -0.000430945 0.0
0.0202116 -0.000427736 0.0
0.0202871 -0.000425025 0.0
0.0203629 -0.000425584 0.0
0.0204363 -0.000419011 0.0
0.0205079 -0.000409 0.0
0.02058 -0.000401484 0.0
0.0206509 -0.000391978 0.0
0.0207179 -0.000377765 0.0
0.0207831 -0.000363935 0.0
0.0208481 -0.00035 0.0
0.0209101 -0.000333064 0.0
0.0209678 -0.000314453 0.0
0.021024 -0.000295917 0.0
0.0210785 -0.000275485 0.0
0.0211287 -0.000253024 0.0
0.0211751 -0.000229647 0.0
0.0212195 -0.000204898 0.0
0.0212605 -0.00017786 0.0
0.021297 -0.000149242 0.0
0.0213296 -0.000118832 0.0
0.0213589 -8.58708e-05 0.0
0.0213838 -5.04126e-05 0.0
0.0214037 -1.26252e-05 0.0
0.0214191 2.85712e-05 0.0
0.0214297 7.34398e-05 0.0
0.0214351 0.000121702 0.0
0.0214347 0.000174233 0.0
0.0214281 0.000232622 0.0
0.0214158 0.000296305 0.0
0.0213969 0.000365377 0.0
0.0213704 0.000442651 0.0
0.0213369 0.000529864 0.0
0.0212963 0.00062448 0.0
0.0212462 0.000728989 0.0
0.0211885 0.000850395 0.0
0.0211241 0.000987177 0.0
0.0210478 0.00113399 0.0
0.0209618 0.00130397 0.0
0.0208763 0.00150701 0.0
0.0207809 0.00172738 0.0
0.020667 0.00196907 0.0
0.0205647 0.0022677 0.0
0.0204816 0.00260969 0.0
0.0203759 0.00296892 0.0
0.0202764 0.00339773 0.0
0.0202538 0.00390167 0.0
0.0202713 0.00442631 0.0
0.0202894 0.00502218 0.0
0.0203892 0.00567458 0.0
0.0206248 0.00629518 0.0
0.0209724 0.00698879 0.0
0.021346 0.00764522 0.0
0.0217125 0.0081376 0.0
0.0221224 0.00850331 0.0
0.0225061 0.00878923 0.0
0.0227726 0.00891739 0.0
0.0228344 0.00873146 0.0
0.0225955 0.00837848 0.0
0.0221765 0.00804458 0.0
0.0214186 0.00709282 0.0
0.0204105 0.00662483 0.0
0.0195889 0.00579945 0.0
0.0185224 0.00465637 0.0
0.0169759 0.00388385 0.0
0.0153124 0.00362295 0.0
0.013767 0.00318215 0.0
0.0124748 0.00259828 0.0
0.0112511 0.00129464 0.0
0.0100218 0.000767151 0.0
0.00880784 0.000628069 0.0
0.00750397 0.00115068 0.0
0.00644003 0.00155822 0.0
0.00535925 0.000812507 0.0
0.0042704 8.5324e-05 0.0
0.00375741 -0.000116654 0.0
0.00358376 -0.000165999 0.0
0.00347902 -0.000183742 0.0
0.00336906 -0.000155044 0.0
0.00327103 -0.000182673 0.0
0.00321377 -0.000184917 0.0
0.00316791 -0.000186384 0.0
0.00312807 -0.000181452 0.0
0.0030995 -0.00018798 0.0
0.00308229 -0.000184866 0.0
0.00306889 -0.000183016 0.0
0.00306098 -0.000180265 0.0
0.00305879 -0.000178761 0.0
0.00306184 -0.000176359 0.0
0.00306911 -0.000172146 0.0
0.00308014 -0.000167976 0.0
0.0030928 -0.000162955 0.0
0.00311587 -0.000166719 0.0
0.00314348 -0.000151934 0.0
0.00316247 -0.000145023 0.0
0.00318052 -0.00014533 0.0
0.00331217 -0.00021578 0.0
0.00372593 -0.000605163 0.0
0.00417275 -0.00115511 0.0
0.0046845 -0.00107337 0.0
0.00539914 -0.000714615 0.0
0.00598009 -0.00054817 0.0
0.00636281 -0.000518913 0.0
0.00670362 -0.000442944 0.0
0.00705584 -0.000373418 0.0
0.00737259 -0.000399803 0.0
0.00770758 -0.000514165 0.0
0.00802077 -0.00101691 0.0
0.00828623 -0.00136446 0.0
0.00855823 -0.00151784 0.0
0.00889434 -0.00124087 0.0
0.00935871 -0.00104953 0.0
0.00987472 -0.00104726 0.0
0.0103961 -0.00113118 0.0
0.0108235 -0.00132188 0.0
0.0110468 -0.00155186 0.0
0.0111821 -0.00166198 0.0
0.0114534 -0.0016171 0.0
0.0118617 -0.00163306 0.0
0.0122664 -0.00163342 0.0
0.012648 -0.00167946 0.0
0.0129609 -0.00182944 0.0
0.0132373 -0.00185042 0.0
0.0135395 -0.00188671 0.0
0.0138419 -0.00189215 0.0
0.0141794 -0.00185402 0.0
0.0145271 -0.00189479 0.0
0.0148549 -0.00195147 0.0
0.0151461 -0.00205416 0.0
0.0153929 -0.00212965 0.0
0.0156248 -0.00219643 0.0
0.0158623 -0.00224179 0.0
0.0161076 -0.00231849 0.0
0.0163471 -0.00236054 0.0
0.0165776 -0.00240226 0.0
0.0167942 -0.00245104 0.0
0.0170133 -0.00248503 0.0
0.0172253 -0.00252682 0.0
0.0174174 -0.00255863 0.0
0.0176066 -0.00259475 0.0
0.017796 -0.00262974 0.0
0.0179773 -0.00266635 0.0
0.0181488 -0.00269351 0.0
0.0183127 -0.00273078 0.0
0.0184691 -0.00276663 0.0
0.018614 -0.00279991 0.0
0.0187394 -0.0028329 0.0
0.0188525 -0.00285597 0.0
0.0189549 -0.00288438 0.0
0.0190386 -0.0028993 0.0
0.0191069 -0.00290034 0.0
0.0191685 -0.00288744 0.0
0.0192276 -0.00286843 0.0
0.0192791 -0.00283347 0.0
0.0193275 -0.00277835 0.0
0.0193805 -0.00272194 0.0
0.0194359 -0.00265908 0.0
0.0194911 -0.00258408 0.0
0.0195477 -0.00250587 0.0
0.0196069 -0.00242852 0.0
0.0196691 -0.0023479 0.0
0.0197316 -0.00226536 0.0
0.0197925 -0.00218389 0.0
0.0198537 -0.00210394 0.0
0.0199163 -0.00202455 0.0
0.0199772 -0.00194651 0.0
0.0200354 -0.00187038 0.0
0.020093 -0.00179655 0.0
0.0201502 -0.00172476 0.0
0.0202047 -0.00165503 0.0
0.0202567 -0.0015876 0.0
0.0203077 -0.00152278 0.0
0.0203571 -0.00146026 0.0
0.0204038 -0.00139995 0.0
0.0204486 -0.00134206 0.0
0.0204922 -0.00128667 0.0
0.0205337 -0.00123347 0.0
0.0205731 -0.00118245 0.0
0.0206111 -0.00113374 0.0
0.0206476 -0.00108725 0.0
0.0206823 -0.00104275 0.0
0.0207155 -0.00100029 0.0
0.0207474 -0.000959885 0.0
0.0207781 -0.000921372 0.0
0.0208073 -0.000884647 0.0
0.0208355 -0.000849729 0.0
0.0208626 -0.000816548 0.0
0.0208886 -0.000784979 0.0
0.0209136 -0.000754967 0.0
0.0209378 -0.000726489 0.0
0.0209612 -0.000699455 0.0
0.0209838 -0.000673778 0.0
0.0210057 -0.000649418 0.0
0.0210269 -0.000626328 0.0
0.0210475 -0.000604423 0.0
0.0210676 -0.000583647 0.0
0.0210871 -0.000563958 0.0
0.0211062 -0.000545302 0.0
0.0211248 -0.000527612 0.0
0.021143 -0.000510847 0.0
0.0211609 -0.000494964 0.0
0.0211784 -0.000479911 0.0
0.0211956 -0.00046564 0.0
0.0212125 -0.000452115 0.0
0.0212291 -0.000439297 0.0
0.0212455 -0.000427141 0.0
0.0212616 -0.000415613 0.0
0.0212776 -0.00040468 0.0
0.0212933 -0.000394307 0.0
0.0213088 -0.00038446 0.0
0.0213241 -0.000375111 0.0
0.0213393 -0.000366232 0.0
0.0213543 -0.000357793 0.0
0.0213692 -0.00034977 0.0
0.0213839 -0.000342137 0.0
0.0213984 -0.000334873 0.0
0.0214128 -0.000327952 0.0
0.0214271 -0.000321356 0.0
0.0214413 -0.000315065 0.0
0.0214553 -0.000309058 0.0
0.0214692 -0.000303319 0.0
0.0214829 -0.00029783 0.0
0.0214966 -0.000292575 0.0
0.0215101 -0.000287539 0.0
0.0215235 -0.000282706 0.0
0.0215367 -0.000278065 0.0
0.0215498 -0.000273601 0.0
0.0215628 -0.000269302 0.0
0.0215757 -0.000265156 0.0
0.0215884 -0.000261152 0.0
0.021601 -0.00025728 0.0
0.0216135 -0.000253529 0.0
0.0216258 -0.000249888 0.0
0.0216381 -0.00024635 0.0
0.0216501 -0.000242906 0.0
0.0216621 -0.000239545 0.0
0.0216739 -0.000236261 0.0
0.0216855 -0.000233045 0.0
0.021697 -0.00022989 0.0
0.0217084 -0.000226789 0.0
0.0217196 -0.000223733 0.0
0.0217307 -0.000220716 0.0
0.0217416 -0.00021773 0.0
0.0217524 -0.00021477 0.0
0.021763 -0.000211828 0.0
0.0217735 -0.000208896 0.0
0.0217838 -0.00020597 0.0
0.021794 -0.00020304 0.0
0.021804 -0.000200101 0.0
0.0218138 -0.000197144 0.0
0.0218235 -0.000194164 0.0
0.021833 -0.000191151 0.0
0.0218424 -0.000188097 0.0
0.0218515 -0.000184995 0.0
0.0218605 -0.000181835 0.0
0.0218693 -0.000178608 0.0
0.021878 -0.000175303 0.0
0.0218864 -0.000171908 0.0
0.0218946 -0.000168413 0.0
0.0219027 -0.000164803 0.0
0.0219105 -0.000161066 0.0
0.0219181 -0.000157181 0.0
0.0219255 -0.000153137 0.0
0.0219326 -0.000148907 0.0
0.0219395 -0.000144477 0.0
0.0219461 -0.000139812 0.0
0.0219525 -0.000134895 0.0
0.0219586 -0.000129682 0.0
0.0219643 -0.000124151 0.0
0.0219698 -0.000118241 0.0
0.0219748 -0.000111928 0.0
0.0219796 -0.000105128 0.0
0.0219839 -9.78127e-05 0.0
0.0219878 -8.98605e-05 0.0
0.0219913 -8.12445e-05 0.0
0.0219942 -7.17872e-05 0.0
0.0219967 -6.14621e-05 0.0
0.0219986 -5.00102e-05 0.0
0.0219999 -3.74133e-05 0.0
0.0220006 -2.32979e-05 0.0
0.0220006 -7.9785e-06 0.0
0.0220001 4.04744e-07 0.0
0.0 0.0 0.0
0.0 0.0 0.0
0.0193088 -3.0998e-05 0.0
0.0193206 -7.70047e-05 0.0
0.0193432 -0.000125531 0.0
0.0193666 -0.000180043 0.0
0.0193986 -0.000224561 0.0
0.0194437 -0.000259704 0.0
0.0194904 -0.000305871 0.0
0.0195422 -0.000349782 0.0
0.019604 -0.000372275 0.0
0.0196684 -0.000400356 0.0
0.0197347 -0.00043668 0.0
0.0198076 -0.000453849 0.0
0.0198817 -0.000463813 0.0
0.019957 -0.000485283 0.0
0.0200355 -0.000497921 0.0
0.0201139 -0.000498451 0.0
0.020192 -0.000502813 0.0
0.0202723 -0.000508448 0.0
0.0203509 -0.000504317 0.0
0.0204275 -0.000497646 0.0
0.0205054 -0.000493052 0.0
0.020582 -0.000485485 0.0
0.0206544 -0.000472805 0.0
0.0207265 -0.000460021 0.0
0.0207985 -0.000446848 0.0
0.020866 -0.0004309 0.0
0.0209303 -0.000412474 0.0
0.0209946 -0.000393705 0.0
0.021056 -0.00037361 0.0
0.0211124 -0.00035142 0.0
0.0211668 -0.000327538 0.0
0.0212196 -0.000302658 0.0
0.0212678 -0.000276022 0.0
0.0213119 -0.000247449 0.0
0.0213539 -0.000217035 0.0
0.0213921 -0.000184778 0.0
0.0214255 -0.000150212 0.0
0.0214554 -0.000113329 0.0
0.0214818 -7.37045e-05 0.0
0.021503 -3.10053e-05 0.0
0.0215197 1.4802e-05 0.0
0.0215325 6.40733e-05 0.0
0.0215398 0.00011809 0.0
0.0215414 0.000176706 0.0
0.0215386 0.000239698 0.0
0.0215305 0.000309158 0.0
0.0215151 0.000386611 0.0
0.0214938 0.000469982 0.0
0.0214681 0.000561203 0.0
0.0214353 0.000665491 0.0
0.0213934 0.000780766 0.0
0.0213464 0.000904014 0.0
0.0212967 0.00104572 0.0
0.021238 0.00120987 0.0
0.0211681 0.00138502 0.0
0.0211002 0.0015789 0.0
0.021037 0.0018125 0.0
0.0209602 0.00207202 0.0
0.0208783 0.00234687 0.0
0.0208263 0.00267064 0.0
0.0207897 0.00304608 0.0
0.0207426 0.00344823 0.0
0.0207336 0.00389063 0.0
0.0207947 0.00437935 0.0
0.0208935 0.0049155 0.0
0.0210493 0.00550383 0.0
0.0212733 0.00605002 0.0
0.02156 0.00661017 0.0
0.0219675 0.00721885 0.0
0.0224481 0.00771207 0.0
0.022878 0.00808862 0.0
0.0232907 0.00843649 0.0
0.0237095 0.00859268 0.0
0.0240178 0.008631 0.0
0.0242007 0.00851442 0.0
0.0242399 0.00823663 0.0
0.0240203 0.00783226 0.0
0.0235807 0.00728833 0.0
0.0230323 0.006628 0.0
0.0221283 0.00591545 0.0
0.0210073 0.005304 0.0
0.0200367 0.00466981 0.0
0.0192866 0.00422334 0.0
0.0185239 0.00354976 0.0
0.017355 0.00271091 0.0
0.0159614 0.00213778 0.0
0.0147195 0.0017605 0.0
0.0138244 0.00220819 0.0
0.0131124 0.00231612 0.0
0.0123852 0.00193555 0.0
0.0115661 0.000851091 0.0
0.0108096 0.000413714 0.0
0.0102521 0.000138501 0.0
0.00977416 7.57392e-05 0.0
0.00942735 3.3836e-05 0.0
0.00921261 -5.29781e-05 0.0
0.00903405 -7.29682e-05 0.0
0.00886924 -9.39135e-05 0.0
0.00875358 -0.000119089 0.0
0.00867659 -0.000144384 0.0
0.00861087 -0.000147621 0.0
0.00856041 -0.00015973 0.0
0.00853601 -0.000171625 0.0
0.00852578 -0.000176354 0.0
0.00852123 -0.000180472 0.0
0.00853348 -0.00018976 0.0
0.0085666 -0.000193198 0.0
0.008603 -0.00019022 0.0
0.00864642 -0.000209589 0.0
0.0087275 -0.000212424 0.0
0.00883702 -0.000199067 0.0
0.00894989 -0.000257999 0.0
0.00913315 -0.000399401 0.0
0.00931084 -0.000967004 0.0
0.00943617 -0.0013575 0.0
0.00957942 -0.00152806 0.0
0.00982399 -0.0012079 0.0
0.0102025 -0.0010051 0.0
0.0105878 -0.000875134 0.0
0.0109406 -0.000811004 0.0
0.0113125 -0.000731264 0.0
0.0117281 -0.000808124 0.0
0.0121543 -0.000939713 0.0
0.0124778 -0.00119457 0.0
0.0125852 -0.0014953 0.0
0.0126148 -0.00161711 0.0
0.0127872 -0.00158511 0.0
0.0131421 -0.00152887 0.0
0.0135553 -0.00148419 0.0
0.0139109 -0.00155793 0.0
0.0142384 -0.00163444 0.0
0.0145231 -0.00180811 0.0
0.0147703 -0.00187145 0.0
0.0150268 -0.0019461 0.0
0.0152804 -0.00195401 0.0
0.0155495 -0.00196516 0.0
0.0158359 -0.0020061 0.0
0.0160988 -0.002077 0.0
0.0163363 -0.00211226 0.0
0.0165691 -0.00214324 0.0
0.016794 -0.00215429 0.0
0.0170502 -0.00217314 0.0
0.0173336 -0.00220353 0.0
0.0176016 -0.00224809 0.0
0.0178423 -0.00229609 0.0
0.0180649 -0.00236457 0.0
0.0182746 -0.00242529 0.0
0.0184832 -0.00246575 0.0
0.0186725 -0.00251939 0.0
0.0188387 -0.00256031 0.0
0.0190111 -0.00260123 0.0
0.0191858 -0.00263895 0.0
0.0193475 -0.00267585 0.0
0.0195017 -0.00269942 0.0
0.0196556 -0.00273454 0.0
0.0198056 -0.00276586 0.0
0.0199474 -0.00278863 0.0
0.0200752 -0.00281597 0.0
0.0201975 -0.00283907 0.0
0.0203168 -0.002868 0.0
0.0204219 -0.00288902 0.0
0.0205129 -0.00290901 0.0
0.0205952 -0.0029311 0.0
0.0206704 -0.00294833 0.0
0.0207322 -0.00295566 0.0
0.0207776 -0.00295591 0.0
0.0208141 -0.00295232 0.0
0.0208476 -0.00293422 0.0
0.0208721 -0.00290444 0.0
0.0208866 -0.00286292 0.0
0.0209032 -0.00281572 0.0
0.0209228 -0.0027593 0.0
0.0209386 -0.00269059 0.0
0.0209531 -0.00262004 0.0
0.0209718 -0.00254734 0.0
0.0209935 -0.00246838 0.0
0.0210139 -0.00238711 0.0
0.0210334 -0.00230726 0.0
0.0210555 -0.00222654 0.0
0.0210794 -0.00214524 0.0
0.0211013 -0.00206538 0.0
0.0211218 -0.0019872 0.0
0.0211437 -0.0019101 0.0
0.0211655 -0.00183494 0.0
0.0211851 -0.00176191 0.0
0.0212035 -0.0016909 0.0
0.0212223 -0.00162212 0.0
0.0212399 -0.00155583 0.0
0.0212556 -0.00149174 0.0
0.0212705 -0.00142999 0.0
0.0212851 -0.00137076 0.0
0.0212982 -0.00131391 0.0
0.02131 -0.00125926 0.0
0.0213213 -0.00120699 0.0
0.0213318 -0.00115707 0.0
0.0213411 -0.00110931 0.0
0.0213497 -0.00106366 0.0
0.0213578 -0.0010202 0.0
0.0213651 -0.000978797 0.0
0.0213717 -0.000939308 0.0
0.0213778 -0.000901737 0.0
0.0213835 -0.000866055 0.0
0.0213887 -0.00083212 0.0
0.0213934 -0.00079986 0.0
0.0213979 -0.000769255 0.0
0.0214021 -0.000740226 0.0
0.021406 -0.000712667 0.0
0.0214096 -0.000686533 0.0
0.0214132 -0.000661776 0.0
0.0214166 -0.000638314 0.0
0.0214199 -0.000616072 0.0
0.0214232 -0.00059501 0.0
0.0214264 -0.00057507 0.0
0.0214296 -0.000556181 0.0
0.0214328 -0.000538291 0.0
0.021436 -0.000521359 0.0
0.0214393 -0.000505327 0.0
0.0214426 -0.000490142 0.0
0.021446 -0.000475762 0.0
0.0214495 -0.000462147 0.0
0.0214531 -0.000449248 0.0
0.0214568 -0.000437024 0.0
0.0214606 -0.000425442 0.0
0.0214645 -0.000414463 0.0
0.0214686 -0.00040405 0.0
0.0214727 -0.000394171 0.0
0.021477 -0.000384796 0.0
0.0214813 -0.000375894 0.0
0.0214858 -0.000367435 0.0
0.0214904 -0.000359395 0.0
0.0214952 -0.000351747 0.0
0.0215 -0.000344466 0.0
0.0215049 -0.00033753 0.0
0.02151 -0.000330918 0.0
0.0215151 -0.000324609 0.0
0.0215203 -0.000318583 0.0
0.0215256 -0.000312823 0.0
0.021531 -0.00030731 0.0
0.0215365 -0.000302029 0.0
0.021542 -0.000296964 0.0
0.0215476 -0.0002921 0.0
0.0215533 -0.000287423 0.0
0.021559 -0.000282921 0.0
0.0215647 -0.00027858 0.0
0.0215705 -0.000274389 0.0
0.0215763 -0.000270336 0.0
0.0215822 -0.000266411 0.0
0.0215881 -0.000262604 0.0
0.021594 -0.000258904 0.0
0.0215999 -0.000255303 0.0
0.0216058 -0.000251792 0.0
0.0216117 -0.000248362 0.0
0.0216176 -0.000245004 0.0
0.0216234 -0.000241712 0.0
0.0216293 -0.000238478 0.0
0.0216352 -0.000235293 0.0
0.021641 -0.000232151 0.0
0.0216468 -0.000229045 0.0
0.0216525 -0.000225967 0.0
0.0216582 -0.000222912 0.0
0.0216639 -0.000219871 0.0
0.0216695 -0.000216838 0.0
0.0216751 -0.000213807 0.0
0.0216806 -0.000210769 0.0
0.0216861 -0.000207719 0.0
0.0216915 -0.000204648 0.0
0.0216968 -0.000201549 0.0
0.0217021 -0.000198415 0.0
0.0217072 -0.000195236 0.0
0.0217123 -0.000192004 0.0
0.0217173 -0.00018871 0.0
0.0217222 -0.000185343 0.0
0.0217271 -0.000181894 0.0
0.0217318 -0.000178349 0.0
0.0217364 -0.000174699 0.0
0.0217408 -0.000170925 0.0
0.0217452 -0.000167018 0.0
0.0217494 -0.000162955 0.0
0.0217535 -0.000158724 0.0
0.0217575 -0.000154297 0.0
0.0217612 -0.000149659 0.0
0.0217649 -0.000144775 0.0
0.0217683 -0.000139626 0.0
0.0217716 -0.000134166 0.0
0.0217746 -0.000128373 0.0
0.0217774 -0.000122185 0.0
0.02178 -0.000115577 0.0
0.0217824 -0.000108461 0.0
0.0217845 -0.000100809 0.0
0.0217863 -9.24989e-05 0.0
0.0217879 -8.35013e-05 0.0
0.0217891 -7.36389e-05 0.0
0.02179 -6.28839e-05 0.0
0.0217906 -5.09799e-05 0.0
0.0217908 -3.7906e-05 0.0
0.0217907 -2.33012e-05 0.0
0.0217903 -7.52943e-06 0.0
0.0217897 1.07116e-06 0.0
0.0 0.0 0.0
0.0 0.0 0.0
0.0193143 -2.99721e-05 0.0
0.0193232 -9.80287e-05 0.0
0.0193457 -0.00015486 0.0
0.0193733 -0.000201336 0.0
0.0194039 -0.000262437 0.0
0.0194531 -0.00031855 0.0
0.0195105 -0.000354473 0.0
0.0195629 -0.000399966 0.0
0.019625 -0.000446348 0.0
0.0197015 -0.000471957 0.0
0.0197738 -0.000499555 0.0
0.0198462 -0.000532462 0.0
0.0199279 -0.00054729 0.0
0.0200117 -0.000559497 0.0
0.0200925 -0.000576756 0.0
0.0201751 -0.000583896 0.0
0.0202594 -0.000583131 0.0
0.0203435 -0.000586808 0.0
0.0204263 -0.000585936 0.0
0.020507 -0.000577779 0.0
0.0205872 -0.000569733 0.0
0.0206676 -0.00056162 0.0
0.0207445 -0.00054781 0.0
0.0208177 -0.000532414 0.0
0.0208908 -0.000516934 0.0
0.0209626 -0.000498667 0.0
0.0210292 -0.000477647 0.0
0.0210927 -0.000456464 0.0
0.0211556 -0.000433335 0.0
0.0212152 -0.000407784 0.0
0.0212695 -0.000381133 0.0
0.0213215 -0.000353282 0.0
0.0213715 -0.000322803 0.0
0.0214169 -0.000290635 0.0
0.0214577 -0.000257037 0.0
0.021496 -0.00022098 0.0
0.0215309 -0.000182179 0.0
0.0215609 -0.000141393 0.0
0.0215866 -9.78386e-05 0.0
0.0216091 -5.06998e-05 0.0
0.0216271 -2.10983e-07 0.0
0.02164 5.36219e-05 0.0
0.0216486 0.000112199 0.0
0.0216532 0.000175975 0.0
0.0216524 0.00024455 0.0
0.0216462 0.000318939 0.0
0.0216357 0.000401405 0.0
0.0216206 0.000491496 0.0
0.0215986 0.000588721 0.0
0.0215717 0.000696853 0.0
0.0215427 0.000818578 0.0
0.0215066 0.000950312 0.0
0.0214622 0.00109441 0.0
0.0214201 0.00126017 0.0
0.0213784 0.00144478 0.0
0.0213233 0.00164239 0.0
0.0212688 0.00186745 0.0
0.0212356 0.0021266 0.0
0.0211989 0.00240384 0.0
0.0211507 0.00271143 0.0
0.0211398 0.00306392 0.0
0.0211708 0.0034399 0.0
0.0212007 0.00385139 0.0
0.0212588 0.00431516 0.0
0.0213918 0.00477103 0.0
0.0215894 0.00525941 0.0
0.0218364 0.00580636 0.0
0.0221345 0.00630477 0.0
0.0225014 0.00675264 0.0
0.0229456 0.00723928 0.0
0.0234299 0.00766035 0.0
0.0239229 0.00796266 0.0
0.0243911 0.0081466 0.0
0.024825 0.00834812 0.0
0.0251916 0.00830469 0.0
0.0253852 0.00813816 0.0
0.0255346 0.00801309 0.0
0.0255456 0.00750039 0.0
0.025321 0.00711392 0.0
0.024987 0.00664786 0.0
0.0245384 0.00606366 0.0
0.0238731 0.00548894 0.0
0.0231529 0.00509306 0.0
0.0224193 0.0043376 0.0
0.021603 0.00380502 0.0
0.0207398 0.00329575 0.0
0.0197198 0.00285145 0.0
0.0188847 0.00280441 0.0
0.0185114 0.00273129 0.0
0.0182551 0.00236644 0.0
0.0176555 0.00176738 0.0
0.0168013 0.00125324 0.0
0.016012 0.000728029 0.0
0.0154509 0.000546829 0.0
0.0150497 0.000358625 0.0
0.0146715 0.000233778 0.0
0.0143539 0.000148278 0.0
0.0141317 7.51236e-05 0.0
0.0139576 8.49982e-06 0.0
0.0138014 -3.64885e-05 0.0
0.013685 -7.12919e-05 0.0
0.0136065 -0.000107929 0.0
0.0135458 -0.000138617 0.0
0.0135052 -0.000160419 0.0
0.0134932 -0.000181298 0.0
0.013495 -0.000207138 0.0
0.0135101 -0.000227678 0.0
0.0135581 -0.000245839 0.0
0.0136285 -0.000274832 0.0
0.0136951 -0.000314561 0.0
0.0138067 -0.000322244 0.0
0.0140009 -0.000477991 0.0
0.0142401 -0.00066894 0.0
0.0143848 -0.000976443 0.0
0.0143076 -0.00132377 0.0
0.0141546 -0.00148036 0.0
0.0141712 -0.00143283 0.0
0.0143879 -0.00136851 0.0
0.0146891 -0.00120941 0.0
0.0149914 -0.00114815 0.0
0.015302 -0.00109952 0.0
0.01563 -0.00116169 0.0
0.0159168 -0.00128932 0.0
0.0161861 -0.00140995 0.0
0.0163784 -0.00164803 0.0
0.0165162 -0.00172382 0.0
0.0166853 -0.00181177 0.0
0.0168697 -0.00183701 0.0
0.0171121 -0.00180684 0.0
0.0173797 -0.00185269 0.0
0.0176325 -0.00191636 0.0
0.0178526 -0.00202147 0.0
0.0180448 -0.00207905 0.0
0.0182152 -0.00215077 0.0
0.0183931 -0.00217071 0.0
0.0186113 -0.00222413 0.0
0.0188284 -0.00226399 0.0
0.0190326 -0.00228549 0.0
0.0192249 -0.00233937 0.0
0.0194162 -0.00236353 0.0
0.0196209 -0.00237459 0.0
0.0198197 -0.00240838 0.0
0.0200067 -0.0024306 0.0
0.0201958 -0.00246442 0.0
0.0203806 -0.00250633 0.0
0.0205537 -0.00255021 0.0
0.0207106 -0.00259672 0.0
0.0208549 -0.00264412 0.0
0.0209975 -0.00267393 0.0
0.0211373 -0.0027167 0.0
0.0212667 -0.00275434 0.0
0.0213884 -0.00277935 0.0
0.0215009 -0.00280951 0.0
0.0216099 -0.00283344 0.0
0.0217157 -0.00285975 0.0
0.0218098 -0.00287969 0.0
0.0218962 -0.00289968 0.0
0.02198 -0.00291931 0.0
0.0220582 -0.00293768 0.0
0.0221259 -0.00295274 0.0
0.0221836 -0.00296669 0.0
0.0222349 -0.00297946 0.0
0.0222781 -0.00298695 0.0
0.0223074 -0.00299287 0.0
0.0223246 -0.00299068 0.0
0.0223367 -0.00298191 0.0
0.0223413 -0.00296706 0.0
0.0223342 -0.00294321 0.0
0.0223211 -0.00290767 0.0
0.0223087 -0.0028643 0.0
0.0222936 -0.00281608 0.0
0.0222728 -0.00275595 0.0
0.022253 -0.00268938 0.0
0.0222365 -0.00262148 0.0
0.0222194 -0.00254744 0.0
0.0222013 -0.00246897 0.0
0.0221849 -0.0023903 0.0
0.0221705 -0.00231098 0.0
0.0221568 -0.00222993 0.0
0.0221426 -0.00214923 0.0
0.0221286 -0.00206975 0.0
0.0221161 -0.00199132 0.0
0.0221039 -0.00191401 0.0
0.0220906 -0.00183846 0.0
0.0220773 -0.00176487 0.0
0.0220648 -0.00169347 0.0
0.0220519 -0.00162416 0.0
0.0220381 -0.00155703 0.0
0.0220243 -0.00149231 0.0
0.0220108 -0.00143012 0.0
0.0219966 -0.00137018 0.0
0.0219819 -0.00131256 0.0
0.0219674 -0.00125745 0.0
0.0219528 -0.00120473 0.0
0.0219377 -0.0011542 0.0
0.0219225 -0.00110594 0.0
0.0219074 -0.00105999 0.0
0.0218923 -0.00101618 0.0
0.021877 -0.000974383 0.0
0.0218618 -0.000934661 0.0
0.0218467 -0.000896935 0.0
0.0218317 -0.000861054 0.0
0.0218168 -0.000826968 0.0
0.0218022 -0.000794668 0.0
0.0217878 -0.00076404 0.0
0.0217735 -0.000734981 0.0
0.0217596 -0.000707457 0.0
0.021746 -0.000681415 0.0
0.0217327 -0.000656749 0.0
0.0217197 -0.000633395 0.0
0.0217071 -0.000611312 0.0
0.0216949 -0.000590429 0.0
0.0216831 -0.000570667 0.0
0.0216717 -0.00055198 0.0
0.0216606 -0.000534318 0.0
0.02165 -0.000517617 0.0
0.0216399 -0.00050182 0.0
0.0216301 -0.000486885 0.0
0.0216208 -0.000472765 0.0
0.0216118 -0.000459406 0.0
0.0216033 -0.000446767 0.0
0.0215952 -0.00043481 0.0
0.0215876 -0.000423492 0.0
0.0215803 -0.000412773 0.0
0.0215735 -0.00040262 0.0
0.021567 -0.000392999 0.0
0.0215609 -0.000383876 0.0
0.0215552 -0.00037522 0.0
0.0215499 -0.000367004 0.0
0.0215449 -0.000359199 0.0
0.0215402 -0.000351779 0.0
0.0215359 -0.000344719 0.0
0.021532 -0.000337998 0.0
0.0215283 -0.000331592 0.0
0.0215249 -0.00032548 0.0
0.0215219 -0.000319643 0.0
0.0215191 -0.000314063 0.0
0.0215166 -0.000308723 0.0
0.0215143 -0.000303605 0.0
0.0215123 -0.000298695 0.0
0.0215105 -0.000293977 0.0
0.0215089 -0.000289437 0.0
0.0215076 -0.000285064 0.0
0.0215064 -0.000280843 0.0
0.0215054 -0.000276765 0.0
0.0215047 -0.000272816 0.0
0.021504 -0.000268987 0.0
0.0215036 -0.000265268 0.0
0.0215033 -0.00026165 0.0
0.0215031 -0.000258122 0.0
0.0215031 -0.000254677 0.0
0.0215032 -0.000251306 0.0
0.0215034 -0.000248001 0.0
0.0215037 -0.000244755 0.0
0.0215041 -0.00024156 0.0
0.0215046 -0.000238408 0.0
0.0215052 -0.000235293 0.0
0.0215059 -0.000232209 0.0
0.0215066 -0.000229147 0.0
0.0215074 -0.000226101 0.0
0.0215083 -0.000223065 0.0
0.0215092 -0.000220031 0.0
0.0215101 -0.000216994 0.0
0.0215111 -0.000213945 0.0
0.0215121 -0.000210879 0.0
0.0215132 -0.000207787 0.0
0.0215142 -0.000204662 0.0
0.0215153 -0.000201496 0.0
0.0215164 -0.000198281 0.0
0.0215175 -0.000195007 0.0
0.0215186 -0.000191666 0.0
0.0215196 -0.000188246 0.0
0.0215207 -0.000184739 0.0
0.0215218 -0.00018113 0.0
0.0215228 -0.000177408 0.0
0.0215238 -0.000173558 0.0
0.0215247 -0.000169566 0.0
0.0215256 -0.000165413 0.0
0.0215265 -0.000161082 0.0
0.0215272 -0.000156548 0.0
0.021528 -0.000151794 0.0
0.0215286 -0.000146786 0.0
0.0215292 -0.000141503 0.0
0.0215297 -0.000135898 0.0
0.02153 -0.000129951 0.0
0.0215303 -0.000123599 0.0
0.0215305 -0.000116814 0.0
0.0215305 -0.000109512 0.0
0.0215304 -0.000101664 0.0
0.0215302 -9.31497e-05 0.0
0.0215299 -8.39372e-05 0.0
0.0215294 -7.38579e-05 0.0
0.0215288 -6.28814e-05 0.0
0.0215281 -5.07615e-05 0.0
0.0215273 -3.74759e-05 0.0
0.0215265 -2.26922e-05 0.0
0.0215256 -6.82438e-06 0.0
0.0215249 1.79227e-06 0.0
0.0 0.0 0.0
0.0 0.0 0.0
0.019316 -3.92323e-05 0.0
0.0193241 -0.000109697 0.0
0.0193394 -0.000179423 0.0
0.0193781 -0.000239338 0.0
0.0194245 -0.000300939 0.0
0.0194668 -0.000370008 0.0
0.0195231 -0.000419027 0.0
0.0195946 -0.000457771 0.0
0.0196636 -0.000513689 0.0
0.0197365 -0.000556736 0.0
0.0198183 -0.000574089 0.0
0.0199025 -0.000606026 0.0
0.0199878 -0.000638547 0.0
0.0200748 -0.000647479 0.0
0.0201623 -0.000654632 0.0
0.0202531 -0.000671186 0.0
0.0203425 -0.000674915 0.0
0.0204281 -0.000669094 0.0
0.0205157 -0.000667131 0.0
0.0206044 -0.000664301 0.0
0.0206868 -0.000652084 0.0
0.0207667 -0.000638277 0.0
0.0208491 -0.000625408 0.0
0.0209277 -0.000609116 0.0
0.0209996 -0.000588376 0.0
0.0210713 -0.000567449 0.0
0.0211425 -0.000545263 0.0
0.0212075 -0.000520306 0.0
0.021268 -0.000493226 0.0
0.0213282 -0.00046531 0.0
0.0213849 -0.000435371 0.0
0.0214357 -0.000403408 0.0
0.0214836 -0.000369725 0.0
0.0215294 -0.000334246 0.0
0.0215705 -0.000296425 0.0
0.0216069 -0.00025662 0.0
0.0216405 -0.000214415 0.0
0.0216704 -0.000169312 0.0
0.0216956 -0.000121404 0.0
0.0217169 -7.0737e-05 0.0
0.0217346 -1.60327e-05 0.0
0.0217478 4.29157e-05 0.0
0.0217568 0.000105445 0.0
0.0217621 0.000172837 0.0
0.0217628 0.000247092 0.0
0.0217588 0.000326799 0.0
0.0217512 0.000411851 0.0
0.0217399 0.000506597 0.0
0.0217236 0.000611496 0.0
0.0217027 0.000722501 0.0
0.0216799 0.000844489 0.0
0.021655 0.000984315 0.0
0.0216242 0.00113516 0.0
0.0215907 0.00129531 0.0
0.0215623 0.00147993 0.0
0.0215345 0.00168842 0.0
0.0215004 0.00190639 0.0
0.0214758 0.00214827 0.0
0.0214707 0.00242724 0.0
0.0214689 0.00272704 0.0
0.0214751 0.00304688 0.0
0.021517 0.00340129 0.0
0.0215913 0.00378125 0.0
0.0216961 0.00419562 0.0
0.0218435 0.00462166 0.0
0.0220299 0.00504631 0.0
0.0222805 0.00550429 0.0
0.0226116 0.00596846 0.0
0.0229711 0.00637461 0.0
0.0233668 0.00678748 0.0
0.0238445 0.00715266 0.0
0.0243494 0.00746488 0.0
0.0248368 0.00769613 0.0
0.0253356 0.0078636 0.0
0.0258155 0.00792305 0.0
0.0261985 0.00791208 0.0
0.0265363 0.0077779 0.0
0.026731 0.00752238 0.0
0.026763 0.00728916 0.0
0.0267203 0.00685405 0.0
0.0265844 0.00641977 0.0
0.0263338 0.00599498 0.0
0.026022 0.00555609 0.0
0.0256049 0.00499601 0.0
0.0250788 0.00448725 0.0
0.0245185 0.00402931 0.0
0.0238893 0.00372316 0.0
0.0232578 0.00338948 0.0
0.0227804 0.00315662 0.0
0.0223815 0.0027319 0.0
0.0219474 0.00238658 0.0
0.0214997 0.00187622 0.0
0.0209463 0.001376 0.0
0.0203882 0.00106526 0.0
0.0198952 0.000777315 0.0
0.0194718 0.000604509 0.0
0.0191393 0.000432514 0.0
0.0188646 0.000305273 0.0
0.0186216 0.000204393 0.0
0.0184201 0.000121845 0.0
0.0182706 4.14524e-05 0.0
0.0181538 -1.93467e-05 0.0
0.0180584 -7.01794e-05 0.0
0.0179904 -0.000121523 0.0
0.0179553 -0.000167843 0.0
0.017941 -0.000206849 0.0
0.0179417 -0.000247184 0.0
0.0179671 -0.000297215 0.0
0.0180236 -0.000336907 0.0
0.0180961 -0.000403452 0.0
0.0182 -0.000457349 0.0
0.0183192 -0.000614162 0.0
0.0183968 -0.00082633 0.0
0.0184771 -0.0010066 0.0
0.0184976 -0.00129838 0.0
0.0184675 -0.00141583 0.0
0.0184738 -0.00150856 0.0
0.0184973 -0.00151222 0.0
0.0185977 -0.00143644 0.0
0.018795 -0.00141505 0.0
0.0190405 -0.00141142 0.0
0.019296 -0.00142941 0.0
0.0195116 -0.00151643 0.0
0.019697 -0.00162253 0.0
0.0198504 -0.00176959 0.0
0.0199737 -0.00185944 0.0
0.0200859 -0.00194129 0.0
0.020195 -0.00198575 0.0
0.0203498 -0.00203714 0.0
0.0205403 -0.00208104 0.0
0.020724 -0.00213015 0.0
0.0208857 -0.00219415 0.0
0.0210388 -0.00226438 0.0
0.0211901 -0.00231088 0.0
0.0213426 -0.00235072 0.0
0.0214843 -0.00239772 0.0
0.0216154 -0.00242795 0.0
0.0217567 -0.00245999 0.0
0.0218951 -0.002496 0.0
0.0220248 -0.00252006 0.0
0.0221603 -0.0025476 0.0
0.0222971 -0.00257031 0.0
0.0224305 -0.00259316 0.0
0.0225668 -0.00262367 0.0
0.0226959 -0.00266412 0.0
0.0228151 -0.00269206 0.0
0.0229283 -0.00272394 0.0
0.0230272 -0.00276444 0.0
0.0231201 -0.00279233 0.0
0.0232096 -0.0028232 0.0
0.0232852 -0.00284954 0.0
0.0233535 -0.00287385 0.0
0.0234219 -0.00289627 0.0
0.0234853 -0.00291793 0.0
0.0235389 -0.00293388 0.0
0.0235864 -0.00294796 0.0
0.0236302 -0.0029645 0.0
0.0236684 -0.00297583 0.0
0.0236967 -0.00298577 0.0
0.023716 -0.00299203 0.0
0.0237307 -0.00299945 0.0
0.0237379 -0.00300392 0.0
0.0237348 -0.00300142 0.0
0.0237227 -0.00299554 0.0
0.023704 -0.00298753 0.0
0.0236788 -0.0029725 0.0
0.0236451 -0.00294686 0.0
0.0236039 -0.00291601 0.0
0.0235598 -0.00287948 0.0
0.0235137 -0.00283434 0.0
0.0234627 -0.00277909 0.0
0.0234096 -0.0027192 0.0
0.0233587 -0.00265694 0.0
0.0233079 -0.00258647 0.0
0.0232557 -0.00251102 0.0
0.0232046 -0.00243634 0.0
0.0231559 -0.00235922 0.0
0.0231084 -0.00227871 0.0
0.0230605 -0.00219866 0.0
0.0230135 -0.00211996 0.0
0.0229689 -0.00204075 0.0
0.0229251 -0.00196216 0.0
0.0228807 -0.00188554 0.0
0.0228373 -0.00181064 0.0
0.0227957 -0.00173714 0.0
0.0227541 -0.00166576 0.0
0.0227123 -0.00159666 0.0
0.0226714 -0.00152977 0.0
0.0226317 -0.00146515 0.0
0.0225918 -0.00140296 0.0
0.0225521 -0.00134313 0.0
0.0225134 -0.00128573 0.0
0.0224753 -0.00123075 0.0
0.0224372 -0.00117811 0.0
0.0223997 -0.00112779 0.0
0.022363 -0.00107983 0.0
0.0223267 -0.0010341 0.0
0.0222908 -0.000990519 0.0
0.0222557 -0.000949079 0.0
0.0222213 -0.000909733 0.0
0.0221874 -0.000872345 0.0
0.0221541 -0.000836857 0.0
0.0221216 -0.000803238 0.0
0.0220898 -0.000771396 0.0
0.0220586 -0.000741222 0.0
0.0220282 -0.000712673 0.0
0.0219985 -0.000685687 0.0
0.0219696 -0.00066017 0.0
0.0219414 -0.000636044 0.0
0.021914 -0.000613263 0.0
0.0218874 -0.000591754 0.0
0.0218615 -0.000571439 0.0
0.0218364 -0.00055226 0.0
0.021812 -0.000534166 0.0
0.0217884 -0.000517089 0.0
0.0217655 -0.000500969 0.0
0.0217434 -0.000485759 0.0
0.021722 -0.000471408 0.0
0.0217014 -0.000457859 0.0
0.0216814 -0.000445068 0.0
0.0216622 -0.000432992 0.0
0.0216436 -0.000421587 0.0
0.0216257 -0.00041081 0.0
0.0216085 -0.000400623 0.0
0.0215919 -0.000390991 0.0
0.021576 -0.000381878 0.0
0.0215606 -0.00037325 0.0
0.0215459 -0.000365078 0.0
0.0215317 -0.000357332 0.0
0.0215181 -0.000349982 0.0
0.0215051 -0.000343004 0.0
0.0214925 -0.000336373 0.0
0.0214805 -0.000330064 0.0
0.021469 -0.000324057 0.0
0.0214579 -0.00031833 0.0
0.0214473 -0.000312865 0.0
0.0214372 -0.000307642 0.0
0.0214275 -0.000302644 0.0
0.0214181 -0.000297855 0.0
0.0214092 -0.00029326 0.0
0.0214007 -0.000288844 0.0
0.0213925 -0.000284593 0.0
0.0213847 -0.000280495 0.0
0.0213772 -0.000276538 0.0
0.02137 -0.00027271 0.0
0.0213631 -0.000269 0.0
0.0213566 -0.000265399 0.0
0.0213503 -0.000261895 0.0
0.0213442 -0.000258481 0.0
0.0213384 -0.000255148 0.0
0.0213329 -0.000251887 0.0
0.0213276 -0.00024869 0.0
0.0213225 -0.000245549 0.0
0.0213176 -0.000242457 0.0
0.021313 -0.000239408 0.0
0.0213085 -0.000236393 0.0
0.0213042 -0.000233407 0.0
0.0213 -0.000230443 0.0
0.021296 -0.000227494 0.0
0.0212922 -0.000224553 0.0
0.0212885 -0.000221615 0.0
0.021285 -0.000218672 0.0
0.0212816 -0.000215718 0.0
0.0212783 -0.000212747 0.0
0.0212751 -0.000209751 0.0
0.021272 -0.000206723 0.0
0.021269 -0.000203656 0.0
0.0212661 -0.000200542 0.0
0.0212633 -0.000197373 0.0
0.0212606 -0.000194139 0.0
0.021258 -0.000190832 0.0
0.0212554 -0.000187441 0.0
0.0212529 -0.000183956 0.0
0.0212505 -0.000180363 0.0
0.0212481 -0.000176652 0.0
0.0212457 -0.000172807 0.0
0.0212434 -0.000168813 0.0
0.0212411 -0.000164652 0.0
0.0212389 -0.000160307 0.0
0.0212366 -0.000155753 0.0
0.0212344 -0.000150973 0.0
0.0212322 -0.000145931 0.0
0.0212301 -0.000140609 0.0
0.0212279 -0.000134961 0.0
0.0212257 -0.000128965 0.0
0.0212235 -0.000122559 0.0
0.0212214 -0.000115717 0.0
0.0212192 -0.000108357 0.0
0.021217 -0.00010045 0.0
0.0212149 -9.18818e-05 0.0
0.0212128 -8.26207e-05 0.0
0.0212107 -7.25084e-05 0.0
0.0212087 -6.1512e-05 0.0
0.0212067 -4.94069e-05 0.0
0.021205 -3.6168e-05 0.0
0.0212034 -2.15023e-05 0.0
0.0212022 -5.87614e-06 0.0
0.0212013 2.56563e-06 0.0
0.0 0.0 0.0
0.0 0.0 0.0
0.019311 -5.49944e-05 0.0
0.0193298 -0.00011885 0.0
0.0193484 -0.000199244 0.0
0.0193813 -0.000293137 0.0
0.0194339 -0.000353797 0.0
0.0194879 -0.00040867 0.0
0.0195456 -0.000488957 0.0
0.0196245 -0.000545729 0.0
0.0197052 -0.000577504 0.0
0.0197814 -0.000631296 0.0
0.0198705 -0.000674379 0.0
0.0199668 -0.000693085 0.0
0.020057 -0.000718247 0.0
0.0201502 -0.000744284 0.0
0.0202475 -0.000751688 0.0
0.0203429 -0.000757622 0.0
0.0204375 -0.000764626 0.0
0.0205316 -0.000763305 0.0
0.0206226 -0.000755678 0.0
0.0207132 -0.000748921 0.0
0.0208028 -0.000737423 0.0
0.0208869 -0.000721878 0.0
0.0209678 -0.000704676 0.0
0.0210491 -0.000685329 0.0
0.0211261 -0.000662365 0.0
0.0211967 -0.000638527 0.0
0.0212656 -0.000612515 0.0
0.0213331 -0.000583787 0.0
0.0213945 -0.000553574 0.0
0.0214509 -0.000522439 0.0
0.0215058 -0.000488427 0.0
0.0215573 -0.000452462 0.0
0.0216028 -0.000415421 0.0
0.0216447 -0.000376359 0.0
0.0216843 -0.000334357 0.0
0.0217194 -0.000290573 0.0
0.0217495 -0.00024481 0.0
0.0217766 -0.00019595 0.0
0.0218006 -0.000143828 0.0
0.0218198 -8.90792e-05 0.0
0.0218349 -3.08558e-05 0.0
0.0218472 3.18766e-05 0.0
0.0218557 9.90021e-05 0.0
0.0218596 0.000170319 0.0
0.0218604 0.000247458 0.0
0.0218588 0.000331501 0.0
0.0218524 0.000421594 0.0
0.021842 0.000518518 0.0
0.0218313 0.000625566 0.0
0.0218179 0.000742474 0.0
0.0217983 0.000867492 0.0
0.021779 0.00100517 0.0
0.0217643 0.00115887 0.0
0.0217441 0.00132439 0.0
0.0217195 0.00150356 0.0
0.0217089 0.00170482 0.0
0.0217063 0.0019243 0.0
0.0216949 0.00216087 0.0
0.0216968 0.00242218 0.0
0.0217314 0.00270431 0.0
0.0217736 0.00300687 0.0
0.0218241 0.00334438 0.0
0.021917 0.00368938 0.0
0.0220503 0.00404294 0.0
0.0222131 0.00444266 0.0
0.0224182 0.00484787 0.0
0.0226701 0.00521137 0.0
0.0229747 0.00561071 0.0
0.0233355 0.00601541 0.0
0.0237384 0.00636174 0.0
0.0241761 0.0066569 0.0
0.0246549 0.0069739 0.0
0.0251693 0.00721239 0.0
0.0256626 0.00734251 0.0
0.0261503 0.00747024 0.0
0.0266432 0.00751358 0.0
0.0270556 0.00740406 0.0
0.0273925 0.00732982 0.0
0.0277217 0.00712287 0.0
0.0279148 0.0068127 0.0
0.0279582 0.00656108 0.0
0.0279474 0.00617139 0.0
0.0278646 0.00573784 0.0
0.0277017 0.00540473 0.0
0.0274224 0.00493758 0.0
0.0270482 0.00449082 0.0
0.0267374 0.00416193 0.0
0.0264645 0.00379233 0.0
0.0261481 0.00351773 0.0
0.025821 0.00312987 0.0
0.0255139 0.0027238 0.0
0.0251972 0.00229267 0.0
0.0247831 0.0019342 0.0
0.0243312 0.00154319 0.0
0.0239072 0.00120793 0.0
0.0235485 0.000972757 0.0
0.0232201 0.000752155 0.0
0.0229086 0.000580219 0.0
0.0226554 0.000429604 0.0
0.0224579 0.000304117 0.0
0.0222821 0.000193025 0.0
0.0221292 0.000101304 0.0
0.0220197 1.74145e-05 0.0
0.02194 -5.95439e-05 0.0
0.0218746 -0.000128287 0.0
0.0218363 -0.000192686 0.0
0.021832 -0.000257508 0.0
0.0218404 -0.000328398 0.0
0.0218634 -0.000385729 0.0
0.0219189 -0.000479439 0.0
0.0220035 -0.000589458 0.0
0.0221011 -0.000699189 0.0
0.0221593 -0.000872354 0.0
0.0221858 -0.00105133 0.0
0.0221812 -0.00125431 0.0
0.0221483 -0.00138672 0.0
0.0221122 -0.00149311 0.0
0.022099 -0.00152944 0.0
0.022153 -0.00156628 0.0
0.0222565 -0.00157666 0.0
0.0223755 -0.00159488 0.0
0.0225163 -0.0016294 0.0
0.0226785 -0.00170106 0.0
0.0228244 -0.00179043 0.0
0.0229435 -0.00187525 0.0
0.0230416 -0.00198399 0.0
0.0231345 -0.00205266 0.0
0.0232403 -0.00210098 0.0
0.0233397 -0.00217068 0.0
0.0234305 -0.0022187 0.0
0.0235369 -0.00226799 0.0
0.0236447 -0.00232196 0.0
0.0237377 -0.00237959 0.0
0.0238276 -0.00242401 0.0
0.0239194 -0.002475 0.0
0.0240054 -0.00250525 0.0
0.0240966 -0.00253953 0.0
0.0241878 -0.00258519 0.0
0.0242749 -0.0026031 0.0
0.0243615 -0.00262878 0.0
0.0244412 -0.00265946 0.0
0.024523 -0.00267639 0.0
0.024606 -0.00270276 0.0
0.0246815 -0.00272522 0.0
0.0247486 -0.00275229 0.0
0.0248108 -0.00278119 0.0
0.0248703 -0.002808 0.0
0.0249236 -0.00283167 0.0
0.0249673 -0.00286009 0.0
0.0250036 -0.00288203 0.0
0.025037 -0.00290042 0.0
0.0250649 -0.00292213 0.0
0.0250849 -0.00293703 0.0
0.0250972 -0.00295031 0.0
0.025104 -0.00296168 0.0
0.0251079 -0.00297271 0.0
0.0251049 -0.00298005 0.0
0.0250934 -0.00298419 0.0
0.0250766 -0.00298844 0.0
0.0250557 -0.00299036 0.0
0.0250278 -0.00298798 0.0
0.0249904 -0.00298253 0.0
0.0249457 -0.00297581 0.0
0.0248969 -0.00296282 0.0
0.0248413 -0.00294492 0.0
0.0247759 -0.00292239 0.0
0.0247053 -0.00289361 0.0
0.0246334 -0.00285784 0.0
0.0245569 -0.00281604 0.0
0.0244742 -0.00276775 0.0
0.0243911 -0.00271234 0.0
0.0243102 -0.00265311 0.0
0.0242269 -0.00258821 0.0
0.0241419 -0.00251782 0.0
0.0240598 -0.00244593 0.0
0.0239801 -0.00237159 0.0
0.0239 -0.00229382 0.0
0.0238206 -0.00221569 0.0
0.0237439 -0.00213785 0.0
0.0236692 -0.00205933 0.0
0.0235953 -0.001981 0.0
0.0235221 -0.0019042 0.0
0.0234511 -0.00182861 0.0
0.023382 -0.00175434 0.0
0.0233135 -0.00168189 0.0
0.0232459 -0.00161153 0.0
0.0231801 -0.0015432 0.0
0.0231159 -0.00147715 0.0
0.0230522 -0.00141337 0.0
0.0229895 -0.00135193 0.0
0.0229285 -0.00129293 0.0
0.0228686 -0.00123639 0.0
0.0228095 -0.00118215 0.0
0.0227515 -0.0011303 0.0
0.022695 -0.00108088 0.0
0.0226395 -0.00103376 0.0
0.0225849 -0.000988813 0.0
0.0225316 -0.00094612 0.0
0.0224796 -0.000905605 0.0
0.0224285 -0.000867115 0.0
0.0223786 -0.000830603 0.0
0.0223299 -0.000796066 0.0
0.0222824 -0.00076338 0.0
0.022236 -0.000732436 0.0
0.0221907 -0.000703201 0.0
0.0221466 -0.000675617 0.0
0.0221036 -0.000649566 0.0
0.0220617 -0.000624976 0.0
0.022021 -0.000601804 0.0
0.0219814 -0.000579971 0.0
0.0219428 -0.000559385 0.0
0.0219054 -0.000539995 0.0
0.0218691 -0.000521746 0.0
0.0218338 -0.000504562 0.0
0.0217995 -0.000488378 0.0
0.0217663 -0.000473148 0.0
0.0217341 -0.000458816 0.0
0.0217029 -0.000445321 0.0
0.0216726 -0.000432614 0.0
0.0216434 -0.000420654 0.0
0.021615 -0.000409389 0.0
0.0215875 -0.000398775 0.0
0.021561 -0.000388772 0.0
0.0215352 -0.000379343 0.0
0.0215104 -0.000370447 0.0
0.0214863 -0.00036205 0.0
0.0214631 -0.000354121 0.0
0.0214406 -0.000346627 0.0
0.0214188 -0.000339537 0.0
0.0213978 -0.000332825 0.0
0.0213775 -0.000326465 0.0
0.0213579 -0.000320431 0.0
0.0213389 -0.0003147 0.0
0.0213206 -0.000309252 0.0
0.0213029 -0.000304065 0.0
0.0212858 -0.000299119 0.0
0.0212692 -0.000294397 0.0
0.0212532 -0.000289883 0.0
0.0212377 -0.000285559 0.0
0.0212228 -0.000281411 0.0
0.0212083 -0.000277425 0.0
0.0211943 -0.000273588 0.0
0.0211808 -0.000269887 0.0
0.0211677 -0.000266311 0.0
0.021155 -0.000262848 0.0
0.0211428 -0.000259489 0.0
0.0211309 -0.000256223 0.0
0.0211194 -0.000253041 0.0
0.0211083 -0.000249935 0.0
0.0210975 -0.000246897 0.0
0.021087 -0.000243917 0.0
0.0210769 -0.00024099 0.0
0.021067 -0.000238107 0.0
0.0210575 -0.000235262 0.0
0.0210482 -0.000232448 0.0
0.0210392 -0.000229659 0.0
0.0210304 -0.000226887 0.0
0.0210219 -0.000224128 0.0
0.0210137 -0.000221374 0.0
0.0210056 -0.00021862 0.0
0.0209978 -0.00021586 0.0
0.0209902 -0.000213087 0.0
0.0209828 -0.000210295 0.0
0.0209756 -0.000207477 0.0
0.0209686 -0.000204628 0.0
0.0209617 -0.00020174 0.0
0.020955 -0.000198805 0.0
0.0209485 -0.000195817 0.0
0.0209421 -0.000192767 0.0
0.0209359 -0.000189646 0.0
0.0209298 -0.000186446 0.0
0.0209239 -0.000183156 0.0
0.0209181 -0.000179767 0.0
0.0209124 -0.000176264 0.0
0.0209068 -0.000172638 0.0
0.0209014 -0.000168872 0.0
0.0208961 -0.000164953 0.0
0.0208908 -0.000160861 0.0
0.0208857 -0.000156581 0.0
0.0208807 -0.000152089 0.0
0.0208758 -0.000147366 0.0
0.0208709 -0.000142379 0.0
0.0208662 -0.000137109 0.0
0.0208616 -0.000131513 0.0
0.020857 -0.000125567 0.0
0.0208526 -0.000119214 0.0
0.0208483 -0.000112429 0.0
0.0208441 -0.000105135 0.0
0.02084 -9.73002e-05 0.0
0.0208361 -8.88227e-05 0.0
0.0208323 -7.96709e-05 0.0
0.0208287 -6.96996e-05 0.0
0.0208254 -5.88757e-05 0.0
0.0208224 -4.70033e-05 0.0
0.0208198 -3.40528e-05 0.0
0.0208176 -1.97816e-05 0.0
0.020816 -4.7068e-06 0.0
0.020815 3.38718e-06 0.0
0.0 0.0 0.0
0.0 0.0 0.0
0.0192986 -5.2878e-05 0.0
0.0193158 -0.000149587 0.0
0.0193609 -0.000236531 0.0
0.0193969 -0.000323851 0.0
0.0194376 -0.000412602 0.0
0.0195132 -0.000480183 0.0
0.0195905 -0.000549815 0.0
0.0196602 -0.000628411 0.0
0.0197482 -0.000671202 0.0
0.0198487 -0.000711399 0.0
0.0199436 -0.000768232 0.0
0.0200403 -0.000799049 0.0
0.0201422 -0.000810718 0.0
0.0202481 -0.000838796 0.0
0.0203521 -0.00085755 0.0
0.020451 -0.000856562 0.0
0.0205511 -0.000856669 0.0
0.0206551 -0.000860903 0.0
0.0207518 -0.000851977 0.0
0.0208414 -0.000837392 0.0
0.0209341 -0.000824645 0.0
0.0210258 -0.000808884 0.0
0.021107 -0.000785879 0.0
0.0211844 -0.000762268 0.0
0.0212636 -0.000737577 0.0
0.0213371 -0.000709354 0.0
0.0214018 -0.000678283 0.0
0.0214649 -0.000646741 0.0
0.0215267 -0.000612752 0.0
0.0215813 -0.000576467 0.0
0.0216301 -0.000538817 0.0
0.0216773 -0.000499646 0.0
0.0217209 -0.000457844 0.0
0.0217583 -0.000414442 0.0
0.0217919 -0.000369364 0.0
0.021823 -0.000321668 0.0
0.0218498 -0.000271296 0.0
0.0218719 -0.000219038 0.0
0.021891 -0.000163779 0.0
0.021907 -0.00010471 0.0
0.021919 -4.26094e-05 0.0
0.0219275 2.27219e-05 0.0
0.0219333 9.33796e-05 0.0
0.021936 0.000169094 0.0
0.0219353 0.000248664 0.0
0.0219323 0.000334615 0.0
0.0219273 0.000429105 0.0
0.0219194 0.000529314 0.0
0.0219093 0.000635904 0.0
0.0218994 0.000754876 0.0
0.0218887 0.000884622 0.0
0.0218751 0.00102064 0.0
0.0218635 0.00117032 0.0
0.0218577 0.00133889 0.0
0.0218512 0.00151705 0.0
0.0218455 0.00170726 0.0
0.0218533 0.00192118 0.0
0.0218725 0.00215312 0.0
0.0218947 0.00239695 0.0
0.0219325 0.00266385 0.0
0.0219963 0.00294871 0.0
0.0220815 0.00325167 0.0
0.0221902 0.0035752 0.0
0.0223267 0.00390515 0.0
0.0224995 0.00424181 0.0
0.0227234 0.00460419 0.0
0.0229821 0.00495273 0.0
0.0232671 0.00529079 0.0
0.0236133 0.00562411 0.0
0.0240123 0.00594634 0.0
0.0244281 0.00622967 0.0
0.0248767 0.00647981 0.0
0.0253758 0.00669015 0.0
0.0258752 0.00686409 0.0
0.0263757 0.00697243 0.0
0.02688 0.0070137 0.0
0.0273449 0.00701942 0.0
0.0277683 0.00695734 0.0
0.028155 0.0067941 0.0
0.0284651 0.00662684 0.0
0.0287309 0.00641017 0.0
0.0289315 0.00610113 0.0
0.0290247 0.00578663 0.0
0.0290746 0.00546521 0.0
0.0290755 0.00510676 0.0
0.0289771 0.00476394 0.0
0.0288191 0.00439465 0.0
0.028645 0.0040495 0.0
0.0284756 0.00373441 0.0
0.0283266 0.00339781 0.0
0.0281316 0.00298521 0.0
0.0278807 0.00261474 0.0
0.0276347 0.00225758 0.0
0.0273813 0.00188887 0.0
0.0270828 0.00157896 0.0
0.0267769 0.00129183 0.0
0.0264927 0.00104451 0.0
0.0262451 0.000840596 0.0
0.026026 0.000651713 0.0
0.0258244 0.000493278 0.0
0.0256491 0.000356769 0.0
0.0255073 0.000232621 0.0
0.0253926 0.000118273 0.0
0.0252984 2.02925e-05 0.0
0.0252264 -7.05993e-05 0.0
0.0251775 -0.00016195 0.0
0.0251504 -0.00024638 0.0
0.0251414 -0.000334617 0.0
0.025153 -0.00042052 0.0
0.0251831 -0.00051878 0.0
0.0252081 -0.000644832 0.0
0.0252431 -0.00076493 0.0
0.0252912 -0.000912945 0.0
0.0253143 -0.00107711 0.0
0.0253103 -0.0012224 0.0
0.02529 -0.0013729 0.0
0.0252638 -0.00147205 0.0
0.0252603 -0.00154137 0.0
0.0252713 -0.00161456 0.0
0.0252957 -0.001649 0.0
0.0253529 -0.00169131 0.0
0.025432 -0.00175126 0.0
0.0255162 -0.00181407 0.0
0.0255931 -0.00188617 0.0
0.025661 -0.00196243 0.0
0.025716 -0.00204669 0.0
0.0257637 -0.00211808 0.0
0.025817 -0.0021866 0.0
0.0258705 -0.00223927 0.0
0.0259221 -0.00229355 0.0
0.0259793 -0.00235341 0.0
0.0260361 -0.00240585 0.0
0.0260887 -0.00244771 0.0
0.0261362 -0.00249543 0.0
0.026178 -0.00253938 0.0
0.0262211 -0.0025722 0.0
0.0262643 -0.00260577 0.0
0.0262958 -0.0026371 0.0
0.0263261 -0.00266202 0.0
0.0263623 -0.00269064 0.0
0.0263931 -0.00271009 0.0
0.0264215 -0.00272996 0.0
0.0264485 -0.00275626 0.0
0.0264724 -0.00277492 0.0
0.0264951 -0.00279323 0.0
0.0265112 -0.00281774 0.0
0.0265181 -0.00284039 0.0
0.0265221 -0.00285617 0.0
0.0265205 -0.00287616 0.0
0.0265097 -0.00289293 0.0
0.0264952 -0.00290777 0.0
0.0264755 -0.00292042 0.0
0.0264482 -0.00293041 0.0
0.0264165 -0.00293866 0.0
0.0263813 -0.00294549 0.0
0.0263397 -0.00294974 0.0
0.0262912 -0.00295049 0.0
0.0262379 -0.00295054 0.0
0.0261802 -0.00294788 0.0
0.0261159 -0.00294323 0.0
0.0260442 -0.00293471 0.0
0.0259676 -0.00292278 0.0
0.0258863 -0.00290918 0.0
0.0257983 -0.00289099 0.0
0.0257041 -0.00286679 0.0
0.0256057 -0.00283782 0.0
0.0255036 -0.00280573 0.0
0.0253973 -0.00276677 0.0
0.0252873 -0.00272057 0.0
0.0251759 -0.00266992 0.0
0.0250643 -0.00261578 0.0
0.0249514 -0.00255519 0.0
0.0248378 -0.00248858 0.0
0.0247261 -0.00242114 0.0
0.0246162 -0.00235103 0.0
0.0245068 -0.00227605 0.0
0.0243989 -0.0022003 0.0
0.0242936 -0.00212527 0.0
0.0241907 -0.00204846 0.0
0.0240894 -0.00197099 0.0
0.0239897 -0.00189513 0.0
0.0238926 -0.00182037 0.0
0.0237981 -0.00174603 0.0
0.0237051 -0.00167332 0.0
0.0236136 -0.00160279 0.0
0.0235247 -0.00153404 0.0
0.0234381 -0.00146714 0.0
0.0233527 -0.00140259 0.0
0.0232691 -0.00134039 0.0
0.0231878 -0.00128047 0.0
0.0231083 -0.00122289 0.0
0.0230302 -0.00116774 0.0
0.0229539 -0.00111498 0.0
0.0228797 -0.00106461 0.0
0.022807 -0.00101655 0.0
0.0227357 -0.00097079 0.0
0.0226664 -0.000927303 0.0
0.0225988 -0.000886026 0.0
0.0225326 -0.000846846 0.0
0.0224681 -0.000809732 0.0
0.0224052 -0.000774637 0.0
0.022344 -0.000741456 0.0
0.0222842 -0.000710092 0.0
0.022226 -0.000680509 0.0
0.0221694 -0.000652629 0.0
0.0221142 -0.000626347 0.0
0.0220605 -0.00060159 0.0
0.0220083 -0.000578309 0.0
0.0219575 -0.000556416 0.0
0.0219081 -0.000535826 0.0
0.0218601 -0.000516481 0.0
0.0218135 -0.000498321 0.0
0.0217682 -0.000481266 0.0
0.0217241 -0.000465252 0.0
0.0216814 -0.000450227 0.0
0.0216399 -0.000436133 0.0
0.0215997 -0.000422904 0.0
0.0215606 -0.000410491 0.0
0.0215227 -0.000398847 0.0
0.0214859 -0.00038792 0.0
0.0214503 -0.000377661 0.0
0.0214157 -0.00036803 0.0
0.0213821 -0.000358986 0.0
0.0213496 -0.000350486 0.0
0.0213181 -0.000342494 0.0
0.0212875 -0.000334978 0.0
0.0212578 -0.000327901 0.0
0.0212291 -0.000321233 0.0
0.0212012 -0.000314946 0.0
0.0211741 -0.000309011 0.0
0.0211479 -0.000303403 0.0
0.0211225 -0.000298096 0.0
0.0210978 -0.000293069 0.0
0.0210739 -0.0002883 0.0
0.0210507 -0.000283769 0.0
0.0210282 -0.000279457 0.0
0.0210063 -0.000275347 0.0
0.0209851 -0.000271422 0.0
0.0209645 -0.000267666 0.0
0.0209445 -0.000264066 0.0
0.0209251 -0.000260608 0.0
0.0209063 -0.000257279 0.0
0.0208879 -0.000254067 0.0
0.0208701 -0.000250962 0.0
0.0208528 -0.000247952 0.0
0.020836 -0.000245028 0.0
0.0208196 -0.000242182 0.0
0.0208037 -0.000239403 0.0
0.0207881 -0.000236685 0.0
0.0207731 -0.000234019 0.0
0.0207584 -0.000231398 0.0
0.020744 -0.000228815 0.0
0.0207301 -0.000226264 0.0
0.0207165 -0.000223737 0.0
0.0207032 -0.000221229 0.0
0.0206903 -0.000218734 0.0
0.0206777 -0.000216246 0.0
0.0206654 -0.000213759 0.0
0.0206534 -0.000211268 0.0
0.0206417 -0.000208766 0.0
0.0206302 -0.000206249 0.0
0.020619 -0.00020371 0.0
0.0206081 -0.000201143 0.0
0.0205974 -0.000198543 0.0
0.020587 -0.000195903 0.0
0.0205768 -0.000193216 0.0
0.0205668 -0.000190477 0.0
0.020557 -0.000187677 0.0
0.0205475 -0.000184808 0.0
0.0205381 -0.000181863 0.0
0.020529 -0.000178833 0.0
0.02052 -0.000175708 0.0
0.0205113 -0.000172477 0.0
0.0205027 -0.000169129 0.0
0.0204943 -0.000165653 0.0
0.0204861 -0.000162033 0.0
0.020478 -0.000158257 0.0
0.0204702 -0.000154305 0.0
0.0204625 -0.000150162 0.0
0.0204549 -0.000145805 0.0
0.0204476 -0.000141217 0.0
0.0204404 -0.000136365 0.0
0.0204334 -0.000131232 0.0
0.0204265 -0.000125776 0.0
0.0204199 -0.000119974 0.0
0.0204134 -0.000113775 0.0
0.0204072 -0.000107152 0.0
0.0204011 -0.000100036 0.0
0.0203954 -9.23984e-05 0.0
0.0203898 -8.41474e-05 0.0
0.0203846 -7.5249e-05 0.0
0.0203798 -6.55807e-05 0.0
0.0203753 -5.51089e-05 0.0
0.0203713 -4.36665e-05 0.0
0.0203679 -3.12222e-05 0.0
0.0203652 -1.75964e-05 0.0
0.0203633 -3.34666e-06 0.0
0.0203623 4.2518e-06 0.0
0.0 0.0 0.0
0.0 0.0 0.0
0.0193191 -5.41347e-05 0.0
0.0193312 -0.000182039 0.0
0.0193577 -0.000285478 0.0
0.0194081 -0.000358086 0.0
0.0194635 -0.000467492 0.0
0.0195366 -0.000578661 0.0
0.019625 -0.000627904 0.0
0.0197112 -0.000693999 0.0
0.0198071 -0.000783745 0.0
0.0199185 -0.000825119 0.0
0.0200239 -0.000852338 0.0
0.0201316 -0.000904017 0.0
0.0202476 -0.000932802 0.0
0.0203597 -0.000941684 0.0
0.020469 -0.000955666 0.0
0.0205822 -0.000967718 0.0
0.0206895 -0.000963607 0.0
0.0207916 -0.000956858 0.0
0.0208955 -0.000948292 0.0
0.0209948 -0.000934437 0.0
0.0210842 -0.000914805 0.0
0.0211726 -0.000893269 0.0
0.0212601 -0.000867841 0.0
0.0213379 -0.000840491 0.0
0.0214087 -0.000810235 0.0
0.0214794 -0.000777144 0.0
0.0215453 -0.000741887 0.0
0.021602 -0.000706007 0.0
0.0216548 -0.000667283 0.0
0.021706 -0.000626251 0.0
0.0217507 -0.000584226 0.0
0.0217889 -0.000541024 0.0
0.0218246 -0.000494989 0.0
0.0218572 -0.000447181 0.0
0.0218838 -0.000398133 0.0
0.0219064 -0.000346943 0.0
0.0219266 -0.000292799 0.0
0.0219431 -0.000236531 0.0
0.0219551 -0.000178007 0.0
0.0219646 -0.000116157 0.0
0.0219718 -5.04925e-05 0.0
0.0219753 1.83365e-05 0.0
0.021976 9.0947e-05 0.0
0.0219756 0.000168914 0.0
0.0219727 0.000252204 0.0
0.0219667 0.000340063 0.0
0.0219605 0.000434498 0.0
0.0219546 0.000537346 0.0
0.0219456 0.000646885 0.0
0.0219356 0.000763662 0.0
0.0219303 0.000891773 0.0
0.0219258 0.00103089 0.0
0.0219179 0.00117846 0.0
0.0219167 0.00133887 0.0
0.0219266 0.00151438 0.0
0.0219355 0.00170267 0.0
0.0219478 0.00190485 0.0
0.0219814 0.00212266 0.0
0.0220283 0.00235459 0.0
0.0220797 0.00260804 0.0
0.022154 0.00287386 0.0
0.0222578 0.0031437 0.0
0.0223811 0.00343758 0.0
0.0225326 0.00375341 0.0
0.0227183 0.00404795 0.0
0.0229354 0.00435194 0.0
0.0231941 0.00468106 0.0
0.0234931 0.0049872 0.0
0.023821 0.00525676 0.0
0.0241871 0.00554409 0.0
0.0246025 0.00581095 0.0
0.0250382 0.00601643 0.0
0.0254895 0.00620061 0.0
0.0259791 0.00637773 0.0
0.02648 0.00646493 0.0
0.0269552 0.0065223 0.0
0.0274551 0.00656414 0.0
0.027943 0.00649171 0.0
0.0283631 0.00642718 0.0
0.0287579 0.00631019 0.0
0.0291268 0.00609288 0.0
0.0294222 0.00589843 0.0
0.0296571 0.00568449 0.0
0.0298299 0.00535342 0.0
0.029957 0.00507252 0.0
0.0300673 0.00478626 0.0
0.0301085 0.00445704 0.0
0.0300998 0.00414953 0.0
0.0300919 0.00380715 0.0
0.0300722 0.00348633 0.0
0.0299972 0.00315535 0.0
0.0298837 0.00281431 0.0
0.0297517 0.00243561 0.0
0.0295924 0.00212725 0.0
0.0294103 0.00183165 0.0
0.0292153 0.00153183 0.0
0.0290229 0.00127582 0.0
0.0288437 0.00105165 0.0
0.0286654 0.000846271 0.0
0.0284988 0.000664593 0.0
0.0283625 0.000501017 0.0
0.0282462 0.000354935 0.0
0.0281366 0.000222722 0.0
0.0280462 0.000101565 0.0
0.0279846 -1.31018e-05 0.0
0.0279373 -0.000122545 0.0
0.0278987 -0.00022158 0.0
0.0278801 -0.000326166 0.0
0.0278796 -0.000440305 0.0
0.0278918 -0.000544813 0.0
0.0279079 -0.000659211 0.0
0.0279218 -0.000796934 0.0
0.0279338 -0.000933969 0.0
0.0279355 -0.00107075 0.0
0.0279205 -0.00120526 0.0
0.0278909 -0.00133797 0.0
0.0278604 -0.00144247 0.0
0.0278386 -0.00153851 0.0
0.0278195 -0.00160687 0.0
0.0278163 -0.00167317 0.0
0.0278366 -0.00174136 0.0
0.0278626 -0.00180401 0.0
0.0278864 -0.00186549 0.0
0.0279178 -0.00193911 0.0
0.0279509 -0.00202135 0.0
0.0279785 -0.00208084 0.0
0.0279986 -0.00215028 0.0
0.028007 -0.00222179 0.0
0.0280207 -0.00227243 0.0
0.0280384 -0.00232825 0.0
0.0280447 -0.00237938 0.0
0.0280447 -0.00242952 0.0
0.02805 -0.00247505 0.0
0.0280527 -0.00251894 0.0
0.0280494 -0.0025518 0.0
0.0280452 -0.00259292 0.0
0.0280387 -0.00262394 0.0
0.0280324 -0.00264586 0.0
0.0280236 -0.00267609 0.0
0.0280095 -0.00269959 0.0
0.0279947 -0.00271627 0.0
0.0279783 -0.00273721 0.0
0.0279563 -0.00275406 0.0
0.0279312 -0.00277191 0.0
0.027903 -0.00278978 0.0
0.0278702 -0.00280382 0.0
0.0278315 -0.00281978 0.0
0.0277874 -0.00283587 0.0
0.0277396 -0.0028472 0.0
0.0276873 -0.00285809 0.0
0.0276281 -0.00286888 0.0
0.0275633 -0.00287469 0.0
0.0274947 -0.00288034 0.0
0.0274216 -0.00288399 0.0
0.0273423 -0.0028848 0.0
0.0272571 -0.00288269 0.0
0.0271683 -0.00287984 0.0
0.0270755 -0.00287527 0.0
0.0269767 -0.00286613 0.0
0.0268722 -0.00285491 0.0
0.0267634 -0.00284261 0.0
0.0266508 -0.00282657 0.0
0.0265328 -0.0028053 0.0
0.0264089 -0.00278162 0.0
0.0262812 -0.0027548 0.0
0.0261514 -0.00272215 0.0
0.0260177 -0.00268444 0.0
0.0258795 -0.00264268 0.0
0.0257405 -0.00259632 0.0
0.0256022 -0.00254458 0.0
0.025462 -0.00248827 0.0
0.0253204 -0.00242765 0.0
0.0251816 -0.00236412 0.0
0.0250451 -0.00229746 0.0
0.0249084 -0.00222686 0.0
0.0247736 -0.00215514 0.0
0.0246426 -0.00208289 0.0
0.0245141 -0.00200859 0.0
0.0243871 -0.00193364 0.0
0.024263 -0.0018599 0.0
0.0241424 -0.00178644 0.0
0.0240246 -0.00171322 0.0
0.0239089 -0.00164153 0.0
0.0237959 -0.0015717 0.0
0.0236862 -0.00150321 0.0
0.0235792 -0.00143652 0.0
0.0234742 -0.00137209 0.0
0.0233719 -0.00130981 0.0
0.0232726 -0.00124965 0.0
0.0231755 -0.00119186 0.0
0.0230806 -0.00113643 0.0
0.0229882 -0.00108332 0.0
0.0228985 -0.00103259 0.0
0.0228107 -0.000984207 0.0
0.0227251 -0.000938099 0.0
0.0226419 -0.000894285 0.0
0.0225609 -0.00085272 0.0
0.0224819 -0.000813292 0.0
0.0224049 -0.00077595 0.0
0.0223301 -0.000740682 0.0
0.0222573 -0.000707375 0.0
0.0221864 -0.000675929 0.0
0.0221174 -0.000646306 0.0
0.0220504 -0.000618444 0.0
0.0219851 -0.000592222 0.0
0.0219216 -0.00056757 0.0
0.02186 -0.000544439 0.0
0.0218001 -0.000522744 0.0
0.0217418 -0.000502386 0.0
0.0216852 -0.000483312 0.0
0.0216302 -0.000465461 0.0
0.0215767 -0.000448749 0.0
0.0215248 -0.000433106 0.0
0.0214744 -0.000418482 0.0
0.0214254 -0.000404814 0.0
0.0213779 -0.000392034 0.0
0.0213317 -0.000380088 0.0
0.0212868 -0.000368931 0.0
0.0212433 -0.000358507 0.0
0.021201 -0.000348762 0.0
0.0211599 -0.000339656 0.0
0.0211201 -0.000331147 0.0
0.0210813 -0.000323189 0.0
0.0210437 -0.000315743 0.0
0.0210072 -0.000308776 0.0
0.0209718 -0.000302251 0.0
0.0209373 -0.000296135 0.0
0.0209038 -0.000290398 0.0
0.0208713 -0.000285012 0.0
0.0208397 -0.000279949 0.0
0.020809 -0.000275184 0.0
0.0207792 -0.000270692 0.0
0.0207502 -0.000266453 0.0
0.0207219 -0.000262445 0.0
0.0206945 -0.000258649 0.0
0.0206678 -0.000255046 0.0
0.0206418 -0.000251621 0.0
0.0206166 -0.000248356 0.0
0.020592 -0.000245238 0.0
0.020568 -0.000242253 0.0
0.0205447 -0.000239387 0.0
0.020522 -0.000236629 0.0
0.0204998 -0.000233969 0.0
0.0204782 -0.000231394 0.0
0.0204572 -0.000228897 0.0
0.0204367 -0.000226466 0.0
0.0204167 -0.000224096 0.0
0.0203971 -0.000221776 0.0
0.0203781 -0.0002195 0.0
0.0203595 -0.00021726 0.0
0.0203413 -0.00021505 0.0
0.0203236 -0.000212864 0.0
0.0203062 -0.000210695 0.0
0.0202893 -0.000208538 0.0
0.0202727 -0.000206387 0.0
0.0202565 -0.000204236 0.0
0.0202407 -0.000202081 0.0
0.0202252 -0.000199916 0.0
0.02021 -0.000197736 0.0
0.0201952 -0.000195535 0.0
0.0201807 -0.000193309 0.0
0.0201665 -0.000191053 0.0
0.0201526 -0.00018876 0.0
0.0201389 -0.000186426 0.0
0.0201256 -0.000184044 0.0
0.0201125 -0.000181608 0.0
0.0200997 -0.000179113 0.0
0.0200872 -0.00017655 0.0
0.0200749 -0.000173914 0.0
0.0200629 -0.000171195 0.0
0.0200511 -0.000168386 0.0
0.0200395 -0.000165478 0.0
0.0200282 -0.00016246 0.0
0.0200171 -0.000159321 0.0
0.0200063 -0.000156051 0.0
0.0199957 -0.000152634 0.0
0.0199853 -0.000149059 0.0
0.0199751 -0.000145308 0.0
0.0199652 -0.000141366 0.0
0.0199555 -0.00013721 0.0
0.019946 -0.000132824 0.0
0.0199368 -0.000128181 0.0
0.0199278 -0.000123259 0.0
0.019919 -0.000118022 0.0
0.0199106 -0.00011245 0.0
0.0199024 -0.000106495 0.0
0.0198945 -0.00010013 0.0
0.0198869 -9.32973e-05 0.0
0.0198796 -8.59691e-05 0.0
0.0198728 -7.80648e-05 0.0
0.0198663 -6.95522e-05 0.0
0.0198604 -6.03331e-05 0.0
0.0198549 -5.03713e-05 0.0
0.0198502 -3.95331e-05 0.0
0.0198461 -2.77884e-05 0.0
0.0198429 -1.50241e-05 0.0
0.0198408 -1.82801e-06 0.0
0.0198397 5.15328e-06 0.0
0.0 0.0 0.0
0.0 0.0 0.0
0.019311 -8.38715e-05 0.0
0.0193304 -0.000187878 0.0
0.0193516 -0.00031478 0.0
0.0194206 -0.000443357 0.0
0.0195092 -0.000533871 0.0
0.0195745 -0.000639506 0.0
0.0196597 -0.000739577 0.0
0.0197839 -0.00080055 0.0
0.0198964 -0.000874588 0.0
0.0200024 -0.000945965 0.0
0.0201246 -0.000974404 0.0
0.0202539 -0.00101214 0.0
0.0203775 -0.00105164 0.0
0.0204959 -0.00106441 0.0
0.0206139 -0.00106698 0.0
0.0207362 -0.00107853 0.0
0.0208522 -0.00107583 0.0
0.0209556 -0.00106138 0.0
0.0210579 -0.00104727 0.0
0.0211624 -0.0010315 0.0
0.0212549 -0.00100528 0.0
0.0213358 -0.000977328 0.0
0.0214174 -0.000948337 0.0
0.0214961 -0.000914941 0.0
0.0215619 -0.000877493 0.0
0.0216207 -0.00084041 0.0
0.0216793 -0.000800492 0.0
0.0217316 -0.000757553 0.0
0.021774 -0.000713738 0.0
0.0218127 -0.000669356 0.0
0.0218493 -0.0006219 0.0
0.0218793 -0.000572983 0.0
0.021903 -0.000523559 0.0
0.0219243 -0.00047226 0.0
0.0219425 -0.000418238 0.0
0.0219555 -0.000363159 0.0
0.0219647 -0.000306511 0.0
0.021972 -0.000246799 0.0
0.0219763 -0.000184432 0.0
0.0219771 -0.000120288 0.0
0.0219758 -5.26696e-05 0.0
0.0219732 1.92652e-05 0.0
0.0219682 9.42199e-05 0.0
0.0219613 0.000172875 0.0
0.0219541 0.000257771 0.0
0.0219464 0.000348006 0.0
0.0219369 0.000442301 0.0
0.0219281 0.00054418 0.0
0.0219217 0.000655123 0.0
0.0219147 0.000771709 0.0
0.0219081 0.000895754 0.0
0.0219076 0.00103276 0.0
0.0219115 0.00117926 0.0
0.0219156 0.00133324 0.0
0.0219269 0.00150128 0.0
0.0219515 0.00168371 0.0
0.021982 0.00187502 0.0
0.0220193 0.00208114 0.0
0.0220751 0.00230111 0.0
0.0221501 0.00253119 0.0
0.0222398 0.00277718 0.0
0.0223487 0.00303594 0.0
0.0224832 0.00329383 0.0
0.0226495 0.00356768 0.0
0.022845 0.00385145 0.0
0.0230624 0.00412551 0.0
0.0233167 0.00439325 0.0
0.0236158 0.00466968 0.0
0.0239397 0.00492929 0.0
0.0242879 0.00516422 0.0
0.0246819 0.00537987 0.0
0.0251048 0.00558675 0.0
0.0255411 0.0057518 0.0
0.0260024 0.00587823 0.0
0.0264848 0.00598083 0.0
0.0269637 0.00605143 0.0
0.0274474 0.00606522 0.0
0.0279167 0.00603432 0.0
0.0283767 0.00600114 0.0
0.0288258 0.00588614 0.0
0.0292234 0.00574691 0.0
0.029587 0.00558508 0.0
0.0299437 0.00538489 0.0
0.0302417 0.00515521 0.0
0.0304702 0.00492198 0.0
0.0306712 0.00463912 0.0
0.0308405 0.00437346 0.0
0.030977 0.00410063 0.0
0.0310676 0.00379421 0.0
0.0311177 0.00348274 0.0
0.0311598 0.00318157 0.0
0.0311907 0.00286625 0.0
0.0311606 0.00254379 0.0
0.0310942 0.00225042 0.0
0.0310278 0.00194614 0.0
0.0309466 0.00168112 0.0
0.030841 0.0014316 0.0
0.0307261 0.00119371 0.0
0.0306192 0.00098229 0.0
0.0305224 0.000792165 0.0
0.0304257 0.000613981 0.0
0.030334 0.000453903 0.0
0.030259 0.000307645 0.0
0.030198 0.000169723 0.0
0.0301438 4.17141e-05 0.0
0.0300996 -8.01489e-05 0.0
0.0300709 -0.000197967 0.0
0.030055 -0.000311864 0.0
0.0300403 -0.000430002 0.0
0.03003 -0.000551338 0.0
0.0300343 -0.000670664 0.0
0.0300381 -0.000801277 0.0
0.030028 -0.00093064 0.0
0.0300176 -0.00106107 0.0
0.030003 -0.00119492 0.0
0.0299789 -0.00130501 0.0
0.0299491 -0.0014145 0.0
0.0299136 -0.00151483 0.0
0.0298866 -0.00158919 0.0
0.0298696 -0.0016702 0.0
0.0298501 -0.00174121 0.0
0.0298352 -0.00180702 0.0
0.0298286 -0.00187901 0.0
0.0298217 -0.00194703 0.0
0.0298057 -0.00201834 0.0
0.0297872 -0.00208464 0.0
0.0297715 -0.00215099 0.0
0.0297496 -0.00220758 0.0
0.0297242 -0.00226685 0.0
0.0296971 -0.00232364 0.0
0.0296699 -0.00236713 0.0
0.0296406 -0.00241405 0.0
0.0296053 -0.00245987 0.0
0.0295659 -0.0024989 0.0
0.0295268 -0.00253077 0.0
0.0294823 -0.00256518 0.0
0.0294314 -0.00259263 0.0
0.0293822 -0.00261894 0.0
0.0293293 -0.00264159 0.0
0.0292706 -0.00265856 0.0
0.0292113 -0.00267949 0.0
0.0291498 -0.002697 0.0
0.0290852 -0.00270781 0.0
0.0290174 -0.00272265 0.0
0.0289439 -0.00273788 0.0
0.0288673 -0.00274742 0.0
0.0287882 -0.00275712 0.0
0.0287018 -0.00276819 0.0
0.0286099 -0.00277536 0.0
0.0285151 -0.00278116 0.0
0.0284148 -0.00278553 0.0
0.0283094 -0.00278799 0.0
0.0282003 -0.00278885 0.0
0.0280862 -0.0027868 0.0
0.0279674 -0.00278312 0.0
0.027845 -0.00277756 0.0
0.0277187 -0.00276972 0.0
0.0275871 -0.00275907 0.0
0.0274511 -0.00274678 0.0
0.0273118 -0.00273154 0.0
0.027169 -0.00271347 0.0
0.0270209 -0.002693 0.0
0.0268689 -0.00266883 0.0
0.0267149 -0.0026409 0.0
0.0265578 -0.00260986 0.0
0.0263969 -0.00257502 0.0
0.0262339 -0.00253503 0.0
0.0260705 -0.00249108 0.0
0.0259062 -0.00244391 0.0
0.0257404 -0.00239201 0.0
0.0255751 -0.0023353 0.0
0.0254119 -0.0022761 0.0
0.02525 -0.00221448 0.0
0.0250889 -0.00214849 0.0
0.0249307 -0.00208044 0.0
0.0247761 -0.0020123 0.0
0.0246239 -0.00194194 0.0
0.0244743 -0.00187004 0.0
0.0243284 -0.00179903 0.0
0.0241863 -0.00172841 0.0
0.0240473 -0.00165736 0.0
0.0239115 -0.00158742 0.0
0.0237793 -0.00151927 0.0
0.0236508 -0.00145226 0.0
0.0235257 -0.00138658 0.0
0.0234034 -0.00132305 0.0
0.0232846 -0.00126162 0.0
0.0231694 -0.0012021 0.0
0.0230572 -0.00114473 0.0
0.0229477 -0.00108973 0.0
0.0228415 -0.001037 0.0
0.0227384 -0.000986529 0.0
0.022638 -0.000938347 0.0
0.0225402 -0.00089248 0.0
0.0224455 -0.000848877 0.0
0.0223534 -0.000807484 0.0
0.0222637 -0.000768237 0.0
0.0221766 -0.00073112 0.0
0.0220922 -0.000696072 0.0
0.0220101 -0.000662993 0.0
0.0219302 -0.000631809 0.0
0.0218527 -0.000602486 0.0
0.0217775 -0.000574935 0.0
0.0217043 -0.000549053 0.0
0.0216333 -0.000524776 0.0
0.0215643 -0.000502052 0.0
0.0214974 -0.000480781 0.0
0.0214323 -0.000460878 0.0
0.0213691 -0.000442288 0.0
0.0213078 -0.000424944 0.0
0.0212483 -0.000408758 0.0
0.0211904 -0.000393663 0.0
0.0211343 -0.000379609 0.0
0.0210797 -0.000366525 0.0
0.0210267 -0.000354343 0.0
0.0209753 -0.000343011 0.0
0.0209253 -0.000332479 0.0
0.0208767 -0.000322687 0.0
0.0208295 -0.000313582 0.0
0.0207837 -0.000305123 0.0
0.0207391 -0.000297264 0.0
0.0206958 -0.000289958 0.0
0.0206538 -0.000283165 0.0
0.0206128 -0.000276851 0.0
0.0205731 -0.000270977 0.0
0.0205344 -0.000265509 0.0
0.0204967 -0.000260416 0.0
0.0204601 -0.000255668 0.0
0.0204245 -0.000251237 0.0
0.0203898 -0.000247097 0.0
0.0203561 -0.000243223 0.0
0.0203232 -0.000239594 0.0
0.0202912 -0.000236186 0.0
0.02026 -0.00023298 0.0
0.0202296 -0.000229959 0.0
0.0202 -0.000227104 0.0
0.0201711 -0.0002244 0.0
0.0201429 -0.000221832 0.0
0.0201155 -0.000219386 0.0
0.0200886 -0.000217048 0.0
0.0200625 -0.000214808 0.0
0.0200369 -0.000212654 0.0
0.020012 -0.000210576 0.0
0.0199876 -0.000208563 0.0
0.0199638 -0.000206608 0.0
0.0199405 -0.000204702 0.0
0.0199178 -0.000202836 0.0
0.0198955 -0.000201005 0.0
0.0198738 -0.0001992 0.0
0.0198525 -0.000197417 0.0
0.0198316 -0.000195648 0.0
0.0198112 -0.000193887 0.0
0.0197913 -0.000192131 0.0
0.0197717 -0.000190373 0.0
0.0197525 -0.000188608 0.0
0.0197338 -0.000186832 0.0
0.0197154 -0.00018504 0.0
0.0196974 -0.000183228 0.0
0.0196797 -0.00018139 0.0
0.0196624 -0.000179522 0.0
0.0196454 -0.00017762 0.0
0.0196287 -0.000175678 0.0
0.0196124 -0.000173692 0.0
0.0195964 -0.000171657 0.0
0.0195807 -0.000169568 0.0
0.0195653 -0.000167418 0.0
0.0195502 -0.000165203 0.0
0.0195354 -0.000162915 0.0
0.0195208 -0.000160548 0.0
0.0195066 -0.000158094 0.0
0.0194926 -0.000155546 0.0
0.0194789 -0.000152895 0.0
0.0194655 -0.000150132 0.0
0.0194523 -0.000147246 0.0
0.0194395 -0.000144227 0.0
0.0194269 -0.000141061 0.0
0.0194145 -0.000137737 0.0
0.0194024 -0.000134238 0.0
0.0193907 -0.000130549 0.0
0.0193791 -0.000126652 0.0
0.0193679 -0.000122529 0.0
0.019357 -0.000118154 0.0
0.0193464 -0.00011351 0.0
0.019336 -0.000108564 0.0
0.0193261 -0.000103295 0.0
0.0193164 -9.76624e-05 0.0
0.0193072 -9.16429e-05 0.0
0.0192983 -8.51865e-05 0.0
0.0192899 -7.82639e-05 0.0
0.0192819 -7.08127e-05 0.0
0.0192745 -6.28046e-05 0.0
0.0192676 -5.4159e-05 0.0
0.0192614 -4.48404e-05 0.0
0.019256 -3.47572e-05 0.0
0.0192515 -2.38766e-05 0.0
0.019248 -1.21491e-05 0.0
0.0192457 -1.85147e-07 0.0
0.0192445 6.08488e-06 0.0
0.0 0.0 0.0
0.0 0.0 0.0
0.019295 -0.000101679 0.0
0.0193348 -0.000217198 0.0
0.0193864 -0.000356297 0.0
0.0194373 -0.000526898 0.0
0.0195166 -0.000631678 0.0
0.0196241 -0.000708493 0.0
0.0197321 -0.000848681 0.0
0.0198544 -0.000949503 0.0
0.0199814 -0.000978833 0.0
0.0201123 -0.00105523 0.0
0.0202543 -0.00112655 0.0
0.0203911 -0.00114606 0.0
0.0205201 -0.00116247 0.0
0.0206589 -0.00119407 0.0
0.0207914 -0.00120004 0.0
0.0209075 -0.00119141 0.0
0.0210251 -0.00118361 0.0
0.0211436 -0.00117282 0.0
0.0212434 -0.00114929 0.0
0.0213331 -0.00112243 0.0
0.0214261 -0.00109211 0.0
0.0215098 -0.00105881 0.0
0.0215763 -0.00102102 0.0
0.0216395 -0.0009808 0.0
0.0217019 -0.000937483 0.0
0.021752 -0.000893569 0.0
0.0217915 -0.000847408 0.0
0.0218299 -0.000799038 0.0
0.021864 -0.000749238 0.0
0.021888 -0.000699334 0.0
0.0219068 -0.000647492 0.0
0.0219242 -0.000593974 0.0
0.0219364 -0.000539636 0.0
0.0219422 -0.000484566 0.0
0.0219457 -0.000427418 0.0
0.0219473 -0.000368572 0.0
0.0219445 -0.000308495 0.0
0.0219387 -0.000246672 0.0
0.0219319 -0.000182033 0.0
0.0219231 -0.000114992 0.0
0.0219118 -4.57921e-05 0.0
0.0218999 2.67717e-05 0.0
0.0218878 0.0001036 0.0
0.0218742 0.000183765 0.0
0.0218604 0.000267714 0.0
0.0218485 0.000357691 0.0
0.0218368 0.000453423 0.0
0.0218247 0.000553671 0.0
0.0218163 0.000660855 0.0
0.0218122 0.000777021 0.0
0.0218082 0.000899815 0.0
0.0218076 0.0010299 0.0
0.0218169 0.00117067 0.0
0.0218313 0.00132185 0.0
0.0218481 0.00148181 0.0
0.0218774 0.00165243 0.0
0.0219216 0.00183356 0.0
0.0219725 0.00202807 0.0
0.0220365 0.00223404 0.0
0.0221222 0.00244515 0.0
0.0222249 0.00266697 0.0
0.0223465 0.00290841 0.0
0.022494 0.00314656 0.0
0.0226638 0.00338233 0.0
0.0228615 0.00363655 0.0
0.0230933 0.00389229 0.0
0.0233494 0.00412253 0.0
0.0236309 0.00435821 0.0
0.0239538 0.00459526 0.0
0.0243055 0.00480166 0.0
0.0246726 0.00498261 0.0
0.0250724 0.00516594 0.0
0.0255062 0.00531031 0.0
0.025941 0.00541685 0.0
0.0263935 0.00551636 0.0
0.0268731 0.0055672 0.0
0.0273436 0.00558251 0.0
0.0278042 0.00558893 0.0
0.028277 0.00553218 0.0
0.0287282 0.0054413 0.0
0.0291532 0.0053683 0.0
0.0295608 0.00520916 0.0
0.0299329 0.00502768 0.0
0.0302837 0.00486617 0.0
0.0306092 0.00465371 0.0
0.0308859 0.00441299 0.0
0.0311356 0.00418196 0.0
0.0313681 0.00391934 0.0
0.0315602 0.00366864 0.0
0.031718 0.00339453 0.0
0.0318469 0.00310193 0.0
0.0319438 0.00281819 0.0
0.0320086 0.00255137 0.0
0.0320522 0.00226357 0.0
0.0320649 0.00198336 0.0
0.0320561 0.00174167 0.0
0.0320363 0.00149594 0.0
0.0320041 0.00126691 0.0
0.031965 0.00105777 0.0
0.0319222 0.000864354 0.0
0.0318747 0.000683366 0.0
0.0318308 0.000516895 0.0
0.0317949 0.000361064 0.0
0.0317607 0.000215206 0.0
0.0317278 8.02573e-05 0.0
0.0317044 -4.93634e-05 0.0
0.0316885 -0.000179274 0.0
0.0316751 -0.000301849 0.0
0.0316668 -0.000418185 0.0
0.0316612 -0.00054495 0.0
0.0316538 -0.000671242 0.0
0.031646 -0.000791552 0.0
0.0316332 -0.000916618 0.0
0.0316128 -0.00104107 0.0
0.0315829 -0.00116276 0.0
0.0315485 -0.00127239 0.0
0.03151 -0.00137867 0.0
0.0314666 -0.00147055 0.0
0.0314269 -0.00156036 0.0
0.0313877 -0.00164143 0.0
0.0313469 -0.00171099 0.0
0.0313113 -0.00178416 0.0
0.0312766 -0.00185991 0.0
0.0312378 -0.0019232 0.0
0.0311975 -0.00198612 0.0
0.031153 -0.00205628 0.0
0.0311039 -0.00211722 0.0
0.0310538 -0.00216888 0.0
0.0309977 -0.00222493 0.0
0.0309335 -0.00227463 0.0
0.0308701 -0.00232063 0.0
0.0308041 -0.00236397 0.0
0.0307304 -0.00240062 0.0
0.0306534 -0.00243743 0.0
0.0305749 -0.00247248 0.0
0.0304929 -0.0024982 0.0
0.0304077 -0.0025226 0.0
0.030318 -0.00254897 0.0
0.0302252 -0.00256612 0.0
0.0301318 -0.00258262 0.0
0.0300335 -0.00259887 0.0
0.0299302 -0.00261056 0.0
0.0298248 -0.00262299 0.0
0.0297165 -0.00263237 0.0
0.0296035 -0.00263989 0.0
0.0294858 -0.00264881 0.0
0.0293644 -0.00265507 0.0
0.0292396 -0.00265836 0.0
0.0291102 -0.00266242 0.0
0.0289757 -0.00266458 0.0
0.0288377 -0.00266356 0.0
0.0286961 -0.00266214 0.0
0.0285496 -0.00265843 0.0
0.0283989 -0.00265222 0.0
0.0282452 -0.00264465 0.0
0.0280879 -0.00263539 0.0
0.0279262 -0.00262319 0.0
0.027761 -0.00260846 0.0
0.0275932 -0.00259289 0.0
0.0274221 -0.00257449 0.0
0.0272473 -0.00255232 0.0
0.0270697 -0.00252789 0.0
0.0268897 -0.00250174 0.0
0.0267076 -0.00247146 0.0
0.0265233 -0.00243698 0.0
0.0263368 -0.0024 0.0
0.0261498 -0.00235991 0.0
0.0259629 -0.00231536 0.0
0.0257753 -0.00226679 0.0
0.0255877 -0.00221542 0.0
0.0254024 -0.00216109 0.0
0.0252191 -0.00210331 0.0
0.025037 -0.00204227 0.0
0.0248574 -0.00197957 0.0
0.0246821 -0.00191574 0.0
0.0245097 -0.00184943 0.0
0.0243402 -0.00178179 0.0
0.0241748 -0.00171486 0.0
0.024014 -0.00164755 0.0
0.0238569 -0.00157952 0.0
0.0237034 -0.00151262 0.0
0.0235543 -0.00144719 0.0
0.0234097 -0.00138232 0.0
0.0232689 -0.00131866 0.0
0.0231317 -0.0012571 0.0
0.0229989 -0.00119733 0.0
0.0228702 -0.00113914 0.0
0.022745 -0.00108309 0.0
0.0226234 -0.00102932 0.0
0.0225057 -0.000977616 0.0
0.0223917 -0.000928031 0.0
0.0222808 -0.000880754 0.0
0.0221733 -0.000835706 0.0
0.0220693 -0.000792824 0.0
0.0219684 -0.000752119 0.0
0.0218704 -0.00071357 0.0
0.0217755 -0.0006771 0.0
0.0216837 -0.000642673 0.0
0.0215945 -0.00061022 0.0
0.021508 -0.000579666 0.0
0.0214242 -0.000550957 0.0
0.021343 -0.000524027 0.0
0.0212642 -0.000498777 0.0
0.0211878 -0.000475139 0.0
0.0211137 -0.000453056 0.0
0.0210419 -0.000432442 0.0
0.0209722 -0.000413206 0.0
0.0209046 -0.000395292 0.0
0.020839 -0.000378633 0.0
0.0207754 -0.000363143 0.0
0.0207136 -0.000348752 0.0
0.0206537 -0.000335409 0.0
0.0205955 -0.000323044 0.0
0.020539 -0.000311586 0.0
0.0204842 -0.000300982 0.0
0.0204309 -0.000291182 0.0
0.0203791 -0.000282123 0.0
0.0203288 -0.000273753 0.0
0.0202799 -0.000266028 0.0
0.0202324 -0.000258902 0.0
0.0201862 -0.000252326 0.0
0.0201413 -0.00024626 0.0
0.0200975 -0.000240668 0.0
0.020055 -0.000235511 0.0
0.0200136 -0.000230752 0.0
0.0199733 -0.000226361 0.0
0.019934 -0.000222308 0.0
0.0198958 -0.000218563 0.0
0.0198585 -0.000215099 0.0
0.0198221 -0.000211891 0.0
0.0197867 -0.000208918 0.0
0.0197522 -0.000206155 0.0
0.0197185 -0.000203584 0.0
0.0196856 -0.000201186 0.0
0.0196535 -0.000198943 0.0
0.0196221 -0.000196839 0.0
0.0195915 -0.000194859 0.0
0.0195616 -0.00019299 0.0
0.0195323 -0.000191217 0.0
0.0195037 -0.00018953 0.0
0.0194758 -0.000187918 0.0
0.0194484 -0.00018637 0.0
0.0194216 -0.000184876 0.0
0.0193954 -0.000183429 0.0
0.0193698 -0.000182019 0.0
0.0193447 -0.00018064 0.0
0.01932 -0.000179285 0.0
0.0192959 -0.000177947 0.0
0.0192723 -0.00017662 0.0
0.0192491 -0.000175299 0.0
0.0192264 -0.000173977 0.0
0.0192041 -0.000172652 0.0
0.0191823 -0.000171316 0.0
0.0191608 -0.000169967 0.0
0.0191398 -0.000168599 0.0
0.0191192 -0.000167209 0.0
0.0190989 -0.000165793 0.0
0.019079 -0.000164346 0.0
0.0190595 -0.000162864 0.0
0.0190403 -0.000161344 0.0
0.0190214 -0.000159782 0.0
0.019003 -0.000158172 0.0
0.0189848 -0.000156512 0.0
0.018967 -0.000154795 0.0
0.0189494 -0.000153019 0.0
0.0189322 -0.000151177 0.0
0.0189154 -0.000149264 0.0
0.0188988 -0.000147274 0.0
0.0188825 -0.000145202 0.0
0.0188665 -0.00014304 0.0
0.0188509 -0.000140781 0.0
0.0188355 -0.000138418 0.0
0.0188204 -0.000135941 0.0
0.0188056 -0.000133341 0.0
0.0187912 -0.000130608 0.0
0.018777 -0.000127729 0.0
0.0187631 -0.000124695 0.0
0.0187496 -0.000121489 0.0
0.0187363 -0.000118098 0.0
0.0187234 -0.000114504 0.0
0.0187108 -0.000110693 0.0
0.0186985 -0.00010664 0.0
0.0186866 -0.00010233 0.0
0.0186751 -9.77344e-05 0.0
0.0186639 -9.28327e-05 0.0
0.0186532 -8.75914e-05 0.0
0.0186428 -8.19902e-05 0.0
0.018633 -7.59865e-05 0.0
0.0186237 -6.95541e-05 0.0
0.0186149 -6.26482e-05 0.0
0.0186067 -5.52399e-05 0.0
0.0185992 -4.72708e-05 0.0
0.0185925 -3.87099e-05 0.0
0.0185866 -2.95017e-05 0.0
0.0185817 -1.96127e-05 0.0
0.018578 -9.06097e-06 0.0
0.0185756 1.54107e-06 0.0
0.0185744 7.0395e-06 0.0
0.0 0.0 0.0
0.0 0.0 0.0
0.0192893 -8.40605e-05 0.0
0.0193154 -0.000292242 0.0
0.0194042 -0.000441541 0.0
0.0194779 -0.000556104 0.0
0.0195493 -0.000732542 0.0
0.0196909 -0.000867737 0.0
0.0198333 -0.000945368 0.0
0.0199502 -0.00106664 0.0
0.0200976 -0.0011473 0.0
0.0202651 -0.00119675 0.0
0.0204152 -0.00125607 0.0
0.0205603 -0.00129686 0.0
0.0207064 -0.0013075 0.0
0.0208515 -0.00132403 0.0
0.0209897 -0.00132799 0.0
0.0211125 -0.00131529 0.0
0.0212236 -0.00129692 0.0
0.0213347 -0.00127786 0.0
0.0214362 -0.00124496 0.0
0.0215175 -0.00120897 0.0
0.0215903 -0.0011717 0.0
0.0216625 -0.00112915 0.0
0.0217217 -0.00108049 0.0
0.0217653 -0.00103383 0.0
0.0218048 -0.000984708 0.0
0.0218412 -0.000931399 0.0
0.0218658 -0.000877394 0.0
0.0218812 -0.000825003 0.0
0.0218946 -0.000769588 0.0
0.0219034 -0.000712382 0.0
0.0219041 -0.00065607 0.0
0.0219003 -0.000599613 0.0
0.021895 -0.000540523 0.0
0.0218856 -0.000480942 0.0
0.0218717 -0.000421569 0.0
0.021856 -0.000360496 0.0
0.0218393 -0.000297155 0.0
0.0218199 -0.000233223 0.0
0.0217987 -0.000167852 0.0
0.0217775 -9.94176e-05 0.0
0.021756 -2.85971e-05 0.0
0.0217334 4.39594e-05 0.0
0.0217114 0.000120233 0.0
0.0216912 0.000200873 0.0
0.0216711 0.000284421 0.0
0.021652 0.000372056 0.0
0.0216366 0.000466113 0.0
0.0216241 0.000565302 0.0
0.0216125 0.000668887 0.0
0.0216061 0.000780341 0.0
0.0216069 0.000899785 0.0
0.0216107 0.001025 0.0
0.021619 0.0011584 0.0
0.0216391 0.00130212 0.0
0.0216687 0.0014531 0.0
0.0217036 0.00161371 0.0
0.0217512 0.00178481 0.0
0.0218164 0.00196274 0.0
0.0218944 0.00215052 0.0
0.0219861 0.00235167 0.0
0.0220981 0.00255366 0.0
0.0222328 0.0027613 0.0
0.0223898 0.00298326 0.0
0.0225672 0.00320545 0.0
0.0227693 0.00341741 0.0
0.0230035 0.00363881 0.0
0.0232644 0.00386065 0.0
0.0235453 0.00406442 0.0
0.0238578 0.0042535 0.0
0.0242022 0.00444486 0.0
0.024566 0.00461462 0.0
0.0249496 0.00475342 0.0
0.0253617 0.00487806 0.0
0.0257895 0.00498726 0.0
0.0262289 0.00506014 0.0
0.0266774 0.00509884 0.0
0.0271341 0.00512653 0.0
0.0275991 0.00512049 0.0
0.0280548 0.00507357 0.0
0.0284941 0.00501289 0.0
0.0289424 0.00492374 0.0
0.0293768 0.00479912 0.0
0.0297702 0.00466986 0.0
0.0301501 0.00450307 0.0
0.0305173 0.00431395 0.0
0.0308516 0.00413285 0.0
0.0311532 0.00392155 0.0
0.0314236 0.00368289 0.0
0.031674 0.00345646 0.0
0.0319084 0.00321624 0.0
0.0321 0.00296171 0.0
0.0322558 0.00270591 0.0
0.0324004 0.00244973 0.0
0.0325219 0.00219522 0.0
0.0326032 0.0019569 0.0
0.0326653 0.00171471 0.0
0.0327172 0.00148239 0.0
0.0327533 0.00127614 0.0
0.0327713 0.00107271 0.0
0.0327797 0.000880343 0.0
0.0327877 0.00070379 0.0
0.0327916 0.000538768 0.0
0.0327868 0.000382017 0.0
0.0327811 0.000234838 0.0
0.0327802 9.45243e-05 0.0
0.0327797 -3.80235e-05 0.0
0.0327745 -0.000165555 0.0
0.0327684 -0.000293133 0.0
0.0327673 -0.000416162 0.0
0.0327658 -0.000537013 0.0
0.0327544 -0.000658896 0.0
0.0327407 -0.000779281 0.0
0.0327265 -0.00090191 0.0
0.0327035 -0.00101581 0.0
0.0326713 -0.00112612 0.0
0.0326328 -0.00123742 0.0
0.0325893 -0.00133646 0.0
0.0325433 -0.00142471 0.0
0.0324906 -0.00151419 0.0
0.0324336 -0.00159096 0.0
0.0323799 -0.00166633 0.0
0.0323237 -0.00173715 0.0
0.0322596 -0.00180292 0.0
0.0321928 -0.00186944 0.0
0.0321271 -0.00193331 0.0
0.0320548 -0.00199086 0.0
0.031974 -0.00204624 0.0
0.0318906 -0.00210336 0.0
0.0318057 -0.00215145 0.0
0.0317162 -0.00219386 0.0
0.0316201 -0.00223918 0.0
0.0315187 -0.00227881 0.0
0.0314165 -0.00231149 0.0
0.0313101 -0.00234341 0.0
0.0311955 -0.00237272 0.0
0.031078 -0.00239738 0.0
0.0309592 -0.00241938 0.0
0.0308341 -0.0024372 0.0
0.0307049 -0.0024533 0.0
0.0305738 -0.00246954 0.0
0.0304385 -0.00247877 0.0
0.0303003 -0.00248718 0.0
0.0301582 -0.00249791 0.0
0.0300121 -0.00250334 0.0
0.0298638 -0.00250659 0.0
0.0297112 -0.00251119 0.0
0.0295535 -0.00251381 0.0
0.0293931 -0.00251351 0.0
0.0292292 -0.00251289 0.0
0.0290604 -0.00251065 0.0
0.0288883 -0.0025067 0.0
0.0287129 -0.00250087 0.0
0.0285337 -0.00249318 0.0
0.0283516 -0.00248433 0.0
0.0281664 -0.00247312 0.0
0.0279778 -0.00245966 0.0
0.0277863 -0.0024449 0.0
0.0275927 -0.00242815 0.0
0.0273965 -0.00240843 0.0
0.0271973 -0.00238684 0.0
0.026996 -0.00236352 0.0
0.0267937 -0.00233689 0.0
0.0265896 -0.00230748 0.0
0.0263832 -0.00227586 0.0
0.0261763 -0.00224119 0.0
0.0259698 -0.0022029 0.0
0.0257629 -0.00216193 0.0
0.0255555 -0.00211806 0.0
0.0253496 -0.0020706 0.0
0.0251461 -0.00202032 0.0
0.024944 -0.00196775 0.0
0.0247436 -0.00191221 0.0
0.0245468 -0.00185418 0.0
0.0243542 -0.00179508 0.0
0.0241644 -0.00173416 0.0
0.0239781 -0.00167141 0.0
0.0237969 -0.00160867 0.0
0.0236203 -0.00154577 0.0
0.0234475 -0.001482 0.0
0.0232794 -0.00141878 0.0
0.0231165 -0.00135676 0.0
0.0229583 -0.00129524 0.0
0.0228044 -0.00123456 0.0
0.0226552 -0.00117568 0.0
0.0225108 -0.00111843 0.0
0.0223711 -0.00106257 0.0
0.0222355 -0.00100858 0.0
0.0221042 -0.000956745 0.0
0.0219774 -0.000906831 0.0
0.0218548 -0.000858888 0.0
0.021736 -0.000813106 0.0
0.021621 -0.000769486 0.0
0.0215101 -0.000727932 0.0
0.0214028 -0.000688463 0.0
0.0212988 -0.000651076 0.0
0.0211983 -0.000615736 0.0
0.0211013 -0.000582377 0.0
0.0210074 -0.000550942 0.0
0.0209165 -0.000521375 0.0
0.0208286 -0.000493637 0.0
0.0207437 -0.000467643 0.0
0.0206614 -0.000443305 0.0
0.0205817 -0.000420569 0.0
0.0205047 -0.00039938 0.0
0.0204301 -0.000379639 0.0
0.0203578 -0.000361268 0.0
0.0202878 -0.000344216 0.0
0.0202201 -0.000328411 0.0
0.0201544 -0.000313765 0.0
0.0200906 -0.000300215 0.0
0.0200289 -0.000287709 0.0
0.019969 -0.000276175 0.0
0.0199109 -0.00026554 0.0
0.0198544 -0.000255756 0.0
0.0197997 -0.00024677 0.0
0.0197465 -0.000238519 0.0
0.0196948 -0.000230948 0.0
0.0196446 -0.000224017 0.0
0.0195958 -0.000217677 0.0
0.0195483 -0.000211877 0.0
0.0195021 -0.000206579 0.0
0.0194571 -0.000201747 0.0
0.0194134 -0.000197339 0.0
0.0193707 -0.000193319 0.0
0.0193292 -0.000189657 0.0
0.0192887 -0.000186322 0.0
0.0192493 -0.000183283 0.0
0.0192108 -0.000180513 0.0
0.0191732 -0.000177989 0.0
0.0191365 -0.000175687 0.0
0.0191007 -0.000173584 0.0
0.0190657 -0.000171659 0.0
0.0190315 -0.000169896 0.0
0.0189981 -0.000168275 0.0
0.0189654 -0.000166781 0.0
0.0189335 -0.000165398 0.0
0.0189022 -0.000164114 0.0
0.0188716 -0.000162915 0.0
0.0188416 -0.000161789 0.0
0.0188122 -0.000160726 0.0
0.0187834 -0.000159715 0.0
0.0187552 -0.000158748 0.0
0.0187275 -0.000157817 0.0
0.0187004 -0.000156912 0.0
0.0186738 -0.000156028 0.0
0.0186477 -0.000155157 0.0
0.0186221 -0.000154293 0.0
0.0185969 -0.000153432 0.0
0.0185722 -0.000152567 0.0
0.0185479 -0.000151693 0.0
0.0185241 -0.000150807 0.0
0.0185007 -0.000149904 0.0
0.0184776 -0.00014898 0.0
0.018455 -0.000148031 0.0
0.0184328 -0.000147053 0.0
0.0184109 -0.000146043 0.0
0.0183894 -0.000144998 0.0
0.0183683 -0.000143914 0.0
0.0183475 -0.000142788 0.0
0.0183271 -0.000141616 0.0
0.018307 -0.000140394 0.0
0.0182873 -0.00013912 0.0
0.0182678 -0.000137789 0.0
0.0182488 -0.000136398 0.0
0.01823 -0.000134942 0.0
0.0182115 -0.000133416 0.0
0.0181934 -0.000131817 0.0
0.0181756 -0.000130138 0.0
0.018158 -0.000128374 0.0
0.0181408 -0.000126519 0.0
0.0181239 -0.000124567 0.0
0.0181074 -0.00012251 0.0
0.0180911 -0.00012034 0.0
0.0180752 -0.000118049 0.0
0.0180595 -0.000115627 0.0
0.0180442 -0.000113063 0.0
0.0180292 -0.000110348 0.0
0.0180146 -0.000107467 0.0
0.0180003 -0.000104408 0.0
0.0179863 -0.000101155 0.0
0.0179727 -9.76949e-05 0.0
0.0179595 -9.40073e-05 0.0
0.0179467 -9.00766e-05 0.0
0.0179343 -8.58789e-05 0.0
0.0179223 -8.13972e-05 0.0
0.0179107 -7.66049e-05 0.0
0.0178997 -7.148e-05 0.0
0.0178892 -6.59922e-05 0.0
0.0178792 -6.01216e-05 0.0
0.0178699 -5.38335e-05 0.0
0.0178612 -4.70986e-05 0.0
0.0178533 -3.98898e-05 0.0
0.0178462 -3.21769e-05 0.0
0.0178401 -2.39307e-05 0.0
0.017835 -1.51267e-05 0.0
0.0178311 -5.85074e-06 0.0
0.0178287 3.31117e-06 0.0
0.0178275 8.01069e-06 0.0
0.0 0.0 0.0
0.0 0.0 0.0
0.0193382 -0.000116974 0.0
0.0193652 -0.000328665 0.0
0.0193874 -0.000521543 0.0
0.0195 -0.000658328 0.0
0.0196355 -0.000832145 0.0
0.0197598 -0.00103111 0.0
0.0199083 -0.00109856 0.0
0.0200813 -0.00118833 0.0
0.0202595 -0.00132641 0.0
0.0204304 -0.00137973 0.0
0.0205882 -0.00139305 0.0
0.020761 -0.00144728 0.0
0.0209299 -0.00147296 0.0
0.0210647 -0.00146136 0.0
0.0211912 -0.00144764 0.0
0.0213276 -0.00143881 0.0
0.0214386 -0.00140777 0.0
0.0215195 -0.00136921 0.0
0.0216026 -0.00132833 0.0
0.0216828 -0.00128397 0.0
0.0217349 -0.00123208 0.0
0.0217716 -0.00117955 0.0
0.0218114 -0.00112354 0.0
0.0218411 -0.00106617 0.0
0.0218512 -0.00100765 0.0
0.0218561 -0.000948785 0.0
0.021861 -0.000887789 0.0
0.0218556 -0.000827375 0.0
0.02184 -0.000767095 0.0
0.0218236 -0.0007062 0.0
0.021805 -0.000644454 0.0
0.0217793 -0.0005835 0.0
0.02175 -0.000522307 0.0
0.0217208 -0.00046018 0.0
0.0216893 -0.000397493 0.0
0.0216546 -0.000334857 0.0
0.0216197 -0.000271015 0.0
0.0215854 -0.000205575 0.0
0.0215499 -0.000139162 0.0
0.0215143 -7.14815e-05 0.0
0.0214805 -1.09271e-06 0.0
0.0214478 7.1737e-05 0.0
0.0214157 0.000146432 0.0
0.0213863 0.000224531 0.0
0.0213601 0.000307046 0.0
0.0213357 0.000392724 0.0
0.0213146 0.000482114 0.0
0.0212993 0.000577693 0.0
0.0212881 0.000678737 0.0
0.0212803 0.000784192 0.0
0.0212804 0.000896289 0.0
0.0212892 0.00101638 0.0
0.0213028 0.00114273 0.0
0.021325 0.00127607 0.0
0.0213606 0.00141712 0.0
0.0214063 0.00156681 0.0
0.021462 0.00172521 0.0
0.0215338 0.00188975 0.0
0.0216218 0.00205945 0.0
0.0217252 0.00224165 0.0
0.0218484 0.00242936 0.0
0.0219905 0.00261475 0.0
0.0221529 0.00280768 0.0
0.0223423 0.00301073 0.0
0.0225545 0.00320266 0.0
0.0227851 0.00339093 0.0
0.0230463 0.00358491 0.0
0.0233375 0.003769 0.0
0.0236443 0.00393256 0.0
0.0239739 0.00409401 0.0
0.024338 0.0042416 0.0
0.0247165 0.00436265 0.0
0.0251062 0.00447076 0.0
0.0255231 0.00455867 0.0
0.0259551 0.00461552 0.0
0.0263858 0.00466019 0.0
0.026831 0.00467763 0.0
0.027283 0.00465343 0.0
0.0277279 0.00463285 0.0
0.0281728 0.00458 0.0
0.0286084 0.00447935 0.0
0.0290298 0.00438636 0.0
0.0294485 0.00427534 0.0
0.0298467 0.00411707 0.0
0.0302171 0.00396303 0.0
0.0305803 0.0037932 0.0
0.0309248 0.00360174 0.0
0.0312392 0.00340942 0.0
0.0315295 0.00319495 0.0
0.0317972 0.00297385 0.0
0.0320398 0.00275904 0.0
0.0322597 0.00253193 0.0
0.0324479 0.00229271 0.0
0.0326075 0.00207132 0.0
0.0327521 0.00185233 0.0
0.0328767 0.00162765 0.0
0.0329738 0.001421 0.0
0.0330561 0.00122374 0.0
0.0331275 0.00103037 0.0
0.0331858 0.000851544 0.0
0.0332325 0.000682141 0.0
0.0332703 0.000520528 0.0
0.0333015 0.000368515 0.0
0.0333289 0.000225865 0.0
0.0333506 8.7136e-05 0.0
0.0333657 -4.55151e-05 0.0
0.0333791 -0.000169547 0.0
0.0333905 -0.000293067 0.0
0.0333937 -0.000416309 0.0
0.0333921 -0.000532493 0.0
0.0333876 -0.000647892 0.0
0.0333754 -0.000763449 0.0
0.0333523 -0.000876229 0.0
0.0333222 -0.00098429 0.0
0.0332864 -0.00108922 0.0
0.0332406 -0.00118883 0.0
0.0331863 -0.0012821 0.0
0.033128 -0.00137201 0.0
0.0330637 -0.00145211 0.0
0.0329955 -0.00152612 0.0
0.0329233 -0.00160219 0.0
0.0328451 -0.00166819 0.0
0.0327647 -0.0017289 0.0
0.0326801 -0.00179233 0.0
0.0325874 -0.00185208 0.0
0.0324902 -0.0019032 0.0
0.0323899 -0.00195451 0.0
0.0322809 -0.00200458 0.0
0.0321657 -0.00204743 0.0
0.0320475 -0.00208883 0.0
0.0319231 -0.00212544 0.0
0.0317923 -0.0021587 0.0
0.0316577 -0.00219121 0.0
0.0315183 -0.00221809 0.0
0.0313745 -0.00223973 0.0
0.0312264 -0.0022627 0.0
0.0310733 -0.0022813 0.0
0.0309174 -0.00229455 0.0
0.0307581 -0.00230773 0.0
0.0305934 -0.00231816 0.0
0.0304255 -0.00232576 0.0
0.0302554 -0.00233244 0.0
0.0300808 -0.00233558 0.0
0.0299022 -0.00233848 0.0
0.0297204 -0.00234097 0.0
0.0295358 -0.00233958 0.0
0.0293477 -0.00233771 0.0
0.0291555 -0.00233589 0.0
0.0289602 -0.00233121 0.0
0.0287626 -0.0023248 0.0
0.0285614 -0.00231812 0.0
0.0283568 -0.00230911 0.0
0.02815 -0.00229841 0.0
0.0279409 -0.00228652 0.0
0.0277287 -0.00227271 0.0
0.0275144 -0.00225683 0.0
0.0272985 -0.00223956 0.0
0.0270805 -0.00222066 0.0
0.0268606 -0.00219911 0.0
0.0266396 -0.00217558 0.0
0.0264176 -0.00215061 0.0
0.0261943 -0.00212311 0.0
0.0259704 -0.00209259 0.0
0.0257465 -0.00206 0.0
0.0255226 -0.00202546 0.0
0.0252991 -0.00198772 0.0
0.0250766 -0.00194695 0.0
0.0248554 -0.00190404 0.0
0.0246363 -0.00185894 0.0
0.0244196 -0.00181086 0.0
0.0242053 -0.00176017 0.0
0.0239944 -0.00170795 0.0
0.0237876 -0.00165427 0.0
0.0235845 -0.0015984 0.0
0.0233854 -0.001541 0.0
0.0231912 -0.00148366 0.0
0.0230022 -0.00142572 0.0
0.0228177 -0.00136659 0.0
0.0226382 -0.001308 0.0
0.0224642 -0.00125046 0.0
0.0222956 -0.0011929 0.0
0.0221318 -0.00113595 0.0
0.0219732 -0.00108075 0.0
0.0218201 -0.0010269 0.0
0.0216721 -0.000974018 0.0
0.0215289 -0.000922918 0.0
0.0213905 -0.000873859 0.0
0.0212571 -0.00082644 0.0
0.0211285 -0.00078075 0.0
0.0210041 -0.000737183 0.0
0.0208841 -0.000695641 0.0
0.0207686 -0.000655961 0.0
0.0206572 -0.000618252 0.0
0.0205495 -0.00058259 0.0
0.0204458 -0.000548851 0.0
0.0203459 -0.000516978 0.0
0.0202494 -0.000486974 0.0
0.0201562 -0.000458797 0.0
0.0200664 -0.000432362 0.0
0.0199798 -0.000407613 0.0
0.0198961 -0.000384487 0.0
0.0198153 -0.000362926 0.0
0.0197374 -0.000342858 0.0
0.019662 -0.000324208 0.0
0.0195891 -0.000306903 0.0
0.0195187 -0.000290886 0.0
0.0194507 -0.000276087 0.0
0.0193848 -0.000262426 0.0
0.019321 -0.000249841 0.0
0.0192592 -0.000238278 0.0
0.0191994 -0.000227666 0.0
0.0191414 -0.000217938 0.0
0.0190852 -0.000209044 0.0
0.0190307 -0.000200929 0.0
0.0189778 -0.000193533 0.0
0.0189264 -0.000186804 0.0
0.0188764 -0.000180699 0.0
0.0188279 -0.00017517 0.0
0.0187807 -0.000170166 0.0
0.0187348 -0.000165651 0.0
0.0186901 -0.000161586 0.0
0.0186465 -0.000157931 0.0
0.0186041 -0.000154651 0.0
0.0185628 -0.000151714 0.0
0.0185224 -0.000149091 0.0
0.0184831 -0.000146749 0.0
0.0184447 -0.000144664 0.0
0.0184071 -0.00014281 0.0
0.0183704 -0.000141165 0.0
0.0183346 -0.000139705 0.0
0.0182995 -0.000138411 0.0
0.0182652 -0.000137264 0.0
0.0182316 -0.000136248 0.0
0.0181987 -0.000135345 0.0
0.0181665 -0.000134541 0.0
0.0181349 -0.000133824 0.0
0.0181039 -0.000133179 0.0
0.0180735 -0.000132596 0.0
0.0180437 -0.000132065 0.0
0.0180144 -0.000131575 0.0
0.0179857 -0.000131118 0.0
0.0179575 -0.000130685 0.0
0.0179298 -0.00013027 0.0
0.0179025 -0.000129865 0.0
0.0178758 -0.000129464 0.0
0.0178494 -0.000129061 0.0
0.0178235 -0.000128652 0.0
0.0177981 -0.000128231 0.0
0.017773 -0.000127794 0.0
0.0177484 -0.000127338 0.0
0.0177241 -0.000126857 0.0
0.0177002 -0.000126349 0.0
0.0176767 -0.00012581 0.0
0.0176536 -0.000125237 0.0
0.0176308 -0.000124628 0.0
0.0176083 -0.000123978 0.0
0.0175862 -0.000123286 0.0
0.0175645 -0.000122549 0.0
0.0175431 -0.000121763 0.0
0.017522 -0.000120926 0.0
0.0175012 -0.000120035 0.0
0.0174807 -0.000119088 0.0
0.0174606 -0.000118079 0.0
0.0174408 -0.000117007 0.0
0.0174212 -0.000115868 0.0
0.017402 -0.000114657 0.0
0.0173832 -0.000113371 0.0
0.0173646 -0.000112005 0.0
0.0173463 -0.000110554 0.0
0.0173283 -0.000109012 0.0
0.0173107 -0.000107374 0.0
0.0172934 -0.000105633 0.0
0.0172764 -0.000103782 0.0
0.0172597 -0.000101813 0.0
0.0172433 -9.97175e-05 0.0
0.0172273 -9.74864e-05 0.0
0.0172116 -9.51099e-05 0.0
0.0171963 -9.25759e-05 0.0
0.0171813 -8.9874e-05 0.0
0.0171667 -8.69898e-05 0.0
0.0171525 -8.39105e-05 0.0
0.0171387 -8.062e-05 0.0
0.0171253 -7.7104e-05 0.0
0.0171124 -7.33433e-05 0.0
0.0170999 -6.93226e-05 0.0
0.0170879 -6.50214e-05 0.0
0.0170764 -6.04202e-05 0.0
0.0170655 -5.55002e-05 0.0
0.0170553 -5.02419e-05 0.0
0.0170456 -4.4624e-05 0.0
0.0170367 -3.86243e-05 0.0
0.0170286 -3.22356e-05 0.0
0.0170214 -2.54269e-05 0.0
0.0170152 -1.82053e-05 0.0
0.01701 -1.05524e-05 0.0
0.0170061 -2.60311e-06 0.0
0.0170037 5.09485e-06 0.0
0.0170025 8.99149e-06 0.0
0.0 0.0 0.0
0.0 0.0 0.0
0.0192842 -0.000187427 0.0
0.0193434 -0.000333792 0.0
0.0194134 -0.000570702 0.0
0.019557 -0.000860308 0.0
0.0197328 -0.000972868 0.0
0.0198694 -0.00111612 0.0
0.0200411 -0.00131486 0.0
0.0202679 -0.00140568 0.0
0.0204591 -0.00146951 0.0
0.020638 -0.0015557 0.0
0.0208282 -0.00159116 0.0
0.0210037 -0.00160971 0.0
0.021161 -0.00161334 0.0
0.0213061 -0.00160273 0.0
0.0214245 -0.00157515 0.0
0.0215259 -0.00154478 0.0
0.0216211 -0.00149676 0.0
0.0216936 -0.00144511 0.0
0.021739 -0.0013919 0.0
0.0217779 -0.00133349 0.0
0.0218106 -0.00126584 0.0
0.0218218 -0.00120256 0.0
0.0218176 -0.00113919 0.0
0.0218118 -0.00107112 0.0
0.0217989 -0.00100158 0.0
0.0217717 -0.000937092 0.0
0.0217384 -0.000871371 0.0
0.0217046 -0.000803465 0.0
0.0216648 -0.000737463 0.0
0.0216179 -0.000674265 0.0
0.02157 -0.000609439 0.0
0.0215217 -0.000544374 0.0
0.0214698 -0.000481271 0.0
0.021416 -0.000418658 0.0
0.0213634 -0.000354518 0.0
0.0213108 -0.000290632 0.0
0.0212574 -0.000227306 0.0
0.0212053 -0.00016269 0.0
0.0211554 -9.64289e-05 0.0
0.0211065 -2.97883e-05 0.0
0.0210593 3.82191e-05 0.0
0.0210157 0.000109052 0.0
0.0209751 0.000181977 0.0
0.0209368 0.00025672 0.0
0.020903 0.000335132 0.0
0.0208748 0.000417579 0.0
0.02085 0.000502907 0.0
0.02083 0.000592491 0.0
0.0208184 0.00068771 0.0
0.0208132 0.000787589 0.0
0.0208129 0.000892365 0.0
0.0208224 0.00100386 0.0
0.0208436 0.00112102 0.0
0.020872 0.00124459 0.0
0.0209101 0.00137575 0.0
0.0209638 0.0015122 0.0
0.0210312 0.0016543 0.0
0.0211102 0.00180697 0.0
0.0212057 0.00196345 0.0
0.0213204 0.002121 0.0
0.0214533 0.00228865 0.0
0.0216046 0.00246344 0.0
0.0217761 0.00263056 0.0
0.0219709 0.00280081 0.0
0.02219 0.00297923 0.0
0.0224291 0.00314934 0.0
0.0226906 0.00330575 0.0
0.0229791 0.00346614 0.0
0.0232905 0.00361993 0.0
0.0236193 0.00375112 0.0
0.023971 0.00386976 0.0
0.0243445 0.00398368 0.0
0.0247337 0.00407403 0.0
0.0251348 0.0041389 0.0
0.02555 0.00419213 0.0
0.0259785 0.00422663 0.0
0.026413 0.0042327 0.0
0.0268436 0.0042183 0.0
0.0272825 0.00419026 0.0
0.027727 0.00413094 0.0
0.0281548 0.00406137 0.0
0.0285741 0.0039711 0.0
0.0289951 0.00385208 0.0
0.0293995 0.00373023 0.0
0.029784 0.00359891 0.0
0.0301542 0.00343091 0.0
0.0305062 0.00326437 0.0
0.0308444 0.00309663 0.0
0.0311589 0.00290588 0.0
0.0314453 0.00270943 0.0
0.0317165 0.00251019 0.0
0.0319702 0.00230777 0.0
0.0321916 0.00210467 0.0
0.0323902 0.00190061 0.0
0.0325734 0.00169277 0.0
0.0327334 0.00150115 0.0
0.0328703 0.00131353 0.0
0.0329917 0.00112387 0.0
0.0330988 0.000948883 0.0
0.033191 0.000784892 0.0
0.0332678 0.000623829 0.0
0.0333342 0.000471631 0.0
0.0333931 0.000328065 0.0
0.0334419 0.000191405 0.0
0.0334798 6.10744e-05 0.0
0.0335107 -6.53275e-05 0.0
0.0335364 -0.000187436 0.0
0.0335545 -0.000303483 0.0
0.0335623 -0.000417189 0.0
0.0335628 -0.000529458 0.0
0.0335578 -0.000639802 0.0
0.0335431 -0.000745286 0.0
0.0335175 -0.000847111 0.0
0.0334838 -0.000949264 0.0
0.0334411 -0.00104696 0.0
0.0333892 -0.00113524 0.0
0.0333285 -0.00122202 0.0
0.0332584 -0.00130471 0.0
0.0331824 -0.00137894 0.0
0.0331009 -0.00145007 0.0
0.03301 -0.00151529 0.0
0.0329128 -0.00157708 0.0
0.0328122 -0.00163788 0.0
0.0327045 -0.00169088 0.0
0.0325879 -0.00174119 0.0
0.0324661 -0.00179229 0.0
0.0323398 -0.00183866 0.0
0.0322063 -0.00187727 0.0
0.0320659 -0.00191656 0.0
0.0319194 -0.00195486 0.0
0.0317689 -0.00198479 0.0
0.0316135 -0.00201268 0.0
0.0314505 -0.0020393 0.0
0.0312822 -0.00206208 0.0
0.0311117 -0.00208091 0.0
0.0309355 -0.00209721 0.0
0.0307531 -0.00211037 0.0
0.0305681 -0.00212283 0.0
0.0303794 -0.0021314 0.0
0.0301865 -0.00213606 0.0
0.0299902 -0.00214195 0.0
0.0297901 -0.00214544 0.0
0.0295873 -0.00214458 0.0
0.0293819 -0.0021444 0.0
0.0291724 -0.00214335 0.0
0.02896 -0.00213929 0.0
0.0287456 -0.00213441 0.0
0.0285278 -0.0021288 0.0
0.0283071 -0.00212149 0.0
0.0280842 -0.00211282 0.0
0.0278589 -0.00210277 0.0
0.0276314 -0.0020915 0.0
0.0274019 -0.00207894 0.0
0.0271705 -0.00206432 0.0
0.0269374 -0.00204866 0.0
0.0267033 -0.00203174 0.0
0.0264678 -0.00201255 0.0
0.0262311 -0.00199166 0.0
0.0259937 -0.00196987 0.0
0.0257562 -0.00194589 0.0
0.0255183 -0.00191936 0.0
0.0252801 -0.00189153 0.0
0.0250424 -0.00186201 0.0
0.0248059 -0.00182966 0.0
0.0245702 -0.00179506 0.0
0.0243354 -0.00175887 0.0
0.0241029 -0.00172033 0.0
0.0238731 -0.00167915 0.0
0.0236457 -0.00163614 0.0
0.0234208 -0.00159129 0.0
0.0232 -0.00154433 0.0
0.0229836 -0.00149578 0.0
0.0227708 -0.00144586 0.0
0.0225623 -0.0013945 0.0
0.0223596 -0.00134244 0.0
0.022162 -0.00128988 0.0
0.0219689 -0.00123645 0.0
0.0217815 -0.0011831 0.0
0.0216003 -0.00113036 0.0
0.0214244 -0.00107764 0.0
0.0212539 -0.00102536 0.0
0.0210892 -0.000974451 0.0
0.0209304 -0.0009246 0.0
0.020777 -0.000875614 0.0
0.0206288 -0.000828166 0.0
0.0204862 -0.000782495 0.0
0.0203489 -0.00073824 0.0
0.0202167 -0.000695569 0.0
0.0200893 -0.000654824 0.0
0.0199668 -0.000615915 0.0
0.0198492 -0.000578701 0.0
0.0197359 -0.000543335 0.0
0.0196268 -0.000509866 0.0
0.0195221 -0.00047819 0.0
0.0194214 -0.000448261 0.0
0.0193245 -0.000420105 0.0
0.0192312 -0.000393669 0.0
0.0191416 -0.000368887 0.0
0.0190553 -0.000345707 0.0
0.0189722 -0.000324077 0.0
0.0188922 -0.000303939 0.0
0.0188152 -0.000285234 0.0
0.018741 -0.000267884 0.0
0.0186693 -0.000251827 0.0
0.0186003 -0.00023701 0.0
0.0185337 -0.000223365 0.0
0.0184694 -0.000210813 0.0
0.0184072 -0.000199299 0.0
0.0183472 -0.000188772 0.0
0.0182891 -0.000179161 0.0
0.0182329 -0.0001704 0.0
0.0181784 -0.000162445 0.0
0.0181257 -0.000155242 0.0
0.0180745 -0.000148731 0.0
0.0180249 -0.00014286 0.0
0.0179767 -0.000137592 0.0
0.0179299 -0.000132875 0.0
0.0178844 -0.000128663 0.0
0.0178402 -0.000124918 0.0
0.0177971 -0.000121605 0.0
0.0177551 -0.000118683 0.0
0.0177142 -0.000116115 0.0
0.0176743 -0.000113875 0.0
0.0176354 -0.000111931 0.0
0.0175973 -0.000110252 0.0
0.0175602 -0.000108813 0.0
0.0175238 -0.000107591 0.0
0.0174883 -0.000106562 0.0
0.0174535 -0.000105703 0.0
0.0174194 -0.000104997 0.0
0.017386 -0.000104425 0.0
0.0173533 -0.000103969 0.0
0.0173212 -0.000103614 0.0
0.0172897 -0.000103347 0.0
0.0172588 -0.000103153 0.0
0.0172284 -0.000103021 0.0
0.0171985 -0.00010294 0.0
0.0171692 -0.000102899 0.0
0.0171404 -0.00010289 0.0
0.017112 -0.000102903 0.0
0.0170841 -0.000102931 0.0
0.0170566 -0.000102968 0.0
0.0170295 -0.000103006 0.0
0.0170029 -0.00010304 0.0
0.0169766 -0.000103065 0.0
0.0169508 -0.000103076 0.0
0.0169253 -0.000103069 0.0
0.0169002 -0.000103038 0.0
0.0168754 -0.000102982 0.0
0.016851 -0.000102897 0.0
0.0168269 -0.000102778 0.0
0.0168032 -0.000102625 0.0
0.0167798 -0.000102433 0.0
0.0167567 -0.000102201 0.0
0.0167339 -0.000101926 0.0
0.0167115 -0.000101605 0.0
0.0166893 -0.000101237 0.0
0.0166675 -0.000100819 0.0
0.0166459 -0.00010035 0.0
0.0166247 -9.98253e-05 0.0
0.0166038 -9.92443e-05 0.0
0.0165831 -9.86039e-05 0.0
0.0165628 -9.79015e-05 0.0
0.0165427 -9.71343e-05 0.0
0.0165229 -9.62992e-05 0.0
0.0165035 -9.53927e-05 0.0
0.0164843 -9.44114e-05 0.0
0.0164654 -9.33511e-05 0.0
0.0164468 -9.22077e-05 0.0
0.0164286 -9.09761e-05 0.0
0.0164106 -8.96514e-05 0.0
0.016393 -8.82276e-05 0.0
0.0163757 -8.66987e-05 0.0
0.0163587 -8.50572e-05 0.0
0.016342 -8.32964e-05 0.0
0.0163257 -8.14074e-05 0.0
0.0163097 -7.93817e-05 0.0
0.0162941 -7.72092e-05 0.0
0.0162788 -7.48803e-05 0.0
0.0162639 -7.23829e-05 0.0
0.0162495 -6.97057e-05 0.0
0.0162354 -6.68354e-05 0.0
0.0162218 -6.37595e-05 0.0
0.0162087 -6.04639e-05 0.0
0.016196 -5.69336e-05 0.0
0.0161839 -5.31544e-05 0.0
0.0161723 -4.91125e-05 0.0
0.0161613 -4.47958e-05 0.0
0.016151 -4.01834e-05 0.0
0.0161413 -3.52739e-05 0.0
0.0161324 -3.0051e-05 0.0
0.0161243 -2.45158e-05 0.0
0.0161171 -1.86444e-05 0.0
0.016111 -1.2483e-05 0.0
0.0161059 -6.0112e-06 0.0
0.0161021 6.02275e-07 0.0
0.0160997 6.85943e-06 0.0
0.0160985 9.97615e-06 0.0
0.0 0.0 0.0
0.0 0.0 0.0
0.0192682 -0.000180144 0.0
0.0193604 -0.000461291 0.0
0.0195159 -0.000700696 0.0
0.0196186 -0.000976506 0.0
0.0197592 -0.00118367 0.0
0.0200107 -0.00130288 0.0
0.0202529 -0.00150889 0.0
0.0204624 -0.00164818 0.0
0.0206624 -0.00166038 0.0
0.0208837 -0.00173681 0.0
0.0211002 -0.00179076 0.0
0.0212587 -0.00177594 0.0
0.0213827 -0.00174289 0.0
0.0215213 -0.001729 0.0
0.0216345 -0.00168126 0.0
0.0216886 -0.00161869 0.0
0.021729 -0.00155665 0.0
0.0217775 -0.00149267 0.0
0.0217945 -0.0014153 0.0
0.021776 -0.00134168 0.0
0.0217579 -0.00126732 0.0
0.0217393 -0.00119001 0.0
0.021697 -0.00111199 0.0
0.0216403 -0.00103895 0.0
0.0215874 -0.000964391 0.0
0.0215299 -0.000889925 0.0
0.0214596 -0.000818378 0.0
0.0213867 -0.000749541 0.0
0.0213166 -0.000679857 0.0
0.0212424 -0.000611849 0.0
0.0211639 -0.00054638 0.0
0.0210874 -0.000481759 0.0
0.0210127 -0.000416879 0.0
0.0209366 -0.000353599 0.0
0.0208613 -0.000291356 0.0
0.0207893 -0.00022865 0.0
0.0207193 -0.000165701 0.0
0.0206506 -0.000103354 0.0
0.0205854 -4.02423e-05 0.0
0.0205243 2.43887e-05 0.0
0.020466 8.969e-05 0.0
0.0204115 0.00015607 0.0
0.0203625 0.00022511 0.0
0.020318 0.000296413 0.0
0.020278 0.000369388 0.0
0.0202445 0.000445781 0.0
0.0202181 0.000526238 0.0
0.0201971 0.000609604 0.0
0.0201833 0.000696624 0.0
0.0201794 0.000789081 0.0
0.0201835 0.000886143 0.0
0.0201955 0.000987707 0.0
0.0202192 0.00109461 0.0
0.0202552 0.00120723 0.0
0.0203016 0.00132575 0.0
0.0203609 0.00145008 0.0
0.0204356 0.00157795 0.0
0.0205251 0.00171242 0.0
0.020631 0.00185399 0.0
0.0207541 0.00199683 0.0
0.0208944 0.00214107 0.0
0.0210562 0.00229393 0.0
0.0212395 0.00244653 0.0
0.0214392 0.00259409 0.0
0.0216616 0.00274385 0.0
0.0219112 0.00289465 0.0
0.0221787 0.00303397 0.0
0.0224631 0.00316728 0.0
0.022776 0.00329599 0.0
0.02311 0.00341188 0.0
0.0234551 0.0035142 0.0
0.0238206 0.00360521 0.0
0.0242084 0.00367749 0.0
0.0246031 0.00373655 0.0
0.0250084 0.00378064 0.0
0.0254279 0.00379584 0.0
0.025852 0.00380109 0.0
0.0262792 0.00379465 0.0
0.0267094 0.00375362 0.0
0.0271343 0.00369794 0.0
0.0275603 0.00364283 0.0
0.0279834 0.00355115 0.0
0.0283885 0.00344671 0.0
0.0287868 0.00333936 0.0
0.0291823 0.00320911 0.0
0.0295578 0.00306881 0.0
0.0299137 0.00292361 0.0
0.0302584 0.00275785 0.0
0.0305858 0.00259393 0.0
0.0308941 0.00242578 0.0
0.0311791 0.00224157 0.0
0.031441 0.00205963 0.0
0.0316868 0.00188213 0.0
0.0319142 0.00169731 0.0
0.0321126 0.00151442 0.0
0.0322916 0.00134178 0.0
0.0324583 0.0011667 0.0
0.0326045 0.0010001 0.0
0.0327297 0.000842552 0.0
0.0328418 0.000687547 0.0
0.0329415 0.000540063 0.0
0.0330272 0.000402591 0.0
0.0330988 0.000269195 0.0
0.0331586 0.000140341 0.0
0.0332098 1.968e-05 0.0
0.0332514 -9.5787e-05 0.0
0.0332798 -0.000209804 0.0
0.0332979 -0.000318499 0.0
0.0333096 -0.000422615 0.0
0.0333107 -0.000525216 0.0
0.0332979 -0.000625089 0.0
0.0332755 -0.00072132 0.0
0.0332451 -0.00081508 0.0
0.0332026 -0.000904626 0.0
0.0331469 -0.000990536 0.0
0.0330827 -0.00107332 0.0
0.03301 -0.00115127 0.0
0.0329267 -0.0012216 0.0
0.0328346 -0.00129097 0.0
0.0327342 -0.00135616 0.0
0.0326272 -0.00141273 0.0
0.0325137 -0.00146828 0.0
0.0323904 -0.00152217 0.0
0.03226 -0.00156895 0.0
0.0321256 -0.00161334 0.0
0.0319826 -0.00165629 0.0
0.0318302 -0.00169473 0.0
0.031673 -0.0017299 0.0
0.0315107 -0.00176284 0.0
0.0313398 -0.00179106 0.0
0.0311626 -0.00181777 0.0
0.0309807 -0.00184217 0.0
0.0307937 -0.0018606 0.0
0.0306013 -0.00187816 0.0
0.0304032 -0.0018943 0.0
0.0302011 -0.00190557 0.0
0.0299959 -0.00191433 0.0
0.0297857 -0.00192243 0.0
0.0295712 -0.00192729 0.0
0.0293545 -0.00193037 0.0
0.0291346 -0.0019313 0.0
0.0289106 -0.00193027 0.0
0.0286841 -0.00192925 0.0
0.0284554 -0.00192563 0.0
0.028224 -0.00191974 0.0
0.0279898 -0.00191459 0.0
0.0277533 -0.00190786 0.0
0.0275153 -0.00189859 0.0
0.0272753 -0.00188925 0.0
0.0270329 -0.00187912 0.0
0.0267893 -0.0018669 0.0
0.0265447 -0.00185376 0.0
0.0262984 -0.00183977 0.0
0.0260511 -0.00182413 0.0
0.0258034 -0.0018072 0.0
0.025555 -0.00178915 0.0
0.0253059 -0.00176967 0.0
0.0250571 -0.00174851 0.0
0.0248086 -0.0017261 0.0
0.0245601 -0.00170226 0.0
0.0243123 -0.00167655 0.0
0.0240659 -0.00164912 0.0
0.0238206 -0.00162029 0.0
0.0235765 -0.00158963 0.0
0.0233346 -0.00155683 0.0
0.0230952 -0.00152235 0.0
0.0228583 -0.00148635 0.0
0.0226243 -0.00144836 0.0
0.0223938 -0.00140838 0.0
0.0221674 -0.00136706 0.0
0.021945 -0.00132453 0.0
0.021727 -0.0012803 0.0
0.0215138 -0.00123472 0.0
0.0213061 -0.00118875 0.0
0.0211036 -0.00114217 0.0
0.0209064 -0.00109448 0.0
0.0207151 -0.00104677 0.0
0.0205299 -0.000999681 0.0
0.0203504 -0.000952349 0.0
0.0201767 -0.000905138 0.0
0.0200092 -0.000859183 0.0
0.0198478 -0.000814146 0.0
0.0196921 -0.000769592 0.0
0.0195422 -0.000726364 0.0
0.0193981 -0.000684789 0.0
0.0192597 -0.00064437 0.0
0.0191266 -0.000605231 0.0
0.0189988 -0.000567896 0.0
0.0188762 -0.000532228 0.0
0.0187588 -0.000498004 0.0
0.018646 -0.000465437 0.0
0.0185378 -0.000434668 0.0
0.0184342 -0.000405516 0.0
0.0183349 -0.000377926 0.0
0.0182396 -0.000351989 0.0
0.0181482 -0.000327678 0.0
0.0180607 -0.000304872 0.0
0.0179767 -0.000283546 0.0
0.017896 -0.000263685 0.0
0.0178185 -0.000245229 0.0
0.0177443 -0.000228097 0.0
0.0176729 -0.00021224 0.0
0.0176042 -0.000197609 0.0
0.0175381 -0.000184145 0.0
0.0174746 -0.000171777 0.0
0.0174134 -0.000160445 0.0
0.0173544 -0.000150099 0.0
0.0172975 -0.000140682 0.0
0.0172426 -0.000132129 0.0
0.0171896 -0.000124384 0.0
0.0171383 -0.000117403 0.0
0.0170887 -0.000111131 0.0
0.0170407 -0.000105512 0.0
0.0169941 -0.000100502 0.0
0.016949 -9.60593e-05 0.0
0.0169052 -9.21376e-05 0.0
0.0168626 -8.86913e-05 0.0
0.0168212 -8.56861e-05 0.0
0.0167809 -8.30862e-05 0.0
0.0167416 -8.08527e-05 0.0
0.0167033 -7.89521e-05 0.0
0.016666 -7.73572e-05 0.0
0.0166295 -7.60378e-05 0.0
0.0165938 -7.49644e-05 0.0
0.016559 -7.41129e-05 0.0
0.0165249 -7.34613e-05 0.0
0.0164914 -7.2986e-05 0.0
0.0164587 -7.26659e-05 0.0
0.0164266 -7.24834e-05 0.0
0.016395 -7.24212e-05 0.0
0.0163641 -7.24621e-05 0.0
0.0163337 -7.25914e-05 0.0
0.0163038 -7.27962e-05 0.0
0.0162744 -7.30636e-05 0.0
0.0162454 -7.33816e-05 0.0
0.0162169 -7.37402e-05 0.0
0.0161889 -7.413e-05 0.0
0.0161612 -7.45418e-05 0.0
0.016134 -7.49678e-05 0.0
0.0161071 -7.54009e-05 0.0
0.0160806 -7.58347e-05 0.0
0.0160545 -7.62629e-05 0.0
0.0160287 -7.66804e-05 0.0
0.0160032 -7.70824e-05 0.0
0.0159781 -7.74646e-05 0.0
0.0159533 -7.78228e-05 0.0
0.0159288 -7.81537e-05 0.0
0.0159045 -7.8454e-05 0.0
0.0158806 -7.87209e-05 0.0
0.015857 -7.89516e-05 0.0
0.0158337 -7.91439e-05 0.0
0.0158106 -7.92954e-05 0.0
0.0157878 -7.94041e-05 0.0
0.0157653 -7.9468e-05 0.0
0.015743 -7.94854e-05 0.0
0.0157211 -7.94544e-05 0.0
0.0156994 -7.93734e-05 0.0
0.0156779 -7.92405e-05 0.0
0.0156567 -7.9054e-05 0.0
0.0156358 -7.88121e-05 0.0
0.0156152 -7.85128e-05 0.0
0.0155948 -7.81542e-05 0.0
0.0155747 -7.7734e-05 0.0
0.0155549 -7.725e-05 0.0
0.0155353 -7.66995e-05 0.0
0.015516 -7.60797e-05 0.0
0.015497 -7.53877e-05 0.0
0.0154783 -7.46198e-05 0.0
0.0154598 -7.37725e-05 0.0
0.0154416 -7.28416e-05 0.0
0.0154238 -7.18228e-05 0.0
0.0154062 -7.07106e-05 0.0
0.015389 -6.94999e-05 0.0
0.0153721 -6.81848e-05 0.0
0.0153555 -6.67586e-05 0.0
0.0153392 -6.52138e-05 0.0
0.0153233 -6.35435e-05 0.0
0.0153077 -6.1739e-05 0.0
0.0152926 -5.97912e-05 0.0
0.0152778 -5.76906e-05 0.0
0.0152634 -5.5428e-05 0.0
0.0152494 -5.29923e-05 0.0
0.0152359 -5.0372e-05 0.0
0.0152229 -4.75581e-05 0.0
0.0152104 -4.45376e-05 0.0
0.0151984 -4.13018e-05 0.0
0.015187 -3.78383e-05 0.0
0.0151762 -3.41434e-05 0.0
0.015166 -3.02017e-05 0.0
0.0151565 -2.60221e-05 0.0
0.0151478 -2.15877e-05 0.0
0.01514 -1.6921e-05 0.0
0.015133 -1.20077e-05 0.0
0.0151271 -6.90565e-06 0.0
0.0151222 -1.60418e-06 0.0
0.0151186 3.68938e-06 0.0
0.0151163 8.56669e-06 0.0
0.0151151 1.09594e-05 0.0
0.0 0.0 0.0
0.0 0.0 0.0
0.0193044 -0.000165344 0.0
0.0193627 -0.000627245 0.0
0.0195328 -0.000903325 0.0
0.0197346 -0.001042 0.0
0.0199432 -0.00140212 0.0
0.0202348 -0.00165658 0.0
0.0204876 -0.00169114 0.0
0.0207113 -0.00183581 0.0
0.0209699 -0.00193315 0.0
0.0211905 -0.00195447 0.0
0.0213505 -0.00193531 0.0
0.0215046 -0.00191972 0.0
0.0216228 -0.0018731 0.0
0.0216812 -0.0018156 0.0
0.0217256 -0.00173547 0.0
0.0217617 -0.0016546 0.0
0.0217509 -0.00157186 0.0
0.0217093 -0.00148786 0.0
0.0216721 -0.00139172 0.0
0.0216223 -0.0013024 0.0
0.0215425 -0.00121795 0.0
0.021455 -0.0011319 0.0
0.0213726 -0.00104282 0.0
0.0212793 -0.000962237 0.0
0.0211734 -0.000884888 0.0
0.0210698 -0.000806519 0.0
0.0209687 -0.000730034 0.0
0.0208617 -0.000659749 0.0
0.0207527 -0.000590537 0.0
0.0206485 -0.000521537 0.0
0.0205458 -0.000455533 0.0
0.0204421 -0.000392711 0.0
0.0203415 -0.00032987 0.0
0.0202455 -0.00026781 0.0
0.0201517 -0.000207828 0.0
0.0200605 -0.000148639 0.0
0.0199744 -8.88243e-05 0.0
0.0198928 -2.94537e-05 0.0
0.0198147 2.94411e-05 0.0
0.0197419 8.93562e-05 0.0
0.0196749 0.000150522 0.0
0.0196128 0.000212173 0.0
0.0195562 0.000275205 0.0
0.0195069 0.000340735 0.0
0.019464 0.000408182 0.0
0.019427 0.000477626 0.0
0.0193985 0.000550317 0.0
0.019379 0.000626409 0.0
0.0193664 0.000705519 0.0
0.0193627 0.000788607 0.0
0.0193711 0.000875658 0.0
0.0193894 0.00096693 0.0
0.0194168 0.00106333 0.0
0.019458 0.00116391 0.0
0.0195135 0.00126774 0.0
0.0195809 0.00137853 0.0
0.0196626 0.00149436 0.0
0.0197615 0.0016107 0.0
0.019877 0.001732 0.0
0.0200092 0.00186174 0.0
0.0201598 0.00198909 0.0
0.0203294 0.00211514 0.0
0.0205198 0.00224888 0.0
0.0207304 0.00238284 0.0
0.0209599 0.00250621 0.0
0.0212107 0.00263069 0.0
0.0214846 0.00275678 0.0
0.0217768 0.00287 0.0
0.0220869 0.00297136 0.0
0.0224181 0.00307205 0.0
0.0227684 0.00316071 0.0
0.0231315 0.00323034 0.0
0.0235085 0.00329027 0.0
0.0239012 0.0033392 0.0
0.0243052 0.0033689 0.0
0.0247125 0.00338152 0.0
0.0251268 0.00338247 0.0
0.025551 0.00336344 0.0
0.0259729 0.00333006 0.0
0.0263889 0.00328408 0.0
0.0268088 0.00321636 0.0
0.0272243 0.00313566 0.0
0.0276273 0.00305346 0.0
0.0280234 0.00294476 0.0
0.0284084 0.00282349 0.0
0.0287811 0.00270635 0.0
0.0291418 0.00257286 0.0
0.0294831 0.0024241 0.0
0.0298075 0.00227772 0.0
0.0301202 0.00212421 0.0
0.0304111 0.00196584 0.0
0.0306801 0.00180486 0.0
0.030933 0.00163987 0.0
0.0311661 0.00147882 0.0
0.0313769 0.0013221 0.0
0.0315701 0.00116119 0.0
0.0317442 0.00100538 0.0
0.0318991 0.000861317 0.0
0.0320373 0.000716428 0.0
0.0321592 0.000576573 0.0
0.0322653 0.000446253 0.0
0.0323566 0.000320688 0.0
0.0324335 0.000199647 0.0
0.0324976 8.49007e-05 0.0
0.032549 -2.55182e-05 0.0
0.0325878 -0.00013082 0.0
0.0326142 -0.000231564 0.0
0.0326292 -0.000329626 0.0
0.0326326 -0.0004249 0.0
0.032624 -0.000515712 0.0
0.0326035 -0.000603064 0.0
0.0325718 -0.000689001 0.0
0.0325279 -0.000772634 0.0
0.0324722 -0.000850056 0.0
0.0324059 -0.000924738 0.0
0.0323279 -0.000997451 0.0
0.0322384 -0.00106477 0.0
0.03214 -0.00112703 0.0
0.0320316 -0.00118644 0.0
0.0319127 -0.00124073 0.0
0.0317862 -0.00129301 0.0
0.0316516 -0.00134032 0.0
0.0315077 -0.00138242 0.0
0.0313562 -0.00142452 0.0
0.0311978 -0.00146381 0.0
0.0310317 -0.00149631 0.0
0.0308585 -0.00152738 0.0
0.0306783 -0.00155871 0.0
0.0304916 -0.00158432 0.0
0.0302996 -0.00160564 0.0
0.0301011 -0.00162712 0.0
0.0298962 -0.00164558 0.0
0.0296873 -0.00165997 0.0
0.0294738 -0.0016724 0.0
0.0292544 -0.00168235 0.0
0.0290312 -0.00169062 0.0
0.0288048 -0.00169661 0.0
0.0285743 -0.00169917 0.0
0.0283405 -0.00170078 0.0
0.0281038 -0.001702 0.0
0.0278642 -0.00169944 0.0
0.0276228 -0.00169566 0.0
0.0273788 -0.00169216 0.0
0.0271322 -0.00168624 0.0
0.0268845 -0.00167887 0.0
0.0266352 -0.00167122 0.0
0.0263838 -0.00166228 0.0
0.0261313 -0.00165221 0.0
0.0258779 -0.00164128 0.0
0.0256234 -0.00162928 0.0
0.0253681 -0.0016165 0.0
0.0251122 -0.00160254 0.0
0.0248559 -0.00158743 0.0
0.0245997 -0.0015717 0.0
0.0243435 -0.00155464 0.0
0.0240874 -0.00153612 0.0
0.0238319 -0.00151703 0.0
0.0235774 -0.00149677 0.0
0.0233236 -0.00147465 0.0
0.0230711 -0.00145148 0.0
0.0228202 -0.00142757 0.0
0.0225711 -0.00140177 0.0
0.0223241 -0.00137422 0.0
0.0220793 -0.00134577 0.0
0.0218373 -0.001316 0.0
0.0215985 -0.00128422 0.0
0.021363 -0.00125101 0.0
0.0211309 -0.0012168 0.0
0.0209031 -0.00118109 0.0
0.02068 -0.00114388 0.0
0.0204612 -0.00110564 0.0
0.0202472 -0.00106649 0.0
0.0200389 -0.00102647 0.0
0.0198362 -0.000985734 0.0
0.0196387 -0.000944374 0.0
0.0194471 -0.000902848 0.0
0.0192621 -0.000861449 0.0
0.0190828 -0.000819861 0.0
0.0189094 -0.000778423 0.0
0.0187425 -0.000737889 0.0
0.018582 -0.000697952 0.0
0.0184272 -0.000658432 0.0
0.0182785 -0.000620057 0.0
0.0181359 -0.000583023 0.0
0.0179992 -0.000546878 0.0
0.017868 -0.000511878 0.0
0.0177423 -0.000478471 0.0
0.0176222 -0.000446466 0.0
0.0175074 -0.000415684 0.0
0.0173974 -0.00038642 0.0
0.0172922 -0.000358754 0.0
0.0171919 -0.000332491 0.0
0.017096 -0.000307624 0.0
0.0170042 -0.00028428 0.0
0.0169165 -0.000262389 0.0
0.0168329 -0.000241846 0.0
0.0167528 -0.000222655 0.0
0.0166762 -0.000204815 0.0
0.016603 -0.000188244 0.0
0.016533 -0.000172883 0.0
0.0164659 -0.000158698 0.0
0.0164015 -0.000145643 0.0
0.0163399 -0.000133654 0.0
0.0162809 -0.000122679 0.0
0.0162241 -0.000112662 0.0
0.0161695 -0.000103555 0.0
0.0161171 -9.53051e-05 0.0
0.0160666 -8.7856e-05 0.0
0.0160179 -8.11546e-05 0.0
0.015971 -7.51599e-05 0.0
0.0159257 -6.98227e-05 0.0
0.0158819 -6.509e-05 0.0
0.0158394 -6.09202e-05 0.0
0.0157984 -5.72768e-05 0.0
0.0157586 -5.41148e-05 0.0
0.0157199 -5.1392e-05 0.0
0.0156823 -4.90763e-05 0.0
0.0156457 -4.71349e-05 0.0
0.0156101 -4.55304e-05 0.0
0.0155754 -4.42317e-05 0.0
0.0155415 -4.32134e-05 0.0
0.0155083 -4.24475e-05 0.0
0.0154759 -4.19054e-05 0.0
0.0154442 -4.1565e-05 0.0
0.0154131 -4.14058e-05 0.0
0.0153827 -4.14053e-05 0.0
0.0153527 -4.15434e-05 0.0
0.0153234 -4.18042e-05 0.0
0.0152945 -4.21712e-05 0.0
0.015266 -4.26282e-05 0.0
0.0152381 -4.31613e-05 0.0
0.0152105 -4.37587e-05 0.0
0.0151833 -4.44083e-05 0.0
0.0151565 -4.50987e-05 0.0
0.0151301 -4.58208e-05 0.0
0.015104 -4.65658e-05 0.0
0.0150782 -4.73252e-05 0.0
0.0150528 -4.80916e-05 0.0
0.0150276 -4.88588e-05 0.0
0.0150028 -4.96208e-05 0.0
0.0149782 -5.03718e-05 0.0
0.0149538 -5.11072e-05 0.0
0.0149298 -5.18227e-05 0.0
0.014906 -5.25145e-05 0.0
0.0148824 -5.31788e-05 0.0
0.0148591 -5.38127e-05 0.0
0.014836 -5.44135e-05 0.0
0.0148131 -5.49786e-05 0.0
0.0147905 -5.55058e-05 0.0
0.0147681 -5.59931e-05 0.0
0.0147459 -5.64387e-05 0.0
0.014724 -5.68409e-05 0.0
0.0147022 -5.71982e-05 0.0
0.0146807 -5.75092e-05 0.0
0.0146595 -5.77726e-05 0.0
0.0146384 -5.7987e-05 0.0
0.0146176 -5.81512e-05 0.0
0.0145969 -5.82638e-05 0.0
0.0145765 -5.83237e-05 0.0
0.0145564 -5.83293e-05 0.0
0.0145365 -5.82792e-05 0.0
0.0145168 -5.81719e-05 0.0
0.0144973 -5.80055e-05 0.0
0.0144781 -5.77783e-05 0.0
0.0144591 -5.74881e-05 0.0
0.0144404 -5.71326e-05 0.0
0.0144219 -5.67094e-05 0.0
0.0144037 -5.62153e-05 0.0
0.0143858 -5.56476e-05 0.0
0.0143681 -5.50026e-05 0.0
0.0143507 -5.42765e-05 0.0
0.0143336 -5.34649e-05 0.0
0.0143168 -5.25634e-05 0.0
0.0143003 -5.15668e-05 0.0
0.0142841 -5.04694e-05 0.0
0.0142683 -4.92654e-05 0.0
0.0142528 -4.79482e-05 0.0
0.0142376 -4.65108e-05 0.0
0.0142228 -4.49456e-05 0.0
0.0142085 -4.32453e-05 0.0
0.0141945 -4.1401e-05 0.0
0.0141809 -3.94053e-05 0.0
0.0141678 -3.72483e-05 0.0
0.0141552 -3.49236e-05 0.0
0.0141431 -3.24211e-05 0.0
0.0141315 -2.97378e-05 0.0
0.0141205 -2.68609e-05 0.0
0.0141101 -2.37946e-05 0.0
0.0141004 -2.05315e-05 0.0
0.0140913 -1.70836e-05 0.0
0.014083 -1.34352e-05 0.0
0.0140756 -9.6339e-06 0.0
0.014069 -5.66777e-06 0.0
0.0140634 -1.59829e-06 0.0
0.0140588 2.56553e-06 0.0
0.0140554 6.59798e-06 0.0
0.0140533 1.01987e-05 0.0
0.0140521 1.19381e-05 0.0
0.0 0.0 0.0
0.0 0.0 0.0
0.0193812 -0.000335198 0.0
0.0194818 -0.00064074 0.0
0.0195227 -0.00106272 0.0
0.019833 -0.00140903 0.0
0.0201948 -0.00162914 0.0
0.0204484 -0.00192563 0.0
0.020711 -0.00198461 0.0
0.0210146 -0.00207856 0.0
0.021284 -0.00216277 0.0
0.0214575 -0.0021371 0.0
0.0215528 -0.00206044 0.0
0.0216488 -0.00202332 0.0
0.0217246 -0.00193844 0.0
0.0217158 -0.00182897 0.0
0.0216574 -0.0017279 0.0
0.0216115 -0.00163386 0.0
0.0215499 -0.00151561 0.0
0.0214382 -0.00140823 0.0
0.0213125 -0.00131054 0.0
0.0211985 -0.00121002 0.0
0.0210721 -0.00110589 0.0
0.0209248 -0.00101583 0.0
0.0207804 -0.000929215 0.0
0.0206429 -0.000841163 0.0
0.0204985 -0.000757591 0.0
0.0203502 -0.00068286 0.0
0.0202092 -0.000608676 0.0
0.0200721 -0.000535682 0.0
0.0199338 -0.000467921 0.0
0.0197991 -0.000404243 0.0
0.0196714 -0.000340585 0.0
0.0195472 -0.000279118 0.0
0.019426 -0.000221099 0.0
0.0193108 -0.00016427 0.0
0.0192018 -0.000107484 0.0
0.0190971 -5.24961e-05 0.0
0.0189978 1.2437e-06 0.0
0.0189054 5.54661e-05 0.0
0.0188189 0.00010977 0.0
0.0187379 0.000163482 0.0
0.0186641 0.000218019 0.0
0.0185975 0.000274004 0.0
0.0185373 0.000330541 0.0
0.0184844 0.000388286 0.0
0.0184403 0.000448496 0.0
0.018404 0.000510665 0.0
0.0183754 0.000574554 0.0
0.0183566 0.000641561 0.0
0.0183482 0.000711735 0.0
0.0183487 0.000784712 0.0
0.0183597 0.000861064 0.0
0.0183835 0.000941139 0.0
0.018419 0.00102482 0.0
0.0184663 0.00111298 0.0
0.0185278 0.00120424 0.0
0.0186042 0.00129867 0.0
0.0186956 0.00139837 0.0
0.0188026 0.00150175 0.0
0.0189259 0.00160512 0.0
0.0190675 0.00171284 0.0
0.0192286 0.00182484 0.0
0.0194062 0.00193496 0.0
0.0196023 0.00204371 0.0
0.0198215 0.00215613 0.0
0.0200601 0.00226556 0.0
0.020314 0.00236885 0.0
0.0205903 0.0024692 0.0
0.0208891 0.002566 0.0
0.0212017 0.0026537 0.0
0.0215302 0.00273262 0.0
0.0218804 0.00280169 0.0
0.0222437 0.00286158 0.0
0.0226168 0.00291115 0.0
0.023004 0.00294304 0.0
0.0234018 0.00296305 0.0
0.0238052 0.00297612 0.0
0.0242149 0.0029693 0.0
0.0246259 0.00294328 0.0
0.0250388 0.00291568 0.0
0.0254544 0.00287018 0.0
0.0258619 0.00280438 0.0
0.0262619 0.00273526 0.0
0.0266625 0.00265368 0.0
0.0270531 0.00255548 0.0
0.0274267 0.00245565 0.0
0.0277925 0.0023415 0.0
0.0281478 0.00221818 0.0
0.0284861 0.0020969 0.0
0.0288072 0.00196363 0.0
0.0291109 0.00182219 0.0
0.0293985 0.00168619 0.0
0.0296699 0.00154549 0.0
0.0299176 0.00139954 0.0
0.0301447 0.0012584 0.0
0.0303579 0.00111809 0.0
0.0305511 0.000978257 0.0
0.0307204 0.00084509 0.0
0.0308741 0.000713692 0.0
0.0310125 0.000585257 0.0
0.0311314 0.000466289 0.0
0.0312327 0.000350445 0.0
0.0313195 0.00023727 0.0
0.031392 0.000131521 0.0
0.0314497 3.19306e-05 0.0
0.0314917 -6.57729e-05 0.0
0.0315202 -0.000159304 0.0
0.0315373 -0.000247227 0.0
0.0315412 -0.000332088 0.0
0.0315296 -0.000414658 0.0
0.0315059 -0.000493622 0.0
0.0314717 -0.00056983 0.0
0.0314238 -0.000642516 0.0
0.0313615 -0.0007123 0.0
0.0312883 -0.000779866 0.0
0.0312044 -0.000844225 0.0
0.0311076 -0.000903102 0.0
0.0309993 -0.000959628 0.0
0.0308811 -0.00101439 0.0
0.0307532 -0.00106312 0.0
0.0306161 -0.00110743 0.0
0.030469 -0.00115159 0.0
0.0303128 -0.00119073 0.0
0.0301505 -0.00122581 0.0
0.0299799 -0.00125927 0.0
0.0297996 -0.00128963 0.0
0.0296132 -0.00131705 0.0
0.0294217 -0.00134227 0.0
0.0292219 -0.00136391 0.0
0.0290149 -0.00138337 0.0
0.0288033 -0.00140198 0.0
0.0285868 -0.00141622 0.0
0.0283643 -0.00142763 0.0
0.0281366 -0.00143916 0.0
0.027905 -0.00144763 0.0
0.0276704 -0.00145249 0.0
0.0274316 -0.00145685 0.0
0.0271886 -0.0014596 0.0
0.0269437 -0.00145992 0.0
0.0266969 -0.00145862 0.0
0.0264467 -0.00145579 0.0
0.0261944 -0.00145222 0.0
0.025941 -0.00144747 0.0
0.0256861 -0.00144029 0.0
0.0254295 -0.00143304 0.0
0.0251719 -0.00142569 0.0
0.0249136 -0.00141593 0.0
0.0246548 -0.00140554 0.0
0.0243951 -0.00139546 0.0
0.0241351 -0.00138383 0.0
0.0238754 -0.00137101 0.0
0.0236156 -0.00135813 0.0
0.0233558 -0.00134434 0.0
0.0230968 -0.00132935 0.0
0.0228385 -0.00131372 0.0
0.0225808 -0.0012974 0.0
0.0223243 -0.00128002 0.0
0.0220693 -0.0012616 0.0
0.0218156 -0.00124241 0.0
0.0215636 -0.00122228 0.0
0.0213139 -0.0012009 0.0
0.0210663 -0.00117849 0.0
0.0208209 -0.00115516 0.0
0.0205785 -0.00113062 0.0
0.0203394 -0.00110474 0.0
0.0201034 -0.00107787 0.0
0.0198708 -0.00104994 0.0
0.0196423 -0.00102067 0.0
0.0194183 -0.000990271 0.0
0.0191985 -0.000959062 0.0
0.0189834 -0.000926804 0.0
0.0187735 -0.000893458 0.0
0.0185691 -0.000859567 0.0
0.0183701 -0.000825206 0.0
0.0181766 -0.000790056 0.0
0.0179892 -0.000754576 0.0
0.017808 -0.000719321 0.0
0.0176327 -0.000683866 0.0
0.0174635 -0.000648273 0.0
0.0173008 -0.000613383 0.0
0.0171443 -0.000579078 0.0
0.0169938 -0.000544953 0.0
0.0168494 -0.000511673 0.0
0.0167113 -0.000479579 0.0
0.0165791 -0.000448211 0.0
0.0164525 -0.000417685 0.0
0.0163316 -0.00038854 0.0
0.0162163 -0.00036062 0.0
0.0161063 -0.000333689 0.0
0.0160014 -0.000308031 0.0
0.0159014 -0.000283807 0.0
0.0158062 -0.000260787 0.0
0.0157156 -0.000238949 0.0
0.0156292 -0.000218454 0.0
0.0155469 -0.000199264 0.0
0.0154687 -0.000181238 0.0
0.0153942 -0.000164396 0.0
0.0153232 -0.000148769 0.0
0.0152556 -0.000134278 0.0
0.0151912 -0.000120847 0.0
0.0151297 -0.000108468 0.0
0.0150709 -9.71103e-05 0.0
0.0150149 -8.67082e-05 0.0
0.0149614 -7.72054e-05 0.0
0.0149102 -6.85686e-05 0.0
0.0148611 -6.07551e-05 0.0
0.0148141 -5.37118e-05 0.0
0.014769 -4.73857e-05 0.0
0.0147256 -4.17382e-05 0.0
0.0146839 -3.673e-05 0.0
0.0146437 -3.23132e-05 0.0
0.0146049 -2.84409e-05 0.0
0.0145675 -2.50795e-05 0.0
0.0145313 -2.21936e-05 0.0
0.0144963 -1.97408e-05 0.0
0.0144623 -1.76841e-05 0.0
0.0144292 -1.59959e-05 0.0
0.0143971 -1.46444e-05 0.0
0.0143659 -1.35952e-05 0.0
0.0143354 -1.2821e-05 0.0
0.0143056 -1.22991e-05 0.0
0.0142765 -1.20024e-05 0.0
0.0142479 -1.19052e-05 0.0
0.01422 -1.19879e-05 0.0
0.0141926 -1.22315e-05 0.0
0.0141657 -1.26148e-05 0.0
0.0141392 -1.31199e-05 0.0
0.0141131 -1.37323e-05 0.0
0.0140875 -1.44369e-05 0.0
0.0140622 -1.52184e-05 0.0
0.0140372 -1.60646e-05 0.0
0.0140125 -1.69647e-05 0.0
0.0139882 -1.79074e-05 0.0
0.0139641 -1.88824e-05 0.0
0.0139402 -1.98814e-05 0.0
0.0139166 -2.08966e-05 0.0
0.0138933 -2.19202e-05 0.0
0.0138701 -2.29454e-05 0.0
0.0138472 -2.39668e-05 0.0
0.0138245 -2.49789e-05 0.0
0.013802 -2.59765e-05 0.0
0.0137796 -2.69555e-05 0.0
0.0137575 -2.79124e-05 0.0
0.0137355 -2.88434e-05 0.0
0.0137137 -2.97455e-05 0.0
0.013692 -3.06162e-05 0.0
0.0136706 -3.14531e-05 0.0
0.0136492 -3.2254e-05 0.0
0.0136281 -3.30171e-05 0.0
0.0136071 -3.37409e-05 0.0
0.0135863 -3.44237e-05 0.0
0.0135657 -3.50644e-05 0.0
0.0135452 -3.56618e-05 0.0
0.0135249 -3.62148e-05 0.0
0.0135048 -3.67225e-05 0.0
0.0134848 -3.71839e-05 0.0
0.013465 -3.7598e-05 0.0
0.0134454 -3.79642e-05 0.0
0.013426 -3.82814e-05 0.0
0.0134067 -3.85486e-05 0.0
0.0133877 -3.87649e-05 0.0
0.0133688 -3.89292e-05 0.0
0.0133502 -3.90403e-05 0.0
0.0133317 -3.90969e-05 0.0
0.0133135 -3.90974e-05 0.0
0.0132954 -3.90404e-05 0.0
0.0132776 -3.89238e-05 0.0
0.01326 -3.87456e-05 0.0
0.0132427 -3.85036e-05 0.0
0.0132256 -3.81952e-05 0.0
0.0132088 -3.78173e-05 0.0
0.0131922 -3.73669e-05 0.0
0.0131759 -3.68406e-05 0.0
0.0131598 -3.62344e-05 0.0
0.0131441 -3.55438e-05 0.0
0.0131287 -3.47645e-05 0.0
0.0131136 -3.38919e-05 0.0
0.0130988 -3.29196e-05 0.0
0.0130843 -3.18424e-05 0.0
0.0130703 -3.06547e-05 0.0
0.0130566 -2.93502e-05 0.0
0.0130433 -2.79206e-05 0.0
0.0130304 -2.63622e-05 0.0
0.013018 -2.4667e-05 0.0
0.013006 -2.28301e-05 0.0
0.0129946 -2.0843e-05 0.0
0.0129837 -1.87084e-05 0.0
0.0129733 -1.64162e-05 0.0
0.0129635 -1.39741e-05 0.0
0.0129544 -1.13757e-05 0.0
0.0129459 -8.6441e-06 0.0
0.0129382 -5.77282e-06 0.0
0.0129313 -2.80883e-06 0.0
0.0129252 2.56877e-07 0.0
0.0129201 3.33131e-06 0.0
0.0129159 6.40635e-06 0.0
0.0129128 9.28656e-06 0.0
0.0129108 1.1751e-05 0.0
0.0129097 1.2907e-05 0.0
0.0 0.0 0.0
0.0 0.0 0.0
0.0191836 -0.000445306 0.0
0.0193968 -0.000769652 0.0
0.0197435 -0.00124604 0.0
0.0201207 -0.00188614 0.0
0.0204531 -0.00193788 0.0
0.020747 -0.00210157 0.0
0.0211001 -0.00235546 0.0
0.021386 -0.00238132 0.0
0.0215044 -0.00228859 0.0
0.0216118 -0.00223798 0.0
0.0216966 -0.00215177 0.0
0.0216493 -0.00203762 0.0
0.0215458 -0.00189728 0.0
0.0214755 -0.00176874 0.0
0.0213652 -0.00163682 0.0
0.0211795 -0.00151514 0.0
0.020999 -0.00138493 0.0
0.0208418 -0.00126344 0.0
0.0206545 -0.00115183 0.0
0.0204436 -0.00104874 0.0
0.0202522 -0.000943311 0.0
0.0200696 -0.000847165 0.0
0.0198728 -0.000760097 0.0
0.0196777 -0.000676835 0.0
0.0194987 -0.000594914 0.0
0.0193225 -0.000520807 0.0
0.0191446 -0.000451912 0.0
0.018976 -0.000384801 0.0
0.018818 -0.00032051 0.0
0.0186628 -0.000261319 0.0
0.0185124 -0.000204459 0.0
0.0183719 -0.000148808 0.0
0.0182387 -9.57098e-05 0.0
0.0181101 -4.51665e-05 0.0
0.0179891 4.67525e-06 0.0
0.0178766 5.37495e-05 0.0
0.0177704 0.000101355 0.0
0.0176707 0.000148362 0.0
0.0175794 0.000195707 0.0
0.0174957 0.000242928 0.0
0.0174188 0.000290025 0.0
0.0173502 0.000338072 0.0
0.0172903 0.000387229 0.0
0.0172379 0.000437152 0.0
0.017194 0.000488425 0.0
0.0171603 0.000541739 0.0
0.0171354 0.000596864 0.0
0.0171194 0.000654081 0.0
0.0171147 0.000713667 0.0
0.0171215 0.000775844 0.0
0.0171382 0.000841144 0.0
0.0171669 0.000909481 0.0
0.0172097 0.000979774 0.0
0.0172651 0.00105393 0.0
0.0173335 0.00113252 0.0
0.0174175 0.00121232 0.0
0.0175172 0.00129382 0.0
0.0176324 0.00138161 0.0
0.0177645 0.00147094 0.0
0.0179138 0.0015582 0.0
0.018081 0.00164951 0.0
0.0182675 0.00174511 0.0
0.018472 0.00183518 0.0
0.0186942 0.00192349 0.0
0.0189372 0.00201554 0.0
0.0191996 0.00210312 0.0
0.019478 0.00218129 0.0
0.0197745 0.00225882 0.0
0.0200912 0.00233244 0.0
0.0204224 0.00239394 0.0
0.0207662 0.00244738 0.0
0.0211258 0.00249515 0.0
0.0214996 0.00253088 0.0
0.0218803 0.00255447 0.0
0.0222683 0.00256912 0.0
0.0226667 0.00257056 0.0
0.0230696 0.00256042 0.0
0.0234705 0.00254062 0.0
0.0238741 0.00250671 0.0
0.0242787 0.00245866 0.0
0.0246767 0.00240787 0.0
0.0250692 0.002343 0.0
0.0254554 0.00226148 0.0
0.0258313 0.00217988 0.0
0.0261984 0.00209214 0.0
0.0265527 0.00198695 0.0
0.0268901 0.00188086 0.0
0.0272164 0.00177258 0.0
0.0275278 0.00165525 0.0
0.0278188 0.00153592 0.0
0.0280928 0.00141372 0.0
0.0283506 0.00128981 0.0
0.0285881 0.00116825 0.0
0.0288066 0.00104464 0.0
0.0290057 0.000920422 0.0
0.0291848 0.000803586 0.0
0.0293462 0.000688198 0.0
0.0294892 0.000572856 0.0
0.029612 0.000465375 0.0
0.0297179 0.000362383 0.0
0.0298078 0.000261045 0.0
0.0298805 0.000166249 0.0
0.0299365 7.6001e-05 0.0
0.0299776 -1.11651e-05 0.0
0.0300043 -9.34936e-05 0.0
0.0300164 -0.000171666 0.0
0.0300136 -0.000247495 0.0
0.0299973 -0.000319569 0.0
0.0299683 -0.00038784 0.0
0.029926 -0.00045382 0.0
0.0298697 -0.00051798 0.0
0.029801 -0.000578136 0.0
0.029721 -0.000635274 0.0
0.0296283 -0.000690654 0.0
0.0295226 -0.00074307 0.0
0.0294065 -0.000791509 0.0
0.0292803 -0.000837443 0.0
0.0291424 -0.000880028 0.0
0.0289943 -0.000919884 0.0
0.028838 -0.000956959 0.0
0.0286725 -0.000989602 0.0
0.028498 -0.00102016 0.0
0.0283158 -0.00104994 0.0
0.0281263 -0.00107456 0.0
0.02793 -0.00109644 0.0
0.0277267 -0.00111859 0.0
0.0275166 -0.00113754 0.0
0.0273013 -0.00115229 0.0
0.0270811 -0.0011666 0.0
0.0268546 -0.00117964 0.0
0.0266236 -0.00118903 0.0
0.0263894 -0.00119685 0.0
0.0261507 -0.00120319 0.0
0.0259079 -0.00120758 0.0
0.0256626 -0.00121053 0.0
0.0254146 -0.00121136 0.0
0.0251639 -0.00121044 0.0
0.0249113 -0.00120933 0.0
0.0246567 -0.0012063 0.0
0.0244009 -0.0012012 0.0
0.0241442 -0.0011962 0.0
0.023886 -0.00119025 0.0
0.0236273 -0.0011825 0.0
0.0233687 -0.0011745 0.0
0.0231094 -0.00116587 0.0
0.0228498 -0.00115628 0.0
0.0225909 -0.0011462 0.0
0.0223322 -0.00113536 0.0
0.0220738 -0.00112397 0.0
0.0218161 -0.00111213 0.0
0.0215594 -0.00109943 0.0
0.0213038 -0.00108621 0.0
0.0210493 -0.00107257 0.0
0.0207961 -0.00105794 0.0
0.0205446 -0.00104276 0.0
0.0202949 -0.00102719 0.0
0.0200471 -0.00101055 0.0
0.0198015 -0.000993063 0.0
0.0195583 -0.000975244 0.0
0.0193177 -0.00095651 0.0
0.0190799 -0.000936548 0.0
0.0188452 -0.000916006 0.0
0.0186137 -0.000894873 0.0
0.0183858 -0.000872491 0.0
0.0181616 -0.000849088 0.0
0.0179415 -0.000825147 0.0
0.0177256 -0.000800369 0.0
0.0175144 -0.000774463 0.0
0.0173079 -0.000747829 0.0
0.0171064 -0.000720689 0.0
0.0169102 -0.000692871 0.0
0.0167196 -0.000664373 0.0
0.0165344 -0.000635445 0.0
0.016355 -0.000606344 0.0
0.0161817 -0.000577108 0.0
0.0160144 -0.00054762 0.0
0.0158529 -0.000518143 0.0
0.0156978 -0.000489162 0.0
0.0155489 -0.000460463 0.0
0.0154058 -0.000431888 0.0
0.0152689 -0.000404046 0.0
0.0151381 -0.000377118 0.0
0.0150131 -0.000350652 0.0
0.0148937 -0.000324894 0.0
0.01478 -0.000300324 0.0
0.0146719 -0.000276705 0.0
0.014569 -0.000253832 0.0
0.0144711 -0.00023208 0.0
0.0143781 -0.00021155 0.0
0.01429 -0.000191969 0.0
0.0142064 -0.00017337 0.0
0.0141269 -0.000155967 0.0
0.0140516 -0.000139658 0.0
0.0139803 -0.000124307 0.0
0.0139127 -0.000109985 0.0
0.0138484 -9.67325e-05 0.0
0.0137876 -8.44356e-05 0.0
0.0137299 -7.30431e-05 0.0
0.013675 -6.25771e-05 0.0
0.0136229 -5.30026e-05 0.0
0.0135734 -4.42428e-05 0.0
0.0135262 -3.62669e-05 0.0
0.0134813 -2.90539e-05 0.0
0.0134385 -2.25581e-05 0.0
0.0133976 -1.67279e-05 0.0
0.0133586 -1.15286e-05 0.0
0.0133211 -6.92566e-06 0.0
0.0132853 -2.88064e-06 0.0
0.0132509 6.4841e-07 0.0
0.0132177 3.69774e-06 0.0
0.0131858 6.29888e-06 0.0
0.013155 8.484e-06 0.0
0.0131253 1.029e-05 0.0
0.0130964 1.17477e-05 0.0
0.0130684 1.28826e-05 0.0
0.0130412 1.37229e-05 0.0
0.0130148 1.42989e-05 0.0
0.0129889 1.4634e-05 0.0
0.0129637 1.47491e-05 0.0
0.012939 1.46679e-05 0.0
0.0129148 1.44133e-05 0.0
0.0128911 1.40025e-05 0.0
0.0128678 1.34524e-05 0.0
0.0128448 1.27818e-05 0.0
0.0128222 1.20068e-05 0.0
0.0127998 1.114e-05 0.0
0.0127778 1.0195e-05 0.0
0.012756 9.18536e-06 0.0
0.0127344 8.12187e-06 0.0
0.012713 7.01397e-06 0.0
0.0126919 5.87187e-06 0.0
0.0126709 4.70467e-06 0.0
0.01265 3.51957e-06 0.0
0.0126294 2.32351e-06 0.0
0.0126088 1.12353e-06 0.0
0.0125884 -7.46001e-08 0.0
0.0125681 -1.26606e-06 0.0
0.0125479 -2.44603e-06 0.0
0.0125278 -3.61002e-06 0.0
0.0125079 -4.75451e-06 0.0
0.012488 -5.87634e-06 0.0
0.0124683 -6.9724e-06 0.0
0.0124486 -8.04005e-06 0.0
0.012429 -9.07719e-06 0.0
0.0124096 -1.00818e-05 0.0
0.0123902 -1.10522e-05 0.0
0.012371 -1.19867e-05 0.0
0.0123518 -1.28842e-05 0.0
0.0123328 -1.37436e-05 0.0
0.0123138 -1.45637e-05 0.0
0.012295 -1.53437e-05 0.0
0.0122763 -1.6083e-05 0.0
0.0122577 -1.67808e-05 0.0
0.0122392 -1.74364e-05 0.0
0.0122209 -1.80493e-05 0.0
0.0122027 -1.8619e-05 0.0
0.0121846 -1.91448e-05 0.0
0.0121667 -1.96261e-05 0.0
0.0121489 -2.00623e-05 0.0
0.0121312 -2.04527e-05 0.0
0.0121138 -2.07966e-05 0.0
0.0120965 -2.1093e-05 0.0
0.0120793 -2.1341e-05 0.0
0.0120624 -2.15394e-05 0.0
0.0120456 -2.16871e-05 0.0
0.012029 -2.17825e-05 0.0
0.0120126 -2.1824e-05 0.0
0.0119965 -2.18099e-05 0.0
0.0119805 -2.1738e-05 0.0
0.0119648 -2.1606e-05 0.0
0.0119494 -2.14114e-05 0.0
0.0119341 -2.11514e-05 0.0
0.0119192 -2.08226e-05 0.0
0.0119045 -2.04219e-05 0.0
0.0118901 -1.99455e-05 0.0
0.011876 -1.93893e-05 0.0
0.0118622 -1.87487e-05 0.0
0.0118487 -1.80202e-05 0.0
0.0118356 -1.71976e-05 0.0
0.0118229 -1.62773e-05 0.0
0.0118105 -1.52531e-05 0.0
0.0117986 -1.41222e-05 0.0
0.0117871 -1.28768e-05 0.0
0.011776 -1.15173e-05 0.0
0.0117655 -1.00359e-05 0.0
0.0117554 -8.43588e-06 0.0
0.0117459 -6.7117e-06 0.0
0.0117369 -4.87641e-06 0.0
0.0117286 -2.92073e-06 0.0
0.0117209 -8.76024e-07 0.0
0.0117139 1.25429e-06 0.0
0.0117076 3.42763e-06 0.0
0.0117022 5.6447e-06 0.0
0.0116975 7.79327e-06 0.0
0.0116938 9.87334e-06 0.0
0.0116911 1.17172e-05 0.0
0.0116893 1.31967e-05 0.0
0.0116882 1.38656e-05 0.0
0.0 0.0 0.0
0.0 0.0 0.0
0.0192795 -0.00036813 0.0
0.0195831 -0.00131244 0.0
0.0200369 -0.00167389 0.0
0.0202911 -0.00204747 0.0
0.0206086 -0.00239652 0.0
0.0211027 -0.00250867 0.0
0.0214396 -0.00259485 0.0
0.0215667 -0.00251933 0.0
0.0215555 -0.00234822 0.0
0.021502 -0.00225554 0.0
0.0214302 -0.0020964 0.0
0.0212834 -0.00190351 0.0
0.0210514 -0.00173775 0.0
0.0208092 -0.00160846 0.0
0.0205864 -0.00143973 0.0
0.0203376 -0.00128683 0.0
0.0200609 -0.00116596 0.0
0.0197969 -0.00104998 0.0
0.0195497 -0.000922361 0.0
0.019295 -0.000817127 0.0
0.0190406 -0.000727326 0.0
0.0188026 -0.000635221 0.0
0.0185755 -0.000545561 0.0
0.0183503 -0.000471307 0.0
0.0181346 -0.000401922 0.0
0.0179325 -0.000331745 0.0
0.0177385 -0.000267642 0.0
0.0175509 -0.000211424 0.0
0.0173743 -0.000156167 0.0
0.0172079 -0.000102121 0.0
0.017049 -5.31017e-05 0.0
0.0168983 -7.15748e-06 0.0
0.0167574 3.86976e-05 0.0
0.016625 8.27357e-05 0.0
0.0165 0.000123969 0.0
0.0163837 0.000164671 0.0
0.0162763 0.000205362 0.0
0.0161765 0.00024473 0.0
0.0160847 0.000283407 0.0
0.0160019 0.000322808 0.0
0.0159273 0.000362305 0.0
0.0158607 0.000401642 0.0
0.0158032 0.000441961 0.0
0.0157551 0.00048353 0.0
0.0157153 0.000525723 0.0
0.015685 0.000569258 0.0
0.0156654 0.000614653 0.0
0.0156557 0.000661668 0.0
0.0156558 0.000710499 0.0
0.0156678 0.000761564 0.0
0.015692 0.000814587 0.0
0.0157276 0.000870388 0.0
0.0157757 0.000928721 0.0
0.015838 0.000988637 0.0
0.0159145 0.0010513 0.0
0.0160052 0.00111781 0.0
0.0161109 0.00118492 0.0
0.0162329 0.00125321 0.0
0.0163722 0.00132558 0.0
0.0165278 0.00139936 0.0
0.0166996 0.00147089 0.0
0.0168908 0.00154452 0.0
0.0171011 0.00161998 0.0
0.0173268 0.00169206 0.0
0.0175706 0.00176077 0.0
0.0178351 0.00182985 0.0
0.0181157 0.00189547 0.0
0.0184104 0.00195444 0.0
0.0187237 0.00200786 0.0
0.019053 0.00205723 0.0
0.0193935 0.00209997 0.0
0.0197463 0.0021321 0.0
0.0201117 0.00215558 0.0
0.0204855 0.00217421 0.0
0.0208665 0.00218213 0.0
0.0212522 0.0021753 0.0
0.0216411 0.00216392 0.0
0.0220339 0.0021444 0.0
0.0224249 0.0021095 0.0
0.0228099 0.00206709 0.0
0.0231944 0.00201966 0.0
0.0235746 0.00195829 0.0
0.0239415 0.00189214 0.0
0.0242995 0.00181926 0.0
0.0246504 0.00173528 0.0
0.0249865 0.00165037 0.0
0.025307 0.00156164 0.0
0.0256135 0.00146112 0.0
0.0259036 0.00136228 0.0
0.0261779 0.00126408 0.0
0.0264327 0.00115808 0.0
0.0266671 0.00105253 0.0
0.0268851 0.000949767 0.0
0.0270848 0.000845677 0.0
0.0272612 0.000743311 0.0
0.0274193 0.000643777 0.0
0.0275608 0.000545046 0.0
0.0276816 0.000452032 0.0
0.0277827 0.000362667 0.0
0.0278676 0.000274047 0.0
0.0279353 0.000191155 0.0
0.0279855 0.000114116 0.0
0.0280193 3.84551e-05 0.0
0.0280377 -3.38276e-05 0.0
0.0280414 -0.000100798 0.0
0.0280307 -0.000164551 0.0
0.0280048 -0.000226383 0.0
0.0279653 -0.0002848 0.0
0.0279136 -0.000340306 0.0
0.0278484 -0.000393137 0.0
0.0277695 -0.000443458 0.0
0.027679 -0.000491792 0.0
0.0275771 -0.000537996 0.0
0.0274629 -0.000580474 0.0
0.0273373 -0.00062075 0.0
0.0272016 -0.000659882 0.0
0.0270556 -0.000695707 0.0
0.0269 -0.000727349 0.0
0.0267353 -0.000758251 0.0
0.0265616 -0.000787021 0.0
0.0263804 -0.000811721 0.0
0.0261923 -0.000834577 0.0
0.0259959 -0.000855818 0.0
0.0257928 -0.000874464 0.0
0.0255852 -0.000891406 0.0
0.025371 -0.000905692 0.0
0.0251505 -0.000918129 0.0
0.024926 -0.000930057 0.0
0.0246976 -0.000939436 0.0
0.0244643 -0.000945838 0.0
0.0242271 -0.000952308 0.0
0.023987 -0.000957772 0.0
0.0237444 -0.000959782 0.0
0.023499 -0.000960981 0.0
0.023251 -0.000961975 0.0
0.0230015 -0.000961009 0.0
0.0227512 -0.000958385 0.0
0.0224992 -0.00095507 0.0
0.022246 -0.000951021 0.0
0.0219929 -0.000946193 0.0
0.0217396 -0.000939811 0.0
0.0214857 -0.000932774 0.0
0.0212321 -0.000926089 0.0
0.0209791 -0.000918077 0.0
0.0207267 -0.000908859 0.0
0.0204748 -0.000900244 0.0
0.0202238 -0.000891062 0.0
0.019974 -0.000880581 0.0
0.0197255 -0.000870183 0.0
0.0194781 -0.000859686 0.0
0.0192324 -0.000848234 0.0
0.0189885 -0.000836327 0.0
0.0187462 -0.00082431 0.0
0.0185059 -0.000811715 0.0
0.0182679 -0.000798424 0.0
0.0180322 -0.000784708 0.0
0.0177987 -0.000770669 0.0
0.0175682 -0.000755925 0.0
0.0173405 -0.000740437 0.0
0.0171156 -0.000724553 0.0
0.0168939 -0.000708166 0.0
0.0166759 -0.000690886 0.0
0.0164614 -0.000672937 0.0
0.0162504 -0.000654584 0.0
0.0160437 -0.000635502 0.0
0.0158414 -0.000615558 0.0
0.0156434 -0.000595134 0.0
0.0154499 -0.000574238 0.0
0.0152615 -0.0005526 0.0
0.0150782 -0.000530431 0.0
0.0149 -0.000507999 0.0
0.0147271 -0.000485123 0.0
0.01456 -0.000461856 0.0
0.0143986 -0.000438562 0.0
0.0142427 -0.000415174 0.0
0.0140926 -0.000391613 0.0
0.0139486 -0.000368304 0.0
0.0138105 -0.000345319 0.0
0.013678 -0.000322395 0.0
0.0135514 -0.000299899 0.0
0.0134308 -0.000278126 0.0
0.0133156 -0.000256754 0.0
0.0132059 -0.000235854 0.0
0.0131018 -0.000215873 0.0
0.013003 -0.000196673 0.0
0.0129092 -0.000178043 0.0
0.0128202 -0.00016028 0.0
0.0127362 -0.000143525 0.0
0.0126567 -0.000127529 0.0
0.0125815 -0.000112311 0.0
0.0125104 -9.80716e-05 0.0
0.0124433 -8.47433e-05 0.0
0.0123801 -7.21811e-05 0.0
0.0123203 -6.04648e-05 0.0
0.0122639 -4.96435e-05 0.0
0.0122107 -3.96152e-05 0.0
0.0121605 -3.03246e-05 0.0
0.0121131 -2.1811e-05 0.0
0.0120682 -1.40472e-05 0.0
0.0120258 -6.96157e-06 0.0
0.0119857 -5.26254e-07 0.0
0.0119476 5.26344e-06 0.0
0.0119115 1.04488e-05 0.0
0.0118773 1.50768e-05 0.0
0.0118447 1.9176e-05 0.0
0.0118136 2.27685e-05 0.0
0.0117839 2.58901e-05 0.0
0.0117555 2.85777e-05 0.0
0.0117283 3.08607e-05 0.0
0.0117022 3.27623e-05 0.0
0.011677 3.43125e-05 0.0
0.0116528 3.5543e-05 0.0
0.0116293 3.64788e-05 0.0
0.0116066 3.71402e-05 0.0
0.0115846 3.75528e-05 0.0
0.0115631 3.77426e-05 0.0
0.0115421 3.77286e-05 0.0
0.0115217 3.75279e-05 0.0
0.0115016 3.71623e-05 0.0
0.0114819 3.66508e-05 0.0
0.0114626 3.60075e-05 0.0
0.0114435 3.5247e-05 0.0
0.0114247 3.43861e-05 0.0
0.0114061 3.3438e-05 0.0
0.0113877 3.24133e-05 0.0
0.0113695 3.13238e-05 0.0
0.0113514 3.01816e-05 0.0
0.0113335 2.89953e-05 0.0
0.0113156 2.7773e-05 0.0
0.0112979 2.65238e-05 0.0
0.0112802 2.52553e-05 0.0
0.0112626 2.39736e-05 0.0
0.0112451 2.26846e-05 0.0
0.0112276 2.13944e-05 0.0
0.0112101 2.0108e-05 0.0
0.0111927 1.88291e-05 0.0
0.0111754 1.75622e-05 0.0
0.011158 1.63109e-05 0.0
0.0111407 1.50782e-05 0.0
0.0111234 1.38667e-05 0.0
0.0111062 1.26791e-05 0.0
0.011089 1.15175e-05 0.0
0.0110718 1.03836e-05 0.0
0.0110547 9.27914e-06 0.0
0.0110376 8.20551e-06 0.0
0.0110205 7.1639e-06 0.0
0.0110035 6.15524e-06 0.0
0.0109865 5.18046e-06 0.0
0.0109696 4.24034e-06 0.0
0.0109528 3.33544e-06 0.0
0.010936 2.46628e-06 0.0
0.0109193 1.63337e-06 0.0
0.0109026 8.37099e-07 0.0
0.010886 7.78081e-08 0.0
0.0108696 -6.44155e-07 0.0
0.0108532 -1.32845e-06 0.0
0.0108369 -1.97473e-06 0.0
0.0108207 -2.58265e-06 0.0
0.0108046 -3.1518e-06 0.0
0.0107887 -3.68173e-06 0.0
0.0107729 -4.1719e-06 0.0
0.0107572 -4.62172e-06 0.0
0.0107416 -5.03051e-06 0.0
0.0107262 -5.39744e-06 0.0
0.010711 -5.7215e-06 0.0
0.0106959 -6.00174e-06 0.0
0.010681 -6.23689e-06 0.0
0.0106663 -6.42547e-06 0.0
0.0106518 -6.56586e-06 0.0
0.0106375 -6.65655e-06 0.0
0.0106234 -6.69525e-06 0.0
0.0106095 -6.67978e-06 0.0
0.0105959 -6.60771e-06 0.0
0.0105825 -6.47686e-06 0.0
0.0105694 -6.2834e-06 0.0
0.0105566 -6.02483e-06 0.0
0.0105441 -5.69779e-06 0.0
0.0105318 -5.29932e-06 0.0
0.0105199 -4.82385e-06 0.0
0.0105084 -4.2702e-06 0.0
0.0104972 -3.63346e-06 0.0
0.0104864 -2.91109e-06 0.0
0.010476 -2.09673e-06 0.0
0.010466 -1.19434e-06 0.0
0.0104565 -1.9667e-07 0.0
0.0104475 8.92437e-07 0.0
0.010439 2.07683e-06 0.0
0.010431 3.33846e-06 0.0
0.0104236 4.6844e-06 0.0
0.0104168 6.08526e-06 0.0
0.0104106 7.53715e-06 0.0
0.0104051 8.98065e-06 0.0
0.0104003 1.04065e-05 0.0
0.0103963 1.17327e-05 0.0
0.0103931 1.29439e-05 0.0
0.0103907 1.38667e-05 0.0
0.0103891 1.45173e-05 0.0
0.010388 1.48121e-05 0.0
0.0 0.0 0.0
0.0 0.0 0.0
0.0194347 -0.000590754 0.0
0.0197164 -0.00166156 0.0
0.020101 -0.00217925 0.0
0.0206794 -0.0023007 0.0
0.0212266 -0.00284369 0.0
0.021536 -0.0029361 0.0
0.0214485 -0.0026066 0.0
0.0213325 -0.00246987 0.0
0.0212937 -0.00229075 0.0
0.0210419 -0.00208068 0.0
0.020624 -0.00183769 0.0
0.0203018 -0.00165814 0.0
0.0200291 -0.00146126 0.0
0.0196483 -0.00129384 0.0
0.019248 -0.00113824 0.0
0.018926 -0.000997768 0.0
0.0186139 -0.000862488 0.0
0.018266 -0.000751537 0.0
0.0179447 -0.000647121 0.0
0.0176648 -0.000548336 0.0
0.017384 -0.000460187 0.0
0.017103 -0.000384424 0.0
0.0168507 -0.000311057 0.0
0.0166171 -0.000242716 0.0
0.0163857 -0.000182674 0.0
0.0161663 -0.000127648 0.0
0.0159669 -7.43116e-05 0.0
0.0157772 -2.53878e-05 0.0
0.015594 1.884e-05 0.0
0.0154242 6.11995e-05 0.0
0.0152673 0.000101872 0.0
0.0151177 0.000139531 0.0
0.0149768 0.000175089 0.0
0.0148474 0.00020994 0.0
0.0147271 0.000243444 0.0
0.0146141 0.000275428 0.0
0.0145106 0.000306879 0.0
0.0144165 0.000338173 0.0
0.0143302 0.000368768 0.0
0.0142522 0.00039916 0.0
0.0141838 0.000429968 0.0
0.0141238 0.000461054 0.0
0.0140719 0.000492322 0.0
0.0140297 0.000524433 0.0
0.0139972 0.000557513 0.0
0.0139732 0.000591531 0.0
0.0139593 0.000626623 0.0
0.0139564 0.000663077 0.0
0.0139636 0.000701138 0.0
0.0139812 0.000741039 0.0
0.0140112 0.000782082 0.0
0.0140535 0.000824871 0.0
0.0141076 0.00087048 0.0
0.0141751 0.000917651 0.0
0.0142567 0.000965145 0.0
0.0143524 0.00101591 0.0
0.0144631 0.00106944 0.0
0.0145891 0.00112202 0.0
0.0147306 0.00117552 0.0
0.0148892 0.00123326 0.0
0.0150646 0.00128988 0.0
0.0152555 0.00134396 0.0
0.0154641 0.00140046 0.0
0.0156914 0.00145751 0.0
0.015934 0.00150902 0.0
0.0161919 0.00155892 0.0
0.0164684 0.00160882 0.0
0.0167607 0.00165308 0.0
0.0170648 0.00169132 0.0
0.0173831 0.00172684 0.0
0.0177164 0.00175634 0.0
0.018059 0.0017783 0.0
0.018409 0.0017946 0.0
0.0187689 0.00180293 0.0
0.0191363 0.00180347 0.0
0.019505 0.00179796 0.0
0.0198758 0.00178369 0.0
0.0202493 0.00175879 0.0
0.0206203 0.00173039 0.0
0.0209867 0.00169511 0.0
0.0213487 0.0016473 0.0
0.0217027 0.00159498 0.0
0.0220486 0.00154189 0.0
0.0223848 0.00147654 0.0
0.0227061 0.00140582 0.0
0.0230149 0.0013358 0.0
0.0233119 0.00125911 0.0
0.0235905 0.0011778 0.0
0.0238509 0.00109656 0.0
0.0240964 0.00101174 0.0
0.0243234 0.000926999 0.0
0.0245306 0.00084246 0.0
0.0247186 0.00075555 0.0
0.0248872 0.000671529 0.0
0.0250372 0.00059031 0.0
0.0251683 0.000508228 0.0
0.0252784 0.000429485 0.0
0.0253704 0.000355585 0.0
0.0254459 0.000282156 0.0
0.0255026 0.000212732 0.0
0.0255411 0.000148025 0.0
0.0255643 8.48532e-05 0.0
0.0255722 2.51745e-05 0.0
0.0255643 -2.98704e-05 0.0
0.0255411 -8.32097e-05 0.0
0.0255044 -0.000134136 0.0
0.0254549 -0.000181269 0.0
0.025392 -0.000225942 0.0
0.0253157 -0.000269409 0.0
0.0252279 -0.000310185 0.0
0.0251293 -0.000348241 0.0
0.025019 -0.000384669 0.0
0.0248968 -0.000419549 0.0
0.0247651 -0.000451876 0.0
0.0246244 -0.000482165 0.0
0.0244732 -0.00051029 0.0
0.0243125 -0.000536655 0.0
0.0241445 -0.000561225 0.0
0.0239687 -0.000583087 0.0
0.0237848 -0.000602547 0.0
0.0235939 -0.000621687 0.0
0.0233972 -0.000638284 0.0
0.0231949 -0.000651722 0.0
0.0229868 -0.000665054 0.0
0.0227733 -0.000677285 0.0
0.0225558 -0.000686258 0.0
0.022335 -0.000694309 0.0
0.0221095 -0.000702013 0.0
0.0218804 -0.00070751 0.0
0.0216495 -0.000711499 0.0
0.0214162 -0.000714847 0.0
0.0211797 -0.00071674 0.0
0.0209418 -0.00071761 0.0
0.020703 -0.000717589 0.0
0.0204629 -0.000715955 0.0
0.0202217 -0.000713933 0.0
0.01998 -0.000711387 0.0
0.0197383 -0.000707232 0.0
0.0194969 -0.000702518 0.0
0.0192553 -0.00069785 0.0
0.0190142 -0.000692018 0.0
0.0187743 -0.000685535 0.0
0.0185352 -0.000678958 0.0
0.0182967 -0.000671825 0.0
0.0180598 -0.00066431 0.0
0.0178245 -0.000656399 0.0
0.0175904 -0.000648071 0.0
0.0173579 -0.000639704 0.0
0.0171273 -0.000630899 0.0
0.0168986 -0.000621575 0.0
0.0166719 -0.000612266 0.0
0.0164472 -0.000602604 0.0
0.0162249 -0.000592373 0.0
0.016005 -0.000582056 0.0
0.0157875 -0.000571431 0.0
0.0155727 -0.000560176 0.0
0.0153608 -0.000548723 0.0
0.0151516 -0.000537012 0.0
0.0149455 -0.000524641 0.0
0.0147428 -0.000511835 0.0
0.0145434 -0.000498847 0.0
0.0143474 -0.000485288 0.0
0.0141553 -0.000471082 0.0
0.0139671 -0.000456581 0.0
0.0137828 -0.00044173 0.0
0.0136028 -0.000426239 0.0
0.0134273 -0.000410264 0.0
0.0132563 -0.000394039 0.0
0.01309 -0.000377446 0.0
0.0129287 -0.000360376 0.0
0.0127723 -0.000343013 0.0
0.0126211 -0.000325542 0.0
0.0124752 -0.000307919 0.0
0.0123347 -0.000290056 0.0
0.0121994 -0.000272151 0.0
0.0120697 -0.00025448 0.0
0.0119455 -0.000236904 0.0
0.0118266 -0.000219306 0.0
0.0117131 -0.000202087 0.0
0.0116051 -0.000185413 0.0
0.0115023 -0.000168922 0.0
0.0114046 -0.000152766 0.0
0.011312 -0.000137375 0.0
0.0112244 -0.000122546 0.0
0.0111416 -0.000108056 0.0
0.0110633 -9.42725e-05 0.0
0.0109895 -8.13089e-05 0.0
0.01092 -6.88677e-05 0.0
0.0108545 -5.69928e-05 0.0
0.0107929 -4.59415e-05 0.0
0.0107351 -3.55978e-05 0.0
0.0106808 -2.58029e-05 0.0
0.0106298 -1.66827e-05 0.0
0.0105819 -8.30584e-06 0.0
0.010537 -5.29725e-07 0.0
0.0104948 6.68273e-06 0.0
0.0104552 1.32572e-05 0.0
0.010418 1.92235e-05 0.0
0.0103831 2.46713e-05 0.0
0.0103502 2.96007e-05 0.0
0.0103192 3.39993e-05 0.0
0.0102901 3.79148e-05 0.0
0.0102625 4.13945e-05 0.0
0.0102365 4.44443e-05 0.0
0.0102118 4.70806e-05 0.0
0.0101883 4.93411e-05 0.0
0.0101661 5.12556e-05 0.0
0.0101448 5.28394e-05 0.0
0.0101244 5.41138e-05 0.0
0.0101049 5.51063e-05 0.0
0.0100861 5.58412e-05 0.0
0.010068 5.63353e-05 0.0
0.0100505 5.66072e-05 0.0
0.0100336 5.66787e-05 0.0
0.010017 5.65697e-05 0.0
0.0100009 5.62945e-05 0.0
0.00998514 5.58684e-05 0.0
0.00996968 5.5309e-05 0.0
0.00995446 5.46314e-05 0.0
0.00993947 5.38466e-05 0.0
0.00992466 5.29673e-05 0.0
0.00991 5.20071e-05 0.0
0.00989545 5.09765e-05 0.0
0.00988101 4.98839e-05 0.0
0.00986663 4.87394e-05 0.0
0.00985231 4.75529e-05 0.0
0.00983802 4.63311e-05 0.0
0.00982375 4.50807e-05 0.0
0.00980949 4.38094e-05 0.0
0.00979523 4.25233e-05 0.0
0.00978095 4.12271e-05 0.0
0.00976666 3.99259e-05 0.0
0.00975235 3.86247e-05 0.0
0.009738 3.73275e-05 0.0
0.00972362 3.60373e-05 0.0
0.00970921 3.47577e-05 0.0
0.00969477 3.34919e-05 0.0
0.00968029 3.2242e-05 0.0
0.00966579 3.10103e-05 0.0
0.00965125 2.97989e-05 0.0
0.00963669 2.86096e-05 0.0
0.0096221 2.74436e-05 0.0
0.0096075 2.63023e-05 0.0
0.00959288 2.51869e-05 0.0
0.00957825 2.40983e-05 0.0
0.00956361 2.30372e-05 0.0
0.00954898 2.20043e-05 0.0
0.00953435 2.10001e-05 0.0
0.00951973 2.00251e-05 0.0
0.00950513 1.90796e-05 0.0
0.00949056 1.81639e-05 0.0
0.00947601 1.72783e-05 0.0
0.00946151 1.6423e-05 0.0
0.00944705 1.55982e-05 0.0
0.00943265 1.4804e-05 0.0
0.0094183 1.40407e-05 0.0
0.00940402 1.33083e-05 0.0
0.00938981 1.26071e-05 0.0
0.00937569 1.19373e-05 0.0
0.00936166 1.12992e-05 0.0
0.00934772 1.06932e-05 0.0
0.00933389 1.01195e-05 0.0
0.00932018 9.57878e-06 0.0
0.00930659 9.07153e-06 0.0
0.00929312 8.5984e-06 0.0
0.0092798 8.16013e-06 0.0
0.00926663 7.75775e-06 0.0
0.00925362 7.39214e-06 0.0
0.00924077 7.06453e-06 0.0
0.00922811 6.77617e-06 0.0
0.00921563 6.5288e-06 0.0
0.00920336 6.32361e-06 0.0
0.0091913 6.16278e-06 0.0
0.00917947 6.04811e-06 0.0
0.00916788 5.98208e-06 0.0
0.00915654 5.96608e-06 0.0
0.00914546 6.00378e-06 0.0
0.00913467 6.09677e-06 0.0
0.00912419 6.24834e-06 0.0
0.00911402 6.4596e-06 0.0
0.00910418 6.73595e-06 0.0
0.0090947 7.07622e-06 0.0
0.0090856 7.48489e-06 0.0
0.0090769 7.96063e-06 0.0
0.00906862 8.50875e-06 0.0
0.00906077 9.11936e-06 0.0
0.00905341 9.79916e-06 0.0
0.00904653 1.05342e-05 0.0
0.00904016 1.13219e-05 0.0
0.00903433 1.21322e-05 0.0
0.00902908 1.29699e-05 0.0
0.00902441 1.37692e-05 0.0
0.00902034 1.45056e-05 0.0
0.00901693 1.51139e-05 0.0
0.00901421 1.55713e-05 0.0
0.00901215 1.57521e-05 0.0
0.0090107 1.57566e-05 0.0
0.0090097 1.57472e-05 0.0
0.0 0.0 0.0
0.0 0.0 0.0
0.0194579 -0.00127441 0.0
0.0199288 -0.00167091 0.0
0.020232 -0.00266955 0.0
0.0209651 -0.0032503 0.0
0.0213598 -0.00300599 0.0
0.0212475 -0.002842 0.0
0.0209712 -0.00239541 0.0
0.0205543 -0.00224838 0.0
0.0200774 -0.0019583 0.0
0.0196325 -0.00166412 0.0
0.0191761 -0.00140136 0.0
0.0186531 -0.0012617 0.0
0.0181637 -0.00106055 0.0
0.0177391 -0.000873868 0.0
0.0173207 -0.000741096 0.0
0.0168959 -0.000639266 0.0
0.0165152 -0.000511199 0.0
0.0161712 -0.000406072 0.0
0.0158348 -0.000330113 0.0
0.0155138 -0.000255937 0.0
0.0152255 -0.000176166 0.0
0.0149558 -0.000114618 0.0
0.0146962 -6.36851e-05 0.0
0.0144549 -1.01734e-05 0.0
0.0142342 4.04422e-05 0.0
0.014025 8.06298e-05 0.0
0.0138272 0.000118413 0.0
0.0136445 0.000157084 0.0
0.0134749 0.00019139 0.0
0.0133145 0.000221094 0.0
0.013165 0.000250818 0.0
0.0130271 0.000279871 0.0
0.0128985 0.000305767 0.0
0.0127785 0.000330299 0.0
0.0126682 0.00035514 0.0
0.0125671 0.000378897 0.0
0.0124739 0.00040118 0.0
0.0123894 0.000423611 0.0
0.0123136 0.000446192 0.0
0.0122457 0.0004681 0.0
0.0121861 0.000489964 0.0
0.0121353 0.00051253 0.0
0.0120928 0.000535259 0.0
0.0120585 0.000558218 0.0
0.0120336 0.000581997 0.0
0.012018 0.000606582 0.0
0.0120111 0.00063189 0.0
0.0120139 0.000658279 0.0
0.0120276 0.00068554 0.0
0.0120515 0.000714055 0.0
0.0120857 0.000744188 0.0
0.0121319 0.000775165 0.0
0.0121904 0.000806987 0.0
0.0122609 0.000841309 0.0
0.0123441 0.000876806 0.0
0.012441 0.000912056 0.0
0.0125524 0.000949335 0.0
0.0126779 0.000989186 0.0
0.0128176 0.00102775 0.0
0.0129729 0.00106623 0.0
0.0131448 0.00110747 0.0
0.0133313 0.00114839 0.0
0.0135326 0.00118612 0.0
0.0137512 0.00122451 0.0
0.0139857 0.00126339 0.0
0.0142333 0.00129846 0.0
0.014496 0.00132978 0.0
0.0147741 0.00136043 0.0
0.0150643 0.0013883 0.0
0.0153655 0.00141 0.0
0.0156784 0.00142679 0.0
0.016001 0.00144127 0.0
0.0163313 0.00145049 0.0
0.0166672 0.00145101 0.0
0.0170075 0.00144738 0.0
0.017352 0.00144021 0.0
0.0176975 0.00142447 0.0
0.0180395 0.00140187 0.0
0.0183799 0.00137662 0.0
0.0187183 0.00134378 0.0
0.0190476 0.00130543 0.0
0.0193674 0.00126386 0.0
0.0196807 0.00121519 0.0
0.0199823 0.0011629 0.0
0.0202691 0.00111059 0.0
0.0205433 0.00105019 0.0
0.0208025 0.000987007 0.0
0.0210456 0.000926907 0.0
0.021272 0.000861852 0.0
0.0214794 0.000793203 0.0
0.021669 0.000728145 0.0
0.0218417 0.00066243 0.0
0.0219937 0.000595403 0.0
0.0221261 0.000530525 0.0
0.0222417 0.00046671 0.0
0.0223382 0.000404943 0.0
0.022415 0.000346014 0.0
0.0224752 0.000287739 0.0
0.0225183 0.000232247 0.0
0.0225439 0.000181508 0.0
0.022554 0.000131677 0.0
0.0225489 8.37192e-05 0.0
0.0225288 4.01208e-05 0.0
0.022495 -1.07632e-06 0.0
0.0224479 -4.1106e-05 0.0
0.0223879 -7.82865e-05 0.0
0.022316 -0.000113027 0.0
0.0222327 -0.000146164 0.0
0.0221381 -0.000177405 0.0
0.022033 -0.000206829 0.0
0.021918 -0.000235027 0.0
0.0217932 -0.000261067 0.0
0.0216592 -0.000285336 0.0
0.0215167 -0.000308814 0.0
0.0213657 -0.000330777 0.0
0.021207 -0.000350048 0.0
0.0210415 -0.000368339 0.0
0.0208687 -0.000385886 0.0
0.0206895 -0.000401101 0.0
0.0205053 -0.000414426 0.0
0.0203155 -0.000427145 0.0
0.0201202 -0.000438296 0.0
0.0199213 -0.000448108 0.0
0.0197187 -0.000456469 0.0
0.0195118 -0.000463415 0.0
0.0193019 -0.000470094 0.0
0.0190898 -0.000475604 0.0
0.018875 -0.000478896 0.0
0.0186579 -0.000482018 0.0
0.0184393 -0.000485213 0.0
0.0182195 -0.000486198 0.0
0.0179987 -0.000486041 0.0
0.0177768 -0.000486408 0.0
0.0175545 -0.000485751 0.0
0.0173324 -0.000483561 0.0
0.0171104 -0.000481172 0.0
0.0168882 -0.000478522 0.0
0.0166669 -0.000475225 0.0
0.0164467 -0.000471096 0.0
0.0162271 -0.000466453 0.0
0.0160086 -0.000461989 0.0
0.0157916 -0.000457103 0.0
0.0155761 -0.000451156 0.0
0.0153621 -0.000445453 0.0
0.0151497 -0.000439951 0.0
0.0149392 -0.000433462 0.0
0.0147307 -0.000426801 0.0
0.0145241 -0.000420522 0.0
0.0143195 -0.000413708 0.0
0.0141173 -0.000406439 0.0
0.0139172 -0.000399325 0.0
0.0137195 -0.000392044 0.0
0.0135243 -0.000384309 0.0
0.0133316 -0.000376376 0.0
0.0131415 -0.000368404 0.0
0.0129542 -0.000360156 0.0
0.0127698 -0.000351459 0.0
0.0125883 -0.000342578 0.0
0.0124098 -0.000333625 0.0
0.0122346 -0.000324215 0.0
0.0120627 -0.00031436 0.0
0.0118942 -0.000304424 0.0
0.0117293 -0.000294252 0.0
0.0115682 -0.00028352 0.0
0.0114109 -0.000272508 0.0
0.0112575 -0.000261411 0.0
0.0111083 -0.00024993 0.0
0.0109635 -0.00023803 0.0
0.0108229 -0.000226026 0.0
0.0106867 -0.000213877 0.0
0.0105553 -0.000201419 0.0
0.0104287 -0.000188839 0.0
0.0103066 -0.000176255 0.0
0.0101893 -0.000163567 0.0
0.0100771 -0.000150883 0.0
0.00996965 -0.00013833 0.0
0.0098669 -0.000125814 0.0
0.0097691 -0.000113456 0.0
0.00967624 -0.000101435 0.0
0.00958794 -8.96002e-05 0.0
0.00950419 -7.7971e-05 0.0
0.00942514 -6.68411e-05 0.0
0.00935055 -5.61165e-05 0.0
0.0092801 -4.56342e-05 0.0
0.00921382 -3.56401e-05 0.0
0.00915165 -2.62414e-05 0.0
0.00909328 -1.72064e-05 0.0
0.00903852 -8.57597e-06 0.0
0.00898728 -5.55634e-07 0.0
0.00893943 6.9478e-06 0.0
0.00889471 1.40686e-05 0.0
0.00885293 2.06837e-05 0.0
0.00881396 2.67396e-05 0.0
0.00877767 3.2361e-05 0.0
0.00874383 3.75728e-05 0.0
0.00871223 4.22959e-05 0.0
0.0086828 4.65642e-05 0.0
0.00865539 5.04535e-05 0.0
0.00862978 5.39541e-05 0.0
0.00860582 5.70471e-05 0.0
0.00858344 5.97799e-05 0.0
0.00856251 6.21879e-05 0.0
0.00854283 6.42685e-05 0.0
0.0085243 6.60328e-05 0.0
0.00850688 6.75153e-05 0.0
0.00849042 6.87359e-05 0.0
0.00847478 6.97034e-05 0.0
0.00845992 7.04343e-05 0.0
0.00844577 7.09521e-05 0.0
0.0084322 7.1273e-05 0.0
0.00841914 7.14092e-05 0.0
0.00840655 7.13752e-05 0.0
0.00839437 7.11883e-05 0.0
0.00838252 7.08629e-05 0.0
0.00837094 7.04097e-05 0.0
0.00835961 6.98403e-05 0.0
0.00834848 6.91688e-05 0.0
0.00833749 6.84063e-05 0.0
0.00832663 6.7561e-05 0.0
0.00831585 6.66426e-05 0.0
0.00830514 6.5662e-05 0.0
0.00829445 6.46269e-05 0.0
0.00828377 6.35437e-05 0.0
0.00827309 6.24203e-05 0.0
0.00826238 6.12644e-05 0.0
0.00825164 6.0081e-05 0.0
0.00824084 5.88753e-05 0.0
0.00822999 5.76531e-05 0.0
0.00821906 5.64195e-05 0.0
0.00820806 5.51778e-05 0.0
0.00819698 5.3932e-05 0.0
0.00818582 5.2686e-05 0.0
0.00817458 5.1443e-05 0.0
0.00816324 5.02051e-05 0.0
0.00815183 4.89752e-05 0.0
0.00814033 4.77558e-05 0.0
0.00812874 4.65486e-05 0.0
0.00811708 4.53552e-05 0.0
0.00810535 4.41773e-05 0.0
0.00809354 4.30163e-05 0.0
0.00808166 4.18732e-05 0.0
0.00806972 4.0749e-05 0.0
0.00805773 3.96446e-05 0.0
0.00804568 3.85607e-05 0.0
0.0080336 3.74978e-05 0.0
0.00802147 3.64564e-05 0.0
0.00800931 3.54371e-05 0.0
0.00799713 3.444e-05 0.0
0.00798493 3.34654e-05 0.0
0.00797271 3.25135e-05 0.0
0.0079605 3.15846e-05 0.0
0.00794829 3.06786e-05 0.0
0.00793609 2.97957e-05 0.0
0.0079239 2.8936e-05 0.0
0.00791175 2.80995e-05 0.0
0.00789963 2.72863e-05 0.0
0.00788754 2.64966e-05 0.0
0.00787551 2.57303e-05 0.0
0.00786354 2.49876e-05 0.0
0.00785162 2.42687e-05 0.0
0.00783979 2.35737e-05 0.0
0.00782803 2.2903e-05 0.0
0.00781636 2.22568e-05 0.0
0.00780479 2.16355e-05 0.0
0.00779332 2.10395e-05 0.0
0.00778197 2.04694e-05 0.0
0.00777074 1.99258e-05 0.0
0.00775964 1.94093e-05 0.0
0.00774869 1.89207e-05 0.0
0.00773789 1.84611e-05 0.0
0.00772725 1.80314e-05 0.0
0.00771679 1.76324e-05 0.0
0.00770651 1.7266e-05 0.0
0.00769643 1.69333e-05 0.0
0.00768655 1.66356e-05 0.0
0.0076769 1.63742e-05 0.0
0.00766749 1.6152e-05 0.0
0.00765833 1.59693e-05 0.0
0.00764943 1.58283e-05 0.0
0.00764081 1.57306e-05 0.0
0.0076325 1.56796e-05 0.0
0.0076245 1.56729e-05 0.0
0.00761683 1.57146e-05 0.0
0.00760952 1.5804e-05 0.0
0.00760259 1.59434e-05 0.0
0.00759605 1.61234e-05 0.0
0.00758991 1.63502e-05 0.0
0.00758422 1.66125e-05 0.0
0.00757898 1.69057e-05 0.0
0.0075742 1.72009e-05 0.0
0.0075699 1.74984e-05 0.0
0.00756611 1.77508e-05 0.0
0.00756283 1.79296e-05 0.0
0.00756004 1.79382e-05 0.0
0.00755778 1.77616e-05 0.0
0.00755605 1.73935e-05 0.0
0.00755477 1.69276e-05 0.0
0.0075538 1.66656e-05 0.0
0.0 0.0 0.0
0.0 0.0 0.0
0.0188614 -0.00130399 0.0
0.0198715 -0.00276495 0.0
0.0212956 -0.00318224 0.0
0.0215718 -0.00368221 0.0
0.0207596 -0.00257707 0.0
0.0198226 -0.00233442 0.0
0.0193816 -0.00199996 0.0
0.0188264 -0.0016779 0.0
0.0179609 -0.00129548 0.0
0.0172088 -0.00112529 0.0
0.0166997 -0.000895974 0.0
0.0161425 -0.000700042 0.0
0.0155414 -0.000553977 0.0
0.0150542 -0.000446726 0.0
0.0146484 -0.000316743 0.0
0.0142209 -0.000219959 0.0
0.0138206 -0.000147915 0.0
0.0134873 -7.66306e-05 0.0
0.0131769 -4.87533e-06 0.0
0.0128676 4.64376e-05 0.0
0.0125921 9.15544e-05 0.0
0.0123487 0.00013854 0.0
0.0121142 0.00017958 0.0
0.0118913 0.000211449 0.0
0.011693 0.000243025 0.0
0.0115096 0.000273989 0.0
0.0113339 0.000299833 0.0
0.0111715 0.000322611 0.0
0.0110244 0.000345692 0.0
0.0108861 0.000367081 0.0
0.0107559 0.000385631 0.0
0.0106372 0.000403527 0.0
0.0105282 0.000421286 0.0
0.0104263 0.000437589 0.0
0.0103326 0.000452793 0.0
0.0102481 0.000468075 0.0
0.010171 0.000483004 0.0
0.0101007 0.000497189 0.0
0.0100387 0.000511298 0.0
0.00998441 0.000525648 0.0
0.00993686 0.000539801 0.0
0.00989688 0.000553957 0.0
0.00986516 0.000568516 0.0
0.00984076 0.000583443 0.0
0.00982383 0.000598621 0.0
0.00981565 0.000614254 0.0
0.00981603 0.000630508 0.0
0.00982444 0.000647569 0.0
0.00984204 0.000665142 0.0
0.00986959 0.000683197 0.0
0.00990664 0.000702453 0.0
0.00995364 0.00072286 0.0
0.0100116 0.000743211 0.0
0.0100808 0.000764474 0.0
0.0101616 0.000787722 0.0
0.0102543 0.00081108 0.0
0.0103592 0.000833872 0.0
0.0104774 0.000858837 0.0
0.0106093 0.000884801 0.0
0.0107537 0.000909042 0.0
0.0109115 0.000933651 0.0
0.0110847 0.000960154 0.0
0.0112715 0.000984754 0.0
0.0114702 0.00100745 0.0
0.0116837 0.00103084 0.0
0.0119117 0.00105304 0.0
0.0121505 0.00107184 0.0
0.0124003 0.00108917 0.0
0.0126636 0.00110456 0.0
0.0129366 0.00111653 0.0
0.0132165 0.00112559 0.0
0.0135048 0.0011309 0.0
0.0138011 0.00113212 0.0
0.0141005 0.0011307 0.0
0.0144021 0.00112502 0.0
0.0147064 0.00111305 0.0
0.0150106 0.00109882 0.0
0.0153118 0.00108206 0.0
0.0156096 0.00105826 0.0
0.0159016 0.00103008 0.0
0.0161867 0.00100236 0.0
0.0164642 0.000969111 0.0
0.0167299 0.000930174 0.0
0.0169834 0.000891788 0.0
0.0172268 0.000851162 0.0
0.0174556 0.000805759 0.0
0.0176669 0.000760555 0.0
0.0178647 0.000713869 0.0
0.0180471 0.000665423 0.0
0.0182109 0.000617958 0.0
0.0183573 0.000569096 0.0
0.018487 0.000519904 0.0
0.0185992 0.000473352 0.0
0.0186942 0.000426561 0.0
0.0187708 0.000379954 0.0
0.0188305 0.000336526 0.0
0.0188752 0.000294108 0.0
0.0189033 0.00025277 0.0
0.0189146 0.000214634 0.0
0.0189126 0.000177726 0.0
0.0188971 0.000142164 0.0
0.0188674 0.000110127 0.0
0.0188248 7.9325e-05 0.0
0.018771 4.93308e-05 0.0
0.0187062 2.2213e-05 0.0
0.0186305 -2.88263e-06 0.0
0.0185443 -2.76317e-05 0.0
0.018449 -5.08154e-05 0.0
0.0183454 -7.18938e-05 0.0
0.0182331 -9.19331e-05 0.0
0.0181119 -0.000111336 0.0
0.0179839 -0.000129302 0.0
0.0178494 -0.000145912 0.0
0.0177075 -0.000161354 0.0
0.0175588 -0.00017595 0.0
0.0174051 -0.000189652 0.0
0.0172463 -0.000201892 0.0
0.0170817 -0.000212584 0.0
0.0169126 -0.000223093 0.0
0.0167399 -0.000232735 0.0
0.0165635 -0.000240264 0.0
0.0163837 -0.000247212 0.0
0.0162006 -0.000254327 0.0
0.0160152 -0.000259613 0.0
0.0158283 -0.000263768 0.0
0.015639 -0.000268068 0.0
0.0154476 -0.000271449 0.0
0.0152559 -0.000273718 0.0
0.0150635 -0.000275665 0.0
0.0148697 -0.000276941 0.0
0.0146754 -0.000277582 0.0
0.0144818 -0.000277961 0.0
0.0142882 -0.000277393 0.0
0.0140944 -0.000276297 0.0
0.0139013 -0.000275363 0.0
0.0137092 -0.000273648 0.0
0.0135181 -0.000271097 0.0
0.0133278 -0.000268808 0.0
0.0131386 -0.000266252 0.0
0.0129513 -0.000262937 0.0
0.0127655 -0.000259517 0.0
0.0125809 -0.000256096 0.0
0.0123982 -0.000252378 0.0
0.0122177 -0.000248384 0.0
0.0120387 -0.000244165 0.0
0.0118616 -0.000240018 0.0
0.0116868 -0.000235761 0.0
0.0115141 -0.000231054 0.0
0.0113434 -0.000226394 0.0
0.0111749 -0.000221834 0.0
0.0110087 -0.000216844 0.0
0.0108449 -0.000211713 0.0
0.0106834 -0.000206721 0.0
0.0105243 -0.000201424 0.0
0.0103679 -0.000195869 0.0
0.0102139 -0.000190363 0.0
0.0100626 -0.000184667 0.0
0.00991409 -0.000178653 0.0
0.00976846 -0.000172577 0.0
0.00962558 -0.000166388 0.0
0.00948577 -0.000159888 0.0
0.0093492 -0.000153194 0.0
0.00921572 -0.000146422 0.0
0.00908548 -0.00013942 0.0
0.00895878 -0.000132149 0.0
0.00883562 -0.000124751 0.0
0.00871596 -0.000117244 0.0
0.00860003 -0.000109515 0.0
0.00848797 -0.0001016 0.0
0.00837976 -9.36337e-05 0.0
0.00827547 -8.56113e-05 0.0
0.00817519 -7.74356e-05 0.0
0.00807899 -6.91919e-05 0.0
0.00798691 -6.10526e-05 0.0
0.00789889 -5.29418e-05 0.0
0.00781493 -4.47556e-05 0.0
0.0077351 -3.67111e-05 0.0
0.00765937 -2.89369e-05 0.0
0.00758756 -2.12025e-05 0.0
0.00751964 -1.35499e-05 0.0
0.00745567 -6.28841e-06 0.0
0.00739545 6.98891e-07 0.0
0.00733878 7.61847e-06 0.0
0.00728567 1.42041e-05 0.0
0.00723603 2.03336e-05 0.0
0.00718961 2.62678e-05 0.0
0.00714628 3.19847e-05 0.0
0.00710595 3.72381e-05 0.0
0.00706849 4.21306e-05 0.0
0.00703369 4.68223e-05 0.0
0.00700138 5.11707e-05 0.0
0.00697147 5.50952e-05 0.0
0.00694381 5.87466e-05 0.0
0.00691823 6.21487e-05 0.0
0.00689454 6.5193e-05 0.0
0.00687267 6.79094e-05 0.0
0.0068525 7.0392e-05 0.0
0.00683383 7.2611e-05 0.0
0.00681653 7.4529e-05 0.0
0.00680054 7.61996e-05 0.0
0.00678575 7.76607e-05 0.0
0.00677198 7.88879e-05 0.0
0.00675915 7.98857e-05 0.0
0.00674721 8.06932e-05 0.0
0.00673605 8.13231e-05 0.0
0.00672552 8.17689e-05 0.0
0.00671561 8.20466e-05 0.0
0.00670624 8.21788e-05 0.0
0.00669732 8.21727e-05 0.0
0.00668876 8.20321e-05 0.0
0.00668056 8.17715e-05 0.0
0.00667265 8.14044e-05 0.0
0.00666494 8.09378e-05 0.0
0.00665741 8.03783e-05 0.0
0.00665004 7.97365e-05 0.0
0.00664277 7.9022e-05 0.0
0.00663555 7.82411e-05 0.0
0.00662839 7.73997e-05 0.0
0.00662124 7.65059e-05 0.0
0.00661407 7.55668e-05 0.0
0.00660688 7.45872e-05 0.0
0.00659963 7.3572e-05 0.0
0.00659233 7.25272e-05 0.0
0.00658494 7.14579e-05 0.0
0.00657746 7.03674e-05 0.0
0.00656989 6.92597e-05 0.0
0.00656222 6.81392e-05 0.0
0.00655443 6.70091e-05 0.0
0.00654653 6.58718e-05 0.0
0.00653851 6.47303e-05 0.0
0.00653037 6.35876e-05 0.0
0.00652211 6.24456e-05 0.0
0.00651374 6.13062e-05 0.0
0.00650524 6.01713e-05 0.0
0.00649664 5.90427e-05 0.0
0.00648792 5.79217e-05 0.0
0.00647909 5.68094e-05 0.0
0.00647016 5.57073e-05 0.0
0.00646113 5.46162e-05 0.0
0.00645201 5.35368e-05 0.0
0.0064428 5.247e-05 0.0
0.00643351 5.14164e-05 0.0
0.00642415 5.03765e-05 0.0
0.00641471 4.93508e-05 0.0
0.00640521 4.83396e-05 0.0
0.00639566 4.73434e-05 0.0
0.00638605 4.63621e-05 0.0
0.0063764 4.53962e-05 0.0
0.00636672 4.44456e-05 0.0
0.00635701 4.35107e-05 0.0
0.00634728 4.25913e-05 0.0
0.00633753 4.16877e-05 0.0
0.00632778 4.07998e-05 0.0
0.00631803 3.99277e-05 0.0
0.00630828 3.90714e-05 0.0
0.00629855 3.82309e-05 0.0
0.00628884 3.74064e-05 0.0
0.00627916 3.65977e-05 0.0
0.00626952 3.58051e-05 0.0
0.00625992 3.50285e-05 0.0
0.00625037 3.42681e-05 0.0
0.00624089 3.35241e-05 0.0
0.00623146 3.27965e-05 0.0
0.00622211 3.20857e-05 0.0
0.00621284 3.13919e-05 0.0
0.00620367 3.07155e-05 0.0
0.00619459 3.00567e-05 0.0
0.00618561 2.9416e-05 0.0
0.00617675 2.8794e-05 0.0
0.00616802 2.81911e-05 0.0
0.00615941 2.7608e-05 0.0
0.00615095 2.70455e-05 0.0
0.00614265 2.65044e-05 0.0
0.0061345 2.59851e-05 0.0
0.00612653 2.54891e-05 0.0
0.00611875 2.50171e-05 0.0
0.00611117 2.45701e-05 0.0
0.00610379 2.41486e-05 0.0
0.00609664 2.37551e-05 0.0
0.00608973 2.33892e-05 0.0
0.00608307 2.3052e-05 0.0
0.00607667 2.27442e-05 0.0
0.00607056 2.24685e-05 0.0
0.00606475 2.22202e-05 0.0
0.00605926 2.20022e-05 0.0
0.00605409 2.18127e-05 0.0
0.00604927 2.16504e-05 0.0
0.00604482 2.15012e-05 0.0
0.00604074 2.13717e-05 0.0
0.00603704 2.12422e-05 0.0
0.00603373 2.10931e-05 0.0
0.00603082 2.08924e-05 0.0
0.0060283 2.06359e-05 0.0
0.00602612 2.02207e-05 0.0
0.00602427 1.96003e-05 0.0
0.0060228 1.87928e-05 0.0
0.00602169 1.79611e-05 0.0
0.0060208 1.75762e-05 0.0
0.0 0.0 0.0
0.0 0.0 0.0
0.019709 -0.0014112 0.0
0.0208292 -0.00477949 0.0
0.0206055 -0.00318267 0.0
0.019067 -0.00249794 0.0
0.0181374 -0.00174447 0.0
0.017347 -0.00150144 0.0
0.0161643 -0.00119317 0.0
0.0151325 -0.000830465 0.0
0.014505 -0.000555261 0.0
0.0138372 -0.000435164 0.0
0.0131026 -0.000308924 0.0
0.0125427 -0.000140882 0.0
0.0121116 -4.49975e-05 0.0
0.0116461 1.02785e-05 0.0
0.0112129 8.17914e-05 0.0
0.0108742 0.000160112 0.0
0.0105646 0.000198134 0.0
0.0102502 0.00023286 0.0
0.00997773 0.000276148 0.0
0.00974585 0.00031346 0.0
0.00952065 0.000333451 0.0
0.00930633 0.000358246 0.0
0.00912084 0.000384087 0.0
0.00895148 0.000403506 0.0
0.00878761 0.000417402 0.0
0.00863751 0.000435116 0.0
0.00850392 0.000450738 0.0
0.00837802 0.00046269 0.0
0.00825912 0.0004737 0.0
0.00815162 0.000486276 0.0
0.00805348 0.00049651 0.0
0.00796104 0.000505394 0.0
0.007876 0.000514531 0.0
0.00779936 0.000523838 0.0
0.00772895 0.000531615 0.0
0.00766424 0.0005393 0.0
0.00760651 0.000547261 0.0
0.00755514 0.000554925 0.0
0.00750926 0.000561976 0.0
0.00746959 0.000569413 0.0
0.00743631 0.000576935 0.0
0.00740865 0.000584301 0.0
0.00738709 0.000591715 0.0
0.0073723 0.000599522 0.0
0.00736366 0.00060744 0.0
0.00736121 0.000615642 0.0
0.00736611 0.000624027 0.0
0.00737828 0.000632746 0.0
0.00739722 0.00064207 0.0
0.00742391 0.000651759 0.0
0.00745917 0.000661287 0.0
0.00750259 0.000671742 0.0
0.00755437 0.00068314 0.0
0.00761547 0.000694026 0.0
0.00768639 0.000704995 0.0
0.00776707 0.000717873 0.0
0.00785763 0.000730544 0.0
0.00795869 0.000741941 0.0
0.00807117 0.000754751 0.0
0.00819459 0.000768891 0.0
0.00832841 0.000780824 0.0
0.00847384 0.000792244 0.0
0.00863145 0.000805511 0.0
0.00879939 0.000817693 0.0
0.00897759 0.000826964 0.0
0.00916729 0.000836669 0.0
0.0093674 0.000846616 0.0
0.00957588 0.000853442 0.0
0.009793 0.000857784 0.0
0.0100186 0.000862144 0.0
0.0102511 0.000864817 0.0
0.0104884 0.000863417 0.0
0.0107297 0.000860064 0.0
0.0109749 0.000855822 0.0
0.0112224 0.000848275 0.0
0.0114682 0.000837096 0.0
0.0117126 0.000824783 0.0
0.0119564 0.000809576 0.0
0.012195 0.00079161 0.0
0.0124258 0.00077214 0.0
0.0126515 0.000749586 0.0
0.0128696 0.000724436 0.0
0.0130761 0.000700234 0.0
0.0132723 0.000672466 0.0
0.0134576 0.000641382 0.0
0.0136298 0.000612763 0.0
0.0137889 0.000583108 0.0
0.013934 0.000549145 0.0
0.0140638 0.000517247 0.0
0.0141803 0.000486531 0.0
0.0142818 0.000453543 0.0
0.0143667 0.00042121 0.0
0.0144378 0.000390211 0.0
0.0144949 0.000359523 0.0
0.0145362 0.000329971 0.0
0.014564 0.000300887 0.0
0.0145788 0.000272694 0.0
0.0145801 0.00024703 0.0
0.0145692 0.000221914 0.0
0.0145471 0.000197109 0.0
0.0145133 0.000174896 0.0
0.0144695 0.000154101 0.0
0.0144165 0.000133337 0.0
0.0143539 0.000114386 0.0
0.0142826 9.69475e-05 0.0
0.0142041 7.9964e-05 0.0
0.0141181 6.40152e-05 0.0
0.0140249 4.94149e-05 0.0
0.0139252 3.51987e-05 0.0
0.0138198 2.18671e-05 0.0
0.0137087 9.71155e-06 0.0
0.0135923 -1.96094e-06 0.0
0.0134707 -1.32818e-05 0.0
0.0133448 -2.32741e-05 0.0
0.013215 -3.25242e-05 0.0
0.013081 -4.15755e-05 0.0
0.012943 -4.98427e-05 0.0
0.0128028 -5.69353e-05 0.0
0.0126597 -6.36529e-05 0.0
0.0125133 -6.98636e-05 0.0
0.0123652 -7.5434e-05 0.0
0.0122158 -8.02427e-05 0.0
0.0120643 -8.42849e-05 0.0
0.0119113 -8.82165e-05 0.0
0.0117578 -9.19347e-05 0.0
0.0116036 -9.42809e-05 0.0
0.0114485 -9.63567e-05 0.0
0.0112932 -9.8949e-05 0.0
0.0111378 -0.000100488 0.0
0.0109827 -0.000101011 0.0
0.0108278 -0.000102067 0.0
0.0106731 -0.000102948 0.0
0.0105192 -0.000102708 0.0
0.0103664 -0.000102362 0.0
0.0102142 -0.000102154 0.0
0.0100629 -0.000101521 0.0
0.00991326 -0.000100442 0.0
0.00976478 -9.91298e-05 0.0
0.00961751 -9.78505e-05 0.0
0.00947186 -9.65172e-05 0.0
0.00932781 -9.45838e-05 0.0
0.00918538 -9.25676e-05 0.0
0.00904461 -9.09024e-05 0.0
0.00890551 -8.87929e-05 0.0
0.0087683 -8.62939e-05 0.0
0.00863294 -8.41628e-05 0.0
0.00849928 -8.1915e-05 0.0
0.00836756 -7.92383e-05 0.0
0.00823786 -7.66696e-05 0.0
0.00810998 -7.41714e-05 0.0
0.00798408 -7.14085e-05 0.0
0.00786026 -6.85145e-05 0.0
0.00773842 -6.56723e-05 0.0
0.00761865 -6.27718e-05 0.0
0.00750108 -5.96548e-05 0.0
0.00738562 -5.6419e-05 0.0
0.00727234 -5.32573e-05 0.0
0.00716142 -4.99653e-05 0.0
0.00705282 -4.63913e-05 0.0
0.00694653 -4.282e-05 0.0
0.00684273 -3.9297e-05 0.0
0.00674151 -3.54939e-05 0.0
0.00664284 -3.15035e-05 0.0
0.00654677 -2.76047e-05 0.0
0.00645349 -2.36122e-05 0.0
0.00636306 -1.93406e-05 0.0
0.00627544 -1.50383e-05 0.0
0.0061907 -1.07882e-05 0.0
0.00610904 -6.37839e-06 0.0
0.00603045 -1.83409e-06 0.0
0.00595486 2.66405e-06 0.0
0.00588237 7.16498e-06 0.0
0.00581317 1.17344e-05 0.0
0.00574709 1.62936e-05 0.0
0.00568406 2.08133e-05 0.0
0.00562426 2.528e-05 0.0
0.00556769 2.96588e-05 0.0
0.00551411 3.39971e-05 0.0
0.0054635 3.82651e-05 0.0
0.00541602 4.23246e-05 0.0
0.00537147 4.62554e-05 0.0
0.00532962 5.01527e-05 0.0
0.00529055 5.38368e-05 0.0
0.00525423 5.72518e-05 0.0
0.0052204 6.05935e-05 0.0
0.00518893 6.3808e-05 0.0
0.00515984 6.67162e-05 0.0
0.00513299 6.94254e-05 0.0
0.00510819 7.20529e-05 0.0
0.00508533 7.44539e-05 0.0
0.00506435 7.65818e-05 0.0
0.00504512 7.85731e-05 0.0
0.00502748 8.04295e-05 0.0
0.0050113 8.20442e-05 0.0
0.00499655 8.34595e-05 0.0
0.0049831 8.47542e-05 0.0
0.00497078 8.58873e-05 0.0
0.00495952 8.682e-05 0.0
0.00494927 8.76082e-05 0.0
0.00493992 8.82783e-05 0.0
0.00493133 8.87984e-05 0.0
0.00492345 8.91692e-05 0.0
0.00491624 8.94287e-05 0.0
0.00490958 8.95813e-05 0.0
0.00490339 8.96139e-05 0.0
0.00489764 8.95384e-05 0.0
0.00489228 8.93758e-05 0.0
0.00488722 8.91263e-05 0.0
0.0048824 8.87882e-05 0.0
0.00487783 8.83728e-05 0.0
0.00487343 8.78918e-05 0.0
0.00486915 8.73461e-05 0.0
0.00486496 8.67381e-05 0.0
0.00486086 8.60766e-05 0.0
0.00485679 8.53688e-05 0.0
0.00485271 8.46162e-05 0.0
0.00484863 8.38221e-05 0.0
0.00484453 8.29931e-05 0.0
0.00484036 8.21338e-05 0.0
0.00483613 8.12457e-05 0.0
0.00483182 8.03322e-05 0.0
0.00482742 7.93981e-05 0.0
0.00482291 7.84461e-05 0.0
0.0048183 7.74778e-05 0.0
0.00481357 7.6496e-05 0.0
0.00480872 7.5504e-05 0.0
0.00480374 7.45036e-05 0.0
0.00479864 7.34958e-05 0.0
0.00479342 7.24832e-05 0.0
0.00478806 7.14678e-05 0.0
0.00478258 7.04504e-05 0.0
0.00477697 6.94324e-05 0.0
0.00477124 6.84153e-05 0.0
0.00476539 6.74002e-05 0.0
0.00475942 6.63879e-05 0.0
0.00475334 6.53792e-05 0.0
0.00474715 6.43752e-05 0.0
0.00474085 6.33764e-05 0.0
0.00473446 6.23833e-05 0.0
0.00472797 6.13966e-05 0.0
0.0047214 6.04167e-05 0.0
0.00471474 5.94441e-05 0.0
0.004708 5.84789e-05 0.0
0.0047012 5.75217e-05 0.0
0.00469433 5.65725e-05 0.0
0.0046874 5.56317e-05 0.0
0.00468041 5.46993e-05 0.0
0.00467338 5.37756e-05 0.0
0.00466631 5.28606e-05 0.0
0.00465921 5.19545e-05 0.0
0.00465208 5.10572e-05 0.0
0.00464493 5.0169e-05 0.0
0.00463776 4.92897e-05 0.0
0.00463058 4.84195e-05 0.0
0.0046234 4.75584e-05 0.0
0.00461622 4.67064e-05 0.0
0.00460905 4.58636e-05 0.0
0.00460189 4.50299e-05 0.0
0.00459476 4.42055e-05 0.0
0.00458765 4.33903e-05 0.0
0.00458058 4.25845e-05 0.0
0.00457354 4.17881e-05 0.0
0.00456656 4.10013e-05 0.0
0.00455962 4.0224e-05 0.0
0.00455274 3.94566e-05 0.0
0.00454593 3.8699e-05 0.0
0.00453919 3.79517e-05 0.0
0.00453252 3.72146e-05 0.0
0.00452595 3.64883e-05 0.0
0.00451946 3.57725e-05 0.0
0.00451308 3.50683e-05 0.0
0.0045068 3.43755e-05 0.0
0.00450064 3.36948e-05 0.0
0.00449461 3.3026e-05 0.0
0.0044887 3.23707e-05 0.0
0.00448294 3.17282e-05 0.0
0.00447734 3.10998e-05 0.0
0.00447189 3.04852e-05 0.0
0.00446662 2.98866e-05 0.0
0.00446153 2.93017e-05 0.0
0.00445664 2.87335e-05 0.0
0.00445196 2.81804e-05 0.0
0.00444749 2.76453e-05 0.0
0.00444326 2.71224e-05 0.0
0.00443927 2.6618e-05 0.0
0.00443553 2.61261e-05 0.0
0.00443207 2.56487e-05 0.0
0.00442889 2.5174e-05 0.0
0.00442598 2.47105e-05 0.0
0.00442337 2.42394e-05 0.0
0.00442106 2.37549e-05 0.0
0.00441901 2.32245e-05 0.0
0.00441722 2.26453e-05 0.0
0.0044157 2.19647e-05 0.0
0.00441433 2.11325e-05 0.0
0.00441304 2.00376e-05 0.0
0.00441192 1.89179e-05 0.0
0.00441099 1.84753e-05 0.0
0.0 0.0 0.0
0.0 0.0 0.0
0.0197289 -0.00300724 0.0
0.0199042 -0.00394099 0.0
0.017348 -0.00139651 0.0
0.0145255 -0.000496397 0.0
0.0131567 -0.00100106 0.0
0.0123373 -0.000434711 0.0
0.0112387 -7.63264e-05 0.0
0.0102595 3.33606e-07 0.0
0.00967144 -1.64865e-05 0.0
0.00914603 0.000238467 0.0
0.00858818 0.000274187 0.0
0.00815449 0.000287483 0.0
0.00783135 0.000329546 0.0
0.00750181 0.000419464 0.0
0.00719278 0.000410394 0.0
0.00695158 0.000430718 0.0
0.00673889 0.000461814 0.0
0.00652543 0.00048957 0.0
0.00633803 0.000484558 0.0
0.00618105 0.000503871 0.0
0.00603157 0.000519246 0.0
0.00588884 0.000527874 0.0
0.00576491 0.000529326 0.0
0.00565369 0.000542592 0.0
0.00554665 0.00054905 0.0
0.00544817 0.000553077 0.0
0.00536099 0.000556926 0.0
0.00527977 0.000564683 0.0
0.00520298 0.000567591 0.0
0.00513357 0.000570768 0.0
0.00507078 0.00057454 0.0
0.00501194 0.000578891 0.0
0.00495772 0.000580812 0.0
0.00490923 0.000583743 0.0
0.00486512 0.000586748 0.0
0.00482459 0.000589453 0.0
0.00478863 0.000591338 0.0
0.00475724 0.000594046 0.0
0.00472944 0.000596425 0.0
0.00470546 0.000598617 0.0
0.00468605 0.000600756 0.0
0.00467069 0.000603282 0.0
0.00465897 0.00060548 0.0
0.0046517 0.000607818 0.0
0.00464916 0.000610212 0.0
0.00465071 0.000612792 0.0
0.00465668 0.000615315 0.0
0.00466791 0.000617966 0.0
0.00468419 0.000620638 0.0
0.00470534 0.000623753 0.0
0.00473207 0.000626698 0.0
0.00476474 0.000629533 0.0
0.00480336 0.000632878 0.0
0.00484813 0.000636632 0.0
0.00489929 0.000639489 0.0
0.00495735 0.000642745 0.0
0.0050228 0.000646908 0.0
0.00509506 0.000650368 0.0
0.00517428 0.000652897 0.0
0.00526189 0.000656761 0.0
0.00535746 0.000660477 0.0
0.00545946 0.000662646 0.0
0.00556938 0.000664908 0.0
0.00568822 0.00066794 0.0
0.0058136 0.000669469 0.0
0.00594488 0.000670005 0.0
0.00608432 0.000670587 0.0
0.00623057 0.000670466 0.0
0.00638088 0.000669173 0.0
0.00653617 0.000666694 0.0
0.00669724 0.000663122 0.0
0.0068611 0.000659125 0.0
0.00702637 0.000654043 0.0
0.00719389 0.000646107 0.0
0.00736245 0.000638 0.0
0.00752972 0.000630004 0.0
0.00769528 0.000619077 0.0
0.00785821 0.000605723 0.0
0.0080174 0.000594273 0.0
0.00817235 0.000580984 0.0
0.00832095 0.0005644 0.0
0.008462 0.000548411 0.0
0.00859713 0.000533177 0.0
0.00872437 0.000514718 0.0
0.00884053 0.000496393 0.0
0.0089481 0.000478367 0.0
0.00904743 0.000459068 0.0
0.00913504 0.000440081 0.0
0.00921153 0.000421158 0.0
0.00927863 0.00040082 0.0
0.00933494 0.000382165 0.0
0.00938037 0.000363934 0.0
0.00941515 0.000344271 0.0
0.00943959 0.00032606 0.0
0.00945486 0.000309085 0.0
0.00946054 0.000291467 0.0
0.00945597 0.000274846 0.0
0.00944347 0.000259321 0.0
0.00942361 0.000243643 0.0
0.00939517 0.000229447 0.0
0.00935931 0.000215972 0.0
0.00931768 0.00020217 0.0
0.00926983 0.000189702 0.0
0.00921594 0.000178625 0.0
0.00915682 0.00016694 0.0
0.00909305 0.000155876 0.0
0.00902499 0.000146189 0.0
0.00895271 0.000136839 0.0
0.00887623 0.000127306 0.0
0.00879648 0.000118665 0.0
0.0087139 0.00011064 0.0
0.00862794 0.00010304 0.0
0.00853883 9.56416e-05 0.0
0.00844771 8.86521e-05 0.0
0.00835451 8.2185e-05 0.0
0.00825876 7.65821e-05 0.0
0.00816112 7.08258e-05 0.0
0.00806226 6.52216e-05 0.0
0.00796198 6.06979e-05 0.0
0.00786037 5.67067e-05 0.0
0.00775774 5.20724e-05 0.0
0.00765438 4.82191e-05 0.0
0.00755074 4.53285e-05 0.0
0.0074466 4.21377e-05 0.0
0.00734175 3.89698e-05 0.0
0.00723716 3.6651e-05 0.0
0.00713309 3.44513e-05 0.0
0.00702862 3.2378e-05 0.0
0.00692425 3.0617e-05 0.0
0.00682094 2.8927e-05 0.0
0.00671814 2.76618e-05 0.0
0.00661549 2.67927e-05 0.0
0.00651374 2.56298e-05 0.0
0.00641308 2.46911e-05 0.0
0.00631323 2.45217e-05 0.0
0.00621419 2.41366e-05 0.0
0.00611617 2.35405e-05 0.0
0.00601945 2.35524e-05 0.0
0.00592396 2.38256e-05 0.0
0.00582937 2.38091e-05 0.0
0.00573601 2.39323e-05 0.0
0.00564425 2.43833e-05 0.0
0.00555363 2.49537e-05 0.0
0.00546409 2.53942e-05 0.0
0.00537608 2.58598e-05 0.0
0.00528951 2.66806e-05 0.0
0.00520411 2.75505e-05 0.0
0.00512007 2.816e-05 0.0
0.00503749 2.90303e-05 0.0
0.00495631 3.01742e-05 0.0
0.00487645 3.1077e-05 0.0
0.00479798 3.20187e-05 0.0
0.00472104 3.32788e-05 0.0
0.00464552 3.4472e-05 0.0
0.00457137 3.55769e-05 0.0
0.0044988 3.69135e-05 0.0
0.00442781 3.83236e-05 0.0
0.00435824 3.96514e-05 0.0
0.00429026 4.1076e-05 0.0
0.00422402 4.26503e-05 0.0
0.00415939 4.42023e-05 0.0
0.00409634 4.5761e-05 0.0
0.00403512 4.74425e-05 0.0
0.00397574 4.9195e-05 0.0
0.00391807 5.09164e-05 0.0
0.00386224 5.26843e-05 0.0
0.0038084 5.45596e-05 0.0
0.00375649 5.64458e-05 0.0
0.00370647 5.82895e-05 0.0
0.00365846 6.0204e-05 0.0
0.00361252 6.21889e-05 0.0
0.00356861 6.41018e-05 0.0
0.0035267 6.59779e-05 0.0
0.00348684 6.79476e-05 0.0
0.00344907 6.98915e-05 0.0
0.00341335 7.16882e-05 0.0
0.00337957 7.35114e-05 0.0
0.00334777 7.53923e-05 0.0
0.00331799 7.71035e-05 0.0
0.0032901 7.86956e-05 0.0
0.00326399 8.03753e-05 0.0
0.00323971 8.19681e-05 0.0
0.00321722 8.33377e-05 0.0
0.00319635 8.47009e-05 0.0
0.00317703 8.60858e-05 0.0
0.00315929 8.72635e-05 0.0
0.00314302 8.83051e-05 0.0
0.00312806 8.93735e-05 0.0
0.0031144 9.03449e-05 0.0
0.00310197 9.11228e-05 0.0
0.00309068 9.18499e-05 0.0
0.00308042 9.25495e-05 0.0
0.00307114 9.31073e-05 0.0
0.00306277 9.35421e-05 0.0
0.00305525 9.39428e-05 0.0
0.00304847 9.42683e-05 0.0
0.00304237 9.44747e-05 0.0
0.00303693 9.4606e-05 0.0
0.00303206 9.46899e-05 0.0
0.00302767 9.46917e-05 0.0
0.00302373 9.46104e-05 0.0
0.00302022 9.44725e-05 0.0
0.00301706 9.42811e-05 0.0
0.00301417 9.40233e-05 0.0
0.00301156 9.37071e-05 0.0
0.00300919 9.33425e-05 0.0
0.00300699 9.29312e-05 0.0
0.00300492 9.24713e-05 0.0
0.00300299 9.19673e-05 0.0
0.00300116 9.14241e-05 0.0
0.00299937 9.08456e-05 0.0
0.00299762 9.02315e-05 0.0
0.00299591 8.95841e-05 0.0
0.00299419 8.89079e-05 0.0
0.00299244 8.82065e-05 0.0
0.00299067 8.7479e-05 0.0
0.00298885 8.67277e-05 0.0
0.00298697 8.59571e-05 0.0
0.00298502 8.51687e-05 0.0
0.00298299 8.4362e-05 0.0
0.00298089 8.35398e-05 0.0
0.00297868 8.27052e-05 0.0
0.00297639 8.18586e-05 0.0
0.00297399 8.10001e-05 0.0
0.0029715 8.01326e-05 0.0
0.0029689 7.92577e-05 0.0
0.00296619 7.83753e-05 0.0
0.00296339 7.74864e-05 0.0
0.00296047 7.65929e-05 0.0
0.00295746 7.56955e-05 0.0
0.00295434 7.47943e-05 0.0
0.00295112 7.38903e-05 0.0
0.00294781 7.29849e-05 0.0
0.0029444 7.20782e-05 0.0
0.0029409 7.11704e-05 0.0
0.00293731 7.02626e-05 0.0
0.00293364 6.93553e-05 0.0
0.00292989 6.84486e-05 0.0
0.00292606 6.75429e-05 0.0
0.00292216 6.66388e-05 0.0
0.00291819 6.57365e-05 0.0
0.00291415 6.48362e-05 0.0
0.00291006 6.39382e-05 0.0
0.00290591 6.30428e-05 0.0
0.00290171 6.21502e-05 0.0
0.00289747 6.12604e-05 0.0
0.00289318 6.03738e-05 0.0
0.00288885 5.94905e-05 0.0
0.00288449 5.86104e-05 0.0
0.00288011 5.77338e-05 0.0
0.0028757 5.68608e-05 0.0
0.00287127 5.59914e-05 0.0
0.00286682 5.51258e-05 0.0
0.00286236 5.42638e-05 0.0
0.0028579 5.34058e-05 0.0
0.00285343 5.25516e-05 0.0
0.00284897 5.17014e-05 0.0
0.00284451 5.08551e-05 0.0
0.00284006 5.00128e-05 0.0
0.00283562 4.91746e-05 0.0
0.00283121 4.83406e-05 0.0
0.00282681 4.75105e-05 0.0
0.00282245 4.66848e-05 0.0
0.00281811 4.58632e-05 0.0
0.00281381 4.50461e-05 0.0
0.00280955 4.42331e-05 0.0
0.00280533 4.34248e-05 0.0
0.00280117 4.26206e-05 0.0
0.00279706 4.18214e-05 0.0
0.002793 4.10265e-05 0.0
0.00278901 4.02369e-05 0.0
0.00278509 3.94513e-05 0.0
0.00278124 3.86716e-05 0.0
0.00277748 3.78962e-05 0.0
0.0027738 3.71271e-05 0.0
0.00277021 3.63617e-05 0.0
0.00276672 3.56039e-05 0.0
0.00276334 3.48498e-05 0.0
0.00276006 3.4103e-05 0.0
0.00275691 3.33597e-05 0.0
0.00275389 3.26264e-05 0.0
0.002751 3.18942e-05 0.0
0.00274825 3.1171e-05 0.0
0.00274566 3.04507e-05 0.0
0.00274322 2.97413e-05 0.0
0.00274095 2.90265e-05 0.0
0.00273885 2.83234e-05 0.0
0.00273694 2.76198e-05 0.0
0.0027352 2.69183e-05 0.0
0.00273365 2.61968e-05 0.0
0.00273228 2.54892e-05 0.0
0.00273107 2.47529e-05 0.0
0.00273001 2.39662e-05 0.0
0.00272907 2.31339e-05 0.0
0.00272815 2.22814e-05 0.0
0.00272713 2.12108e-05 0.0
0.00272603 2.00082e-05 0.0
0.00272505 1.93592e-05 0.0
0.0 0.0 0.0
0.0 0.0 0.0
0.0134094 -0.00131036 0.0
0.00813349 -0.000644144 0.0
0.00656423 0.000579099 0.0
0.00655222 0.00091189 0.0
0.00568031 0.000114973 0.0
0.00457871 0.000422505 0.0
0.0042829 0.000651073 0.0
0.00407133 0.000610932 0.0
0.00363437 0.000452555 0.0
0.00332715 0.000607404 0.0
0.00322061 0.000629096 0.0
0.0030457 0.000586169 0.0
0.00283963 0.000567746 0.0
0.00272552 0.000630707 0.0
0.00264576 0.000614284 0.0
0.00252745 0.000599304 0.0
0.00242674 0.000606907 0.0
0.00236489 0.00062664 0.0
0.00229986 0.000611804 0.0
0.0022254 0.000611077 0.0
0.00216981 0.000617875 0.0
0.0021258 0.000621398 0.0
0.00207658 0.00061375 0.0
0.00202986 0.000616714 0.0
0.00199403 0.000619309 0.0
0.00196019 0.000618439 0.0
0.00192501 0.000615622 0.0
0.00189454 0.000618044 0.0
0.00186893 0.000618077 0.0
0.00184341 0.000616844 0.0
0.0018191 0.000616132 0.0
0.00179849 0.00061717 0.0
0.00177983 0.000616296 0.0
0.00176167 0.000615553 0.0
0.00174557 0.000615345 0.0
0.00173183 0.000615327 0.0
0.00171912 0.000614415 0.0
0.00170762 0.000614011 0.0
0.0016982 0.000613607 0.0
0.00169029 0.000613074 0.0
0.00168344 0.000612406 0.0
0.00167837 0.000611952 0.0
0.00167512 0.000611195 0.0
0.00167309 0.000610623 0.0
0.00167264 0.000610043 0.0
0.00167428 0.000609202 0.0
0.00167753 0.000608338 0.0
0.00168229 0.000607877 0.0
0.00168924 0.000606908 0.0
0.00169833 0.000605738 0.0
0.00170922 0.000605071 0.0
0.00172227 0.000604263 0.0
0.0017378 0.000602635 0.0
0.0017557 0.000601586 0.0
0.00177601 0.000600759 0.0
0.00179882 0.000598976 0.0
0.00182433 0.000597086 0.0
0.00185283 0.000596074 0.0
0.00188406 0.000594144 0.0
0.00191777 0.000591482 0.0
0.00195474 0.000589548 0.0
0.001995 0.000587546 0.0
0.00203762 0.000584134 0.0
0.00208282 0.000580918 0.0
0.00213159 0.000578151 0.0
0.002183 0.000574324 0.0
0.00223613 0.000569612 0.0
0.00229175 0.00056539 0.0
0.00235028 0.000560902 0.0
0.00241018 0.000555019 0.0
0.00247083 0.000548868 0.0
0.00253323 0.000543081 0.0
0.00259718 0.000536352 0.0
0.00266057 0.000528266 0.0
0.00272349 0.000520836 0.0
0.00278712 0.000512933 0.0
0.00284996 0.000503578 0.0
0.00291039 0.000494263 0.0
0.00296963 0.000485352 0.0
0.00302746 0.000474566 0.0
0.00308224 0.00046419 0.0
0.00313428 0.000454191 0.0
0.00318342 0.000442486 0.0
0.00322892 0.000430857 0.0
0.00327139 0.000420761 0.0
0.00331004 0.00040839 0.0
0.00334372 0.000395931 0.0
0.00337425 0.00038551 0.0
0.00340122 0.000373716 0.0
0.00342276 0.000360863 0.0
0.00344023 0.000350055 0.0
0.00345457 0.000338954 0.0
0.00346428 0.000326969 0.0
0.0034698 0.000315999 0.0
0.00347186 0.000305316 0.0
0.00347023 0.000294594 0.0
0.0034653 0.000284371 0.0
0.00345723 0.000274132 0.0
0.00344563 0.000264287 0.0
0.00343158 0.000255321 0.0
0.00341539 0.000245945 0.0
0.00339628 0.00023686 0.0
0.00337475 0.000228798 0.0
0.00335179 0.000220695 0.0
0.00332699 0.000212425 0.0
0.00330016 0.000205131 0.0
0.00327174 0.000198024 0.0
0.00324217 0.000190824 0.0
0.00321139 0.000184178 0.0
0.00317922 0.00017803 0.0
0.0031457 0.000171674 0.0
0.00311149 0.00016583 0.0
0.00307664 0.000160472 0.0
0.00304059 0.000155078 0.0
0.00300356 0.000149813 0.0
0.00296642 0.00014528 0.0
0.00292889 0.00014075 0.0
0.00289034 0.000136256 0.0
0.00285146 0.000132233 0.0
0.00281282 0.000128539 0.0
0.00277379 0.000124816 0.0
0.00273426 0.000121438 0.0
0.00269485 0.000118188 0.0
0.00265562 0.000115212 0.0
0.00261634 0.000112547 0.0
0.00257696 0.000109778 0.0
0.00253767 0.000107177 0.0
0.0024988 0.0001052 0.0
0.00246017 0.000103069 0.0
0.00242142 0.000100783 0.0
0.00238302 9.91501e-05 0.0
0.0023453 9.76892e-05 0.0
0.00230771 9.59012e-05 0.0
0.00227025 9.44448e-05 0.0
0.00223345 9.33752e-05 0.0
0.00219717 9.21662e-05 0.0
0.00216116 9.10328e-05 0.0
0.00212559 9.01059e-05 0.0
0.00209058 8.93034e-05 0.0
0.00205612 8.85952e-05 0.0
0.00202213 8.78723e-05 0.0
0.00198853 8.72328e-05 0.0
0.00195552 8.68747e-05 0.0
0.00192317 8.64482e-05 0.0
0.00189119 8.59583e-05 0.0
0.00185968 8.57636e-05 0.0
0.00182886 8.56251e-05 0.0
0.00179855 8.53482e-05 0.0
0.00176867 8.52507e-05 0.0
0.00173938 8.52916e-05 0.0
0.00171067 8.52537e-05 0.0
0.00168246 8.52689e-05 0.0
0.00165479 8.541e-05 0.0
0.0016277 8.55707e-05 0.0
0.00160116 8.57273e-05 0.0
0.0015752 8.59414e-05 0.0
0.00154979 8.62311e-05 0.0
0.00152498 8.6543e-05 0.0
0.00150078 8.68333e-05 0.0
0.00147716 8.71932e-05 0.0
0.00145418 8.76261e-05 0.0
0.00143184 8.80244e-05 0.0
0.00141013 8.84199e-05 0.0
0.00138908 8.89151e-05 0.0
0.00136873 8.94155e-05 0.0
0.00134906 8.98636e-05 0.0
0.00133007 9.03655e-05 0.0
0.00131182 9.09216e-05 0.0
0.00129429 9.1426e-05 0.0
0.00127748 9.19266e-05 0.0
0.00126142 9.24789e-05 0.0
0.00124613 9.30059e-05 0.0
0.00123155 9.35008e-05 0.0
0.00121773 9.4024e-05 0.0
0.00120469 9.45259e-05 0.0
0.00119235 9.49833e-05 0.0
0.00118073 9.54621e-05 0.0
0.00116988 9.59165e-05 0.0
0.00115972 9.63002e-05 0.0
0.0011502 9.66973e-05 0.0
0.00114138 9.70948e-05 0.0
0.00113324 9.7394e-05 0.0
0.00112568 9.7673e-05 0.0
0.0011187 9.79815e-05 0.0
0.00111233 9.82071e-05 0.0
0.00110651 9.83572e-05 0.0
0.00110117 9.85398e-05 0.0
0.00109631 9.86836e-05 0.0
0.00109194 9.87265e-05 0.0
0.00108799 9.87619e-05 0.0
0.00108441 9.88023e-05 0.0
0.00108121 9.87543e-05 0.0
0.00107837 9.86559e-05 0.0
0.00107584 9.85687e-05 0.0
0.00107357 9.84344e-05 0.0
0.00107157 9.82254e-05 0.0
0.00106983 9.80087e-05 0.0
0.00106829 9.77773e-05 0.0
0.00106693 9.7481e-05 0.0
0.00106574 9.71479e-05 0.0
0.00106473 9.68129e-05 0.0
0.00106383 9.64379e-05 0.0
0.00106302 9.60131e-05 0.0
0.00106233 9.55758e-05 0.0
0.00106174 9.51231e-05 0.0
0.00106118 9.46261e-05 0.0
0.00106068 9.41021e-05 0.0
0.00106024 9.357e-05 0.0
0.00105983 9.3012e-05 0.0
0.00105942 9.24204e-05 0.0
0.00105903 9.1816e-05 0.0
0.00105866 9.11992e-05 0.0
0.00105827 9.05559e-05 0.0
0.00105786 8.98923e-05 0.0
0.00105745 8.92203e-05 0.0
0.00105701 8.85327e-05 0.0
0.00105654 8.78247e-05 0.0
0.00105604 8.71052e-05 0.0
0.00105551 8.63774e-05 0.0
0.00105495 8.56348e-05 0.0
0.00105434 8.48787e-05 0.0
0.00105369 8.41155e-05 0.0
0.001053 8.33438e-05 0.0
0.00105227 8.25604e-05 0.0
0.00105149 8.17691e-05 0.0
0.00105068 8.09723e-05 0.0
0.00104981 8.01678e-05 0.0
0.0010489 7.93556e-05 0.0
0.00104795 7.85386e-05 0.0
0.00104696 7.7717e-05 0.0
0.00104592 7.68896e-05 0.0
0.00104485 7.60575e-05 0.0
0.00104373 7.52224e-05 0.0
0.00104258 7.43836e-05 0.0
0.00104138 7.35412e-05 0.0
0.00104016 7.26961e-05 0.0
0.00103889 7.1849e-05 0.0
0.0010376 7.09994e-05 0.0
0.00103627 7.01478e-05 0.0
0.00103492 6.92949e-05 0.0
0.00103354 6.84408e-05 0.0
0.00103213 6.75854e-05 0.0
0.00103069 6.67292e-05 0.0
0.00102924 6.58725e-05 0.0
0.00102776 6.50153e-05 0.0
0.00102627 6.41577e-05 0.0
0.00102476 6.33002e-05 0.0
0.00102323 6.24427e-05 0.0
0.00102169 6.15853e-05 0.0
0.00102013 6.07283e-05 0.0
0.00101857 5.98718e-05 0.0
0.001017 5.90158e-05 0.0
0.00101542 5.81604e-05 0.0
0.00101384 5.73058e-05 0.0
0.00101225 5.6452e-05 0.0
0.00101066 5.55991e-05 0.0
0.00100907 5.47471e-05 0.0
0.00100748 5.38961e-05 0.0
0.00100589 5.30463e-05 0.0
0.00100431 5.21974e-05 0.0
0.00100274 5.13498e-05 0.0
0.00100117 5.05033e-05 0.0
0.000999612 4.9658e-05 0.0
0.000998064 4.88138e-05 0.0
0.000996529 4.7971e-05 0.0
0.000995008 4.71293e-05 0.0
0.000993503 4.6289e-05 0.0
0.000992016 4.54495e-05 0.0
0.000990547 4.46117e-05 0.0
0.000989101 4.37747e-05 0.0
0.000987677 4.29393e-05 0.0
0.000986278 4.21044e-05 0.0
0.000984907 4.12714e-05 0.0
0.000983565 4.04389e-05 0.0
0.000982254 3.96079e-05 0.0
0.000980977 3.8777e-05 0.0
0.000979736 3.79485e-05 0.0
0.000978534 3.71193e-05 0.0
0.000977373 3.6292e-05 0.0
0.000976255 3.54641e-05 0.0
0.000975184 3.46394e-05 0.0
0.000974164 3.38113e-05 0.0
0.000973195 3.29864e-05 0.0
0.000972281 3.21602e-05 0.0
0.000971427 3.13368e-05 0.0
0.000970633 3.05058e-05 0.0
0.000969898 2.96817e-05 0.0
0.000969232 2.88543e-05 0.0
0.000968636 2.80244e-05 0.0
0.000968097 2.71831e-05 0.0
0.000967617 2.63571e-05 0.0
0.000967213 2.55167e-05 0.0
0.000966847 2.46521e-05 0.0
0.000966477 2.37848e-05 0.0
0.000966134 2.29479e-05 0.0
0.000965795 2.20289e-05 0.0
0.000965209 2.1013e-05 0.0
0.000964411 2.02107e-05 0.0
0.0 0.0 0.0
0.0 0.0 0.0
0.0 0.0 0.0
0.0 0.0 0.0
0.0 0.0 0.0
0.0 0.0 0.0
0.0 0.0 0.0
0.0 0.0 0.0
0.0 0.0 0.0
0.0 0.0 0.0
0.0 0.0 0.0
0.0 0.0 0.0
0.0 0.0 0.0
0.0 0.0 0.0
0.0 0.0 0.0
0.0 0.0 0.0
0.0 0.0 0.0
0.0 0.0 0.0
0.0 0.0 0.0
0.0 0.0 0.0
0.0 0.0 0.0
0.0 0.0 0.0
0.0 0.0 0.0
0.0 0.0 0.0
0.0 0.0 0.0
0.0 0.0 0.0
0.0 0.0 0.0
0.0 0.0 0.0
0.0 0.0 0.0
0.0 0.0 0.0
0.0 0.0 0.0
0.0 0.0 0.0
0.0 0.0 0.0
0.0 0.0 0.0
0.0 0.0 0.0
0.0 0.0 0.0
0.0 0.0 0.0
0.0 0.0 0.0
0.0 0.0 0.0
0.0 0.0 0.0
0.0 0.0 0.0
0.0 0.0 0.0
0.0 0.0 0.0
0.0 0.0 0.0
0.0 0.0 0.0
0.0 0.0 0.0
0.0 0.0 0.0
0.0 0.0 0.0
0.0 0.0 0.0
0.0 0.0 0.0
0.0 0.0 0.0
0.0 0.0 0.0
0.0 0.0 0.0
0.0 0.0 0.0
0.0 0.0 0.0
0.0 0.0 0.0
0.0 0.0 0.0
0.0 0.0 0.0
0.0 0.0 0.0
0.0 0.0 0.0
0.0 0.0 0.0
0.0 0.0 0.0
0.0 0.0 0.0
0.0 0.0 0.0
0.0 0.0 0.0
0.0 0.0 0.0
0.0 0.0 0.0
0.0 0.0 0.0
0.0 0.0 0.0
0.0 0.0 0.0
0.0 0.0 0.0
0.0 0.0 0.0
0.0 0.0 0.0
0.0 0.0 0.0
0.0 0.0 0.0
0.0 0.0 0.0
0.0 0.0 0.0
0.0 0.0 0.0
0.0 0.0 0.0
0.0 0.0 0.0
0.0 0.0 0.0
0.0 0.0 0.0
0.0 0.0 0.0
0.0 0.0 0.0
0.0 0.0 0.0
0.0 0.0 0.0
0.0 0.0 0.0
0.0 0.0 0.0
0.0 0.0 0.0
0.0 0.0 0.0
0.0 0.0 0.0
0.0 0.0 0.0
0.0 0.0 0.0
0.0 0.0 0.0
0.0 0.0 0.0
0.0 0.0 0.0
0.0 0.0 0.0
0.0 0.0 0.0
0.0 0.0 0.0
0.0 0.0 0.0
0.0 0.0 0.0
0.0 0.0 0.0
0.0 0.0 0.0
0.0 0.0 0.0
0.0 0.0 0.0
0.0 0.0 0.0
0.0 0.0 0.0
0.0 0.0 0.0
0.0 0.0 0.0
0.0 0.0 0.0
0.0 0.0 0.0
0.0 0.0 0.0
0.0 0.0 0.0
0.0 0.0 0.0
0.0 0.0 0.0
0.0 0.0 0.0
0.0 0.0 0.0
0.0 0.0 0.0
0.0 0.0 0.0
0.0 0.0 0.0
0.0 0.0 0.0
0.0 0.0 0.0
0.0 0.0 0.0
0.0 0.0 0.0
0.0 0.0 0.0
0.0 0.0 0.0
0.0 0.0 0.0
0.0 0.0 0.0
0.0 0.0 0.0
0.0 0.0 0.0
0.0 0.0 0.0
0.0 0.0 0.0
0.0 0.0 0.0
0.0 0.0 0.0
0.0 0.0 0.0
0.0 0.0 0.0
0.0 0.0 0.0
0.0 0.0 0.0
0.0 0.0 0.0
0.0 0.0 0.0
0.0 0.0 0.0
0.0 0.0 0.0
0.0 0.0 0.0
0.0 0.0 0.0
0.0 0.0 0.0
0.0 0.0 0.0
0.0 0.0 0.0
0.0 0.0 0.0
0.0 0.0 0.0
0.0 0.0 0.0
0.0 0.0 0.0
0.0 0.0 0.0
0.0 0.0 0.0
0.0 0.0 0.0
0.0 0.0 0.0
0.0 0.0 0.0
0.0 0.0 0.0
0.0 0.0 0.0
0.0 0.0 0.0
0.0 0.0 0.0
0.0 0.0 0.0
0.0 0.0 0.0
0.0 0.0 0.0
0.0 0.0 0.0
0.0 0.0 0.0
0.0 0.0 0.0
0.0 0.0 0.0
0.0 0.0 0.0
0.0 0.0 0.0
0.0 0.0 0.0
0.0 0.0 0.0
0.0 0.0 0.0
0.0 0.0 0.0
0.0 0.0 0.0
0.0 0.0 0.0
0.0 0.0 0.0
0.0 0.0 0.0
0.0 0.0 0.0
0.0 0.0 0.0
0.0 0.0 0.0
0.0 0.0 0.0
0.0 0.0 0.0
0.0 0.0 0.0
0.0 0.0 0.0
0.0 0.0 0.0
0.0 0.0 0.0
0.0 0.0 0.0
0.0 0.0 0.0
0.0 0.0 0.0
0.0 0.0 0.0
0.0 0.0 0.0
0.0 0.0 0.0
0.0 0.0 0.0
0.0 0.0 0.0
0.0 0.0 0.0
0.0 0.0 0.0
0.0 0.0 0.0
0.0 0.0 0.0
0.0 0.0 0.0
0.0 0.0 0.0
0.0 0.0 0.0
0.0 0.0 0.0
0.0 0.0 0.0
0.0 0.0 0.0
0.0 0.0 0.0
0.0 0.0 0.0
0.0 0.0 0.0
0.0 0.0 0.0
0.0 0.0 0.0
0.0 0.0 0.0
0.0 0.0 0.0
0.0 0.0 0.0
0.0 0.0 0.0
0.0 0.0 0.0
0.0 0.0 0.0
0.0 0.0 0.0
0.0 0.0 0.0
0.0 0.0 0.0
0.0 0.0 0.0
0.0 0.0 0.0
0.0 0.0 0.0
0.0 0.0 0.0
0.0 0.0 0.0
0.0 0.0 0.0
0.0 0.0 0.0
0.0 0.0 0.0
0.0 0.0 0.0
0.0 0.0 0.0
0.0 0.0 0.0
0.0 0.0 0.0
0.0 0.0 0.0
0.0 0.0 0.0
0.0 0.0 0.0
0.0 0.0 0.0
0.0 0.0 0.0
0.0 0.0 0.0
0.0 0.0 0.0
0.0 0.0 0.0
0.0 0.0 0.0
0.0 0.0 0.0
0.0 0.0 0.0
0.0 0.0 0.0
0.0 0.0 0.0
0.0 0.0 0.0
0.0 0.0 0.0
0.0 0.0 0.0
0.0 0.0 0.0
0.0 0.0 0.0
0.0 0.0 0.0
0.0 0.0 0.0
0.0 0.0 0.0
0.0 0.0 0.0
0.0 0.0 0.0
0.0 0.0 0.0
0.0 0.0 0.0
0.0 0.0 0.0
0.0 0.0 0.0
0.0 0.0 0.0
0.0 0.0 0.0
0.0 0.0 0.0
0.0 0.0 0.0
0.0 0.0 0.0
0.0 0.0 0.0
0.0 0.0 0.0
0.0 0.0 0.0
0.0 0.0 0.0
0.0 0.0 0.0
0.0 0.0 0.0
0.0 0.0 0.0
0.0 0.0 0.0
0.0 0.0 0.0
0.0 0.0 0.0
0.0 0.0 0.0
0.0 0.0 0.0
0.0 0.0 0.0
0.0 0.0 0.0
0.0 0.0 0.0
0.0 0.0 0.0
0.0 0.0 0.0
0.0 0.0 0.0
0.0 0.0 0.0
0.0 0.0 0.0
0.0 0.0 0.0
0.0 0.0 0.0
0.0 0.0 0.0
0.0 0.0 0.0
0.0 0.0 0.0
0.0 0.0 0.0
0.0 0.0 0.0
0.0 0.0 0.0
0.0 0.0 0.0
0.0 0.0 0.0
0.0 0.0 0.0
0.0 0.0 0.0
0.0 0.0 0.0
0.0 0.0 0.0
0.0 0.0 0.0
0.0 0.0 0.0
0.0 0.0 0.0
0.0 0.0 0.0
0.0 0.0 0.0
SCALARS density double 1
LOOKUP_TABLE default
1
1
1
1
1
1
1
1
1
1
1
1
1
1
1
1
1
1
1
1
1
1
1
1
1
1
1
1
1
1
1
1
1
1
1
1
1
1
1
1
1
1
1
1
1
1
1
1
1
1
1
1
1
1
1
1
1
1
1
1
1
1
1
1
1
1
1
1
1
1
1
1
1
1
1
1
1
1
1
1
1
1
1
1
1
1
1
1
1
1
1
1
1
1
1
1
1
1
1
1
1
1
1
1
1
1
1
1
1
1
1
1
1
1
1
1
1
1
1
1
1
1
1
1
1
1
1
1
1
1
1
1
1
1
1
1
1
1
1
1
1
1
1
1
1
1
1
1
1
1
1
1
1
1
1
1
1
1
1
1
1
1
1
1
1
1
1
1
1
1
1
1
1
1
1
1
1
1
1
1
1
1
1
1
1
1
1
1
1
1
1
1
1
1
1
1
1
1
1
1
1
1
1
1
1
1
1
1
1
1
1
1
1
1
1
1
1
1
1
1
1
1
1
1
1
1
1
1
1
1
1
1
1
1
1
1
1
1
1
1
1
1
1
1
1
1
1
1
1
1
1
1
1
1
1
1
1
1
1
1
1
1
1
1
1
1
1
1
1
1
1
1
1
1
1
1
1
1
1
1
1
1
1
1
1
1
1
1
1
1
1
1
1
1
1
1
1
1
1
1
1.00357
1.00429
1.00139
1.00182
1.00268
1.00223
1.0018
1.00207
1.00218
1.00195
1.00191
1.00203
1.002
1.00191
1.00194
1.00197
1.00193
1.00191
1.00193
1.00193
1.00191
1.00191
1.00191
1.00191
1.0019
1.0019
1.0019
1.00189
1.00189
1.00189
1.00188
1.00188
1.00188
1.00188
1.00187
1.00187
1.00187
1.00186
1.00186
1.00186
1.00186
1.00185
1.00185
1.00185
1.00184
1.00184
1.00183
1.00183
1.00183
1.00182
1.00182
1.00181
1.00181
1.0018
1.00179
1.00179
1.00178
1.00177
1.00176
1.00176
1.00175
1.00174
1.00172
1.00171
1.0017
1.00168
1.00167
1.00165
1.00164
1.00162
1.0016
1.00158
1.00156
1.00153
1.00151
1.00149
1.00146
1.00144
1.00142
1.00139
1.00136
1.00134
1.00131
1.00129
1.00126
1.00124
1.00121
1.00119
1.00117
1.00114
1.00112
1.0011
1.00108
1.00105
1.00103
1.00102
1.00099
1.00098
1.00096
1.00094
1.00092
1.00091
1.00089
1.00088
1.00086
1.00085
1.00083
1.00082
1.00081
1.0008
1.00078
1.00077
1.00076
1.00075
1.00074
1.00073
1.00072
1.00071
1.0007
1.00069
1.00068
1.00067
1.00066
1.00066
1.00065
1.00064
1.00063
1.00062
1.00062
1.00061
1.0006
1.00059
1.00059
1.00058
1.00057
1.00057
1.00056
1.00055
1.00054
1.00054
1.00053
1.00052
1.00052
1.00051
1.0005
1.0005
1.00049
1.00048
1.00048
1.00047
1.00046
1.00046
1.00045
1.00044
1.00044
1.00043
1.00043
1.00042
1.00042
1.00041
1.00041
1.0004
1.00039
1.00039
1.00039
1.00038
1.00038
1.00037
1.00037
1.00037
1.00036
1.00036
1.00036
1.00036
1.00035
1.00035
1.00035
1.00035
1.00035
1.00034
1.00034
1.00034
1.00034
1.00034
1.00033
1.00033
1.00033
1.00033
1.00033
1.00033
1.00032
1.00032
1.00032
1.00032
1.00032
1.00031
1.00031
1.00031
1.00031
1.00031
1.0003
1.0003
1.0003
1.0003
1.0003
1.00029
1.00029
1.00029
1.00029
1.00028
1.00028
1.00028
1.00028
1.00027
1.00027
1.00027
1.00027
1.00026
1.00026
1.00026
1.00026
1.00025
1.00025
1.00025
1.00025
1.00024
1.00024
1.00024
1.00024
1.00023
1.00023
1.00023
1.00023
1.00022
1.00022
1.00022
1.00022
1.00021
1.00021
1.00021
1.00021
1.0002
1.0002
1.0002
1.0002
1.00019
1.00019
1.00019
1.00019
1.00018
1.00018
1.00018
1.00018
1.00017
1.00017
1.00017
1.00017
1.00016
1.00016
1.00016
1.00016
1.00015
1.00015
1.00015
1.00015
1.00014
1.00014
1.00014
1.00014
1.00013
1.00013
1.00013
1.00013
1.00013
1.00012
1.00012
1.00012
1.00012
1.00011
1.00011
1.00011
1.00011
1.0001
1.0001
1.0001
1.0001
1.00009
1.00009
1.00009
1.00009
1.00009
1.00008
1.00008
1.00008
1.00008
1.00007
1.00007
1.00007
1.00007
1.00002
1.00086
1.00282
1.00278
1.00246
1.00195
1.00215
1.00223
1.00206
1.00196
1.00205
1.00203
1.00196
1.00196
1.00199
1.00196
1.00193
1.00194
1.00195
1.00193
1.00192
1.00192
1.00192
1.00191
1.00191
1.00191
1.0019
1.0019
1.00189
1.00189
1.00189
1.00188
1.00188
1.00188
1.00188
1.00187
1.00187
1.00187
1.00186
1.00186
1.00186
1.00186
1.00185
1.00185
1.00185
1.00184
1.00184
1.00183
1.00183
1.00183
1.00182
1.00182
1.00181
1.00181
1.0018
1.00179
1.00179
1.00178
1.00177
1.00176
1.00176
1.00174
1.00173
1.00172
1.00171
1.00169
1.00168
1.00167
1.00165
1.00163
1.00162
1.00159
1.00157
1.00156
1.00153
1.00151
1.00149
1.00146
1.00144
1.00141
1.00139
1.00136
1.00134
1.00132
1.00129
1.00126
1.00124
1.00121
1.00119
1.00116
1.00114
1.00112
1.0011
1.00108
1.00106
1.00103
1.00101
1.001
1.00098
1.00096
1.00094
1.00093
1.00091
1.00089
1.00088
1.00086
1.00085
1.00084
1.00082
1.00081
1.0008
1.00078
1.00077
1.00076
1.00075
1.00074
1.00073
1.00072
1.00071
1.0007
1.00069
1.00068
1.00067
1.00067
1.00066
1.00065
1.00064
1.00063
1.00063
1.00062
1.00061
1.0006
1.0006
1.00059
1.00058
1.00057
1.00057
1.00056
1.00055
1.00054
1.00054
1.00053
1.00052
1.00052
1.00051
1.0005
1.0005
1.00049
1.00048
1.00048
1.00047
1.00046
1.00046
1.00045
1.00045
1.00044
1.00043
1.00043
1.00042
1.00042
1.00041
1.00041
1.0004
1.0004
1.00039
1.00039
1.00038
1.00038
1.00038
1.00037
1.00037
1.00037
1.00036
1.00036
1.00036
1.00036
1.00035
1.00035
1.00035
1.00035
1.00034
1.00034
1.00034
1.00034
1.00034
1.00034
1.00033
1.00033
1.00033
1.00033
1.00033
1.00032
1.00032
1.00032
1.00032
1.00032
1.00032
1.00031
1.00031
1.00031
1.00031
1.0003
1.0003
1.0003
1.0003
1.0003
1.00029
1.00029
1.00029
1.00029
1.00028
1.00028
1.00028
1.00028
1.00027
1.00027
1.00027
1.00027
1.00026
1.00026
1.00026
1.00026
1.00025
1.00025
1.00025
1.00025
1.00024
1.00024
1.00024
1.00024
1.00023
1.00023
1.00023
1.00023
1.00022
1.00022
1.00022
1.00022
1.00021
1.00021
1.00021
1.00021
1.0002
1.0002
1.0002
1.0002
1.00019
1.00019
1.00019
1.00019
1.00018
1.00018
1.00018
1.00018
1.00017
1.00017
1.00017
1.00017
1.00016
1.00016
1.00016
1.00016
1.00015
1.00015
1.00015
1.00015
1.00014
1.00014
1.00014
1.00014
1.00013
1.00013
1.00013
1.00013
1.00013
1.00012
1.00012
1.00012
1.00012
1.00011
1.00011
1.00011
1.00011
1.0001
1.0001
1.0001
1.0001
1.00009
1.00009
1.00009
1.00009
1.00009
1.00008
1.00008
1.00008
1.00008
1.00007
1.00007
1.00007
1.00007
1.00003
1.0008
1.00207
1.00307
1.00247
1.00184
1.00218
1.00233
1.00203
1.00193
1.00209
1.00207
1.00194
1.00196
1.00201
1.00197
1.00193
1.00195
1.00196
1.00193
1.00192
1.00193
1.00192
1.00191
1.00191
1.00191
1.0019
1.0019
1.0019
1.00189
1.00189
1.00189
1.00188
1.00188
1.00188
1.00187
1.00187
1.00187
1.00187
1.00186
1.00186
1.00186
1.00185
1.00185
1.00185
1.00184
1.00184
1.00183
1.00183
1.00183
1.00182
1.00182
1.00181
1.00181
1.0018
1.00179
1.00179
1.00178
1.00177
1.00176
1.00175
1.00174
1.00173
1.00172
1.00171
1.00169
1.00168
1.00166
1.00165
1.00163
1.00161
1.00159
1.00157
1.00155
1.00153
1.00151
1.00148
1.00146
1.00144
1.00141
1.00139
1.00136
1.00133
1.00131
1.00129
1.00126
1.00123
1.00121
1.00119
1.00116
1.00114
1.00112
1.0011
1.00107
1.00106
1.00104
1.00101
1.001
1.00098
1.00096
1.00094
1.00093
1.00091
1.00089
1.00088
1.00086
1.00085
1.00084
1.00082
1.00081
1.0008
1.00079
1.00077
1.00076
1.00075
1.00074
1.00073
1.00072
1.00071
1.0007
1.00069
1.00068
1.00068
1.00067
1.00066
1.00065
1.00064
1.00063
1.00063
1.00062
1.00061
1.0006
1.0006
1.00059
1.00058
1.00057
1.00057
1.00056
1.00055
1.00055
1.00054
1.00053
1.00052
1.00052
1.00051
1.0005
1.0005
1.00049
1.00048
1.00048
1.00047
1.00046
1.00046
1.00045
1.00045
1.00044
1.00043
1.00043
1.00042
1.00042
1.00041
1.00041
1.0004
1.0004
1.00039
1.00039
1.00038
1.00038
1.00038
1.00037
1.00037
1.00037
1.00036
1.00036
1.00036
1.00036
1.00035
1.00035
1.00035
1.00035
1.00035
1.00034
1.00034
1.00034
1.00034
1.00034
1.00033
1.00033
1.00033
1.00033
1.00033
1.00033
1.00032
1.00032
1.00032
1.00032
1.00032
1.00031
1.00031
1.00031
1.00031
1.00031
1.0003
1.0003
1.0003
1.0003
1.00029
1.00029
1.00029
1.00029
1.00028
1.00028
1.00028
1.00028
1.00028
1.00027
1.00027
1.00027
1.00027
1.00026
1.00026
1.00026
1.00026
1.00025
1.00025
1.00025
1.00024
1.00024
1.00024
1.00024
1.00023
1.00023
1.00023
1.00023
1.00022
1.00022
1.00022
1.00022
1.00021
1.00021
1.00021
1.00021
1.0002
1.0002
1.0002
1.0002
1.00019
1.00019
1.00019
1.00019
1.00018
1.00018
1.00018
1.00018
1.00017
1.00017
1.00017
1.00017
1.00016
1.00016
1.00016
1.00016
1.00015
1.00015
1.00015
1.00015
1.00014
1.00014
1.00014
1.00014
1.00013
1.00013
1.00013
1.00013
1.00013
1.00012
1.00012
1.00012
1.00012
1.00011
1.00011
1.00011
1.00011
1.0001
1.0001
1.0001
1.0001
1.00009
1.00009
1.00009
1.00009
1.00009
1.00008
1.00008
1.00008
1.00008
1.00007
1.00007
1.00007
1.00007
1.00004
1.00104
1.00242
1.00206
1.00218
1.00259
1.0022
1.0019
1.00212
1.0022
1.00199
1.00195
1.00205
1.00202
1.00194
1.00196
1.00199
1.00195
1.00193
1.00194
1.00194
1.00192
1.00192
1.00192
1.00192
1.0019
1.00191
1.0019
1.0019
1.00189
1.00189
1.00189
1.00188
1.00188
1.00188
1.00188
1.00187
1.00187
1.00187
1.00186
1.00186
1.00186
1.00185
1.00185
1.00185
1.00184
1.00184
1.00183
1.00183
1.00183
1.00182
1.00182
1.00181
1.0018
1.0018
1.00179
1.00178
1.00178
1.00177
1.00176
1.00175
1.00174
1.00173
1.00172
1.0017
1.00169
1.00168
1.00166
1.00165
1.00163
1.00161
1.00159
1.00157
1.00155
1.00152
1.00151
1.00148
1.00145
1.00143
1.00141
1.00138
1.00136
1.00133
1.0013
1.00128
1.00126
1.00123
1.00121
1.00119
1.00116
1.00114
1.00112
1.0011
1.00107
1.00105
1.00103
1.00101
1.00099
1.00098
1.00096
1.00094
1.00092
1.00091
1.00089
1.00088
1.00086
1.00085
1.00084
1.00082
1.00081
1.0008
1.00079
1.00077
1.00076
1.00075
1.00074
1.00073
1.00072
1.00071
1.0007
1.00069
1.00069
1.00068
1.00067
1.00066
1.00065
1.00064
1.00064
1.00063
1.00062
1.00061
1.0006
1.0006
1.00059
1.00058
1.00057
1.00057
1.00056
1.00055
1.00055
1.00054
1.00053
1.00053
1.00052
1.00051
1.0005
1.0005
1.00049
1.00048
1.00048
1.00047
1.00047
1.00046
1.00045
1.00045
1.00044
1.00043
1.00043
1.00042
1.00042
1.00041
1.00041
1.0004
1.0004
1.00039
1.00039
1.00039
1.00038
1.00038
1.00037
1.00037
1.00037
1.00037
1.00036
1.00036
1.00036
1.00036
1.00035
1.00035
1.00035
1.00035
1.00034
1.00034
1.00034
1.00034
1.00034
1.00034
1.00033
1.00033
1.00033
1.00033
1.00033
1.00032
1.00032
1.00032
1.00032
1.00032
1.00031
1.00031
1.00031
1.00031
1.00031
1.0003
1.0003
1.0003
1.0003
1.00029
1.00029
1.00029
1.00029
1.00029
1.00028
1.00028
1.00028
1.00028
1.00027
1.00027
1.00027
1.00027
1.00026
1.00026
1.00026
1.00026
1.00025
1.00025
1.00025
1.00025
1.00024
1.00024
1.00024
1.00023
1.00023
1.00023
1.00023
1.00022
1.00022
1.00022
1.00022
1.00021
1.00021
1.00021
1.00021
1.0002
1.0002
1.0002
1.0002
1.00019
1.00019
1.00019
1.00019
1.00018
1.00018
1.00018
1.00018
1.00017
1.00017
1.00017
1.00017
1.00016
1.00016
1.00016
1.00016
1.00015
1.00015
1.00015
1.00015
1.00014
1.00014
1.00014
1.00014
1.00014
1.00013
1.00013
1.00013
1.00013
1.00012
1.00012
1.00012
1.00012
1.00011
1.00011
1.00011
1.00011
1.0001
1.0001
1.0001
1.0001
1.00009
1.00009
1.00009
1.00009
1.00009
1.00008
1.00008
1.00008
1.00008
1.00007
1.00007
1.00007
1.00007
1.00005
1.00084
1.00254
1.00208
1.00221
1.00238
1.0021
1.00207
1.00217
1.0021
1.00199
1.00202
1.00205
1.00199
1.00196
1.00198
1.00198
1.00195
1.00194
1.00195
1.00194
1.00192
1.00193
1.00192
1.00191
1.00191
1.00191
1.00191
1.0019
1.0019
1.00189
1.00189
1.00189
1.00188
1.00188
1.00188
1.00187
1.00187
1.00187
1.00186
1.00186
1.00186
1.00185
1.00185
1.00185
1.00184
1.00184
1.00184
1.00183
1.00183
1.00182
1.00182
1.00181
1.00181
1.0018
1.00179
1.00179
1.00178
1.00177
1.00176
1.00175
1.00174
1.00173
1.00172
1.00171
1.00169
1.00168
1.00166
1.00164
1.00163
1.00161
1.00159
1.00157
1.00155
1.00152
1.0015
1.00148
1.00145
1.00142
1.00141
1.00138
1.00135
1.00133
1.0013
1.00127
1.00125
1.00123
1.0012
1.00118
1.00116
1.00114
1.00111
1.00109
1.00107
1.00105
1.00103
1.00101
1.00099
1.00097
1.00096
1.00094
1.00092
1.00091
1.00089
1.00088
1.00086
1.00085
1.00084
1.00082
1.00081
1.0008
1.00079
1.00077
1.00076
1.00075
1.00074
1.00073
1.00072
1.00071
1.0007
1.0007
1.00069
1.00068
1.00067
1.00066
1.00065
1.00064
1.00064
1.00063
1.00062
1.00061
1.00061
1.0006
1.00059
1.00058
1.00058
1.00057
1.00056
1.00055
1.00055
1.00054
1.00053
1.00053
1.00052
1.00051
1.0005
1.0005
1.00049
1.00048
1.00048
1.00047
1.00047
1.00046
1.00045
1.00045
1.00044
1.00043
1.00043
1.00042
1.00042
1.00041
1.00041
1.0004
1.0004
1.00039
1.00039
1.00039
1.00038
1.00038
1.00038
1.00037
1.00037
1.00037
1.00036
1.00036
1.00036
1.00036
1.00035
1.00035
1.00035
1.00035
1.00035
1.00034
1.00034
1.00034
1.00034
1.00034
1.00033
1.00033
1.00033
1.00033
1.00033
1.00032
1.00032
1.00032
1.00032
1.00032
1.00031
1.00031
1.00031
1.00031
1.00031
1.0003
1.0003
1.0003
1.0003
1.00029
1.00029
1.00029
1.00029
1.00029
1.00028
1.00028
1.00028
1.00028
1.00027
1.00027
1.00027
1.00027
1.00026
1.00026
1.00026
1.00026
1.00025
1.00025
1.00025
1.00025
1.00024
1.00024
1.00024
1.00023
1.00023
1.00023
1.00023
1.00022
1.00022
1.00022
1.00022
1.00021
1.00021
1.00021
1.00021
1.0002
1.0002
1.0002
1.0002
1.00019
1.00019
1.00019
1.00019
1.00018
1.00018
1.00018
1.00018
1.00017
1.00017
1.00017
1.00017
1.00016
1.00016
1.00016
1.00016
1.00015
1.00015
1.00015
1.00015
1.00014
1.00014
1.00014
1.00014
1.00014
1.00013
1.00013
1.00013
1.00013
1.00012
1.00012
1.00012
1.00012
1.00011
1.00011
1.00011
1.00011
1.0001
1.0001
1.0001
1.0001
1.0001
1.00009
1.00009
1.00009
1.00009
1.00008
1.00008
1.00008
1.00008
1.00007
1.00007
1.00007
1.00007
1.00007
1.00083
1.00213
1.0024
1.00229
1.00194
1.00218
1.00233
1.00203
1.00195
1.00213
1.0021
1.00195
1.00197
1.00204
1.00199
1.00193
1.00197
1.00198
1.00194
1.00193
1.00194
1.00193
1.00192
1.00192
1.00192
1.00191
1.0019
1.0019
1.0019
1.00189
1.00189
1.00189
1.00189
1.00188
1.00188
1.00188
1.00187
1.00187
1.00187
1.00186
1.00186
1.00186
1.00185
1.00185
1.00185
1.00184
1.00184
1.00183
1.00183
1.00182
1.00182
1.00181
1.00181
1.0018
1.00179
1.00179
1.00178
1.00177
1.00176
1.00176
1.00174
1.00173
1.00172
1.00171
1.00169
1.00168
1.00166
1.00164
1.00162
1.00161
1.00158
1.00156
1.00154
1.00152
1.00149
1.00147
1.00145
1.00142
1.00139
1.00137
1.00134
1.00132
1.0013
1.00127
1.00124
1.00122
1.0012
1.00117
1.00115
1.00113
1.00111
1.00108
1.00107
1.00105
1.00103
1.00101
1.00099
1.00097
1.00095
1.00094
1.00092
1.00091
1.00089
1.00088
1.00086
1.00085
1.00083
1.00082
1.00081
1.0008
1.00078
1.00077
1.00076
1.00075
1.00074
1.00073
1.00072
1.00071
1.0007
1.0007
1.00069
1.00068
1.00067
1.00066
1.00065
1.00064
1.00064
1.00063
1.00062
1.00061
1.00061
1.0006
1.00059
1.00058
1.00058
1.00057
1.00056
1.00055
1.00055
1.00054
1.00053
1.00053
1.00052
1.00051
1.00051
1.0005
1.00049
1.00049
1.00048
1.00047
1.00047
1.00046
1.00045
1.00045
1.00044
1.00044
1.00043
1.00042
1.00042
1.00041
1.00041
1.0004
1.0004
1.00039
1.00039
1.00039
1.00038
1.00038
1.00037
1.00037
1.00037
1.00037
1.00036
1.00036
1.00036
1.00036
1.00035
1.00035
1.00035
1.00035
1.00035
1.00034
1.00034
1.00034
1.00034
1.00034
1.00034
1.00033
1.00033
1.00033
1.00033
1.00033
1.00032
1.00032
1.00032
1.00032
1.00032
1.00031
1.00031
1.00031
1.00031
1.0003
1.0003
1.0003
1.0003
1.0003
1.00029
1.00029
1.00029
1.00029
1.00028
1.00028
1.00028
1.00028
1.00027
1.00027
1.00027
1.00027
1.00026
1.00026
1.00026
1.00026
1.00025
1.00025
1.00025
1.00025
1.00024
1.00024
1.00024
1.00024
1.00023
1.00023
1.00023
1.00022
1.00022
1.00022
1.00022
1.00021
1.00021
1.00021
1.00021
1.0002
1.0002
1.0002
1.0002
1.00019
1.00019
1.00019
1.00019
1.00018
1.00018
1.00018
1.00018
1.00017
1.00017
1.00017
1.00017
1.00016
1.00016
1.00016
1.00016
1.00015
1.00015
1.00015
1.00015
1.00014
1.00014
1.00014
1.00014
1.00014
1.00013
1.00013
1.00013
1.00013
1.00012
1.00012
1.00012
1.00012
1.00011
1.00011
1.00011
1.00011
1.0001
1.0001
1.0001
1.0001
1.0001
1.00009
1.00009
1.00009
1.00009
1.00008
1.00008
1.00008
1.00008
1.00007
1.00007
1.00007
1.00007
1.00009
1.00083
1.00211
1.00228
1.00219
1.00211
1.00218
1.0021
1.00206
1.00211
1.00208
1.002
1.00201
1.00204
1.00199
1.00196
1.00198
1.00198
1.00195
1.00194
1.00195
1.00194
1.00193
1.00193
1.00193
1.00192
1.00191
1.00191
1.00191
1.0019
1.0019
1.0019
1.00189
1.00189
1.00188
1.00188
1.00188
1.00187
1.00187
1.00187
1.00186
1.00186
1.00186
1.00185
1.00185
1.00185
1.00184
1.00184
1.00184
1.00183
1.00183
1.00182
1.00182
1.00181
1.0018
1.0018
1.00179
1.00178
1.00178
1.00177
1.00175
1.00174
1.00174
1.00172
1.00171
1.0017
1.00168
1.00166
1.00164
1.00162
1.0016
1.00158
1.00156
1.00154
1.00152
1.00149
1.00146
1.00144
1.00142
1.00138
1.00136
1.00134
1.00131
1.00128
1.00127
1.00124
1.00121
1.00119
1.00117
1.00114
1.00112
1.0011
1.00108
1.00106
1.00104
1.00102
1.001
1.00098
1.00097
1.00095
1.00093
1.00092
1.0009
1.00089
1.00087
1.00086
1.00085
1.00083
1.00082
1.00081
1.0008
1.00078
1.00077
1.00076
1.00075
1.00074
1.00073
1.00072
1.00071
1.0007
1.0007
1.00069
1.00068
1.00067
1.00066
1.00065
1.00065
1.00064
1.00063
1.00062
1.00061
1.00061
1.0006
1.00059
1.00058
1.00058
1.00057
1.00056
1.00056
1.00055
1.00054
1.00053
1.00053
1.00052
1.00051
1.00051
1.0005
1.00049
1.00049
1.00048
1.00047
1.00047
1.00046
1.00045
1.00045
1.00044
1.00043
1.00043
1.00042
1.00042
1.00041
1.00041
1.0004
1.0004
1.00039
1.00039
1.00039
1.00038
1.00038
1.00038
1.00037
1.00037
1.00037
1.00036
1.00036
1.00036
1.00036
1.00036
1.00035
1.00035
1.00035
1.00035
1.00035
1.00034
1.00034
1.00034
1.00034
1.00034
1.00033
1.00033
1.00033
1.00033
1.00033
1.00032
1.00032
1.00032
1.00032
1.00032
1.00031
1.00031
1.00031
1.00031
1.00031
1.0003
1.0003
1.0003
1.0003
1.00029
1.00029
1.00029
1.00029
1.00028
1.00028
1.00028
1.00028
1.00027
1.00027
1.00027
1.00027
1.00026
1.00026
1.00026
1.00026
1.00025
1.00025
1.00025
1.00025
1.00024
1.00024
1.00024
1.00024
1.00023
1.00023
1.00023
1.00022
1.00022
1.00022
1.00022
1.00021
1.00021
1.00021
1.00021
1.0002
1.0002
1.0002
1.0002
1.00019
1.00019
1.00019
1.00019
1.00018
1.00018
1.00018
1.00018
1.00017
1.00017
1.00017
1.00017
1.00016
1.00016
1.00016
1.00016
1.00015
1.00015
1.00015
1.00015
1.00014
1.00014
1.00014
1.00014
1.00014
1.00013
1.00013
1.00013
1.00013
1.00012
1.00012
1.00012
1.00012
1.00011
1.00011
1.00011
1.00011
1.0001
1.0001
1.0001
1.0001
1.0001
1.00009
1.00009
1.00009
1.00009
1.00008
1.00008
1.00008
1.00008
1.00007
1.00007
1.00007
1.00007
1.00012
1.00086
1.00226
1.00203
1.00209
1.00231
1.00211
1.00197
1.00216
1.00215
1.00198
1.002
1.00209
1.00202
1.00195
1.002
1.00201
1.00196
1.00194
1.00197
1.00196
1.00193
1.00193
1.00194
1.00193
1.00191
1.00192
1.00192
1.00191
1.0019
1.0019
1.0019
1.00189
1.00189
1.00189
1.00188
1.00188
1.00188
1.00187
1.00187
1.00187
1.00186
1.00186
1.00186
1.00185
1.00185
1.00185
1.00184
1.00184
1.00183
1.00183
1.00183
1.00182
1.00181
1.00181
1.0018
1.00179
1.00179
1.00178
1.00177
1.00176
1.00175
1.00174
1.00172
1.00171
1.0017
1.00168
1.00166
1.00165
1.00163
1.0016
1.00158
1.00156
1.00153
1.00151
1.00149
1.00146
1.00143
1.00141
1.00138
1.00135
1.00133
1.00131
1.00127
1.00125
1.00123
1.0012
1.00118
1.00116
1.00114
1.00111
1.00109
1.00107
1.00105
1.00103
1.00101
1.001
1.00098
1.00096
1.00095
1.00093
1.00091
1.0009
1.00088
1.00087
1.00085
1.00084
1.00083
1.00082
1.0008
1.00079
1.00078
1.00077
1.00076
1.00075
1.00074
1.00073
1.00072
1.00071
1.0007
1.0007
1.00069
1.00068
1.00067
1.00066
1.00065
1.00065
1.00064
1.00063
1.00062
1.00061
1.00061
1.0006
1.00059
1.00058
1.00058
1.00057
1.00056
1.00056
1.00055
1.00054
1.00053
1.00053
1.00052
1.00051
1.00051
1.0005
1.00049
1.00049
1.00048
1.00047
1.00047
1.00046
1.00045
1.00045
1.00044
1.00043
1.00043
1.00042
1.00041
1.00041
1.00041
1.0004
1.00039
1.00039
1.00039
1.00038
1.00038
1.00038
1.00037
1.00037
1.00037
1.00037
1.00036
1.00036
1.00036
1.00036
1.00036
1.00035
1.00035
1.00035
1.00035
1.00035
1.00035
1.00034
1.00034
1.00034
1.00034
1.00034
1.00033
1.00033
1.00033
1.00033
1.00033
1.00032
1.00032
1.00032
1.00032
1.00031
1.00031
1.00031
1.00031
1.00031
1.0003
1.0003
1.0003
1.0003
1.00029
1.00029
1.00029
1.00029
1.00028
1.00028
1.00028
1.00028
1.00027
1.00027
1.00027
1.00027
1.00026
1.00026
1.00026
1.00026
1.00025
1.00025
1.00025
1.00025
1.00024
1.00024
1.00024
1.00024
1.00023
1.00023
1.00023
1.00023
1.00022
1.00022
1.00022
1.00021
1.00021
1.00021
1.00021
1.0002
1.0002
1.0002
1.0002
1.00019
1.00019
1.00019
1.00019
1.00018
1.00018
1.00018
1.00018
1.00017
1.00017
1.00017
1.00017
1.00016
1.00016
1.00016
1.00016
1.00015
1.00015
1.00015
1.00015
1.00014
1.00014
1.00014
1.00014
1.00014
1.00013
1.00013
1.00013
1.00013
1.00012
1.00012
1.00012
1.00012
1.00011
1.00011
1.00011
1.00011
1.0001
1.0001
1.0001
1.0001
1.0001
1.00009
1.00009
1.00009
1.00009
1.00008
1.00008
1.00008
1.00008
1.00007
1.00007
1.00007
1.00007
1.00014
1.0008
1.00217
1.00214
1.00215
1.00211
1.00208
1.00215
1.00209
1.00201
1.00206
1.00209
1.002
1.00198
1.00203
1.00201
1.00196
1.00197
1.00198
1.00196
1.00194
1.00195
1.00195
1.00193
1.00192
1.00193
1.00192
1.00191
1.00191
1.00191
1.0019
1.0019
1.0019
1.00189
1.00189
1.00189
1.00188
1.00188
1.00188
1.00187
1.00187
1.00187
1.00186
1.00186
1.00186
1.00185
1.00185
1.00185
1.00184
1.00184
1.00183
1.00183
1.00182
1.00182
1.00181
1.00181
1.0018
1.00179
1.00178
1.00177
1.00177
1.00175
1.00174
1.00173
1.00172
1.0017
1.00168
1.00167
1.00164
1.00162
1.00161
1.00158
1.00155
1.00153
1.0015
1.00148
1.00146
1.00142
1.00139
1.00138
1.00135
1.00131
1.00129
1.00127
1.00124
1.00121
1.0012
1.00117
1.00114
1.00112
1.00111
1.00108
1.00106
1.00105
1.00103
1.001
1.00099
1.00097
1.00096
1.00094
1.00092
1.00091
1.00089
1.00088
1.00086
1.00085
1.00084
1.00082
1.00081
1.0008
1.00079
1.00078
1.00077
1.00076
1.00075
1.00074
1.00073
1.00072
1.00071
1.0007
1.0007
1.00069
1.00068
1.00067
1.00066
1.00065
1.00065
1.00064
1.00063
1.00062
1.00062
1.00061
1.0006
1.00059
1.00059
1.00058
1.00057
1.00056
1.00056
1.00055
1.00054
1.00053
1.00053
1.00052
1.00051
1.00051
1.0005
1.00049
1.00048
1.00048
1.00047
1.00046
1.00046
1.00045
1.00044
1.00044
1.00043
1.00043
1.00042
1.00041
1.00041
1.0004
1.0004
1.00039
1.00039
1.00038
1.00038
1.00038
1.00038
1.00037
1.00037
1.00037
1.00037
1.00036
1.00036
1.00036
1.00036
1.00036
1.00036
1.00035
1.00035
1.00035
1.00035
1.00035
1.00034
1.00034
1.00034
1.00034
1.00034
1.00033
1.00033
1.00033
1.00033
1.00033
1.00032
1.00032
1.00032
1.00032
1.00032
1.00031
1.00031
1.00031
1.00031
1.0003
1.0003
1.0003
1.0003
1.00029
1.00029
1.00029
1.00029
1.00028
1.00028
1.00028
1.00028
1.00027
1.00027
1.00027
1.00027
1.00026
1.00026
1.00026
1.00026
1.00025
1.00025
1.00025
1.00025
1.00024
1.00024
1.00024
1.00024
1.00023
1.00023
1.00023
1.00023
1.00022
1.00022
1.00022
1.00021
1.00021
1.00021
1.00021
1.0002
1.0002
1.0002
1.0002
1.00019
1.00019
1.00019
1.00019
1.00018
1.00018
1.00018
1.00018
1.00017
1.00017
1.00017
1.00017
1.00016
1.00016
1.00016
1.00016
1.00015
1.00015
1.00015
1.00015
1.00014
1.00014
1.00014
1.00014
1.00014
1.00013
1.00013
1.00013
1.00013
1.00012
1.00012
1.00012
1.00012
1.00011
1.00011
1.00011
1.00011
1.0001
1.0001
1.0001
1.0001
1.0001
1.00009
1.00009
1.00009
1.00009
1.00008
1.00008
1.00008
1.00008
1.00007
1.00007
1.00007
1.00007
1.00017
1.00081
1.00206
1.00219
1.00216
1.00201
1.00211
1.00217
1.00202
1.00202
1.00211
1.00205
1.00198
1.00203
1.00204
1.00198
1.00197
1.002
1.00198
1.00195
1.00195
1.00196
1.00194
1.00193
1.00194
1.00193
1.00192
1.00192
1.00192
1.00191
1.0019
1.0019
1.0019
1.0019
1.00189
1.00189
1.00189
1.00188
1.00188
1.00188
1.00187
1.00187
1.00187
1.00186
1.00186
1.00186
1.00185
1.00185
1.00185
1.00184
1.00184
1.00183
1.00183
1.00183
1.00182
1.00181
1.00181
1.0018
1.00179
1.00179
1.00178
1.00176
1.00175
1.00174
1.00172
1.0017
1.00169
1.00167
1.00164
1.00162
1.00161
1.00158
1.00155
1.00153
1.00151
1.00147
1.00144
1.00142
1.00139
1.00135
1.00134
1.00131
1.00127
1.00125
1.00123
1.0012
1.00118
1.00116
1.00113
1.00111
1.00109
1.00107
1.00105
1.00103
1.00102
1.001
1.00098
1.00096
1.00095
1.00093
1.00091
1.0009
1.00089
1.00087
1.00086
1.00085
1.00083
1.00082
1.00081
1.0008
1.00079
1.00077
1.00077
1.00076
1.00075
1.00074
1.00073
1.00072
1.00071
1.0007
1.00069
1.00069
1.00068
1.00067
1.00066
1.00065
1.00065
1.00064
1.00063
1.00062
1.00062
1.00061
1.0006
1.00059
1.00059
1.00058
1.00057
1.00056
1.00056
1.00055
1.00054
1.00054
1.00053
1.00052
1.00051
1.00051
1.0005
1.00049
1.00049
1.00048
1.00047
1.00046
1.00046
1.00045
1.00044
1.00044
1.00043
1.00042
1.00042
1.00041
1.00041
1.0004
1.0004
1.00039
1.00039
1.00038
1.00038
1.00038
1.00037
1.00037
1.00037
1.00037
1.00036
1.00036
1.00036
1.00036
1.00036
1.00036
1.00036
1.00035
1.00035
1.00035
1.00035
1.00035
1.00035
1.00034
1.00034
1.00034
1.00034
1.00034
1.00033
1.00033
1.00033
1.00033
1.00033
1.00032
1.00032
1.00032
1.00032
1.00031
1.00031
1.00031
1.00031
1.00031
1.0003
1.0003
1.0003
1.0003
1.00029
1.00029
1.00029
1.00029
1.00028
1.00028
1.00028
1.00027
1.00027
1.00027
1.00027
1.00026
1.00026
1.00026
1.00026
1.00025
1.00025
1.00025
1.00025
1.00024
1.00024
1.00024
1.00024
1.00023
1.00023
1.00023
1.00023
1.00022
1.00022
1.00022
1.00022
1.00021
1.00021
1.00021
1.0002
1.0002
1.0002
1.0002
1.00019
1.00019
1.00019
1.00019
1.00018
1.00018
1.00018
1.00018
1.00017
1.00017
1.00017
1.00017
1.00016
1.00016
1.00016
1.00016
1.00015
1.00015
1.00015
1.00015
1.00015
1.00014
1.00014
1.00014
1.00014
1.00013
1.00013
1.00013
1.00013
1.00012
1.00012
1.00012
1.00012
1.00011
1.00011
1.00011
1.00011
1.0001
1.0001
1.0001
1.0001
1.0001
1.00009
1.00009
1.00009
1.00009
1.00008
1.00008
1.00008
1.00008
1.00007
1.00007
1.00007
1.00007
1.0002
1.00081
1.00212
1.00209
1.00208
1.00213
1.00211
1.00202
1.00207
1.00211
1.00202
1.00199
1.00206
1.00204
1.00197
1.00199
1.00202
1.00198
1.00195
1.00197
1.00197
1.00194
1.00194
1.00195
1.00194
1.00192
1.00193
1.00193
1.00192
1.00191
1.00191
1.00191
1.0019
1.0019
1.0019
1.00189
1.00189
1.00189
1.00188
1.00188
1.00188
1.00187
1.00187
1.00187
1.00186
1.00186
1.00186
1.00185
1.00185
1.00185
1.00184
1.00184
1.00184
1.00183
1.00183
1.00182
1.00181
1.00181
1.0018
1.00179
1.00178
1.00177
1.00177
1.00174
1.00173
1.00172
1.00169
1.00167
1.00166
1.00164
1.0016
1.00158
1.00156
1.00152
1.00149
1.00147
1.00143
1.0014
1.00138
1.00134
1.00131
1.0013
1.00126
1.00123
1.00121
1.00119
1.00116
1.00114
1.00112
1.0011
1.00107
1.00106
1.00104
1.00102
1.001
1.00099
1.00097
1.00095
1.00094
1.00093
1.00091
1.00089
1.00088
1.00087
1.00085
1.00084
1.00083
1.00082
1.0008
1.00079
1.00078
1.00077
1.00076
1.00075
1.00074
1.00074
1.00073
1.00072
1.00071
1.0007
1.00069
1.00068
1.00068
1.00067
1.00066
1.00066
1.00065
1.00064
1.00063
1.00063
1.00062
1.00061
1.0006
1.00059
1.00059
1.00058
1.00057
1.00056
1.00056
1.00055
1.00054
1.00053
1.00053
1.00052
1.00051
1.00051
1.0005
1.00049
1.00049
1.00048
1.00047
1.00046
1.00046
1.00045
1.00044
1.00043
1.00043
1.00042
1.00042
1.00041
1.0004
1.0004
1.00039
1.00039
1.00038
1.00038
1.00038
1.00037
1.00037
1.00037
1.00037
1.00037
1.00036
1.00036
1.00036
1.00036
1.00036
1.00036
1.00036
1.00036
1.00035
1.00035
1.00035
1.00035
1.00035
1.00035
1.00034
1.00034
1.00034
1.00034
1.00034
1.00033
1.00033
1.00033
1.00033
1.00032
1.00032
1.00032
1.00032
1.00032
1.00031
1.00031
1.00031
1.00031
1.0003
1.0003
1.0003
1.0003
1.00029
1.00029
1.00029
1.00029
1.00028
1.00028
1.00028
1.00028
1.00027
1.00027
1.00027
1.00026
1.00026
1.00026
1.00026
1.00025
1.00025
1.00025
1.00025
1.00024
1.00024
1.00024
1.00024
1.00023
1.00023
1.00023
1.00023
1.00022
1.00022
1.00022
1.00022
1.00021
1.00021
1.00021
1.0002
1.0002
1.0002
1.0002
1.00019
1.00019
1.00019
1.00019
1.00018
1.00018
1.00018
1.00018
1.00017
1.00017
1.00017
1.00017
1.00016
1.00016
1.00016
1.00016
1.00015
1.00015
1.00015
1.00015
1.00015
1.00014
1.00014
1.00014
1.00014
1.00013
1.00013
1.00013
1.00013
1.00012
1.00012
1.00012
1.00012
1.00011
1.00011
1.00011
1.00011
1.0001
1.0001
1.0001
1.0001
1.0001
1.00009
1.00009
1.00009
1.00009
1.00008
1.00008
1.00008
1.00008
1.00007
1.00007
1.00007
1.00007
1.00023
1.00081
1.00213
1.00205
1.00207
1.00214
1.00207
1.00203
1.0021
1.00206
1.00201
1.00204
1.00205
1.00199
1.00199
1.00202
1.00199
1.00196
1.00198
1.00198
1.00196
1.00195
1.00196
1.00195
1.00193
1.00193
1.00193
1.00192
1.00192
1.00192
1.00191
1.00191
1.0019
1.0019
1.0019
1.00189
1.00189
1.00189
1.00189
1.00188
1.00188
1.00188
1.00187
1.00187
1.00187
1.00187
1.00186
1.00186
1.00186
1.00185
1.00185
1.00185
1.00184
1.00184
1.00183
1.00183
1.00182
1.00182
1.00181
1.0018
1.00179
1.00179
1.00177
1.00175
1.00175
1.00173
1.0017
1.00168
1.00167
1.00164
1.0016
1.00158
1.00156
1.00152
1.00148
1.00146
1.00143
1.00138
1.00136
1.00134
1.0013
1.00127
1.00125
1.00122
1.00119
1.00117
1.00115
1.00112
1.0011
1.00109
1.00106
1.00104
1.00103
1.00101
1.00099
1.00097
1.00096
1.00095
1.00093
1.00091
1.0009
1.00089
1.00087
1.00086
1.00085
1.00083
1.00082
1.00081
1.0008
1.00078
1.00078
1.00077
1.00076
1.00075
1.00074
1.00073
1.00072
1.00072
1.00071
1.0007
1.00069
1.00068
1.00068
1.00067
1.00066
1.00065
1.00065
1.00064
1.00063
1.00063
1.00062
1.00061
1.0006
1.00059
1.00059
1.00058
1.00057
1.00056
1.00056
1.00055
1.00054
1.00053
1.00053
1.00052
1.00051
1.00051
1.0005
1.00049
1.00048
1.00048
1.00047
1.00046
1.00045
1.00045
1.00044
1.00043
1.00042
1.00042
1.00041
1.0004
1.0004
1.00039
1.00039
1.00038
1.00038
1.00038
1.00037
1.00037
1.00037
1.00037
1.00036
1.00036
1.00036
1.00036
1.00036
1.00036
1.00036
1.00036
1.00036
1.00036
1.00036
1.00035
1.00035
1.00035
1.00035
1.00035
1.00035
1.00034
1.00034
1.00034
1.00034
1.00034
1.00033
1.00033
1.00033
1.00033
1.00032
1.00032
1.00032
1.00032
1.00031
1.00031
1.00031
1.00031
1.0003
1.0003
1.0003
1.0003
1.00029
1.00029
1.00029
1.00029
1.00028
1.00028
1.00028
1.00028
1.00027
1.00027
1.00027
1.00027
1.00026
1.00026
1.00026
1.00025
1.00025
1.00025
1.00025
1.00024
1.00024
1.00024
1.00024
1.00023
1.00023
1.00023
1.00023
1.00022
1.00022
1.00022
1.00022
1.00021
1.00021
1.00021
1.00021
1.0002
1.0002
1.0002
1.00019
1.00019
1.00019
1.00019
1.00018
1.00018
1.00018
1.00018
1.00017
1.00017
1.00017
1.00017
1.00016
1.00016
1.00016
1.00016
1.00015
1.00015
1.00015
1.00015
1.00015
1.00014
1.00014
1.00014
1.00014
1.00013
1.00013
1.00013
1.00013
1.00012
1.00012
1.00012
1.00012
1.00011
1.00011
1.00011
1.00011
1.0001
1.0001
1.0001
1.0001
1.0001
1.00009
1.00009
1.00009
1.00009
1.00008
1.00008
1.00008
1.00008
1.00007
1.00007
1.00007
1.00007
1.00025
1.00079
1.00206
1.00211
1.0021
1.00204
1.00206
1.00211
1.00204
1.002
1.00207
1.00206
1.00198
1.002
1.00204
1.00199
1.00196
1.00199
1.00199
1.00196
1.00195
1.00197
1.00196
1.00194
1.00194
1.00194
1.00193
1.00192
1.00193
1.00192
1.00191
1.00191
1.00191
1.00191
1.0019
1.0019
1.0019
1.00189
1.00189
1.00189
1.00188
1.00188
1.00188
1.00188
1.00187
1.00187
1.00187
1.00187
1.00186
1.00186
1.00186
1.00185
1.00185
1.00185
1.00184
1.00184
1.00184
1.00183
1.00182
1.00181
1.00181
1.00179
1.00178
1.00178
1.00176
1.00172
1.00172
1.00171
1.00166
1.00163
1.00163
1.00158
1.00153
1.00152
1.00148
1.00143
1.00142
1.00138
1.00133
1.00132
1.00129
1.00124
1.00122
1.00121
1.00117
1.00114
1.00113
1.00111
1.00108
1.00106
1.00105
1.00103
1.00101
1.00099
1.00099
1.00096
1.00095
1.00094
1.00092
1.0009
1.00089
1.00088
1.00086
1.00085
1.00084
1.00083
1.00081
1.0008
1.00079
1.00078
1.00077
1.00076
1.00075
1.00075
1.00074
1.00073
1.00072
1.00072
1.00071
1.0007
1.00069
1.00068
1.00067
1.00067
1.00066
1.00065
1.00065
1.00064
1.00063
1.00063
1.00062
1.00061
1.0006
1.0006
1.00059
1.00058
1.00057
1.00056
1.00056
1.00055
1.00054
1.00053
1.00053
1.00052
1.00051
1.00051
1.0005
1.00049
1.00048
1.00048
1.00047
1.00046
1.00045
1.00045
1.00044
1.00043
1.00042
1.00041
1.0004
1.0004
1.00039
1.00038
1.00038
1.00038
1.00037
1.00037
1.00037
1.00037
1.00036
1.00036
1.00036
1.00036
1.00036
1.00036
1.00036
1.00036
1.00036
1.00036
1.00036
1.00036
1.00036
1.00036
1.00035
1.00035
1.00035
1.00035
1.00035
1.00035
1.00034
1.00034
1.00034
1.00034
1.00034
1.00033
1.00033
1.00033
1.00033
1.00032
1.00032
1.00032
1.00032
1.00031
1.00031
1.00031
1.00031
1.0003
1.0003
1.0003
1.00029
1.00029
1.00029
1.00029
1.00028
1.00028
1.00028
1.00028
1.00027
1.00027
1.00027
1.00027
1.00026
1.00026
1.00026
1.00026
1.00025
1.00025
1.00025
1.00024
1.00024
1.00024
1.00024
1.00023
1.00023
1.00023
1.00023
1.00022
1.00022
1.00022
1.00022
1.00021
1.00021
1.00021
1.00021
1.0002
1.0002
1.0002
1.00019
1.00019
1.00019
1.00019
1.00018
1.00018
1.00018
1.00018
1.00017
1.00017
1.00017
1.00017
1.00016
1.00016
1.00016
1.00016
1.00015
1.00015
1.00015
1.00015
1.00015
1.00014
1.00014
1.00014
1.00014
1.00013
1.00013
1.00013
1.00013
1.00012
1.00012
1.00012
1.00012
1.00011
1.00011
1.00011
1.00011
1.0001
1.0001
1.0001
1.0001
1.0001
1.00009
1.00009
1.00009
1.00009
1.00008
1.00008
1.00008
1.00008
1.00008
1.00007
1.00007
1.00007
1.00028
1.0008
1.00205
1.00209
1.00208
1.00204
1.00207
1.00207
1.00203
1.00205
1.00205
1.00201
1.00201
1.00203
1.002
1.00198
1.002
1.002
1.00197
1.00197
1.00198
1.00196
1.00195
1.00195
1.00195
1.00194
1.00193
1.00193
1.00193
1.00192
1.00192
1.00192
1.00191
1.00191
1.0019
1.0019
1.0019
1.00189
1.00189
1.00189
1.00189
1.00188
1.00188
1.00188
1.00188
1.00187
1.00187
1.00187
1.00187
1.00187
1.00187
1.00186
1.00186
1.00186
1.00185
1.00185
1.00185
1.00184
1.00183
1.00183
1.00182
1.00181
1.0018
1.00179
1.00176
1.00175
1.00174
1.0017
1.00167
1.00165
1.00162
1.00158
1.00154
1.0015
1.00148
1.00143
1.00138
1.00138
1.00133
1.00128
1.00127
1.00124
1.0012
1.00117
1.00116
1.00113
1.0011
1.00108
1.00107
1.00105
1.00102
1.00102
1.001
1.00098
1.00097
1.00096
1.00094
1.00092
1.00091
1.0009
1.00088
1.00087
1.00086
1.00084
1.00083
1.00082
1.00081
1.00079
1.00078
1.00077
1.00077
1.00076
1.00075
1.00074
1.00073
1.00073
1.00072
1.00071
1.00071
1.0007
1.00069
1.00068
1.00068
1.00067
1.00066
1.00066
1.00065
1.00064
1.00063
1.00063
1.00062
1.00061
1.0006
1.0006
1.00059
1.00058
1.00057
1.00056
1.00056
1.00055
1.00054
1.00054
1.00053
1.00052
1.00052
1.00051
1.0005
1.00049
1.00048
1.00048
1.00047
1.00046
1.00045
1.00044
1.00044
1.00043
1.00042
1.00041
1.0004
1.00039
1.00039
1.00038
1.00038
1.00037
1.00037
1.00036
1.00036
1.00036
1.00036
1.00036
1.00036
1.00036
1.00036
1.00036
1.00036
1.00036
1.00036
1.00036
1.00036
1.00036
1.00036
1.00036
1.00036
1.00035
1.00035
1.00035
1.00035
1.00035
1.00035
1.00034
1.00034
1.00034
1.00034
1.00033
1.00033
1.00033
1.00033
1.00032
1.00032
1.00032
1.00032
1.00031
1.00031
1.00031
1.00031
1.0003
1.0003
1.0003
1.0003
1.00029
1.00029
1.00029
1.00028
1.00028
1.00028
1.00028
1.00027
1.00027
1.00027
1.00027
1.00026
1.00026
1.00026
1.00026
1.00025
1.00025
1.00025
1.00024
1.00024
1.00024
1.00024
1.00023
1.00023
1.00023
1.00023
1.00022
1.00022
1.00022
1.00022
1.00021
1.00021
1.00021
1.00021
1.0002
1.0002
1.0002
1.0002
1.00019
1.00019
1.00019
1.00018
1.00018
1.00018
1.00018
1.00017
1.00017
1.00017
1.00017
1.00016
1.00016
1.00016
1.00016
1.00016
1.00015
1.00015
1.00015
1.00015
1.00014
1.00014
1.00014
1.00014
1.00013
1.00013
1.00013
1.00013
1.00012
1.00012
1.00012
1.00012
1.00011
1.00011
1.00011
1.00011
1.00011
1.0001
1.0001
1.0001
1.0001
1.00009
1.00009
1.00009
1.00009
1.00008
1.00008
1.00008
1.00008
1.00008
1.00007
1.00007
1.00007
1.00031
1.0008
1.00208
1.00204
1.00205
1.00209
1.00206
1.00201
1.00206
1.00207
1.002
1.00201
1.00205
1.00201
1.00198
1.00201
1.00201
1.00197
1.00197
1.00199
1.00197
1.00195
1.00196
1.00196
1.00194
1.00194
1.00194
1.00194
1.00192
1.00192
1.00192
1.00192
1.00191
1.00191
1.00191
1.0019
1.0019
1.0019
1.0019
1.00189
1.00189
1.00189
1.00189
1.00188
1.00188
1.00188
1.00188
1.00188
1.00188
1.00187
1.00187
1.00187
1.00187
1.00186
1.00186
1.00186
1.00186
1.00185
1.00185
1.00184
1.00183
1.00183
1.00182
1.00179
1.00178
1.00179
1.00174
1.0017
1.00171
1.00167
1.00159
1.00158
1.00157
1.00148
1.00144
1.00144
1.00137
1.00133
1.00132
1.00127
1.00123
1.00123
1.00118
1.00114
1.00113
1.00111
1.00108
1.00105
1.00105
1.00104
1.00101
1.00099
1.00099
1.00098
1.00095
1.00094
1.00093
1.00092
1.0009
1.00089
1.00088
1.00086
1.00085
1.00084
1.00082
1.00081
1.00079
1.00079
1.00078
1.00076
1.00076
1.00075
1.00074
1.00074
1.00073
1.00073
1.00072
1.00071
1.0007
1.0007
1.00069
1.00068
1.00067
1.00067
1.00066
1.00066
1.00065
1.00064
1.00064
1.00063
1.00062
1.00061
1.00061
1.00059
1.00059
1.00058
1.00057
1.00056
1.00055
1.00055
1.00054
1.00053
1.00053
1.00052
1.00051
1.00051
1.0005
1.00049
1.00049
1.00048
1.00047
1.00046
1.00045
1.00044
1.00043
1.00042
1.00041
1.00041
1.0004
1.00039
1.00038
1.00038
1.00037
1.00036
1.00036
1.00036
1.00035
1.00035
1.00036
1.00036
1.00035
1.00036
1.00036
1.00036
1.00036
1.00036
1.00036
1.00036
1.00036
1.00036
1.00036
1.00036
1.00036
1.00036
1.00035
1.00035
1.00035
1.00035
1.00035
1.00035
1.00034
1.00034
1.00034
1.00034
1.00033
1.00033
1.00033
1.00033
1.00032
1.00032
1.00032
1.00032
1.00031
1.00031
1.00031
1.0003
1.0003
1.0003
1.0003
1.00029
1.00029
1.00029
1.00029
1.00028
1.00028
1.00028
1.00027
1.00027
1.00027
1.00027
1.00026
1.00026
1.00026
1.00026
1.00025
1.00025
1.00025
1.00025
1.00024
1.00024
1.00024
1.00023
1.00023
1.00023
1.00023
1.00022
1.00022
1.00022
1.00022
1.00021
1.00021
1.00021
1.00021
1.0002
1.0002
1.0002
1.0002
1.00019
1.00019
1.00019
1.00019
1.00018
1.00018
1.00018
1.00017
1.00017
1.00017
1.00017
1.00017
1.00016
1.00016
1.00016
1.00016
1.00015
1.00015
1.00015
1.00015
1.00014
1.00014
1.00014
1.00014
1.00013
1.00013
1.00013
1.00013
1.00012
1.00012
1.00012
1.00012
1.00011
1.00011
1.00011
1.00011
1.00011
1.0001
1.0001
1.0001
1.0001
1.00009
1.00009
1.00009
1.00009
1.00008
1.00008
1.00008
1.00008
1.00008
1.00007
1.00007
1.00007
1.00033
1.00079
1.00206
1.00205
1.00205
1.00205
1.00204
1.00204
1.00205
1.00202
1.00202
1.00204
1.00201
1.00199
1.00201
1.00201
1.00198
1.00198
1.00199
1.00197
1.00196
1.00197
1.00197
1.00195
1.00194
1.00195
1.00194
1.00193
1.00193
1.00193
1.00192
1.00192
1.00192
1.00191
1.00191
1.00191
1.00191
1.0019
1.0019
1.0019
1.0019
1.00189
1.00189
1.00189
1.00189
1.00189
1.00188
1.00188
1.00188
1.00188
1.00188
1.00188
1.00188
1.00187
1.00187
1.00187
1.00187
1.00187
1.00186
1.00186
1.00186
1.00185
1.00183
1.00183
1.00182
1.00178
1.00176
1.00175
1.0017
1.00165
1.00163
1.00158
1.00153
1.0015
1.00143
1.0014
1.00138
1.0013
1.00128
1.00127
1.00121
1.00117
1.00117
1.00114
1.0011
1.00107
1.00107
1.00105
1.00102
1.00101
1.00101
1.00099
1.00096
1.00096
1.00095
1.00093
1.00092
1.00091
1.0009
1.00088
1.00087
1.00086
1.00084
1.00082
1.00082
1.0008
1.00079
1.00078
1.00077
1.00076
1.00075
1.00075
1.00074
1.00074
1.00073
1.00072
1.00072
1.00071
1.0007
1.00069
1.00069
1.00068
1.00067
1.00066
1.00066
1.00065
1.00065
1.00064
1.00064
1.00063
1.00062
1.00061
1.00061
1.0006
1.00059
1.00058
1.00057
1.00056
1.00055
1.00055
1.00054
1.00053
1.00053
1.00052
1.00051
1.00051
1.0005
1.00049
1.00049
1.00048
1.00047
1.00046
1.00045
1.00044
1.00043
1.00042
1.00041
1.0004
1.00039
1.00038
1.00038
1.00036
1.00036
1.00036
1.00035
1.00035
1.00035
1.00035
1.00035
1.00035
1.00035
1.00036
1.00036
1.00036
1.00036
1.00036
1.00036
1.00036
1.00036
1.00036
1.00036
1.00036
1.00036
1.00036
1.00036
1.00036
1.00035
1.00035
1.00035
1.00035
1.00035
1.00034
1.00034
1.00034
1.00034
1.00033
1.00033
1.00033
1.00032
1.00032
1.00032
1.00032
1.00031
1.00031
1.00031
1.00031
1.0003
1.0003
1.0003
1.00029
1.00029
1.00029
1.00029
1.00028
1.00028
1.00028
1.00028
1.00027
1.00027
1.00027
1.00026
1.00026
1.00026
1.00026
1.00025
1.00025
1.00025
1.00025
1.00024
1.00024
1.00024
1.00023
1.00023
1.00023
1.00023
1.00022
1.00022
1.00022
1.00022
1.00021
1.00021
1.00021
1.00021
1.0002
1.0002
1.0002
1.0002
1.00019
1.00019
1.00019
1.00019
1.00018
1.00018
1.00018
1.00018
1.00017
1.00017
1.00017
1.00017
1.00016
1.00016
1.00016
1.00016
1.00015
1.00015
1.00015
1.00015
1.00014
1.00014
1.00014
1.00014
1.00013
1.00013
1.00013
1.00013
1.00012
1.00012
1.00012
1.00012
1.00011
1.00011
1.00011
1.00011
1.00011
1.0001
1.0001
1.0001
1.0001
1.00009
1.00009
1.00009
1.00009
1.00009
1.00008
1.00008
1.00008
1.00008
1.00007
1.00007
1.00007
1.00036
1.00079
1.00203
1.00206
1.00206
1.00202
1.00204
1.00206
1.00202
1.00201
1.00204
1.00203
1.00199
1.00201
1.00202
1.00199
1.00198
1.002
1.00198
1.00196
1.00197
1.00197
1.00195
1.00195
1.00196
1.00195
1.00194
1.00194
1.00194
1.00193
1.00192
1.00192
1.00192
1.00191
1.00191
1.00191
1.00191
1.0019
1.0019
1.0019
1.0019
1.0019
1.00189
1.00189
1.00189
1.00189
1.00189
1.00189
1.00189
1.00189
1.00189
1.00189
1.00188
1.00189
1.00189
1.00188
1.00188
1.00189
1.00188
1.00187
1.00188
1.00186
1.00185
1.00186
1.00183
1.00179
1.0018
1.00178
1.0017
1.00166
1.00167
1.00158
1.00149
1.0015
1.00145
1.00134
1.00135
1.00132
1.00124
1.00123
1.00121
1.00115
1.00113
1.00111
1.00108
1.00105
1.00103
1.00103
1.00102
1.00099
1.00098
1.00098
1.00096
1.00095
1.00094
1.00093
1.00091
1.0009
1.00089
1.00088
1.00086
1.00085
1.00084
1.00082
1.00081
1.00079
1.00078
1.00076
1.00075
1.00076
1.00074
1.00074
1.00074
1.00073
1.00073
1.00072
1.00071
1.00071
1.0007
1.00069
1.00068
1.00067
1.00067
1.00066
1.00066
1.00065
1.00065
1.00065
1.00064
1.00063
1.00063
1.00061
1.0006
1.0006
1.00059
1.00058
1.00057
1.00056
1.00055
1.00054
1.00054
1.00054
1.00053
1.00052
1.00052
1.00051
1.0005
1.00049
1.00049
1.00048
1.00047
1.00046
1.00045
1.00044
1.00043
1.00042
1.00041
1.0004
1.00038
1.00038
1.00037
1.00036
1.00035
1.00035
1.00034
1.00034
1.00034
1.00034
1.00034
1.00035
1.00035
1.00035
1.00035
1.00036
1.00036
1.00036
1.00036
1.00036
1.00036
1.00036
1.00036
1.00036
1.00036
1.00036
1.00036
1.00036
1.00036
1.00035
1.00035
1.00035
1.00035
1.00034
1.00034
1.00034
1.00034
1.00033
1.00033
1.00033
1.00033
1.00032
1.00032
1.00032
1.00032
1.00031
1.00031
1.00031
1.0003
1.0003
1.0003
1.0003
1.00029
1.00029
1.00029
1.00028
1.00028
1.00028
1.00028
1.00027
1.00027
1.00027
1.00026
1.00026
1.00026
1.00026
1.00025
1.00025
1.00025
1.00025
1.00024
1.00024
1.00024
1.00023
1.00023
1.00023
1.00023
1.00022
1.00022
1.00022
1.00022
1.00021
1.00021
1.00021
1.00021
1.0002
1.0002
1.0002
1.0002
1.00019
1.00019
1.00019
1.00019
1.00018
1.00018
1.00018
1.00018
1.00017
1.00017
1.00017
1.00017
1.00016
1.00016
1.00016
1.00016
1.00015
1.00015
1.00015
1.00015
1.00014
1.00014
1.00014
1.00014
1.00013
1.00013
1.00013
1.00013
1.00012
1.00012
1.00012
1.00012
1.00011
1.00011
1.00011
1.00011
1.00011
1.0001
1.0001
1.0001
1.0001
1.00009
1.00009
1.00009
1.00009
1.00009
1.00008
1.00008
1.00008
1.00008
1.00007
1.00007
1.00007
1.00038
1.00079
1.00204
1.00204
1.00204
1.00204
1.00204
1.00202
1.00203
1.00204
1.00202
1.002
1.00202
1.00202
1.00199
1.00199
1.002
1.00198
1.00197
1.00198
1.00198
1.00196
1.00196
1.00196
1.00195
1.00194
1.00194
1.00194
1.00193
1.00193
1.00193
1.00193
1.00192
1.00192
1.00192
1.00191
1.00191
1.00191
1.00191
1.0019
1.0019
1.0019
1.0019
1.0019
1.00189
1.00189
1.0019
1.00189
1.00189
1.00189
1.0019
1.00189
1.00189
1.0019
1.0019
1.00189
1.0019
1.0019
1.0019
1.00189
1.00189
1.00189
1.00189
1.00186
1.00185
1.00186
1.00182
1.00175
1.00176
1.00172
1.00161
1.00158
1.00155
1.00145
1.00142
1.00136
1.00129
1.0013
1.00125
1.00117
1.00118
1.00118
1.0011
1.00106
1.00106
1.00107
1.00101
1.00098
1.001
1.001
1.00096
1.00096
1.00096
1.00095
1.00093
1.00092
1.00091
1.0009
1.00088
1.00088
1.00086
1.00084
1.00083
1.00082
1.0008
1.00078
1.00077
1.00076
1.00075
1.00074
1.00074
1.00074
1.00074
1.00073
1.00072
1.00073
1.00072
1.0007
1.0007
1.00069
1.00067
1.00066
1.00067
1.00066
1.00065
1.00066
1.00065
1.00065
1.00064
1.00063
1.00063
1.00062
1.00061
1.00059
1.00059
1.00058
1.00056
1.00056
1.00055
1.00054
1.00054
1.00053
1.00052
1.00052
1.00052
1.00051
1.0005
1.0005
1.00049
1.00048
1.00047
1.00046
1.00045
1.00044
1.00043
1.00041
1.0004
1.00039
1.00038
1.00037
1.00036
1.00035
1.00034
1.00033
1.00033
1.00034
1.00033
1.00033
1.00034
1.00034
1.00034
1.00034
1.00035
1.00036
1.00036
1.00036
1.00036
1.00036
1.00036
1.00037
1.00037
1.00036
1.00036
1.00036
1.00036
1.00036
1.00036
1.00036
1.00035
1.00035
1.00035
1.00035
1.00034
1.00034
1.00034
1.00034
1.00033
1.00033
1.00033
1.00033
1.00032
1.00032
1.00032
1.00031
1.00031
1.00031
1.0003
1.0003
1.0003
1.0003
1.00029
1.00029
1.00029
1.00028
1.00028
1.00028
1.00028
1.00027
1.00027
1.00027
1.00027
1.00026
1.00026
1.00026
1.00025
1.00025
1.00025
1.00025
1.00024
1.00024
1.00024
1.00024
1.00023
1.00023
1.00023
1.00022
1.00022
1.00022
1.00022
1.00021
1.00021
1.00021
1.00021
1.0002
1.0002
1.0002
1.0002
1.00019
1.00019
1.00019
1.00019
1.00018
1.00018
1.00018
1.00018
1.00017
1.00017
1.00017
1.00017
1.00016
1.00016
1.00016
1.00016
1.00015
1.00015
1.00015
1.00015
1.00014
1.00014
1.00014
1.00014
1.00013
1.00013
1.00013
1.00013
1.00012
1.00012
1.00012
1.00012
1.00011
1.00011
1.00011
1.00011
1.00011
1.0001
1.0001
1.0001
1.0001
1.00009
1.00009
1.00009
1.00009
1.00009
1.00008
1.00008
1.00008
1.00008
1.00008
1.00007
1.00007
1.0004
1.00079
1.00205
1.00203
1.00203
1.00205
1.00203
1.00202
1.00203
1.00203
1.002
1.00201
1.00202
1.002
1.00199
1.00201
1.00199
1.00197
1.00198
1.00198
1.00197
1.00196
1.00197
1.00196
1.00195
1.00195
1.00195
1.00194
1.00193
1.00194
1.00193
1.00192
1.00192
1.00192
1.00192
1.00191
1.00191
1.00191
1.00191
1.00191
1.0019
1.0019
1.0019
1.0019
1.0019
1.0019
1.0019
1.0019
1.0019
1.0019
1.0019
1.0019
1.00191
1.0019
1.0019
1.00191
1.00191
1.0019
1.00192
1.00192
1.00191
1.00191
1.00192
1.00189
1.00189
1.0019
1.00183
1.00179
1.00179
1.00173
1.00161
1.00158
1.00157
1.00141
1.00136
1.00138
1.00127
1.0012
1.00126
1.0012
1.00114
1.00114
1.00109
1.00107
1.00103
1.00101
1.00102
1.00099
1.00097
1.00097
1.00097
1.00095
1.00094
1.00094
1.00093
1.00092
1.00091
1.0009
1.00088
1.00087
1.00086
1.00085
1.00083
1.00081
1.0008
1.00079
1.00076
1.00075
1.00074
1.00072
1.00073
1.00074
1.00073
1.00074
1.00073
1.00072
1.00072
1.00071
1.00069
1.00068
1.00068
1.00067
1.00066
1.00066
1.00066
1.00066
1.00065
1.00064
1.00065
1.00064
1.00062
1.00062
1.00061
1.0006
1.00058
1.00058
1.00057
1.00055
1.00054
1.00055
1.00053
1.00052
1.00053
1.00052
1.00052
1.00051
1.0005
1.0005
1.00049
1.00048
1.00047
1.00046
1.00045
1.00044
1.00042
1.00042
1.0004
1.00039
1.00038
1.00036
1.00035
1.00034
1.00033
1.00032
1.00033
1.00032
1.00031
1.00032
1.00034
1.00033
1.00033
1.00035
1.00035
1.00035
1.00036
1.00036
1.00036
1.00036
1.00037
1.00037
1.00037
1.00037
1.00037
1.00036
1.00036
1.00036
1.00036
1.00036
1.00036
1.00035
1.00035
1.00035
1.00035
1.00034
1.00034
1.00034
1.00034
1.00033
1.00033
1.00033
1.00032
1.00032
1.00032
1.00031
1.00031
1.00031
1.00031
1.0003
1.0003
1.0003
1.00029
1.00029
1.00029
1.00029
1.00028
1.00028
1.00028
1.00027
1.00027
1.00027
1.00027
1.00026
1.00026
1.00026
1.00025
1.00025
1.00025
1.00025
1.00024
1.00024
1.00024
1.00024
1.00023
1.00023
1.00023
1.00022
1.00022
1.00022
1.00022
1.00021
1.00021
1.00021
1.00021
1.0002
1.0002
1.0002
1.0002
1.00019
1.00019
1.00019
1.00019
1.00018
1.00018
1.00018
1.00018
1.00017
1.00017
1.00017
1.00017
1.00016
1.00016
1.00016
1.00016
1.00015
1.00015
1.00015
1.00015
1.00014
1.00014
1.00014
1.00014
1.00013
1.00013
1.00013
1.00013
1.00012
1.00012
1.00012
1.00012
1.00011
1.00011
1.00011
1.00011
1.00011
1.0001
1.0001
1.0001
1.0001
1.00009
1.00009
1.00009
1.00009
1.00009
1.00008
1.00008
1.00008
1.00008
1.00008
1.00007
1.00007
1.00042
1.00078
1.00203
1.00204
1.00204
1.00202
1.00202
1.00204
1.00202
1.00201
1.00202
1.00202
1.002
1.002
1.00201
1.00199
1.00198
1.00199
1.00199
1.00197
1.00197
1.00197
1.00196
1.00195
1.00196
1.00195
1.00194
1.00194
1.00194
1.00194
1.00193
1.00193
1.00193
1.00192
1.00192
1.00192
1.00192
1.00191
1.00191
1.00191
1.00191
1.00191
1.0019
1.0019
1.0019
1.0019
1.0019
1.0019
1.00191
1.00191
1.00191
1.00191
1.00191
1.00191
1.00192
1.00192
1.00192
1.00193
1.00193
1.00194
1.00194
1.00194
1.00194
1.00195
1.00193
1.00188
1.00189
1.00191
1.00176
1.00168
1.00172
1.00159
1.00145
1.00147
1.00137
1.00128
1.00127
1.00119
1.00118
1.00123
1.00116
1.00106
1.00107
1.00109
1.00104
1.00095
1.00097
1.001
1.00097
1.00095
1.00096
1.00096
1.00094
1.00093
1.00093
1.00092
1.0009
1.00089
1.00088
1.00087
1.00086
1.00085
1.00083
1.00081
1.0008
1.00079
1.00075
1.00073
1.00073
1.00074
1.00073
1.00072
1.00072
1.00074
1.00074
1.00072
1.00071
1.00071
1.0007
1.00068
1.00067
1.00067
1.00064
1.00065
1.00066
1.00065
1.00065
1.00065
1.00064
1.00064
1.00063
1.00062
1.00061
1.0006
1.00059
1.00057
1.00056
1.00055
1.00054
1.00053
1.00053
1.00053
1.00053
1.00052
1.00051
1.00052
1.00051
1.0005
1.00049
1.00048
1.00047
1.00046
1.00045
1.00044
1.00043
1.00041
1.0004
1.00038
1.00037
1.00036
1.00035
1.00033
1.00032
1.00032
1.00031
1.0003
1.00032
1.00032
1.00032
1.00033
1.00034
1.00035
1.00034
1.00035
1.00036
1.00036
1.00036
1.00037
1.00037
1.00037
1.00037
1.00037
1.00037
1.00037
1.00037
1.00036
1.00036
1.00036
1.00036
1.00036
1.00035
1.00035
1.00035
1.00035
1.00034
1.00034
1.00034
1.00033
1.00033
1.00033
1.00032
1.00032
1.00032
1.00032
1.00031
1.00031
1.00031
1.0003
1.0003
1.0003
1.00029
1.00029
1.00029
1.00029
1.00028
1.00028
1.00028
1.00027
1.00027
1.00027
1.00027
1.00026
1.00026
1.00026
1.00025
1.00025
1.00025
1.00025
1.00024
1.00024
1.00024
1.00024
1.00023
1.00023
1.00023
1.00023
1.00022
1.00022
1.00022
1.00021
1.00021
1.00021
1.00021
1.0002
1.0002
1.0002
1.0002
1.00019
1.00019
1.00019
1.00019
1.00018
1.00018
1.00018
1.00018
1.00017
1.00017
1.00017
1.00017
1.00016
1.00016
1.00016
1.00016
1.00015
1.00015
1.00015
1.00015
1.00014
1.00014
1.00014
1.00014
1.00013
1.00013
1.00013
1.00013
1.00012
1.00012
1.00012
1.00012
1.00012
1.00011
1.00011
1.00011
1.00011
1.0001
1.0001
1.0001
1.0001
1.00009
1.00009
1.00009
1.00009
1.00009
1.00008
1.00008
1.00008
1.00008
1.00008
1.00008
1.00007
1.00044
1.00078
1.00202
1.00203
1.00203
1.00202
1.00203
1.00203
1.00201
1.00201
1.00202
1.00201
1.002
1.00201
1.002
1.00199
1.00199
1.00199
1.00198
1.00197
1.00198
1.00197
1.00196
1.00196
1.00196
1.00195
1.00194
1.00195
1.00194
1.00193
1.00193
1.00193
1.00193
1.00192
1.00192
1.00192
1.00192
1.00191
1.00191
1.00191
1.00191
1.00191
1.00191
1.00191
1.00191
1.00191
1.00191
1.00191
1.00191
1.00191
1.00192
1.00192
1.00191
1.00193
1.00193
1.00192
1.00194
1.00196
1.00195
1.00194
1.00197
1.00198
1.00195
1.00197
1.00199
1.00195
1.00194
1.00191
1.00181
1.00176
1.0017
1.00162
1.00143
1.00148
1.00133
1.00117
1.00125
1.00126
1.0011
1.00112
1.00122
1.00117
1.00111
1.00095
1.00097
1.00101
1.00097
1.00096
1.00097
1.00097
1.00095
1.00095
1.00094
1.00093
1.00092
1.00091
1.0009
1.00089
1.00088
1.00087
1.00086
1.00084
1.00083
1.00082
1.0008
1.00077
1.00078
1.00075
1.00069
1.0007
1.00068
1.00073
1.00075
1.00073
1.00073
1.00073
1.00072
1.00071
1.0007
1.00068
1.00066
1.00065
1.00066
1.00065
1.00064
1.00064
1.00066
1.00066
1.00064
1.00064
1.00064
1.00063
1.00061
1.0006
1.00059
1.00058
1.00055
1.00055
1.00054
1.00052
1.00053
1.00053
1.00052
1.00052
1.00052
1.00051
1.00051
1.0005
1.00049
1.00048
1.00047
1.00046
1.00045
1.00044
1.00043
1.00041
1.0004
1.00039
1.00037
1.00035
1.00034
1.00032
1.00031
1.0003
1.00029
1.0003
1.00031
1.0003
1.0003
1.00033
1.00034
1.00034
1.00035
1.00036
1.00036
1.00036
1.00037
1.00037
1.00037
1.00037
1.00037
1.00037
1.00037
1.00037
1.00037
1.00037
1.00036
1.00036
1.00036
1.00036
1.00036
1.00035
1.00035
1.00035
1.00034
1.00034
1.00034
1.00034
1.00033
1.00033
1.00033
1.00032
1.00032
1.00032
1.00031
1.00031
1.00031
1.0003
1.0003
1.0003
1.0003
1.00029
1.00029
1.00029
1.00028
1.00028
1.00028
1.00028
1.00027
1.00027
1.00027
1.00026
1.00026
1.00026
1.00026
1.00025
1.00025
1.00025
1.00024
1.00024
1.00024
1.00024
1.00023
1.00023
1.00023
1.00023
1.00022
1.00022
1.00022
1.00021
1.00021
1.00021
1.00021
1.0002
1.0002
1.0002
1.0002
1.00019
1.00019
1.00019
1.00019
1.00018
1.00018
1.00018
1.00018
1.00017
1.00017
1.00017
1.00017
1.00016
1.00016
1.00016
1.00016
1.00015
1.00015
1.00015
1.00015
1.00014
1.00014
1.00014
1.00014
1.00013
1.00013
1.00013
1.00013
1.00012
1.00012
1.00012
1.00012
1.00012
1.00011
1.00011
1.00011
1.00011
1.0001
1.0001
1.0001
1.0001
1.0001
1.00009
1.00009
1.00009
1.00009
1.00008
1.00008
1.00008
1.00008
1.00008
1.00008
1.00007
1.00045
1.00078
1.00203
1.00202
1.00202
1.00203
1.00202
1.00201
1.00202
1.00202
1.00201
1.002
1.00201
1.002
1.00199
1.002
1.002
1.00198
1.00198
1.00198
1.00197
1.00196
1.00197
1.00196
1.00195
1.00195
1.00195
1.00195
1.00194
1.00194
1.00194
1.00193
1.00193
1.00193
1.00192
1.00192
1.00192
1.00192
1.00191
1.00191
1.00191
1.00191
1.00191
1.00191
1.00191
1.00191
1.00191
1.00191
1.00191
1.00192
1.00192
1.00192
1.00193
1.00193
1.00193
1.00194
1.00195
1.00196
1.00196
1.00198
1.00199
1.00199
1.00201
1.00201
1.00201
1.00204
1.00198
1.00188
1.00197
1.00191
1.00155
1.00156
1.00157
1.00141
1.00135
1.00128
1.00105
1.00111
1.00118
1.00115
1.0012
1.00123
1.00111
1.00095
1.00091
1.00098
1.00098
1.00095
1.00096
1.00096
1.00095
1.00094
1.00094
1.00093
1.00092
1.00091
1.0009
1.00089
1.00088
1.00087
1.00086
1.00084
1.00083
1.00082
1.0008
1.00078
1.00078
1.00075
1.00069
1.00064
1.00067
1.00072
1.00076
1.00074
1.00073
1.00074
1.00073
1.00071
1.00069
1.0007
1.00068
1.00062
1.00063
1.00061
1.00065
1.00067
1.00066
1.00065
1.00066
1.00065
1.00063
1.00063
1.00062
1.0006
1.00059
1.00058
1.00055
1.00053
1.00053
1.00053
1.00052
1.00052
1.00051
1.00053
1.00053
1.00051
1.00051
1.00051
1.0005
1.00048
1.00047
1.00046
1.00045
1.00044
1.00042
1.00041
1.0004
1.00038
1.00036
1.00035
1.00033
1.00031
1.0003
1.00027
1.00029
1.0003
1.00028
1.0003
1.00032
1.00032
1.00032
1.00034
1.00035
1.00036
1.00035
1.00036
1.00037
1.00037
1.00037
1.00037
1.00037
1.00037
1.00037
1.00037
1.00037
1.00037
1.00037
1.00036
1.00036
1.00036
1.00036
1.00035
1.00035
1.00035
1.00035
1.00034
1.00034
1.00034
1.00033
1.00033
1.00033
1.00032
1.00032
1.00032
1.00031
1.00031
1.00031
1.00031
1.0003
1.0003
1.0003
1.00029
1.00029
1.00029
1.00028
1.00028
1.00028
1.00028
1.00027
1.00027
1.00027
1.00026
1.00026
1.00026
1.00026
1.00025
1.00025
1.00025
1.00024
1.00024
1.00024
1.00024
1.00023
1.00023
1.00023
1.00023
1.00022
1.00022
1.00022
1.00021
1.00021
1.00021
1.00021
1.0002
1.0002
1.0002
1.0002
1.00019
1.00019
1.00019
1.00019
1.00018
1.00018
1.00018
1.00018
1.00017
1.00017
1.00017
1.00017
1.00016
1.00016
1.00016
1.00016
1.00015
1.00015
1.00015
1.00015
1.00014
1.00014
1.00014
1.00014
1.00013
1.00013
1.00013
1.00013
1.00012
1.00012
1.00012
1.00012
1.00012
1.00011
1.00011
1.00011
1.00011
1.0001
1.0001
1.0001
1.0001
1.0001
1.00009
1.00009
1.00009
1.00009
1.00009
1.00008
1.00008
1.00008
1.00008
1.00008
1.00007
1.00047
1.00078
1.00203
1.00202
1.00202
1.00202
1.00202
1.00202
1.00202
1.00201
1.00201
1.00201
1.00201
1.00199
1.002
1.002
1.00198
1.00198
1.00198
1.00198
1.00197
1.00197
1.00197
1.00196
1.00195
1.00195
1.00195
1.00194
1.00194
1.00194
1.00194
1.00193
1.00193
1.00193
1.00192
1.00192
1.00192
1.00192
1.00192
1.00191
1.00191
1.00191
1.00191
1.00191
1.00191
1.00192
1.00191
1.00192
1.00192
1.00192
1.00192
1.00193
1.00194
1.00193
1.00194
1.00196
1.00196
1.00196
1.00199
1.00201
1.00199
1.002
1.00207
1.00206
1.00202
1.00207
1.00212
1.00203
1.00194
1.00179
1.00177
1.00161
1.0016
1.00129
1.0013
1.00132
1.00106
1.00098
1.00116
1.00117
1.00107
1.00125
1
1
1
1
1
1
1
1
1
1
1
1
1
1
1
1
1
1
1
1
1
1
1
1
1
1
1
1.00056
1.00079
1.00076
1.00072
1.00075
1.00076
1.00074
1.00072
1.00072
1.0007
1.0007
1.00068
1.00063
1.00058
1.0006
1.00065
1.00068
1.00066
1.00065
1.00066
1.00065
1.00064
1.00062
1.00062
1.00061
1.00059
1.00057
1.00057
1.00055
1.0005
1.00051
1.00049
1.00052
1.00054
1.00053
1.00052
1.00053
1.00052
1.0005
1.0005
1.00049
1.00048
1.00046
1.00045
1.00044
1.00043
1.00042
1.0004
1.00038
1.00037
1.00036
1.00031
1.00029
1.00029
1.00029
1.00027
1.00027
1.00026
1.0003
1.00031
1.00031
1.00033
1.00034
1.00034
1.00035
1.00036
1.00037
1.00036
1.00037
1.00037
1.00037
1.00037
1.00037
1.00037
1.00037
1.00037
1.00037
1.00037
1.00036
1.00036
1.00036
1.00036
1.00035
1.00035
1.00035
1.00035
1.00034
1.00034
1.00034
1.00033
1.00033
1.00033
1.00032
1.00032
1.00032
1.00032
1.00031
1.00031
1.00031
1.0003
1.0003
1.0003
1.00029
1.00029
1.00029
1.00028
1.00028
1.00028
1.00028
1.00027
1.00027
1.00027
1.00026
1.00026
1.00026
1.00026
1.00025
1.00025
1.00025
1.00024
1.00024
1.00024
1.00024
1.00023
1.00023
1.00023
1.00023
1.00022
1.00022
1.00022
1.00022
1.00021
1.00021
1.00021
1.0002
1.0002
1.0002
1.0002
1.00019
1.00019
1.00019
1.00019
1.00018
1.00018
1.00018
1.00018
1.00017
1.00017
1.00017
1.00017
1.00016
1.00016
1.00016
1.00016
1.00015
1.00015
1.00015
1.00015
1.00014
1.00014
1.00014
1.00014
1.00013
1.00013
1.00013
1.00013
1.00012
1.00012
1.00012
1.00012
1.00012
1.00011
1.00011
1.00011
1.00011
1.0001
1.0001
1.0001
1.0001
1.0001
1.00009
1.00009
1.00009
1.00009
1.00009
1.00008
1.00008
1.00008
1.00008
1.00008
1.00008
1.00048
1.00078
1.00202
1.00202
1.00202
1.00201
1.00202
1.00202
1.00201
1.002
1.00201
1.00201
1.00199
1.002
1.002
1.00199
1.00198
1.00199
1.00198
1.00197
1.00197
1.00197
1.00196
1.00196
1.00196
1.00195
1.00195
1.00195
1.00195
1.00194
1.00193
1.00194
1.00193
1.00193
1.00193
1.00192
1.00192
1.00192
1.00192
1.00192
1.00192
1.00192
1.00192
1.00192
1.00192
1.00192
1.00192
1.00192
1.00192
1.00192
1.00193
1.00193
1.00194
1.00195
1.00196
1.00196
1.00197
1.00199
1.002
1.002
1.00203
1.00206
1.00205
1.00208
1.00213
1.00213
1.00213
1.0022
1.00202
1.00181
1.00211
1.00158
1.00123
1.00125
1.00143
1
1
1
1
1
1
1
1
1
1
1
1
1
1
1
1
1
1
1
1
1
1
1
1
1
1
1
1
1
1
1
1
1
1
1
1
1
1
1
1
1
1
1
1
1
1
1
1.00051
1.00071
1.00069
1.00064
1.00067
1.00068
1.00066
1.00064
1.00064
1.00063
1.00062
1.00061
1.00059
1.00057
1.00058
1.00055
1.0005
1.00046
1.00048
1.00052
1.00055
1.00053
1.00052
1.00053
1.00052
1.00051
1.0005
1.00049
1.00048
1.00046
1.00045
1.00044
1.00043
1.00041
1.0004
1.00039
1.00037
1.00034
1.00034
1.00032
1.00026
1.00026
1.00022
1.00025
1.00031
1.00029
1.00027
1.0003
1.00034
1.00034
1.00034
1.00035
1.00037
1.00037
1.00037
1.00037
1.00038
1.00037
1.00037
1.00038
1.00037
1.00037
1.00037
1.00037
1.00037
1.00037
1.00036
1.00036
1.00036
1.00036
1.00035
1.00035
1.00035
1.00034
1.00034
1.00034
1.00033
1.00033
1.00033
1.00033
1.00032
1.00032
1.00032
1.00031
1.00031
1.00031
1.0003
1.0003
1.0003
1.00029
1.00029
1.00029
1.00029
1.00028
1.00028
1.00028
1.00027
1.00027
1.00027
1.00026
1.00026
1.00026
1.00026
1.00025
1.00025
1.00025
1.00025
1.00024
1.00024
1.00024
1.00023
1.00023
1.00023
1.00023
1.00022
1.00022
1.00022
1.00022
1.00021
1.00021
1.00021
1.0002
1.0002
1.0002
1.0002
1.00019
1.00019
1.00019
1.00019
1.00018
1.00018
1.00018
1.00018
1.00017
1.00017
1.00017
1.00017
1.00016
1.00016
1.00016
1.00016
1.00015
1.00015
1.00015
1.00015
1.00014
1.00014
1.00014
1.00014
1.00013
1.00013
1.00013
1.00013
1.00012
1.00012
1.00012
1.00012
1.00012
1.00011
1.00011
1.00011
1.00011
1.0001
1.0001
1.0001
1.0001
1.0001
1.00009
1.00009
1.00009
1.00009
1.00009
1.00008
1.00008
1.00008
1.00008
1.00008
1.00008
1.00049
1.00078
1.00202
1.00202
1.00202
1.00202
1.00202
1.00201
1.00201
1.00201
1.00201
1.002
1.002
1.002
1.00199
1.00199
1.00199
1.00198
1.00198
1.00198
1.00198
1.00197
1.00196
1.00196
1.00196
1.00195
1.00195
1.00195
1.00194
1.00194
1.00194
1.00193
1.00193
1.00193
1.00193
1.00192
1.00192
1.00192
1.00192
1.00192
1.00192
1.00192
1.00192
1.00192
1.00192
1.00192
1.00192
1.00192
1.00192
1.00193
1.00194
1.00194
1.00194
1.00195
1.00196
1.00196
1.00198
1.002
1.002
1.00201
1.00206
1.00208
1.00206
1.00211
1.00221
1.00217
1.00213
1.00235
1.0024
1.00208
1.0015
1.00164
1
1
1
1
1
1
1
1
1
1
1
1
1
1
1
1
1
1
1
1
1
1
1
1
1
1
1
1
1
1
1
1
1
1
1
1
1
1
1
1
1
1
1
1
1
1
1
1
1
1
1
1
1
1
1
1
1
1
1
1
1
1
1
1
1
1
1
1.00039
1.00058
1.00055
1.00051
1.00054
1.00055
1.00053
1.00051
1.00051
1.0005
1.00049
1.00048
1.00047
1.00045
1.00044
1.00043
1.00041
1.0004
1.00039
1.00037
1.00035
1.00035
1.00032
1.00025
1.00021
1.00023
1.00024
1.00027
1.00024
1.00029
1.00033
1.00032
1.00032
1.00036
1.00036
1.00035
1.00036
1.00038
1.00037
1.00037
1.00038
1.00038
1.00037
1.00037
1.00038
1.00037
1.00037
1.00037
1.00037
1.00036
1.00036
1.00036
1.00036
1.00035
1.00035
1.00035
1.00034
1.00034
1.00034
1.00034
1.00033
1.00033
1.00033
1.00032
1.00032
1.00032
1.00031
1.00031
1.00031
1.0003
1.0003
1.0003
1.00029
1.00029
1.00029
1.00029
1.00028
1.00028
1.00028
1.00027
1.00027
1.00027
1.00026
1.00026
1.00026
1.00026
1.00025
1.00025
1.00025
1.00025
1.00024
1.00024
1.00024
1.00023
1.00023
1.00023
1.00023
1.00022
1.00022
1.00022
1.00022
1.00021
1.00021
1.00021
1.0002
1.0002
1.0002
1.0002
1.00019
1.00019
1.00019
1.00019
1.00018
1.00018
1.00018
1.00018
1.00017
1.00017
1.00017
1.00017
1.00016
1.00016
1.00016
1.00016
1.00015
1.00015
1.00015
1.00015
1.00014
1.00014
1.00014
1.00014
1.00013
1.00013
1.00013
1.00013
1.00012
1.00012
1.00012
1.00012
1.00012
1.00011
1.00011
1.00011
1.00011
1.0001
1.0001
1.0001
1.0001
1.0001
1.00009
1.00009
1.00009
1.00009
1.00009
1.00008
1.00008
1.00008
1.00008
1.00008
1.00008
1.0005
1.00078
1.00202
1.00201
1.00201
1.00202
1.00202
1.00201
1.00201
1.00201
1.002
1.002
1.00201
1.002
1.00199
1.00199
1.00199
1.00198
1.00198
1.00198
1.00197
1.00196
1.00197
1.00196
1.00195
1.00195
1.00195
1.00195
1.00194
1.00194
1.00194
1.00193
1.00193
1.00193
1.00193
1.00192
1.00192
1.00192
1.00192
1.00192
1.00192
1.00192
1.00192
1.00192
1.00192
1.00192
1.00192
1.00192
1.00193
1.00193
1.00193
1.00194
1.00195
1.00195
1.00196
1.00198
1.00199
1.00199
1.00202
1.00205
1.00204
1.00206
1.00214
1.00215
1.00214
1.00225
1.00238
1.00229
1.00232
1.00277
1
1
1
1
1
1
1
1
1
1
1
1
1
1
1
1
1
1
1
1
1
1
1
1
1
1
1
1
1
1
1
1
1
1
1
1
1
1
1
1
1
1
1
1
1
1
1
1
1
1
1
1
1
1
1
1
1
1
1
1
1
1
1
1
1
1
1
1
1
1
1
1
1
1
1
1
1
1
1
1
1
1
1
1
1
1
1
1
1
1
1
1
1
1.00016
1.00035
1.00029
1.00017
1.00022
1.00029
1.00032
1.00032
1.00034
1.00035
1.00035
1.00036
1.00037
1.00037
1.00037
1.00038
1.00038
1.00038
1.00038
1.00038
1.00038
1.00037
1.00037
1.00037
1.00037
1.00037
1.00036
1.00036
1.00036
1.00035
1.00035
1.00035
1.00035
1.00034
1.00034
1.00034
1.00033
1.00033
1.00033
1.00032
1.00032
1.00032
1.00031
1.00031
1.00031
1.0003
1.0003
1.0003
1.00029
1.00029
1.00029
1.00029
1.00028
1.00028
1.00028
1.00027
1.00027
1.00027
1.00027
1.00026
1.00026
1.00026
1.00025
1.00025
1.00025
1.00025
1.00024
1.00024
1.00024
1.00023
1.00023
1.00023
1.00023
1.00022
1.00022
1.00022
1.00022
1.00021
1.00021
1.00021
1.00021
1.0002
1.0002
1.0002
1.00019
1.00019
1.00019
1.00019
1.00018
1.00018
1.00018
1.00018
1.00017
1.00017
1.00017
1.00017
1.00016
1.00016
1.00016
1.00016
1.00015
1.00015
1.00015
1.00015
1.00014
1.00014
1.00014
1.00014
1.00013
1.00013
1.00013
1.00013
1.00012
1.00012
1.00012
1.00012
1.00012
1.00011
1.00011
1.00011
1.00011
1.0001
1.0001
1.0001
1.0001
1.0001
1.00009
1.00009
1.00009
1.00009
1.00009
1.00008
1.00008
1.00008
1.00008
1.00008
1.00008
1.00051
1.00078
1.00202
1.00202
1.00202
1.00201
1.00201
1.00201
1.00201
1.00201
1.00201
1.00201
1.002
1.002
1.002
1.00199
1.00198
1.00198
1.00198
1.00197
1.00197
1.00197
1.00196
1.00196
1.00196
1.00196
1.00195
1.00195
1.00195
1.00194
1.00194
1.00194
1.00193
1.00193
1.00193
1.00193
1.00192
1.00192
1.00192
1.00192
1.00192
1.00192
1.00192
1.00192
1.00192
1.00192
1.00192
1.00193
1.00193
1.00193
1.00194
1.00194
1.00195
1.00195
1.00196
1.00198
1.00199
1.00199
1.00202
1.00205
1.00205
1.00208
1.00214
1.00216
1.00217
1.00227
1.00238
1.00235
1.00253
1.00289
1
1
1
1
1
1
1
1
1
1
1
1
1
1
1
1
1
1
1
1
1
1
1
1
1
1
1
1
1
1
1
1
1
1
1
1
1
1
1
1
1
1
1
1
1
1
1
1
1
1
1
1
1
1
1
1
1
1
1
1
1
1
1
1
1
1
1
1
1
1
1
1
1
1
1
1
1
1
1
1
1
1
1
1
1
1
1
1
1
1
1
1
1
1
1
1
1.00013
1.00032
1.00029
1.00027
1.00033
1.00036
1.00034
1.00035
1.00037
1.00037
1.00036
1.00037
1.00038
1.00037
1.00037
1.00038
1.00038
1.00037
1.00037
1.00037
1.00037
1.00037
1.00037
1.00036
1.00036
1.00036
1.00035
1.00035
1.00035
1.00035
1.00034
1.00034
1.00034
1.00033
1.00033
1.00033
1.00032
1.00032
1.00032
1.00031
1.00031
1.00031
1.0003
1.0003
1.0003
1.00029
1.00029
1.00029
1.00029
1.00028
1.00028
1.00028
1.00027
1.00027
1.00027
1.00027
1.00026
1.00026
1.00026
1.00025
1.00025
1.00025
1.00025
1.00024
1.00024
1.00024
1.00023
1.00023
1.00023
1.00023
1.00022
1.00022
1.00022
1.00022
1.00021
1.00021
1.00021
1.00021
1.0002
1.0002
1.0002
1.00019
1.00019
1.00019
1.00019
1.00018
1.00018
1.00018
1.00018
1.00017
1.00017
1.00017
1.00017
1.00016
1.00016
1.00016
1.00016
1.00015
1.00015
1.00015
1.00015
1.00014
1.00014
1.00014
1.00014
1.00013
1.00013
1.00013
1.00013
1.00012
1.00012
1.00012
1.00012
1.00012
1.00011
1.00011
1.00011
1.00011
1.0001
1.0001
1.0001
1.0001
1.0001
1.00009
1.00009
1.00009
1.00009
1.00009
1.00008
1.00008
1.00008
1.00008
1.00008
1.00008
1.00051
1.00078
1.00201
1.00202
1.00202
1.00201
1.00201
1.00202
1.00201
1.002
1.00201
1.002
1.002
1.002
1.002
1.00199
1.00198
1.00199
1.00198
1.00197
1.00197
1.00197
1.00196
1.00196
1.00196
1.00195
1.00195
1.00195
1.00195
1.00194
1.00194
1.00194
1.00193
1.00193
1.00193
1.00193
1.00192
1.00192
1.00192
1.00192
1.00192
1.00192
1.00192
1.00192
1.00192
1.00192
1.00193
1.00193
1.00193
1.00193
1.00194
1.00194
1.00195
1.00196
1.00197
1.00197
1.00199
1.00202
1.00202
1.00202
1.00208
1.00211
1.00209
1.00215
1.00226
1.00226
1.00224
1.00244
1.0026
1.00249
1.0023
1
1
1
1
1
1
1
1
1
1
1
1
1
1
1
1
1
1
1
1
1
1
1
1
1
1
1
1
1
1
1
1
1
1
1
1
1
1
1
1
1
1
1
1
1
1
1
1
1
1
1
1
1
1
1
1
1
1
1
1
1
1
1
1
1
1
1
1
1
1
1
1
1
1
1
1
1
1
1
1
1
1
1
1
1
1
1
1
1
1
1.00021
1.00031
1.00031
1.0003
1.00029
1.00022
1.00022
1.00027
1.00033
1.00033
1.00033
1.00035
1.00036
1.00036
1.00036
1.00037
1.00038
1.00037
1.00038
1.00038
1.00038
1.00037
1.00038
1.00037
1.00037
1.00037
1.00037
1.00037
1.00036
1.00036
1.00036
1.00035
1.00035
1.00035
1.00035
1.00034
1.00034
1.00034
1.00033
1.00033
1.00033
1.00032
1.00032
1.00032
1.00031
1.00031
1.00031
1.0003
1.0003
1.0003
1.00029
1.00029
1.00029
1.00029
1.00028
1.00028
1.00028
1.00027
1.00027
1.00027
1.00027
1.00026
1.00026
1.00026
1.00025
1.00025
1.00025
1.00025
1.00024
1.00024
1.00024
1.00023
1.00023
1.00023
1.00023
1.00022
1.00022
1.00022
1.00022
1.00021
1.00021
1.00021
1.00021
1.0002
1.0002
1.0002
1.00019
1.00019
1.00019
1.00019
1.00018
1.00018
1.00018
1.00018
1.00017
1.00017
1.00017
1.00017
1.00016
1.00016
1.00016
1.00016
1.00015
1.00015
1.00015
1.00015
1.00014
1.00014
1.00014
1.00014
1.00013
1.00013
1.00013
1.00013
1.00012
1.00012
1.00012
1.00012
1.00012
1.00011
1.00011
1.00011
1.00011
1.0001
1.0001
1.0001
1.0001
1.0001
1.00009
1.00009
1.00009
1.00009
1.00009
1.00008
1.00008
1.00008
1.00008
1.00008
1.00008
1.00052
1.00078
1.00202
1.00201
1.00201
1.00202
1.00201
1.00201
1.00201
1.00201
1.002
1.002
1.002
1.002
1.00199
1.00199
1.00199
1.00198
1.00198
1.00198
1.00197
1.00197
1.00197
1.00196
1.00195
1.00195
1.00195
1.00195
1.00194
1.00194
1.00194
1.00193
1.00193
1.00193
1.00193
1.00192
1.00192
1.00192
1.00192
1.00192
1.00192
1.00192
1.00192
1.00192
1.00192
1.00192
1.00192
1.00193
1.00193
1.00193
1.00194
1.00194
1.00195
1.00196
1.00197
1.00198
1.00199
1.00201
1.00202
1.00203
1.00207
1.00209
1.00211
1.00215
1.0022
1.00222
1.00229
1.00241
1.00234
1.00227
1.00241
1.00219
1
1
1
1
1
1
1
1
1
1
1
1
1
1
1
1
1
1
1
1
1
1
1
1
1
1
1
1
1
1
1
1
1
1
1
1
1
1
1
1
1
1
1
1
1
1
1
1
1
1
1
1
1
1
1
1
1
1
1
1
1
1
1
1
1
1
1
1
1
1
1
1
1
1
1
1
1
1
1
1
1
1
1
1
1.00019
1.00031
1.00031
1.00028
1.00027
1.00025
1.00025
1.00028
1.0003
1.00027
1.00026
1.00024
1.0003
1.00033
1.00031
1.00033
1.00036
1.00036
1.00035
1.00037
1.00038
1.00037
1.00037
1.00038
1.00038
1.00037
1.00037
1.00038
1.00037
1.00037
1.00037
1.00037
1.00036
1.00036
1.00036
1.00036
1.00035
1.00035
1.00035
1.00034
1.00034
1.00034
1.00034
1.00033
1.00033
1.00033
1.00032
1.00032
1.00032
1.00031
1.00031
1.00031
1.0003
1.0003
1.0003
1.00029
1.00029
1.00029
1.00029
1.00028
1.00028
1.00028
1.00027
1.00027
1.00027
1.00027
1.00026
1.00026
1.00026
1.00025
1.00025
1.00025
1.00025
1.00024
1.00024
1.00024
1.00023
1.00023
1.00023
1.00023
1.00022
1.00022
1.00022
1.00022
1.00021
1.00021
1.00021
1.00021
1.0002
1.0002
1.0002
1.00019
1.00019
1.00019
1.00019
1.00018
1.00018
1.00018
1.00018
1.00017
1.00017
1.00017
1.00017
1.00016
1.00016
1.00016
1.00016
1.00015
1.00015
1.00015
1.00015
1.00014
1.00014
1.00014
1.00014
1.00013
1.00013
1.00013
1.00013
1.00012
1.00012
1.00012
1.00012
1.00012
1.00011
1.00011
1.00011
1.00011
1.0001
1.0001
1.0001
1.0001
1.0001
1.00009
1.00009
1.00009
1.00009
1.00009
1.00008
1.00008
1.00008
1.00008
1.00008
1.00008
1.00052
1.00078
1.00202
1.00201
1.00201
1.00202
1.00201
1.00201
1.00201
1.00201
1.002
1.002
1.002
1.002
1.00199
1.00199
1.00199
1.00198
1.00198
1.00198
1.00197
1.00197
1.00197
1.00196
1.00195
1.00195
1.00195
1.00195
1.00194
1.00194
1.00194
1.00193
1.00193
1.00193
1.00193
1.00192
1.00192
1.00192
1.00192
1.00192
1.00192
1.00192
1.00192
1.00192
1.00192
1.00192
1.00192
1.00192
1.00193
1.00193
1.00193
1.00194
1.00195
1.00195
1.00196
1.00198
1.00199
1.00199
1.00202
1.00205
1.00204
1.00206
1.00213
1.00215
1.00213
1.0022
1.00229
1.00227
1.00221
1.00222
1.00229
1.00212
1.00164
1.00171
1
1
1
1
1
1
1
1
1
1
1
1
1
1
1
1
1
1
1
1
1
1
1
1
1
1
1
1
1
1
1
1
1
1
1
1
1
1
1
1
1
1
1
1
1
1
1
1
1
1
1
1
1
1
1
1
1
1
1
1
1
1
1
1
1
1
1
1
1
1
1
1
1
1
1
1
1
1.00017
1.0003
1.00031
1.00027
1.00026
1.00024
1.00024
1.00028
1.0003
1.00026
1.00026
1.00026
1.00028
1.00028
1.00026
1.00029
1.0003
1.00029
1.00029
1.00033
1.00035
1.00034
1.00034
1.00036
1.00037
1.00036
1.00037
1.00038
1.00037
1.00037
1.00038
1.00038
1.00037
1.00037
1.00037
1.00037
1.00037
1.00036
1.00036
1.00036
1.00036
1.00035
1.00035
1.00035
1.00034
1.00034
1.00034
1.00033
1.00033
1.00033
1.00033
1.00032
1.00032
1.00032
1.00031
1.00031
1.00031
1.0003
1.0003
1.0003
1.00029
1.00029
1.00029
1.00029
1.00028
1.00028
1.00028
1.00027
1.00027
1.00027
1.00027
1.00026
1.00026
1.00026
1.00025
1.00025
1.00025
1.00025
1.00024
1.00024
1.00024
1.00023
1.00023
1.00023
1.00023
1.00022
1.00022
1.00022
1.00022
1.00021
1.00021
1.00021
1.00021
1.0002
1.0002
1.0002
1.00019
1.00019
1.00019
1.00019
1.00018
1.00018
1.00018
1.00018
1.00017
1.00017
1.00017
1.00017
1.00016
1.00016
1.00016
1.00016
1.00015
1.00015
1.00015
1.00015
1.00014
1.00014
1.00014
1.00014
1.00013
1.00013
1.00013
1.00013
1.00012
1.00012
1.00012
1.00012
1.00012
1.00011
1.00011
1.00011
1.00011
1.0001
1.0001
1.0001
1.0001
1.0001
1.00009
1.00009
1.00009
1.00009
1.00009
1.00008
1.00008
1.00008
1.00008
1.00008
1.00008
1.00052
1.00078
1.00201
1.00202
1.00202
1.00201
1.00201
1.00202
1.00201
1.002
1.00201
1.002
1.00199
1.002
1.002
1.00199
1.00198
1.00199
1.00198
1.00197
1.00197
1.00197
1.00196
1.00196
1.00196
1.00195
1.00195
1.00195
1.00195
1.00194
1.00194
1.00194
1.00193
1.00193
1.00193
1.00193
1.00192
1.00192
1.00192
1.00192
1.00192
1.00192
1.00192
1.00192
1.00192
1.00192
1.00192
1.00192
1.00193
1.00193
1.00194
1.00194
1.00195
1.00195
1.00196
1.00197
1.00198
1.002
1.00201
1.00202
1.00204
1.00207
1.00208
1.0021
1.00214
1.00219
1.00216
1.00214
1.00226
1.00219
1.00187
1.00199
1.00215
1.00161
1.00142
1.00174
1
1
1
1
1
1
1
1
1
1
1
1
1
1
1
1
1
1
1
1
1
1
1
1
1
1
1
1
1
1
1
1
1
1
1
1
1
1
1
1
1
1
1
1
1
1
1
1
1
1
1
1
1
1
1
1
1
1
1
1
1
1
1
1
1
1
1
1
1
1
1.00016
1.00031
1.0003
1.00026
1.00025
1.00023
1.00022
1.00027
1.0003
1.00024
1.00026
1.00026
1.00027
1.00027
1.00027
1.00028
1.00028
1.00027
1.00027
1.00028
1.00028
1.00029
1.0003
1.00031
1.00033
1.00033
1.00034
1.00035
1.00036
1.00036
1.00036
1.00037
1.00037
1.00037
1.00037
1.00037
1.00037
1.00037
1.00037
1.00037
1.00037
1.00036
1.00036
1.00036
1.00036
1.00035
1.00035
1.00035
1.00035
1.00034
1.00034
1.00034
1.00033
1.00033
1.00033
1.00032
1.00032
1.00032
1.00032
1.00031
1.00031
1.00031
1.0003
1.0003
1.0003
1.00029
1.00029
1.00029
1.00029
1.00028
1.00028
1.00028
1.00027
1.00027
1.00027
1.00027
1.00026
1.00026
1.00026
1.00025
1.00025
1.00025
1.00025
1.00024
1.00024
1.00024
1.00023
1.00023
1.00023
1.00023
1.00022
1.00022
1.00022
1.00022
1.00021
1.00021
1.00021
1.00021
1.0002
1.0002
1.0002
1.00019
1.00019
1.00019
1.00019
1.00018
1.00018
1.00018
1.00018
1.00017
1.00017
1.00017
1.00017
1.00016
1.00016
1.00016
1.00016
1.00015
1.00015
1.00015
1.00015
1.00014
1.00014
1.00014
1.00014
1.00013
1.00013
1.00013
1.00013
1.00012
1.00012
1.00012
1.00012
1.00012
1.00011
1.00011
1.00011
1.00011
1.0001
1.0001
1.0001
1.0001
1.0001
1.00009
1.00009
1.00009
1.00009
1.00009
1.00008
1.00008
1.00008
1.00008
1.00008
1.00008
1.00053
1.00078
1.00202
1.00202
1.00202
1.00201
1.00201
1.00201
1.00201
1.00201
1.00201
1.00201
1.002
1.002
1.002
1.00199
1.00198
1.00198
1.00198
1.00197
1.00197
1.00197
1.00196
1.00196
1.00196
1.00195
1.00195
1.00195
1.00194
1.00194
1.00194
1.00193
1.00193
1.00193
1.00193
1.00193
1.00192
1.00192
1.00192
1.00192
1.00192
1.00192
1.00192
1.00192
1.00192
1.00192
1.00192
1.00192
1.00192
1.00193
1.00194
1.00194
1.00194
1.00195
1.00196
1.00196
1.00197
1.002
1.002
1.002
1.00203
1.00206
1.00205
1.00207
1.00211
1.00212
1.00212
1.00211
1.00209
1.00211
1.00201
1.00181
1.00179
1.00183
1.00184
1.00145
1.00131
1.00159
1
1
1
1
1
1
1
1
1
1
1
1
1
1
1
1
1
1
1
1
1
1
1
1
1
1
1
1
1
1
1
1
1
1
1
1
1
1
1
1
1
1
1
1
1
1
1
1
1
1
1
1
1
1
1
1
1
1
1
1
1
1.00017
1.00032
1.0003
1.00027
1.0003
1.0003
1.00025
1.0002
1.00022
1.00027
1.00029
1.00023
1.00025
1.00025
1.00026
1.00027
1.00026
1.00027
1.00028
1.00026
1.00026
1.00028
1.00028
1.00027
1.00027
1.00028
1.0003
1.00028
1.00029
1.00031
1.00032
1.00032
1.00032
1.00035
1.00035
1.00035
1.00036
1.00037
1.00037
1.00036
1.00037
1.00037
1.00037
1.00037
1.00037
1.00037
1.00037
1.00036
1.00036
1.00036
1.00036
1.00036
1.00035
1.00035
1.00035
1.00035
1.00034
1.00034
1.00034
1.00033
1.00033
1.00033
1.00032
1.00032
1.00032
1.00031
1.00031
1.00031
1.00031
1.0003
1.0003
1.0003
1.00029
1.00029
1.00029
1.00028
1.00028
1.00028
1.00028
1.00027
1.00027
1.00027
1.00026
1.00026
1.00026
1.00026
1.00025
1.00025
1.00025
1.00025
1.00024
1.00024
1.00024
1.00023
1.00023
1.00023
1.00023
1.00022
1.00022
1.00022
1.00022
1.00021
1.00021
1.00021
1.00021
1.0002
1.0002
1.0002
1.0002
1.00019
1.00019
1.00019
1.00018
1.00018
1.00018
1.00018
1.00017
1.00017
1.00017
1.00017
1.00016
1.00016
1.00016
1.00016
1.00015
1.00015
1.00015
1.00015
1.00014
1.00014
1.00014
1.00014
1.00013
1.00013
1.00013
1.00013
1.00012
1.00012
1.00012
1.00012
1.00012
1.00011
1.00011
1.00011
1.00011
1.0001
1.0001
1.0001
1.0001
1.0001
1.00009
1.00009
1.00009
1.00009
1.00009
1.00008
1.00008
1.00008
1.00008
1.00008
1.00008
1.00053
1.00078
1.00202
1.00201
1.00201
1.00202
1.00201
1.00201
1.00201
1.00201
1.002
1.002
1.00201
1.002
1.00199
1.00199
1.00199
1.00198
1.00198
1.00198
1.00197
1.00196
1.00197
1.00196
1.00195
1.00195
1.00195
1.00194
1.00194
1.00194
1.00194
1.00193
1.00193
1.00193
1.00193
1.00192
1.00192
1.00192
1.00192
1.00192
1.00192
1.00192
1.00191
1.00192
1.00192
1.00192
1.00192
1.00192
1.00192
1.00193
1.00193
1.00193
1.00194
1.00194
1.00195
1.00196
1.00197
1.00197
1.00199
1.00201
1.00201
1.00201
1.00204
1.00207
1.00206
1.00203
1.0021
1.00212
1.00196
1.00192
1.00207
1.0019
1.00166
1.00173
1.00169
1.00156
1.00164
1.00139
1.00119
1.00111
1.00124
1
1
1
1
1
1
1
1
1
1
1
1
1
1
1
1
1
1
1
1
1
1
1
1
1
1
1
1
1
1
1
1
1
1
1
1
1
1
1
1
1
1
1
1
1
1
1
1
1
1
1
1
1.00016
1.00033
1.0003
1.00029
1.00029
1.00026
1.00021
1.00024
1.00028
1.00029
1.00029
1.00028
1.00023
1.00025
1.00024
1.00025
1.00026
1.00025
1.00026
1.00027
1.00025
1.00025
1.00028
1.00027
1.00026
1.00027
1.00028
1.00028
1.00027
1.00028
1.00029
1.00028
1.00028
1.0003
1.0003
1.00031
1.00031
1.00032
1.00034
1.00034
1.00034
1.00035
1.00036
1.00036
1.00036
1.00037
1.00037
1.00037
1.00037
1.00037
1.00037
1.00036
1.00036
1.00036
1.00036
1.00036
1.00036
1.00035
1.00035
1.00035
1.00035
1.00034
1.00034
1.00034
1.00034
1.00033
1.00033
1.00033
1.00032
1.00032
1.00032
1.00031
1.00031
1.00031
1.00031
1.0003
1.0003
1.0003
1.00029
1.00029
1.00029
1.00028
1.00028
1.00028
1.00028
1.00027
1.00027
1.00027
1.00026
1.00026
1.00026
1.00026
1.00025
1.00025
1.00025
1.00025
1.00024
1.00024
1.00024
1.00023
1.00023
1.00023
1.00023
1.00022
1.00022
1.00022
1.00022
1.00021
1.00021
1.00021
1.00021
1.0002
1.0002
1.0002
1.0002
1.00019
1.00019
1.00019
1.00018
1.00018
1.00018
1.00018
1.00017
1.00017
1.00017
1.00017
1.00016
1.00016
1.00016
1.00016
1.00015
1.00015
1.00015
1.00015
1.00014
1.00014
1.00014
1.00014
1.00013
1.00013
1.00013
1.00013
1.00012
1.00012
1.00012
1.00012
1.00012
1.00011
1.00011
1.00011
1.00011
1.0001
1.0001
1.0001
1.0001
1.0001
1.00009
1.00009
1.00009
1.00009
1.00008
1.00008
1.00008
1.00008
1.00008
1.00008
1.00007
1.00052
1.00078
1.00202
1.00202
1.00202
1.00202
1.00202
1.00201
1.00201
1.00201
1.00201
1.002
1.002
1.002
1.00199
1.00199
1.00199
1.00198
1.00198
1.00198
1.00197
1.00197
1.00196
1.00196
1.00196
1.00195
1.00195
1.00195
1.00194
1.00194
1.00194
1.00193
1.00193
1.00193
1.00193
1.00192
1.00192
1.00192
1.00192
1.00192
1.00191
1.00192
1.00191
1.00191
1.00191
1.00192
1.00192
1.00192
1.00192
1.00192
1.00192
1.00193
1.00194
1.00194
1.00194
1.00195
1.00196
1.00196
1.00197
1.00199
1.00199
1.002
1.00201
1.00201
1.00203
1.00204
1.002
1.002
1.00203
1.00193
1.00183
1.00185
1.00183
1.00169
1.00153
1.00158
1.00151
1.00134
1.00142
1.00119
1.00117
1.0012
1.00096
1.00082
1.00117
1
1
1
1
1
1
1
1
1
1
1
1
1
1
1
1
1
1
1
1
1
1
1
1
1
1
1
1
1
1
1
1
1
1
1
1
1
1
1
1
1
1.00016
1.00035
1.00032
1.00028
1.00032
1.00031
1.00024
1.00021
1.00024
1.00027
1.0003
1.00029
1.00024
1.00026
1.00024
1.00027
1.00029
1.00026
1.00025
1.00026
1.00027
1.00026
1.00024
1.00025
1.00027
1.00025
1.00025
1.00026
1.00026
1.00027
1.00026
1.00027
1.00027
1.00028
1.00027
1.00028
1.00028
1.00028
1.00029
1.00029
1.0003
1.00031
1.00031
1.00031
1.00033
1.00034
1.00033
1.00034
1.00036
1.00035
1.00035
1.00036
1.00037
1.00036
1.00036
1.00037
1.00037
1.00036
1.00036
1.00036
1.00036
1.00036
1.00036
1.00035
1.00035
1.00035
1.00035
1.00034
1.00034
1.00034
1.00034
1.00033
1.00033
1.00033
1.00032
1.00032
1.00032
1.00032
1.00031
1.00031
1.00031
1.0003
1.0003
1.0003
1.0003
1.00029
1.00029
1.00029
1.00028
1.00028
1.00028
1.00028
1.00027
1.00027
1.00027
1.00026
1.00026
1.00026
1.00026
1.00025
1.00025
1.00025
1.00025
1.00024
1.00024
1.00024
1.00023
1.00023
1.00023
1.00023
1.00022
1.00022
1.00022
1.00022
1.00021
1.00021
1.00021
1.00021
1.0002
1.0002
1.0002
1.0002
1.00019
1.00019
1.00019
1.00018
1.00018
1.00018
1.00018
1.00017
1.00017
1.00017
1.00017
1.00016
1.00016
1.00016
1.00016
1.00015
1.00015
1.00015
1.00015
1.00014
1.00014
1.00014
1.00014
1.00013
1.00013
1.00013
1.00013
1.00012
1.00012
1.00012
1.00012
1.00012
1.00011
1.00011
1.00011
1.00011
1.0001
1.0001
1.0001
1.0001
1.00009
1.00009
1.00009
1.00009
1.00009
1.00008
1.00008
1.00008
1.00008
1.00008
1.00008
1.00007
1.00052
1.00078
1.00202
1.00202
1.00202
1.00201
1.00202
1.00202
1.00201
1.002
1.00201
1.00201
1.00199
1.002
1.002
1.00199
1.00198
1.00199
1.00198
1.00197
1.00197
1.00197
1.00196
1.00196
1.00196
1.00195
1.00194
1.00195
1.00194
1.00194
1.00193
1.00193
1.00193
1.00192
1.00192
1.00192
1.00192
1.00192
1.00192
1.00192
1.00191
1.00191
1.00191
1.00191
1.00191
1.00191
1.00191
1.00191
1.00191
1.00192
1.00192
1.00192
1.00192
1.00193
1.00194
1.00194
1.00194
1.00196
1.00196
1.00196
1.00197
1.00199
1.00199
1.00197
1.00199
1.00202
1.00197
1.00191
1.00196
1.00195
1.0018
1.00178
1.00178
1.00165
1.0016
1.00158
1.00142
1.00135
1.00131
1.00127
1.00126
1.00113
1.00094
1.0011
1.00115
1.00091
1.00077
1.00081
1.00086
1.00078
1.00098
1
1
1
1
1
1
1
1
1
1
1
1
1
1
1
1
1
1
1
1
1
1
1
1
1
1.00019
1.00041
1.00038
1.00035
1.00037
1.00037
1.00034
1.00035
1.00033
1.00026
1.00021
1.00025
1.00029
1.0003
1.0003
1.0003
1.00024
1.00025
1.00024
1.00028
1.00028
1.00025
1.00026
1.00028
1.00027
1.00026
1.00027
1.00027
1.00027
1.00027
1.00024
1.00026
1.00026
1.00026
1.00026
1.00026
1.00026
1.00027
1.00027
1.00026
1.00027
1.00028
1.00027
1.00027
1.00028
1.00029
1.00028
1.00028
1.00029
1.0003
1.00029
1.0003
1.00031
1.00032
1.00032
1.00033
1.00034
1.00035
1.00034
1.00035
1.00036
1.00036
1.00036
1.00036
1.00036
1.00036
1.00036
1.00036
1.00036
1.00036
1.00036
1.00036
1.00035
1.00035
1.00035
1.00035
1.00034
1.00034
1.00034
1.00034
1.00033
1.00033
1.00033
1.00033
1.00032
1.00032
1.00032
1.00031
1.00031
1.00031
1.00031
1.0003
1.0003
1.0003
1.00029
1.00029
1.00029
1.00029
1.00028
1.00028
1.00028
1.00028
1.00027
1.00027
1.00027
1.00026
1.00026
1.00026
1.00026
1.00025
1.00025
1.00025
1.00025
1.00024
1.00024
1.00024
1.00023
1.00023
1.00023
1.00023
1.00022
1.00022
1.00022
1.00022
1.00021
1.00021
1.00021
1.00021
1.0002
1.0002
1.0002
1.0002
1.00019
1.00019
1.00019
1.00018
1.00018
1.00018
1.00018
1.00017
1.00017
1.00017
1.00017
1.00016
1.00016
1.00016
1.00016
1.00015
1.00015
1.00015
1.00015
1.00014
1.00014
1.00014
1.00014
1.00013
1.00013
1.00013
1.00013
1.00012
1.00012
1.00012
1.00012
1.00012
1.00011
1.00011
1.00011
1.00011
1.0001
1.0001
1.0001
1.0001
1.00009
1.00009
1.00009
1.00009
1.00009
1.00008
1.00008
1.00008
1.00008
1.00008
1.00007
1.00007
1.00051
1.00078
1.00203
1.00202
1.00202
1.00202
1.00202
1.00202
1.00202
1.00201
1.00201
1.00201
1.002
1.00199
1.002
1.002
1.00198
1.00198
1.00198
1.00198
1.00197
1.00197
1.00197
1.00196
1.00195
1.00195
1.00195
1.00194
1.00194
1.00194
1.00193
1.00193
1.00193
1.00193
1.00192
1.00192
1.00192
1.00192
1.00191
1.00191
1.00191
1.00191
1.00191
1.00191
1.00191
1.00191
1.00191
1.00191
1.00191
1.00191
1.00192
1.00192
1.00192
1.00192
1.00193
1.00193
1.00194
1.00194
1.00194
1.00195
1.00196
1.00195
1.00196
1.00198
1.00195
1.00193
1.00197
1.00194
1.00185
1.00185
1.00187
1.00177
1.00167
1.00167
1.00163
1.00148
1.00145
1.00144
1.00127
1.00128
1.00118
1.00106
1.00113
1.00113
1.00097
1.00098
1.00085
1.0008
1.00089
1.00094
1.00091
1.00077
1.00063
1.00058
1.00064
1.00064
1.00061
1.00061
1.00061
1.0006
1.00059
1.00058
1.00057
1.00056
1.00055
1.00054
1.00052
1.00051
1.00049
1.00048
1.00046
1.00044
1.00041
1.00042
1.00038
1.0003
1.00026
1.00029
1.00035
1.00038
1.00037
1.00035
1.00034
1.00034
1.00032
1.00025
1.00027
1.00025
1.00029
1.00032
1.00027
1.00026
1.00028
1.00028
1.00026
1.00026
1.00026
1.00028
1.00028
1.00025
1.00027
1.00028
1.00026
1.00027
1.00027
1.00027
1.00026
1.00026
1.00027
1.00026
1.00025
1.00027
1.00027
1.00026
1.00027
1.00027
1.00027
1.00027
1.00027
1.00028
1.00028
1.00028
1.00028
1.00029
1.00029
1.0003
1.0003
1.0003
1.00031
1.00032
1.00032
1.00033
1.00034
1.00034
1.00034
1.00035
1.00035
1.00035
1.00035
1.00036
1.00036
1.00036
1.00036
1.00036
1.00036
1.00035
1.00035
1.00035
1.00035
1.00035
1.00035
1.00034
1.00034
1.00034
1.00034
1.00033
1.00033
1.00033
1.00033
1.00032
1.00032
1.00032
1.00032
1.00031
1.00031
1.00031
1.0003
1.0003
1.0003
1.0003
1.00029
1.00029
1.00029
1.00029
1.00028
1.00028
1.00028
1.00027
1.00027
1.00027
1.00027
1.00026
1.00026
1.00026
1.00026
1.00025
1.00025
1.00025
1.00024
1.00024
1.00024
1.00024
1.00023
1.00023
1.00023
1.00023
1.00022
1.00022
1.00022
1.00022
1.00021
1.00021
1.00021
1.00021
1.0002
1.0002
1.0002
1.00019
1.00019
1.00019
1.00019
1.00018
1.00018
1.00018
1.00018
1.00017
1.00017
1.00017
1.00017
1.00016
1.00016
1.00016
1.00016
1.00015
1.00015
1.00015
1.00015
1.00014
1.00014
1.00014
1.00014
1.00013
1.00013
1.00013
1.00013
1.00012
1.00012
1.00012
1.00012
1.00011
1.00011
1.00011
1.00011
1.00011
1.0001
1.0001
1.0001
1.0001
1.00009
1.00009
1.00009
1.00009
1.00009
1.00008
1.00008
1.00008
1.00008
1.00008
1.00007
1.00007
1.00051
1.00078
1.00203
1.00202
1.00202
1.00203
1.00202
1.00201
1.00202
1.00202
1.002
1.002
1.00201
1.002
1.00199
1.00199
1.002
1.00198
1.00197
1.00198
1.00197
1.00196
1.00196
1.00196
1.00195
1.00195
1.00195
1.00194
1.00194
1.00194
1.00193
1.00193
1.00192
1.00192
1.00192
1.00192
1.00192
1.00191
1.00191
1.00191
1.00191
1.00191
1.00191
1.0019
1.00191
1.00191
1.0019
1.0019
1.00191
1.00191
1.00191
1.00191
1.00191
1.00191
1.00191
1.00192
1.00193
1.00192
1.00192
1.00194
1.00194
1.00193
1.00192
1.00194
1.00194
1.00189
1.0019
1.00191
1.00185
1.0018
1.00181
1.00175
1.00168
1.00165
1.00158
1.0015
1.00146
1.00138
1.00132
1.00129
1.00117
1.00115
1.00117
1.00103
1.00093
1.00098
1.00097
1.00088
1.00083
1.00088
1.00087
1.00081
1.00061
1.00063
1.00069
1.00063
1.00061
1.00063
1.00062
1.0006
1.00059
1.00059
1.00057
1.00056
1.00055
1.00054
1.00052
1.00051
1.00049
1.00047
1.00046
1.00044
1.0004
1.00041
1.00038
1.0003
1.00032
1.00031
1.00035
1.00037
1.00035
1.00035
1.00036
1.00032
1.00029
1.00029
1.00031
1.00028
1.00027
1.00028
1.00029
1.00028
1.00027
1.00026
1.00027
1.00027
1.00027
1.00028
1.00027
1.00026
1.00027
1.00027
1.00027
1.00027
1.00026
1.00027
1.00027
1.00026
1.00026
1.00027
1.00027
1.00027
1.00027
1.00027
1.00027
1.00027
1.00027
1.00027
1.00028
1.00028
1.00028
1.00028
1.00029
1.00029
1.00029
1.00029
1.00031
1.00031
1.00031
1.00032
1.00033
1.00033
1.00033
1.00034
1.00034
1.00035
1.00034
1.00035
1.00035
1.00035
1.00035
1.00036
1.00036
1.00035
1.00035
1.00035
1.00035
1.00035
1.00035
1.00035
1.00034
1.00034
1.00034
1.00034
1.00033
1.00033
1.00033
1.00033
1.00032
1.00032
1.00032
1.00032
1.00031
1.00031
1.00031
1.00031
1.0003
1.0003
1.0003
1.0003
1.00029
1.00029
1.00029
1.00028
1.00028
1.00028
1.00028
1.00027
1.00027
1.00027
1.00027
1.00026
1.00026
1.00026
1.00026
1.00025
1.00025
1.00025
1.00024
1.00024
1.00024
1.00024
1.00023
1.00023
1.00023
1.00023
1.00022
1.00022
1.00022
1.00022
1.00021
1.00021
1.00021
1.00021
1.0002
1.0002
1.0002
1.00019
1.00019
1.00019
1.00019
1.00018
1.00018
1.00018
1.00018
1.00017
1.00017
1.00017
1.00017
1.00016
1.00016
1.00016
1.00016
1.00015
1.00015
1.00015
1.00015
1.00014
1.00014
1.00014
1.00014
1.00013
1.00013
1.00013
1.00013
1.00012
1.00012
1.00012
1.00012
1.00011
1.00011
1.00011
1.00011
1.00011
1.0001
1.0001
1.0001
1.0001
1.00009
1.00009
1.00009
1.00009
1.00008
1.00008
1.00008
1.00008
1.00008
1.00007
1.00007
1.00007
1.0005
1.00078
1.00202
1.00203
1.00203
1.00202
1.00203
1.00203
1.00201
1.00201
1.00202
1.00201
1.002
1.00201
1.002
1.00198
1.00199
1.00199
1.00197
1.00197
1.00198
1.00197
1.00196
1.00196
1.00196
1.00195
1.00194
1.00194
1.00194
1.00193
1.00193
1.00193
1.00192
1.00192
1.00192
1.00192
1.00191
1.00191
1.00191
1.00191
1.0019
1.0019
1.0019
1.0019
1.0019
1.0019
1.0019
1.0019
1.0019
1.0019
1.0019
1.0019
1.0019
1.00191
1.00191
1.00191
1.00191
1.00191
1.00192
1.00191
1.00191
1.00193
1.00191
1.00188
1.0019
1.00191
1.00185
1.00183
1.00186
1.00181
1.00173
1.00172
1.00171
1.00161
1.00154
1.00154
1.00145
1.00137
1.00136
1.00125
1.00122
1.00119
1.00108
1.00106
1.00108
1.00094
1.0009
1.00094
1.00091
1.00085
1.00077
1.00075
1.00075
1.00071
1.00062
1.00063
1.00066
1.00063
1.00061
1.00061
1.0006
1.00058
1.00057
1.00056
1.00055
1.00054
1.00052
1.00051
1.0005
1.00047
1.00045
1.00044
1.00043
1.00038
1.00035
1.00035
1.00036
1.00034
1.00034
1.00034
1.00036
1.00035
1.00034
1.00032
1.00032
1.0003
1.00028
1.0003
1.0003
1.00028
1.00029
1.00029
1.00028
1.00027
1.00028
1.00028
1.00028
1.00027
1.00027
1.00028
1.00027
1.00027
1.00028
1.00028
1.00027
1.00027
1.00027
1.00027
1.00027
1.00027
1.00027
1.00027
1.00027
1.00027
1.00027
1.00027
1.00028
1.00028
1.00028
1.00028
1.00028
1.00029
1.00029
1.00029
1.0003
1.0003
1.0003
1.00031
1.00031
1.00032
1.00032
1.00033
1.00033
1.00034
1.00034
1.00034
1.00034
1.00035
1.00035
1.00035
1.00035
1.00035
1.00035
1.00035
1.00035
1.00035
1.00035
1.00035
1.00035
1.00034
1.00034
1.00034
1.00034
1.00033
1.00033
1.00033
1.00033
1.00033
1.00032
1.00032
1.00032
1.00032
1.00031
1.00031
1.00031
1.0003
1.0003
1.0003
1.0003
1.00029
1.00029
1.00029
1.00029
1.00028
1.00028
1.00028
1.00028
1.00027
1.00027
1.00027
1.00027
1.00026
1.00026
1.00026
1.00025
1.00025
1.00025
1.00025
1.00024
1.00024
1.00024
1.00024
1.00023
1.00023
1.00023
1.00023
1.00022
1.00022
1.00022
1.00022
1.00021
1.00021
1.00021
1.00021
1.0002
1.0002
1.0002
1.00019
1.00019
1.00019
1.00019
1.00018
1.00018
1.00018
1.00018
1.00017
1.00017
1.00017
1.00017
1.00016
1.00016
1.00016
1.00016
1.00015
1.00015
1.00015
1.00015
1.00014
1.00014
1.00014
1.00014
1.00013
1.00013
1.00013
1.00013
1.00012
1.00012
1.00012
1.00012
1.00011
1.00011
1.00011
1.00011
1.00011
1.0001
1.0001
1.0001
1.0001
1.00009
1.00009
1.00009
1.00009
1.00008
1.00008
1.00008
1.00008
1.00008
1.00007
1.00007
1.00007
1.00049
1.00078
1.00203
1.00204
1.00203
1.00202
1.00202
1.00203
1.00202
1.00201
1.00202
1.00202
1.002
1.002
1.00201
1.00199
1.00198
1.00199
1.00199
1.00197
1.00197
1.00197
1.00196
1.00195
1.00195
1.00195
1.00194
1.00194
1.00194
1.00193
1.00193
1.00193
1.00192
1.00192
1.00192
1.00191
1.00191
1.00191
1.00191
1.00191
1.0019
1.0019
1.0019
1.0019
1.0019
1.0019
1.0019
1.0019
1.00189
1.00189
1.0019
1.0019
1.00189
1.0019
1.0019
1.0019
1.0019
1.0019
1.0019
1.0019
1.00189
1.00189
1.0019
1.00188
1.00186
1.00187
1.00186
1.00181
1.0018
1.00178
1.00173
1.0017
1.00166
1.00161
1.00156
1.00151
1.00144
1.00141
1.00135
1.00127
1.00126
1.00119
1.0011
1.00109
1.00106
1.00098
1.00095
1.00093
1.0009
1.00087
1.00081
1.00075
1.00076
1.0007
1.00066
1.00068
1.00066
1.00062
1.00062
1.00062
1.0006
1.00059
1.00058
1.00057
1.00055
1.00054
1.00053
1.00051
1.00049
1.00048
1.00046
1.00044
1.00043
1.0004
1.00038
1.00037
1.00034
1.00036
1.00036
1.00035
1.00036
1.00035
1.00033
1.00033
1.00033
1.00031
1.00029
1.0003
1.0003
1.00029
1.00029
1.00028
1.00029
1.00029
1.00028
1.00028
1.00028
1.00028
1.00028
1.00028
1.00028
1.00028
1.00027
1.00027
1.00028
1.00027
1.00027
1.00027
1.00027
1.00027
1.00027
1.00027
1.00027
1.00027
1.00028
1.00028
1.00028
1.00028
1.00028
1.00028
1.00029
1.00029
1.00029
1.00029
1.0003
1.0003
1.0003
1.00031
1.00031
1.00032
1.00032
1.00032
1.00033
1.00033
1.00033
1.00034
1.00034
1.00034
1.00034
1.00035
1.00035
1.00034
1.00035
1.00035
1.00035
1.00034
1.00034
1.00034
1.00034
1.00034
1.00034
1.00034
1.00033
1.00033
1.00033
1.00033
1.00032
1.00032
1.00032
1.00032
1.00032
1.00031
1.00031
1.00031
1.00031
1.0003
1.0003
1.0003
1.0003
1.00029
1.00029
1.00029
1.00029
1.00028
1.00028
1.00028
1.00028
1.00027
1.00027
1.00027
1.00026
1.00026
1.00026
1.00026
1.00025
1.00025
1.00025
1.00025
1.00024
1.00024
1.00024
1.00024
1.00023
1.00023
1.00023
1.00023
1.00022
1.00022
1.00022
1.00022
1.00021
1.00021
1.00021
1.00021
1.0002
1.0002
1.0002
1.00019
1.00019
1.00019
1.00019
1.00018
1.00018
1.00018
1.00018
1.00017
1.00017
1.00017
1.00017
1.00016
1.00016
1.00016
1.00016
1.00015
1.00015
1.00015
1.00015
1.00014
1.00014
1.00014
1.00014
1.00013
1.00013
1.00013
1.00013
1.00012
1.00012
1.00012
1.00012
1.00011
1.00011
1.00011
1.00011
1.0001
1.0001
1.0001
1.0001
1.0001
1.00009
1.00009
1.00009
1.00009
1.00008
1.00008
1.00008
1.00008
1.00007
1.00007
1.00007
1.00007
1.00047
1.00079
1.00205
1.00203
1.00203
1.00205
1.00203
1.00201
1.00203
1.00203
1.002
1.00201
1.00202
1.002
1.00199
1.002
1.00199
1.00197
1.00198
1.00198
1.00196
1.00196
1.00197
1.00196
1.00194
1.00195
1.00195
1.00194
1.00193
1.00193
1.00193
1.00192
1.00192
1.00192
1.00191
1.00191
1.00191
1.00191
1.0019
1.0019
1.0019
1.0019
1.0019
1.00189
1.00189
1.00189
1.00189
1.00189
1.00189
1.00189
1.00189
1.00189
1.00189
1.00189
1.00188
1.00189
1.00189
1.00188
1.00188
1.00189
1.00189
1.00186
1.00186
1.00188
1.00185
1.00181
1.00183
1.00182
1.00176
1.00174
1.00174
1.00168
1.00162
1.00161
1.00157
1.00149
1.00146
1.00142
1.00134
1.00131
1.00124
1.00118
1.00118
1.00111
1.00102
1.00104
1.00101
1.00092
1.00089
1.00087
1.00086
1.00079
1.00074
1.00072
1.00073
1.00068
1.00064
1.00066
1.00065
1.00062
1.0006
1.0006
1.00059
1.00057
1.00056
1.00055
1.00053
1.00051
1.00049
1.00048
1.00047
1.00044
1.00042
1.00041
1.0004
1.00038
1.00036
1.00037
1.00037
1.00036
1.00035
1.00035
1.00035
1.00034
1.00031
1.00031
1.00032
1.0003
1.00029
1.00031
1.0003
1.00029
1.00029
1.00029
1.00029
1.00028
1.00028
1.00028
1.00028
1.00027
1.00028
1.00028
1.00028
1.00027
1.00028
1.00028
1.00027
1.00027
1.00028
1.00027
1.00027
1.00028
1.00028
1.00028
1.00028
1.00028
1.00028
1.00028
1.00028
1.00029
1.00029
1.00029
1.00029
1.0003
1.0003
1.0003
1.00031
1.00031
1.00031
1.00032
1.00032
1.00032
1.00033
1.00033
1.00033
1.00034
1.00034
1.00034
1.00034
1.00034
1.00034
1.00034
1.00034
1.00034
1.00034
1.00034
1.00034
1.00034
1.00034
1.00034
1.00033
1.00033
1.00033
1.00033
1.00033
1.00032
1.00032
1.00032
1.00032
1.00032
1.00031
1.00031
1.00031
1.00031
1.0003
1.0003
1.0003
1.0003
1.00029
1.00029
1.00029
1.00029
1.00028
1.00028
1.00028
1.00028
1.00027
1.00027
1.00027
1.00027
1.00026
1.00026
1.00026
1.00026
1.00025
1.00025
1.00025
1.00025
1.00024
1.00024
1.00024
1.00024
1.00023
1.00023
1.00023
1.00023
1.00022
1.00022
1.00022
1.00022
1.00021
1.00021
1.00021
1.00021
1.0002
1.0002
1.0002
1.00019
1.00019
1.00019
1.00019
1.00018
1.00018
1.00018
1.00018
1.00017
1.00017
1.00017
1.00017
1.00016
1.00016
1.00016
1.00016
1.00015
1.00015
1.00015
1.00015
1.00014
1.00014
1.00014
1.00014
1.00013
1.00013
1.00013
1.00013
1.00012
1.00012
1.00012
1.00012
1.00011
1.00011
1.00011
1.00011
1.0001
1.0001
1.0001
1.0001
1.0001
1.00009
1.00009
1.00009
1.00009
1.00008
1.00008
1.00008
1.00008
1.00007
1.00007
1.00007
1.00007
1.00045
1.00079
1.00204
1.00204
1.00204
1.00204
1.00204
1.00202
1.00202
1.00204
1.00202
1.002
1.00202
1.00202
1.00199
1.00199
1.002
1.00198
1.00197
1.00198
1.00198
1.00196
1.00195
1.00196
1.00195
1.00194
1.00194
1.00194
1.00193
1.00193
1.00193
1.00192
1.00192
1.00191
1.00191
1.00191
1.00191
1.0019
1.0019
1.0019
1.0019
1.00189
1.00189
1.00189
1.00189
1.00189
1.00189
1.00188
1.00188
1.00188
1.00188
1.00188
1.00188
1.00188
1.00188
1.00187
1.00187
1.00187
1.00187
1.00186
1.00186
1.00186
1.00184
1.00184
1.00184
1.00181
1.00179
1.00178
1.00176
1.00172
1.00169
1.00167
1.00164
1.00159
1.00154
1.00151
1.00147
1.0014
1.00136
1.00133
1.00125
1.00121
1.00118
1.00112
1.00108
1.00105
1.00099
1.00097
1.00094
1.00088
1.00085
1.00083
1.00078
1.00075
1.00073
1.0007
1.00069
1.00068
1.00065
1.00063
1.00063
1.00061
1.00059
1.00058
1.00057
1.00055
1.00053
1.00052
1.0005
1.00048
1.00047
1.00045
1.00043
1.00042
1.0004
1.00039
1.00039
1.00037
1.00037
1.00037
1.00036
1.00035
1.00035
1.00034
1.00033
1.00032
1.00032
1.00031
1.00031
1.0003
1.0003
1.0003
1.00029
1.00029
1.00029
1.00029
1.00028
1.00028
1.00029
1.00028
1.00028
1.00028
1.00028
1.00028
1.00028
1.00028
1.00028
1.00028
1.00027
1.00028
1.00028
1.00028
1.00028
1.00028
1.00028
1.00028
1.00028
1.00029
1.00029
1.00029
1.00029
1.00029
1.00029
1.0003
1.0003
1.0003
1.00031
1.00031
1.00031
1.00031
1.00032
1.00032
1.00032
1.00033
1.00033
1.00033
1.00033
1.00034
1.00034
1.00034
1.00034
1.00034
1.00034
1.00034
1.00034
1.00034
1.00034
1.00033
1.00033
1.00033
1.00033
1.00033
1.00033
1.00033
1.00032
1.00032
1.00032
1.00032
1.00032
1.00031
1.00031
1.00031
1.00031
1.00031
1.0003
1.0003
1.0003
1.0003
1.00029
1.00029
1.00029
1.00029
1.00028
1.00028
1.00028
1.00028
1.00027
1.00027
1.00027
1.00027
1.00026
1.00026
1.00026
1.00026
1.00025
1.00025
1.00025
1.00025
1.00024
1.00024
1.00024
1.00024
1.00023
1.00023
1.00023
1.00023
1.00022
1.00022
1.00022
1.00022
1.00021
1.00021
1.00021
1.00021
1.0002
1.0002
1.0002
1.00019
1.00019
1.00019
1.00019
1.00018
1.00018
1.00018
1.00018
1.00017
1.00017
1.00017
1.00017
1.00016
1.00016
1.00016
1.00016
1.00015
1.00015
1.00015
1.00015
1.00014
1.00014
1.00014
1.00014
1.00013
1.00013
1.00013
1.00013
1.00012
1.00012
1.00012
1.00012
1.00011
1.00011
1.00011
1.00011
1.0001
1.0001
1.0001
1.0001
1.00009
1.00009
1.00009
1.00009
1.00009
1.00008
1.00008
1.00008
1.00008
1.00007
1.00007
1.00007
1.00007
1.00044
1.00079
1.00203
1.00206
1.00206
1.00202
1.00204
1.00206
1.00202
1.00201
1.00204
1.00202
1.00199
1.00201
1.00202
1.00198
1.00198
1.002
1.00198
1.00196
1.00197
1.00197
1.00195
1.00195
1.00195
1.00195
1.00193
1.00193
1.00194
1.00193
1.00192
1.00192
1.00192
1.00191
1.00191
1.00191
1.0019
1.0019
1.0019
1.0019
1.00189
1.00189
1.00189
1.00189
1.00188
1.00188
1.00188
1.00188
1.00188
1.00187
1.00187
1.00187
1.00187
1.00187
1.00187
1.00187
1.00186
1.00186
1.00186
1.00185
1.00184
1.00185
1.00184
1.00181
1.00181
1.00181
1.00177
1.00174
1.00175
1.00172
1.00167
1.00165
1.00163
1.00157
1.00154
1.00151
1.00145
1.00141
1.00138
1.00131
1.00128
1.00125
1.00117
1.00114
1.00113
1.00106
1.00101
1.00099
1.00096
1.00091
1.00086
1.00084
1.00082
1.00078
1.00074
1.00073
1.00072
1.00068
1.00066
1.00066
1.00064
1.00061
1.00061
1.00059
1.00057
1.00056
1.00054
1.00053
1.00051
1.00049
1.00047
1.00046
1.00045
1.00043
1.00041
1.0004
1.0004
1.00038
1.00038
1.00037
1.00037
1.00036
1.00035
1.00034
1.00034
1.00033
1.00032
1.00032
1.00032
1.0003
1.0003
1.00031
1.0003
1.0003
1.00029
1.00029
1.00029
1.00029
1.00029
1.00029
1.00029
1.00028
1.00029
1.00028
1.00028
1.00028
1.00028
1.00028
1.00028
1.00028
1.00028
1.00028
1.00028
1.00028
1.00028
1.00028
1.00029
1.00029
1.00029
1.00029
1.00029
1.0003
1.00029
1.0003
1.0003
1.0003
1.0003
1.00031
1.00031
1.00031
1.00032
1.00032
1.00032
1.00032
1.00033
1.00033
1.00033
1.00033
1.00033
1.00033
1.00033
1.00033
1.00033
1.00033
1.00033
1.00033
1.00033
1.00033
1.00033
1.00033
1.00033
1.00033
1.00032
1.00032
1.00032
1.00032
1.00032
1.00032
1.00031
1.00031
1.00031
1.00031
1.00031
1.0003
1.0003
1.0003
1.0003
1.00029
1.00029
1.00029
1.00029
1.00029
1.00028
1.00028
1.00028
1.00028
1.00027
1.00027
1.00027
1.00027
1.00026
1.00026
1.00026
1.00026
1.00025
1.00025
1.00025
1.00025
1.00024
1.00024
1.00024
1.00024
1.00023
1.00023
1.00023
1.00023
1.00022
1.00022
1.00022
1.00022
1.00021
1.00021
1.00021
1.00021
1.0002
1.0002
1.0002
1.00019
1.00019
1.00019
1.00019
1.00018
1.00018
1.00018
1.00018
1.00017
1.00017
1.00017
1.00017
1.00016
1.00016
1.00016
1.00016
1.00015
1.00015
1.00015
1.00015
1.00014
1.00014
1.00014
1.00014
1.00013
1.00013
1.00013
1.00013
1.00012
1.00012
1.00012
1.00012
1.00011
1.00011
1.00011
1.00011
1.0001
1.0001
1.0001
1.0001
1.00009
1.00009
1.00009
1.00009
1.00008
1.00008
1.00008
1.00008
1.00008
1.00007
1.00007
1.00007
1.00007
1.00041
1.00079
1.00206
1.00205
1.00205
1.00205
1.00204
1.00204
1.00205
1.00202
1.00202
1.00204
1.00201
1.00199
1.00201
1.00201
1.00198
1.00198
1.00199
1.00197
1.00196
1.00196
1.00196
1.00195
1.00194
1.00195
1.00194
1.00193
1.00193
1.00193
1.00192
1.00191
1.00191
1.00191
1.00191
1.0019
1.0019
1.0019
1.00189
1.00189
1.00189
1.00189
1.00188
1.00188
1.00188
1.00188
1.00187
1.00187
1.00187
1.00187
1.00187
1.00186
1.00186
1.00186
1.00186
1.00186
1.00185
1.00184
1.00184
1.00184
1.00183
1.00181
1.00182
1.00181
1.00178
1.00177
1.00177
1.00174
1.00171
1.0017
1.00168
1.00164
1.0016
1.00158
1.00155
1.00149
1.00145
1.00143
1.00138
1.00132
1.0013
1.00125
1.0012
1.00117
1.00112
1.00108
1.00106
1.001
1.00096
1.00094
1.00091
1.00086
1.00083
1.00081
1.00078
1.00075
1.00072
1.00071
1.0007
1.00067
1.00065
1.00064
1.00062
1.0006
1.00058
1.00057
1.00056
1.00053
1.00052
1.00051
1.00049
1.00047
1.00045
1.00044
1.00043
1.00041
1.0004
1.0004
1.00039
1.00038
1.00037
1.00037
1.00036
1.00035
1.00034
1.00034
1.00033
1.00033
1.00032
1.00032
1.00031
1.00031
1.00031
1.00031
1.0003
1.0003
1.0003
1.0003
1.00029
1.00029
1.00029
1.00029
1.00029
1.00028
1.00029
1.00029
1.00028
1.00028
1.00029
1.00028
1.00028
1.00029
1.00028
1.00028
1.00029
1.00029
1.00029
1.00029
1.00029
1.00029
1.00029
1.00029
1.0003
1.0003
1.0003
1.0003
1.00031
1.00031
1.00031
1.00031
1.00031
1.00032
1.00032
1.00032
1.00032
1.00033
1.00033
1.00033
1.00033
1.00033
1.00033
1.00033
1.00033
1.00033
1.00033
1.00033
1.00033
1.00033
1.00033
1.00033
1.00032
1.00032
1.00032
1.00032
1.00032
1.00032
1.00031
1.00031
1.00031
1.00031
1.00031
1.00031
1.0003
1.0003
1.0003
1.0003
1.0003
1.00029
1.00029
1.00029
1.00029
1.00028
1.00028
1.00028
1.00028
1.00028
1.00027
1.00027
1.00027
1.00027
1.00026
1.00026
1.00026
1.00026
1.00025
1.00025
1.00025
1.00025
1.00024
1.00024
1.00024
1.00024
1.00023
1.00023
1.00023
1.00023
1.00022
1.00022
1.00022
1.00022
1.00021
1.00021
1.00021
1.00021
1.0002
1.0002
1.0002
1.00019
1.00019
1.00019
1.00019
1.00018
1.00018
1.00018
1.00018
1.00017
1.00017
1.00017
1.00017
1.00016
1.00016
1.00016
1.00016
1.00015
1.00015
1.00015
1.00015
1.00014
1.00014
1.00014
1.00014
1.00013
1.00013
1.00013
1.00013
1.00012
1.00012
1.00012
1.00012
1.00011
1.00011
1.00011
1.00011
1.0001
1.0001
1.0001
1.0001
1.00009
1.00009
1.00009
1.00009
1.00008
1.00008
1.00008
1.00008
1.00007
1.00007
1.00007
1.00007
1.00006
1.00039
1.0008
1.00208
1.00204
1.00204
1.00209
1.00206
1.00201
1.00205
1.00207
1.002
1.00201
1.00205
1.00201
1.00198
1.00201
1.00201
1.00197
1.00197
1.00199
1.00197
1.00195
1.00196
1.00196
1.00194
1.00193
1.00194
1.00193
1.00192
1.00192
1.00192
1.00191
1.00191
1.00191
1.00191
1.0019
1.0019
1.0019
1.00189
1.00189
1.00189
1.00188
1.00188
1.00188
1.00187
1.00187
1.00187
1.00187
1.00186
1.00186
1.00186
1.00186
1.00185
1.00185
1.00185
1.00184
1.00184
1.00184
1.00182
1.00182
1.00182
1.0018
1.00179
1.00179
1.00178
1.00175
1.00174
1.00173
1.0017
1.00168
1.00166
1.00163
1.00159
1.00157
1.00153
1.0015
1.00147
1.00142
1.00138
1.00136
1.0013
1.00125
1.00124
1.00119
1.00113
1.00111
1.00108
1.00103
1.00099
1.00096
1.00093
1.00089
1.00086
1.00083
1.00081
1.00077
1.00075
1.00074
1.00071
1.00068
1.00067
1.00066
1.00063
1.00061
1.0006
1.00058
1.00056
1.00055
1.00053
1.00051
1.0005
1.00048
1.00047
1.00045
1.00044
1.00043
1.00042
1.00041
1.0004
1.00039
1.00038
1.00037
1.00037
1.00036
1.00035
1.00035
1.00034
1.00033
1.00033
1.00033
1.00032
1.00031
1.00031
1.00031
1.00031
1.0003
1.0003
1.0003
1.0003
1.00029
1.00029
1.00029
1.00029
1.00029
1.00029
1.00029
1.00029
1.00029
1.00029
1.00029
1.00029
1.00029
1.00029
1.00029
1.00029
1.00029
1.00029
1.00029
1.00029
1.00029
1.00029
1.0003
1.0003
1.0003
1.0003
1.0003
1.00031
1.00031
1.00031
1.00031
1.00031
1.00032
1.00032
1.00032
1.00032
1.00032
1.00032
1.00032
1.00033
1.00032
1.00033
1.00033
1.00033
1.00033
1.00033
1.00033
1.00032
1.00032
1.00032
1.00032
1.00032
1.00032
1.00032
1.00032
1.00032
1.00031
1.00031
1.00031
1.00031
1.00031
1.00031
1.0003
1.0003
1.0003
1.0003
1.0003
1.00029
1.00029
1.00029
1.00029
1.00029
1.00028
1.00028
1.00028
1.00028
1.00027
1.00027
1.00027
1.00027
1.00027
1.00026
1.00026
1.00026
1.00026
1.00025
1.00025
1.00025
1.00025
1.00024
1.00024
1.00024
1.00024
1.00023
1.00023
1.00023
1.00023
1.00022
1.00022
1.00022
1.00022
1.00021
1.00021
1.00021
1.00021
1.0002
1.0002
1.0002
1.00019
1.00019
1.00019
1.00019
1.00018
1.00018
1.00018
1.00018
1.00017
1.00017
1.00017
1.00017
1.00016
1.00016
1.00016
1.00016
1.00015
1.00015
1.00015
1.00015
1.00014
1.00014
1.00014
1.00014
1.00013
1.00013
1.00013
1.00013
1.00012
1.00012
1.00012
1.00012
1.00011
1.00011
1.00011
1.00011
1.0001
1.0001
1.0001
1.0001
1.00009
1.00009
1.00009
1.00009
1.00008
1.00008
1.00008
1.00008
1.00007
1.00007
1.00007
1.00007
1.00006
1.00037
1.0008
1.00205
1.00208
1.00207
1.00204
1.00207
1.00207
1.00203
1.00204
1.00205
1.00201
1.00201
1.00203
1.002
1.00198
1.002
1.00199
1.00197
1.00196
1.00197
1.00196
1.00194
1.00195
1.00195
1.00193
1.00193
1.00193
1.00193
1.00192
1.00191
1.00191
1.00191
1.0019
1.0019
1.0019
1.00189
1.00189
1.00189
1.00189
1.00188
1.00188
1.00188
1.00187
1.00187
1.00187
1.00186
1.00186
1.00186
1.00186
1.00185
1.00185
1.00184
1.00184
1.00184
1.00183
1.00183
1.00183
1.00182
1.00181
1.0018
1.0018
1.00178
1.00177
1.00176
1.00175
1.00172
1.00171
1.0017
1.00167
1.00164
1.00162
1.0016
1.00156
1.00152
1.0015
1.00147
1.00142
1.00139
1.00136
1.00131
1.00128
1.00124
1.0012
1.00117
1.00113
1.00108
1.00106
1.00103
1.00098
1.00094
1.00092
1.00089
1.00085
1.00082
1.0008
1.00078
1.00075
1.00072
1.00071
1.00069
1.00066
1.00065
1.00063
1.00061
1.00059
1.00058
1.00056
1.00054
1.00053
1.00051
1.0005
1.00048
1.00047
1.00045
1.00044
1.00043
1.00042
1.00041
1.0004
1.00039
1.00038
1.00037
1.00037
1.00036
1.00035
1.00034
1.00034
1.00034
1.00033
1.00032
1.00032
1.00032
1.00031
1.00031
1.00031
1.00031
1.0003
1.0003
1.0003
1.0003
1.00029
1.0003
1.0003
1.00029
1.00029
1.00029
1.00029
1.00029
1.00029
1.00029
1.00029
1.00029
1.00029
1.00029
1.00029
1.00029
1.00029
1.00029
1.00029
1.0003
1.0003
1.0003
1.0003
1.0003
1.0003
1.0003
1.00031
1.00031
1.00031
1.00031
1.00031
1.00031
1.00032
1.00032
1.00032
1.00032
1.00032
1.00032
1.00032
1.00032
1.00032
1.00032
1.00032
1.00032
1.00032
1.00032
1.00032
1.00032
1.00032
1.00032
1.00032
1.00032
1.00031
1.00031
1.00031
1.00031
1.00031
1.00031
1.00031
1.0003
1.0003
1.0003
1.0003
1.0003
1.00029
1.00029
1.00029
1.00029
1.00029
1.00028
1.00028
1.00028
1.00028
1.00028
1.00027
1.00027
1.00027
1.00027
1.00026
1.00026
1.00026
1.00026
1.00026
1.00025
1.00025
1.00025
1.00025
1.00024
1.00024
1.00024
1.00024
1.00023
1.00023
1.00023
1.00023
1.00022
1.00022
1.00022
1.00022
1.00021
1.00021
1.00021
1.0002
1.0002
1.0002
1.0002
1.00019
1.00019
1.00019
1.00019
1.00018
1.00018
1.00018
1.00018
1.00017
1.00017
1.00017
1.00017
1.00016
1.00016
1.00016
1.00016
1.00015
1.00015
1.00015
1.00015
1.00014
1.00014
1.00014
1.00014
1.00013
1.00013
1.00013
1.00013
1.00012
1.00012
1.00012
1.00012
1.00011
1.00011
1.00011
1.00011
1.0001
1.0001
1.0001
1.0001
1.00009
1.00009
1.00009
1.00009
1.00008
1.00008
1.00008
1.00008
1.00007
1.00007
1.00007
1.00007
1.00006
1.00034
1.00079
1.00206
1.00211
1.0021
1.00203
1.00206
1.00211
1.00204
1.002
1.00207
1.00206
1.00198
1.002
1.00204
1.00199
1.00196
1.00199
1.00199
1.00195
1.00195
1.00197
1.00195
1.00193
1.00194
1.00194
1.00193
1.00192
1.00192
1.00192
1.00191
1.00191
1.00191
1.0019
1.0019
1.00189
1.00189
1.00189
1.00188
1.00188
1.00188
1.00187
1.00187
1.00187
1.00187
1.00186
1.00186
1.00186
1.00185
1.00185
1.00185
1.00184
1.00184
1.00183
1.00183
1.00183
1.00182
1.00181
1.00181
1.0018
1.00179
1.00178
1.00178
1.00176
1.00174
1.00174
1.00172
1.0017
1.00168
1.00166
1.00163
1.00161
1.00159
1.00156
1.00153
1.0015
1.00146
1.00144
1.0014
1.00135
1.00133
1.0013
1.00125
1.00121
1.00119
1.00114
1.0011
1.00107
1.00104
1.00101
1.00097
1.00094
1.00091
1.00088
1.00085
1.00082
1.0008
1.00077
1.00075
1.00073
1.0007
1.00068
1.00067
1.00065
1.00062
1.00061
1.00059
1.00057
1.00055
1.00054
1.00052
1.00051
1.00049
1.00048
1.00046
1.00045
1.00044
1.00043
1.00042
1.00041
1.0004
1.00039
1.00038
1.00037
1.00037
1.00036
1.00035
1.00035
1.00034
1.00034
1.00033
1.00033
1.00032
1.00032
1.00032
1.00031
1.00031
1.00031
1.0003
1.0003
1.0003
1.0003
1.0003
1.0003
1.0003
1.00029
1.00029
1.00029
1.00029
1.00029
1.00029
1.00029
1.00029
1.00029
1.00029
1.00029
1.00029
1.00029
1.00029
1.00029
1.0003
1.0003
1.0003
1.0003
1.0003
1.0003
1.0003
1.00031
1.00031
1.00031
1.00031
1.00031
1.00031
1.00031
1.00031
1.00032
1.00032
1.00032
1.00032
1.00032
1.00032
1.00032
1.00032
1.00032
1.00032
1.00032
1.00032
1.00032
1.00032
1.00032
1.00032
1.00031
1.00031
1.00031
1.00031
1.00031
1.00031
1.00031
1.00031
1.0003
1.0003
1.0003
1.0003
1.0003
1.0003
1.00029
1.00029
1.00029
1.00029
1.00029
1.00028
1.00028
1.00028
1.00028
1.00028
1.00027
1.00027
1.00027
1.00027
1.00026
1.00026
1.00026
1.00026
1.00025
1.00025
1.00025
1.00025
1.00025
1.00024
1.00024
1.00024
1.00024
1.00023
1.00023
1.00023
1.00023
1.00022
1.00022
1.00022
1.00022
1.00021
1.00021
1.00021
1.0002
1.0002
1.0002
1.0002
1.00019
1.00019
1.00019
1.00019
1.00018
1.00018
1.00018
1.00018
1.00017
1.00017
1.00017
1.00017
1.00016
1.00016
1.00016
1.00016
1.00015
1.00015
1.00015
1.00015
1.00014
1.00014
1.00014
1.00014
1.00013
1.00013
1.00013
1.00013
1.00012
1.00012
1.00012
1.00012
1.00011
1.00011
1.00011
1.00011
1.0001
1.0001
1.0001
1.0001
1.00009
1.00009
1.00009
1.00009
1.00008
1.00008
1.00008
1.00008
1.00007
1.00007
1.00007
1.00007
1.00006
1.00031
1.00081
1.00213
1.00205
1.00207
1.00213
1.00206
1.00203
1.00209
1.00206
1.002
1.00204
1.00205
1.00199
1.00199
1.00202
1.00199
1.00196
1.00198
1.00198
1.00195
1.00194
1.00195
1.00195
1.00193
1.00193
1.00193
1.00192
1.00191
1.00191
1.00191
1.0019
1.0019
1.0019
1.00189
1.00189
1.00189
1.00188
1.00188
1.00188
1.00187
1.00187
1.00187
1.00186
1.00186
1.00186
1.00185
1.00185
1.00185
1.00184
1.00184
1.00183
1.00183
1.00183
1.00182
1.00182
1.00181
1.0018
1.00179
1.00179
1.00178
1.00177
1.00176
1.00176
1.00174
1.00172
1.00171
1.00169
1.00167
1.00165
1.00163
1.00161
1.00158
1.00156
1.00153
1.00149
1.00146
1.00144
1.0014
1.00137
1.00134
1.0013
1.00127
1.00123
1.00119
1.00116
1.00113
1.00109
1.00105
1.00103
1.001
1.00096
1.00093
1.0009
1.00087
1.00084
1.00081
1.00079
1.00077
1.00074
1.00072
1.0007
1.00068
1.00066
1.00064
1.00062
1.0006
1.00058
1.00057
1.00055
1.00053
1.00052
1.0005
1.00049
1.00048
1.00046
1.00045
1.00044
1.00043
1.00042
1.00041
1.0004
1.00039
1.00038
1.00037
1.00037
1.00036
1.00035
1.00035
1.00034
1.00034
1.00033
1.00033
1.00033
1.00032
1.00032
1.00031
1.00031
1.00031
1.00031
1.0003
1.0003
1.0003
1.0003
1.0003
1.0003
1.00029
1.00029
1.00029
1.00029
1.00029
1.00029
1.00029
1.00029
1.00029
1.00029
1.00029
1.00029
1.0003
1.0003
1.0003
1.0003
1.0003
1.0003
1.0003
1.0003
1.0003
1.0003
1.00031
1.00031
1.00031
1.00031
1.00031
1.00031
1.00031
1.00031
1.00031
1.00031
1.00032
1.00032
1.00032
1.00032
1.00032
1.00032
1.00032
1.00032
1.00032
1.00031
1.00031
1.00031
1.00031
1.00031
1.00031
1.00031
1.00031
1.00031
1.00031
1.00031
1.0003
1.0003
1.0003
1.0003
1.0003
1.0003
1.00029
1.00029
1.00029
1.00029
1.00029
1.00029
1.00028
1.00028
1.00028
1.00028
1.00027
1.00027
1.00027
1.00027
1.00027
1.00026
1.00026
1.00026
1.00026
1.00025
1.00025
1.00025
1.00025
1.00025
1.00024
1.00024
1.00024
1.00024
1.00023
1.00023
1.00023
1.00023
1.00022
1.00022
1.00022
1.00022
1.00021
1.00021
1.00021
1.0002
1.0002
1.0002
1.0002
1.00019
1.00019
1.00019
1.00019
1.00018
1.00018
1.00018
1.00018
1.00017
1.00017
1.00017
1.00017
1.00016
1.00016
1.00016
1.00016
1.00015
1.00015
1.00015
1.00015
1.00014
1.00014
1.00014
1.00014
1.00013
1.00013
1.00013
1.00013
1.00012
1.00012
1.00012
1.00012
1.00011
1.00011
1.00011
1.00011
1.0001
1.0001
1.0001
1.0001
1.00009
1.00009
1.00009
1.00009
1.00008
1.00008
1.00008
1.00008
1.00007
1.00007
1.00007
1.00006
1.00006
1.00028
1.00081
1.00212
1.00209
1.00208
1.00213
1.0021
1.00202
1.00207
1.00211
1.00202
1.00199
1.00206
1.00204
1.00197
1.00199
1.00202
1.00198
1.00195
1.00197
1.00197
1.00194
1.00194
1.00195
1.00194
1.00192
1.00192
1.00192
1.00191
1.00191
1.00191
1.0019
1.0019
1.00189
1.00189
1.00189
1.00188
1.00188
1.00188
1.00187
1.00187
1.00187
1.00186
1.00186
1.00186
1.00185
1.00185
1.00185
1.00184
1.00184
1.00184
1.00183
1.00182
1.00182
1.00182
1.00181
1.0018
1.0018
1.00179
1.00178
1.00177
1.00176
1.00175
1.00174
1.00173
1.00171
1.0017
1.00168
1.00166
1.00164
1.00162
1.0016
1.00158
1.00155
1.00152
1.0015
1.00147
1.00143
1.0014
1.00138
1.00134
1.0013
1.00128
1.00124
1.00121
1.00118
1.00114
1.00111
1.00108
1.00104
1.00101
1.00098
1.00095
1.00092
1.00089
1.00086
1.00084
1.00081
1.00078
1.00076
1.00074
1.00072
1.00069
1.00068
1.00066
1.00063
1.00061
1.0006
1.00058
1.00056
1.00055
1.00053
1.00051
1.0005
1.00048
1.00047
1.00046
1.00045
1.00044
1.00043
1.00042
1.0004
1.0004
1.00039
1.00038
1.00037
1.00037
1.00036
1.00035
1.00035
1.00034
1.00034
1.00033
1.00033
1.00032
1.00032
1.00032
1.00031
1.00031
1.00031
1.00031
1.0003
1.0003
1.0003
1.0003
1.0003
1.0003
1.0003
1.00029
1.0003
1.00029
1.00029
1.00029
1.00029
1.00029
1.00029
1.00029
1.00029
1.00029
1.0003
1.0003
1.0003
1.0003
1.0003
1.0003
1.0003
1.0003
1.0003
1.0003
1.00031
1.00031
1.00031
1.00031
1.00031
1.00031
1.00031
1.00031
1.00031
1.00031
1.00031
1.00031
1.00031
1.00031
1.00031
1.00031
1.00031
1.00031
1.00031
1.00031
1.00031
1.00031
1.00031
1.00031
1.00031
1.00031
1.00031
1.0003
1.0003
1.0003
1.0003
1.0003
1.0003
1.0003
1.0003
1.00029
1.00029
1.00029
1.00029
1.00029
1.00028
1.00028
1.00028
1.00028
1.00028
1.00027
1.00027
1.00027
1.00027
1.00027
1.00026
1.00026
1.00026
1.00026
1.00025
1.00025
1.00025
1.00025
1.00024
1.00024
1.00024
1.00024
1.00024
1.00023
1.00023
1.00023
1.00023
1.00022
1.00022
1.00022
1.00022
1.00021
1.00021
1.00021
1.0002
1.0002
1.0002
1.0002
1.00019
1.00019
1.00019
1.00019
1.00018
1.00018
1.00018
1.00018
1.00017
1.00017
1.00017
1.00017
1.00016
1.00016
1.00016
1.00016
1.00015
1.00015
1.00015
1.00015
1.00014
1.00014
1.00014
1.00014
1.00013
1.00013
1.00013
1.00013
1.00012
1.00012
1.00012
1.00012
1.00011
1.00011
1.00011
1.00011
1.0001
1.0001
1.0001
1.0001
1.00009
1.00009
1.00009
1.00009
1.00008
1.00008
1.00008
1.00008
1.00007
1.00007
1.00007
1.00006
1.00006
1.00025
1.00081
1.00206
1.00219
1.00215
1.00201
1.00211
1.00217
1.00202
1.00202
1.00211
1.00204
1.00198
1.00202
1.00204
1.00197
1.00196
1.002
1.00198
1.00194
1.00195
1.00196
1.00194
1.00193
1.00193
1.00193
1.00192
1.00191
1.00191
1.00191
1.0019
1.0019
1.0019
1.00189
1.00189
1.00189
1.00188
1.00188
1.00187
1.00187
1.00187
1.00186
1.00186
1.00186
1.00185
1.00185
1.00185
1.00184
1.00184
1.00183
1.00183
1.00183
1.00182
1.00181
1.00181
1.0018
1.00179
1.00179
1.00178
1.00177
1.00176
1.00176
1.00175
1.00173
1.00172
1.00171
1.00169
1.00167
1.00166
1.00164
1.00161
1.0016
1.00158
1.00155
1.00152
1.0015
1.00147
1.00144
1.00141
1.00138
1.00135
1.00132
1.00128
1.00125
1.00123
1.00119
1.00115
1.00112
1.0011
1.00106
1.00102
1.001
1.00097
1.00093
1.00091
1.00088
1.00085
1.00083
1.0008
1.00078
1.00075
1.00073
1.00071
1.00069
1.00067
1.00065
1.00063
1.00061
1.00059
1.00057
1.00056
1.00054
1.00052
1.00051
1.00049
1.00048
1.00047
1.00046
1.00044
1.00043
1.00042
1.00041
1.0004
1.00039
1.00039
1.00038
1.00037
1.00037
1.00036
1.00035
1.00035
1.00034
1.00034
1.00033
1.00033
1.00032
1.00032
1.00032
1.00031
1.00031
1.00031
1.00031
1.00031
1.0003
1.0003
1.0003
1.0003
1.0003
1.0003
1.0003
1.0003
1.00029
1.00029
1.00029
1.00029
1.00029
1.00029
1.0003
1.0003
1.0003
1.0003
1.0003
1.0003
1.0003
1.0003
1.0003
1.0003
1.0003
1.0003
1.0003
1.0003
1.00031
1.00031
1.00031
1.00031
1.00031
1.00031
1.00031
1.00031
1.00031
1.00031
1.00031
1.00031
1.00031
1.00031
1.00031
1.00031
1.00031
1.00031
1.00031
1.00031
1.00031
1.00031
1.00031
1.00031
1.0003
1.0003
1.0003
1.0003
1.0003
1.0003
1.0003
1.0003
1.00029
1.00029
1.00029
1.00029
1.00029
1.00029
1.00028
1.00028
1.00028
1.00028
1.00028
1.00027
1.00027
1.00027
1.00027
1.00027
1.00026
1.00026
1.00026
1.00026
1.00025
1.00025
1.00025
1.00025
1.00024
1.00024
1.00024
1.00024
1.00024
1.00023
1.00023
1.00023
1.00023
1.00022
1.00022
1.00022
1.00022
1.00021
1.00021
1.00021
1.0002
1.0002
1.0002
1.0002
1.00019
1.00019
1.00019
1.00019
1.00018
1.00018
1.00018
1.00018
1.00017
1.00017
1.00017
1.00017
1.00016
1.00016
1.00016
1.00016
1.00015
1.00015
1.00015
1.00015
1.00014
1.00014
1.00014
1.00014
1.00013
1.00013
1.00013
1.00013
1.00012
1.00012
1.00012
1.00012
1.00011
1.00011
1.00011
1.00011
1.0001
1.0001
1.0001
1.0001
1.00009
1.00009
1.00009
1.00009
1.00008
1.00008
1.00008
1.00007
1.00007
1.00007
1.00007
1.00006
1.00006
1.00022
1.0008
1.00217
1.00214
1.00215
1.00211
1.00208
1.00214
1.00209
1.00201
1.00206
1.00209
1.002
1.00198
1.00203
1.00201
1.00196
1.00196
1.00198
1.00196
1.00194
1.00195
1.00195
1.00193
1.00192
1.00193
1.00192
1.00191
1.00191
1.00191
1.0019
1.00189
1.00189
1.00189
1.00188
1.00188
1.00188
1.00187
1.00187
1.00187
1.00186
1.00186
1.00186
1.00185
1.00185
1.00185
1.00184
1.00184
1.00183
1.00183
1.00182
1.00182
1.00182
1.00181
1.0018
1.0018
1.00179
1.00178
1.00178
1.00177
1.00176
1.00175
1.00174
1.00173
1.00171
1.0017
1.00169
1.00167
1.00165
1.00163
1.00162
1.00159
1.00157
1.00155
1.00153
1.0015
1.00147
1.00145
1.00142
1.00138
1.00136
1.00133
1.00129
1.00126
1.00123
1.0012
1.00117
1.00114
1.0011
1.00107
1.00104
1.00101
1.00098
1.00095
1.00092
1.00089
1.00087
1.00084
1.00082
1.00079
1.00076
1.00074
1.00072
1.0007
1.00068
1.00066
1.00064
1.00062
1.0006
1.00058
1.00056
1.00055
1.00053
1.00052
1.0005
1.00049
1.00047
1.00046
1.00045
1.00044
1.00043
1.00042
1.00041
1.0004
1.00039
1.00038
1.00038
1.00037
1.00036
1.00036
1.00035
1.00034
1.00034
1.00034
1.00033
1.00033
1.00032
1.00032
1.00032
1.00031
1.00031
1.00031
1.00031
1.0003
1.0003
1.0003
1.0003
1.0003
1.0003
1.0003
1.0003
1.0003
1.00029
1.00029
1.00029
1.00029
1.00029
1.00029
1.0003
1.0003
1.0003
1.0003
1.0003
1.0003
1.0003
1.0003
1.0003
1.0003
1.0003
1.0003
1.0003
1.0003
1.0003
1.00031
1.00031
1.00031
1.00031
1.00031
1.00031
1.00031
1.00031
1.00031
1.00031
1.00031
1.00031
1.00031
1.00031
1.00031
1.00031
1.00031
1.00031
1.00031
1.00031
1.00031
1.0003
1.0003
1.0003
1.0003
1.0003
1.0003
1.0003
1.0003
1.00029
1.00029
1.00029
1.00029
1.00029
1.00029
1.00029
1.00028
1.00028
1.00028
1.00028
1.00028
1.00027
1.00027
1.00027
1.00027
1.00027
1.00026
1.00026
1.00026
1.00026
1.00025
1.00025
1.00025
1.00025
1.00024
1.00024
1.00024
1.00024
1.00023
1.00023
1.00023
1.00023
1.00023
1.00022
1.00022
1.00022
1.00021
1.00021
1.00021
1.00021
1.0002
1.0002
1.0002
1.0002
1.00019
1.00019
1.00019
1.00019
1.00018
1.00018
1.00018
1.00018
1.00017
1.00017
1.00017
1.00017
1.00016
1.00016
1.00016
1.00016
1.00015
1.00015
1.00015
1.00015
1.00014
1.00014
1.00014
1.00014
1.00013
1.00013
1.00013
1.00013
1.00012
1.00012
1.00012
1.00012
1.00011
1.00011
1.00011
1.00011
1.0001
1.0001
1.0001
1.0001
1.00009
1.00009
1.00009
1.00009
1.00008
1.00008
1.00008
1.00007
1.00007
1.00007
1.00007
1.00006
1.00006
1.00019
1.00086
1.00226
1.00203
1.00209
1.00231
1.00211
1.00197
1.00215
1.00215
1.00198
1.002
1.00209
1.00202
1.00195
1.00199
1.00201
1.00195
1.00194
1.00197
1.00196
1.00193
1.00193
1.00194
1.00192
1.00191
1.00192
1.00191
1.0019
1.0019
1.0019
1.00189
1.00189
1.00189
1.00188
1.00188
1.00187
1.00187
1.00187
1.00186
1.00186
1.00186
1.00185
1.00185
1.00185
1.00184
1.00184
1.00183
1.00183
1.00183
1.00182
1.00181
1.00181
1.00181
1.0018
1.00179
1.00179
1.00178
1.00177
1.00176
1.00176
1.00174
1.00173
1.00172
1.00171
1.00169
1.00168
1.00167
1.00165
1.00163
1.00161
1.00159
1.00157
1.00155
1.00152
1.0015
1.00148
1.00145
1.00142
1.00139
1.00136
1.00133
1.0013
1.00128
1.00124
1.00121
1.00118
1.00115
1.00111
1.00109
1.00106
1.00102
1.00099
1.00096
1.00094
1.00091
1.00088
1.00085
1.00083
1.0008
1.00078
1.00076
1.00073
1.00071
1.00069
1.00067
1.00064
1.00063
1.00061
1.00059
1.00057
1.00056
1.00054
1.00052
1.00051
1.0005
1.00048
1.00047
1.00046
1.00045
1.00043
1.00042
1.00041
1.00041
1.00039
1.00039
1.00038
1.00037
1.00036
1.00036
1.00035
1.00035
1.00034
1.00034
1.00033
1.00033
1.00032
1.00032
1.00032
1.00031
1.00031
1.00031
1.00031
1.0003
1.0003
1.0003
1.0003
1.0003
1.0003
1.0003
1.0003
1.0003
1.00029
1.00029
1.00029
1.00029
1.00029
1.00029
1.00029
1.00029
1.00029
1.0003
1.0003
1.0003
1.0003
1.0003
1.0003
1.0003
1.0003
1.0003
1.0003
1.0003
1.0003
1.0003
1.0003
1.0003
1.00031
1.00031
1.00031
1.00031
1.00031
1.00031
1.00031
1.00031
1.00031
1.00031
1.00031
1.00031
1.00031
1.00031
1.00031
1.0003
1.0003
1.0003
1.0003
1.0003
1.0003
1.0003
1.0003
1.0003
1.0003
1.0003
1.00029
1.00029
1.00029
1.00029
1.00029
1.00029
1.00028
1.00028
1.00028
1.00028
1.00028
1.00028
1.00027
1.00027
1.00027
1.00027
1.00026
1.00026
1.00026
1.00026
1.00026
1.00025
1.00025
1.00025
1.00025
1.00024
1.00024
1.00024
1.00024
1.00023
1.00023
1.00023
1.00023
1.00022
1.00022
1.00022
1.00022
1.00021
1.00021
1.00021
1.00021
1.0002
1.0002
1.0002
1.0002
1.00019
1.00019
1.00019
1.00019
1.00018
1.00018
1.00018
1.00018
1.00017
1.00017
1.00017
1.00017
1.00016
1.00016
1.00016
1.00016
1.00015
1.00015
1.00015
1.00015
1.00014
1.00014
1.00014
1.00014
1.00013
1.00013
1.00013
1.00013
1.00012
1.00012
1.00012
1.00012
1.00011
1.00011
1.00011
1.00011
1.0001
1.0001
1.0001
1.0001
1.00009
1.00009
1.00009
1.00009
1.00008
1.00008
1.00008
1.00007
1.00007
1.00007
1.00007
1.00006
1.00006
1.00016
1.00083
1.00211
1.00228
1.00219
1.00211
1.00218
1.0021
1.00206
1.00211
1.00207
1.002
1.00201
1.00204
1.00199
1.00196
1.00198
1.00198
1.00195
1.00194
1.00195
1.00194
1.00192
1.00192
1.00192
1.00191
1.00191
1.00191
1.0019
1.0019
1.00189
1.00189
1.00189
1.00188
1.00188
1.00188
1.00187
1.00187
1.00187
1.00186
1.00186
1.00186
1.00185
1.00185
1.00184
1.00184
1.00184
1.00183
1.00183
1.00182
1.00182
1.00181
1.00181
1.0018
1.0018
1.00179
1.00178
1.00178
1.00177
1.00176
1.00175
1.00174
1.00173
1.00172
1.00171
1.00169
1.00168
1.00166
1.00165
1.00163
1.00161
1.00159
1.00157
1.00155
1.00152
1.0015
1.00148
1.00145
1.00142
1.0014
1.00137
1.00134
1.00131
1.00128
1.00125
1.00122
1.00119
1.00116
1.00113
1.00109
1.00106
1.00104
1.00101
1.00097
1.00095
1.00092
1.00089
1.00086
1.00084
1.00081
1.00079
1.00076
1.00074
1.00072
1.0007
1.00067
1.00065
1.00063
1.00061
1.0006
1.00058
1.00056
1.00054
1.00053
1.00051
1.0005
1.00049
1.00047
1.00046
1.00045
1.00044
1.00043
1.00042
1.00041
1.0004
1.00039
1.00038
1.00038
1.00037
1.00036
1.00035
1.00035
1.00034
1.00034
1.00033
1.00033
1.00033
1.00032
1.00032
1.00032
1.00031
1.00031
1.00031
1.00031
1.0003
1.0003
1.0003
1.0003
1.0003
1.0003
1.0003
1.00029
1.00029
1.00029
1.00029
1.00029
1.00029
1.00029
1.00029
1.00029
1.00029
1.00029
1.00029
1.0003
1.0003
1.0003
1.0003
1.0003
1.0003
1.0003
1.0003
1.0003
1.0003
1.0003
1.0003
1.0003
1.0003
1.0003
1.0003
1.0003
1.00031
1.00031
1.00031
1.00031
1.00031
1.00031
1.00031
1.00031
1.00031
1.0003
1.0003
1.0003
1.0003
1.0003
1.0003
1.0003
1.0003
1.0003
1.0003
1.0003
1.0003
1.00029
1.00029
1.00029
1.00029
1.00029
1.00029
1.00029
1.00028
1.00028
1.00028
1.00028
1.00028
1.00027
1.00027
1.00027
1.00027
1.00027
1.00026
1.00026
1.00026
1.00026
1.00026
1.00025
1.00025
1.00025
1.00025
1.00024
1.00024
1.00024
1.00024
1.00023
1.00023
1.00023
1.00023
1.00022
1.00022
1.00022
1.00022
1.00021
1.00021
1.00021
1.00021
1.0002
1.0002
1.0002
1.0002
1.00019
1.00019
1.00019
1.00019
1.00018
1.00018
1.00018
1.00018
1.00017
1.00017
1.00017
1.00017
1.00016
1.00016
1.00016
1.00016
1.00015
1.00015
1.00015
1.00015
1.00014
1.00014
1.00014
1.00014
1.00013
1.00013
1.00013
1.00013
1.00012
1.00012
1.00012
1.00012
1.00011
1.00011
1.00011
1.00011
1.0001
1.0001
1.0001
1.0001
1.00009
1.00009
1.00009
1.00008
1.00008
1.00008
1.00008
1.00007
1.00007
1.00007
1.00007
1.00006
1.00006
1.00013
1.00083
1.00213
1.0024
1.00229
1.00194
1.00217
1.00233
1.00203
1.00195
1.00213
1.0021
1.00194
1.00197
1.00204
1.00198
1.00193
1.00196
1.00197
1.00193
1.00192
1.00194
1.00193
1.00191
1.00191
1.00192
1.00191
1.0019
1.0019
1.0019
1.00189
1.00189
1.00189
1.00188
1.00188
1.00187
1.00187
1.00187
1.00186
1.00186
1.00186
1.00185
1.00185
1.00185
1.00184
1.00184
1.00183
1.00183
1.00183
1.00182
1.00182
1.00181
1.00181
1.0018
1.00179
1.00179
1.00178
1.00177
1.00177
1.00176
1.00174
1.00174
1.00173
1.00171
1.0017
1.00169
1.00168
1.00166
1.00165
1.00163
1.00161
1.00159
1.00157
1.00155
1.00153
1.0015
1.00148
1.00146
1.00143
1.0014
1.00137
1.00135
1.00132
1.00128
1.00126
1.00123
1.00119
1.00117
1.00114
1.0011
1.00107
1.00104
1.00101
1.00098
1.00096
1.00093
1.0009
1.00087
1.00085
1.00082
1.00079
1.00077
1.00075
1.00072
1.0007
1.00068
1.00066
1.00064
1.00062
1.0006
1.00058
1.00056
1.00055
1.00053
1.00052
1.0005
1.00049
1.00048
1.00046
1.00045
1.00044
1.00043
1.00042
1.00041
1.0004
1.00039
1.00038
1.00038
1.00037
1.00036
1.00036
1.00035
1.00034
1.00034
1.00033
1.00033
1.00033
1.00032
1.00032
1.00032
1.00031
1.00031
1.00031
1.0003
1.0003
1.0003
1.0003
1.0003
1.0003
1.0003
1.00029
1.00029
1.00029
1.00029
1.00029
1.00029
1.00029
1.00029
1.00029
1.00029
1.00029
1.00029
1.00029
1.00029
1.00029
1.0003
1.0003
1.0003
1.0003
1.0003
1.0003
1.0003
1.0003
1.0003
1.0003
1.0003
1.0003
1.0003
1.0003
1.0003
1.0003
1.0003
1.0003
1.0003
1.0003
1.0003
1.0003
1.0003
1.0003
1.0003
1.0003
1.0003
1.0003
1.0003
1.0003
1.0003
1.0003
1.0003
1.0003
1.0003
1.0003
1.00029
1.00029
1.00029
1.00029
1.00029
1.00029
1.00029
1.00028
1.00028
1.00028
1.00028
1.00028
1.00027
1.00027
1.00027
1.00027
1.00027
1.00026
1.00026
1.00026
1.00026
1.00026
1.00025
1.00025
1.00025
1.00025
1.00024
1.00024
1.00024
1.00024
1.00023
1.00023
1.00023
1.00023
1.00022
1.00022
1.00022
1.00022
1.00021
1.00021
1.00021
1.00021
1.0002
1.0002
1.0002
1.0002
1.00019
1.00019
1.00019
1.00019
1.00018
1.00018
1.00018
1.00018
1.00017
1.00017
1.00017
1.00017
1.00016
1.00016
1.00016
1.00016
1.00015
1.00015
1.00015
1.00015
1.00014
1.00014
1.00014
1.00014
1.00013
1.00013
1.00013
1.00013
1.00012
1.00012
1.00012
1.00012
1.00011
1.00011
1.00011
1.00011
1.0001
1.0001
1.0001
1.0001
1.00009
1.00009
1.00009
1.00008
1.00008
1.00008
1.00008
1.00007
1.00007
1.00007
1.00007
1.00006
1.00006
1.0001
1.00084
1.00254
1.00208
1.00221
1.00238
1.0021
1.00207
1.00217
1.0021
1.00199
1.00202
1.00205
1.00199
1.00196
1.00198
1.00198
1.00194
1.00194
1.00195
1.00194
1.00192
1.00192
1.00192
1.00191
1.00191
1.00191
1.0019
1.0019
1.00189
1.00189
1.00189
1.00188
1.00188
1.00188
1.00187
1.00187
1.00187
1.00186
1.00186
1.00186
1.00185
1.00185
1.00184
1.00184
1.00184
1.00183
1.00183
1.00182
1.00182
1.00181
1.00181
1.00181
1.0018
1.00179
1.00179
1.00178
1.00177
1.00176
1.00176
1.00175
1.00173
1.00172
1.00172
1.0017
1.00169
1.00168
1.00166
1.00164
1.00163
1.00161
1.00159
1.00157
1.00155
1.00153
1.00151
1.00148
1.00146
1.00143
1.0014
1.00138
1.00135
1.00132
1.00129
1.00126
1.00123
1.0012
1.00117
1.00114
1.00111
1.00108
1.00105
1.00102
1.00099
1.00096
1.00093
1.00091
1.00088
1.00085
1.00083
1.0008
1.00078
1.00075
1.00073
1.00071
1.00069
1.00066
1.00064
1.00062
1.0006
1.00059
1.00057
1.00055
1.00054
1.00052
1.00051
1.00049
1.00048
1.00047
1.00045
1.00044
1.00043
1.00042
1.00041
1.0004
1.00039
1.00039
1.00038
1.00037
1.00036
1.00036
1.00035
1.00034
1.00034
1.00033
1.00033
1.00033
1.00032
1.00032
1.00031
1.00031
1.00031
1.00031
1.0003
1.0003
1.0003
1.0003
1.0003
1.0003
1.00029
1.00029
1.00029
1.00029
1.00029
1.00029
1.00029
1.00029
1.00029
1.00029
1.00029
1.00029
1.00029
1.00029
1.00029
1.00029
1.00029
1.0003
1.0003
1.0003
1.0003
1.0003
1.0003
1.0003
1.0003
1.0003
1.0003
1.0003
1.0003
1.0003
1.0003
1.0003
1.0003
1.0003
1.0003
1.0003
1.0003
1.0003
1.0003
1.0003
1.0003
1.0003
1.0003
1.0003
1.0003
1.0003
1.0003
1.0003
1.0003
1.0003
1.0003
1.00029
1.00029
1.00029
1.00029
1.00029
1.00029
1.00029
1.00029
1.00028
1.00028
1.00028
1.00028
1.00028
1.00027
1.00027
1.00027
1.00027
1.00027
1.00026
1.00026
1.00026
1.00026
1.00026
1.00025
1.00025
1.00025
1.00025
1.00024
1.00024
1.00024
1.00024
1.00023
1.00023
1.00023
1.00023
1.00022
1.00022
1.00022
1.00022
1.00021
1.00021
1.00021
1.00021
1.0002
1.0002
1.0002
1.0002
1.00019
1.00019
1.00019
1.00019
1.00018
1.00018
1.00018
1.00018
1.00017
1.00017
1.00017
1.00017
1.00016
1.00016
1.00016
1.00016
1.00015
1.00015
1.00015
1.00015
1.00014
1.00014
1.00014
1.00014
1.00013
1.00013
1.00013
1.00013
1.00012
1.00012
1.00012
1.00012
1.00011
1.00011
1.00011
1.00011
1.0001
1.0001
1.0001
1.0001
1.00009
1.00009
1.00009
1.00008
1.00008
1.00008
1.00008
1.00007
1.00007
1.00007
1.00007
1.00006
1.00006
1.00008
1.00104
1.00242
1.00205
1.00218
1.00259
1.0022
1.00189
1.00212
1.0022
1.00199
1.00194
1.00205
1.00202
1.00194
1.00196
1.00199
1.00195
1.00192
1.00194
1.00194
1.00192
1.00191
1.00192
1.00191
1.0019
1.0019
1.0019
1.00189
1.00189
1.00189
1.00189
1.00188
1.00188
1.00188
1.00187
1.00187
1.00186
1.00186
1.00186
1.00185
1.00185
1.00185
1.00184
1.00184
1.00184
1.00183
1.00183
1.00182
1.00182
1.00181
1.00181
1.0018
1.0018
1.00179
1.00178
1.00178
1.00177
1.00176
1.00175
1.00175
1.00174
1.00172
1.00171
1.0017
1.00169
1.00168
1.00166
1.00165
1.00163
1.00161
1.00159
1.00157
1.00155
1.00153
1.00151
1.00149
1.00146
1.00143
1.00141
1.00138
1.00135
1.00133
1.0013
1.00127
1.00124
1.00121
1.00118
1.00115
1.00112
1.00109
1.00106
1.00103
1.001
1.00097
1.00094
1.00091
1.00088
1.00086
1.00083
1.00081
1.00078
1.00075
1.00073
1.00071
1.00069
1.00067
1.00065
1.00063
1.00061
1.00059
1.00057
1.00055
1.00054
1.00052
1.00051
1.00049
1.00048
1.00047
1.00045
1.00044
1.00043
1.00042
1.00041
1.0004
1.00039
1.00038
1.00038
1.00037
1.00036
1.00036
1.00035
1.00034
1.00034
1.00033
1.00033
1.00032
1.00032
1.00032
1.00031
1.00031
1.00031
1.00031
1.0003
1.0003
1.0003
1.0003
1.0003
1.00029
1.00029
1.00029
1.00029
1.00029
1.00029
1.00029
1.00029
1.00029
1.00029
1.00029
1.00029
1.00029
1.00029
1.00029
1.00029
1.00029
1.00029
1.00029
1.00029
1.00029
1.0003
1.0003
1.0003
1.0003
1.0003
1.0003
1.0003
1.0003
1.0003
1.0003
1.0003
1.0003
1.0003
1.0003
1.0003
1.0003
1.0003
1.0003
1.0003
1.0003
1.0003
1.0003
1.0003
1.0003
1.0003
1.0003
1.0003
1.0003
1.0003
1.0003
1.0003
1.00029
1.00029
1.00029
1.00029
1.00029
1.00029
1.00029
1.00028
1.00028
1.00028
1.00028
1.00028
1.00028
1.00027
1.00027
1.00027
1.00027
1.00027
1.00026
1.00026
1.00026
1.00026
1.00026
1.00025
1.00025
1.00025
1.00025
1.00024
1.00024
1.00024
1.00024
1.00023
1.00023
1.00023
1.00023
1.00022
1.00022
1.00022
1.00022
1.00021
1.00021
1.00021
1.00021
1.0002
1.0002
1.0002
1.0002
1.00019
1.00019
1.00019
1.00019
1.00018
1.00018
1.00018
1.00018
1.00017
1.00017
1.00017
1.00017
1.00016
1.00016
1.00016
1.00016
1.00015
1.00015
1.00015
1.00015
1.00014
1.00014
1.00014
1.00014
1.00013
1.00013
1.00013
1.00013
1.00012
1.00012
1.00012
1.00012
1.00011
1.00011
1.00011
1.00011
1.0001
1.0001
1.0001
1.0001
1.00009
1.00009
1.00009
1.00008
1.00008
1.00008
1.00008
1.00007
1.00007
1.00007
1.00007
1.00006
1.00006
1.00006
1.0008
1.00207
1.00307
1.00247
1.00184
1.00218
1.00233
1.00203
1.00193
1.00209
1.00206
1.00194
1.00196
1.00201
1.00196
1.00193
1.00195
1.00195
1.00192
1.00192
1.00193
1.00192
1.00191
1.00191
1.00191
1.0019
1.00189
1.00189
1.00189
1.00188
1.00188
1.00188
1.00188
1.00187
1.00187
1.00187
1.00186
1.00186
1.00186
1.00185
1.00185
1.00185
1.00184
1.00184
1.00184
1.00183
1.00183
1.00182
1.00182
1.00181
1.00181
1.0018
1.0018
1.00179
1.00179
1.00178
1.00177
1.00176
1.00175
1.00174
1.00174
1.00173
1.00171
1.0017
1.00169
1.00168
1.00166
1.00165
1.00163
1.00161
1.00159
1.00158
1.00156
1.00153
1.00151
1.00149
1.00146
1.00144
1.00141
1.00139
1.00136
1.00133
1.0013
1.00127
1.00124
1.00121
1.00118
1.00115
1.00112
1.00109
1.00106
1.00103
1.001
1.00097
1.00094
1.00091
1.00089
1.00086
1.00083
1.00081
1.00078
1.00076
1.00073
1.00071
1.00069
1.00067
1.00065
1.00063
1.00061
1.00059
1.00057
1.00055
1.00054
1.00052
1.00051
1.00049
1.00048
1.00047
1.00045
1.00044
1.00043
1.00042
1.00041
1.0004
1.00039
1.00038
1.00038
1.00037
1.00036
1.00035
1.00035
1.00034
1.00034
1.00033
1.00033
1.00032
1.00032
1.00032
1.00031
1.00031
1.00031
1.0003
1.0003
1.0003
1.0003
1.0003
1.00029
1.00029
1.00029
1.00029
1.00029
1.00029
1.00029
1.00029
1.00029
1.00029
1.00029
1.00029
1.00029
1.00029
1.00029
1.00029
1.00029
1.00029
1.00029
1.00029
1.00029
1.00029
1.00029
1.00029
1.0003
1.0003
1.0003
1.0003
1.0003
1.0003
1.0003
1.0003
1.0003
1.0003
1.0003
1.0003
1.0003
1.0003
1.0003
1.0003
1.0003
1.0003
1.0003
1.0003
1.0003
1.0003
1.0003
1.0003
1.0003
1.0003
1.0003
1.0003
1.0003
1.00029
1.00029
1.00029
1.00029
1.00029
1.00029
1.00029
1.00028
1.00028
1.00028
1.00028
1.00028
1.00028
1.00027
1.00027
1.00027
1.00027
1.00027
1.00026
1.00026
1.00026
1.00026
1.00026
1.00025
1.00025
1.00025
1.00025
1.00024
1.00024
1.00024
1.00024
1.00023
1.00023
1.00023
1.00023
1.00022
1.00022
1.00022
1.00022
1.00021
1.00021
1.00021
1.00021
1.0002
1.0002
1.0002
1.0002
1.00019
1.00019
1.00019
1.00019
1.00018
1.00018
1.00018
1.00018
1.00017
1.00017
1.00017
1.00017
1.00016
1.00016
1.00016
1.00016
1.00015
1.00015
1.00015
1.00015
1.00014
1.00014
1.00014
1.00014
1.00013
1.00013
1.00013
1.00013
1.00012
1.00012
1.00012
1.00012
1.00011
1.00011
1.00011
1.00011
1.0001
1.0001
1.0001
1.00009
1.00009
1.00009
1.00009
1.00008
1.00008
1.00008
1.00008
1.00007
1.00007
1.00007
1.00007
1.00006
1.00006
1.00004
1.00086
1.00282
1.00278
1.00246
1.00194
1.00214
1.00223
1.00206
1.00196
1.00205
1.00203
1.00196
1.00196
1.00199
1.00196
1.00193
1.00194
1.00194
1.00192
1.00192
1.00192
1.00192
1.00191
1.0019
1.0019
1.0019
1.00189
1.00189
1.00189
1.00188
1.00188
1.00188
1.00188
1.00187
1.00187
1.00187
1.00186
1.00186
1.00186
1.00185
1.00185
1.00185
1.00184
1.00184
1.00184
1.00183
1.00183
1.00182
1.00182
1.00181
1.00181
1.0018
1.0018
1.00179
1.00179
1.00178
1.00177
1.00176
1.00176
1.00175
1.00174
1.00173
1.00172
1.0017
1.00169
1.00168
1.00167
1.00165
1.00163
1.00162
1.0016
1.00158
1.00156
1.00154
1.00152
1.00149
1.00147
1.00144
1.00142
1.00139
1.00136
1.00133
1.0013
1.00128
1.00125
1.00121
1.00118
1.00115
1.00112
1.00109
1.00106
1.00103
1.001
1.00097
1.00094
1.00092
1.00089
1.00086
1.00083
1.00081
1.00078
1.00076
1.00073
1.00071
1.00069
1.00067
1.00065
1.00063
1.00061
1.00059
1.00057
1.00055
1.00054
1.00052
1.00051
1.00049
1.00048
1.00047
1.00045
1.00044
1.00043
1.00042
1.00041
1.0004
1.00039
1.00038
1.00037
1.00037
1.00036
1.00035
1.00035
1.00034
1.00034
1.00033
1.00033
1.00032
1.00032
1.00031
1.00031
1.00031
1.0003
1.0003
1.0003
1.0003
1.0003
1.00029
1.00029
1.00029
1.00029
1.00029
1.00029
1.00029
1.00029
1.00029
1.00029
1.00029
1.00029
1.00029
1.00029
1.00029
1.00029
1.00029
1.00029
1.00029
1.00029
1.00029
1.00029
1.00029
1.00029
1.00029
1.00029
1.0003
1.0003
1.0003
1.0003
1.0003
1.0003
1.0003
1.0003
1.0003
1.0003
1.0003
1.0003
1.0003
1.0003
1.0003
1.0003
1.0003
1.0003
1.0003
1.0003
1.0003
1.0003
1.0003
1.0003
1.0003
1.0003
1.0003
1.00029
1.00029
1.00029
1.00029
1.00029
1.00029
1.00029
1.00029
1.00028
1.00028
1.00028
1.00028
1.00028
1.00028
1.00027
1.00027
1.00027
1.00027
1.00027
1.00026
1.00026
1.00026
1.00026
1.00026
1.00025
1.00025
1.00025
1.00025
1.00024
1.00024
1.00024
1.00024
1.00023
1.00023
1.00023
1.00023
1.00022
1.00022
1.00022
1.00022
1.00021
1.00021
1.00021
1.00021
1.0002
1.0002
1.0002
1.0002
1.00019
1.00019
1.00019
1.00019
1.00018
1.00018
1.00018
1.00018
1.00017
1.00017
1.00017
1.00017
1.00016
1.00016
1.00016
1.00016
1.00015
1.00015
1.00015
1.00015
1.00014
1.00014
1.00014
1.00014
1.00013
1.00013
1.00013
1.00013
1.00012
1.00012
1.00012
1.00012
1.00011
1.00011
1.00011
1.00011
1.0001
1.0001
1.0001
1.00009
1.00009
1.00009
1.00009
1.00008
1.00008
1.00008
1.00008
1.00007
1.00007
1.00007
1.00007
1.00006
1.00006
1.00003
1.00357
1.00429
1.00139
1.00182
1.00267
1.00223
1.00179
1.00207
1.00217
1.00195
1.00191
1.00203
1.002
1.00191
1.00194
1.00197
1.00193
1.00191
1.00193
1.00193
1.00191
1.00191
1.00191
1.0019
1.00189
1.0019
1.00189
1.00189
1.00188
1.00188
1.00188
1.00188
1.00187
1.00187
1.00187
1.00186
1.00186
1.00186
1.00186
1.00185
1.00185
1.00185
1.00184
1.00184
1.00184
1.00183
1.00183
1.00182
1.00182
1.00181
1.00181
1.0018
1.0018
1.00179
1.00179
1.00178
1.00177
1.00176
1.00176
1.00175
1.00174
1.00173
1.00172
1.00171
1.00169
1.00168
1.00167
1.00165
1.00164
1.00162
1.0016
1.00158
1.00156
1.00154
1.00152
1.0015
1.00147
1.00145
1.00142
1.00139
1.00136
1.00134
1.00131
1.00128
1.00125
1.00122
1.00119
1.00116
1.00113
1.0011
1.00106
1.00103
1.001
1.00097
1.00094
1.00092
1.00089
1.00086
1.00083
1.00081
1.00078
1.00076
1.00073
1.00071
1.00069
1.00067
1.00065
1.00063
1.00061
1.00059
1.00057
1.00055
1.00053
1.00052
1.0005
1.00049
1.00048
1.00046
1.00045
1.00044
1.00043
1.00042
1.00041
1.0004
1.00039
1.00038
1.00037
1.00036
1.00036
1.00035
1.00034
1.00034
1.00033
1.00033
1.00032
1.00032
1.00032
1.00031
1.00031
1.00031
1.0003
1.0003
1.0003
1.0003
1.00029
1.00029
1.00029
1.00029
1.00029
1.00029
1.00029
1.00029
1.00029
1.00029
1.00029
1.00029
1.00029
1.00029
1.00029
1.00029
1.00029
1.00029
1.00029
1.00029
1.00029
1.00029
1.00029
1.00029
1.00029
1.00029
1.00029
1.00029
1.0003
1.0003
1.0003
1.0003
1.0003
1.0003
1.0003
1.0003
1.0003
1.0003
1.0003
1.0003
1.0003
1.0003
1.0003
1.0003
1.0003
1.0003
1.0003
1.0003
1.0003
1.0003
1.0003
1.0003
1.0003
1.0003
1.00029
1.00029
1.00029
1.00029
1.00029
1.00029
1.00029
1.00029
1.00028
1.00028
1.00028
1.00028
1.00028
1.00028
1.00027
1.00027
1.00027
1.00027
1.00027
1.00026
1.00026
1.00026
1.00026
1.00026
1.00025
1.00025
1.00025
1.00025
1.00024
1.00024
1.00024
1.00024
1.00023
1.00023
1.00023
1.00023
1.00022
1.00022
1.00022
1.00022
1.00021
1.00021
1.00021
1.00021
1.0002
1.0002
1.0002
1.0002
1.00019
1.00019
1.00019
1.00019
1.00018
1.00018
1.00018
1.00018
1.00017
1.00017
1.00017
1.00017
1.00016
1.00016
1.00016
1.00016
1.00015
1.00015
1.00015
1.00015
1.00014
1.00014
1.00014
1.00014
1.00013
1.00013
1.00013
1.00013
1.00012
1.00012
1.00012
1.00012
1.00011
1.00011
1.00011
1.00011
1.0001
1.0001
1.0001
1.00009
1.00009
1.00009
1.00009
1.00008
1.00008
1.00008
1.00008
1.00007
1.00007
1.00007
1.00007
1.00006
1.00006
1.00002
1
1
1
1
1
1
1
1
1
1
1
1
1
1
1
1
1
1
1
1
1
1
1
1
1
1
1
1
1
1
1
1
1
1
1
1
1
1
1
1
1
1
1
1
1
1
1
1
1
1
1
1
1
1
1
1
1
1
1
1
1
1
1
1
1
1
1
1
1
1
1
1
1
1
1
1
1
1
1
1
1
1
1
1
1
1
1
1
1
1
1
1
1
1
1
1
1
1
1
1
1
1
1
1
1
1
1
1
1
1
1
1
1
1
1
1
1
1
1
1
1
1
1
1
1
1
1
1
1
1
1
1
1
1
1
1
1
1
1
1
1
1
1
1
1
1
1
1
1
1
1
1
1
1
1
1
1
1
1
1
1
1
1
1
1
1
1
1
1
1
1
1
1
1
1
1
1
1
1
1
1
1
1
1
1
1
1
1
1
1
1
1
1
1
1
1
1
1
1
1
1
1
1
1
1
1
1
1
1
1
1
1
1
1
1
1
1
1
1
1
1
1
1
1
1
1
1
1
1
1
1
1
1
1
1
1
1
1
1
1
1
1
1
1
1
1
1
1
1
1
1
1
1
1
1
1
1
1
1
1
1
1
1
1
1
1
1
1
1
1
1
1
1
1
1
1
1
1
1
1
1
1
1
1
1
1
1
1
1
1
1
1
1
1
1
1
1
1
1
1
