# vtk DataFile Version 3.0
LBM Simulation
ASCII
DATASET STRUCTURED_POINTS
DIMENSIONS 300 60 1
ORIGIN 0 0 0
SPACING 1 1 1
POINT_DATA 18000
VECTORS velocity double
0.0 0.0 0.0
0.0 0.0 0.0
0.0 0.0 0.0
0.0 0.0 0.0
0.0 0.0 0.0
0.0 0.0 0.0
0.0 0.0 0.0
0.0 0.0 0.0
0.0 0.0 0.0
0.0 0.0 0.0
0.0 0.0 0.0
0.0 0.0 0.0
0.0 0.0 0.0
0.0 0.0 0.0
0.0 0.0 0.0
0.0 0.0 0.0
0.0 0.0 0.0
0.0 0.0 0.0
0.0 0.0 0.0
0.0 0.0 0.0
0.0 0.0 0.0
0.0 0.0 0.0
0.0 0.0 0.0
0.0 0.0 0.0
0.0 0.0 0.0
0.0 0.0 0.0
0.0 0.0 0.0
0.0 0.0 0.0
0.0 0.0 0.0
0.0 0.0 0.0
0.0 0.0 0.0
0.0 0.0 0.0
0.0 0.0 0.0
0.0 0.0 0.0
0.0 0.0 0.0
0.0 0.0 0.0
0.0 0.0 0.0
0.0 0.0 0.0
0.0 0.0 0.0
0.0 0.0 0.0
0.0 0.0 0.0
0.0 0.0 0.0
0.0 0.0 0.0
0.0 0.0 0.0
0.0 0.0 0.0
0.0 0.0 0.0
0.0 0.0 0.0
0.0 0.0 0.0
0.0 0.0 0.0
0.0 0.0 0.0
0.0 0.0 0.0
0.0 0.0 0.0
0.0 0.0 0.0
0.0 0.0 0.0
0.0 0.0 0.0
0.0 0.0 0.0
0.0 0.0 0.0
0.0 0.0 0.0
0.0 0.0 0.0
0.0 0.0 0.0
0.0 0.0 0.0
0.0 0.0 0.0
0.0 0.0 0.0
0.0 0.0 0.0
0.0 0.0 0.0
0.0 0.0 0.0
0.0 0.0 0.0
0.0 0.0 0.0
0.0 0.0 0.0
0.0 0.0 0.0
0.0 0.0 0.0
0.0 0.0 0.0
0.0 0.0 0.0
0.0 0.0 0.0
0.0 0.0 0.0
0.0 0.0 0.0
0.0 0.0 0.0
0.0 0.0 0.0
0.0 0.0 0.0
0.0 0.0 0.0
0.0 0.0 0.0
0.0 0.0 0.0
0.0 0.0 0.0
0.0 0.0 0.0
0.0 0.0 0.0
0.0 0.0 0.0
0.0 0.0 0.0
0.0 0.0 0.0
0.0 0.0 0.0
0.0 0.0 0.0
0.0 0.0 0.0
0.0 0.0 0.0
0.0 0.0 0.0
0.0 0.0 0.0
0.0 0.0 0.0
0.0 0.0 0.0
0.0 0.0 0.0
0.0 0.0 0.0
0.0 0.0 0.0
0.0 0.0 0.0
0.0 0.0 0.0
0.0 0.0 0.0
0.0 0.0 0.0
0.0 0.0 0.0
0.0 0.0 0.0
0.0 0.0 0.0
0.0 0.0 0.0
0.0 0.0 0.0
0.0 0.0 0.0
0.0 0.0 0.0
0.0 0.0 0.0
0.0 0.0 0.0
0.0 0.0 0.0
0.0 0.0 0.0
0.0 0.0 0.0
0.0 0.0 0.0
0.0 0.0 0.0
0.0 0.0 0.0
0.0 0.0 0.0
0.0 0.0 0.0
0.0 0.0 0.0
0.0 0.0 0.0
0.0 0.0 0.0
0.0 0.0 0.0
0.0 0.0 0.0
0.0 0.0 0.0
0.0 0.0 0.0
0.0 0.0 0.0
0.0 0.0 0.0
0.0 0.0 0.0
0.0 0.0 0.0
0.0 0.0 0.0
0.0 0.0 0.0
0.0 0.0 0.0
0.0 0.0 0.0
0.0 0.0 0.0
0.0 0.0 0.0
0.0 0.0 0.0
0.0 0.0 0.0
0.0 0.0 0.0
0.0 0.0 0.0
0.0 0.0 0.0
0.0 0.0 0.0
0.0 0.0 0.0
0.0 0.0 0.0
0.0 0.0 0.0
0.0 0.0 0.0
0.0 0.0 0.0
0.0 0.0 0.0
0.0 0.0 0.0
0.0 0.0 0.0
0.0 0.0 0.0
0.0 0.0 0.0
0.0 0.0 0.0
0.0 0.0 0.0
0.0 0.0 0.0
0.0 0.0 0.0
0.0 0.0 0.0
0.0 0.0 0.0
0.0 0.0 0.0
0.0 0.0 0.0
0.0 0.0 0.0
0.0 0.0 0.0
0.0 0.0 0.0
0.0 0.0 0.0
0.0 0.0 0.0
0.0 0.0 0.0
0.0 0.0 0.0
0.0 0.0 0.0
0.0 0.0 0.0
0.0 0.0 0.0
0.0 0.0 0.0
0.0 0.0 0.0
0.0 0.0 0.0
0.0 0.0 0.0
0.0 0.0 0.0
0.0 0.0 0.0
0.0 0.0 0.0
0.0 0.0 0.0
0.0 0.0 0.0
0.0 0.0 0.0
0.0 0.0 0.0
0.0 0.0 0.0
0.0 0.0 0.0
0.0 0.0 0.0
0.0 0.0 0.0
0.0 0.0 0.0
0.0 0.0 0.0
0.0 0.0 0.0
0.0 0.0 0.0
0.0 0.0 0.0
0.0 0.0 0.0
0.0 0.0 0.0
0.0 0.0 0.0
0.0 0.0 0.0
0.0 0.0 0.0
0.0 0.0 0.0
0.0 0.0 0.0
0.0 0.0 0.0
0.0 0.0 0.0
0.0 0.0 0.0
0.0 0.0 0.0
0.0 0.0 0.0
0.0 0.0 0.0
0.0 0.0 0.0
0.0 0.0 0.0
0.0 0.0 0.0
0.0 0.0 0.0
0.0 0.0 0.0
0.0 0.0 0.0
0.0 0.0 0.0
0.0 0.0 0.0
0.0 0.0 0.0
0.0 0.0 0.0
0.0 0.0 0.0
0.0 0.0 0.0
0.0 0.0 0.0
0.0 0.0 0.0
0.0 0.0 0.0
0.0 0.0 0.0
0.0 0.0 0.0
0.0 0.0 0.0
0.0 0.0 0.0
0.0 0.0 0.0
0.0 0.0 0.0
0.0 0.0 0.0
0.0 0.0 0.0
0.0 0.0 0.0
0.0 0.0 0.0
0.0 0.0 0.0
0.0 0.0 0.0
0.0 0.0 0.0
0.0 0.0 0.0
0.0 0.0 0.0
0.0 0.0 0.0
0.0 0.0 0.0
0.0 0.0 0.0
0.0 0.0 0.0
0.0 0.0 0.0
0.0 0.0 0.0
0.0 0.0 0.0
0.0 0.0 0.0
0.0 0.0 0.0
0.0 0.0 0.0
0.0 0.0 0.0
0.0 0.0 0.0
0.0 0.0 0.0
0.0 0.0 0.0
0.0 0.0 0.0
0.0 0.0 0.0
0.0 0.0 0.0
0.0 0.0 0.0
0.0 0.0 0.0
0.0 0.0 0.0
0.0 0.0 0.0
0.0 0.0 0.0
0.0 0.0 0.0
0.0 0.0 0.0
0.0 0.0 0.0
0.0 0.0 0.0
0.0 0.0 0.0
0.0 0.0 0.0
0.0 0.0 0.0
0.0 0.0 0.0
0.0 0.0 0.0
0.0 0.0 0.0
0.0 0.0 0.0
0.0 0.0 0.0
0.0 0.0 0.0
0.0 0.0 0.0
0.0 0.0 0.0
0.0 0.0 0.0
0.0 0.0 0.0
0.0 0.0 0.0
0.0 0.0 0.0
0.0 0.0 0.0
0.0 0.0 0.0
0.0 0.0 0.0
0.0 0.0 0.0
0.0 0.0 0.0
0.0 0.0 0.0
0.0 0.0 0.0
0.0 0.0 0.0
0.0 0.0 0.0
0.0 0.0 0.0
0.0 0.0 0.0
0.0 0.0 0.0
0.0 0.0 0.0
0.0 0.0 0.0
0.0 0.0 0.0
0.0 0.0 0.0
0.0 0.0 0.0
0.0 0.0 0.0
0.0 0.0 0.0
0.0 0.0 0.0
0.0 0.0 0.0
0.0 0.0 0.0
0.0 0.0 0.0
0.0 0.0 0.0
0.0 0.0 0.0
0.0 0.0 0.0
0.0134092 0.00131023 0.0
0.00813327 0.000643994 0.0
0.00656394 -0.000579239 0.0
0.00655178 -0.000911997 0.0
0.00567969 -0.000115091 0.0
0.00457791 -0.000422633 0.0
0.00428189 -0.000651197 0.0
0.00407008 -0.000611052 0.0
0.00363286 -0.000452693 0.0
0.00332539 -0.000607551 0.0
0.00321856 -0.000629245 0.0
0.00304334 -0.000586331 0.0
0.00283696 -0.00056793 0.0
0.00272252 -0.000630898 0.0
0.0026424 -0.000614488 0.0
0.00252372 -0.000599535 0.0
0.00242263 -0.000607157 0.0
0.00236039 -0.000626898 0.0
0.00229494 -0.000612094 0.0
0.00222005 -0.000611399 0.0
0.00216402 -0.000618209 0.0
0.00211954 -0.000621758 0.0
0.00206984 -0.000614159 0.0
0.00202263 -0.00061714 0.0
0.00198629 -0.000619756 0.0
0.00195192 -0.000618948 0.0
0.0019162 -0.000616168 0.0
0.00188517 -0.000618591 0.0
0.00185898 -0.000618699 0.0
0.00183291 -0.000617538 0.0
0.00180802 -0.000616814 0.0
0.00178675 -0.000617901 0.0
0.00176751 -0.000617172 0.0
0.00174882 -0.000616419 0.0
0.00173205 -0.000616196 0.0
0.00171765 -0.000616381 0.0
0.00170451 -0.00061556 0.0
0.00169247 -0.000615012 0.0
0.00168231 -0.000614806 0.0
0.001674 -0.000614565 0.0
0.00166697 -0.000613701 0.0
0.00166127 -0.000613226 0.0
0.00165754 -0.000613033 0.0
0.00165574 -0.00061241 0.0
0.00165524 -0.000611458 0.0
0.00165642 -0.000611221 0.0
0.00166012 -0.000610807 0.0
0.00166581 -0.000609656 0.0
0.00167291 -0.000608968 0.0
0.00168261 -0.000608815 0.0
0.00169532 -0.000607587 0.0
0.00170988 -0.000606352 0.0
0.00172669 -0.00060606 0.0
0.00174706 -0.000605011 0.0
0.00177036 -0.00060311 0.0
0.001796 -0.000602364 0.0
0.00182489 -0.000601259 0.0
0.00185739 -0.000598909 0.0
0.00189301 -0.000597155 0.0
0.00193162 -0.000595782 0.0
0.00197333 -0.000592825 0.0
0.00201849 -0.000589917 0.0
0.0020669 -0.000587479 0.0
0.0021175 -0.00058405 0.0
0.00217049 -0.000579644 0.0
0.00222639 -0.000575587 0.0
0.00228397 -0.000571131 0.0
0.0023423 -0.000565752 0.0
0.0024018 -0.000559363 0.0
0.00246181 -0.000553258 0.0
0.00252159 -0.00054717 0.0
0.00258049 -0.00053911 0.0
0.00263753 -0.000530339 0.0
0.00269302 -0.000523558 0.0
0.00274704 -0.000514994 0.0
0.00279688 -0.000503862 0.0
0.00284297 -0.000495596 0.0
0.00288738 -0.000487473 0.0
0.00292737 -0.000475382 0.0
0.00296156 -0.000465427 0.0
0.00299317 -0.000457539 0.0
0.00302102 -0.000446035 0.0
0.00304314 -0.000435184 0.0
0.00306143 -0.000426974 0.0
0.00307631 -0.000416826 0.0
0.00308662 -0.000406115 0.0
0.00309319 -0.000397613 0.0
0.00309618 -0.000388693 0.0
0.00309571 -0.000379082 0.0
0.00309241 -0.000370432 0.0
0.00308607 -0.000362601 0.0
0.00307672 -0.000354266 0.0
0.00306539 -0.000346121 0.0
0.00305213 -0.000338841 0.0
0.00303644 -0.000331838 0.0
0.00301891 -0.000324475 0.0
0.00300045 -0.000317761 0.0
0.00298056 -0.000311543 0.0
0.00295888 -0.000305285 0.0
0.00293636 -0.000299056 0.0
0.00291347 -0.000293478 0.0
0.00288937 -0.000288028 0.0
0.00286416 -0.000282601 0.0
0.00283881 -0.000277369 0.0
0.00281318 -0.000272622 0.0
0.00278667 -0.000267941 0.0
0.00275974 -0.000263269 0.0
0.00273294 -0.000258828 0.0
0.00270597 -0.000254902 0.0
0.0026787 -0.00025088 0.0
0.0026514 -0.000246753 0.0
0.00262441 -0.000243216 0.0
0.00259766 -0.00023993 0.0
0.00257091 -0.000236206 0.0
0.0025444 -0.000232864 0.0
0.00251866 -0.000230087 0.0
0.00249321 -0.000226842 0.0
0.00246788 -0.000223715 0.0
0.0024434 -0.000221149 0.0
0.00241964 -0.000218361 0.0
0.00239607 -0.000215464 0.0
0.00237317 -0.000213029 0.0
0.00235119 -0.000210481 0.0
0.00232966 -0.000207883 0.0
0.0023087 -0.000205523 0.0
0.00228853 -0.000203101 0.0
0.00226899 -0.000200664 0.0
0.00225006 -0.000198464 0.0
0.00223179 -0.000196065 0.0
0.00221401 -0.000193661 0.0
0.00219688 -0.000191582 0.0
0.00218035 -0.000189257 0.0
0.00216413 -0.000186795 0.0
0.00214838 -0.000184713 0.0
0.00213322 -0.000182538 0.0
0.00211829 -0.000180037 0.0
0.00210358 -0.000177849 0.0
0.00208934 -0.000175785 0.0
0.00207536 -0.00017339 0.0
0.00206145 -0.000171049 0.0
0.00204782 -0.000169006 0.0
0.00203442 -0.000166763 0.0
0.00202107 -0.000164393 0.0
0.00200785 -0.000162255 0.0
0.00199472 -0.000160101 0.0
0.00198154 -0.000157797 0.0
0.00196843 -0.000155601 0.0
0.00195529 -0.000153412 0.0
0.00194184 -0.000151161 0.0
0.00192825 -0.000148989 0.0
0.00191459 -0.000146755 0.0
0.00190045 -0.000144502 0.0
0.00188578 -0.000142365 0.0
0.00187081 -0.00014017 0.0
0.00185541 -0.000137927 0.0
0.00183924 -0.000135839 0.0
0.00182239 -0.000133751 0.0
0.00180503 -0.0001316 0.0
0.00178705 -0.000129608 0.0
0.00176823 -0.000127722 0.0
0.0017487 -0.000125766 0.0
0.00172869 -0.000123915 0.0
0.00170814 -0.000122304 0.0
0.00168692 -0.000120698 0.0
0.00166525 -0.000119049 0.0
0.00164336 -0.000117673 0.0
0.00162126 -0.000116517 0.0
0.00159889 -0.000115213 0.0
0.00157646 -0.000114003 0.0
0.00155427 -0.000113198 0.0
0.00153228 -0.000112352 0.0
0.00151039 -0.00011135 0.0
0.00148895 -0.000110711 0.0
0.00146816 -0.00011023 0.0
0.00144777 -0.000109532 0.0
0.00142789 -0.000108972 0.0
0.00140884 -0.000108646 0.0
0.0013905 -0.000108219 0.0
0.00137275 -0.000107767 0.0
0.0013558 -0.00010745 0.0
0.00133969 -0.000107151 0.0
0.00132427 -0.000106803 0.0
0.00130958 -0.000106476 0.0
0.00129568 -0.00010617 0.0
0.00128251 -0.000105863 0.0
0.00126999 -0.00010553 0.0
0.00125815 -0.000105176 0.0
0.00124698 -0.000104827 0.0
0.00123641 -0.000104474 0.0
0.00122639 -0.000104071 0.0
0.00121693 -0.000103649 0.0
0.001208 -0.000103234 0.0
0.00119953 -0.000102788 0.0
0.00119149 -0.000102295 0.0
0.00118388 -0.0001018 0.0
0.00117666 -0.000101295 0.0
0.00116977 -0.000100747 0.0
0.0011632 -0.000100175 0.0
0.00115696 -9.96026e-05 0.0
0.00115098 -9.90039e-05 0.0
0.00114523 -9.83716e-05 0.0
0.00113972 -9.77307e-05 0.0
0.00113443 -9.7082e-05 0.0
0.00112932 -9.64039e-05 0.0
0.00112438 -9.57077e-05 0.0
0.0011196 -9.50073e-05 0.0
0.00111497 -9.42924e-05 0.0
0.00111045 -9.35555e-05 0.0
0.00110606 -9.2811e-05 0.0
0.00110178 -9.20609e-05 0.0
0.0010976 -9.12959e-05 0.0
0.0010935 -9.05182e-05 0.0
0.00108948 -8.97373e-05 0.0
0.00108555 -8.89491e-05 0.0
0.00108168 -8.81499e-05 0.0
0.00107787 -8.73449e-05 0.0
0.00107412 -8.65373e-05 0.0
0.00107043 -8.57231e-05 0.0
0.00106679 -8.49026e-05 0.0
0.0010632 -8.40798e-05 0.0
0.00105966 -8.32546e-05 0.0
0.00105616 -8.24247e-05 0.0
0.0010527 -8.15921e-05 0.0
0.00104929 -8.07587e-05 0.0
0.00104591 -7.99235e-05 0.0
0.00104258 -7.90859e-05 0.0
0.00103928 -7.82477e-05 0.0
0.00103602 -7.74094e-05 0.0
0.00103279 -7.65702e-05 0.0
0.00102961 -7.57305e-05 0.0
0.00102646 -7.48913e-05 0.0
0.00102335 -7.40524e-05 0.0
0.00102027 -7.32136e-05 0.0
0.00101723 -7.23754e-05 0.0
0.00101423 -7.15383e-05 0.0
0.00101126 -7.0702e-05 0.0
0.00100833 -6.98666e-05 0.0
0.00100544 -6.90325e-05 0.0
0.00100258 -6.81998e-05 0.0
0.000999765 -6.73683e-05 0.0
0.000996983 -6.65382e-05 0.0
0.000994238 -6.57097e-05 0.0
0.000991531 -6.48828e-05 0.0
0.000988861 -6.40574e-05 0.0
0.000986229 -6.32338e-05 0.0
0.000983634 -6.24119e-05 0.0
0.000981076 -6.15917e-05 0.0
0.000978556 -6.07732e-05 0.0
0.000976073 -5.99566e-05 0.0
0.000973628 -5.91419e-05 0.0
0.00097122 -5.83289e-05 0.0
0.000968849 -5.75178e-05 0.0
0.000966515 -5.67085e-05 0.0
0.000964218 -5.59011e-05 0.0
0.000961958 -5.50955e-05 0.0
0.000959735 -5.42918e-05 0.0
0.000957548 -5.349e-05 0.0
0.000955398 -5.269e-05 0.0
0.000953285 -5.18918e-05 0.0
0.000951208 -5.10955e-05 0.0
0.000949167 -5.0301e-05 0.0
0.000947162 -4.95083e-05 0.0
0.000945193 -4.87175e-05 0.0
0.000943261 -4.79284e-05 0.0
0.000941365 -4.71411e-05 0.0
0.000939505 -4.63556e-05 0.0
0.000937681 -4.55719e-05 0.0
0.000935894 -4.47898e-05 0.0
0.000934144 -4.40096e-05 0.0
0.000932431 -4.32309e-05 0.0
0.000930755 -4.24543e-05 0.0
0.000929118 -4.16788e-05 0.0
0.00092752 -4.09056e-05 0.0
0.000925961 -4.01336e-05 0.0
0.000924443 -3.93637e-05 0.0
0.000922967 -3.85946e-05 0.0
0.000921533 -3.78285e-05 0.0
0.000920144 -3.70625e-05 0.0
0.000918801 -3.6299e-05 0.0
0.000917505 -3.5536e-05 0.0
0.000916259 -3.47768e-05 0.0
0.000915066 -3.40156e-05 0.0
0.000913927 -3.32584e-05 0.0
0.000912844 -3.25011e-05 0.0
0.000911824 -3.17479e-05 0.0
0.000910866 -3.09888e-05 0.0
0.000909971 -3.0238e-05 0.0
0.000909148 -2.9485e-05 0.0
0.0009084 -2.87325e-05 0.0
0.000907719 -2.79701e-05 0.0
0.000907107 -2.72255e-05 0.0
0.000906583 -2.64676e-05 0.0
0.000906118 -2.56923e-05 0.0
0.000905676 -2.49138e-05 0.0
0.000905288 -2.41672e-05 0.0
0.000904935 -2.33419e-05 0.0
0.000904381 -2.24289e-05 0.0
0.000903654 -2.17043e-05 0.0
0.0 0.0 0.0
0.0 0.0 0.0
0.0197286 0.00300722 0.0
0.0199037 0.00394099 0.0
0.0173473 0.00139657 0.0
0.0145245 0.000496558 0.0
0.0131553 0.00100126 0.0
0.0123355 0.000434951 0.0
0.0112362 7.6607e-05 0.0
0.0102564 -1.23703e-08 0.0
0.00966779 1.68235e-05 0.0
0.00914169 -0.000238103 0.0
0.00858308 -0.000273795 0.0
0.00814861 -0.000287075 0.0
0.00782464 -0.000329127 0.0
0.00749422 -0.00041902 0.0
0.00718426 -0.000409939 0.0
0.00694211 -0.000430255 0.0
0.00672841 -0.000461336 0.0
0.00651388 -0.000489078 0.0
0.00632539 -0.000484068 0.0
0.00616727 -0.00050337 0.0
0.0060166 -0.000518732 0.0
0.00587263 -0.000527367 0.0
0.00574744 -0.000528824 0.0
0.00563489 -0.00054207 0.0
0.00552649 -0.000548542 0.0
0.00542661 -0.000552596 0.0
0.00533797 -0.00055643 0.0
0.00525526 -0.000564185 0.0
0.00517696 -0.000567164 0.0
0.00510599 -0.000570349 0.0
0.00504157 -0.000574094 0.0
0.00498116 -0.000578537 0.0
0.00492536 -0.000580559 0.0
0.00487515 -0.000583431 0.0
0.00482941 -0.000586513 0.0
0.00478741 -0.000589441 0.0
0.0047498 -0.000591344 0.0
0.00471672 -0.00059402 0.0
0.00468765 -0.000596749 0.0
0.00466245 -0.000599152 0.0
0.00464146 -0.000601212 0.0
0.00462502 -0.000604047 0.0
0.00461289 -0.000606797 0.0
0.00460477 -0.000609138 0.0
0.00460144 -0.000611769 0.0
0.00460355 -0.000615114 0.0
0.00461026 -0.000617972 0.0
0.00462169 -0.000620834 0.0
0.00463955 -0.000624471 0.0
0.00466364 -0.00062813 0.0
0.00469281 -0.000631444 0.0
0.00472872 -0.000635567 0.0
0.00477267 -0.000639635 0.0
0.00482309 -0.000643477 0.0
0.0048804 -0.000648179 0.0
0.00494663 -0.000652703 0.0
0.005021 -0.000656077 0.0
0.00510292 -0.000661093 0.0
0.00519388 -0.000666107 0.0
0.00529347 -0.000668513 0.0
0.00540091 -0.000671735 0.0
0.00551732 -0.000676963 0.0
0.00564179 -0.000678243 0.0
0.00577248 -0.000677979 0.0
0.00591074 -0.000680648 0.0
0.0060562 -0.000681067 0.0
0.00620506 -0.000676564 0.0
0.00635705 -0.000674149 0.0
0.00651413 -0.00067171 0.0
0.00667242 -0.000663856 0.0
0.00682801 -0.000655332 0.0
0.00698342 -0.000648372 0.0
0.00713846 -0.000636816 0.0
0.00728662 -0.000623527 0.0
0.00742803 -0.000612139 0.0
0.00756591 -0.000597005 0.0
0.00769536 -0.000579706 0.0
0.00781346 -0.00056583 0.0
0.00792423 -0.000548808 0.0
0.00802543 -0.000528549 0.0
0.00811407 -0.000512933 0.0
0.00819287 -0.000496464 0.0
0.00826138 -0.000475906 0.0
0.00831766 -0.000458606 0.0
0.00836388 -0.000443438 0.0
0.00840001 -0.000425414 0.0
0.0084253 -0.000408133 0.0
0.00844135 -0.00039339 0.0
0.00844867 -0.000379009 0.0
0.00844703 -0.0003638 0.0
0.00843771 -0.000349838 0.0
0.00842147 -0.000337804 0.0
0.00839831 -0.000325896 0.0
0.00836893 -0.000313541 0.0
0.00833462 -0.000303009 0.0
0.0082954 -0.00029345 0.0
0.00825115 -0.000283681 0.0
0.00820316 -0.000274292 0.0
0.00815222 -0.000266173 0.0
0.00809754 -0.000258344 0.0
0.0080396 -0.000250747 0.0
0.00797974 -0.000243439 0.0
0.00791772 -0.000236881 0.0
0.00785306 -0.000230723 0.0
0.00778676 -0.000224799 0.0
0.0077194 -0.000218992 0.0
0.00765054 -0.000213916 0.0
0.00758046 -0.000209233 0.0
0.00750988 -0.00020468 0.0
0.00743893 -0.000200367 0.0
0.00736762 -0.00019663 0.0
0.00729628 -0.000193244 0.0
0.00722526 -0.000190019 0.0
0.00715491 -0.000186912 0.0
0.00708509 -0.000184246 0.0
0.00701593 -0.000182108 0.0
0.00694809 -0.000179662 0.0
0.00688147 -0.000177337 0.0
0.00681572 -0.000175838 0.0
0.00675149 -0.0001742 0.0
0.00668896 -0.000172075 0.0
0.00662764 -0.000170803 0.0
0.00656786 -0.000169739 0.0
0.00650989 -0.000168055 0.0
0.00645342 -0.000166662 0.0
0.00639856 -0.000165834 0.0
0.00634543 -0.000164507 0.0
0.00629374 -0.000163091 0.0
0.00624372 -0.000162088 0.0
0.00619533 -0.000160849 0.0
0.00614806 -0.000159417 0.0
0.00610217 -0.000158158 0.0
0.00605788 -0.000156752 0.0
0.00601447 -0.00015518 0.0
0.00597186 -0.000153712 0.0
0.0059306 -0.000152085 0.0
0.00589025 -0.000150335 0.0
0.00585029 -0.000148652 0.0
0.00581115 -0.000146919 0.0
0.00577291 -0.000144968 0.0
0.00573503 -0.000143119 0.0
0.00569754 -0.000141298 0.0
0.00566065 -0.000139214 0.0
0.00562403 -0.000137122 0.0
0.00558762 -0.000135176 0.0
0.00555148 -0.000132929 0.0
0.00551519 -0.000130541 0.0
0.00547874 -0.00012832 0.0
0.00544228 -0.000125799 0.0
0.00540525 -0.000123045 0.0
0.00536736 -0.000120462 0.0
0.0053289 -0.000117633 0.0
0.00528954 -0.000114409 0.0
0.00524876 -0.000111424 0.0
0.00520664 -0.000108451 0.0
0.00516315 -0.000104928 0.0
0.00511796 -0.000101475 0.0
0.005071 -9.85257e-05 0.0
0.00502227 -9.52421e-05 0.0
0.00497165 -9.16093e-05 0.0
0.00491926 -8.86549e-05 0.0
0.00486525 -8.60641e-05 0.0
0.00480949 -8.29977e-05 0.0
0.00475213 -8.02074e-05 0.0
0.00469375 -7.82979e-05 0.0
0.0046344 -7.63797e-05 0.0
0.00457395 -7.43287e-05 0.0
0.00451308 -7.29888e-05 0.0
0.00445232 -7.21565e-05 0.0
0.00439144 -7.12758e-05 0.0
0.00433074 -7.06655e-05 0.0
0.00427099 -7.05399e-05 0.0
0.00421219 -7.06907e-05 0.0
0.00415433 -7.09405e-05 0.0
0.00409791 -7.13185e-05 0.0
0.00404315 -7.20337e-05 0.0
0.00399003 -7.29513e-05 0.0
0.00393869 -7.37512e-05 0.0
0.0038893 -7.46821e-05 0.0
0.00384189 -7.58665e-05 0.0
0.0037965 -7.69453e-05 0.0
0.00375311 -7.79205e-05 0.0
0.00371173 -7.906e-05 0.0
0.00367237 -8.01802e-05 0.0
0.00363495 -8.11201e-05 0.0
0.0035994 -8.20562e-05 0.0
0.00356568 -8.30218e-05 0.0
0.00353373 -8.38377e-05 0.0
0.00350343 -8.45432e-05 0.0
0.00347472 -8.5238e-05 0.0
0.00344752 -8.58566e-05 0.0
0.00342173 -8.63358e-05 0.0
0.00339726 -8.67498e-05 0.0
0.00337404 -8.71139e-05 0.0
0.00335197 -8.73793e-05 0.0
0.00333097 -8.75455e-05 0.0
0.00331098 -8.76575e-05 0.0
0.0032919 -8.77046e-05 0.0
0.00327366 -8.76692e-05 0.0
0.00325621 -8.75638e-05 0.0
0.00323949 -8.74092e-05 0.0
0.00322342 -8.71963e-05 0.0
0.00320795 -8.69228e-05 0.0
0.00319304 -8.65983e-05 0.0
0.00317864 -8.62334e-05 0.0
0.00316469 -8.5824e-05 0.0
0.00315117 -8.53716e-05 0.0
0.00313805 -8.48829e-05 0.0
0.00312527 -8.43646e-05 0.0
0.00311281 -8.38145e-05 0.0
0.00310066 -8.32351e-05 0.0
0.00308878 -8.26315e-05 0.0
0.00307715 -8.20077e-05 0.0
0.00306575 -8.13623e-05 0.0
0.00305457 -8.06981e-05 0.0
0.00304359 -8.0019e-05 0.0
0.00303279 -7.93268e-05 0.0
0.00302217 -7.86208e-05 0.0
0.00301171 -7.7904e-05 0.0
0.00300141 -7.71786e-05 0.0
0.00299125 -7.64452e-05 0.0
0.00298124 -7.57041e-05 0.0
0.00297136 -7.49574e-05 0.0
0.00296161 -7.42063e-05 0.0
0.00295198 -7.34509e-05 0.0
0.00294248 -7.26919e-05 0.0
0.0029331 -7.19307e-05 0.0
0.00292384 -7.11677e-05 0.0
0.00291469 -7.04031e-05 0.0
0.00290566 -6.96375e-05 0.0
0.00289674 -6.88716e-05 0.0
0.00288793 -6.81056e-05 0.0
0.00287923 -6.73396e-05 0.0
0.00287064 -6.65742e-05 0.0
0.00286217 -6.58095e-05 0.0
0.0028538 -6.50457e-05 0.0
0.00284554 -6.42829e-05 0.0
0.00283739 -6.35215e-05 0.0
0.00282935 -6.27613e-05 0.0
0.00282142 -6.20026e-05 0.0
0.0028136 -6.12453e-05 0.0
0.00280589 -6.04896e-05 0.0
0.00279829 -5.97355e-05 0.0
0.0027908 -5.8983e-05 0.0
0.00278341 -5.82322e-05 0.0
0.00277614 -5.74831e-05 0.0
0.00276897 -5.67356e-05 0.0
0.00276191 -5.59897e-05 0.0
0.00275496 -5.52455e-05 0.0
0.00274811 -5.4503e-05 0.0
0.00274138 -5.3762e-05 0.0
0.00273475 -5.30227e-05 0.0
0.00272822 -5.2285e-05 0.0
0.0027218 -5.15488e-05 0.0
0.00271549 -5.08143e-05 0.0
0.00270928 -5.00813e-05 0.0
0.00270317 -4.93499e-05 0.0
0.00269717 -4.86201e-05 0.0
0.00269127 -4.78919e-05 0.0
0.00268548 -4.71653e-05 0.0
0.00267979 -4.64403e-05 0.0
0.0026742 -4.5717e-05 0.0
0.00266871 -4.49954e-05 0.0
0.00266332 -4.42756e-05 0.0
0.00265804 -4.35576e-05 0.0
0.00265285 -4.28415e-05 0.0
0.00264777 -4.21276e-05 0.0
0.00264279 -4.14156e-05 0.0
0.00263792 -4.0706e-05 0.0
0.00263315 -3.99986e-05 0.0
0.00262848 -3.92943e-05 0.0
0.00262392 -3.8592e-05 0.0
0.00261946 -3.78935e-05 0.0
0.00261512 -3.71975e-05 0.0
0.00261089 -3.65058e-05 0.0
0.00260677 -3.58165e-05 0.0
0.00260278 -3.51331e-05 0.0
0.0025989 -3.44525e-05 0.0
0.00259515 -3.3778e-05 0.0
0.00259153 -3.31066e-05 0.0
0.00258805 -3.24443e-05 0.0
0.00258471 -3.17836e-05 0.0
0.00258152 -3.11322e-05 0.0
0.00257849 -3.04846e-05 0.0
0.00257562 -2.98494e-05 0.0
0.00257293 -2.92113e-05 0.0
0.00257041 -2.85882e-05 0.0
0.00256809 -2.79677e-05 0.0
0.00256596 -2.73557e-05 0.0
0.00256404 -2.67301e-05 0.0
0.00256232 -2.61266e-05 0.0
0.0025608 -2.55023e-05 0.0
0.00255948 -2.48445e-05 0.0
0.00255834 -2.41497e-05 0.0
0.00255729 -2.34462e-05 0.0
0.00255623 -2.25353e-05 0.0
0.00255517 -2.14969e-05 0.0
0.00255427 -2.0931e-05 0.0
0.0 0.0 0.0
0.0 0.0 0.0
0.0197088 0.00141131 0.0
0.0208288 0.00477974 0.0
0.0206048 0.00318309 0.0
0.0190659 0.00249851 0.0
0.0181358 0.0017452 0.0
0.0173447 0.0015023 0.0
0.0161613 0.00119414 0.0
0.0151286 0.000831527 0.0
0.0145002 0.000556422 0.0
0.0138314 0.000436418 0.0
0.0130958 0.000310251 0.0
0.0125347 0.000142287 0.0
0.0121024 4.64833e-05 0.0
0.0116357 -8.72105e-06 0.0
0.0112012 -8.01698e-05 0.0
0.010861 -0.000158415 0.0
0.01055 -0.000196368 0.0
0.010234 -0.000231034 0.0
0.0099599 -0.000274254 0.0
0.00972632 -0.000311496 0.0
0.00949935 -0.000331434 0.0
0.00928321 -0.000356169 0.0
0.00909583 -0.000381937 0.0
0.00892448 -0.00040131 0.0
0.00875858 -0.00041517 0.0
0.00860639 -0.000432812 0.0
0.0084706 -0.000448385 0.0
0.00834249 -0.000460341 0.0
0.00822132 -0.000471312 0.0
0.00811144 -0.000483819 0.0
0.00801091 -0.000494099 0.0
0.0079161 -0.000503036 0.0
0.00782855 -0.000512111 0.0
0.00774936 -0.000521459 0.0
0.0076766 -0.000529449 0.0
0.00760943 -0.000537171 0.0
0.00754905 -0.00054514 0.0
0.00749542 -0.000553155 0.0
0.00744749 -0.000560533 0.0
0.00740537 -0.000567992 0.0
0.00736994 -0.000575934 0.0
0.00734098 -0.000584031 0.0
0.00731788 -0.000591736 0.0
0.00730133 -0.000599957 0.0
0.00729229 -0.00060905 0.0
0.00729013 -0.000618052 0.0
0.00729464 -0.000627007 0.0
0.00730752 -0.000637275 0.0
0.00732918 -0.000648109 0.0
0.00735848 -0.000658619 0.0
0.00739658 -0.000670185 0.0
0.00744537 -0.000682959 0.0
0.00750395 -0.000695365 0.0
0.00757212 -0.000708548 0.0
0.00765183 -0.000722988 0.0
0.00774352 -0.000736924 0.0
0.00784667 -0.000751162 0.0
0.00796181 -0.000766872 0.0
0.00808918 -0.000781292 0.0
0.00822951 -0.00079492 0.0
0.00838302 -0.000809882 0.0
0.00854745 -0.000823664 0.0
0.00872316 -0.000834296 0.0
0.00891237 -0.000845012 0.0
0.00911157 -0.000855134 0.0
0.00931731 -0.00086136 0.0
0.00953294 -0.000864199 0.0
0.00975705 -0.000866233 0.0
0.00998307 -0.000865929 0.0
0.0102116 -0.000860333 0.0
0.0104442 -0.000850665 0.0
0.0106744 -0.000841011 0.0
0.0109004 -0.000827974 0.0
0.0111234 -0.000807685 0.0
0.0113388 -0.000786887 0.0
0.0115451 -0.00076728 0.0
0.0117433 -0.000740304 0.0
0.0119283 -0.000710819 0.0
0.0120997 -0.000685298 0.0
0.0122604 -0.00065528 0.0
0.0124057 -0.000622069 0.0
0.0125338 -0.000592918 0.0
0.012649 -0.000562403 0.0
0.0127495 -0.000529665 0.0
0.0128329 -0.000500169 0.0
0.0129017 -0.000471314 0.0
0.0129567 -0.000441963 0.0
0.0129974 -0.000414521 0.0
0.0130246 -0.000388976 0.0
0.0130387 -0.000364425 0.0
0.0130414 -0.000340894 0.0
0.0130333 -0.000319046 0.0
0.0130146 -0.000299311 0.0
0.0129859 -0.000280336 0.0
0.0129492 -0.000262489 0.0
0.0129048 -0.000246372 0.0
0.0128526 -0.000231545 0.0
0.0127935 -0.000217352 0.0
0.0127291 -0.000204231 0.0
0.0126593 -0.00019225 0.0
0.0125838 -0.000181172 0.0
0.0125038 -0.000170518 0.0
0.0124204 -0.000160756 0.0
0.0123331 -0.000151952 0.0
0.0122417 -0.000143746 0.0
0.0121479 -0.000135846 0.0
0.0120519 -0.000129042 0.0
0.0119535 -0.000123124 0.0
0.0118529 -0.000117371 0.0
0.0117513 -0.000112287 0.0
0.011649 -0.000108524 0.0
0.011546 -0.000104935 0.0
0.0114423 -0.00010156 0.0
0.0113392 -9.94921e-05 0.0
0.0112369 -9.7699e-05 0.0
0.0111349 -9.58264e-05 0.0
0.0110336 -9.49996e-05 0.0
0.0109344 -9.44705e-05 0.0
0.0108365 -9.36956e-05 0.0
0.0107395 -9.3738e-05 0.0
0.0106449 -9.39958e-05 0.0
0.0105525 -9.40623e-05 0.0
0.0104615 -9.45837e-05 0.0
0.0103728 -9.53341e-05 0.0
0.0102866 -9.58485e-05 0.0
0.0102024 -9.66771e-05 0.0
0.0101204 -9.75023e-05 0.0
0.0100409 -9.80438e-05 0.0
0.00996333 -9.88688e-05 0.0
0.00988807 -9.94881e-05 0.0
0.00981498 -9.95854e-05 0.0
0.00974357 -0.000100025 0.0
0.00967405 -0.000100323 0.0
0.00960645 -9.98125e-05 0.0
0.00954025 -9.95135e-05 0.0
0.00947534 -9.94241e-05 0.0
0.00941192 -9.85933e-05 0.0
0.0093497 -9.74931e-05 0.0
0.00928844 -9.68781e-05 0.0
0.00922817 -9.59416e-05 0.0
0.00916885 -9.44151e-05 0.0
0.00911026 -9.31246e-05 0.0
0.00905236 -9.19138e-05 0.0
0.00899506 -9.01236e-05 0.0
0.00893815 -8.82189e-05 0.0
0.0088816 -8.63402e-05 0.0
0.00882516 -8.39825e-05 0.0
0.00876856 -8.13844e-05 0.0
0.00871177 -7.85779e-05 0.0
0.00865447 -7.52703e-05 0.0
0.00859618 -7.16946e-05 0.0
0.00853686 -6.78094e-05 0.0
0.00847636 -6.34176e-05 0.0
0.00841406 -5.88041e-05 0.0
0.00834964 -5.38891e-05 0.0
0.00828325 -4.85521e-05 0.0
0.00821464 -4.31743e-05 0.0
0.00814317 -3.77573e-05 0.0
0.00806885 -3.20268e-05 0.0
0.00799215 -2.63925e-05 0.0
0.00791277 -2.12186e-05 0.0
0.00783025 -1.61272e-05 0.0
0.00774523 -1.10892e-05 0.0
0.00765831 -6.76472e-06 0.0
0.00756914 -3.22308e-06 0.0
0.00747787 1.25168e-07 0.0
0.00738546 3.02015e-06 0.0
0.00729231 4.74136e-06 0.0
0.0071984 5.7675e-06 0.0
0.00710423 6.67262e-06 0.0
0.00701055 6.67457e-06 0.0
0.00691778 5.63037e-06 0.0
0.00682602 4.44088e-06 0.0
0.0067356 2.87009e-06 0.0
0.00664728 4.45347e-07 0.0
0.00656122 -2.28529e-06 0.0
0.00647728 -5.13011e-06 0.0
0.00639595 -8.34241e-06 0.0
0.00631764 -1.18156e-05 0.0
0.0062421 -1.53631e-05 0.0
0.00616934 -1.89488e-05 0.0
0.00609974 -2.25538e-05 0.0
0.00603322 -2.61875e-05 0.0
0.00596952 -2.97597e-05 0.0
0.00590876 -3.31706e-05 0.0
0.00585098 -3.64703e-05 0.0
0.00579596 -3.96902e-05 0.0
0.00574354 -4.27113e-05 0.0
0.00569374 -4.5513e-05 0.0
0.00564646 -4.81741e-05 0.0
0.00560148 -5.0673e-05 0.0
0.00555867 -5.2936e-05 0.0
0.00551799 -5.50031e-05 0.0
0.00547931 -5.69162e-05 0.0
0.00544242 -5.86417e-05 0.0
0.00540725 -6.0163e-05 0.0
0.0053737 -6.15232e-05 0.0
0.00534167 -6.27328e-05 0.0
0.00531098 -6.37765e-05 0.0
0.00528157 -6.46638e-05 0.0
0.00525338 -6.54209e-05 0.0
0.00522629 -6.60497e-05 0.0
0.00520018 -6.65514e-05 0.0
0.00517501 -6.69386e-05 0.0
0.00515072 -6.72249e-05 0.0
0.00512721 -6.7414e-05 0.0
0.00510441 -6.75127e-05 0.0
0.0050823 -6.753e-05 0.0
0.00506082 -6.74743e-05 0.0
0.00503989 -6.73509e-05 0.0
0.00501949 -6.71663e-05 0.0
0.00499959 -6.69261e-05 0.0
0.00498014 -6.66368e-05 0.0
0.0049611 -6.63033e-05 0.0
0.00494245 -6.593e-05 0.0
0.00492418 -6.5521e-05 0.0
0.00490624 -6.50814e-05 0.0
0.00488862 -6.46145e-05 0.0
0.00487131 -6.41233e-05 0.0
0.00485429 -6.36108e-05 0.0
0.00483754 -6.30806e-05 0.0
0.00482105 -6.25346e-05 0.0
0.00480481 -6.1975e-05 0.0
0.00478881 -6.1404e-05 0.0
0.00477305 -6.08237e-05 0.0
0.00475751 -6.02353e-05 0.0
0.00474219 -5.96401e-05 0.0
0.00472708 -5.90397e-05 0.0
0.00471218 -5.84353e-05 0.0
0.00469749 -5.78274e-05 0.0
0.004683 -5.7217e-05 0.0
0.00466872 -5.6605e-05 0.0
0.00465463 -5.59919e-05 0.0
0.00464073 -5.5378e-05 0.0
0.00462703 -5.47639e-05 0.0
0.00461352 -5.41501e-05 0.0
0.0046002 -5.35366e-05 0.0
0.00458707 -5.29237e-05 0.0
0.00457413 -5.23117e-05 0.0
0.00456137 -5.17007e-05 0.0
0.00454881 -5.10906e-05 0.0
0.00453643 -5.04817e-05 0.0
0.00452423 -4.98739e-05 0.0
0.00451221 -4.92673e-05 0.0
0.00450038 -4.86618e-05 0.0
0.00448873 -4.80575e-05 0.0
0.00447727 -4.74542e-05 0.0
0.00446598 -4.6852e-05 0.0
0.00445487 -4.62508e-05 0.0
0.00444394 -4.56505e-05 0.0
0.00443318 -4.50512e-05 0.0
0.0044226 -4.44527e-05 0.0
0.0044122 -4.38551e-05 0.0
0.00440197 -4.32582e-05 0.0
0.00439191 -4.26622e-05 0.0
0.00438202 -4.2067e-05 0.0
0.00437231 -4.14726e-05 0.0
0.00436276 -4.0879e-05 0.0
0.00435338 -4.02863e-05 0.0
0.00434417 -3.96945e-05 0.0
0.00433512 -3.91039e-05 0.0
0.00432624 -3.85143e-05 0.0
0.00431752 -3.79261e-05 0.0
0.00430897 -3.73394e-05 0.0
0.00430058 -3.67544e-05 0.0
0.00429236 -3.61713e-05 0.0
0.00428429 -3.55906e-05 0.0
0.00427639 -3.50124e-05 0.0
0.00426866 -3.44374e-05 0.0
0.00426109 -3.38655e-05 0.0
0.00425369 -3.32979e-05 0.0
0.00424646 -3.27346e-05 0.0
0.00423939 -3.21766e-05 0.0
0.0042325 -3.16241e-05 0.0
0.00422579 -3.10788e-05 0.0
0.00421926 -3.05404e-05 0.0
0.00421291 -3.00107e-05 0.0
0.00420675 -2.94898e-05 0.0
0.00420079 -2.89806e-05 0.0
0.00419503 -2.84814e-05 0.0
0.00418948 -2.79959e-05 0.0
0.00418416 -2.75235e-05 0.0
0.00417906 -2.70679e-05 0.0
0.00417421 -2.66252e-05 0.0
0.00416961 -2.62024e-05 0.0
0.00416527 -2.57956e-05 0.0
0.00416122 -2.54088e-05 0.0
0.00415746 -2.50327e-05 0.0
0.00415399 -2.46783e-05 0.0
0.00415085 -2.433e-05 0.0
0.00414805 -2.39868e-05 0.0
0.00414555 -2.36196e-05 0.0
0.00414338 -2.32307e-05 0.0
0.00414156 -2.2767e-05 0.0
0.00413999 -2.21821e-05 0.0
0.00413861 -2.13498e-05 0.0
0.00413749 -2.04711e-05 0.0
0.00413663 -2.01294e-05 0.0
0.0 0.0 0.0
0.0 0.0 0.0
0.0188612 0.00130416 0.0
0.0198712 0.00276544 0.0
0.021295 0.00318304 0.0
0.0215707 0.00368327 0.0
0.0207579 0.00257841 0.0
0.0198203 0.002336 0.0
0.0193785 0.00200176 0.0
0.0188224 0.0016799 0.0
0.0179558 0.00129768 0.0
0.0172026 0.00112766 0.0
0.0166923 0.000898509 0.0
0.0161337 0.000702742 0.0
0.0155311 0.000556837 0.0
0.0150425 0.000449738 0.0
0.014635 0.000319906 0.0
0.0142057 0.000223275 0.0
0.0138036 0.000151375 0.0
0.0134684 8.02368e-05 0.0
0.013156 8.63322e-06 0.0
0.0128446 -4.25394e-05 0.0
0.012567 -8.75187e-05 0.0
0.0123213 -0.000134352 0.0
0.0120844 -0.000175254 0.0
0.0118591 -0.000207004 0.0
0.0116582 -0.000238436 0.0
0.0114722 -0.00026926 0.0
0.0112938 -0.000295017 0.0
0.0111286 -0.000317691 0.0
0.0109786 -0.000340634 0.0
0.0108373 -0.000361967 0.0
0.0107042 -0.00038051 0.0
0.0105823 -0.000398309 0.0
0.0104702 -0.000416035 0.0
0.0103651 -0.000432473 0.0
0.0102683 -0.000447733 0.0
0.0101805 -0.000463012 0.0
0.0101003 -0.000478239 0.0
0.0100271 -0.000492786 0.0
0.00996181 -0.000507048 0.0
0.00990451 -0.00052183 0.0
0.00985472 -0.000536801 0.0
0.00981221 -0.000551509 0.0
0.00977774 -0.000566724 0.0
0.00975198 -0.000582961 0.0
0.00973427 -0.000599395 0.0
0.00972451 -0.000616136 0.0
0.00972455 -0.000634331 0.0
0.00973478 -0.000653467 0.0
0.0097537 -0.000672875 0.0
0.00978281 -0.000693788 0.0
0.00982464 -0.000716157 0.0
0.00987762 -0.000738887 0.0
0.00994112 -0.000763186 0.0
0.0100188 -0.000789114 0.0
0.0101109 -0.000814765 0.0
0.0102152 -0.000842021 0.0
0.0103339 -0.000871391 0.0
0.0104691 -0.000898988 0.0
0.0106188 -0.000926482 0.0
0.0107832 -0.00095731 0.0
0.0109639 -0.000985381 0.0
0.0111595 -0.00100936 0.0
0.0113696 -0.00103594 0.0
0.0115949 -0.00106147 0.0
0.0118328 -0.0010785 0.0
0.0120816 -0.00109401 0.0
0.0123426 -0.00111039 0.0
0.0126132 -0.00111792 0.0
0.0128882 -0.00111784 0.0
0.0131681 -0.00111833 0.0
0.0134538 -0.00111284 0.0
0.0137384 -0.00109679 0.0
0.0140178 -0.00107897 0.0
0.0142958 -0.00105843 0.0
0.0145695 -0.0010277 0.0
0.01483 -0.000994509 0.0
0.0150801 -0.00096116 0.0
0.0153218 -0.000918737 0.0
0.0155472 -0.000874756 0.0
0.0157556 -0.000833737 0.0
0.0159507 -0.000785548 0.0
0.0161281 -0.000735655 0.0
0.0162867 -0.000691144 0.0
0.0164286 -0.000643726 0.0
0.0165522 -0.000594221 0.0
0.0166577 -0.000549214 0.0
0.0167464 -0.000506208 0.0
0.0168174 -0.000462734 0.0
0.016872 -0.000421086 0.0
0.0169116 -0.000383271 0.0
0.0169359 -0.000348032 0.0
0.0169456 -0.000313058 0.0
0.0169429 -0.000280984 0.0
0.0169283 -0.000252726 0.0
0.0169014 -0.000225541 0.0
0.0168637 -0.000199498 0.0
0.0168175 -0.000176549 0.0
0.016762 -0.000155522 0.0
0.0166971 -0.000135398 0.0
0.016625 -0.000116684 0.0
0.0165468 -9.98122e-05 0.0
0.0164612 -8.42847e-05 0.0
0.0163689 -6.97447e-05 0.0
0.016272 -5.60225e-05 0.0
0.0161702 -4.38666e-05 0.0
0.0160631 -3.30912e-05 0.0
0.0159519 -2.30194e-05 0.0
0.0158376 -1.38421e-05 0.0
0.0157202 -6.40074e-06 0.0
0.0155999 -6.5254e-08 0.0
0.0154777 5.59593e-06 0.0
0.0153541 1.00174e-05 0.0
0.0152297 1.32196e-05 0.0
0.0151044 1.55694e-05 0.0
0.014979 1.70861e-05 0.0
0.0148544 1.80345e-05 0.0
0.0147302 1.80328e-05 0.0
0.0146066 1.71175e-05 0.0
0.0144848 1.6416e-05 0.0
0.0143645 1.49874e-05 0.0
0.0142455 1.24924e-05 0.0
0.0141287 1.02833e-05 0.0
0.0140141 8.11209e-06 0.0
0.0139016 4.80859e-06 0.0
0.0137916 1.54726e-06 0.0
0.013684 -1.13741e-06 0.0
0.0135789 -4.46086e-06 0.0
0.0134765 -7.96925e-06 0.0
0.0133766 -1.06862e-05 0.0
0.0132789 -1.35348e-05 0.0
0.0131841 -1.64435e-05 0.0
0.0130916 -1.85875e-05 0.0
0.0130008 -2.05479e-05 0.0
0.0129123 -2.24581e-05 0.0
0.012826 -2.37729e-05 0.0
0.0127411 -2.46643e-05 0.0
0.0126575 -2.55775e-05 0.0
0.012576 -2.61127e-05 0.0
0.0124957 -2.61869e-05 0.0
0.0124163 -2.62398e-05 0.0
0.0123382 -2.61282e-05 0.0
0.0122614 -2.55114e-05 0.0
0.0121852 -2.48229e-05 0.0
0.01211 -2.39555e-05 0.0
0.0120354 -2.24383e-05 0.0
0.0119612 -2.07215e-05 0.0
0.0118875 -1.86984e-05 0.0
0.011814 -1.58055e-05 0.0
0.0117398 -1.25147e-05 0.0
0.0116652 -8.80641e-06 0.0
0.0115903 -4.02519e-06 0.0
0.0115137 1.31448e-06 0.0
0.0114354 6.96791e-06 0.0
0.0113555 1.37158e-05 0.0
0.0112734 2.12548e-05 0.0
0.0111884 2.86897e-05 0.0
0.0111005 3.67112e-05 0.0
0.0110096 4.57274e-05 0.0
0.0109153 5.44153e-05 0.0
0.0108175 6.25579e-05 0.0
0.010716 7.13078e-05 0.0
0.0106111 7.99793e-05 0.0
0.010503 8.7193e-05 0.0
0.0103917 9.3817e-05 0.0
0.0102774 0.000100485 0.0
0.0101606 0.000105724 0.0
0.0100421 0.000109268 0.0
0.00992195 0.000112352 0.0
0.00980039 0.000114501 0.0
0.00967871 0.000114854 0.0
0.00955738 0.000114142 0.0
0.00943624 0.00011268 0.0
0.00931622 0.000110071 0.0
0.00919819 0.000106386 0.0
0.00908209 0.000101879 0.0
0.00896827 9.68308e-05 0.0
0.0088574 9.1213e-05 0.0
0.00874967 8.48881e-05 0.0
0.00864515 7.82804e-05 0.0
0.00854411 7.16376e-05 0.0
0.00844673 6.46655e-05 0.0
0.00835303 5.75224e-05 0.0
0.00826305 5.06068e-05 0.0
0.00817679 4.37884e-05 0.0
0.00809423 3.69432e-05 0.0
0.0080153 3.03687e-05 0.0
0.00793991 2.4147e-05 0.0
0.00786795 1.81004e-05 0.0
0.00779933 1.22953e-05 0.0
0.00773387 6.89949e-06 0.0
0.00767147 1.83371e-06 0.0
0.00761198 -2.97731e-06 0.0
0.00755522 -7.44232e-06 0.0
0.00750106 -1.15294e-05 0.0
0.00744937 -1.53249e-05 0.0
0.00739999 -1.88374e-05 0.0
0.00735273 -2.2022e-05 0.0
0.00730751 -2.49037e-05 0.0
0.0072642 -2.75345e-05 0.0
0.00722264 -2.99084e-05 0.0
0.00718269 -3.20195e-05 0.0
0.00714429 -3.39001e-05 0.0
0.00710732 -3.55773e-05 0.0
0.00707163 -3.70501e-05 0.0
0.00703716 -3.83292e-05 0.0
0.00700384 -3.94393e-05 0.0
0.00697156 -4.03957e-05 0.0
0.00694024 -4.12032e-05 0.0
0.00690983 -4.18752e-05 0.0
0.00688027 -4.24284e-05 0.0
0.00685147 -4.28731e-05 0.0
0.0068234 -4.32159e-05 0.0
0.00679601 -4.34683e-05 0.0
0.00676925 -4.36412e-05 0.0
0.00674308 -4.3742e-05 0.0
0.00671746 -4.37768e-05 0.0
0.00669237 -4.37542e-05 0.0
0.00666777 -4.36812e-05 0.0
0.00664363 -4.35631e-05 0.0
0.00661993 -4.34047e-05 0.0
0.00659666 -4.32118e-05 0.0
0.00657379 -4.2989e-05 0.0
0.0065513 -4.27397e-05 0.0
0.00652918 -4.24673e-05 0.0
0.00650743 -4.21757e-05 0.0
0.00648601 -4.18675e-05 0.0
0.00646494 -4.1545e-05 0.0
0.00644419 -4.12104e-05 0.0
0.00642375 -4.0866e-05 0.0
0.00640363 -4.05133e-05 0.0
0.00638381 -4.01536e-05 0.0
0.00636429 -3.97883e-05 0.0
0.00634507 -3.94185e-05 0.0
0.00632614 -3.90451e-05 0.0
0.00630749 -3.86688e-05 0.0
0.00628912 -3.82903e-05 0.0
0.00627103 -3.79101e-05 0.0
0.00625322 -3.75285e-05 0.0
0.00623568 -3.7146e-05 0.0
0.00621842 -3.67627e-05 0.0
0.00620142 -3.63789e-05 0.0
0.00618468 -3.59945e-05 0.0
0.00616821 -3.56099e-05 0.0
0.006152 -3.52248e-05 0.0
0.00613605 -3.48395e-05 0.0
0.00612036 -3.44537e-05 0.0
0.00610492 -3.40676e-05 0.0
0.00608973 -3.3681e-05 0.0
0.0060748 -3.32938e-05 0.0
0.00606011 -3.29061e-05 0.0
0.00604567 -3.25177e-05 0.0
0.00603148 -3.21287e-05 0.0
0.00601753 -3.17388e-05 0.0
0.00600381 -3.13482e-05 0.0
0.00599034 -3.09569e-05 0.0
0.0059771 -3.05648e-05 0.0
0.0059641 -3.01719e-05 0.0
0.00595132 -2.97785e-05 0.0
0.00593878 -2.93845e-05 0.0
0.00592647 -2.89902e-05 0.0
0.00591438 -2.85956e-05 0.0
0.00590252 -2.82012e-05 0.0
0.00589088 -2.78072e-05 0.0
0.00587947 -2.74138e-05 0.0
0.00586827 -2.70217e-05 0.0
0.0058573 -2.66312e-05 0.0
0.00584655 -2.62429e-05 0.0
0.00583602 -2.58575e-05 0.0
0.00582571 -2.54758e-05 0.0
0.00581562 -2.50986e-05 0.0
0.00580575 -2.47267e-05 0.0
0.00579611 -2.43615e-05 0.0
0.0057867 -2.4004e-05 0.0
0.00577751 -2.36553e-05 0.0
0.00576856 -2.33172e-05 0.0
0.00575984 -2.29914e-05 0.0
0.00575137 -2.26793e-05 0.0
0.00574315 -2.23825e-05 0.0
0.00573519 -2.21043e-05 0.0
0.00572749 -2.18455e-05 0.0
0.00572006 -2.16087e-05 0.0
0.00571293 -2.13961e-05 0.0
0.00570609 -2.12119e-05 0.0
0.00569956 -2.10545e-05 0.0
0.00569336 -2.09285e-05 0.0
0.0056875 -2.08354e-05 0.0
0.005682 -2.07771e-05 0.0
0.00567688 -2.07449e-05 0.0
0.00567216 -2.07485e-05 0.0
0.00566785 -2.07748e-05 0.0
0.00566396 -2.08112e-05 0.0
0.00566053 -2.08327e-05 0.0
0.00565755 -2.08403e-05 0.0
0.005655 -2.0737e-05 0.0
0.0056529 -2.04773e-05 0.0
0.00565128 -2.00444e-05 0.0
0.00565015 -1.95476e-05 0.0
0.00564932 -1.9313e-05 0.0
0.0 0.0 0.0
0.0 0.0 0.0
0.0194578 0.00127464 0.0
0.0199285 0.00167159 0.0
0.0202315 0.00267068 0.0
0.0209642 0.00325185 0.0
0.0213584 0.00300793 0.0
0.0212454 0.0028443 0.0
0.0209684 0.00239808 0.0
0.0205506 0.00225139 0.0
0.0200726 0.00196161 0.0
0.0196265 0.00166772 0.0
0.0191688 0.00140525 0.0
0.0186444 0.00126586 0.0
0.0181534 0.00106497 0.0
0.0177271 0.000878547 0.0
0.017307 0.000746036 0.0
0.0168802 0.000644451 0.0
0.0164976 0.000516631 0.0
0.0161514 0.000411761 0.0
0.0158128 0.000336044 0.0
0.0154894 0.000262107 0.0
0.0151986 0.000182592 0.0
0.0149263 0.000121287 0.0
0.014664 7.0576e-05 0.0
0.01442 1.7314e-05 0.0
0.0141964 -3.30546e-05 0.0
0.0139842 -7.3051e-05 0.0
0.0137832 -0.000110627 0.0
0.0135974 -0.000149047 0.0
0.0134244 -0.000183198 0.0
0.0132606 -0.0002128 0.0
0.0131076 -0.000242321 0.0
0.012966 -0.000271232 0.0
0.0128338 -0.000297201 0.0
0.0127102 -0.00032171 0.0
0.0125961 -0.000346444 0.0
0.0124911 -0.000370448 0.0
0.0123944 -0.000393116 0.0
0.012306 -0.000415612 0.0
0.0122264 -0.000438584 0.0
0.0121553 -0.000461456 0.0
0.0120923 -0.000483958 0.0
0.0120379 -0.00050708 0.0
0.0119928 -0.000531413 0.0
0.0119565 -0.000556057 0.0
0.011929 -0.000580948 0.0
0.0119116 -0.000607696 0.0
0.0119048 -0.00063612 0.0
0.0119077 -0.000664755 0.0
0.0119214 -0.000694967 0.0
0.0119479 -0.00072805 0.0
0.0119864 -0.00076206 0.0
0.0120366 -0.00079705 0.0
0.0121012 -0.00083506 0.0
0.0121811 -0.000874715 0.0
0.0122746 -0.000915068 0.0
0.0123837 -0.000957943 0.0
0.0125099 -0.00100179 0.0
0.0126526 -0.0010458 0.0
0.0128126 -0.0010917 0.0
0.0129902 -0.00113724 0.0
0.0131844 -0.00118025 0.0
0.0133975 -0.00122407 0.0
0.0136288 -0.00126617 0.0
0.0138736 -0.00130274 0.0
0.0141345 -0.0013362 0.0
0.0144138 -0.00136689 0.0
0.0147033 -0.0013901 0.0
0.0150007 -0.00140678 0.0
0.0153119 -0.00141701 0.0
0.0156306 -0.00141957 0.0
0.0159486 -0.00141567 0.0
0.0162702 -0.00140237 0.0
0.0165944 -0.00137896 0.0
0.0169113 -0.00135297 0.0
0.0172225 -0.00131951 0.0
0.0175279 -0.00127241 0.0
0.0178204 -0.00122526 0.0
0.0181011 -0.00117681 0.0
0.0183699 -0.00111498 0.0
0.0186199 -0.00105262 0.0
0.0188537 -0.000993575 0.0
0.0190723 -0.000926445 0.0
0.0192703 -0.000858316 0.0
0.0194483 -0.000794324 0.0
0.0196089 -0.000728456 0.0
0.0197499 -0.000662928 0.0
0.0198713 -0.000600708 0.0
0.0199737 -0.000540517 0.0
0.020058 -0.000482931 0.0
0.0201252 -0.000427472 0.0
0.0201754 -0.000375831 0.0
0.0202089 -0.000327864 0.0
0.0202276 -0.000282184 0.0
0.0202325 -0.000239558 0.0
0.0202238 -0.00020075 0.0
0.0202021 -0.000164581 0.0
0.0201689 -0.000130731 0.0
0.0201252 -9.93927e-05 0.0
0.0200711 -7.07905e-05 0.0
0.0200069 -4.40943e-05 0.0
0.0199343 -1.9203e-05 0.0
0.0198537 3.82871e-06 0.0
0.0197648 2.49118e-05 0.0
0.0196684 4.45223e-05 0.0
0.019566 6.24427e-05 0.0
0.0194573 7.86341e-05 0.0
0.0193424 9.31629e-05 0.0
0.0192227 0.000106292 0.0
0.0190988 0.000117224 0.0
0.018971 0.000126446 0.0
0.0188396 0.000134659 0.0
0.0187055 0.000140713 0.0
0.01857 0.000144659 0.0
0.0184328 0.000148316 0.0
0.018294 0.000150298 0.0
0.0181553 0.000150039 0.0
0.018017 0.000150072 0.0
0.0178782 0.00014899 0.0
0.0177402 0.000145979 0.0
0.0176039 0.000143116 0.0
0.0174686 0.000140009 0.0
0.0173345 0.00013524 0.0
0.0172028 0.000130386 0.0
0.0170731 0.000125629 0.0
0.0169454 0.000119974 0.0
0.0168204 0.000114149 0.0
0.0166979 0.000108557 0.0
0.0165779 0.000102566 0.0
0.0164609 9.70326e-05 0.0
0.0163463 9.17625e-05 0.0
0.0162341 8.62727e-05 0.0
0.0161247 8.17964e-05 0.0
0.0160178 7.7866e-05 0.0
0.0159127 7.36799e-05 0.0
0.0158097 7.03302e-05 0.0
0.0157089 6.80296e-05 0.0
0.0156098 6.54593e-05 0.0
0.0155121 6.30822e-05 0.0
0.0154159 6.17911e-05 0.0
0.0153214 6.07559e-05 0.0
0.0152281 5.93551e-05 0.0
0.0151359 5.86911e-05 0.0
0.0150448 5.88008e-05 0.0
0.0149548 5.87707e-05 0.0
0.0148658 5.92429e-05 0.0
0.0147774 6.07042e-05 0.0
0.0146893 6.25253e-05 0.0
0.0146017 6.51495e-05 0.0
0.014514 6.89004e-05 0.0
0.0144258 7.33224e-05 0.0
0.0143369 7.88461e-05 0.0
0.0142468 8.56342e-05 0.0
0.0141551 9.33847e-05 0.0
0.0140613 0.000102139 0.0
0.0139651 0.000111912 0.0
0.013866 0.000122658 0.0
0.0137634 0.000134275 0.0
0.0136574 0.000146251 0.0
0.0135476 0.000158481 0.0
0.0134334 0.000171184 0.0
0.013315 0.000183746 0.0
0.0131928 0.000195513 0.0
0.0130665 0.000206672 0.0
0.0129358 0.000217205 0.0
0.0128019 0.000226458 0.0
0.0126652 0.000234015 0.0
0.0125254 0.000240039 0.0
0.0123833 0.000244777 0.0
0.01224 0.000247695 0.0
0.012096 0.0002483 0.0
0.0119514 0.000247497 0.0
0.0118071 0.000245477 0.0
0.0116639 0.000241265 0.0
0.0115225 0.000235545 0.0
0.0113829 0.000229098 0.0
0.0112457 0.000221292 0.0
0.0111119 0.000212285 0.0
0.0109813 0.000202795 0.0
0.010854 0.000192737 0.0
0.0107307 0.000182102 0.0
0.0106117 0.00017124 0.0
0.0104966 0.000160285 0.0
0.0103856 0.000149285 0.0
0.010279 0.000138399 0.0
0.0101767 0.000127694 0.0
0.0100784 0.000117244 0.0
0.0099842 0.000107156 0.0
0.00989412 9.74565e-05 0.0
0.00980789 8.81462e-05 0.0
0.00972534 7.93017e-05 0.0
0.00964643 7.09512e-05 0.0
0.00957101 6.3067e-05 0.0
0.00949886 5.56547e-05 0.0
0.0094298 4.87448e-05 0.0
0.00936372 4.2314e-05 0.0
0.00930048 3.6338e-05 0.0
0.00923985 3.08133e-05 0.0
0.00918169 2.57303e-05 0.0
0.00912589 2.1059e-05 0.0
0.0090723 1.67811e-05 0.0
0.00902074 1.28779e-05 0.0
0.00897109 9.32669e-06 0.0
0.00892325 6.10483e-06 0.0
0.00887709 3.19279e-06 0.0
0.00883248 5.65517e-07 0.0
0.00878933 -1.7966e-06 0.0
0.00874756 -3.9114e-06 0.0
0.00870706 -5.79989e-06 0.0
0.00866773 -7.48378e-06 0.0
0.00862952 -8.97711e-06 0.0
0.00859235 -1.02957e-05 0.0
0.00855615 -1.14583e-05 0.0
0.00852086 -1.24801e-05 0.0
0.00848643 -1.33714e-05 0.0
0.00845281 -1.41462e-05 0.0
0.00841994 -1.48184e-05 0.0
0.00838778 -1.53975e-05 0.0
0.00835631 -1.58919e-05 0.0
0.00832549 -1.63126e-05 0.0
0.00829527 -1.66685e-05 0.0
0.00826564 -1.69657e-05 0.0
0.00823657 -1.72109e-05 0.0
0.00820803 -1.74116e-05 0.0
0.00818 -1.75731e-05 0.0
0.00815247 -1.76995e-05 0.0
0.00812543 -1.77956e-05 0.0
0.00809884 -1.78661e-05 0.0
0.0080727 -1.79139e-05 0.0
0.00804701 -1.79418e-05 0.0
0.00802174 -1.79529e-05 0.0
0.00799688 -1.79497e-05 0.0
0.00797244 -1.79338e-05 0.0
0.00794839 -1.79071e-05 0.0
0.00792474 -1.78713e-05 0.0
0.00790147 -1.78276e-05 0.0
0.00787857 -1.77768e-05 0.0
0.00785606 -1.772e-05 0.0
0.00783391 -1.76579e-05 0.0
0.00781212 -1.75911e-05 0.0
0.00779069 -1.752e-05 0.0
0.00776961 -1.74449e-05 0.0
0.00774888 -1.73663e-05 0.0
0.0077285 -1.72841e-05 0.0
0.00770845 -1.71985e-05 0.0
0.00768875 -1.71097e-05 0.0
0.00766938 -1.70177e-05 0.0
0.00765033 -1.69223e-05 0.0
0.00763161 -1.68237e-05 0.0
0.00761322 -1.67217e-05 0.0
0.00759514 -1.66165e-05 0.0
0.00757738 -1.65077e-05 0.0
0.00755993 -1.63956e-05 0.0
0.00754279 -1.62801e-05 0.0
0.00752595 -1.6161e-05 0.0
0.00750942 -1.60386e-05 0.0
0.00749318 -1.59129e-05 0.0
0.00747724 -1.57839e-05 0.0
0.00746159 -1.56519e-05 0.0
0.00744623 -1.5517e-05 0.0
0.00743116 -1.53795e-05 0.0
0.00741637 -1.52398e-05 0.0
0.00740187 -1.50982e-05 0.0
0.00738764 -1.49554e-05 0.0
0.00737369 -1.48117e-05 0.0
0.00736002 -1.4668e-05 0.0
0.00734662 -1.4525e-05 0.0
0.00733349 -1.43837e-05 0.0
0.00732064 -1.4245e-05 0.0
0.00730805 -1.41102e-05 0.0
0.00729574 -1.39806e-05 0.0
0.0072837 -1.38578e-05 0.0
0.00727194 -1.37431e-05 0.0
0.00726045 -1.36389e-05 0.0
0.00724924 -1.3547e-05 0.0
0.00723831 -1.34697e-05 0.0
0.00722767 -1.34092e-05 0.0
0.00721733 -1.33693e-05 0.0
0.00720728 -1.33519e-05 0.0
0.00719754 -1.33603e-05 0.0
0.00718811 -1.33983e-05 0.0
0.00717902 -1.34705e-05 0.0
0.00717026 -1.3578e-05 0.0
0.00716186 -1.37265e-05 0.0
0.00715382 -1.39195e-05 0.0
0.00714618 -1.4162e-05 0.0
0.00713894 -1.44507e-05 0.0
0.00713212 -1.47952e-05 0.0
0.00712575 -1.51917e-05 0.0
0.00711985 -1.56415e-05 0.0
0.00711445 -1.61258e-05 0.0
0.00710956 -1.66524e-05 0.0
0.00710522 -1.71848e-05 0.0
0.00710145 -1.77046e-05 0.0
0.00709827 -1.81225e-05 0.0
0.00709571 -1.84209e-05 0.0
0.00709381 -1.85533e-05 0.0
0.00709249 -1.85402e-05 0.0
0.00709159 -1.84879e-05 0.0
0.0 0.0 0.0
0.0 0.0 0.0
0.0194345 0.000591044 0.0
0.0197161 0.00166239 0.0
0.0201005 0.00218063 0.0
0.0206787 0.00230264 0.0
0.0212254 0.00284616 0.0
0.0215343 0.00293908 0.0
0.0214461 0.00261008 0.0
0.0213292 0.00247383 0.0
0.0212895 0.00229516 0.0
0.0210365 0.00208552 0.0
0.0206173 0.00184295 0.0
0.0202937 0.00166381 0.0
0.0200194 0.00146731 0.0
0.019637 0.00130028 0.0
0.0192348 0.00114506 0.0
0.0189108 0.00100496 0.0
0.0185966 0.000870049 0.0
0.0182465 0.000759467 0.0
0.0179229 0.000655412 0.0
0.0176405 0.000556997 0.0
0.0173571 0.000469216 0.0
0.0170733 0.000393806 0.0
0.0168181 0.000320801 0.0
0.0165816 0.000252829 0.0
0.016347 0.000193121 0.0
0.0161243 0.000138425 0.0
0.0159216 8.54453e-05 0.0
0.0157284 3.68299e-05 0.0
0.0155416 -7.15155e-06 0.0
0.0153681 -4.9212e-05 0.0
0.0152073 -8.96181e-05 0.0
0.0150537 -0.000127166 0.0
0.0149088 -0.000162607 0.0
0.0147752 -0.000197273 0.0
0.0146507 -0.000230852 0.0
0.0145336 -0.000263072 0.0
0.0144257 -0.000294599 0.0
0.0143272 -0.00032617 0.0
0.014237 -0.000357561 0.0
0.014155 -0.000388612 0.0
0.014082 -0.000420067 0.0
0.0140184 -0.000452602 0.0
0.0139636 -0.000485608 0.0
0.0139176 -0.000519099 0.0
0.0138817 -0.000554473 0.0
0.0138567 -0.000591654 0.0
0.0138411 -0.000629527 0.0
0.013836 -0.000669434 0.0
0.013844 -0.000712498 0.0
0.0138643 -0.000756929 0.0
0.0138953 -0.000803124 0.0
0.0139409 -0.000853225 0.0
0.0140028 -0.000905318 0.0
0.0140778 -0.000958801 0.0
0.0141673 -0.00101643 0.0
0.0142764 -0.00107589 0.0
0.0144028 -0.00113508 0.0
0.0145447 -0.0011987 0.0
0.0147064 -0.00126355 0.0
0.0148886 -0.00132435 0.0
0.0150889 -0.00138721 0.0
0.0153081 -0.00145261 0.0
0.015547 -0.0015091 0.0
0.0158044 -0.00156098 0.0
0.0160799 -0.00161539 0.0
0.0163716 -0.00166095 0.0
0.0166776 -0.00169197 0.0
0.0169969 -0.00172139 0.0
0.0173285 -0.00174555 0.0
0.0176679 -0.00175123 0.0
0.0180114 -0.00174625 0.0
0.0183591 -0.00173967 0.0
0.0187103 -0.00171786 0.0
0.0190564 -0.00167968 0.0
0.0193947 -0.0016405 0.0
0.0197306 -0.00159214 0.0
0.0200576 -0.00152736 0.0
0.0203668 -0.00146335 0.0
0.0206649 -0.0013942 0.0
0.0209509 -0.00131174 0.0
0.0212165 -0.00123231 0.0
0.0214636 -0.00115243 0.0
0.0216939 -0.0010633 0.0
0.021904 -0.000976922 0.0
0.0220943 -0.000894719 0.0
0.0222641 -0.000809634 0.0
0.0224138 -0.000726116 0.0
0.022545 -0.000646961 0.0
0.0226566 -0.000572147 0.0
0.0227484 -0.000499089 0.0
0.0228232 -0.000428852 0.0
0.0228818 -0.000365018 0.0
0.0229232 -0.000305288 0.0
0.0229481 -0.000247305 0.0
0.0229599 -0.000194384 0.0
0.0229587 -0.000146158 0.0
0.0229427 -0.00010035 0.0
0.0229144 -5.74237e-05 0.0
0.0228765 -1.83016e-05 0.0
0.0228273 1.8213e-05 0.0
0.0227661 5.22433e-05 0.0
0.0226961 8.42668e-05 0.0
0.0226181 0.000113783 0.0
0.0225304 0.000140667 0.0
0.0224338 0.000165616 0.0
0.0223305 0.000189122 0.0
0.0222204 0.000209552 0.0
0.0221034 0.000227346 0.0
0.0219803 0.00024366 0.0
0.0218524 0.000257679 0.0
0.0217204 0.000268416 0.0
0.0215845 0.000277378 0.0
0.021445 0.000284498 0.0
0.0213037 0.000289052 0.0
0.021161 0.00029212 0.0
0.0210161 0.000293175 0.0
0.0208706 0.000292811 0.0
0.0207256 0.000291588 0.0
0.02058 0.000288528 0.0
0.0204344 0.00028426 0.0
0.0202903 0.00027998 0.0
0.0201472 0.000274155 0.0
0.020005 0.000267094 0.0
0.0198647 0.000260273 0.0
0.0197263 0.000252918 0.0
0.0195902 0.000244149 0.0
0.0194564 0.00023597 0.0
0.0193248 0.000228034 0.0
0.0191958 0.000219197 0.0
0.0190698 0.000211206 0.0
0.018946 0.000204028 0.0
0.0188242 0.000196526 0.0
0.0187054 0.000189806 0.0
0.0185887 0.000184422 0.0
0.0184734 0.000179055 0.0
0.0183603 0.000173986 0.0
0.0182494 0.000170153 0.0
0.0181396 0.00016691 0.0
0.0180312 0.00016339 0.0
0.0179247 0.000160638 0.0
0.0178195 0.000158704 0.0
0.0177154 0.000156655 0.0
0.0176128 0.000155088 0.0
0.0175114 0.000154459 0.0
0.0174109 0.000154021 0.0
0.0173116 0.000154497 0.0
0.0172128 0.000156213 0.0
0.0171142 0.000158444 0.0
0.0170164 0.000162098 0.0
0.0169182 0.000167467 0.0
0.0168188 0.000173773 0.0
0.0167187 0.000181613 0.0
0.0166176 0.000191566 0.0
0.0165137 0.000202577 0.0
0.0164071 0.00021479 0.0
0.016298 0.000229112 0.0
0.0161854 0.00024441 0.0
0.0160685 0.000259811 0.0
0.0159473 0.000276515 0.0
0.0158217 0.000294149 0.0
0.0156916 0.000310647 0.0
0.0155565 0.000326458 0.0
0.0154165 0.000342714 0.0
0.0152722 0.000357501 0.0
0.0151239 0.000369478 0.0
0.0149716 0.000380409 0.0
0.0148156 0.000390137 0.0
0.0146572 0.000396411 0.0
0.0144972 0.000400038 0.0
0.0143352 0.000402322 0.0
0.0141724 0.000401863 0.0
0.0140102 0.000398506 0.0
0.0138487 0.000393319 0.0
0.013688 0.000386279 0.0
0.0135296 0.000377306 0.0
0.0133739 0.000366567 0.0
0.0132209 0.000354488 0.0
0.0130712 0.000341583 0.0
0.0129254 0.000327673 0.0
0.0127836 0.00031285 0.0
0.0126459 0.000297826 0.0
0.0125126 0.000282703 0.0
0.0123838 0.000267223 0.0
0.0122595 0.000251813 0.0
0.0121398 0.000236849 0.0
0.0120246 0.000222129 0.0
0.0119139 0.000207657 0.0
0.0118075 0.000193798 0.0
0.0117053 0.000180567 0.0
0.0116074 0.000167809 0.0
0.0115135 0.000155643 0.0
0.0114233 0.000144215 0.0
0.0113369 0.000133423 0.0
0.0112541 0.000123216 0.0
0.0111746 0.000113674 0.0
0.0110982 0.000104803 0.0
0.011025 9.65169e-05 0.0
0.0109546 8.88023e-05 0.0
0.0108869 8.16782e-05 0.0
0.0108217 7.5106e-05 0.0
0.010759 6.90299e-05 0.0
0.0106986 6.3439e-05 0.0
0.0106402 5.83167e-05 0.0
0.0105839 5.36229e-05 0.0
0.0105295 4.93215e-05 0.0
0.0104768 4.53947e-05 0.0
0.0104258 4.18168e-05 0.0
0.0103764 3.85566e-05 0.0
0.0103284 3.55872e-05 0.0
0.0102818 3.28892e-05 0.0
0.0102365 3.04393e-05 0.0
0.0101924 2.82144e-05 0.0
0.0101495 2.61936e-05 0.0
0.0101076 2.43602e-05 0.0
0.0100668 2.26963e-05 0.0
0.0100269 2.11847e-05 0.0
0.00998797 1.981e-05 0.0
0.0099499 1.85595e-05 0.0
0.00991266 1.74202e-05 0.0
0.00987621 1.63798e-05 0.0
0.00984051 1.54276e-05 0.0
0.00980554 1.45549e-05 0.0
0.00977126 1.37523e-05 0.0
0.00973765 1.30116e-05 0.0
0.00970468 1.2326e-05 0.0
0.00967234 1.16895e-05 0.0
0.00964059 1.10959e-05 0.0
0.00960943 1.05401e-05 0.0
0.00957883 1.00178e-05 0.0
0.00954878 9.52524e-06 0.0
0.00951926 9.05861e-06 0.0
0.00949027 8.61493e-06 0.0
0.00946178 8.19174e-06 0.0
0.0094338 7.78672e-06 0.0
0.00940631 7.39777e-06 0.0
0.00937929 7.02334e-06 0.0
0.00935274 6.66208e-06 0.0
0.00932666 6.31275e-06 0.0
0.00930103 5.97433e-06 0.0
0.00927585 5.6461e-06 0.0
0.00925111 5.32743e-06 0.0
0.0092268 5.01776e-06 0.0
0.00920291 4.71668e-06 0.0
0.00917945 4.42396e-06 0.0
0.0091564 4.13934e-06 0.0
0.00913376 3.86263e-06 0.0
0.00911152 3.59376e-06 0.0
0.00908969 3.33265e-06 0.0
0.00906824 3.07925e-06 0.0
0.00904718 2.8335e-06 0.0
0.0090265 2.59539e-06 0.0
0.0090062 2.36489e-06 0.0
0.00898627 2.1419e-06 0.0
0.00896671 1.92636e-06 0.0
0.00894751 1.71817e-06 0.0
0.00892867 1.51713e-06 0.0
0.00891018 1.32303e-06 0.0
0.00889205 1.13561e-06 0.0
0.00887425 9.54527e-07 0.0
0.0088568 7.79318e-07 0.0
0.00883969 6.09488e-07 0.0
0.0088229 4.44437e-07 0.0
0.00880645 2.83409e-07 0.0
0.00879033 1.25532e-07 0.0
0.00877453 -3.01278e-08 0.0
0.00875905 -1.84713e-07 0.0
0.00874389 -3.39598e-07 0.0
0.00872905 -4.96201e-07 0.0
0.00871453 -6.5615e-07 0.0
0.00870032 -8.21401e-07 0.0
0.00868643 -9.94164e-07 0.0
0.00867286 -1.17656e-06 0.0
0.0086596 -1.37138e-06 0.0
0.00864667 -1.58159e-06 0.0
0.00863406 -1.81048e-06 0.0
0.00862178 -2.06109e-06 0.0
0.00860983 -2.33806e-06 0.0
0.00859822 -2.64518e-06 0.0
0.00858696 -2.98714e-06 0.0
0.00857606 -3.36808e-06 0.0
0.00856553 -3.79513e-06 0.0
0.00855537 -4.27134e-06 0.0
0.00854562 -4.8038e-06 0.0
0.00853628 -5.3967e-06 0.0
0.00852736 -6.05885e-06 0.0
0.0085189 -6.78828e-06 0.0
0.00851092 -7.59653e-06 0.0
0.00850344 -8.47964e-06 0.0
0.00849648 -9.44269e-06 0.0
0.00849009 -1.04689e-05 0.0
0.00848429 -1.1572e-05 0.0
0.00847911 -1.27028e-05 0.0
0.00847459 -1.38491e-05 0.0
0.0084708 -1.49541e-05 0.0
0.00846778 -1.59933e-05 0.0
0.00846555 -1.6808e-05 0.0
0.00846406 -1.73965e-05 0.0
0.00846312 -1.76563e-05 0.0
0.0 0.0 0.0
0.0 0.0 0.0
0.0192794 0.000368467 0.0
0.0195829 0.0013134 0.0
0.0200365 0.0016755 0.0
0.0202904 0.00204973 0.0
0.0206075 0.00239944 0.0
0.0211012 0.00251225 0.0
0.0214375 0.00259905 0.0
0.0215639 0.00252414 0.0
0.0215519 0.00235364 0.0
0.0214973 0.00226154 0.0
0.0214243 0.00210296 0.0
0.0212762 0.00191061 0.0
0.0210427 0.0017454 0.0
0.0207989 0.00161663 0.0
0.0205743 0.00144842 0.0
0.0203236 0.00129604 0.0
0.0200448 0.00117568 0.0
0.0197786 0.00106019 0.0
0.019529 0.000933087 0.0
0.0192719 0.000828363 0.0
0.0190148 0.00073905 0.0
0.0187741 0.000647445 0.0
0.018544 0.0005583 0.0
0.0183157 0.000484523 0.0
0.0180968 0.000415607 0.0
0.0178914 0.000345941 0.0
0.0176937 0.0002823 0.0
0.0175025 0.000226475 0.0
0.0173221 0.000171666 0.0
0.0171518 0.000118068 0.0
0.0169888 6.93109e-05 0.0
0.0168339 2.36294e-05 0.0
0.0166887 -2.18567e-05 0.0
0.0165518 -6.57709e-05 0.0
0.0164224 -0.000107132 0.0
0.0163015 -0.000147735 0.0
0.0161892 -0.000188469 0.0
0.0160849 -0.000228503 0.0
0.0159885 -0.000267799 0.0
0.0159007 -0.000307551 0.0
0.0158216 -0.000348331 0.0
0.0157509 -0.000389516 0.0
0.0156889 -0.000431097 0.0
0.0156364 -0.000474563 0.0
0.0155937 -0.000520279 0.0
0.0155603 -0.00056689 0.0
0.0155371 -0.000615288 0.0
0.0155259 -0.00066752 0.0
0.0155261 -0.000722217 0.0
0.015537 -0.000778277 0.0
0.0155619 -0.000838522 0.0
0.0156018 -0.000903037 0.0
0.0156542 -0.000969228 0.0
0.0157216 -0.00103883 0.0
0.0158076 -0.00111289 0.0
0.01591 -0.00118906 0.0
0.0160286 -0.0012681 0.0
0.0161679 -0.00134991 0.0
0.0163269 -0.00143138 0.0
0.0165047 -0.00151546 0.0
0.0167048 -0.00160024 0.0
0.0169251 -0.00167965 0.0
0.0171642 -0.00175723 0.0
0.0174272 -0.001835 0.0
0.0177099 -0.00190194 0.0
0.0180057 -0.00195988 0.0
0.0183221 -0.00201437 0.0
0.0186581 -0.00205643 0.0
0.0190001 -0.00208313 0.0
0.0193507 -0.00210217 0.0
0.0197173 -0.00210626 0.0
0.0200852 -0.0020947 0.0
0.0204483 -0.00207522 0.0
0.0208165 -0.00203846 0.0
0.0211817 -0.00198549 0.0
0.021534 -0.00193242 0.0
0.0218803 -0.00186281 0.0
0.0222161 -0.00177598 0.0
0.0225349 -0.00169461 0.0
0.0228412 -0.00160465 0.0
0.0231312 -0.00149957 0.0
0.0234001 -0.00139891 0.0
0.0236523 -0.00129797 0.0
0.0238857 -0.00118969 0.0
0.0240974 -0.00108373 0.0
0.024289 -0.000980079 0.0
0.0244606 -0.000878547 0.0
0.0246122 -0.000779163 0.0
0.0247447 -0.000682619 0.0
0.0248574 -0.000592425 0.0
0.0249515 -0.000506608 0.0
0.0250288 -0.000423588 0.0
0.0250897 -0.000346858 0.0
0.0251342 -0.000275706 0.0
0.0251631 -0.00020843 0.0
0.0251784 -0.000144964 0.0
0.025181 -8.66712e-05 0.0
0.0251701 -3.26304e-05 0.0
0.0251464 1.84373e-05 0.0
0.025112 6.65164e-05 0.0
0.0250673 0.000110791 0.0
0.0250111 0.000152228 0.0
0.0249447 0.000191046 0.0
0.0248696 0.00022762 0.0
0.0247852 0.000261017 0.0
0.0246918 0.00029164 0.0
0.0245906 0.000319603 0.0
0.0244821 0.000344651 0.0
0.0243665 0.000366609 0.0
0.0242446 0.000385746 0.0
0.0241175 0.000401018 0.0
0.0239862 0.000413785 0.0
0.0238503 0.000424614 0.0
0.0237109 0.000430971 0.0
0.0235699 0.000435468 0.0
0.0234266 0.000439336 0.0
0.0232807 0.000439224 0.0
0.0231346 0.000437355 0.0
0.022988 0.000435968 0.0
0.0228403 0.000431557 0.0
0.0226929 0.000425142 0.0
0.0225463 0.000419159 0.0
0.0224 0.000411852 0.0
0.0222549 0.000402264 0.0
0.0221117 0.000392941 0.0
0.0219697 0.000383092 0.0
0.02183 0.000372113 0.0
0.0216929 0.000361587 0.0
0.0215574 0.000350764 0.0
0.0214244 0.000340004 0.0
0.0212944 0.00033046 0.0
0.0211663 0.000320934 0.0
0.0210398 0.000311818 0.0
0.0209159 0.00030437 0.0
0.0207942 0.000297349 0.0
0.0206736 0.000290528 0.0
0.0205544 0.000284919 0.0
0.0204372 0.000280292 0.0
0.0203215 0.000275405 0.0
0.0202068 0.000270998 0.0
0.0200933 0.000267761 0.0
0.0199816 0.00026465 0.0
0.0198712 0.000261413 0.0
0.019762 0.000259513 0.0
0.0196537 0.000258418 0.0
0.0195468 0.000257625 0.0
0.0194411 0.000258502 0.0
0.0193358 0.000260662 0.0
0.0192306 0.000264021 0.0
0.0191257 0.000269541 0.0
0.0190206 0.000276945 0.0
0.0189144 0.000285985 0.0
0.0188064 0.000297268 0.0
0.0186968 0.000310836 0.0
0.0185847 0.000326415 0.0
0.0184691 0.000343489 0.0
0.01835 0.000362161 0.0
0.0182267 0.000382822 0.0
0.0180986 0.000404314 0.0
0.0179658 0.000425583 0.0
0.0178278 0.000447412 0.0
0.017684 0.000469491 0.0
0.0175351 0.00048989 0.0
0.0173817 0.000508513 0.0
0.017223 0.000525914 0.0
0.0170593 0.000541046 0.0
0.0168925 0.00055311 0.0
0.0167226 0.000562167 0.0
0.0165495 0.000568297 0.0
0.0163746 0.000571686 0.0
0.0161991 0.000571488 0.0
0.0160232 0.000567801 0.0
0.0158475 0.000562056 0.0
0.0156728 0.000553556 0.0
0.0155002 0.000541922 0.0
0.01533 0.000528659 0.0
0.0151622 0.000513838 0.0
0.0149979 0.000497032 0.0
0.0148376 0.000479081 0.0
0.014681 0.000460491 0.0
0.0145286 0.000441084 0.0
0.0143807 0.000421207 0.0
0.0142375 0.000401303 0.0
0.0140988 0.000381416 0.0
0.0139647 0.000361649 0.0
0.0138355 0.000342295 0.0
0.0137109 0.00032344 0.0
0.0135907 0.000305116 0.0
0.0134751 0.000287446 0.0
0.0133639 0.000270531 0.0
0.0132569 0.000254361 0.0
0.013154 0.000238964 0.0
0.013055 0.000224381 0.0
0.0129599 0.000210624 0.0
0.0128684 0.000197662 0.0
0.0127804 0.000185487 0.0
0.0126957 0.000174094 0.0
0.0126142 0.000163461 0.0
0.0125357 0.000153546 0.0
0.01246 0.00014432 0.0
0.012387 0.00013576 0.0
0.0123166 0.000127834 0.0
0.0122486 0.000120493 0.0
0.0121828 0.000113705 0.0
0.0121193 0.000107444 0.0
0.0120577 0.000101673 0.0
0.0119981 9.6349e-05 0.0
0.0119403 9.14447e-05 0.0
0.0118843 8.69339e-05 0.0
0.0118298 8.27806e-05 0.0
0.0117769 7.89523e-05 0.0
0.0117254 7.54284e-05 0.0
0.0116753 7.21836e-05 0.0
0.0116265 6.9189e-05 0.0
0.011579 6.64223e-05 0.0
0.0115326 6.38669e-05 0.0
0.0114873 6.15013e-05 0.0
0.0114431 5.93051e-05 0.0
0.0113999 5.72635e-05 0.0
0.0113577 5.5363e-05 0.0
0.0113164 5.35874e-05 0.0
0.011276 5.19235e-05 0.0
0.0112365 5.03613e-05 0.0
0.0111977 4.88905e-05 0.0
0.0111598 4.75002e-05 0.0
0.0111226 4.61822e-05 0.0
0.0110862 4.49297e-05 0.0
0.0110505 4.37354e-05 0.0
0.0110154 4.25926e-05 0.0
0.0109811 4.14965e-05 0.0
0.0109474 4.04425e-05 0.0
0.0109143 3.94259e-05 0.0
0.0108819 3.84429e-05 0.0
0.0108501 3.74908e-05 0.0
0.0108188 3.65666e-05 0.0
0.0107882 3.56676e-05 0.0
0.0107581 3.47919e-05 0.0
0.0107286 3.39379e-05 0.0
0.0106996 3.31039e-05 0.0
0.0106711 3.22887e-05 0.0
0.0106432 3.14912e-05 0.0
0.0106158 3.07107e-05 0.0
0.0105889 2.99462e-05 0.0
0.0105625 2.91974e-05 0.0
0.0105366 2.84636e-05 0.0
0.0105112 2.77446e-05 0.0
0.0104862 2.70399e-05 0.0
0.0104617 2.63495e-05 0.0
0.0104377 2.5673e-05 0.0
0.0104141 2.50102e-05 0.0
0.010391 2.43611e-05 0.0
0.0103683 2.37253e-05 0.0
0.010346 2.31028e-05 0.0
0.0103242 2.24933e-05 0.0
0.0103028 2.18966e-05 0.0
0.0102818 2.13122e-05 0.0
0.0102612 2.074e-05 0.0
0.010241 2.01794e-05 0.0
0.0102211 1.96299e-05 0.0
0.0102017 1.90908e-05 0.0
0.0101827 1.85615e-05 0.0
0.0101641 1.80411e-05 0.0
0.0101458 1.75285e-05 0.0
0.0101279 1.70227e-05 0.0
0.0101103 1.65222e-05 0.0
0.0100932 1.60256e-05 0.0
0.0100764 1.55312e-05 0.0
0.0100599 1.50369e-05 0.0
0.0100438 1.45405e-05 0.0
0.0100281 1.40397e-05 0.0
0.0100127 1.35317e-05 0.0
0.00999765 1.30131e-05 0.0
0.00998296 1.24807e-05 0.0
0.00996864 1.19308e-05 0.0
0.00995467 1.13588e-05 0.0
0.00994105 1.07601e-05 0.0
0.00992781 1.01299e-05 0.0
0.00991494 9.46282e-06 0.0
0.00990244 8.75149e-06 0.0
0.00989034 7.99097e-06 0.0
0.00987863 7.17398e-06 0.0
0.00986734 6.293e-06 0.0
0.00985647 5.33858e-06 0.0
0.00984605 4.30742e-06 0.0
0.00983609 3.18793e-06 0.0
0.00982661 1.97466e-06 0.0
0.00981765 6.57518e-07 0.0
0.00980922 -7.58631e-07 0.0
0.00980137 -2.28902e-06 0.0
0.00979412 -3.92107e-06 0.0
0.00978752 -5.66238e-06 0.0
0.00978161 -7.47466e-06 0.0
0.00977645 -9.36146e-06 0.0
0.00977211 -1.12575e-05 0.0
0.00976862 -1.3145e-05 0.0
0.00976607 -1.48237e-05 0.0
0.00976443 -1.61859e-05 0.0
0.00976347 -1.68124e-05 0.0
0.0 0.0 0.0
0.0 0.0 0.0
0.0191834 0.000445682 0.0
0.0193966 0.000770745 0.0
0.0197431 0.00124785 0.0
0.0201201 0.00188869 0.0
0.0204522 0.00194117 0.0
0.0207457 0.00210562 0.0
0.0210983 0.00236027 0.0
0.0213836 0.00238688 0.0
0.0215012 0.00229489 0.0
0.0216077 0.00224501 0.0
0.0216915 0.00215951 0.0
0.021643 0.00204606 0.0
0.0215382 0.00190641 0.0
0.0214664 0.00177854 0.0
0.0213545 0.0016473 0.0
0.021167 0.00152629 0.0
0.0209846 0.00139673 0.0
0.0208252 0.0012759 0.0
0.0206357 0.00116496 0.0
0.0204223 0.00106251 0.0
0.0202284 0.000957735 0.0
0.020043 0.00086225 0.0
0.0198433 0.000775826 0.0
0.0196451 0.000693199 0.0
0.0194629 0.000611931 0.0
0.0192833 0.000538458 0.0
0.0191018 0.000470149 0.0
0.0189296 0.000403648 0.0
0.0187676 0.000339956 0.0
0.0186084 0.000281257 0.0
0.018454 0.000224862 0.0
0.0183091 0.000169728 0.0
0.0181713 0.000116967 0.0
0.0180382 6.65893e-05 0.0
0.0179124 1.70056e-05 0.0
0.0177949 -3.19325e-05 0.0
0.0176838 -7.98798e-05 0.0
0.0175793 -0.000127219 0.0
0.0174826 -0.000174824 0.0
0.0173937 -0.00022302 0.0
0.0173121 -0.000271591 0.0
0.0172382 -0.000320731 0.0
0.0171728 -0.000371702 0.0
0.0171164 -0.000424716 0.0
0.0170684 -0.00047885 0.0
0.0170292 -0.000535161 0.0
0.0170009 -0.000595488 0.0
0.0169834 -0.000658282 0.0
0.0169753 -0.000723001 0.0
0.0169792 -0.000792828 0.0
0.0169979 -0.000867388 0.0
0.0170284 -0.000943646 0.0
0.0170711 -0.00102477 0.0
0.017132 -0.00111238 0.0
0.0172101 -0.00120166 0.0
0.0173017 -0.00129468 0.0
0.0174122 -0.00139444 0.0
0.0175455 -0.00149451 0.0
0.0176972 -0.00159552 0.0
0.0178678 -0.00170319 0.0
0.0180619 -0.00180757 0.0
0.0182795 -0.00190659 0.0
0.0185185 -0.00200939 0.0
0.0187783 -0.00210824 0.0
0.0190598 -0.00219089 0.0
0.0193639 -0.00226929 0.0
0.0196864 -0.00234461 0.0
0.0200233 -0.00239924 0.0
0.0203761 -0.00243456 0.0
0.0207421 -0.00246576 0.0
0.0211161 -0.00248167 0.0
0.0214952 -0.0024686 0.0
0.0218755 -0.00244367 0.0
0.0222565 -0.00241446 0.0
0.0226374 -0.00235728 0.0
0.0230063 -0.00228315 0.0
0.0233646 -0.00221088 0.0
0.0237188 -0.00211799 0.0
0.0240567 -0.00201074 0.0
0.0243736 -0.00190764 0.0
0.0246781 -0.00179107 0.0
0.0249653 -0.00166542 0.0
0.0252307 -0.0015459 0.0
0.0254757 -0.00142065 0.0
0.0257001 -0.00129173 0.0
0.025905 -0.00116772 0.0
0.0260899 -0.00104625 0.0
0.0262518 -0.000927512 0.0
0.0263946 -0.000811489 0.0
0.0265204 -0.00070111 0.0
0.0266272 -0.000598675 0.0
0.0267147 -0.000499135 0.0
0.0267866 -0.000405053 0.0
0.0268449 -0.000318708 0.0
0.026887 -0.000237251 0.0
0.0269135 -0.000159963 0.0
0.0269288 -8.88637e-05 0.0
0.0269327 -2.20551e-05 0.0
0.0269223 4.09139e-05 0.0
0.0269003 9.96134e-05 0.0
0.0268695 0.000154875 0.0
0.0268276 0.000207014 0.0
0.0267738 0.000255428 0.0
0.0267107 0.000301692 0.0
0.0266391 0.000344371 0.0
0.0265575 0.000383247 0.0
0.0264664 0.000419391 0.0
0.0263677 0.000452792 0.0
0.0262619 0.000480937 0.0
0.0261493 0.00050541 0.0
0.02603 0.000527452 0.0
0.0259056 0.000544712 0.0
0.0257778 0.000557904 0.0
0.0256459 0.000568967 0.0
0.0255098 0.000576114 0.0
0.0253725 0.000580668 0.0
0.0252333 0.000583529 0.0
0.0250911 0.000583091 0.0
0.0249482 0.000581281 0.0
0.0248053 0.000578028 0.0
0.0246608 0.000572425 0.0
0.0245157 0.000565183 0.0
0.0243717 0.000557349 0.0
0.024228 0.000547274 0.0
0.024085 0.000535885 0.0
0.0239434 0.000524702 0.0
0.0238031 0.00051195 0.0
0.0236653 0.000498385 0.0
0.0235296 0.000486205 0.0
0.0233951 0.000473381 0.0
0.023263 0.000460406 0.0
0.0231336 0.00044955 0.0
0.0230055 0.000439216 0.0
0.0228787 0.000428726 0.0
0.0227539 0.000419955 0.0
0.0226306 0.000412965 0.0
0.0225081 0.000405469 0.0
0.022387 0.000398408 0.0
0.0222672 0.000393184 0.0
0.0221483 0.000388145 0.0
0.0220308 0.000382404 0.0
0.0219149 0.000378005 0.0
0.0217998 0.000374334 0.0
0.0216864 0.00037046 0.0
0.0215747 0.000368053 0.0
0.0214637 0.000366584 0.0
0.0213541 0.000365948 0.0
0.0212459 0.000367702 0.0
0.0211376 0.000371204 0.0
0.0210297 0.000376101 0.0
0.0209223 0.000384076 0.0
0.0208137 0.00039482 0.0
0.0207033 0.000407445 0.0
0.0205917 0.000423036 0.0
0.0204777 0.00044175 0.0
0.02036 0.000462185 0.0
0.0202384 0.000484951 0.0
0.0201129 0.000510362 0.0
0.0199826 0.00053645 0.0
0.0198465 0.000562931 0.0
0.0197045 0.000590875 0.0
0.0195573 0.000618536 0.0
0.0194043 0.000643724 0.0
0.0192451 0.000667772 0.0
0.0190802 0.000691016 0.0
0.0189108 0.000710246 0.0
0.0187371 0.000725105 0.0
0.0185592 0.000738164 0.0
0.0183779 0.000747537 0.0
0.018195 0.000751271 0.0
0.0180109 0.000751852 0.0
0.0178253 0.000749378 0.0
0.01764 0.000742494 0.0
0.0174563 0.000732141 0.0
0.0172737 0.000719023 0.0
0.0170928 0.000703339 0.0
0.0169153 0.000685259 0.0
0.0167409 0.000664975 0.0
0.0165697 0.000643291 0.0
0.0164025 0.000620686 0.0
0.0162397 0.000596928 0.0
0.0160811 0.000572459 0.0
0.0159269 0.000548018 0.0
0.0157774 0.00052357 0.0
0.0156327 0.000499026 0.0
0.0154925 0.000474928 0.0
0.015357 0.000451534 0.0
0.0152261 0.000428669 0.0
0.0150999 0.000406444 0.0
0.0149779 0.000385172 0.0
0.0148603 0.000364821 0.0
0.014747 0.0003453 0.0
0.0146378 0.000326728 0.0
0.0145324 0.000309188 0.0
0.0144309 0.000292587 0.0
0.014333 0.000276899 0.0
0.0142386 0.000262165 0.0
0.0141475 0.000248359 0.0
0.0140597 0.000235409 0.0
0.013975 0.000223297 0.0
0.013893 0.000212005 0.0
0.0138139 0.00020148 0.0
0.0137374 0.000191674 0.0
0.0136634 0.000182557 0.0
0.0135918 0.000174087 0.0
0.0135224 0.00016622 0.0
0.0134552 0.000158916 0.0
0.01339 0.000152138 0.0
0.0133267 0.000145848 0.0
0.0132653 0.000140008 0.0
0.0132056 0.000134586 0.0
0.0131475 0.000129548 0.0
0.013091 0.000124862 0.0
0.0130361 0.000120501 0.0
0.0129825 0.000116436 0.0
0.0129303 0.000112641 0.0
0.0128795 0.000109093 0.0
0.0128298 0.000105771 0.0
0.0127814 0.000102652 0.0
0.012734 9.97175e-05 0.0
0.0126878 9.69518e-05 0.0
0.0126426 9.43384e-05 0.0
0.0125985 9.18621e-05 0.0
0.0125553 8.95101e-05 0.0
0.012513 8.72709e-05 0.0
0.0124716 8.51331e-05 0.0
0.0124311 8.30867e-05 0.0
0.0123915 8.11235e-05 0.0
0.0123527 7.92355e-05 0.0
0.0123146 7.74153e-05 0.0
0.0122774 7.56568e-05 0.0
0.0122409 7.39546e-05 0.0
0.0122051 7.23037e-05 0.0
0.01217 7.06995e-05 0.0
0.0121356 6.91385e-05 0.0
0.0121019 6.76174e-05 0.0
0.0120689 6.61332e-05 0.0
0.0120365 6.46832e-05 0.0
0.0120048 6.32656e-05 0.0
0.0119736 6.18784e-05 0.0
0.0119431 6.05199e-05 0.0
0.0119132 5.91888e-05 0.0
0.0118838 5.78841e-05 0.0
0.011855 5.66047e-05 0.0
0.0118268 5.53497e-05 0.0
0.0117991 5.41186e-05 0.0
0.011772 5.29107e-05 0.0
0.0117454 5.17254e-05 0.0
0.0117193 5.05624e-05 0.0
0.0116937 4.94212e-05 0.0
0.0116687 4.83015e-05 0.0
0.0116441 4.72028e-05 0.0
0.01162 4.61247e-05 0.0
0.0115964 4.50669e-05 0.0
0.0115732 4.40289e-05 0.0
0.0115506 4.30102e-05 0.0
0.0115283 4.20101e-05 0.0
0.0115065 4.10282e-05 0.0
0.0114852 4.00635e-05 0.0
0.0114643 3.91152e-05 0.0
0.0114438 3.81824e-05 0.0
0.0114237 3.72638e-05 0.0
0.0114041 3.63583e-05 0.0
0.0113849 3.54642e-05 0.0
0.011366 3.45799e-05 0.0
0.0113476 3.37033e-05 0.0
0.0113295 3.28325e-05 0.0
0.0113119 3.19649e-05 0.0
0.0112946 3.10976e-05 0.0
0.0112777 3.02277e-05 0.0
0.0112612 2.93517e-05 0.0
0.0112451 2.84656e-05 0.0
0.0112294 2.75651e-05 0.0
0.011214 2.66456e-05 0.0
0.0111991 2.57018e-05 0.0
0.0111845 2.47277e-05 0.0
0.0111703 2.37169e-05 0.0
0.0111564 2.26628e-05 0.0
0.011143 2.15574e-05 0.0
0.01113 2.03926e-05 0.0
0.0111175 1.91595e-05 0.0
0.0111053 1.78492e-05 0.0
0.0110936 1.64506e-05 0.0
0.0110824 1.49553e-05 0.0
0.0110716 1.33508e-05 0.0
0.0110613 1.16289e-05 0.0
0.0110516 9.77709e-06 0.0
0.0110425 7.79276e-06 0.0
0.0110339 5.6576e-06 0.0
0.011026 3.38204e-06 0.0
0.0110187 9.56583e-07 0.0
0.0110122 -1.6016e-06 0.0
0.0110065 -4.30658e-06 0.0
0.0110016 -7.07421e-06 0.0
0.0109978 -9.90199e-06 0.0
0.0109949 -1.26001e-05 0.0
0.0109931 -1.49019e-05 0.0
0.0109921 -1.59609e-05 0.0
0.0 0.0 0.0
0.0 0.0 0.0
0.0193811 0.000335616 0.0
0.0194817 0.00064194 0.0
0.0195224 0.00106472 0.0
0.0198325 0.00141184 0.0
0.020194 0.00163277 0.0
0.0204472 0.0019301 0.0
0.0207093 0.00198994 0.0
0.0210124 0.00208475 0.0
0.0212812 0.00216981 0.0
0.0214539 0.002145 0.0
0.0215483 0.00206921 0.0
0.0216433 0.00203293 0.0
0.021718 0.00194888 0.0
0.0217078 0.00184025 0.0
0.021648 0.00174002 0.0
0.0216005 0.00164679 0.0
0.0215371 0.00152936 0.0
0.0214234 0.00142281 0.0
0.0212956 0.00132593 0.0
0.0211794 0.00122622 0.0
0.0210505 0.00112292 0.0
0.0209006 0.00103368 0.0
0.0207535 0.000947858 0.0
0.020613 0.000860633 0.0
0.0204655 0.000777883 0.0
0.0203139 0.000703916 0.0
0.0201694 0.000630515 0.0
0.0200286 0.000558337 0.0
0.0198865 0.00049128 0.0
0.0197478 0.000428251 0.0
0.0196159 0.00036533 0.0
0.0194873 0.000304489 0.0
0.0193615 0.000246848 0.0
0.0192417 0.000190492 0.0
0.0191277 0.000134182 0.0
0.019018 7.91909e-05 0.0
0.0189136 2.52874e-05 0.0
0.0188157 -2.88235e-05 0.0
0.0187237 -8.3609e-05 0.0
0.0186375 -0.00013855 0.0
0.0185579 -0.000193979 0.0
0.0184854 -0.000251041 0.0
0.01842 -0.000310277 0.0
0.0183618 -0.000370882 0.0
0.0183114 -0.000433455 0.0
0.0182702 -0.000499889 0.0
0.0182377 -0.000569768 0.0
0.0182137 -0.000641722 0.0
0.0182006 -0.000718265 0.0
0.0181998 -0.000800764 0.0
0.018209 -0.000886469 0.0
0.0182297 -0.000976116 0.0
0.0182672 -0.00107321 0.0
0.0183192 -0.00117525 0.0
0.0183831 -0.00128086 0.0
0.0184664 -0.00139303 0.0
0.0185709 -0.00150965 0.0
0.0186908 -0.00163 0.0
0.0188309 -0.00175565 0.0
0.0189969 -0.00188079 0.0
0.0191832 -0.00200539 0.0
0.0193918 -0.00213607 0.0
0.0196278 -0.00225926 0.0
0.0198848 -0.00237134 0.0
0.0201642 -0.00248507 0.0
0.0204722 -0.00259069 0.0
0.0207979 -0.00267097 0.0
0.0211366 -0.00274313 0.0
0.021501 -0.00280698 0.0
0.0218808 -0.00284019 0.0
0.0222589 -0.00285518 0.0
0.0226482 -0.00286053 0.0
0.0230509 -0.00283535 0.0
0.0234419 -0.00279195 0.0
0.0238258 -0.00274178 0.0
0.0242134 -0.0026584 0.0
0.0245865 -0.00256437 0.0
0.0249424 -0.00247141 0.0
0.0252897 -0.00234815 0.0
0.0256182 -0.00221592 0.0
0.0259276 -0.00209119 0.0
0.0262204 -0.00194987 0.0
0.0264905 -0.0018002 0.0
0.0267394 -0.00165607 0.0
0.0269687 -0.00151022 0.0
0.0271744 -0.00136428 0.0
0.0273597 -0.00121936 0.0
0.0275249 -0.0010795 0.0
0.0276688 -0.000948326 0.0
0.0277936 -0.000818415 0.0
0.0279019 -0.000694874 0.0
0.0279932 -0.000580904 0.0
0.0280672 -0.00047289 0.0
0.0281263 -0.000369555 0.0
0.0281734 -0.000273695 0.0
0.0282075 -0.000185081 0.0
0.0282272 -0.000101338 0.0
0.0282355 -2.16131e-05 0.0
0.0282352 5.20982e-05 0.0
0.0282236 0.000121204 0.0
0.0281996 0.000187127 0.0
0.0281667 0.000249862 0.0
0.0281257 0.000308663 0.0
0.0280737 0.000363777 0.0
0.0280117 0.000415621 0.0
0.0279413 0.00046508 0.0
0.0278623 0.00050938 0.0
0.0277748 0.000549635 0.0
0.0276792 0.000585929 0.0
0.0275767 0.000617309 0.0
0.0274683 0.000644404 0.0
0.027354 0.000666939 0.0
0.0272352 0.000683426 0.0
0.0271135 0.000698462 0.0
0.0269872 0.000709475 0.0
0.0268581 0.000714437 0.0
0.0267279 0.000719946 0.0
0.026595 0.000722721 0.0
0.0264595 0.00072058 0.0
0.0263231 0.000717992 0.0
0.0261856 0.000715044 0.0
0.0260471 0.000707327 0.0
0.0259084 0.000698064 0.0
0.0257695 0.000689004 0.0
0.0256309 0.000676921 0.0
0.0254943 0.000662994 0.0
0.0253587 0.000649606 0.0
0.0252238 0.000634371 0.0
0.0250917 0.000619427 0.0
0.0249617 0.000605347 0.0
0.0248327 0.000590588 0.0
0.0247055 0.000577317 0.0
0.0245807 0.000565522 0.0
0.0244569 0.000554252 0.0
0.0243335 0.000544003 0.0
0.0242117 0.00053534 0.0
0.0240913 0.000527242 0.0
0.0239709 0.000519661 0.0
0.0238511 0.000512862 0.0
0.0237328 0.000506678 0.0
0.0236155 0.000500129 0.0
0.023499 0.000494092 0.0
0.0233837 0.000489221 0.0
0.0232699 0.000483988 0.0
0.023158 0.000479564 0.0
0.0230475 0.000477224 0.0
0.0229377 0.000475587 0.0
0.0228295 0.000475803 0.0
0.0227228 0.000478899 0.0
0.0226163 0.000483944 0.0
0.0225091 0.000491927 0.0
0.022402 0.000503381 0.0
0.0222945 0.000517974 0.0
0.0221846 0.000535599 0.0
0.0220717 0.000556479 0.0
0.0219563 0.000581079 0.0
0.0218373 0.000608599 0.0
0.0217131 0.000637496 0.0
0.0215837 0.000668793 0.0
0.0214486 0.000702731 0.0
0.0213073 0.000736041 0.0
0.02116 0.000768166 0.0
0.021006 0.00080096 0.0
0.0208449 0.000832123 0.0
0.0206786 0.000858958 0.0
0.0205072 0.000882993 0.0
0.0203296 0.000904087 0.0
0.0201478 0.000920196 0.0
0.0199635 0.00093147 0.0
0.0197762 0.000937867 0.0
0.0195866 0.000939951 0.0
0.0193964 0.000937711 0.0
0.0192064 0.000929995 0.0
0.019017 0.000918559 0.0
0.0188287 0.000904275 0.0
0.0186424 0.000885885 0.0
0.018459 0.000864454 0.0
0.0182785 0.000841414 0.0
0.0181011 0.000816231 0.0
0.0179276 0.000789123 0.0
0.0177583 0.000761258 0.0
0.017593 0.000732816 0.0
0.017432 0.000703652 0.0
0.0172756 0.000674401 0.0
0.0171237 0.000645494 0.0
0.0169763 0.000616864 0.0
0.0168335 0.000588654 0.0
0.0166952 0.00056125 0.0
0.0165613 0.000534716 0.0
0.0164318 0.00050902 0.0
0.0163066 0.000484295 0.0
0.0161856 0.000460682 0.0
0.0160687 0.000438144 0.0
0.0159557 0.000416659 0.0
0.0158465 0.000396279 0.0
0.0157411 0.000377026 0.0
0.0156392 0.000358838 0.0
0.0155407 0.00034168 0.0
0.0154455 0.000325549 0.0
0.0153535 0.00031042 0.0
0.0152645 0.000296223 0.0
0.0151784 0.000282917 0.0
0.015095 0.000270475 0.0
0.0150143 0.000258853 0.0
0.0149361 0.000247986 0.0
0.0148603 0.000237834 0.0
0.0147868 0.000228363 0.0
0.0147155 0.000219525 0.0
0.0146463 0.000211265 0.0
0.0145791 0.000203552 0.0
0.0145138 0.000196349 0.0
0.0144503 0.000189613 0.0
0.0143886 0.000183305 0.0
0.0143285 0.000177397 0.0
0.01427 0.000171857 0.0
0.014213 0.000166652 0.0
0.0141575 0.000161753 0.0
0.0141034 0.000157137 0.0
0.0140506 0.00015278 0.0
0.0139991 0.000148657 0.0
0.0139488 0.000144749 0.0
0.0138997 0.000141037 0.0
0.0138518 0.000137504 0.0
0.013805 0.000134132 0.0
0.0137592 0.000130909 0.0
0.0137145 0.000127821 0.0
0.0136707 0.000124855 0.0
0.013628 0.000122001 0.0
0.0135861 0.00011925 0.0
0.0135452 0.000116592 0.0
0.0135051 0.00011402 0.0
0.0134659 0.000111526 0.0
0.0134275 0.000109105 0.0
0.0133899 0.000106751 0.0
0.0133531 0.000104458 0.0
0.0133171 0.000102224 0.0
0.0132818 0.000100043 0.0
0.0132473 9.79122e-05 0.0
0.0132134 9.58292e-05 0.0
0.0131803 9.37911e-05 0.0
0.0131478 9.17957e-05 0.0
0.013116 8.98411e-05 0.0
0.0130848 8.79255e-05 0.0
0.0130543 8.60476e-05 0.0
0.0130244 8.4206e-05 0.0
0.0129951 8.23996e-05 0.0
0.0129664 8.06275e-05 0.0
0.0129383 7.88888e-05 0.0
0.0129108 7.71827e-05 0.0
0.0128838 7.55084e-05 0.0
0.0128574 7.38654e-05 0.0
0.0128315 7.22529e-05 0.0
0.0128062 7.06703e-05 0.0
0.0127814 6.91169e-05 0.0
0.0127571 6.7592e-05 0.0
0.0127333 6.60948e-05 0.0
0.0127099 6.46245e-05 0.0
0.0126871 6.31802e-05 0.0
0.0126648 6.17609e-05 0.0
0.0126429 6.03653e-05 0.0
0.0126214 5.89923e-05 0.0
0.0126005 5.76403e-05 0.0
0.0125799 5.63077e-05 0.0
0.0125598 5.49925e-05 0.0
0.0125402 5.36929e-05 0.0
0.0125209 5.24062e-05 0.0
0.0125021 5.11299e-05 0.0
0.0124837 4.9861e-05 0.0
0.0124657 4.85963e-05 0.0
0.0124481 4.73317e-05 0.0
0.0124309 4.60634e-05 0.0
0.0124142 4.47866e-05 0.0
0.0123978 4.34962e-05 0.0
0.0123818 4.21861e-05 0.0
0.0123662 4.08506e-05 0.0
0.012351 3.94825e-05 0.0
0.0123362 3.80738e-05 0.0
0.0123218 3.6616e-05 0.0
0.0123079 3.51009e-05 0.0
0.0122943 3.35175e-05 0.0
0.0122812 3.18547e-05 0.0
0.0122685 3.01018e-05 0.0
0.0122563 2.82467e-05 0.0
0.0122445 2.62753e-05 0.0
0.0122332 2.41734e-05 0.0
0.0122224 2.19307e-05 0.0
0.0122122 1.95294e-05 0.0
0.0122025 1.69596e-05 0.0
0.0121935 1.42045e-05 0.0
0.0121851 1.1263e-05 0.0
0.0121773 8.11555e-06 0.0
0.0121704 4.77727e-06 0.0
0.0121643 1.22497e-06 0.0
0.012159 -2.48431e-06 0.0
0.0121548 -6.34255e-06 0.0
0.0121517 -1.0144e-05 0.0
0.0121498 -1.35137e-05 0.0
0.0121487 -1.51032e-05 0.0
0.0 0.0 0.0
0.0 0.0 0.0
0.0193043 0.000165799 0.0
0.0193625 0.000628551 0.0
0.0195325 0.000905494 0.0
0.0197341 0.00104505 0.0
0.0199425 0.00140606 0.0
0.0202337 0.00166143 0.0
0.0204861 0.00169693 0.0
0.0207093 0.00184254 0.0
0.0209674 0.00194084 0.0
0.0211873 0.00196314 0.0
0.0213465 0.00194495 0.0
0.0214998 0.00193033 0.0
0.021617 0.0018847 0.0
0.0216742 0.00182818 0.0
0.0217173 0.00174903 0.0
0.021752 0.00166914 0.0
0.0217396 0.00158738 0.0
0.0216963 0.00150436 0.0
0.0216572 0.0014092 0.0
0.0216053 0.00132087 0.0
0.0215232 0.0012374 0.0
0.0214333 0.00115233 0.0
0.0213484 0.00106425 0.0
0.0212523 0.000984666 0.0
0.0211434 0.000908287 0.0
0.0210367 0.000830901 0.0
0.0209323 0.000755405 0.0
0.0208217 0.00068605 0.0
0.0207091 0.000617742 0.0
0.0206009 0.000549685 0.0
0.020494 0.000484526 0.0
0.020386 0.000422412 0.0
0.0202809 0.000360328 0.0
0.0201802 0.000298977 0.0
0.0200814 0.000239343 0.0
0.0199852 0.000180442 0.0
0.0198937 0.000121018 0.0
0.0198064 6.15276e-05 0.0
0.0197229 1.9666e-06 0.0
0.0196442 -5.83145e-05 0.0
0.0195708 -0.000120254 0.0
0.0195027 -0.000183969 0.0
0.0194404 -0.000249114 0.0
0.0193841 -0.000316456 0.0
0.0193346 -0.000387784 0.0
0.0192926 -0.00046229 0.0
0.0192577 -0.000539109 0.0
0.0192309 -0.000621108 0.0
0.0192144 -0.000709557 0.0
0.0192073 -0.000800855 0.0
0.019209 -0.000896845 0.0
0.0192241 -0.00100226 0.0
0.0192535 -0.00111304 0.0
0.0192934 -0.00122653 0.0
0.019348 -0.00135015 0.0
0.0194236 -0.00148182 0.0
0.0195154 -0.00161449 0.0
0.0196226 -0.00175529 0.0
0.0197541 -0.00190363 0.0
0.0199104 -0.00204996 0.0
0.0200874 -0.00220019 0.0
0.0202881 -0.00235524 0.0
0.0205157 -0.00249983 0.0
0.0207718 -0.00264043 0.0
0.0210534 -0.00278044 0.0
0.0213552 -0.00290448 0.0
0.0216832 -0.00300657 0.0
0.0220381 -0.00310132 0.0
0.0224063 -0.00317993 0.0
0.0227861 -0.0032255 0.0
0.023184 -0.00324647 0.0
0.0235879 -0.00325789 0.0
0.0239926 -0.0032428 0.0
0.0243979 -0.00318566 0.0
0.0247957 -0.00312408 0.0
0.0251894 -0.00305063 0.0
0.0255747 -0.0029354 0.0
0.0259367 -0.00281546 0.0
0.0262851 -0.00269203 0.0
0.0266218 -0.00254058 0.0
0.0269327 -0.00238572 0.0
0.027219 -0.00223013 0.0
0.0274855 -0.0020595 0.0
0.0277292 -0.00189079 0.0
0.0279507 -0.00172358 0.0
0.0281458 -0.00155387 0.0
0.0283175 -0.00139039 0.0
0.028472 -0.00122888 0.0
0.0286066 -0.00107614 0.0
0.0287189 -0.000930613 0.0
0.0288139 -0.000789895 0.0
0.0288959 -0.000658559 0.0
0.0289638 -0.000536254 0.0
0.0290151 -0.00041986 0.0
0.0290543 -0.000311704 0.0
0.0290852 -0.000210643 0.0
0.0291048 -0.000114966 0.0
0.0291123 -2.60786e-05 0.0
0.0291121 5.70362e-05 0.0
0.0291039 0.000137479 0.0
0.0290855 0.000212643 0.0
0.0290584 0.00028353 0.0
0.0290237 0.000351951 0.0
0.0289795 0.000416661 0.0
0.0289257 0.000477399 0.0
0.0288636 0.000535673 0.0
0.0287933 0.00058842 0.0
0.0287143 0.000636244 0.0
0.0286272 0.000680395 0.0
0.0285333 0.000719376 0.0
0.0284342 0.000750195 0.0
0.0283308 0.000777731 0.0
0.0282212 0.000800797 0.0
0.0281086 0.00081667 0.0
0.0279953 0.000830611 0.0
0.0278779 0.000840613 0.0
0.0277572 0.000846315 0.0
0.0276365 0.000850369 0.0
0.0275135 0.000852677 0.0
0.0273873 0.000850862 0.0
0.0272605 0.00084736 0.0
0.0271329 0.00084209 0.0
0.0270035 0.00083378 0.0
0.026874 0.000823064 0.0
0.0267448 0.000811194 0.0
0.026616 0.000795937 0.0
0.0264893 0.000780661 0.0
0.0263633 0.000765049 0.0
0.0262382 0.000747124 0.0
0.0261163 0.000730709 0.0
0.0259962 0.000715906 0.0
0.0258761 0.000700431 0.0
0.0257576 0.000686164 0.0
0.0256409 0.000675215 0.0
0.0255245 0.000664447 0.0
0.025408 0.000653675 0.0
0.0252919 0.000645378 0.0
0.0251762 0.000638669 0.0
0.0250609 0.000630206 0.0
0.0249462 0.000622328 0.0
0.0248316 0.000616393 0.0
0.0247181 0.000609208 0.0
0.0246069 0.000601557 0.0
0.0244966 0.000595868 0.0
0.0243871 0.000589967 0.0
0.0242804 0.000585253 0.0
0.0241755 0.00058308 0.0
0.0240711 0.000581772 0.0
0.0239685 0.000583201 0.0
0.0238671 0.000588756 0.0
0.0237654 0.000596962 0.0
0.0236639 0.000608011 0.0
0.0235618 0.000624203 0.0
0.0234575 0.00064447 0.0
0.023351 0.000667905 0.0
0.0232419 0.0006958 0.0
0.0231287 0.000727464 0.0
0.0230102 0.000761788 0.0
0.0228862 0.000799282 0.0
0.0227567 0.000838761 0.0
0.0226205 0.000878169 0.0
0.0224765 0.000917919 0.0
0.0223254 0.000957815 0.0
0.022168 0.000994826 0.0
0.0220037 0.00102742 0.0
0.0218324 0.00105767 0.0
0.0216556 0.00108449 0.0
0.0214746 0.0011036 0.0
0.02129 0.00111736 0.0
0.0211014 0.00112787 0.0
0.0209108 0.00113111 0.0
0.0207202 0.00112799 0.0
0.020529 0.00112104 0.0
0.0203374 0.00110913 0.0
0.0201479 0.00109235 0.0
0.0199607 0.00107181 0.0
0.0197751 0.00104807 0.0
0.0195923 0.00102171 0.0
0.0194135 0.000992916 0.0
0.019238 0.000962121 0.0
0.0190659 0.000930247 0.0
0.018898 0.000897619 0.0
0.0187346 0.000864163 0.0
0.0185751 0.000830494 0.0
0.0184198 0.000797158 0.0
0.018269 0.000764118 0.0
0.0181226 0.000731458 0.0
0.0179804 0.000699638 0.0
0.0178424 0.000668783 0.0
0.0177087 0.000638829 0.0
0.0175792 0.000609917 0.0
0.0174536 0.00058223 0.0
0.017332 0.00055572 0.0
0.0172143 0.000530378 0.0
0.0171004 0.000506273 0.0
0.01699 0.000483411 0.0
0.0168832 0.000461726 0.0
0.0167798 0.000441217 0.0
0.0166797 0.000421869 0.0
0.0165827 0.000403627 0.0
0.0164887 0.000386443 0.0
0.0163978 0.000370292 0.0
0.0163096 0.000355117 0.0
0.0162241 0.000340862 0.0
0.0161412 0.000327485 0.0
0.0160608 0.000314942 0.0
0.0159828 0.000303172 0.0
0.0159071 0.000292128 0.0
0.0158336 0.000281772 0.0
0.0157622 0.000272053 0.0
0.0156928 0.000262921 0.0
0.0156253 0.000254342 0.0
0.0155598 0.000246276 0.0
0.0154959 0.00023868 0.0
0.0154338 0.000231518 0.0
0.0153734 0.000224762 0.0
0.0153145 0.000218377 0.0
0.0152571 0.000212331 0.0
0.0152012 0.000206598 0.0
0.0151466 0.000201156 0.0
0.0150935 0.000195976 0.0
0.0150416 0.000191039 0.0
0.014991 0.000186324 0.0
0.0149416 0.000181814 0.0
0.0148934 0.00017749 0.0
0.0148463 0.000173337 0.0
0.0148003 0.000169343 0.0
0.0147553 0.000165492 0.0
0.0147114 0.000161774 0.0
0.0146685 0.000158179 0.0
0.0146266 0.000154697 0.0
0.0145855 0.00015132 0.0
0.0145454 0.000148039 0.0
0.0145062 0.000144849 0.0
0.0144679 0.000141742 0.0
0.0144303 0.000138714 0.0
0.0143936 0.00013576 0.0
0.0143577 0.000132875 0.0
0.0143226 0.000130056 0.0
0.0142882 0.000127299 0.0
0.0142546 0.000124601 0.0
0.0142217 0.00012196 0.0
0.0141895 0.000119373 0.0
0.014158 0.000116839 0.0
0.0141271 0.000114355 0.0
0.0140969 0.000111921 0.0
0.0140674 0.000109533 0.0
0.0140385 0.000107192 0.0
0.0140102 0.000104896 0.0
0.0139825 0.000102643 0.0
0.0139554 0.000100434 0.0
0.0139289 9.82661e-05 0.0
0.0139029 9.61393e-05 0.0
0.0138775 9.40522e-05 0.0
0.0138526 9.2004e-05 0.0
0.0138283 8.99936e-05 0.0
0.0138045 8.80197e-05 0.0
0.0137812 8.60811e-05 0.0
0.0137584 8.41767e-05 0.0
0.0137361 8.23047e-05 0.0
0.0137143 8.04636e-05 0.0
0.0136929 7.86517e-05 0.0
0.0136721 7.68668e-05 0.0
0.0136516 7.51067e-05 0.0
0.0136317 7.3369e-05 0.0
0.0136121 7.16507e-05 0.0
0.013593 6.99488e-05 0.0
0.0135744 6.82596e-05 0.0
0.0135561 6.65795e-05 0.0
0.0135383 6.49038e-05 0.0
0.0135209 6.32279e-05 0.0
0.0135039 6.15461e-05 0.0
0.0134873 5.98529e-05 0.0
0.0134711 5.8141e-05 0.0
0.0134553 5.64036e-05 0.0
0.01344 5.4632e-05 0.0
0.013425 5.2818e-05 0.0
0.0134104 5.09508e-05 0.0
0.0133963 4.90204e-05 0.0
0.0133825 4.70144e-05 0.0
0.0133692 4.49206e-05 0.0
0.0133563 4.27243e-05 0.0
0.0133439 4.04112e-05 0.0
0.0133319 3.79649e-05 0.0
0.0133204 3.5369e-05 0.0
0.0133094 3.26064e-05 0.0
0.013299 2.96563e-05 0.0
0.0132891 2.65031e-05 0.0
0.0132798 2.31283e-05 0.0
0.0132711 1.9517e-05 0.0
0.0132631 1.56403e-05 0.0
0.0132559 1.1508e-05 0.0
0.0132495 7.09267e-06 0.0
0.013244 2.41293e-06 0.0
0.0132396 -2.52465e-06 0.0
0.0132363 -7.50003e-06 0.0
0.0132342 -1.20467e-05 0.0
0.0132332 -1.42413e-05 0.0
0.0 0.0 0.0
0.0 0.0 0.0
0.0192681 0.000180632 0.0
0.0193603 0.000462699 0.0
0.0195156 0.000703031 0.0
0.0196181 0.000979772 0.0
0.0197585 0.0011879 0.0
0.0200096 0.00130809 0.0
0.0202515 0.00151509 0.0
0.0204606 0.0016554 0.0
0.02066 0.00166865 0.0
0.0208807 0.00174614 0.0
0.0210966 0.00180116 0.0
0.0212543 0.00178743 0.0
0.0213775 0.00175549 0.0
0.0215151 0.0017427 0.0
0.0216272 0.00169608 0.0
0.0216801 0.00163464 0.0
0.021719 0.00157373 0.0
0.021766 0.00151088 0.0
0.0217813 0.00143466 0.0
0.0217609 0.0013622 0.0
0.0217408 0.00128899 0.0
0.0217201 0.00121284 0.0
0.0216753 0.001136 0.0
0.0216161 0.00106413 0.0
0.0215605 0.000990722 0.0
0.0215001 0.000917457 0.0
0.0214266 0.000847077 0.0
0.0213504 0.000779347 0.0
0.0212767 0.000710818 0.0
0.0211988 0.00064396 0.0
0.0211163 0.000579475 0.0
0.0210356 0.000515835 0.0
0.0209565 0.000452002 0.0
0.0208757 0.000389512 0.0
0.0207955 0.00032783 0.0
0.0207183 0.000265857 0.0
0.0206429 0.000203392 0.0
0.0205687 0.000140897 0.0
0.0204975 7.76808e-05 0.0
0.02043 1.30252e-05 0.0
0.0203656 -5.34535e-05 0.0
0.0203047 -0.000121557 0.0
0.0202483 -0.000191861 0.0
0.0201969 -0.000265564 0.0
0.0201505 -0.00034292 0.0
0.0201092 -0.000423153 0.0
0.0200745 -0.000507964 0.0
0.0200477 -0.000598973 0.0
0.0200274 -0.000694599 0.0
0.0200143 -0.00079482 0.0
0.0200131 -0.000903676 0.0
0.0200227 -0.00101995 0.0
0.0200395 -0.00114092 0.0
0.0200705 -0.00127072 0.0
0.0201208 -0.00141074 0.0
0.0201823 -0.00155591 0.0
0.0202569 -0.00170928 0.0
0.0203585 -0.00187166 0.0
0.0204816 -0.00203685 0.0
0.0206195 -0.00221091 0.0
0.0207864 -0.00238971 0.0
0.0209845 -0.00256054 0.0
0.0212039 -0.0027355 0.0
0.0214531 -0.00291576 0.0
0.021735 -0.00307013 0.0
0.0220393 -0.00321235 0.0
0.0223726 -0.00335797 0.0
0.0227367 -0.00347307 0.0
0.023113 -0.00354766 0.0
0.0235043 -0.00362113 0.0
0.0239239 -0.00366736 0.0
0.0243441 -0.00366111 0.0
0.024753 -0.00364542 0.0
0.0251763 -0.00360879 0.0
0.025597 -0.00352098 0.0
0.0259872 -0.00343278 0.0
0.0263699 -0.00332209 0.0
0.0267436 -0.00316965 0.0
0.0270883 -0.00302519 0.0
0.027411 -0.00286867 0.0
0.0277125 -0.00267886 0.0
0.0279872 -0.00249439 0.0
0.0282398 -0.00231089 0.0
0.028463 -0.00211403 0.0
0.0286584 -0.00191931 0.0
0.0288337 -0.00172521 0.0
0.0289842 -0.00154183 0.0
0.0291091 -0.00136259 0.0
0.0292162 -0.00118521 0.0
0.0293072 -0.00102187 0.0
0.0293804 -0.000869487 0.0
0.0294368 -0.00072221 0.0
0.0294828 -0.000584949 0.0
0.0295199 -0.000458464 0.0
0.0295444 -0.000340305 0.0
0.029558 -0.000228301 0.0
0.029567 -0.000124312 0.0
0.0295702 -2.78151e-05 0.0
0.0295627 6.44041e-05 0.0
0.0295482 0.000152286 0.0
0.0295311 0.000234484 0.0
0.0295063 0.000313888 0.0
0.0294716 0.000389764 0.0
0.0294314 0.000463487 0.0
0.029385 0.000533282 0.0
0.0293298 0.000597944 0.0
0.029266 0.000659669 0.0
0.0291945 0.000717447 0.0
0.0291166 0.000766703 0.0
0.0290327 0.000811085 0.0
0.0289416 0.000848937 0.0
0.0288472 0.000879212 0.0
0.0287499 0.000906773 0.0
0.0286482 0.000925035 0.0
0.0285456 0.000939292 0.0
0.028442 0.00095389 0.0
0.0283346 0.000961325 0.0
0.0282255 0.000965283 0.0
0.0281153 0.000971056 0.0
0.0280029 0.00097175 0.0
0.027888 0.000968148 0.0
0.0277712 0.000964631 0.0
0.0276532 0.000958672 0.0
0.0275357 0.000946239 0.0
0.0274187 0.000933899 0.0
0.0273003 0.000919744 0.0
0.027184 0.000901297 0.0
0.027071 0.00088412 0.0
0.0269586 0.000865881 0.0
0.0268469 0.000846615 0.0
0.026738 0.000829964 0.0
0.0266309 0.00081439 0.0
0.026524 0.000799391 0.0
0.0264173 0.000786648 0.0
0.0263118 0.000775689 0.0
0.026206 0.000766547 0.0
0.026099 0.000757652 0.0
0.0259924 0.000749607 0.0
0.0258858 0.000742211 0.0
0.0257783 0.000734659 0.0
0.0256713 0.000726754 0.0
0.0255654 0.000718875 0.0
0.0254603 0.000709875 0.0
0.025357 0.000702357 0.0
0.025255 0.000695411 0.0
0.0251548 0.000688006 0.0
0.0250574 0.00068377 0.0
0.0249617 0.000681826 0.0
0.0248667 0.000681937 0.0
0.0247732 0.000685934 0.0
0.0246817 0.000693973 0.0
0.0245898 0.000706007 0.0
0.024496 0.000722909 0.0
0.024402 0.000744527 0.0
0.024307 0.000771372 0.0
0.0242074 0.000802524 0.0
0.0241032 0.000837891 0.0
0.0239953 0.000878795 0.0
0.0238814 0.000922365 0.0
0.0237602 0.000966657 0.0
0.0236316 0.00101436 0.0
0.0234952 0.0010636 0.0
0.0233513 0.00110878 0.0
0.0232 0.00115183 0.0
0.02304 0.00119447 0.0
0.0228727 0.00123092 0.0
0.0227011 0.00126025 0.0
0.0225238 0.00128553 0.0
0.0223405 0.00130426 0.0
0.0221552 0.00131584 0.0
0.0219685 0.00132048 0.0
0.0217796 0.00131856 0.0
0.0215903 0.00131184 0.0
0.021402 0.00129877 0.0
0.0212151 0.00127976 0.0
0.0210297 0.00125763 0.0
0.0208465 0.00123176 0.0
0.0206664 0.00120165 0.0
0.0204895 0.00116935 0.0
0.0203158 0.00113565 0.0
0.0201456 0.00109984 0.0
0.0199794 0.00106274 0.0
0.0198171 0.0010255 0.0
0.0196586 0.000987988 0.0
0.0195042 0.000950163 0.0
0.0193539 0.000912796 0.0
0.0192076 0.000876209 0.0
0.0190653 0.000840252 0.0
0.0189271 0.000805094 0.0
0.0187927 0.000771123 0.0
0.0186623 0.000738348 0.0
0.0185357 0.000706706 0.0
0.0184129 0.00067632 0.0
0.0182936 0.000647314 0.0
0.018178 0.000619623 0.0
0.0180659 0.000593211 0.0
0.0179571 0.000568114 0.0
0.0178515 0.000544336 0.0
0.0177492 0.000521802 0.0
0.01765 0.00050047 0.0
0.0175538 0.000480323 0.0
0.0174604 0.000461319 0.0
0.0173698 0.000443386 0.0
0.0172819 0.000426478 0.0
0.0171966 0.000410553 0.0
0.0171138 0.000395559 0.0
0.0170334 0.000381431 0.0
0.0169553 0.000368123 0.0
0.0168795 0.00035559 0.0
0.0168058 0.000343781 0.0
0.0167342 0.000332642 0.0
0.0166645 0.000322132 0.0
0.0165968 0.00031221 0.0
0.016531 0.000302832 0.0
0.0164669 0.000293956 0.0
0.0164045 0.000285549 0.0
0.0163438 0.000277576 0.0
0.0162846 0.000270003 0.0
0.016227 0.000262798 0.0
0.0161709 0.000255936 0.0
0.0161162 0.000249389 0.0
0.0160629 0.000243131 0.0
0.016011 0.000237142 0.0
0.0159603 0.0002314 0.0
0.0159108 0.000225885 0.0
0.0158626 0.000220581 0.0
0.0158155 0.000215471 0.0
0.0157696 0.000210541 0.0
0.0157247 0.000205776 0.0
0.0156809 0.000201166 0.0
0.0156382 0.000196699 0.0
0.0155964 0.000192364 0.0
0.0155556 0.000188154 0.0
0.0155158 0.00018406 0.0
0.0154769 0.000180074 0.0
0.0154388 0.00017619 0.0
0.0154017 0.000172403 0.0
0.0153653 0.000168706 0.0
0.0153298 0.000165095 0.0
0.0152951 0.000161567 0.0
0.0152612 0.000158116 0.0
0.0152281 0.000154741 0.0
0.0151957 0.000151437 0.0
0.015164 0.000148203 0.0
0.015133 0.000145035 0.0
0.0151027 0.000141932 0.0
0.0150731 0.000138891 0.0
0.0150441 0.000135912 0.0
0.0150158 0.000132991 0.0
0.0149881 0.000130128 0.0
0.0149611 0.000127321 0.0
0.0149346 0.000124569 0.0
0.0149087 0.00012187 0.0
0.0148834 0.000119223 0.0
0.0148587 0.000116627 0.0
0.0148345 0.000114079 0.0
0.0148108 0.00011158 0.0
0.0147877 0.000109126 0.0
0.0147651 0.000106717 0.0
0.014743 0.00010435 0.0
0.0147214 0.000102024 0.0
0.0147003 9.97361e-05 0.0
0.0146796 9.74842e-05 0.0
0.0146594 9.52656e-05 0.0
0.0146397 9.30774e-05 0.0
0.0146204 9.09161e-05 0.0
0.0146016 8.87785e-05 0.0
0.0145832 8.66602e-05 0.0
0.0145652 8.45568e-05 0.0
0.0145476 8.24634e-05 0.0
0.0145305 8.03747e-05 0.0
0.0145137 7.82838e-05 0.0
0.0144974 7.61848e-05 0.0
0.0144815 7.40696e-05 0.0
0.014466 7.19302e-05 0.0
0.0144508 6.97566e-05 0.0
0.0144361 6.75398e-05 0.0
0.0144218 6.52675e-05 0.0
0.0144078 6.2928e-05 0.0
0.0143943 6.05067e-05 0.0
0.0143812 5.79906e-05 0.0
0.0143685 5.53615e-05 0.0
0.0143562 5.26031e-05 0.0
0.0143444 4.96958e-05 0.0
0.014333 4.66202e-05 0.0
0.0143221 4.33528e-05 0.0
0.0143117 3.98727e-05 0.0
0.0143019 3.6155e-05 0.0
0.0142926 3.21734e-05 0.0
0.0142839 2.79066e-05 0.0
0.0142759 2.33243e-05 0.0
0.0142686 1.84077e-05 0.0
0.0142622 1.31262e-05 0.0
0.0142566 7.48524e-06 0.0
0.0142521 1.47109e-06 0.0
0.0142486 -4.72868e-06 0.0
0.0142465 -1.05355e-05 0.0
0.0142455 -1.33779e-05 0.0
0.0 0.0 0.0
0.0 0.0 0.0
0.0192842 0.000187949 0.0
0.0193433 0.000335294 0.0
0.0194132 0.00057319 0.0
0.0195566 0.000863794 0.0
0.0197322 0.000977369 0.0
0.0198684 0.00112165 0.0
0.0200398 0.00132145 0.0
0.0202662 0.00141336 0.0
0.0204569 0.0014783 0.0
0.0206353 0.00156561 0.0
0.0208248 0.00160224 0.0
0.0209996 0.00162197 0.0
0.0211562 0.0016268 0.0
0.0213004 0.0016174 0.0
0.0214178 0.00159107 0.0
0.0215182 0.00156195 0.0
0.0216122 0.0015152 0.0
0.0216833 0.00146484 0.0
0.0217272 0.00141292 0.0
0.0217645 0.00135582 0.0
0.0217954 0.00128949 0.0
0.0218046 0.00122756 0.0
0.0217983 0.00116553 0.0
0.0217902 0.00109881 0.0
0.0217748 0.00103065 0.0
0.0217448 0.000967522 0.0
0.0217087 0.000903148 0.0
0.0216719 0.00083663 0.0
0.0216286 0.000771986 0.0
0.0215782 0.00071006 0.0
0.0215267 0.000646536 0.0
0.0214743 0.000582791 0.0
0.021418 0.000520785 0.0
0.0213598 0.000459189 0.0
0.0213024 0.000396184 0.0
0.0212445 0.000333152 0.0
0.0211857 0.000270214 0.0
0.0211281 0.000206175 0.0
0.021072 0.000140379 0.0
0.0210166 7.3191e-05 0.0
0.0209632 4.36296e-06 0.0
0.0209124 -6.67929e-05 0.0
0.0208639 -0.00014147 0.0
0.0208185 -0.00021949 0.0
0.020777 -0.000300366 0.0
0.0207394 -0.000385938 0.0
0.0207064 -0.000478149 0.0
0.0206791 -0.000574558 0.0
0.0206572 -0.00067558 0.0
0.0206424 -0.000786261 0.0
0.0206363 -0.000905391 0.0
0.0206375 -0.00102789 0.0
0.020648 -0.00116068 0.0
0.0206732 -0.0013077 0.0
0.0207101 -0.00145928 0.0
0.0207576 -0.00161724 0.0
0.0208255 -0.00179279 0.0
0.0209153 -0.00197569 0.0
0.0210206 -0.00216059 0.0
0.021149 -0.00235963 0.0
0.0213076 -0.00256316 0.0
0.0214937 -0.00276511 0.0
0.0217087 -0.00297219 0.0
0.0219532 -0.00317411 0.0
0.0222299 -0.00336108 0.0
0.0225459 -0.00354306 0.0
0.022889 -0.00370711 0.0
0.02325 -0.00384212 0.0
0.0236469 -0.00394923 0.0
0.0240685 -0.00403448 0.0
0.0244883 -0.00408689 0.0
0.0249196 -0.00409464 0.0
0.025362 -0.00406495 0.0
0.0257908 -0.00403065 0.0
0.0262114 -0.0039428 0.0
0.026617 -0.00381283 0.0
0.026999 -0.00369243 0.0
0.0273664 -0.00353909 0.0
0.0277061 -0.00334759 0.0
0.0280088 -0.00316307 0.0
0.028289 -0.00296295 0.0
0.0285407 -0.00274415 0.0
0.0287593 -0.00253006 0.0
0.0289469 -0.00230489 0.0
0.0291027 -0.00208513 0.0
0.0292352 -0.0018713 0.0
0.0293468 -0.001657 0.0
0.029431 -0.00145742 0.0
0.0294941 -0.00126697 0.0
0.0295442 -0.00108418 0.0
0.0295831 -0.000916168 0.0
0.0296075 -0.000758273 0.0
0.029619 -0.000611462 0.0
0.0296255 -0.000475355 0.0
0.0296287 -0.000348329 0.0
0.0296235 -0.000230408 0.0
0.0296121 -0.000122157 0.0
0.0295993 -1.85341e-05 0.0
0.0295839 7.99385e-05 0.0
0.0295641 0.000170114 0.0
0.0295407 0.000257867 0.0
0.0295126 0.000344924 0.0
0.0294807 0.000425715 0.0
0.0294438 0.000505292 0.0
0.0293998 0.000582269 0.0
0.0293478 0.000655502 0.0
0.0292882 0.000724571 0.0
0.0292221 0.000789265 0.0
0.029149 0.00084526 0.0
0.0290702 0.00089398 0.0
0.0289861 0.000938811 0.0
0.0288981 0.000972225 0.0
0.028811 0.000998176 0.0
0.028723 0.00102239 0.0
0.0286303 0.0010384 0.0
0.0285387 0.00105032 0.0
0.0284489 0.00106233 0.0
0.0283555 0.00107 0.0
0.0282595 0.00107389 0.0
0.0281634 0.00107734 0.0
0.0280644 0.00107932 0.0
0.027963 0.00107486 0.0
0.0278613 0.0010683 0.0
0.0277574 0.00105902 0.0
0.0276536 0.00104481 0.0
0.0275521 0.00102959 0.0
0.0274502 0.00101048 0.0
0.0273502 0.000989263 0.0
0.0272543 0.00097044 0.0
0.0271588 0.000950639 0.0
0.0270642 0.000930214 0.0
0.0269727 0.000913601 0.0
0.0268822 0.000899644 0.0
0.0267903 0.000885727 0.0
0.026698 0.000874329 0.0
0.0266056 0.000866973 0.0
0.0265123 0.000858707 0.0
0.0264171 0.000850283 0.0
0.0263203 0.000844248 0.0
0.0262231 0.000837944 0.0
0.0261269 0.000827806 0.0
0.0260311 0.000819244 0.0
0.0259344 0.000811033 0.0
0.0258405 0.000799858 0.0
0.0257504 0.000790859 0.0
0.0256608 0.000782802 0.0
0.0255727 0.000775145 0.0
0.0254886 0.000771316 0.0
0.0254065 0.00077093 0.0
0.0253253 0.000772513 0.0
0.0252455 0.000779524 0.0
0.0251661 0.000792875 0.0
0.025087 0.000810114 0.0
0.0250074 0.000832377 0.0
0.0249249 0.000862201 0.0
0.0248391 0.000897433 0.0
0.0247505 0.000937628 0.0
0.0246566 0.000983237 0.0
0.0245559 0.00103281 0.0
0.0244477 0.00108629 0.0
0.0243315 0.00114208 0.0
0.0242077 0.00119759 0.0
0.0240746 0.00125183 0.0
0.023931 0.00130469 0.0
0.0237798 0.00135416 0.0
0.0236219 0.00139684 0.0
0.0234561 0.00143206 0.0
0.0232839 0.00146346 0.0
0.0231073 0.00148651 0.0
0.0229284 0.00149854 0.0
0.022747 0.00150579 0.0
0.022563 0.00150625 0.0
0.0223797 0.00149757 0.0
0.0221981 0.00148324 0.0
0.0220166 0.00146398 0.0
0.0218367 0.00143929 0.0
0.0216604 0.00141019 0.0
0.0214867 0.00137767 0.0
0.0213152 0.00134232 0.0
0.0211473 0.00130479 0.0
0.0209835 0.00126543 0.0
0.0208228 0.00122483 0.0
0.0206655 0.00118365 0.0
0.0205122 0.00114218 0.0
0.0203629 0.00110059 0.0
0.020217 0.00105938 0.0
0.0200747 0.00101882 0.0
0.0199363 0.000978992 0.0
0.0198017 0.000940094 0.0
0.0196705 0.000902363 0.0
0.0195429 0.000865824 0.0
0.0194189 0.000830547 0.0
0.0192983 0.000796643 0.0
0.0191811 0.000764142 0.0
0.0190672 0.000733006 0.0
0.0189565 0.000703286 0.0
0.0188491 0.000674987 0.0
0.0187446 0.000648051 0.0
0.0186432 0.000622441 0.0
0.0185448 0.000598166 0.0
0.0184491 0.000575163 0.0
0.0183562 0.000553362 0.0
0.0182659 0.000532733 0.0
0.0181783 0.00051324 0.0
0.0180932 0.000494805 0.0
0.0180104 0.00047737 0.0
0.0179301 0.000460901 0.0
0.017852 0.000445341 0.0
0.0177761 0.000430621 0.0
0.0177024 0.0004167 0.0
0.0176307 0.000403534 0.0
0.017561 0.000391069 0.0
0.0174931 0.000379252 0.0
0.0174272 0.00036805 0.0
0.017363 0.00035742 0.0
0.0173006 0.000347316 0.0
0.0172399 0.000337703 0.0
0.0171807 0.00032855 0.0
0.0171232 0.000319821 0.0
0.0170671 0.000311484 0.0
0.0170125 0.000303511 0.0
0.0169593 0.000295879 0.0
0.0169075 0.000288559 0.0
0.016857 0.000281528 0.0
0.0168078 0.000274768 0.0
0.0167598 0.000268258 0.0
0.016713 0.000261979 0.0
0.0166674 0.000255916 0.0
0.0166229 0.000250054 0.0
0.0165795 0.000244379 0.0
0.0165372 0.000238878 0.0
0.0164959 0.000233541 0.0
0.0164556 0.000228356 0.0
0.0164163 0.000223315 0.0
0.0163779 0.000218409 0.0
0.0163404 0.00021363 0.0
0.0163038 0.000208971 0.0
0.0162681 0.000204427 0.0
0.0162333 0.000199991 0.0
0.0161993 0.000195658 0.0
0.016166 0.000191425 0.0
0.0161336 0.000187285 0.0
0.0161019 0.000183237 0.0
0.016071 0.000179277 0.0
0.0160407 0.000175401 0.0
0.0160112 0.000171607 0.0
0.0159824 0.000167892 0.0
0.0159542 0.000164254 0.0
0.0159267 0.00016069 0.0
0.0158998 0.000157199 0.0
0.0158736 0.000153779 0.0
0.015848 0.000150428 0.0
0.0158229 0.000147144 0.0
0.0157984 0.000143925 0.0
0.0157745 0.000140769 0.0
0.0157512 0.000137675 0.0
0.0157284 0.000134641 0.0
0.0157061 0.000131665 0.0
0.0156843 0.000128744 0.0
0.0156631 0.000125877 0.0
0.0156423 0.000123061 0.0
0.015622 0.000120293 0.0
0.0156022 0.000117572 0.0
0.0155829 0.000114893 0.0
0.015564 0.000112253 0.0
0.0155455 0.000109649 0.0
0.0155275 0.000107077 0.0
0.0155099 0.000104532 0.0
0.0154927 0.000102009 0.0
0.0154759 9.95017e-05 0.0
0.0154596 9.70054e-05 0.0
0.0154436 9.45124e-05 0.0
0.015428 9.20157e-05 0.0
0.0154128 8.95061e-05 0.0
0.015398 8.69754e-05 0.0
0.0153836 8.44122e-05 0.0
0.0153696 8.18063e-05 0.0
0.0153559 7.91437e-05 0.0
0.0153426 7.64124e-05 0.0
0.0153297 7.35951e-05 0.0
0.0153172 7.06771e-05 0.0
0.0153051 6.76375e-05 0.0
0.0152933 6.44593e-05 0.0
0.015282 6.11175e-05 0.0
0.0152711 5.75909e-05 0.0
0.0152607 5.38499e-05 0.0
0.0152507 4.98722e-05 0.0
0.0152412 4.56235e-05 0.0
0.0152322 4.10725e-05 0.0
0.0152238 3.61856e-05 0.0
0.015216 3.09328e-05 0.0
0.0152089 2.52707e-05 0.0
0.0152026 1.916e-05 0.0
0.0151971 1.25856e-05 0.0
0.0151926 5.52285e-06 0.0
0.0151891 -1.89288e-06 0.0
0.015187 -8.99377e-06 0.0
0.0151859 -1.2518e-05 0.0
0.0 0.0 0.0
0.0 0.0 0.0
0.0193382 0.000117529 0.0
0.0193651 0.000330254 0.0
0.0193872 0.000524177 0.0
0.0194996 0.000662022 0.0
0.0196349 0.000836906 0.0
0.0197589 0.00103696 0.0
0.0199071 0.00110552 0.0
0.0200797 0.00119644 0.0
0.0202574 0.00133568 0.0
0.0204278 0.0013902 0.0
0.0205851 0.00140475 0.0
0.0207573 0.00146023 0.0
0.0209254 0.00148719 0.0
0.0210595 0.00147691 0.0
0.0211851 0.00146453 0.0
0.0213205 0.00145705 0.0
0.0214304 0.00142741 0.0
0.0215102 0.00139026 0.0
0.0215919 0.00135082 0.0
0.0216708 0.00130791 0.0
0.0217212 0.00125751 0.0
0.0217562 0.00120648 0.0
0.0217941 0.00115197 0.0
0.0218217 0.00109614 0.0
0.0218295 0.00103919 0.0
0.021832 0.000981868 0.0
0.0218343 0.000922432 0.0
0.021826 0.000863634 0.0
0.0218074 0.00080491 0.0
0.0217876 0.00074553 0.0
0.0217655 0.00068537 0.0
0.0217359 0.000625941 0.0
0.0217025 0.000566095 0.0
0.021669 0.000505376 0.0
0.0216329 0.000444073 0.0
0.0215932 0.000382458 0.0
0.021553 0.000319513 0.0
0.0215128 0.000255106 0.0
0.0214713 0.00018915 0.0
0.0214294 0.000121358 0.0
0.0213884 5.10644e-05 0.0
0.0213481 -2.2124e-05 0.0
0.0213088 -9.86921e-05 0.0
0.0212709 -0.000178686 0.0
0.0212351 -0.000263125 0.0
0.0212022 -0.000353062 0.0
0.0211721 -0.000448253 0.0
0.0211448 -0.000548763 0.0
0.0211229 -0.000657573 0.0
0.0211071 -0.000774586 0.0
0.0210947 -0.000897888 0.0
0.0210893 -0.00103078 0.0
0.0210968 -0.0011769 0.0
0.0211116 -0.00133069 0.0
0.0211319 -0.00149371 0.0
0.0211727 -0.00167328 0.0
0.0212337 -0.00186348 0.0
0.0213008 -0.0020608 0.0
0.0213891 -0.00227556 0.0
0.0215155 -0.00249773 0.0
0.0216611 -0.002722 0.0
0.0218273 -0.00296548 0.0
0.0220379 -0.0032026 0.0
0.0222857 -0.00342474 0.0
0.0225612 -0.00366039 0.0
0.0228774 -0.00388482 0.0
0.0232314 -0.00405732 0.0
0.023612 -0.0042226 0.0
0.0240289 -0.00438197 0.0
0.0244701 -0.00446652 0.0
0.0249119 -0.004507 0.0
0.0253699 -0.00455202 0.0
0.025844 -0.0045245 0.0
0.0262819 -0.00443735 0.0
0.0266965 -0.004362 0.0
0.0271156 -0.00422193 0.0
0.027492 -0.00404448 0.0
0.0278191 -0.00388097 0.0
0.0281266 -0.00366445 0.0
0.0284012 -0.00342856 0.0
0.0286386 -0.00320911 0.0
0.0288389 -0.00296077 0.0
0.0289989 -0.00270119 0.0
0.0291342 -0.00245199 0.0
0.0292434 -0.00220157 0.0
0.029312 -0.00196349 0.0
0.0293567 -0.0017262 0.0
0.0293884 -0.0015008 0.0
0.0294027 -0.00129904 0.0
0.0293969 -0.00110371 0.0
0.0293808 -0.000921562 0.0
0.0293635 -0.000755594 0.0
0.0293405 -0.000603419 0.0
0.0293084 -0.000461688 0.0
0.0292757 -0.000331512 0.0
0.0292471 -0.000211629 0.0
0.0292166 -9.99643e-05 0.0
0.0291829 5.11454e-06 0.0
0.029153 0.000102575 0.0
0.0291252 0.000195702 0.0
0.0290931 0.000287648 0.0
0.0290609 0.000374921 0.0
0.0290308 0.000460265 0.0
0.0289941 0.000545836 0.0
0.0289516 0.000627233 0.0
0.0289058 0.000710834 0.0
0.0288533 0.000785998 0.0
0.0287939 0.000854636 0.0
0.0287261 0.000920364 0.0
0.0286521 0.000975424 0.0
0.0285777 0.00101865 0.0
0.0285002 0.00105742 0.0
0.0284194 0.00108179 0.0
0.0283429 0.00110544 0.0
0.0282667 0.00112473 0.0
0.0281901 0.001133 0.0
0.0281151 0.0011452 0.0
0.0280399 0.0011562 0.0
0.0279621 0.00116166 0.0
0.0278813 0.00116623 0.0
0.0277982 0.00117124 0.0
0.0277135 0.00116887 0.0
0.0276272 0.00116229 0.0
0.0275383 0.00115582 0.0
0.0274491 0.00114067 0.0
0.0273645 0.00112105 0.0
0.0272815 0.00110359 0.0
0.0271978 0.00107979 0.0
0.0271182 0.00105637 0.0
0.0270429 0.00103607 0.0
0.0269691 0.00101468 0.0
0.0268951 0.00099596 0.0
0.0268221 0.000980884 0.0
0.0267508 0.000969176 0.0
0.0266778 0.000959372 0.0
0.0266023 0.000950839 0.0
0.0265256 0.000945062 0.0
0.0264464 0.000941118 0.0
0.026365 0.000934347 0.0
0.0262829 0.00092724 0.0
0.0261987 0.000919776 0.0
0.0261146 0.0009097 0.0
0.0260326 0.000899687 0.0
0.0259513 0.0008869 0.0
0.0258721 0.000874438 0.0
0.0257966 0.000864979 0.0
0.0257233 0.000855174 0.0
0.0256525 0.000847453 0.0
0.0255852 0.000844756 0.0
0.0255202 0.000845794 0.0
0.0254559 0.000851905 0.0
0.0253933 0.000863211 0.0
0.0253326 0.000880784 0.0
0.0252699 0.000905864 0.0
0.0252044 0.000937153 0.0
0.0251385 0.000975074 0.0
0.0250688 0.00102097 0.0
0.0249913 0.00107169 0.0
0.0249075 0.00112823 0.0
0.024817 0.00119151 0.0
0.0247169 0.00125482 0.0
0.0246064 0.00131799 0.0
0.0244855 0.00138478 0.0
0.0243545 0.00144817 0.0
0.0242151 0.001502 0.0
0.0240671 0.00155333 0.0
0.0239089 0.00159968 0.0
0.0237458 0.00163314 0.0
0.0235799 0.00165874 0.0
0.0234083 0.00167645 0.0
0.0232337 0.00168505 0.0
0.0230601 0.00168505 0.0
0.0228864 0.00167589 0.0
0.0227125 0.0016609 0.0
0.0225406 0.00164042 0.0
0.0223714 0.00161272 0.0
0.0222045 0.00158054 0.0
0.0220402 0.00154591 0.0
0.0218792 0.00150747 0.0
0.0217216 0.00146584 0.0
0.0215672 0.00142319 0.0
0.0214161 0.00137963 0.0
0.0212687 0.0013346 0.0
0.0211246 0.00128923 0.0
0.0209838 0.00124436 0.0
0.0208465 0.00119971 0.0
0.0207128 0.00115536 0.0
0.0205822 0.00111201 0.0
0.0204548 0.00106981 0.0
0.020331 0.00102862 0.0
0.0202103 0.000988624 0.0
0.0200926 0.000950091 0.0
0.019978 0.000912972 0.0
0.0198667 0.000877239 0.0
0.0197582 0.000842977 0.0
0.0196526 0.000810236 0.0
0.0195499 0.000778943 0.0
0.0194501 0.000749082 0.0
0.0193529 0.000720649 0.0
0.0192584 0.000693613 0.0
0.0191665 0.000667906 0.0
0.0190772 0.000643493 0.0
0.0189903 0.000620329 0.0
0.0189058 0.000598359 0.0
0.0188238 0.000577523 0.0
0.018744 0.000557771 0.0
0.0186663 0.000539046 0.0
0.0185909 0.000521295 0.0
0.0185175 0.000504462 0.0
0.0184462 0.000488493 0.0
0.0183768 0.00047334 0.0
0.0183094 0.000458951 0.0
0.0182438 0.000445278 0.0
0.0181799 0.000432276 0.0
0.0181179 0.000419902 0.0
0.0180575 0.000408113 0.0
0.0179987 0.000396871 0.0
0.0179415 0.000386139 0.0
0.0178859 0.000375882 0.0
0.0178317 0.000366068 0.0
0.017779 0.000356665 0.0
0.0177277 0.000347645 0.0
0.0176777 0.000338984 0.0
0.0176291 0.000330654 0.0
0.0175817 0.000322634 0.0
0.0175355 0.000314904 0.0
0.0174905 0.000307442 0.0
0.0174467 0.000300232 0.0
0.017404 0.000293258 0.0
0.0173624 0.000286503 0.0
0.0173219 0.000279955 0.0
0.0172824 0.0002736 0.0
0.0172438 0.000267428 0.0
0.0172063 0.000261427 0.0
0.0171697 0.000255588 0.0
0.017134 0.000249903 0.0
0.0170992 0.000244363 0.0
0.0170652 0.000238961 0.0
0.0170321 0.000233691 0.0
0.0169999 0.000228547 0.0
0.0169684 0.000223523 0.0
0.0169377 0.000218615 0.0
0.0169077 0.000213817 0.0
0.0168785 0.000209127 0.0
0.01685 0.00020454 0.0
0.0168221 0.000200052 0.0
0.016795 0.000195662 0.0
0.0167685 0.000191365 0.0
0.0167427 0.000187159 0.0
0.0167175 0.000183042 0.0
0.0166929 0.000179011 0.0
0.0166689 0.000175063 0.0
0.0166454 0.000171197 0.0
0.0166226 0.000167411 0.0
0.0166003 0.000163701 0.0
0.0165785 0.000160066 0.0
0.0165573 0.000156504 0.0
0.0165365 0.000153012 0.0
0.0165163 0.000149588 0.0
0.0164966 0.000146229 0.0
0.0164773 0.000142933 0.0
0.0164585 0.000139696 0.0
0.0164401 0.000136515 0.0
0.0164222 0.000133387 0.0
0.0164048 0.000130308 0.0
0.0163877 0.000127274 0.0
0.0163711 0.000124281 0.0
0.0163549 0.000121323 0.0
0.016339 0.000118396 0.0
0.0163236 0.000115492 0.0
0.0163086 0.000112605 0.0
0.0162939 0.000109728 0.0
0.0162795 0.000106853 0.0
0.0162656 0.00010397 0.0
0.016252 0.00010107 0.0
0.0162387 9.814e-05 0.0
0.0162259 9.517e-05 0.0
0.0162133 9.21439e-05 0.0
0.0162011 8.9049e-05 0.0
0.0161892 8.58658e-05 0.0
0.0161777 8.25785e-05 0.0
0.0161666 7.91637e-05 0.0
0.0161558 7.56024e-05 0.0
0.0161453 7.18649e-05 0.0
0.0161353 6.793e-05 0.0
0.0161256 6.37617e-05 0.0
0.0161163 5.93327e-05 0.0
0.0161075 5.46013e-05 0.0
0.0160992 4.95379e-05 0.0
0.0160913 4.40886e-05 0.0
0.016084 3.82181e-05 0.0
0.0160773 3.18715e-05 0.0
0.0160713 2.50032e-05 0.0
0.0160661 1.75542e-05 0.0
0.0160617 9.50007e-06 0.0
0.0160584 9.27804e-07 0.0
0.0160563 -7.44782e-06 0.0
0.0160552 -1.16664e-05 0.0
0.0 0.0 0.0
0.0 0.0 0.0
0.0192893 8.46441e-05 0.0
0.0193153 0.000293919 0.0
0.019404 0.000444318 0.0
0.0194775 0.000559988 0.0
0.0195487 0.00073755 0.0
0.0196901 0.000873892 0.0
0.0198321 0.000952684 0.0
0.0199487 0.00107514 0.0
0.0200956 0.00115703 0.0
0.0202627 0.00120774 0.0
0.0204123 0.00126833 0.0
0.0205568 0.00131044 0.0
0.0207022 0.00132244 0.0
0.0208466 0.00134036 0.0
0.020984 0.00134574 0.0
0.021106 0.0013345 0.0
0.021216 0.00131763 0.0
0.0213261 0.00130008 0.0
0.0214265 0.00126874 0.0
0.0215065 0.00123434 0.0
0.0215778 0.00119869 0.0
0.0216485 0.00115778 0.0
0.0217061 0.00111081 0.0
0.0217477 0.00106586 0.0
0.0217852 0.00101845 0.0
0.0218195 0.000966904 0.0
0.0218416 0.000914693 0.0
0.0218544 0.000864062 0.0
0.021865 0.000810434 0.0
0.0218708 0.000755084 0.0
0.021868 0.000700538 0.0
0.0218607 0.000645778 0.0
0.0218517 0.000588506 0.0
0.021838 0.00053067 0.0
0.0218194 0.000472719 0.0
0.0217991 0.000413159 0.0
0.0217772 0.000351436 0.0
0.0217518 0.000288509 0.0
0.0217247 0.000223779 0.0
0.0216972 0.000156475 0.0
0.0216682 8.61151e-05 0.0
0.0216379 1.26392e-05 0.0
0.0216082 -6.41348e-05 0.0
0.0215787 -0.000145049 0.0
0.0215488 -0.000231749 0.0
0.0215202 -0.000323448 0.0
0.0214937 -0.00041994 0.0
0.0214685 -0.000524589 0.0
0.0214458 -0.000638585 0.0
0.0214267 -0.000757857 0.0
0.0214118 -0.000886144 0.0
0.0214028 -0.00102968 0.0
0.0213997 -0.00118265 0.0
0.0214028 -0.00134139 0.0
0.0214183 -0.00152019 0.0
0.0214477 -0.00171689 0.0
0.0214853 -0.00191706 0.0
0.0215403 -0.00213322 0.0
0.0216239 -0.0023751 0.0
0.0217276 -0.00262142 0.0
0.0218531 -0.00287621 0.0
0.0220181 -0.00314821 0.0
0.0222183 -0.00341864 0.0
0.0224568 -0.00369516 0.0
0.0227408 -0.00396162 0.0
0.0230592 -0.00420864 0.0
0.0234238 -0.00444094 0.0
0.0238416 -0.00464736 0.0
0.0242768 -0.0048054 0.0
0.0247269 -0.00492155 0.0
0.0252213 -0.00499453 0.0
0.025706 -0.00500712 0.0
0.0261629 -0.00499096 0.0
0.0266225 -0.00488113 0.0
0.0270507 -0.00475712 0.0
0.0274317 -0.00461503 0.0
0.0277786 -0.00439176 0.0
0.0280776 -0.00415786 0.0
0.0283321 -0.00393197 0.0
0.0285493 -0.00366592 0.0
0.0287169 -0.00338246 0.0
0.0288434 -0.00310454 0.0
0.028934 -0.00281228 0.0
0.0289835 -0.00253651 0.0
0.029008 -0.00225219 0.0
0.0290028 -0.00197532 0.0
0.02897 -0.00173106 0.0
0.0289223 -0.00148943 0.0
0.0288666 -0.00126682 0.0
0.0288034 -0.00106378 0.0
0.0287303 -0.000878441 0.0
0.0286542 -0.000708747 0.0
0.0285859 -0.000554153 0.0
0.0285214 -0.000412376 0.0
0.028455 -0.000284979 0.0
0.0283939 -0.000167697 0.0
0.0283426 -5.71414e-05 0.0
0.0282957 4.37067e-05 0.0
0.0282516 0.000137372 0.0
0.0282123 0.000231451 0.0
0.0281792 0.000320737 0.0
0.0281504 0.000404243 0.0
0.02812 0.000493952 0.0
0.0280865 0.000583213 0.0
0.0280528 0.000668227 0.0
0.0280131 0.000756614 0.0
0.0279642 0.000838951 0.0
0.0279055 0.000918507 0.0
0.02784 0.000987552 0.0
0.0277703 0.00104906 0.0
0.0276982 0.00109074 0.0
0.0276289 0.00113026 0.0
0.0275579 0.00115911 0.0
0.0274905 0.00117366 0.0
0.0274327 0.00118962 0.0
0.0273777 0.00120235 0.0
0.0273194 0.00121174 0.0
0.0272643 0.00121926 0.0
0.0272109 0.00123267 0.0
0.0271533 0.00123981 0.0
0.0270925 0.0012429 0.0
0.0270273 0.00124673 0.0
0.0269578 0.00124469 0.0
0.0268904 0.00123293 0.0
0.0268228 0.00121998 0.0
0.0267522 0.00119816 0.0
0.0266875 0.00117583 0.0
0.0266279 0.00115212 0.0
0.026569 0.00112431 0.0
0.026514 0.00109863 0.0
0.0264639 0.00107769 0.0
0.0264141 0.001059 0.0
0.0263645 0.00104101 0.0
0.0263155 0.00103037 0.0
0.0262647 0.0010232 0.0
0.0262102 0.00101714 0.0
0.0261513 0.00101395 0.0
0.0260894 0.00101305 0.0
0.0260245 0.00100863 0.0
0.0259568 0.0010024 0.0
0.0258861 0.00099785 0.0
0.0258155 0.000986722 0.0
0.0257488 0.000972292 0.0
0.025683 0.000960928 0.0
0.0256172 0.000945592 0.0
0.0255574 0.000930272 0.0
0.0255026 0.000919087 0.0
0.0254492 0.00090877 0.0
0.0253986 0.000901752 0.0
0.0253522 0.000901198 0.0
0.0253088 0.000905927 0.0
0.025267 0.000914672 0.0
0.0252249 0.00093282 0.0
0.0251826 0.000959494 0.0
0.0251415 0.000991689 0.0
0.0250975 0.0010328 0.0
0.0250471 0.00108351 0.0
0.0249923 0.00114157 0.0
0.0249319 0.00120651 0.0
0.0248619 0.00127603 0.0
0.0247812 0.0013501 0.0
0.0246883 0.00142787 0.0
0.0245844 0.00150313 0.0
0.0244707 0.00157443 0.0
0.0243434 0.00164163 0.0
0.0242048 0.00170187 0.0
0.02406 0.00175433 0.0
0.0239085 0.00179279 0.0
0.0237508 0.0018226 0.0
0.023589 0.00184569 0.0
0.0234261 0.00185367 0.0
0.0232642 0.00185218 0.0
0.0231014 0.00184505 0.0
0.0229391 0.00182834 0.0
0.0227807 0.00180378 0.0
0.0226251 0.00177455 0.0
0.0224709 0.00174039 0.0
0.0223201 0.0017016 0.0
0.0221737 0.00165974 0.0
0.0220301 0.00161564 0.0
0.0218892 0.00156951 0.0
0.021752 0.00152207 0.0
0.0216184 0.00147396 0.0
0.0214877 0.0014256 0.0
0.02136 0.00137721 0.0
0.0212355 0.00132918 0.0
0.0211142 0.00128185 0.0
0.0209958 0.00123545 0.0
0.0208802 0.00119001 0.0
0.0207674 0.00114577 0.0
0.0206576 0.0011029 0.0
0.0205504 0.00106145 0.0
0.0204459 0.00102137 0.0
0.0203441 0.000982831 0.0
0.0202449 0.00094586 0.0
0.0201482 0.000910392 0.0
0.020054 0.000876404 0.0
0.0199622 0.000843959 0.0
0.0198729 0.000813008 0.0
0.0197859 0.000783465 0.0
0.0197011 0.000755311 0.0
0.0196187 0.000728541 0.0
0.0195385 0.000703069 0.0
0.0194603 0.000678826 0.0
0.0193843 0.000655785 0.0
0.0193104 0.000633899 0.0
0.0192385 0.000613087 0.0
0.0191685 0.000593295 0.0
0.0191004 0.000574488 0.0
0.0190341 0.000556606 0.0
0.0189697 0.000539582 0.0
0.018907 0.000523376 0.0
0.0188461 0.000507946 0.0
0.0187868 0.000493237 0.0
0.0187291 0.0004792 0.0
0.018673 0.000465801 0.0
0.0186184 0.000453 0.0
0.0185653 0.000440752 0.0
0.0185137 0.000429023 0.0
0.0184634 0.000417783 0.0
0.0184145 0.000406999 0.0
0.018367 0.000396637 0.0
0.0183207 0.000386674 0.0
0.0182756 0.000377083 0.0
0.0182318 0.000367839 0.0
0.0181891 0.00035892 0.0
0.0181476 0.000350306 0.0
0.0181072 0.000341978 0.0
0.0180678 0.000333918 0.0
0.0180295 0.000326109 0.0
0.0179922 0.000318538 0.0
0.0179559 0.000311191 0.0
0.0179205 0.000304053 0.0
0.0178861 0.000297115 0.0
0.0178525 0.000290366 0.0
0.0178198 0.000283796 0.0
0.017788 0.000277396 0.0
0.017757 0.000271158 0.0
0.0177269 0.000265075 0.0
0.0176974 0.00025914 0.0
0.0176688 0.000253347 0.0
0.0176409 0.00024769 0.0
0.0176137 0.000242164 0.0
0.0175872 0.000236765 0.0
0.0175614 0.000231488 0.0
0.0175362 0.000226329 0.0
0.0175117 0.000221285 0.0
0.0174878 0.000216351 0.0
0.0174646 0.000211525 0.0
0.0174419 0.000206803 0.0
0.0174198 0.000202184 0.0
0.0173982 0.000197663 0.0
0.0173772 0.000193238 0.0
0.0173568 0.000188907 0.0
0.0173369 0.000184666 0.0
0.0173174 0.000180514 0.0
0.0172985 0.000176448 0.0
0.01728 0.000172464 0.0
0.017262 0.00016856 0.0
0.0172445 0.000164734 0.0
0.0172274 0.000160982 0.0
0.0172107 0.0001573 0.0
0.0171945 0.000153685 0.0
0.0171787 0.000150134 0.0
0.0171632 0.000146642 0.0
0.0171482 0.000143205 0.0
0.0171335 0.000139818 0.0
0.0171192 0.000136475 0.0
0.0171053 0.000133171 0.0
0.0170918 0.000129898 0.0
0.0170785 0.000126651 0.0
0.0170656 0.00012342 0.0
0.0170531 0.000120198 0.0
0.0170408 0.000116974 0.0
0.0170289 0.000113738 0.0
0.0170173 0.000110477 0.0
0.017006 0.000107179 0.0
0.016995 0.000103828 0.0
0.0169844 0.000100409 0.0
0.016974 9.69017e-05 0.0
0.0169639 9.32894e-05 0.0
0.0169541 8.95457e-05 0.0
0.0169446 8.56507e-05 0.0
0.0169354 8.15704e-05 0.0
0.0169265 7.72823e-05 0.0
0.016918 7.27448e-05 0.0
0.0169098 6.79288e-05 0.0
0.016902 6.27819e-05 0.0
0.0168945 5.72744e-05 0.0
0.0168875 5.1339e-05 0.0
0.016881 4.49348e-05 0.0
0.0168749 3.79858e-05 0.0
0.0168695 3.04477e-05 0.0
0.0168647 2.22225e-05 0.0
0.0168607 1.32787e-05 0.0
0.0168576 3.64255e-06 0.0
0.0168555 -5.94082e-06 0.0
0.0168545 -1.08283e-05 0.0
0.0 0.0 0.0
0.0 0.0 0.0
0.019295 0.00010229 0.0
0.0193348 0.000218957 0.0
0.0193863 0.000359207 0.0
0.019437 0.000530965 0.0
0.0195161 0.000636923 0.0
0.0196233 0.000714934 0.0
0.019731 0.000856333 0.0
0.0198529 0.000958395 0.0
0.0199796 0.000988999 0.0
0.02011 0.0010667 0.0
0.0202516 0.00113936 0.0
0.0203878 0.00116024 0.0
0.0205162 0.00117807 0.0
0.0206543 0.00121112 0.0
0.0207861 0.00121858 0.0
0.0209013 0.0012115 0.0
0.0210181 0.00120527 0.0
0.0211356 0.0011961 0.0
0.0212344 0.00117423 0.0
0.0213229 0.00114909 0.0
0.0214147 0.00112049 0.0
0.0214969 0.00108897 0.0
0.0215619 0.00105303 0.0
0.0216235 0.00101466 0.0
0.0216841 0.000973225 0.0
0.0217321 0.000931267 0.0
0.0217694 0.000887092 0.0
0.0218055 0.000840687 0.0
0.021837 0.00079291 0.0
0.0218581 0.00074509 0.0
0.0218739 0.000695267 0.0
0.021888 0.000643767 0.0
0.0218964 0.000591528 0.0
0.0218983 0.000538458 0.0
0.0218976 0.00048318 0.0
0.0218944 0.000426296 0.0
0.0218865 0.000368039 0.0
0.0218753 0.000307692 0.0
0.0218624 0.000244536 0.0
0.0218467 0.000178903 0.0
0.0218285 0.000110325 0.0
0.0218089 3.81359e-05 0.0
0.0217877 -3.82554e-05 0.0
0.0217649 -0.000119172 0.0
0.0217417 -0.000205162 0.0
0.0217178 -0.000296737 0.0
0.0216934 -0.000395569 0.0
0.0216701 -0.00050192 0.0
0.0216475 -0.000615457 0.0
0.0216251 -0.00073843 0.0
0.021607 -0.000874134 0.0
0.0215926 -0.00101918 0.0
0.0215787 -0.00117455 0.0
0.0215733 -0.00134808 0.0
0.021581 -0.00153833 0.0
0.0215903 -0.00173627 0.0
0.0216083 -0.00195564 0.0
0.0216578 -0.00220084 0.0
0.0217239 -0.00245289 0.0
0.0217947 -0.00272229 0.0
0.0219075 -0.00302267 0.0
0.022071 -0.00331985 0.0
0.0222542 -0.00362739 0.0
0.0224781 -0.00396335 0.0
0.0227672 -0.00426211 0.0
0.0231058 -0.00455082 0.0
0.0234855 -0.00484748 0.0
0.0239148 -0.00509369 0.0
0.024386 -0.00525266 0.0
0.0248814 -0.00540897 0.0
0.0254073 -0.00552135 0.0
0.0259187 -0.00547867 0.0
0.0263917 -0.0054339 0.0
0.0268618 -0.00535508 0.0
0.0272809 -0.00514252 0.0
0.0275944 -0.00492614 0.0
0.0278635 -0.00470216 0.0
0.0280955 -0.00439614 0.0
0.0282487 -0.00410738 0.0
0.0283476 -0.00381857 0.0
0.0284066 -0.0034765 0.0
0.0284315 -0.00316205 0.0
0.0284361 -0.00284344 0.0
0.0283853 -0.0025141 0.0
0.0282932 -0.0022139 0.0
0.0281969 -0.00191127 0.0
0.0280888 -0.00164551 0.0
0.0279559 -0.00139818 0.0
0.0278112 -0.0011665 0.0
0.0276764 -0.000961247 0.0
0.0275539 -0.000778295 0.0
0.02743 -0.000611622 0.0
0.0273093 -0.000463866 0.0
0.0272059 -0.000330252 0.0
0.0271171 -0.000208873 0.0
0.0270337 -9.90619e-05 0.0
0.0269589 1.09453e-06 0.0
0.0268985 9.41474e-05 0.0
0.0268481 0.000183891 0.0
0.0268045 0.000268909 0.0
0.0267715 0.000349387 0.0
0.0267422 0.000434977 0.0
0.0267134 0.000522831 0.0
0.0266927 0.00060897 0.0
0.0266712 0.000703819 0.0
0.0266373 0.000796344 0.0
0.0265975 0.000887826 0.0
0.0265493 0.000982568 0.0
0.0264932 0.00105204 0.0
0.0264324 0.00111538 0.0
0.0263609 0.00116668 0.0
0.0262956 0.00119362 0.0
0.0262438 0.00122057 0.0
0.0261947 0.00123034 0.0
0.0261521 0.00123438 0.0
0.0261195 0.00124695 0.0
0.0260916 0.00125513 0.0
0.0260656 0.00126015 0.0
0.0260357 0.00127499 0.0
0.0260015 0.00128632 0.0
0.0259618 0.00129693 0.0
0.0259158 0.00130275 0.0
0.0258651 0.00130501 0.0
0.0258136 0.00129051 0.0
0.0257651 0.00127818 0.0
0.0257152 0.00125843 0.0
0.0256703 0.0012257 0.0
0.0256345 0.00119832 0.0
0.0256028 0.0011698 0.0
0.0255728 0.00113896 0.0
0.0255464 0.00111429 0.0
0.025525 0.00109418 0.0
0.025506 0.00107797 0.0
0.0254819 0.00106819 0.0
0.0254551 0.00106187 0.0
0.0254269 0.00106403 0.0
0.0253928 0.00106494 0.0
0.0253525 0.00106496 0.0
0.0253058 0.00106772 0.0
0.0252538 0.00106682 0.0
0.025202 0.00105819 0.0
0.025149 0.0010489 0.0
0.0250934 0.00103313 0.0
0.0250431 0.00101757 0.0
0.024998 0.00100018 0.0
0.0249552 0.000979414 0.0
0.0249164 0.000963501 0.0
0.0248838 0.000950709 0.0
0.0248557 0.000940543 0.0
0.0248305 0.000935167 0.0
0.024809 0.000936666 0.0
0.0247902 0.000945927 0.0
0.0247724 0.000963648 0.0
0.0247567 0.000987282 0.0
0.0247413 0.00102213 0.0
0.0247204 0.00106868 0.0
0.0246968 0.0011219 0.0
0.0246707 0.00118635 0.0
0.0246344 0.00126043 0.0
0.0245854 0.00133935 0.0
0.0245263 0.00142626 0.0
0.0244555 0.00151757 0.0
0.0243697 0.00160282 0.0
0.0242698 0.00168601 0.0
0.0241562 0.00177023 0.0
0.0240318 0.00183837 0.0
0.0239011 0.00189298 0.0
0.0237605 0.00194389 0.0
0.0236121 0.00197887 0.0
0.0234649 0.00199958 0.0
0.0233168 0.0020098 0.0
0.0231658 0.00200933 0.0
0.0230172 0.00200018 0.0
0.0228727 0.00198062 0.0
0.02273 0.00195313 0.0
0.0225898 0.00192153 0.0
0.022454 0.00188432 0.0
0.0223221 0.00184143 0.0
0.0221928 0.00179615 0.0
0.022067 0.00174931 0.0
0.0219453 0.00169972 0.0
0.0218267 0.00164865 0.0
0.0217105 0.00159764 0.0
0.0215975 0.00154643 0.0
0.021488 0.00149485 0.0
0.0213808 0.00144391 0.0
0.0212759 0.00139394 0.0
0.0211739 0.00134477 0.0
0.0210747 0.00129658 0.0
0.0209775 0.00124982 0.0
0.0208825 0.00120444 0.0
0.02079 0.00116042 0.0
0.0206999 0.00111793 0.0
0.0206116 0.00107705 0.0
0.0205255 0.0010377 0.0
0.0204417 0.000999903 0.0
0.0203599 0.0009637 0.0
0.0202799 0.000929046 0.0
0.0202021 0.000895882 0.0
0.0201262 0.000864214 0.0
0.0200522 0.000833995 0.0
0.01998 0.000805159 0.0
0.0199097 0.000777661 0.0
0.0198412 0.000751468 0.0
0.0197745 0.000726508 0.0
0.0197095 0.000702724 0.0
0.0196463 0.00068007 0.0
0.0195847 0.000658492 0.0
0.0195248 0.000637925 0.0
0.0194664 0.00061832 0.0
0.0194097 0.000599629 0.0
0.0193544 0.000581798 0.0
0.0193007 0.000564775 0.0
0.0192484 0.000548516 0.0
0.0191975 0.000532977 0.0
0.019148 0.000518112 0.0
0.0190999 0.00050388 0.0
0.0190531 0.000490245 0.0
0.0190076 0.000477169 0.0
0.0189633 0.000464616 0.0
0.0189203 0.000452554 0.0
0.0188784 0.000440955 0.0
0.0188377 0.000429787 0.0
0.0187981 0.000419025 0.0
0.0187596 0.000408644 0.0
0.0187222 0.000398622 0.0
0.0186857 0.000388935 0.0
0.0186503 0.000379564 0.0
0.0186159 0.000370492 0.0
0.0185824 0.000361701 0.0
0.0185498 0.000353174 0.0
0.0185181 0.000344898 0.0
0.0184873 0.00033686 0.0
0.0184574 0.000329046 0.0
0.0184282 0.000321445 0.0
0.0183999 0.000314048 0.0
0.0183723 0.000306844 0.0
0.0183455 0.000299825 0.0
0.0183194 0.000292983 0.0
0.018294 0.00028631 0.0
0.0182693 0.000279799 0.0
0.0182453 0.000273445 0.0
0.0182219 0.00026724 0.0
0.0181992 0.000261181 0.0
0.0181771 0.000255262 0.0
0.0181555 0.000249479 0.0
0.0181346 0.000243827 0.0
0.0181142 0.000238302 0.0
0.0180944 0.000232901 0.0
0.0180752 0.000227621 0.0
0.0180564 0.000222456 0.0
0.0180381 0.000217406 0.0
0.0180204 0.000212466 0.0
0.0180031 0.000207633 0.0
0.0179863 0.000202904 0.0
0.01797 0.000198277 0.0
0.017954 0.000193748 0.0
0.0179386 0.000189314 0.0
0.0179235 0.000184973 0.0
0.0179088 0.00018072 0.0
0.0178946 0.000176553 0.0
0.0178807 0.000172467 0.0
0.0178672 0.00016846 0.0
0.017854 0.000164526 0.0
0.0178412 0.000160661 0.0
0.0178288 0.000156861 0.0
0.0178166 0.000153121 0.0
0.0178048 0.000149434 0.0
0.0177933 0.000145795 0.0
0.0177822 0.000142195 0.0
0.0177713 0.00013863 0.0
0.0177607 0.000135088 0.0
0.0177504 0.000131562 0.0
0.0177403 0.000128041 0.0
0.0177306 0.000124514 0.0
0.0177211 0.000120968 0.0
0.0177118 0.00011739 0.0
0.0177028 0.000113763 0.0
0.0176941 0.000110071 0.0
0.0176855 0.000106294 0.0
0.0176773 0.000102412 0.0
0.0176692 9.8397e-05 0.0
0.0176614 9.4229e-05 0.0
0.0176539 8.9871e-05 0.0
0.0176465 8.52977e-05 0.0
0.0176395 8.04618e-05 0.0
0.0176327 7.53362e-05 0.0
0.0176261 6.98578e-05 0.0
0.0176199 6.39918e-05 0.0
0.017614 5.7662e-05 0.0
0.0176085 5.08286e-05 0.0
0.0176033 4.33862e-05 0.0
0.0175986 3.52906e-05 0.0
0.0175945 2.64162e-05 0.0
0.0175909 1.67226e-05 0.0
0.0175881 6.16077e-06 0.0
0.0175863 -4.50988e-06 0.0
0.0175853 -1.001e-05 0.0
0.0 0.0 0.0
0.0 0.0 0.0
0.019311 8.45107e-05 0.0
0.0193304 0.000189711 0.0
0.0193515 0.000317813 0.0
0.0194203 0.000447603 0.0
0.0195087 0.000539341 0.0
0.0195738 0.000646212 0.0
0.0196587 0.00074755 0.0
0.0197826 0.000809814 0.0
0.0198946 0.000885165 0.0
0.0200002 0.000957891 0.0
0.020122 0.000987723 0.0
0.0202508 0.00102689 0.0
0.0203738 0.00106785 0.0
0.0204916 0.00108213 0.0
0.0206089 0.00108627 0.0
0.0207305 0.00109942 0.0
0.0208457 0.00109836 0.0
0.0209482 0.00108562 0.0
0.0210495 0.00107326 0.0
0.0211529 0.00105929 0.0
0.0212443 0.00103492 0.0
0.0213239 0.00100889 0.0
0.0214041 0.000981841 0.0
0.0214814 0.000950447 0.0
0.0215455 0.000915079 0.0
0.0216024 0.000880094 0.0
0.021659 0.000842304 0.0
0.0217093 0.000801599 0.0
0.0217492 0.00076004 0.0
0.0217852 0.000717876 0.0
0.0218192 0.00067275 0.0
0.021846 0.000626247 0.0
0.0218661 0.000579082 0.0
0.0218838 0.000530062 0.0
0.0218981 0.00047854 0.0
0.0219063 0.000425741 0.0
0.0219105 0.000371044 0.0
0.0219127 0.000313649 0.0
0.0219109 0.000253551 0.0
0.0219048 0.000190743 0.0
0.0218966 0.000124504 0.0
0.0218862 5.46139e-05 0.0
0.0218719 -1.98323e-05 0.0
0.0218554 -9.9257e-05 0.0
0.0218379 -0.00018356 0.0
0.0218178 -0.000274071 0.0
0.0217953 -0.000372888 0.0
0.0217726 -0.000478437 0.0
0.0217497 -0.000591608 0.0
0.0217253 -0.000717197 0.0
0.021701 -0.000854669 0.0
0.0216789 -0.000999625 0.0
0.02166 -0.00116111 0.0
0.0216441 -0.00134354 0.0
0.0216306 -0.0015362 0.0
0.0216266 -0.00174236 0.0
0.0216394 -0.00198321 0.0
0.0216604 -0.0022424 0.0
0.0216902 -0.00250894 0.0
0.0217579 -0.00281085 0.0
0.021861 -0.00314286 0.0
0.0219819 -0.00348031 0.0
0.0221517 -0.00383932 0.0
0.0223854 -0.00420329 0.0
0.0226617 -0.00456932 0.0
0.0230088 -0.00494499 0.0
0.0234209 -0.00525235 0.0
0.0238716 -0.00554168 0.0
0.024391 -0.00578841 0.0
0.0249491 -0.00594843 0.0
0.0254721 -0.00600925 0.0
0.0259952 -0.0060217 0.0
0.026505 -0.00589823 0.0
0.0268978 -0.00574712 0.0
0.027215 -0.00549879 0.0
0.0274772 -0.00516792 0.0
0.0276355 -0.00486895 0.0
0.0277078 -0.00454161 0.0
0.0277254 -0.00416122 0.0
0.0276996 -0.00381407 0.0
0.0276479 -0.00347216 0.0
0.0275417 -0.00310771 0.0
0.0273948 -0.00275826 0.0
0.0272323 -0.00238 0.0
0.0270394 -0.0020617 0.0
0.0268204 -0.0017633 0.0
0.0265962 -0.00146898 0.0
0.0263805 -0.00121604 0.0
0.0261727 -0.000995323 0.0
0.0259655 -0.000798746 0.0
0.025777 -0.000626318 0.0
0.0256169 -0.000471474 0.0
0.0254711 -0.000336932 0.0
0.0253356 -0.000218858 0.0
0.0252214 -0.000111924 0.0
0.0251274 -1.41568e-05 0.0
0.0250459 7.27692e-05 0.0
0.0249787 0.000153405 0.0
0.0249271 0.000232456 0.0
0.024888 0.000303779 0.0
0.02486 0.000377756 0.0
0.0248415 0.000460662 0.0
0.0248356 0.000536728 0.0
0.0248336 0.000622064 0.0
0.0248232 0.000723941 0.0
0.024806 0.000826131 0.0
0.0247779 0.000929841 0.0
0.0247332 0.00102775 0.0
0.0246699 0.00111621 0.0
0.0246014 0.00117863 0.0
0.0245378 0.00123295 0.0
0.0244813 0.00124851 0.0
0.0244425 0.00125635 0.0
0.0244209 0.00126489 0.0
0.0244061 0.00126158 0.0
0.024402 0.00125825 0.0
0.0244119 0.00126181 0.0
0.0244234 0.00127606 0.0
0.0244264 0.00128979 0.0
0.0244248 0.00130694 0.0
0.0244131 0.00133326 0.0
0.0243932 0.00133978 0.0
0.0243694 0.00134284 0.0
0.0243332 0.00133925 0.0
0.024299 0.00131626 0.0
0.0242784 0.00129203 0.0
0.02426 0.00125719 0.0
0.0242436 0.00121926 0.0
0.0242393 0.00118482 0.0
0.0242439 0.00115301 0.0
0.0242514 0.00112243 0.0
0.0242615 0.0010971 0.0
0.0242726 0.001085 0.0
0.0242813 0.00107815 0.0
0.0242869 0.00107471 0.0
0.0242843 0.0010822 0.0
0.0242726 0.00109027 0.0
0.0242508 0.00110073 0.0
0.0242203 0.0011076 0.0
0.0241839 0.00111212 0.0
0.0241447 0.0011027 0.0
0.0241064 0.0010948 0.0
0.0240669 0.00108091 0.0
0.0240331 0.00105491 0.0
0.0240081 0.00103338 0.0
0.0239864 0.00101178 0.0
0.0239688 0.000988401 0.0
0.0239594 0.0009687 0.0
0.023956 0.00095573 0.0
0.023956 0.000946291 0.0
0.0239596 0.00094411 0.0
0.0239666 0.000951565 0.0
0.0239773 0.000966268 0.0
0.0239892 0.000989248 0.0
0.0239981 0.0010275 0.0
0.0240069 0.00107521 0.0
0.0240162 0.00113266 0.0
0.0240158 0.00120472 0.0
0.0240055 0.00128714 0.0
0.0239874 0.00138175 0.0
0.0239559 0.00148095 0.0
0.0239084 0.00158166 0.0
0.0238429 0.00168755 0.0
0.0237586 0.00178942 0.0
0.0236629 0.00187844 0.0
0.0235547 0.00195954 0.0
0.023431 0.00202577 0.0
0.023301 0.00208209 0.0
0.023169 0.00212012 0.0
0.0230349 0.00213948 0.0
0.0228992 0.00215297 0.0
0.0227643 0.00215204 0.0
0.0226348 0.00213627 0.0
0.0225094 0.00211456 0.0
0.0223858 0.00208601 0.0
0.0222666 0.00204874 0.0
0.0221534 0.00200652 0.0
0.0220438 0.00196165 0.0
0.0219372 0.00191298 0.0
0.0218347 0.00186135 0.0
0.021736 0.00180866 0.0
0.0216402 0.00175536 0.0
0.0215473 0.00170107 0.0
0.0214572 0.00164661 0.0
0.0213696 0.00159274 0.0
0.0212843 0.00153956 0.0
0.0212014 0.00148696 0.0
0.0211203 0.00143542 0.0
0.0210412 0.00138524 0.0
0.0209642 0.00133641 0.0
0.0208889 0.00128887 0.0
0.0208152 0.00124288 0.0
0.0207432 0.00119854 0.0
0.0206729 0.00115576 0.0
0.0206042 0.00111452 0.0
0.020537 0.00107493 0.0
0.0204713 0.00103697 0.0
0.0204072 0.00100055 0.0
0.0203445 0.000965652 0.0
0.0202832 0.000932301 0.0
0.0202235 0.00090042 0.0
0.0201651 0.00086993 0.0
0.0201081 0.000840811 0.0
0.0200525 0.000813032 0.0
0.0199984 0.000786507 0.0
0.0199455 0.000761178 0.0
0.019894 0.000737012 0.0
0.0198437 0.000713953 0.0
0.0197948 0.000691928 0.0
0.0197471 0.000670892 0.0
0.0197007 0.000650802 0.0
0.0196556 0.000631602 0.0
0.0196116 0.000613236 0.0
0.0195688 0.000595664 0.0
0.0195271 0.000578844 0.0
0.0194866 0.000562726 0.0
0.0194472 0.00054727 0.0
0.0194089 0.000532442 0.0
0.0193717 0.000518202 0.0
0.0193354 0.000504514 0.0
0.0193002 0.000491345 0.0
0.019266 0.000478668 0.0
0.0192328 0.000466452 0.0
0.0192005 0.000454667 0.0
0.0191691 0.000443292 0.0
0.0191386 0.000432301 0.0
0.019109 0.000421673 0.0
0.0190802 0.000411386 0.0
0.0190522 0.000401423 0.0
0.0190251 0.000391766 0.0
0.0189987 0.000382397 0.0
0.0189731 0.000373302 0.0
0.0189482 0.000364467 0.0
0.0189241 0.00035588 0.0
0.0189006 0.000347527 0.0
0.0188778 0.000339399 0.0
0.0188557 0.000331484 0.0
0.0188343 0.000323775 0.0
0.0188134 0.000316261 0.0
0.0187932 0.000308936 0.0
0.0187735 0.000301791 0.0
0.0187544 0.00029482 0.0
0.0187359 0.000288017 0.0
0.018718 0.000281375 0.0
0.0187005 0.00027489 0.0
0.0186836 0.000268557 0.0
0.0186671 0.00026237 0.0
0.0186512 0.000256326 0.0
0.0186357 0.00025042 0.0
0.0186206 0.000244648 0.0
0.018606 0.000239007 0.0
0.0185919 0.000233492 0.0
0.0185781 0.000228101 0.0
0.0185648 0.00022283 0.0
0.0185518 0.000217676 0.0
0.0185392 0.000212636 0.0
0.018527 0.000207705 0.0
0.0185152 0.000202881 0.0
0.0185037 0.000198161 0.0
0.0184926 0.00019354 0.0
0.0184817 0.000189015 0.0
0.0184712 0.000184583 0.0
0.018461 0.000180238 0.0
0.0184511 0.000175977 0.0
0.0184415 0.000171796 0.0
0.0184322 0.000167688 0.0
0.0184231 0.000163649 0.0
0.0184143 0.000159672 0.0
0.0184058 0.000155752 0.0
0.0183975 0.000151881 0.0
0.0183894 0.000148051 0.0
0.0183816 0.000144253 0.0
0.018374 0.000140479 0.0
0.0183666 0.000136717 0.0
0.0183594 0.000132956 0.0
0.0183524 0.000129182 0.0
0.0183456 0.000125383 0.0
0.018339 0.00012154 0.0
0.0183325 0.000117638 0.0
0.0183263 0.000113653 0.0
0.0183202 0.000109568 0.0
0.0183143 0.000105352 0.0
0.0183085 0.000100983 0.0
0.0183029 9.64218e-05 0.0
0.0182974 9.16437e-05 0.0
0.0182921 8.6595e-05 0.0
0.018287 8.12478e-05 0.0
0.0182821 7.55329e-05 0.0
0.0182774 6.94144e-05 0.0
0.0182728 6.28007e-05 0.0
0.0182685 5.56542e-05 0.0
0.0182645 4.78502e-05 0.0
0.0182608 3.93416e-05 0.0
0.0182574 2.99692e-05 0.0
0.0182545 1.96932e-05 0.0
0.0182521 8.3935e-06 0.0
0.0182505 -3.18721e-06 0.0
0.0182496 -9.21759e-06 0.0
0.0 0.0 0.0
0.0 0.0 0.0
0.0193192 5.47993e-05 0.0
0.0193312 0.000183943 0.0
0.0193576 0.00028863 0.0
0.0194079 0.000362497 0.0
0.0194631 0.000473171 0.0
0.0195359 0.000585625 0.0
0.0196241 0.000636179 0.0
0.01971 0.000703607 0.0
0.0198055 0.000794714 0.0
0.0199165 0.000837485 0.0
0.0200215 0.000866141 0.0
0.0201287 0.000919291 0.0
0.0202441 0.000949591 0.0
0.0203556 0.000960041 0.0
0.0204643 0.000975639 0.0
0.0205768 0.000989348 0.0
0.0206833 0.000986957 0.0
0.0207846 0.000981992 0.0
0.0208877 0.000975252 0.0
0.020986 0.000963275 0.0
0.0210743 0.000945608 0.0
0.0211615 0.00092609 0.0
0.0212478 0.000902715 0.0
0.0213242 0.000877504 0.0
0.0213935 0.000849475 0.0
0.0214626 0.000818633 0.0
0.0215267 0.00078568 0.0
0.0215813 0.000752222 0.0
0.0216319 0.000715962 0.0
0.0216808 0.000677397 0.0
0.0217228 0.000637949 0.0
0.021758 0.000597402 0.0
0.0217907 0.000553986 0.0
0.0218197 0.000508849 0.0
0.0218423 0.000462561 0.0
0.0218606 0.000414062 0.0
0.0218763 0.000362576 0.0
0.0218872 0.000309031 0.0
0.0218934 0.000253043 0.0
0.0218967 0.000193583 0.0
0.0218965 0.000130346 0.0
0.0218916 6.35539e-05 0.0
0.0218839 -7.62965e-06 0.0
0.0218735 -8.39955e-05 0.0
0.0218585 -0.000166313 0.0
0.0218407 -0.000254828 0.0
0.0218214 -0.00035018 0.0
0.0217981 -0.000453904 0.0
0.0217715 -0.000568116 0.0
0.0217452 -0.000691517 0.0
0.0217165 -0.00082534 0.0
0.0216848 -0.000975074 0.0
0.0216562 -0.00114171 0.0
0.0216283 -0.00131859 0.0
0.0215987 -0.0015159 0.0
0.02158 -0.00174359 0.0
0.0215716 -0.00198832 0.0
0.0215603 -0.00224543 0.0
0.0215706 -0.00255154 0.0
0.0216247 -0.00288899 0.0
0.0216865 -0.00322682 0.0
0.0217679 -0.00361428 0.0
0.0219306 -0.00404087 0.0
0.0221611 -0.00444531 0.0
0.0224306 -0.00488584 0.0
0.0227763 -0.00533202 0.0
0.0232127 -0.00569624 0.0
0.0237197 -0.00604986 0.0
0.0242663 -0.00634833 0.0
0.0248441 -0.00652037 0.0
0.0254138 -0.00651803 0.0
0.0259431 -0.00654756 0.0
0.0264195 -0.00635481 0.0
0.026741 -0.00601334 0.0
0.0269282 -0.00572369 0.0
0.0270332 -0.00532793 0.0
0.0269794 -0.0048475 0.0
0.0268059 -0.00447873 0.0
0.0266143 -0.00407794 0.0
0.0264025 -0.00368321 0.0
0.0261923 -0.00333442 0.0
0.0259554 -0.00290924 0.0
0.0256616 -0.00252197 0.0
0.0253686 -0.0021595 0.0
0.0250826 -0.00179187 0.0
0.0247604 -0.00148254 0.0
0.0244248 -0.00120054 0.0
0.0241141 -0.000960435 0.0
0.0238494 -0.000761015 0.0
0.0236116 -0.000580888 0.0
0.0233857 -0.000431973 0.0
0.0231879 -0.000303587 0.0
0.0230272 -0.000189648 0.0
0.022889 -8.88442e-05 0.0
0.0227653 -3.19506e-06 0.0
0.0226648 7.43762e-05 0.0
0.0225885 0.000145959 0.0
0.0225273 0.000211031 0.0
0.0224797 0.000273081 0.0
0.0224498 0.00033195 0.0
0.0224347 0.000396825 0.0
0.0224344 0.000458998 0.0
0.0224473 0.000529665 0.0
0.0224524 0.000626848 0.0
0.0224617 0.000719298 0.0
0.0224778 0.000838103 0.0
0.022469 0.000965846 0.0
0.0224323 0.00107592 0.0
0.0223721 0.0011894 0.0
0.0223042 0.00125109 0.0
0.0222592 0.00127671 0.0
0.0222247 0.001296 0.0
0.0221949 0.00127778 0.0
0.0222012 0.00126121 0.0
0.0222381 0.00124945 0.0
0.0222904 0.00123028 0.0
0.0223446 0.00122854 0.0
0.0223941 0.00124687 0.0
0.0224399 0.00126951 0.0
0.0224732 0.00130043 0.0
0.0224853 0.00133259 0.0
0.0224766 0.0013579 0.0
0.0224604 0.00136342 0.0
0.022445 0.00136586 0.0
0.0224323 0.00133374 0.0
0.022432 0.00129509 0.0
0.0224432 0.00126179 0.0
0.0224624 0.00121392 0.0
0.0224928 0.00116617 0.0
0.0225318 0.00112843 0.0
0.0225781 0.00109472 0.0
0.0226244 0.00107055 0.0
0.0226674 0.00105718 0.0
0.0227128 0.00105163 0.0
0.022753 0.00106118 0.0
0.0227774 0.00107503 0.0
0.0227916 0.00109389 0.0
0.0227932 0.00112186 0.0
0.0227831 0.00113281 0.0
0.0227649 0.00114029 0.0
0.0227347 0.00114198 0.0
0.022707 0.0011254 0.0
0.0226905 0.00110685 0.0
0.0226757 0.00107752 0.0
0.0226646 0.00104685 0.0
0.022666 0.00101853 0.0
0.0226781 0.000989349 0.0
0.0226946 0.000962654 0.0
0.0227148 0.000943696 0.0
0.0227425 0.000930739 0.0
0.022776 0.000925776 0.0
0.0228121 0.000927687 0.0
0.0228507 0.000939793 0.0
0.0228903 0.000966151 0.0
0.0229318 0.00100277 0.0
0.0229764 0.00104761 0.0
0.0230153 0.00111429 0.0
0.0230435 0.00119465 0.0
0.023068 0.00128406 0.0
0.0230821 0.00139234 0.0
0.0230744 0.0015074 0.0
0.0230453 0.00162783 0.0
0.0229993 0.00175315 0.0
0.022935 0.00187292 0.0
0.0228521 0.00197154 0.0
0.022754 0.00206928 0.0
0.0226419 0.00215219 0.0
0.0225273 0.00220293 0.0
0.0224117 0.00224474 0.0
0.022289 0.00227087 0.0
0.0221698 0.0022786 0.0
0.0220592 0.00227243 0.0
0.021951 0.00225404 0.0
0.0218461 0.00222801 0.0
0.0217494 0.00219404 0.0
0.0216591 0.00215175 0.0
0.0215718 0.00210508 0.0
0.0214889 0.00205612 0.0
0.0214121 0.00200337 0.0
0.0213393 0.00194805 0.0
0.0212684 0.00189227 0.0
0.0212006 0.001836 0.0
0.0211366 0.00177885 0.0
0.0210747 0.00172209 0.0
0.0210141 0.00166615 0.0
0.0209556 0.00161078 0.0
0.0208993 0.00155626 0.0
0.0208442 0.00150318 0.0
0.0207901 0.00145139 0.0
0.0207375 0.00140088 0.0
0.0206862 0.00135195 0.0
0.0206358 0.0013047 0.0
0.0205863 0.00125895 0.0
0.020538 0.00121481 0.0
0.0204906 0.00117239 0.0
0.020444 0.0011316 0.0
0.0203983 0.00109236 0.0
0.0203536 0.00105474 0.0
0.0203098 0.00101872 0.0
0.0202667 0.000984183 0.0
0.0202246 0.000951102 0.0
0.0201834 0.000919485 0.0
0.020143 0.000889249 0.0
0.0201035 0.000860315 0.0
0.0200649 0.000832658 0.0
0.0200271 0.000806239 0.0
0.0199902 0.000780973 0.0
0.0199542 0.000756808 0.0
0.019919 0.00073371 0.0
0.0198847 0.000711621 0.0
0.0198512 0.000690476 0.0
0.0198186 0.000670234 0.0
0.0197869 0.000650854 0.0
0.0197559 0.000632282 0.0
0.0197258 0.00061447 0.0
0.0196965 0.000597383 0.0
0.019668 0.000580981 0.0
0.0196403 0.000565219 0.0
0.0196133 0.000550063 0.0
0.0195871 0.000535481 0.0
0.0195617 0.000521439 0.0
0.0195369 0.000507904 0.0
0.019513 0.00049485 0.0
0.0194897 0.00048225 0.0
0.0194671 0.000470077 0.0
0.0194451 0.000458307 0.0
0.0194239 0.00044692 0.0
0.0194032 0.000435894 0.0
0.0193832 0.000425209 0.0
0.0193638 0.000414849 0.0
0.0193451 0.000404796 0.0
0.0193269 0.000395035 0.0
0.0193092 0.000385552 0.0
0.0192921 0.000376333 0.0
0.0192756 0.000367367 0.0
0.0192596 0.000358641 0.0
0.0192441 0.000350146 0.0
0.0192291 0.000341872 0.0
0.0192145 0.000333809 0.0
0.0192005 0.00032595 0.0
0.0191869 0.000318286 0.0
0.0191737 0.000310811 0.0
0.019161 0.000303519 0.0
0.0191487 0.000296401 0.0
0.0191368 0.000289454 0.0
0.0191253 0.000282672 0.0
0.0191142 0.000276049 0.0
0.0191034 0.000269581 0.0
0.019093 0.000263264 0.0
0.019083 0.000257093 0.0
0.0190733 0.000251064 0.0
0.0190639 0.000245174 0.0
0.0190549 0.000239418 0.0
0.0190462 0.000233793 0.0
0.0190377 0.000228296 0.0
0.0190296 0.000222922 0.0
0.0190217 0.000217669 0.0
0.0190141 0.000212533 0.0
0.0190068 0.000207509 0.0
0.0189998 0.000202595 0.0
0.0189929 0.000197787 0.0
0.0189863 0.00019308 0.0
0.01898 0.00018847 0.0
0.0189738 0.000183953 0.0
0.0189679 0.000179523 0.0
0.0189622 0.000175177 0.0
0.0189567 0.000170907 0.0
0.0189513 0.000166709 0.0
0.0189462 0.000162575 0.0
0.0189412 0.000158497 0.0
0.0189364 0.00015447 0.0
0.0189317 0.000150482 0.0
0.0189272 0.000146526 0.0
0.0189228 0.00014259 0.0
0.0189186 0.000138662 0.0
0.0189145 0.000134729 0.0
0.0189105 0.000130778 0.0
0.0189066 0.000126789 0.0
0.0189028 0.000122748 0.0
0.0188992 0.000118629 0.0
0.0188956 0.000114417 0.0
0.0188921 0.000110077 0.0
0.0188886 0.000105589 0.0
0.0188853 0.00010091 0.0
0.018882 9.60169e-05 0.0
0.0188788 9.08517e-05 0.0
0.0188756 8.53841e-05 0.0
0.0188725 7.95393e-05 0.0
0.0188695 7.32847e-05 0.0
0.0188666 6.65148e-05 0.0
0.0188637 5.919e-05 0.0
0.018861 5.11723e-05 0.0
0.0188584 4.24161e-05 0.0
0.0188561 3.27264e-05 0.0
0.0188539 2.20662e-05 0.0
0.0188521 1.02528e-05 0.0
0.0188508 -2.0109e-06 0.0
0.0188499 -8.45698e-06 0.0
0.0 0.0 0.0
0.0 0.0 0.0
0.0192987 5.35643e-05 0.0
0.0193158 0.00015156 0.0
0.0193608 0.000239796 0.0
0.0193967 0.000328412 0.0
0.0194373 0.000418477 0.0
0.0195126 0.000487391 0.0
0.0195896 0.000558371 0.0
0.0196591 0.00063834 0.0
0.0197468 0.000682543 0.0
0.0198469 0.000724181 0.0
0.0199414 0.000782485 0.0
0.0200375 0.000814822 0.0
0.020139 0.000828062 0.0
0.0202443 0.000857749 0.0
0.0203477 0.00087816 0.0
0.020446 0.000878898 0.0
0.0205454 0.000880788 0.0
0.0206486 0.000886849 0.0
0.0207445 0.000879824 0.0
0.0208331 0.000867222 0.0
0.0209248 0.000856505 0.0
0.0210155 0.000842836 0.0
0.0210956 0.00082203 0.0
0.0211716 0.000800682 0.0
0.0212495 0.000778292 0.0
0.0213216 0.000752487 0.0
0.0213845 0.000723943 0.0
0.0214457 0.000694935 0.0
0.0215056 0.00066357 0.0
0.0215581 0.000630087 0.0
0.0216042 0.000595243 0.0
0.0216488 0.000558865 0.0
0.0216896 0.000520103 0.0
0.0217235 0.000479827 0.0
0.0217532 0.000437674 0.0
0.0217805 0.000393105 0.0
0.0218029 0.000346188 0.0
0.0218195 0.000296989 0.0
0.0218329 0.000244618 0.0
0.021843 0.000189143 0.0
0.0218475 0.000130306 0.0
0.0218477 6.71713e-05 0.0
0.0218449 -5.41049e-07 0.0
0.0218376 -7.27478e-05 0.0
0.0218249 -0.000151261 0.0
0.021809 -0.000236608 0.0
0.0217898 -0.000328331 0.0
0.021765 -0.000428582 0.0
0.021736 -0.00053993 0.0
0.0217048 -0.000660194 0.0
0.0216701 -0.000792035 0.0
0.0216305 -0.000941009 0.0
0.0215882 -0.001105 0.0
0.0215467 -0.00128171 0.0
0.0215065 -0.00148582 0.0
0.0214629 -0.00171593 0.0
0.0214201 -0.00196112 0.0
0.0213968 -0.00223782 0.0
0.0213904 -0.00256783 0.0
0.0213785 -0.00291348 0.0
0.0213957 -0.00329048 0.0
0.0214934 -0.00373164 0.0
0.0216223 -0.00419749 0.0
0.0217832 -0.00469653 0.0
0.0220584 -0.00520966 0.0
0.022428 -0.00569041 0.0
0.0228724 -0.00620359 0.0
0.0234333 -0.00663887 0.0
0.0240377 -0.00689547 0.0
0.0246276 -0.0070929 0.0
0.0252365 -0.00715097 0.0
0.0256876 -0.00693304 0.0
0.0259599 -0.00670004 0.0
0.0261558 -0.00622888 0.0
0.0261325 -0.00570308 0.0
0.0258646 -0.005193 0.0
0.0255052 -0.00462342 0.0
0.0251369 -0.00414945 0.0
0.0247453 -0.00376417 0.0
0.0243514 -0.00341489 0.0
0.0239634 -0.00300536 0.0
0.0236069 -0.00260091 0.0
0.0232476 -0.00215862 0.0
0.0227943 -0.00179859 0.0
0.0223132 -0.00141856 0.0
0.0218753 -0.00109333 0.0
0.0215037 -0.000858736 0.0
0.021157 -0.000649075 0.0
0.0208316 -0.000486139 0.0
0.0205667 -0.000341283 0.0
0.0203525 -0.000221783 0.0
0.0201589 -0.000121496 0.0
0.0199894 -3.87602e-05 0.0
0.0198567 3.78232e-05 0.0
0.0197506 0.00010328 0.0
0.0196628 0.000158645 0.0
0.0195945 0.000210254 0.0
0.0195458 0.000258643 0.0
0.0195165 0.000303722 0.0
0.019506 0.000348115 0.0
0.0195069 0.000398362 0.0
0.0195219 0.000439107 0.0
0.0195573 0.000509964 0.0
0.0196119 0.000597039 0.0
0.0196795 0.000684082 0.0
0.0197108 0.000829712 0.0
0.0197036 0.000973727 0.0
0.0196599 0.00114421 0.0
0.0195907 0.00124538 0.0
0.0195183 0.00131568 0.0
0.0194591 0.00130746 0.0
0.0194537 0.00130624 0.0
0.0194929 0.00126619 0.0
0.0195639 0.00120879 0.0
0.0196538 0.00117229 0.0
0.0197577 0.00115074 0.0
0.0198607 0.00115695 0.0
0.0199654 0.00116556 0.0
0.0200642 0.0012099 0.0
0.0201324 0.00126843 0.0
0.0201726 0.00131554 0.0
0.0201849 0.00136936 0.0
0.0201799 0.00138049 0.0
0.0201899 0.00135988 0.0
0.020207 0.00133476 0.0
0.0202221 0.00128052 0.0
0.0202629 0.0012244 0.0
0.0203308 0.00116743 0.0
0.0204067 0.00111312 0.0
0.0204826 0.00106481 0.0
0.0205652 0.00102804 0.0
0.0206534 0.00100774 0.0
0.020744 0.000990429 0.0
0.0208278 0.000990286 0.0
0.020897 0.00101258 0.0
0.0209533 0.00104119 0.0
0.0209917 0.00107794 0.0
0.0210064 0.00111505 0.0
0.020999 0.00114721 0.0
0.0209821 0.00115921 0.0
0.0209651 0.00116614 0.0
0.0209507 0.00114113 0.0
0.0209484 0.0011096 0.0
0.0209577 0.00108106 0.0
0.0209759 0.00103944 0.0
0.0210067 0.000995719 0.0
0.0210463 0.000960937 0.0
0.0210924 0.00093045 0.0
0.0211458 0.000904189 0.0
0.0212043 0.000885419 0.0
0.0212651 0.00087696 0.0
0.0213295 0.000875414 0.0
0.0213978 0.000886593 0.0
0.0214689 0.000909861 0.0
0.0215433 0.000942199 0.0
0.021614 0.00099272 0.0
0.0216797 0.00106444 0.0
0.0217491 0.00114704 0.0
0.0218111 0.00125178 0.0
0.0218496 0.00137336 0.0
0.0218726 0.00150854 0.0
0.021876 0.00165962 0.0
0.0218529 0.00179819 0.0
0.0218067 0.00193341 0.0
0.0217309 0.00206636 0.0
0.0216395 0.00216889 0.0
0.021546 0.00225586 0.0
0.0214423 0.00231402 0.0
0.0213341 0.00235732 0.0
0.0212314 0.00238296 0.0
0.0211376 0.00238031 0.0
0.0210512 0.0023683 0.0
0.0209695 0.00234861 0.0
0.0208955 0.00231356 0.0
0.0208315 0.00227003 0.0
0.0207738 0.00222464 0.0
0.0207212 0.00217406 0.0
0.0206745 0.00211807 0.0
0.0206323 0.00206086 0.0
0.0205934 0.00200358 0.0
0.0205583 0.00194451 0.0
0.0205261 0.00188467 0.0
0.0204952 0.00182566 0.0
0.0204661 0.00176747 0.0
0.0204392 0.00170954 0.0
0.0204133 0.00165261 0.0
0.0203876 0.00159717 0.0
0.0203629 0.00154308 0.0
0.0203392 0.00149022 0.0
0.0203156 0.00143896 0.0
0.0202921 0.0013894 0.0
0.0202693 0.00134144 0.0
0.0202467 0.00129504 0.0
0.020224 0.00125037 0.0
0.0202016 0.0012074 0.0
0.0201795 0.00116603 0.0
0.0201575 0.00112626 0.0
0.0201355 0.00108812 0.0
0.0201138 0.00105154 0.0
0.0200924 0.00101646 0.0
0.0200711 0.000982834 0.0
0.02005 0.000950653 0.0
0.0200292 0.000919834 0.0
0.0200087 0.000890323 0.0
0.0199885 0.000862079 0.0
0.0199685 0.000835055 0.0
0.0199489 0.000809181 0.0
0.0199297 0.000784408 0.0
0.0199107 0.000760691 0.0
0.0198922 0.000737977 0.0
0.019874 0.000716209 0.0
0.0198563 0.000695343 0.0
0.0198389 0.000675336 0.0
0.0198219 0.000656139 0.0
0.0198054 0.000637707 0.0
0.0197893 0.000620002 0.0
0.0197736 0.000602985 0.0
0.0197583 0.000586615 0.0
0.0197434 0.000570858 0.0
0.019729 0.000555682 0.0
0.019715 0.000541053 0.0
0.0197014 0.000526941 0.0
0.0196883 0.000513318 0.0
0.0196755 0.000500159 0.0
0.0196632 0.000487437 0.0
0.0196513 0.000475128 0.0
0.0196398 0.000463213 0.0
0.0196286 0.000451669 0.0
0.0196179 0.000440479 0.0
0.0196075 0.000429623 0.0
0.0195975 0.000419087 0.0
0.0195879 0.000408854 0.0
0.0195786 0.000398909 0.0
0.0195697 0.000389241 0.0
0.0195612 0.000379836 0.0
0.0195529 0.000370684 0.0
0.019545 0.000361772 0.0
0.0195374 0.000353093 0.0
0.0195302 0.000344636 0.0
0.0195232 0.000336393 0.0
0.0195165 0.000328356 0.0
0.0195101 0.000320519 0.0
0.019504 0.000312873 0.0
0.0194982 0.000305414 0.0
0.0194926 0.000298134 0.0
0.0194873 0.000291029 0.0
0.0194822 0.000284093 0.0
0.0194774 0.000277322 0.0
0.0194728 0.00027071 0.0
0.0194684 0.000264253 0.0
0.0194642 0.000257948 0.0
0.0194603 0.000251789 0.0
0.0194565 0.000245774 0.0
0.019453 0.000239899 0.0
0.0194496 0.000234159 0.0
0.0194465 0.000228551 0.0
0.0194435 0.000223071 0.0
0.0194406 0.000217716 0.0
0.019438 0.000212482 0.0
0.0194355 0.000207366 0.0
0.0194331 0.000202362 0.0
0.0194309 0.000197467 0.0
0.0194288 0.000192677 0.0
0.0194269 0.000187987 0.0
0.0194251 0.000183393 0.0
0.0194233 0.000178888 0.0
0.0194218 0.000174468 0.0
0.0194203 0.000170127 0.0
0.0194189 0.000165857 0.0
0.0194175 0.000161652 0.0
0.0194163 0.000157504 0.0
0.0194152 0.000153403 0.0
0.0194141 0.000149342 0.0
0.0194131 0.000145307 0.0
0.0194121 0.00014129 0.0
0.0194112 0.000137274 0.0
0.0194103 0.000133248 0.0
0.0194094 0.000129192 0.0
0.0194086 0.000125092 0.0
0.0194078 0.000120922 0.0
0.0194069 0.000116666 0.0
0.0194061 0.000112289 0.0
0.0194053 0.000107773 0.0
0.0194044 0.000103071 0.0
0.0194035 9.81596e-05 0.0
0.0194026 9.29805e-05 0.0
0.0194016 8.75043e-05 0.0
0.0194006 8.16491e-05 0.0
0.0193995 7.53829e-05 0.0
0.0193984 6.85944e-05 0.0
0.0193972 6.1244e-05 0.0
0.0193959 5.31769e-05 0.0
0.0193947 4.43519e-05 0.0
0.0193934 3.45496e-05 0.0
0.0193921 2.37331e-05 0.0
0.0193909 1.16601e-05 0.0
0.0193899 -1.01666e-06 0.0
0.0193892 -7.73355e-06 0.0
0.0 0.0 0.0
0.0 0.0 0.0
0.0193111 5.57025e-05 0.0
0.0193299 0.000120885 0.0
0.0193484 0.00020261 0.0
0.0193812 0.000297841 0.0
0.0194336 0.000359855 0.0
0.0194874 0.000416099 0.0
0.0195448 0.000497776 0.0
0.0196235 0.000555965 0.0
0.0197039 0.000589189 0.0
0.0197798 0.00064446 0.0
0.0198685 0.00068906 0.0
0.0199643 0.00070933 0.0
0.0200541 0.000736101 0.0
0.0201467 0.000763791 0.0
0.0202434 0.000772906 0.0
0.0203383 0.000780617 0.0
0.0204322 0.000789451 0.0
0.0205256 0.000790017 0.0
0.0206158 0.000784362 0.0
0.0207056 0.000779653 0.0
0.0207943 0.000770256 0.0
0.0208774 0.000756898 0.0
0.0209572 0.000741991 0.0
0.0210374 0.000725005 0.0
0.0211131 0.000704468 0.0
0.0211822 0.000683185 0.0
0.0212496 0.000659837 0.0
0.0213155 0.000633819 0.0
0.021375 0.00060643 0.0
0.0214292 0.000578277 0.0
0.0214821 0.000547316 0.0
0.0215311 0.000514465 0.0
0.0215736 0.000480708 0.0
0.0216124 0.000445056 0.0
0.0216488 0.000406507 0.0
0.0216799 0.000366289 0.0
0.0217053 0.000324229 0.0
0.021728 0.000279147 0.0
0.0217465 0.000230883 0.0
0.0217589 0.000180004 0.0
0.0217673 0.000125636 0.0
0.0217724 6.69684e-05 0.0
0.0217711 3.77551e-06 0.0
0.0217644 -6.41611e-05 0.0
0.0217549 -0.000137743 0.0
0.0217396 -0.000217901 0.0
0.0217166 -0.000305889 0.0
0.0216906 -0.000401688 0.0
0.0216607 -0.000506305 0.0
0.0216214 -0.000622906 0.0
0.0215768 -0.000753331 0.0
0.0215316 -0.000894611 0.0
0.0214783 -0.00105235 0.0
0.0214167 -0.00123483 0.0
0.0213572 -0.0014373 0.0
0.021295 -0.00165394 0.0
0.0212273 -0.00191237 0.0
0.0211698 -0.00221492 0.0
0.0211175 -0.00253208 0.0
0.021066 -0.00288452 0.0
0.0210606 -0.00334137 0.0
0.0211037 -0.00381678 0.0
0.0211506 -0.00430148 0.0
0.0212805 -0.00490874 0.0
0.0215559 -0.00552356 0.0
0.0219471 -0.00612028 0.0
0.0224217 -0.00672178 0.0
0.0229723 -0.00721886 0.0
0.0235986 -0.00753505 0.0
0.0241769 -0.00764491 0.0
0.0246834 -0.00768758 0.0
0.0250137 -0.0071873 0.0
0.0251048 -0.00680398 0.0
0.0250021 -0.00620011 0.0
0.024644 -0.00538376 0.0
0.024027 -0.00462536 0.0
0.0232916 -0.00411537 0.0
0.022541 -0.003606 0.0
0.0218073 -0.00323027 0.0
0.0212707 -0.00300558 0.0
0.0208122 -0.00255177 0.0
0.020309 -0.00220917 0.0
0.0198283 -0.00170828 0.0
0.0192773 -0.0012285 0.0
0.0187125 -0.000922647 0.0
0.0182041 -0.00065248 0.0
0.0177809 -0.00048422 0.0
0.0174498 -0.000319121 0.0
0.0171638 -0.000198741 0.0
0.0169084 -0.000104818 0.0
0.0167007 -2.67252e-05 0.0
0.0165394 4.66796e-05 0.0
0.0164023 0.000101551 0.0
0.0162883 0.000147098 0.0
0.0162028 0.000189016 0.0
0.0161393 0.000226543 0.0
0.0160908 0.000258851 0.0
0.0160622 0.000287394 0.0
0.0160517 0.000315749 0.0
0.0160534 0.000344242 0.0
0.0160706 0.000377799 0.0
0.0161085 0.000405538 0.0
0.0161606 0.000457434 0.0
0.0162403 0.00049976 0.0
0.0163272 0.000628523 0.0
0.0163701 0.000812111 0.0
0.0164117 0.000968204 0.0
0.0163958 0.00122685 0.0
0.0163303 0.00130776 0.0
0.0162924 0.00137176 0.0
0.0162648 0.00134458 0.0
0.0163102 0.00124437 0.0
0.0164331 0.00116949 0.0
0.0165779 0.00109759 0.0
0.0167292 0.00104068 0.0
0.0168941 0.00101543 0.0
0.0170699 0.00101829 0.0
0.0172481 0.00103177 0.0
0.0173835 0.00111098 0.0
0.0174717 0.00119221 0.0
0.0175149 0.0013022 0.0
0.0175258 0.00135436 0.0
0.017526 0.00138038 0.0
0.0175303 0.00133539 0.0
0.0175761 0.00129789 0.0
0.0176558 0.00122974 0.0
0.0177582 0.00114083 0.0
0.0178672 0.0010729 0.0
0.0179817 0.0010159 0.0
0.0181076 0.000962778 0.0
0.018236 0.000922953 0.0
0.0183612 0.000895909 0.0
0.0184858 0.000884477 0.0
0.0185955 0.000903711 0.0
0.0186966 0.00092706 0.0
0.01879 0.000980067 0.0
0.0188509 0.00104811 0.0
0.0188784 0.0011037 0.0
0.0188788 0.00116268 0.0
0.0188659 0.00118043 0.0
0.0188661 0.00116692 0.0
0.0188721 0.00114684 0.0
0.0188796 0.00109932 0.0
0.0189136 0.00104893 0.0
0.0189721 0.000996754 0.0
0.0190386 0.000944979 0.0
0.0191078 0.000901939 0.0
0.0191852 0.000864085 0.0
0.0192705 0.000833625 0.0
0.0193577 0.000811426 0.0
0.0194462 0.000799157 0.0
0.0195395 0.000795706 0.0
0.019636 0.00080462 0.0
0.0197341 0.000820851 0.0
0.0198353 0.000854626 0.0
0.0199372 0.000911281 0.0
0.0200453 0.000975064 0.0
0.0201533 0.00106177 0.0
0.0202426 0.00118627 0.0
0.0203138 0.00132478 0.0
0.0203704 0.00148185 0.0
0.0203962 0.00165631 0.0
0.0203802 0.00182938 0.0
0.0203373 0.00198808 0.0
0.0202769 0.00214781 0.0
0.0202009 0.00225633 0.0
0.0201183 0.00234255 0.0
0.0200265 0.00241991 0.0
0.0199387 0.00245275 0.0
0.0198688 0.00246271 0.0
0.0198041 0.00245842 0.0
0.0197444 0.00243803 0.0
0.0197024 0.00240522 0.0
0.0196741 0.00236201 0.0
0.0196498 0.00231237 0.0
0.0196317 0.00225911 0.0
0.0196237 0.00220168 0.0
0.0196219 0.0021417 0.0
0.0196221 0.00208106 0.0
0.0196251 0.00201983 0.0
0.019632 0.0019578 0.0
0.0196411 0.00189656 0.0
0.0196505 0.00183625 0.0
0.0196606 0.00177644 0.0
0.0196717 0.00171761 0.0
0.019683 0.00166056 0.0
0.0196938 0.0016048 0.0
0.0197043 0.00155027 0.0
0.0197146 0.00149746 0.0
0.0197242 0.00144652 0.0
0.0197331 0.00139702 0.0
0.0197414 0.00134913 0.0
0.019749 0.0013031 0.0
0.0197558 0.00125877 0.0
0.0197619 0.00121596 0.0
0.0197673 0.00117482 0.0
0.019772 0.00113538 0.0
0.019776 0.00109747 0.0
0.0197794 0.00106103 0.0
0.0197822 0.00102613 0.0
0.0197845 0.000992697 0.0
0.0197862 0.000960606 0.0
0.0197875 0.000929847 0.0
0.0197884 0.000900412 0.0
0.0197889 0.000872201 0.0
0.0197891 0.000845149 0.0
0.019789 0.000819238 0.0
0.0197886 0.00079442 0.0
0.019788 0.000770614 0.0
0.0197872 0.00074778 0.0
0.0197863 0.000725888 0.0
0.0197852 0.000704881 0.0
0.0197841 0.000684702 0.0
0.0197828 0.00066532 0.0
0.0197816 0.000646698 0.0
0.0197803 0.000628787 0.0
0.019779 0.000611547 0.0
0.0197777 0.000594952 0.0
0.0197764 0.000578963 0.0
0.0197752 0.000563545 0.0
0.019774 0.000548669 0.0
0.0197729 0.000534309 0.0
0.0197718 0.000520435 0.0
0.0197709 0.00050702 0.0
0.01977 0.000494043 0.0
0.0197693 0.000481481 0.0
0.0197686 0.000469311 0.0
0.0197681 0.000457514 0.0
0.0197676 0.000446073 0.0
0.0197673 0.00043497 0.0
0.0197671 0.000424187 0.0
0.019767 0.000413712 0.0
0.019767 0.000403529 0.0
0.0197671 0.000393626 0.0
0.0197674 0.000383991 0.0
0.0197678 0.000374612 0.0
0.0197682 0.00036548 0.0
0.0197688 0.000356584 0.0
0.0197696 0.000347916 0.0
0.0197704 0.000339467 0.0
0.0197713 0.000331229 0.0
0.0197724 0.000323196 0.0
0.0197735 0.00031536 0.0
0.0197747 0.000307715 0.0
0.0197761 0.000300256 0.0
0.0197775 0.000292976 0.0
0.019779 0.000285871 0.0
0.0197807 0.000278936 0.0
0.0197824 0.000272166 0.0
0.0197842 0.000265556 0.0
0.019786 0.000259103 0.0
0.019788 0.000252803 0.0
0.01979 0.000246651 0.0
0.0197921 0.000240644 0.0
0.0197942 0.000234778 0.0
0.0197964 0.000229049 0.0
0.0197987 0.000223454 0.0
0.019801 0.000217989 0.0
0.0198034 0.00021265 0.0
0.0198058 0.000207434 0.0
0.0198083 0.000202336 0.0
0.0198107 0.000197353 0.0
0.0198133 0.00019248 0.0
0.0198158 0.000187713 0.0
0.0198184 0.000183047 0.0
0.019821 0.000178476 0.0
0.0198236 0.000173996 0.0
0.0198263 0.000169601 0.0
0.0198289 0.000165283 0.0
0.0198315 0.000161037 0.0
0.0198341 0.000156854 0.0
0.0198367 0.000152725 0.0
0.0198393 0.000148642 0.0
0.0198419 0.000144594 0.0
0.0198444 0.000140571 0.0
0.0198469 0.000136557 0.0
0.0198493 0.000132541 0.0
0.0198517 0.000128503 0.0
0.019854 0.000124431 0.0
0.0198562 0.000120298 0.0
0.0198584 0.000116088 0.0
0.0198604 0.000111768 0.0
0.0198624 0.000107318 0.0
0.0198642 0.000102693 0.0
0.0198658 9.78695e-05 0.0
0.0198674 9.27864e-05 0.0
0.0198687 8.74177e-05 0.0
0.0198699 8.16785e-05 0.0
0.0198709 7.55359e-05 0.0
0.0198717 6.88743e-05 0.0
0.0198723 6.16584e-05 0.0
0.0198727 5.37201e-05 0.0
0.0198729 4.50211e-05 0.0
0.0198728 3.53257e-05 0.0
0.0198725 2.45996e-05 0.0
0.019872 1.25507e-05 0.0
0.0198714 -2.30858e-07 0.0
0.0198707 -7.05209e-06 0.0
0.0 0.0 0.0
0.0 0.0 0.0
0.0193161 3.99617e-05 0.0
0.0193242 0.000111787 0.0
0.0193394 0.000182881 0.0
0.019378 0.000244175 0.0
0.0194243 0.000307166 0.0
0.0194664 0.000377638 0.0
0.0195225 0.000428089 0.0
0.0195938 0.000468291 0.0
0.0196624 0.000525688 0.0
0.019735 0.000570253 0.0
0.0198164 0.00058917 0.0
0.0199003 0.000622707 0.0
0.0199852 0.000656869 0.0
0.0200716 0.000667505 0.0
0.0201587 0.000676421 0.0
0.0202489 0.000694784 0.0
0.0203376 0.000700389 0.0
0.0204225 0.000696533 0.0
0.0205095 0.000696593 0.0
0.0205974 0.000695846 0.0
0.020679 0.000685825 0.0
0.020758 0.000674308 0.0
0.0208393 0.000663776 0.0
0.0209169 0.000649931 0.0
0.0209876 0.000631793 0.0
0.0210579 0.000613522 0.0
0.0211279 0.000594063 0.0
0.0211914 0.00057204 0.0
0.0212501 0.000548021 0.0
0.0213083 0.000523161 0.0
0.0213631 0.000496488 0.0
0.0214115 0.000468059 0.0
0.0214566 0.000437872 0.0
0.0214997 0.000405966 0.0
0.0215377 0.000372175 0.0
0.0215702 0.000336461 0.0
0.0215996 0.00029815 0.0
0.0216253 0.00025746 0.0
0.0216451 0.000214409 0.0
0.0216601 0.00016805 0.0
0.0216714 0.000117858 0.0
0.0216772 6.45266e-05 0.0
0.0216769 6.98157e-06 0.0
0.0216718 -5.63085e-05 0.0
0.0216616 -0.000124756 0.0
0.0216443 -0.00019844 0.0
0.0216207 -0.000280452 0.0
0.0215916 -0.000371043 0.0
0.0215552 -0.00046928 0.0
0.0215106 -0.000578643 0.0
0.0214593 -0.00070252 0.0
0.0214013 -0.00083826 0.0
0.0213348 -0.000990282 0.0
0.021259 -0.00116491 0.0
0.0211762 -0.00136055 0.0
0.0210905 -0.00157871 0.0
0.0209992 -0.0018377 0.0
0.0208942 -0.00212974 0.0
0.0207943 -0.00245613 0.0
0.0207269 -0.00284679 0.0
0.0206571 -0.00331304 0.0
0.0205681 -0.00380087 0.0
0.0205888 -0.00440522 0.0
0.0207604 -0.00508431 0.0
0.0209316 -0.00578408 0.0
0.0212112 -0.00659966 0.0
0.0217047 -0.00722748 0.0
0.0223243 -0.00780171 0.0
0.0229838 -0.00819286 0.0
0.0235289 -0.00818433 0.0
0.0237555 -0.00784044 0.0
0.0237056 -0.0073517 0.0
0.0234605 -0.00660294 0.0
0.0227804 -0.0056349 0.0
0.0218876 -0.00474709 0.0
0.0209317 -0.00373283 0.0
0.0197666 -0.0030901 0.0
0.0185886 -0.00270292 0.0
0.0176949 -0.00255318 0.0
0.0172425 -0.0025233 0.0
0.0169514 -0.00213701 0.0
0.0163469 -0.00156613 0.0
0.0154927 -0.00107854 0.0
0.0147136 -0.000590197 0.0
0.014173 -0.00040724 0.0
0.0137793 -0.000229512 0.0
0.0133995 -0.000116303 0.0
0.0130829 -3.34022e-05 0.0
0.0128611 3.93191e-05 0.0
0.0126813 9.94331e-05 0.0
0.0125166 0.000139273 0.0
0.0123895 0.000173834 0.0
0.0122979 0.000207364 0.0
0.0122233 0.000231455 0.0
0.0121633 0.000250508 0.0
0.0121238 0.000269727 0.0
0.0121022 0.000286303 0.0
0.0120939 0.000299132 0.0
0.0120941 0.000314466 0.0
0.012108 0.000328318 0.0
0.0121449 0.000341868 0.0
0.0121957 0.000362386 0.0
0.012245 0.000390629 0.0
0.0123297 0.0003957 0.0
0.0124787 0.000529925 0.0
0.0126677 0.000698115 0.0
0.0127816 0.000968332 0.0
0.0126951 0.00127985 0.0
0.0125158 0.00141218 0.0
0.0124829 0.00134603 0.0
0.0126358 0.00126548 0.0
0.0128588 0.00108911 0.0
0.0130711 0.000992524 0.0
0.0132667 0.000919262 0.0
0.0134826 0.00085435 0.0
0.0137076 0.000819502 0.0
0.01393 0.000799992 0.0
0.0141333 0.000865479 0.0
0.0142875 0.000989136 0.0
0.0144278 0.00109565 0.0
0.0144976 0.00129882 0.0
0.0145109 0.00134059 0.0
0.0145452 0.00136704 0.0
0.014581 0.00131485 0.0
0.0146689 0.00119701 0.0
0.0148164 0.00110241 0.0
0.0149787 0.00100957 0.0
0.0151371 0.000937713 0.0
0.0152973 0.000870983 0.0
0.015461 0.000818725 0.0
0.015618 0.000782922 0.0
0.0157706 0.000751386 0.0
0.0159255 0.000752156 0.0
0.016082 0.000776261 0.0
0.0162349 0.000808605 0.0
0.0163432 0.000897757 0.0
0.0164066 0.000990572 0.0
0.0164285 0.00110675 0.0
0.0164198 0.0011633 0.0
0.0164015 0.00119299 0.0
0.0163907 0.00115627 0.0
0.0164226 0.0011225 0.0
0.0164873 0.0010594 0.0
0.016573 0.000977636 0.0
0.0166662 0.000915251 0.0
0.0167663 0.000860533 0.0
0.0168778 0.000810161 0.0
0.0169927 0.000765998 0.0
0.0171024 0.000734985 0.0
0.0172128 0.000711079 0.0
0.0173294 0.000695536 0.0
0.0174468 0.000689605 0.0
0.017562 0.000695663 0.0
0.0176805 0.000709379 0.0
0.0178057 0.000742402 0.0
0.0179387 0.000787207 0.0
0.0180755 0.000850077 0.0
0.0181977 0.000955462 0.0
0.0183207 0.00107953 0.0
0.0184489 0.00123937 0.0
0.0185394 0.00143357 0.0
0.0185825 0.00163464 0.0
0.0185896 0.001856 0.0
0.0185615 0.00204695 0.0
0.0185172 0.00219617 0.0
0.0184499 0.00233841 0.0
0.0183633 0.00243039 0.0
0.0182947 0.0024937 0.0
0.0182458 0.00251403 0.0
0.0182085 0.00251061 0.0
0.0181848 0.00250108 0.0
0.0181774 0.00246521 0.0
0.0181859 0.00241368 0.0
0.0182055 0.00236314 0.0
0.0182357 0.00230808 0.0
0.0182758 0.00224476 0.0
0.0183205 0.0021804 0.0
0.0183675 0.00211827 0.0
0.0184197 0.00205442 0.0
0.0184755 0.00198964 0.0
0.0185305 0.00192654 0.0
0.018585 0.00186502 0.0
0.0186412 0.00180379 0.0
0.018697 0.0017439 0.0
0.0187506 0.0016859 0.0
0.018803 0.00162941 0.0
0.0188549 0.00157423 0.0
0.0189049 0.0015209 0.0
0.0189525 0.00146935 0.0
0.0189988 0.00141941 0.0
0.0190436 0.00137112 0.0
0.0190862 0.00132465 0.0
0.0191267 0.00127985 0.0
0.0191658 0.00123667 0.0
0.0192032 0.00119514 0.0
0.0192385 0.00115525 0.0
0.0192723 0.0011169 0.0
0.0193046 0.00108007 0.0
0.0193353 0.00104473 0.0
0.0193645 0.00101082 0.0
0.0193923 0.000978281 0.0
0.0194189 0.00094708 0.0
0.0194441 0.000917165 0.0
0.0194682 0.000888477 0.0
0.0194912 0.000860963 0.0
0.0195132 0.000834583 0.0
0.0195341 0.000809281 0.0
0.0195542 0.000785005 0.0
0.0195734 0.00076171 0.0
0.0195918 0.00073935 0.0
0.0196095 0.000717878 0.0
0.0196265 0.000697249 0.0
0.0196428 0.000677422 0.0
0.0196585 0.000658357 0.0
0.0196737 0.000640012 0.0
0.0196884 0.000622352 0.0
0.0197026 0.000605342 0.0
0.0197163 0.000588946 0.0
0.0197297 0.000573132 0.0
0.0197426 0.000557871 0.0
0.0197553 0.000543133 0.0
0.0197675 0.000528892 0.0
0.0197795 0.000515121 0.0
0.0197912 0.000501796 0.0
0.0198027 0.000488895 0.0
0.0198139 0.000476397 0.0
0.0198248 0.000464281 0.0
0.0198356 0.000452529 0.0
0.0198462 0.000441124 0.0
0.0198566 0.000430049 0.0
0.0198668 0.000419289 0.0
0.0198768 0.00040883 0.0
0.0198868 0.000398659 0.0
0.0198965 0.000388763 0.0
0.0199062 0.000379132 0.0
0.0199157 0.000369753 0.0
0.0199251 0.000360619 0.0
0.0199344 0.000351719 0.0
0.0199436 0.000343044 0.0
0.0199527 0.000334588 0.0
0.0199616 0.000326342 0.0
0.0199705 0.0003183 0.0
0.0199794 0.000310454 0.0
0.0199881 0.0003028 0.0
0.0199967 0.000295331 0.0
0.0200053 0.000288043 0.0
0.0200138 0.00028093 0.0
0.0200222 0.000273987 0.0
0.0200305 0.00026721 0.0
0.0200388 0.000260596 0.0
0.020047 0.000254139 0.0
0.0200551 0.000247835 0.0
0.0200632 0.000241683 0.0
0.0200712 0.000235676 0.0
0.0200791 0.000229813 0.0
0.0200869 0.000224088 0.0
0.0200947 0.0002185 0.0
0.0201024 0.000213044 0.0
0.02011 0.000207717 0.0
0.0201176 0.000202515 0.0
0.0201251 0.000197434 0.0
0.0201325 0.000192471 0.0
0.0201398 0.000187621 0.0
0.0201471 0.00018288 0.0
0.0201542 0.000178244 0.0
0.0201613 0.000173707 0.0
0.0201683 0.000169265 0.0
0.0201752 0.000164912 0.0
0.020182 0.000160641 0.0
0.0201887 0.000156447 0.0
0.0201954 0.000152321 0.0
0.0202019 0.000148255 0.0
0.0202082 0.000144242 0.0
0.0202145 0.00014027 0.0
0.0202207 0.00013633 0.0
0.0202267 0.000132407 0.0
0.0202326 0.000128491 0.0
0.0202383 0.000124562 0.0
0.0202438 0.000120609 0.0
0.0202492 0.000116605 0.0
0.0202544 0.000112536 0.0
0.0202594 0.000108369 0.0
0.0202643 0.000104085 0.0
0.0202688 9.96397e-05 0.0
0.0202732 9.5012e-05 0.0
0.0202772 9.01402e-05 0.0
0.020281 8.49986e-05 0.0
0.0202845 7.95038e-05 0.0
0.0202877 7.36252e-05 0.0
0.0202906 6.72431e-05 0.0
0.020293 6.03252e-05 0.0
0.0202951 5.27004e-05 0.0
0.0202967 4.43331e-05 0.0
0.0202979 3.49747e-05 0.0
0.0202987 2.45971e-05 0.0
0.0202989 1.28756e-05 0.0
0.0202987 3.25967e-07 0.0
0.0202982 -6.41598e-06 0.0
0.0 0.0 0.0
0.0 0.0 0.0
0.0193144 3.07188e-05 0.0
0.0193234 0.000100171 0.0
0.0193458 0.000158405 0.0
0.0193733 0.000206291 0.0
0.0194038 0.000268815 0.0
0.0194528 0.000326369 0.0
0.01951 0.000363756 0.0
0.0195621 0.000410737 0.0
0.019624 0.000458638 0.0
0.0197002 0.000485803 0.0
0.0197722 0.000514995 0.0
0.0198442 0.000549538 0.0
0.0199255 0.000566051 0.0
0.0200089 0.000580001 0.0
0.0200892 0.000599058 0.0
0.0201713 0.000608052 0.0
0.020255 0.000609217 0.0
0.0203385 0.000614901 0.0
0.0204207 0.000616101 0.0
0.0205007 0.000610098 0.0
0.02058 0.000604311 0.0
0.0206596 0.000598543 0.0
0.0207357 0.000587161 0.0
0.0208079 0.000574313 0.0
0.0208799 0.000561512 0.0
0.0209506 0.000546011 0.0
0.0210159 0.000527878 0.0
0.0210778 0.000509749 0.0
0.0211393 0.000489813 0.0
0.0211973 0.000467558 0.0
0.0212495 0.00044439 0.0
0.0212992 0.000420224 0.0
0.0213472 0.000393575 0.0
0.0213898 0.000365394 0.0
0.0214273 0.00033603 0.0
0.0214625 0.000304436 0.0
0.0214939 0.000270299 0.0
0.0215189 0.00023436 0.0
0.0215396 0.000195938 0.0
0.0215573 0.000154297 0.0
0.0215686 0.000109514 0.0
0.0215732 6.14032e-05 0.0
0.0215743 9.09195e-06 0.0
0.0215696 -4.77801e-05 0.0
0.0215559 -0.000109901 0.0
0.0215366 -0.000177981 0.0
0.021513 -0.000252482 0.0
0.0214785 -0.000334758 0.0
0.0214337 -0.000426901 0.0
0.0213857 -0.000528338 0.0
0.021328 -0.000640727 0.0
0.021253 -0.000769438 0.0
0.0211719 -0.000915292 0.0
0.021087 -0.00107462 0.0
0.0209814 -0.00126013 0.0
0.0208591 -0.00148086 0.0
0.0207394 -0.00172467 0.0
0.0206087 -0.00199642 0.0
0.020457 -0.00234739 0.0
0.020307 -0.00275485 0.0
0.0201646 -0.00318275 0.0
0.0200404 -0.00372046 0.0
0.0199802 -0.00446977 0.0
0.0199554 -0.00517085 0.0
0.0200119 -0.00598585 0.0
0.0203338 -0.00697483 0.0
0.0208659 -0.00779893 0.0
0.0215452 -0.00855355 0.0
0.0219709 -0.00855161 0.0
0.0220747 -0.00851376 0.0
0.0217996 -0.00753856 0.0
0.0211483 -0.0070198 0.0
0.0205298 -0.00595682 0.0
0.0195785 -0.00457742 0.0
0.0181559 -0.00348351 0.0
0.0165219 -0.00246894 0.0
0.0149678 -0.00170186 0.0
0.0137904 -0.00161729 0.0
0.0129662 -0.00192429 0.0
0.0121901 -0.00204316 0.0
0.0114418 -0.00170063 0.0
0.0106791 -0.000683844 0.0
0.00997064 -0.000262006 0.0
0.00941905 -1.0218e-05 0.0
0.00895579 4.03504e-05 0.0
0.00863036 8.99229e-05 0.0
0.00841811 0.000171595 0.0
0.00823463 0.000187744 0.0
0.0080726 0.000207097 0.0
0.00795689 0.000233857 0.0
0.00787102 0.000256856 0.0
0.00779714 0.000259528 0.0
0.0077406 0.000269944 0.0
0.00770311 0.000280703 0.0
0.00767604 0.00028744 0.0
0.0076588 0.000289036 0.0
0.00765268 0.000292432 0.0
0.00765447 0.000297681 0.0
0.00766574 0.000301307 0.0
0.00768907 0.000301079 0.0
0.00771639 0.000299708 0.0
0.0077506 0.000313772 0.0
0.00781077 0.000313953 0.0
0.00789101 0.000301942 0.0
0.00798172 0.000353863 0.0
0.00813573 0.000475682 0.0
0.00827408 0.000974174 0.0
0.00836213 0.00132951 0.0
0.00845657 0.00150679 0.0
0.00864968 0.00118019 0.0
0.00895634 0.000979731 0.0
0.00924202 0.000841267 0.0
0.0095066 0.000757458 0.0
0.00977507 0.000681458 0.0
0.0100184 0.000627636 0.0
0.0102215 0.000598823 0.0
0.0104416 0.000565902 0.0
0.0107048 0.000655596 0.0
0.0109805 0.000781189 0.0
0.0111707 0.00100679 0.0
0.0111726 0.00126967 0.0
0.0110816 0.0013662 0.0
0.0111103 0.0012838 0.0
0.0112951 0.00119383 0.0
0.0115349 0.00101872 0.0
0.0117557 0.000914584 0.0
0.0119505 0.000829646 0.0
0.0121549 0.000756593 0.0
0.01236 0.00069161 0.0
0.0125417 0.000648807 0.0
0.0127087 0.000618322 0.0
0.0128801 0.000590374 0.0
0.013048 0.000591427 0.0
0.0132197 0.000593253 0.0
0.0133819 0.000675797 0.0
0.0134948 0.0008103 0.0
0.0135931 0.000924756 0.0
0.013631 0.00112493 0.0
0.0136202 0.00117225 0.0
0.0136303 0.00119918 0.0
0.0136471 0.00114968 0.0
0.0137166 0.00103971 0.0
0.0138408 0.000951854 0.0
0.0139795 0.000865025 0.0
0.0141172 0.000798068 0.0
0.0142555 0.000734695 0.0
0.0143936 0.000683282 0.0
0.0145286 0.000642421 0.0
0.0146615 0.000613033 0.0
0.0147934 0.000587982 0.0
0.0149218 0.000572884 0.0
0.0150475 0.000566364 0.0
0.0151786 0.00056964 0.0
0.0153165 0.000581537 0.0
0.0154538 0.000608363 0.0
0.0155966 0.000637861 0.0
0.0157548 0.000708825 0.0
0.0159279 0.000810068 0.0
0.0161146 0.000923759 0.0
0.0162661 0.00111838 0.0
0.0163647 0.00134913 0.0
0.0164204 0.00161348 0.0
0.0164422 0.00185184 0.0
0.016425 0.00208438 0.0
0.0163737 0.00224514 0.0
0.0163258 0.00240606 0.0
0.0162901 0.00249667 0.0
0.0162797 0.00251871 0.0
0.0162775 0.00253868 0.0
0.0162793 0.00252254 0.0
0.0163179 0.00248024 0.0
0.0163886 0.00242811 0.0
0.0164666 0.00236995 0.0
0.0165504 0.0023061 0.0
0.0166482 0.00223827 0.0
0.0167546 0.00217116 0.0
0.0168627 0.00210481 0.0
0.0169724 0.00203817 0.0
0.0170838 0.00197149 0.0
0.017195 0.00190747 0.0
0.0173052 0.00184517 0.0
0.0174139 0.00178357 0.0
0.0175202 0.00172339 0.0
0.0176239 0.00166585 0.0
0.0177251 0.00160987 0.0
0.0178233 0.00155511 0.0
0.0179182 0.00150232 0.0
0.0180099 0.00145171 0.0
0.0180986 0.00140253 0.0
0.0181839 0.00135491 0.0
0.018266 0.00130924 0.0
0.018345 0.00126535 0.0
0.0184209 0.00122287 0.0
0.0184937 0.00118202 0.0
0.0185636 0.00114289 0.0
0.0186307 0.00110524 0.0
0.0186951 0.00106897 0.0
0.0187568 0.00103421 0.0
0.0188161 0.00100089 0.0
0.0188729 0.00096885 0.0
0.0189274 0.000938079 0.0
0.0189798 0.000908607 0.0
0.01903 0.000880327 0.0
0.0190783 0.000853154 0.0
0.0191246 0.000827087 0.0
0.0191692 0.000802094 0.0
0.0192121 0.000778085 0.0
0.0192534 0.000755018 0.0
0.0192932 0.000732875 0.0
0.0193315 0.000711605 0.0
0.0193685 0.000691145 0.0
0.0194042 0.000671468 0.0
0.0194386 0.000652545 0.0
0.019472 0.000634326 0.0
0.0195042 0.000616772 0.0
0.0195354 0.000599857 0.0
0.0195656 0.00058355 0.0
0.0195949 0.000567812 0.0
0.0196234 0.000552615 0.0
0.019651 0.000537936 0.0
0.0196779 0.000523747 0.0
0.019704 0.000510019 0.0
0.0197294 0.000496733 0.0
0.0197541 0.000483866 0.0
0.0197782 0.000471396 0.0
0.0198017 0.000459304 0.0
0.0198247 0.000447573 0.0
0.0198471 0.000436185 0.0
0.019869 0.000425123 0.0
0.0198904 0.000414374 0.0
0.0199114 0.000403924 0.0
0.0199318 0.00039376 0.0
0.0199519 0.000383868 0.0
0.0199716 0.000374239 0.0
0.0199908 0.000364862 0.0
0.0200097 0.000355726 0.0
0.0200283 0.000346824 0.0
0.0200464 0.000338147 0.0
0.0200643 0.000329686 0.0
0.0200818 0.000321435 0.0
0.020099 0.000313387 0.0
0.020116 0.000305535 0.0
0.0201326 0.000297875 0.0
0.020149 0.000290399 0.0
0.0201651 0.000283103 0.0
0.0201809 0.000275982 0.0
0.0201965 0.000269032 0.0
0.0202118 0.000262248 0.0
0.0202269 0.000255626 0.0
0.0202417 0.000249163 0.0
0.0202563 0.000242855 0.0
0.0202707 0.000236697 0.0
0.0202849 0.000230687 0.0
0.0202989 0.000224822 0.0
0.0203126 0.000219097 0.0
0.0203262 0.00021351 0.0
0.0203395 0.000208058 0.0
0.0203527 0.000202737 0.0
0.0203656 0.000197544 0.0
0.0203784 0.000192476 0.0
0.0203909 0.000187529 0.0
0.0204033 0.0001827 0.0
0.0204154 0.000177984 0.0
0.0204274 0.000173379 0.0
0.0204392 0.000168879 0.0
0.0204508 0.000164481 0.0
0.0204622 0.000160179 0.0
0.0204734 0.000155968 0.0
0.0204844 0.000151843 0.0
0.0204953 0.000147798 0.0
0.0205059 0.000143825 0.0
0.0205163 0.000139917 0.0
0.0205265 0.000136067 0.0
0.0205365 0.000132263 0.0
0.0205463 0.000128498 0.0
0.0205559 0.000124758 0.0
0.0205652 0.000121033 0.0
0.0205743 0.000117306 0.0
0.0205831 0.000113563 0.0
0.0205917 0.000109783 0.0
0.0205999 0.00010595 0.0
0.0206079 0.000102033 0.0
0.0206156 9.80161e-05 0.0
0.020623 9.38552e-05 0.0
0.02063 8.95311e-05 0.0
0.0206366 8.49852e-05 0.0
0.0206429 8.01926e-05 0.0
0.0206487 7.50714e-05 0.0
0.0206541 6.95956e-05 0.0
0.020659 6.36464e-05 0.0
0.0206633 5.71934e-05 0.0
0.0206671 5.00673e-05 0.0
0.0206703 4.22379e-05 0.0
0.0206728 3.34526e-05 0.0
0.0206746 2.36887e-05 0.0
0.0206756 1.26045e-05 0.0
0.0206758 6.38594e-07 0.0
0.0206754 -5.82721e-06 0.0
0.0 0.0 0.0
0.0 0.0 0.0
0.019309 3.17595e-05 0.0
0.0193207 7.91944e-05 0.0
0.0193433 0.000129153 0.0
0.0193666 0.000185102 0.0
0.0193985 0.000231075 0.0
0.0194434 0.000267693 0.0
0.01949 0.00031535 0.0
0.0195416 0.000360779 0.0
0.0196031 0.000384828 0.0
0.0196672 0.000414496 0.0
0.0197333 0.000452441 0.0
0.0198059 0.000471283 0.0
0.0198796 0.000482975 0.0
0.0199545 0.000506215 0.0
0.0200326 0.000520681 0.0
0.0201106 0.000523121 0.0
0.0201881 0.000529459 0.0
0.0202679 0.000537121 0.0
0.0203459 0.00053512 0.0
0.0204218 0.000530684 0.0
0.020499 0.000528384 0.0
0.020575 0.0005232 0.0
0.0206465 0.000513067 0.0
0.0207177 0.000502923 0.0
0.0207887 0.000492448 0.0
0.0208552 0.000479389 0.0
0.0209183 0.000464048 0.0
0.0209813 0.000448395 0.0
0.0210414 0.000431568 0.0
0.0210962 0.000412973 0.0
0.0211488 0.000392802 0.0
0.0211997 0.000371646 0.0
0.0212458 0.000349153 0.0
0.0212874 0.00032507 0.0
0.0213265 0.000299061 0.0
0.0213619 0.000271491 0.0
0.0213917 0.000242363 0.0
0.0214173 0.000210915 0.0
0.0214393 0.000176647 0.0
0.0214555 0.000140327 0.0
0.0214659 0.000101494 0.0
0.0214716 5.85582e-05 0.0
0.0214713 1.17734e-05 0.0
0.0214636 -3.79787e-05 0.0
0.0214495 -9.29097e-05 0.0
0.0214287 -0.000154587 0.0
0.0213989 -0.000221257 0.0
0.0213602 -0.000293921 0.0
0.0213134 -0.000377096 0.0
0.0212557 -0.000470013 0.0
0.0211856 -0.000571204 0.0
0.0211048 -0.000686728 0.0
0.0210112 -0.000820929 0.0
0.0209012 -0.000969937 0.0
0.0207767 -0.00113997 0.0
0.0206358 -0.00134095 0.0
0.0204752 -0.00157385 0.0
0.0202994 -0.0018427 0.0
0.0201044 -0.00216907 0.0
0.0198794 -0.00255046 0.0
0.0196628 -0.00301462 0.0
0.019468 -0.00359508 0.0
0.0192137 -0.00429429 0.0
0.0189783 -0.00509651 0.0
0.0190891 -0.00625599 0.0
0.0193952 -0.00725823 0.0
0.019562 -0.00831336 0.0
0.0198745 -0.00911588 0.0
0.0200742 -0.00859442 0.0
0.0199999 -0.00826379 0.0
0.0193854 -0.00685306 0.0
0.0176746 -0.00566496 0.0
0.0155655 -0.00470178 0.0
0.0136943 -0.00326271 0.0
0.0119602 -0.00165943 0.0
0.0105058 -0.00093705 0.0
0.0093638 -0.000435814 0.0
0.00817901 -0.000508598 0.0
0.00696163 -0.000961878 0.0
0.00599813 -0.0012625 0.0
0.00497465 -0.000638037 0.0
0.00392904 3.45422e-05 0.0
0.00344618 0.000236248 0.0
0.00329533 0.00028792 0.0
0.00319239 0.00029139 0.0
0.00307784 0.000269404 0.0
0.00298656 0.0003002 0.0
0.00293324 0.000301504 0.0
0.00288383 0.000299611 0.0
0.00284122 0.000298407 0.0
0.00281304 0.000306328 0.0
0.00279332 0.000302279 0.0
0.00277467 0.000300061 0.0
0.00276202 0.000299704 0.0
0.00275608 0.000299842 0.0
0.00275304 0.000295501 0.0
0.00275137 0.000292354 0.0
0.00275402 0.00029149 0.0
0.00276069 0.000288075 0.0
0.00276911 0.000283421 0.0
0.00277789 0.000278892 0.0
0.00279435 0.000281661 0.0
0.00281466 0.000270628 0.0
0.0028281 0.000263567 0.0
0.00283813 0.000262937 0.0
0.00294154 0.00032317 0.0
0.0032993 0.000666134 0.0
0.00367847 0.00118742 0.0
0.00410354 0.00112012 0.0
0.00472848 0.000760326 0.0
0.00523767 0.000604664 0.0
0.0055537 0.000572532 0.0
0.00580531 0.000493975 0.0
0.00604736 0.000435698 0.0
0.00625344 0.00041827 0.0
0.00643573 0.000397335 0.0
0.00661713 0.000359293 0.0
0.00679661 0.000393905 0.0
0.00701496 0.000496653 0.0
0.00720589 0.000938217 0.0
0.00734659 0.00124669 0.0
0.00748451 0.00139498 0.0
0.00769827 0.00109087 0.0
0.00800389 0.000901041 0.0
0.00828591 0.000767638 0.0
0.00854044 0.000686091 0.0
0.00878433 0.000609046 0.0
0.00900037 0.000546454 0.0
0.00918236 0.000504265 0.0
0.00935496 0.00047419 0.0
0.00952874 0.000447679 0.0
0.00968928 0.000432315 0.0
0.00982799 0.000430818 0.0
0.00998583 0.000414985 0.0
0.0101876 0.00051593 0.0
0.0104101 0.000649823 0.0
0.010556 0.000874288 0.0
0.0105247 0.00112623 0.0
0.0104152 0.00121732 0.0
0.0104272 0.00113942 0.0
0.0105865 0.00105098 0.0
0.0107946 0.000887679 0.0
0.010986 0.000790452 0.0
0.0111557 0.000710018 0.0
0.0113324 0.000641879 0.0
0.0115087 0.000581136 0.0
0.0116649 0.000539841 0.0
0.0118068 0.000504499 0.0
0.0119486 0.000476264 0.0
0.0120856 0.000455769 0.0
0.0122139 0.000444702 0.0
0.0123425 0.000436397 0.0
0.0124753 0.000435322 0.0
0.0126079 0.000443494 0.0
0.0127443 0.000463632 0.0
0.0128954 0.000484525 0.0
0.0130622 0.000539862 0.0
0.0132543 0.00059876 0.0
0.0134503 0.000748572 0.0
0.0136106 0.000983776 0.0
0.0137868 0.00122412 0.0
0.0139134 0.00158345 0.0
0.0139489 0.00183845 0.0
0.0139653 0.00209178 0.0
0.0139435 0.00231591 0.0
0.0139329 0.00241105 0.0
0.0139579 0.00248775 0.0
0.0139904 0.00249925 0.0
0.0140603 0.00249925 0.0
0.0141722 0.00245644 0.0
0.0143061 0.00238063 0.0
0.0144501 0.00231316 0.0
0.0146117 0.00224695 0.0
0.0147909 0.00217193 0.0
0.014972 0.00209692 0.0
0.0151479 0.00202903 0.0
0.0153266 0.00196091 0.0
0.0155088 0.0018931 0.0
0.0156858 0.00182882 0.0
0.0158564 0.00176752 0.0
0.0160254 0.00170677 0.0
0.0161915 0.00164838 0.0
0.0163509 0.00159269 0.0
0.0165049 0.00153863 0.0
0.0166554 0.00148598 0.0
0.0168008 0.0014357 0.0
0.0169401 0.0013873 0.0
0.0170748 0.00134036 0.0
0.0172051 0.00129513 0.0
0.0173303 0.00125184 0.0
0.0174503 0.00121006 0.0
0.0175662 0.00116975 0.0
0.0176778 0.00113108 0.0
0.0177847 0.00109398 0.0
0.0178875 0.00105821 0.0
0.0179865 0.00102383 0.0
0.0180816 0.00099089 0.0
0.0181729 0.000959241 0.0
0.0182607 0.000928796 0.0
0.0183453 0.000899596 0.0
0.0184265 0.000871585 0.0
0.0185046 0.000844667 0.0
0.0185798 0.000818807 0.0
0.0186522 0.000794 0.0
0.0187219 0.000770174 0.0
0.018789 0.00074727 0.0
0.0188538 0.000725264 0.0
0.0189162 0.000704123 0.0
0.0189764 0.000683788 0.0
0.0190346 0.000664221 0.0
0.0190908 0.000645396 0.0
0.019145 0.000627273 0.0
0.0191975 0.000609809 0.0
0.0192483 0.000592977 0.0
0.0192975 0.000576748 0.0
0.0193451 0.000561087 0.0
0.0193912 0.000545963 0.0
0.019436 0.000531354 0.0
0.0194794 0.000517232 0.0
0.0195215 0.00050357 0.0
0.0195625 0.000490347 0.0
0.0196023 0.000477541 0.0
0.019641 0.000465132 0.0
0.0196787 0.000453098 0.0
0.0197153 0.000441423 0.0
0.019751 0.000430089 0.0
0.0197858 0.000419081 0.0
0.0198198 0.000408383 0.0
0.0198528 0.000397981 0.0
0.0198851 0.000387864 0.0
0.0199167 0.000378017 0.0
0.0199474 0.000368431 0.0
0.0199775 0.000359094 0.0
0.0200069 0.000349997 0.0
0.0200357 0.000341131 0.0
0.0200638 0.000332487 0.0
0.0200913 0.000324058 0.0
0.0201183 0.000315835 0.0
0.0201447 0.000307814 0.0
0.0201705 0.000299986 0.0
0.0201958 0.000292347 0.0
0.0202206 0.00028489 0.0
0.020245 0.000277611 0.0
0.0202688 0.000270506 0.0
0.0202922 0.000263569 0.0
0.0203152 0.000256796 0.0
0.0203377 0.000250184 0.0
0.0203598 0.000243729 0.0
0.0203815 0.000237427 0.0
0.0204028 0.000231275 0.0
0.0204237 0.00022527 0.0
0.0204442 0.000219409 0.0
0.0204644 0.000213689 0.0
0.0204842 0.000208107 0.0
0.0205037 0.00020266 0.0
0.0205228 0.000197346 0.0
0.0205416 0.000192161 0.0
0.02056 0.000187103 0.0
0.0205781 0.000182169 0.0
0.020596 0.000177356 0.0
0.0206135 0.000172661 0.0
0.0206306 0.000168081 0.0
0.0206475 0.000163613 0.0
0.0206641 0.000159253 0.0
0.0206804 0.000154997 0.0
0.0206964 0.000150842 0.0
0.0207121 0.000146784 0.0
0.0207275 0.000142817 0.0
0.0207426 0.000138936 0.0
0.0207574 0.000135137 0.0
0.0207719 0.000131413 0.0
0.0207861 0.000127757 0.0
0.0208001 0.000124162 0.0
0.0208137 0.00012062 0.0
0.020827 0.000117122 0.0
0.02084 0.000113656 0.0
0.0208527 0.000110213 0.0
0.020865 0.000106777 0.0
0.020877 0.000103337 0.0
0.0208886 9.98724e-05 0.0
0.0208999 9.63692e-05 0.0
0.0209108 9.2799e-05 0.0
0.0209213 8.91467e-05 0.0
0.0209314 8.53726e-05 0.0
0.020941 8.14579e-05 0.0
0.0209501 7.73483e-05 0.0
0.0209587 7.30228e-05 0.0
0.0209668 6.84028e-05 0.0
0.0209743 6.34644e-05 0.0
0.0209812 5.80963e-05 0.0
0.0209874 5.22719e-05 0.0
0.0209929 4.5827e-05 0.0
0.0209975 3.87363e-05 0.0
0.0210013 3.07566e-05 0.0
0.0210041 2.18691e-05 0.0
0.0210059 1.17302e-05 0.0
0.0210065 7.02676e-07 0.0
0.0210062 -5.2861e-06 0.0
0.0 0.0 0.0
0.0 0.0 0.0
0.019317 2.72943e-05 0.0
0.0193268 6.58182e-05 0.0
0.0193377 0.000110058 0.0
0.0193618 0.000156141 0.0
0.0193972 0.000191909 0.0
0.019432 0.000229088 0.0
0.0194724 0.000269854 0.0
0.0195272 0.000298931 0.0
0.0195832 0.000325985 0.0
0.0196379 0.000359332 0.0
0.0197024 0.000379998 0.0
0.0197726 0.00039527 0.0
0.0198401 0.000418269 0.0
0.01991 0.000433233 0.0
0.0199845 0.000437663 0.0
0.0200596 0.000448757 0.0
0.0201336 0.000458071 0.0
0.0202078 0.000456945 0.0
0.0202827 0.000456411 0.0
0.020358 0.000459233 0.0
0.0204309 0.000455013 0.0
0.0205018 0.000447467 0.0
0.0205731 0.000442538 0.0
0.0206433 0.000435727 0.0
0.0207095 0.000424338 0.0
0.0207736 0.000413485 0.0
0.0208376 0.000402679 0.0
0.0208985 0.000389017 0.0
0.0209549 0.000373868 0.0
0.0210096 0.000358991 0.0
0.0210628 0.000342419 0.0
0.0211113 0.000324032 0.0
0.0211554 0.000304984 0.0
0.0211977 0.000284825 0.0
0.0212368 0.000262692 0.0
0.02127 0.000239262 0.0
0.0212991 0.000214374 0.0
0.0213255 0.000187382 0.0
0.0213463 0.000158369 0.0
0.0213605 0.000127281 0.0
0.0213708 9.33951e-05 0.0
0.0213762 5.67089e-05 0.0
0.021373 1.70042e-05 0.0
0.021363 -2.67565e-05 0.0
0.0213485 -7.47148e-05 0.0
0.0213243 -0.000126868 0.0
0.0212885 -0.00018505 0.0
0.021247 -0.000250105 0.0
0.0211967 -0.000321257 0.0
0.0211285 -0.000401098 0.0
0.0210484 -0.000492918 0.0
0.0209624 -0.00059481 0.0
0.0208549 -0.000708962 0.0
0.0207206 -0.00084434 0.0
0.0205796 -0.00100005 0.0
0.0204224 -0.00117273 0.0
0.0202191 -0.00138346 0.0
0.0199895 -0.00164202 0.0
0.0197608 -0.00192995 0.0
0.0194835 -0.00227737 0.0
0.0191362 -0.00275864 0.0
0.0187844 -0.0033169 0.0
0.0184572 -0.00394656 0.0
0.0181113 -0.00491226 0.0
0.0177611 -0.00628246 0.0
0.0175062 -0.00734007 0.0
0.0177495 -0.008702 0.0
0.0181938 -0.00907794 0.0
0.0179513 -0.00865804 0.0
0.0164128 -0.00696791 0.0
0.0137556 -0.00508786 0.0
0.0106796 -0.00292601 0.0
0.00824389 -0.00260485 0.0
0.0062692 -0.00118864 0.0
0.00442237 -0.000155236 0.0
0.00343301 0.000117417 0.0
0.00300329 0.000287332 0.0
0.00273917 0.000299882 0.0
0.00227947 0.000114243 0.0
0.00125039 -8.3801e-05 0.0
0.0 0.0 0.0
0.0 0.0 0.0
0.0 0.0 0.0
0.0 0.0 0.0
0.0 0.0 0.0
0.0 0.0 0.0
0.0 0.0 0.0
0.0 0.0 0.0
0.0 0.0 0.0
0.0 0.0 0.0
0.0 0.0 0.0
0.0 0.0 0.0
0.0 0.0 0.0
0.0 0.0 0.0
0.0 0.0 0.0
0.0 0.0 0.0
0.0 0.0 0.0
0.0 0.0 0.0
0.0 0.0 0.0
0.0 0.0 0.0
0.0 0.0 0.0
0.0 0.0 0.0
0.0 0.0 0.0
0.0 0.0 0.0
0.0 0.0 0.0
0.0 0.0 0.0
0.0 0.0 0.0
0.000453749 0.000553512 0.0
0.0012038 0.000435845 0.0
0.00152393 0.000311219 0.0
0.00167922 0.000293418 0.0
0.00186562 0.000326727 0.0
0.00202986 0.000292229 0.0
0.00212144 0.000270047 0.0
0.00220314 0.000273963 0.0
0.00228876 0.000267262 0.0
0.00235008 0.000249902 0.0
0.00239223 0.000247309 0.0
0.00251903 0.000303977 0.0
0.0028743 0.000612123 0.0
0.00324178 0.00107642 0.0
0.00364328 0.00101408 0.0
0.00422156 0.000689266 0.0
0.00469195 0.000545891 0.0
0.00498181 0.000513996 0.0
0.00520974 0.000443681 0.0
0.00543006 0.000390432 0.0
0.00561285 0.000363998 0.0
0.0057589 0.000345744 0.0
0.00589597 0.000318951 0.0
0.00602034 0.00030155 0.0
0.00612963 0.000301677 0.0
0.00624657 0.000289536 0.0
0.00637227 0.000268601 0.0
0.0064977 0.000309419 0.0
0.00666986 0.000413216 0.0
0.00682614 0.000838914 0.0
0.00693763 0.00113079 0.0
0.00705215 0.00125783 0.0
0.00723964 0.000971466 0.0
0.00751059 0.000792235 0.0
0.00776047 0.000667322 0.0
0.00798605 0.000589654 0.0
0.00819969 0.000518047 0.0
0.00838528 0.00046009 0.0
0.00854287 0.000419122 0.0
0.00869219 0.000390445 0.0
0.00883387 0.000364533 0.0
0.00896005 0.000343439 0.0
0.00907596 0.000330433 0.0
0.00919319 0.000320583 0.0
0.00931077 0.000313221 0.0
0.00942099 0.00031231 0.0
0.00953375 0.000315488 0.0
0.00966574 0.000322705 0.0
0.00980681 0.000340044 0.0
0.00994258 0.000369874 0.0
0.0101177 0.000389376 0.0
0.0103654 0.000543908 0.0
0.0106621 0.00074846 0.0
0.0109088 0.00106575 0.0
0.0109751 0.00150509 0.0
0.0109346 0.00184233 0.0
0.0110016 0.00202763 0.0
0.0111583 0.00227786 0.0
0.0113112 0.0023364 0.0
0.0114461 0.00241528 0.0
0.011557 0.00242599 0.0
0.011727 0.00234465 0.0
0.0119692 0.00226405 0.0
0.0122293 0.00218865 0.0
0.0124895 0.00210849 0.0
0.0127576 0.00202295 0.0
0.0130267 0.00194749 0.0
0.0132923 0.00187804 0.0
0.0135566 0.00180978 0.0
0.0138151 0.00174231 0.0
0.0140638 0.00168081 0.0
0.0143062 0.00162266 0.0
0.0145436 0.00156563 0.0
0.0147722 0.00151051 0.0
0.0149916 0.00145906 0.0
0.0152047 0.00140949 0.0
0.015411 0.00136114 0.0
0.0156087 0.00131485 0.0
0.015799 0.00127095 0.0
0.0159831 0.00122838 0.0
0.0161601 0.00118719 0.0
0.0163299 0.00114785 0.0
0.0164934 0.00111018 0.0
0.016651 0.00107369 0.0
0.0168023 0.00103861 0.0
0.0169476 0.00100506 0.0
0.0170876 0.000972796 0.0
0.0172222 0.000941655 0.0
0.0173515 0.000911802 0.0
0.0174759 0.000883189 0.0
0.0175956 0.00085564 0.0
0.0177108 0.000829134 0.0
0.0178216 0.00080373 0.0
0.0179283 0.000779329 0.0
0.018031 0.00075584 0.0
0.01813 0.000733271 0.0
0.0182253 0.000711608 0.0
0.0183172 0.000690766 0.0
0.0184059 0.000670703 0.0
0.0184913 0.000651415 0.0
0.0185739 0.000632861 0.0
0.0186536 0.000614982 0.0
0.0187305 0.000597757 0.0
0.0188049 0.000581166 0.0
0.0188768 0.000565167 0.0
0.0189464 0.000549724 0.0
0.0190137 0.000534818 0.0
0.019079 0.000520426 0.0
0.0191421 0.000506512 0.0
0.0192034 0.000493054 0.0
0.0192628 0.000480033 0.0
0.0193204 0.000467427 0.0
0.0193763 0.00045521 0.0
0.0194306 0.000443366 0.0
0.0194834 0.000431878 0.0
0.0195347 0.000420727 0.0
0.0195846 0.000409895 0.0
0.0196331 0.000399371 0.0
0.0196803 0.000389139 0.0
0.0197263 0.000379184 0.0
0.0197712 0.000369496 0.0
0.0198148 0.000360063 0.0
0.0198574 0.000350874 0.0
0.019899 0.000341919 0.0
0.0199395 0.000333189 0.0
0.019979 0.000324676 0.0
0.0200176 0.000316371 0.0
0.0200554 0.000308266 0.0
0.0200922 0.000300356 0.0
0.0201282 0.000292635 0.0
0.0201634 0.000285095 0.0
0.0201979 0.000277731 0.0
0.0202316 0.00027054 0.0
0.0202645 0.000263515 0.0
0.0202968 0.000256653 0.0
0.0203283 0.00024995 0.0
0.0203593 0.000243402 0.0
0.0203895 0.000237006 0.0
0.0204192 0.000230757 0.0
0.0204483 0.000224654 0.0
0.0204767 0.000218693 0.0
0.0205047 0.000212872 0.0
0.020532 0.000207187 0.0
0.0205588 0.000201638 0.0
0.0205852 0.000196221 0.0
0.020611 0.000190933 0.0
0.0206363 0.000185773 0.0
0.0206611 0.000180739 0.0
0.0206854 0.000175828 0.0
0.0207093 0.000171039 0.0
0.0207328 0.000166368 0.0
0.0207557 0.000161814 0.0
0.0207783 0.000157374 0.0
0.0208004 0.000153046 0.0
0.0208222 0.000148827 0.0
0.0208435 0.000144716 0.0
0.0208644 0.000140708 0.0
0.0208849 0.0001368 0.0
0.020905 0.000132991 0.0
0.0209247 0.000129275 0.0
0.020944 0.000125649 0.0
0.0209629 0.000122109 0.0
0.0209815 0.00011865 0.0
0.0209996 0.000115267 0.0
0.0210174 0.000111954 0.0
0.0210348 0.000108705 0.0
0.0210518 0.000105512 0.0
0.0210684 0.000102368 0.0
0.0210846 9.92629e-05 0.0
0.0211004 9.61889e-05 0.0
0.0211158 9.31317e-05 0.0
0.0211307 9.00815e-05 0.0
0.0211452 8.702e-05 0.0
0.0211593 8.39359e-05 0.0
0.0211729 8.0803e-05 0.0
0.021186 7.76081e-05 0.0
0.0211986 7.43165e-05 0.0
0.0212106 7.09117e-05 0.0
0.0212221 6.73439e-05 0.0
0.021233 6.35955e-05 0.0
0.0212432 5.95958e-05 0.0
0.0212527 5.53233e-05 0.0
0.0212615 5.06761e-05 0.0
0.0212694 4.5633e-05 0.0
0.0212764 4.00419e-05 0.0
0.0212825 3.38822e-05 0.0
0.0212875 2.6928e-05 0.0
0.0212912 1.91662e-05 0.0
0.0212937 1.02692e-05 0.0
0.0212948 5.24876e-07 0.0
0.0212946 -4.79119e-06 0.0
0.0 0.0 0.0
0.0 0.0 0.0
0.0193169 1.85621e-05 0.0
0.0193223 5.82826e-05 0.0
0.0193368 9.41238e-05 0.0
0.0193617 0.000123297 0.0
0.0193898 0.000158563 0.0
0.0194232 0.000195862 0.0
0.0194664 0.00022038 0.0
0.0195134 0.000244292 0.0
0.0195626 0.000276568 0.0
0.0196204 0.000298815 0.0
0.0196815 0.000311613 0.0
0.0197422 0.000333037 0.0
0.0198083 0.000351329 0.0
0.0198783 0.00035817 0.0
0.0199466 0.000367186 0.0
0.0200167 0.000378839 0.0
0.0200895 0.000382235 0.0
0.0201612 0.000382947 0.0
0.0202324 0.000385903 0.0
0.0203044 0.000386294 0.0
0.0203748 0.000382303 0.0
0.0204442 0.000378462 0.0
0.0205133 0.00037428 0.0
0.02058 0.000367797 0.0
0.0206444 0.000359513 0.0
0.0207083 0.000351015 0.0
0.0207699 0.000341559 0.0
0.0208276 0.000330762 0.0
0.0208837 0.000318752 0.0
0.0209384 0.000306084 0.0
0.0209886 0.000292557 0.0
0.0210352 0.000277944 0.0
0.0210802 0.00026198 0.0
0.0211215 0.000245083 0.0
0.0211577 0.000227303 0.0
0.0211905 0.000208079 0.0
0.0212202 0.000187016 0.0
0.0212443 0.000164762 0.0
0.0212631 0.000141213 0.0
0.0212779 0.000115174 0.0
0.021287 8.66166e-05 0.0
0.0212888 5.65311e-05 0.0
0.0212849 2.3801e-05 0.0
0.0212747 -1.32725e-05 0.0
0.0212552 -5.34331e-05 0.0
0.0212272 -9.62592e-05 0.0
0.0211917 -0.000145005 0.0
0.0211447 -0.000200415 0.0
0.0210843 -0.000259645 0.0
0.021014 -0.000325727 0.0
0.0209303 -0.000403761 0.0
0.0208259 -0.000490852 0.0
0.0207049 -0.000585812 0.0
0.0205687 -0.000699092 0.0
0.0204036 -0.000833572 0.0
0.0202066 -0.00098333 0.0
0.0199894 -0.00115886 0.0
0.0197349 -0.0013785 0.0
0.0194234 -0.00163963 0.0
0.0190721 -0.00195135 0.0
0.0186767 -0.00234902 0.0
0.0181913 -0.00286161 0.0
0.017648 -0.00352862 0.0
0.0170309 -0.0044344 0.0
0.0162514 -0.00560858 0.0
0.0156693 -0.00724246 0.0
0.0157439 -0.00913208 0.0
0.0150583 -0.00833785 0.0
0.0126347 -0.00710682 0.0
0.00942438 -0.00404482 0.0
0.00633412 -0.00177185 0.0
0.00393196 -0.000300628 0.0
0.00181619 -0.000329945 0.0
0.0 0.0 0.0
0.0 0.0 0.0
0.0 0.0 0.0
0.0 0.0 0.0
0.0 0.0 0.0
0.0 0.0 0.0
0.0 0.0 0.0
0.0 0.0 0.0
0.0 0.0 0.0
0.0 0.0 0.0
0.0 0.0 0.0
0.0 0.0 0.0
0.0 0.0 0.0
0.0 0.0 0.0
0.0 0.0 0.0
0.0 0.0 0.0
0.0 0.0 0.0
0.0 0.0 0.0
0.0 0.0 0.0
0.0 0.0 0.0
0.0 0.0 0.0
0.0 0.0 0.0
0.0 0.0 0.0
0.0 0.0 0.0
0.0 0.0 0.0
0.0 0.0 0.0
0.0 0.0 0.0
0.0 0.0 0.0
0.0 0.0 0.0
0.0 0.0 0.0
0.0 0.0 0.0
0.0 0.0 0.0
0.0 0.0 0.0
0.0 0.0 0.0
0.0 0.0 0.0
0.0 0.0 0.0
0.0 0.0 0.0
0.0 0.0 0.0
0.0 0.0 0.0
0.0 0.0 0.0
0.0 0.0 0.0
0.0 0.0 0.0
0.0 0.0 0.0
0.0 0.0 0.0
0.0 0.0 0.0
0.0 0.0 0.0
0.0 0.0 0.0
0.000407027 0.000498166 0.0
0.00108279 0.000392133 0.0
0.00137171 0.000279349 0.0
0.00151171 0.000262342 0.0
0.0016795 0.000292276 0.0
0.00182724 0.000261499 0.0
0.00191013 0.000241496 0.0
0.00198014 0.000240948 0.0
0.00205263 0.000239701 0.0
0.00210974 0.00022586 0.0
0.00215191 0.000218952 0.0
0.0021987 0.000221691 0.0
0.002244 0.000209949 0.0
0.00227484 0.000200384 0.0
0.00229953 0.000200022 0.0
0.00240628 0.000253536 0.0
0.00273036 0.000546856 0.0
0.00307265 0.000978983 0.0
0.00344837 0.000911665 0.0
0.00398051 0.000608483 0.0
0.00440806 0.000474126 0.0
0.00466898 0.000442017 0.0
0.00487155 0.000375805 0.0
0.00506597 0.00032816 0.0
0.00522689 0.000302225 0.0
0.00535241 0.00028424 0.0
0.00546632 0.000260024 0.0
0.00557186 0.000247704 0.0
0.00566425 0.000238556 0.0
0.00575019 0.000229498 0.0
0.00583455 0.000218155 0.0
0.00591482 0.000216058 0.0
0.00599528 0.000214113 0.0
0.00608254 0.00020945 0.0
0.00617104 0.000204543 0.0
0.00626236 0.000219776 0.0
0.00637798 0.000220398 0.0
0.00652294 0.000212996 0.0
0.00668934 0.000280543 0.0
0.00691937 0.000423175 0.0
0.00715949 0.000926874 0.0
0.00741842 0.00138451 0.0
0.00776199 0.00174026 0.0
0.00811794 0.00183031 0.0
0.00837847 0.00203261 0.0
0.00852104 0.00219611 0.0
0.00872947 0.00221783 0.0
0.00909064 0.00217461 0.0
0.00949545 0.00204705 0.0
0.00986991 0.00194791 0.0
0.0102424 0.00186467 0.0
0.0106371 0.00178024 0.0
0.0110274 0.00169963 0.0
0.0113919 0.00163435 0.0
0.0117429 0.00156986 0.0
0.0120895 0.00150801 0.0
0.0124228 0.00145284 0.0
0.0127394 0.00140201 0.0
0.0130457 0.00135095 0.0
0.0133424 0.00130336 0.0
0.0136259 0.00125952 0.0
0.0138977 0.00121687 0.0
0.0141603 0.00117509 0.0
0.014413 0.00113616 0.0
0.0146547 0.00109907 0.0
0.0148872 0.00106274 0.0
0.0151114 0.00102784 0.0
0.0153265 0.000994901 0.0
0.0155328 0.00096303 0.0
0.0157314 0.000932079 0.0
0.0159225 0.000902549 0.0
0.0161059 0.000874342 0.0
0.0162822 0.000846988 0.0
0.0164519 0.000820642 0.0
0.016615 0.00079548 0.0
0.0167718 0.000771279 0.0
0.0169227 0.000747879 0.0
0.017068 0.000725428 0.0
0.0172077 0.000703908 0.0
0.0173422 0.000683156 0.0
0.0174718 0.000663152 0.0
0.0175967 0.000643958 0.0
0.017717 0.000625494 0.0
0.017833 0.000607678 0.0
0.0179449 0.000590523 0.0
0.0180528 0.000574024 0.0
0.0181569 0.00055811 0.0
0.0182575 0.000542748 0.0
0.0183546 0.00052794 0.0
0.0184485 0.000513655 0.0
0.0185393 0.000499847 0.0
0.018627 0.0004865 0.0
0.018712 0.000473605 0.0
0.0187942 0.000461127 0.0
0.0188738 0.000449041 0.0
0.018951 0.000437334 0.0
0.0190257 0.00042599 0.0
0.0190983 0.000414984 0.0
0.0191686 0.000404299 0.0
0.0192369 0.000393925 0.0
0.0193032 0.000383844 0.0
0.0193677 0.000374039 0.0
0.0194303 0.000364499 0.0
0.0194911 0.000355214 0.0
0.0195503 0.000346169 0.0
0.0196079 0.000337355 0.0
0.019664 0.000328761 0.0
0.0197186 0.00032038 0.0
0.0197718 0.0003122 0.0
0.0198236 0.000304216 0.0
0.0198741 0.000296419 0.0
0.0199234 0.000288803 0.0
0.0199715 0.000281361 0.0
0.0200183 0.000274088 0.0
0.0200641 0.000266979 0.0
0.0201088 0.000260028 0.0
0.0201524 0.000253231 0.0
0.0201951 0.000246584 0.0
0.0202367 0.000240083 0.0
0.0202775 0.000233725 0.0
0.0203173 0.000227506 0.0
0.0203562 0.000221424 0.0
0.0203943 0.000215476 0.0
0.0204316 0.000209659 0.0
0.020468 0.000203971 0.0
0.0205037 0.00019841 0.0
0.0205386 0.000192975 0.0
0.0205728 0.000187662 0.0
0.0206063 0.00018247 0.0
0.0206391 0.000177398 0.0
0.0206713 0.000172445 0.0
0.0207028 0.000167608 0.0
0.0207336 0.000162886 0.0
0.0207638 0.000158277 0.0
0.0207935 0.000153781 0.0
0.0208225 0.000149396 0.0
0.020851 0.00014512 0.0
0.0208789 0.000140951 0.0
0.0209062 0.000136889 0.0
0.020933 0.000132932 0.0
0.0209593 0.000129078 0.0
0.0209851 0.000125324 0.0
0.0210103 0.00012167 0.0
0.0210351 0.000118113 0.0
0.0210593 0.000114651 0.0
0.0210831 0.00011128 0.0
0.0211064 0.000107999 0.0
0.0211292 0.000104805 0.0
0.0211516 0.000101694 0.0
0.0211735 9.86612e-05 0.0
0.0211949 9.57043e-05 0.0
0.0212158 9.28175e-05 0.0
0.0212363 8.99965e-05 0.0
0.0212563 8.72343e-05 0.0
0.0212759 8.45258e-05 0.0
0.0212949 8.18618e-05 0.0
0.0213135 7.92361e-05 0.0
0.0213316 7.66369e-05 0.0
0.0213492 7.40563e-05 0.0
0.0213663 7.14783e-05 0.0
0.0213829 6.88938e-05 0.0
0.0213989 6.6281e-05 0.0
0.0214143 6.36285e-05 0.0
0.0214292 6.09063e-05 0.0
0.0214434 5.81016e-05 0.0
0.021457 5.51714e-05 0.0
0.0214698 5.21004e-05 0.0
0.0214819 4.8828e-05 0.0
0.0214932 4.53374e-05 0.0
0.0215037 4.15389e-05 0.0
0.0215131 3.74152e-05 0.0
0.0215216 3.28344e-05 0.0
0.0215289 2.77804e-05 0.0
0.021535 2.20531e-05 0.0
0.0215397 1.56448e-05 0.0
0.0215428 8.26193e-06 0.0
0.0215442 1.2089e-07 0.0
0.0215441 -4.33897e-06 0.0
0.0 0.0 0.0
0.0 0.0 0.0
0.0193153 1.56709e-05 0.0
0.019323 4.64476e-05 0.0
0.0193393 7.41853e-05 0.0
0.0193586 0.000100973 0.0
0.019383 0.000130224 0.0
0.0194188 0.000154491 0.0
0.0194593 0.000176379 0.0
0.0195003 0.000202781 0.0
0.019549 0.000222616 0.0
0.0196051 0.000236131 0.0
0.019661 0.000256478 0.0
0.0197197 0.000273767 0.0
0.0197839 0.00027944 0.0
0.0198498 0.000290361 0.0
0.0199159 0.000304188 0.0
0.0199838 0.000306791 0.0
0.0200531 0.000307854 0.0
0.0201231 0.000315644 0.0
0.0201924 0.000317386 0.0
0.0202609 0.000313031 0.0
0.0203298 0.000312871 0.0
0.0203984 0.000313052 0.0
0.0204642 0.000306947 0.0
0.0205287 0.000300893 0.0
0.0205931 0.000297186 0.0
0.0206552 0.00029063 0.0
0.0207137 0.000281428 0.0
0.020771 0.000273602 0.0
0.0208269 0.000265334 0.0
0.0208789 0.000254738 0.0
0.0209275 0.000243616 0.0
0.0209743 0.000232666 0.0
0.0210181 0.000220308 0.0
0.0210572 0.00020675 0.0
0.0210926 0.000192641 0.0
0.0211253 0.000177526 0.0
0.0211534 0.000161136 0.0
0.0211757 0.000143623 0.0
0.021194 0.000124583 0.0
0.021208 0.000104065 0.0
0.0212148 8.21735e-05 0.0
0.021215 5.79674e-05 0.0
0.0212103 3.12998e-05 0.0
0.021198 2.92852e-06 0.0
0.0211751 -2.82723e-05 0.0
0.021145 -6.38771e-05 0.0
0.0211074 -0.000102358 0.0
0.0210553 -0.000143977 0.0
0.0209896 -0.000192275 0.0
0.0209158 -0.000247068 0.0
0.0208255 -0.000305463 0.0
0.0207098 -0.00037304 0.0
0.02058 -0.000453758 0.0
0.0204351 -0.000542415 0.0
0.0202506 -0.000641599 0.0
0.0200294 -0.000766816 0.0
0.019794 -0.000912168 0.0
0.0195096 -0.00107421 0.0
0.0191401 -0.00128189 0.0
0.0187304 -0.0015523 0.0
0.0182783 -0.00185456 0.0
0.0176543 -0.00226234 0.0
0.0168685 -0.00285888 0.0
0.0160575 -0.0036072 0.0
0.0150407 -0.00455639 0.0
0.0134131 -0.00641812 0.0
0.0113667 -0.0080608 0.0
0.00964885 -0.00697794 0.0
0.00664449 -0.00270932 0.0
0.00251537 -0.000752348 0.0
0.0 0.0 0.0
0.0 0.0 0.0
0.0 0.0 0.0
0.0 0.0 0.0
0.0 0.0 0.0
0.0 0.0 0.0
0.0 0.0 0.0
0.0 0.0 0.0
0.0 0.0 0.0
0.0 0.0 0.0
0.0 0.0 0.0
0.0 0.0 0.0
0.0 0.0 0.0
0.0 0.0 0.0
0.0 0.0 0.0
0.0 0.0 0.0
0.0 0.0 0.0
0.0 0.0 0.0
0.0 0.0 0.0
0.0 0.0 0.0
0.0 0.0 0.0
0.0 0.0 0.0
0.0 0.0 0.0
0.0 0.0 0.0
0.0 0.0 0.0
0.0 0.0 0.0
0.0 0.0 0.0
0.0 0.0 0.0
0.0 0.0 0.0
0.0 0.0 0.0
0.0 0.0 0.0
0.0 0.0 0.0
0.0 0.0 0.0
0.0 0.0 0.0
0.0 0.0 0.0
0.0 0.0 0.0
0.0 0.0 0.0
0.0 0.0 0.0
0.0 0.0 0.0
0.0 0.0 0.0
0.0 0.0 0.0
0.0 0.0 0.0
0.0 0.0 0.0
0.0 0.0 0.0
0.0 0.0 0.0
0.0 0.0 0.0
0.0 0.0 0.0
0.0 0.0 0.0
0.0 0.0 0.0
0.0 0.0 0.0
0.0 0.0 0.0
0.0 0.0 0.0
0.0 0.0 0.0
0.0 0.0 0.0
0.0 0.0 0.0
0.0 0.0 0.0
0.0 0.0 0.0
0.0 0.0 0.0
0.0 0.0 0.0
0.0 0.0 0.0
0.0 0.0 0.0
0.0 0.0 0.0
0.0 0.0 0.0
0.0 0.0 0.0
0.0 0.0 0.0
0.0 0.0 0.0
0.0 0.0 0.0
0.000400902 0.000435769 0.0
0.00102553 0.000335255 0.0
0.00129222 0.000231622 0.0
0.00142202 0.000215983 0.0
0.00157521 0.000241947 0.0
0.00170815 0.000213198 0.0
0.00178239 0.000195797 0.0
0.00184463 0.000194062 0.0
0.00190832 0.000193258 0.0
0.00195801 0.000180453 0.0
0.00199578 0.000175825 0.0
0.00203458 0.000173298 0.0
0.0020719 0.000168408 0.0
0.00210287 0.000160508 0.0
0.00213284 0.000158979 0.0
0.00216621 0.000154708 0.0
0.00219871 0.000148686 0.0
0.00222808 0.000142881 0.0
0.00226668 0.000147425 0.0
0.00231178 0.000135308 0.0
0.00234634 0.000126191 0.0
0.00238167 0.000131851 0.0
0.00252934 0.00019838 0.0
0.0029377 0.000530113 0.0
0.0034056 0.00103341 0.0
0.0040029 0.00111507 0.0
0.00479442 0.00133475 0.0
0.00543695 0.00169196 0.0
0.00588723 0.00197892 0.0
0.00633981 0.00182023 0.0
0.00689407 0.00166616 0.0
0.0074675 0.00157209 0.0
0.00802985 0.00149396 0.0
0.00857746 0.00140328 0.0
0.0090822 0.00133513 0.0
0.00955005 0.00128085 0.0
0.0100087 0.00123004 0.0
0.0104512 0.00117919 0.0
0.0108627 0.00113646 0.0
0.0112535 0.00109747 0.0
0.0116338 0.00105926 0.0
0.0119965 0.00102264 0.0
0.0123393 0.000989651 0.0
0.0126694 0.000957875 0.0
0.012988 0.000926791 0.0
0.0132913 0.000897334 0.0
0.0135812 0.000869691 0.0
0.013861 0.000842704 0.0
0.0141297 0.000816587 0.0
0.0143864 0.000791778 0.0
0.014633 0.000768012 0.0
0.0148707 0.00074486 0.0
0.0150986 0.000722609 0.0
0.015317 0.000701342 0.0
0.0155274 0.000680809 0.0
0.0157298 0.000660915 0.0
0.0159241 0.000641832 0.0
0.0161108 0.000623496 0.0
0.0162907 0.000605764 0.0
0.0164638 0.000588652 0.0
0.0166302 0.000572217 0.0
0.0167904 0.000556369 0.0
0.0169449 0.000541051 0.0
0.0170936 0.000526287 0.0
0.0172368 0.000512068 0.0
0.0173749 0.000498328 0.0
0.0175082 0.000485049 0.0
0.0176367 0.000472236 0.0
0.0177607 0.000459859 0.0
0.0178804 0.000447878 0.0
0.017996 0.000436287 0.0
0.0181078 0.000425075 0.0
0.0182157 0.000414212 0.0
0.0183202 0.000403677 0.0
0.0184212 0.000393463 0.0
0.018519 0.000383553 0.0
0.0186136 0.000373926 0.0
0.0187053 0.000364568 0.0
0.0187942 0.00035547 0.0
0.0188803 0.000346616 0.0
0.0189638 0.000337993 0.0
0.0190448 0.00032959 0.0
0.0191235 0.000321399 0.0
0.0191999 0.000313407 0.0
0.0192741 0.000305605 0.0
0.0193462 0.000297985 0.0
0.0194162 0.00029054 0.0
0.0194844 0.00028326 0.0
0.0195507 0.000276139 0.0
0.0196152 0.000269172 0.0
0.019678 0.000262353 0.0
0.0197392 0.000255675 0.0
0.0197988 0.000249134 0.0
0.0198569 0.000242727 0.0
0.0199135 0.000236448 0.0
0.0199687 0.000230294 0.0
0.0200226 0.000224263 0.0
0.0200751 0.00021835 0.0
0.0201264 0.000212553 0.0
0.0201765 0.000206871 0.0
0.0202254 0.0002013 0.0
0.0202731 0.000195839 0.0
0.0203198 0.000190486 0.0
0.0203653 0.000185239 0.0
0.0204099 0.000180098 0.0
0.0204535 0.000175061 0.0
0.0204961 0.000170127 0.0
0.0205377 0.000165295 0.0
0.0205785 0.000160565 0.0
0.0206184 0.000155934 0.0
0.0206574 0.000151404 0.0
0.0206956 0.000146973 0.0
0.020733 0.00014264 0.0
0.0207696 0.000138405 0.0
0.0208055 0.000134267 0.0
0.0208406 0.000130227 0.0
0.020875 0.000126282 0.0
0.0209086 0.000122434 0.0
0.0209416 0.000118681 0.0
0.0209739 0.000115022 0.0
0.0210056 0.000111457 0.0
0.0210366 0.000107986 0.0
0.021067 0.000104607 0.0
0.0210968 0.000101319 0.0
0.021126 9.8122e-05 0.0
0.0211546 9.50141e-05 0.0
0.0211826 9.19942e-05 0.0
0.02121 8.9061e-05 0.0
0.0212369 8.62126e-05 0.0
0.0212632 8.34474e-05 0.0
0.021289 8.07631e-05 0.0
0.0213142 7.81577e-05 0.0
0.0213389 7.5628e-05 0.0
0.0213631 7.31715e-05 0.0
0.0213867 7.07844e-05 0.0
0.0214098 6.84633e-05 0.0
0.0214323 6.6203e-05 0.0
0.0214544 6.39998e-05 0.0
0.0214759 6.18466e-05 0.0
0.0214968 5.97384e-05 0.0
0.0215172 5.76662e-05 0.0
0.021537 5.56242e-05 0.0
0.0215563 5.35995e-05 0.0
0.0215749 5.15848e-05 0.0
0.021593 4.95633e-05 0.0
0.0216104 4.75264e-05 0.0
0.0216271 4.54493e-05 0.0
0.0216432 4.33224e-05 0.0
0.0216585 4.11117e-05 0.0
0.021673 3.88051e-05 0.0
0.0216867 3.6353e-05 0.0
0.0216995 3.37432e-05 0.0
0.0217114 3.0903e-05 0.0
0.0217222 2.78191e-05 0.0
0.0217318 2.43835e-05 0.0
0.0217402 2.05855e-05 0.0
0.0217472 1.62603e-05 0.0
0.0217526 1.14041e-05 0.0
0.0217563 5.77205e-06 0.0
0.0217581 -4.8399e-07 0.0
0.0217581 -3.92418e-06 0.0
0.0 0.0 0.0
0.0 0.0 0.0
0.0193148 1.39831e-05 0.0
0.0193233 3.3595e-05 0.0
0.019337 5.5727e-05 0.0
0.0193556 8.05935e-05 0.0
0.0193828 9.96749e-05 0.0
0.0194151 0.000116695 0.0
0.0194499 0.000138766 0.0
0.0194931 0.000157205 0.0
0.0195422 0.000168987 0.0
0.0195911 0.000184912 0.0
0.0196448 0.000200679 0.0
0.0197057 0.000208838 0.0
0.0197659 0.000217771 0.0
0.0198267 0.000229061 0.0
0.0198928 0.000234291 0.0
0.0199601 0.000237877 0.0
0.0200256 0.00024357 0.0
0.020093 0.000246355 0.0
0.0201615 0.000246153 0.0
0.0202288 0.000247099 0.0
0.0202955 0.000246964 0.0
0.0203617 0.000244551 0.0
0.0204266 0.00024186 0.0
0.0204906 0.000239038 0.0
0.020553 0.000234681 0.0
0.0206127 0.000229751 0.0
0.0206711 0.000224527 0.0
0.0207281 0.000218437 0.0
0.0207815 0.000211631 0.0
0.0208319 0.000204605 0.0
0.0208809 0.00019677 0.0
0.0209268 0.000188164 0.0
0.020968 0.000179247 0.0
0.0210065 0.000169756 0.0
0.0210425 0.000159155 0.0
0.0210733 0.000147929 0.0
0.0210991 0.000136296 0.0
0.021122 0.000123474 0.0
0.0211398 0.000109274 0.0
0.0211507 9.44666e-05 0.0
0.0211566 7.87038e-05 0.0
0.0211576 6.07664e-05 0.0
0.0211499 4.12682e-05 0.0
0.0211341 2.09541e-05 0.0
0.0211124 -1.78582e-06 0.0
0.0210807 -2.80131e-05 0.0
0.0210361 -5.56214e-05 0.0
0.0209826 -8.54335e-05 0.0
0.0209186 -0.000120713 0.0
0.0208353 -0.000160411 0.0
0.0207352 -0.000201615 0.0
0.0206237 -0.000250082 0.0
0.0204871 -0.000308341 0.0
0.0203169 -0.000371149 0.0
0.0201281 -0.00044013 0.0
0.0199115 -0.000529118 0.0
0.0196343 -0.000631398 0.0
0.0193082 -0.000743708 0.0
0.0189503 -0.000884537 0.0
0.0184932 -0.00107199 0.0
0.0179026 -0.00127805 0.0
0.0172394 -0.00155364 0.0
0.016417 -0.00193522 0.0
0.0151889 -0.00243744 0.0
0.0135818 -0.00305702 0.0
0.0115897 -0.00424712 0.0
0.00850223 -0.00485835 0.0
0.00388751 -0.00381419 0.0
0.0 0.0 0.0
0.0 0.0 0.0
0.0 0.0 0.0
0.0 0.0 0.0
0.0 0.0 0.0
0.0 0.0 0.0
0.0 0.0 0.0
0.0 0.0 0.0
0.0 0.0 0.0
0.0 0.0 0.0
0.0 0.0 0.0
0.0 0.0 0.0
0.0 0.0 0.0
0.0 0.0 0.0
0.0 0.0 0.0
0.0 0.0 0.0
0.0 0.0 0.0
0.0 0.0 0.0
0.0 0.0 0.0
0.0 0.0 0.0
0.0 0.0 0.0
0.0 0.0 0.0
0.0 0.0 0.0
0.0 0.0 0.0
0.0 0.0 0.0
0.0 0.0 0.0
0.0 0.0 0.0
0.0 0.0 0.0
0.0 0.0 0.0
0.0 0.0 0.0
0.0 0.0 0.0
0.0 0.0 0.0
0.0 0.0 0.0
0.0 0.0 0.0
0.0 0.0 0.0
0.0 0.0 0.0
0.0 0.0 0.0
0.0 0.0 0.0
0.0 0.0 0.0
0.0 0.0 0.0
0.0 0.0 0.0
0.0 0.0 0.0
0.0 0.0 0.0
0.0 0.0 0.0
0.0 0.0 0.0
0.0 0.0 0.0
0.0 0.0 0.0
0.0 0.0 0.0
0.0 0.0 0.0
0.0 0.0 0.0
0.0 0.0 0.0
0.0 0.0 0.0
0.0 0.0 0.0
0.0 0.0 0.0
0.0 0.0 0.0
0.0 0.0 0.0
0.0 0.0 0.0
0.0 0.0 0.0
0.0 0.0 0.0
0.0 0.0 0.0
0.0 0.0 0.0
0.0 0.0 0.0
0.0 0.0 0.0
0.0 0.0 0.0
0.0 0.0 0.0
0.0 0.0 0.0
0.0 0.0 0.0
0.0 0.0 0.0
0.0 0.0 0.0
0.0 0.0 0.0
0.0 0.0 0.0
0.0 0.0 0.0
0.0 0.0 0.0
0.0 0.0 0.0
0.0 0.0 0.0
0.0 0.0 0.0
0.0 0.0 0.0
0.0 0.0 0.0
0.0 0.0 0.0
0.0 0.0 0.0
0.0 0.0 0.0
0.0 0.0 0.0
0.0 0.0 0.0
0.0 0.0 0.0
0.0 0.0 0.0
0.0 0.0 0.0
0.0 0.0 0.0
0.0 0.0 0.0
0.0 0.0 0.0
0.0 0.0 0.0
0.0 0.0 0.0
0.0 0.0 0.0
0.0 0.0 0.0
0.000493002 0.000362288 0.0
0.00121017 0.000320837 0.0
0.00184451 0.000534185 0.0
0.00248896 0.0011384 0.0
0.00333268 0.00124389 0.0
0.00439488 0.00108757 0.0
0.00529085 0.000983682 0.0
0.00601876 0.000927486 0.0
0.00669894 0.000874071 0.0
0.00734682 0.000827597 0.0
0.00794296 0.000805041 0.0
0.00849572 0.000777033 0.0
0.00901774 0.000747517 0.0
0.00950826 0.000726342 0.0
0.00997121 0.000708913 0.0
0.0104129 0.000686818 0.0
0.0108336 0.000666762 0.0
0.0112325 0.000650668 0.0
0.0116134 0.000633876 0.0
0.0119786 0.0006157 0.0
0.0123274 0.000599847 0.0
0.0126605 0.000585219 0.0
0.0129801 0.000569735 0.0
0.0132868 0.000554541 0.0
0.0135803 0.00054085 0.0
0.0138618 0.000527343 0.0
0.0141324 0.000513611 0.0
0.014392 0.000500615 0.0
0.0146411 0.000488387 0.0
0.0148805 0.000476171 0.0
0.0151107 0.000464178 0.0
0.0153319 0.000452837 0.0
0.0155444 0.000441872 0.0
0.015749 0.000431017 0.0
0.0159458 0.00042054 0.0
0.0161351 0.00041052 0.0
0.0163173 0.000400729 0.0
0.0164928 0.000391145 0.0
0.0166619 0.000381923 0.0
0.0168248 0.000373005 0.0
0.0169818 0.000364277 0.0
0.0171332 0.000355788 0.0
0.0172792 0.000347586 0.0
0.0174202 0.000339596 0.0
0.0175562 0.000331786 0.0
0.0176876 0.000324195 0.0
0.0178145 0.000316816 0.0
0.0179371 0.0003096 0.0
0.0180557 0.000302549 0.0
0.0181704 0.000295676 0.0
0.0182814 0.000288961 0.0
0.0183888 0.00028238 0.0
0.0184928 0.00027594 0.0
0.0185936 0.00026964 0.0
0.0186912 0.000263461 0.0
0.0187859 0.000257395 0.0
0.0188777 0.000251447 0.0
0.0189669 0.000245607 0.0
0.0190534 0.000239866 0.0
0.0191373 0.000234222 0.0
0.0192189 0.000228675 0.0
0.0192982 0.000223216 0.0
0.0193753 0.000217842 0.0
0.0194503 0.000212551 0.0
0.0195232 0.000207343 0.0
0.0195941 0.000202212 0.0
0.0196632 0.000197157 0.0
0.0197305 0.000192177 0.0
0.019796 0.00018727 0.0
0.0198599 0.000182434 0.0
0.0199221 0.00017767 0.0
0.0199828 0.000172976 0.0
0.020042 0.000168351 0.0
0.0200997 0.000163795 0.0
0.020156 0.000159309 0.0
0.020211 0.000154891 0.0
0.0202647 0.000150542 0.0
0.0203171 0.000146262 0.0
0.0203683 0.000142052 0.0
0.0204184 0.000137911 0.0
0.0204673 0.00013384 0.0
0.020515 0.000129839 0.0
0.0205618 0.000125909 0.0
0.0206074 0.000122051 0.0
0.0206521 0.000118265 0.0
0.0206958 0.000114551 0.0
0.0207386 0.000110911 0.0
0.0207804 0.000107345 0.0
0.0208213 0.000103853 0.0
0.0208614 0.000100436 0.0
0.0209006 9.70942e-05 0.0
0.020939 9.38287e-05 0.0
0.0209766 9.06397e-05 0.0
0.0210134 8.75276e-05 0.0
0.0210494 8.44928e-05 0.0
0.0210847 8.15356e-05 0.0
0.0211193 7.86562e-05 0.0
0.0211532 7.58549e-05 0.0
0.0211863 7.31316e-05 0.0
0.0212188 7.04863e-05 0.0
0.0212506 6.7919e-05 0.0
0.0212818 6.54294e-05 0.0
0.0213123 6.30171e-05 0.0
0.0213422 6.06817e-05 0.0
0.0213715 5.84223e-05 0.0
0.0214001 5.62382e-05 0.0
0.0214282 5.41283e-05 0.0
0.0214557 5.20916e-05 0.0
0.0214825 5.01261e-05 0.0
0.0215088 4.82306e-05 0.0
0.0215345 4.64024e-05 0.0
0.0215596 4.46398e-05 0.0
0.0215841 4.29393e-05 0.0
0.0216081 4.12982e-05 0.0
0.0216314 3.97121e-05 0.0
0.0216542 3.81778e-05 0.0
0.0216763 3.66887e-05 0.0
0.0216979 3.52408e-05 0.0
0.0217188 3.38257e-05 0.0
0.0217391 3.2438e-05 0.0
0.0217587 3.10656e-05 0.0
0.0217776 2.97026e-05 0.0
0.0217959 2.83319e-05 0.0
0.0218133 2.6946e-05 0.0
0.02183 2.55205e-05 0.0
0.0218458 2.40476e-05 0.0
0.0218608 2.24911e-05 0.0
0.0218748 2.08422e-05 0.0
0.0218877 1.90481e-05 0.0
0.0218995 1.71006e-05 0.0
0.0219101 1.49195e-05 0.0
0.0219193 1.24988e-05 0.0
0.0219271 9.71684e-06 0.0
0.0219331 6.57372e-06 0.0
0.0219372 2.88523e-06 0.0
0.0219392 -1.25431e-06 0.0
0.0219392 -3.53978e-06 0.0
0.0 0.0 0.0
0.0 0.0 0.0
0.0193181 9.34266e-06 0.0
0.0193244 2.45848e-05 0.0
0.0193355 4.11684e-05 0.0
0.0193554 5.64928e-05 0.0
0.0193811 7.00529e-05 0.0
0.0194103 8.61574e-05 0.0
0.019446 0.00010031 0.0
0.0194883 0.000109373 0.0
0.0195329 0.000122267 0.0
0.0195818 0.000136519 0.0
0.0196359 0.000141812 0.0
0.0196923 0.000148247 0.0
0.0197508 0.000160921 0.0
0.0198127 0.000165943 0.0
0.0198759 0.000166011 0.0
0.0199402 0.000173717 0.0
0.020006 0.00017948 0.0
0.0200721 0.000177167 0.0
0.0201382 0.0001782 0.0
0.0202048 0.000182782 0.0
0.0202705 0.000181125 0.0
0.020335 0.000177775 0.0
0.0203994 0.000178578 0.0
0.0204624 0.000177817 0.0
0.020523 0.0001732 0.0
0.0205824 0.000170236 0.0
0.0206404 0.000168468 0.0
0.0206955 0.000164207 0.0
0.020748 0.000159069 0.0
0.0207987 0.000155204 0.0
0.0208466 0.000150692 0.0
0.0208907 0.00014484 0.0
0.020932 0.000139031 0.0
0.0209703 0.000133247 0.0
0.0210046 0.000126684 0.0
0.0210344 0.000119569 0.0
0.0210605 0.000112007 0.0
0.0210823 0.000103914 0.0
0.0210986 9.54501e-05 0.0
0.0211091 8.60865e-05 0.0
0.0211147 7.55968e-05 0.0
0.021114 6.4836e-05 0.0
0.021105 5.3496e-05 0.0
0.0210888 3.99718e-05 0.0
0.0210656 2.54269e-05 0.0
0.0210317 1.09681e-05 0.0
0.0209859 -5.85995e-06 0.0
0.020931 -2.61717e-05 0.0
0.0208638 -4.6047e-05 0.0
0.0207777 -6.72811e-05 0.0
0.0206756 -9.45797e-05 0.0
0.0205596 -0.000124752 0.0
0.0204172 -0.000152798 0.0
0.020243 -0.00018899 0.0
0.020048 -0.000234513 0.0
0.0198201 -0.000278854 0.0
0.0195326 -0.000324951 0.0
0.0191961 -0.000394833 0.0
0.0188173 -0.000468689 0.0
0.018336 -0.00054135 0.0
0.0177218 -0.000635793 0.0
0.0170037 -0.000774953 0.0
0.0160948 -0.000888044 0.0
0.0148395 -0.00104864 0.0
0.0132066 -0.00118791 0.0
0.0108216 -0.00124408 0.0
0.00705591 -0.000762319 0.0
0.00292461 0.000444383 0.0
0.0 0.0 0.0
0.0 0.0 0.0
0.0 0.0 0.0
0.0 0.0 0.0
0.0 0.0 0.0
0.0 0.0 0.0
0.0 0.0 0.0
0.0 0.0 0.0
0.0 0.0 0.0
0.0 0.0 0.0
0.0 0.0 0.0
0.0 0.0 0.0
0.0 0.0 0.0
0.0 0.0 0.0
0.0 0.0 0.0
0.0 0.0 0.0
0.0 0.0 0.0
0.0 0.0 0.0
0.0 0.0 0.0
0.0 0.0 0.0
0.0 0.0 0.0
0.0 0.0 0.0
0.0 0.0 0.0
0.0 0.0 0.0
0.0 0.0 0.0
0.0 0.0 0.0
0.0 0.0 0.0
0.0 0.0 0.0
0.0 0.0 0.0
0.0 0.0 0.0
0.0 0.0 0.0
0.0 0.0 0.0
0.0 0.0 0.0
0.0 0.0 0.0
0.0 0.0 0.0
0.0 0.0 0.0
0.0 0.0 0.0
0.0 0.0 0.0
0.0 0.0 0.0
0.0 0.0 0.0
0.0 0.0 0.0
0.0 0.0 0.0
0.0 0.0 0.0
0.0 0.0 0.0
0.0 0.0 0.0
0.0 0.0 0.0
0.0 0.0 0.0
0.0 0.0 0.0
0.0 0.0 0.0
0.0 0.0 0.0
0.0 0.0 0.0
0.0 0.0 0.0
0.0 0.0 0.0
0.0 0.0 0.0
0.0 0.0 0.0
0.0 0.0 0.0
0.0 0.0 0.0
0.0 0.0 0.0
0.0 0.0 0.0
0.0 0.0 0.0
0.0 0.0 0.0
0.0 0.0 0.0
0.0 0.0 0.0
0.0 0.0 0.0
0.0 0.0 0.0
0.0 0.0 0.0
0.0 0.0 0.0
0.0 0.0 0.0
0.0 0.0 0.0
0.0 0.0 0.0
0.0 0.0 0.0
0.0 0.0 0.0
0.0 0.0 0.0
0.0 0.0 0.0
0.0 0.0 0.0
0.0 0.0 0.0
0.0 0.0 0.0
0.0 0.0 0.0
0.0 0.0 0.0
0.0 0.0 0.0
0.0 0.0 0.0
0.0 0.0 0.0
0.0 0.0 0.0
0.0 0.0 0.0
0.0 0.0 0.0
0.0 0.0 0.0
0.0 0.0 0.0
0.0 0.0 0.0
0.0 0.0 0.0
0.0 0.0 0.0
0.0 0.0 0.0
0.0 0.0 0.0
0.0 0.0 0.0
0.0 0.0 0.0
0.0 0.0 0.0
0.0 0.0 0.0
0.000971249 1.88077e-05 0.0
0.00245371 4.25103e-05 0.0
0.00350014 7.94174e-05 0.0
0.00438518 0.000128474 0.0
0.00527326 0.000148123 0.0
0.00606519 0.00017183 0.0
0.00672707 0.000194774 0.0
0.0073466 0.000209332 0.0
0.00794573 0.000217632 0.0
0.00849519 0.000228349 0.0
0.00900439 0.000236389 0.0
0.00949634 0.000240265 0.0
0.00996371 0.000243502 0.0
0.0104006 0.000247328 0.0
0.0108185 0.000248977 0.0
0.0112218 0.000249235 0.0
0.0116044 0.000249788 0.0
0.0119679 0.000250055 0.0
0.0123182 0.000249104 0.0
0.0126547 0.000247905 0.0
0.0129752 0.000246872 0.0
0.0132824 0.000245393 0.0
0.0135786 0.000243402 0.0
0.0138625 0.000241473 0.0
0.0141341 0.00023952 0.0
0.0143956 0.000237245 0.0
0.0146473 0.000234825 0.0
0.0148887 0.000232475 0.0
0.0151206 0.000230028 0.0
0.015344 0.000227418 0.0
0.015559 0.000224797 0.0
0.0157655 0.000222195 0.0
0.0159644 0.000219504 0.0
0.0161561 0.000216752 0.0
0.0163406 0.000214015 0.0
0.0165183 0.000211262 0.0
0.0166897 0.000208452 0.0
0.016855 0.000205625 0.0
0.0170144 0.000202802 0.0
0.0171681 0.000199951 0.0
0.0173166 0.000197068 0.0
0.0174599 0.000194179 0.0
0.0175983 0.00019128 0.0
0.0177321 0.000188355 0.0
0.0178614 0.00018541 0.0
0.0179865 0.000182456 0.0
0.0181075 0.000179485 0.0
0.0182246 0.000176492 0.0
0.018338 0.000173484 0.0
0.0184478 0.000170463 0.0
0.0185542 0.000167424 0.0
0.0186573 0.000164368 0.0
0.0187573 0.0001613 0.0
0.0188544 0.000158218 0.0
0.0189485 0.000155121 0.0
0.0190399 0.000152012 0.0
0.0191287 0.000148894 0.0
0.019215 0.000145765 0.0
0.0192988 0.000142628 0.0
0.0193803 0.000139484 0.0
0.0194596 0.000136336 0.0
0.0195367 0.000133184 0.0
0.0196118 0.00013003 0.0
0.0196849 0.000126878 0.0
0.019756 0.000123728 0.0
0.0198254 0.000120583 0.0
0.0198929 0.000117445 0.0
0.0199588 0.000114316 0.0
0.020023 0.000111198 0.0
0.0200856 0.000108094 0.0
0.0201467 0.000105006 0.0
0.0202063 0.000101936 0.0
0.0202645 9.88874e-05 0.0
0.0203213 9.58613e-05 0.0
0.0203768 9.28606e-05 0.0
0.020431 8.98875e-05 0.0
0.0204839 8.69442e-05 0.0
0.0205356 8.4033e-05 0.0
0.0205862 8.11561e-05 0.0
0.0206356 7.83156e-05 0.0
0.0206839 7.55137e-05 0.0
0.0207311 7.27525e-05 0.0
0.0207773 7.0034e-05 0.0
0.0208225 6.736e-05 0.0
0.0208668 6.47326e-05 0.0
0.02091 6.21535e-05 0.0
0.0209524 5.96245e-05 0.0
0.0209938 5.71473e-05 0.0
0.0210344 5.47234e-05 0.0
0.0210741 5.23545e-05 0.0
0.021113 5.0042e-05 0.0
0.021151 4.77872e-05 0.0
0.0211883 4.55915e-05 0.0
0.0212248 4.34561e-05 0.0
0.0212606 4.1382e-05 0.0
0.0212956 3.93703e-05 0.0
0.0213299 3.74219e-05 0.0
0.0213634 3.55376e-05 0.0
0.0213963 3.37182e-05 0.0
0.0214285 3.19641e-05 0.0
0.02146 3.0276e-05 0.0
0.0214909 2.8654e-05 0.0
0.0215211 2.70986e-05 0.0
0.0215507 2.56095e-05 0.0
0.0215796 2.41869e-05 0.0
0.021608 2.28304e-05 0.0
0.0216356 2.15396e-05 0.0
0.0216627 2.03136e-05 0.0
0.0216892 1.91518e-05 0.0
0.021715 1.80529e-05 0.0
0.0217402 1.70155e-05 0.0
0.0217648 1.60375e-05 0.0
0.0217888 1.51176e-05 0.0
0.0218121 1.42523e-05 0.0
0.0218348 1.34394e-05 0.0
0.0218569 1.26744e-05 0.0
0.0218782 1.19548e-05 0.0
0.0218989 1.12734e-05 0.0
0.0219188 1.06271e-05 0.0
0.021938 1.00063e-05 0.0
0.0219564 9.40715e-06 0.0
0.021974 8.81486e-06 0.0
0.0219907 8.22559e-06 0.0
0.0220065 7.61843e-06 0.0
0.0220213 6.9885e-06 0.0
0.022035 6.30429e-06 0.0
0.0220475 5.56241e-06 0.0
0.0220587 4.71481e-06 0.0
0.0220685 3.7596e-06 0.0
0.0220767 2.62314e-06 0.0
0.0220831 1.30922e-06 0.0
0.0220875 -2.95132e-07 0.0
0.0220896 -2.14711e-06 0.0
0.0220898 -3.17732e-06 0.0
0.0 0.0 0.0
0.0 0.0 0.0
0.0193176 4.81899e-06 0.0
0.0193228 1.60791e-05 0.0
0.0193358 2.54649e-05 0.0
0.0193555 3.35245e-05 0.0
0.0193784 4.40262e-05 0.0
0.019408 5.33528e-05 0.0
0.0194449 5.98789e-05 0.0
0.0194841 6.86613e-05 0.0
0.0195267 7.71506e-05 0.0
0.0195772 8.16256e-05 0.0
0.0196302 8.7856e-05 0.0
0.0196832 9.54843e-05 0.0
0.0197416 9.81705e-05 0.0
0.019804 0.000101221 0.0
0.019865 0.000107344 0.0
0.0199275 0.000109528 0.0
0.0199934 0.000109651 0.0
0.0200589 0.000113323 0.0
0.0201234 0.000115473 0.0
0.020189 0.000114292 0.0
0.0202543 0.000115012 0.0
0.0203185 0.00011665 0.0
0.0203817 0.000115423 0.0
0.0204436 0.000114102 0.0
0.020504 0.000114335 0.0
0.0205633 0.000113397 0.0
0.0206201 0.000111211 0.0
0.0206742 0.000109978 0.0
0.020727 0.000108799 0.0
0.0207774 0.0001065 0.0
0.0208238 0.000104223 0.0
0.0208675 0.000102413 0.0
0.0209093 0.000100008 0.0
0.0209468 9.71453e-05 0.0
0.0209796 9.45797e-05 0.0
0.0210098 9.18568e-05 0.0
0.0210362 8.85337e-05 0.0
0.0210563 8.51873e-05 0.0
0.0210718 8.19567e-05 0.0
0.0210835 7.8111e-05 0.0
0.0210881 7.38846e-05 0.0
0.0210851 6.98655e-05 0.0
0.0210771 6.55202e-05 0.0
0.0210618 6.01917e-05 0.0
0.0210352 5.50541e-05 0.0
0.0210002 5.00467e-05 0.0
0.0209579 4.38436e-05 0.0
0.0209005 3.68474e-05 0.0
0.0208274 3.11682e-05 0.0
0.0207455 2.43341e-05 0.0
0.0206465 1.5609e-05 0.0
0.0205194 8.15903e-06 0.0
0.0203747 2.63662e-06 0.0
0.020214 -7.6679e-06 0.0
0.0200099 -1.63319e-05 0.0
0.0197613 -1.91754e-05 0.0
0.0194931 -2.40256e-05 0.0
0.0191715 -3.53429e-05 0.0
0.0187475 -2.32487e-05 0.0
0.0182608 -6.93812e-06 0.0
0.0177186 -1.71986e-06 0.0
0.0169852 4.6335e-05 0.0
0.0160073 0.000206528 0.0
0.0148682 0.000315106 0.0
0.0134128 0.000575252 0.0
0.0113101 0.00159022 0.0
0.00859913 0.00287228 0.0
0.00594789 0.00344568 0.0
0.00285952 0.00150629 0.0
0.0 0.0 0.0
0.0 0.0 0.0
0.0 0.0 0.0
0.0 0.0 0.0
0.0 0.0 0.0
0.0 0.0 0.0
0.0 0.0 0.0
0.0 0.0 0.0
0.0 0.0 0.0
0.0 0.0 0.0
0.0 0.0 0.0
0.0 0.0 0.0
0.0 0.0 0.0
0.0 0.0 0.0
0.0 0.0 0.0
0.0 0.0 0.0
0.0 0.0 0.0
0.0 0.0 0.0
0.0 0.0 0.0
0.0 0.0 0.0
0.0 0.0 0.0
0.0 0.0 0.0
0.0 0.0 0.0
0.0 0.0 0.0
0.0 0.0 0.0
0.0 0.0 0.0
0.0 0.0 0.0
0.0 0.0 0.0
0.0 0.0 0.0
0.0 0.0 0.0
0.0 0.0 0.0
0.0 0.0 0.0
0.0 0.0 0.0
0.0 0.0 0.0
0.0 0.0 0.0
0.0 0.0 0.0
0.0 0.0 0.0
0.0 0.0 0.0
0.0 0.0 0.0
0.0 0.0 0.0
0.0 0.0 0.0
0.0 0.0 0.0
0.0 0.0 0.0
0.0 0.0 0.0
0.0 0.0 0.0
0.0 0.0 0.0
0.0 0.0 0.0
0.0 0.0 0.0
0.0 0.0 0.0
0.0 0.0 0.0
0.0 0.0 0.0
0.0 0.0 0.0
0.0 0.0 0.0
0.0 0.0 0.0
0.0 0.0 0.0
0.0 0.0 0.0
0.0 0.0 0.0
0.0 0.0 0.0
0.0 0.0 0.0
0.0 0.0 0.0
0.0 0.0 0.0
0.0 0.0 0.0
0.0 0.0 0.0
0.0 0.0 0.0
0.0 0.0 0.0
0.0 0.0 0.0
0.0 0.0 0.0
0.0 0.0 0.0
0.0 0.0 0.0
0.0 0.0 0.0
0.0 0.0 0.0
0.0 0.0 0.0
0.0 0.0 0.0
0.0 0.0 0.0
0.0 0.0 0.0
0.0 0.0 0.0
0.0 0.0 0.0
0.0 0.0 0.0
0.0 0.0 0.0
0.0 0.0 0.0
0.0 0.0 0.0
0.0 0.0 0.0
0.0 0.0 0.0
0.0 0.0 0.0
0.0 0.0 0.0
0.0 0.0 0.0
0.0 0.0 0.0
0.0 0.0 0.0
0.0 0.0 0.0
0.0 0.0 0.0
0.000283213 -0.000275089 0.0
0.00072871 -0.000218089 0.0
0.000950929 -0.000147862 0.0
0.00114017 -0.00019115 0.0
0.00158255 -0.000479834 0.0
0.0021465 -0.00102759 0.0
0.0028579 -0.00109794 0.0
0.00381784 -0.000905009 0.0
0.00470714 -0.000732207 0.0
0.00543789 -0.000625208 0.0
0.00610196 -0.000527175 0.0
0.00675673 -0.000449145 0.0
0.00737756 -0.000397072 0.0
0.00794355 -0.000346645 0.0
0.00847697 -0.000299894 0.0
0.00899012 -0.000266134 0.0
0.00947524 -0.000237693 0.0
0.0099327 -0.000207963 0.0
0.0103718 -0.000182807 0.0
0.0107925 -0.000163222 0.0
0.011192 -0.000143929 0.0
0.0115737 -0.000124998 0.0
0.0119413 -0.000109473 0.0
0.012293 -9.58044e-05 0.0
0.012629 -8.19441e-05 0.0
0.0129519 -6.92461e-05 0.0
0.0132624 -5.84749e-05 0.0
0.0135599 -4.82043e-05 0.0
0.0138453 -3.81309e-05 0.0
0.01412 -2.9191e-05 0.0
0.014384 -2.11854e-05 0.0
0.0146374 -1.33857e-05 0.0
0.0148812 -6.04798e-06 0.0
0.0151159 4.71963e-07 0.0
0.0153416 6.53981e-06 0.0
0.0155586 1.23717e-05 0.0
0.0157677 1.77024e-05 0.0
0.0159691 2.25085e-05 0.0
0.016163 2.70364e-05 0.0
0.0163498 3.12747e-05 0.0
0.0165299 3.50891e-05 0.0
0.0167036 3.85636e-05 0.0
0.0168711 4.18043e-05 0.0
0.0170327 4.47503e-05 0.0
0.0171887 4.73717e-05 0.0
0.0173393 4.97479e-05 0.0
0.0174848 5.19029e-05 0.0
0.0176253 5.37957e-05 0.0
0.0177612 5.54436e-05 0.0
0.0178926 5.68924e-05 0.0
0.0180197 5.81368e-05 0.0
0.0181427 5.91644e-05 0.0
0.0182618 6.00016e-05 0.0
0.0183771 6.06677e-05 0.0
0.0184889 6.11553e-05 0.0
0.0185972 6.14695e-05 0.0
0.0187022 6.16305e-05 0.0
0.0188041 6.16446e-05 0.0
0.0189029 6.15109e-05 0.0
0.0189989 6.124e-05 0.0
0.019092 6.08444e-05 0.0
0.0191826 6.03271e-05 0.0
0.0192705 5.96922e-05 0.0
0.019356 5.89501e-05 0.0
0.0194392 5.81083e-05 0.0
0.0195201 5.71702e-05 0.0
0.0195988 5.61423e-05 0.0
0.0196755 5.50329e-05 0.0
0.0197501 5.38471e-05 0.0
0.0198228 5.25895e-05 0.0
0.0198936 5.12669e-05 0.0
0.0199626 4.98854e-05 0.0
0.0200299 4.84496e-05 0.0
0.0200956 4.69647e-05 0.0
0.0201596 4.54366e-05 0.0
0.020222 4.38702e-05 0.0
0.020283 4.22701e-05 0.0
0.0203425 4.0641e-05 0.0
0.0204006 3.89882e-05 0.0
0.0204574 3.73157e-05 0.0
0.0205128 3.56279e-05 0.0
0.0205669 3.39292e-05 0.0
0.0206199 3.22237e-05 0.0
0.0206716 3.05154e-05 0.0
0.0207222 2.8808e-05 0.0
0.0207716 2.71054e-05 0.0
0.02082 2.54111e-05 0.0
0.0208673 2.37285e-05 0.0
0.0209136 2.20611e-05 0.0
0.0209588 2.0412e-05 0.0
0.0210031 1.87844e-05 0.0
0.0210465 1.71811e-05 0.0
0.0210889 1.56051e-05 0.0
0.0211305 1.40591e-05 0.0
0.0211711 1.25457e-05 0.0
0.0212109 1.10673e-05 0.0
0.0212499 9.62655e-06 0.0
0.0212881 8.22555e-06 0.0
0.0213254 6.86654e-06 0.0
0.021362 5.55159e-06 0.0
0.0213979 4.28268e-06 0.0
0.021433 3.06168e-06 0.0
0.0214674 1.89037e-06 0.0
0.021501 7.70415e-07 0.0
0.021534 -2.96612e-07 0.0
0.0215663 -1.30922e-06 0.0
0.0215978 -2.26606e-06 0.0
0.0216288 -3.16584e-06 0.0
0.021659 -4.00738e-06 0.0
0.0216887 -4.78958e-06 0.0
0.0217176 -5.51153e-06 0.0
0.021746 -6.17231e-06 0.0
0.0217737 -6.77114e-06 0.0
0.0218007 -7.3074e-06 0.0
0.0218272 -7.78065e-06 0.0
0.021853 -8.19028e-06 0.0
0.0218782 -8.53613e-06 0.0
0.0219027 -8.8181e-06 0.0
0.0219266 -9.03622e-06 0.0
0.0219498 -9.19033e-06 0.0
0.0219723 -9.2813e-06 0.0
0.0219942 -9.3093e-06 0.0
0.0220154 -9.27533e-06 0.0
0.0220358 -9.17987e-06 0.0
0.0220554 -9.02531e-06 0.0
0.0220743 -8.81187e-06 0.0
0.0220923 -8.54291e-06 0.0
0.0221094 -8.21921e-06 0.0
0.0221255 -7.84625e-06 0.0
0.0221407 -7.42391e-06 0.0
0.0221547 -6.96104e-06 0.0
0.0221675 -6.45717e-06 0.0
0.022179 -5.92593e-06 0.0
0.0221891 -5.36471e-06 0.0
0.0221975 -4.796e-06 0.0
0.0222041 -4.21333e-06 0.0
0.0222086 -3.65185e-06 0.0
0.0222109 -3.11388e-06 0.0
0.022211 -2.82713e-06 0.0
0.0 0.0 0.0
0.0 0.0 0.0
0.0193164 1.88212e-06 0.0
0.0193238 6.25795e-06 0.0
0.0193363 9.50756e-06 0.0
0.0193537 1.30825e-05 0.0
0.0193781 1.77342e-05 0.0
0.0194084 2.00355e-05 0.0
0.0194419 2.2559e-05 0.0
0.0194815 2.81518e-05 0.0
0.0195267 3.04355e-05 0.0
0.0195739 3.03629e-05 0.0
0.0196246 3.55974e-05 0.0
0.019681 3.97152e-05 0.0
0.0197385 3.78377e-05 0.0
0.0197971 4.02978e-05 0.0
0.0198594 4.59748e-05 0.0
0.0199234 4.50861e-05 0.0
0.0199866 4.42048e-05 0.0
0.0200513 4.90313e-05 0.0
0.020117 5.06385e-05 0.0
0.0201818 4.85599e-05 0.0
0.0202461 5.06298e-05 0.0
0.0203103 5.36965e-05 0.0
0.0203732 5.27812e-05 0.0
0.0204349 5.26081e-05 0.0
0.0204953 5.5104e-05 0.0
0.0205537 5.5923e-05 0.0
0.0206102 5.53266e-05 0.0
0.0206651 5.64678e-05 0.0
0.0207172 5.79959e-05 0.0
0.0207664 5.82197e-05 0.0
0.0208135 5.86751e-05 0.0
0.0208578 5.99704e-05 0.0
0.0208982 6.0975e-05 0.0
0.0209353 6.17246e-05 0.0
0.0209693 6.28075e-05 0.0
0.0209991 6.40565e-05 0.0
0.0210242 6.54738e-05 0.0
0.021045 6.69793e-05 0.0
0.0210612 6.83996e-05 0.0
0.0210718 7.02656e-05 0.0
0.0210761 7.28362e-05 0.0
0.0210745 7.50069e-05 0.0
0.0210661 7.72747e-05 0.0
0.0210498 8.10419e-05 0.0
0.0210245 8.52782e-05 0.0
0.0209905 8.85002e-05 0.0
0.0209466 9.36134e-05 0.0
0.0208899 0.000101155 0.0
0.0208199 0.000107888 0.0
0.0207369 0.000114696 0.0
0.0206366 0.000127332 0.0
0.020515 0.000141635 0.0
0.0203735 0.000154772 0.0
0.0202085 0.000173828 0.0
0.0200098 0.000204219 0.0
0.0197759 0.000234295 0.0
0.0195061 0.00027149 0.0
0.0191824 0.000328492 0.0
0.0187938 0.000408346 0.0
0.0183412 0.000500078 0.0
0.0177869 0.000635877 0.0
0.0170976 0.000833623 0.0
0.0163049 0.00114071 0.0
0.0153308 0.00157781 0.0
0.0139646 0.00223749 0.0
0.0124122 0.00348865 0.0
0.0109935 0.00498306 0.0
0.00935435 0.00560453 0.0
0.00711025 0.00496996 0.0
0.00335277 0.00185707 0.0
0.0 0.0 0.0
0.0 0.0 0.0
0.0 0.0 0.0
0.0 0.0 0.0
0.0 0.0 0.0
0.0 0.0 0.0
0.0 0.0 0.0
0.0 0.0 0.0
0.0 0.0 0.0
0.0 0.0 0.0
0.0 0.0 0.0
0.0 0.0 0.0
0.0 0.0 0.0
0.0 0.0 0.0
0.0 0.0 0.0
0.0 0.0 0.0
0.0 0.0 0.0
0.0 0.0 0.0
0.0 0.0 0.0
0.0 0.0 0.0
0.0 0.0 0.0
0.0 0.0 0.0
0.0 0.0 0.0
0.0 0.0 0.0
0.0 0.0 0.0
0.0 0.0 0.0
0.0 0.0 0.0
0.0 0.0 0.0
0.0 0.0 0.0
0.0 0.0 0.0
0.0 0.0 0.0
0.0 0.0 0.0
0.0 0.0 0.0
0.0 0.0 0.0
0.0 0.0 0.0
0.0 0.0 0.0
0.0 0.0 0.0
0.0 0.0 0.0
0.0 0.0 0.0
0.0 0.0 0.0
0.0 0.0 0.0
0.0 0.0 0.0
0.0 0.0 0.0
0.0 0.0 0.0
0.0 0.0 0.0
0.0 0.0 0.0
0.0 0.0 0.0
0.0 0.0 0.0
0.0 0.0 0.0
0.0 0.0 0.0
0.0 0.0 0.0
0.0 0.0 0.0
0.0 0.0 0.0
0.0 0.0 0.0
0.0 0.0 0.0
0.0 0.0 0.0
0.0 0.0 0.0
0.0 0.0 0.0
0.0 0.0 0.0
0.0 0.0 0.0
0.0 0.0 0.0
0.0 0.0 0.0
0.0 0.0 0.0
0.0 0.0 0.0
0.0 0.0 0.0
0.0 0.0 0.0
0.0 0.0 0.0
0.0 0.0 0.0
0.0 0.0 0.0
0.0 0.0 0.0
0.0 0.0 0.0
0.0 0.0 0.0
0.0 0.0 0.0
0.0 0.0 0.0
0.0 0.0 0.0
0.0 0.0 0.0
0.0 0.0 0.0
0.0 0.0 0.0
0.0 0.0 0.0
0.0 0.0 0.0
0.0 0.0 0.0
0.0 0.0 0.0
0.0 0.0 0.0
0.0 0.0 0.0
0.000304679 -0.000278197 0.0
0.00076288 -0.000216666 0.0
0.000992488 -0.000153268 0.0
0.00119079 -0.000185933 0.0
0.00156656 -0.000416722 0.0
0.00197113 -0.000715496 0.0
0.00238251 -0.000691652 0.0
0.00292617 -0.00054846 0.0
0.00348844 -0.000602089 0.0
0.00397269 -0.00103803 0.0
0.00439309 -0.00145573 0.0
0.00477543 -0.00174522 0.0
0.00519587 -0.00157409 0.0
0.00571516 -0.00140331 0.0
0.00627737 -0.00126836 0.0
0.00686251 -0.00115469 0.0
0.00743816 -0.00104504 0.0
0.00796872 -0.000951908 0.0
0.00847112 -0.000874088 0.0
0.00897028 -0.000809725 0.0
0.00944992 -0.000748872 0.0
0.00989818 -0.000693679 0.0
0.010329 -0.000646462 0.0
0.0107486 -0.000604408 0.0
0.0111479 -0.000563774 0.0
0.0115275 -0.000526806 0.0
0.0118948 -0.00049407 0.0
0.0122487 -0.000463252 0.0
0.012586 -0.000433655 0.0
0.0129098 -0.000406724 0.0
0.0132227 -0.000381957 0.0
0.0135229 -0.000358162 0.0
0.0138104 -0.000335645 0.0
0.0140873 -0.00031495 0.0
0.0143543 -0.000295427 0.0
0.0146104 -0.000276702 0.0
0.0148566 -0.000259152 0.0
0.015094 -0.000242802 0.0
0.0153224 -0.000227227 0.0
0.015542 -0.000212421 0.0
0.0157536 -0.000198578 0.0
0.0159576 -0.000185555 0.0
0.016154 -0.00017316 0.0
0.0163431 -0.000161477 0.0
0.0165255 -0.000150541 0.0
0.0167015 -0.000140216 0.0
0.0168712 -0.000130448 0.0
0.0170349 -0.000121294 0.0
0.017193 -0.000112719 0.0
0.0173456 -0.000104639 0.0
0.017493 -9.7052e-05 0.0
0.0176354 -8.99724e-05 0.0
0.0177731 -8.33507e-05 0.0
0.0179062 -7.71484e-05 0.0
0.018035 -7.13701e-05 0.0
0.0181596 -6.60028e-05 0.0
0.0182803 -6.10083e-05 0.0
0.0183971 -5.63705e-05 0.0
0.0185103 -5.20863e-05 0.0
0.0186201 -4.81344e-05 0.0
0.0187265 -4.44902e-05 0.0
0.0188297 -4.11448e-05 0.0
0.0189298 -3.80882e-05 0.0
0.019027 -3.53002e-05 0.0
0.0191214 -3.27657e-05 0.0
0.0192131 -3.04763e-05 0.0
0.0193022 -2.84189e-05 0.0
0.0193889 -2.65779e-05 0.0
0.0194731 -2.49426e-05 0.0
0.0195551 -2.35037e-05 0.0
0.0196348 -2.22485e-05 0.0
0.0197125 -2.11653e-05 0.0
0.0197881 -2.02452e-05 0.0
0.0198618 -1.94785e-05 0.0
0.0199335 -1.88546e-05 0.0
0.0200035 -1.83641e-05 0.0
0.0200717 -1.79989e-05 0.0
0.0201382 -1.775e-05 0.0
0.0202031 -1.76087e-05 0.0
0.0202664 -1.75671e-05 0.0
0.0203282 -1.76179e-05 0.0
0.0203885 -1.77531e-05 0.0
0.0204474 -1.79655e-05 0.0
0.0205049 -1.82485e-05 0.0
0.0205611 -1.85953e-05 0.0
0.020616 -1.89993e-05 0.0
0.0206697 -1.94543e-05 0.0
0.0207222 -1.99546e-05 0.0
0.0207734 -2.04944e-05 0.0
0.0208236 -2.1068e-05 0.0
0.0208726 -2.16703e-05 0.0
0.0209206 -2.22962e-05 0.0
0.0209675 -2.29407e-05 0.0
0.0210135 -2.35992e-05 0.0
0.0210584 -2.42672e-05 0.0
0.0211024 -2.49403e-05 0.0
0.0211454 -2.56144e-05 0.0
0.0211876 -2.62855e-05 0.0
0.0212288 -2.69498e-05 0.0
0.0212692 -2.76035e-05 0.0
0.0213088 -2.82432e-05 0.0
0.0213475 -2.88654e-05 0.0
0.0213855 -2.94669e-05 0.0
0.0214226 -3.00446e-05 0.0
0.021459 -3.05953e-05 0.0
0.0214946 -3.11162e-05 0.0
0.0215295 -3.16045e-05 0.0
0.0215637 -3.20574e-05 0.0
0.0215972 -3.24724e-05 0.0
0.02163 -3.28468e-05 0.0
0.0216621 -3.31783e-05 0.0
0.0216935 -3.34644e-05 0.0
0.0217243 -3.37028e-05 0.0
0.0217544 -3.38912e-05 0.0
0.0217838 -3.40273e-05 0.0
0.0218127 -3.4109e-05 0.0
0.0218409 -3.4134e-05 0.0
0.0218684 -3.41001e-05 0.0
0.0218954 -3.40052e-05 0.0
0.0219217 -3.38469e-05 0.0
0.0219473 -3.36232e-05 0.0
0.0219724 -3.33314e-05 0.0
0.0219968 -3.29696e-05 0.0
0.0220206 -3.25348e-05 0.0
0.0220437 -3.20247e-05 0.0
0.0220661 -3.14359e-05 0.0
0.0220879 -3.07664e-05 0.0
0.0221089 -3.00113e-05 0.0
0.0221292 -2.91684e-05 0.0
0.0221488 -2.82322e-05 0.0
0.0221675 -2.71998e-05 0.0
0.0221854 -2.60633e-05 0.0
0.0222025 -2.48198e-05 0.0
0.0222186 -2.34591e-05 0.0
0.0222336 -2.19768e-05 0.0
0.0222476 -2.03585e-05 0.0
0.0222603 -1.85993e-05 0.0
0.0222718 -1.66785e-05 0.0
0.0222818 -1.45892e-05 0.0
0.0222901 -1.23013e-05 0.0
0.0222967 -9.80612e-06 0.0
0.0223012 -7.05908e-06 0.0
0.0223035 -4.1021e-06 0.0
0.0223036 -2.47889e-06 0.0
0.0 0.0 0.0
0.0 0.0 0.0
0.0193164 -1.0627e-06 0.0
0.0193238 -3.90371e-06 0.0
0.0193364 -5.61344e-06 0.0
0.0193538 -7.6421e-06 0.0
0.0193782 -1.07301e-05 0.0
0.0194084 -1.14482e-05 0.0
0.019442 -1.23678e-05 0.0
0.0194816 -1.63288e-05 0.0
0.0195268 -1.69419e-05 0.0
0.019574 -1.51632e-05 0.0
0.0196248 -1.86519e-05 0.0
0.0196811 -2.097e-05 0.0
0.0197387 -1.72333e-05 0.0
0.0197973 -1.7783e-05 0.0
0.0198596 -2.14834e-05 0.0
0.0199237 -1.85323e-05 0.0
0.0199869 -1.55118e-05 0.0
0.0200516 -1.8129e-05 0.0
0.0201174 -1.74155e-05 0.0
0.0201822 -1.28976e-05 0.0
0.0202466 -1.24424e-05 0.0
0.0203108 -1.28697e-05 0.0
0.0203737 -9.1342e-06 0.0
0.0204356 -6.01032e-06 0.0
0.0204961 -5.44652e-06 0.0
0.0205544 -2.98792e-06 0.0
0.0206111 1.13321e-06 0.0
0.0206662 3.63096e-06 0.0
0.0207183 5.95896e-06 0.0
0.0207676 9.97735e-06 0.0
0.020815 1.40163e-05 0.0
0.0208595 1.73535e-05 0.0
0.0208997 2.14965e-05 0.0
0.0209372 2.64259e-05 0.0
0.0209717 3.12048e-05 0.0
0.0210014 3.62384e-05 0.0
0.0210265 4.21326e-05 0.0
0.0210483 4.84018e-05 0.0
0.021065 5.50443e-05 0.0
0.0210749 6.25274e-05 0.0
0.0210802 7.08093e-05 0.0
0.0210803 7.96397e-05 0.0
0.0210715 8.97348e-05 0.0
0.0210549 0.00010111 0.0
0.0210328 0.000113441 0.0
0.0210003 0.000127279 0.0
0.0209545 0.000143898 0.0
0.0209008 0.000162051 0.0
0.0208368 0.000182195 0.0
0.0207525 0.000206778 0.0
0.0206519 0.000236314 0.0
0.0205416 0.000267366 0.0
0.020406 0.000305758 0.0
0.0202365 0.000355706 0.0
0.0200503 0.000411969 0.0
0.0198405 0.00047355 0.0
0.0195729 0.000564691 0.0
0.019257 0.000679128 0.0
0.0189168 0.000799705 0.0
0.0185077 0.000965969 0.0
0.0179867 0.00123865 0.0
0.017393 0.00154121 0.0
0.0167323 0.00189717 0.0
0.0159325 0.00258251 0.0
0.0149592 0.00356849 0.0
0.0139883 0.00461677 0.0
0.0132414 0.00596922 0.0
0.0123496 0.0072463 0.0
0.0107535 0.00729697 0.0
0.00859877 0.00556863 0.0
0.0054609 0.00203064 0.0
0.00206838 0.000429813 0.0
0.0 0.0 0.0
0.0 0.0 0.0
0.0 0.0 0.0
0.0 0.0 0.0
0.0 0.0 0.0
0.0 0.0 0.0
0.0 0.0 0.0
0.0 0.0 0.0
0.0 0.0 0.0
0.0 0.0 0.0
0.0 0.0 0.0
0.0 0.0 0.0
0.0 0.0 0.0
0.0 0.0 0.0
0.0 0.0 0.0
0.0 0.0 0.0
0.0 0.0 0.0
0.0 0.0 0.0
0.0 0.0 0.0
0.0 0.0 0.0
0.0 0.0 0.0
0.0 0.0 0.0
0.0 0.0 0.0
0.0 0.0 0.0
0.0 0.0 0.0
0.0 0.0 0.0
0.0 0.0 0.0
0.0 0.0 0.0
0.0 0.0 0.0
0.0 0.0 0.0
0.0 0.0 0.0
0.0 0.0 0.0
0.0 0.0 0.0
0.0 0.0 0.0
0.0 0.0 0.0
0.0 0.0 0.0
0.0 0.0 0.0
0.0 0.0 0.0
0.0 0.0 0.0
0.0 0.0 0.0
0.0 0.0 0.0
0.0 0.0 0.0
0.0 0.0 0.0
0.0 0.0 0.0
0.0 0.0 0.0
0.0 0.0 0.0
0.0 0.0 0.0
0.0 0.0 0.0
0.0 0.0 0.0
0.0 0.0 0.0
0.0 0.0 0.0
0.0 0.0 0.0
0.0 0.0 0.0
0.0 0.0 0.0
0.0 0.0 0.0
0.0 0.0 0.0
0.0 0.0 0.0
0.0 0.0 0.0
0.0 0.0 0.0
0.0 0.0 0.0
0.0 0.0 0.0
0.0 0.0 0.0
0.0 0.0 0.0
0.0 0.0 0.0
0.0 0.0 0.0
0.0 0.0 0.0
0.0 0.0 0.0
0.0 0.0 0.0
0.0 0.0 0.0
0.0 0.0 0.0
0.0 0.0 0.0
0.0 0.0 0.0
0.0 0.0 0.0
0.0 0.0 0.0
0.0 0.0 0.0
0.0 0.0 0.0
0.0 0.0 0.0
0.000341862 -0.000290833 0.0
0.000841454 -0.000226502 0.0
0.00109133 -0.000154687 0.0
0.00129897 -0.000186015 0.0
0.00169301 -0.00043297 0.0
0.00212067 -0.000741012 0.0
0.0025482 -0.000702236 0.0
0.00308785 -0.000551241 0.0
0.00361736 -0.000559646 0.0
0.00404407 -0.000857602 0.0
0.00440306 -0.00105897 0.0
0.00477424 -0.00115953 0.0
0.00522378 -0.00109857 0.0
0.00576776 -0.00118381 0.0
0.00625111 -0.00144051 0.0
0.00655255 -0.00174422 0.0
0.00671405 -0.00194375 0.0
0.0069302 -0.00195408 0.0
0.00730123 -0.00191486 0.0
0.00774327 -0.00177219 0.0
0.00817534 -0.00164912 0.0
0.0085956 -0.00154183 0.0
0.0090377 -0.00144004 0.0
0.00948919 -0.00134459 0.0
0.00991655 -0.00126309 0.0
0.0103228 -0.00118536 0.0
0.0107264 -0.00111476 0.0
0.0111205 -0.001052 0.0
0.0114943 -0.000993555 0.0
0.0118542 -0.000937517 0.0
0.0122057 -0.000886997 0.0
0.0125436 -0.000840421 0.0
0.0128662 -0.00079561 0.0
0.0131784 -0.000753354 0.0
0.0134805 -0.000714641 0.0
0.01377 -0.000677843 0.0
0.014048 -0.000642481 0.0
0.0143168 -0.000609403 0.0
0.0145758 -0.000578464 0.0
0.0148242 -0.00054875 0.0
0.0150636 -0.000520466 0.0
0.0152947 -0.000493959 0.0
0.015517 -0.000468824 0.0
0.0157308 -0.00044474 0.0
0.015937 -0.000421969 0.0
0.0161359 -0.000400511 0.0
0.0163273 -0.000380067 0.0
0.0165117 -0.000360599 0.0
0.0166898 -0.000342238 0.0
0.0168615 -0.000324866 0.0
0.017027 -0.000308334 0.0
0.0171868 -0.000292681 0.0
0.0173412 -0.000277922 0.0
0.0174901 -0.000263943 0.0
0.017634 -0.000250693 0.0
0.0177731 -0.000238196 0.0
0.0179075 -0.000226414 0.0
0.0180375 -0.000215275 0.0
0.0181632 -0.000204764 0.0
0.018285 -0.000194878 0.0
0.0184028 -0.00018557 0.0
0.0185169 -0.000176799 0.0
0.0186275 -0.000168559 0.0
0.0187346 -0.000160829 0.0
0.0188386 -0.000153569 0.0
0.0189394 -0.00014676 0.0
0.0190372 -0.000140388 0.0
0.0191322 -0.000134428 0.0
0.0192244 -0.000128854 0.0
0.019314 -0.000123652 0.0
0.0194011 -0.000118804 0.0
0.0194858 -0.00011429 0.0
0.0195682 -0.000110089 0.0
0.0196483 -0.000106189 0.0
0.0197263 -0.000102574 0.0
0.0198022 -9.92246e-05 0.0
0.0198762 -9.6128e-05 0.0
0.0199483 -9.3271e-05 0.0
0.0200185 -9.06388e-05 0.0
0.020087 -8.82172e-05 0.0
0.0201537 -8.59948e-05 0.0
0.0202189 -8.39595e-05 0.0
0.0202824 -8.20988e-05 0.0
0.0203444 -8.04016e-05 0.0
0.020405 -7.88576e-05 0.0
0.0204641 -7.74565e-05 0.0
0.0205218 -7.61878e-05 0.0
0.0205782 -7.50423e-05 0.0
0.0206333 -7.40112e-05 0.0
0.0206872 -7.30854e-05 0.0
0.0207399 -7.22565e-05 0.0
0.0207913 -7.15167e-05 0.0
0.0208417 -7.08583e-05 0.0
0.0208909 -7.02738e-05 0.0
0.0209391 -6.97561e-05 0.0
0.0209862 -6.92986e-05 0.0
0.0210323 -6.88948e-05 0.0
0.0210775 -6.85382e-05 0.0
0.0211216 -6.82232e-05 0.0
0.0211649 -6.79439e-05 0.0
0.0212072 -6.76948e-05 0.0
0.0212487 -6.74706e-05 0.0
0.0212893 -6.72663e-05 0.0
0.021329 -6.7077e-05 0.0
0.0213679 -6.68981e-05 0.0
0.0214061 -6.6725e-05 0.0
0.0214434 -6.65534e-05 0.0
0.02148 -6.63791e-05 0.0
0.0215159 -6.61981e-05 0.0
0.021551 -6.60063e-05 0.0
0.0215854 -6.58001e-05 0.0
0.0216191 -6.55757e-05 0.0
0.0216521 -6.53295e-05 0.0
0.0216844 -6.5058e-05 0.0
0.0217161 -6.47577e-05 0.0
0.0217471 -6.44252e-05 0.0
0.0217775 -6.4057e-05 0.0
0.0218072 -6.365e-05 0.0
0.0218363 -6.32006e-05 0.0
0.0218648 -6.27057e-05 0.0
0.0218927 -6.21615e-05 0.0
0.0219199 -6.15648e-05 0.0
0.0219466 -6.09118e-05 0.0
0.0219727 -6.01992e-05 0.0
0.0219981 -5.94224e-05 0.0
0.0220229 -5.85782e-05 0.0
0.0220472 -5.76616e-05 0.0
0.0220708 -5.66685e-05 0.0
0.0220938 -5.5593e-05 0.0
0.0221161 -5.44313e-05 0.0
0.0221378 -5.31754e-05 0.0
0.0221589 -5.18205e-05 0.0
0.0221793 -5.03572e-05 0.0
0.0221989 -4.87802e-05 0.0
0.0222178 -4.70757e-05 0.0
0.022236 -4.52381e-05 0.0
0.0222533 -4.32491e-05 0.0
0.0222697 -4.11017e-05 0.0
0.0222853 -3.87697e-05 0.0
0.0222998 -3.62455e-05 0.0
0.0223133 -3.34919e-05 0.0
0.0223256 -3.04994e-05 0.0
0.0223367 -2.72132e-05 0.0
0.0223463 -2.36238e-05 0.0
0.0223544 -1.96487e-05 0.0
0.0223607 -1.52777e-05 0.0
0.0223651 -1.03882e-05 0.0
0.0223672 -5.05783e-06 0.0
0.0223673 -2.12201e-06 0.0
0.0 0.0 0.0
0.0 0.0 0.0
0.0193176 -4.00028e-06 0.0
0.0193229 -1.37324e-05 0.0
0.0193359 -2.1583e-05 0.0
0.0193556 -2.80963e-05 0.0
0.0193786 -3.70399e-05 0.0
0.0194081 -4.47918e-05 0.0
0.0194451 -4.97143e-05 0.0
0.0194844 -5.68659e-05 0.0
0.019527 -6.36957e-05 0.0
0.0195776 -6.64703e-05 0.0
0.0196306 -7.09503e-05 0.0
0.0196837 -7.67866e-05 0.0
0.0197421 -7.76298e-05 0.0
0.0198046 -7.87666e-05 0.0
0.0198657 -8.29071e-05 0.0
0.0199283 -8.30525e-05 0.0
0.0199943 -8.105e-05 0.0
0.02006 -8.24897e-05 0.0
0.0201246 -8.23313e-05 0.0
0.0201903 -7.87585e-05 0.0
0.0202558 -7.6935e-05 0.0
0.0203201 -7.59018e-05 0.0
0.0203835 -7.1924e-05 0.0
0.0204456 -6.76908e-05 0.0
0.0205063 -6.47819e-05 0.0
0.0205658 -6.05938e-05 0.0
0.0206229 -5.50248e-05 0.0
0.0206774 -5.009e-05 0.0
0.0207304 -4.49477e-05 0.0
0.0207811 -3.86137e-05 0.0
0.020828 -3.19537e-05 0.0
0.0208722 -2.52537e-05 0.0
0.0209143 -1.77816e-05 0.0
0.0209524 -9.66692e-06 0.0
0.0209862 -1.03738e-06 0.0
0.0210169 8.28981e-06 0.0
0.0210438 1.82878e-05 0.0
0.0210654 2.90866e-05 0.0
0.021082 4.11652e-05 0.0
0.0210943 5.40686e-05 0.0
0.0211007 6.78474e-05 0.0
0.0211003 8.35272e-05 0.0
0.0210936 0.000101116 0.0
0.02108 0.000119534 0.0
0.0210578 0.00014035 0.0
0.0210266 0.000164752 0.0
0.0209861 0.000191344 0.0
0.0209347 0.000220061 0.0
0.0208705 0.000254823 0.0
0.0207933 0.000294766 0.0
0.0207015 0.000338394 0.0
0.0205915 0.00038929 0.0
0.0204615 0.000452125 0.0
0.0203119 0.000522994 0.0
0.0201371 0.000606275 0.0
0.0199286 0.000708236 0.0
0.0196897 0.000832974 0.0
0.0194227 0.000982996 0.0
0.019101 0.00117306 0.0
0.0187131 0.00140465 0.0
0.0183011 0.00170792 0.0
0.0178508 0.00211405 0.0
0.0172571 0.00261618 0.0
0.0166048 0.00329958 0.0
0.0160949 0.00428074 0.0
0.0155596 0.0053763 0.0
0.0149071 0.00658191 0.0
0.0146201 0.00788062 0.0
0.0144879 0.00835339 0.0
0.0133459 0.00756376 0.0
0.0108705 0.00590516 0.0
0.00785095 0.00330236 0.0
0.00492241 0.00150083 0.0
0.00209519 0.000418092 0.0
0.0 0.0 0.0
0.0 0.0 0.0
0.0 0.0 0.0
0.0 0.0 0.0
0.0 0.0 0.0
0.0 0.0 0.0
0.0 0.0 0.0
0.0 0.0 0.0
0.0 0.0 0.0
0.0 0.0 0.0
0.0 0.0 0.0
0.0 0.0 0.0
0.0 0.0 0.0
0.0 0.0 0.0
0.0 0.0 0.0
0.0 0.0 0.0
0.0 0.0 0.0
0.0 0.0 0.0
0.0 0.0 0.0
0.0 0.0 0.0
0.0 0.0 0.0
0.0 0.0 0.0
0.0 0.0 0.0
0.0 0.0 0.0
0.0 0.0 0.0
0.0 0.0 0.0
0.0 0.0 0.0
0.0 0.0 0.0
0.0 0.0 0.0
0.0 0.0 0.0
0.0 0.0 0.0
0.0 0.0 0.0
0.0 0.0 0.0
0.0 0.0 0.0
0.0 0.0 0.0
0.0 0.0 0.0
0.0 0.0 0.0
0.0 0.0 0.0
0.0 0.0 0.0
0.0 0.0 0.0
0.0 0.0 0.0
0.0 0.0 0.0
0.0 0.0 0.0
0.0 0.0 0.0
0.0 0.0 0.0
0.0 0.0 0.0
0.0 0.0 0.0
0.0 0.0 0.0
0.0 0.0 0.0
0.0 0.0 0.0
0.0 0.0 0.0
0.0 0.0 0.0
0.0 0.0 0.0
0.0 0.0 0.0
0.0 0.0 0.0
0.0 0.0 0.0
0.0 0.0 0.0
0.0 0.0 0.0
0.0 0.0 0.0
0.0 0.0 0.0
0.0 0.0 0.0
0.0 0.0 0.0
0.0 0.0 0.0
0.0 0.0 0.0
0.0 0.0 0.0
0.0 0.0 0.0
0.0 0.0 0.0
0.0 0.0 0.0
0.0 0.0 0.0
0.0 0.0 0.0
0.000403298 -0.00031728 0.0
0.00096029 -0.000237683 0.0
0.00122931 -0.000156349 0.0
0.00145508 -0.000192538 0.0
0.00188463 -0.000463315 0.0
0.00234529 -0.000795038 0.0
0.00280166 -0.000750901 0.0
0.00338015 -0.000582272 0.0
0.00394565 -0.000579445 0.0
0.0043864 -0.000889446 0.0
0.00474562 -0.0010952 0.0
0.00512819 -0.00118312 0.0
0.00558126 -0.00108666 0.0
0.00609196 -0.00109558 0.0
0.00654332 -0.0012057 0.0
0.00687405 -0.00138369 0.0
0.00716226 -0.00147096 0.0
0.00751138 -0.00153561 0.0
0.00790541 -0.0016683 0.0
0.0082923 -0.00178807 0.0
0.00858954 -0.00201691 0.0
0.00881573 -0.00213081 0.0
0.00904371 -0.00222009 0.0
0.00926015 -0.00221774 0.0
0.00951021 -0.00212154 0.0
0.00981891 -0.00203163 0.0
0.0101609 -0.00193429 0.0
0.0105124 -0.00183594 0.0
0.0108603 -0.00173666 0.0
0.0112046 -0.00164587 0.0
0.011552 -0.00156207 0.0
0.0118969 -0.001484 0.0
0.0122289 -0.0014076 0.0
0.0125502 -0.00133698 0.0
0.0128666 -0.00127232 0.0
0.0131742 -0.00121072 0.0
0.0134691 -0.00115103 0.0
0.0137547 -0.0010958 0.0
0.0140328 -0.00104419 0.0
0.0143005 -0.000994343 0.0
0.0145579 -0.000946697 0.0
0.014807 -0.000902312 0.0
0.0150479 -0.000860078 0.0
0.0152795 -0.000819359 0.0
0.0155025 -0.000780788 0.0
0.0157181 -0.000744489 0.0
0.015926 -0.000709693 0.0
0.0161259 -0.000676387 0.0
0.0163188 -0.000644923 0.0
0.016505 -0.000615076 0.0
0.0166844 -0.000586484 0.0
0.0168572 -0.000559293 0.0
0.0170241 -0.000533579 0.0
0.0171851 -0.000509102 0.0
0.0173403 -0.000485749 0.0
0.0174902 -0.000463625 0.0
0.017635 -0.000442669 0.0
0.0177748 -0.000422725 0.0
0.0179097 -0.000403782 0.0
0.0180402 -0.000385866 0.0
0.0181664 -0.000368885 0.0
0.0182884 -0.000352762 0.0
0.0184064 -0.000337502 0.0
0.0185206 -0.00032308 0.0
0.0186313 -0.000309422 0.0
0.0187384 -0.000296493 0.0
0.0188422 -0.000284286 0.0
0.0189428 -0.000272758 0.0
0.0190404 -0.000261862 0.0
0.0191351 -0.000251577 0.0
0.019227 -0.000241883 0.0
0.0193162 -0.000232741 0.0
0.0194029 -0.00022412 0.0
0.0194871 -0.000216003 0.0
0.019569 -0.000208365 0.0
0.0196486 -0.000201174 0.0
0.0197261 -0.00019441 0.0
0.0198015 -0.000188055 0.0
0.0198749 -0.000182084 0.0
0.0199464 -0.000176475 0.0
0.020016 -0.000171211 0.0
0.0200839 -0.000166273 0.0
0.0201501 -0.000161642 0.0
0.0202147 -0.000157301 0.0
0.0202776 -0.000153234 0.0
0.0203391 -0.000149425 0.0
0.020399 -0.000145858 0.0
0.0204576 -0.000142519 0.0
0.0205148 -0.000139395 0.0
0.0205707 -0.000136471 0.0
0.0206252 -0.000133736 0.0
0.0206786 -0.000131178 0.0
0.0207307 -0.000128784 0.0
0.0207817 -0.000126543 0.0
0.0208316 -0.000124446 0.0
0.0208804 -0.000122481 0.0
0.0209281 -0.00012064 0.0
0.0209748 -0.000118912 0.0
0.0210205 -0.000117289 0.0
0.0210652 -0.000115763 0.0
0.021109 -0.000114325 0.0
0.0211519 -0.000112968 0.0
0.0211939 -0.000111684 0.0
0.021235 -0.000110467 0.0
0.0212752 -0.000109308 0.0
0.0213147 -0.000108203 0.0
0.0213533 -0.000107143 0.0
0.0213912 -0.000106125 0.0
0.0214283 -0.00010514 0.0
0.0214646 -0.000104185 0.0
0.0215002 -0.000103254 0.0
0.0215351 -0.000102341 0.0
0.0215693 -0.000101442 0.0
0.0216028 -0.000100551 0.0
0.0216357 -9.96641e-05 0.0
0.0216679 -9.87764e-05 0.0
0.0216994 -9.78834e-05 0.0
0.0217303 -9.69808e-05 0.0
0.0217606 -9.60642e-05 0.0
0.0217903 -9.51291e-05 0.0
0.0218193 -9.41715e-05 0.0
0.0218478 -9.31868e-05 0.0
0.0218757 -9.2171e-05 0.0
0.021903 -9.11195e-05 0.0
0.0219297 -9.00281e-05 0.0
0.0219559 -8.88918e-05 0.0
0.0219815 -8.77065e-05 0.0
0.0220065 -8.64668e-05 0.0
0.022031 -8.5168e-05 0.0
0.0220549 -8.3804e-05 0.0
0.0220782 -8.23701e-05 0.0
0.022101 -8.08588e-05 0.0
0.0221232 -7.92646e-05 0.0
0.0221447 -7.75786e-05 0.0
0.0221657 -7.57949e-05 0.0
0.0221861 -7.39017e-05 0.0
0.0222059 -7.18923e-05 0.0
0.022225 -6.97516e-05 0.0
0.0222435 -6.74716e-05 0.0
0.0222612 -6.50316e-05 0.0
0.0222782 -6.24228e-05 0.0
0.0222945 -5.96167e-05 0.0
0.0223099 -5.66025e-05 0.0
0.0223245 -5.33398e-05 0.0
0.0223381 -4.98172e-05 0.0
0.0223507 -4.59756e-05 0.0
0.0223623 -4.18021e-05 0.0
0.0223726 -3.72101e-05 0.0
0.0223815 -3.21865e-05 0.0
0.0223891 -2.66009e-05 0.0
0.0223949 -2.04418e-05 0.0
0.0223989 -1.35139e-05 0.0
0.0224009 -5.92858e-06 0.0
0.022401 -1.74612e-06 0.0
0.0 0.0 0.0
0.0 0.0 0.0
0.0193182 -8.52873e-06 0.0
0.0193245 -2.22503e-05 0.0
0.0193356 -3.73069e-05 0.0
0.0193555 -5.10943e-05 0.0
0.0193813 -6.31039e-05 0.0
0.0194106 -7.76415e-05 0.0
0.0194463 -9.02003e-05 0.0
0.0194886 -9.76407e-05 0.0
0.0195334 -0.000108883 0.0
0.0195823 -0.000121444 0.0
0.0196365 -0.000124998 0.0
0.0196931 -0.00012965 0.0
0.0197517 -0.000140488 0.0
0.0198137 -0.00014361 0.0
0.0198771 -0.000141708 0.0
0.0199416 -0.000147382 0.0
0.0200076 -0.000151031 0.0
0.0200739 -0.000146509 0.0
0.0201402 -0.000145244 0.0
0.0202071 -0.000147439 0.0
0.0202729 -0.000143265 0.0
0.0203378 -0.000137273 0.0
0.0204025 -0.000135328 0.0
0.0204657 -0.000131674 0.0
0.0205267 -0.000123968 0.0
0.0205867 -0.000117776 0.0
0.0206451 -0.000112625 0.0
0.0207005 -0.000104728 0.0
0.0207537 -9.57033e-05 0.0
0.0208051 -8.78023e-05 0.0
0.0208533 -7.89468e-05 0.0
0.0208982 -6.83499e-05 0.0
0.0209406 -5.75427e-05 0.0
0.0209798 -4.64995e-05 0.0
0.0210147 -3.40432e-05 0.0
0.0210462 -2.05551e-05 0.0
0.0210739 -6.34087e-06 0.0
0.0210966 9.10529e-06 0.0
0.0211146 2.59962e-05 0.0
0.0211283 4.4151e-05 0.0
0.0211359 6.41581e-05 0.0
0.0211368 8.61176e-05 0.0
0.0211325 0.00010993 0.0
0.0211214 0.000136246 0.0
0.0211005 0.00016612 0.0
0.021072 0.00019874 0.0
0.0210366 0.00023461 0.0
0.0209884 0.000276006 0.0
0.0209268 0.000323624 0.0
0.0208572 0.000375002 0.0
0.0207739 0.000434167 0.0
0.0206687 0.000505943 0.0
0.0205486 0.000587134 0.0
0.0204158 0.000675024 0.0
0.0202548 0.000786567 0.0
0.0200634 0.000924827 0.0
0.0198539 0.00107363 0.0
0.0196171 0.00124853 0.0
0.0193372 0.00149746 0.0
0.0190205 0.00178941 0.0
0.0186705 0.00209765 0.0
0.0182939 0.00254222 0.0
0.0178912 0.00317013 0.0
0.0174488 0.00382672 0.0
0.0170559 0.00463796 0.0
0.0168303 0.00578475 0.0
0.016649 0.00695078 0.0
0.016458 0.00794779 0.0
0.0164069 0.00863819 0.0
0.0163164 0.00847517 0.0
0.0156432 0.00781392 0.0
0.0135611 0.00637894 0.0
0.0104588 0.00495412 0.0
0.00764538 0.00295844 0.0
0.00506413 0.0015055 0.0
0.00217106 0.000555828 0.0
0.0 0.0 0.0
0.0 0.0 0.0
0.0 0.0 0.0
0.0 0.0 0.0
0.0 0.0 0.0
0.0 0.0 0.0
0.0 0.0 0.0
0.0 0.0 0.0
0.0 0.0 0.0
0.0 0.0 0.0
0.0 0.0 0.0
0.0 0.0 0.0
0.0 0.0 0.0
0.0 0.0 0.0
0.0 0.0 0.0
0.0 0.0 0.0
0.0 0.0 0.0
0.0 0.0 0.0
0.0 0.0 0.0
0.0 0.0 0.0
0.0 0.0 0.0
0.0 0.0 0.0
0.0 0.0 0.0
0.0 0.0 0.0
0.0 0.0 0.0
0.0 0.0 0.0
0.0 0.0 0.0
0.0 0.0 0.0
0.0 0.0 0.0
0.0 0.0 0.0
0.0 0.0 0.0
0.0 0.0 0.0
0.0 0.0 0.0
0.0 0.0 0.0
0.0 0.0 0.0
0.0 0.0 0.0
0.0 0.0 0.0
0.0 0.0 0.0
0.0 0.0 0.0
0.0 0.0 0.0
0.0 0.0 0.0
0.0 0.0 0.0
0.0 0.0 0.0
0.0 0.0 0.0
0.0 0.0 0.0
0.0 0.0 0.0
0.0 0.0 0.0
0.0 0.0 0.0
0.0 0.0 0.0
0.0 0.0 0.0
0.0 0.0 0.0
0.0 0.0 0.0
0.0 0.0 0.0
0.0 0.0 0.0
0.0 0.0 0.0
0.0 0.0 0.0
0.0 0.0 0.0
0.0 0.0 0.0
0.0 0.0 0.0
0.0 0.0 0.0
0.0 0.0 0.0
0.000419092 -0.000329846 0.0
0.000999405 -0.000249891 0.0
0.00128027 -0.000159585 0.0
0.00144568 -0.000148733 0.0
0.00163249 -0.000173161 0.0
0.00187558 -0.000200986 0.0
0.00227847 -0.000474168 0.0
0.00272142 -0.000868166 0.0
0.0032123 -0.000819179 0.0
0.0038358 -0.00061471 0.0
0.00442244 -0.000606186 0.0
0.00487835 -0.000950104 0.0
0.00525271 -0.00116973 0.0
0.00564514 -0.00125433 0.0
0.00610631 -0.00114456 0.0
0.00663485 -0.00114187 0.0
0.00710452 -0.00124213 0.0
0.00743373 -0.00141724 0.0
0.0077062 -0.00148791 0.0
0.0080456 -0.00150744 0.0
0.00844144 -0.00157372 0.0
0.00885608 -0.00158772 0.0
0.00922163 -0.00172659 0.0
0.00954913 -0.00180379 0.0
0.00989531 -0.00190106 0.0
0.0102039 -0.00200376 0.0
0.0104814 -0.00209239 0.0
0.0107266 -0.00224754 0.0
0.010937 -0.00234462 0.0
0.0111188 -0.00240803 0.0
0.0112798 -0.00239931 0.0
0.011474 -0.00237916 0.0
0.0117071 -0.00232153 0.0
0.0119573 -0.00222535 0.0
0.0122095 -0.00213696 0.0
0.0124727 -0.00205076 0.0
0.0127535 -0.00196065 0.0
0.0130352 -0.00187114 0.0
0.0133055 -0.00178823 0.0
0.0135743 -0.00170768 0.0
0.013846 -0.0016307 0.0
0.0141099 -0.00155734 0.0
0.0143627 -0.0014873 0.0
0.0146116 -0.00142019 0.0
0.014856 -0.00135684 0.0
0.0150908 -0.00129613 0.0
0.015317 -0.00123788 0.0
0.0155381 -0.00118254 0.0
0.0157521 -0.00112999 0.0
0.0159575 -0.00107947 0.0
0.0161561 -0.00103121 0.0
0.0163488 -0.000985399 0.0
0.0165344 -0.000941663 0.0
0.0167129 -0.000899715 0.0
0.0168856 -0.000859808 0.0
0.0170525 -0.00082186 0.0
0.0172131 -0.00078558 0.0
0.0173679 -0.000750936 0.0
0.0175177 -0.000718034 0.0
0.0176621 -0.000686704 0.0
0.0178013 -0.000656802 0.0
0.0179357 -0.000628356 0.0
0.0180657 -0.000601349 0.0
0.0181911 -0.000575637 0.0
0.0183122 -0.000551167 0.0
0.0184293 -0.000527943 0.0
0.0185425 -0.000505898 0.0
0.018652 -0.000484941 0.0
0.0187578 -0.000465049 0.0
0.0188604 -0.000446194 0.0
0.0189596 -0.00042831 0.0
0.0190558 -0.00041134 0.0
0.0191489 -0.000395265 0.0
0.0192393 -0.000380043 0.0
0.0193269 -0.000365619 0.0
0.0194119 -0.00035196 0.0
0.0194945 -0.000339039 0.0
0.0195746 -0.000326813 0.0
0.0196525 -0.000315245 0.0
0.0197282 -0.000304306 0.0
0.0198019 -0.000293968 0.0
0.0198735 -0.000284196 0.0
0.0199432 -0.00027496 0.0
0.0200111 -0.000266237 0.0
0.0200772 -0.000257999 0.0
0.0201417 -0.000250218 0.0
0.0202045 -0.000242871 0.0
0.0202657 -0.000235936 0.0
0.0203255 -0.00022939 0.0
0.0203838 -0.00022321 0.0
0.0204407 -0.000217378 0.0
0.0204962 -0.000211873 0.0
0.0205505 -0.000206677 0.0
0.0206035 -0.000201772 0.0
0.0206553 -0.000197141 0.0
0.020706 -0.000192768 0.0
0.0207555 -0.000188638 0.0
0.0208039 -0.000184735 0.0
0.0208513 -0.000181045 0.0
0.0208977 -0.000177556 0.0
0.020943 -0.000174254 0.0
0.0209874 -0.000171127 0.0
0.0210309 -0.000168164 0.0
0.0210735 -0.000165353 0.0
0.0211152 -0.000162683 0.0
0.021156 -0.000160145 0.0
0.021196 -0.000157729 0.0
0.0212352 -0.000155425 0.0
0.0212736 -0.000153224 0.0
0.0213112 -0.000151119 0.0
0.0213481 -0.000149101 0.0
0.0213843 -0.000147162 0.0
0.0214197 -0.000145295 0.0
0.0214544 -0.000143492 0.0
0.0214885 -0.000141748 0.0
0.0215219 -0.000140055 0.0
0.0215546 -0.000138406 0.0
0.0215867 -0.000136797 0.0
0.0216182 -0.00013522 0.0
0.0216491 -0.00013367 0.0
0.0216794 -0.000132142 0.0
0.021709 -0.00013063 0.0
0.0217381 -0.000129129 0.0
0.0217667 -0.000127633 0.0
0.0217947 -0.000126138 0.0
0.0218221 -0.000124638 0.0
0.021849 -0.000123129 0.0
0.0218753 -0.000121604 0.0
0.0219011 -0.00012006 0.0
0.0219264 -0.000118491 0.0
0.0219512 -0.000116891 0.0
0.0219755 -0.000115255 0.0
0.0219992 -0.000113579 0.0
0.0220225 -0.000111855 0.0
0.0220452 -0.000110078 0.0
0.0220674 -0.000108241 0.0
0.0220891 -0.000106338 0.0
0.0221103 -0.000104361 0.0
0.022131 -0.000102301 0.0
0.0221512 -0.000100152 0.0
0.0221708 -9.79021e-05 0.0
0.0221899 -9.55423e-05 0.0
0.0222085 -9.30583e-05 0.0
0.0222264 -9.04412e-05 0.0
0.0222438 -8.76706e-05 0.0
0.0222605 -8.47362e-05 0.0
0.0222767 -8.16112e-05 0.0
0.0222921 -7.82835e-05 0.0
0.0223069 -7.47148e-05 0.0
0.0223208 -7.08919e-05 0.0
0.022334 -6.67611e-05 0.0
0.0223464 -6.23067e-05 0.0
0.0223578 -5.74508e-05 0.0
0.0223681 -5.21772e-05 0.0
0.0223774 -4.63708e-05 0.0
0.0223855 -4.00151e-05 0.0
0.0223922 -3.29374e-05 0.0
0.0223974 -2.51253e-05 0.0
0.022401 -1.63197e-05 0.0
0.0224027 -6.66523e-06 0.0
0.0224027 -1.34152e-06 0.0
0.0 0.0 0.0
0.0 0.0 0.0
0.0193149 -1.31771e-05 0.0
0.0193234 -3.12781e-05 0.0
0.0193371 -5.18949e-05 0.0
0.0193558 -7.52406e-05 0.0
0.0193831 -9.27827e-05 0.0
0.0194154 -0.000108244 0.0
0.0194503 -0.000128738 0.0
0.0194936 -0.000145572 0.0
0.0195428 -0.000155708 0.0
0.0195919 -0.000169954 0.0
0.0196457 -0.000184005 0.0
0.0197067 -0.000190392 0.0
0.0197672 -0.000197495 0.0
0.0198282 -0.000206907 0.0
0.0198945 -0.000210196 0.0
0.019962 -0.00021175 0.0
0.0200278 -0.000215341 0.0
0.0200954 -0.000215962 0.0
0.0201643 -0.000213481 0.0
0.0202319 -0.000212027 0.0
0.0202989 -0.000209425 0.0
0.0203656 -0.000204435 0.0
0.0204309 -0.000198974 0.0
0.0204953 -0.000193269 0.0
0.0205582 -0.000185947 0.0
0.0206185 -0.000177823 0.0
0.0206775 -0.000169154 0.0
0.0207351 -0.000159556 0.0
0.0207893 -0.000149044 0.0
0.0208405 -0.000137895 0.0
0.0208904 -0.000125731 0.0
0.0209373 -0.000112741 0.0
0.0209797 -9.89012e-05 0.0
0.0210195 -8.39501e-05 0.0
0.0210569 -6.78553e-05 0.0
0.0210894 -5.07746e-05 0.0
0.0211173 -3.22006e-05 0.0
0.0211421 -1.21115e-05 0.0
0.0211623 9.40099e-06 0.0
0.0211764 3.2835e-05 0.0
0.0211857 5.86571e-05 0.0
0.0211901 8.64168e-05 0.0
0.0211874 0.000116844 0.0
0.0211774 0.000150855 0.0
0.0211614 0.000188199 0.0
0.0211372 0.000228922 0.0
0.0211029 0.000275248 0.0
0.0210599 0.00032713 0.0
0.0210079 0.000384445 0.0
0.0209425 0.000449634 0.0
0.0208631 0.000524962 0.0
0.0207732 0.000608834 0.0
0.0206688 0.000705998 0.0
0.0205418 0.000820206 0.0
0.0203966 0.000950249 0.0
0.0202413 0.00110113 0.0
0.0200606 0.00128752 0.0
0.0198398 0.00150241 0.0
0.0196074 0.00175109 0.0
0.01938 0.00206913 0.0
0.0190979 0.00245695 0.0
0.0187634 0.00289708 0.0
0.0185041 0.00346284 0.0
0.0183004 0.00416565 0.0
0.0180066 0.00495421 0.0
0.0178132 0.00589796 0.0
0.0179503 0.00690761 0.0
0.0181708 0.00783124 0.0
0.0182535 0.00871503 0.0
0.0181619 0.00889162 0.0
0.0177732 0.00843651 0.0
0.0171956 0.0081097 0.0
0.0161385 0.0071924 0.0
0.0138326 0.00578494 0.0
0.0108379 0.00487431 0.0
0.00811672 0.0031298 0.0
0.00569991 0.00145816 0.0
0.00357079 0.000306221 0.0
0.00163447 0.000307898 0.0
0.0 0.0 0.0
0.0 0.0 0.0
0.0 0.0 0.0
0.0 0.0 0.0
0.0 0.0 0.0
0.0 0.0 0.0
0.0 0.0 0.0
0.0 0.0 0.0
0.0 0.0 0.0
0.0 0.0 0.0
0.0 0.0 0.0
0.0 0.0 0.0
0.0 0.0 0.0
0.0 0.0 0.0
0.0 0.0 0.0
0.0 0.0 0.0
0.0 0.0 0.0
0.0 0.0 0.0
0.0 0.0 0.0
0.0 0.0 0.0
0.0 0.0 0.0
0.0 0.0 0.0
0.0 0.0 0.0
0.0 0.0 0.0
0.0 0.0 0.0
0.0 0.0 0.0
0.0 0.0 0.0
0.0 0.0 0.0
0.0 0.0 0.0
0.0 0.0 0.0
0.0 0.0 0.0
0.0 0.0 0.0
0.0 0.0 0.0
0.0 0.0 0.0
0.0 0.0 0.0
0.0 0.0 0.0
0.0 0.0 0.0
0.0 0.0 0.0
0.0 0.0 0.0
0.0 0.0 0.0
0.0 0.0 0.0
0.0 0.0 0.0
0.0 0.0 0.0
0.0 0.0 0.0
0.0 0.0 0.0
0.0 0.0 0.0
0.0 0.0 0.0
0.0 0.0 0.0
0.0 0.0 0.0
0.0 0.0 0.0
0.0 0.0 0.0
0.0 0.0 0.0
0.000477635 -0.00036222 0.0
0.00112257 -0.000261945 0.0
0.00142426 -0.00016219 0.0
0.0015981 -0.000156824 0.0
0.0018776 -0.000237181 0.0
0.00235153 -0.000500162 0.0
0.00279965 -0.000888119 0.0
0.00327949 -0.00085061 0.0
0.00392167 -0.000602724 0.0
0.00447525 -0.00048067 0.0
0.00488613 -0.000502703 0.0
0.00531388 -0.000559223 0.0
0.00573509 -0.000938865 0.0
0.00608072 -0.00121317 0.0
0.00642733 -0.0013265 0.0
0.00687254 -0.00119486 0.0
0.00741459 -0.00118837 0.0
0.00788613 -0.00129963 0.0
0.00820002 -0.001487 0.0
0.00846249 -0.00155621 0.0
0.00880021 -0.00157052 0.0
0.00919283 -0.00163086 0.0
0.00961013 -0.00163029 0.0
0.00998229 -0.00175842 0.0
0.0103059 -0.00181286 0.0
0.0106446 -0.00186715 0.0
0.0109625 -0.00192072 0.0
0.011279 -0.00195468 0.0
0.0115947 -0.00203822 0.0
0.0118842 -0.00210953 0.0
0.012153 -0.00218891 0.0
0.0124063 -0.00226525 0.0
0.0126524 -0.0023637 0.0
0.0128742 -0.00244908 0.0
0.0130527 -0.00252598 0.0
0.013202 -0.00256788 0.0
0.01336 -0.00257285 0.0
0.0135216 -0.00256309 0.0
0.0136736 -0.00251112 0.0
0.0138425 -0.00244331 0.0
0.0140368 -0.00237039 0.0
0.0142419 -0.00228696 0.0
0.0144469 -0.0022012 0.0
0.0146534 -0.00211519 0.0
0.0148659 -0.00203085 0.0
0.0150811 -0.00194841 0.0
0.0152916 -0.00186829 0.0
0.015497 -0.0017894 0.0
0.0157013 -0.00171427 0.0
0.0159028 -0.00164251 0.0
0.0160974 -0.00157267 0.0
0.0162862 -0.00150501 0.0
0.0164714 -0.00144106 0.0
0.0166512 -0.00137972 0.0
0.0168243 -0.0013202 0.0
0.0169921 -0.00126327 0.0
0.0171551 -0.00120931 0.0
0.0173124 -0.00115735 0.0
0.0174639 -0.00110733 0.0
0.0176106 -0.00105978 0.0
0.0177524 -0.00101448 0.0
0.0178889 -0.000970931 0.0
0.0180207 -0.000929315 0.0
0.018148 -0.00088979 0.0
0.0182709 -0.000852052 0.0
0.0183893 -0.000815919 0.0
0.0185037 -0.000781551 0.0
0.0186142 -0.000748888 0.0
0.0187209 -0.000717712 0.0
0.0188238 -0.000687995 0.0
0.0189234 -0.000659789 0.0
0.0190196 -0.00063297 0.0
0.0191127 -0.000607423 0.0
0.0192026 -0.000583152 0.0
0.0192898 -0.000560131 0.0
0.0193741 -0.000538251 0.0
0.0194558 -0.000517459 0.0
0.0195349 -0.000497745 0.0
0.0196117 -0.00047905 0.0
0.0196862 -0.000461301 0.0
0.0197584 -0.000444469 0.0
0.0198286 -0.000428524 0.0
0.0198968 -0.000413409 0.0
0.019963 -0.000399076 0.0
0.0200275 -0.000385501 0.0
0.0200902 -0.000372647 0.0
0.0201512 -0.000360467 0.0
0.0202106 -0.00034893 0.0
0.0202685 -0.000338009 0.0
0.0203249 -0.000327668 0.0
0.0203799 -0.000317874 0.0
0.0204336 -0.000308601 0.0
0.020486 -0.000299824 0.0
0.0205372 -0.000291512 0.0
0.0205871 -0.000283639 0.0
0.0206359 -0.000276184 0.0
0.0206836 -0.000269124 0.0
0.0207302 -0.000262435 0.0
0.0207758 -0.000256096 0.0
0.0208204 -0.000250088 0.0
0.0208641 -0.000244392 0.0
0.0209068 -0.000238988 0.0
0.0209486 -0.000233861 0.0
0.0209896 -0.000228993 0.0
0.0210297 -0.000224369 0.0
0.021069 -0.000219973 0.0
0.0211075 -0.000215792 0.0
0.0211453 -0.000211811 0.0
0.0211823 -0.000208018 0.0
0.0212186 -0.000204401 0.0
0.0212541 -0.000200947 0.0
0.021289 -0.000197645 0.0
0.0213232 -0.000194486 0.0
0.0213568 -0.000191457 0.0
0.0213897 -0.000188551 0.0
0.021422 -0.000185756 0.0
0.0214537 -0.000183066 0.0
0.0214848 -0.00018047 0.0
0.0215153 -0.000177961 0.0
0.0215452 -0.000175531 0.0
0.0215746 -0.000173172 0.0
0.0216034 -0.000170878 0.0
0.0216317 -0.00016864 0.0
0.0216595 -0.000166454 0.0
0.0216867 -0.000164311 0.0
0.0217135 -0.000162206 0.0
0.0217397 -0.000160133 0.0
0.0217655 -0.000158085 0.0
0.0217908 -0.000156056 0.0
0.0218156 -0.000154042 0.0
0.0218399 -0.000152036 0.0
0.0218638 -0.000150032 0.0
0.0218872 -0.000148024 0.0
0.0219101 -0.000146008 0.0
0.0219326 -0.000143977 0.0
0.0219547 -0.000141926 0.0
0.0219763 -0.000139847 0.0
0.0219975 -0.000137736 0.0
0.0220183 -0.000135585 0.0
0.0220386 -0.000133388 0.0
0.0220585 -0.000131137 0.0
0.0220779 -0.000128826 0.0
0.0220969 -0.000126444 0.0
0.0221155 -0.000123986 0.0
0.0221336 -0.000121439 0.0
0.0221512 -0.000118795 0.0
0.0221684 -0.00011604 0.0
0.0221851 -0.000113165 0.0
0.0222013 -0.000110151 0.0
0.022217 -0.000106987 0.0
0.0222322 -0.000103649 0.0
0.0222469 -0.000100125 0.0
0.0222609 -9.63806e-05 0.0
0.0222744 -9.24021e-05 0.0
0.0222873 -8.81435e-05 0.0
0.0222995 -8.35883e-05 0.0
0.0223109 -7.86711e-05 0.0
0.0223216 -7.3373e-05 0.0
0.0223315 -6.76002e-05 0.0
0.0223405 -6.13331e-05 0.0
0.0223485 -5.4432e-05 0.0
0.0223554 -4.68785e-05 0.0
0.0223611 -3.84644e-05 0.0
0.0223656 -2.91762e-05 0.0
0.0223685 -1.87031e-05 0.0
0.0223699 -7.22473e-06 0.0
0.0223698 -8.99681e-07 0.0
0.0 0.0 0.0
0.0 0.0 0.0
0.0193154 -1.48728e-05 0.0
0.0193232 -4.41566e-05 0.0
0.0193395 -7.03951e-05 0.0
0.0193589 -9.56769e-05 0.0
0.0193833 -0.000123406 0.0
0.0194192 -0.000146132 0.0
0.0194598 -0.000166458 0.0
0.019501 -0.000191271 0.0
0.0195498 -0.000209481 0.0
0.0196061 -0.000221334 0.0
0.0196622 -0.00023998 0.0
0.0197211 -0.000255519 0.0
0.0197855 -0.000259385 0.0
0.0198517 -0.000268444 0.0
0.019918 -0.000280347 0.0
0.0199863 -0.000280951 0.0
0.0200559 -0.000279937 0.0
0.0201262 -0.000285574 0.0
0.0201959 -0.00028507 0.0
0.0202648 -0.000278365 0.0
0.0203343 -0.000275753 0.0
0.0204033 -0.000273375 0.0
0.0204696 -0.000264576 0.0
0.0205348 -0.000255691 0.0
0.0205998 -0.00024902 0.0
0.0206625 -0.00023934 0.0
0.0207218 -0.00022682 0.0
0.0207801 -0.000215512 0.0
0.0208367 -0.000203563 0.0
0.0208897 -0.000189034 0.0
0.0209396 -0.00017373 0.0
0.0209878 -0.000158385 0.0
0.0210326 -0.000141278 0.0
0.0210735 -0.000122612 0.0
0.0211112 -0.000103105 0.0
0.0211456 -8.21982e-05 0.0
0.0211756 -5.93866e-05 0.0
0.0212014 -3.5068e-05 0.0
0.0212229 -8.7636e-06 0.0
0.0212394 1.99123e-05 0.0
0.0212509 5.08292e-05 0.0
0.0212573 8.43625e-05 0.0
0.0212569 0.000121629 0.0
0.0212502 0.000162288 0.0
0.0212377 0.000206384 0.0
0.0212172 0.000255672 0.0
0.0211872 0.000311423 0.0
0.02115 0.000371972 0.0
0.0211044 0.000439022 0.0
0.021046 0.000516981 0.0
0.0209764 0.000605494 0.0
0.0208975 0.000700829 0.0
0.0208041 0.000811764 0.0
0.0206949 0.000945958 0.0
0.0205729 0.00109428 0.0
0.0204343 0.00125631 0.0
0.0202793 0.00146223 0.0
0.0201129 0.00171041 0.0
0.0199233 0.0019712 0.0
0.0197165 0.0022847 0.0
0.0195251 0.00270627 0.0
0.0193291 0.00316792 0.0
0.019105 0.00366737 0.0
0.0189507 0.00433412 0.0
0.0189096 0.00510414 0.0
0.0188906 0.0058852 0.0
0.0189307 0.00677736 0.0
0.0191613 0.00761447 0.0
0.0195752 0.00833211 0.0
0.0199398 0.00890879 0.0
0.019854 0.00896198 0.0
0.019436 0.0087429 0.0
0.0188693 0.00813437 0.0
0.0180467 0.00770274 0.0
0.0168881 0.0069544 0.0
0.0149611 0.0055983 0.0
0.0125192 0.00428794 0.0
0.00982887 0.00267407 0.0
0.00751776 0.00244274 0.0
0.00554493 0.00111896 0.0
0.00380702 0.000134785 0.0
0.0027155 5.9554e-05 0.0
0.00141068 0.000212867 0.0
0.0 0.0 0.0
0.0 0.0 0.0
0.0 0.0 0.0
0.0 0.0 0.0
0.0 0.0 0.0
0.0 0.0 0.0
0.0 0.0 0.0
0.0 0.0 0.0
0.0 0.0 0.0
0.0 0.0 0.0
0.0 0.0 0.0
0.0 0.0 0.0
0.0 0.0 0.0
0.0 0.0 0.0
0.0 0.0 0.0
0.0 0.0 0.0
0.0 0.0 0.0
0.0 0.0 0.0
0.0 0.0 0.0
0.0 0.0 0.0
0.0 0.0 0.0
0.0 0.0 0.0
0.0 0.0 0.0
0.0 0.0 0.0
0.0 0.0 0.0
0.0 0.0 0.0
0.0 0.0 0.0
0.0 0.0 0.0
0.0 0.0 0.0
0.0 0.0 0.0
0.0 0.0 0.0
0.0 0.0 0.0
0.0 0.0 0.0
0.0 0.0 0.0
0.0 0.0 0.0
0.0 0.0 0.0
0.0 0.0 0.0
0.0 0.0 0.0
0.0 0.0 0.0
0.0 0.0 0.0
0.0 0.0 0.0
0.000540174 -0.000393212 0.0
0.00125912 -0.000291736 0.0
0.00159847 -0.000174466 0.0
0.00178537 -0.000159371 0.0
0.00199376 -0.000189477 0.0
0.00227339 -0.000222586 0.0
0.00272292 -0.000525857 0.0
0.00319355 -0.00098633 0.0
0.0037295 -0.000928123 0.0
0.00442308 -0.000629157 0.0
0.00501169 -0.000554023 0.0
0.00549607 -0.00063673 0.0
0.00592185 -0.00100027 0.0
0.00630706 -0.00124757 0.0
0.0066763 -0.00136317 0.0
0.00707252 -0.0011384 0.0
0.00755708 -0.000981625 0.0
0.00807655 -0.000993339 0.0
0.0086024 -0.00108163 0.0
0.00905037 -0.00125262 0.0
0.00931802 -0.00147864 0.0
0.00951927 -0.00157935 0.0
0.00982531 -0.00161276 0.0
0.0102106 -0.00168285 0.0
0.0106187 -0.00167617 0.0
0.0109746 -0.00181582 0.0
0.0112843 -0.00187467 0.0
0.0116161 -0.00192503 0.0
0.0119248 -0.00197117 0.0
0.0122292 -0.00199617 0.0
0.0125372 -0.00206485 0.0
0.0128254 -0.00211506 0.0
0.0130986 -0.00216594 0.0
0.0133667 -0.00220099 0.0
0.0136403 -0.00226734 0.0
0.0139123 -0.0023184 0.0
0.0141676 -0.00237592 0.0
0.0143982 -0.00243593 0.0
0.0146201 -0.00249836 0.0
0.0148222 -0.00257391 0.0
0.0149906 -0.00262443 0.0
0.0151346 -0.00267276 0.0
0.0152668 -0.00270489 0.0
0.0153928 -0.00271844 0.0
0.0155087 -0.00269222 0.0
0.0156264 -0.00265035 0.0
0.0157561 -0.00260631 0.0
0.0158935 -0.00253813 0.0
0.0160351 -0.00245712 0.0
0.0161801 -0.00237972 0.0
0.0163327 -0.00229969 0.0
0.0164914 -0.00221514 0.0
0.0166477 -0.00213109 0.0
0.0168008 -0.00205021 0.0
0.0169566 -0.00197018 0.0
0.0171125 -0.00189168 0.0
0.0172626 -0.00181534 0.0
0.0174087 -0.00174168 0.0
0.0175541 -0.00167041 0.0
0.017696 -0.00160157 0.0
0.0178319 -0.00153496 0.0
0.0179642 -0.00147101 0.0
0.0180938 -0.00140963 0.0
0.0182187 -0.00135054 0.0
0.0183386 -0.00129368 0.0
0.0184552 -0.00123933 0.0
0.0185682 -0.00118728 0.0
0.0186767 -0.00113731 0.0
0.0187812 -0.00108949 0.0
0.0188826 -0.00104389 0.0
0.0189803 -0.00100027 0.0
0.0190742 -0.000958547 0.0
0.0191649 -0.00091877 0.0
0.0192527 -0.00088088 0.0
0.0193372 -0.000844701 0.0
0.0194187 -0.000810214 0.0
0.0194975 -0.000777413 0.0
0.0195737 -0.000746192 0.0
0.0196472 -0.00071645 0.0
0.0197183 -0.000688174 0.0
0.0197871 -0.000661314 0.0
0.0198537 -0.000635773 0.0
0.0199182 -0.000611495 0.0
0.0199806 -0.000588453 0.0
0.0200412 -0.00056658 0.0
0.0200999 -0.000545807 0.0
0.0201569 -0.000526092 0.0
0.0202123 -0.000507398 0.0
0.0202661 -0.000489662 0.0
0.0203184 -0.000472835 0.0
0.0203693 -0.000456882 0.0
0.0204189 -0.00044176 0.0
0.0204671 -0.000427419 0.0
0.0205142 -0.000413822 0.0
0.02056 -0.000400935 0.0
0.0206048 -0.000388719 0.0
0.0206485 -0.000377136 0.0
0.0206911 -0.000366155 0.0
0.0207328 -0.000355745 0.0
0.0207736 -0.000345874 0.0
0.0208134 -0.000336511 0.0
0.0208524 -0.000327631 0.0
0.0208906 -0.000319206 0.0
0.020928 -0.000311211 0.0
0.0209646 -0.00030362 0.0
0.0210005 -0.000296413 0.0
0.0210356 -0.000289566 0.0
0.0210701 -0.000283059 0.0
0.0211039 -0.000276871 0.0
0.021137 -0.000270984 0.0
0.0211696 -0.000265381 0.0
0.0212015 -0.000260042 0.0
0.0212328 -0.000254954 0.0
0.0212636 -0.000250099 0.0
0.0212938 -0.000245464 0.0
0.0213234 -0.000241033 0.0
0.0213526 -0.000236796 0.0
0.0213812 -0.000232737 0.0
0.0214093 -0.000228845 0.0
0.0214369 -0.00022511 0.0
0.021464 -0.000221519 0.0
0.0214907 -0.000218063 0.0
0.0215169 -0.000214731 0.0
0.0215426 -0.000211514 0.0
0.0215679 -0.000208403 0.0
0.0215928 -0.000205389 0.0
0.0216172 -0.000202464 0.0
0.0216413 -0.00019962 0.0
0.0216649 -0.000196848 0.0
0.0216881 -0.000194143 0.0
0.0217108 -0.000191496 0.0
0.0217332 -0.000188901 0.0
0.0217553 -0.00018635 0.0
0.0217769 -0.000183838 0.0
0.0217981 -0.000181358 0.0
0.021819 -0.000178903 0.0
0.0218395 -0.000176468 0.0
0.0218596 -0.000174045 0.0
0.0218794 -0.00017163 0.0
0.0218988 -0.000169215 0.0
0.0219178 -0.000166794 0.0
0.0219365 -0.000164362 0.0
0.0219549 -0.000161912 0.0
0.0219729 -0.000159436 0.0
0.0219905 -0.000156928 0.0
0.0220078 -0.000154381 0.0
0.0220247 -0.000151788 0.0
0.0220413 -0.000149139 0.0
0.0220575 -0.000146427 0.0
0.0220733 -0.000143641 0.0
0.0220888 -0.000140773 0.0
0.0221039 -0.000137811 0.0
0.0221186 -0.000134744 0.0
0.0221329 -0.000131556 0.0
0.0221469 -0.000128237 0.0
0.0221604 -0.000124765 0.0
0.0221735 -0.000121128 0.0
0.0221862 -0.000117298 0.0
0.0221983 -0.00011326 0.0
0.0222101 -0.000108976 0.0
0.0222212 -0.000104429 0.0
0.0222319 -9.95681e-05 0.0
0.022242 -9.43722e-05 0.0
0.0222515 -8.87671e-05 0.0
0.0222603 -8.27321e-05 0.0
0.0222684 -7.61595e-05 0.0
0.0222757 -6.90265e-05 0.0
0.0222822 -6.11756e-05 0.0
0.0222878 -5.2586e-05 0.0
0.0222925 -4.30221e-05 0.0
0.022296 -3.24693e-05 0.0
0.0222982 -2.05805e-05 0.0
0.0222992 -7.57205e-06 0.0
0.022299 -4.13499e-07 0.0
0.0 0.0 0.0
0.0 0.0 0.0
0.0193171 -1.77737e-05 0.0
0.0193225 -5.60236e-05 0.0
0.019337 -9.03867e-05 0.0
0.019362 -0.00011807 0.0
0.0193902 -0.000151836 0.0
0.0194237 -0.000187619 0.0
0.019467 -0.000210593 0.0
0.0195142 -0.000232933 0.0
0.0195635 -0.000263612 0.0
0.0196216 -0.000284221 0.0
0.019683 -0.000295332 0.0
0.0197439 -0.00031503 0.0
0.0198102 -0.00033155 0.0
0.0198806 -0.000336548 0.0
0.0199492 -0.000343656 0.0
0.0200197 -0.000353351 0.0
0.0200929 -0.000354708 0.0
0.020165 -0.000353276 0.0
0.0202366 -0.000354022 0.0
0.0203092 -0.00035213 0.0
0.0203801 -0.00034571 0.0
0.0204501 -0.000339323 0.0
0.0205199 -0.000332535 0.0
0.0205873 -0.000323299 0.0
0.0206524 -0.000312046 0.0
0.0207172 -0.000300499 0.0
0.0207797 -0.000287893 0.0
0.0208384 -0.000273646 0.0
0.0208957 -0.000257969 0.0
0.0209515 -0.000241614 0.0
0.0210031 -0.000224095 0.0
0.0210513 -0.000205037 0.0
0.0210979 -0.000184554 0.0
0.0211411 -0.00016302 0.0
0.0211795 -0.000139881 0.0
0.0212149 -0.000114917 0.0
0.0212473 -8.82101e-05 0.0
0.0212746 -5.96299e-05 0.0
0.0212971 -2.8648e-05 0.0
0.0213162 4.70449e-06 0.0
0.02133 4.08622e-05 0.0
0.0213376 8.03282e-05 0.0
0.0213405 0.000123207 0.0
0.021338 0.000169854 0.0
0.0213277 0.000221711 0.0
0.0213105 0.000278631 0.0
0.0212877 0.000340787 0.0
0.0212562 0.00041056 0.0
0.0212143 0.000489221 0.0
0.0211652 0.000574893 0.0
0.0211086 0.000671588 0.0
0.0210386 0.000783886 0.0
0.0209551 0.000908289 0.0
0.0208664 0.00104571 0.0
0.0207689 0.0012108 0.0
0.0206493 0.001401 0.0
0.0205165 0.00160681 0.0
0.0203928 0.00185136 0.0
0.0202585 0.00215198 0.0
0.0200888 0.00248043 0.0
0.0199366 0.00285232 0.0
0.0198407 0.00331448 0.0
0.0197262 0.00384046 0.0
0.019604 0.00442174 0.0
0.0196126 0.00508047 0.0
0.0197391 0.00578652 0.0
0.0199035 0.00658987 0.0
0.0201544 0.00737379 0.0
0.0204644 0.00793442 0.0
0.0208494 0.00853377 0.0
0.0212791 0.0089389 0.0
0.0214424 0.00894809 0.0
0.0211623 0.00878107 0.0
0.0206784 0.00851236 0.0
0.0200698 0.00781399 0.0
0.0193047 0.00722787 0.0
0.0182425 0.00602364 0.0
0.0164987 0.00519558 0.0
0.0144914 0.00450281 0.0
0.0126138 0.00320768 0.0
0.0106262 0.00185141 0.0
0.00861772 0.00178289 0.0
0.00701372 0.00179068 0.0
0.00543103 0.00097633 0.0
0.00394812 0.000148369 0.0
0.00321189 -0.00014491 0.0
0.00290659 -0.000194652 0.0
0.00245453 -2.29708e-05 0.0
0.00130524 0.000264983 0.0
0.0 0.0 0.0
0.0 0.0 0.0
0.0 0.0 0.0
0.0 0.0 0.0
0.0 0.0 0.0
0.0 0.0 0.0
0.0 0.0 0.0
0.0 0.0 0.0
0.0 0.0 0.0
0.0 0.0 0.0
0.0 0.0 0.0
0.0 0.0 0.0
0.0 0.0 0.0
0.0 0.0 0.0
0.0 0.0 0.0
0.0 0.0 0.0
0.0 0.0 0.0
0.0 0.0 0.0
0.0 0.0 0.0
0.0 0.0 0.0
0.0 0.0 0.0
0.0 0.0 0.0
0.0 0.0 0.0
0.0 0.0 0.0
0.0 0.0 0.0
0.000590184 -0.000441625 0.0
0.00137188 -0.000320132 0.0
0.00172853 -0.000199309 0.0
0.00192312 -0.000181708 0.0
0.00214558 -0.0002159 0.0
0.00234242 -0.000173541 0.0
0.00246032 -0.000148805 0.0
0.00255879 -0.000152047 0.0
0.00276307 -0.00022165 0.0
0.00321783 -0.000570669 0.0
0.00368968 -0.00106531 0.0
0.00421426 -0.00100805 0.0
0.00493616 -0.000686028 0.0
0.00555359 -0.000529582 0.0
0.00599067 -0.000545953 0.0
0.00642718 -0.000604188 0.0
0.00685945 -0.00102521 0.0
0.00721331 -0.00132952 0.0
0.00753266 -0.0014657 0.0
0.00794054 -0.00119345 0.0
0.00848198 -0.00113868 0.0
0.00903139 -0.00117015 0.0
0.00948344 -0.00133204 0.0
0.00976261 -0.00153052 0.0
0.00995978 -0.00159506 0.0
0.0102486 -0.00154718 0.0
0.0106805 -0.00149475 0.0
0.0111518 -0.00146102 0.0
0.0115542 -0.00153517 0.0
0.0119281 -0.00160217 0.0
0.0122694 -0.00178526 0.0
0.0125732 -0.00186273 0.0
0.0128772 -0.00193625 0.0
0.0131447 -0.00200016 0.0
0.0134271 -0.00202965 0.0
0.0137246 -0.00210533 0.0
0.0139924 -0.00215885 0.0
0.0142425 -0.00220985 0.0
0.0144987 -0.00224007 0.0
0.0147643 -0.00230124 0.0
0.0150248 -0.00233811 0.0
0.0152741 -0.00237795 0.0
0.0155088 -0.00242288 0.0
0.0157452 -0.00245886 0.0
0.0159713 -0.00250625 0.0
0.0161739 -0.00254482 0.0
0.0163689 -0.00259292 0.0
0.0165595 -0.00264176 0.0
0.0167351 -0.00268873 0.0
0.0168869 -0.00272917 0.0
0.0170208 -0.00277361 0.0
0.0171458 -0.00280413 0.0
0.0172563 -0.00281716 0.0
0.0173433 -0.00281707 0.0
0.017426 -0.00279504 0.0
0.0175188 -0.00276308 0.0
0.0176084 -0.00271201 0.0
0.017693 -0.00264806 0.0
0.0177858 -0.0025812 0.0
0.0178883 -0.0025067 0.0
0.017992 -0.00242556 0.0
0.0180936 -0.00234472 0.0
0.018198 -0.00226331 0.0
0.0183068 -0.00218111 0.0
0.0184145 -0.0020998 0.0
0.0185185 -0.00202018 0.0
0.0186221 -0.0019416 0.0
0.0187262 -0.00186535 0.0
0.0188271 -0.00179134 0.0
0.0189241 -0.00171914 0.0
0.0190195 -0.00164917 0.0
0.0191131 -0.00158209 0.0
0.0192029 -0.00151717 0.0
0.0192893 -0.00145434 0.0
0.0193736 -0.00139413 0.0
0.0194551 -0.00133649 0.0
0.0195332 -0.00128088 0.0
0.0196084 -0.00122753 0.0
0.0196814 -0.00117663 0.0
0.0197515 -0.0011279 0.0
0.0198187 -0.00108114 0.0
0.0198837 -0.00103653 0.0
0.0199463 -0.000994029 0.0
0.0200065 -0.000953402 0.0
0.0200644 -0.000914603 0.0
0.0201204 -0.000877709 0.0
0.0201743 -0.000842582 0.0
0.0202263 -0.000809081 0.0
0.0202765 -0.000777211 0.0
0.020325 -0.000746945 0.0
0.0203719 -0.000718153 0.0
0.0204172 -0.000690766 0.0
0.020461 -0.000664769 0.0
0.0205036 -0.000640096 0.0
0.0205448 -0.00061665 0.0
0.0205847 -0.000594393 0.0
0.0206236 -0.000573289 0.0
0.0206613 -0.000553266 0.0
0.020698 -0.00053426 0.0
0.0207338 -0.000516239 0.0
0.0207686 -0.000499156 0.0
0.0208026 -0.00048295 0.0
0.0208357 -0.00046758 0.0
0.020868 -0.000453011 0.0
0.0208997 -0.000439197 0.0
0.0209306 -0.000426093 0.0
0.0209609 -0.000413666 0.0
0.0209905 -0.000401882 0.0
0.0210195 -0.000390702 0.0
0.021048 -0.000380093 0.0
0.0210759 -0.000370025 0.0
0.0211033 -0.000360469 0.0
0.0211302 -0.000351394 0.0
0.0211566 -0.000342773 0.0
0.0211826 -0.000334582 0.0
0.0212081 -0.000326794 0.0
0.0212332 -0.000319387 0.0
0.0212579 -0.000312337 0.0
0.0212822 -0.000305626 0.0
0.0213061 -0.000299231 0.0
0.0213296 -0.000293133 0.0
0.0213527 -0.000287316 0.0
0.0213755 -0.000281761 0.0
0.021398 -0.000276452 0.0
0.0214201 -0.000271374 0.0
0.0214419 -0.000266511 0.0
0.0214633 -0.000261851 0.0
0.0214845 -0.000257379 0.0
0.0215053 -0.000253083 0.0
0.0215258 -0.000248951 0.0
0.021546 -0.000244971 0.0
0.0215659 -0.000241133 0.0
0.0215855 -0.000237426 0.0
0.0216049 -0.00023384 0.0
0.0216239 -0.000230366 0.0
0.0216427 -0.000226995 0.0
0.0216611 -0.000223718 0.0
0.0216793 -0.000220527 0.0
0.0216973 -0.000217414 0.0
0.0217149 -0.000214371 0.0
0.0217323 -0.00021139 0.0
0.0217494 -0.000208465 0.0
0.0217663 -0.000205588 0.0
0.0217828 -0.000202753 0.0
0.0217992 -0.000199953 0.0
0.0218152 -0.000197181 0.0
0.021831 -0.000194431 0.0
0.0218466 -0.000191696 0.0
0.0218619 -0.00018897 0.0
0.0218769 -0.000186246 0.0
0.0218917 -0.000183518 0.0
0.0219062 -0.000180778 0.0
0.0219204 -0.000178021 0.0
0.0219344 -0.000175237 0.0
0.0219481 -0.000172422 0.0
0.0219616 -0.000169565 0.0
0.0219748 -0.000166659 0.0
0.0219877 -0.000163696 0.0
0.0220004 -0.000160665 0.0
0.0220127 -0.000157557 0.0
0.0220248 -0.000154361 0.0
0.0220366 -0.000151063 0.0
0.0220481 -0.000147653 0.0
0.0220593 -0.000144113 0.0
0.0220702 -0.00014043 0.0
0.0220808 -0.000136582 0.0
0.022091 -0.000132554 0.0
0.0221009 -0.000128316 0.0
0.0221103 -0.000123851 0.0
0.0221194 -0.000119117 0.0
0.0221281 -0.000114096 0.0
0.0221364 -0.00010873 0.0
0.0221441 -0.000102998 0.0
0.0221514 -9.68174e-05 0.0
0.0221582 -9.01661e-05 0.0
0.0221643 -8.29262e-05 0.0
0.0221699 -7.50729e-05 0.0
0.0221748 -6.64366e-05 0.0
0.0221789 -5.69933e-05 0.0
0.0221823 -4.64901e-05 0.0
0.0221847 -3.49117e-05 0.0
0.0221863 -2.18896e-05 0.0
0.0221868 -7.68084e-06 0.0
0.0221865 1.22362e-07 0.0
0.0 0.0 0.0
0.0 0.0 0.0
0.0193172 -2.65199e-05 0.0
0.019327 -6.35951e-05 0.0
0.019338 -0.000106381 0.0
0.0193621 -0.000151002 0.0
0.0193977 -0.000185292 0.0
0.0194326 -0.000220978 0.0
0.0194731 -0.000260227 0.0
0.0195282 -0.000287759 0.0
0.0195843 -0.000313237 0.0
0.0196393 -0.000344973 0.0
0.0197041 -0.000363983 0.0
0.0197746 -0.000377555 0.0
0.0198424 -0.000398803 0.0
0.0199127 -0.000411961 0.0
0.0199876 -0.00041452 0.0
0.0200631 -0.000423675 0.0
0.0201375 -0.000430983 0.0
0.0202122 -0.000427771 0.0
0.0202877 -0.000425058 0.0
0.0203635 -0.000425614 0.0
0.020437 -0.000419037 0.0
0.0205086 -0.000409021 0.0
0.0205807 -0.0004015 0.0
0.0206517 -0.000391988 0.0
0.0207187 -0.000377768 0.0
0.0207839 -0.00036393 0.0
0.020849 -0.000349987 0.0
0.0209109 -0.000333042 0.0
0.0209687 -0.000314421 0.0
0.0210249 -0.000295875 0.0
0.0210794 -0.00027543 0.0
0.0211297 -0.000252957 0.0
0.0211762 -0.000229567 0.0
0.0212205 -0.000204803 0.0
0.0212616 -0.00017775 0.0
0.0212981 -0.000149115 0.0
0.0213308 -0.000118688 0.0
0.0213601 -8.5708e-05 0.0
0.021385 -5.02299e-05 0.0
0.021405 -1.24212e-05 0.0
0.0214204 2.87979e-05 0.0
0.021431 7.36904e-05 0.0
0.0214365 0.000121978 0.0
0.0214361 0.000174537 0.0
0.0214296 0.000232954 0.0
0.0214173 0.000296668 0.0
0.0213984 0.000365772 0.0
0.021372 0.000443081 0.0
0.0213385 0.000530331 0.0
0.0212979 0.000624986 0.0
0.0212479 0.000729537 0.0
0.0211902 0.000850987 0.0
0.0211258 0.000987818 0.0
0.0210496 0.00113468 0.0
0.0209636 0.00130471 0.0
0.0208781 0.00150781 0.0
0.0207828 0.00172824 0.0
0.020669 0.00196999 0.0
0.0205667 0.00226869 0.0
0.0204837 0.00261076 0.0
0.0203781 0.00297006 0.0
0.0202785 0.00339895 0.0
0.020256 0.00390299 0.0
0.0202737 0.00442771 0.0
0.0202918 0.00502366 0.0
0.0203917 0.00567616 0.0
0.0206275 0.00629685 0.0
0.0209752 0.00699054 0.0
0.0213489 0.00764705 0.0
0.0217156 0.0081395 0.0
0.0221256 0.00850526 0.0
0.0225094 0.00879119 0.0
0.022776 0.00891939 0.0
0.0228378 0.00873341 0.0
0.022599 0.00838031 0.0
0.0221799 0.00804643 0.0
0.0214218 0.00709447 0.0
0.0204136 0.00662642 0.0
0.0195919 0.0058009 0.0
0.0185252 0.00465763 0.0
0.0169783 0.00388496 0.0
0.0153145 0.00362415 0.0
0.013769 0.00318317 0.0
0.0124766 0.00259918 0.0
0.0112527 0.0012954 0.0
0.0100232 0.000767798 0.0
0.008809 0.000628703 0.0
0.00750491 0.00115154 0.0
0.00644089 0.00155913 0.0
0.00535999 0.000813164 0.0
0.00427099 8.58851e-05 0.0
0.00375796 -0.000116112 0.0
0.00358429 -0.000165455 0.0
0.00347952 -0.000183195 0.0
0.00336954 -0.000154505 0.0
0.0032715 -0.000182133 0.0
0.00321423 -0.000184377 0.0
0.00316837 -0.000185844 0.0
0.00312853 -0.000180914 0.0
0.00309995 -0.00018744 0.0
0.00308274 -0.000184327 0.0
0.00306934 -0.000182477 0.0
0.00306143 -0.000179726 0.0
0.00305925 -0.00017822 0.0
0.0030623 -0.00017582 0.0
0.00306958 -0.000171604 0.0
0.00308062 -0.000167433 0.0
0.00309328 -0.000162412 0.0
0.00311637 -0.00016618 0.0
0.00314398 -0.000151384 0.0
0.00316297 -0.000144475 0.0
0.00318104 -0.000144787 0.0
0.00331274 -0.000215257 0.0
0.00372657 -0.000604715 0.0
0.00417351 -0.00115459 0.0
0.00468542 -0.00107279 0.0
0.00540012 -0.000714119 0.0
0.00598107 -0.000547689 0.0
0.00636384 -0.000518399 0.0
0.00670472 -0.000442445 0.0
0.00705701 -0.000372914 0.0
0.00737379 -0.000399306 0.0
0.00770882 -0.000513692 0.0
0.00802209 -0.00101654 0.0
0.00828761 -0.00136406 0.0
0.00855972 -0.00151731 0.0
0.0088959 -0.00124042 0.0
0.00936031 -0.00104908 0.0
0.00987643 -0.00104684 0.0
0.0103979 -0.00113078 0.0
0.0108253 -0.0013215 0.0
0.0110486 -0.00155146 0.0
0.011184 -0.00166157 0.0
0.0114554 -0.0016167 0.0
0.0118638 -0.00163265 0.0
0.0122686 -0.00163306 0.0
0.0126503 -0.00167911 0.0
0.0129633 -0.00182906 0.0
0.0132398 -0.00185007 0.0
0.0135421 -0.00188636 0.0
0.0138445 -0.00189179 0.0
0.0141822 -0.00185368 0.0
0.0145299 -0.00189445 0.0
0.0148578 -0.00195116 0.0
0.0151491 -0.00205384 0.0
0.0153959 -0.00212932 0.0
0.015628 -0.00219609 0.0
0.0158656 -0.00224147 0.0
0.0161109 -0.00231815 0.0
0.0163506 -0.00236021 0.0
0.0165812 -0.00240192 0.0
0.0167979 -0.00245071 0.0
0.0170171 -0.0024847 0.0
0.0172292 -0.00252648 0.0
0.0174214 -0.00255828 0.0
0.0176107 -0.0025944 0.0
0.0178002 -0.00262939 0.0
0.0179816 -0.00266599 0.0
0.0181533 -0.00269315 0.0
0.0183173 -0.00273042 0.0
0.0184738 -0.00276626 0.0
0.0186188 -0.00279954 0.0
0.0187444 -0.00283253 0.0
0.0188576 -0.0028556 0.0
0.01896 -0.002884 0.0
0.0190439 -0.00289891 0.0
0.0191123 -0.00289996 0.0
0.0191741 -0.00288706 0.0
0.0192333 -0.00286803 0.0
0.0192849 -0.00283308 0.0
0.0193334 -0.00277796 0.0
0.0193865 -0.00272153 0.0
0.019442 -0.00265866 0.0
0.0194973 -0.00258366 0.0
0.019554 -0.00250543 0.0
0.0196134 -0.00242806 0.0
0.0196756 -0.00234743 0.0
0.0197383 -0.00226488 0.0
0.0197993 -0.00218338 0.0
0.0198606 -0.00210341 0.0
0.0199233 -0.002024 0.0
0.0199843 -0.00194593 0.0
0.0200426 -0.00186977 0.0
0.0201003 -0.00179591 0.0
0.0201576 -0.00172409 0.0
0.0202122 -0.00165433 0.0
0.0202643 -0.00158686 0.0
0.0203154 -0.00152201 0.0
0.0203649 -0.00145945 0.0
0.0204117 -0.0013991 0.0
0.0204567 -0.00134117 0.0
0.0205003 -0.00128574 0.0
0.0205419 -0.00123249 0.0
0.0205815 -0.00118143 0.0
0.0206195 -0.00113268 0.0
0.0206561 -0.00108614 0.0
0.0206909 -0.0010416 0.0
0.0207242 -0.000999093 0.0
0.0207563 -0.000958635 0.0
0.020787 -0.000920074 0.0
0.0208164 -0.0008833 0.0
0.0208446 -0.000848333 0.0
0.0208718 -0.000815102 0.0
0.0208979 -0.000783482 0.0
0.0209231 -0.000753418 0.0
0.0209474 -0.000724889 0.0
0.0209709 -0.000697803 0.0
0.0209936 -0.000672073 0.0
0.0210155 -0.000647661 0.0
0.0210369 -0.000624517 0.0
0.0210576 -0.000602559 0.0
0.0210778 -0.000581728 0.0
0.0210974 -0.000561986 0.0
0.0211166 -0.000543275 0.0
0.0211354 -0.000525531 0.0
0.0211537 -0.00050871 0.0
0.0211717 -0.000492772 0.0
0.0211893 -0.000477663 0.0
0.0212067 -0.000463337 0.0
0.0212237 -0.000449757 0.0
0.0212404 -0.000436883 0.0
0.0212569 -0.000424671 0.0
0.0212732 -0.000413087 0.0
0.0212893 -0.000402098 0.0
0.0213051 -0.000391668 0.0
0.0213208 -0.000381765 0.0
0.0213363 -0.00037236 0.0
0.0213516 -0.000363425 0.0
0.0213668 -0.000354931 0.0
0.0213818 -0.000346851 0.0
0.0213967 -0.000339163 0.0
0.0214114 -0.000331843 0.0
0.021426 -0.000324868 0.0
0.0214404 -0.000318217 0.0
0.0214547 -0.000311872 0.0
0.0214689 -0.000305811 0.0
0.021483 -0.000300019 0.0
0.0214969 -0.000294477 0.0
0.0215108 -0.00028917 0.0
0.0215244 -0.000284082 0.0
0.021538 -0.000279199 0.0
0.0215515 -0.000274508 0.0
0.0215648 -0.000269996 0.0
0.021578 -0.000265649 0.0
0.0215911 -0.000261457 0.0
0.021604 -0.000257408 0.0
0.0216168 -0.000253491 0.0
0.0216295 -0.000249697 0.0
0.0216421 -0.000246016 0.0
0.0216545 -0.000242439 0.0
0.0216668 -0.000238956 0.0
0.021679 -0.00023556 0.0
0.021691 -0.000232242 0.0
0.0217029 -0.000228995 0.0
0.0217146 -0.000225811 0.0
0.0217263 -0.000222682 0.0
0.0217377 -0.000219603 0.0
0.0217491 -0.000216564 0.0
0.0217602 -0.00021356 0.0
0.0217713 -0.000210585 0.0
0.0217822 -0.00020763 0.0
0.0217929 -0.00020469 0.0
0.0218035 -0.000201759 0.0
0.0218139 -0.000198828 0.0
0.0218242 -0.000195892 0.0
0.0218343 -0.000192942 0.0
0.0218443 -0.000189973 0.0
0.0218541 -0.000186976 0.0
0.0218637 -0.000183945 0.0
0.0218731 -0.000180869 0.0
0.0218824 -0.000177741 0.0
0.0218915 -0.00017455 0.0
0.0219004 -0.000171289 0.0
0.0219091 -0.000167943 0.0
0.0219177 -0.000164504 0.0
0.021926 -0.000160957 0.0
0.0219341 -0.000157289 0.0
0.021942 -0.000153481 0.0
0.0219496 -0.000149521 0.0
0.0219571 -0.000145384 0.0
0.0219642 -0.000141054 0.0
0.0219712 -0.000136498 0.0
0.0219778 -0.000131699 0.0
0.0219841 -0.000126613 0.0
0.0219901 -0.000121219 0.0
0.0219958 -0.000115455 0.0
0.0220012 -0.000109299 0.0
0.0220061 -0.000102666 0.0
0.0220107 -9.55287e-05 0.0
0.0220148 -8.77659e-05 0.0
0.0220185 -7.93509e-05 0.0
0.0220216 -7.01064e-05 0.0
0.0220243 -6.00064e-05 0.0
0.0220263 -4.87918e-05 0.0
0.0220277 -3.6445e-05 0.0
0.0220285 -2.25914e-05 0.0
0.0220286 -7.53451e-06 0.0
0.0220281 7.11302e-07 0.0
0.0 0.0 0.0
0.0 0.0 0.0
0.0193092 -3.10011e-05 0.0
0.019321 -7.70136e-05 0.0
0.0193436 -0.000125546 0.0
0.019367 -0.000180063 0.0
0.019399 -0.000224587 0.0
0.0194441 -0.000259736 0.0
0.0194908 -0.000305907 0.0
0.0195427 -0.000349824 0.0
0.0196044 -0.00037232 0.0
0.0196688 -0.000400405 0.0
0.0197352 -0.000436733 0.0
0.0198081 -0.000453905 0.0
0.0198822 -0.000463871 0.0
0.0199575 -0.000485343 0.0
0.0200361 -0.000497982 0.0
0.0201145 -0.000498512 0.0
0.0201926 -0.000502874 0.0
0.0202729 -0.000508507 0.0
0.0203516 -0.000504375 0.0
0.0204281 -0.000497701 0.0
0.0205061 -0.000493105 0.0
0.0205827 -0.000485534 0.0
0.0206551 -0.000472849 0.0
0.0207273 -0.00046006 0.0
0.0207993 -0.00044688 0.0
0.0208668 -0.000430925 0.0
0.0209312 -0.000412492 0.0
0.0209955 -0.000393714 0.0
0.0210569 -0.000373609 0.0
0.0211133 -0.00035141 0.0
0.0211678 -0.000327517 0.0
0.0212207 -0.000302624 0.0
0.0212689 -0.000275975 0.0
0.021313 -0.000247388 0.0
0.021355 -0.000216959 0.0
0.0213933 -0.000184686 0.0
0.0214267 -0.000150102 0.0
0.0214566 -0.000113201 0.0
0.021483 -7.35567e-05 0.0
0.0215043 -3.08366e-05 0.0
0.021521 1.49934e-05 0.0
0.0215338 6.42885e-05 0.0
0.0215412 0.00011833 0.0
0.0215428 0.000176974 0.0
0.0215401 0.000239995 0.0
0.021532 0.000309484 0.0
0.0215166 0.00038697 0.0
0.0214954 0.000470375 0.0
0.0214697 0.000561633 0.0
0.021437 0.000665959 0.0
0.0213951 0.000781275 0.0
0.0213482 0.000904568 0.0
0.0212985 0.00104632 0.0
0.0212398 0.00121052 0.0
0.02117 0.00138572 0.0
0.0211022 0.00157966 0.0
0.021039 0.00181332 0.0
0.0209623 0.0020729 0.0
0.0208803 0.00234781 0.0
0.0208284 0.00267164 0.0
0.0207919 0.00304717 0.0
0.0207449 0.00344938 0.0
0.020736 0.00389186 0.0
0.0207972 0.00438067 0.0
0.0208961 0.0049169 0.0
0.021052 0.00550529 0.0
0.021276 0.00605157 0.0
0.0215629 0.00661179 0.0
0.0219705 0.00722055 0.0
0.0224512 0.00771383 0.0
0.0228812 0.00809044 0.0
0.0232941 0.00843835 0.0
0.023713 0.00859457 0.0
0.0240215 0.00863288 0.0
0.0242044 0.00851627 0.0
0.0242436 0.00823848 0.0
0.0240241 0.00783402 0.0
0.0235844 0.00729 0.0
0.0230359 0.00662959 0.0
0.0221318 0.00591694 0.0
0.0210106 0.00530535 0.0
0.0200399 0.0046711 0.0
0.0192897 0.00422456 0.0
0.0185267 0.00355086 0.0
0.0173576 0.00271188 0.0
0.0159639 0.00213865 0.0
0.0147217 0.00176133 0.0
0.0138265 0.00220921 0.0
0.0131145 0.00231704 0.0
0.0123872 0.00193638 0.0
0.0115679 0.000851764 0.0
0.0108113 0.000414339 0.0
0.0102537 0.000139097 0.0
0.00977569 7.63201e-05 0.0
0.00942883 3.44006e-05 0.0
0.00921405 -5.24169e-05 0.0
0.00903546 -7.24148e-05 0.0
0.00887063 -9.3366e-05 0.0
0.00875496 -0.000118547 0.0
0.00867797 -0.000143842 0.0
0.00861224 -0.000147083 0.0
0.00856178 -0.000159195 0.0
0.0085374 -0.000171093 0.0
0.00852717 -0.00017582 0.0
0.00852263 -0.000179942 0.0
0.00853489 -0.000189233 0.0
0.00856804 -0.00019267 0.0
0.00860445 -0.000189688 0.0
0.00864789 -0.000209068 0.0
0.00872901 -0.000211899 0.0
0.00883857 -0.000198534 0.0
0.00895145 -0.00025748 0.0
0.00913473 -0.000398915 0.0
0.00931248 -0.000966622 0.0
0.00943785 -0.00135712 0.0
0.00958119 -0.00152754 0.0
0.00982581 -0.00120746 0.0
0.0102044 -0.00100466 0.0
0.0105898 -0.000874701 0.0
0.0109426 -0.000810575 0.0
0.0113146 -0.000730821 0.0
0.0117302 -0.000807706 0.0
0.0121565 -0.000939319 0.0
0.0124801 -0.0011942 0.0
0.0125875 -0.00149494 0.0
0.0126172 -0.00161673 0.0
0.0127897 -0.00158474 0.0
0.0131447 -0.00152848 0.0
0.013558 -0.00148386 0.0
0.0139137 -0.00155761 0.0
0.0142412 -0.00163412 0.0
0.014526 -0.00180778 0.0
0.0147733 -0.00187115 0.0
0.0150299 -0.00194579 0.0
0.0152836 -0.0019537 0.0
0.0155528 -0.00196486 0.0
0.0158392 -0.00200583 0.0
0.0161023 -0.00207674 0.0
0.0163398 -0.00211198 0.0
0.0165728 -0.00214297 0.0
0.0167978 -0.00215405 0.0
0.017054 -0.0021729 0.0
0.0173375 -0.00220328 0.0
0.0176056 -0.00224787 0.0
0.0178465 -0.00229587 0.0
0.0180691 -0.00236434 0.0
0.0182789 -0.00242507 0.0
0.0184876 -0.00246554 0.0
0.0186771 -0.00251917 0.0
0.0188434 -0.00256009 0.0
0.0190159 -0.00260101 0.0
0.0191908 -0.00263873 0.0
0.0193526 -0.00267562 0.0
0.0195069 -0.00269919 0.0
0.0196609 -0.00273431 0.0
0.019811 -0.00276563 0.0
0.0199529 -0.0027884 0.0
0.0200808 -0.00281573 0.0
0.0202033 -0.00283884 0.0
0.0203227 -0.00286776 0.0
0.020428 -0.00288878 0.0
0.0205191 -0.00290877 0.0
0.0206015 -0.00293085 0.0
0.0206768 -0.00294808 0.0
0.0207387 -0.00295541 0.0
0.0207843 -0.00295566 0.0
0.0208209 -0.00295207 0.0
0.0208545 -0.00293396 0.0
0.0208792 -0.00290418 0.0
0.0208938 -0.00286265 0.0
0.0209105 -0.00281544 0.0
0.0209302 -0.00275901 0.0
0.0209462 -0.0026903 0.0
0.0209608 -0.00261973 0.0
0.0209796 -0.00254701 0.0
0.0210014 -0.00246804 0.0
0.0210219 -0.00238675 0.0
0.0210415 -0.00230689 0.0
0.0210638 -0.00222614 0.0
0.0210877 -0.00214482 0.0
0.0211097 -0.00206493 0.0
0.0211304 -0.00198672 0.0
0.0211524 -0.00190959 0.0
0.0211743 -0.00183441 0.0
0.021194 -0.00176134 0.0
0.0212126 -0.0016903 0.0
0.0212314 -0.00162148 0.0
0.0212491 -0.00155516 0.0
0.0212649 -0.00149103 0.0
0.02128 -0.00142924 0.0
0.0212946 -0.00136997 0.0
0.0213078 -0.00131307 0.0
0.0213197 -0.00125838 0.0
0.0213311 -0.00120607 0.0
0.0213417 -0.00115611 0.0
0.0213512 -0.0011083 0.0
0.0213598 -0.00106261 0.0
0.021368 -0.0010191 0.0
0.0213754 -0.000977648 0.0
0.0213821 -0.000938112 0.0
0.0213883 -0.000900492 0.0
0.0213941 -0.000864761 0.0
0.0213994 -0.000830777 0.0
0.0214042 -0.000798467 0.0
0.0214088 -0.000767812 0.0
0.0214131 -0.000738733 0.0
0.0214171 -0.000711123 0.0
0.0214209 -0.000684937 0.0
0.0214246 -0.000660129 0.0
0.0214281 -0.000636615 0.0
0.0214315 -0.000614321 0.0
0.0214349 -0.000593207 0.0
0.0214382 -0.000573215 0.0
0.0214415 -0.000554273 0.0
0.0214448 -0.000536331 0.0
0.0214482 -0.000519346 0.0
0.0214516 -0.00050326 0.0
0.0214551 -0.000488022 0.0
0.0214586 -0.000473589 0.0
0.0214622 -0.00045992 0.0
0.0214659 -0.000446968 0.0
0.0214698 -0.000434691 0.0
0.0214737 -0.000423056 0.0
0.0214778 -0.000412023 0.0
0.0214819 -0.000401557 0.0
0.0214862 -0.000391625 0.0
0.0214906 -0.000382197 0.0
0.0214952 -0.000373241 0.0
0.0214998 -0.00036473 0.0
0.0215046 -0.000356636 0.0
0.0215095 -0.000348936 0.0
0.0215144 -0.000341603 0.0
0.0215196 -0.000334615 0.0
0.0215248 -0.000327952 0.0
0.0215301 -0.000321592 0.0
0.0215355 -0.000315516 0.0
0.021541 -0.000309705 0.0
0.0215465 -0.000304144 0.0
0.0215522 -0.000298814 0.0
0.0215579 -0.000293701 0.0
0.0215637 -0.00028879 0.0
0.0215696 -0.000284067 0.0
0.0215755 -0.000279519 0.0
0.0215814 -0.000275134 0.0
0.0215874 -0.0002709 0.0
0.0215935 -0.000266806 0.0
0.0215996 -0.00026284 0.0
0.0216056 -0.000258994 0.0
0.0216118 -0.000255257 0.0
0.0216179 -0.00025162 0.0
0.021624 -0.000248075 0.0
0.0216302 -0.000244613 0.0
0.0216363 -0.000241225 0.0
0.0216424 -0.000237905 0.0
0.0216485 -0.000234645 0.0
0.0216546 -0.000231437 0.0
0.0216607 -0.000228274 0.0
0.0216668 -0.00022515 0.0
0.0216728 -0.000222057 0.0
0.0216788 -0.000218989 0.0
0.0216847 -0.00021594 0.0
0.0216906 -0.000212901 0.0
0.0216965 -0.000209868 0.0
0.0217023 -0.000206832 0.0
0.021708 -0.000203787 0.0
0.0217137 -0.000200726 0.0
0.0217193 -0.000197641 0.0
0.0217248 -0.000194524 0.0
0.0217303 -0.000191369 0.0
0.0217357 -0.000188165 0.0
0.0217409 -0.000184904 0.0
0.0217461 -0.000181575 0.0
0.0217513 -0.00017817 0.0
0.0217563 -0.000174676 0.0
0.0217611 -0.000171081 0.0
0.0217659 -0.00016737 0.0
0.0217706 -0.000163531 0.0
0.0217751 -0.000159544 0.0
0.0217795 -0.000155396 0.0
0.0217837 -0.000151059 0.0
0.0217878 -0.000146518 0.0
0.0217917 -0.000141739 0.0
0.0217954 -0.000136704 0.0
0.0217989 -0.000131366 0.0
0.0218022 -0.000125703 0.0
0.0218053 -0.000119654 0.0
0.0218082 -0.000113194 0.0
0.0218108 -0.000106235 0.0
0.0218131 -9.8749e-05 0.0
0.0218152 -9.0615e-05 0.0
0.0218169 -8.18028e-05 0.0
0.0218183 -7.21353e-05 0.0
0.0218194 -6.1585e-05 0.0
0.0218201 -4.9895e-05 0.0
0.0218205 -3.70448e-05 0.0
0.0218205 -2.26715e-05 0.0
0.0218201 -7.12785e-06 0.0
0.0218196 1.35478e-06 0.0
0.0 0.0 0.0
0.0 0.0 0.0
0.0193147 -2.99759e-05 0.0
0.0193237 -9.80401e-05 0.0
0.0193461 -0.00015488 0.0
0.0193738 -0.000201362 0.0
0.0194044 -0.00026247 0.0
0.0194535 -0.000318591 0.0
0.0195109 -0.000354521 0.0
0.0195633 -0.00040002 0.0
0.0196255 -0.000446408 0.0
0.0197019 -0.000472022 0.0
0.0197743 -0.000499625 0.0
0.0198467 -0.000532536 0.0
0.0199285 -0.000547367 0.0
0.0200123 -0.000559577 0.0
0.0200931 -0.000576839 0.0
0.0201757 -0.00058398 0.0
0.02026 -0.000583215 0.0
0.0203442 -0.000586893 0.0
0.020427 -0.00058602 0.0
0.0205077 -0.000577862 0.0
0.0205879 -0.000569813 0.0
0.0206683 -0.000561697 0.0
0.0207453 -0.000547883 0.0
0.0208185 -0.000532482 0.0
0.0208916 -0.000516997 0.0
0.0209634 -0.000498724 0.0
0.0210301 -0.000477697 0.0
0.0210936 -0.000456505 0.0
0.0211566 -0.000433368 0.0
0.0212162 -0.000407806 0.0
0.0212706 -0.000381145 0.0
0.0213225 -0.000353283 0.0
0.0213726 -0.000322791 0.0
0.0214181 -0.000290609 0.0
0.0214589 -0.000256996 0.0
0.0214972 -0.000220924 0.0
0.0215322 -0.000182106 0.0
0.0215622 -0.000141301 0.0
0.021588 -9.77272e-05 0.0
0.0216104 -5.05677e-05 0.0
0.0216285 -5.6838e-08 0.0
0.0216415 5.37997e-05 0.0
0.0216501 0.000112402 0.0
0.0216547 0.000176205 0.0
0.021654 0.000244808 0.0
0.0216477 0.000319227 0.0
0.0216374 0.000401725 0.0
0.0216223 0.00049185 0.0
0.0216003 0.000589111 0.0
0.0215735 0.000697281 0.0
0.0215445 0.000819046 0.0
0.0215085 0.000950823 0.0
0.0214641 0.00109496 0.0
0.021422 0.00126077 0.0
0.0213804 0.00144543 0.0
0.0213253 0.00164309 0.0
0.0212709 0.00186822 0.0
0.0212377 0.00212742 0.0
0.0212011 0.00240472 0.0
0.0211529 0.00271237 0.0
0.0211421 0.00306493 0.0
0.0211732 0.00344099 0.0
0.0212032 0.00385254 0.0
0.0212613 0.00431638 0.0
0.0213945 0.00477234 0.0
0.0215921 0.00526078 0.0
0.0218393 0.00580779 0.0
0.0221374 0.00630628 0.0
0.0225045 0.0067542 0.0
0.0229488 0.00724089 0.0
0.0234332 0.00766203 0.0
0.0239263 0.0079644 0.0
0.0243947 0.00814834 0.0
0.0248287 0.00834991 0.0
0.0251954 0.00830649 0.0
0.0253892 0.00813992 0.0
0.0255386 0.00801485 0.0
0.0255496 0.0075021 0.0
0.0253251 0.00711555 0.0
0.024991 0.00664944 0.0
0.0245424 0.00606515 0.0
0.023877 0.00549032 0.0
0.0231567 0.00509442 0.0
0.022423 0.00433883 0.0
0.0216066 0.00380615 0.0
0.0207432 0.00329684 0.0
0.0197231 0.00285246 0.0
0.0188879 0.00280542 0.0
0.0185145 0.0027323 0.0
0.0182582 0.00236737 0.0
0.0176584 0.00176821 0.0
0.0168041 0.001254 0.0
0.0160147 0.000728713 0.0
0.0154536 0.000547476 0.0
0.0150523 0.000359247 0.0
0.014674 0.000234379 0.0
0.0143564 0.000148857 0.0
0.0141341 7.5691e-05 0.0
0.0139601 9.05662e-06 0.0
0.0138038 -3.59427e-05 0.0
0.0136874 -7.07543e-05 0.0
0.0136089 -0.000107397 0.0
0.0135482 -0.000138093 0.0
0.0135076 -0.000159901 0.0
0.0134957 -0.000180783 0.0
0.0134974 -0.000206629 0.0
0.0135126 -0.000227177 0.0
0.0135606 -0.000245336 0.0
0.013631 -0.000274335 0.0
0.0136977 -0.000314078 0.0
0.0138093 -0.000321753 0.0
0.0140036 -0.000477529 0.0
0.0142428 -0.000668502 0.0
0.0143875 -0.000976047 0.0
0.0143103 -0.00132338 0.0
0.0141574 -0.00147996 0.0
0.0141741 -0.00143246 0.0
0.0143909 -0.00136812 0.0
0.0146921 -0.00120905 0.0
0.0149944 -0.00114779 0.0
0.0153052 -0.00109916 0.0
0.0156332 -0.00116136 0.0
0.0159201 -0.00128901 0.0
0.0161894 -0.00140963 0.0
0.0163819 -0.00164772 0.0
0.0165197 -0.00172353 0.0
0.0166888 -0.00181149 0.0
0.0168734 -0.00183672 0.0
0.0171159 -0.00180658 0.0
0.0173835 -0.00185243 0.0
0.0176364 -0.00191614 0.0
0.0178566 -0.00202125 0.0
0.0180489 -0.00207882 0.0
0.0182194 -0.00215055 0.0
0.0183974 -0.00217052 0.0
0.0186157 -0.00222393 0.0
0.0188329 -0.0022638 0.0
0.0190372 -0.00228533 0.0
0.0192296 -0.0023392 0.0
0.019421 -0.00236337 0.0
0.0196258 -0.00237444 0.0
0.0198247 -0.00240825 0.0
0.0200118 -0.00243048 0.0
0.020201 -0.00246429 0.0
0.0203859 -0.00250621 0.0
0.0205591 -0.0025501 0.0
0.0207162 -0.00259661 0.0
0.0208606 -0.00264401 0.0
0.0210033 -0.00267382 0.0
0.0211432 -0.0027166 0.0
0.0212727 -0.00275423 0.0
0.0213945 -0.00277925 0.0
0.0215072 -0.00280941 0.0
0.0216163 -0.00283334 0.0
0.0217223 -0.00285965 0.0
0.0218165 -0.00287959 0.0
0.021903 -0.00289958 0.0
0.0219869 -0.00291921 0.0
0.0220653 -0.00293758 0.0
0.0221331 -0.00295263 0.0
0.022191 -0.00296658 0.0
0.0222424 -0.00297935 0.0
0.0222857 -0.00298684 0.0
0.0223151 -0.00299276 0.0
0.0223325 -0.00299056 0.0
0.0223448 -0.00298179 0.0
0.0223495 -0.00296693 0.0
0.0223425 -0.00294308 0.0
0.0223295 -0.00290754 0.0
0.0223172 -0.00286415 0.0
0.0223023 -0.00281592 0.0
0.0222816 -0.00275579 0.0
0.0222619 -0.00268921 0.0
0.0222455 -0.00262129 0.0
0.0222286 -0.00254724 0.0
0.0222106 -0.00246875 0.0
0.0221943 -0.00239006 0.0
0.02218 -0.00231072 0.0
0.0221665 -0.00222964 0.0
0.0221523 -0.00214893 0.0
0.0221385 -0.00206941 0.0
0.0221261 -0.00199096 0.0
0.022114 -0.00191362 0.0
0.0221008 -0.00183804 0.0
0.0220876 -0.00176441 0.0
0.0220752 -0.00169298 0.0
0.0220624 -0.00162363 0.0
0.0220487 -0.00155646 0.0
0.022035 -0.0014917 0.0
0.0220216 -0.00142947 0.0
0.0220075 -0.00136949 0.0
0.021993 -0.00131183 0.0
0.0219785 -0.00125667 0.0
0.021964 -0.00120391 0.0
0.021949 -0.00115333 0.0
0.0219339 -0.00110504 0.0
0.0219189 -0.00105904 0.0
0.0219039 -0.00101518 0.0
0.0218887 -0.000973335 0.0
0.0218736 -0.000933566 0.0
0.0218586 -0.000895792 0.0
0.0218437 -0.000859862 0.0
0.0218289 -0.000825728 0.0
0.0218144 -0.000793379 0.0
0.0218001 -0.000762702 0.0
0.021786 -0.000733594 0.0
0.0217721 -0.000706021 0.0
0.0217587 -0.000679928 0.0
0.0217455 -0.000655213 0.0
0.0217326 -0.000631809 0.0
0.0217201 -0.000609674 0.0
0.021708 -0.000588741 0.0
0.0216963 -0.000568929 0.0
0.021685 -0.000550191 0.0
0.0216741 -0.000532479 0.0
0.0216636 -0.000515727 0.0
0.0216535 -0.000499879 0.0
0.0216439 -0.000484893 0.0
0.0216347 -0.000470722 0.0
0.0216259 -0.000457313 0.0
0.0216175 -0.000444623 0.0
0.0216096 -0.000432615 0.0
0.0216021 -0.000421246 0.0
0.021595 -0.000410477 0.0
0.0215882 -0.000400273 0.0
0.0215819 -0.000390602 0.0
0.021576 -0.000381429 0.0
0.0215704 -0.000372723 0.0
0.0215652 -0.000364457 0.0
0.0215604 -0.000356603 0.0
0.021556 -0.000349134 0.0
0.0215518 -0.000342025 0.0
0.021548 -0.000335255 0.0
0.0215445 -0.000328801 0.0
0.0215413 -0.000322642 0.0
0.0215385 -0.000316758 0.0
0.0215358 -0.000311132 0.0
0.0215335 -0.000305746 0.0
0.0215314 -0.000300583 0.0
0.0215296 -0.000295628 0.0
0.021528 -0.000290867 0.0
0.0215267 -0.000286285 0.0
0.0215255 -0.00028187 0.0
0.0215246 -0.00027761 0.0
0.0215238 -0.000273492 0.0
0.0215233 -0.000269505 0.0
0.0215229 -0.00026564 0.0
0.0215226 -0.000261885 0.0
0.0215226 -0.000258233 0.0
0.0215226 -0.000254673 0.0
0.0215228 -0.000251198 0.0
0.0215232 -0.000247799 0.0
0.0215236 -0.000244467 0.0
0.0215242 -0.000241197 0.0
0.0215249 -0.000237979 0.0
0.0215256 -0.000234808 0.0
0.0215265 -0.000231676 0.0
0.0215274 -0.000228576 0.0
0.0215284 -0.000225502 0.0
0.0215295 -0.000222448 0.0
0.0215306 -0.000219406 0.0
0.0215318 -0.000216369 0.0
0.021533 -0.000213333 0.0
0.0215343 -0.000210289 0.0
0.0215356 -0.00020723 0.0
0.0215369 -0.00020415 0.0
0.0215382 -0.000201041 0.0
0.0215396 -0.000197895 0.0
0.021541 -0.000194705 0.0
0.0215424 -0.000191461 0.0
0.0215438 -0.000188154 0.0
0.0215451 -0.000184774 0.0
0.0215465 -0.000181311 0.0
0.0215478 -0.000177753 0.0
0.0215492 -0.000174087 0.0
0.0215504 -0.000170299 0.0
0.0215517 -0.000166375 0.0
0.0215529 -0.000162296 0.0
0.021554 -0.000158046 0.0
0.0215551 -0.0001536 0.0
0.0215561 -0.00014894 0.0
0.021557 -0.000144032 0.0
0.0215579 -0.000138858 0.0
0.0215586 -0.00013337 0.0
0.0215593 -0.000127546 0.0
0.0215598 -0.000121325 0.0
0.0215602 -0.000114679 0.0
0.0215605 -0.000107523 0.0
0.0215607 -9.98292e-05 0.0
0.0215607 -9.14767e-05 0.0
0.0215605 -8.24338e-05 0.0
0.0215602 -7.25312e-05 0.0
0.0215598 -6.17389e-05 0.0
0.0215592 -4.98096e-05 0.0
0.0215586 -3.67213e-05 0.0
0.0215578 -2.2139e-05 0.0
0.021557 -6.46534e-06 0.0
0.0215563 2.05238e-06 0.0
0.0 0.0 0.0
0.0 0.0 0.0
0.0193164 -3.92373e-05 0.0
0.0193246 -0.000109711 0.0
0.0193398 -0.000179447 0.0
0.0193786 -0.00023937 0.0
0.0194249 -0.000300981 0.0
0.0194673 -0.000370059 0.0
0.0195235 -0.000419086 0.0
0.0195951 -0.000457838 0.0
0.019664 -0.000513764 0.0
0.019737 -0.000556818 0.0
0.0198188 -0.000574177 0.0
0.019903 -0.000606119 0.0
0.0199884 -0.000638645 0.0
0.0200753 -0.000647582 0.0
0.0201629 -0.000654737 0.0
0.0202537 -0.000671295 0.0
0.0203431 -0.000675025 0.0
0.0204287 -0.000669206 0.0
0.0205164 -0.000667242 0.0
0.0206052 -0.000664412 0.0
0.0206876 -0.000652193 0.0
0.0207675 -0.000638384 0.0
0.0208499 -0.000625512 0.0
0.0209285 -0.000609216 0.0
0.0210004 -0.000588471 0.0
0.0210722 -0.000567539 0.0
0.0211435 -0.000545346 0.0
0.0212085 -0.000520381 0.0
0.021269 -0.000493293 0.0
0.0213292 -0.000465368 0.0
0.021386 -0.000435418 0.0
0.0214368 -0.000403444 0.0
0.0214847 -0.000369749 0.0
0.0215306 -0.000334256 0.0
0.0215717 -0.000296421 0.0
0.0216082 -0.000256601 0.0
0.0216418 -0.000214379 0.0
0.0216718 -0.000169258 0.0
0.021697 -0.000121331 0.0
0.0217184 -7.06433e-05 0.0
0.0217361 -1.59172e-05 0.0
0.0217493 4.30545e-05 0.0
0.0217584 0.000105609 0.0
0.0217636 0.000173027 0.0
0.0217644 0.00024731 0.0
0.0217605 0.000327047 0.0
0.0217529 0.000412131 0.0
0.0217416 0.000506909 0.0
0.0217254 0.000611844 0.0
0.0217045 0.000722886 0.0
0.0216817 0.000844913 0.0
0.0216569 0.000984781 0.0
0.0216261 0.00113567 0.0
0.0215927 0.00129586 0.0
0.0215644 0.00148053 0.0
0.0215366 0.00168908 0.0
0.0215025 0.0019071 0.0
0.021478 0.00214903 0.0
0.021473 0.00242807 0.0
0.0214713 0.00272792 0.0
0.0214775 0.00304783 0.0
0.0215195 0.0034023 0.0
0.0215939 0.00378233 0.0
0.0216988 0.00419676 0.0
0.0218462 0.00462286 0.0
0.0220327 0.00504758 0.0
0.0222834 0.00550563 0.0
0.0226147 0.00596984 0.0
0.0229743 0.00637605 0.0
0.0233701 0.00678898 0.0
0.0238479 0.00715421 0.0
0.0243529 0.00746647 0.0
0.0248405 0.00769775 0.0
0.0253394 0.00786526 0.0
0.0258195 0.00792471 0.0
0.0262026 0.00791375 0.0
0.0265405 0.00777957 0.0
0.0267353 0.00752404 0.0
0.0267674 0.00729077 0.0
0.0267247 0.00685562 0.0
0.0265888 0.00642129 0.0
0.0263383 0.00599645 0.0
0.0260264 0.00555749 0.0
0.0256093 0.00499732 0.0
0.0250831 0.0044885 0.0
0.0245227 0.00403051 0.0
0.0238935 0.0037243 0.0
0.0232619 0.00339054 0.0
0.0227844 0.00315769 0.0
0.0223855 0.00273287 0.0
0.0219513 0.00238751 0.0
0.0215036 0.00187706 0.0
0.0209501 0.00137678 0.0
0.0203919 0.00106598 0.0
0.0198988 0.000777998 0.0
0.0194754 0.000605156 0.0
0.0191429 0.000433133 0.0
0.0188681 0.000305868 0.0
0.0186251 0.000204967 0.0
0.0184236 0.000122401 0.0
0.0182741 4.19933e-05 0.0
0.0181573 -1.88186e-05 0.0
0.0180618 -6.96629e-05 0.0
0.0179938 -0.000121019 0.0
0.0179588 -0.000167349 0.0
0.0179445 -0.000206363 0.0
0.0179453 -0.000246707 0.0
0.0179707 -0.000296752 0.0
0.0180272 -0.000336448 0.0
0.0180998 -0.000403007 0.0
0.0182037 -0.000456906 0.0
0.0183229 -0.000613753 0.0
0.0184006 -0.000825948 0.0
0.0184809 -0.00100622 0.0
0.0185015 -0.00129801 0.0
0.0184714 -0.00141551 0.0
0.0184778 -0.00150824 0.0
0.0185014 -0.00151189 0.0
0.0186018 -0.00143614 0.0
0.0187991 -0.00141476 0.0
0.0190447 -0.00141115 0.0
0.0193004 -0.00142914 0.0
0.019516 -0.00151618 0.0
0.0197014 -0.0016223 0.0
0.019855 -0.00176938 0.0
0.0199783 -0.00185922 0.0
0.0200906 -0.00194108 0.0
0.0201998 -0.00198557 0.0
0.0203547 -0.00203697 0.0
0.0205453 -0.00208086 0.0
0.0207291 -0.00213001 0.0
0.0208908 -0.00219402 0.0
0.021044 -0.00226425 0.0
0.0211954 -0.00231076 0.0
0.0213481 -0.00235062 0.0
0.0214898 -0.00239763 0.0
0.0216211 -0.00242787 0.0
0.0217625 -0.00245991 0.0
0.021901 -0.00249594 0.0
0.0220308 -0.00252002 0.0
0.0221664 -0.00254755 0.0
0.0223033 -0.00257028 0.0
0.0224368 -0.00259315 0.0
0.0225732 -0.00262365 0.0
0.0227025 -0.00266411 0.0
0.0228218 -0.00269207 0.0
0.0229351 -0.00272395 0.0
0.0230341 -0.00276445 0.0
0.0231271 -0.00279235 0.0
0.0232168 -0.00282322 0.0
0.0232924 -0.00284956 0.0
0.0233609 -0.00287388 0.0
0.0234294 -0.0028963 0.0
0.0234929 -0.00291796 0.0
0.0235466 -0.00293391 0.0
0.0235943 -0.00294799 0.0
0.0236383 -0.00296454 0.0
0.0236766 -0.00297586 0.0
0.0237051 -0.0029858 0.0
0.0237245 -0.00299206 0.0
0.0237392 -0.00299948 0.0
0.0237466 -0.00300395 0.0
0.0237437 -0.00300145 0.0
0.0237317 -0.00299556 0.0
0.0237132 -0.00298755 0.0
0.023688 -0.00297251 0.0
0.0236544 -0.00294687 0.0
0.0236134 -0.00291602 0.0
0.0235695 -0.00287947 0.0
0.0235235 -0.00283433 0.0
0.0234726 -0.00277906 0.0
0.0234197 -0.00271916 0.0
0.0233689 -0.00265689 0.0
0.0233181 -0.00258641 0.0
0.0232661 -0.00251094 0.0
0.0232151 -0.00243624 0.0
0.0231666 -0.0023591 0.0
0.0231191 -0.00227857 0.0
0.0230713 -0.00219849 0.0
0.0230245 -0.00211976 0.0
0.02298 -0.00204053 0.0
0.0229363 -0.00196191 0.0
0.022892 -0.00188526 0.0
0.0228487 -0.00181032 0.0
0.0228072 -0.00173678 0.0
0.0227657 -0.00166537 0.0
0.022724 -0.00159624 0.0
0.0226833 -0.0015293 0.0
0.0226436 -0.00146464 0.0
0.0226039 -0.00140242 0.0
0.0225642 -0.00134254 0.0
0.0225256 -0.0012851 0.0
0.0224876 -0.00123008 0.0
0.0224496 -0.0011774 0.0
0.0224122 -0.00112703 0.0
0.0223756 -0.00107902 0.0
0.0223395 -0.00103325 0.0
0.0223037 -0.00098962 0.0
0.0222686 -0.000948132 0.0
0.0222343 -0.000908739 0.0
0.0222005 -0.000871304 0.0
0.0221673 -0.000835769 0.0
0.0221349 -0.000802102 0.0
0.0221032 -0.000770212 0.0
0.0220722 -0.00073999 0.0
0.0220418 -0.000711392 0.0
0.0220123 -0.000684358 0.0
0.0219835 -0.000658792 0.0
0.0219554 -0.000634618 0.0
0.0219281 -0.000611788 0.0
0.0219016 -0.000590231 0.0
0.0218758 -0.000569867 0.0
0.0218508 -0.00055064 0.0
0.0218266 -0.000532497 0.0
0.0218031 -0.000515372 0.0
0.0217803 -0.000499203 0.0
0.0217583 -0.000483945 0.0
0.0217371 -0.000469545 0.0
0.0217166 -0.000455948 0.0
0.0216967 -0.000443108 0.0
0.0216776 -0.000430985 0.0
0.0216592 -0.000419532 0.0
0.0216415 -0.000408706 0.0
0.0216244 -0.000398472 0.0
0.0216079 -0.000388793 0.0
0.0215921 -0.000379633 0.0
0.021577 -0.000370958 0.0
0.0215624 -0.000362739 0.0
0.0215484 -0.000354946 0.0
0.0215349 -0.00034755 0.0
0.021522 -0.000340526 0.0
0.0215097 -0.000333849 0.0
0.0214978 -0.000327496 0.0
0.0214865 -0.000321445 0.0
0.0214756 -0.000315674 0.0
0.0214652 -0.000310165 0.0
0.0214552 -0.000304899 0.0
0.0214457 -0.000299859 0.0
0.0214366 -0.000295029 0.0
0.0214279 -0.000290394 0.0
0.0214195 -0.000285938 0.0
0.0214115 -0.000281649 0.0
0.0214039 -0.000277513 0.0
0.0213966 -0.000273519 0.0
0.0213897 -0.000269656 0.0
0.021383 -0.000265912 0.0
0.0213767 -0.000262278 0.0
0.0213706 -0.000258743 0.0
0.0213648 -0.000255299 0.0
0.0213593 -0.000251937 0.0
0.021354 -0.00024865 0.0
0.0213489 -0.000245428 0.0
0.0213441 -0.000242264 0.0
0.0213395 -0.000239152 0.0
0.021335 -0.000236084 0.0
0.0213308 -0.000233053 0.0
0.0213268 -0.000230053 0.0
0.0213229 -0.000227077 0.0
0.0213192 -0.000224119 0.0
0.0213156 -0.000221173 0.0
0.0213122 -0.000218231 0.0
0.0213089 -0.000215289 0.0
0.0213058 -0.000212339 0.0
0.0213028 -0.000209374 0.0
0.0212999 -0.000206389 0.0
0.0212971 -0.000203375 0.0
0.0212944 -0.000200327 0.0
0.0212918 -0.000197235 0.0
0.0212893 -0.000194092 0.0
0.0212869 -0.000190889 0.0
0.0212846 -0.000187618 0.0
0.0212823 -0.000184267 0.0
0.0212801 -0.000180827 0.0
0.0212779 -0.000177285 0.0
0.0212758 -0.00017363 0.0
0.0212738 -0.000169845 0.0
0.0212717 -0.000165918 0.0
0.0212698 -0.000161829 0.0
0.0212678 -0.000157563 0.0
0.0212659 -0.000153094 0.0
0.0212639 -0.000148404 0.0
0.021262 -0.00014346 0.0
0.0212601 -0.000138241 0.0
0.0212582 -0.000132703 0.0
0.0212563 -0.000126823 0.0
0.0212544 -0.00012054 0.0
0.0212525 -0.000113827 0.0
0.0212506 -0.000106603 0.0
0.0212486 -9.88384e-05 0.0
0.0212467 -9.04175e-05 0.0
0.0212448 -8.13099e-05 0.0
0.0212428 -7.13562e-05 0.0
0.021241 -6.05234e-05 0.0
0.0212392 -4.85858e-05 0.0
0.0212376 -3.55181e-05 0.0
0.0212361 -2.10242e-05 0.0
0.0212349 -5.55928e-06 0.0
0.0212341 2.80185e-06 0.0
0.0 0.0 0.0
0.0 0.0 0.0
0.0193114 -5.50007e-05 0.0
0.0193302 -0.000118867 0.0
0.0193488 -0.000199272 0.0
0.0193817 -0.000293177 0.0
0.0194344 -0.000353848 0.0
0.0194884 -0.000408731 0.0
0.019546 -0.000489029 0.0
0.019625 -0.000545811 0.0
0.0197057 -0.000577595 0.0
0.0197819 -0.000631395 0.0
0.019871 -0.000674486 0.0
0.0199674 -0.0006932 0.0
0.0200576 -0.000718368 0.0
0.0201507 -0.00074441 0.0
0.0202481 -0.000751819 0.0
0.0203436 -0.000757757 0.0
0.0204382 -0.000764764 0.0
0.0205323 -0.000763445 0.0
0.0206233 -0.000755819 0.0
0.020714 -0.000749062 0.0
0.0208036 -0.000737564 0.0
0.0208877 -0.000722018 0.0
0.0209687 -0.000704813 0.0
0.02105 -0.000685462 0.0
0.021127 -0.000662495 0.0
0.0211976 -0.000638651 0.0
0.0212666 -0.000612633 0.0
0.0213341 -0.000583898 0.0
0.0213956 -0.000553678 0.0
0.021452 -0.000522534 0.0
0.021507 -0.000488512 0.0
0.0215585 -0.000452536 0.0
0.021604 -0.000415483 0.0
0.0216459 -0.000376408 0.0
0.0216856 -0.000334392 0.0
0.0217207 -0.000290592 0.0
0.0217509 -0.000244813 0.0
0.021778 -0.000195935 0.0
0.021802 -0.000143795 0.0
0.0218212 -8.90252e-05 0.0
0.0218364 -3.07802e-05 0.0
0.0218488 3.19752e-05 0.0
0.0218573 9.9125e-05 0.0
0.0218612 0.000170468 0.0
0.0218621 0.000247634 0.0
0.0218605 0.000331706 0.0
0.0218542 0.00042183 0.0
0.0218438 0.000518788 0.0
0.0218331 0.00062587 0.0
0.0218198 0.000742814 0.0
0.0218002 0.000867871 0.0
0.021781 0.00100559 0.0
0.0217663 0.00115933 0.0
0.0217462 0.00132489 0.0
0.0217217 0.00150412 0.0
0.0217111 0.00170543 0.0
0.0217085 0.00192495 0.0
0.0216972 0.00216157 0.0
0.0216992 0.00242293 0.0
0.0217339 0.00270513 0.0
0.0217761 0.00300774 0.0
0.0218267 0.0033453 0.0
0.0219196 0.00369038 0.0
0.0220531 0.00404399 0.0
0.0222159 0.00444377 0.0
0.0224211 0.00484904 0.0
0.0226731 0.00521259 0.0
0.0229778 0.00561198 0.0
0.0233387 0.00601673 0.0
0.0237417 0.00636312 0.0
0.0241796 0.00665831 0.0
0.0246585 0.00697535 0.0
0.025173 0.00721388 0.0
0.0256664 0.00734402 0.0
0.0261544 0.00747176 0.0
0.0266474 0.00751514 0.0
0.0270599 0.0074056 0.0
0.0273969 0.00733137 0.0
0.0277262 0.00712441 0.0
0.0279194 0.0068142 0.0
0.0279629 0.00656256 0.0
0.0279521 0.00617284 0.0
0.0278693 0.00573922 0.0
0.0277065 0.00540608 0.0
0.0274272 0.00493887 0.0
0.027053 0.00449203 0.0
0.0267422 0.00416311 0.0
0.0264693 0.00379346 0.0
0.0261528 0.00351881 0.0
0.0258257 0.00313088 0.0
0.0255186 0.00272477 0.0
0.0252019 0.00229357 0.0
0.0247878 0.00193504 0.0
0.0243358 0.00154397 0.0
0.0239118 0.00120866 0.0
0.0235531 0.000973446 0.0
0.0232247 0.000752809 0.0
0.0229131 0.000580839 0.0
0.0226599 0.000430194 0.0
0.0224623 0.000304683 0.0
0.0222865 0.000193569 0.0
0.0221336 0.000101825 0.0
0.0220242 1.79194e-05 0.0
0.0219445 -5.90555e-05 0.0
0.0218791 -0.000127815 0.0
0.0218409 -0.00019223 0.0
0.0218366 -0.000257063 0.0
0.021845 -0.000327972 0.0
0.0218681 -0.000385313 0.0
0.0219236 -0.000479042 0.0
0.0220083 -0.000589078 0.0
0.022106 -0.000698825 0.0
0.0221641 -0.000872006 0.0
0.0221907 -0.00105102 0.0
0.0221862 -0.00125401 0.0
0.0221533 -0.00138642 0.0
0.0221173 -0.00149284 0.0
0.0221042 -0.0015292 0.0
0.0221583 -0.00156604 0.0
0.0222618 -0.00157643 0.0
0.0223809 -0.00159469 0.0
0.0225217 -0.00162921 0.0
0.022684 -0.00170088 0.0
0.02283 -0.00179028 0.0
0.0229491 -0.00187512 0.0
0.0230473 -0.00198386 0.0
0.0231403 -0.00205255 0.0
0.0232462 -0.00210088 0.0
0.0233457 -0.0021706 0.0
0.0234366 -0.00221864 0.0
0.0235431 -0.00226793 0.0
0.023651 -0.00232192 0.0
0.0237441 -0.00237957 0.0
0.0238341 -0.002424 0.0
0.023926 -0.00247499 0.0
0.0240121 -0.00250526 0.0
0.0241034 -0.00253956 0.0
0.0241947 -0.00258522 0.0
0.024282 -0.00260315 0.0
0.0243686 -0.00262885 0.0
0.0244484 -0.00265954 0.0
0.0245303 -0.00267648 0.0
0.0246135 -0.00270285 0.0
0.024689 -0.00272533 0.0
0.0247563 -0.00275241 0.0
0.0248186 -0.00278131 0.0
0.0248782 -0.00280813 0.0
0.0249317 -0.00283181 0.0
0.0249755 -0.00286023 0.0
0.0250119 -0.00288217 0.0
0.0250454 -0.00290057 0.0
0.0250734 -0.00292228 0.0
0.0250936 -0.00293718 0.0
0.025106 -0.00295047 0.0
0.0251129 -0.00296184 0.0
0.0251169 -0.00297288 0.0
0.0251141 -0.00298021 0.0
0.0251027 -0.00298435 0.0
0.0250861 -0.00298861 0.0
0.0250653 -0.00299052 0.0
0.0250374 -0.00298814 0.0
0.0250002 -0.00298269 0.0
0.0249557 -0.00297597 0.0
0.0249069 -0.00296298 0.0
0.0248515 -0.00294507 0.0
0.0247862 -0.00292253 0.0
0.0247158 -0.00289376 0.0
0.0246439 -0.00285797 0.0
0.0245676 -0.00281616 0.0
0.024485 -0.00276786 0.0
0.024402 -0.00271244 0.0
0.0243212 -0.00265319 0.0
0.0242381 -0.00258828 0.0
0.0241532 -0.00251788 0.0
0.0240713 -0.00244596 0.0
0.0239916 -0.00237161 0.0
0.0239116 -0.00229382 0.0
0.0238324 -0.00221567 0.0
0.0237557 -0.00213779 0.0
0.0236812 -0.00205924 0.0
0.0236073 -0.00198089 0.0
0.0235343 -0.00190406 0.0
0.0234634 -0.00182844 0.0
0.0233944 -0.00175412 0.0
0.023326 -0.00168165 0.0
0.0232585 -0.00161124 0.0
0.0231929 -0.00154287 0.0
0.0231287 -0.00147679 0.0
0.0230651 -0.00141297 0.0
0.0230025 -0.00135149 0.0
0.0229416 -0.00129245 0.0
0.0228818 -0.00123586 0.0
0.0228228 -0.00118158 0.0
0.022765 -0.00112969 0.0
0.0227085 -0.00108022 0.0
0.0226531 -0.00103305 0.0
0.0225986 -0.00098806 0.0
0.0225455 -0.000945322 0.0
0.0224935 -0.00090476 0.0
0.0224426 -0.000866224 0.0
0.0223927 -0.000829665 0.0
0.0223442 -0.000795081 0.0
0.0222967 -0.000762349 0.0
0.0222504 -0.000731358 0.0
0.0222052 -0.000702075 0.0
0.0221612 -0.000674444 0.0
0.0221183 -0.000648346 0.0
0.0220766 -0.000623709 0.0
0.0220359 -0.00060049 0.0
0.0219965 -0.00057861 0.0
0.021958 -0.000557978 0.0
0.0219207 -0.000538541 0.0
0.0218845 -0.000520245 0.0
0.0218493 -0.000503015 0.0
0.0218152 -0.000486784 0.0
0.0217821 -0.000471508 0.0
0.02175 -0.00045713 0.0
0.021719 -0.000443589 0.0
0.0216888 -0.000430836 0.0
0.0216597 -0.00041883 0.0
0.0216315 -0.00040752 0.0
0.0216041 -0.000396861 0.0
0.0215777 -0.000386813 0.0
0.0215521 -0.000377339 0.0
0.0215274 -0.000368399 0.0
0.0215035 -0.000359958 0.0
0.0214804 -0.000351984 0.0
0.0214581 -0.000344447 0.0
0.0214365 -0.000337314 0.0
0.0214157 -0.000330559 0.0
0.0213955 -0.000324157 0.0
0.0213761 -0.000318081 0.0
0.0213573 -0.000312309 0.0
0.0213391 -0.00030682 0.0
0.0213216 -0.000301592 0.0
0.0213047 -0.000296607 0.0
0.0212883 -0.000291847 0.0
0.0212725 -0.000287294 0.0
0.0212572 -0.000282932 0.0
0.0212425 -0.000278748 0.0
0.0212282 -0.000274726 0.0
0.0212144 -0.000270854 0.0
0.0212011 -0.000267119 0.0
0.0211882 -0.00026351 0.0
0.0211758 -0.000260016 0.0
0.0211638 -0.000256626 0.0
0.0211521 -0.000253331 0.0
0.0211408 -0.000250122 0.0
0.0211299 -0.00024699 0.0
0.0211194 -0.000243927 0.0
0.0211092 -0.000240925 0.0
0.0210993 -0.000237976 0.0
0.0210897 -0.000235074 0.0
0.0210804 -0.000232212 0.0
0.0210714 -0.000229383 0.0
0.0210626 -0.00022658 0.0
0.0210541 -0.000223799 0.0
0.0210459 -0.000221031 0.0
0.0210379 -0.000218272 0.0
0.0210302 -0.000215515 0.0
0.0210226 -0.000212755 0.0
0.0210153 -0.000209985 0.0
0.0210082 -0.000207199 0.0
0.0210012 -0.000204391 0.0
0.0209945 -0.000201554 0.0
0.0209879 -0.000198682 0.0
0.0209815 -0.000195768 0.0
0.0209753 -0.000192803 0.0
0.0209692 -0.000189781 0.0
0.0209633 -0.000186693 0.0
0.0209575 -0.000183529 0.0
0.0209519 -0.00018028 0.0
0.0209463 -0.000176936 0.0
0.020941 -0.000173483 0.0
0.0209357 -0.000169912 0.0
0.0209305 -0.000166206 0.0
0.0209255 -0.000162353 0.0
0.0209206 -0.000158331 0.0
0.0209157 -0.000154128 0.0
0.020911 -0.000149717 0.0
0.0209064 -0.000145081 0.0
0.0209018 -0.000140186 0.0
0.0208974 -0.000135014 0.0
0.020893 -0.000129522 0.0
0.0208887 -0.000123685 0.0
0.0208845 -0.000117446 0.0
0.0208805 -0.000110781 0.0
0.0208765 -0.000103611 0.0
0.0208726 -9.5906e-05 0.0
0.0208689 -8.75621e-05 0.0
0.0208653 -7.85479e-05 0.0
0.0208619 -6.87172e-05 0.0
0.0208588 -5.80368e-05 0.0
0.0208559 -4.63091e-05 0.0
0.0208534 -3.35043e-05 0.0
0.0208513 -1.93761e-05 0.0
0.0208497 -4.43125e-06 0.0
0.0208488 3.59934e-06 0.0
0.0 0.0 0.0
0.0 0.0 0.0
0.019299 -5.28851e-05 0.0
0.0193162 -0.000149608 0.0
0.0193613 -0.000236565 0.0
0.0193973 -0.000323898 0.0
0.0194381 -0.000412662 0.0
0.0195136 -0.000480256 0.0
0.0195909 -0.0005499 0.0
0.0196607 -0.000628508 0.0
0.0197487 -0.00067131 0.0
0.0198492 -0.000711517 0.0
0.0199441 -0.00076836 0.0
0.0200408 -0.000799187 0.0
0.0201428 -0.000810863 0.0
0.0202487 -0.000838948 0.0
0.0203527 -0.000857708 0.0
0.0204517 -0.000856725 0.0
0.0205518 -0.000856836 0.0
0.0206558 -0.000861073 0.0
0.0207525 -0.000852149 0.0
0.0208422 -0.000837565 0.0
0.0209349 -0.000824819 0.0
0.0210266 -0.000809057 0.0
0.0211079 -0.000786051 0.0
0.0211853 -0.000762437 0.0
0.0212646 -0.000737743 0.0
0.0213381 -0.000709515 0.0
0.0214028 -0.000678438 0.0
0.0214659 -0.00064689 0.0
0.0215278 -0.000612894 0.0
0.0215825 -0.0005766 0.0
0.0216312 -0.000538941 0.0
0.0216785 -0.000499758 0.0
0.0217222 -0.000457945 0.0
0.0217596 -0.00041453 0.0
0.0217932 -0.000369438 0.0
0.0218244 -0.000321727 0.0
0.0218512 -0.000271339 0.0
0.0218734 -0.000219064 0.0
0.0218925 -0.000163786 0.0
0.0219085 -0.000104697 0.0
0.0219205 -4.25747e-05 0.0
0.0219291 2.27791e-05 0.0
0.0219349 9.34608e-05 0.0
0.0219377 0.000169201 0.0
0.021937 0.000248798 0.0
0.0219341 0.000334777 0.0
0.0219292 0.000429298 0.0
0.0219213 0.000529539 0.0
0.0219112 0.000636163 0.0
0.0219014 0.000755169 0.0
0.0218907 0.000884953 0.0
0.0218771 0.00102101 0.0
0.0218656 0.00117073 0.0
0.0218599 0.00133934 0.0
0.0218534 0.00151755 0.0
0.0218478 0.00170781 0.0
0.0218556 0.00192177 0.0
0.0218749 0.00215377 0.0
0.0218972 0.00239765 0.0
0.021935 0.00266459 0.0
0.0219989 0.00294952 0.0
0.0220842 0.00325252 0.0
0.022193 0.0035761 0.0
0.0223296 0.00390611 0.0
0.0225024 0.00424283 0.0
0.0227264 0.00460525 0.0
0.0229852 0.00495384 0.0
0.0232703 0.00529196 0.0
0.0236166 0.00562532 0.0
0.0240157 0.00594758 0.0
0.0244316 0.00623095 0.0
0.0248804 0.00648114 0.0
0.0253796 0.0066915 0.0
0.0258792 0.00686547 0.0
0.0263798 0.00697383 0.0
0.0268842 0.00701512 0.0
0.0273493 0.00702084 0.0
0.0277728 0.00695876 0.0
0.0281596 0.00679552 0.0
0.0284698 0.00662826 0.0
0.0287357 0.00641156 0.0
0.0289365 0.00610249 0.0
0.0290297 0.00578796 0.0
0.0290797 0.00546651 0.0
0.0290807 0.00510802 0.0
0.0289823 0.00476515 0.0
0.0288243 0.00439582 0.0
0.0286502 0.00405062 0.0
0.0284809 0.00373548 0.0
0.028332 0.00339884 0.0
0.0281369 0.00298618 0.0
0.027886 0.00261565 0.0
0.0276401 0.00225844 0.0
0.0273867 0.00188967 0.0
0.0270882 0.00157972 0.0
0.0267822 0.00129254 0.0
0.026498 0.00104518 0.0
0.0262504 0.000841226 0.0
0.0260313 0.00065231 0.0
0.0258297 0.000493844 0.0
0.0256545 0.000357306 0.0
0.0255127 0.000233132 0.0
0.025398 0.00011876 0.0
0.0253038 2.07573e-05 0.0
0.0252318 -7.01541e-05 0.0
0.025183 -0.000161527 0.0
0.0251559 -0.000245976 0.0
0.0251469 -0.000334232 0.0
0.0251586 -0.00042015 0.0
0.0251888 -0.000518432 0.0
0.0252138 -0.000644509 0.0
0.0252489 -0.000764627 0.0
0.025297 -0.000912653 0.0
0.0253202 -0.00107685 0.0
0.0253162 -0.00122216 0.0
0.025296 -0.00137267 0.0
0.0252699 -0.00147184 0.0
0.0252665 -0.00154118 0.0
0.0252775 -0.0016144 0.0
0.0253019 -0.00164886 0.0
0.0253593 -0.00169117 0.0
0.0254384 -0.00175116 0.0
0.0255227 -0.00181399 0.0
0.0255997 -0.0018861 0.0
0.0256677 -0.00196237 0.0
0.0257228 -0.00204665 0.0
0.0257706 -0.00211807 0.0
0.025824 -0.00218659 0.0
0.0258775 -0.00223928 0.0
0.0259292 -0.00229358 0.0
0.0259865 -0.00235346 0.0
0.0260435 -0.0024059 0.0
0.0260961 -0.00244778 0.0
0.0261437 -0.00249552 0.0
0.0261857 -0.00253949 0.0
0.0262289 -0.00257231 0.0
0.0262722 -0.0026059 0.0
0.0263037 -0.00263725 0.0
0.0263341 -0.00266218 0.0
0.0263705 -0.00269081 0.0
0.0264014 -0.00271028 0.0
0.0264299 -0.00273015 0.0
0.026457 -0.00275647 0.0
0.026481 -0.00277514 0.0
0.0265038 -0.00279347 0.0
0.02652 -0.00281798 0.0
0.0265271 -0.00284063 0.0
0.0265312 -0.00285643 0.0
0.0265296 -0.00287642 0.0
0.026519 -0.0028932 0.0
0.0265046 -0.00290804 0.0
0.026485 -0.00292069 0.0
0.0264579 -0.00293069 0.0
0.0264263 -0.00293894 0.0
0.0263912 -0.00294578 0.0
0.0263497 -0.00295002 0.0
0.0263013 -0.00295078 0.0
0.0262482 -0.00295083 0.0
0.0261906 -0.00294817 0.0
0.0261264 -0.00294352 0.0
0.0260548 -0.00293499 0.0
0.0259784 -0.00292307 0.0
0.0258971 -0.00290946 0.0
0.0258092 -0.00289127 0.0
0.0257151 -0.00286707 0.0
0.0256169 -0.0028381 0.0
0.025515 -0.00280599 0.0
0.0254087 -0.00276702 0.0
0.0252989 -0.00272081 0.0
0.0251876 -0.00267015 0.0
0.0250761 -0.002616 0.0
0.0249633 -0.0025554 0.0
0.0248498 -0.00248877 0.0
0.0247382 -0.00242131 0.0
0.0246284 -0.00235118 0.0
0.0245191 -0.00227618 0.0
0.0244113 -0.0022004 0.0
0.0243061 -0.00212534 0.0
0.0242033 -0.00204851 0.0
0.0241021 -0.00197101 0.0
0.0240025 -0.00189512 0.0
0.0239055 -0.00182033 0.0
0.0238111 -0.00174595 0.0
0.0237182 -0.00167322 0.0
0.0236269 -0.00160264 0.0
0.0235381 -0.00153386 0.0
0.0234515 -0.00146692 0.0
0.0233663 -0.00140233 0.0
0.0232827 -0.00134008 0.0
0.0232016 -0.00128013 0.0
0.0231222 -0.0012225 0.0
0.0230441 -0.00116731 0.0
0.0229679 -0.0011145 0.0
0.0228938 -0.00106409 0.0
0.0228212 -0.00101599 0.0
0.02275 -0.000970183 0.0
0.0226808 -0.000926651 0.0
0.0226133 -0.000885329 0.0
0.0225472 -0.000846103 0.0
0.0224828 -0.000808944 0.0
0.0224201 -0.000773803 0.0
0.0223589 -0.000740576 0.0
0.0222992 -0.000709166 0.0
0.0222411 -0.000679537 0.0
0.0221846 -0.000651611 0.0
0.0221296 -0.000625283 0.0
0.022076 -0.000600481 0.0
0.0220238 -0.000577155 0.0
0.0219732 -0.000555217 0.0
0.0219239 -0.000534581 0.0
0.021876 -0.000515191 0.0
0.0218295 -0.000496986 0.0
0.0217843 -0.000479886 0.0
0.0217404 -0.000463828 0.0
0.0216978 -0.00044876 0.0
0.0216565 -0.000434621 0.0
0.0216164 -0.000421348 0.0
0.0215774 -0.000408892 0.0
0.0215396 -0.000397205 0.0
0.021503 -0.000386235 0.0
0.0214675 -0.000375934 0.0
0.021433 -0.00036626 0.0
0.0213996 -0.000357174 0.0
0.0213673 -0.000348632 0.0
0.0213359 -0.000340599 0.0
0.0213054 -0.000333041 0.0
0.0212759 -0.000325924 0.0
0.0212473 -0.000319216 0.0
0.0212196 -0.000312889 0.0
0.0211928 -0.000306915 0.0
0.0211667 -0.000301267 0.0
0.0211415 -0.000295922 0.0
0.021117 -0.000290858 0.0
0.0210932 -0.000286052 0.0
0.0210702 -0.000281484 0.0
0.0210479 -0.000277136 0.0
0.0210262 -0.00027299 0.0
0.0210052 -0.000269031 0.0
0.0209848 -0.000265241 0.0
0.020965 -0.000261608 0.0
0.0209458 -0.000258118 0.0
0.0209272 -0.000254758 0.0
0.0209091 -0.000251516 0.0
0.0208915 -0.000248382 0.0
0.0208744 -0.000245344 0.0
0.0208578 -0.000242394 0.0
0.0208416 -0.000239522 0.0
0.0208259 -0.00023672 0.0
0.0208106 -0.000233979 0.0
0.0207958 -0.000231292 0.0
0.0207813 -0.000228652 0.0
0.0207673 -0.000226052 0.0
0.0207536 -0.000223484 0.0
0.0207402 -0.000220944 0.0
0.0207272 -0.000218424 0.0
0.0207146 -0.00021592 0.0
0.0207022 -0.000213424 0.0
0.0206902 -0.000210932 0.0
0.0206785 -0.000208438 0.0
0.020667 -0.000205937 0.0
0.0206558 -0.000203422 0.0
0.0206449 -0.000200889 0.0
0.0206343 -0.00019833 0.0
0.0206239 -0.000195742 0.0
0.0206137 -0.000193117 0.0
0.0206038 -0.000190448 0.0
0.0205941 -0.000187731 0.0
0.0205846 -0.000184956 0.0
0.0205754 -0.000182116 0.0
0.0205663 -0.000179204 0.0
0.0205575 -0.000176211 0.0
0.0205488 -0.000173127 0.0
0.0205403 -0.000169942 0.0
0.0205321 -0.000166643 0.0
0.0205239 -0.000163221 0.0
0.020516 -0.00015966 0.0
0.0205083 -0.000155947 0.0
0.0205007 -0.000152063 0.0
0.0204933 -0.000147994 0.0
0.020486 -0.000143715 0.0
0.0204789 -0.000139209 0.0
0.020472 -0.000134445 0.0
0.0204653 -0.000129404 0.0
0.0204587 -0.000124045 0.0
0.0204523 -0.000118344 0.0
0.0204461 -0.000112251 0.0
0.0204401 -0.000105738 0.0
0.0204343 -9.87356e-05 0.0
0.0204287 -9.12149e-05 0.0
0.0204234 -8.30833e-05 0.0
0.0204183 -7.43069e-05 0.0
0.0204136 -6.47615e-05 0.0
0.0204093 -5.44136e-05 0.0
0.0204055 -4.30937e-05 0.0
0.0204022 -3.07707e-05 0.0
0.0203995 -1.72604e-05 0.0
0.0203977 -3.11109e-06 0.0
0.0203967 4.43997e-06 0.0
0.0 0.0 0.0
0.0 0.0 0.0
0.0193195 -5.41429e-05 0.0
0.0193316 -0.000182063 0.0
0.0193581 -0.000285518 0.0
0.0194085 -0.000358141 0.0
0.019464 -0.000467562 0.0
0.019537 -0.000578748 0.0
0.0196254 -0.000628005 0.0
0.0197117 -0.000694112 0.0
0.0198076 -0.000783872 0.0
0.019919 -0.00082526 0.0
0.0200245 -0.000852489 0.0
0.0201322 -0.000904178 0.0
0.0202482 -0.000932973 0.0
0.0203603 -0.000941863 0.0
0.0204697 -0.000955852 0.0
0.0205829 -0.000967912 0.0
0.0206902 -0.000963806 0.0
0.0207923 -0.000957061 0.0
0.0208963 -0.000948498 0.0
0.0209956 -0.000934645 0.0
0.0210851 -0.000915015 0.0
0.0211735 -0.000893478 0.0
0.021261 -0.000868049 0.0
0.0213389 -0.000840698 0.0
0.0214097 -0.000810438 0.0
0.0214805 -0.000777343 0.0
0.0215464 -0.00074208 0.0
0.0216031 -0.000706194 0.0
0.0216559 -0.000667463 0.0
0.0217071 -0.000626423 0.0
0.0217519 -0.000584389 0.0
0.0217902 -0.000541176 0.0
0.0218259 -0.000495129 0.0
0.0218585 -0.000447309 0.0
0.0218852 -0.000398247 0.0
0.0219078 -0.000347042 0.0
0.0219281 -0.000292883 0.0
0.0219446 -0.000236597 0.0
0.0219566 -0.000178055 0.0
0.0219662 -0.000116185 0.0
0.0219734 -5.04994e-05 0.0
0.021977 1.83519e-05 0.0
0.0219777 9.09861e-05 0.0
0.0219773 0.000168978 0.0
0.0219745 0.000252294 0.0
0.0219685 0.000340181 0.0
0.0219623 0.000434646 0.0
0.0219565 0.000537525 0.0
0.0219475 0.000647097 0.0
0.0219376 0.000763908 0.0
0.0219324 0.000892055 0.0
0.0219279 0.00103121 0.0
0.02192 0.00117882 0.0
0.0219189 0.00133927 0.0
0.0219289 0.00151482 0.0
0.0219378 0.00170315 0.0
0.0219502 0.00190538 0.0
0.0219838 0.00212324 0.0
0.0220309 0.00235522 0.0
0.0220823 0.00260872 0.0
0.0221567 0.00287458 0.0
0.0222606 0.00314448 0.0
0.0223839 0.00343841 0.0
0.0225354 0.00375428 0.0
0.0227213 0.00404888 0.0
0.0229385 0.00435291 0.0
0.0231973 0.00468207 0.0
0.0234964 0.00498826 0.0
0.0238244 0.00525785 0.0
0.0241906 0.00554522 0.0
0.0246061 0.00581213 0.0
0.0250419 0.00601762 0.0
0.0254934 0.00620182 0.0
0.0259831 0.00637899 0.0
0.0264841 0.00646619 0.0
0.0269595 0.00652357 0.0
0.0274595 0.00656543 0.0
0.0279476 0.00649301 0.0
0.0283678 0.00642847 0.0
0.0287627 0.00631148 0.0
0.0291317 0.00609416 0.0
0.0294273 0.00589969 0.0
0.0296623 0.00568573 0.0
0.0298352 0.00535462 0.0
0.0299624 0.0050737 0.0
0.0300727 0.00478742 0.0
0.030114 0.00445814 0.0
0.0301054 0.00415059 0.0
0.0300975 0.00380818 0.0
0.030078 0.00348732 0.0
0.030003 0.00315628 0.0
0.0298895 0.0028152 0.0
0.0297575 0.00243645 0.0
0.0295983 0.00212804 0.0
0.0294162 0.00183239 0.0
0.0292212 0.00153253 0.0
0.0290289 0.00127648 0.0
0.0288497 0.00105227 0.0
0.0286714 0.000846853 0.0
0.0285048 0.00066514 0.0
0.0283686 0.000501532 0.0
0.0282523 0.000355422 0.0
0.0281427 0.00022318 0.0
0.0280523 0.000101996 0.0
0.0279908 -1.26944e-05 0.0
0.0279435 -0.000122163 0.0
0.027905 -0.000221219 0.0
0.0278865 -0.000325829 0.0
0.027886 -0.000439993 0.0
0.0278983 -0.000544523 0.0
0.0279145 -0.000658938 0.0
0.0279284 -0.000796692 0.0
0.0279404 -0.000933752 0.0
0.0279423 -0.00107055 0.0
0.0279273 -0.00120508 0.0
0.0278977 -0.00133782 0.0
0.0278674 -0.00144234 0.0
0.0278457 -0.00153839 0.0
0.0278266 -0.00160677 0.0
0.0278235 -0.0016731 0.0
0.0278439 -0.00174131 0.0
0.0278699 -0.00180398 0.0
0.0278938 -0.00186548 0.0
0.0279253 -0.00193912 0.0
0.0279585 -0.00202139 0.0
0.0279862 -0.00208089 0.0
0.0280064 -0.00215035 0.0
0.0280148 -0.00222188 0.0
0.0280286 -0.00227254 0.0
0.0280465 -0.00232836 0.0
0.0280529 -0.00237953 0.0
0.0280529 -0.00242969 0.0
0.0280583 -0.00247522 0.0
0.0280611 -0.00251913 0.0
0.0280579 -0.00255201 0.0
0.0280538 -0.00259315 0.0
0.0280475 -0.00262417 0.0
0.0280413 -0.00264611 0.0
0.0280325 -0.00267636 0.0
0.0280185 -0.00269987 0.0
0.0280039 -0.00271656 0.0
0.0279875 -0.00273752 0.0
0.0279656 -0.00275439 0.0
0.0279406 -0.00277224 0.0
0.0279125 -0.00279012 0.0
0.0278798 -0.00280417 0.0
0.0278413 -0.00282014 0.0
0.0277973 -0.00283623 0.0
0.0277496 -0.00284757 0.0
0.0276974 -0.00285847 0.0
0.0276383 -0.00286926 0.0
0.0275736 -0.00287507 0.0
0.0275052 -0.00288073 0.0
0.0274321 -0.00288439 0.0
0.027353 -0.0028852 0.0
0.0272678 -0.00288309 0.0
0.0271792 -0.00288025 0.0
0.0270865 -0.00287567 0.0
0.0269878 -0.00286653 0.0
0.0268834 -0.00285532 0.0
0.0267747 -0.00284301 0.0
0.0266622 -0.00282697 0.0
0.0265444 -0.0028057 0.0
0.0264206 -0.00278201 0.0
0.026293 -0.00275519 0.0
0.0261632 -0.00272253 0.0
0.0260296 -0.00268481 0.0
0.0258915 -0.00264305 0.0
0.0257526 -0.00259667 0.0
0.0256144 -0.00254492 0.0
0.0254743 -0.00248859 0.0
0.0253329 -0.00242796 0.0
0.0251942 -0.00236441 0.0
0.0250577 -0.00229773 0.0
0.0249212 -0.00222711 0.0
0.0247864 -0.00215537 0.0
0.0246555 -0.0020831 0.0
0.0245271 -0.00200877 0.0
0.0244003 -0.00193379 0.0
0.0242762 -0.00186002 0.0
0.0241558 -0.00178653 0.0
0.0240381 -0.00171327 0.0
0.0239224 -0.00164156 0.0
0.0238095 -0.00157169 0.0
0.0236999 -0.00150316 0.0
0.023593 -0.00143644 0.0
0.023488 -0.00137196 0.0
0.0233858 -0.00130965 0.0
0.0232866 -0.00124945 0.0
0.0231897 -0.00119162 0.0
0.0230948 -0.00113614 0.0
0.0230026 -0.00108299 0.0
0.0229129 -0.00103221 0.0
0.0228253 -0.000983787 0.0
0.0227397 -0.000937635 0.0
0.0226566 -0.000893778 0.0
0.0225758 -0.000852167 0.0
0.0224968 -0.000812695 0.0
0.0224199 -0.000775308 0.0
0.0223453 -0.000739995 0.0
0.0222726 -0.000706645 0.0
0.0222017 -0.000675154 0.0
0.0221328 -0.000645486 0.0
0.0220659 -0.000617579 0.0
0.0220008 -0.000591314 0.0
0.0219374 -0.000566617 0.0
0.0218759 -0.000543442 0.0
0.021816 -0.000521703 0.0
0.0217579 -0.000501302 0.0
0.0217014 -0.000482185 0.0
0.0216465 -0.000464291 0.0
0.0215932 -0.000447536 0.0
0.0215414 -0.00043185 0.0
0.0214911 -0.000417184 0.0
0.0214423 -0.000403474 0.0
0.0213948 -0.000390652 0.0
0.0213488 -0.000378666 0.0
0.0213041 -0.000367468 0.0
0.0212606 -0.000357003 0.0
0.0212185 -0.000347218 0.0
0.0211776 -0.000338072 0.0
0.0211379 -0.000329524 0.0
0.0210993 -0.000321526 0.0
0.0210618 -0.000314042 0.0
0.0210255 -0.000307036 0.0
0.0209902 -0.000300474 0.0
0.0209559 -0.000294321 0.0
0.0209226 -0.000288547 0.0
0.0208902 -0.000283124 0.0
0.0208588 -0.000278025 0.0
0.0208283 -0.000273224 0.0
0.0207986 -0.000268698 0.0
0.0207698 -0.000264425 0.0
0.0207417 -0.000260383 0.0
0.0207145 -0.000256553 0.0
0.020688 -0.000252919 0.0
0.0206622 -0.000249461 0.0
0.0206371 -0.000246166 0.0
0.0206127 -0.000243017 0.0
0.020589 -0.000240003 0.0
0.0205659 -0.000237109 0.0
0.0205434 -0.000234324 0.0
0.0205214 -0.000231637 0.0
0.0205001 -0.000229037 0.0
0.0204793 -0.000226515 0.0
0.020459 -0.000224062 0.0
0.0204392 -0.00022167 0.0
0.0204199 -0.00021933 0.0
0.0204011 -0.000217035 0.0
0.0203827 -0.000214778 0.0
0.0203648 -0.000212552 0.0
0.0203473 -0.000210352 0.0
0.0203302 -0.000208171 0.0
0.0203135 -0.000206003 0.0
0.0202972 -0.000203843 0.0
0.0202813 -0.000201686 0.0
0.0202657 -0.000199526 0.0
0.0202505 -0.000197359 0.0
0.0202356 -0.000195179 0.0
0.0202211 -0.000192981 0.0
0.0202068 -0.00019076 0.0
0.0201929 -0.000188511 0.0
0.0201793 -0.000186229 0.0
0.0201659 -0.000183908 0.0
0.0201529 -0.000181543 0.0
0.0201401 -0.000179127 0.0
0.0201276 -0.000176655 0.0
0.0201153 -0.000174119 0.0
0.0201033 -0.000171512 0.0
0.0200915 -0.000168827 0.0
0.02008 -0.000166055 0.0
0.0200688 -0.000163187 0.0
0.0200578 -0.000160214 0.0
0.020047 -0.000157124 0.0
0.0200364 -0.000153907 0.0
0.0200261 -0.000150547 0.0
0.020016 -0.000147033 0.0
0.0200061 -0.000143347 0.0
0.0199964 -0.000139475 0.0
0.019987 -0.000135393 0.0
0.0199778 -0.000131086 0.0
0.0199688 -0.000126524 0.0
0.0199601 -0.000121689 0.0
0.0199516 -0.000116542 0.0
0.0199433 -0.000111063 0.0
0.0199354 -0.000105205 0.0
0.0199277 -9.89407e-05 0.0
0.0199203 -9.22103e-05 0.0
0.0199133 -8.49867e-05 0.0
0.0199066 -7.71881e-05 0.0
0.0199003 -6.87821e-05 0.0
0.0198945 -5.96688e-05 0.0
0.0198892 -4.98119e-05 0.0
0.0198846 -3.90752e-05 0.0
0.0198806 -2.74285e-05 0.0
0.0198775 -1.47537e-05 0.0
0.0198754 -1.63068e-06 0.0
0.0198744 5.31775e-06 0.0
0.0 0.0 0.0
0.0 0.0 0.0
0.0193114 -8.38819e-05 0.0
0.0193308 -0.000187906 0.0
0.0193521 -0.000314825 0.0
0.019421 -0.000443422 0.0
0.0195096 -0.000533954 0.0
0.0195749 -0.000639606 0.0
0.0196602 -0.000739695 0.0
0.0197844 -0.000800684 0.0
0.0198969 -0.000874737 0.0
0.0200029 -0.000946128 0.0
0.0201251 -0.00097458 0.0
0.0202545 -0.00101233 0.0
0.0203781 -0.00105184 0.0
0.0204965 -0.00106462 0.0
0.0206146 -0.0010672 0.0
0.0207369 -0.00107876 0.0
0.020853 -0.00107606 0.0
0.0209564 -0.00106162 0.0
0.0210587 -0.00104751 0.0
0.0211632 -0.00103175 0.0
0.0212558 -0.00100552 0.0
0.0213367 -0.000977575 0.0
0.0214184 -0.000948583 0.0
0.0214971 -0.000915186 0.0
0.0215629 -0.000877735 0.0
0.0216217 -0.000840648 0.0
0.0216804 -0.000800724 0.0
0.0217327 -0.00075778 0.0
0.0217752 -0.000713957 0.0
0.0218139 -0.000669567 0.0
0.0218506 -0.000622102 0.0
0.0218806 -0.000573174 0.0
0.0219044 -0.000523739 0.0
0.0219257 -0.000472428 0.0
0.0219439 -0.000418392 0.0
0.0219569 -0.000363298 0.0
0.0219662 -0.000306634 0.0
0.0219735 -0.000246905 0.0
0.0219779 -0.00018452 0.0
0.0219787 -0.000120357 0.0
0.0219775 -5.27178e-05 0.0
0.0219749 1.92388e-05 0.0
0.02197 9.42167e-05 0.0
0.0219631 0.000172896 0.0
0.021956 0.000257817 0.0
0.0219482 0.00034808 0.0
0.0219388 0.000442404 0.0
0.0219301 0.000544312 0.0
0.0219237 0.000655288 0.0
0.0219168 0.000771906 0.0
0.0219102 0.000895985 0.0
0.0219098 0.00103302 0.0
0.0219138 0.00117957 0.0
0.0219178 0.00133358 0.0
0.0219292 0.00150167 0.0
0.0219539 0.00168414 0.0
0.0219845 0.00187549 0.0
0.0220218 0.00208166 0.0
0.0220777 0.00230167 0.0
0.0221527 0.0025318 0.0
0.0222425 0.00277783 0.0
0.0223515 0.00303664 0.0
0.0224861 0.00329458 0.0
0.0226525 0.00356847 0.0
0.022848 0.00385228 0.0
0.0230655 0.00412638 0.0
0.0233199 0.00439416 0.0
0.0236191 0.00467064 0.0
0.0239432 0.00493028 0.0
0.0242915 0.00516525 0.0
0.0246855 0.00538092 0.0
0.0251086 0.00558783 0.0
0.025545 0.0057529 0.0
0.0260064 0.00587935 0.0
0.026489 0.00598196 0.0
0.026968 0.00605258 0.0
0.0274518 0.00606638 0.0
0.0279212 0.00603548 0.0
0.0283814 0.0060023 0.0
0.0288306 0.0058873 0.0
0.0292284 0.00574805 0.0
0.0295921 0.00558622 0.0
0.0299489 0.00538601 0.0
0.030247 0.0051563 0.0
0.0304757 0.00492305 0.0
0.0306767 0.00464017 0.0
0.0308462 0.00437448 0.0
0.0309827 0.00410161 0.0
0.0310735 0.00379516 0.0
0.0311236 0.00348365 0.0
0.0311658 0.00318244 0.0
0.0311968 0.00286708 0.0
0.0311668 0.00254458 0.0
0.0311004 0.00225115 0.0
0.0310341 0.00194684 0.0
0.030953 0.00168178 0.0
0.0308474 0.00143221 0.0
0.0307326 0.00119429 0.0
0.0306257 0.000982832 0.0
0.030529 0.000792672 0.0
0.0304323 0.000614456 0.0
0.0303406 0.000454345 0.0
0.0302658 0.000308058 0.0
0.0302048 0.000170107 0.0
0.0301506 4.20711e-05 0.0
0.0301065 -7.98199e-05 0.0
0.0300778 -0.000197662 0.0
0.030062 -0.000311585 0.0
0.0300474 -0.00042975 0.0
0.0300371 -0.000551113 0.0
0.0300415 -0.000670459 0.0
0.0300454 -0.000801099 0.0
0.0300353 -0.000930491 0.0
0.030025 -0.00106095 0.0
0.0300105 -0.00119481 0.0
0.0299864 -0.00130492 0.0
0.0299568 -0.00141444 0.0
0.0299214 -0.00151479 0.0
0.0298944 -0.00158918 0.0
0.0298775 -0.00167021 0.0
0.0298581 -0.00174125 0.0
0.0298433 -0.00180708 0.0
0.0298367 -0.00187908 0.0
0.02983 -0.00194713 0.0
0.029814 -0.00201847 0.0
0.0297956 -0.00208478 0.0
0.02978 -0.00215114 0.0
0.0297582 -0.00220776 0.0
0.0297329 -0.00226706 0.0
0.0297059 -0.00232385 0.0
0.0296787 -0.00236736 0.0
0.0296496 -0.00241431 0.0
0.0296144 -0.00246014 0.0
0.0295751 -0.00249918 0.0
0.029536 -0.00253107 0.0
0.0294916 -0.0025655 0.0
0.0294409 -0.00259297 0.0
0.0293917 -0.0026193 0.0
0.029339 -0.00264196 0.0
0.0292803 -0.00265895 0.0
0.0292211 -0.00267989 0.0
0.0291598 -0.00269741 0.0
0.0290952 -0.00270823 0.0
0.0290276 -0.00272308 0.0
0.0289541 -0.00273832 0.0
0.0288777 -0.00274788 0.0
0.0287986 -0.00275759 0.0
0.0287124 -0.00276866 0.0
0.0286205 -0.00277584 0.0
0.0285258 -0.00278164 0.0
0.0284256 -0.00278602 0.0
0.0283204 -0.00278849 0.0
0.0282113 -0.00278935 0.0
0.0280973 -0.0027873 0.0
0.0279786 -0.00278363 0.0
0.0278564 -0.00277807 0.0
0.0277301 -0.00277023 0.0
0.0275986 -0.00275957 0.0
0.0274627 -0.00274728 0.0
0.0273235 -0.00273205 0.0
0.0271807 -0.00271397 0.0
0.0270328 -0.0026935 0.0
0.0268809 -0.00266933 0.0
0.026727 -0.0026414 0.0
0.02657 -0.00261035 0.0
0.0264091 -0.0025755 0.0
0.0262462 -0.0025355 0.0
0.0260829 -0.00249154 0.0
0.0259187 -0.00244436 0.0
0.025753 -0.00239245 0.0
0.0255878 -0.00233572 0.0
0.0254247 -0.0022765 0.0
0.0252629 -0.00221487 0.0
0.0251018 -0.00214886 0.0
0.0249437 -0.00208079 0.0
0.0247892 -0.00201262 0.0
0.0246371 -0.00194224 0.0
0.0244875 -0.0018703 0.0
0.0243417 -0.00179927 0.0
0.0241997 -0.00172862 0.0
0.0240608 -0.00165754 0.0
0.0239251 -0.00158757 0.0
0.023793 -0.00151938 0.0
0.0236646 -0.00145233 0.0
0.0235395 -0.00138662 0.0
0.0234174 -0.00132305 0.0
0.0232987 -0.00126158 0.0
0.0231835 -0.00120203 0.0
0.0230714 -0.00114461 0.0
0.022962 -0.00108957 0.0
0.0228558 -0.0010368 0.0
0.0227529 -0.000986289 0.0
0.0226525 -0.000938064 0.0
0.0225549 -0.000892155 0.0
0.0224602 -0.00084851 0.0
0.0223682 -0.000807073 0.0
0.0222787 -0.000767783 0.0
0.0221917 -0.000730622 0.0
0.0221073 -0.000695531 0.0
0.0220253 -0.000662409 0.0
0.0219455 -0.000631181 0.0
0.0218681 -0.000601815 0.0
0.021793 -0.000574222 0.0
0.02172 -0.000548296 0.0
0.021649 -0.000523977 0.0
0.0215802 -0.00050121 0.0
0.0215134 -0.000479897 0.0
0.0214484 -0.000459952 0.0
0.0213853 -0.000441321 0.0
0.0213242 -0.000423936 0.0
0.0212647 -0.000407709 0.0
0.021207 -0.000392574 0.0
0.0211509 -0.000378479 0.0
0.0210965 -0.000365356 0.0
0.0210437 -0.000353134 0.0
0.0209923 -0.000341764 0.0
0.0209425 -0.000331193 0.0
0.0208941 -0.000321362 0.0
0.020847 -0.00031222 0.0
0.0208013 -0.000303723 0.0
0.0207569 -0.000295827 0.0
0.0207138 -0.000288484 0.0
0.0206718 -0.000281656 0.0
0.0206311 -0.000275306 0.0
0.0205915 -0.000269397 0.0
0.0205529 -0.000263894 0.0
0.0205155 -0.000258766 0.0
0.020479 -0.000253985 0.0
0.0204436 -0.000249521 0.0
0.0204091 -0.000245348 0.0
0.0203755 -0.000241442 0.0
0.0203428 -0.000237781 0.0
0.020311 -0.000234342 0.0
0.02028 -0.000231107 0.0
0.0202498 -0.000228056 0.0
0.0202203 -0.000225172 0.0
0.0201916 -0.00022244 0.0
0.0201637 -0.000219844 0.0
0.0201364 -0.000217372 0.0
0.0201098 -0.000215009 0.0
0.0200839 -0.000212744 0.0
0.0200585 -0.000210566 0.0
0.0200338 -0.000208465 0.0
0.0200096 -0.000206431 0.0
0.0199861 -0.000204455 0.0
0.019963 -0.000202529 0.0
0.0199405 -0.000200645 0.0
0.0199185 -0.000198797 0.0
0.019897 -0.000196977 0.0
0.0198759 -0.000195179 0.0
0.0198553 -0.000193398 0.0
0.0198352 -0.000191626 0.0
0.0198154 -0.000189861 0.0
0.0197961 -0.000188095 0.0
0.0197772 -0.000186325 0.0
0.0197587 -0.000184545 0.0
0.0197406 -0.000182751 0.0
0.0197228 -0.000180939 0.0
0.0197054 -0.000179104 0.0
0.0196884 -0.000177241 0.0
0.0196717 -0.000175346 0.0
0.0196553 -0.000173414 0.0
0.0196393 -0.00017144 0.0
0.0196235 -0.00016942 0.0
0.0196081 -0.000167349 0.0
0.019593 -0.00016522 0.0
0.0195781 -0.000163029 0.0
0.0195636 -0.000160767 0.0
0.0195494 -0.000158431 0.0
0.0195354 -0.00015601 0.0
0.0195217 -0.000153499 0.0
0.0195083 -0.000150889 0.0
0.0194951 -0.000148169 0.0
0.0194823 -0.000145331 0.0
0.0194697 -0.000142363 0.0
0.0194573 -0.000139252 0.0
0.0194452 -0.000135986 0.0
0.0194334 -0.000132549 0.0
0.0194219 -0.000128927 0.0
0.0194107 -0.000125098 0.0
0.0193997 -0.000121048 0.0
0.019389 -0.00011675 0.0
0.0193786 -0.000112186 0.0
0.0193686 -0.000107323 0.0
0.0193588 -0.00010214 0.0
0.0193494 -9.65955e-05 0.0
0.0193403 -9.06662e-05 0.0
0.0193317 -8.43012e-05 0.0
0.0193234 -7.74711e-05 0.0
0.0193156 -7.01121e-05 0.0
0.0193084 -6.21958e-05 0.0
0.0193017 -5.36396e-05 0.0
0.0192956 -4.44078e-05 0.0
0.0192903 -3.44062e-05 0.0
0.0192859 -2.36016e-05 0.0
0.0192824 -1.19396e-05 0.0
0.0192802 -2.39642e-08 0.0
0.019279 6.22614e-06 0.0
0.0 0.0 0.0
0.0 0.0 0.0
0.0192954 -0.000101691 0.0
0.0193353 -0.000217231 0.0
0.0193869 -0.00035635 0.0
0.0194377 -0.000526974 0.0
0.019517 -0.000631775 0.0
0.0196246 -0.000708609 0.0
0.0197325 -0.000848817 0.0
0.0198548 -0.000949659 0.0
0.0199819 -0.000979005 0.0
0.0201129 -0.00105541 0.0
0.0202549 -0.00112676 0.0
0.0203917 -0.00114628 0.0
0.0205208 -0.0011627 0.0
0.0206596 -0.00119432 0.0
0.0207921 -0.00120029 0.0
0.0209082 -0.00119168 0.0
0.0210259 -0.00118387 0.0
0.0211444 -0.0011731 0.0
0.0212442 -0.00114957 0.0
0.021334 -0.00112272 0.0
0.021427 -0.00109239 0.0
0.0215107 -0.00105909 0.0
0.0215773 -0.00102131 0.0
0.0216406 -0.000981084 0.0
0.021703 -0.000937764 0.0
0.0217531 -0.000893847 0.0
0.0217927 -0.00084768 0.0
0.0218311 -0.000799304 0.0
0.0218652 -0.000749497 0.0
0.0218893 -0.000699584 0.0
0.0219081 -0.000647733 0.0
0.0219256 -0.000594204 0.0
0.0219377 -0.000539855 0.0
0.0219437 -0.000484772 0.0
0.0219472 -0.00042761 0.0
0.0219488 -0.00036875 0.0
0.0219461 -0.000308657 0.0
0.0219403 -0.000246818 0.0
0.0219335 -0.000182161 0.0
0.0219247 -0.000115101 0.0
0.0219135 -4.58807e-05 0.0
0.0219016 2.67042e-05 0.0
0.0218896 0.000103555 0.0
0.021876 0.000183743 0.0
0.0218623 0.000267718 0.0
0.0218504 0.000357721 0.0
0.0218388 0.00045348 0.0
0.0218267 0.000553757 0.0
0.0218183 0.000660971 0.0
0.0218143 0.000777169 0.0
0.0218104 0.000899996 0.0
0.0218098 0.00103011 0.0
0.0218191 0.00117092 0.0
0.0218336 0.00132214 0.0
0.0218504 0.00148213 0.0
0.0218798 0.00165279 0.0
0.0219241 0.00183397 0.0
0.021975 0.00202852 0.0
0.0220391 0.00223453 0.0
0.0221249 0.00244569 0.0
0.0222276 0.00266754 0.0
0.0223493 0.00290902 0.0
0.0224969 0.00314722 0.0
0.0226668 0.00338303 0.0
0.0228646 0.00363729 0.0
0.0230965 0.00389307 0.0
0.0233527 0.00412334 0.0
0.0236343 0.00435906 0.0
0.0239573 0.00459614 0.0
0.0243091 0.00480258 0.0
0.0246763 0.00498354 0.0
0.0250762 0.00516691 0.0
0.0255101 0.0053113 0.0
0.025945 0.00541784 0.0
0.0263977 0.00551737 0.0
0.0268774 0.00556822 0.0
0.027348 0.00558352 0.0
0.0278087 0.00558996 0.0
0.0282817 0.00553321 0.0
0.028733 0.00544232 0.0
0.0291581 0.00536931 0.0
0.0295659 0.00521016 0.0
0.0299381 0.00502867 0.0
0.030289 0.00486714 0.0
0.0306147 0.00465467 0.0
0.0308915 0.00441392 0.0
0.0311413 0.00418287 0.0
0.0313739 0.00392022 0.0
0.0315662 0.00366949 0.0
0.0317241 0.00339534 0.0
0.0318531 0.00310272 0.0
0.0319501 0.00281892 0.0
0.032015 0.00255207 0.0
0.0320587 0.00226424 0.0
0.0320714 0.00198399 0.0
0.0320627 0.00174226 0.0
0.032043 0.00149649 0.0
0.0320108 0.00126743 0.0
0.0319718 0.00105825 0.0
0.0319291 0.000864799 0.0
0.0318817 0.000683778 0.0
0.0318378 0.000517275 0.0
0.0318021 0.000361415 0.0
0.0317679 0.000215527 0.0
0.0317351 8.05497e-05 0.0
0.0317118 -4.90992e-05 0.0
0.0316959 -0.000179039 0.0
0.0316826 -0.000301641 0.0
0.0316743 -0.000418 0.0
0.0316689 -0.000544795 0.0
0.0316615 -0.000671117 0.0
0.0316538 -0.00079145 0.0
0.0316411 -0.000916536 0.0
0.0316207 -0.00104102 0.0
0.0315909 -0.00116273 0.0
0.0315566 -0.00127239 0.0
0.0315182 -0.00137869 0.0
0.0314749 -0.00147061 0.0
0.0314353 -0.00156043 0.0
0.0313961 -0.00164152 0.0
0.0313554 -0.00171111 0.0
0.0313199 -0.0017843 0.0
0.0312853 -0.00186007 0.0
0.0312466 -0.00192338 0.0
0.0312064 -0.00198633 0.0
0.031162 -0.00205651 0.0
0.031113 -0.00211748 0.0
0.031063 -0.00216915 0.0
0.031007 -0.00222522 0.0
0.0309428 -0.00227495 0.0
0.0308795 -0.00232095 0.0
0.0308136 -0.00236432 0.0
0.03074 -0.00240099 0.0
0.0306631 -0.00243782 0.0
0.0305847 -0.00247288 0.0
0.0305028 -0.00249862 0.0
0.0304177 -0.00252304 0.0
0.0303281 -0.00254942 0.0
0.0302354 -0.00256658 0.0
0.0301421 -0.0025831 0.0
0.0300438 -0.00259937 0.0
0.0299406 -0.00261107 0.0
0.0298353 -0.0026235 0.0
0.0297271 -0.0026329 0.0
0.0296142 -0.00264043 0.0
0.0294966 -0.00264936 0.0
0.0293753 -0.00265562 0.0
0.0292506 -0.00265892 0.0
0.0291212 -0.00266299 0.0
0.0289868 -0.00266515 0.0
0.0288489 -0.00266414 0.0
0.0287074 -0.00266273 0.0
0.028561 -0.00265902 0.0
0.0284104 -0.00265281 0.0
0.0282567 -0.00264525 0.0
0.0280995 -0.00263598 0.0
0.0279379 -0.00262379 0.0
0.0277728 -0.00260906 0.0
0.0276051 -0.00259349 0.0
0.027434 -0.00257508 0.0
0.0272593 -0.00255291 0.0
0.0270818 -0.00252848 0.0
0.0269019 -0.00250233 0.0
0.0267199 -0.00247204 0.0
0.0265356 -0.00243755 0.0
0.0263492 -0.00240056 0.0
0.0261623 -0.00236046 0.0
0.0259754 -0.0023159 0.0
0.0257879 -0.00226732 0.0
0.0256004 -0.00221593 0.0
0.0254151 -0.00216159 0.0
0.025232 -0.00210379 0.0
0.0250499 -0.00204273 0.0
0.0248704 -0.00198001 0.0
0.0246951 -0.00191616 0.0
0.0245228 -0.00184982 0.0
0.0243533 -0.00178216 0.0
0.024188 -0.0017152 0.0
0.0240273 -0.00164786 0.0
0.0238702 -0.00157981 0.0
0.0237168 -0.00151287 0.0
0.0235678 -0.00144742 0.0
0.0234233 -0.00138251 0.0
0.0232825 -0.00131882 0.0
0.0231455 -0.00125722 0.0
0.0230127 -0.00119742 0.0
0.0228841 -0.00113919 0.0
0.022759 -0.0010831 0.0
0.0226374 -0.00102929 0.0
0.0225198 -0.000977545 0.0
0.0224059 -0.000927919 0.0
0.0222951 -0.000880601 0.0
0.0221876 -0.000835513 0.0
0.0220837 -0.000792589 0.0
0.021983 -0.000751843 0.0
0.0218851 -0.000713253 0.0
0.0217902 -0.00067674 0.0
0.0216985 -0.000642272 0.0
0.0216094 -0.000609777 0.0
0.021523 -0.000579182 0.0
0.0214393 -0.000550431 0.0
0.0213582 -0.00052346 0.0
0.0212795 -0.000498169 0.0
0.0212032 -0.00047449 0.0
0.0211293 -0.000452367 0.0
0.0210576 -0.000431713 0.0
0.0209879 -0.000412436 0.0
0.0209204 -0.000394483 0.0
0.020855 -0.000377784 0.0
0.0207915 -0.000362255 0.0
0.0207298 -0.000347827 0.0
0.02067 -0.000334445 0.0
0.020612 -0.000322042 0.0
0.0205556 -0.000310547 0.0
0.0205009 -0.000299907 0.0
0.0204477 -0.00029007 0.0
0.0203961 -0.000280976 0.0
0.020346 -0.00027257 0.0
0.0202972 -0.00026481 0.0
0.0202498 -0.00025765 0.0
0.0202038 -0.000251039 0.0
0.020159 -0.00024494 0.0
0.0201154 -0.000239315 0.0
0.020073 -0.000234125 0.0
0.0200318 -0.000229334 0.0
0.0199916 -0.000224911 0.0
0.0199525 -0.000220827 0.0
0.0199145 -0.000217051 0.0
0.0198774 -0.000213557 0.0
0.0198412 -0.000210321 0.0
0.019806 -0.000207318 0.0
0.0197716 -0.000204528 0.0
0.0197381 -0.000201929 0.0
0.0197054 -0.000199504 0.0
0.0196735 -0.000197235 0.0
0.0196423 -0.000195105 0.0
0.0196119 -0.000193101 0.0
0.0195822 -0.000191207 0.0
0.0195531 -0.000189412 0.0
0.0195247 -0.000187702 0.0
0.019497 -0.000186069 0.0
0.0194698 -0.0001845 0.0
0.0194433 -0.000182987 0.0
0.0194173 -0.000181521 0.0
0.0193919 -0.000180094 0.0
0.019367 -0.000178699 0.0
0.0193426 -0.000177329 0.0
0.0193187 -0.000175977 0.0
0.0192953 -0.000174638 0.0
0.0192724 -0.000173306 0.0
0.0192499 -0.000171975 0.0
0.0192279 -0.000170641 0.0
0.0192063 -0.000169299 0.0
0.0191851 -0.000167945 0.0
0.0191643 -0.000166574 0.0
0.0191439 -0.000165183 0.0
0.0191239 -0.000163767 0.0
0.0191043 -0.000162322 0.0
0.019085 -0.000160845 0.0
0.0190661 -0.000159332 0.0
0.0190476 -0.000157778 0.0
0.0190293 -0.00015618 0.0
0.0190114 -0.000154533 0.0
0.0189939 -0.000152833 0.0
0.0189766 -0.000151075 0.0
0.0189597 -0.000149255 0.0
0.0189431 -0.000147366 0.0
0.0189268 -0.000145404 0.0
0.0189108 -0.000143361 0.0
0.0188951 -0.000141232 0.0
0.0188797 -0.00013901 0.0
0.0188646 -0.000136685 0.0
0.0188498 -0.000134251 0.0
0.0188353 -0.000131696 0.0
0.0188211 -0.000129012 0.0
0.0188071 -0.000126186 0.0
0.0187935 -0.000123207 0.0
0.0187802 -0.000120059 0.0
0.0187672 -0.000116731 0.0
0.0187545 -0.000113202 0.0
0.0187422 -0.000109458 0.0
0.0187301 -0.000105476 0.0
0.0187185 -0.000101239 0.0
0.0187071 -9.67192e-05 0.0
0.0186962 -9.18951e-05 0.0
0.0186857 -8.67329e-05 0.0
0.0186755 -8.1212e-05 0.0
0.0186659 -7.5289e-05 0.0
0.0186567 -6.89372e-05 0.0
0.0186481 -6.21106e-05 0.0
0.0186401 -5.47798e-05 0.0
0.0186327 -4.68847e-05 0.0
0.0186261 -3.83937e-05 0.0
0.0186203 -2.92486e-05 0.0
0.0186155 -1.94153e-05 0.0
0.0186118 -8.90707e-06 0.0
0.0186095 1.66858e-06 0.0
0.0186083 7.15826e-06 0.0
0.0 0.0 0.0
0.0 0.0 0.0
0.0192897 -8.40731e-05 0.0
0.0193158 -0.00029228 0.0
0.0194046 -0.000441605 0.0
0.0194783 -0.000556191 0.0
0.0195497 -0.000732652 0.0
0.0196914 -0.000867873 0.0
0.0198338 -0.000945525 0.0
0.0199507 -0.00106682 0.0
0.0200981 -0.0011475 0.0
0.0202657 -0.00119697 0.0
0.0204158 -0.0012563 0.0
0.0205609 -0.00129711 0.0
0.0207071 -0.00130776 0.0
0.0208522 -0.00132431 0.0
0.0209904 -0.00132828 0.0
0.0211133 -0.00131559 0.0
0.0212244 -0.00129723 0.0
0.0213356 -0.00127817 0.0
0.0214371 -0.00124528 0.0
0.0215184 -0.00120929 0.0
0.0215913 -0.00117202 0.0
0.0216635 -0.00112947 0.0
0.0217228 -0.00108082 0.0
0.0217664 -0.00103416 0.0
0.021806 -0.000985028 0.0
0.0218424 -0.000931714 0.0
0.021867 -0.000877704 0.0
0.0218825 -0.000825307 0.0
0.0218959 -0.000769883 0.0
0.0219047 -0.000712669 0.0
0.0219054 -0.000656347 0.0
0.0219017 -0.00059988 0.0
0.0218964 -0.000540778 0.0
0.0218871 -0.000481185 0.0
0.0218732 -0.000421798 0.0
0.0218576 -0.00036071 0.0
0.0218408 -0.000297354 0.0
0.0218214 -0.000233406 0.0
0.0218003 -0.000168018 0.0
0.0217792 -9.95647e-05 0.0
0.0217577 -2.87247e-05 0.0
0.0217351 4.38521e-05 0.0
0.0217132 0.000120147 0.0
0.021693 0.000200811 0.0
0.0216729 0.000284382 0.0
0.0216539 0.000372042 0.0
0.0216386 0.000466126 0.0
0.0216261 0.000565342 0.0
0.0216146 0.000668955 0.0
0.0216081 0.000780439 0.0
0.021609 0.000899916 0.0
0.0216129 0.00102516 0.0
0.0216213 0.00115859 0.0
0.0216414 0.00130235 0.0
0.0216711 0.00145336 0.0
0.021706 0.00161401 0.0
0.0217537 0.00178515 0.0
0.0218189 0.00196312 0.0
0.0218971 0.00215094 0.0
0.0219888 0.00235213 0.0
0.0221008 0.00255416 0.0
0.0222356 0.00276184 0.0
0.0223928 0.00298383 0.0
0.0225702 0.00320606 0.0
0.0227724 0.00341806 0.0
0.0230067 0.00363949 0.0
0.0232677 0.00386137 0.0
0.0235487 0.00406517 0.0
0.0238613 0.00425428 0.0
0.0242058 0.00444566 0.0
0.0245697 0.00461544 0.0
0.0249534 0.00475427 0.0
0.0253656 0.00487892 0.0
0.0257935 0.00498814 0.0
0.0262331 0.00506102 0.0
0.0266817 0.00509973 0.0
0.0271385 0.00512742 0.0
0.0276037 0.00512139 0.0
0.0280594 0.00507447 0.0
0.0284989 0.00501378 0.0
0.0289473 0.00492462 0.0
0.0293818 0.00479999 0.0
0.0297754 0.00467072 0.0
0.0301555 0.00450392 0.0
0.0305227 0.00431478 0.0
0.0308572 0.00413365 0.0
0.0311589 0.00392233 0.0
0.0314295 0.00368364 0.0
0.0316799 0.00345719 0.0
0.0319145 0.00321695 0.0
0.0321062 0.00296237 0.0
0.0322621 0.00270655 0.0
0.0324068 0.00245034 0.0
0.0325284 0.00219579 0.0
0.0326099 0.00195743 0.0
0.0326721 0.00171521 0.0
0.032724 0.00148286 0.0
0.0327602 0.00127657 0.0
0.0327783 0.00107311 0.0
0.0327868 0.000880706 0.0
0.0327948 0.000704122 0.0
0.0327989 0.000539069 0.0
0.0327942 0.000382288 0.0
0.0327886 0.000235079 0.0
0.0327878 9.47371e-05 0.0
0.0327873 -3.78384e-05 0.0
0.0327822 -0.000165398 0.0
0.0327762 -0.000293006 0.0
0.0327752 -0.00041606 0.0
0.0327738 -0.000536937 0.0
0.0327625 -0.000658849 0.0
0.0327488 -0.000779263 0.0
0.0327347 -0.000901916 0.0
0.0327118 -0.00101584 0.0
0.0326796 -0.00112617 0.0
0.0326412 -0.0012375 0.0
0.0325979 -0.00133657 0.0
0.0325519 -0.00142484 0.0
0.0324993 -0.00151435 0.0
0.0324424 -0.00159115 0.0
0.0323888 -0.00166653 0.0
0.0323327 -0.00173738 0.0
0.0322686 -0.00180318 0.0
0.032202 -0.00186971 0.0
0.0321363 -0.0019336 0.0
0.0320641 -0.00199118 0.0
0.0319835 -0.00204659 0.0
0.0319002 -0.00210372 0.0
0.0318153 -0.00215182 0.0
0.0317259 -0.00219426 0.0
0.0316298 -0.0022396 0.0
0.0315286 -0.00227924 0.0
0.0314265 -0.00231194 0.0
0.0313202 -0.00234388 0.0
0.0312056 -0.00237321 0.0
0.0310882 -0.00239789 0.0
0.0309695 -0.0024199 0.0
0.0308445 -0.00243774 0.0
0.0307154 -0.00245385 0.0
0.0305843 -0.00247011 0.0
0.0304491 -0.00247935 0.0
0.0303109 -0.00248777 0.0
0.0301689 -0.00249851 0.0
0.0300229 -0.00250395 0.0
0.0298747 -0.00250721 0.0
0.0297222 -0.00251182 0.0
0.0295645 -0.00251445 0.0
0.0294042 -0.00251415 0.0
0.0292404 -0.00251354 0.0
0.0290717 -0.0025113 0.0
0.0288996 -0.00250736 0.0
0.0287243 -0.00250153 0.0
0.0285452 -0.00249385 0.0
0.0283631 -0.00248501 0.0
0.028178 -0.00247379 0.0
0.0279894 -0.00246033 0.0
0.027798 -0.00244558 0.0
0.0276045 -0.00242882 0.0
0.0274084 -0.0024091 0.0
0.0272092 -0.00238751 0.0
0.027008 -0.00236418 0.0
0.0268057 -0.00233754 0.0
0.0266016 -0.00230813 0.0
0.0263953 -0.0022765 0.0
0.0261884 -0.00224183 0.0
0.025982 -0.00220352 0.0
0.0257752 -0.00216254 0.0
0.0255678 -0.00211867 0.0
0.025362 -0.00207119 0.0
0.0251585 -0.0020209 0.0
0.0249565 -0.00196831 0.0
0.0247562 -0.00191275 0.0
0.0245595 -0.0018547 0.0
0.0243669 -0.00179559 0.0
0.0241771 -0.00173464 0.0
0.0239908 -0.00167187 0.0
0.0238097 -0.0016091 0.0
0.0236332 -0.00154618 0.0
0.0234605 -0.00148238 0.0
0.0232924 -0.00141913 0.0
0.0231296 -0.00135709 0.0
0.0229714 -0.00129553 0.0
0.0228176 -0.00123481 0.0
0.0226684 -0.00117591 0.0
0.0225241 -0.00111861 0.0
0.0223845 -0.00106272 0.0
0.0222489 -0.0010087 0.0
0.0221177 -0.000956826 0.0
0.021991 -0.000906875 0.0
0.0218685 -0.000858894 0.0
0.0217497 -0.000813073 0.0
0.0216348 -0.000769415 0.0
0.021524 -0.000727821 0.0
0.0214167 -0.000688313 0.0
0.0213128 -0.000650887 0.0
0.0212125 -0.000615507 0.0
0.0211155 -0.000582108 0.0
0.0210217 -0.000550634 0.0
0.0209309 -0.000521028 0.0
0.0208431 -0.00049325 0.0
0.0207583 -0.000467217 0.0
0.0206761 -0.00044284 0.0
0.0205965 -0.000420066 0.0
0.0205196 -0.000398838 0.0
0.0204451 -0.000379059 0.0
0.0203729 -0.00036065 0.0
0.020303 -0.00034356 0.0
0.0202354 -0.000327719 0.0
0.0201698 -0.000313036 0.0
0.0201062 -0.00029945 0.0
0.0200446 -0.000286908 0.0
0.0199848 -0.000275338 0.0
0.0199268 -0.000264668 0.0
0.0198705 -0.00025485 0.0
0.0198159 -0.00024583 0.0
0.0197628 -0.000237544 0.0
0.0197113 -0.000229941 0.0
0.0196612 -0.000222977 0.0
0.0196125 -0.000216604 0.0
0.0195652 -0.000210773 0.0
0.0195192 -0.000205444 0.0
0.0194744 -0.000200581 0.0
0.0194307 -0.000196143 0.0
0.0193883 -0.000192094 0.0
0.0193469 -0.000188402 0.0
0.0193066 -0.000185039 0.0
0.0192673 -0.000181972 0.0
0.019229 -0.000179175 0.0
0.0191916 -0.000176625 0.0
0.0191551 -0.000174296 0.0
0.0191194 -0.000172167 0.0
0.0190846 -0.000170218 0.0
0.0190506 -0.00016843 0.0
0.0190174 -0.000166786 0.0
0.0189849 -0.000165269 0.0
0.0189532 -0.000163864 0.0
0.0189221 -0.000162558 0.0
0.0188917 -0.000161338 0.0
0.0188619 -0.000160192 0.0
0.0188327 -0.00015911 0.0
0.0188041 -0.000158082 0.0
0.0187761 -0.000157098 0.0
0.0187487 -0.00015615 0.0
0.0187218 -0.00015523 0.0
0.0186954 -0.000154331 0.0
0.0186695 -0.000153447 0.0
0.0186441 -0.000152571 0.0
0.0186192 -0.000151699 0.0
0.0185947 -0.000150824 0.0
0.0185707 -0.000149942 0.0
0.0185471 -0.000149049 0.0
0.0185239 -0.000148141 0.0
0.0185012 -0.000147212 0.0
0.0184788 -0.000146261 0.0
0.0184568 -0.000145282 0.0
0.0184352 -0.000144273 0.0
0.018414 -0.000143231 0.0
0.0183931 -0.000142151 0.0
0.0183726 -0.000141031 0.0
0.0183524 -0.000139867 0.0
0.0183326 -0.000138656 0.0
0.0183131 -0.000137394 0.0
0.0182939 -0.000136078 0.0
0.0182751 -0.000134703 0.0
0.0182566 -0.000133266 0.0
0.0182384 -0.000131762 0.0
0.0182205 -0.000130187 0.0
0.0182029 -0.000128535 0.0
0.0181857 -0.0001268 0.0
0.0181687 -0.000124978 0.0
0.0181521 -0.00012306 0.0
0.0181358 -0.000121041 0.0
0.0181198 -0.000118912 0.0
0.0181041 -0.000116663 0.0
0.0180887 -0.000114288 0.0
0.0180736 -0.000111773 0.0
0.0180589 -0.000109109 0.0
0.0180445 -0.000106282 0.0
0.0180304 -0.000103281 0.0
0.0180167 -0.000100088 0.0
0.0180033 -9.669e-05 0.0
0.0179903 -9.30669e-05 0.0
0.0179777 -8.92026e-05 0.0
0.0179655 -8.5073e-05 0.0
0.0179537 -8.06608e-05 0.0
0.0179424 -7.59387e-05 0.0
0.0179315 -7.08844e-05 0.0
0.0179211 -6.54668e-05 0.0
0.0179113 -5.96654e-05 0.0
0.0179022 -5.34442e-05 0.0
0.0178936 -4.67734e-05 0.0
0.0178858 -3.9624e-05 0.0
0.0178789 -3.19652e-05 0.0
0.0178728 -2.37652e-05 0.0
0.0178678 -1.49986e-05 0.0
0.017864 -5.7466e-06 0.0
0.0178616 3.40775e-06 0.0
0.0178604 8.10783e-06 0.0
0.0 0.0 0.0
0.0 0.0 0.0
0.0193387 -0.00011699 0.0
0.0193656 -0.000328709 0.0
0.0193878 -0.000521616 0.0
0.0195004 -0.000658429 0.0
0.019636 -0.000832273 0.0
0.0197603 -0.00103127 0.0
0.0199088 -0.00109874 0.0
0.0200818 -0.00118854 0.0
0.02026 -0.00132664 0.0
0.020431 -0.00137998 0.0
0.0205888 -0.00139332 0.0
0.0207617 -0.00144757 0.0
0.0209306 -0.00147326 0.0
0.0210654 -0.00146168 0.0
0.021192 -0.00144797 0.0
0.0213284 -0.00143915 0.0
0.0214394 -0.00140812 0.0
0.0215204 -0.00136956 0.0
0.0216035 -0.00132869 0.0
0.0216838 -0.00128433 0.0
0.0217359 -0.00123245 0.0
0.0217727 -0.00117991 0.0
0.0218125 -0.00112391 0.0
0.0218422 -0.00106653 0.0
0.0218523 -0.001008 0.0
0.0218573 -0.000949137 0.0
0.0218623 -0.000888134 0.0
0.0218568 -0.000827713 0.0
0.0218413 -0.000767425 0.0
0.0218249 -0.000706521 0.0
0.0218064 -0.000644765 0.0
0.0217807 -0.000583801 0.0
0.0217514 -0.000522595 0.0
0.0217222 -0.000460457 0.0
0.0216908 -0.000397755 0.0
0.0216561 -0.000335106 0.0
0.0216213 -0.000271249 0.0
0.0215869 -0.000205792 0.0
0.0215515 -0.000139362 0.0
0.021516 -7.16648e-05 0.0
0.0214822 -1.25739e-06 0.0
0.0214495 7.1592e-05 0.0
0.0214174 0.000146307 0.0
0.0213881 0.000224428 0.0
0.021362 0.000306966 0.0
0.0213375 0.000392667 0.0
0.0213165 0.000482082 0.0
0.0213013 0.000577687 0.0
0.0212901 0.000678758 0.0
0.0212823 0.000784241 0.0
0.0212825 0.000896367 0.0
0.0212913 0.00101649 0.0
0.021305 0.00114287 0.0
0.0213272 0.00127624 0.0
0.0213629 0.00141733 0.0
0.0214087 0.00156705 0.0
0.0214644 0.00172548 0.0
0.0215363 0.00189006 0.0
0.0216244 0.0020598 0.0
0.0217278 0.00224203 0.0
0.0218511 0.00242977 0.0
0.0219934 0.00261521 0.0
0.0221559 0.00280817 0.0
0.0223453 0.00301125 0.0
0.0225576 0.00320321 0.0
0.0227883 0.00339151 0.0
0.0230496 0.00358553 0.0
0.0233409 0.00376965 0.0
0.0236478 0.00393323 0.0
0.0239775 0.0040947 0.0
0.0243417 0.00424232 0.0
0.0247203 0.00436338 0.0
0.0251102 0.0044715 0.0
0.0255271 0.00455943 0.0
0.0259593 0.00461629 0.0
0.0263901 0.00466096 0.0
0.0268354 0.0046784 0.0
0.0272875 0.0046542 0.0
0.0277326 0.00463361 0.0
0.0281776 0.00458076 0.0
0.0286134 0.0044801 0.0
0.0290349 0.00438711 0.0
0.0294537 0.00427607 0.0
0.029852 0.00411778 0.0
0.0302226 0.00396372 0.0
0.0305858 0.00379388 0.0
0.0309305 0.00360239 0.0
0.031245 0.00341005 0.0
0.0315355 0.00319556 0.0
0.0318033 0.00297442 0.0
0.032046 0.00275959 0.0
0.032266 0.00253245 0.0
0.0324543 0.0022932 0.0
0.032614 0.00207177 0.0
0.0327588 0.00185275 0.0
0.0328835 0.00162804 0.0
0.0329807 0.00142136 0.0
0.0330631 0.00122407 0.0
0.0331346 0.00103067 0.0
0.033193 0.000851811 0.0
0.0332398 0.000682379 0.0
0.0332777 0.000520735 0.0
0.033309 0.000368694 0.0
0.0333365 0.000226016 0.0
0.0333582 8.72581e-05 0.0
0.0333734 -4.54223e-05 0.0
0.0333869 -0.000169479 0.0
0.0333984 -0.000293026 0.0
0.0334018 -0.000416299 0.0
0.0334002 -0.00053251 0.0
0.0333958 -0.00064793 0.0
0.0333837 -0.000763517 0.0
0.0333607 -0.000876327 0.0
0.0333307 -0.00098441 0.0
0.033295 -0.00108936 0.0
0.0332493 -0.001189 0.0
0.0331951 -0.0012823 0.0
0.0331368 -0.00137222 0.0
0.0330727 -0.00145235 0.0
0.0330045 -0.00152639 0.0
0.0329324 -0.00160248 0.0
0.0328543 -0.00166851 0.0
0.032774 -0.00172924 0.0
0.0326895 -0.00179269 0.0
0.0325969 -0.00185247 0.0
0.0324997 -0.0019036 0.0
0.0323995 -0.00195493 0.0
0.0322906 -0.00200502 0.0
0.0321755 -0.0020479 0.0
0.0320574 -0.00208931 0.0
0.031933 -0.00212594 0.0
0.0318023 -0.00215922 0.0
0.0316678 -0.00219175 0.0
0.0315285 -0.00221864 0.0
0.0313848 -0.0022403 0.0
0.0312367 -0.00226329 0.0
0.0310837 -0.0022819 0.0
0.0309279 -0.00229516 0.0
0.0307686 -0.00230835 0.0
0.030604 -0.0023188 0.0
0.0304361 -0.0023264 0.0
0.0302661 -0.0023331 0.0
0.0300916 -0.00233626 0.0
0.029913 -0.00233916 0.0
0.0297313 -0.00234166 0.0
0.0295468 -0.00234028 0.0
0.0293587 -0.00233841 0.0
0.0291666 -0.0023366 0.0
0.0289713 -0.00233193 0.0
0.0287737 -0.00232552 0.0
0.0285727 -0.00231884 0.0
0.0283681 -0.00230984 0.0
0.0281613 -0.00229914 0.0
0.0279522 -0.00228724 0.0
0.0277401 -0.00227344 0.0
0.0275258 -0.00225756 0.0
0.02731 -0.00224029 0.0
0.0270921 -0.00222138 0.0
0.0268721 -0.00219983 0.0
0.0266512 -0.0021763 0.0
0.0264292 -0.00215132 0.0
0.026206 -0.00212382 0.0
0.0259821 -0.00209329 0.0
0.0257582 -0.0020607 0.0
0.0255344 -0.00202614 0.0
0.025311 -0.00198839 0.0
0.0250884 -0.00194761 0.0
0.0248673 -0.00190469 0.0
0.0246483 -0.00185957 0.0
0.0244316 -0.00181148 0.0
0.0242174 -0.00176078 0.0
0.0240065 -0.00170853 0.0
0.0237997 -0.00165484 0.0
0.0235966 -0.00159895 0.0
0.0233975 -0.00154153 0.0
0.0232034 -0.00148417 0.0
0.0230145 -0.0014262 0.0
0.02283 -0.00136705 0.0
0.0226505 -0.00130843 0.0
0.0224766 -0.00125087 0.0
0.022308 -0.00119328 0.0
0.0221443 -0.00113629 0.0
0.0219858 -0.00108107 0.0
0.0218327 -0.00102718 0.0
0.0216847 -0.000974267 0.0
0.0215415 -0.000923134 0.0
0.0214032 -0.00087404 0.0
0.0212699 -0.000826587 0.0
0.0211413 -0.000780861 0.0
0.021017 -0.000737258 0.0
0.0208971 -0.00069568 0.0
0.0207817 -0.000655964 0.0
0.0206703 -0.000618219 0.0
0.0205627 -0.00058252 0.0
0.020459 -0.000548743 0.0
0.0203592 -0.000516833 0.0
0.0202628 -0.000486792 0.0
0.0201697 -0.000458578 0.0
0.02008 -0.000432107 0.0
0.0199935 -0.00040732 0.0
0.0199099 -0.000384158 0.0
0.0198292 -0.000362561 0.0
0.0197513 -0.000342456 0.0
0.0196761 -0.00032377 0.0
0.0196033 -0.00030643 0.0
0.019533 -0.000290379 0.0
0.0194651 -0.000275544 0.0
0.0193993 -0.000261849 0.0
0.0193356 -0.00024923 0.0
0.019274 -0.000237634 0.0
0.0192143 -0.000226988 0.0
0.0191564 -0.000217228 0.0
0.0191003 -0.000208301 0.0
0.0190459 -0.000200156 0.0
0.0189931 -0.000192728 0.0
0.0189419 -0.000185969 0.0
0.0188921 -0.000179833 0.0
0.0188437 -0.000174274 0.0
0.0187966 -0.000169242 0.0
0.0187509 -0.000164697 0.0
0.0187063 -0.000160604 0.0
0.0186629 -0.000156922 0.0
0.0186207 -0.000153615 0.0
0.0185795 -0.000150652 0.0
0.0185393 -0.000148002 0.0
0.0185001 -0.000145636 0.0
0.0184619 -0.000143525 0.0
0.0184245 -0.000141648 0.0
0.018388 -0.000139978 0.0
0.0183523 -0.000138495 0.0
0.0183175 -0.000137179 0.0
0.0182833 -0.000136011 0.0
0.0182499 -0.000134973 0.0
0.0182172 -0.000134049 0.0
0.0181852 -0.000133226 0.0
0.0181538 -0.000132489 0.0
0.018123 -0.000131827 0.0
0.0180928 -0.000131226 0.0
0.0180632 -0.000130678 0.0
0.0180342 -0.000130172 0.0
0.0180056 -0.000129699 0.0
0.0179776 -0.000129252 0.0
0.0179501 -0.000128823 0.0
0.0179231 -0.000128406 0.0
0.0178966 -0.000127993 0.0
0.0178705 -0.00012758 0.0
0.0178448 -0.000127162 0.0
0.0178196 -0.000126733 0.0
0.0177947 -0.000126289 0.0
0.0177703 -0.000125826 0.0
0.0177463 -0.00012534 0.0
0.0177227 -0.000124829 0.0
0.0176994 -0.000124288 0.0
0.0176765 -0.000123715 0.0
0.0176539 -0.000123106 0.0
0.0176317 -0.000122459 0.0
0.0176099 -0.000121771 0.0
0.0175884 -0.000121039 0.0
0.0175672 -0.000120261 0.0
0.0175464 -0.000119433 0.0
0.0175258 -0.000118554 0.0
0.0175056 -0.000117619 0.0
0.0174857 -0.000116625 0.0
0.0174662 -0.00011557 0.0
0.0174469 -0.00011445 0.0
0.017428 -0.000113261 0.0
0.0174093 -0.000111998 0.0
0.017391 -0.000110658 0.0
0.017373 -0.000109235 0.0
0.0173552 -0.000107724 0.0
0.0173378 -0.000106119 0.0
0.0173208 -0.000104413 0.0
0.017304 -0.0001026 0.0
0.0172875 -0.000100671 0.0
0.0172714 -9.86189e-05 0.0
0.0172556 -9.64331e-05 0.0
0.0172402 -9.41044e-05 0.0
0.0172251 -9.16204e-05 0.0
0.0172103 -8.89708e-05 0.0
0.0171959 -8.61409e-05 0.0
0.0171819 -8.3118e-05 0.0
0.0171683 -7.98855e-05 0.0
0.0171551 -7.6429e-05 0.0
0.0171424 -7.27287e-05 0.0
0.0171301 -6.87693e-05 0.0
0.0171182 -6.45295e-05 0.0
0.0171069 -5.99895e-05 0.0
0.0170962 -5.51294e-05 0.0
0.017086 -4.99293e-05 0.0
0.0170765 -4.43667e-05 0.0
0.0170678 -3.84186e-05 0.0
0.0170598 -3.2076e-05 0.0
0.0170526 -2.53072e-05 0.0
0.0170465 -1.81165e-05 0.0
0.0170414 -1.04848e-05 0.0
0.0170376 -2.54244e-06 0.0
0.0170351 5.16347e-06 0.0
0.0170339 9.06808e-06 0.0
0.0 0.0 0.0
0.0 0.0 0.0
0.0192846 -0.000187447 0.0
0.0193438 -0.000333842 0.0
0.0194138 -0.000570784 0.0
0.0195574 -0.000860426 0.0
0.0197333 -0.000973018 0.0
0.0198699 -0.0011163 0.0
0.0200416 -0.00131507 0.0
0.0202685 -0.00140591 0.0
0.0204597 -0.00146978 0.0
0.0206386 -0.00155598 0.0
0.0208288 -0.00159147 0.0
0.0210044 -0.00161004 0.0
0.0211617 -0.00161368 0.0
0.0213068 -0.00160309 0.0
0.0214253 -0.00157552 0.0
0.0215268 -0.00154516 0.0
0.021622 -0.00149715 0.0
0.0216945 -0.00144551 0.0
0.0217399 -0.0013923 0.0
0.0217789 -0.00133389 0.0
0.0218117 -0.00126624 0.0
0.0218229 -0.00120296 0.0
0.0218187 -0.00113959 0.0
0.021813 -0.00107151 0.0
0.0218 -0.00100197 0.0
0.0217729 -0.000937475 0.0
0.0217397 -0.000871747 0.0
0.0217059 -0.000803834 0.0
0.0216661 -0.000737823 0.0
0.0216193 -0.000674616 0.0
0.0215714 -0.00060978 0.0
0.021523 -0.000544704 0.0
0.0214712 -0.000481589 0.0
0.0214175 -0.000418964 0.0
0.0213648 -0.000354811 0.0
0.0213123 -0.000290911 0.0
0.0212589 -0.000227571 0.0
0.0212068 -0.000162939 0.0
0.0211569 -9.66623e-05 0.0
0.0211081 -3.0005e-05 0.0
0.0210609 3.802e-05 0.0
0.0210174 0.000108872 0.0
0.0209768 0.000181815 0.0
0.0209385 0.000256579 0.0
0.0209048 0.000335012 0.0
0.0208766 0.000417481 0.0
0.0208518 0.000502831 0.0
0.0208319 0.000592439 0.0
0.0208203 0.000687684 0.0
0.0208152 0.000787589 0.0
0.0208149 0.000892391 0.0
0.0208245 0.00100392 0.0
0.0208457 0.0011211 0.0
0.0208742 0.0012447 0.0
0.0209123 0.00137589 0.0
0.0209662 0.00151238 0.0
0.0210336 0.0016545 0.0
0.0211126 0.0018072 0.0
0.0212082 0.00196372 0.0
0.021323 0.0021213 0.0
0.021456 0.00228899 0.0
0.0216074 0.00246381 0.0
0.0217789 0.00263096 0.0
0.0219738 0.00280124 0.0
0.022193 0.00297969 0.0
0.0224322 0.00314983 0.0
0.0226938 0.00330626 0.0
0.0229824 0.00346668 0.0
0.0232939 0.00362049 0.0
0.0236229 0.0037517 0.0
0.0239747 0.00387036 0.0
0.0243483 0.0039843 0.0
0.0247376 0.00407466 0.0
0.0251388 0.00413954 0.0
0.0255541 0.00419277 0.0
0.0259827 0.00422728 0.0
0.0264173 0.00423335 0.0
0.0268481 0.00421895 0.0
0.0272871 0.0041909 0.0
0.0277318 0.00413157 0.0
0.0281596 0.004062 0.0
0.0285791 0.00397172 0.0
0.0290002 0.00385268 0.0
0.0294047 0.00373081 0.0
0.0297894 0.00359948 0.0
0.0301597 0.00343146 0.0
0.0305118 0.0032649 0.0
0.0308502 0.00309714 0.0
0.0311648 0.00290636 0.0
0.0314514 0.00270988 0.0
0.0317226 0.00251062 0.0
0.0319765 0.00230817 0.0
0.032198 0.00210504 0.0
0.0323967 0.00190096 0.0
0.03258 0.00169308 0.0
0.0327401 0.00150143 0.0
0.0328771 0.00131378 0.0
0.0329987 0.00112409 0.0
0.0331059 0.000949075 0.0
0.0331982 0.000785054 0.0
0.0332751 0.000623963 0.0
0.0333416 0.000471737 0.0
0.0334006 0.000328143 0.0
0.0334495 0.000191456 0.0
0.0334874 6.10988e-05 0.0
0.0335185 -6.53312e-05 0.0
0.0335442 -0.000187467 0.0
0.0335625 -0.000303539 0.0
0.0335704 -0.000417271 0.0
0.033571 -0.000529568 0.0
0.033566 -0.000639937 0.0
0.0335514 -0.000745445 0.0
0.0335259 -0.000847295 0.0
0.0334923 -0.000949477 0.0
0.0334497 -0.0010472 0.0
0.0333979 -0.0011355 0.0
0.0333373 -0.0012223 0.0
0.0332673 -0.00130502 0.0
0.0331914 -0.00137928 0.0
0.0331099 -0.00145042 0.0
0.0330191 -0.00151567 0.0
0.032922 -0.00157749 0.0
0.0328215 -0.0016383 0.0
0.0327138 -0.00169132 0.0
0.0325974 -0.00174166 0.0
0.0324756 -0.00179278 0.0
0.0323494 -0.00183916 0.0
0.032216 -0.00187779 0.0
0.0320756 -0.0019171 0.0
0.0319292 -0.00195542 0.0
0.0317788 -0.00198536 0.0
0.0316235 -0.00201327 0.0
0.0314605 -0.00203991 0.0
0.0312923 -0.0020627 0.0
0.0311218 -0.00208154 0.0
0.0309457 -0.00209786 0.0
0.0307634 -0.00211103 0.0
0.0305784 -0.00212351 0.0
0.0303897 -0.00213208 0.0
0.0301969 -0.00213676 0.0
0.0300006 -0.00214265 0.0
0.0298006 -0.00214616 0.0
0.0295978 -0.00214531 0.0
0.0293925 -0.00214513 0.0
0.029183 -0.00214409 0.0
0.0289706 -0.00214004 0.0
0.0287563 -0.00213516 0.0
0.0285386 -0.00212956 0.0
0.0283179 -0.00212225 0.0
0.028095 -0.00211358 0.0
0.0278697 -0.00210354 0.0
0.0276422 -0.00209227 0.0
0.0274128 -0.00207971 0.0
0.0271814 -0.00206508 0.0
0.0269484 -0.00204942 0.0
0.0267142 -0.00203251 0.0
0.0264788 -0.00201331 0.0
0.0262421 -0.00199242 0.0
0.0260048 -0.00197062 0.0
0.0257673 -0.00194664 0.0
0.0255294 -0.0019201 0.0
0.0252912 -0.00189226 0.0
0.0250536 -0.00186274 0.0
0.0248171 -0.00183038 0.0
0.0245814 -0.00179577 0.0
0.0243466 -0.00175957 0.0
0.0241141 -0.00172102 0.0
0.0238844 -0.00167983 0.0
0.0236569 -0.00163681 0.0
0.023432 -0.00159194 0.0
0.0232113 -0.00154497 0.0
0.0229949 -0.0014964 0.0
0.0227822 -0.00144646 0.0
0.0225737 -0.00139508 0.0
0.0223709 -0.001343 0.0
0.0221734 -0.00129042 0.0
0.0219804 -0.00123697 0.0
0.021793 -0.00118359 0.0
0.0216118 -0.00113083 0.0
0.0214359 -0.00107808 0.0
0.0212654 -0.00102578 0.0
0.0211007 -0.000974837 0.0
0.020942 -0.000924957 0.0
0.0207886 -0.000875942 0.0
0.0206405 -0.000828464 0.0
0.0204979 -0.000782761 0.0
0.0203607 -0.000738474 0.0
0.0202285 -0.000695771 0.0
0.0201012 -0.000654994 0.0
0.0199788 -0.000616052 0.0
0.0198612 -0.000578804 0.0
0.0197479 -0.000543405 0.0
0.0196389 -0.000509902 0.0
0.0195342 -0.000478192 0.0
0.0194337 -0.000448228 0.0
0.0193368 -0.000420038 0.0
0.0192436 -0.000393568 0.0
0.019154 -0.000368753 0.0
0.0190679 -0.000345538 0.0
0.0189848 -0.000323875 0.0
0.0189049 -0.000303703 0.0
0.018828 -0.000284964 0.0
0.0187539 -0.000267582 0.0
0.0186824 -0.000251492 0.0
0.0186134 -0.000236642 0.0
0.018547 -0.000222965 0.0
0.0184827 -0.000210381 0.0
0.0184207 -0.000198836 0.0
0.0183607 -0.000188278 0.0
0.0183028 -0.000178636 0.0
0.0182467 -0.000169846 0.0
0.0181924 -0.000161861 0.0
0.0181397 -0.00015463 0.0
0.0180887 -0.000148089 0.0
0.0180392 -0.000142191 0.0
0.0179912 -0.000136894 0.0
0.0179445 -0.000132151 0.0
0.0178992 -0.000127912 0.0
0.017855 -0.000124141 0.0
0.0178121 -0.000120802 0.0
0.0177703 -0.000117855 0.0
0.0177295 -0.000115263 0.0
0.0176898 -0.000112999 0.0
0.017651 -0.000111031 0.0
0.0176131 -0.000109329 0.0
0.0175761 -0.000107868 0.0
0.01754 -0.000106624 0.0
0.0175046 -0.000105574 0.0
0.01747 -0.000104695 0.0
0.0174361 -0.000103968 0.0
0.0174029 -0.000103377 0.0
0.0173703 -0.000102902 0.0
0.0173384 -0.000102529 0.0
0.0173071 -0.000102244 0.0
0.0172764 -0.000102034 0.0
0.0172462 -0.000101886 0.0
0.0172165 -0.000101789 0.0
0.0171874 -0.000101733 0.0
0.0171588 -0.00010171 0.0
0.0171306 -0.000101709 0.0
0.0171029 -0.000101725 0.0
0.0170756 -0.00010175 0.0
0.0170488 -0.000101778 0.0
0.0170223 -0.000101802 0.0
0.0169963 -0.000101818 0.0
0.0169707 -0.000101821 0.0
0.0169454 -0.000101806 0.0
0.0169205 -0.000101769 0.0
0.016896 -0.000101708 0.0
0.0168718 -0.000101619 0.0
0.016848 -0.000101497 0.0
0.0168245 -0.000101342 0.0
0.0168013 -0.00010115 0.0
0.0167784 -0.000100919 0.0
0.0167559 -0.000100646 0.0
0.0167337 -0.000100329 0.0
0.0167118 -9.99661e-05 0.0
0.0166902 -9.95548e-05 0.0
0.0166689 -9.9093e-05 0.0
0.0166479 -9.85784e-05 0.0
0.0166272 -9.80088e-05 0.0
0.0166068 -9.73815e-05 0.0
0.0165866 -9.66939e-05 0.0
0.0165668 -9.59434e-05 0.0
0.0165473 -9.51268e-05 0.0
0.0165281 -9.42408e-05 0.0
0.0165091 -9.3282e-05 0.0
0.0164905 -9.22462e-05 0.0
0.0164722 -9.11293e-05 0.0
0.0164541 -8.99263e-05 0.0
0.0164364 -8.86323e-05 0.0
0.016419 -8.72413e-05 0.0
0.0164019 -8.57473e-05 0.0
0.0163851 -8.41429e-05 0.0
0.0163686 -8.24213e-05 0.0
0.0163525 -8.05736e-05 0.0
0.0163367 -7.85912e-05 0.0
0.0163213 -7.64638e-05 0.0
0.0163063 -7.41819e-05 0.0
0.0162916 -7.17331e-05 0.0
0.0162773 -6.9106e-05 0.0
0.0162635 -6.6287e-05 0.0
0.01625 -6.32635e-05 0.0
0.0162371 -6.00208e-05 0.0
0.0162246 -5.65436e-05 0.0
0.0162126 -5.28171e-05 0.0
0.0162011 -4.88271e-05 0.0
0.0161903 -4.45606e-05 0.0
0.01618 -3.99963e-05 0.0
0.0161705 -3.51311e-05 0.0
0.0161617 -2.99483e-05 0.0
0.0161537 -2.44471e-05 0.0
0.0161466 -1.86029e-05 0.0
0.0161405 -1.24591e-05 0.0
0.0161355 -5.99448e-06 0.0
0.0161317 6.26003e-07 0.0
0.0161293 6.90321e-06 0.0
0.0161281 1.00334e-05 0.0
0.0 0.0 0.0
0.0 0.0 0.0
0.0192686 -0.000180164 0.0
0.0193608 -0.000461351 0.0
0.0195163 -0.000700794 0.0
0.019619 -0.000976642 0.0
0.0197597 -0.00118385 0.0
0.0200112 -0.00130309 0.0
0.0202534 -0.00150913 0.0
0.020463 -0.00164845 0.0
0.020663 -0.00166068 0.0
0.0208843 -0.00173714 0.0
0.0211008 -0.00179112 0.0
0.0212594 -0.00177631 0.0
0.0213835 -0.00174328 0.0
0.0215221 -0.0017294 0.0
0.0216354 -0.00168168 0.0
0.0216895 -0.00161912 0.0
0.0217299 -0.00155708 0.0
0.0217784 -0.0014931 0.0
0.0217955 -0.00141574 0.0
0.021777 -0.00134212 0.0
0.021759 -0.00126776 0.0
0.0217404 -0.00119044 0.0
0.0216981 -0.00111242 0.0
0.0216414 -0.00103937 0.0
0.0215886 -0.000964807 0.0
0.0215311 -0.000890334 0.0
0.0214608 -0.000818779 0.0
0.0213879 -0.000749934 0.0
0.0213178 -0.000680242 0.0
0.0212437 -0.000612224 0.0
0.0211652 -0.000546745 0.0
0.0210887 -0.000482113 0.0
0.0210141 -0.000417222 0.0
0.020938 -0.00035393 0.0
0.0208626 -0.000291675 0.0
0.0207907 -0.000228955 0.0
0.0207207 -0.000165993 0.0
0.0206521 -0.000103631 0.0
0.0205869 -4.05049e-05 0.0
0.0205258 2.41417e-05 0.0
0.0204675 8.94593e-05 0.0
0.0204131 0.000155856 0.0
0.0203641 0.000224914 0.0
0.0203197 0.000296235 0.0
0.0202797 0.00036923 0.0
0.0202462 0.000445643 0.0
0.0202199 0.000526121 0.0
0.0201989 0.000609509 0.0
0.0201852 0.00069655 0.0
0.0201812 0.000789031 0.0
0.0201855 0.000886118 0.0
0.0201975 0.000987706 0.0
0.0202213 0.00109464 0.0
0.0202573 0.00120729 0.0
0.0203037 0.00132583 0.0
0.0203631 0.00145019 0.0
0.0204378 0.00157809 0.0
0.0205275 0.00171259 0.0
0.0206335 0.00185418 0.0
0.0207566 0.00199705 0.0
0.020897 0.00214132 0.0
0.0210589 0.00229421 0.0
0.0212422 0.00244684 0.0
0.0214421 0.00259443 0.0
0.0216646 0.00274421 0.0
0.0219143 0.00289504 0.0
0.0221819 0.00303438 0.0
0.0224664 0.00316771 0.0
0.0227794 0.00329644 0.0
0.0231135 0.00341236 0.0
0.0234586 0.00351469 0.0
0.0238243 0.00360571 0.0
0.0242122 0.003678 0.0
0.024607 0.00373707 0.0
0.0250125 0.00378117 0.0
0.0254321 0.00379637 0.0
0.0258563 0.00380161 0.0
0.0262836 0.00379517 0.0
0.026714 0.00375414 0.0
0.027139 0.00369845 0.0
0.0275651 0.00364334 0.0
0.0279883 0.00355164 0.0
0.0283935 0.00344719 0.0
0.028792 0.00333983 0.0
0.0291876 0.00320955 0.0
0.0295632 0.00306923 0.0
0.0299193 0.00292401 0.0
0.0302641 0.00275823 0.0
0.0305916 0.00259429 0.0
0.0309 0.00242611 0.0
0.0311851 0.00224187 0.0
0.0314471 0.00205991 0.0
0.0316931 0.00188238 0.0
0.0319206 0.00169754 0.0
0.0321191 0.00151461 0.0
0.0322982 0.00134195 0.0
0.032465 0.00116683 0.0
0.0326114 0.00100021 0.0
0.0327367 0.000842634 0.0
0.0328489 0.000687601 0.0
0.0329487 0.000540091 0.0
0.0330344 0.000402592 0.0
0.0331061 0.000269169 0.0
0.0331661 0.000140287 0.0
0.0332173 1.96021e-05 0.0
0.0332591 -9.58895e-05 0.0
0.0332876 -0.000209934 0.0
0.0333058 -0.000318654 0.0
0.0333176 -0.000422792 0.0
0.0333188 -0.000525418 0.0
0.033306 -0.000625319 0.0
0.0332837 -0.000721573 0.0
0.0332535 -0.000815354 0.0
0.033211 -0.000904926 0.0
0.0331554 -0.000990862 0.0
0.0330913 -0.00107366 0.0
0.0330186 -0.00115164 0.0
0.0329354 -0.00122199 0.0
0.0328434 -0.00129138 0.0
0.0327432 -0.00135659 0.0
0.0326362 -0.00141319 0.0
0.0325227 -0.00146876 0.0
0.0323995 -0.00152267 0.0
0.0322692 -0.00156947 0.0
0.0321349 -0.00161387 0.0
0.0319919 -0.00165684 0.0
0.0318395 -0.0016953 0.0
0.0316825 -0.00173048 0.0
0.0315202 -0.00176344 0.0
0.0313494 -0.00179169 0.0
0.0311723 -0.00181841 0.0
0.0309904 -0.00184282 0.0
0.0308034 -0.00186126 0.0
0.030611 -0.00187883 0.0
0.030413 -0.00189498 0.0
0.0302109 -0.00190627 0.0
0.0300058 -0.00191504 0.0
0.0297957 -0.00192315 0.0
0.0295811 -0.00192801 0.0
0.0293645 -0.00193111 0.0
0.0291446 -0.00193205 0.0
0.0289207 -0.00193103 0.0
0.0286942 -0.00193001 0.0
0.0284655 -0.0019264 0.0
0.0282341 -0.00192052 0.0
0.028 -0.00191537 0.0
0.0277635 -0.00190864 0.0
0.0275255 -0.00189937 0.0
0.0272855 -0.00189004 0.0
0.0270432 -0.00187991 0.0
0.0267995 -0.00186769 0.0
0.0265549 -0.00185455 0.0
0.0263087 -0.00184055 0.0
0.0260613 -0.00182492 0.0
0.0258136 -0.00180798 0.0
0.0255653 -0.00178993 0.0
0.0253162 -0.00177045 0.0
0.0250674 -0.00174928 0.0
0.0248189 -0.00172687 0.0
0.0245704 -0.00170302 0.0
0.0243226 -0.00167731 0.0
0.0240762 -0.00164987 0.0
0.0238309 -0.00162103 0.0
0.0235868 -0.00159036 0.0
0.0233449 -0.00155755 0.0
0.0231055 -0.00152306 0.0
0.0228686 -0.00148705 0.0
0.0226346 -0.00144905 0.0
0.0224042 -0.00140906 0.0
0.0221777 -0.00136772 0.0
0.0219554 -0.00132517 0.0
0.0217373 -0.00128093 0.0
0.0215242 -0.00123534 0.0
0.0213164 -0.00118934 0.0
0.021114 -0.00114274 0.0
0.0209168 -0.00109504 0.0
0.0207255 -0.0010473 0.0
0.0205403 -0.00100019 0.0
0.0203608 -0.00095284 0.0
0.0201871 -0.000905605 0.0
0.0200197 -0.000859625 0.0
0.0198583 -0.000814562 0.0
0.0197026 -0.000769982 0.0
0.0195527 -0.000726728 0.0
0.0194086 -0.000685124 0.0
0.0192703 -0.000644677 0.0
0.0191373 -0.00060551 0.0
0.0190095 -0.000568145 0.0
0.018887 -0.000532448 0.0
0.0187696 -0.000498194 0.0
0.0186569 -0.000465596 0.0
0.0185487 -0.000434798 0.0
0.0184452 -0.000405614 0.0
0.0183459 -0.000377994 0.0
0.0182507 -0.000352026 0.0
0.0181593 -0.000327684 0.0
0.0180719 -0.000304848 0.0
0.017988 -0.00028349 0.0
0.0179073 -0.000263599 0.0
0.01783 -0.000245112 0.0
0.0177558 -0.00022795 0.0
0.0176845 -0.000212063 0.0
0.0176158 -0.000197402 0.0
0.0175499 -0.000183908 0.0
0.0174865 -0.000171511 0.0
0.0174254 -0.000160151 0.0
0.0173665 -0.000149776 0.0
0.0173097 -0.000140331 0.0
0.0172549 -0.00013175 0.0
0.017202 -0.000123978 0.0
0.0171508 -0.00011697 0.0
0.0171014 -0.000110672 0.0
0.0170535 -0.000105027 0.0
0.0170071 -9.99908e-05 0.0
0.016962 -9.55235e-05 0.0
0.0169184 -9.15774e-05 0.0
0.0168759 -8.8107e-05 0.0
0.0168346 -8.50783e-05 0.0
0.0167945 -8.24554e-05 0.0
0.0167553 -8.01994e-05 0.0
0.0167172 -7.82768e-05 0.0
0.01668 -7.66604e-05 0.0
0.0166437 -7.53201e-05 0.0
0.0166082 -7.42263e-05 0.0
0.0165735 -7.33549e-05 0.0
0.0165395 -7.26839e-05 0.0
0.0165063 -7.21898e-05 0.0
0.0164737 -7.18514e-05 0.0
0.0164418 -7.16512e-05 0.0
0.0164104 -7.15719e-05 0.0
0.0163796 -7.15962e-05 0.0
0.0163494 -7.17095e-05 0.0
0.0163197 -7.18989e-05 0.0
0.0162905 -7.21515e-05 0.0
0.0162617 -7.24553e-05 0.0
0.0162334 -7.28004e-05 0.0
0.0162056 -7.31772e-05 0.0
0.0161781 -7.35768e-05 0.0
0.0161511 -7.39912e-05 0.0
0.0161244 -7.44135e-05 0.0
0.0160981 -7.48371e-05 0.0
0.0160722 -7.52559e-05 0.0
0.0160466 -7.56648e-05 0.0
0.0160213 -7.6059e-05 0.0
0.0159964 -7.64341e-05 0.0
0.0159718 -7.67862e-05 0.0
0.0159475 -7.71119e-05 0.0
0.0159235 -7.74079e-05 0.0
0.0158998 -7.76714e-05 0.0
0.0158764 -7.78997e-05 0.0
0.0158533 -7.80905e-05 0.0
0.0158304 -7.82417e-05 0.0
0.0158079 -7.83512e-05 0.0
0.0157856 -7.84171e-05 0.0
0.0157636 -7.84376e-05 0.0
0.0157418 -7.8411e-05 0.0
0.0157203 -7.83356e-05 0.0
0.0156991 -7.82096e-05 0.0
0.0156782 -7.80314e-05 0.0
0.0156575 -7.77993e-05 0.0
0.0156371 -7.75112e-05 0.0
0.0156169 -7.71652e-05 0.0
0.015597 -7.67593e-05 0.0
0.0155774 -7.62911e-05 0.0
0.0155581 -7.57581e-05 0.0
0.015539 -7.51574e-05 0.0
0.0155202 -7.44862e-05 0.0
0.0155017 -7.3741e-05 0.0
0.0154835 -7.2918e-05 0.0
0.0154655 -7.20132e-05 0.0
0.0154479 -7.10223e-05 0.0
0.0154305 -6.99398e-05 0.0
0.0154135 -6.87607e-05 0.0
0.0153967 -6.74789e-05 0.0
0.0153803 -6.60878e-05 0.0
0.0153643 -6.45797e-05 0.0
0.0153485 -6.29479e-05 0.0
0.0153332 -6.11833e-05 0.0
0.0153182 -5.92769e-05 0.0
0.0153036 -5.72189e-05 0.0
0.0152893 -5.50001e-05 0.0
0.0152755 -5.26089e-05 0.0
0.0152622 -5.00337e-05 0.0
0.0152493 -4.7265e-05 0.0
0.0152369 -4.42897e-05 0.0
0.0152251 -4.10982e-05 0.0
0.0152138 -3.76778e-05 0.0
0.015203 -3.40239e-05 0.0
0.015193 -3.01206e-05 0.0
0.0151836 -2.59755e-05 0.0
0.015175 -2.15709e-05 0.0
0.0151672 -1.69275e-05 0.0
0.0151603 -1.20303e-05 0.0
0.0151544 -6.93454e-06 0.0
0.0151496 -1.62873e-06 0.0
0.015146 3.68284e-06 0.0
0.0151437 8.58886e-06 0.0
0.0151426 1.09987e-05 0.0
0.0 0.0 0.0
0.0 0.0 0.0
0.0193048 -0.000165367 0.0
0.0193631 -0.000627316 0.0
0.0195332 -0.000903443 0.0
0.019735 -0.00104216 0.0
0.0199437 -0.00140232 0.0
0.0202353 -0.00165682 0.0
0.0204881 -0.00169142 0.0
0.0207119 -0.00183612 0.0
0.0209706 -0.00193349 0.0
0.0211912 -0.00195485 0.0
0.0213512 -0.00193571 0.0
0.0215054 -0.00192013 0.0
0.0216237 -0.00187354 0.0
0.0216821 -0.00181604 0.0
0.0217265 -0.00173592 0.0
0.0217626 -0.00165506 0.0
0.0217519 -0.00157232 0.0
0.0217103 -0.00148832 0.0
0.0216731 -0.00139219 0.0
0.0216234 -0.00130286 0.0
0.0215435 -0.00121841 0.0
0.0214561 -0.00113235 0.0
0.0213737 -0.00104327 0.0
0.0212804 -0.00096268 0.0
0.0211746 -0.000885324 0.0
0.0210709 -0.000806948 0.0
0.0209699 -0.000730454 0.0
0.0208629 -0.00066016 0.0
0.0207539 -0.00059094 0.0
0.0206497 -0.00052193 0.0
0.020547 -0.000455917 0.0
0.0204433 -0.000393085 0.0
0.0203427 -0.000330233 0.0
0.0202468 -0.000268162 0.0
0.020153 -0.000208167 0.0
0.0200618 -0.000148967 0.0
0.0199757 -8.91393e-05 0.0
0.0198942 -2.97557e-05 0.0
0.0198161 2.91527e-05 0.0
0.0197433 8.90819e-05 0.0
0.0196764 0.000150262 0.0
0.0196142 0.000211929 0.0
0.0195576 0.000274977 0.0
0.0195084 0.000340523 0.0
0.0194655 0.000407987 0.0
0.0194285 0.000477449 0.0
0.0194001 0.000550159 0.0
0.0193807 0.000626271 0.0
0.0193681 0.000705401 0.0
0.0193645 0.000788509 0.0
0.0193729 0.000875582 0.0
0.0193912 0.000966876 0.0
0.0194187 0.0010633 0.0
0.0194599 0.00116391 0.0
0.0195155 0.00126776 0.0
0.019583 0.00137857 0.0
0.0196647 0.00149443 0.0
0.0197638 0.0016108 0.0
0.0198793 0.00173212 0.0
0.0200116 0.00186188 0.0
0.0201622 0.00198926 0.0
0.0203319 0.00211533 0.0
0.0205224 0.0022491 0.0
0.0207331 0.00238309 0.0
0.0209627 0.00250648 0.0
0.0212136 0.00263098 0.0
0.0214877 0.00275709 0.0
0.0217799 0.00287033 0.0
0.0220901 0.00297171 0.0
0.0224215 0.00307241 0.0
0.0227719 0.00316108 0.0
0.023135 0.00323072 0.0
0.0235122 0.00329067 0.0
0.023905 0.0033396 0.0
0.0243092 0.00336931 0.0
0.0247165 0.00338193 0.0
0.0251309 0.00338287 0.0
0.0255553 0.00336384 0.0
0.0259773 0.00333046 0.0
0.0263934 0.00328446 0.0
0.0268135 0.00321673 0.0
0.027229 0.00313603 0.0
0.0276322 0.00305381 0.0
0.0280284 0.0029451 0.0
0.0284135 0.00282381 0.0
0.0287864 0.00270665 0.0
0.0291472 0.00257314 0.0
0.0294886 0.00242435 0.0
0.0298132 0.00227796 0.0
0.030126 0.00212442 0.0
0.0304169 0.00196603 0.0
0.0306861 0.00180502 0.0
0.0309391 0.00164 0.0
0.0311724 0.00147892 0.0
0.0313832 0.00132217 0.0
0.0315766 0.00116124 0.0
0.0317508 0.00100541 0.0
0.0319057 0.000861315 0.0
0.0320441 0.000716401 0.0
0.0321661 0.00057652 0.0
0.0322723 0.000446174 0.0
0.0323637 0.000320583 0.0
0.0324407 0.000199519 0.0
0.0325049 8.47472e-05 0.0
0.0325564 -2.56967e-05 0.0
0.0325953 -0.000131022 0.0
0.0326218 -0.000231788 0.0
0.0326369 -0.000329875 0.0
0.0326403 -0.000425173 0.0
0.0326318 -0.000516007 0.0
0.0326114 -0.00060338 0.0
0.0325798 -0.000689342 0.0
0.032536 -0.000772997 0.0
0.0324804 -0.000850438 0.0
0.0324142 -0.000925141 0.0
0.0323362 -0.000997878 0.0
0.0322468 -0.00106522 0.0
0.0321485 -0.00112749 0.0
0.0320401 -0.00118693 0.0
0.0319213 -0.00124123 0.0
0.0317949 -0.00129353 0.0
0.0316603 -0.00134086 0.0
0.0315165 -0.00138298 0.0
0.0313651 -0.00142509 0.0
0.0312067 -0.0014644 0.0
0.0310407 -0.00149691 0.0
0.0308675 -0.00152801 0.0
0.0306873 -0.00155935 0.0
0.0305007 -0.00158497 0.0
0.0303087 -0.0016063 0.0
0.0301103 -0.0016278 0.0
0.0299054 -0.00164627 0.0
0.0296966 -0.00166067 0.0
0.0294831 -0.00167311 0.0
0.0292637 -0.00168308 0.0
0.0290405 -0.00169136 0.0
0.0288142 -0.00169735 0.0
0.0285836 -0.00169992 0.0
0.0283498 -0.00170154 0.0
0.0281132 -0.00170277 0.0
0.0278736 -0.00170021 0.0
0.0276322 -0.00169644 0.0
0.0273882 -0.00169294 0.0
0.0271416 -0.00168702 0.0
0.0268939 -0.00167965 0.0
0.0266447 -0.00167201 0.0
0.0263933 -0.00166307 0.0
0.0261407 -0.001653 0.0
0.0258873 -0.00164207 0.0
0.0256328 -0.00163007 0.0
0.0253775 -0.00161729 0.0
0.0251216 -0.00160333 0.0
0.0248654 -0.00158822 0.0
0.0246091 -0.00157249 0.0
0.0243529 -0.00155542 0.0
0.0240968 -0.0015369 0.0
0.0238413 -0.0015178 0.0
0.0235867 -0.00149754 0.0
0.023333 -0.00147542 0.0
0.0230804 -0.00145224 0.0
0.0228295 -0.00142832 0.0
0.0225804 -0.00140252 0.0
0.0223334 -0.00137496 0.0
0.0220886 -0.0013465 0.0
0.0218465 -0.00131672 0.0
0.0216078 -0.00128493 0.0
0.0213722 -0.00125171 0.0
0.0211401 -0.00121748 0.0
0.0209124 -0.00118177 0.0
0.0206892 -0.00114454 0.0
0.0204704 -0.00110629 0.0
0.0202564 -0.00106712 0.0
0.0200481 -0.00102708 0.0
0.0198454 -0.000986333 0.0
0.0196479 -0.000944956 0.0
0.0194563 -0.000903412 0.0
0.0192713 -0.000861994 0.0
0.019092 -0.000820385 0.0
0.0189186 -0.000778927 0.0
0.0187517 -0.000738372 0.0
0.0185912 -0.000698412 0.0
0.0184365 -0.000658869 0.0
0.0182877 -0.000620471 0.0
0.0181452 -0.000583412 0.0
0.0180085 -0.000547243 0.0
0.0178773 -0.000512218 0.0
0.0177517 -0.000478786 0.0
0.0176316 -0.000446754 0.0
0.0175168 -0.000415946 0.0
0.0174068 -0.000386655 0.0
0.0173017 -0.000358963 0.0
0.0172014 -0.000332672 0.0
0.0171056 -0.000307778 0.0
0.0170139 -0.000284407 0.0
0.0169262 -0.000262489 0.0
0.0168426 -0.000241918 0.0
0.0167627 -0.0002227 0.0
0.0166861 -0.000204833 0.0
0.016613 -0.000188235 0.0
0.016543 -0.000172847 0.0
0.016476 -0.000158635 0.0
0.0164118 -0.000145553 0.0
0.0163503 -0.000133538 0.0
0.0162913 -0.000122537 0.0
0.0162346 -0.000112494 0.0
0.0161801 -0.000103361 0.0
0.0161278 -9.50868e-05 0.0
0.0160774 -8.7613e-05 0.0
0.0160288 -8.08873e-05 0.0
0.015982 -7.48686e-05 0.0
0.0159368 -6.95078e-05 0.0
0.0158931 -6.47521e-05 0.0
0.0158508 -6.05595e-05 0.0
0.0158099 -5.68939e-05 0.0
0.0157702 -5.37101e-05 0.0
0.0157316 -5.0966e-05 0.0
0.0156942 -4.86294e-05 0.0
0.0156577 -4.66676e-05 0.0
0.0156223 -4.50432e-05 0.0
0.0155877 -4.37251e-05 0.0
0.0155539 -4.26878e-05 0.0
0.0155209 -4.19034e-05 0.0
0.0154887 -4.13433e-05 0.0
0.0154571 -4.09855e-05 0.0
0.0154262 -4.08092e-05 0.0
0.0153959 -4.07922e-05 0.0
0.0153661 -4.09144e-05 0.0
0.0153369 -4.11596e-05 0.0
0.0153082 -4.15117e-05 0.0
0.0152799 -4.19542e-05 0.0
0.0152521 -4.24734e-05 0.0
0.0152247 -4.30574e-05 0.0
0.0151977 -4.36942e-05 0.0
0.0151711 -4.43723e-05 0.0
0.0151449 -4.50826e-05 0.0
0.015119 -4.58165e-05 0.0
0.0150934 -4.65653e-05 0.0
0.0150681 -4.73218e-05 0.0
0.0150431 -4.80797e-05 0.0
0.0150185 -4.88329e-05 0.0
0.0149941 -4.95758e-05 0.0
0.0149699 -5.03038e-05 0.0
0.0149461 -5.10127e-05 0.0
0.0149225 -5.16984e-05 0.0
0.0148991 -5.23574e-05 0.0
0.014876 -5.29868e-05 0.0
0.0148531 -5.35839e-05 0.0
0.0148304 -5.41461e-05 0.0
0.014808 -5.46711e-05 0.0
0.0147858 -5.51572e-05 0.0
0.0147639 -5.56025e-05 0.0
0.0147421 -5.60053e-05 0.0
0.0147206 -5.63641e-05 0.0
0.0146993 -5.66777e-05 0.0
0.0146783 -5.69447e-05 0.0
0.0146574 -5.71637e-05 0.0
0.0146368 -5.73337e-05 0.0
0.0146164 -5.74533e-05 0.0
0.0145962 -5.75212e-05 0.0
0.0145763 -5.75361e-05 0.0
0.0145565 -5.74965e-05 0.0
0.014537 -5.7401e-05 0.0
0.0145178 -5.72478e-05 0.0
0.0144988 -5.70351e-05 0.0
0.01448 -5.67608e-05 0.0
0.0144615 -5.64226e-05 0.0
0.0144432 -5.60181e-05 0.0
0.0144252 -5.55443e-05 0.0
0.0144075 -5.49983e-05 0.0
0.01439 -5.43765e-05 0.0
0.0143728 -5.36751e-05 0.0
0.0143559 -5.28897e-05 0.0
0.0143392 -5.2016e-05 0.0
0.0143229 -5.10485e-05 0.0
0.0143069 -4.99817e-05 0.0
0.0142912 -4.88096e-05 0.0
0.0142759 -4.75258e-05 0.0
0.0142609 -4.61228e-05 0.0
0.0142463 -4.45931e-05 0.0
0.0142321 -4.29292e-05 0.0
0.0142182 -4.11222e-05 0.0
0.0142048 -3.91642e-05 0.0
0.0141919 -3.70452e-05 0.0
0.0141794 -3.47583e-05 0.0
0.0141674 -3.22931e-05 0.0
0.0141559 -2.96461e-05 0.0
0.014145 -2.6804e-05 0.0
0.0141347 -2.37702e-05 0.0
0.014125 -2.05367e-05 0.0
0.014116 -1.71142e-05 0.0
0.0141078 -1.34866e-05 0.0
0.0141003 -9.69941e-06 0.0
0.0140938 -5.74004e-06 0.0
0.0140882 -1.66777e-06 0.0
0.0140837 2.50934e-06 0.0
0.0140804 6.56769e-06 0.0
0.0140782 1.02024e-05 0.0
0.0140771 1.19607e-05 0.0
0.0 0.0 0.0
0.0 0.0 0.0
0.0193816 -0.000335231 0.0
0.0194823 -0.000640822 0.0
0.0195232 -0.00106286 0.0
0.0198335 -0.00140922 0.0
0.0201953 -0.00162937 0.0
0.0204489 -0.00192592 0.0
0.0207115 -0.00198494 0.0
0.0210152 -0.00207892 0.0
0.0212847 -0.00216317 0.0
0.0214582 -0.00213752 0.0
0.0215536 -0.00206088 0.0
0.0216496 -0.00202378 0.0
0.0217255 -0.00193891 0.0
0.0217166 -0.00182945 0.0
0.0216583 -0.00172838 0.0
0.0216124 -0.00163435 0.0
0.0215509 -0.0015161 0.0
0.0214392 -0.00140872 0.0
0.0213135 -0.00131103 0.0
0.0211995 -0.0012105 0.0
0.0210731 -0.00110636 0.0
0.0209258 -0.0010163 0.0
0.0207815 -0.000929677 0.0
0.020644 -0.000841619 0.0
0.0204996 -0.000758039 0.0
0.0203513 -0.0006833 0.0
0.0202103 -0.000609108 0.0
0.0200732 -0.000536106 0.0
0.0199349 -0.000468336 0.0
0.0198002 -0.000404649 0.0
0.0196725 -0.000340982 0.0
0.0195484 -0.000279505 0.0
0.0194271 -0.000221477 0.0
0.0193119 -0.000164637 0.0
0.019203 -0.000107841 0.0
0.0190983 -5.28418e-05 0.0
0.018999 9.09121e-07 0.0
0.0189066 5.51431e-05 0.0
0.0188201 0.00010946 0.0
0.0187392 0.000163183 0.0
0.0186653 0.000217733 0.0
0.0185988 0.000273732 0.0
0.0185387 0.000330282 0.0
0.0184858 0.000388042 0.0
0.0184417 0.000448267 0.0
0.0184054 0.000510451 0.0
0.0183768 0.000574356 0.0
0.0183581 0.00064138 0.0
0.0183498 0.000711572 0.0
0.0183503 0.000784567 0.0
0.0183613 0.000860936 0.0
0.0183852 0.000941031 0.0
0.0184208 0.00102473 0.0
0.0184681 0.00111292 0.0
0.0185297 0.00120419 0.0
0.0186061 0.00129865 0.0
0.0186976 0.00139837 0.0
0.0188047 0.00150177 0.0
0.018928 0.00160516 0.0
0.0190697 0.00171291 0.0
0.0192309 0.00182492 0.0
0.0194086 0.00193507 0.0
0.0196047 0.00204384 0.0
0.019824 0.00215628 0.0
0.0200627 0.00226573 0.0
0.0203168 0.00236903 0.0
0.0205932 0.00246941 0.0
0.0208921 0.00256623 0.0
0.0212048 0.00265393 0.0
0.0215334 0.00273287 0.0
0.0218837 0.00280195 0.0
0.0222471 0.00286185 0.0
0.0226204 0.00291143 0.0
0.0230076 0.00294333 0.0
0.0234055 0.00296333 0.0
0.0238091 0.0029764 0.0
0.0242189 0.00296958 0.0
0.0246301 0.00294356 0.0
0.0250431 0.00291595 0.0
0.0254587 0.00287044 0.0
0.0258664 0.00280463 0.0
0.0262665 0.0027355 0.0
0.0266672 0.00265391 0.0
0.027058 0.00255569 0.0
0.0274317 0.00245584 0.0
0.0277976 0.00234168 0.0
0.028153 0.00221833 0.0
0.0284914 0.00209704 0.0
0.0288127 0.00196374 0.0
0.0291165 0.00182228 0.0
0.0294042 0.00168625 0.0
0.0296757 0.00154553 0.0
0.0299235 0.00139956 0.0
0.0301507 0.0012584 0.0
0.030364 0.00111806 0.0
0.0305573 0.0009782 0.0
0.0307268 0.000845007 0.0
0.0308805 0.000713585 0.0
0.031019 0.000585125 0.0
0.0311381 0.000466133 0.0
0.0312394 0.000350265 0.0
0.0313263 0.000237066 0.0
0.0313989 0.000131294 0.0
0.0314567 3.16818e-05 0.0
0.0314988 -6.60442e-05 0.0
0.0315274 -0.000159598 0.0
0.0315446 -0.000247542 0.0
0.0315485 -0.000332423 0.0
0.031537 -0.000415015 0.0
0.0315135 -0.000494 0.0
0.0314793 -0.000570226 0.0
0.0314315 -0.000642933 0.0
0.0313692 -0.000712738 0.0
0.0312961 -0.000780323 0.0
0.0312122 -0.000844699 0.0
0.0311156 -0.000903594 0.0
0.0310073 -0.000960139 0.0
0.0308892 -0.00101492 0.0
0.0307613 -0.00106367 0.0
0.0306242 -0.00110799 0.0
0.0304772 -0.00115216 0.0
0.0303211 -0.00119132 0.0
0.0301587 -0.00122642 0.0
0.0299883 -0.00125989 0.0
0.029808 -0.00129027 0.0
0.0296216 -0.00131769 0.0
0.0294301 -0.00134293 0.0
0.0292303 -0.00136459 0.0
0.0290233 -0.00138405 0.0
0.0288118 -0.00140267 0.0
0.0285953 -0.00141692 0.0
0.0283728 -0.00142835 0.0
0.0281452 -0.00143988 0.0
0.0279136 -0.00144836 0.0
0.027679 -0.00145323 0.0
0.0274402 -0.0014576 0.0
0.0271972 -0.00146035 0.0
0.0269523 -0.00146068 0.0
0.0267054 -0.00145938 0.0
0.0264552 -0.00145656 0.0
0.0262029 -0.00145299 0.0
0.0259496 -0.00144825 0.0
0.0256947 -0.00144107 0.0
0.0254381 -0.00143383 0.0
0.0251804 -0.00142647 0.0
0.0249221 -0.00141671 0.0
0.0246633 -0.00140633 0.0
0.0244036 -0.00139624 0.0
0.0241436 -0.00138461 0.0
0.0238839 -0.00137179 0.0
0.0236241 -0.00135891 0.0
0.0233642 -0.00134511 0.0
0.0231052 -0.00133012 0.0
0.0228469 -0.00131449 0.0
0.0225891 -0.00129817 0.0
0.0223326 -0.00128078 0.0
0.0220776 -0.00126236 0.0
0.0218239 -0.00124316 0.0
0.0215718 -0.00122303 0.0
0.0213221 -0.00120164 0.0
0.0210745 -0.00117922 0.0
0.0208291 -0.00115589 0.0
0.0205866 -0.00113134 0.0
0.0203475 -0.00110545 0.0
0.0201115 -0.00107857 0.0
0.0198788 -0.00105064 0.0
0.0196504 -0.00102135 0.0
0.0194263 -0.000990943 0.0
0.0192065 -0.000959721 0.0
0.0189914 -0.000927451 0.0
0.0187815 -0.000894094 0.0
0.0185771 -0.000860189 0.0
0.018378 -0.000825813 0.0
0.0181845 -0.000790649 0.0
0.0179971 -0.000755153 0.0
0.0178159 -0.000719881 0.0
0.0176406 -0.000684409 0.0
0.0174714 -0.0006488 0.0
0.0173087 -0.00061389 0.0
0.0171522 -0.000579567 0.0
0.0170017 -0.000545423 0.0
0.0168573 -0.000512123 0.0
0.0167192 -0.000480008 0.0
0.016587 -0.000448619 0.0
0.0164604 -0.000418072 0.0
0.0163396 -0.000388905 0.0
0.0162243 -0.000360963 0.0
0.0161143 -0.000334009 0.0
0.0160094 -0.000308328 0.0
0.0159094 -0.000284082 0.0
0.0158143 -0.000261038 0.0
0.0157237 -0.000239176 0.0
0.0156373 -0.000218658 0.0
0.0155552 -0.000199444 0.0
0.015477 -0.000181394 0.0
0.0154026 -0.000164529 0.0
0.0153316 -0.000148879 0.0
0.015264 -0.000134364 0.0
0.0151997 -0.000120909 0.0
0.0151383 -0.000108507 0.0
0.0150796 -9.7126e-05 0.0
0.0150237 -8.67009e-05 0.0
0.0149703 -7.71755e-05 0.0
0.0149191 -6.85162e-05 0.0
0.0148701 -6.06805e-05 0.0
0.0148232 -5.36153e-05 0.0
0.0147782 -4.72676e-05 0.0
0.0147349 -4.15988e-05 0.0
0.0146933 -3.65696e-05 0.0
0.0146532 -3.21322e-05 0.0
0.0146146 -2.82398e-05 0.0
0.0145772 -2.48586e-05 0.0
0.0145412 -2.19533e-05 0.0
0.0145062 -1.94815e-05 0.0
0.0144723 -1.74061e-05 0.0
0.0144394 -1.56997e-05 0.0
0.0144075 -1.43305e-05 0.0
0.0143763 -1.3264e-05 0.0
0.0143459 -1.24729e-05 0.0
0.0143163 -1.19345e-05 0.0
0.0142873 -1.16217e-05 0.0
0.014259 -1.1509e-05 0.0
0.0142312 -1.15765e-05 0.0
0.0142039 -1.18054e-05 0.0
0.0141771 -1.21744e-05 0.0
0.0141508 -1.26657e-05 0.0
0.0141249 -1.32648e-05 0.0
0.0140994 -1.39565e-05 0.0
0.0140742 -1.47256e-05 0.0
0.0140494 -1.55598e-05 0.0
0.0140249 -1.64484e-05 0.0
0.0140007 -1.73801e-05 0.0
0.0139768 -1.83445e-05 0.0
0.0139532 -1.93335e-05 0.0
0.0139297 -2.03392e-05 0.0
0.0139066 -2.13537e-05 0.0
0.0138836 -2.23704e-05 0.0
0.0138609 -2.33838e-05 0.0
0.0138383 -2.43884e-05 0.0
0.013816 -2.53791e-05 0.0
0.0137938 -2.63519e-05 0.0
0.0137718 -2.7303e-05 0.0
0.01375 -2.82288e-05 0.0
0.0137284 -2.91264e-05 0.0
0.013707 -2.99932e-05 0.0
0.0136857 -3.08268e-05 0.0
0.0136646 -3.16251e-05 0.0
0.0136436 -3.23863e-05 0.0
0.0136229 -3.31088e-05 0.0
0.0136022 -3.37912e-05 0.0
0.0135818 -3.44322e-05 0.0
0.0135615 -3.50307e-05 0.0
0.0135414 -3.55856e-05 0.0
0.0135215 -3.60961e-05 0.0
0.0135017 -3.65611e-05 0.0
0.0134821 -3.69798e-05 0.0
0.0134627 -3.73514e-05 0.0
0.0134434 -3.76749e-05 0.0
0.0134244 -3.79496e-05 0.0
0.0134055 -3.81743e-05 0.0
0.0133869 -3.83481e-05 0.0
0.0133684 -3.84697e-05 0.0
0.0133501 -3.85379e-05 0.0
0.0133321 -3.85512e-05 0.0
0.0133142 -3.85081e-05 0.0
0.0132966 -3.84066e-05 0.0
0.0132792 -3.82447e-05 0.0
0.0132621 -3.80201e-05 0.0
0.0132451 -3.77304e-05 0.0
0.0132285 -3.73724e-05 0.0
0.0132121 -3.69432e-05 0.0
0.0131959 -3.64392e-05 0.0
0.01318 -3.58566e-05 0.0
0.0131645 -3.51907e-05 0.0
0.0131492 -3.44373e-05 0.0
0.0131342 -3.35916e-05 0.0
0.0131196 -3.26472e-05 0.0
0.0131053 -3.15988e-05 0.0
0.0130913 -3.04407e-05 0.0
0.0130777 -2.91664e-05 0.0
0.0130646 -2.77676e-05 0.0
0.0130518 -2.62401e-05 0.0
0.0130395 -2.45759e-05 0.0
0.0130276 -2.27696e-05 0.0
0.0130163 -2.08124e-05 0.0
0.0130054 -1.87065e-05 0.0
0.0129951 -1.64413e-05 0.0
0.0129854 -1.40239e-05 0.0
0.0129764 -1.14473e-05 0.0
0.012968 -8.73332e-06 0.0
0.0129603 -5.87492e-06 0.0
0.0129534 -2.91749e-06 0.0
0.0129474 1.48839e-07 0.0
0.0129422 3.23307e-06 0.0
0.0129381 6.32782e-06 0.0
0.012935 9.23863e-06 0.0
0.012933 1.17392e-05 0.0
0.0129319 1.29145e-05 0.0
0.0 0.0 0.0
0.0 0.0 0.0
0.019184 -0.000445344 0.0
0.0193972 -0.000769751 0.0
0.0197439 -0.00124619 0.0
0.0201211 -0.00188637 0.0
0.0204536 -0.00193816 0.0
0.0207476 -0.0021019 0.0
0.0211008 -0.00235584 0.0
0.0213867 -0.00238174 0.0
0.0215051 -0.00228904 0.0
0.0216126 -0.00223845 0.0
0.0216974 -0.00215225 0.0
0.0216502 -0.00203811 0.0
0.0215467 -0.00189778 0.0
0.0214764 -0.00176924 0.0
0.0213661 -0.00163733 0.0
0.0211805 -0.00151565 0.0
0.021 -0.00138543 0.0
0.0208427 -0.00126394 0.0
0.0206555 -0.00115233 0.0
0.0204446 -0.00104923 0.0
0.0202532 -0.000943792 0.0
0.0200705 -0.000847639 0.0
0.0198737 -0.000760564 0.0
0.0196786 -0.000677294 0.0
0.0194996 -0.000595366 0.0
0.0193235 -0.000521252 0.0
0.0191455 -0.000452349 0.0
0.0189769 -0.00038523 0.0
0.0188189 -0.000320931 0.0
0.0186637 -0.000261732 0.0
0.0185134 -0.000204863 0.0
0.0183729 -0.000149204 0.0
0.0182397 -9.60975e-05 0.0
0.0181111 -4.55453e-05 0.0
0.0179901 4.30549e-06 0.0
0.0178776 5.3389e-05 0.0
0.0177714 0.000101004 0.0
0.0176717 0.000148021 0.0
0.0175805 0.000195376 0.0
0.0174968 0.000242608 0.0
0.0174199 0.000289715 0.0
0.0173513 0.000337773 0.0
0.0172915 0.000386942 0.0
0.0172391 0.000436877 0.0
0.0171952 0.000488162 0.0
0.0171615 0.00054149 0.0
0.0171367 0.000596629 0.0
0.0171207 0.000653859 0.0
0.0171161 0.000713459 0.0
0.0171229 0.000775652 0.0
0.0171396 0.000840967 0.0
0.0171684 0.00090932 0.0
0.0172112 0.00097963 0.0
0.0172667 0.00105381 0.0
0.0173351 0.00113241 0.0
0.0174192 0.00121223 0.0
0.017519 0.00129375 0.0
0.0176342 0.00138156 0.0
0.0177664 0.0014709 0.0
0.0179158 0.00155818 0.0
0.0180831 0.00164951 0.0
0.0182697 0.00174513 0.0
0.0184743 0.00183522 0.0
0.0186965 0.00192354 0.0
0.0189397 0.00201561 0.0
0.0192022 0.0021032 0.0
0.0194806 0.00218139 0.0
0.0197773 0.00225894 0.0
0.0200941 0.00233257 0.0
0.0204254 0.00239407 0.0
0.0207693 0.00244752 0.0
0.021129 0.0024953 0.0
0.0215029 0.00253104 0.0
0.0218837 0.00255463 0.0
0.0222719 0.00256928 0.0
0.0226703 0.00257073 0.0
0.0230734 0.00256058 0.0
0.0234744 0.00254077 0.0
0.0238781 0.00250687 0.0
0.0242829 0.00245881 0.0
0.024681 0.002408 0.0
0.0250736 0.00234312 0.0
0.0254599 0.00226159 0.0
0.0258359 0.00217997 0.0
0.0262032 0.00209222 0.0
0.0265576 0.001987 0.0
0.0268951 0.0018809 0.0
0.0272215 0.0017726 0.0
0.027533 0.00165525 0.0
0.0278241 0.00153589 0.0
0.0280983 0.00141367 0.0
0.0283561 0.00128974 0.0
0.0285937 0.00116816 0.0
0.0288124 0.00104452 0.0
0.0290116 0.000920285 0.0
0.0291908 0.000803425 0.0
0.0293523 0.000688014 0.0
0.0294953 0.00057265 0.0
0.0296182 0.000465146 0.0
0.0297242 0.000362131 0.0
0.0298142 0.000260773 0.0
0.029887 0.000165956 0.0
0.0299431 7.56864e-05 0.0
0.0299842 -1.15005e-05 0.0
0.030011 -9.38476e-05 0.0
0.0300232 -0.000172039 0.0
0.0300204 -0.000247889 0.0
0.0300042 -0.000319981 0.0
0.0299753 -0.000388269 0.0
0.0299331 -0.000454268 0.0
0.0298769 -0.000518446 0.0
0.0298082 -0.000578618 0.0
0.0297283 -0.000635771 0.0
0.0296356 -0.00069117 0.0
0.0295299 -0.000743602 0.0
0.0294139 -0.000792054 0.0
0.0292877 -0.000838002 0.0
0.0291498 -0.000880605 0.0
0.0290018 -0.000920473 0.0
0.0288455 -0.000957559 0.0
0.02868 -0.000990217 0.0
0.0285056 -0.00102079 0.0
0.0283235 -0.00105058 0.0
0.0281339 -0.00107521 0.0
0.0279376 -0.0010971 0.0
0.0277343 -0.00111926 0.0
0.0275243 -0.00113822 0.0
0.027309 -0.00115298 0.0
0.0270888 -0.0011673 0.0
0.0268623 -0.00118035 0.0
0.0266313 -0.00118974 0.0
0.0263971 -0.00119757 0.0
0.0261584 -0.00120391 0.0
0.0259156 -0.00120832 0.0
0.0256703 -0.00121127 0.0
0.0254223 -0.00121211 0.0
0.0251716 -0.00121119 0.0
0.0249189 -0.00121008 0.0
0.0246643 -0.00120705 0.0
0.0244085 -0.00120196 0.0
0.0241518 -0.00119696 0.0
0.0238935 -0.00119101 0.0
0.0236348 -0.00118327 0.0
0.0233762 -0.00117526 0.0
0.0231168 -0.00116663 0.0
0.0228573 -0.00115704 0.0
0.0225983 -0.00114696 0.0
0.0223396 -0.00113612 0.0
0.0220812 -0.00112473 0.0
0.0218235 -0.00111289 0.0
0.0215667 -0.00110018 0.0
0.021311 -0.00108696 0.0
0.0210565 -0.00107332 0.0
0.0208033 -0.00105869 0.0
0.0205518 -0.0010435 0.0
0.0203021 -0.00102792 0.0
0.0200542 -0.00101128 0.0
0.0198086 -0.000993786 0.0
0.0195654 -0.000975962 0.0
0.0193247 -0.000957221 0.0
0.0190869 -0.000937253 0.0
0.0188521 -0.000916704 0.0
0.0186206 -0.000895564 0.0
0.0183926 -0.000873174 0.0
0.0181685 -0.000849762 0.0
0.0179483 -0.000825813 0.0
0.0177324 -0.000801025 0.0
0.0175212 -0.000775109 0.0
0.0173146 -0.000748465 0.0
0.0171131 -0.000721315 0.0
0.0169169 -0.000693485 0.0
0.0167262 -0.000664975 0.0
0.016541 -0.000636036 0.0
0.0163616 -0.000606922 0.0
0.0161883 -0.000577672 0.0
0.0160209 -0.00054817 0.0
0.0158594 -0.000518679 0.0
0.0157043 -0.000489683 0.0
0.0155554 -0.000460968 0.0
0.0154124 -0.000432377 0.0
0.0152754 -0.000404519 0.0
0.0151446 -0.000377573 0.0
0.0150196 -0.00035109 0.0
0.0149002 -0.000325314 0.0
0.0147865 -0.000300726 0.0
0.0146784 -0.000277089 0.0
0.0145755 -0.000254196 0.0
0.0144777 -0.000232426 0.0
0.0143848 -0.000211876 0.0
0.0142967 -0.000192275 0.0
0.014213 -0.000173657 0.0
0.0141336 -0.000156234 0.0
0.0140584 -0.000139906 0.0
0.0139871 -0.000124534 0.0
0.0139195 -0.000110192 0.0
0.0138553 -9.69201e-05 0.0
0.0137945 -8.46032e-05 0.0
0.0137369 -7.31909e-05 0.0
0.013682 -6.27051e-05 0.0
0.01363 -5.3111e-05 0.0
0.0135805 -4.43317e-05 0.0
0.0135335 -3.63365e-05 0.0
0.0134886 -2.91044e-05 0.0
0.0134459 -2.25896e-05 0.0
0.0134051 -1.67408e-05 0.0
0.0133661 -1.15231e-05 0.0
0.0133288 -6.90203e-06 0.0
0.013293 -2.83917e-06 0.0
0.0132587 7.07424e-07 0.0
0.0132257 3.77398e-06 0.0
0.0131939 6.39202e-06 0.0
0.0131632 8.5937e-06 0.0
0.0131335 1.04159e-05 0.0
0.0131048 1.18894e-05 0.0
0.0130769 1.30399e-05 0.0
0.0130499 1.38953e-05 0.0
0.0130235 1.44861e-05 0.0
0.0129978 1.48357e-05 0.0
0.0129727 1.49647e-05 0.0
0.0129481 1.48972e-05 0.0
0.0129241 1.46559e-05 0.0
0.0129005 1.42579e-05 0.0
0.0128773 1.37203e-05 0.0
0.0128544 1.30619e-05 0.0
0.012832 1.22986e-05 0.0
0.0128098 1.14431e-05 0.0
0.0127879 1.0509e-05 0.0
0.0127662 9.50987e-06 0.0
0.0127448 8.45651e-06 0.0
0.0127236 7.35834e-06 0.0
0.0127026 6.22556e-06 0.0
0.0126817 5.06728e-06 0.0
0.0126611 3.89068e-06 0.0
0.0126405 2.70269e-06 0.0
0.0126202 1.51037e-06 0.0
0.0125999 3.19469e-07 0.0
0.0125798 -8.65202e-07 0.0
0.0125598 -2.03883e-06 0.0
0.0125399 -3.19693e-06 0.0
0.0125201 -4.33599e-06 0.0
0.0125004 -5.45287e-06 0.0
0.0124808 -6.54446e-06 0.0
0.0124613 -7.60814e-06 0.0
0.0124419 -8.64182e-06 0.0
0.0124226 -9.64355e-06 0.0
0.0124035 -1.06115e-05 0.0
0.0123844 -1.15442e-05 0.0
0.0123654 -1.24404e-05 0.0
0.0123465 -1.32991e-05 0.0
0.0123278 -1.41191e-05 0.0
0.0123091 -1.48997e-05 0.0
0.0122906 -1.56402e-05 0.0
0.0122722 -1.63399e-05 0.0
0.0122539 -1.69981e-05 0.0
0.0122357 -1.76143e-05 0.0
0.0122177 -1.81879e-05 0.0
0.0121998 -1.87185e-05 0.0
0.012182 -1.92053e-05 0.0
0.0121644 -1.96479e-05 0.0
0.0121469 -2.00455e-05 0.0
0.0121296 -2.03973e-05 0.0
0.0121125 -2.07026e-05 0.0
0.0120955 -2.09604e-05 0.0
0.0120787 -2.11695e-05 0.0
0.0120621 -2.13287e-05 0.0
0.0120457 -2.14367e-05 0.0
0.0120295 -2.14917e-05 0.0
0.0120135 -2.1492e-05 0.0
0.0119977 -2.14355e-05 0.0
0.0119822 -2.13198e-05 0.0
0.0119668 -2.11426e-05 0.0
0.0119517 -2.09008e-05 0.0
0.0119369 -2.05912e-05 0.0
0.0119224 -2.02107e-05 0.0
0.0119081 -1.97552e-05 0.0
0.0118941 -1.92208e-05 0.0
0.0118804 -1.86027e-05 0.0
0.0118671 -1.78973e-05 0.0
0.0118541 -1.70984e-05 0.0
0.0118415 -1.62021e-05 0.0
0.0118292 -1.52023e-05 0.0
0.0118174 -1.40957e-05 0.0
0.0118059 -1.28746e-05 0.0
0.0117949 -1.15388e-05 0.0
0.0117844 -1.00803e-05 0.0
0.0117744 -8.50198e-06 0.0
0.011765 -6.79786e-06 0.0
0.0117561 -4.98026e-06 0.0
0.0117478 -3.03946e-06 0.0
0.0117401 -1.00577e-06 0.0
0.0117331 1.11809e-06 0.0
0.0117269 3.29085e-06 0.0
0.0117214 5.51406e-06 0.0
0.0117168 7.67722e-06 0.0
0.0117131 9.78082e-06 0.0
0.0117104 1.16571e-05 0.0
0.0117086 1.31722e-05 0.0
0.0117075 1.38593e-05 0.0
0.0 0.0 0.0
0.0 0.0 0.0
0.0192799 -0.000368168 0.0
0.0195836 -0.00131256 0.0
0.0200373 -0.00167409 0.0
0.0202916 -0.00204774 0.0
0.0206091 -0.00239686 0.0
0.0211033 -0.00250906 0.0
0.0214402 -0.00259529 0.0
0.0215674 -0.0025198 0.0
0.0215563 -0.00234871 0.0
0.0215028 -0.00225604 0.0
0.021431 -0.00209691 0.0
0.0212842 -0.00190402 0.0
0.0210522 -0.00173827 0.0
0.02081 -0.00160897 0.0
0.0205872 -0.00144024 0.0
0.0203384 -0.00128734 0.0
0.0200617 -0.00116646 0.0
0.0197978 -0.00105047 0.0
0.0195505 -0.000922852 0.0
0.0192959 -0.000817611 0.0
0.0190414 -0.000727803 0.0
0.0188035 -0.000635692 0.0
0.0185763 -0.000546025 0.0
0.0183511 -0.000471764 0.0
0.0181354 -0.000402373 0.0
0.0179333 -0.000332189 0.0
0.0177393 -0.000268079 0.0
0.0175517 -0.000211854 0.0
0.0173751 -0.00015659 0.0
0.0172087 -0.000102536 0.0
0.0170498 -5.35105e-05 0.0
0.0168991 -7.55932e-06 0.0
0.0167582 3.83029e-05 0.0
0.0166257 8.23483e-05 0.0
0.0165008 0.000123589 0.0
0.0163846 0.000164298 0.0
0.0162771 0.000204997 0.0
0.0161773 0.000244373 0.0
0.0160856 0.000283058 0.0
0.0160028 0.000322468 0.0
0.0159282 0.000361973 0.0
0.0158616 0.000401319 0.0
0.0158042 0.000441648 0.0
0.015756 0.000483227 0.0
0.0157163 0.00052543 0.0
0.015686 0.000568975 0.0
0.0156665 0.000614381 0.0
0.0156568 0.000661407 0.0
0.0156569 0.000710249 0.0
0.0156689 0.000761326 0.0
0.0156932 0.000814362 0.0
0.0157288 0.000870176 0.0
0.015777 0.000928522 0.0
0.0158394 0.000988453 0.0
0.015916 0.00105113 0.0
0.0160067 0.00111765 0.0
0.0161125 0.00118478 0.0
0.0162345 0.00125308 0.0
0.0163739 0.00132547 0.0
0.0165295 0.00139926 0.0
0.0167015 0.00147081 0.0
0.0168927 0.00154445 0.0
0.0171031 0.00161993 0.0
0.0173289 0.00169202 0.0
0.0175728 0.00176074 0.0
0.0178374 0.00182983 0.0
0.0181181 0.00189547 0.0
0.0184129 0.00195445 0.0
0.0187263 0.00200788 0.0
0.0190557 0.00205725 0.0
0.0193963 0.0021 0.0
0.0197492 0.00213214 0.0
0.0201148 0.00215562 0.0
0.0204887 0.00217426 0.0
0.0208698 0.00218218 0.0
0.0212555 0.00217535 0.0
0.0216446 0.00216396 0.0
0.0220375 0.00214444 0.0
0.0224287 0.00210953 0.0
0.0228138 0.00206712 0.0
0.0231983 0.00201967 0.0
0.0235787 0.00195829 0.0
0.0239457 0.00189213 0.0
0.0243039 0.00181924 0.0
0.0246548 0.00173524 0.0
0.024991 0.00165032 0.0
0.0253116 0.00156157 0.0
0.0256182 0.00146102 0.0
0.0259085 0.00136217 0.0
0.0261828 0.00126395 0.0
0.0264378 0.00115793 0.0
0.0266722 0.00105236 0.0
0.0268903 0.000949577 0.0
0.0270901 0.000845465 0.0
0.0272667 0.000743078 0.0
0.0274248 0.000643524 0.0
0.0275664 0.000544772 0.0
0.0276873 0.000451737 0.0
0.0277885 0.000362353 0.0
0.0278735 0.000273714 0.0
0.0279412 0.000190803 0.0
0.0279915 0.000113745 0.0
0.0280254 3.80666e-05 0.0
0.0280438 -3.42344e-05 0.0
0.0280476 -0.000101222 0.0
0.0280369 -0.00016499 0.0
0.0280111 -0.000226839 0.0
0.0279717 -0.000285273 0.0
0.02792 -0.000340793 0.0
0.0278549 -0.000393638 0.0
0.027776 -0.000443974 0.0
0.0276855 -0.000492322 0.0
0.0275837 -0.000538539 0.0
0.0274695 -0.000581029 0.0
0.0273439 -0.000621319 0.0
0.0272082 -0.000660464 0.0
0.0270623 -0.000696299 0.0
0.0269067 -0.000727951 0.0
0.0267421 -0.000758866 0.0
0.0265683 -0.000787647 0.0
0.0263872 -0.000812355 0.0
0.0261991 -0.00083522 0.0
0.0260026 -0.000856472 0.0
0.0257996 -0.000875126 0.0
0.0255919 -0.000892074 0.0
0.0253778 -0.000906368 0.0
0.0251573 -0.000918814 0.0
0.0249328 -0.000930746 0.0
0.0247044 -0.000940131 0.0
0.0244711 -0.00094654 0.0
0.0242339 -0.000953016 0.0
0.0239937 -0.000958482 0.0
0.023751 -0.000960497 0.0
0.0235057 -0.000961701 0.0
0.0232576 -0.000962698 0.0
0.0230081 -0.000961733 0.0
0.0227578 -0.000959112 0.0
0.0225058 -0.000955799 0.0
0.0222525 -0.000951751 0.0
0.0219994 -0.000946924 0.0
0.021746 -0.000940543 0.0
0.0214922 -0.000933507 0.0
0.0212385 -0.000926821 0.0
0.0209855 -0.000918809 0.0
0.020733 -0.000909589 0.0
0.0204811 -0.000900972 0.0
0.02023 -0.000891789 0.0
0.0199802 -0.000881305 0.0
0.0197317 -0.000870905 0.0
0.0194843 -0.000860406 0.0
0.0192385 -0.000848951 0.0
0.0189945 -0.00083704 0.0
0.0187522 -0.000825018 0.0
0.0185118 -0.00081242 0.0
0.0182739 -0.000799125 0.0
0.018038 -0.000785403 0.0
0.0178046 -0.00077136 0.0
0.017574 -0.000756611 0.0
0.0173463 -0.000741117 0.0
0.0171213 -0.000725227 0.0
0.0168996 -0.000708835 0.0
0.0166815 -0.000691548 0.0
0.016467 -0.000673592 0.0
0.016256 -0.000655231 0.0
0.0160493 -0.000636143 0.0
0.0158469 -0.000616191 0.0
0.0156488 -0.000595759 0.0
0.0154553 -0.000574854 0.0
0.0152668 -0.000553208 0.0
0.0150836 -0.000531029 0.0
0.0149053 -0.000508587 0.0
0.0147324 -0.000485702 0.0
0.0145652 -0.000462424 0.0
0.0144038 -0.000439119 0.0
0.0142479 -0.00041572 0.0
0.0140978 -0.000392148 0.0
0.0139538 -0.000368826 0.0
0.0138157 -0.000345829 0.0
0.0136832 -0.000322892 0.0
0.0135566 -0.000300383 0.0
0.0134359 -0.000278595 0.0
0.0133208 -0.00025721 0.0
0.0132111 -0.000236296 0.0
0.0131069 -0.0002163 0.0
0.0130081 -0.000197085 0.0
0.0129143 -0.00017844 0.0
0.0128254 -0.000160662 0.0
0.0127413 -0.000143891 0.0
0.0126619 -0.000127879 0.0
0.0125867 -0.000112645 0.0
0.0125156 -9.83896e-05 0.0
0.0124486 -8.5045e-05 0.0
0.0123854 -7.24666e-05 0.0
0.0123257 -6.0734e-05 0.0
0.0122693 -4.98964e-05 0.0
0.0122162 -3.98517e-05 0.0
0.012166 -3.05449e-05 0.0
0.0121186 -2.2015e-05 0.0
0.0120738 -1.42351e-05 0.0
0.0120315 -7.13342e-06 0.0
0.0119914 -6.82186e-07 0.0
0.0119534 5.12328e-06 0.0
0.0119174 1.03242e-05 0.0
0.0118832 1.49677e-05 0.0
0.0118507 1.90821e-05 0.0
0.0118196 2.26896e-05 0.0
0.01179 2.5826e-05 0.0
0.0117618 2.85281e-05 0.0
0.0117346 3.08254e-05 0.0
0.0117086 3.27411e-05 0.0
0.0116836 3.4305e-05 0.0
0.0116594 3.55489e-05 0.0
0.011636 3.6498e-05 0.0
0.0116134 3.71722e-05 0.0
0.0115915 3.75975e-05 0.0
0.0115701 3.77995e-05 0.0
0.0115493 3.77975e-05 0.0
0.0115289 3.76085e-05 0.0
0.011509 3.72542e-05 0.0
0.0114894 3.67537e-05 0.0
0.0114702 3.61211e-05 0.0
0.0114512 3.5371e-05 0.0
0.0114326 3.45202e-05 0.0
0.0114141 3.35818e-05 0.0
0.0113958 3.25665e-05 0.0
0.0113777 3.14861e-05 0.0
0.0113598 3.03526e-05 0.0
0.011342 2.91748e-05 0.0
0.0113243 2.79606e-05 0.0
0.0113067 2.67192e-05 0.0
0.0112892 2.54582e-05 0.0
0.0112717 2.41835e-05 0.0
0.0112543 2.29013e-05 0.0
0.011237 2.16176e-05 0.0
0.0112197 2.03372e-05 0.0
0.0112024 1.90641e-05 0.0
0.0111852 1.78025e-05 0.0
0.011168 1.65563e-05 0.0
0.0111509 1.53283e-05 0.0
0.0111337 1.4121e-05 0.0
0.0111167 1.29373e-05 0.0
0.0110996 1.17793e-05 0.0
0.0110826 1.06485e-05 0.0
0.0110656 9.54672e-06 0.0
0.0110487 8.47539e-06 0.0
0.0110318 7.43564e-06 0.0
0.0110149 6.4284e-06 0.0
0.0109981 5.45459e-06 0.0
0.0109813 4.51498e-06 0.0
0.0109647 3.61011e-06 0.0
0.010948 2.74048e-06 0.0
0.0109315 1.90659e-06 0.0
0.010915 1.10883e-06 0.0
0.0108986 3.47496e-07 0.0
0.0108822 -3.77061e-07 0.0
0.010866 -1.06452e-06 0.0
0.0108499 -1.71456e-06 0.0
0.0108339 -2.32683e-06 0.0
0.0108179 -2.90096e-06 0.0
0.0108021 -3.43652e-06 0.0
0.0107865 -3.93295e-06 0.0
0.0107709 -4.38971e-06 0.0
0.0107555 -4.80612e-06 0.0
0.0107403 -5.18137e-06 0.0
0.0107252 -5.51447e-06 0.0
0.0107102 -5.80445e-06 0.0
0.0106955 -6.05007e-06 0.0
0.0106809 -6.24985e-06 0.0
0.0106665 -6.40217e-06 0.0
0.0106523 -6.50552e-06 0.0
0.0106384 -6.55761e-06 0.0
0.0106246 -6.55622e-06 0.0
0.0106111 -6.49894e-06 0.0
0.0105978 -6.38352e-06 0.0
0.0105848 -6.20612e-06 0.0
0.0105721 -5.96418e-06 0.0
0.0105596 -5.65429e-06 0.0
0.0105475 -5.27339e-06 0.0
0.0105357 -4.81585e-06 0.0
0.0105242 -4.28033e-06 0.0
0.0105131 -3.66184e-06 0.0
0.0105023 -2.9576e-06 0.0
0.010492 -2.16113e-06 0.0
0.0104821 -1.27605e-06 0.0
0.0104726 -2.94915e-07 0.0
0.0104637 7.78864e-07 0.0
0.0104552 1.94946e-06 0.0
0.0104472 3.19944e-06 0.0
0.0104398 4.53633e-06 0.0
0.0104331 5.93158e-06 0.0
0.0104269 7.38197e-06 0.0
0.0104214 8.82926e-06 0.0
0.0104166 1.0265e-05 0.0
0.0104126 1.16084e-05 0.0
0.0104094 1.28444e-05 0.0
0.010407 1.37991e-05 0.0
0.0104054 1.44826e-05 0.0
0.0104044 1.47935e-05 0.0
0.0 0.0 0.0
0.0 0.0 0.0
0.0194351 -0.000590808 0.0
0.0197168 -0.00166172 0.0
0.0201015 -0.0021795 0.0
0.02068 -0.00230102 0.0
0.0212272 -0.00284408 0.0
0.0215367 -0.00293655 0.0
0.0214492 -0.00260708 0.0
0.0213332 -0.00247037 0.0
0.0212945 -0.00229127 0.0
0.0210427 -0.0020812 0.0
0.0206248 -0.00183821 0.0
0.0203026 -0.00165866 0.0
0.0200299 -0.00146178 0.0
0.0196491 -0.00129435 0.0
0.0192488 -0.00113875 0.0
0.0189267 -0.000998268 0.0
0.0186146 -0.000862981 0.0
0.0182667 -0.000752024 0.0
0.0179454 -0.000647601 0.0
0.0176655 -0.000548809 0.0
0.0173847 -0.000460654 0.0
0.0171036 -0.000384885 0.0
0.0168513 -0.000311513 0.0
0.0166177 -0.000243165 0.0
0.0163863 -0.000183118 0.0
0.0161669 -0.000128086 0.0
0.0159675 -7.4744e-05 0.0
0.0157778 -2.58146e-05 0.0
0.0155946 1.84187e-05 0.0
0.0154248 6.07836e-05 0.0
0.0152679 0.000101462 0.0
0.0151182 0.000139126 0.0
0.0149774 0.000174689 0.0
0.014848 0.000209546 0.0
0.0147277 0.000243055 0.0
0.0146147 0.000275045 0.0
0.0145112 0.000306503 0.0
0.0144171 0.000337802 0.0
0.0143309 0.000368404 0.0
0.0142529 0.000398802 0.0
0.0141844 0.000429616 0.0
0.0141245 0.00046071 0.0
0.0140726 0.000491984 0.0
0.0140305 0.000524103 0.0
0.0139979 0.00055719 0.0
0.013974 0.000591216 0.0
0.0139601 0.000626316 0.0
0.0139572 0.000662779 0.0
0.0139645 0.000700849 0.0
0.0139821 0.000740758 0.0
0.0140122 0.000781811 0.0
0.0140545 0.00082461 0.0
0.0141087 0.000870229 0.0
0.0141762 0.00091741 0.0
0.0142579 0.000964916 0.0
0.0143537 0.00101569 0.0
0.0144644 0.00106923 0.0
0.0145904 0.00112182 0.0
0.014732 0.00117533 0.0
0.0148907 0.00123308 0.0
0.0150662 0.00128972 0.0
0.0152572 0.00134381 0.0
0.0154659 0.00140032 0.0
0.0156932 0.00145738 0.0
0.0159359 0.0015089 0.0
0.0161939 0.00155882 0.0
0.0164705 0.00160872 0.0
0.0167629 0.00165299 0.0
0.0170671 0.00169124 0.0
0.0173855 0.00172676 0.0
0.0177189 0.00175627 0.0
0.0180616 0.00177823 0.0
0.0184117 0.00179453 0.0
0.0187717 0.00180286 0.0
0.0191392 0.0018034 0.0
0.019508 0.00179789 0.0
0.019879 0.00178362 0.0
0.0202526 0.00175871 0.0
0.0206237 0.00173031 0.0
0.0209902 0.00169502 0.0
0.0213523 0.00164721 0.0
0.0217064 0.00159487 0.0
0.0220524 0.00154177 0.0
0.0223887 0.00147641 0.0
0.0227101 0.00140567 0.0
0.023019 0.00133564 0.0
0.0233161 0.00125894 0.0
0.0235948 0.0011776 0.0
0.0238553 0.00109635 0.0
0.0241009 0.00101151 0.0
0.024328 0.000926754 0.0
0.0245353 0.000842198 0.0
0.0247234 0.00075527 0.0
0.0248921 0.00067123 0.0
0.0250422 0.000589994 0.0
0.0251733 0.000507894 0.0
0.0252835 0.000429134 0.0
0.0253756 0.000355216 0.0
0.0254511 0.000281771 0.0
0.0255079 0.000212331 0.0
0.0255464 0.000147608 0.0
0.0255697 8.442e-05 0.0
0.0255777 2.47274e-05 0.0
0.0255698 -3.03316e-05 0.0
0.0255466 -8.36857e-05 0.0
0.0255099 -0.000134626 0.0
0.0254605 -0.00018177 0.0
0.0253977 -0.000226456 0.0
0.0253214 -0.000269937 0.0
0.0252336 -0.000310723 0.0
0.0251351 -0.000348789 0.0
0.0250248 -0.000385229 0.0
0.0249026 -0.00042012 0.0
0.0247709 -0.000452456 0.0
0.0246303 -0.000482753 0.0
0.0244791 -0.000510889 0.0
0.0243183 -0.000537263 0.0
0.0241503 -0.000561839 0.0
0.0239746 -0.000583709 0.0
0.0237906 -0.000603178 0.0
0.0235998 -0.000622324 0.0
0.023403 -0.000638928 0.0
0.0232007 -0.000652372 0.0
0.0229926 -0.00066571 0.0
0.0227791 -0.000677947 0.0
0.0225616 -0.000686923 0.0
0.0223407 -0.000694979 0.0
0.0221153 -0.000702689 0.0
0.0218861 -0.000708189 0.0
0.0216552 -0.00071218 0.0
0.0214218 -0.000715532 0.0
0.0211853 -0.000717429 0.0
0.0209474 -0.000718299 0.0
0.0207086 -0.00071828 0.0
0.0204684 -0.000716649 0.0
0.0202272 -0.000714628 0.0
0.0199854 -0.000712081 0.0
0.0197437 -0.000707927 0.0
0.0195023 -0.000703215 0.0
0.0192607 -0.000698545 0.0
0.0190195 -0.000692712 0.0
0.0187796 -0.000686229 0.0
0.0185404 -0.000679651 0.0
0.0183019 -0.000672516 0.0
0.0180649 -0.000664999 0.0
0.0178296 -0.000657086 0.0
0.0175954 -0.000648756 0.0
0.0173628 -0.000640386 0.0
0.0171322 -0.000631578 0.0
0.0169035 -0.000622252 0.0
0.0166767 -0.000612939 0.0
0.016452 -0.000603273 0.0
0.0162297 -0.000593039 0.0
0.0160097 -0.000582718 0.0
0.0157922 -0.000572088 0.0
0.0155773 -0.000560829 0.0
0.0153653 -0.000549371 0.0
0.0151562 -0.000537655 0.0
0.01495 -0.000525279 0.0
0.0147472 -0.000512469 0.0
0.0145478 -0.000499475 0.0
0.0143518 -0.00048591 0.0
0.0141596 -0.000471699 0.0
0.0139714 -0.000457191 0.0
0.0137871 -0.000442334 0.0
0.013607 -0.000426837 0.0
0.0134314 -0.000410855 0.0
0.0132604 -0.000394622 0.0
0.0130941 -0.000378022 0.0
0.0129327 -0.000360945 0.0
0.0127764 -0.000343574 0.0
0.0126251 -0.000326094 0.0
0.0124792 -0.000308462 0.0
0.0123386 -0.000290591 0.0
0.0122033 -0.000272678 0.0
0.0120736 -0.000254996 0.0
0.0119494 -0.000237411 0.0
0.0118304 -0.000219802 0.0
0.0117169 -0.000202573 0.0
0.0116089 -0.000185888 0.0
0.0115061 -0.000169387 0.0
0.0114084 -0.000153219 0.0
0.0113159 -0.000137817 0.0
0.0112283 -0.000122976 0.0
0.0111454 -0.000108475 0.0
0.0110671 -9.46793e-05 0.0
0.0109933 -8.17033e-05 0.0
0.0109239 -6.92497e-05 0.0
0.0108584 -5.73624e-05 0.0
0.0107968 -4.62984e-05 0.0
0.010739 -3.5942e-05 0.0
0.0106848 -2.61344e-05 0.0
0.0106338 -1.70013e-05 0.0
0.0105859 -8.61153e-06 0.0
0.010541 -8.22512e-07 0.0
0.0104989 6.40281e-06 0.0
0.0104593 1.29901e-05 0.0
0.0104222 1.89693e-05 0.0
0.0103873 2.44298e-05 0.0
0.0103545 2.93718e-05 0.0
0.0103236 3.3783e-05 0.0
0.0102944 3.7711e-05 0.0
0.010267 4.1203e-05 0.0
0.010241 4.42649e-05 0.0
0.0102163 4.69133e-05 0.0
0.010193 4.91856e-05 0.0
0.0101708 5.11118e-05 0.0
0.0101496 5.2707e-05 0.0
0.0101293 5.39927e-05 0.0
0.0101099 5.49963e-05 0.0
0.0100912 5.5742e-05 0.0
0.0100732 5.62467e-05 0.0
0.0100557 5.6529e-05 0.0
0.0100389 5.66107e-05 0.0
0.0100224 5.65116e-05 0.0
0.0100064 5.62461e-05 0.0
0.00999074 5.58293e-05 0.0
0.00997538 5.52791e-05 0.0
0.00996027 5.46105e-05 0.0
0.00994538 5.38344e-05 0.0
0.00993069 5.29635e-05 0.0
0.00991614 5.20115e-05 0.0
0.0099017 5.09888e-05 0.0
0.00988737 4.99038e-05 0.0
0.00987312 4.87668e-05 0.0
0.00985891 4.75874e-05 0.0
0.00984474 4.63726e-05 0.0
0.0098306 4.51289e-05 0.0
0.00981646 4.38639e-05 0.0
0.00980232 4.25839e-05 0.0
0.00978818 4.12937e-05 0.0
0.00977401 3.99981e-05 0.0
0.00975982 3.87023e-05 0.0
0.00974561 3.74101e-05 0.0
0.00973136 3.61248e-05 0.0
0.00971709 3.48498e-05 0.0
0.00970278 3.35882e-05 0.0
0.00968844 3.23424e-05 0.0
0.00967407 3.11144e-05 0.0
0.00965967 2.99065e-05 0.0
0.00964524 2.87203e-05 0.0
0.00963079 2.75573e-05 0.0
0.00961633 2.64186e-05 0.0
0.00960184 2.53055e-05 0.0
0.00958735 2.42188e-05 0.0
0.00957285 2.31593e-05 0.0
0.00955836 2.21277e-05 0.0
0.00954387 2.11245e-05 0.0
0.00952939 2.01501e-05 0.0
0.00951493 1.92049e-05 0.0
0.00950049 1.82892e-05 0.0
0.00948609 1.74031e-05 0.0
0.00947172 1.6547e-05 0.0
0.00945739 1.57209e-05 0.0
0.00944312 1.49251e-05 0.0
0.00942891 1.41596e-05 0.0
0.00941476 1.34247e-05 0.0
0.00940069 1.27205e-05 0.0
0.0093867 1.20474e-05 0.0
0.00937279 1.14054e-05 0.0
0.00935898 1.0795e-05 0.0
0.00934527 1.02165e-05 0.0
0.00933168 9.67042e-06 0.0
0.00931821 9.15732e-06 0.0
0.00930486 8.67784e-06 0.0
0.00929165 8.2327e-06 0.0
0.00927859 7.82293e-06 0.0
0.00926569 7.4494e-06 0.0
0.00925295 7.11335e-06 0.0
0.00924038 6.81604e-06 0.0
0.00922801 6.5592e-06 0.0
0.00921583 6.34405e-06 0.0
0.00920386 6.17278e-06 0.0
0.00919211 6.04722e-06 0.0
0.00918059 5.96987e-06 0.0
0.00916933 5.94218e-06 0.0
0.00915833 5.96785e-06 0.0
0.0091476 6.04856e-06 0.0
0.00913718 6.18765e-06 0.0
0.00912706 6.38635e-06 0.0
0.00911728 6.65013e-06 0.0
0.00910784 6.97802e-06 0.0
0.00909878 7.37461e-06 0.0
0.00909011 7.83881e-06 0.0
0.00908185 8.37611e-06 0.0
0.00907404 8.97699e-06 0.0
0.00906668 9.64838e-06 0.0
0.00905982 1.03768e-05 0.0
0.00905346 1.11602e-05 0.0
0.00904764 1.19691e-05 0.0
0.00904239 1.28088e-05 0.0
0.00903771 1.36147e-05 0.0
0.00903365 1.4363e-05 0.0
0.00903023 1.49891e-05 0.0
0.0090275 1.54706e-05 0.0
0.00902545 1.56804e-05 0.0
0.00902401 1.57134e-05 0.0
0.00902301 1.57176e-05 0.0
0.0 0.0 0.0
0.0 0.0 0.0
0.0194583 -0.00127449 0.0
0.0199292 -0.00167111 0.0
0.0202325 -0.00266985 0.0
0.0209657 -0.00325071 0.0
0.0213604 -0.00300645 0.0
0.0212482 -0.0028425 0.0
0.0209719 -0.00239592 0.0
0.020555 -0.0022489 0.0
0.0200781 -0.00195882 0.0
0.0196332 -0.00166464 0.0
0.0191768 -0.00140187 0.0
0.0186538 -0.0012622 0.0
0.0181644 -0.00106105 0.0
0.0177397 -0.000874361 0.0
0.0173213 -0.000741582 0.0
0.0168965 -0.000639746 0.0
0.0165158 -0.000511674 0.0
0.0161717 -0.00040654 0.0
0.0158354 -0.000330575 0.0
0.0155143 -0.000256395 0.0
0.015226 -0.000176618 0.0
0.0149562 -0.000115065 0.0
0.0146966 -6.41281e-05 0.0
0.0144554 -1.06122e-05 0.0
0.0142347 4.00078e-05 0.0
0.0140255 8.01997e-05 0.0
0.0138276 0.000117987 0.0
0.0136449 0.000156661 0.0
0.0134753 0.000190972 0.0
0.0133149 0.00022068 0.0
0.0131654 0.000250408 0.0
0.0130275 0.000279464 0.0
0.0128989 0.000305364 0.0
0.0127789 0.0003299 0.0
0.0126686 0.000354745 0.0
0.0125675 0.000378506 0.0
0.0124744 0.000400793 0.0
0.0123898 0.000423228 0.0
0.012314 0.000445813 0.0
0.0122462 0.000467726 0.0
0.0121866 0.000489594 0.0
0.0121358 0.000512165 0.0
0.0120934 0.000534898 0.0
0.0120591 0.000557863 0.0
0.0120341 0.000581648 0.0
0.0120186 0.000606238 0.0
0.0120117 0.000631552 0.0
0.0120146 0.000657946 0.0
0.0120283 0.000685214 0.0
0.0120522 0.000713735 0.0
0.0120865 0.000743874 0.0
0.0121327 0.000774859 0.0
0.0121912 0.000806688 0.0
0.0122618 0.000841017 0.0
0.012345 0.000876522 0.0
0.012442 0.000911779 0.0
0.0125534 0.000949067 0.0
0.012679 0.000988925 0.0
0.0128188 0.0010275 0.0
0.0129742 0.00106599 0.0
0.0131461 0.00110724 0.0
0.0133327 0.00114816 0.0
0.0135341 0.0011859 0.0
0.0137527 0.00122429 0.0
0.0139873 0.00126319 0.0
0.014235 0.00129827 0.0
0.0144978 0.00132958 0.0
0.0147759 0.00136025 0.0
0.0150663 0.00138812 0.0
0.0153675 0.00140982 0.0
0.0156805 0.00142662 0.0
0.0160032 0.00144109 0.0
0.0163336 0.00145031 0.0
0.0166697 0.00145084 0.0
0.0170101 0.0014472 0.0
0.0173546 0.00144003 0.0
0.0177003 0.00142429 0.0
0.0180424 0.00140169 0.0
0.0183829 0.00137643 0.0
0.0187214 0.00134359 0.0
0.0190508 0.00130523 0.0
0.0193706 0.00126364 0.0
0.019684 0.00121497 0.0
0.0199858 0.00116267 0.0
0.0202727 0.00111034 0.0
0.0205469 0.00104993 0.0
0.0208063 0.000986736 0.0
0.0210494 0.000926623 0.0
0.0212759 0.000861554 0.0
0.0214834 0.00079289 0.0
0.021673 0.000727818 0.0
0.0218458 0.000662089 0.0
0.0219979 0.000595046 0.0
0.0221304 0.000530154 0.0
0.0222461 0.000466326 0.0
0.0223426 0.000404543 0.0
0.0224194 0.000345601 0.0
0.0224797 0.000287312 0.0
0.0225229 0.000231807 0.0
0.0225485 0.000181055 0.0
0.0225586 0.000131212 0.0
0.0225536 8.32425e-05 0.0
0.0225335 3.9632e-05 0.0
0.0224997 -1.57584e-06 0.0
0.0224527 -4.16154e-05 0.0
0.0223927 -7.88067e-05 0.0
0.0223208 -0.000113557 0.0
0.0222375 -0.000146703 0.0
0.0221429 -0.000177952 0.0
0.0220378 -0.000207386 0.0
0.0219228 -0.000235592 0.0
0.021798 -0.000261639 0.0
0.021664 -0.000285915 0.0
0.0215215 -0.000309401 0.0
0.0213705 -0.00033137 0.0
0.0212119 -0.000350646 0.0
0.0210463 -0.000368944 0.0
0.0208735 -0.000386498 0.0
0.0206943 -0.000401717 0.0
0.0205101 -0.000415046 0.0
0.0203202 -0.000427771 0.0
0.0201249 -0.000438927 0.0
0.0199261 -0.000448741 0.0
0.0197235 -0.000457105 0.0
0.0195165 -0.000464056 0.0
0.0193066 -0.000470738 0.0
0.0190945 -0.000476248 0.0
0.0188796 -0.000479543 0.0
0.0186625 -0.000482669 0.0
0.0184439 -0.000485864 0.0
0.018224 -0.00048685 0.0
0.0180031 -0.000486695 0.0
0.0177812 -0.000487063 0.0
0.0175589 -0.000486406 0.0
0.0173368 -0.000484216 0.0
0.0171147 -0.000481828 0.0
0.0168925 -0.000479178 0.0
0.0166712 -0.000475879 0.0
0.0164509 -0.000471749 0.0
0.0162312 -0.000467107 0.0
0.0160127 -0.000462641 0.0
0.0157957 -0.000457752 0.0
0.0155801 -0.000451804 0.0
0.015366 -0.0004461 0.0
0.0151536 -0.000440595 0.0
0.014943 -0.000434104 0.0
0.0147345 -0.000427441 0.0
0.0145278 -0.000421159 0.0
0.0143232 -0.000414342 0.0
0.0141209 -0.00040707 0.0
0.0139209 -0.000399953 0.0
0.0137231 -0.000392668 0.0
0.0135278 -0.00038493 0.0
0.0133351 -0.000376992 0.0
0.0131449 -0.000369018 0.0
0.0129576 -0.000360766 0.0
0.0127732 -0.000352064 0.0
0.0125916 -0.000343179 0.0
0.012413 -0.000334222 0.0
0.0122379 -0.000324807 0.0
0.0120659 -0.000314948 0.0
0.0118973 -0.000305007 0.0
0.0117324 -0.00029483 0.0
0.0115713 -0.000284093 0.0
0.0114139 -0.000273075 0.0
0.0112605 -0.000261973 0.0
0.0111113 -0.000250487 0.0
0.0109664 -0.000238581 0.0
0.0108258 -0.000226571 0.0
0.0106896 -0.000214417 0.0
0.0105582 -0.000201952 0.0
0.0104315 -0.000189365 0.0
0.0103094 -0.000176774 0.0
0.0101921 -0.000164079 0.0
0.0100798 -0.000151389 0.0
0.00997238 -0.000138828 0.0
0.00986962 -0.000126304 0.0
0.0097718 -0.000113939 0.0
0.00967893 -0.00010191 0.0
0.00959062 -9.00667e-05 0.0
0.00950686 -7.84294e-05 0.0
0.00942781 -6.72907e-05 0.0
0.00935321 -5.65573e-05 0.0
0.00928276 -4.60663e-05 0.0
0.00921648 -3.60632e-05 0.0
0.00915431 -2.66551e-05 0.0
0.00909596 -1.76109e-05 0.0
0.0090412 -8.97113e-06 0.0
0.00898997 -9.41242e-07 0.0
0.00894214 6.57187e-06 0.0
0.00889744 1.37023e-05 0.0
0.00885568 2.03271e-05 0.0
0.00881673 2.63928e-05 0.0
0.00878047 3.20239e-05 0.0
0.00874666 3.72455e-05 0.0
0.0087151 4.19784e-05 0.0
0.00868569 4.62564e-05 0.0
0.00865832 5.01555e-05 0.0
0.00863275 5.36657e-05 0.0
0.00860884 5.67683e-05 0.0
0.00858651 5.95107e-05 0.0
0.00856562 6.19282e-05 0.0
0.00854599 6.40181e-05 0.0
0.00852753 6.57916e-05 0.0
0.00851017 6.72833e-05 0.0
0.00849376 6.85129e-05 0.0
0.00847819 6.94892e-05 0.0
0.00846339 7.02289e-05 0.0
0.00844931 7.07553e-05 0.0
0.00843581 7.10845e-05 0.0
0.00842282 7.1229e-05 0.0
0.00841031 7.12031e-05 0.0
0.00839821 7.10242e-05 0.0
0.00838643 7.07065e-05 0.0
0.00837494 7.02609e-05 0.0
0.0083637 6.96989e-05 0.0
0.00835265 6.90346e-05 0.0
0.00834175 6.82791e-05 0.0
0.00833098 6.74406e-05 0.0
0.0083203 6.65289e-05 0.0
0.00830967 6.55548e-05 0.0
0.00829908 6.4526e-05 0.0
0.0082885 6.34489e-05 0.0
0.00827792 6.23315e-05 0.0
0.00826731 6.11813e-05 0.0
0.00825667 6.00035e-05 0.0
0.00824598 5.88032e-05 0.0
0.00823523 5.75862e-05 0.0
0.00822441 5.63576e-05 0.0
0.00821352 5.51208e-05 0.0
0.00820255 5.38796e-05 0.0
0.00819149 5.26381e-05 0.0
0.00818036 5.13993e-05 0.0
0.00816914 5.01655e-05 0.0
0.00815783 4.89395e-05 0.0
0.00814645 4.77239e-05 0.0
0.00813498 4.65202e-05 0.0
0.00812343 4.53301e-05 0.0
0.00811181 4.41553e-05 0.0
0.00810011 4.29973e-05 0.0
0.00808835 4.18569e-05 0.0
0.00807653 4.07352e-05 0.0
0.00806465 3.96332e-05 0.0
0.00805272 3.85514e-05 0.0
0.00804075 3.74904e-05 0.0
0.00802874 3.64507e-05 0.0
0.0080167 3.54328e-05 0.0
0.00800463 3.4437e-05 0.0
0.00799254 3.34633e-05 0.0
0.00798045 3.25122e-05 0.0
0.00796834 3.15838e-05 0.0
0.00795625 3.0678e-05 0.0
0.00794416 2.97951e-05 0.0
0.00793209 2.89351e-05 0.0
0.00792004 2.8098e-05 0.0
0.00790803 2.7284e-05 0.0
0.00789605 2.64931e-05 0.0
0.00788413 2.57253e-05 0.0
0.00787226 2.49809e-05 0.0
0.00786045 2.42599e-05 0.0
0.00784871 2.35626e-05 0.0
0.00783705 2.28892e-05 0.0
0.00782548 2.224e-05 0.0
0.007814 2.16153e-05 0.0
0.00780263 2.10156e-05 0.0
0.00779137 2.04414e-05 0.0
0.00778023 1.98934e-05 0.0
0.00776921 1.93721e-05 0.0
0.00775834 1.88785e-05 0.0
0.00774762 1.84134e-05 0.0
0.00773705 1.7978e-05 0.0
0.00772666 1.7573e-05 0.0
0.00771645 1.72002e-05 0.0
0.00770643 1.68608e-05 0.0
0.00769661 1.65562e-05 0.0
0.00768702 1.62877e-05 0.0
0.00767765 1.60582e-05 0.0
0.00766854 1.5868e-05 0.0
0.00765968 1.57196e-05 0.0
0.0076511 1.56143e-05 0.0
0.00764281 1.55558e-05 0.0
0.00763484 1.55419e-05 0.0
0.0076272 1.55766e-05 0.0
0.0076199 1.56595e-05 0.0
0.00761298 1.5793e-05 0.0
0.00760645 1.5968e-05 0.0
0.00760032 1.61909e-05 0.0
0.00759462 1.64507e-05 0.0
0.00758938 1.67431e-05 0.0
0.0075846 1.70399e-05 0.0
0.00758029 1.73418e-05 0.0
0.00757649 1.7602e-05 0.0
0.0075732 1.77929e-05 0.0
0.0075704 1.78184e-05 0.0
0.00756813 1.76636e-05 0.0
0.0075664 1.73201e-05 0.0
0.00756512 1.68774e-05 0.0
0.00756417 1.66264e-05 0.0
0.0 0.0 0.0
0.0 0.0 0.0
0.0188618 -0.00130408 0.0
0.0198719 -0.00276521 0.0
0.0212961 -0.00318263 0.0
0.0215724 -0.00368269 0.0
0.0207602 -0.00257757 0.0
0.0198233 -0.00233493 0.0
0.0193822 -0.00200047 0.0
0.018827 -0.00167841 0.0
0.0179615 -0.00129598 0.0
0.0172094 -0.00112578 0.0
0.0167003 -0.000896461 0.0
0.016143 -0.000700522 0.0
0.0155419 -0.000554449 0.0
0.0150547 -0.000447194 0.0
0.0146488 -0.000317205 0.0
0.0142213 -0.000220416 0.0
0.013821 -0.000148366 0.0
0.0134876 -7.70787e-05 0.0
0.0131772 -5.31916e-06 0.0
0.0128679 4.59976e-05 0.0
0.0125924 9.11175e-05 0.0
0.012349 0.000138107 0.0
0.0121144 0.000179149 0.0
0.0118916 0.000211022 0.0
0.0116932 0.000242599 0.0
0.0115099 0.000273566 0.0
0.0113341 0.000299413 0.0
0.0111718 0.000322193 0.0
0.0110247 0.000345276 0.0
0.0108863 0.000366668 0.0
0.0107561 0.00038522 0.0
0.0106374 0.000403119 0.0
0.0105285 0.00042088 0.0
0.0104265 0.000437185 0.0
0.0103328 0.000452392 0.0
0.0102484 0.000467676 0.0
0.0101712 0.000482608 0.0
0.010101 0.000496795 0.0
0.010039 0.000510906 0.0
0.00998468 0.000525259 0.0
0.00993715 0.000539415 0.0
0.00989719 0.000553574 0.0
0.00986548 0.000568136 0.0
0.00984111 0.000583066 0.0
0.00982419 0.000598247 0.0
0.00981603 0.000613884 0.0
0.00981644 0.000630141 0.0
0.00982487 0.000647206 0.0
0.0098425 0.000664782 0.0
0.00987009 0.000682842 0.0
0.00990717 0.000702102 0.0
0.0099542 0.000722513 0.0
0.0100122 0.000742868 0.0
0.0100815 0.000764136 0.0
0.0101623 0.000787389 0.0
0.0102551 0.000810752 0.0
0.01036 0.000833548 0.0
0.0104782 0.000858519 0.0
0.0106101 0.000884488 0.0
0.0107546 0.000908734 0.0
0.0109125 0.000933348 0.0
0.0110858 0.000959855 0.0
0.0112726 0.000984461 0.0
0.0114714 0.00100716 0.0
0.011685 0.00103055 0.0
0.0119131 0.00105275 0.0
0.0121519 0.00107157 0.0
0.0124018 0.0010889 0.0
0.0126651 0.00110429 0.0
0.0129383 0.00111626 0.0
0.0132182 0.00112532 0.0
0.0135066 0.00113063 0.0
0.013803 0.00113185 0.0
0.0141025 0.00113043 0.0
0.0144042 0.00112475 0.0
0.0147086 0.00111278 0.0
0.0150129 0.00109855 0.0
0.0153142 0.00108178 0.0
0.015612 0.00105798 0.0
0.0159041 0.00102978 0.0
0.0161894 0.00100206 0.0
0.0164669 0.000968807 0.0
0.0167326 0.00092986 0.0
0.0169863 0.000891466 0.0
0.0172298 0.000850831 0.0
0.0174586 0.000805418 0.0
0.01767 0.000760205 0.0
0.0178679 0.000713509 0.0
0.0180503 0.000665051 0.0
0.0182142 0.000617576 0.0
0.0183607 0.000568703 0.0
0.0184904 0.000519499 0.0
0.0186027 0.000472937 0.0
0.0186977 0.000426135 0.0
0.0187743 0.000379517 0.0
0.0188341 0.000336078 0.0
0.0188788 0.00029365 0.0
0.018907 0.000252303 0.0
0.0189183 0.000214157 0.0
0.0189163 0.000177239 0.0
0.0189009 0.000141668 0.0
0.0188712 0.000109623 0.0
0.0188286 7.88127e-05 0.0
0.0187748 4.88103e-05 0.0
0.01871 2.16858e-05 0.0
0.0186343 -3.4166e-06 0.0
0.0185481 -2.81732e-05 0.0
0.0184529 -5.13636e-05 0.0
0.0183493 -7.24469e-05 0.0
0.0182369 -9.2492e-05 0.0
0.0181157 -0.000111901 0.0
0.0179877 -0.000129872 0.0
0.0178532 -0.000146486 0.0
0.0177113 -0.000161934 0.0
0.0175625 -0.000176534 0.0
0.0174088 -0.000190239 0.0
0.01725 -0.000202483 0.0
0.0170855 -0.000213179 0.0
0.0169163 -0.000223692 0.0
0.0167436 -0.000233336 0.0
0.0165672 -0.000240866 0.0
0.0163873 -0.000247818 0.0
0.0162042 -0.000254935 0.0
0.0160188 -0.000260222 0.0
0.0158318 -0.000264378 0.0
0.0156425 -0.000268681 0.0
0.0154511 -0.000272063 0.0
0.0152593 -0.000274332 0.0
0.0150669 -0.00027628 0.0
0.014873 -0.000277558 0.0
0.0146788 -0.000278199 0.0
0.0144851 -0.000278576 0.0
0.0142914 -0.000278009 0.0
0.0140976 -0.000276914 0.0
0.0139044 -0.000275978 0.0
0.0137123 -0.000274262 0.0
0.0135212 -0.000271711 0.0
0.0133308 -0.00026942 0.0
0.0131416 -0.000266863 0.0
0.0129543 -0.000263547 0.0
0.0127684 -0.000260126 0.0
0.0125838 -0.000256703 0.0
0.012401 -0.000252982 0.0
0.0122205 -0.000248987 0.0
0.0120415 -0.000244766 0.0
0.0118643 -0.000240616 0.0
0.0116895 -0.000236357 0.0
0.0115167 -0.000231648 0.0
0.011346 -0.000226985 0.0
0.0111774 -0.000222422 0.0
0.0110112 -0.00021743 0.0
0.0108474 -0.000212296 0.0
0.0106858 -0.0002073 0.0
0.0105267 -0.000202 0.0
0.0103702 -0.000196442 0.0
0.0102162 -0.000190932 0.0
0.0100648 -0.000185233 0.0
0.00991631 -0.000179216 0.0
0.00977064 -0.000173136 0.0
0.00962773 -0.000166943 0.0
0.00948789 -0.00016044 0.0
0.00935128 -0.000153742 0.0
0.00921778 -0.000146966 0.0
0.0090875 -0.000139959 0.0
0.00896077 -0.000132685 0.0
0.00883758 -0.000125283 0.0
0.00871789 -0.000117771 0.0
0.00860193 -0.000110037 0.0
0.00848984 -0.000102117 0.0
0.00838161 -9.41464e-05 0.0
0.0082773 -8.61189e-05 0.0
0.00817699 -7.79384e-05 0.0
0.00808077 -6.96899e-05 0.0
0.00798867 -6.15449e-05 0.0
0.00790063 -5.34285e-05 0.0
0.00781665 -4.52372e-05 0.0
0.00773681 -3.7187e-05 0.0
0.00766107 -2.94066e-05 0.0
0.00758924 -2.16665e-05 0.0
0.00752131 -1.40081e-05 0.0
0.00745734 -6.74014e-06 0.0
0.00739711 2.53607e-07 0.0
0.00734044 7.17937e-06 0.0
0.00728733 1.37715e-05 0.0
0.00723768 1.99078e-05 0.0
0.00719127 2.58488e-05 0.0
0.00714794 3.15723e-05 0.0
0.00710763 3.68326e-05 0.0
0.00707017 4.17322e-05 0.0
0.00703538 4.64307e-05 0.0
0.00700309 5.07862e-05 0.0
0.00697319 5.47178e-05 0.0
0.00694556 5.83763e-05 0.0
0.00692 6.17855e-05 0.0
0.00689633 6.48369e-05 0.0
0.00687449 6.75604e-05 0.0
0.00685434 7.00501e-05 0.0
0.0068357 7.22762e-05 0.0
0.00681844 7.42012e-05 0.0
0.00680249 7.58788e-05 0.0
0.00678774 7.73468e-05 0.0
0.006774 7.8581e-05 0.0
0.00676122 7.95856e-05 0.0
0.00674933 8.03998e-05 0.0
0.00673821 8.10364e-05 0.0
0.00672773 8.14888e-05 0.0
0.00671787 8.1773e-05 0.0
0.00670856 8.19116e-05 0.0
0.00669969 8.19118e-05 0.0
0.0066912 8.17774e-05 0.0
0.00668305 8.15228e-05 0.0
0.0066752 8.11618e-05 0.0
0.00666756 8.07011e-05 0.0
0.00666009 8.01473e-05 0.0
0.00665279 7.95111e-05 0.0
0.00664559 7.88021e-05 0.0
0.00663844 7.80266e-05 0.0
0.00663135 7.71905e-05 0.0
0.00662427 7.63019e-05 0.0
0.00661718 7.53678e-05 0.0
0.00661006 7.43932e-05 0.0
0.0066029 7.33827e-05 0.0
0.00659567 7.23426e-05 0.0
0.00658836 7.12778e-05 0.0
0.00658097 7.01918e-05 0.0
0.00657348 6.90885e-05 0.0
0.00656589 6.79721e-05 0.0
0.00655819 6.68461e-05 0.0
0.00655037 6.57128e-05 0.0
0.00654244 6.45752e-05 0.0
0.00653439 6.34362e-05 0.0
0.00652622 6.22978e-05 0.0
0.00651793 6.11618e-05 0.0
0.00650953 6.00303e-05 0.0
0.00650101 5.8905e-05 0.0
0.00649238 5.77871e-05 0.0
0.00648365 5.66779e-05 0.0
0.00647481 5.55786e-05 0.0
0.00646587 5.44903e-05 0.0
0.00645684 5.34136e-05 0.0
0.00644773 5.23493e-05 0.0
0.00643853 5.12982e-05 0.0
0.00642925 5.02606e-05 0.0
0.00641991 4.9237e-05 0.0
0.0064105 4.82279e-05 0.0
0.00640104 4.72335e-05 0.0
0.00639152 4.6254e-05 0.0
0.00638197 4.52897e-05 0.0
0.00637237 4.43406e-05 0.0
0.00636275 4.3407e-05 0.0
0.00635311 4.24889e-05 0.0
0.00634345 4.15863e-05 0.0
0.00633379 4.06993e-05 0.0
0.00632412 3.98279e-05 0.0
0.00631446 3.89721e-05 0.0
0.00630482 3.81321e-05 0.0
0.00629519 3.73077e-05 0.0
0.00628559 3.64991e-05 0.0
0.00627603 3.57063e-05 0.0
0.00626651 3.49294e-05 0.0
0.00625704 3.41685e-05 0.0
0.00624762 3.34238e-05 0.0
0.00623827 3.26954e-05 0.0
0.00622899 3.19835e-05 0.0
0.0062198 3.12885e-05 0.0
0.00621068 3.06106e-05 0.0
0.00620167 2.99501e-05 0.0
0.00619275 2.93076e-05 0.0
0.00618395 2.86836e-05 0.0
0.00617527 2.80784e-05 0.0
0.00616672 2.7493e-05 0.0
0.00615831 2.69279e-05 0.0
0.00615005 2.6384e-05 0.0
0.00614195 2.58618e-05 0.0
0.00613402 2.53628e-05 0.0
0.00612627 2.48877e-05 0.0
0.00611872 2.44375e-05 0.0
0.00611137 2.40128e-05 0.0
0.00610424 2.36161e-05 0.0
0.00609735 2.3247e-05 0.0
0.00609071 2.29067e-05 0.0
0.00608433 2.2596e-05 0.0
0.00607822 2.23176e-05 0.0
0.00607242 2.2067e-05 0.0
0.00606692 2.18472e-05 0.0
0.00606176 2.16565e-05 0.0
0.00605693 2.14937e-05 0.0
0.00605247 2.13452e-05 0.0
0.00604838 2.12175e-05 0.0
0.00604467 2.10915e-05 0.0
0.00604134 2.09479e-05 0.0
0.00603842 2.07553e-05 0.0
0.00603588 2.05097e-05 0.0
0.00603369 2.01089e-05 0.0
0.00603184 1.95066e-05 0.0
0.00603036 1.87188e-05 0.0
0.00602926 1.79052e-05 0.0
0.00602838 1.75285e-05 0.0
0.0 0.0 0.0
0.0 0.0 0.0
0.0197094 -0.00141132 0.0
0.0208297 -0.00477988 0.0
0.0206062 -0.00318316 0.0
0.0190676 -0.00249844 0.0
0.018138 -0.00174496 0.0
0.0173476 -0.00150193 0.0
0.0161649 -0.00119366 0.0
0.015133 -0.00083094 0.0
0.0145054 -0.000555726 0.0
0.0138376 -0.000435622 0.0
0.013103 -0.000309377 0.0
0.012543 -0.000141331 0.0
0.0121119 -4.54406e-05 0.0
0.0116464 9.8389e-06 0.0
0.0112132 8.13544e-05 0.0
0.0108744 0.000159678 0.0
0.0105648 0.000197703 0.0
0.0102504 0.000232431 0.0
0.0099779 0.00027572 0.0
0.009746 0.000313035 0.0
0.00952079 0.000333028 0.0
0.00930646 0.000357824 0.0
0.00912096 0.000383666 0.0
0.00895159 0.000403087 0.0
0.00878771 0.000416984 0.0
0.00863761 0.0004347 0.0
0.00850401 0.000450323 0.0
0.0083781 0.000462276 0.0
0.00825921 0.000473287 0.0
0.00815171 0.000485864 0.0
0.00805357 0.000496099 0.0
0.00796113 0.000504984 0.0
0.00787609 0.000514122 0.0
0.00779944 0.00052343 0.0
0.00772904 0.000531209 0.0
0.00766434 0.000538894 0.0
0.00760661 0.000546857 0.0
0.00755525 0.000554522 0.0
0.00750938 0.000561574 0.0
0.00746972 0.000569012 0.0
0.00743645 0.000576536 0.0
0.0074088 0.000583902 0.0
0.00738726 0.000591318 0.0
0.00737248 0.000599127 0.0
0.00736386 0.000607047 0.0
0.00736142 0.000615249 0.0
0.00736634 0.000623636 0.0
0.00737854 0.000632357 0.0
0.0073975 0.000641682 0.0
0.00742421 0.000651374 0.0
0.0074595 0.000660904 0.0
0.00750295 0.000671361 0.0
0.00755476 0.000682762 0.0
0.00761589 0.00069365 0.0
0.00768684 0.000704621 0.0
0.00776756 0.000717501 0.0
0.00785816 0.000730175 0.0
0.00795926 0.000741574 0.0
0.00807178 0.000754386 0.0
0.00819525 0.000768529 0.0
0.00832912 0.000780465 0.0
0.0084746 0.000791887 0.0
0.00863226 0.000805156 0.0
0.00880025 0.00081734 0.0
0.00897851 0.000826613 0.0
0.00916827 0.00083632 0.0
0.00936844 0.000846268 0.0
0.00957698 0.000853095 0.0
0.00979416 0.000857438 0.0
0.0100198 0.000861799 0.0
0.0102524 0.000864472 0.0
0.0104898 0.00086307 0.0
0.0107311 0.000859716 0.0
0.0109764 0.000855474 0.0
0.011224 0.000847924 0.0
0.0114698 0.000836742 0.0
0.0117143 0.000824427 0.0
0.0119582 0.000809217 0.0
0.0121968 0.000791246 0.0
0.0124277 0.000771771 0.0
0.0126535 0.000749213 0.0
0.0128716 0.000724057 0.0
0.0130782 0.000699849 0.0
0.0132745 0.000672074 0.0
0.0134599 0.000640984 0.0
0.013632 0.000612359 0.0
0.0137913 0.000582696 0.0
0.0139363 0.000548725 0.0
0.0140662 0.00051682 0.0
0.0141828 0.000486097 0.0
0.0142843 0.000453101 0.0
0.0143692 0.00042076 0.0
0.0144404 0.000389755 0.0
0.0144975 0.000359059 0.0
0.0145389 0.000329499 0.0
0.0145666 0.000300408 0.0
0.0145815 0.000272209 0.0
0.0145828 0.000246538 0.0
0.014572 0.000221415 0.0
0.0145499 0.000196605 0.0
0.014516 0.000174385 0.0
0.0144722 0.000153584 0.0
0.0144192 0.000132816 0.0
0.0143566 0.00011386 0.0
0.0142854 9.64156e-05 0.0
0.0142068 7.94278e-05 0.0
0.0141208 6.34755e-05 0.0
0.0140276 4.88706e-05 0.0
0.013928 3.465e-05 0.0
0.0138225 2.13157e-05 0.0
0.0137115 9.15722e-06 0.0
0.013595 -2.51935e-06 0.0
0.0134734 -1.38434e-05 0.0
0.0133474 -2.38373e-05 0.0
0.0132177 -3.30898e-05 0.0
0.0130836 -4.21447e-05 0.0
0.0129457 -5.04136e-05 0.0
0.0128053 -5.75068e-05 0.0
0.0126623 -6.42268e-05 0.0
0.0125159 -7.04401e-05 0.0
0.0123677 -7.60108e-05 0.0
0.0122183 -8.08198e-05 0.0
0.0120668 -8.48644e-05 0.0
0.0119137 -8.8797e-05 0.0
0.0117602 -9.25146e-05 0.0
0.0116059 -9.48613e-05 0.0
0.0114508 -9.69384e-05 0.0
0.0112955 -9.95306e-05 0.0
0.0111401 -0.000101069 0.0
0.0109849 -0.000101591 0.0
0.01083 -0.000102648 0.0
0.0106752 -0.000103528 0.0
0.0105214 -0.000103287 0.0
0.0103685 -0.000102941 0.0
0.0102162 -0.000102732 0.0
0.010065 -0.000102098 0.0
0.00991526 -0.000101017 0.0
0.00976674 -9.97046e-05 0.0
0.00961943 -9.84245e-05 0.0
0.00947375 -9.70889e-05 0.0
0.00932967 -9.51537e-05 0.0
0.0091872 -9.31366e-05 0.0
0.00904639 -9.14697e-05 0.0
0.00890726 -8.93577e-05 0.0
0.00877002 -8.68568e-05 0.0
0.00863462 -8.47242e-05 0.0
0.00850093 -8.24741e-05 0.0
0.00836918 -7.97947e-05 0.0
0.00823944 -7.72239e-05 0.0
0.00811153 -7.47238e-05 0.0
0.0079856 -7.1958e-05 0.0
0.00786175 -6.90611e-05 0.0
0.00773987 -6.62169e-05 0.0
0.00762008 -6.33138e-05 0.0
0.00750248 -6.01936e-05 0.0
0.00738698 -5.69552e-05 0.0
0.00727368 -5.3791e-05 0.0
0.00716273 -5.0496e-05 0.0
0.0070541 -4.69187e-05 0.0
0.00694778 -4.33447e-05 0.0
0.00684395 -3.98188e-05 0.0
0.00674271 -3.60123e-05 0.0
0.00664401 -3.20186e-05 0.0
0.00654792 -2.81168e-05 0.0
0.00645462 -2.41212e-05 0.0
0.00636416 -1.98459e-05 0.0
0.00627651 -1.55401e-05 0.0
0.00619176 -1.12869e-05 0.0
0.00611008 -6.87342e-06 0.0
0.00603147 -2.3252e-06 0.0
0.00595586 2.17643e-06 0.0
0.00588336 6.68091e-06 0.0
0.00581413 1.12545e-05 0.0
0.00574804 1.58178e-05 0.0
0.005685 2.03411e-05 0.0
0.00562518 2.48119e-05 0.0
0.00556861 2.91952e-05 0.0
0.00551501 3.35376e-05 0.0
0.00546439 3.78097e-05 0.0
0.0054169 4.18738e-05 0.0
0.00537235 4.58092e-05 0.0
0.0053305 4.97108e-05 0.0
0.00529142 5.33994e-05 0.0
0.0052551 5.68193e-05 0.0
0.00522127 6.01656e-05 0.0
0.0051898 6.33847e-05 0.0
0.00516071 6.62978e-05 0.0
0.00513388 6.9012e-05 0.0
0.00510908 7.16443e-05 0.0
0.00508622 7.40502e-05 0.0
0.00506525 7.61831e-05 0.0
0.00504604 7.81794e-05 0.0
0.00502841 8.00407e-05 0.0
0.00501225 8.16604e-05 0.0
0.00499752 8.30807e-05 0.0
0.00498408 8.43804e-05 0.0
0.00497179 8.55184e-05 0.0
0.00496056 8.64561e-05 0.0
0.00495033 8.72493e-05 0.0
0.00494101 8.79243e-05 0.0
0.00493244 8.84493e-05 0.0
0.00492459 8.88249e-05 0.0
0.00491741 8.90893e-05 0.0
0.00491079 8.92467e-05 0.0
0.00490463 8.9284e-05 0.0
0.00489892 8.92132e-05 0.0
0.0048936 8.90552e-05 0.0
0.00488858 8.88103e-05 0.0
0.00488381 8.84767e-05 0.0
0.00487928 8.80658e-05 0.0
0.00487493 8.75891e-05 0.0
0.00487069 8.70478e-05 0.0
0.00486655 8.64441e-05 0.0
0.0048625 8.57869e-05 0.0
0.00485847 8.50832e-05 0.0
0.00485445 8.43346e-05 0.0
0.00485043 8.35445e-05 0.0
0.00484637 8.27195e-05 0.0
0.00484226 8.1864e-05 0.0
0.00483809 8.09798e-05 0.0
0.00483383 8.00701e-05 0.0
0.00482949 7.91396e-05 0.0
0.00482504 7.81912e-05 0.0
0.00482049 7.72265e-05 0.0
0.00481582 7.62482e-05 0.0
0.00481103 7.52596e-05 0.0
0.00480612 7.42625e-05 0.0
0.00480108 7.3258e-05 0.0
0.00479592 7.22487e-05 0.0
0.00479062 7.12364e-05 0.0
0.0047852 7.02222e-05 0.0
0.00477966 6.92071e-05 0.0
0.004774 6.8193e-05 0.0
0.00476821 6.71809e-05 0.0
0.00476231 6.61714e-05 0.0
0.00475629 6.51655e-05 0.0
0.00475017 6.41643e-05 0.0
0.00474394 6.31682e-05 0.0
0.00473761 6.21777e-05 0.0
0.00473119 6.11935e-05 0.0
0.00472469 6.02162e-05 0.0
0.00471809 5.9246e-05 0.0
0.00471142 5.82833e-05 0.0
0.00470469 5.73283e-05 0.0
0.00469788 5.63815e-05 0.0
0.00469102 5.54428e-05 0.0
0.0046841 5.45126e-05 0.0
0.00467714 5.3591e-05 0.0
0.00467013 5.2678e-05 0.0
0.00466309 5.17738e-05 0.0
0.00465602 5.08785e-05 0.0
0.00464893 4.9992e-05 0.0
0.00464183 4.91145e-05 0.0
0.00463471 4.8246e-05 0.0
0.00462759 4.73865e-05 0.0
0.00462047 4.6536e-05 0.0
0.00461336 4.56946e-05 0.0
0.00460626 4.48624e-05 0.0
0.00459918 4.40392e-05 0.0
0.00459213 4.32253e-05 0.0
0.00458511 4.24207e-05 0.0
0.00457812 4.16253e-05 0.0
0.00457118 4.08395e-05 0.0
0.0045643 4.00631e-05 0.0
0.00455746 3.92966e-05 0.0
0.0045507 3.85397e-05 0.0
0.004544 3.7793e-05 0.0
0.00453737 3.70565e-05 0.0
0.00453084 3.63307e-05 0.0
0.00452439 3.56154e-05 0.0
0.00451804 3.49116e-05 0.0
0.00451179 3.4219e-05 0.0
0.00450566 3.35386e-05 0.0
0.00449965 3.287e-05 0.0
0.00449377 3.2215e-05 0.0
0.00448803 3.15726e-05 0.0
0.00448244 3.09444e-05 0.0
0.00447701 3.03299e-05 0.0
0.00447175 2.97316e-05 0.0
0.00446667 2.91469e-05 0.0
0.00446178 2.85791e-05 0.0
0.0044571 2.80265e-05 0.0
0.00445264 2.74921e-05 0.0
0.0044484 2.69702e-05 0.0
0.0044444 2.64671e-05 0.0
0.00444066 2.59768e-05 0.0
0.00443719 2.55016e-05 0.0
0.00443399 2.50296e-05 0.0
0.00443107 2.45697e-05 0.0
0.00442845 2.41031e-05 0.0
0.00442612 2.36243e-05 0.0
0.00442405 2.31012e-05 0.0
0.00442225 2.25312e-05 0.0
0.00442072 2.18617e-05 0.0
0.00441935 2.10429e-05 0.0
0.00441806 1.99628e-05 0.0
0.00441694 1.8857e-05 0.0
0.00441601 1.84201e-05 0.0
0.0 0.0 0.0
0.0 0.0 0.0
0.0197293 -0.00300748 0.0
0.0199047 -0.00394146 0.0
0.0173485 -0.001397 0.0
0.014526 -0.000496828 0.0
0.0131571 -0.0010015 0.0
0.0123377 -0.000435162 0.0
0.011239 -7.67626e-05 0.0
0.0102597 -9.29436e-08 0.0
0.00967168 -1.69183e-05 0.0
0.00914624 0.000238041 0.0
0.00858836 0.000273766 0.0
0.00815464 0.000287063 0.0
0.00783148 0.000329125 0.0
0.00750192 0.000419046 0.0
0.00719288 0.000409978 0.0
0.00695166 0.000430301 0.0
0.00673896 0.000461398 0.0
0.00652549 0.000489156 0.0
0.00633808 0.000484143 0.0
0.00618109 0.000503456 0.0
0.0060316 0.000518832 0.0
0.00588886 0.00052746 0.0
0.00576493 0.000528912 0.0
0.0056537 0.000542179 0.0
0.00554666 0.000548637 0.0
0.00544818 0.000552664 0.0
0.00536099 0.000556514 0.0
0.00527978 0.000564271 0.0
0.00520298 0.000567179 0.0
0.00513357 0.000570356 0.0
0.00507078 0.000574128 0.0
0.00501194 0.000578479 0.0
0.00495772 0.0005804 0.0
0.00490923 0.000583332 0.0
0.00486512 0.000586337 0.0
0.0048246 0.000589041 0.0
0.00478864 0.000590927 0.0
0.00475726 0.000593635 0.0
0.00472947 0.000596014 0.0
0.0047055 0.000598206 0.0
0.00468609 0.000600346 0.0
0.00467073 0.000602872 0.0
0.00465902 0.00060507 0.0
0.00465177 0.000607408 0.0
0.00464924 0.000609803 0.0
0.0046508 0.000612383 0.0
0.00465678 0.000614907 0.0
0.00466802 0.000617559 0.0
0.00468432 0.000620231 0.0
0.00470549 0.000623347 0.0
0.00473223 0.000626292 0.0
0.00476492 0.000629127 0.0
0.00480356 0.000632473 0.0
0.00484836 0.000636227 0.0
0.00489954 0.000639085 0.0
0.00495762 0.000642341 0.0
0.00502309 0.000646505 0.0
0.00509538 0.000649965 0.0
0.00517463 0.000652495 0.0
0.00526227 0.00065636 0.0
0.00535787 0.000660076 0.0
0.0054599 0.000662245 0.0
0.00556986 0.000664508 0.0
0.00568874 0.00066754 0.0
0.00581416 0.000669069 0.0
0.00594547 0.000669605 0.0
0.00608495 0.000670187 0.0
0.00623124 0.000670065 0.0
0.00638159 0.000668772 0.0
0.00653693 0.000666292 0.0
0.00669805 0.00066272 0.0
0.00686195 0.000658721 0.0
0.00702726 0.000653638 0.0
0.00719483 0.000645699 0.0
0.00736343 0.000637591 0.0
0.00753075 0.000629592 0.0
0.00769635 0.000618662 0.0
0.00785933 0.000605305 0.0
0.00801856 0.000593852 0.0
0.00817356 0.00058056 0.0
0.0083222 0.000563972 0.0
0.0084633 0.000547979 0.0
0.00859846 0.000532741 0.0
0.00872573 0.000514278 0.0
0.00884193 0.000495949 0.0
0.00894954 0.000477919 0.0
0.0090489 0.000458614 0.0
0.00913654 0.000439623 0.0
0.00921305 0.000420696 0.0
0.00928018 0.000400352 0.0
0.00933652 0.000381693 0.0
0.00938197 0.000363457 0.0
0.00941676 0.000343789 0.0
0.00944121 0.000325574 0.0
0.0094565 0.000308595 0.0
0.00946219 0.000290972 0.0
0.00945763 0.000274347 0.0
0.00944514 0.000258817 0.0
0.00942528 0.000243136 0.0
0.00939684 0.000228936 0.0
0.00936099 0.000215458 0.0
0.00931935 0.000201652 0.0
0.0092715 0.000189181 0.0
0.00921761 0.000178101 0.0
0.00915847 0.000166412 0.0
0.0090947 0.000155346 0.0
0.00902663 0.000145656 0.0
0.00895434 0.000136304 0.0
0.00887786 0.000126768 0.0
0.0087981 0.000118125 0.0
0.0087155 0.000110099 0.0
0.00862952 0.000102497 0.0
0.0085404 9.5096e-05 0.0
0.00844926 8.81053e-05 0.0
0.00835605 8.16375e-05 0.0
0.00826028 7.60329e-05 0.0
0.00816262 7.0275e-05 0.0
0.00806374 6.46703e-05 0.0
0.00796345 6.01462e-05 0.0
0.00786181 5.61539e-05 0.0
0.00775916 5.15184e-05 0.0
0.00765578 4.76652e-05 0.0
0.00755212 4.47749e-05 0.0
0.00744796 4.15833e-05 0.0
0.00734309 3.84146e-05 0.0
0.00723848 3.60968e-05 0.0
0.00713438 3.38976e-05 0.0
0.00702989 3.18234e-05 0.0
0.0069255 3.00628e-05 0.0
0.00682216 2.83746e-05 0.0
0.00671934 2.71094e-05 0.0
0.00661666 2.624e-05 0.0
0.00651489 2.50787e-05 0.0
0.00641421 2.41414e-05 0.0
0.00631433 2.3972e-05 0.0
0.00621527 2.3588e-05 0.0
0.00611723 2.29937e-05 0.0
0.00602048 2.30066e-05 0.0
0.00592497 2.32806e-05 0.0
0.00583035 2.32658e-05 0.0
0.00573698 2.33907e-05 0.0
0.00564519 2.38429e-05 0.0
0.00555455 2.44148e-05 0.0
0.00546499 2.48573e-05 0.0
0.00537696 2.53245e-05 0.0
0.00529036 2.61469e-05 0.0
0.00520494 2.70188e-05 0.0
0.00512087 2.76304e-05 0.0
0.00503828 2.85024e-05 0.0
0.00495707 2.96483e-05 0.0
0.00487719 3.05534e-05 0.0
0.0047987 3.1497e-05 0.0
0.00472174 3.27592e-05 0.0
0.0046462 3.39549e-05 0.0
0.00457203 3.50621e-05 0.0
0.00449944 3.64007e-05 0.0
0.00442843 3.78133e-05 0.0
0.00435885 3.91437e-05 0.0
0.00429085 4.05704e-05 0.0
0.00422459 4.2147e-05 0.0
0.00415994 4.37018e-05 0.0
0.00409687 4.52631e-05 0.0
0.00403564 4.69469e-05 0.0
0.00397625 4.8702e-05 0.0
0.00391856 5.04263e-05 0.0
0.00386271 5.21969e-05 0.0
0.00380886 5.40746e-05 0.0
0.00375694 5.59636e-05 0.0
0.0037069 5.78105e-05 0.0
0.00365888 5.97275e-05 0.0
0.00361293 6.17151e-05 0.0
0.00356901 6.36312e-05 0.0
0.00352709 6.55104e-05 0.0
0.00348722 6.74827e-05 0.0
0.00344945 6.94297e-05 0.0
0.00341371 7.12297e-05 0.0
0.00337992 7.3056e-05 0.0
0.00334812 7.49398e-05 0.0
0.00331834 7.66542e-05 0.0
0.00329044 7.82498e-05 0.0
0.00326432 7.99325e-05 0.0
0.00324004 8.15285e-05 0.0
0.00321756 8.29016e-05 0.0
0.00319668 8.42681e-05 0.0
0.00317736 8.56562e-05 0.0
0.00315963 8.68374e-05 0.0
0.00314335 8.78825e-05 0.0
0.0031284 8.89542e-05 0.0
0.00311474 8.99291e-05 0.0
0.00310232 9.07105e-05 0.0
0.00309103 9.14411e-05 0.0
0.00308079 9.21441e-05 0.0
0.00307151 9.27054e-05 0.0
0.00306315 9.31437e-05 0.0
0.00305564 9.35479e-05 0.0
0.00304888 9.3877e-05 0.0
0.00304279 9.40868e-05 0.0
0.00303736 9.42216e-05 0.0
0.00303251 9.4309e-05 0.0
0.00302814 9.43142e-05 0.0
0.00302422 9.42364e-05 0.0
0.00302073 9.4102e-05 0.0
0.00301758 9.3914e-05 0.0
0.00301472 9.36596e-05 0.0
0.00301213 9.33468e-05 0.0
0.00300978 9.29856e-05 0.0
0.0030076 9.25776e-05 0.0
0.00300556 9.2121e-05 0.0
0.00300366 9.16203e-05 0.0
0.00300186 9.10804e-05 0.0
0.0030001 9.05051e-05 0.0
0.00299838 8.98943e-05 0.0
0.00299669 8.925e-05 0.0
0.00299501 8.8577e-05 0.0
0.00299329 8.78788e-05 0.0
0.00299154 8.71544e-05 0.0
0.00298976 8.64062e-05 0.0
0.00298792 8.56386e-05 0.0
0.002986 8.48533e-05 0.0
0.00298401 8.40495e-05 0.0
0.00298194 8.32303e-05 0.0
0.00297977 8.23986e-05 0.0
0.00297751 8.1555e-05 0.0
0.00297515 8.06994e-05 0.0
0.0029727 7.98348e-05 0.0
0.00297013 7.89627e-05 0.0
0.00296747 7.80832e-05 0.0
0.0029647 7.7197e-05 0.0
0.00296183 7.63063e-05 0.0
0.00295885 7.54117e-05 0.0
0.00295577 7.45132e-05 0.0
0.00295259 7.3612e-05 0.0
0.00294932 7.27093e-05 0.0
0.00294595 7.18052e-05 0.0
0.00294249 7.09001e-05 0.0
0.00293895 6.9995e-05 0.0
0.00293531 6.90903e-05 0.0
0.0029316 6.81862e-05 0.0
0.00292781 6.72831e-05 0.0
0.00292395 6.63816e-05 0.0
0.00292002 6.54819e-05 0.0
0.00291603 6.45841e-05 0.0
0.00291198 6.36887e-05 0.0
0.00290787 6.27959e-05 0.0
0.00290371 6.19058e-05 0.0
0.0028995 6.10185e-05 0.0
0.00289525 6.01344e-05 0.0
0.00289097 5.92536e-05 0.0
0.00288665 5.8376e-05 0.0
0.0028823 5.75019e-05 0.0
0.00287793 5.66314e-05 0.0
0.00287353 5.57644e-05 0.0
0.00286912 5.49012e-05 0.0
0.0028647 5.40417e-05 0.0
0.00286027 5.31861e-05 0.0
0.00285584 5.23344e-05 0.0
0.00285141 5.14866e-05 0.0
0.00284698 5.06427e-05 0.0
0.00284257 4.98029e-05 0.0
0.00283816 4.8967e-05 0.0
0.00283378 4.81354e-05 0.0
0.00282941 4.73077e-05 0.0
0.00282508 4.64844e-05 0.0
0.00282077 4.56652e-05 0.0
0.00281649 4.48504e-05 0.0
0.00281226 4.40398e-05 0.0
0.00280807 4.32339e-05 0.0
0.00280392 4.24321e-05 0.0
0.00279983 4.16353e-05 0.0
0.00279579 4.08427e-05 0.0
0.00279182 4.00556e-05 0.0
0.00278792 3.92724e-05 0.0
0.00278409 3.84951e-05 0.0
0.00278033 3.77222e-05 0.0
0.00277666 3.69555e-05 0.0
0.00277308 3.61927e-05 0.0
0.0027696 3.54374e-05 0.0
0.00276622 3.4686e-05 0.0
0.00276295 3.39419e-05 0.0
0.0027598 3.32013e-05 0.0
0.00275678 3.24708e-05 0.0
0.00275389 3.17416e-05 0.0
0.00275114 3.10214e-05 0.0
0.00274853 3.03043e-05 0.0
0.00274609 2.95983e-05 0.0
0.00274381 2.8887e-05 0.0
0.0027417 2.81878e-05 0.0
0.00273977 2.74883e-05 0.0
0.00273803 2.67912e-05 0.0
0.00273646 2.60748e-05 0.0
0.00273508 2.53727e-05 0.0
0.00273386 2.46424e-05 0.0
0.00273279 2.38629e-05 0.0
0.00273184 2.30385e-05 0.0
0.00273092 2.21947e-05 0.0
0.0027299 2.11338e-05 0.0
0.0027288 1.99412e-05 0.0
0.00272783 1.92974e-05 0.0
0.0 0.0 0.0
0.0 0.0 0.0
0.0134097 -0.00131069 0.0
0.00813379 -0.000644572 0.0
0.00656443 0.000578682 0.0
0.00655239 0.00091151 0.0
0.00568048 0.000114572 0.0
0.00457884 0.000422094 0.0
0.00428299 0.00065067 0.0
0.00407142 0.000610534 0.0
0.00363444 0.000452148 0.0
0.00332721 0.000606997 0.0
0.00322065 0.000628692 0.0
0.00304574 0.000585765 0.0
0.00283967 0.000567338 0.0
0.00272554 0.000630301 0.0
0.00264577 0.000613878 0.0
0.00252746 0.000598897 0.0
0.00242674 0.000606498 0.0
0.00236489 0.000626232 0.0
0.00229986 0.000611395 0.0
0.0022254 0.000610667 0.0
0.0021698 0.000617465 0.0
0.00212579 0.000620988 0.0
0.00207657 0.000613339 0.0
0.00202985 0.000616303 0.0
0.00199402 0.000618898 0.0
0.00196018 0.000618028 0.0
0.00192499 0.00061521 0.0
0.00189452 0.000617632 0.0
0.00186892 0.000617664 0.0
0.0018434 0.000616431 0.0
0.00181908 0.000615719 0.0
0.00179847 0.000616756 0.0
0.00177982 0.000615882 0.0
0.00176165 0.000615139 0.0
0.00174555 0.000614931 0.0
0.00173182 0.000614912 0.0
0.00171911 0.000614 0.0
0.00170761 0.000613596 0.0
0.0016982 0.000613191 0.0
0.00169029 0.000612659 0.0
0.00168344 0.00061199 0.0
0.00167837 0.000611536 0.0
0.00167513 0.000610779 0.0
0.0016731 0.000610206 0.0
0.00167266 0.000609626 0.0
0.0016743 0.000608785 0.0
0.00167755 0.00060792 0.0
0.00168232 0.000607459 0.0
0.00168927 0.000606489 0.0
0.00169837 0.000605319 0.0
0.00170927 0.000604652 0.0
0.00172232 0.000603844 0.0
0.00173786 0.000602215 0.0
0.00175576 0.000601166 0.0
0.00177608 0.000600339 0.0
0.0017989 0.000598554 0.0
0.00182443 0.000596665 0.0
0.00185294 0.000595652 0.0
0.00188417 0.000593721 0.0
0.0019179 0.000591059 0.0
0.00195488 0.000589124 0.0
0.00199515 0.000587121 0.0
0.00203778 0.000583709 0.0
0.002083 0.000580492 0.0
0.00213178 0.000577724 0.0
0.0021832 0.000573896 0.0
0.00223635 0.000569183 0.0
0.00229198 0.00056496 0.0
0.00235053 0.000560471 0.0
0.00241045 0.000554586 0.0
0.00247111 0.000548433 0.0
0.00253353 0.000542645 0.0
0.00259749 0.000535914 0.0
0.0026609 0.000527826 0.0
0.00272384 0.000520394 0.0
0.00278749 0.00051249 0.0
0.00285034 0.000503132 0.0
0.00291079 0.000493814 0.0
0.00297005 0.000484901 0.0
0.0030279 0.000474113 0.0
0.00308269 0.000463733 0.0
0.00313474 0.000453731 0.0
0.00318389 0.000442024 0.0
0.00322941 0.000430392 0.0
0.0032719 0.000420293 0.0
0.00331055 0.000407919 0.0
0.00334425 0.000395457 0.0
0.00337479 0.000385033 0.0
0.00340176 0.000373235 0.0
0.00342331 0.00036038 0.0
0.00344078 0.000349568 0.0
0.00345514 0.000338464 0.0
0.00346485 0.000326477 0.0
0.00347037 0.000315503 0.0
0.00347243 0.000304818 0.0
0.00347081 0.000294093 0.0
0.00346588 0.000283867 0.0
0.00345781 0.000273625 0.0
0.00344621 0.000263778 0.0
0.00343216 0.000254809 0.0
0.00341597 0.000245431 0.0
0.00339686 0.000236344 0.0
0.00337533 0.00022828 0.0
0.00335236 0.000220174 0.0
0.00332756 0.000211903 0.0
0.00330073 0.000204607 0.0
0.0032723 0.000197498 0.0
0.00324273 0.000190296 0.0
0.00321194 0.000183649 0.0
0.00317976 0.000177499 0.0
0.00314624 0.000171142 0.0
0.00311202 0.000165297 0.0
0.00307717 0.000159938 0.0
0.00304111 0.000154543 0.0
0.00300407 0.000149276 0.0
0.00296693 0.000144743 0.0
0.00292939 0.000140212 0.0
0.00289083 0.000135718 0.0
0.00285194 0.000131695 0.0
0.00281329 0.000128 0.0
0.00277426 0.000124276 0.0
0.00273472 0.000120899 0.0
0.0026953 0.000117648 0.0
0.00265606 0.000114673 0.0
0.00261677 0.000112007 0.0
0.00257738 0.000109239 0.0
0.00253808 0.000106638 0.0
0.00249921 0.000104662 0.0
0.00246057 0.000102531 0.0
0.00242181 0.000100246 0.0
0.0023834 9.86134e-05 0.0
0.00234567 9.71531e-05 0.0
0.00230807 9.53658e-05 0.0
0.0022706 9.39103e-05 0.0
0.00223379 9.28419e-05 0.0
0.00219751 9.16338e-05 0.0
0.00216149 9.05012e-05 0.0
0.00212591 8.95757e-05 0.0
0.00209089 8.87746e-05 0.0
0.00205642 8.80673e-05 0.0
0.00202242 8.73457e-05 0.0
0.00198881 8.67079e-05 0.0
0.0019558 8.63512e-05 0.0
0.00192343 8.59258e-05 0.0
0.00189145 8.54377e-05 0.0
0.00185993 8.52448e-05 0.0
0.0018291 8.51078e-05 0.0
0.00179878 8.48324e-05 0.0
0.00176889 8.47369e-05 0.0
0.0017396 8.47797e-05 0.0
0.00171088 8.47434e-05 0.0
0.00168266 8.47604e-05 0.0
0.00165499 8.49037e-05 0.0
0.00162788 8.50664e-05 0.0
0.00160135 8.52246e-05 0.0
0.00157537 8.54409e-05 0.0
0.00154995 8.57329e-05 0.0
0.00152514 8.60467e-05 0.0
0.00150094 8.6339e-05 0.0
0.00147731 8.67013e-05 0.0
0.00145432 8.71364e-05 0.0
0.00143198 8.75367e-05 0.0
0.00141026 8.79344e-05 0.0
0.00138921 8.84321e-05 0.0
0.00136885 8.89347e-05 0.0
0.00134917 8.9385e-05 0.0
0.00133018 8.98893e-05 0.0
0.00131192 9.04479e-05 0.0
0.00129439 9.09545e-05 0.0
0.00127757 9.14575e-05 0.0
0.00126152 9.20124e-05 0.0
0.00124621 9.25418e-05 0.0
0.00123163 9.30391e-05 0.0
0.00121781 9.35648e-05 0.0
0.00120477 9.40694e-05 0.0
0.00119243 9.45292e-05 0.0
0.0011808 9.50105e-05 0.0
0.00116995 9.54675e-05 0.0
0.00115979 9.58539e-05 0.0
0.00115027 9.62534e-05 0.0
0.00114145 9.66535e-05 0.0
0.00113331 9.69555e-05 0.0
0.00112575 9.72371e-05 0.0
0.00111877 9.75481e-05 0.0
0.0011124 9.77765e-05 0.0
0.00110658 9.79293e-05 0.0
0.00110123 9.81144e-05 0.0
0.00109638 9.82609e-05 0.0
0.00109201 9.83066e-05 0.0
0.00108806 9.83447e-05 0.0
0.00108449 9.83877e-05 0.0
0.00108129 9.83426e-05 0.0
0.00107844 9.82468e-05 0.0
0.00107592 9.81623e-05 0.0
0.00107366 9.80308e-05 0.0
0.00107166 9.78245e-05 0.0
0.00106992 9.76105e-05 0.0
0.00106839 9.73818e-05 0.0
0.00106704 9.70883e-05 0.0
0.00106586 9.67579e-05 0.0
0.00106485 9.64256e-05 0.0
0.00106395 9.60532e-05 0.0
0.00106316 9.56312e-05 0.0
0.00106248 9.51966e-05 0.0
0.00106188 9.47465e-05 0.0
0.00106134 9.42523e-05 0.0
0.00106085 9.37309e-05 0.0
0.00106042 9.32015e-05 0.0
0.00106002 9.26462e-05 0.0
0.00105962 9.20573e-05 0.0
0.00105924 9.14554e-05 0.0
0.00105887 9.08413e-05 0.0
0.00105849 9.02007e-05 0.0
0.0010581 8.95397e-05 0.0
0.00105769 8.88703e-05 0.0
0.00105727 8.81854e-05 0.0
0.00105681 8.748e-05 0.0
0.00105632 8.67631e-05 0.0
0.00105581 8.60379e-05 0.0
0.00105525 8.52978e-05 0.0
0.00105466 8.45444e-05 0.0
0.00105402 8.37838e-05 0.0
0.00105335 8.30146e-05 0.0
0.00105263 8.22339e-05 0.0
0.00105187 8.14451e-05 0.0
0.00105106 8.06509e-05 0.0
0.00105021 7.9849e-05 0.0
0.00104932 7.90393e-05 0.0
0.00104838 7.82249e-05 0.0
0.0010474 7.74059e-05 0.0
0.00104638 7.65811e-05 0.0
0.00104532 7.57516e-05 0.0
0.00104421 7.4919e-05 0.0
0.00104307 7.40829e-05 0.0
0.0010419 7.3243e-05 0.0
0.00104068 7.24006e-05 0.0
0.00103943 7.15561e-05 0.0
0.00103815 7.07092e-05 0.0
0.00103684 6.98602e-05 0.0
0.0010355 6.90099e-05 0.0
0.00103413 6.81585e-05 0.0
0.00103274 6.73058e-05 0.0
0.00103132 6.64522e-05 0.0
0.00102988 6.55982e-05 0.0
0.00102842 6.47437e-05 0.0
0.00102693 6.38889e-05 0.0
0.00102544 6.3034e-05 0.0
0.00102392 6.21793e-05 0.0
0.00102239 6.13248e-05 0.0
0.00102085 6.04705e-05 0.0
0.0010193 5.96168e-05 0.0
0.00101775 5.87636e-05 0.0
0.00101618 5.79111e-05 0.0
0.00101461 5.70594e-05 0.0
0.00101303 5.62085e-05 0.0
0.00101145 5.53586e-05 0.0
0.00100988 5.45096e-05 0.0
0.0010083 5.36616e-05 0.0
0.00100672 5.28148e-05 0.0
0.00100515 5.1969e-05 0.0
0.00100359 5.11245e-05 0.0
0.00100203 5.02811e-05 0.0
0.00100048 4.9439e-05 0.0
0.000998941 4.8598e-05 0.0
0.000997414 4.77584e-05 0.0
0.000995902 4.692e-05 0.0
0.000994404 4.6083e-05 0.0
0.000992924 4.52469e-05 0.0
0.000991462 4.44125e-05 0.0
0.000990021 4.3579e-05 0.0
0.000988603 4.27471e-05 0.0
0.000987209 4.19158e-05 0.0
0.000985842 4.10864e-05 0.0
0.000984503 4.02575e-05 0.0
0.000983196 3.94302e-05 0.0
0.000981921 3.86031e-05 0.0
0.000980681 3.77785e-05 0.0
0.00097948 3.69532e-05 0.0
0.000978319 3.61298e-05 0.0
0.000977201 3.53059e-05 0.0
0.000976129 3.44854e-05 0.0
0.000975107 3.36615e-05 0.0
0.000974136 3.28408e-05 0.0
0.000973218 3.2019e-05 0.0
0.000972361 3.12e-05 0.0
0.000971563 3.03736e-05 0.0
0.000970824 2.95541e-05 0.0
0.000970153 2.87314e-05 0.0
0.000969551 2.79065e-05 0.0
0.000969007 2.70701e-05 0.0
0.000968522 2.62493e-05 0.0
0.000968112 2.54141e-05 0.0
0.000967743 2.45552e-05 0.0
0.00096737 2.36936e-05 0.0
0.000967025 2.28624e-05 0.0
0.000966686 2.19495e-05 0.0
0.000966103 2.09403e-05 0.0
0.00096531 2.0143e-05 0.0
0.0 0.0 0.0
0.0 0.0 0.0
0.0 0.0 0.0
0.0 0.0 0.0
0.0 0.0 0.0
0.0 0.0 0.0
0.0 0.0 0.0
0.0 0.0 0.0
0.0 0.0 0.0
0.0 0.0 0.0
0.0 0.0 0.0
0.0 0.0 0.0
0.0 0.0 0.0
0.0 0.0 0.0
0.0 0.0 0.0
0.0 0.0 0.0
0.0 0.0 0.0
0.0 0.0 0.0
0.0 0.0 0.0
0.0 0.0 0.0
0.0 0.0 0.0
0.0 0.0 0.0
0.0 0.0 0.0
0.0 0.0 0.0
0.0 0.0 0.0
0.0 0.0 0.0
0.0 0.0 0.0
0.0 0.0 0.0
0.0 0.0 0.0
0.0 0.0 0.0
0.0 0.0 0.0
0.0 0.0 0.0
0.0 0.0 0.0
0.0 0.0 0.0
0.0 0.0 0.0
0.0 0.0 0.0
0.0 0.0 0.0
0.0 0.0 0.0
0.0 0.0 0.0
0.0 0.0 0.0
0.0 0.0 0.0
0.0 0.0 0.0
0.0 0.0 0.0
0.0 0.0 0.0
0.0 0.0 0.0
0.0 0.0 0.0
0.0 0.0 0.0
0.0 0.0 0.0
0.0 0.0 0.0
0.0 0.0 0.0
0.0 0.0 0.0
0.0 0.0 0.0
0.0 0.0 0.0
0.0 0.0 0.0
0.0 0.0 0.0
0.0 0.0 0.0
0.0 0.0 0.0
0.0 0.0 0.0
0.0 0.0 0.0
0.0 0.0 0.0
0.0 0.0 0.0
0.0 0.0 0.0
0.0 0.0 0.0
0.0 0.0 0.0
0.0 0.0 0.0
0.0 0.0 0.0
0.0 0.0 0.0
0.0 0.0 0.0
0.0 0.0 0.0
0.0 0.0 0.0
0.0 0.0 0.0
0.0 0.0 0.0
0.0 0.0 0.0
0.0 0.0 0.0
0.0 0.0 0.0
0.0 0.0 0.0
0.0 0.0 0.0
0.0 0.0 0.0
0.0 0.0 0.0
0.0 0.0 0.0
0.0 0.0 0.0
0.0 0.0 0.0
0.0 0.0 0.0
0.0 0.0 0.0
0.0 0.0 0.0
0.0 0.0 0.0
0.0 0.0 0.0
0.0 0.0 0.0
0.0 0.0 0.0
0.0 0.0 0.0
0.0 0.0 0.0
0.0 0.0 0.0
0.0 0.0 0.0
0.0 0.0 0.0
0.0 0.0 0.0
0.0 0.0 0.0
0.0 0.0 0.0
0.0 0.0 0.0
0.0 0.0 0.0
0.0 0.0 0.0
0.0 0.0 0.0
0.0 0.0 0.0
0.0 0.0 0.0
0.0 0.0 0.0
0.0 0.0 0.0
0.0 0.0 0.0
0.0 0.0 0.0
0.0 0.0 0.0
0.0 0.0 0.0
0.0 0.0 0.0
0.0 0.0 0.0
0.0 0.0 0.0
0.0 0.0 0.0
0.0 0.0 0.0
0.0 0.0 0.0
0.0 0.0 0.0
0.0 0.0 0.0
0.0 0.0 0.0
0.0 0.0 0.0
0.0 0.0 0.0
0.0 0.0 0.0
0.0 0.0 0.0
0.0 0.0 0.0
0.0 0.0 0.0
0.0 0.0 0.0
0.0 0.0 0.0
0.0 0.0 0.0
0.0 0.0 0.0
0.0 0.0 0.0
0.0 0.0 0.0
0.0 0.0 0.0
0.0 0.0 0.0
0.0 0.0 0.0
0.0 0.0 0.0
0.0 0.0 0.0
0.0 0.0 0.0
0.0 0.0 0.0
0.0 0.0 0.0
0.0 0.0 0.0
0.0 0.0 0.0
0.0 0.0 0.0
0.0 0.0 0.0
0.0 0.0 0.0
0.0 0.0 0.0
0.0 0.0 0.0
0.0 0.0 0.0
0.0 0.0 0.0
0.0 0.0 0.0
0.0 0.0 0.0
0.0 0.0 0.0
0.0 0.0 0.0
0.0 0.0 0.0
0.0 0.0 0.0
0.0 0.0 0.0
0.0 0.0 0.0
0.0 0.0 0.0
0.0 0.0 0.0
0.0 0.0 0.0
0.0 0.0 0.0
0.0 0.0 0.0
0.0 0.0 0.0
0.0 0.0 0.0
0.0 0.0 0.0
0.0 0.0 0.0
0.0 0.0 0.0
0.0 0.0 0.0
0.0 0.0 0.0
0.0 0.0 0.0
0.0 0.0 0.0
0.0 0.0 0.0
0.0 0.0 0.0
0.0 0.0 0.0
0.0 0.0 0.0
0.0 0.0 0.0
0.0 0.0 0.0
0.0 0.0 0.0
0.0 0.0 0.0
0.0 0.0 0.0
0.0 0.0 0.0
0.0 0.0 0.0
0.0 0.0 0.0
0.0 0.0 0.0
0.0 0.0 0.0
0.0 0.0 0.0
0.0 0.0 0.0
0.0 0.0 0.0
0.0 0.0 0.0
0.0 0.0 0.0
0.0 0.0 0.0
0.0 0.0 0.0
0.0 0.0 0.0
0.0 0.0 0.0
0.0 0.0 0.0
0.0 0.0 0.0
0.0 0.0 0.0
0.0 0.0 0.0
0.0 0.0 0.0
0.0 0.0 0.0
0.0 0.0 0.0
0.0 0.0 0.0
0.0 0.0 0.0
0.0 0.0 0.0
0.0 0.0 0.0
0.0 0.0 0.0
0.0 0.0 0.0
0.0 0.0 0.0
0.0 0.0 0.0
0.0 0.0 0.0
0.0 0.0 0.0
0.0 0.0 0.0
0.0 0.0 0.0
0.0 0.0 0.0
0.0 0.0 0.0
0.0 0.0 0.0
0.0 0.0 0.0
0.0 0.0 0.0
0.0 0.0 0.0
0.0 0.0 0.0
0.0 0.0 0.0
0.0 0.0 0.0
0.0 0.0 0.0
0.0 0.0 0.0
0.0 0.0 0.0
0.0 0.0 0.0
0.0 0.0 0.0
0.0 0.0 0.0
0.0 0.0 0.0
0.0 0.0 0.0
0.0 0.0 0.0
0.0 0.0 0.0
0.0 0.0 0.0
0.0 0.0 0.0
0.0 0.0 0.0
0.0 0.0 0.0
0.0 0.0 0.0
0.0 0.0 0.0
0.0 0.0 0.0
0.0 0.0 0.0
0.0 0.0 0.0
0.0 0.0 0.0
0.0 0.0 0.0
0.0 0.0 0.0
0.0 0.0 0.0
0.0 0.0 0.0
0.0 0.0 0.0
0.0 0.0 0.0
0.0 0.0 0.0
0.0 0.0 0.0
0.0 0.0 0.0
0.0 0.0 0.0
0.0 0.0 0.0
0.0 0.0 0.0
0.0 0.0 0.0
0.0 0.0 0.0
0.0 0.0 0.0
0.0 0.0 0.0
0.0 0.0 0.0
0.0 0.0 0.0
0.0 0.0 0.0
0.0 0.0 0.0
0.0 0.0 0.0
0.0 0.0 0.0
0.0 0.0 0.0
0.0 0.0 0.0
0.0 0.0 0.0
0.0 0.0 0.0
0.0 0.0 0.0
0.0 0.0 0.0
0.0 0.0 0.0
0.0 0.0 0.0
0.0 0.0 0.0
0.0 0.0 0.0
0.0 0.0 0.0
0.0 0.0 0.0
0.0 0.0 0.0
0.0 0.0 0.0
0.0 0.0 0.0
0.0 0.0 0.0
0.0 0.0 0.0
0.0 0.0 0.0
0.0 0.0 0.0
0.0 0.0 0.0
0.0 0.0 0.0
0.0 0.0 0.0
0.0 0.0 0.0
0.0 0.0 0.0
0.0 0.0 0.0
0.0 0.0 0.0
0.0 0.0 0.0
0.0 0.0 0.0
0.0 0.0 0.0
0.0 0.0 0.0
0.0 0.0 0.0
0.0 0.0 0.0
0.0 0.0 0.0
0.0 0.0 0.0
0.0 0.0 0.0
0.0 0.0 0.0
0.0 0.0 0.0
0.0 0.0 0.0
0.0 0.0 0.0
SCALARS density double 1
LOOKUP_TABLE default
1
1
1
1
1
1
1
1
1
1
1
1
1
1
1
1
1
1
1
1
1
1
1
1
1
1
1
1
1
1
1
1
1
1
1
1
1
1
1
1
1
1
1
1
1
1
1
1
1
1
1
1
1
1
1
1
1
1
1
1
1
1
1
1
1
1
1
1
1
1
1
1
1
1
1
1
1
1
1
1
1
1
1
1
1
1
1
1
1
1
1
1
1
1
1
1
1
1
1
1
1
1
1
1
1
1
1
1
1
1
1
1
1
1
1
1
1
1
1
1
1
1
1
1
1
1
1
1
1
1
1
1
1
1
1
1
1
1
1
1
1
1
1
1
1
1
1
1
1
1
1
1
1
1
1
1
1
1
1
1
1
1
1
1
1
1
1
1
1
1
1
1
1
1
1
1
1
1
1
1
1
1
1
1
1
1
1
1
1
1
1
1
1
1
1
1
1
1
1
1
1
1
1
1
1
1
1
1
1
1
1
1
1
1
1
1
1
1
1
1
1
1
1
1
1
1
1
1
1
1
1
1
1
1
1
1
1
1
1
1
1
1
1
1
1
1
1
1
1
1
1
1
1
1
1
1
1
1
1
1
1
1
1
1
1
1
1
1
1
1
1
1
1
1
1
1
1
1
1
1
1
1
1
1
1
1
1
1
1
1
1
1
1
1
1
1
1
1
1
1
1.00357
1.00429
1.00139
1.00182
1.00268
1.00223
1.0018
1.00207
1.00217
1.00195
1.00191
1.00203
1.002
1.00191
1.00194
1.00197
1.00193
1.00191
1.00193
1.00193
1.00191
1.00191
1.00191
1.0019
1.0019
1.0019
1.0019
1.00189
1.00189
1.00189
1.00188
1.00188
1.00188
1.00187
1.00187
1.00187
1.00187
1.00186
1.00186
1.00186
1.00185
1.00185
1.00185
1.00184
1.00184
1.00184
1.00183
1.00183
1.00182
1.00182
1.00182
1.00181
1.0018
1.0018
1.00179
1.00179
1.00178
1.00177
1.00176
1.00175
1.00175
1.00173
1.00172
1.00171
1.0017
1.00168
1.00167
1.00165
1.00164
1.00162
1.0016
1.00158
1.00156
1.00153
1.00151
1.00149
1.00146
1.00144
1.00142
1.00139
1.00136
1.00134
1.00131
1.00129
1.00126
1.00124
1.00121
1.00119
1.00117
1.00114
1.00112
1.0011
1.00108
1.00105
1.00103
1.00101
1.00099
1.00097
1.00096
1.00094
1.00092
1.00091
1.00089
1.00088
1.00086
1.00085
1.00083
1.00082
1.00081
1.00079
1.00078
1.00077
1.00076
1.00075
1.00074
1.00073
1.00072
1.00071
1.0007
1.00069
1.00068
1.00067
1.00066
1.00065
1.00065
1.00064
1.00063
1.00062
1.00062
1.00061
1.0006
1.00059
1.00059
1.00058
1.00057
1.00056
1.00056
1.00055
1.00054
1.00054
1.00053
1.00052
1.00051
1.00051
1.0005
1.00049
1.00049
1.00048
1.00047
1.00047
1.00046
1.00046
1.00045
1.00044
1.00044
1.00043
1.00043
1.00042
1.00041
1.00041
1.0004
1.0004
1.00039
1.00039
1.00039
1.00038
1.00038
1.00037
1.00037
1.00037
1.00036
1.00036
1.00036
1.00035
1.00035
1.00035
1.00035
1.00035
1.00034
1.00034
1.00034
1.00034
1.00034
1.00033
1.00033
1.00033
1.00033
1.00033
1.00033
1.00032
1.00032
1.00032
1.00032
1.00032
1.00032
1.00031
1.00031
1.00031
1.00031
1.00031
1.0003
1.0003
1.0003
1.0003
1.00029
1.00029
1.00029
1.00029
1.00029
1.00028
1.00028
1.00028
1.00028
1.00027
1.00027
1.00027
1.00027
1.00026
1.00026
1.00026
1.00026
1.00025
1.00025
1.00025
1.00025
1.00024
1.00024
1.00024
1.00024
1.00023
1.00023
1.00023
1.00023
1.00022
1.00022
1.00022
1.00022
1.00021
1.00021
1.00021
1.00021
1.0002
1.0002
1.0002
1.0002
1.00019
1.00019
1.00019
1.00019
1.00018
1.00018
1.00018
1.00018
1.00017
1.00017
1.00017
1.00017
1.00016
1.00016
1.00016
1.00016
1.00015
1.00015
1.00015
1.00015
1.00014
1.00014
1.00014
1.00014
1.00013
1.00013
1.00013
1.00013
1.00012
1.00012
1.00012
1.00012
1.00012
1.00011
1.00011
1.00011
1.00011
1.0001
1.0001
1.0001
1.0001
1.00009
1.00009
1.00009
1.00009
1.00008
1.00008
1.00008
1.00008
1.00008
1.00007
1.00007
1.00007
1.00007
1.00002
1.00086
1.00282
1.00278
1.00246
1.00194
1.00214
1.00223
1.00206
1.00196
1.00205
1.00203
1.00196
1.00196
1.00199
1.00196
1.00193
1.00194
1.00194
1.00192
1.00192
1.00192
1.00192
1.00191
1.00191
1.00191
1.0019
1.00189
1.00189
1.00189
1.00189
1.00188
1.00188
1.00188
1.00187
1.00187
1.00187
1.00187
1.00186
1.00186
1.00186
1.00185
1.00185
1.00185
1.00184
1.00184
1.00184
1.00183
1.00183
1.00182
1.00182
1.00181
1.00181
1.00181
1.0018
1.00179
1.00179
1.00178
1.00177
1.00176
1.00175
1.00174
1.00173
1.00172
1.00171
1.00169
1.00168
1.00167
1.00165
1.00163
1.00161
1.00159
1.00157
1.00155
1.00153
1.00151
1.00149
1.00146
1.00143
1.00141
1.00139
1.00136
1.00134
1.00131
1.00129
1.00126
1.00124
1.00121
1.00119
1.00116
1.00114
1.00112
1.00109
1.00108
1.00105
1.00103
1.00101
1.001
1.00098
1.00096
1.00094
1.00092
1.00091
1.00089
1.00088
1.00086
1.00085
1.00083
1.00082
1.00081
1.0008
1.00078
1.00077
1.00076
1.00075
1.00074
1.00073
1.00072
1.00071
1.0007
1.00069
1.00068
1.00067
1.00066
1.00066
1.00065
1.00064
1.00063
1.00062
1.00062
1.00061
1.0006
1.00059
1.00059
1.00058
1.00057
1.00056
1.00056
1.00055
1.00054
1.00054
1.00053
1.00052
1.00052
1.00051
1.0005
1.0005
1.00049
1.00048
1.00048
1.00047
1.00046
1.00046
1.00045
1.00044
1.00044
1.00043
1.00043
1.00042
1.00042
1.00041
1.0004
1.0004
1.0004
1.00039
1.00039
1.00038
1.00038
1.00037
1.00037
1.00037
1.00036
1.00036
1.00036
1.00036
1.00035
1.00035
1.00035
1.00035
1.00035
1.00034
1.00034
1.00034
1.00034
1.00034
1.00033
1.00033
1.00033
1.00033
1.00033
1.00033
1.00032
1.00032
1.00032
1.00032
1.00032
1.00031
1.00031
1.00031
1.00031
1.00031
1.0003
1.0003
1.0003
1.0003
1.00029
1.00029
1.00029
1.00029
1.00029
1.00028
1.00028
1.00028
1.00028
1.00027
1.00027
1.00027
1.00027
1.00026
1.00026
1.00026
1.00026
1.00025
1.00025
1.00025
1.00025
1.00024
1.00024
1.00024
1.00024
1.00023
1.00023
1.00023
1.00023
1.00022
1.00022
1.00022
1.00022
1.00021
1.00021
1.00021
1.00021
1.0002
1.0002
1.0002
1.0002
1.00019
1.00019
1.00019
1.00019
1.00018
1.00018
1.00018
1.00018
1.00017
1.00017
1.00017
1.00017
1.00016
1.00016
1.00016
1.00016
1.00015
1.00015
1.00015
1.00015
1.00014
1.00014
1.00014
1.00014
1.00013
1.00013
1.00013
1.00013
1.00012
1.00012
1.00012
1.00012
1.00012
1.00011
1.00011
1.00011
1.00011
1.0001
1.0001
1.0001
1.0001
1.00009
1.00009
1.00009
1.00009
1.00008
1.00008
1.00008
1.00008
1.00008
1.00007
1.00007
1.00007
1.00007
1.00003
1.0008
1.00207
1.00307
1.00247
1.00184
1.00218
1.00233
1.00203
1.00193
1.00209
1.00207
1.00194
1.00196
1.00201
1.00196
1.00193
1.00195
1.00195
1.00193
1.00192
1.00193
1.00192
1.00191
1.00191
1.00191
1.0019
1.0019
1.0019
1.00189
1.00189
1.00188
1.00188
1.00188
1.00188
1.00187
1.00187
1.00187
1.00186
1.00186
1.00186
1.00185
1.00185
1.00185
1.00184
1.00184
1.00184
1.00183
1.00183
1.00182
1.00182
1.00181
1.00181
1.0018
1.0018
1.00179
1.00179
1.00178
1.00177
1.00176
1.00175
1.00174
1.00173
1.00172
1.0017
1.00169
1.00168
1.00166
1.00164
1.00163
1.00161
1.00159
1.00157
1.00155
1.00153
1.0015
1.00148
1.00146
1.00143
1.00141
1.00138
1.00136
1.00133
1.00131
1.00129
1.00126
1.00123
1.00121
1.00119
1.00116
1.00114
1.00112
1.00109
1.00107
1.00105
1.00103
1.00101
1.00099
1.00098
1.00096
1.00094
1.00092
1.00091
1.00089
1.00088
1.00086
1.00085
1.00083
1.00082
1.00081
1.0008
1.00078
1.00077
1.00076
1.00075
1.00074
1.00073
1.00072
1.00071
1.0007
1.00069
1.00068
1.00067
1.00067
1.00066
1.00065
1.00064
1.00063
1.00063
1.00062
1.00061
1.0006
1.00059
1.00059
1.00058
1.00057
1.00057
1.00056
1.00055
1.00054
1.00054
1.00053
1.00052
1.00052
1.00051
1.0005
1.0005
1.00049
1.00048
1.00048
1.00047
1.00046
1.00046
1.00045
1.00044
1.00044
1.00043
1.00043
1.00042
1.00042
1.00041
1.00041
1.0004
1.0004
1.00039
1.00039
1.00038
1.00038
1.00038
1.00037
1.00037
1.00037
1.00036
1.00036
1.00036
1.00035
1.00035
1.00035
1.00035
1.00035
1.00034
1.00034
1.00034
1.00034
1.00034
1.00033
1.00033
1.00033
1.00033
1.00033
1.00033
1.00032
1.00032
1.00032
1.00032
1.00032
1.00031
1.00031
1.00031
1.00031
1.00031
1.0003
1.0003
1.0003
1.0003
1.0003
1.00029
1.00029
1.00029
1.00029
1.00028
1.00028
1.00028
1.00028
1.00027
1.00027
1.00027
1.00027
1.00026
1.00026
1.00026
1.00026
1.00025
1.00025
1.00025
1.00025
1.00024
1.00024
1.00024
1.00024
1.00023
1.00023
1.00023
1.00023
1.00022
1.00022
1.00022
1.00022
1.00021
1.00021
1.00021
1.00021
1.0002
1.0002
1.0002
1.0002
1.00019
1.00019
1.00019
1.00019
1.00018
1.00018
1.00018
1.00018
1.00017
1.00017
1.00017
1.00017
1.00016
1.00016
1.00016
1.00016
1.00015
1.00015
1.00015
1.00015
1.00014
1.00014
1.00014
1.00014
1.00013
1.00013
1.00013
1.00013
1.00012
1.00012
1.00012
1.00012
1.00012
1.00011
1.00011
1.00011
1.00011
1.0001
1.0001
1.0001
1.0001
1.00009
1.00009
1.00009
1.00009
1.00008
1.00008
1.00008
1.00008
1.00008
1.00007
1.00007
1.00007
1.00007
1.00004
1.00104
1.00242
1.00205
1.00218
1.00259
1.0022
1.0019
1.00212
1.0022
1.00199
1.00194
1.00205
1.00202
1.00194
1.00196
1.00199
1.00195
1.00192
1.00194
1.00194
1.00192
1.00192
1.00192
1.00191
1.0019
1.0019
1.0019
1.0019
1.00189
1.00189
1.00189
1.00188
1.00188
1.00188
1.00187
1.00187
1.00187
1.00187
1.00186
1.00186
1.00186
1.00185
1.00185
1.00185
1.00184
1.00184
1.00183
1.00183
1.00182
1.00182
1.00182
1.00181
1.0018
1.0018
1.00179
1.00178
1.00178
1.00177
1.00176
1.00175
1.00174
1.00173
1.00171
1.0017
1.00169
1.00167
1.00166
1.00165
1.00163
1.0016
1.00159
1.00157
1.00154
1.00152
1.0015
1.00148
1.00145
1.00143
1.0014
1.00138
1.00136
1.00133
1.0013
1.00128
1.00126
1.00123
1.0012
1.00119
1.00116
1.00113
1.00111
1.0011
1.00107
1.00105
1.00103
1.00101
1.00099
1.00097
1.00096
1.00094
1.00092
1.00091
1.00089
1.00088
1.00086
1.00085
1.00084
1.00082
1.00081
1.0008
1.00079
1.00077
1.00076
1.00075
1.00074
1.00073
1.00072
1.00071
1.0007
1.00069
1.00068
1.00068
1.00067
1.00066
1.00065
1.00064
1.00063
1.00063
1.00062
1.00061
1.0006
1.0006
1.00059
1.00058
1.00057
1.00057
1.00056
1.00055
1.00054
1.00054
1.00053
1.00052
1.00052
1.00051
1.0005
1.0005
1.00049
1.00048
1.00048
1.00047
1.00046
1.00046
1.00045
1.00045
1.00044
1.00043
1.00043
1.00042
1.00042
1.00041
1.00041
1.0004
1.0004
1.00039
1.00039
1.00038
1.00038
1.00038
1.00037
1.00037
1.00037
1.00036
1.00036
1.00036
1.00036
1.00035
1.00035
1.00035
1.00035
1.00035
1.00034
1.00034
1.00034
1.00034
1.00034
1.00033
1.00033
1.00033
1.00033
1.00033
1.00032
1.00032
1.00032
1.00032
1.00032
1.00032
1.00031
1.00031
1.00031
1.00031
1.0003
1.0003
1.0003
1.0003
1.0003
1.00029
1.00029
1.00029
1.00029
1.00028
1.00028
1.00028
1.00028
1.00027
1.00027
1.00027
1.00027
1.00026
1.00026
1.00026
1.00026
1.00025
1.00025
1.00025
1.00025
1.00024
1.00024
1.00024
1.00024
1.00023
1.00023
1.00023
1.00023
1.00022
1.00022
1.00022
1.00022
1.00021
1.00021
1.00021
1.00021
1.0002
1.0002
1.0002
1.0002
1.00019
1.00019
1.00019
1.00019
1.00018
1.00018
1.00018
1.00018
1.00017
1.00017
1.00017
1.00017
1.00016
1.00016
1.00016
1.00016
1.00015
1.00015
1.00015
1.00015
1.00014
1.00014
1.00014
1.00014
1.00013
1.00013
1.00013
1.00013
1.00012
1.00012
1.00012
1.00012
1.00012
1.00011
1.00011
1.00011
1.00011
1.0001
1.0001
1.0001
1.0001
1.00009
1.00009
1.00009
1.00009
1.00008
1.00008
1.00008
1.00008
1.00008
1.00007
1.00007
1.00007
1.00007
1.00005
1.00084
1.00254
1.00208
1.00221
1.00238
1.0021
1.00207
1.00217
1.0021
1.00199
1.00202
1.00205
1.00199
1.00196
1.00198
1.00198
1.00195
1.00194
1.00195
1.00194
1.00192
1.00192
1.00192
1.00191
1.00191
1.00191
1.0019
1.0019
1.0019
1.00189
1.00189
1.00188
1.00188
1.00188
1.00188
1.00187
1.00187
1.00187
1.00186
1.00186
1.00186
1.00185
1.00185
1.00185
1.00184
1.00184
1.00183
1.00183
1.00183
1.00182
1.00182
1.00181
1.00181
1.0018
1.00179
1.00178
1.00178
1.00177
1.00176
1.00175
1.00174
1.00173
1.00172
1.00171
1.00169
1.00167
1.00166
1.00164
1.00162
1.0016
1.00158
1.00157
1.00154
1.00152
1.0015
1.00148
1.00145
1.00142
1.0014
1.00138
1.00135
1.00133
1.0013
1.00127
1.00125
1.00123
1.0012
1.00118
1.00116
1.00113
1.00111
1.00109
1.00107
1.00105
1.00103
1.00101
1.00099
1.00097
1.00096
1.00094
1.00092
1.00091
1.00089
1.00088
1.00086
1.00085
1.00084
1.00082
1.00081
1.0008
1.00079
1.00077
1.00076
1.00075
1.00074
1.00073
1.00072
1.00071
1.0007
1.00069
1.00069
1.00068
1.00067
1.00066
1.00065
1.00064
1.00064
1.00063
1.00062
1.00061
1.0006
1.0006
1.00059
1.00058
1.00057
1.00057
1.00056
1.00055
1.00055
1.00054
1.00053
1.00052
1.00052
1.00051
1.0005
1.0005
1.00049
1.00048
1.00048
1.00047
1.00046
1.00046
1.00045
1.00045
1.00044
1.00043
1.00043
1.00042
1.00042
1.00041
1.00041
1.0004
1.0004
1.00039
1.00039
1.00038
1.00038
1.00038
1.00037
1.00037
1.00037
1.00036
1.00036
1.00036
1.00036
1.00035
1.00035
1.00035
1.00035
1.00035
1.00034
1.00034
1.00034
1.00034
1.00034
1.00033
1.00033
1.00033
1.00033
1.00033
1.00033
1.00032
1.00032
1.00032
1.00032
1.00032
1.00031
1.00031
1.00031
1.00031
1.00031
1.0003
1.0003
1.0003
1.0003
1.00029
1.00029
1.00029
1.00029
1.00028
1.00028
1.00028
1.00028
1.00027
1.00027
1.00027
1.00027
1.00026
1.00026
1.00026
1.00026
1.00025
1.00025
1.00025
1.00025
1.00024
1.00024
1.00024
1.00024
1.00023
1.00023
1.00023
1.00023
1.00022
1.00022
1.00022
1.00022
1.00021
1.00021
1.00021
1.00021
1.0002
1.0002
1.0002
1.0002
1.00019
1.00019
1.00019
1.00019
1.00018
1.00018
1.00018
1.00018
1.00017
1.00017
1.00017
1.00017
1.00016
1.00016
1.00016
1.00016
1.00015
1.00015
1.00015
1.00015
1.00014
1.00014
1.00014
1.00014
1.00013
1.00013
1.00013
1.00013
1.00012
1.00012
1.00012
1.00012
1.00012
1.00011
1.00011
1.00011
1.00011
1.0001
1.0001
1.0001
1.0001
1.00009
1.00009
1.00009
1.00009
1.00008
1.00008
1.00008
1.00008
1.00008
1.00007
1.00007
1.00007
1.00007
1.00007
1.00083
1.00213
1.0024
1.00229
1.00194
1.00217
1.00233
1.00203
1.00195
1.00213
1.0021
1.00195
1.00197
1.00204
1.00199
1.00193
1.00197
1.00198
1.00194
1.00193
1.00194
1.00193
1.00191
1.00192
1.00192
1.00191
1.0019
1.0019
1.0019
1.00189
1.00189
1.00189
1.00188
1.00188
1.00188
1.00188
1.00187
1.00187
1.00187
1.00186
1.00186
1.00185
1.00185
1.00185
1.00184
1.00184
1.00184
1.00183
1.00183
1.00182
1.00182
1.00181
1.00181
1.0018
1.00179
1.00179
1.00178
1.00177
1.00176
1.00175
1.00174
1.00173
1.00172
1.0017
1.00169
1.00168
1.00166
1.00164
1.00162
1.00161
1.00158
1.00156
1.00154
1.00152
1.00149
1.00147
1.00145
1.00142
1.00139
1.00137
1.00134
1.00132
1.0013
1.00127
1.00124
1.00122
1.0012
1.00117
1.00115
1.00113
1.00111
1.00108
1.00106
1.00105
1.00102
1.001
1.00099
1.00097
1.00095
1.00094
1.00092
1.0009
1.00089
1.00087
1.00086
1.00085
1.00083
1.00082
1.00081
1.0008
1.00078
1.00077
1.00076
1.00075
1.00074
1.00073
1.00072
1.00071
1.0007
1.00069
1.00069
1.00068
1.00067
1.00066
1.00065
1.00064
1.00064
1.00063
1.00062
1.00061
1.00061
1.0006
1.00059
1.00058
1.00057
1.00057
1.00056
1.00055
1.00055
1.00054
1.00053
1.00052
1.00052
1.00051
1.0005
1.0005
1.00049
1.00048
1.00048
1.00047
1.00046
1.00046
1.00045
1.00044
1.00044
1.00043
1.00043
1.00042
1.00042
1.00041
1.00041
1.0004
1.0004
1.00039
1.00039
1.00038
1.00038
1.00038
1.00037
1.00037
1.00037
1.00036
1.00036
1.00036
1.00036
1.00036
1.00035
1.00035
1.00035
1.00035
1.00035
1.00034
1.00034
1.00034
1.00034
1.00034
1.00033
1.00033
1.00033
1.00033
1.00033
1.00032
1.00032
1.00032
1.00032
1.00032
1.00031
1.00031
1.00031
1.00031
1.00031
1.0003
1.0003
1.0003
1.0003
1.00029
1.00029
1.00029
1.00029
1.00028
1.00028
1.00028
1.00028
1.00027
1.00027
1.00027
1.00027
1.00026
1.00026
1.00026
1.00026
1.00025
1.00025
1.00025
1.00025
1.00024
1.00024
1.00024
1.00024
1.00023
1.00023
1.00023
1.00023
1.00022
1.00022
1.00022
1.00022
1.00021
1.00021
1.00021
1.00021
1.0002
1.0002
1.0002
1.0002
1.00019
1.00019
1.00019
1.00019
1.00018
1.00018
1.00018
1.00018
1.00017
1.00017
1.00017
1.00017
1.00016
1.00016
1.00016
1.00016
1.00015
1.00015
1.00015
1.00015
1.00014
1.00014
1.00014
1.00014
1.00013
1.00013
1.00013
1.00013
1.00012
1.00012
1.00012
1.00012
1.00012
1.00011
1.00011
1.00011
1.00011
1.0001
1.0001
1.0001
1.0001
1.00009
1.00009
1.00009
1.00009
1.00008
1.00008
1.00008
1.00008
1.00008
1.00007
1.00007
1.00007
1.00007
1.00009
1.00083
1.00211
1.00228
1.00219
1.00211
1.00218
1.0021
1.00206
1.00211
1.00207
1.002
1.00201
1.00204
1.00199
1.00196
1.00198
1.00198
1.00195
1.00194
1.00195
1.00194
1.00193
1.00193
1.00192
1.00192
1.00191
1.00191
1.00191
1.0019
1.0019
1.00189
1.00189
1.00189
1.00188
1.00188
1.00188
1.00187
1.00187
1.00187
1.00186
1.00186
1.00186
1.00185
1.00185
1.00185
1.00184
1.00184
1.00183
1.00183
1.00182
1.00182
1.00182
1.00181
1.0018
1.0018
1.00179
1.00178
1.00177
1.00177
1.00175
1.00174
1.00174
1.00172
1.0017
1.00169
1.00168
1.00166
1.00164
1.00162
1.0016
1.00158
1.00156
1.00153
1.00152
1.00149
1.00146
1.00144
1.00142
1.00138
1.00136
1.00134
1.00131
1.00128
1.00126
1.00124
1.00121
1.00119
1.00117
1.00114
1.00112
1.0011
1.00108
1.00106
1.00104
1.00102
1.001
1.00098
1.00097
1.00095
1.00093
1.00092
1.0009
1.00089
1.00087
1.00086
1.00084
1.00083
1.00082
1.00081
1.00079
1.00078
1.00077
1.00076
1.00075
1.00074
1.00073
1.00072
1.00071
1.0007
1.00069
1.00068
1.00068
1.00067
1.00066
1.00065
1.00064
1.00064
1.00063
1.00062
1.00061
1.00061
1.0006
1.00059
1.00058
1.00058
1.00057
1.00056
1.00055
1.00055
1.00054
1.00053
1.00053
1.00052
1.00051
1.0005
1.0005
1.00049
1.00048
1.00048
1.00047
1.00046
1.00046
1.00045
1.00045
1.00044
1.00043
1.00043
1.00042
1.00042
1.00041
1.00041
1.0004
1.0004
1.00039
1.00039
1.00038
1.00038
1.00038
1.00037
1.00037
1.00037
1.00037
1.00036
1.00036
1.00036
1.00036
1.00035
1.00035
1.00035
1.00035
1.00035
1.00034
1.00034
1.00034
1.00034
1.00034
1.00034
1.00033
1.00033
1.00033
1.00033
1.00033
1.00032
1.00032
1.00032
1.00032
1.00032
1.00031
1.00031
1.00031
1.00031
1.0003
1.0003
1.0003
1.0003
1.00029
1.00029
1.00029
1.00029
1.00029
1.00028
1.00028
1.00028
1.00028
1.00027
1.00027
1.00027
1.00027
1.00026
1.00026
1.00026
1.00025
1.00025
1.00025
1.00025
1.00024
1.00024
1.00024
1.00024
1.00023
1.00023
1.00023
1.00023
1.00022
1.00022
1.00022
1.00022
1.00021
1.00021
1.00021
1.00021
1.0002
1.0002
1.0002
1.0002
1.00019
1.00019
1.00019
1.00019
1.00018
1.00018
1.00018
1.00018
1.00017
1.00017
1.00017
1.00017
1.00016
1.00016
1.00016
1.00016
1.00015
1.00015
1.00015
1.00015
1.00014
1.00014
1.00014
1.00014
1.00013
1.00013
1.00013
1.00013
1.00012
1.00012
1.00012
1.00012
1.00012
1.00011
1.00011
1.00011
1.00011
1.0001
1.0001
1.0001
1.0001
1.00009
1.00009
1.00009
1.00009
1.00008
1.00008
1.00008
1.00008
1.00008
1.00007
1.00007
1.00007
1.00007
1.00012
1.00086
1.00226
1.00203
1.00209
1.00231
1.00211
1.00197
1.00216
1.00215
1.00198
1.002
1.00209
1.00202
1.00195
1.002
1.00201
1.00195
1.00194
1.00197
1.00196
1.00193
1.00193
1.00194
1.00192
1.00191
1.00192
1.00192
1.0019
1.0019
1.0019
1.0019
1.00189
1.00189
1.00189
1.00188
1.00188
1.00188
1.00187
1.00187
1.00187
1.00186
1.00186
1.00186
1.00185
1.00185
1.00184
1.00184
1.00184
1.00183
1.00183
1.00182
1.00182
1.00181
1.00181
1.0018
1.00179
1.00179
1.00178
1.00177
1.00176
1.00175
1.00174
1.00172
1.00171
1.0017
1.00168
1.00166
1.00165
1.00163
1.0016
1.00158
1.00156
1.00153
1.0015
1.00149
1.00146
1.00143
1.00141
1.00138
1.00135
1.00133
1.00131
1.00127
1.00125
1.00123
1.0012
1.00118
1.00116
1.00114
1.00111
1.00109
1.00107
1.00105
1.00103
1.00101
1.001
1.00098
1.00096
1.00094
1.00093
1.00091
1.0009
1.00088
1.00087
1.00085
1.00084
1.00083
1.00082
1.0008
1.00079
1.00078
1.00077
1.00076
1.00075
1.00074
1.00073
1.00072
1.00071
1.0007
1.00069
1.00069
1.00068
1.00067
1.00066
1.00065
1.00065
1.00064
1.00063
1.00062
1.00061
1.00061
1.0006
1.00059
1.00058
1.00058
1.00057
1.00056
1.00055
1.00055
1.00054
1.00053
1.00053
1.00052
1.00051
1.0005
1.0005
1.00049
1.00048
1.00048
1.00047
1.00046
1.00046
1.00045
1.00044
1.00044
1.00043
1.00043
1.00042
1.00041
1.00041
1.0004
1.0004
1.00039
1.00039
1.00039
1.00038
1.00038
1.00038
1.00037
1.00037
1.00037
1.00037
1.00036
1.00036
1.00036
1.00036
1.00035
1.00035
1.00035
1.00035
1.00035
1.00035
1.00034
1.00034
1.00034
1.00034
1.00034
1.00033
1.00033
1.00033
1.00033
1.00033
1.00032
1.00032
1.00032
1.00032
1.00032
1.00031
1.00031
1.00031
1.00031
1.0003
1.0003
1.0003
1.0003
1.0003
1.00029
1.00029
1.00029
1.00029
1.00028
1.00028
1.00028
1.00028
1.00027
1.00027
1.00027
1.00027
1.00026
1.00026
1.00026
1.00026
1.00025
1.00025
1.00025
1.00024
1.00024
1.00024
1.00024
1.00023
1.00023
1.00023
1.00023
1.00022
1.00022
1.00022
1.00022
1.00021
1.00021
1.00021
1.00021
1.0002
1.0002
1.0002
1.0002
1.00019
1.00019
1.00019
1.00019
1.00018
1.00018
1.00018
1.00018
1.00017
1.00017
1.00017
1.00017
1.00016
1.00016
1.00016
1.00016
1.00015
1.00015
1.00015
1.00015
1.00014
1.00014
1.00014
1.00014
1.00013
1.00013
1.00013
1.00013
1.00012
1.00012
1.00012
1.00012
1.00012
1.00011
1.00011
1.00011
1.00011
1.0001
1.0001
1.0001
1.0001
1.00009
1.00009
1.00009
1.00009
1.00008
1.00008
1.00008
1.00008
1.00008
1.00007
1.00007
1.00007
1.00007
1.00014
1.0008
1.00217
1.00214
1.00215
1.00211
1.00208
1.00214
1.00209
1.00201
1.00206
1.00209
1.002
1.00198
1.00203
1.00201
1.00196
1.00197
1.00198
1.00196
1.00194
1.00195
1.00195
1.00193
1.00192
1.00193
1.00192
1.00191
1.00191
1.00191
1.0019
1.0019
1.0019
1.00189
1.00189
1.00188
1.00188
1.00188
1.00187
1.00187
1.00187
1.00187
1.00186
1.00186
1.00186
1.00185
1.00185
1.00184
1.00184
1.00184
1.00183
1.00183
1.00182
1.00182
1.00181
1.0018
1.0018
1.00179
1.00178
1.00177
1.00177
1.00175
1.00174
1.00173
1.00172
1.00169
1.00168
1.00167
1.00164
1.00162
1.00161
1.00158
1.00155
1.00153
1.0015
1.00147
1.00146
1.00142
1.00139
1.00138
1.00135
1.00131
1.00129
1.00127
1.00123
1.00121
1.00119
1.00117
1.00114
1.00112
1.00111
1.00108
1.00106
1.00104
1.00103
1.001
1.00099
1.00097
1.00095
1.00094
1.00092
1.00091
1.00089
1.00088
1.00086
1.00085
1.00084
1.00082
1.00081
1.0008
1.00079
1.00078
1.00077
1.00076
1.00075
1.00074
1.00073
1.00072
1.00071
1.0007
1.00069
1.00069
1.00068
1.00067
1.00066
1.00065
1.00064
1.00064
1.00063
1.00062
1.00061
1.00061
1.0006
1.00059
1.00058
1.00058
1.00057
1.00056
1.00055
1.00055
1.00054
1.00053
1.00053
1.00052
1.00051
1.0005
1.0005
1.00049
1.00048
1.00048
1.00047
1.00046
1.00046
1.00045
1.00044
1.00044
1.00043
1.00042
1.00042
1.00041
1.00041
1.0004
1.0004
1.00039
1.00039
1.00038
1.00038
1.00038
1.00037
1.00037
1.00037
1.00037
1.00036
1.00036
1.00036
1.00036
1.00036
1.00036
1.00035
1.00035
1.00035
1.00035
1.00035
1.00034
1.00034
1.00034
1.00034
1.00034
1.00034
1.00033
1.00033
1.00033
1.00033
1.00033
1.00032
1.00032
1.00032
1.00032
1.00031
1.00031
1.00031
1.00031
1.00031
1.0003
1.0003
1.0003
1.0003
1.00029
1.00029
1.00029
1.00029
1.00028
1.00028
1.00028
1.00028
1.00027
1.00027
1.00027
1.00027
1.00026
1.00026
1.00026
1.00026
1.00025
1.00025
1.00025
1.00025
1.00024
1.00024
1.00024
1.00023
1.00023
1.00023
1.00023
1.00022
1.00022
1.00022
1.00022
1.00021
1.00021
1.00021
1.00021
1.0002
1.0002
1.0002
1.0002
1.00019
1.00019
1.00019
1.00019
1.00018
1.00018
1.00018
1.00018
1.00017
1.00017
1.00017
1.00017
1.00016
1.00016
1.00016
1.00016
1.00015
1.00015
1.00015
1.00015
1.00014
1.00014
1.00014
1.00014
1.00013
1.00013
1.00013
1.00013
1.00012
1.00012
1.00012
1.00012
1.00012
1.00011
1.00011
1.00011
1.00011
1.0001
1.0001
1.0001
1.0001
1.00009
1.00009
1.00009
1.00009
1.00009
1.00008
1.00008
1.00008
1.00008
1.00007
1.00007
1.00007
1.00007
1.00017
1.00081
1.00206
1.00219
1.00215
1.00201
1.00211
1.00217
1.00202
1.00202
1.00211
1.00204
1.00198
1.00202
1.00204
1.00197
1.00196
1.002
1.00198
1.00194
1.00195
1.00196
1.00194
1.00193
1.00194
1.00193
1.00192
1.00191
1.00192
1.00191
1.0019
1.0019
1.0019
1.00189
1.00189
1.00189
1.00189
1.00188
1.00188
1.00188
1.00187
1.00187
1.00187
1.00186
1.00186
1.00185
1.00185
1.00185
1.00184
1.00184
1.00184
1.00183
1.00183
1.00182
1.00182
1.00181
1.00181
1.0018
1.00179
1.00178
1.00177
1.00176
1.00175
1.00174
1.00172
1.0017
1.00169
1.00167
1.00164
1.00162
1.00161
1.00158
1.00154
1.00153
1.00151
1.00146
1.00144
1.00142
1.00138
1.00135
1.00134
1.0013
1.00127
1.00125
1.00123
1.0012
1.00118
1.00116
1.00113
1.00111
1.00109
1.00107
1.00105
1.00103
1.00102
1.001
1.00098
1.00096
1.00095
1.00093
1.00091
1.0009
1.00089
1.00087
1.00086
1.00084
1.00083
1.00082
1.00081
1.0008
1.00078
1.00077
1.00077
1.00076
1.00074
1.00074
1.00073
1.00072
1.00071
1.0007
1.00069
1.00068
1.00068
1.00067
1.00066
1.00065
1.00065
1.00064
1.00063
1.00062
1.00062
1.00061
1.0006
1.00059
1.00059
1.00058
1.00057
1.00056
1.00055
1.00055
1.00054
1.00053
1.00053
1.00052
1.00051
1.00051
1.0005
1.00049
1.00048
1.00048
1.00047
1.00046
1.00046
1.00045
1.00044
1.00043
1.00043
1.00042
1.00042
1.00041
1.0004
1.0004
1.00039
1.00039
1.00038
1.00038
1.00038
1.00038
1.00037
1.00037
1.00037
1.00037
1.00036
1.00036
1.00036
1.00036
1.00036
1.00036
1.00035
1.00035
1.00035
1.00035
1.00035
1.00035
1.00034
1.00034
1.00034
1.00034
1.00034
1.00034
1.00033
1.00033
1.00033
1.00033
1.00032
1.00032
1.00032
1.00032
1.00032
1.00031
1.00031
1.00031
1.00031
1.0003
1.0003
1.0003
1.0003
1.00029
1.00029
1.00029
1.00029
1.00028
1.00028
1.00028
1.00028
1.00027
1.00027
1.00027
1.00027
1.00026
1.00026
1.00026
1.00026
1.00025
1.00025
1.00025
1.00025
1.00024
1.00024
1.00024
1.00023
1.00023
1.00023
1.00023
1.00022
1.00022
1.00022
1.00022
1.00021
1.00021
1.00021
1.00021
1.0002
1.0002
1.0002
1.0002
1.00019
1.00019
1.00019
1.00019
1.00018
1.00018
1.00018
1.00018
1.00017
1.00017
1.00017
1.00017
1.00016
1.00016
1.00016
1.00016
1.00015
1.00015
1.00015
1.00015
1.00014
1.00014
1.00014
1.00014
1.00013
1.00013
1.00013
1.00013
1.00013
1.00012
1.00012
1.00012
1.00012
1.00011
1.00011
1.00011
1.00011
1.0001
1.0001
1.0001
1.0001
1.00009
1.00009
1.00009
1.00009
1.00009
1.00008
1.00008
1.00008
1.00008
1.00007
1.00007
1.00007
1.00007
1.0002
1.00081
1.00212
1.00209
1.00208
1.00213
1.0021
1.00202
1.00207
1.00211
1.00202
1.00199
1.00206
1.00204
1.00197
1.00199
1.00202
1.00198
1.00195
1.00197
1.00197
1.00194
1.00194
1.00195
1.00194
1.00192
1.00192
1.00193
1.00192
1.00191
1.00191
1.00191
1.0019
1.0019
1.0019
1.00189
1.00189
1.00188
1.00188
1.00188
1.00187
1.00187
1.00187
1.00187
1.00186
1.00186
1.00186
1.00185
1.00185
1.00185
1.00184
1.00184
1.00183
1.00183
1.00182
1.00182
1.00181
1.0018
1.0018
1.00179
1.00178
1.00177
1.00176
1.00174
1.00173
1.00172
1.00169
1.00167
1.00166
1.00163
1.00159
1.00158
1.00156
1.00151
1.00149
1.00147
1.00143
1.0014
1.00138
1.00134
1.00131
1.0013
1.00126
1.00123
1.00121
1.00119
1.00116
1.00113
1.00112
1.0011
1.00107
1.00106
1.00104
1.00102
1.001
1.00099
1.00097
1.00095
1.00094
1.00092
1.00091
1.00089
1.00088
1.00087
1.00085
1.00084
1.00082
1.00081
1.0008
1.00079
1.00078
1.00077
1.00076
1.00075
1.00074
1.00073
1.00073
1.00072
1.00071
1.0007
1.00069
1.00068
1.00068
1.00067
1.00066
1.00065
1.00065
1.00064
1.00063
1.00062
1.00062
1.00061
1.0006
1.00059
1.00058
1.00058
1.00057
1.00056
1.00055
1.00055
1.00054
1.00053
1.00053
1.00052
1.00051
1.00051
1.0005
1.00049
1.00048
1.00048
1.00047
1.00046
1.00045
1.00045
1.00044
1.00043
1.00042
1.00042
1.00041
1.00041
1.0004
1.0004
1.00039
1.00038
1.00038
1.00038
1.00037
1.00037
1.00037
1.00037
1.00037
1.00036
1.00036
1.00036
1.00036
1.00036
1.00036
1.00036
1.00036
1.00035
1.00035
1.00035
1.00035
1.00035
1.00035
1.00034
1.00034
1.00034
1.00034
1.00034
1.00033
1.00033
1.00033
1.00033
1.00033
1.00032
1.00032
1.00032
1.00032
1.00031
1.00031
1.00031
1.00031
1.0003
1.0003
1.0003
1.0003
1.00029
1.00029
1.00029
1.00029
1.00028
1.00028
1.00028
1.00028
1.00027
1.00027
1.00027
1.00027
1.00026
1.00026
1.00026
1.00026
1.00025
1.00025
1.00025
1.00025
1.00024
1.00024
1.00024
1.00024
1.00023
1.00023
1.00023
1.00022
1.00022
1.00022
1.00022
1.00021
1.00021
1.00021
1.00021
1.0002
1.0002
1.0002
1.0002
1.00019
1.00019
1.00019
1.00019
1.00018
1.00018
1.00018
1.00018
1.00017
1.00017
1.00017
1.00017
1.00016
1.00016
1.00016
1.00016
1.00015
1.00015
1.00015
1.00015
1.00014
1.00014
1.00014
1.00014
1.00013
1.00013
1.00013
1.00013
1.00013
1.00012
1.00012
1.00012
1.00012
1.00011
1.00011
1.00011
1.00011
1.0001
1.0001
1.0001
1.0001
1.00009
1.00009
1.00009
1.00009
1.00009
1.00008
1.00008
1.00008
1.00008
1.00007
1.00007
1.00007
1.00007
1.00022
1.00081
1.00213
1.00205
1.00207
1.00213
1.00206
1.00203
1.00209
1.00206
1.002
1.00204
1.00205
1.00199
1.00199
1.00202
1.00199
1.00196
1.00198
1.00198
1.00195
1.00195
1.00196
1.00195
1.00193
1.00193
1.00193
1.00192
1.00192
1.00192
1.00191
1.00191
1.0019
1.0019
1.0019
1.00189
1.00189
1.00189
1.00188
1.00188
1.00188
1.00188
1.00187
1.00187
1.00187
1.00186
1.00186
1.00186
1.00186
1.00185
1.00185
1.00185
1.00184
1.00184
1.00183
1.00183
1.00182
1.00182
1.00181
1.0018
1.00179
1.00179
1.00177
1.00175
1.00174
1.00173
1.0017
1.00168
1.00166
1.00163
1.0016
1.00158
1.00156
1.00152
1.00147
1.00146
1.00143
1.00138
1.00136
1.00134
1.00129
1.00127
1.00125
1.00122
1.00119
1.00117
1.00115
1.00112
1.0011
1.00108
1.00106
1.00104
1.00102
1.00101
1.00099
1.00097
1.00096
1.00095
1.00093
1.00091
1.0009
1.00089
1.00087
1.00086
1.00084
1.00083
1.00082
1.00081
1.0008
1.00078
1.00078
1.00077
1.00076
1.00075
1.00074
1.00073
1.00072
1.00072
1.00071
1.0007
1.00069
1.00068
1.00067
1.00067
1.00066
1.00065
1.00065
1.00064
1.00063
1.00062
1.00062
1.00061
1.0006
1.00059
1.00058
1.00058
1.00057
1.00056
1.00055
1.00055
1.00054
1.00053
1.00053
1.00052
1.00051
1.0005
1.0005
1.00049
1.00048
1.00048
1.00047
1.00046
1.00045
1.00045
1.00044
1.00043
1.00042
1.00042
1.00041
1.0004
1.0004
1.00039
1.00038
1.00038
1.00038
1.00037
1.00037
1.00037
1.00037
1.00036
1.00036
1.00036
1.00036
1.00036
1.00036
1.00036
1.00036
1.00036
1.00036
1.00036
1.00035
1.00035
1.00035
1.00035
1.00035
1.00035
1.00034
1.00034
1.00034
1.00034
1.00034
1.00033
1.00033
1.00033
1.00033
1.00033
1.00032
1.00032
1.00032
1.00032
1.00031
1.00031
1.00031
1.00031
1.0003
1.0003
1.0003
1.0003
1.00029
1.00029
1.00029
1.00029
1.00028
1.00028
1.00028
1.00027
1.00027
1.00027
1.00027
1.00026
1.00026
1.00026
1.00026
1.00025
1.00025
1.00025
1.00025
1.00024
1.00024
1.00024
1.00024
1.00023
1.00023
1.00023
1.00022
1.00022
1.00022
1.00022
1.00021
1.00021
1.00021
1.00021
1.0002
1.0002
1.0002
1.0002
1.00019
1.00019
1.00019
1.00019
1.00018
1.00018
1.00018
1.00018
1.00017
1.00017
1.00017
1.00017
1.00016
1.00016
1.00016
1.00016
1.00015
1.00015
1.00015
1.00015
1.00014
1.00014
1.00014
1.00014
1.00013
1.00013
1.00013
1.00013
1.00013
1.00012
1.00012
1.00012
1.00012
1.00011
1.00011
1.00011
1.00011
1.0001
1.0001
1.0001
1.0001
1.00009
1.00009
1.00009
1.00009
1.00009
1.00008
1.00008
1.00008
1.00008
1.00007
1.00007
1.00007
1.00007
1.00025
1.00079
1.00206
1.00211
1.0021
1.00203
1.00206
1.00211
1.00204
1.002
1.00207
1.00206
1.00198
1.002
1.00204
1.00199
1.00196
1.00199
1.00199
1.00196
1.00195
1.00197
1.00195
1.00194
1.00194
1.00194
1.00193
1.00192
1.00192
1.00192
1.00191
1.00191
1.00191
1.0019
1.0019
1.0019
1.00189
1.00189
1.00189
1.00189
1.00188
1.00188
1.00188
1.00187
1.00187
1.00187
1.00187
1.00186
1.00186
1.00186
1.00186
1.00185
1.00185
1.00185
1.00184
1.00184
1.00183
1.00183
1.00182
1.00181
1.00181
1.00179
1.00178
1.00178
1.00176
1.00172
1.00172
1.00171
1.00165
1.00163
1.00163
1.00158
1.00153
1.00152
1.00148
1.00143
1.00142
1.00138
1.00133
1.00132
1.00129
1.00124
1.00122
1.00121
1.00117
1.00114
1.00113
1.00111
1.00108
1.00106
1.00105
1.00103
1.001
1.00099
1.00098
1.00096
1.00094
1.00094
1.00092
1.0009
1.00089
1.00088
1.00086
1.00085
1.00083
1.00082
1.00081
1.0008
1.00079
1.00078
1.00077
1.00076
1.00075
1.00075
1.00074
1.00073
1.00072
1.00071
1.0007
1.00069
1.00069
1.00068
1.00067
1.00067
1.00066
1.00065
1.00065
1.00064
1.00063
1.00062
1.00062
1.00061
1.0006
1.00059
1.00059
1.00058
1.00057
1.00056
1.00055
1.00055
1.00054
1.00053
1.00053
1.00052
1.00051
1.00051
1.0005
1.00049
1.00048
1.00048
1.00047
1.00046
1.00045
1.00044
1.00043
1.00043
1.00042
1.00041
1.0004
1.0004
1.00039
1.00038
1.00038
1.00038
1.00037
1.00037
1.00037
1.00037
1.00036
1.00036
1.00036
1.00036
1.00036
1.00036
1.00036
1.00036
1.00036
1.00036
1.00036
1.00036
1.00035
1.00035
1.00035
1.00035
1.00035
1.00035
1.00035
1.00034
1.00034
1.00034
1.00034
1.00034
1.00033
1.00033
1.00033
1.00033
1.00032
1.00032
1.00032
1.00032
1.00031
1.00031
1.00031
1.00031
1.0003
1.0003
1.0003
1.0003
1.00029
1.00029
1.00029
1.00029
1.00028
1.00028
1.00028
1.00028
1.00027
1.00027
1.00027
1.00026
1.00026
1.00026
1.00026
1.00025
1.00025
1.00025
1.00025
1.00024
1.00024
1.00024
1.00024
1.00023
1.00023
1.00023
1.00023
1.00022
1.00022
1.00022
1.00021
1.00021
1.00021
1.00021
1.0002
1.0002
1.0002
1.0002
1.00019
1.00019
1.00019
1.00019
1.00018
1.00018
1.00018
1.00018
1.00017
1.00017
1.00017
1.00017
1.00016
1.00016
1.00016
1.00016
1.00015
1.00015
1.00015
1.00015
1.00014
1.00014
1.00014
1.00014
1.00013
1.00013
1.00013
1.00013
1.00013
1.00012
1.00012
1.00012
1.00012
1.00011
1.00011
1.00011
1.00011
1.0001
1.0001
1.0001
1.0001
1.00009
1.00009
1.00009
1.00009
1.00009
1.00008
1.00008
1.00008
1.00008
1.00007
1.00007
1.00007
1.00007
1.00028
1.0008
1.00205
1.00208
1.00207
1.00204
1.00207
1.00207
1.00203
1.00204
1.00205
1.00201
1.00201
1.00203
1.002
1.00198
1.002
1.00199
1.00197
1.00196
1.00197
1.00196
1.00194
1.00195
1.00195
1.00194
1.00193
1.00193
1.00193
1.00192
1.00192
1.00192
1.00191
1.0019
1.0019
1.0019
1.0019
1.00189
1.00189
1.00189
1.00189
1.00188
1.00188
1.00188
1.00188
1.00187
1.00187
1.00187
1.00187
1.00187
1.00186
1.00186
1.00186
1.00186
1.00185
1.00185
1.00184
1.00184
1.00183
1.00183
1.00182
1.00181
1.0018
1.00179
1.00176
1.00175
1.00173
1.0017
1.00167
1.00165
1.00161
1.00158
1.00154
1.0015
1.00148
1.00142
1.00138
1.00137
1.00133
1.00128
1.00127
1.00124
1.00119
1.00117
1.00116
1.00113
1.0011
1.00108
1.00107
1.00104
1.00102
1.00102
1.001
1.00098
1.00096
1.00096
1.00094
1.00092
1.00091
1.0009
1.00088
1.00087
1.00086
1.00084
1.00083
1.00081
1.0008
1.00079
1.00078
1.00077
1.00076
1.00075
1.00075
1.00074
1.00073
1.00073
1.00072
1.00071
1.0007
1.0007
1.00068
1.00068
1.00068
1.00067
1.00066
1.00065
1.00065
1.00064
1.00063
1.00063
1.00062
1.00061
1.0006
1.00059
1.00059
1.00058
1.00057
1.00056
1.00055
1.00054
1.00054
1.00053
1.00053
1.00052
1.00051
1.00051
1.0005
1.00049
1.00048
1.00048
1.00047
1.00046
1.00045
1.00044
1.00043
1.00042
1.00042
1.00041
1.0004
1.00039
1.00038
1.00038
1.00038
1.00037
1.00036
1.00036
1.00036
1.00036
1.00036
1.00036
1.00036
1.00036
1.00036
1.00036
1.00036
1.00036
1.00036
1.00036
1.00036
1.00036
1.00036
1.00036
1.00035
1.00035
1.00035
1.00035
1.00035
1.00035
1.00034
1.00034
1.00034
1.00034
1.00034
1.00033
1.00033
1.00033
1.00033
1.00032
1.00032
1.00032
1.00032
1.00031
1.00031
1.00031
1.00031
1.0003
1.0003
1.0003
1.00029
1.00029
1.00029
1.00029
1.00028
1.00028
1.00028
1.00028
1.00027
1.00027
1.00027
1.00027
1.00026
1.00026
1.00026
1.00025
1.00025
1.00025
1.00025
1.00024
1.00024
1.00024
1.00024
1.00023
1.00023
1.00023
1.00023
1.00022
1.00022
1.00022
1.00021
1.00021
1.00021
1.00021
1.0002
1.0002
1.0002
1.0002
1.00019
1.00019
1.00019
1.00019
1.00018
1.00018
1.00018
1.00018
1.00017
1.00017
1.00017
1.00017
1.00016
1.00016
1.00016
1.00016
1.00015
1.00015
1.00015
1.00015
1.00014
1.00014
1.00014
1.00014
1.00013
1.00013
1.00013
1.00013
1.00013
1.00012
1.00012
1.00012
1.00012
1.00011
1.00011
1.00011
1.00011
1.0001
1.0001
1.0001
1.0001
1.0001
1.00009
1.00009
1.00009
1.00009
1.00008
1.00008
1.00008
1.00008
1.00007
1.00007
1.00007
1.00007
1.00031
1.0008
1.00208
1.00204
1.00204
1.00209
1.00206
1.00201
1.00205
1.00207
1.002
1.00201
1.00205
1.00201
1.00198
1.00201
1.00201
1.00197
1.00197
1.00199
1.00197
1.00195
1.00196
1.00196
1.00194
1.00193
1.00194
1.00193
1.00192
1.00192
1.00192
1.00192
1.00191
1.00191
1.00191
1.0019
1.0019
1.0019
1.0019
1.00189
1.00189
1.00189
1.00189
1.00188
1.00188
1.00188
1.00188
1.00187
1.00187
1.00187
1.00187
1.00187
1.00187
1.00186
1.00186
1.00186
1.00185
1.00185
1.00185
1.00184
1.00183
1.00183
1.00182
1.00179
1.00178
1.00179
1.00174
1.0017
1.00171
1.00167
1.00159
1.00158
1.00157
1.00148
1.00144
1.00144
1.00137
1.00133
1.00132
1.00127
1.00123
1.00122
1.00118
1.00114
1.00113
1.00111
1.00108
1.00105
1.00105
1.00104
1.00101
1.00099
1.00099
1.00097
1.00095
1.00094
1.00093
1.00092
1.0009
1.00089
1.00088
1.00086
1.00085
1.00083
1.00082
1.00081
1.00079
1.00079
1.00078
1.00076
1.00076
1.00075
1.00074
1.00074
1.00073
1.00073
1.00072
1.00071
1.0007
1.0007
1.00068
1.00068
1.00067
1.00067
1.00066
1.00065
1.00065
1.00064
1.00063
1.00063
1.00062
1.00061
1.0006
1.00059
1.00058
1.00058
1.00057
1.00056
1.00055
1.00055
1.00054
1.00053
1.00053
1.00052
1.00051
1.00051
1.0005
1.00049
1.00048
1.00047
1.00047
1.00046
1.00045
1.00044
1.00043
1.00042
1.00041
1.0004
1.0004
1.00039
1.00038
1.00038
1.00037
1.00036
1.00036
1.00036
1.00035
1.00035
1.00036
1.00035
1.00035
1.00036
1.00036
1.00036
1.00036
1.00036
1.00036
1.00036
1.00036
1.00036
1.00036
1.00036
1.00036
1.00036
1.00035
1.00035
1.00035
1.00035
1.00035
1.00034
1.00034
1.00034
1.00034
1.00034
1.00033
1.00033
1.00033
1.00032
1.00032
1.00032
1.00032
1.00031
1.00031
1.00031
1.00031
1.0003
1.0003
1.0003
1.0003
1.00029
1.00029
1.00029
1.00028
1.00028
1.00028
1.00028
1.00027
1.00027
1.00027
1.00027
1.00026
1.00026
1.00026
1.00025
1.00025
1.00025
1.00025
1.00024
1.00024
1.00024
1.00024
1.00023
1.00023
1.00023
1.00023
1.00022
1.00022
1.00022
1.00021
1.00021
1.00021
1.00021
1.0002
1.0002
1.0002
1.0002
1.00019
1.00019
1.00019
1.00019
1.00018
1.00018
1.00018
1.00018
1.00017
1.00017
1.00017
1.00017
1.00016
1.00016
1.00016
1.00016
1.00015
1.00015
1.00015
1.00015
1.00014
1.00014
1.00014
1.00014
1.00013
1.00013
1.00013
1.00013
1.00013
1.00012
1.00012
1.00012
1.00012
1.00011
1.00011
1.00011
1.00011
1.0001
1.0001
1.0001
1.0001
1.0001
1.00009
1.00009
1.00009
1.00009
1.00008
1.00008
1.00008
1.00008
1.00008
1.00007
1.00007
1.00007
1.00033
1.00079
1.00206
1.00205
1.00205
1.00205
1.00204
1.00204
1.00205
1.00202
1.00202
1.00204
1.00201
1.00199
1.00201
1.00201
1.00198
1.00198
1.00199
1.00197
1.00196
1.00197
1.00196
1.00195
1.00194
1.00195
1.00194
1.00193
1.00193
1.00193
1.00192
1.00192
1.00192
1.00191
1.00191
1.00191
1.0019
1.0019
1.0019
1.0019
1.00189
1.00189
1.00189
1.00189
1.00189
1.00188
1.00188
1.00188
1.00188
1.00188
1.00188
1.00188
1.00188
1.00187
1.00187
1.00187
1.00187
1.00186
1.00186
1.00186
1.00185
1.00184
1.00183
1.00183
1.00181
1.00178
1.00176
1.00175
1.0017
1.00165
1.00163
1.00158
1.00153
1.0015
1.00143
1.0014
1.00137
1.0013
1.00128
1.00127
1.00121
1.00117
1.00116
1.00114
1.0011
1.00107
1.00107
1.00105
1.00101
1.00101
1.00101
1.00099
1.00096
1.00096
1.00095
1.00093
1.00092
1.00091
1.0009
1.00088
1.00087
1.00086
1.00084
1.00082
1.00081
1.0008
1.00079
1.00077
1.00077
1.00076
1.00075
1.00075
1.00074
1.00074
1.00073
1.00072
1.00071
1.00071
1.0007
1.00069
1.00069
1.00068
1.00066
1.00066
1.00066
1.00065
1.00065
1.00064
1.00064
1.00063
1.00062
1.00061
1.00061
1.0006
1.00058
1.00058
1.00057
1.00056
1.00055
1.00055
1.00054
1.00053
1.00053
1.00052
1.00051
1.00051
1.0005
1.00049
1.00048
1.00048
1.00047
1.00046
1.00045
1.00044
1.00043
1.00042
1.00041
1.0004
1.00039
1.00038
1.00037
1.00036
1.00036
1.00036
1.00035
1.00035
1.00035
1.00035
1.00035
1.00035
1.00035
1.00035
1.00035
1.00035
1.00036
1.00036
1.00036
1.00036
1.00036
1.00036
1.00036
1.00036
1.00036
1.00036
1.00036
1.00035
1.00035
1.00035
1.00035
1.00035
1.00034
1.00034
1.00034
1.00034
1.00033
1.00033
1.00033
1.00033
1.00032
1.00032
1.00032
1.00032
1.00031
1.00031
1.00031
1.0003
1.0003
1.0003
1.0003
1.00029
1.00029
1.00029
1.00029
1.00028
1.00028
1.00028
1.00027
1.00027
1.00027
1.00027
1.00026
1.00026
1.00026
1.00026
1.00025
1.00025
1.00025
1.00024
1.00024
1.00024
1.00024
1.00023
1.00023
1.00023
1.00023
1.00022
1.00022
1.00022
1.00022
1.00021
1.00021
1.00021
1.0002
1.0002
1.0002
1.0002
1.00019
1.00019
1.00019
1.00019
1.00018
1.00018
1.00018
1.00018
1.00017
1.00017
1.00017
1.00017
1.00016
1.00016
1.00016
1.00016
1.00015
1.00015
1.00015
1.00015
1.00014
1.00014
1.00014
1.00014
1.00014
1.00013
1.00013
1.00013
1.00013
1.00012
1.00012
1.00012
1.00012
1.00011
1.00011
1.00011
1.00011
1.0001
1.0001
1.0001
1.0001
1.0001
1.00009
1.00009
1.00009
1.00009
1.00008
1.00008
1.00008
1.00008
1.00008
1.00007
1.00007
1.00007
1.00036
1.00079
1.00203
1.00206
1.00206
1.00202
1.00204
1.00206
1.00202
1.00201
1.00204
1.00202
1.00199
1.00201
1.00202
1.00198
1.00198
1.002
1.00198
1.00196
1.00197
1.00197
1.00195
1.00195
1.00195
1.00195
1.00193
1.00194
1.00194
1.00193
1.00192
1.00192
1.00192
1.00191
1.00191
1.00191
1.00191
1.0019
1.0019
1.0019
1.0019
1.00189
1.00189
1.00189
1.00189
1.00189
1.00189
1.00189
1.00188
1.00188
1.00189
1.00188
1.00188
1.00189
1.00189
1.00188
1.00188
1.00189
1.00188
1.00187
1.00188
1.00186
1.00185
1.00186
1.00183
1.00179
1.0018
1.00178
1.00169
1.00166
1.00167
1.00158
1.00149
1.0015
1.00145
1.00134
1.00134
1.00132
1.00124
1.00123
1.00121
1.00115
1.00113
1.00111
1.00108
1.00105
1.00103
1.00103
1.00101
1.00098
1.00098
1.00098
1.00096
1.00094
1.00094
1.00093
1.00091
1.0009
1.00089
1.00088
1.00086
1.00085
1.00084
1.00082
1.00081
1.00079
1.00078
1.00076
1.00075
1.00076
1.00074
1.00074
1.00074
1.00073
1.00073
1.00072
1.00071
1.00071
1.0007
1.00069
1.00068
1.00067
1.00067
1.00066
1.00066
1.00065
1.00065
1.00065
1.00063
1.00063
1.00062
1.00061
1.0006
1.0006
1.00059
1.00057
1.00056
1.00056
1.00055
1.00054
1.00054
1.00053
1.00052
1.00052
1.00051
1.00051
1.0005
1.00049
1.00048
1.00048
1.00047
1.00046
1.00045
1.00044
1.00043
1.00041
1.00041
1.0004
1.00038
1.00038
1.00037
1.00035
1.00035
1.00035
1.00034
1.00034
1.00034
1.00034
1.00034
1.00034
1.00035
1.00035
1.00035
1.00036
1.00036
1.00036
1.00036
1.00036
1.00036
1.00036
1.00036
1.00036
1.00036
1.00036
1.00036
1.00036
1.00035
1.00035
1.00035
1.00035
1.00035
1.00034
1.00034
1.00034
1.00034
1.00033
1.00033
1.00033
1.00033
1.00032
1.00032
1.00032
1.00031
1.00031
1.00031
1.00031
1.0003
1.0003
1.0003
1.00029
1.00029
1.00029
1.00029
1.00028
1.00028
1.00028
1.00027
1.00027
1.00027
1.00027
1.00026
1.00026
1.00026
1.00026
1.00025
1.00025
1.00025
1.00024
1.00024
1.00024
1.00024
1.00023
1.00023
1.00023
1.00023
1.00022
1.00022
1.00022
1.00022
1.00021
1.00021
1.00021
1.00021
1.0002
1.0002
1.0002
1.00019
1.00019
1.00019
1.00019
1.00018
1.00018
1.00018
1.00018
1.00017
1.00017
1.00017
1.00017
1.00016
1.00016
1.00016
1.00016
1.00015
1.00015
1.00015
1.00015
1.00014
1.00014
1.00014
1.00014
1.00014
1.00013
1.00013
1.00013
1.00013
1.00012
1.00012
1.00012
1.00012
1.00011
1.00011
1.00011
1.00011
1.0001
1.0001
1.0001
1.0001
1.0001
1.00009
1.00009
1.00009
1.00009
1.00008
1.00008
1.00008
1.00008
1.00008
1.00007
1.00007
1.00007
1.00038
1.00079
1.00204
1.00204
1.00204
1.00204
1.00204
1.00202
1.00202
1.00204
1.00202
1.002
1.00202
1.00202
1.00199
1.00199
1.002
1.00198
1.00197
1.00198
1.00198
1.00196
1.00196
1.00196
1.00195
1.00194
1.00194
1.00194
1.00193
1.00193
1.00193
1.00192
1.00192
1.00192
1.00192
1.00191
1.00191
1.00191
1.0019
1.0019
1.0019
1.0019
1.0019
1.0019
1.00189
1.00189
1.00189
1.00189
1.00189
1.00189
1.00189
1.00189
1.00189
1.0019
1.0019
1.00189
1.0019
1.0019
1.0019
1.00189
1.00189
1.00189
1.00189
1.00186
1.00185
1.00186
1.00182
1.00175
1.00176
1.00172
1.00161
1.00158
1.00155
1.00145
1.00141
1.00136
1.00129
1.00129
1.00125
1.00117
1.00117
1.00118
1.0011
1.00105
1.00106
1.00107
1.00101
1.00098
1.001
1.001
1.00096
1.00096
1.00096
1.00094
1.00093
1.00092
1.00091
1.0009
1.00088
1.00088
1.00086
1.00084
1.00083
1.00082
1.0008
1.00078
1.00077
1.00076
1.00075
1.00074
1.00074
1.00074
1.00074
1.00073
1.00072
1.00073
1.00072
1.0007
1.00069
1.00069
1.00067
1.00066
1.00067
1.00066
1.00065
1.00065
1.00065
1.00064
1.00064
1.00063
1.00062
1.00062
1.00061
1.00059
1.00059
1.00058
1.00056
1.00055
1.00055
1.00054
1.00053
1.00053
1.00052
1.00052
1.00052
1.00051
1.0005
1.0005
1.00049
1.00048
1.00047
1.00046
1.00045
1.00044
1.00043
1.00041
1.0004
1.00039
1.00038
1.00037
1.00035
1.00035
1.00034
1.00033
1.00033
1.00034
1.00033
1.00033
1.00034
1.00034
1.00034
1.00034
1.00035
1.00035
1.00035
1.00036
1.00036
1.00036
1.00036
1.00036
1.00036
1.00036
1.00036
1.00036
1.00036
1.00036
1.00036
1.00036
1.00035
1.00035
1.00035
1.00035
1.00034
1.00034
1.00034
1.00034
1.00033
1.00033
1.00033
1.00032
1.00032
1.00032
1.00032
1.00031
1.00031
1.00031
1.0003
1.0003
1.0003
1.0003
1.00029
1.00029
1.00029
1.00028
1.00028
1.00028
1.00028
1.00027
1.00027
1.00027
1.00026
1.00026
1.00026
1.00026
1.00025
1.00025
1.00025
1.00024
1.00024
1.00024
1.00024
1.00023
1.00023
1.00023
1.00023
1.00022
1.00022
1.00022
1.00022
1.00021
1.00021
1.00021
1.00021
1.0002
1.0002
1.0002
1.00019
1.00019
1.00019
1.00019
1.00018
1.00018
1.00018
1.00018
1.00017
1.00017
1.00017
1.00017
1.00016
1.00016
1.00016
1.00016
1.00015
1.00015
1.00015
1.00015
1.00014
1.00014
1.00014
1.00014
1.00014
1.00013
1.00013
1.00013
1.00013
1.00012
1.00012
1.00012
1.00012
1.00011
1.00011
1.00011
1.00011
1.0001
1.0001
1.0001
1.0001
1.0001
1.00009
1.00009
1.00009
1.00009
1.00009
1.00008
1.00008
1.00008
1.00008
1.00007
1.00007
1.00007
1.0004
1.00079
1.00205
1.00203
1.00203
1.00205
1.00203
1.00201
1.00203
1.00203
1.002
1.00201
1.00202
1.002
1.00199
1.002
1.00199
1.00197
1.00198
1.00198
1.00196
1.00196
1.00197
1.00196
1.00195
1.00195
1.00195
1.00194
1.00193
1.00193
1.00193
1.00192
1.00192
1.00192
1.00192
1.00191
1.00191
1.00191
1.00191
1.0019
1.0019
1.0019
1.0019
1.0019
1.0019
1.0019
1.0019
1.0019
1.0019
1.0019
1.0019
1.0019
1.00191
1.0019
1.0019
1.00191
1.00191
1.0019
1.00192
1.00192
1.00191
1.00191
1.00192
1.00189
1.00189
1.00189
1.00183
1.00179
1.00179
1.00173
1.00161
1.00158
1.00157
1.0014
1.00136
1.00138
1.00127
1.0012
1.00125
1.0012
1.00113
1.00114
1.00109
1.00107
1.00102
1.001
1.00102
1.00099
1.00097
1.00097
1.00097
1.00095
1.00094
1.00094
1.00093
1.00091
1.0009
1.0009
1.00088
1.00087
1.00086
1.00085
1.00083
1.00081
1.0008
1.00079
1.00076
1.00075
1.00074
1.00072
1.00073
1.00074
1.00073
1.00073
1.00073
1.00072
1.00072
1.00071
1.00069
1.00068
1.00068
1.00067
1.00065
1.00066
1.00066
1.00066
1.00065
1.00064
1.00065
1.00064
1.00062
1.00062
1.00061
1.0006
1.00058
1.00057
1.00057
1.00055
1.00054
1.00054
1.00053
1.00052
1.00053
1.00052
1.00052
1.00051
1.0005
1.0005
1.00049
1.00048
1.00047
1.00046
1.00045
1.00043
1.00042
1.00041
1.0004
1.00038
1.00037
1.00036
1.00035
1.00034
1.00033
1.00032
1.00032
1.00032
1.00031
1.00032
1.00033
1.00033
1.00033
1.00035
1.00035
1.00035
1.00035
1.00036
1.00036
1.00036
1.00036
1.00037
1.00037
1.00036
1.00036
1.00036
1.00036
1.00036
1.00036
1.00036
1.00035
1.00035
1.00035
1.00035
1.00035
1.00034
1.00034
1.00034
1.00033
1.00033
1.00033
1.00033
1.00032
1.00032
1.00032
1.00031
1.00031
1.00031
1.0003
1.0003
1.0003
1.0003
1.00029
1.00029
1.00029
1.00028
1.00028
1.00028
1.00028
1.00027
1.00027
1.00027
1.00026
1.00026
1.00026
1.00026
1.00025
1.00025
1.00025
1.00025
1.00024
1.00024
1.00024
1.00023
1.00023
1.00023
1.00023
1.00022
1.00022
1.00022
1.00022
1.00021
1.00021
1.00021
1.00021
1.0002
1.0002
1.0002
1.0002
1.00019
1.00019
1.00019
1.00018
1.00018
1.00018
1.00018
1.00017
1.00017
1.00017
1.00017
1.00016
1.00016
1.00016
1.00016
1.00015
1.00015
1.00015
1.00015
1.00015
1.00014
1.00014
1.00014
1.00014
1.00013
1.00013
1.00013
1.00013
1.00012
1.00012
1.00012
1.00012
1.00011
1.00011
1.00011
1.00011
1.00011
1.0001
1.0001
1.0001
1.0001
1.00009
1.00009
1.00009
1.00009
1.00009
1.00008
1.00008
1.00008
1.00008
1.00008
1.00007
1.00007
1.00042
1.00078
1.00203
1.00204
1.00203
1.00202
1.00202
1.00203
1.00202
1.00201
1.00202
1.00202
1.002
1.002
1.00201
1.00199
1.00198
1.00199
1.00199
1.00197
1.00197
1.00197
1.00196
1.00195
1.00195
1.00195
1.00194
1.00194
1.00194
1.00193
1.00193
1.00193
1.00193
1.00192
1.00192
1.00192
1.00191
1.00191
1.00191
1.00191
1.00191
1.0019
1.0019
1.0019
1.0019
1.0019
1.0019
1.0019
1.0019
1.0019
1.00191
1.00191
1.00191
1.00191
1.00192
1.00192
1.00192
1.00192
1.00193
1.00194
1.00194
1.00194
1.00194
1.00195
1.00193
1.00188
1.00189
1.00191
1.00176
1.00168
1.00172
1.00159
1.00145
1.00147
1.00137
1.00127
1.00127
1.00118
1.00118
1.00123
1.00116
1.00106
1.00107
1.00109
1.00104
1.00095
1.00097
1.001
1.00097
1.00095
1.00096
1.00096
1.00094
1.00093
1.00093
1.00091
1.0009
1.00089
1.00088
1.00087
1.00085
1.00085
1.00083
1.00081
1.0008
1.00079
1.00075
1.00073
1.00072
1.00073
1.00073
1.00072
1.00071
1.00074
1.00074
1.00072
1.00071
1.00071
1.0007
1.00067
1.00067
1.00067
1.00064
1.00065
1.00066
1.00065
1.00065
1.00065
1.00064
1.00064
1.00063
1.00062
1.00061
1.0006
1.00058
1.00057
1.00056
1.00055
1.00054
1.00053
1.00053
1.00053
1.00053
1.00052
1.00051
1.00052
1.00051
1.00049
1.00049
1.00048
1.00047
1.00046
1.00045
1.00044
1.00042
1.00041
1.0004
1.00038
1.00037
1.00036
1.00034
1.00032
1.00032
1.00032
1.00031
1.0003
1.00032
1.00032
1.00032
1.00032
1.00034
1.00034
1.00034
1.00035
1.00036
1.00036
1.00036
1.00037
1.00037
1.00037
1.00037
1.00037
1.00037
1.00036
1.00036
1.00036
1.00036
1.00036
1.00036
1.00035
1.00035
1.00035
1.00035
1.00034
1.00034
1.00034
1.00034
1.00033
1.00033
1.00033
1.00032
1.00032
1.00032
1.00031
1.00031
1.00031
1.00031
1.0003
1.0003
1.0003
1.00029
1.00029
1.00029
1.00029
1.00028
1.00028
1.00028
1.00027
1.00027
1.00027
1.00027
1.00026
1.00026
1.00026
1.00025
1.00025
1.00025
1.00025
1.00024
1.00024
1.00024
1.00023
1.00023
1.00023
1.00023
1.00022
1.00022
1.00022
1.00022
1.00021
1.00021
1.00021
1.00021
1.0002
1.0002
1.0002
1.0002
1.00019
1.00019
1.00019
1.00019
1.00018
1.00018
1.00018
1.00017
1.00017
1.00017
1.00017
1.00016
1.00016
1.00016
1.00016
1.00015
1.00015
1.00015
1.00015
1.00015
1.00014
1.00014
1.00014
1.00014
1.00013
1.00013
1.00013
1.00013
1.00012
1.00012
1.00012
1.00012
1.00011
1.00011
1.00011
1.00011
1.00011
1.0001
1.0001
1.0001
1.0001
1.00009
1.00009
1.00009
1.00009
1.00009
1.00008
1.00008
1.00008
1.00008
1.00008
1.00007
1.00007
1.00044
1.00078
1.00202
1.00203
1.00203
1.00202
1.00202
1.00203
1.00201
1.00201
1.00202
1.00201
1.002
1.00201
1.002
1.00198
1.00199
1.00199
1.00197
1.00197
1.00198
1.00197
1.00196
1.00196
1.00196
1.00195
1.00194
1.00194
1.00194
1.00193
1.00193
1.00193
1.00193
1.00192
1.00192
1.00192
1.00191
1.00191
1.00191
1.00191
1.00191
1.00191
1.00191
1.00191
1.00191
1.00191
1.00191
1.00191
1.00191
1.00191
1.00192
1.00191
1.00191
1.00193
1.00193
1.00192
1.00193
1.00195
1.00195
1.00194
1.00197
1.00198
1.00195
1.00197
1.00199
1.00195
1.00194
1.0019
1.00181
1.00176
1.0017
1.00162
1.00143
1.00147
1.00133
1.00117
1.00125
1.00126
1.0011
1.00112
1.00122
1.00117
1.00111
1.00095
1.00097
1.00101
1.00096
1.00096
1.00097
1.00097
1.00095
1.00094
1.00094
1.00093
1.00092
1.00091
1.0009
1.00089
1.00088
1.00087
1.00086
1.00084
1.00083
1.00082
1.0008
1.00077
1.00077
1.00075
1.00069
1.0007
1.00068
1.00073
1.00075
1.00073
1.00073
1.00073
1.00072
1.00071
1.0007
1.00067
1.00065
1.00065
1.00066
1.00065
1.00064
1.00064
1.00066
1.00066
1.00064
1.00063
1.00063
1.00062
1.00061
1.0006
1.00059
1.00058
1.00055
1.00054
1.00054
1.00051
1.00053
1.00053
1.00052
1.00052
1.00052
1.00051
1.00051
1.0005
1.00049
1.00048
1.00047
1.00046
1.00045
1.00044
1.00042
1.00041
1.0004
1.00039
1.00036
1.00034
1.00034
1.00032
1.00031
1.0003
1.00029
1.00029
1.00031
1.0003
1.0003
1.00033
1.00034
1.00033
1.00034
1.00035
1.00036
1.00036
1.00036
1.00037
1.00037
1.00037
1.00037
1.00037
1.00037
1.00037
1.00037
1.00036
1.00036
1.00036
1.00036
1.00036
1.00035
1.00035
1.00035
1.00035
1.00034
1.00034
1.00034
1.00033
1.00033
1.00033
1.00032
1.00032
1.00032
1.00032
1.00031
1.00031
1.00031
1.0003
1.0003
1.0003
1.00029
1.00029
1.00029
1.00029
1.00028
1.00028
1.00028
1.00027
1.00027
1.00027
1.00027
1.00026
1.00026
1.00026
1.00025
1.00025
1.00025
1.00025
1.00024
1.00024
1.00024
1.00024
1.00023
1.00023
1.00023
1.00022
1.00022
1.00022
1.00022
1.00021
1.00021
1.00021
1.00021
1.0002
1.0002
1.0002
1.0002
1.00019
1.00019
1.00019
1.00019
1.00018
1.00018
1.00018
1.00018
1.00017
1.00017
1.00017
1.00016
1.00016
1.00016
1.00016
1.00016
1.00015
1.00015
1.00015
1.00015
1.00014
1.00014
1.00014
1.00014
1.00013
1.00013
1.00013
1.00013
1.00012
1.00012
1.00012
1.00012
1.00011
1.00011
1.00011
1.00011
1.00011
1.0001
1.0001
1.0001
1.0001
1.00009
1.00009
1.00009
1.00009
1.00009
1.00008
1.00008
1.00008
1.00008
1.00008
1.00008
1.00007
1.00045
1.00078
1.00203
1.00202
1.00202
1.00203
1.00202
1.00201
1.00202
1.00202
1.002
1.002
1.00201
1.002
1.00199
1.00199
1.002
1.00198
1.00197
1.00198
1.00197
1.00196
1.00196
1.00196
1.00195
1.00195
1.00195
1.00194
1.00194
1.00194
1.00194
1.00193
1.00193
1.00193
1.00192
1.00192
1.00192
1.00192
1.00191
1.00191
1.00191
1.00191
1.00191
1.00191
1.00191
1.00191
1.00191
1.00191
1.00191
1.00192
1.00192
1.00192
1.00193
1.00193
1.00193
1.00194
1.00195
1.00195
1.00196
1.00198
1.00198
1.00199
1.002
1.00201
1.00201
1.00204
1.00198
1.00187
1.00197
1.0019
1.00155
1.00156
1.00157
1.00141
1.00135
1.00128
1.00105
1.00111
1.00118
1.00115
1.0012
1.00123
1.00111
1.00095
1.00091
1.00098
1.00098
1.00095
1.00096
1.00096
1.00095
1.00094
1.00094
1.00093
1.00092
1.00091
1.0009
1.00089
1.00088
1.00087
1.00086
1.00084
1.00083
1.00082
1.0008
1.00078
1.00078
1.00075
1.00069
1.00064
1.00067
1.00072
1.00076
1.00074
1.00073
1.00073
1.00073
1.00071
1.00069
1.0007
1.00068
1.00062
1.00063
1.00061
1.00065
1.00067
1.00065
1.00065
1.00065
1.00065
1.00063
1.00062
1.00061
1.0006
1.00059
1.00058
1.00055
1.00053
1.00052
1.00053
1.00052
1.00051
1.00051
1.00053
1.00053
1.00051
1.00051
1.00051
1.0005
1.00048
1.00047
1.00046
1.00045
1.00044
1.00042
1.00041
1.0004
1.00038
1.00036
1.00035
1.00033
1.00031
1.0003
1.00027
1.00029
1.0003
1.00028
1.00029
1.00032
1.00032
1.00032
1.00033
1.00035
1.00035
1.00035
1.00036
1.00037
1.00037
1.00037
1.00037
1.00037
1.00037
1.00037
1.00037
1.00037
1.00037
1.00036
1.00036
1.00036
1.00036
1.00036
1.00035
1.00035
1.00035
1.00034
1.00034
1.00034
1.00034
1.00033
1.00033
1.00033
1.00032
1.00032
1.00032
1.00031
1.00031
1.00031
1.0003
1.0003
1.0003
1.0003
1.00029
1.00029
1.00029
1.00028
1.00028
1.00028
1.00027
1.00027
1.00027
1.00027
1.00026
1.00026
1.00026
1.00025
1.00025
1.00025
1.00025
1.00024
1.00024
1.00024
1.00024
1.00023
1.00023
1.00023
1.00022
1.00022
1.00022
1.00022
1.00021
1.00021
1.00021
1.00021
1.0002
1.0002
1.0002
1.0002
1.00019
1.00019
1.00019
1.00019
1.00018
1.00018
1.00018
1.00018
1.00017
1.00017
1.00017
1.00017
1.00016
1.00016
1.00016
1.00016
1.00015
1.00015
1.00015
1.00015
1.00014
1.00014
1.00014
1.00014
1.00013
1.00013
1.00013
1.00013
1.00012
1.00012
1.00012
1.00012
1.00011
1.00011
1.00011
1.00011
1.00011
1.0001
1.0001
1.0001
1.0001
1.00009
1.00009
1.00009
1.00009
1.00009
1.00008
1.00008
1.00008
1.00008
1.00008
1.00008
1.00007
1.00047
1.00078
1.00202
1.00202
1.00202
1.00202
1.00202
1.00201
1.00202
1.00201
1.002
1.00201
1.002
1.00199
1.002
1.002
1.00198
1.00198
1.00198
1.00198
1.00197
1.00197
1.00197
1.00196
1.00195
1.00195
1.00195
1.00194
1.00194
1.00194
1.00193
1.00193
1.00193
1.00193
1.00192
1.00192
1.00192
1.00192
1.00192
1.00191
1.00191
1.00191
1.00191
1.00191
1.00191
1.00191
1.00191
1.00191
1.00192
1.00192
1.00192
1.00193
1.00194
1.00193
1.00194
1.00196
1.00196
1.00196
1.00198
1.00201
1.00199
1.002
1.00206
1.00206
1.00201
1.00207
1.00212
1.00203
1.00194
1.00179
1.00177
1.00161
1.0016
1.00129
1.0013
1.00131
1.00106
1.00097
1.00116
1.00116
1.00107
1.00124
1
1
1
1
1
1
1
1
1
1
1
1
1
1
1
1
1
1
1
1
1
1
1
1
1
1
1
1.00056
1.00079
1.00076
1.00072
1.00075
1.00076
1.00073
1.00072
1.00072
1.0007
1.0007
1.00068
1.00062
1.00058
1.0006
1.00065
1.00068
1.00066
1.00065
1.00066
1.00065
1.00063
1.00062
1.00062
1.00061
1.00059
1.00057
1.00057
1.00055
1.00049
1.00051
1.00049
1.00052
1.00054
1.00052
1.00052
1.00052
1.00052
1.0005
1.00049
1.00049
1.00047
1.00046
1.00045
1.00044
1.00042
1.00041
1.0004
1.00037
1.00037
1.00036
1.00031
1.00029
1.00029
1.00028
1.00027
1.00027
1.00025
1.0003
1.00031
1.0003
1.00032
1.00034
1.00034
1.00035
1.00036
1.00036
1.00036
1.00037
1.00037
1.00037
1.00037
1.00037
1.00037
1.00037
1.00037
1.00037
1.00037
1.00036
1.00036
1.00036
1.00036
1.00035
1.00035
1.00035
1.00034
1.00034
1.00034
1.00034
1.00033
1.00033
1.00033
1.00032
1.00032
1.00032
1.00031
1.00031
1.00031
1.0003
1.0003
1.0003
1.0003
1.00029
1.00029
1.00029
1.00028
1.00028
1.00028
1.00027
1.00027
1.00027
1.00027
1.00026
1.00026
1.00026
1.00025
1.00025
1.00025
1.00025
1.00024
1.00024
1.00024
1.00024
1.00023
1.00023
1.00023
1.00022
1.00022
1.00022
1.00022
1.00021
1.00021
1.00021
1.00021
1.0002
1.0002
1.0002
1.0002
1.00019
1.00019
1.00019
1.00019
1.00018
1.00018
1.00018
1.00018
1.00017
1.00017
1.00017
1.00017
1.00016
1.00016
1.00016
1.00016
1.00015
1.00015
1.00015
1.00015
1.00014
1.00014
1.00014
1.00014
1.00013
1.00013
1.00013
1.00013
1.00012
1.00012
1.00012
1.00012
1.00011
1.00011
1.00011
1.00011
1.00011
1.0001
1.0001
1.0001
1.0001
1.00009
1.00009
1.00009
1.00009
1.00009
1.00008
1.00008
1.00008
1.00008
1.00008
1.00008
1.00008
1.00048
1.00078
1.00202
1.00202
1.00202
1.00201
1.00202
1.00202
1.00201
1.002
1.00201
1.00201
1.00199
1.002
1.002
1.00199
1.00198
1.00199
1.00198
1.00197
1.00197
1.00197
1.00196
1.00196
1.00196
1.00195
1.00194
1.00195
1.00194
1.00194
1.00193
1.00193
1.00193
1.00192
1.00192
1.00192
1.00192
1.00192
1.00192
1.00192
1.00191
1.00191
1.00191
1.00191
1.00191
1.00191
1.00192
1.00192
1.00192
1.00192
1.00193
1.00193
1.00194
1.00195
1.00195
1.00196
1.00197
1.00199
1.00199
1.002
1.00203
1.00205
1.00205
1.00208
1.00213
1.00213
1.00213
1.0022
1.00202
1.00181
1.00211
1.00157
1.00123
1.00125
1.00142
1
1
1
1
1
1
1
1
1
1
1
1
1
1
1
1
1
1
1
1
1
1
1
1
1
1
1
1
1
1
1
1
1
1
1
1
1
1
1
1
1
1
1
1
1
1
1
1.0005
1.00071
1.00068
1.00064
1.00067
1.00068
1.00065
1.00064
1.00064
1.00063
1.00061
1.00061
1.00059
1.00057
1.00058
1.00055
1.0005
1.00046
1.00048
1.00052
1.00055
1.00053
1.00052
1.00052
1.00052
1.0005
1.0005
1.00049
1.00048
1.00046
1.00045
1.00044
1.00043
1.00041
1.0004
1.00039
1.00037
1.00034
1.00034
1.00032
1.00026
1.00026
1.00022
1.00025
1.0003
1.00029
1.00027
1.0003
1.00034
1.00034
1.00034
1.00035
1.00036
1.00037
1.00036
1.00037
1.00037
1.00037
1.00037
1.00037
1.00037
1.00037
1.00037
1.00037
1.00037
1.00036
1.00036
1.00036
1.00036
1.00035
1.00035
1.00035
1.00035
1.00034
1.00034
1.00034
1.00033
1.00033
1.00033
1.00032
1.00032
1.00032
1.00031
1.00031
1.00031
1.00031
1.0003
1.0003
1.0003
1.00029
1.00029
1.00029
1.00028
1.00028
1.00028
1.00028
1.00027
1.00027
1.00027
1.00026
1.00026
1.00026
1.00026
1.00025
1.00025
1.00025
1.00024
1.00024
1.00024
1.00024
1.00023
1.00023
1.00023
1.00023
1.00022
1.00022
1.00022
1.00021
1.00021
1.00021
1.00021
1.0002
1.0002
1.0002
1.0002
1.00019
1.00019
1.00019
1.00019
1.00018
1.00018
1.00018
1.00018
1.00017
1.00017
1.00017
1.00017
1.00016
1.00016
1.00016
1.00016
1.00015
1.00015
1.00015
1.00015
1.00014
1.00014
1.00014
1.00014
1.00013
1.00013
1.00013
1.00013
1.00012
1.00012
1.00012
1.00012
1.00011
1.00011
1.00011
1.00011
1.00011
1.0001
1.0001
1.0001
1.0001
1.00009
1.00009
1.00009
1.00009
1.00009
1.00009
1.00008
1.00008
1.00008
1.00008
1.00008
1.00008
1.00049
1.00078
1.00202
1.00202
1.00202
1.00202
1.00202
1.00201
1.00201
1.00201
1.00201
1.002
1.002
1.002
1.00199
1.00199
1.00199
1.00198
1.00197
1.00198
1.00197
1.00197
1.00196
1.00196
1.00196
1.00195
1.00195
1.00195
1.00194
1.00194
1.00194
1.00193
1.00193
1.00193
1.00193
1.00192
1.00192
1.00192
1.00192
1.00192
1.00192
1.00192
1.00192
1.00192
1.00192
1.00192
1.00192
1.00192
1.00192
1.00193
1.00194
1.00194
1.00194
1.00195
1.00196
1.00196
1.00198
1.002
1.002
1.00201
1.00206
1.00208
1.00206
1.00211
1.00221
1.00217
1.00213
1.00235
1.0024
1.00208
1.0015
1.00164
1
1
1
1
1
1
1
1
1
1
1
1
1
1
1
1
1
1
1
1
1
1
1
1
1
1
1
1
1
1
1
1
1
1
1
1
1
1
1
1
1
1
1
1
1
1
1
1
1
1
1
1
1
1
1
1
1
1
1
1
1
1
1
1
1
1
1
1.00039
1.00057
1.00055
1.00051
1.00053
1.00054
1.00052
1.00051
1.00051
1.0005
1.00049
1.00048
1.00047
1.00045
1.00044
1.00043
1.00041
1.0004
1.00039
1.00036
1.00035
1.00035
1.00032
1.00025
1.00021
1.00023
1.00024
1.00027
1.00024
1.00028
1.00033
1.00032
1.00032
1.00035
1.00036
1.00035
1.00036
1.00037
1.00037
1.00037
1.00038
1.00038
1.00037
1.00037
1.00037
1.00037
1.00037
1.00037
1.00037
1.00036
1.00036
1.00036
1.00036
1.00035
1.00035
1.00035
1.00034
1.00034
1.00034
1.00033
1.00033
1.00033
1.00032
1.00032
1.00032
1.00032
1.00031
1.00031
1.00031
1.0003
1.0003
1.0003
1.00029
1.00029
1.00029
1.00028
1.00028
1.00028
1.00028
1.00027
1.00027
1.00027
1.00026
1.00026
1.00026
1.00026
1.00025
1.00025
1.00025
1.00024
1.00024
1.00024
1.00024
1.00023
1.00023
1.00023
1.00023
1.00022
1.00022
1.00022
1.00021
1.00021
1.00021
1.00021
1.0002
1.0002
1.0002
1.0002
1.00019
1.00019
1.00019
1.00019
1.00018
1.00018
1.00018
1.00018
1.00017
1.00017
1.00017
1.00017
1.00016
1.00016
1.00016
1.00016
1.00015
1.00015
1.00015
1.00015
1.00014
1.00014
1.00014
1.00014
1.00013
1.00013
1.00013
1.00013
1.00012
1.00012
1.00012
1.00012
1.00011
1.00011
1.00011
1.00011
1.00011
1.0001
1.0001
1.0001
1.0001
1.0001
1.00009
1.00009
1.00009
1.00009
1.00009
1.00008
1.00008
1.00008
1.00008
1.00008
1.00008
1.0005
1.00078
1.00202
1.00201
1.00201
1.00202
1.00201
1.00201
1.00201
1.00201
1.002
1.002
1.00201
1.002
1.00199
1.00199
1.00199
1.00198
1.00198
1.00198
1.00197
1.00196
1.00197
1.00196
1.00195
1.00195
1.00195
1.00194
1.00194
1.00194
1.00194
1.00193
1.00193
1.00193
1.00193
1.00192
1.00192
1.00192
1.00192
1.00192
1.00192
1.00192
1.00192
1.00192
1.00192
1.00192
1.00192
1.00192
1.00193
1.00193
1.00193
1.00194
1.00195
1.00195
1.00196
1.00198
1.00199
1.00199
1.00202
1.00205
1.00204
1.00206
1.00214
1.00215
1.00213
1.00225
1.00238
1.00229
1.00232
1.00277
1
1
1
1
1
1
1
1
1
1
1
1
1
1
1
1
1
1
1
1
1
1
1
1
1
1
1
1
1
1
1
1
1
1
1
1
1
1
1
1
1
1
1
1
1
1
1
1
1
1
1
1
1
1
1
1
1
1
1
1
1
1
1
1
1
1
1
1
1
1
1
1
1
1
1
1
1
1
1
1
1
1
1
1
1
1
1
1
1
1
1
1
1
1.00015
1.00035
1.00029
1.00017
1.00022
1.00029
1.00032
1.00032
1.00034
1.00035
1.00035
1.00036
1.00037
1.00037
1.00037
1.00037
1.00038
1.00038
1.00037
1.00038
1.00037
1.00037
1.00037
1.00037
1.00037
1.00036
1.00036
1.00036
1.00036
1.00035
1.00035
1.00035
1.00034
1.00034
1.00034
1.00033
1.00033
1.00033
1.00032
1.00032
1.00032
1.00032
1.00031
1.00031
1.00031
1.0003
1.0003
1.0003
1.00029
1.00029
1.00029
1.00028
1.00028
1.00028
1.00028
1.00027
1.00027
1.00027
1.00026
1.00026
1.00026
1.00026
1.00025
1.00025
1.00025
1.00024
1.00024
1.00024
1.00024
1.00023
1.00023
1.00023
1.00023
1.00022
1.00022
1.00022
1.00021
1.00021
1.00021
1.00021
1.0002
1.0002
1.0002
1.0002
1.00019
1.00019
1.00019
1.00019
1.00018
1.00018
1.00018
1.00018
1.00017
1.00017
1.00017
1.00017
1.00016
1.00016
1.00016
1.00016
1.00015
1.00015
1.00015
1.00015
1.00014
1.00014
1.00014
1.00014
1.00013
1.00013
1.00013
1.00013
1.00012
1.00012
1.00012
1.00012
1.00011
1.00011
1.00011
1.00011
1.00011
1.0001
1.0001
1.0001
1.0001
1.0001
1.00009
1.00009
1.00009
1.00009
1.00009
1.00008
1.00008
1.00008
1.00008
1.00008
1.00008
1.00051
1.00078
1.00201
1.00202
1.00202
1.00201
1.00201
1.00201
1.00201
1.002
1.00201
1.002
1.002
1.00199
1.002
1.00199
1.00198
1.00198
1.00198
1.00197
1.00197
1.00197
1.00196
1.00196
1.00196
1.00195
1.00195
1.00195
1.00194
1.00194
1.00194
1.00193
1.00193
1.00193
1.00193
1.00193
1.00192
1.00192
1.00192
1.00192
1.00192
1.00192
1.00192
1.00192
1.00192
1.00192
1.00192
1.00192
1.00193
1.00193
1.00193
1.00194
1.00195
1.00195
1.00196
1.00198
1.00199
1.00199
1.00202
1.00205
1.00205
1.00208
1.00214
1.00216
1.00216
1.00227
1.00238
1.00235
1.00253
1.00289
1
1
1
1
1
1
1
1
1
1
1
1
1
1
1
1
1
1
1
1
1
1
1
1
1
1
1
1
1
1
1
1
1
1
1
1
1
1
1
1
1
1
1
1
1
1
1
1
1
1
1
1
1
1
1
1
1
1
1
1
1
1
1
1
1
1
1
1
1
1
1
1
1
1
1
1
1
1
1
1
1
1
1
1
1
1
1
1
1
1
1
1
1
1
1
1
1.00013
1.00032
1.00029
1.00027
1.00033
1.00036
1.00034
1.00035
1.00037
1.00037
1.00036
1.00037
1.00038
1.00037
1.00037
1.00038
1.00038
1.00037
1.00037
1.00037
1.00037
1.00037
1.00036
1.00036
1.00036
1.00036
1.00035
1.00035
1.00035
1.00034
1.00034
1.00034
1.00033
1.00033
1.00033
1.00033
1.00032
1.00032
1.00032
1.00031
1.00031
1.00031
1.0003
1.0003
1.0003
1.00029
1.00029
1.00029
1.00028
1.00028
1.00028
1.00028
1.00027
1.00027
1.00027
1.00026
1.00026
1.00026
1.00026
1.00025
1.00025
1.00025
1.00024
1.00024
1.00024
1.00024
1.00023
1.00023
1.00023
1.00023
1.00022
1.00022
1.00022
1.00021
1.00021
1.00021
1.00021
1.0002
1.0002
1.0002
1.0002
1.00019
1.00019
1.00019
1.00019
1.00018
1.00018
1.00018
1.00018
1.00017
1.00017
1.00017
1.00017
1.00016
1.00016
1.00016
1.00016
1.00015
1.00015
1.00015
1.00015
1.00014
1.00014
1.00014
1.00014
1.00013
1.00013
1.00013
1.00013
1.00012
1.00012
1.00012
1.00012
1.00011
1.00011
1.00011
1.00011
1.00011
1.0001
1.0001
1.0001
1.0001
1.0001
1.00009
1.00009
1.00009
1.00009
1.00009
1.00008
1.00008
1.00008
1.00008
1.00008
1.00008
1.00051
1.00078
1.00201
1.00202
1.00202
1.00201
1.00201
1.00201
1.00201
1.002
1.00201
1.002
1.00199
1.002
1.002
1.00199
1.00198
1.00199
1.00198
1.00197
1.00197
1.00197
1.00196
1.00196
1.00196
1.00195
1.00195
1.00195
1.00195
1.00194
1.00194
1.00194
1.00193
1.00193
1.00193
1.00193
1.00192
1.00192
1.00192
1.00192
1.00192
1.00192
1.00192
1.00192
1.00192
1.00192
1.00192
1.00193
1.00193
1.00193
1.00194
1.00194
1.00194
1.00196
1.00197
1.00197
1.00199
1.00202
1.00202
1.00202
1.00208
1.00211
1.00209
1.00214
1.00226
1.00226
1.00224
1.00244
1.0026
1.00249
1.0023
1
1
1
1
1
1
1
1
1
1
1
1
1
1
1
1
1
1
1
1
1
1
1
1
1
1
1
1
1
1
1
1
1
1
1
1
1
1
1
1
1
1
1
1
1
1
1
1
1
1
1
1
1
1
1
1
1
1
1
1
1
1
1
1
1
1
1
1
1
1
1
1
1
1
1
1
1
1
1
1
1
1
1
1
1
1
1
1
1
1
1.00021
1.00031
1.00031
1.0003
1.00029
1.00022
1.00022
1.00027
1.00032
1.00033
1.00033
1.00034
1.00036
1.00036
1.00036
1.00037
1.00037
1.00037
1.00037
1.00038
1.00038
1.00037
1.00037
1.00037
1.00037
1.00037
1.00037
1.00036
1.00036
1.00036
1.00036
1.00035
1.00035
1.00035
1.00034
1.00034
1.00034
1.00033
1.00033
1.00033
1.00033
1.00032
1.00032
1.00032
1.00031
1.00031
1.00031
1.0003
1.0003
1.0003
1.00029
1.00029
1.00029
1.00028
1.00028
1.00028
1.00028
1.00027
1.00027
1.00027
1.00026
1.00026
1.00026
1.00026
1.00025
1.00025
1.00025
1.00024
1.00024
1.00024
1.00024
1.00023
1.00023
1.00023
1.00023
1.00022
1.00022
1.00022
1.00021
1.00021
1.00021
1.00021
1.0002
1.0002
1.0002
1.0002
1.00019
1.00019
1.00019
1.00019
1.00018
1.00018
1.00018
1.00018
1.00017
1.00017
1.00017
1.00017
1.00016
1.00016
1.00016
1.00016
1.00015
1.00015
1.00015
1.00015
1.00014
1.00014
1.00014
1.00014
1.00013
1.00013
1.00013
1.00013
1.00012
1.00012
1.00012
1.00012
1.00011
1.00011
1.00011
1.00011
1.00011
1.0001
1.0001
1.0001
1.0001
1.0001
1.00009
1.00009
1.00009
1.00009
1.00009
1.00008
1.00008
1.00008
1.00008
1.00008
1.00008
1.00052
1.00078
1.00202
1.00201
1.00201
1.00201
1.00201
1.00201
1.00201
1.00201
1.002
1.002
1.002
1.002
1.00199
1.00199
1.00199
1.00198
1.00198
1.00198
1.00197
1.00196
1.00197
1.00196
1.00195
1.00195
1.00195
1.00195
1.00194
1.00194
1.00194
1.00193
1.00193
1.00193
1.00193
1.00192
1.00192
1.00192
1.00192
1.00192
1.00192
1.00192
1.00192
1.00192
1.00192
1.00192
1.00192
1.00193
1.00193
1.00193
1.00194
1.00194
1.00195
1.00196
1.00197
1.00197
1.00199
1.00201
1.00202
1.00203
1.00206
1.00209
1.00211
1.00215
1.0022
1.00222
1.00229
1.00241
1.00234
1.00227
1.00241
1.00219
1
1
1
1
1
1
1
1
1
1
1
1
1
1
1
1
1
1
1
1
1
1
1
1
1
1
1
1
1
1
1
1
1
1
1
1
1
1
1
1
1
1
1
1
1
1
1
1
1
1
1
1
1
1
1
1
1
1
1
1
1
1
1
1
1
1
1
1
1
1
1
1
1
1
1
1
1
1
1
1
1
1
1
1
1.00019
1.00031
1.00031
1.00028
1.00027
1.00025
1.00025
1.00028
1.0003
1.00027
1.00026
1.00024
1.0003
1.00033
1.00031
1.00032
1.00036
1.00036
1.00035
1.00036
1.00037
1.00037
1.00037
1.00038
1.00038
1.00037
1.00037
1.00037
1.00037
1.00037
1.00037
1.00037
1.00036
1.00036
1.00036
1.00036
1.00035
1.00035
1.00035
1.00034
1.00034
1.00034
1.00033
1.00033
1.00033
1.00032
1.00032
1.00032
1.00032
1.00031
1.00031
1.00031
1.0003
1.0003
1.0003
1.00029
1.00029
1.00029
1.00028
1.00028
1.00028
1.00028
1.00027
1.00027
1.00027
1.00026
1.00026
1.00026
1.00026
1.00025
1.00025
1.00025
1.00024
1.00024
1.00024
1.00024
1.00023
1.00023
1.00023
1.00023
1.00022
1.00022
1.00022
1.00022
1.00021
1.00021
1.00021
1.0002
1.0002
1.0002
1.0002
1.00019
1.00019
1.00019
1.00019
1.00018
1.00018
1.00018
1.00018
1.00017
1.00017
1.00017
1.00017
1.00016
1.00016
1.00016
1.00016
1.00015
1.00015
1.00015
1.00015
1.00014
1.00014
1.00014
1.00014
1.00013
1.00013
1.00013
1.00013
1.00012
1.00012
1.00012
1.00012
1.00011
1.00011
1.00011
1.00011
1.00011
1.0001
1.0001
1.0001
1.0001
1.0001
1.00009
1.00009
1.00009
1.00009
1.00009
1.00008
1.00008
1.00008
1.00008
1.00008
1.00008
1.00052
1.00078
1.00202
1.00201
1.00201
1.00201
1.00201
1.00201
1.00201
1.00201
1.002
1.002
1.002
1.002
1.00199
1.00199
1.00199
1.00198
1.00198
1.00198
1.00197
1.00196
1.00197
1.00196
1.00195
1.00195
1.00195
1.00195
1.00194
1.00194
1.00194
1.00193
1.00193
1.00193
1.00193
1.00192
1.00192
1.00192
1.00192
1.00192
1.00192
1.00192
1.00192
1.00192
1.00192
1.00192
1.00192
1.00192
1.00193
1.00193
1.00193
1.00194
1.00195
1.00195
1.00196
1.00198
1.00199
1.00199
1.00202
1.00205
1.00204
1.00206
1.00213
1.00215
1.00213
1.0022
1.00229
1.00227
1.0022
1.00221
1.00229
1.00212
1.00164
1.0017
1
1
1
1
1
1
1
1
1
1
1
1
1
1
1
1
1
1
1
1
1
1
1
1
1
1
1
1
1
1
1
1
1
1
1
1
1
1
1
1
1
1
1
1
1
1
1
1
1
1
1
1
1
1
1
1
1
1
1
1
1
1
1
1
1
1
1
1
1
1
1
1
1
1
1
1
1
1.00017
1.0003
1.0003
1.00027
1.00026
1.00024
1.00024
1.00028
1.0003
1.00026
1.00026
1.00026
1.00028
1.00027
1.00026
1.00029
1.0003
1.00029
1.00029
1.00033
1.00035
1.00034
1.00034
1.00036
1.00037
1.00036
1.00037
1.00038
1.00037
1.00037
1.00037
1.00037
1.00037
1.00037
1.00037
1.00037
1.00036
1.00036
1.00036
1.00036
1.00035
1.00035
1.00035
1.00035
1.00034
1.00034
1.00034
1.00033
1.00033
1.00033
1.00032
1.00032
1.00032
1.00031
1.00031
1.00031
1.00031
1.0003
1.0003
1.0003
1.00029
1.00029
1.00029
1.00028
1.00028
1.00028
1.00028
1.00027
1.00027
1.00027
1.00026
1.00026
1.00026
1.00026
1.00025
1.00025
1.00025
1.00024
1.00024
1.00024
1.00024
1.00023
1.00023
1.00023
1.00023
1.00022
1.00022
1.00022
1.00022
1.00021
1.00021
1.00021
1.0002
1.0002
1.0002
1.0002
1.00019
1.00019
1.00019
1.00019
1.00018
1.00018
1.00018
1.00018
1.00017
1.00017
1.00017
1.00017
1.00016
1.00016
1.00016
1.00016
1.00015
1.00015
1.00015
1.00015
1.00014
1.00014
1.00014
1.00014
1.00013
1.00013
1.00013
1.00013
1.00012
1.00012
1.00012
1.00012
1.00011
1.00011
1.00011
1.00011
1.00011
1.0001
1.0001
1.0001
1.0001
1.0001
1.00009
1.00009
1.00009
1.00009
1.00009
1.00008
1.00008
1.00008
1.00008
1.00008
1.00008
1.00053
1.00078
1.00201
1.00202
1.00202
1.00201
1.00201
1.00201
1.00201
1.002
1.00201
1.002
1.00199
1.002
1.002
1.00199
1.00198
1.00199
1.00198
1.00197
1.00197
1.00197
1.00196
1.00196
1.00196
1.00195
1.00195
1.00195
1.00194
1.00194
1.00194
1.00194
1.00193
1.00193
1.00193
1.00193
1.00192
1.00192
1.00192
1.00192
1.00192
1.00192
1.00192
1.00192
1.00192
1.00192
1.00192
1.00192
1.00193
1.00193
1.00193
1.00194
1.00195
1.00195
1.00196
1.00197
1.00198
1.00199
1.00201
1.00202
1.00204
1.00207
1.00208
1.00209
1.00214
1.00219
1.00215
1.00214
1.00226
1.00219
1.00187
1.00199
1.00215
1.00161
1.00142
1.00174
1
1
1
1
1
1
1
1
1
1
1
1
1
1
1
1
1
1
1
1
1
1
1
1
1
1
1
1
1
1
1
1
1
1
1
1
1
1
1
1
1
1
1
1
1
1
1
1
1
1
1
1
1
1
1
1
1
1
1
1
1
1
1
1
1
1
1
1
1
1
1.00016
1.00031
1.0003
1.00026
1.00025
1.00023
1.00022
1.00027
1.00029
1.00024
1.00025
1.00026
1.00027
1.00027
1.00027
1.00028
1.00028
1.00027
1.00027
1.00028
1.00028
1.00029
1.0003
1.00031
1.00033
1.00033
1.00033
1.00035
1.00036
1.00036
1.00036
1.00037
1.00037
1.00037
1.00037
1.00037
1.00037
1.00037
1.00037
1.00037
1.00036
1.00036
1.00036
1.00036
1.00036
1.00035
1.00035
1.00035
1.00034
1.00034
1.00034
1.00034
1.00033
1.00033
1.00033
1.00032
1.00032
1.00032
1.00031
1.00031
1.00031
1.00031
1.0003
1.0003
1.0003
1.00029
1.00029
1.00029
1.00028
1.00028
1.00028
1.00028
1.00027
1.00027
1.00027
1.00026
1.00026
1.00026
1.00026
1.00025
1.00025
1.00025
1.00024
1.00024
1.00024
1.00024
1.00023
1.00023
1.00023
1.00023
1.00022
1.00022
1.00022
1.00022
1.00021
1.00021
1.00021
1.0002
1.0002
1.0002
1.0002
1.00019
1.00019
1.00019
1.00019
1.00018
1.00018
1.00018
1.00018
1.00017
1.00017
1.00017
1.00017
1.00016
1.00016
1.00016
1.00016
1.00015
1.00015
1.00015
1.00015
1.00014
1.00014
1.00014
1.00014
1.00013
1.00013
1.00013
1.00013
1.00012
1.00012
1.00012
1.00012
1.00011
1.00011
1.00011
1.00011
1.00011
1.0001
1.0001
1.0001
1.0001
1.00009
1.00009
1.00009
1.00009
1.00009
1.00009
1.00008
1.00008
1.00008
1.00008
1.00008
1.00008
1.00053
1.00078
1.00201
1.00202
1.00202
1.00201
1.00201
1.00201
1.00201
1.002
1.00201
1.002
1.002
1.00199
1.002
1.00199
1.00198
1.00198
1.00198
1.00197
1.00197
1.00197
1.00196
1.00196
1.00196
1.00195
1.00195
1.00194
1.00194
1.00194
1.00194
1.00193
1.00193
1.00193
1.00193
1.00192
1.00192
1.00192
1.00192
1.00192
1.00192
1.00192
1.00192
1.00192
1.00192
1.00192
1.00192
1.00192
1.00192
1.00193
1.00193
1.00194
1.00194
1.00195
1.00196
1.00196
1.00197
1.00199
1.002
1.002
1.00203
1.00206
1.00205
1.00207
1.00211
1.00212
1.00212
1.00211
1.00209
1.00211
1.00201
1.00181
1.00179
1.00183
1.00184
1.00145
1.00131
1.00159
1
1
1
1
1
1
1
1
1
1
1
1
1
1
1
1
1
1
1
1
1
1
1
1
1
1
1
1
1
1
1
1
1
1
1
1
1
1
1
1
1
1
1
1
1
1
1
1
1
1
1
1
1
1
1
1
1
1
1
1
1
1.00016
1.00032
1.0003
1.00027
1.0003
1.0003
1.00024
1.0002
1.00022
1.00027
1.00029
1.00023
1.00025
1.00025
1.00026
1.00027
1.00026
1.00027
1.00027
1.00026
1.00026
1.00028
1.00028
1.00027
1.00027
1.00028
1.00029
1.00028
1.00029
1.00031
1.00032
1.00032
1.00032
1.00035
1.00035
1.00035
1.00036
1.00037
1.00037
1.00036
1.00037
1.00037
1.00037
1.00037
1.00037
1.00037
1.00036
1.00036
1.00036
1.00036
1.00036
1.00036
1.00035
1.00035
1.00035
1.00034
1.00034
1.00034
1.00034
1.00033
1.00033
1.00033
1.00032
1.00032
1.00032
1.00031
1.00031
1.00031
1.0003
1.0003
1.0003
1.0003
1.00029
1.00029
1.00029
1.00028
1.00028
1.00028
1.00028
1.00027
1.00027
1.00027
1.00026
1.00026
1.00026
1.00026
1.00025
1.00025
1.00025
1.00024
1.00024
1.00024
1.00024
1.00023
1.00023
1.00023
1.00023
1.00022
1.00022
1.00022
1.00022
1.00021
1.00021
1.00021
1.0002
1.0002
1.0002
1.0002
1.00019
1.00019
1.00019
1.00019
1.00018
1.00018
1.00018
1.00018
1.00017
1.00017
1.00017
1.00017
1.00016
1.00016
1.00016
1.00016
1.00015
1.00015
1.00015
1.00015
1.00014
1.00014
1.00014
1.00014
1.00013
1.00013
1.00013
1.00013
1.00012
1.00012
1.00012
1.00012
1.00011
1.00011
1.00011
1.00011
1.00011
1.0001
1.0001
1.0001
1.0001
1.00009
1.00009
1.00009
1.00009
1.00009
1.00008
1.00008
1.00008
1.00008
1.00008
1.00008
1.00008
1.00053
1.00078
1.00202
1.00201
1.00201
1.00202
1.00201
1.00201
1.00201
1.00201
1.002
1.002
1.00201
1.00199
1.00199
1.00199
1.00199
1.00198
1.00198
1.00198
1.00197
1.00196
1.00197
1.00196
1.00195
1.00195
1.00195
1.00194
1.00194
1.00194
1.00194
1.00193
1.00193
1.00193
1.00192
1.00192
1.00192
1.00192
1.00192
1.00192
1.00192
1.00192
1.00191
1.00191
1.00192
1.00192
1.00192
1.00192
1.00192
1.00192
1.00193
1.00193
1.00194
1.00194
1.00195
1.00196
1.00197
1.00197
1.00198
1.002
1.00201
1.00201
1.00204
1.00207
1.00205
1.00203
1.00209
1.00212
1.00196
1.00192
1.00206
1.0019
1.00166
1.00172
1.00169
1.00155
1.00164
1.00139
1.00119
1.00111
1.00124
1
1
1
1
1
1
1
1
1
1
1
1
1
1
1
1
1
1
1
1
1
1
1
1
1
1
1
1
1
1
1
1
1
1
1
1
1
1
1
1
1
1
1
1
1
1
1
1
1
1
1
1
1.00016
1.00032
1.0003
1.00029
1.00029
1.00026
1.00021
1.00024
1.00028
1.00029
1.00029
1.00028
1.00023
1.00025
1.00023
1.00025
1.00026
1.00025
1.00026
1.00027
1.00025
1.00025
1.00027
1.00026
1.00026
1.00027
1.00027
1.00027
1.00027
1.00028
1.00029
1.00028
1.00028
1.00029
1.0003
1.0003
1.00031
1.00032
1.00033
1.00034
1.00034
1.00035
1.00036
1.00036
1.00036
1.00037
1.00037
1.00036
1.00037
1.00037
1.00037
1.00036
1.00036
1.00036
1.00036
1.00036
1.00036
1.00035
1.00035
1.00035
1.00035
1.00034
1.00034
1.00034
1.00033
1.00033
1.00033
1.00032
1.00032
1.00032
1.00032
1.00031
1.00031
1.00031
1.0003
1.0003
1.0003
1.0003
1.00029
1.00029
1.00029
1.00028
1.00028
1.00028
1.00027
1.00027
1.00027
1.00027
1.00026
1.00026
1.00026
1.00026
1.00025
1.00025
1.00025
1.00024
1.00024
1.00024
1.00024
1.00023
1.00023
1.00023
1.00023
1.00022
1.00022
1.00022
1.00022
1.00021
1.00021
1.00021
1.0002
1.0002
1.0002
1.0002
1.00019
1.00019
1.00019
1.00019
1.00018
1.00018
1.00018
1.00018
1.00017
1.00017
1.00017
1.00017
1.00016
1.00016
1.00016
1.00016
1.00015
1.00015
1.00015
1.00015
1.00014
1.00014
1.00014
1.00014
1.00013
1.00013
1.00013
1.00013
1.00012
1.00012
1.00012
1.00012
1.00011
1.00011
1.00011
1.00011
1.00011
1.0001
1.0001
1.0001
1.0001
1.00009
1.00009
1.00009
1.00009
1.00009
1.00008
1.00008
1.00008
1.00008
1.00008
1.00008
1.00007
1.00052
1.00078
1.00202
1.00202
1.00202
1.00202
1.00202
1.00201
1.00201
1.00201
1.00201
1.002
1.002
1.002
1.00199
1.00199
1.00199
1.00198
1.00197
1.00198
1.00197
1.00196
1.00196
1.00196
1.00196
1.00195
1.00195
1.00195
1.00194
1.00194
1.00194
1.00193
1.00193
1.00193
1.00192
1.00192
1.00192
1.00192
1.00192
1.00191
1.00191
1.00191
1.00191
1.00191
1.00191
1.00191
1.00191
1.00191
1.00192
1.00192
1.00192
1.00193
1.00193
1.00194
1.00194
1.00195
1.00196
1.00196
1.00197
1.00199
1.00199
1.002
1.00201
1.00201
1.00203
1.00204
1.00199
1.002
1.00203
1.00193
1.00183
1.00185
1.00183
1.00169
1.00153
1.00158
1.00151
1.00134
1.00142
1.00119
1.00117
1.0012
1.00096
1.00082
1.00117
1
1
1
1
1
1
1
1
1
1
1
1
1
1
1
1
1
1
1
1
1
1
1
1
1
1
1
1
1
1
1
1
1
1
1
1
1
1
1
1
1
1.00015
1.00035
1.00032
1.00028
1.00032
1.00031
1.00024
1.00021
1.00023
1.00027
1.0003
1.00029
1.00024
1.00025
1.00024
1.00027
1.00029
1.00026
1.00025
1.00026
1.00027
1.00026
1.00024
1.00025
1.00027
1.00025
1.00025
1.00026
1.00026
1.00027
1.00026
1.00027
1.00027
1.00027
1.00027
1.00027
1.00028
1.00028
1.00028
1.00028
1.0003
1.0003
1.0003
1.00031
1.00033
1.00033
1.00033
1.00034
1.00035
1.00035
1.00035
1.00036
1.00036
1.00036
1.00036
1.00037
1.00036
1.00036
1.00036
1.00036
1.00036
1.00036
1.00036
1.00035
1.00035
1.00035
1.00035
1.00034
1.00034
1.00034
1.00034
1.00033
1.00033
1.00033
1.00032
1.00032
1.00032
1.00031
1.00031
1.00031
1.00031
1.0003
1.0003
1.0003
1.00029
1.00029
1.00029
1.00029
1.00028
1.00028
1.00028
1.00027
1.00027
1.00027
1.00027
1.00026
1.00026
1.00026
1.00026
1.00025
1.00025
1.00025
1.00024
1.00024
1.00024
1.00024
1.00023
1.00023
1.00023
1.00023
1.00022
1.00022
1.00022
1.00022
1.00021
1.00021
1.00021
1.0002
1.0002
1.0002
1.0002
1.00019
1.00019
1.00019
1.00019
1.00018
1.00018
1.00018
1.00018
1.00017
1.00017
1.00017
1.00017
1.00016
1.00016
1.00016
1.00016
1.00015
1.00015
1.00015
1.00015
1.00014
1.00014
1.00014
1.00014
1.00013
1.00013
1.00013
1.00013
1.00012
1.00012
1.00012
1.00012
1.00011
1.00011
1.00011
1.00011
1.00011
1.0001
1.0001
1.0001
1.0001
1.00009
1.00009
1.00009
1.00009
1.00009
1.00008
1.00008
1.00008
1.00008
1.00008
1.00008
1.00007
1.00052
1.00078
1.00202
1.00202
1.00202
1.00201
1.00201
1.00202
1.00201
1.002
1.00201
1.00201
1.00199
1.002
1.002
1.00199
1.00198
1.00199
1.00198
1.00197
1.00197
1.00197
1.00196
1.00196
1.00196
1.00195
1.00194
1.00194
1.00194
1.00194
1.00193
1.00193
1.00193
1.00192
1.00192
1.00192
1.00192
1.00192
1.00192
1.00191
1.00191
1.00191
1.00191
1.00191
1.00191
1.00191
1.00191
1.00191
1.00191
1.00192
1.00192
1.00192
1.00192
1.00193
1.00194
1.00194
1.00194
1.00196
1.00196
1.00196
1.00197
1.00199
1.00199
1.00197
1.00198
1.00202
1.00197
1.00191
1.00196
1.00195
1.0018
1.00178
1.00178
1.00165
1.0016
1.00158
1.00142
1.00135
1.00131
1.00127
1.00125
1.00113
1.00094
1.0011
1.00115
1.00091
1.00077
1.00081
1.00085
1.00078
1.00098
1
1
1
1
1
1
1
1
1
1
1
1
1
1
1
1
1
1
1
1
1
1
1
1
1
1.00019
1.00041
1.00038
1.00035
1.00037
1.00037
1.00034
1.00035
1.00033
1.00025
1.00021
1.00025
1.00029
1.0003
1.0003
1.00029
1.00024
1.00025
1.00024
1.00028
1.00028
1.00025
1.00026
1.00028
1.00027
1.00026
1.00026
1.00027
1.00027
1.00026
1.00024
1.00026
1.00026
1.00025
1.00026
1.00026
1.00026
1.00027
1.00027
1.00026
1.00027
1.00028
1.00027
1.00027
1.00028
1.00028
1.00028
1.00028
1.00029
1.0003
1.00029
1.0003
1.00031
1.00032
1.00032
1.00033
1.00034
1.00034
1.00034
1.00035
1.00036
1.00036
1.00035
1.00036
1.00036
1.00036
1.00036
1.00036
1.00036
1.00036
1.00036
1.00036
1.00035
1.00035
1.00035
1.00035
1.00034
1.00034
1.00034
1.00034
1.00033
1.00033
1.00033
1.00032
1.00032
1.00032
1.00032
1.00031
1.00031
1.00031
1.0003
1.0003
1.0003
1.0003
1.00029
1.00029
1.00029
1.00029
1.00028
1.00028
1.00028
1.00027
1.00027
1.00027
1.00027
1.00026
1.00026
1.00026
1.00025
1.00025
1.00025
1.00025
1.00024
1.00024
1.00024
1.00024
1.00023
1.00023
1.00023
1.00023
1.00022
1.00022
1.00022
1.00021
1.00021
1.00021
1.00021
1.0002
1.0002
1.0002
1.0002
1.00019
1.00019
1.00019
1.00019
1.00018
1.00018
1.00018
1.00018
1.00017
1.00017
1.00017
1.00017
1.00016
1.00016
1.00016
1.00016
1.00015
1.00015
1.00015
1.00015
1.00014
1.00014
1.00014
1.00014
1.00013
1.00013
1.00013
1.00013
1.00012
1.00012
1.00012
1.00012
1.00011
1.00011
1.00011
1.00011
1.00011
1.0001
1.0001
1.0001
1.0001
1.00009
1.00009
1.00009
1.00009
1.00009
1.00008
1.00008
1.00008
1.00008
1.00008
1.00007
1.00007
1.00052
1.00078
1.00202
1.00202
1.00202
1.00202
1.00202
1.00201
1.00202
1.00201
1.002
1.00201
1.002
1.00199
1.00199
1.002
1.00198
1.00198
1.00198
1.00198
1.00196
1.00197
1.00197
1.00196
1.00195
1.00195
1.00195
1.00194
1.00194
1.00194
1.00193
1.00193
1.00193
1.00193
1.00192
1.00192
1.00192
1.00192
1.00191
1.00191
1.00191
1.00191
1.00191
1.00191
1.00191
1.00191
1.00191
1.00191
1.00191
1.00191
1.00191
1.00192
1.00192
1.00192
1.00193
1.00193
1.00193
1.00194
1.00194
1.00195
1.00196
1.00195
1.00196
1.00198
1.00195
1.00192
1.00196
1.00194
1.00185
1.00185
1.00187
1.00177
1.00167
1.00166
1.00163
1.00148
1.00145
1.00144
1.00127
1.00128
1.00118
1.00106
1.00113
1.00113
1.00097
1.00098
1.00085
1.0008
1.00089
1.00094
1.00091
1.00077
1.00063
1.00058
1.00064
1.00064
1.00061
1.00061
1.00061
1.0006
1.00059
1.00058
1.00057
1.00056
1.00055
1.00053
1.00052
1.00051
1.00049
1.00048
1.00046
1.00043
1.00041
1.00042
1.00037
1.0003
1.00025
1.00029
1.00035
1.00038
1.00036
1.00035
1.00033
1.00034
1.00032
1.00025
1.00026
1.00025
1.00029
1.00031
1.00027
1.00026
1.00027
1.00028
1.00026
1.00026
1.00026
1.00027
1.00028
1.00025
1.00027
1.00027
1.00026
1.00027
1.00027
1.00026
1.00026
1.00026
1.00027
1.00026
1.00025
1.00026
1.00027
1.00026
1.00026
1.00027
1.00027
1.00027
1.00027
1.00028
1.00028
1.00028
1.00028
1.00029
1.00029
1.0003
1.0003
1.0003
1.00031
1.00032
1.00032
1.00033
1.00034
1.00034
1.00034
1.00035
1.00035
1.00035
1.00035
1.00036
1.00036
1.00035
1.00036
1.00036
1.00035
1.00035
1.00035
1.00035
1.00035
1.00035
1.00035
1.00034
1.00034
1.00034
1.00034
1.00033
1.00033
1.00033
1.00033
1.00032
1.00032
1.00032
1.00031
1.00031
1.00031
1.00031
1.0003
1.0003
1.0003
1.0003
1.00029
1.00029
1.00029
1.00028
1.00028
1.00028
1.00028
1.00027
1.00027
1.00027
1.00027
1.00026
1.00026
1.00026
1.00025
1.00025
1.00025
1.00025
1.00024
1.00024
1.00024
1.00024
1.00023
1.00023
1.00023
1.00023
1.00022
1.00022
1.00022
1.00021
1.00021
1.00021
1.00021
1.0002
1.0002
1.0002
1.0002
1.00019
1.00019
1.00019
1.00019
1.00018
1.00018
1.00018
1.00018
1.00017
1.00017
1.00017
1.00017
1.00016
1.00016
1.00016
1.00016
1.00015
1.00015
1.00015
1.00015
1.00014
1.00014
1.00014
1.00014
1.00013
1.00013
1.00013
1.00013
1.00012
1.00012
1.00012
1.00012
1.00011
1.00011
1.00011
1.00011
1.0001
1.0001
1.0001
1.0001
1.0001
1.00009
1.00009
1.00009
1.00009
1.00009
1.00008
1.00008
1.00008
1.00008
1.00008
1.00007
1.00007
1.00051
1.00078
1.00203
1.00202
1.00202
1.00203
1.00202
1.00201
1.00202
1.00202
1.002
1.002
1.00201
1.002
1.00198
1.00199
1.002
1.00198
1.00197
1.00198
1.00197
1.00196
1.00196
1.00196
1.00195
1.00195
1.00195
1.00194
1.00193
1.00193
1.00193
1.00193
1.00192
1.00192
1.00192
1.00192
1.00191
1.00191
1.00191
1.00191
1.00191
1.00191
1.0019
1.0019
1.0019
1.0019
1.0019
1.0019
1.00191
1.00191
1.00191
1.00191
1.00191
1.00191
1.00191
1.00192
1.00193
1.00192
1.00192
1.00193
1.00194
1.00193
1.00192
1.00194
1.00194
1.00189
1.0019
1.00191
1.00185
1.0018
1.0018
1.00175
1.00167
1.00165
1.00158
1.0015
1.00146
1.00138
1.00132
1.00128
1.00117
1.00114
1.00117
1.00103
1.00092
1.00098
1.00096
1.00088
1.00083
1.00088
1.00087
1.00081
1.00061
1.00062
1.00068
1.00063
1.00061
1.00062
1.00062
1.0006
1.00059
1.00059
1.00057
1.00056
1.00055
1.00053
1.00052
1.00051
1.00049
1.00047
1.00046
1.00044
1.0004
1.00041
1.00038
1.0003
1.00031
1.00031
1.00035
1.00037
1.00034
1.00035
1.00036
1.00031
1.00029
1.00029
1.00031
1.00028
1.00027
1.00028
1.00029
1.00028
1.00027
1.00026
1.00027
1.00027
1.00027
1.00028
1.00027
1.00026
1.00027
1.00027
1.00027
1.00027
1.00026
1.00026
1.00027
1.00026
1.00026
1.00027
1.00026
1.00026
1.00027
1.00027
1.00027
1.00027
1.00027
1.00027
1.00028
1.00028
1.00028
1.00028
1.00029
1.00029
1.00029
1.00029
1.0003
1.00031
1.00031
1.00031
1.00032
1.00033
1.00033
1.00033
1.00034
1.00034
1.00034
1.00035
1.00035
1.00035
1.00035
1.00035
1.00035
1.00035
1.00035
1.00035
1.00035
1.00035
1.00035
1.00035
1.00034
1.00034
1.00034
1.00034
1.00033
1.00033
1.00033
1.00033
1.00032
1.00032
1.00032
1.00032
1.00031
1.00031
1.00031
1.00031
1.0003
1.0003
1.0003
1.00029
1.00029
1.00029
1.00029
1.00028
1.00028
1.00028
1.00028
1.00027
1.00027
1.00027
1.00026
1.00026
1.00026
1.00026
1.00025
1.00025
1.00025
1.00025
1.00024
1.00024
1.00024
1.00024
1.00023
1.00023
1.00023
1.00023
1.00022
1.00022
1.00022
1.00021
1.00021
1.00021
1.00021
1.0002
1.0002
1.0002
1.0002
1.00019
1.00019
1.00019
1.00019
1.00018
1.00018
1.00018
1.00018
1.00017
1.00017
1.00017
1.00017
1.00016
1.00016
1.00016
1.00016
1.00015
1.00015
1.00015
1.00015
1.00014
1.00014
1.00014
1.00014
1.00013
1.00013
1.00013
1.00013
1.00012
1.00012
1.00012
1.00012
1.00011
1.00011
1.00011
1.00011
1.0001
1.0001
1.0001
1.0001
1.0001
1.00009
1.00009
1.00009
1.00009
1.00008
1.00008
1.00008
1.00008
1.00008
1.00007
1.00007
1.00007
1.0005
1.00078
1.00202
1.00203
1.00203
1.00202
1.00202
1.00203
1.00201
1.00201
1.00202
1.00201
1.002
1.00201
1.002
1.00198
1.00199
1.00199
1.00197
1.00197
1.00197
1.00197
1.00195
1.00196
1.00196
1.00195
1.00194
1.00194
1.00194
1.00193
1.00193
1.00193
1.00192
1.00192
1.00192
1.00192
1.00191
1.00191
1.00191
1.00191
1.0019
1.0019
1.0019
1.0019
1.0019
1.0019
1.0019
1.0019
1.0019
1.0019
1.0019
1.0019
1.0019
1.0019
1.00191
1.00191
1.00191
1.00191
1.00192
1.00191
1.00191
1.00192
1.00191
1.00188
1.0019
1.00191
1.00185
1.00183
1.00186
1.00181
1.00172
1.00172
1.00171
1.00161
1.00154
1.00154
1.00145
1.00137
1.00136
1.00125
1.00121
1.00119
1.00108
1.00106
1.00108
1.00093
1.0009
1.00094
1.00091
1.00085
1.00076
1.00075
1.00075
1.00071
1.00062
1.00063
1.00066
1.00063
1.0006
1.00061
1.0006
1.00058
1.00057
1.00056
1.00055
1.00053
1.00052
1.00051
1.00049
1.00047
1.00045
1.00044
1.00043
1.00038
1.00035
1.00035
1.00036
1.00034
1.00034
1.00034
1.00036
1.00035
1.00034
1.00032
1.00031
1.0003
1.00028
1.0003
1.00029
1.00028
1.00029
1.00029
1.00028
1.00027
1.00028
1.00028
1.00028
1.00027
1.00027
1.00028
1.00027
1.00026
1.00027
1.00027
1.00027
1.00027
1.00027
1.00027
1.00026
1.00027
1.00027
1.00026
1.00027
1.00027
1.00027
1.00027
1.00027
1.00028
1.00028
1.00028
1.00028
1.00029
1.00029
1.00029
1.0003
1.0003
1.0003
1.00031
1.00031
1.00032
1.00032
1.00032
1.00033
1.00033
1.00034
1.00034
1.00034
1.00035
1.00035
1.00035
1.00035
1.00035
1.00035
1.00035
1.00035
1.00035
1.00035
1.00034
1.00034
1.00034
1.00034
1.00034
1.00034
1.00033
1.00033
1.00033
1.00033
1.00032
1.00032
1.00032
1.00032
1.00031
1.00031
1.00031
1.00031
1.0003
1.0003
1.0003
1.0003
1.00029
1.00029
1.00029
1.00029
1.00028
1.00028
1.00028
1.00027
1.00027
1.00027
1.00027
1.00026
1.00026
1.00026
1.00026
1.00025
1.00025
1.00025
1.00025
1.00024
1.00024
1.00024
1.00024
1.00023
1.00023
1.00023
1.00023
1.00022
1.00022
1.00022
1.00021
1.00021
1.00021
1.00021
1.0002
1.0002
1.0002
1.0002
1.00019
1.00019
1.00019
1.00019
1.00018
1.00018
1.00018
1.00018
1.00017
1.00017
1.00017
1.00017
1.00016
1.00016
1.00016
1.00016
1.00015
1.00015
1.00015
1.00015
1.00014
1.00014
1.00014
1.00014
1.00013
1.00013
1.00013
1.00013
1.00012
1.00012
1.00012
1.00012
1.00011
1.00011
1.00011
1.00011
1.0001
1.0001
1.0001
1.0001
1.0001
1.00009
1.00009
1.00009
1.00009
1.00008
1.00008
1.00008
1.00008
1.00008
1.00007
1.00007
1.00007
1.00049
1.00078
1.00203
1.00203
1.00203
1.00202
1.00202
1.00203
1.00202
1.00201
1.00202
1.00202
1.002
1.002
1.00201
1.00199
1.00198
1.00199
1.00199
1.00197
1.00196
1.00197
1.00196
1.00195
1.00195
1.00195
1.00194
1.00194
1.00194
1.00193
1.00193
1.00192
1.00192
1.00192
1.00191
1.00191
1.00191
1.00191
1.00191
1.0019
1.0019
1.0019
1.0019
1.0019
1.0019
1.00189
1.0019
1.0019
1.00189
1.00189
1.0019
1.00189
1.00189
1.00189
1.0019
1.0019
1.00189
1.0019
1.0019
1.0019
1.00189
1.00189
1.0019
1.00188
1.00186
1.00187
1.00185
1.00181
1.0018
1.00178
1.00173
1.00169
1.00166
1.00161
1.00156
1.00151
1.00144
1.00141
1.00135
1.00126
1.00125
1.00119
1.0011
1.00108
1.00106
1.00098
1.00094
1.00092
1.0009
1.00087
1.00081
1.00075
1.00075
1.0007
1.00066
1.00068
1.00065
1.00062
1.00062
1.00062
1.0006
1.00059
1.00058
1.00057
1.00055
1.00054
1.00052
1.00051
1.00049
1.00048
1.00045
1.00044
1.00043
1.00039
1.00037
1.00037
1.00034
1.00036
1.00035
1.00035
1.00036
1.00034
1.00033
1.00033
1.00032
1.00031
1.00029
1.0003
1.0003
1.00029
1.00028
1.00028
1.00029
1.00028
1.00027
1.00027
1.00028
1.00028
1.00027
1.00028
1.00027
1.00028
1.00027
1.00027
1.00027
1.00027
1.00027
1.00027
1.00027
1.00027
1.00027
1.00027
1.00027
1.00027
1.00027
1.00028
1.00028
1.00028
1.00028
1.00028
1.00029
1.00029
1.00029
1.00029
1.0003
1.0003
1.0003
1.00031
1.00031
1.00032
1.00032
1.00032
1.00033
1.00033
1.00033
1.00034
1.00034
1.00034
1.00034
1.00034
1.00035
1.00034
1.00034
1.00035
1.00034
1.00034
1.00034
1.00034
1.00034
1.00034
1.00034
1.00033
1.00033
1.00033
1.00033
1.00033
1.00032
1.00032
1.00032
1.00032
1.00031
1.00031
1.00031
1.00031
1.0003
1.0003
1.0003
1.0003
1.00029
1.00029
1.00029
1.00029
1.00028
1.00028
1.00028
1.00028
1.00027
1.00027
1.00027
1.00027
1.00026
1.00026
1.00026
1.00026
1.00025
1.00025
1.00025
1.00025
1.00024
1.00024
1.00024
1.00024
1.00023
1.00023
1.00023
1.00023
1.00022
1.00022
1.00022
1.00021
1.00021
1.00021
1.00021
1.0002
1.0002
1.0002
1.0002
1.00019
1.00019
1.00019
1.00019
1.00018
1.00018
1.00018
1.00018
1.00017
1.00017
1.00017
1.00017
1.00016
1.00016
1.00016
1.00016
1.00015
1.00015
1.00015
1.00015
1.00014
1.00014
1.00014
1.00014
1.00013
1.00013
1.00013
1.00013
1.00012
1.00012
1.00012
1.00012
1.00011
1.00011
1.00011
1.00011
1.0001
1.0001
1.0001
1.0001
1.00009
1.00009
1.00009
1.00009
1.00009
1.00008
1.00008
1.00008
1.00008
1.00007
1.00007
1.00007
1.00007
1.00047
1.00079
1.00205
1.00203
1.00203
1.00205
1.00203
1.00201
1.00203
1.00203
1.002
1.00201
1.00202
1.002
1.00199
1.002
1.00199
1.00197
1.00198
1.00198
1.00196
1.00196
1.00196
1.00196
1.00194
1.00195
1.00195
1.00194
1.00193
1.00193
1.00193
1.00192
1.00192
1.00192
1.00191
1.00191
1.00191
1.00191
1.0019
1.0019
1.0019
1.0019
1.00189
1.00189
1.00189
1.00189
1.00189
1.00189
1.00189
1.00189
1.00189
1.00189
1.00189
1.00189
1.00188
1.00188
1.00189
1.00188
1.00188
1.00188
1.00188
1.00186
1.00186
1.00188
1.00185
1.00181
1.00183
1.00182
1.00176
1.00174
1.00174
1.00168
1.00162
1.00161
1.00157
1.00149
1.00146
1.00141
1.00134
1.00131
1.00124
1.00118
1.00118
1.00111
1.00102
1.00103
1.00101
1.00092
1.00088
1.00087
1.00086
1.00079
1.00073
1.00072
1.00073
1.00068
1.00064
1.00066
1.00065
1.00062
1.0006
1.0006
1.00059
1.00057
1.00055
1.00054
1.00053
1.00051
1.00049
1.00048
1.00047
1.00044
1.00042
1.00041
1.0004
1.00038
1.00036
1.00037
1.00036
1.00036
1.00035
1.00034
1.00035
1.00033
1.00031
1.00031
1.00032
1.0003
1.00029
1.0003
1.0003
1.00029
1.00029
1.00029
1.00028
1.00028
1.00028
1.00028
1.00028
1.00027
1.00028
1.00028
1.00027
1.00027
1.00028
1.00028
1.00027
1.00027
1.00027
1.00027
1.00027
1.00027
1.00028
1.00027
1.00028
1.00028
1.00028
1.00028
1.00028
1.00029
1.00029
1.00029
1.00029
1.0003
1.0003
1.0003
1.00031
1.00031
1.00031
1.00031
1.00032
1.00032
1.00032
1.00033
1.00033
1.00033
1.00033
1.00034
1.00034
1.00034
1.00034
1.00034
1.00034
1.00034
1.00034
1.00034
1.00034
1.00034
1.00034
1.00033
1.00033
1.00033
1.00033
1.00033
1.00033
1.00032
1.00032
1.00032
1.00032
1.00031
1.00031
1.00031
1.00031
1.00031
1.0003
1.0003
1.0003
1.0003
1.00029
1.00029
1.00029
1.00029
1.00028
1.00028
1.00028
1.00028
1.00027
1.00027
1.00027
1.00027
1.00026
1.00026
1.00026
1.00026
1.00025
1.00025
1.00025
1.00025
1.00024
1.00024
1.00024
1.00024
1.00023
1.00023
1.00023
1.00022
1.00022
1.00022
1.00022
1.00021
1.00021
1.00021
1.00021
1.0002
1.0002
1.0002
1.0002
1.00019
1.00019
1.00019
1.00019
1.00018
1.00018
1.00018
1.00018
1.00017
1.00017
1.00017
1.00017
1.00016
1.00016
1.00016
1.00016
1.00015
1.00015
1.00015
1.00015
1.00014
1.00014
1.00014
1.00014
1.00013
1.00013
1.00013
1.00013
1.00012
1.00012
1.00012
1.00012
1.00011
1.00011
1.00011
1.00011
1.0001
1.0001
1.0001
1.0001
1.00009
1.00009
1.00009
1.00009
1.00009
1.00008
1.00008
1.00008
1.00008
1.00007
1.00007
1.00007
1.00007
1.00046
1.00079
1.00204
1.00204
1.00204
1.00204
1.00204
1.00202
1.00202
1.00204
1.00202
1.002
1.00202
1.00201
1.00199
1.00199
1.002
1.00198
1.00197
1.00198
1.00198
1.00196
1.00195
1.00196
1.00195
1.00194
1.00194
1.00194
1.00193
1.00193
1.00193
1.00192
1.00192
1.00191
1.00191
1.00191
1.0019
1.0019
1.0019
1.0019
1.00189
1.00189
1.00189
1.00189
1.00189
1.00189
1.00188
1.00188
1.00188
1.00188
1.00188
1.00188
1.00188
1.00188
1.00188
1.00187
1.00187
1.00187
1.00187
1.00186
1.00186
1.00186
1.00184
1.00183
1.00184
1.00181
1.00179
1.00178
1.00176
1.00172
1.00169
1.00167
1.00163
1.00159
1.00154
1.00151
1.00147
1.0014
1.00136
1.00133
1.00125
1.00121
1.00118
1.00112
1.00107
1.00104
1.00099
1.00097
1.00093
1.00088
1.00085
1.00082
1.00078
1.00075
1.00073
1.00069
1.00069
1.00067
1.00064
1.00063
1.00063
1.00061
1.00059
1.00058
1.00057
1.00055
1.00053
1.00052
1.0005
1.00048
1.00047
1.00045
1.00043
1.00042
1.0004
1.00039
1.00039
1.00037
1.00036
1.00037
1.00036
1.00035
1.00035
1.00034
1.00033
1.00032
1.00032
1.00031
1.00031
1.0003
1.0003
1.0003
1.00029
1.00029
1.00029
1.00029
1.00028
1.00028
1.00028
1.00028
1.00028
1.00028
1.00028
1.00028
1.00027
1.00028
1.00028
1.00028
1.00027
1.00028
1.00028
1.00028
1.00028
1.00028
1.00028
1.00028
1.00028
1.00028
1.00029
1.00029
1.00029
1.00029
1.00029
1.0003
1.0003
1.0003
1.0003
1.00031
1.00031
1.00031
1.00032
1.00032
1.00032
1.00033
1.00033
1.00033
1.00033
1.00033
1.00034
1.00033
1.00034
1.00034
1.00034
1.00034
1.00034
1.00034
1.00033
1.00033
1.00033
1.00033
1.00033
1.00033
1.00033
1.00032
1.00032
1.00032
1.00032
1.00032
1.00031
1.00031
1.00031
1.00031
1.00031
1.0003
1.0003
1.0003
1.0003
1.00029
1.00029
1.00029
1.00029
1.00029
1.00028
1.00028
1.00028
1.00028
1.00027
1.00027
1.00027
1.00027
1.00026
1.00026
1.00026
1.00026
1.00025
1.00025
1.00025
1.00025
1.00024
1.00024
1.00024
1.00024
1.00023
1.00023
1.00023
1.00022
1.00022
1.00022
1.00022
1.00021
1.00021
1.00021
1.00021
1.0002
1.0002
1.0002
1.0002
1.00019
1.00019
1.00019
1.00019
1.00018
1.00018
1.00018
1.00018
1.00017
1.00017
1.00017
1.00017
1.00016
1.00016
1.00016
1.00016
1.00015
1.00015
1.00015
1.00015
1.00014
1.00014
1.00014
1.00014
1.00013
1.00013
1.00013
1.00013
1.00012
1.00012
1.00012
1.00012
1.00011
1.00011
1.00011
1.00011
1.0001
1.0001
1.0001
1.0001
1.00009
1.00009
1.00009
1.00009
1.00008
1.00008
1.00008
1.00008
1.00008
1.00007
1.00007
1.00007
1.00007
1.00044
1.00079
1.00203
1.00206
1.00205
1.00202
1.00204
1.00206
1.00202
1.00201
1.00204
1.00202
1.00199
1.00201
1.00202
1.00198
1.00198
1.002
1.00198
1.00196
1.00197
1.00197
1.00195
1.00195
1.00195
1.00194
1.00193
1.00193
1.00193
1.00192
1.00192
1.00192
1.00192
1.00191
1.00191
1.00191
1.0019
1.0019
1.0019
1.0019
1.00189
1.00189
1.00189
1.00189
1.00188
1.00188
1.00188
1.00188
1.00188
1.00187
1.00187
1.00187
1.00187
1.00187
1.00187
1.00186
1.00186
1.00186
1.00186
1.00185
1.00183
1.00184
1.00184
1.00181
1.0018
1.00181
1.00177
1.00174
1.00175
1.00172
1.00167
1.00165
1.00163
1.00157
1.00154
1.00151
1.00145
1.00141
1.00138
1.00131
1.00128
1.00125
1.00117
1.00114
1.00113
1.00105
1.001
1.00099
1.00096
1.00091
1.00086
1.00084
1.00082
1.00078
1.00074
1.00073
1.00072
1.00068
1.00066
1.00066
1.00064
1.00061
1.0006
1.00059
1.00057
1.00056
1.00054
1.00053
1.00051
1.00049
1.00047
1.00046
1.00045
1.00043
1.00041
1.0004
1.00039
1.00038
1.00038
1.00037
1.00037
1.00036
1.00034
1.00034
1.00034
1.00033
1.00031
1.00032
1.00032
1.0003
1.0003
1.0003
1.0003
1.00029
1.00029
1.00029
1.00029
1.00029
1.00028
1.00029
1.00028
1.00028
1.00028
1.00028
1.00028
1.00028
1.00028
1.00028
1.00028
1.00028
1.00028
1.00028
1.00028
1.00028
1.00028
1.00028
1.00028
1.00029
1.00029
1.00029
1.00029
1.00029
1.00029
1.0003
1.0003
1.0003
1.0003
1.00031
1.00031
1.00031
1.00031
1.00032
1.00032
1.00032
1.00032
1.00033
1.00033
1.00033
1.00033
1.00033
1.00033
1.00033
1.00033
1.00033
1.00033
1.00033
1.00033
1.00033
1.00033
1.00033
1.00033
1.00033
1.00032
1.00032
1.00032
1.00032
1.00032
1.00031
1.00031
1.00031
1.00031
1.00031
1.0003
1.0003
1.0003
1.0003
1.0003
1.00029
1.00029
1.00029
1.00029
1.00028
1.00028
1.00028
1.00028
1.00027
1.00027
1.00027
1.00027
1.00026
1.00026
1.00026
1.00026
1.00026
1.00025
1.00025
1.00025
1.00025
1.00024
1.00024
1.00024
1.00023
1.00023
1.00023
1.00023
1.00022
1.00022
1.00022
1.00022
1.00021
1.00021
1.00021
1.00021
1.0002
1.0002
1.0002
1.0002
1.00019
1.00019
1.00019
1.00019
1.00018
1.00018
1.00018
1.00018
1.00017
1.00017
1.00017
1.00017
1.00016
1.00016
1.00016
1.00016
1.00015
1.00015
1.00015
1.00015
1.00014
1.00014
1.00014
1.00014
1.00013
1.00013
1.00013
1.00013
1.00012
1.00012
1.00012
1.00012
1.00011
1.00011
1.00011
1.00011
1.0001
1.0001
1.0001
1.0001
1.00009
1.00009
1.00009
1.00009
1.00008
1.00008
1.00008
1.00008
1.00007
1.00007
1.00007
1.00007
1.00006
1.00042
1.00079
1.00206
1.00205
1.00205
1.00205
1.00204
1.00204
1.00205
1.00202
1.00202
1.00204
1.00201
1.00199
1.00201
1.00201
1.00197
1.00198
1.00199
1.00197
1.00195
1.00196
1.00196
1.00194
1.00194
1.00195
1.00194
1.00193
1.00193
1.00193
1.00192
1.00191
1.00191
1.00191
1.0019
1.0019
1.0019
1.0019
1.00189
1.00189
1.00189
1.00189
1.00188
1.00188
1.00188
1.00188
1.00187
1.00187
1.00187
1.00187
1.00186
1.00186
1.00186
1.00186
1.00185
1.00185
1.00185
1.00184
1.00184
1.00184
1.00183
1.00181
1.00182
1.00181
1.00178
1.00177
1.00177
1.00174
1.00171
1.00169
1.00168
1.00164
1.0016
1.00158
1.00154
1.00149
1.00145
1.00143
1.00138
1.00132
1.00129
1.00125
1.0012
1.00117
1.00112
1.00108
1.00106
1.001
1.00096
1.00094
1.00091
1.00086
1.00083
1.00081
1.00078
1.00075
1.00072
1.00071
1.0007
1.00067
1.00064
1.00064
1.00062
1.0006
1.00058
1.00057
1.00055
1.00053
1.00052
1.00051
1.00049
1.00047
1.00045
1.00044
1.00043
1.00041
1.0004
1.0004
1.00039
1.00037
1.00037
1.00037
1.00036
1.00035
1.00034
1.00034
1.00033
1.00032
1.00032
1.00032
1.00031
1.0003
1.0003
1.0003
1.0003
1.00029
1.0003
1.00029
1.00029
1.00029
1.00029
1.00029
1.00029
1.00028
1.00029
1.00028
1.00028
1.00028
1.00028
1.00028
1.00028
1.00028
1.00028
1.00028
1.00028
1.00029
1.00029
1.00029
1.00029
1.00029
1.00029
1.00029
1.0003
1.0003
1.0003
1.0003
1.0003
1.00031
1.00031
1.00031
1.00031
1.00032
1.00032
1.00032
1.00032
1.00032
1.00033
1.00033
1.00033
1.00033
1.00033
1.00033
1.00033
1.00033
1.00033
1.00033
1.00033
1.00033
1.00032
1.00032
1.00032
1.00032
1.00032
1.00032
1.00032
1.00032
1.00031
1.00031
1.00031
1.00031
1.00031
1.0003
1.0003
1.0003
1.0003
1.0003
1.00029
1.00029
1.00029
1.00029
1.00029
1.00028
1.00028
1.00028
1.00028
1.00027
1.00027
1.00027
1.00027
1.00026
1.00026
1.00026
1.00026
1.00025
1.00025
1.00025
1.00025
1.00024
1.00024
1.00024
1.00024
1.00023
1.00023
1.00023
1.00023
1.00022
1.00022
1.00022
1.00022
1.00021
1.00021
1.00021
1.00021
1.0002
1.0002
1.0002
1.0002
1.00019
1.00019
1.00019
1.00019
1.00018
1.00018
1.00018
1.00018
1.00017
1.00017
1.00017
1.00017
1.00016
1.00016
1.00016
1.00016
1.00015
1.00015
1.00015
1.00015
1.00014
1.00014
1.00014
1.00014
1.00013
1.00013
1.00013
1.00013
1.00012
1.00012
1.00012
1.00012
1.00011
1.00011
1.00011
1.00011
1.0001
1.0001
1.0001
1.0001
1.00009
1.00009
1.00009
1.00009
1.00008
1.00008
1.00008
1.00008
1.00007
1.00007
1.00007
1.00007
1.00006
1.00039
1.0008
1.00208
1.00204
1.00204
1.00209
1.00206
1.00201
1.00205
1.00207
1.002
1.00201
1.00205
1.00201
1.00198
1.002
1.00201
1.00197
1.00197
1.00198
1.00197
1.00195
1.00195
1.00196
1.00194
1.00193
1.00194
1.00193
1.00192
1.00192
1.00192
1.00191
1.00191
1.00191
1.0019
1.0019
1.0019
1.00189
1.00189
1.00189
1.00188
1.00188
1.00188
1.00188
1.00187
1.00187
1.00187
1.00187
1.00186
1.00186
1.00186
1.00185
1.00185
1.00185
1.00184
1.00184
1.00184
1.00183
1.00182
1.00182
1.00182
1.0018
1.00179
1.00179
1.00178
1.00175
1.00174
1.00173
1.0017
1.00168
1.00166
1.00163
1.00159
1.00157
1.00153
1.00149
1.00147
1.00142
1.00138
1.00135
1.0013
1.00125
1.00124
1.00119
1.00113
1.00111
1.00108
1.00103
1.00099
1.00096
1.00093
1.00089
1.00085
1.00083
1.00081
1.00077
1.00075
1.00074
1.00071
1.00068
1.00067
1.00065
1.00063
1.00061
1.0006
1.00058
1.00056
1.00055
1.00053
1.00051
1.0005
1.00048
1.00047
1.00045
1.00044
1.00043
1.00041
1.0004
1.0004
1.00039
1.00038
1.00037
1.00037
1.00036
1.00035
1.00034
1.00034
1.00033
1.00032
1.00032
1.00032
1.00031
1.00031
1.00031
1.00031
1.0003
1.0003
1.0003
1.0003
1.00029
1.00029
1.00029
1.00029
1.00029
1.00029
1.00029
1.00029
1.00029
1.00028
1.00029
1.00029
1.00028
1.00029
1.00029
1.00029
1.00029
1.00029
1.00029
1.00029
1.00029
1.00029
1.00029
1.0003
1.0003
1.0003
1.0003
1.0003
1.00031
1.00031
1.00031
1.00031
1.00031
1.00032
1.00032
1.00032
1.00032
1.00032
1.00032
1.00032
1.00032
1.00032
1.00033
1.00033
1.00032
1.00032
1.00032
1.00032
1.00032
1.00032
1.00032
1.00032
1.00032
1.00032
1.00032
1.00031
1.00031
1.00031
1.00031
1.00031
1.00031
1.0003
1.0003
1.0003
1.0003
1.0003
1.00029
1.00029
1.00029
1.00029
1.00029
1.00028
1.00028
1.00028
1.00028
1.00028
1.00027
1.00027
1.00027
1.00027
1.00026
1.00026
1.00026
1.00026
1.00025
1.00025
1.00025
1.00025
1.00024
1.00024
1.00024
1.00024
1.00023
1.00023
1.00023
1.00023
1.00022
1.00022
1.00022
1.00022
1.00021
1.00021
1.00021
1.00021
1.0002
1.0002
1.0002
1.0002
1.00019
1.00019
1.00019
1.00019
1.00018
1.00018
1.00018
1.00018
1.00017
1.00017
1.00017
1.00017
1.00016
1.00016
1.00016
1.00016
1.00015
1.00015
1.00015
1.00015
1.00014
1.00014
1.00014
1.00014
1.00013
1.00013
1.00013
1.00013
1.00012
1.00012
1.00012
1.00012
1.00011
1.00011
1.00011
1.00011
1.0001
1.0001
1.0001
1.0001
1.00009
1.00009
1.00009
1.00009
1.00008
1.00008
1.00008
1.00008
1.00007
1.00007
1.00007
1.00007
1.00006
1.00037
1.0008
1.00205
1.00208
1.00207
1.00204
1.00207
1.00206
1.00202
1.00204
1.00205
1.00201
1.00201
1.00203
1.002
1.00198
1.002
1.00199
1.00196
1.00196
1.00197
1.00196
1.00194
1.00195
1.00195
1.00193
1.00193
1.00193
1.00192
1.00192
1.00191
1.00191
1.00191
1.0019
1.0019
1.0019
1.00189
1.00189
1.00189
1.00188
1.00188
1.00188
1.00188
1.00187
1.00187
1.00187
1.00186
1.00186
1.00186
1.00185
1.00185
1.00185
1.00184
1.00184
1.00184
1.00183
1.00182
1.00182
1.00182
1.0018
1.0018
1.0018
1.00178
1.00176
1.00176
1.00175
1.00172
1.00171
1.0017
1.00167
1.00164
1.00162
1.0016
1.00156
1.00152
1.0015
1.00147
1.00142
1.00139
1.00136
1.00131
1.00128
1.00124
1.0012
1.00117
1.00113
1.00108
1.00105
1.00103
1.00097
1.00094
1.00092
1.00089
1.00085
1.00082
1.0008
1.00078
1.00075
1.00072
1.00071
1.00069
1.00066
1.00064
1.00063
1.00061
1.00059
1.00057
1.00056
1.00054
1.00052
1.00051
1.00049
1.00048
1.00046
1.00045
1.00044
1.00043
1.00041
1.0004
1.0004
1.00039
1.00038
1.00037
1.00037
1.00036
1.00035
1.00034
1.00034
1.00034
1.00033
1.00032
1.00032
1.00032
1.00031
1.00031
1.00031
1.0003
1.0003
1.0003
1.0003
1.0003
1.00029
1.00029
1.00029
1.00029
1.00029
1.00029
1.00029
1.00029
1.00029
1.00029
1.00029
1.00029
1.00029
1.00029
1.00029
1.00029
1.00029
1.00029
1.00029
1.00029
1.0003
1.0003
1.0003
1.0003
1.0003
1.0003
1.00031
1.00031
1.00031
1.00031
1.00031
1.00031
1.00031
1.00032
1.00032
1.00032
1.00032
1.00032
1.00032
1.00032
1.00032
1.00032
1.00032
1.00032
1.00032
1.00032
1.00032
1.00032
1.00032
1.00032
1.00032
1.00031
1.00031
1.00031
1.00031
1.00031
1.00031
1.00031
1.0003
1.0003
1.0003
1.0003
1.0003
1.0003
1.00029
1.00029
1.00029
1.00029
1.00029
1.00028
1.00028
1.00028
1.00028
1.00027
1.00027
1.00027
1.00027
1.00027
1.00026
1.00026
1.00026
1.00026
1.00025
1.00025
1.00025
1.00025
1.00024
1.00024
1.00024
1.00024
1.00023
1.00023
1.00023
1.00023
1.00022
1.00022
1.00022
1.00022
1.00021
1.00021
1.00021
1.00021
1.0002
1.0002
1.0002
1.0002
1.00019
1.00019
1.00019
1.00019
1.00018
1.00018
1.00018
1.00018
1.00017
1.00017
1.00017
1.00017
1.00016
1.00016
1.00016
1.00016
1.00015
1.00015
1.00015
1.00015
1.00014
1.00014
1.00014
1.00014
1.00013
1.00013
1.00013
1.00013
1.00012
1.00012
1.00012
1.00012
1.00011
1.00011
1.00011
1.00011
1.0001
1.0001
1.0001
1.0001
1.00009
1.00009
1.00009
1.00009
1.00008
1.00008
1.00008
1.00008
1.00007
1.00007
1.00007
1.00007
1.00006
1.00034
1.00079
1.00206
1.0021
1.00209
1.00203
1.00206
1.00211
1.00204
1.002
1.00206
1.00206
1.00198
1.002
1.00204
1.00199
1.00196
1.00199
1.00199
1.00195
1.00195
1.00197
1.00195
1.00193
1.00194
1.00194
1.00193
1.00192
1.00192
1.00192
1.00191
1.00191
1.00191
1.0019
1.00189
1.00189
1.00189
1.00189
1.00188
1.00188
1.00188
1.00187
1.00187
1.00187
1.00186
1.00186
1.00186
1.00186
1.00185
1.00185
1.00184
1.00184
1.00184
1.00183
1.00183
1.00183
1.00182
1.00181
1.00181
1.0018
1.00178
1.00178
1.00178
1.00176
1.00174
1.00174
1.00172
1.00169
1.00168
1.00166
1.00163
1.00161
1.00159
1.00155
1.00153
1.0015
1.00146
1.00143
1.0014
1.00135
1.00132
1.0013
1.00124
1.00121
1.00119
1.00114
1.0011
1.00107
1.00104
1.001
1.00097
1.00093
1.00091
1.00088
1.00085
1.00082
1.0008
1.00077
1.00075
1.00073
1.0007
1.00068
1.00067
1.00064
1.00062
1.00061
1.00059
1.00057
1.00055
1.00054
1.00052
1.0005
1.00049
1.00048
1.00046
1.00045
1.00044
1.00043
1.00042
1.0004
1.0004
1.00039
1.00038
1.00037
1.00037
1.00036
1.00035
1.00035
1.00034
1.00033
1.00033
1.00033
1.00032
1.00032
1.00031
1.00031
1.00031
1.00031
1.0003
1.0003
1.0003
1.0003
1.0003
1.00029
1.00029
1.00029
1.00029
1.00029
1.00029
1.00029
1.00029
1.00029
1.00029
1.00029
1.00029
1.00029
1.00029
1.00029
1.00029
1.00029
1.00029
1.0003
1.0003
1.0003
1.0003
1.0003
1.0003
1.0003
1.00031
1.00031
1.00031
1.00031
1.00031
1.00031
1.00031
1.00031
1.00032
1.00032
1.00032
1.00032
1.00032
1.00032
1.00032
1.00032
1.00032
1.00032
1.00032
1.00032
1.00032
1.00031
1.00031
1.00031
1.00031
1.00031
1.00031
1.00031
1.00031
1.00031
1.0003
1.0003
1.0003
1.0003
1.0003
1.0003
1.00029
1.00029
1.00029
1.00029
1.00029
1.00028
1.00028
1.00028
1.00028
1.00028
1.00027
1.00027
1.00027
1.00027
1.00027
1.00026
1.00026
1.00026
1.00026
1.00025
1.00025
1.00025
1.00025
1.00024
1.00024
1.00024
1.00024
1.00023
1.00023
1.00023
1.00023
1.00022
1.00022
1.00022
1.00022
1.00021
1.00021
1.00021
1.00021
1.0002
1.0002
1.0002
1.0002
1.00019
1.00019
1.00019
1.00019
1.00018
1.00018
1.00018
1.00018
1.00017
1.00017
1.00017
1.00017
1.00016
1.00016
1.00016
1.00016
1.00015
1.00015
1.00015
1.00015
1.00014
1.00014
1.00014
1.00014
1.00013
1.00013
1.00013
1.00013
1.00012
1.00012
1.00012
1.00012
1.00011
1.00011
1.00011
1.00011
1.0001
1.0001
1.0001
1.0001
1.00009
1.00009
1.00009
1.00009
1.00008
1.00008
1.00008
1.00008
1.00007
1.00007
1.00007
1.00006
1.00006
1.00031
1.00081
1.00213
1.00205
1.00207
1.00213
1.00206
1.00203
1.00209
1.00206
1.002
1.00204
1.00205
1.00199
1.00199
1.00202
1.00199
1.00196
1.00197
1.00198
1.00195
1.00194
1.00195
1.00194
1.00193
1.00193
1.00193
1.00192
1.00191
1.00191
1.00191
1.0019
1.0019
1.0019
1.00189
1.00189
1.00189
1.00188
1.00188
1.00188
1.00187
1.00187
1.00187
1.00186
1.00186
1.00186
1.00185
1.00185
1.00185
1.00184
1.00184
1.00183
1.00183
1.00183
1.00182
1.00182
1.00181
1.0018
1.00179
1.00179
1.00178
1.00176
1.00176
1.00175
1.00173
1.00172
1.00171
1.00169
1.00166
1.00165
1.00163
1.00161
1.00157
1.00155
1.00153
1.00149
1.00146
1.00144
1.0014
1.00137
1.00133
1.0013
1.00126
1.00123
1.00119
1.00116
1.00113
1.00109
1.00105
1.00103
1.00099
1.00095
1.00093
1.0009
1.00087
1.00084
1.00081
1.00079
1.00077
1.00074
1.00072
1.0007
1.00068
1.00066
1.00064
1.00062
1.0006
1.00058
1.00057
1.00055
1.00053
1.00052
1.0005
1.00049
1.00047
1.00046
1.00045
1.00044
1.00043
1.00041
1.00041
1.0004
1.00039
1.00038
1.00037
1.00037
1.00036
1.00035
1.00034
1.00034
1.00034
1.00033
1.00033
1.00032
1.00032
1.00031
1.00031
1.00031
1.00031
1.0003
1.0003
1.0003
1.0003
1.0003
1.0003
1.0003
1.00029
1.00029
1.00029
1.00029
1.00029
1.00029
1.00029
1.00029
1.00029
1.00029
1.00029
1.00029
1.00029
1.00029
1.00029
1.0003
1.0003
1.0003
1.0003
1.0003
1.0003
1.0003
1.0003
1.00031
1.00031
1.00031
1.00031
1.00031
1.00031
1.00031
1.00031
1.00031
1.00031
1.00031
1.00031
1.00031
1.00032
1.00031
1.00031
1.00031
1.00031
1.00031
1.00031
1.00031
1.00031
1.00031
1.00031
1.00031
1.00031
1.00031
1.00031
1.0003
1.0003
1.0003
1.0003
1.0003
1.0003
1.00029
1.00029
1.00029
1.00029
1.00029
1.00029
1.00028
1.00028
1.00028
1.00028
1.00028
1.00027
1.00027
1.00027
1.00027
1.00027
1.00026
1.00026
1.00026
1.00026
1.00025
1.00025
1.00025
1.00025
1.00024
1.00024
1.00024
1.00024
1.00023
1.00023
1.00023
1.00023
1.00022
1.00022
1.00022
1.00022
1.00021
1.00021
1.00021
1.00021
1.0002
1.0002
1.0002
1.0002
1.00019
1.00019
1.00019
1.00019
1.00018
1.00018
1.00018
1.00018
1.00017
1.00017
1.00017
1.00017
1.00016
1.00016
1.00016
1.00016
1.00015
1.00015
1.00015
1.00015
1.00014
1.00014
1.00014
1.00014
1.00013
1.00013
1.00013
1.00013
1.00012
1.00012
1.00012
1.00012
1.00011
1.00011
1.00011
1.00011
1.0001
1.0001
1.0001
1.0001
1.00009
1.00009
1.00009
1.00009
1.00008
1.00008
1.00008
1.00008
1.00007
1.00007
1.00007
1.00006
1.00006
1.00028
1.00081
1.00211
1.00209
1.00208
1.00213
1.0021
1.00202
1.00207
1.00211
1.00202
1.00199
1.00206
1.00203
1.00197
1.00199
1.00201
1.00197
1.00195
1.00197
1.00197
1.00194
1.00194
1.00195
1.00194
1.00192
1.00192
1.00192
1.00191
1.00191
1.00191
1.0019
1.0019
1.00189
1.00189
1.00189
1.00188
1.00188
1.00188
1.00187
1.00187
1.00187
1.00186
1.00186
1.00186
1.00185
1.00185
1.00184
1.00184
1.00184
1.00183
1.00183
1.00182
1.00182
1.00181
1.00181
1.0018
1.0018
1.00179
1.00178
1.00177
1.00176
1.00175
1.00174
1.00173
1.00171
1.00169
1.00168
1.00166
1.00164
1.00162
1.0016
1.00158
1.00155
1.00152
1.0015
1.00147
1.00143
1.0014
1.00138
1.00134
1.0013
1.00128
1.00124
1.0012
1.00117
1.00114
1.00111
1.00108
1.00104
1.00101
1.00098
1.00095
1.00092
1.00089
1.00086
1.00083
1.00081
1.00078
1.00076
1.00074
1.00071
1.00069
1.00067
1.00066
1.00063
1.00061
1.0006
1.00058
1.00056
1.00054
1.00053
1.00051
1.0005
1.00048
1.00047
1.00046
1.00044
1.00043
1.00043
1.00041
1.0004
1.0004
1.00039
1.00038
1.00037
1.00037
1.00036
1.00035
1.00035
1.00034
1.00034
1.00033
1.00033
1.00032
1.00032
1.00032
1.00031
1.00031
1.00031
1.0003
1.0003
1.0003
1.0003
1.0003
1.0003
1.0003
1.00029
1.00029
1.00029
1.00029
1.00029
1.00029
1.00029
1.00029
1.00029
1.00029
1.00029
1.00029
1.00029
1.0003
1.0003
1.0003
1.0003
1.0003
1.0003
1.0003
1.0003
1.0003
1.0003
1.0003
1.00031
1.00031
1.00031
1.00031
1.00031
1.00031
1.00031
1.00031
1.00031
1.00031
1.00031
1.00031
1.00031
1.00031
1.00031
1.00031
1.00031
1.00031
1.00031
1.00031
1.00031
1.00031
1.00031
1.00031
1.0003
1.0003
1.0003
1.0003
1.0003
1.0003
1.0003
1.0003
1.00029
1.00029
1.00029
1.00029
1.00029
1.00029
1.00028
1.00028
1.00028
1.00028
1.00028
1.00027
1.00027
1.00027
1.00027
1.00026
1.00026
1.00026
1.00026
1.00026
1.00025
1.00025
1.00025
1.00025
1.00024
1.00024
1.00024
1.00024
1.00023
1.00023
1.00023
1.00023
1.00022
1.00022
1.00022
1.00022
1.00021
1.00021
1.00021
1.00021
1.0002
1.0002
1.0002
1.0002
1.00019
1.00019
1.00019
1.00019
1.00018
1.00018
1.00018
1.00018
1.00017
1.00017
1.00017
1.00017
1.00016
1.00016
1.00016
1.00016
1.00015
1.00015
1.00015
1.00015
1.00014
1.00014
1.00014
1.00014
1.00013
1.00013
1.00013
1.00013
1.00012
1.00012
1.00012
1.00012
1.00011
1.00011
1.00011
1.00011
1.0001
1.0001
1.0001
1.0001
1.00009
1.00009
1.00009
1.00009
1.00008
1.00008
1.00008
1.00007
1.00007
1.00007
1.00007
1.00006
1.00006
1.00025
1.00081
1.00205
1.00219
1.00215
1.00201
1.00211
1.00217
1.00202
1.00202
1.00211
1.00204
1.00197
1.00202
1.00203
1.00197
1.00196
1.00199
1.00198
1.00194
1.00195
1.00196
1.00194
1.00193
1.00193
1.00193
1.00191
1.00191
1.00191
1.00191
1.0019
1.0019
1.0019
1.00189
1.00189
1.00188
1.00188
1.00188
1.00187
1.00187
1.00187
1.00186
1.00186
1.00186
1.00185
1.00185
1.00184
1.00184
1.00184
1.00183
1.00183
1.00182
1.00182
1.00181
1.00181
1.0018
1.00179
1.00179
1.00178
1.00177
1.00176
1.00176
1.00174
1.00173
1.00172
1.00171
1.00169
1.00167
1.00166
1.00164
1.00161
1.00159
1.00158
1.00155
1.00152
1.0015
1.00147
1.00144
1.00141
1.00138
1.00135
1.00132
1.00128
1.00125
1.00122
1.00119
1.00115
1.00112
1.00109
1.00105
1.00102
1.001
1.00097
1.00093
1.0009
1.00088
1.00085
1.00082
1.0008
1.00078
1.00075
1.00073
1.00071
1.00069
1.00066
1.00064
1.00063
1.00061
1.00059
1.00057
1.00055
1.00054
1.00052
1.00051
1.00049
1.00048
1.00047
1.00045
1.00044
1.00043
1.00042
1.00041
1.0004
1.00039
1.00039
1.00038
1.00037
1.00036
1.00036
1.00035
1.00034
1.00034
1.00034
1.00033
1.00033
1.00032
1.00032
1.00032
1.00031
1.00031
1.00031
1.0003
1.0003
1.0003
1.0003
1.0003
1.0003
1.0003
1.00029
1.00029
1.00029
1.00029
1.00029
1.00029
1.00029
1.00029
1.00029
1.00029
1.00029
1.00029
1.0003
1.0003
1.0003
1.0003
1.0003
1.0003
1.0003
1.0003
1.0003
1.0003
1.0003
1.0003
1.00031
1.00031
1.00031
1.00031
1.00031
1.00031
1.00031
1.00031
1.00031
1.00031
1.00031
1.00031
1.00031
1.00031
1.00031
1.00031
1.00031
1.00031
1.00031
1.00031
1.00031
1.00031
1.0003
1.0003
1.0003
1.0003
1.0003
1.0003
1.0003
1.0003
1.00029
1.00029
1.00029
1.00029
1.00029
1.00029
1.00028
1.00028
1.00028
1.00028
1.00028
1.00027
1.00027
1.00027
1.00027
1.00027
1.00026
1.00026
1.00026
1.00026
1.00026
1.00025
1.00025
1.00025
1.00025
1.00024
1.00024
1.00024
1.00024
1.00023
1.00023
1.00023
1.00023
1.00022
1.00022
1.00022
1.00022
1.00021
1.00021
1.00021
1.00021
1.0002
1.0002
1.0002
1.0002
1.00019
1.00019
1.00019
1.00019
1.00018
1.00018
1.00018
1.00018
1.00017
1.00017
1.00017
1.00017
1.00016
1.00016
1.00016
1.00016
1.00015
1.00015
1.00015
1.00015
1.00014
1.00014
1.00014
1.00014
1.00013
1.00013
1.00013
1.00013
1.00012
1.00012
1.00012
1.00012
1.00011
1.00011
1.00011
1.00011
1.0001
1.0001
1.0001
1.0001
1.00009
1.00009
1.00009
1.00008
1.00008
1.00008
1.00008
1.00007
1.00007
1.00007
1.00007
1.00006
1.00006
1.00022
1.0008
1.00217
1.00214
1.00214
1.00211
1.00208
1.00214
1.00209
1.00201
1.00206
1.00208
1.002
1.00198
1.00203
1.00201
1.00196
1.00196
1.00198
1.00196
1.00194
1.00194
1.00194
1.00193
1.00192
1.00192
1.00192
1.00191
1.00191
1.00191
1.0019
1.00189
1.00189
1.00189
1.00188
1.00188
1.00188
1.00187
1.00187
1.00187
1.00186
1.00186
1.00186
1.00185
1.00185
1.00185
1.00184
1.00184
1.00183
1.00183
1.00182
1.00182
1.00181
1.00181
1.0018
1.0018
1.00179
1.00178
1.00177
1.00177
1.00176
1.00174
1.00174
1.00173
1.00171
1.0017
1.00169
1.00167
1.00165
1.00163
1.00161
1.00159
1.00157
1.00155
1.00153
1.0015
1.00147
1.00145
1.00142
1.00138
1.00136
1.00133
1.00129
1.00126
1.00123
1.0012
1.00117
1.00113
1.0011
1.00107
1.00104
1.00101
1.00098
1.00095
1.00092
1.00089
1.00087
1.00084
1.00082
1.00079
1.00076
1.00074
1.00072
1.0007
1.00067
1.00066
1.00064
1.00061
1.0006
1.00058
1.00056
1.00055
1.00053
1.00052
1.0005
1.00049
1.00047
1.00046
1.00045
1.00044
1.00043
1.00042
1.00041
1.0004
1.00039
1.00038
1.00037
1.00037
1.00036
1.00036
1.00035
1.00034
1.00034
1.00033
1.00033
1.00032
1.00032
1.00032
1.00031
1.00031
1.00031
1.00031
1.0003
1.0003
1.0003
1.0003
1.0003
1.0003
1.0003
1.00029
1.00029
1.00029
1.00029
1.00029
1.00029
1.00029
1.00029
1.00029
1.00029
1.00029
1.00029
1.00029
1.0003
1.0003
1.0003
1.0003
1.0003
1.0003
1.0003
1.0003
1.0003
1.0003
1.0003
1.0003
1.0003
1.00031
1.00031
1.00031
1.00031
1.00031
1.00031
1.00031
1.00031
1.00031
1.00031
1.00031
1.00031
1.00031
1.00031
1.00031
1.00031
1.00031
1.0003
1.0003
1.0003
1.0003
1.0003
1.0003
1.0003
1.0003
1.0003
1.00029
1.00029
1.00029
1.00029
1.00029
1.00029
1.00029
1.00028
1.00028
1.00028
1.00028
1.00028
1.00027
1.00027
1.00027
1.00027
1.00027
1.00026
1.00026
1.00026
1.00026
1.00026
1.00025
1.00025
1.00025
1.00025
1.00024
1.00024
1.00024
1.00024
1.00023
1.00023
1.00023
1.00023
1.00022
1.00022
1.00022
1.00022
1.00021
1.00021
1.00021
1.00021
1.0002
1.0002
1.0002
1.0002
1.00019
1.00019
1.00019
1.00019
1.00018
1.00018
1.00018
1.00018
1.00017
1.00017
1.00017
1.00017
1.00016
1.00016
1.00016
1.00016
1.00015
1.00015
1.00015
1.00015
1.00014
1.00014
1.00014
1.00014
1.00013
1.00013
1.00013
1.00013
1.00012
1.00012
1.00012
1.00012
1.00011
1.00011
1.00011
1.00011
1.0001
1.0001
1.0001
1.00009
1.00009
1.00009
1.00009
1.00008
1.00008
1.00008
1.00008
1.00007
1.00007
1.00007
1.00007
1.00006
1.00006
1.00019
1.00086
1.00226
1.00203
1.00209
1.0023
1.00211
1.00197
1.00215
1.00215
1.00197
1.002
1.00209
1.00202
1.00194
1.00199
1.00201
1.00195
1.00194
1.00197
1.00195
1.00193
1.00193
1.00194
1.00192
1.00191
1.00191
1.00191
1.0019
1.0019
1.0019
1.00189
1.00189
1.00188
1.00188
1.00188
1.00187
1.00187
1.00187
1.00186
1.00186
1.00186
1.00185
1.00185
1.00185
1.00184
1.00184
1.00183
1.00183
1.00183
1.00182
1.00181
1.00181
1.00181
1.0018
1.00179
1.00179
1.00178
1.00177
1.00176
1.00175
1.00174
1.00173
1.00172
1.00171
1.00169
1.00168
1.00167
1.00165
1.00163
1.00161
1.00159
1.00157
1.00155
1.00152
1.0015
1.00147
1.00145
1.00142
1.00139
1.00136
1.00133
1.0013
1.00127
1.00124
1.00121
1.00118
1.00115
1.00111
1.00108
1.00105
1.00102
1.00099
1.00096
1.00093
1.00091
1.00088
1.00085
1.00083
1.0008
1.00078
1.00075
1.00073
1.00071
1.00069
1.00066
1.00064
1.00063
1.00061
1.00059
1.00057
1.00055
1.00054
1.00052
1.00051
1.00049
1.00048
1.00047
1.00046
1.00044
1.00043
1.00042
1.00041
1.0004
1.00039
1.00039
1.00038
1.00037
1.00036
1.00036
1.00035
1.00035
1.00034
1.00034
1.00033
1.00033
1.00032
1.00032
1.00032
1.00031
1.00031
1.00031
1.00031
1.0003
1.0003
1.0003
1.0003
1.0003
1.0003
1.0003
1.00029
1.00029
1.00029
1.00029
1.00029
1.00029
1.00029
1.00029
1.00029
1.00029
1.00029
1.00029
1.00029
1.0003
1.0003
1.0003
1.0003
1.0003
1.0003
1.0003
1.0003
1.0003
1.0003
1.0003
1.0003
1.0003
1.0003
1.0003
1.00031
1.00031
1.00031
1.00031
1.00031
1.00031
1.00031
1.00031
1.00031
1.00031
1.00031
1.0003
1.0003
1.0003
1.0003
1.0003
1.0003
1.0003
1.0003
1.0003
1.0003
1.0003
1.0003
1.00029
1.00029
1.00029
1.00029
1.00029
1.00029
1.00029
1.00028
1.00028
1.00028
1.00028
1.00028
1.00027
1.00027
1.00027
1.00027
1.00027
1.00026
1.00026
1.00026
1.00026
1.00026
1.00025
1.00025
1.00025
1.00025
1.00024
1.00024
1.00024
1.00024
1.00023
1.00023
1.00023
1.00023
1.00022
1.00022
1.00022
1.00022
1.00021
1.00021
1.00021
1.00021
1.0002
1.0002
1.0002
1.0002
1.00019
1.00019
1.00019
1.00019
1.00018
1.00018
1.00018
1.00018
1.00017
1.00017
1.00017
1.00017
1.00016
1.00016
1.00016
1.00016
1.00015
1.00015
1.00015
1.00015
1.00014
1.00014
1.00014
1.00014
1.00013
1.00013
1.00013
1.00013
1.00012
1.00012
1.00012
1.00012
1.00011
1.00011
1.00011
1.0001
1.0001
1.0001
1.0001
1.00009
1.00009
1.00009
1.00009
1.00008
1.00008
1.00008
1.00008
1.00007
1.00007
1.00007
1.00007
1.00006
1.00006
1.00016
1.00083
1.00211
1.00227
1.00219
1.00211
1.00218
1.0021
1.00206
1.00211
1.00207
1.002
1.00201
1.00204
1.00199
1.00196
1.00198
1.00198
1.00195
1.00194
1.00195
1.00194
1.00192
1.00192
1.00192
1.00191
1.00191
1.00191
1.0019
1.0019
1.00189
1.00189
1.00189
1.00188
1.00188
1.00188
1.00187
1.00187
1.00187
1.00186
1.00186
1.00185
1.00185
1.00185
1.00184
1.00184
1.00184
1.00183
1.00183
1.00182
1.00182
1.00181
1.00181
1.0018
1.0018
1.00179
1.00178
1.00178
1.00177
1.00176
1.00175
1.00174
1.00173
1.00171
1.0017
1.00169
1.00167
1.00166
1.00165
1.00163
1.00161
1.00159
1.00157
1.00155
1.00152
1.0015
1.00148
1.00145
1.00142
1.0014
1.00137
1.00134
1.00131
1.00128
1.00125
1.00122
1.00118
1.00116
1.00113
1.00109
1.00106
1.00103
1.001
1.00097
1.00094
1.00092
1.00089
1.00086
1.00084
1.00081
1.00079
1.00076
1.00074
1.00072
1.00069
1.00067
1.00065
1.00063
1.00061
1.00059
1.00058
1.00056
1.00054
1.00053
1.00051
1.0005
1.00049
1.00047
1.00046
1.00045
1.00044
1.00043
1.00042
1.00041
1.0004
1.00039
1.00038
1.00037
1.00037
1.00036
1.00035
1.00035
1.00034
1.00034
1.00033
1.00033
1.00032
1.00032
1.00032
1.00031
1.00031
1.00031
1.00031
1.0003
1.0003
1.0003
1.0003
1.0003
1.0003
1.0003
1.00029
1.00029
1.00029
1.00029
1.00029
1.00029
1.00029
1.00029
1.00029
1.00029
1.00029
1.00029
1.00029
1.00029
1.00029
1.0003
1.0003
1.0003
1.0003
1.0003
1.0003
1.0003
1.0003
1.0003
1.0003
1.0003
1.0003
1.0003
1.0003
1.0003
1.0003
1.0003
1.0003
1.0003
1.0003
1.0003
1.0003
1.0003
1.0003
1.0003
1.0003
1.0003
1.0003
1.0003
1.0003
1.0003
1.0003
1.0003
1.0003
1.0003
1.00029
1.00029
1.00029
1.00029
1.00029
1.00029
1.00029
1.00028
1.00028
1.00028
1.00028
1.00028
1.00028
1.00027
1.00027
1.00027
1.00027
1.00027
1.00026
1.00026
1.00026
1.00026
1.00025
1.00025
1.00025
1.00025
1.00025
1.00024
1.00024
1.00024
1.00024
1.00023
1.00023
1.00023
1.00023
1.00022
1.00022
1.00022
1.00022
1.00021
1.00021
1.00021
1.00021
1.0002
1.0002
1.0002
1.0002
1.00019
1.00019
1.00019
1.00019
1.00018
1.00018
1.00018
1.00018
1.00017
1.00017
1.00017
1.00017
1.00016
1.00016
1.00016
1.00016
1.00015
1.00015
1.00015
1.00015
1.00014
1.00014
1.00014
1.00014
1.00013
1.00013
1.00013
1.00013
1.00012
1.00012
1.00012
1.00012
1.00011
1.00011
1.00011
1.0001
1.0001
1.0001
1.0001
1.00009
1.00009
1.00009
1.00009
1.00008
1.00008
1.00008
1.00008
1.00007
1.00007
1.00007
1.00007
1.00006
1.00006
1.00013
1.00083
1.00213
1.0024
1.00229
1.00194
1.00217
1.00233
1.00203
1.00194
1.00213
1.0021
1.00194
1.00197
1.00204
1.00198
1.00193
1.00196
1.00197
1.00193
1.00192
1.00194
1.00193
1.00191
1.00191
1.00192
1.00191
1.0019
1.0019
1.0019
1.00189
1.00189
1.00189
1.00188
1.00188
1.00187
1.00187
1.00187
1.00186
1.00186
1.00186
1.00185
1.00185
1.00185
1.00184
1.00184
1.00183
1.00183
1.00183
1.00182
1.00181
1.00181
1.0018
1.0018
1.00179
1.00179
1.00178
1.00177
1.00177
1.00175
1.00174
1.00174
1.00173
1.00171
1.0017
1.00169
1.00167
1.00166
1.00164
1.00163
1.00161
1.00159
1.00157
1.00155
1.00153
1.0015
1.00148
1.00145
1.00143
1.0014
1.00137
1.00135
1.00131
1.00128
1.00126
1.00123
1.00119
1.00116
1.00113
1.0011
1.00107
1.00104
1.00101
1.00098
1.00095
1.00093
1.0009
1.00087
1.00084
1.00082
1.00079
1.00077
1.00075
1.00072
1.0007
1.00068
1.00066
1.00064
1.00062
1.0006
1.00058
1.00056
1.00055
1.00053
1.00052
1.0005
1.00049
1.00048
1.00046
1.00045
1.00044
1.00043
1.00042
1.00041
1.0004
1.00039
1.00038
1.00037
1.00037
1.00036
1.00035
1.00035
1.00034
1.00034
1.00033
1.00033
1.00032
1.00032
1.00032
1.00031
1.00031
1.00031
1.00031
1.0003
1.0003
1.0003
1.0003
1.0003
1.0003
1.00029
1.00029
1.00029
1.00029
1.00029
1.00029
1.00029
1.00029
1.00029
1.00029
1.00029
1.00029
1.00029
1.00029
1.00029
1.00029
1.00029
1.00029
1.0003
1.0003
1.0003
1.0003
1.0003
1.0003
1.0003
1.0003
1.0003
1.0003
1.0003
1.0003
1.0003
1.0003
1.0003
1.0003
1.0003
1.0003
1.0003
1.0003
1.0003
1.0003
1.0003
1.0003
1.0003
1.0003
1.0003
1.0003
1.0003
1.0003
1.0003
1.0003
1.0003
1.00029
1.00029
1.00029
1.00029
1.00029
1.00029
1.00029
1.00028
1.00028
1.00028
1.00028
1.00028
1.00028
1.00027
1.00027
1.00027
1.00027
1.00027
1.00026
1.00026
1.00026
1.00026
1.00025
1.00025
1.00025
1.00025
1.00025
1.00024
1.00024
1.00024
1.00024
1.00023
1.00023
1.00023
1.00023
1.00022
1.00022
1.00022
1.00022
1.00021
1.00021
1.00021
1.00021
1.0002
1.0002
1.0002
1.0002
1.00019
1.00019
1.00019
1.00019
1.00018
1.00018
1.00018
1.00018
1.00017
1.00017
1.00017
1.00017
1.00016
1.00016
1.00016
1.00016
1.00015
1.00015
1.00015
1.00015
1.00014
1.00014
1.00014
1.00014
1.00013
1.00013
1.00013
1.00013
1.00012
1.00012
1.00012
1.00011
1.00011
1.00011
1.00011
1.0001
1.0001
1.0001
1.0001
1.00009
1.00009
1.00009
1.00009
1.00008
1.00008
1.00008
1.00008
1.00007
1.00007
1.00007
1.00007
1.00006
1.00006
1.0001
1.00084
1.00254
1.00207
1.0022
1.00237
1.0021
1.00207
1.00217
1.0021
1.00198
1.00202
1.00205
1.00199
1.00196
1.00198
1.00197
1.00194
1.00194
1.00195
1.00193
1.00192
1.00192
1.00192
1.00191
1.00191
1.00191
1.0019
1.00189
1.00189
1.00189
1.00189
1.00188
1.00188
1.00188
1.00187
1.00187
1.00187
1.00186
1.00186
1.00185
1.00185
1.00185
1.00184
1.00184
1.00184
1.00183
1.00183
1.00182
1.00182
1.00181
1.00181
1.0018
1.0018
1.00179
1.00178
1.00178
1.00177
1.00176
1.00175
1.00174
1.00173
1.00172
1.00171
1.0017
1.00169
1.00167
1.00166
1.00164
1.00163
1.00161
1.00159
1.00157
1.00155
1.00153
1.0015
1.00148
1.00146
1.00143
1.0014
1.00138
1.00135
1.00132
1.00129
1.00126
1.00123
1.0012
1.00117
1.00114
1.00111
1.00108
1.00105
1.00102
1.00099
1.00096
1.00093
1.0009
1.00088
1.00085
1.00082
1.0008
1.00078
1.00075
1.00073
1.0007
1.00068
1.00066
1.00064
1.00062
1.0006
1.00058
1.00057
1.00055
1.00053
1.00052
1.00051
1.00049
1.00048
1.00046
1.00045
1.00044
1.00043
1.00042
1.00041
1.0004
1.00039
1.00038
1.00038
1.00037
1.00036
1.00036
1.00035
1.00034
1.00034
1.00033
1.00033
1.00032
1.00032
1.00032
1.00031
1.00031
1.00031
1.0003
1.0003
1.0003
1.0003
1.0003
1.0003
1.00029
1.00029
1.00029
1.00029
1.00029
1.00029
1.00029
1.00029
1.00029
1.00029
1.00029
1.00029
1.00029
1.00029
1.00029
1.00029
1.00029
1.00029
1.00029
1.00029
1.00029
1.0003
1.0003
1.0003
1.0003
1.0003
1.0003
1.0003
1.0003
1.0003
1.0003
1.0003
1.0003
1.0003
1.0003
1.0003
1.0003
1.0003
1.0003
1.0003
1.0003
1.0003
1.0003
1.0003
1.0003
1.0003
1.0003
1.0003
1.0003
1.0003
1.0003
1.00029
1.00029
1.00029
1.00029
1.00029
1.00029
1.00029
1.00029
1.00028
1.00028
1.00028
1.00028
1.00028
1.00028
1.00027
1.00027
1.00027
1.00027
1.00027
1.00026
1.00026
1.00026
1.00026
1.00025
1.00025
1.00025
1.00025
1.00025
1.00024
1.00024
1.00024
1.00024
1.00023
1.00023
1.00023
1.00023
1.00022
1.00022
1.00022
1.00022
1.00021
1.00021
1.00021
1.00021
1.0002
1.0002
1.0002
1.0002
1.00019
1.00019
1.00019
1.00019
1.00018
1.00018
1.00018
1.00018
1.00017
1.00017
1.00017
1.00017
1.00016
1.00016
1.00016
1.00016
1.00015
1.00015
1.00015
1.00015
1.00014
1.00014
1.00014
1.00014
1.00013
1.00013
1.00013
1.00013
1.00012
1.00012
1.00012
1.00011
1.00011
1.00011
1.00011
1.0001
1.0001
1.0001
1.0001
1.00009
1.00009
1.00009
1.00009
1.00008
1.00008
1.00008
1.00008
1.00007
1.00007
1.00007
1.00007
1.00006
1.00006
1.00008
1.00104
1.00242
1.00205
1.00218
1.00259
1.00219
1.00189
1.00212
1.0022
1.00199
1.00194
1.00205
1.00202
1.00194
1.00195
1.00198
1.00195
1.00192
1.00194
1.00194
1.00192
1.00191
1.00192
1.00191
1.0019
1.0019
1.0019
1.00189
1.00189
1.00189
1.00188
1.00188
1.00188
1.00187
1.00187
1.00187
1.00186
1.00186
1.00186
1.00185
1.00185
1.00185
1.00184
1.00184
1.00184
1.00183
1.00183
1.00182
1.00182
1.00181
1.00181
1.0018
1.0018
1.00179
1.00178
1.00178
1.00177
1.00176
1.00175
1.00175
1.00173
1.00172
1.00171
1.0017
1.00169
1.00167
1.00166
1.00164
1.00163
1.00161
1.00159
1.00157
1.00155
1.00153
1.00151
1.00149
1.00146
1.00143
1.00141
1.00138
1.00135
1.00132
1.0013
1.00126
1.00124
1.00121
1.00118
1.00114
1.00112
1.00108
1.00105
1.00103
1.00099
1.00097
1.00094
1.00091
1.00088
1.00085
1.00083
1.0008
1.00078
1.00075
1.00073
1.00071
1.00069
1.00066
1.00064
1.00062
1.0006
1.00059
1.00057
1.00055
1.00054
1.00052
1.00051
1.00049
1.00048
1.00047
1.00045
1.00044
1.00043
1.00042
1.00041
1.0004
1.00039
1.00038
1.00038
1.00037
1.00036
1.00035
1.00035
1.00034
1.00034
1.00033
1.00033
1.00032
1.00032
1.00032
1.00031
1.00031
1.00031
1.0003
1.0003
1.0003
1.0003
1.0003
1.00029
1.00029
1.00029
1.00029
1.00029
1.00029
1.00029
1.00029
1.00029
1.00029
1.00029
1.00029
1.00029
1.00029
1.00029
1.00029
1.00029
1.00029
1.00029
1.00029
1.00029
1.00029
1.00029
1.00029
1.0003
1.0003
1.0003
1.0003
1.0003
1.0003
1.0003
1.0003
1.0003
1.0003
1.0003
1.0003
1.0003
1.0003
1.0003
1.0003
1.0003
1.0003
1.0003
1.0003
1.0003
1.0003
1.0003
1.0003
1.0003
1.0003
1.0003
1.0003
1.00029
1.00029
1.00029
1.00029
1.00029
1.00029
1.00029
1.00029
1.00028
1.00028
1.00028
1.00028
1.00028
1.00028
1.00027
1.00027
1.00027
1.00027
1.00027
1.00026
1.00026
1.00026
1.00026
1.00025
1.00025
1.00025
1.00025
1.00025
1.00024
1.00024
1.00024
1.00024
1.00023
1.00023
1.00023
1.00023
1.00022
1.00022
1.00022
1.00022
1.00021
1.00021
1.00021
1.00021
1.0002
1.0002
1.0002
1.0002
1.00019
1.00019
1.00019
1.00019
1.00018
1.00018
1.00018
1.00018
1.00017
1.00017
1.00017
1.00017
1.00016
1.00016
1.00016
1.00016
1.00015
1.00015
1.00015
1.00015
1.00014
1.00014
1.00014
1.00014
1.00013
1.00013
1.00013
1.00012
1.00012
1.00012
1.00012
1.00011
1.00011
1.00011
1.00011
1.0001
1.0001
1.0001
1.0001
1.00009
1.00009
1.00009
1.00009
1.00008
1.00008
1.00008
1.00008
1.00007
1.00007
1.00007
1.00007
1.00006
1.00006
1.00006
1.0008
1.00207
1.00307
1.00246
1.00183
1.00218
1.00233
1.00203
1.00193
1.00209
1.00206
1.00194
1.00196
1.00201
1.00196
1.00193
1.00195
1.00195
1.00192
1.00192
1.00193
1.00192
1.0019
1.00191
1.00191
1.0019
1.00189
1.00189
1.00189
1.00188
1.00188
1.00188
1.00188
1.00187
1.00187
1.00187
1.00186
1.00186
1.00186
1.00185
1.00185
1.00185
1.00184
1.00184
1.00183
1.00183
1.00183
1.00182
1.00182
1.00181
1.00181
1.0018
1.0018
1.00179
1.00178
1.00178
1.00177
1.00176
1.00175
1.00174
1.00174
1.00172
1.00171
1.0017
1.00169
1.00168
1.00166
1.00165
1.00163
1.00161
1.00159
1.00158
1.00155
1.00153
1.00151
1.00149
1.00146
1.00144
1.00141
1.00138
1.00136
1.00133
1.0013
1.00127
1.00124
1.00121
1.00118
1.00115
1.00112
1.00109
1.00106
1.00103
1.001
1.00097
1.00094
1.00091
1.00088
1.00086
1.00083
1.00081
1.00078
1.00076
1.00073
1.00071
1.00069
1.00067
1.00064
1.00062
1.00061
1.00059
1.00057
1.00055
1.00054
1.00052
1.00051
1.00049
1.00048
1.00046
1.00045
1.00044
1.00043
1.00042
1.00041
1.0004
1.00039
1.00038
1.00037
1.00037
1.00036
1.00035
1.00035
1.00034
1.00034
1.00033
1.00033
1.00032
1.00032
1.00031
1.00031
1.00031
1.0003
1.0003
1.0003
1.0003
1.0003
1.00029
1.00029
1.00029
1.00029
1.00029
1.00029
1.00029
1.00029
1.00029
1.00029
1.00029
1.00029
1.00029
1.00029
1.00029
1.00029
1.00029
1.00029
1.00029
1.00029
1.00029
1.00029
1.00029
1.00029
1.00029
1.00029
1.0003
1.0003
1.0003
1.0003
1.0003
1.0003
1.0003
1.0003
1.0003
1.0003
1.0003
1.0003
1.0003
1.0003
1.0003
1.0003
1.0003
1.0003
1.0003
1.0003
1.0003
1.0003
1.0003
1.0003
1.0003
1.0003
1.0003
1.00029
1.00029
1.00029
1.00029
1.00029
1.00029
1.00029
1.00029
1.00028
1.00028
1.00028
1.00028
1.00028
1.00027
1.00027
1.00027
1.00027
1.00027
1.00027
1.00026
1.00026
1.00026
1.00026
1.00025
1.00025
1.00025
1.00025
1.00025
1.00024
1.00024
1.00024
1.00024
1.00023
1.00023
1.00023
1.00023
1.00022
1.00022
1.00022
1.00022
1.00021
1.00021
1.00021
1.00021
1.0002
1.0002
1.0002
1.0002
1.00019
1.00019
1.00019
1.00019
1.00018
1.00018
1.00018
1.00018
1.00017
1.00017
1.00017
1.00017
1.00016
1.00016
1.00016
1.00016
1.00015
1.00015
1.00015
1.00015
1.00014
1.00014
1.00014
1.00013
1.00013
1.00013
1.00013
1.00012
1.00012
1.00012
1.00012
1.00011
1.00011
1.00011
1.00011
1.0001
1.0001
1.0001
1.0001
1.00009
1.00009
1.00009
1.00009
1.00008
1.00008
1.00008
1.00008
1.00007
1.00007
1.00007
1.00007
1.00006
1.00006
1.00004
1.00086
1.00282
1.00278
1.00246
1.00194
1.00214
1.00223
1.00205
1.00196
1.00205
1.00203
1.00196
1.00196
1.00199
1.00195
1.00193
1.00194
1.00194
1.00192
1.00192
1.00192
1.00191
1.0019
1.0019
1.0019
1.0019
1.00189
1.00189
1.00189
1.00188
1.00188
1.00188
1.00187
1.00187
1.00187
1.00186
1.00186
1.00186
1.00186
1.00185
1.00185
1.00184
1.00184
1.00184
1.00183
1.00183
1.00183
1.00182
1.00182
1.00181
1.00181
1.0018
1.0018
1.00179
1.00179
1.00178
1.00177
1.00176
1.00176
1.00174
1.00174
1.00173
1.00172
1.0017
1.00169
1.00168
1.00166
1.00165
1.00163
1.00162
1.0016
1.00158
1.00156
1.00154
1.00151
1.00149
1.00147
1.00144
1.00141
1.00139
1.00136
1.00133
1.0013
1.00127
1.00124
1.00121
1.00118
1.00115
1.00112
1.00109
1.00106
1.00103
1.001
1.00097
1.00094
1.00091
1.00089
1.00086
1.00083
1.00081
1.00078
1.00076
1.00073
1.00071
1.00069
1.00067
1.00064
1.00062
1.00061
1.00059
1.00057
1.00055
1.00054
1.00052
1.0005
1.00049
1.00048
1.00046
1.00045
1.00044
1.00043
1.00042
1.00041
1.0004
1.00039
1.00038
1.00037
1.00036
1.00036
1.00035
1.00034
1.00034
1.00033
1.00033
1.00032
1.00032
1.00032
1.00031
1.00031
1.00031
1.0003
1.0003
1.0003
1.0003
1.00029
1.00029
1.00029
1.00029
1.00029
1.00029
1.00029
1.00029
1.00029
1.00029
1.00029
1.00029
1.00029
1.00029
1.00029
1.00029
1.00029
1.00029
1.00029
1.00029
1.00029
1.00029
1.00029
1.00029
1.00029
1.00029
1.00029
1.00029
1.00029
1.0003
1.0003
1.0003
1.0003
1.0003
1.0003
1.0003
1.0003
1.0003
1.0003
1.0003
1.0003
1.0003
1.0003
1.0003
1.0003
1.0003
1.0003
1.0003
1.0003
1.0003
1.0003
1.0003
1.0003
1.00029
1.00029
1.00029
1.00029
1.00029
1.00029
1.00029
1.00029
1.00028
1.00028
1.00028
1.00028
1.00028
1.00028
1.00027
1.00027
1.00027
1.00027
1.00027
1.00027
1.00026
1.00026
1.00026
1.00026
1.00025
1.00025
1.00025
1.00025
1.00025
1.00024
1.00024
1.00024
1.00024
1.00023
1.00023
1.00023
1.00023
1.00022
1.00022
1.00022
1.00022
1.00021
1.00021
1.00021
1.00021
1.0002
1.0002
1.0002
1.0002
1.00019
1.00019
1.00019
1.00019
1.00018
1.00018
1.00018
1.00018
1.00017
1.00017
1.00017
1.00017
1.00016
1.00016
1.00016
1.00016
1.00015
1.00015
1.00015
1.00015
1.00014
1.00014
1.00014
1.00013
1.00013
1.00013
1.00013
1.00012
1.00012
1.00012
1.00012
1.00011
1.00011
1.00011
1.00011
1.0001
1.0001
1.0001
1.0001
1.00009
1.00009
1.00009
1.00009
1.00008
1.00008
1.00008
1.00008
1.00007
1.00007
1.00007
1.00007
1.00006
1.00006
1.00003
1.00357
1.00429
1.00139
1.00182
1.00267
1.00223
1.00179
1.00206
1.00217
1.00195
1.00191
1.00203
1.00199
1.00191
1.00194
1.00197
1.00193
1.00191
1.00193
1.00193
1.0019
1.0019
1.00191
1.0019
1.00189
1.00189
1.00189
1.00189
1.00188
1.00188
1.00188
1.00187
1.00187
1.00187
1.00187
1.00186
1.00186
1.00186
1.00185
1.00185
1.00185
1.00184
1.00184
1.00184
1.00183
1.00183
1.00183
1.00182
1.00182
1.00181
1.00181
1.0018
1.0018
1.00179
1.00179
1.00178
1.00177
1.00176
1.00176
1.00175
1.00174
1.00173
1.00172
1.00171
1.00169
1.00168
1.00167
1.00165
1.00164
1.00162
1.0016
1.00158
1.00156
1.00154
1.00152
1.00149
1.00147
1.00144
1.00142
1.00139
1.00136
1.00134
1.00131
1.00128
1.00125
1.00122
1.00119
1.00115
1.00112
1.00109
1.00106
1.00103
1.001
1.00097
1.00094
1.00091
1.00089
1.00086
1.00083
1.00081
1.00078
1.00076
1.00073
1.00071
1.00069
1.00066
1.00064
1.00062
1.0006
1.00059
1.00057
1.00055
1.00053
1.00052
1.0005
1.00049
1.00047
1.00046
1.00045
1.00044
1.00043
1.00042
1.00041
1.0004
1.00039
1.00038
1.00037
1.00036
1.00036
1.00035
1.00034
1.00034
1.00033
1.00033
1.00032
1.00032
1.00031
1.00031
1.00031
1.0003
1.0003
1.0003
1.0003
1.00029
1.00029
1.00029
1.00029
1.00029
1.00029
1.00029
1.00029
1.00028
1.00028
1.00028
1.00028
1.00028
1.00028
1.00028
1.00028
1.00028
1.00029
1.00029
1.00029
1.00029
1.00029
1.00029
1.00029
1.00029
1.00029
1.00029
1.00029
1.00029
1.00029
1.00029
1.0003
1.0003
1.0003
1.0003
1.0003
1.0003
1.0003
1.0003
1.0003
1.0003
1.0003
1.0003
1.0003
1.0003
1.0003
1.0003
1.0003
1.0003
1.0003
1.0003
1.0003
1.0003
1.0003
1.00029
1.00029
1.00029
1.00029
1.00029
1.00029
1.00029
1.00029
1.00028
1.00028
1.00028
1.00028
1.00028
1.00028
1.00027
1.00027
1.00027
1.00027
1.00027
1.00027
1.00026
1.00026
1.00026
1.00026
1.00025
1.00025
1.00025
1.00025
1.00025
1.00024
1.00024
1.00024
1.00024
1.00023
1.00023
1.00023
1.00023
1.00022
1.00022
1.00022
1.00022
1.00021
1.00021
1.00021
1.00021
1.0002
1.0002
1.0002
1.0002
1.00019
1.00019
1.00019
1.00019
1.00018
1.00018
1.00018
1.00018
1.00017
1.00017
1.00017
1.00017
1.00016
1.00016
1.00016
1.00016
1.00015
1.00015
1.00015
1.00014
1.00014
1.00014
1.00014
1.00013
1.00013
1.00013
1.00013
1.00012
1.00012
1.00012
1.00012
1.00011
1.00011
1.00011
1.00011
1.0001
1.0001
1.0001
1.0001
1.00009
1.00009
1.00009
1.00009
1.00008
1.00008
1.00008
1.00008
1.00007
1.00007
1.00007
1.00007
1.00006
1.00006
1.00002
1
1
1
1
1
1
1
1
1
1
1
1
1
1
1
1
1
1
1
1
1
1
1
1
1
1
1
1
1
1
1
1
1
1
1
1
1
1
1
1
1
1
1
1
1
1
1
1
1
1
1
1
1
1
1
1
1
1
1
1
1
1
1
1
1
1
1
1
1
1
1
1
1
1
1
1
1
1
1
1
1
1
1
1
1
1
1
1
1
1
1
1
1
1
1
1
1
1
1
1
1
1
1
1
1
1
1
1
1
1
1
1
1
1
1
1
1
1
1
1
1
1
1
1
1
1
1
1
1
1
1
1
1
1
1
1
1
1
1
1
1
1
1
1
1
1
1
1
1
1
1
1
1
1
1
1
1
1
1
1
1
1
1
1
1
1
1
1
1
1
1
1
1
1
1
1
1
1
1
1
1
1
1
1
1
1
1
1
1
1
1
1
1
1
1
1
1
1
1
1
1
1
1
1
1
1
1
1
1
1
1
1
1
1
1
1
1
1
1
1
1
1
1
1
1
1
1
1
1
1
1
1
1
1
1
1
1
1
1
1
1
1
1
1
1
1
1
1
1
1
1
1
1
1
1
1
1
1
1
1
1
1
1
1
1
1
1
1
1
1
1
1
1
1
1
1
1
1
1
1
1
1
1
1
1
1
1
1
1
1
1
1
1
1
1
1
1
1
1
1
