# vtk DataFile Version 3.0
LBM Simulation
ASCII
DATASET STRUCTURED_POINTS
DIMENSIONS 300 60 1
ORIGIN 0 0 0
SPACING 1 1 1
POINT_DATA 18000
VECTORS velocity double
0.0 0.0 0.0
0.0 0.0 0.0
0.0 0.0 0.0
0.0 0.0 0.0
0.0 0.0 0.0
0.0 0.0 0.0
0.0 0.0 0.0
0.0 0.0 0.0
0.0 0.0 0.0
0.0 0.0 0.0
0.0 0.0 0.0
0.0 0.0 0.0
0.0 0.0 0.0
0.0 0.0 0.0
0.0 0.0 0.0
0.0 0.0 0.0
0.0 0.0 0.0
0.0 0.0 0.0
0.0 0.0 0.0
0.0 0.0 0.0
0.0 0.0 0.0
0.0 0.0 0.0
0.0 0.0 0.0
0.0 0.0 0.0
0.0 0.0 0.0
0.0 0.0 0.0
0.0 0.0 0.0
0.0 0.0 0.0
0.0 0.0 0.0
0.0 0.0 0.0
0.0 0.0 0.0
0.0 0.0 0.0
0.0 0.0 0.0
0.0 0.0 0.0
0.0 0.0 0.0
0.0 0.0 0.0
0.0 0.0 0.0
0.0 0.0 0.0
0.0 0.0 0.0
0.0 0.0 0.0
0.0 0.0 0.0
0.0 0.0 0.0
0.0 0.0 0.0
0.0 0.0 0.0
0.0 0.0 0.0
0.0 0.0 0.0
0.0 0.0 0.0
0.0 0.0 0.0
0.0 0.0 0.0
0.0 0.0 0.0
0.0 0.0 0.0
0.0 0.0 0.0
0.0 0.0 0.0
0.0 0.0 0.0
0.0 0.0 0.0
0.0 0.0 0.0
0.0 0.0 0.0
0.0 0.0 0.0
0.0 0.0 0.0
0.0 0.0 0.0
0.0 0.0 0.0
0.0 0.0 0.0
0.0 0.0 0.0
0.0 0.0 0.0
0.0 0.0 0.0
0.0 0.0 0.0
0.0 0.0 0.0
0.0 0.0 0.0
0.0 0.0 0.0
0.0 0.0 0.0
0.0 0.0 0.0
0.0 0.0 0.0
0.0 0.0 0.0
0.0 0.0 0.0
0.0 0.0 0.0
0.0 0.0 0.0
0.0 0.0 0.0
0.0 0.0 0.0
0.0 0.0 0.0
0.0 0.0 0.0
0.0 0.0 0.0
0.0 0.0 0.0
0.0 0.0 0.0
0.0 0.0 0.0
0.0 0.0 0.0
0.0 0.0 0.0
0.0 0.0 0.0
0.0 0.0 0.0
0.0 0.0 0.0
0.0 0.0 0.0
0.0 0.0 0.0
0.0 0.0 0.0
0.0 0.0 0.0
0.0 0.0 0.0
0.0 0.0 0.0
0.0 0.0 0.0
0.0 0.0 0.0
0.0 0.0 0.0
0.0 0.0 0.0
0.0 0.0 0.0
0.0 0.0 0.0
0.0 0.0 0.0
0.0 0.0 0.0
0.0 0.0 0.0
0.0 0.0 0.0
0.0 0.0 0.0
0.0 0.0 0.0
0.0 0.0 0.0
0.0 0.0 0.0
0.0 0.0 0.0
0.0 0.0 0.0
0.0 0.0 0.0
0.0 0.0 0.0
0.0 0.0 0.0
0.0 0.0 0.0
0.0 0.0 0.0
0.0 0.0 0.0
0.0 0.0 0.0
0.0 0.0 0.0
0.0 0.0 0.0
0.0 0.0 0.0
0.0 0.0 0.0
0.0 0.0 0.0
0.0 0.0 0.0
0.0 0.0 0.0
0.0 0.0 0.0
0.0 0.0 0.0
0.0 0.0 0.0
0.0 0.0 0.0
0.0 0.0 0.0
0.0 0.0 0.0
0.0 0.0 0.0
0.0 0.0 0.0
0.0 0.0 0.0
0.0 0.0 0.0
0.0 0.0 0.0
0.0 0.0 0.0
0.0 0.0 0.0
0.0 0.0 0.0
0.0 0.0 0.0
0.0 0.0 0.0
0.0 0.0 0.0
0.0 0.0 0.0
0.0 0.0 0.0
0.0 0.0 0.0
0.0 0.0 0.0
0.0 0.0 0.0
0.0 0.0 0.0
0.0 0.0 0.0
0.0 0.0 0.0
0.0 0.0 0.0
0.0 0.0 0.0
0.0 0.0 0.0
0.0 0.0 0.0
0.0 0.0 0.0
0.0 0.0 0.0
0.0 0.0 0.0
0.0 0.0 0.0
0.0 0.0 0.0
0.0 0.0 0.0
0.0 0.0 0.0
0.0 0.0 0.0
0.0 0.0 0.0
0.0 0.0 0.0
0.0 0.0 0.0
0.0 0.0 0.0
0.0 0.0 0.0
0.0 0.0 0.0
0.0 0.0 0.0
0.0 0.0 0.0
0.0 0.0 0.0
0.0 0.0 0.0
0.0 0.0 0.0
0.0 0.0 0.0
0.0 0.0 0.0
0.0 0.0 0.0
0.0 0.0 0.0
0.0 0.0 0.0
0.0 0.0 0.0
0.0 0.0 0.0
0.0 0.0 0.0
0.0 0.0 0.0
0.0 0.0 0.0
0.0 0.0 0.0
0.0 0.0 0.0
0.0 0.0 0.0
0.0 0.0 0.0
0.0 0.0 0.0
0.0 0.0 0.0
0.0 0.0 0.0
0.0 0.0 0.0
0.0 0.0 0.0
0.0 0.0 0.0
0.0 0.0 0.0
0.0 0.0 0.0
0.0 0.0 0.0
0.0 0.0 0.0
0.0 0.0 0.0
0.0 0.0 0.0
0.0 0.0 0.0
0.0 0.0 0.0
0.0 0.0 0.0
0.0 0.0 0.0
0.0 0.0 0.0
0.0 0.0 0.0
0.0 0.0 0.0
0.0 0.0 0.0
0.0 0.0 0.0
0.0 0.0 0.0
0.0 0.0 0.0
0.0 0.0 0.0
0.0 0.0 0.0
0.0 0.0 0.0
0.0 0.0 0.0
0.0 0.0 0.0
0.0 0.0 0.0
0.0 0.0 0.0
0.0 0.0 0.0
0.0 0.0 0.0
0.0 0.0 0.0
0.0 0.0 0.0
0.0 0.0 0.0
0.0 0.0 0.0
0.0 0.0 0.0
0.0 0.0 0.0
0.0 0.0 0.0
0.0 0.0 0.0
0.0 0.0 0.0
0.0 0.0 0.0
0.0 0.0 0.0
0.0 0.0 0.0
0.0 0.0 0.0
0.0 0.0 0.0
0.0 0.0 0.0
0.0 0.0 0.0
0.0 0.0 0.0
0.0 0.0 0.0
0.0 0.0 0.0
0.0 0.0 0.0
0.0 0.0 0.0
0.0 0.0 0.0
0.0 0.0 0.0
0.0 0.0 0.0
0.0 0.0 0.0
0.0 0.0 0.0
0.0 0.0 0.0
0.0 0.0 0.0
0.0 0.0 0.0
0.0 0.0 0.0
0.0 0.0 0.0
0.0 0.0 0.0
0.0 0.0 0.0
0.0 0.0 0.0
0.0 0.0 0.0
0.0 0.0 0.0
0.0 0.0 0.0
0.0 0.0 0.0
0.0 0.0 0.0
0.0 0.0 0.0
0.0 0.0 0.0
0.0 0.0 0.0
0.0 0.0 0.0
0.0 0.0 0.0
0.0 0.0 0.0
0.0 0.0 0.0
0.0 0.0 0.0
0.0 0.0 0.0
0.0 0.0 0.0
0.0 0.0 0.0
0.0 0.0 0.0
0.0 0.0 0.0
0.0 0.0 0.0
0.0 0.0 0.0
0.0 0.0 0.0
0.0 0.0 0.0
0.0 0.0 0.0
0.0 0.0 0.0
0.0 0.0 0.0
0.0 0.0 0.0
0.0 0.0 0.0
0.0 0.0 0.0
0.0 0.0 0.0
0.0 0.0 0.0
0.0 0.0 0.0
0.0 0.0 0.0
0.0 0.0 0.0
0.0 0.0 0.0
0.0 0.0 0.0
0.0 0.0 0.0
0.0 0.0 0.0
0.0 0.0 0.0
0.0 0.0 0.0
0.0 0.0 0.0
0.0 0.0 0.0
0.0 0.0 0.0
0.0 0.0 0.0
0.0 0.0 0.0
0.0 0.0 0.0
0.0 0.0 0.0
0.0 0.0 0.0
0.0 0.0 0.0
0.0134087 0.00130981 0.0
0.0081329 0.000643454 0.0
0.00656369 -0.000579765 0.0
0.00655156 -0.000912476 0.0
0.00567949 -0.000115598 0.0
0.00457775 -0.000423151 0.0
0.00428177 -0.000651706 0.0
0.00406998 -0.000611554 0.0
0.00363278 -0.000453206 0.0
0.00332533 -0.000608064 0.0
0.00321852 -0.000629754 0.0
0.00304331 -0.000586841 0.0
0.00283694 -0.000568444 0.0
0.00272251 -0.000631411 0.0
0.0026424 -0.000615 0.0
0.00252373 -0.000600049 0.0
0.00242266 -0.000607672 0.0
0.00236042 -0.000627412 0.0
0.00229498 -0.000612608 0.0
0.0022201 -0.000611914 0.0
0.00216407 -0.000618724 0.0
0.0021196 -0.000622274 0.0
0.00206991 -0.000614675 0.0
0.0020227 -0.000617656 0.0
0.00198637 -0.000620272 0.0
0.00195201 -0.000619465 0.0
0.0019163 -0.000616686 0.0
0.00188528 -0.000619109 0.0
0.00185909 -0.000619216 0.0
0.00183302 -0.000618056 0.0
0.00180814 -0.000617332 0.0
0.00178688 -0.00061842 0.0
0.00176764 -0.000617691 0.0
0.00174896 -0.000616937 0.0
0.0017322 -0.000616715 0.0
0.0017178 -0.0006169 0.0
0.00170467 -0.000616079 0.0
0.00169264 -0.000615531 0.0
0.00168248 -0.000615325 0.0
0.00167418 -0.000615084 0.0
0.00166715 -0.00061422 0.0
0.00166146 -0.000613745 0.0
0.00165774 -0.000613552 0.0
0.00165595 -0.000612929 0.0
0.00165546 -0.000611978 0.0
0.00165664 -0.00061174 0.0
0.00166035 -0.000611326 0.0
0.00166605 -0.000610175 0.0
0.00167315 -0.000609487 0.0
0.00168286 -0.000609334 0.0
0.00169558 -0.000608105 0.0
0.00171015 -0.00060687 0.0
0.00172697 -0.000606578 0.0
0.00174734 -0.000605529 0.0
0.00177065 -0.000603627 0.0
0.0017963 -0.000602881 0.0
0.0018252 -0.000601776 0.0
0.00185771 -0.000599425 0.0
0.00189334 -0.00059767 0.0
0.00193195 -0.000596297 0.0
0.00197366 -0.000593339 0.0
0.00201883 -0.000590431 0.0
0.00206724 -0.000587992 0.0
0.00211784 -0.000584562 0.0
0.00217084 -0.000580156 0.0
0.00222674 -0.000576098 0.0
0.00228432 -0.000571641 0.0
0.00234265 -0.000566261 0.0
0.00240215 -0.000559871 0.0
0.00246216 -0.000553766 0.0
0.00252193 -0.000547677 0.0
0.00258083 -0.000539616 0.0
0.00263786 -0.000530844 0.0
0.00269333 -0.000524063 0.0
0.00274735 -0.000515499 0.0
0.00279718 -0.000504366 0.0
0.00284325 -0.0004961 0.0
0.00288765 -0.000487978 0.0
0.00292762 -0.000475887 0.0
0.0029618 -0.000465933 0.0
0.00299339 -0.000458045 0.0
0.00302124 -0.000446542 0.0
0.00304333 -0.000435692 0.0
0.00306161 -0.000427483 0.0
0.00307647 -0.000417336 0.0
0.00308677 -0.000406627 0.0
0.00309332 -0.000398126 0.0
0.0030963 -0.000389207 0.0
0.00309582 -0.000379598 0.0
0.0030925 -0.000370949 0.0
0.00308615 -0.00036312 0.0
0.00307678 -0.000354787 0.0
0.00306544 -0.000346644 0.0
0.00305217 -0.000339365 0.0
0.00303647 -0.000332364 0.0
0.00301893 -0.000325003 0.0
0.00300046 -0.000318291 0.0
0.00298056 -0.000312075 0.0
0.00295886 -0.000305819 0.0
0.00293634 -0.000299591 0.0
0.00291344 -0.000294014 0.0
0.00288933 -0.000288567 0.0
0.00286411 -0.000283141 0.0
0.00283875 -0.000277911 0.0
0.00281312 -0.000273165 0.0
0.0027866 -0.000268486 0.0
0.00275967 -0.000263815 0.0
0.00273286 -0.000259376 0.0
0.00270589 -0.000255452 0.0
0.0026786 -0.000251432 0.0
0.0026513 -0.000247305 0.0
0.00262431 -0.00024377 0.0
0.00259756 -0.000240486 0.0
0.0025708 -0.000236762 0.0
0.00254429 -0.000233422 0.0
0.00251854 -0.000230646 0.0
0.00249309 -0.000227402 0.0
0.00246776 -0.000224276 0.0
0.00244327 -0.000221711 0.0
0.00241952 -0.000218925 0.0
0.00239594 -0.000216029 0.0
0.00237304 -0.000213594 0.0
0.00235106 -0.000211047 0.0
0.00232953 -0.000208451 0.0
0.00230856 -0.00020609 0.0
0.00228839 -0.000203669 0.0
0.00226885 -0.000201233 0.0
0.00224992 -0.000199034 0.0
0.00223165 -0.000196636 0.0
0.00221387 -0.000194232 0.0
0.00219673 -0.000192154 0.0
0.00218021 -0.000189829 0.0
0.00216399 -0.000187367 0.0
0.00214824 -0.000185286 0.0
0.00213308 -0.000183112 0.0
0.00211814 -0.000180611 0.0
0.00210343 -0.000178424 0.0
0.00208919 -0.00017636 0.0
0.00207521 -0.000173965 0.0
0.00206131 -0.000171624 0.0
0.00204767 -0.000169581 0.0
0.00203428 -0.000167339 0.0
0.00202093 -0.000164968 0.0
0.00200771 -0.00016283 0.0
0.00199458 -0.000160677 0.0
0.00198141 -0.000158373 0.0
0.0019683 -0.000156177 0.0
0.00195516 -0.000153988 0.0
0.00194172 -0.000151737 0.0
0.00192814 -0.000149564 0.0
0.00191448 -0.00014733 0.0
0.00190035 -0.000145077 0.0
0.00188568 -0.00014294 0.0
0.00187072 -0.000140744 0.0
0.00185533 -0.000138501 0.0
0.00183916 -0.000136413 0.0
0.00182232 -0.000134324 0.0
0.00180498 -0.000132173 0.0
0.001787 -0.00013018 0.0
0.00176819 -0.000128294 0.0
0.00174868 -0.000126337 0.0
0.00172868 -0.000124485 0.0
0.00170815 -0.000122874 0.0
0.00168694 -0.000121266 0.0
0.00166528 -0.000119616 0.0
0.00164341 -0.000118239 0.0
0.00162133 -0.000117082 0.0
0.00159897 -0.000115777 0.0
0.00157655 -0.000114566 0.0
0.00155439 -0.000113759 0.0
0.00153242 -0.000112912 0.0
0.00151055 -0.000111909 0.0
0.00148912 -0.000111268 0.0
0.00146835 -0.000110785 0.0
0.00144799 -0.000110086 0.0
0.00142812 -0.000109523 0.0
0.00140909 -0.000109196 0.0
0.00139078 -0.000108767 0.0
0.00137305 -0.000108313 0.0
0.00135612 -0.000107993 0.0
0.00134004 -0.000107692 0.0
0.00132464 -0.000107343 0.0
0.00130997 -0.000107013 0.0
0.00129609 -0.000106705 0.0
0.00128294 -0.000106396 0.0
0.00127044 -0.000106061 0.0
0.00125863 -0.000105704 0.0
0.00124748 -0.000105353 0.0
0.00123693 -0.000104997 0.0
0.00122693 -0.000104592 0.0
0.0012175 -0.000104168 0.0
0.00120859 -0.00010375 0.0
0.00120014 -0.000103301 0.0
0.00119212 -0.000102805 0.0
0.00118453 -0.000102308 0.0
0.00117733 -0.000101801 0.0
0.00117046 -0.00010125 0.0
0.00116392 -0.000100675 0.0
0.00115769 -0.0001001 0.0
0.00115173 -9.94992e-05 0.0
0.00114601 -9.88643e-05 0.0
0.00114052 -9.82207e-05 0.0
0.00113525 -9.75695e-05 0.0
0.00113016 -9.68888e-05 0.0
0.00112524 -9.61899e-05 0.0
0.00112048 -9.5487e-05 0.0
0.00111587 -9.47695e-05 0.0
0.00111138 -9.403e-05 0.0
0.00110701 -9.3283e-05 0.0
0.00110275 -9.25303e-05 0.0
0.00109859 -9.17627e-05 0.0
0.00109451 -9.09825e-05 0.0
0.00109051 -9.0199e-05 0.0
0.0010866 -8.94083e-05 0.0
0.00108275 -8.86066e-05 0.0
0.00107896 -8.77991e-05 0.0
0.00107524 -8.69891e-05 0.0
0.00107157 -8.61724e-05 0.0
0.00106795 -8.53494e-05 0.0
0.00106438 -8.45242e-05 0.0
0.00106086 -8.36965e-05 0.0
0.00105738 -8.28642e-05 0.0
0.00105394 -8.20293e-05 0.0
0.00105055 -8.11936e-05 0.0
0.0010472 -8.0356e-05 0.0
0.00104388 -7.9516e-05 0.0
0.0010406 -7.86756e-05 0.0
0.00103737 -7.7835e-05 0.0
0.00103417 -7.69935e-05 0.0
0.001031 -7.61515e-05 0.0
0.00102788 -7.53101e-05 0.0
0.00102479 -7.4469e-05 0.0
0.00102173 -7.3628e-05 0.0
0.00101872 -7.27877e-05 0.0
0.00101574 -7.19485e-05 0.0
0.00101279 -7.11101e-05 0.0
0.00100989 -7.02726e-05 0.0
0.00100702 -6.94365e-05 0.0
0.00100419 -6.86017e-05 0.0
0.00100139 -6.77682e-05 0.0
0.000998635 -6.69362e-05 0.0
0.000995915 -6.61057e-05 0.0
0.000993232 -6.52769e-05 0.0
0.000990587 -6.44497e-05 0.0
0.000987979 -6.36242e-05 0.0
0.000985409 -6.28004e-05 0.0
0.000982877 -6.19785e-05 0.0
0.000980381 -6.11583e-05 0.0
0.000977924 -6.034e-05 0.0
0.000975503 -5.95235e-05 0.0
0.00097312 -5.87089e-05 0.0
0.000970775 -5.78961e-05 0.0
0.000968466 -5.70853e-05 0.0
0.000966194 -5.62763e-05 0.0
0.000963959 -5.54693e-05 0.0
0.000961761 -5.46641e-05 0.0
0.0009596 -5.38609e-05 0.0
0.000957475 -5.30595e-05 0.0
0.000955386 -5.226e-05 0.0
0.000953333 -5.14624e-05 0.0
0.000951317 -5.06666e-05 0.0
0.000949336 -4.98727e-05 0.0
0.000947392 -4.90807e-05 0.0
0.000945483 -4.82905e-05 0.0
0.00094361 -4.75022e-05 0.0
0.000941773 -4.67156e-05 0.0
0.000939972 -4.5931e-05 0.0
0.000938207 -4.51479e-05 0.0
0.000936479 -4.43668e-05 0.0
0.000934787 -4.35874e-05 0.0
0.000933133 -4.281e-05 0.0
0.000931516 -4.20338e-05 0.0
0.000929937 -4.126e-05 0.0
0.000928397 -4.04874e-05 0.0
0.000926897 -3.97169e-05 0.0
0.000925437 -3.89473e-05 0.0
0.00092402 -3.81808e-05 0.0
0.000922646 -3.74145e-05 0.0
0.000921317 -3.66507e-05 0.0
0.000920034 -3.58876e-05 0.0
0.000918801 -3.51283e-05 0.0
0.000917619 -3.4367e-05 0.0
0.000916489 -3.36098e-05 0.0
0.000915415 -3.28527e-05 0.0
0.000914402 -3.20996e-05 0.0
0.000913451 -3.13408e-05 0.0
0.00091256 -3.05903e-05 0.0
0.00091174 -2.98379e-05 0.0
0.000910995 -2.9086e-05 0.0
0.000910314 -2.83245e-05 0.0
0.000909702 -2.75807e-05 0.0
0.000909177 -2.6824e-05 0.0
0.00090871 -2.60501e-05 0.0
0.000908266 -2.52732e-05 0.0
0.000907876 -2.45286e-05 0.0
0.000907522 -2.37055e-05 0.0
0.000906969 -2.27951e-05 0.0
0.000906245 -2.20723e-05 0.0
0.0 0.0 0.0
0.0 0.0 0.0
0.0197281 0.00300693 0.0
0.0199031 0.0039404 0.0
0.0173466 0.00139596 0.0
0.0145239 0.000496012 0.0
0.0131548 0.00100069 0.0
0.012335 0.00043438 0.0
0.0112359 7.60536e-05 0.0
0.0102561 -5.54028e-07 0.0
0.00966752 1.62751e-05 0.0
0.00914146 -0.000238645 0.0
0.0085829 -0.000274331 0.0
0.00814846 -0.00028761 0.0
0.00782452 -0.000329664 0.0
0.00749413 -0.000419552 0.0
0.00718421 -0.000410469 0.0
0.00694208 -0.000430786 0.0
0.00672841 -0.000461867 0.0
0.00651391 -0.000489607 0.0
0.00632544 -0.000484598 0.0
0.00616734 -0.0005039 0.0
0.00601669 -0.00051926 0.0
0.00587274 -0.000527895 0.0
0.00574757 -0.000529353 0.0
0.00563504 -0.000542598 0.0
0.00552665 -0.00054907 0.0
0.00542679 -0.000553124 0.0
0.00533817 -0.000556959 0.0
0.00525548 -0.000564714 0.0
0.0051772 -0.000567693 0.0
0.00510625 -0.000570878 0.0
0.00504185 -0.000574623 0.0
0.00498146 -0.000579066 0.0
0.00492567 -0.000581089 0.0
0.00487548 -0.000583961 0.0
0.00482975 -0.000587043 0.0
0.00478778 -0.000589972 0.0
0.00475018 -0.000591874 0.0
0.00471711 -0.00059455 0.0
0.00468807 -0.00059728 0.0
0.00466289 -0.000599683 0.0
0.00464191 -0.000601743 0.0
0.00462549 -0.000604579 0.0
0.00461338 -0.000607329 0.0
0.00460528 -0.00060967 0.0
0.00460197 -0.000612301 0.0
0.0046041 -0.000615646 0.0
0.00461083 -0.000618504 0.0
0.00462228 -0.000621366 0.0
0.00464016 -0.000625004 0.0
0.00466428 -0.000628663 0.0
0.00469346 -0.000631976 0.0
0.0047294 -0.000636099 0.0
0.00477336 -0.000640167 0.0
0.00482381 -0.000644009 0.0
0.00488114 -0.00064871 0.0
0.00494738 -0.000653234 0.0
0.00502177 -0.000656606 0.0
0.00510371 -0.000661621 0.0
0.00519469 -0.000666634 0.0
0.00529429 -0.000669038 0.0
0.00540175 -0.000672259 0.0
0.00551817 -0.000677485 0.0
0.00564265 -0.000678762 0.0
0.00577335 -0.000678496 0.0
0.00591162 -0.000681162 0.0
0.00605708 -0.000681577 0.0
0.00620594 -0.000677072 0.0
0.00635793 -0.000674655 0.0
0.006515 -0.000672211 0.0
0.00667328 -0.000664354 0.0
0.00682886 -0.000655828 0.0
0.00698425 -0.000648864 0.0
0.00713927 -0.000637305 0.0
0.00728741 -0.000624014 0.0
0.00742879 -0.000612624 0.0
0.00756664 -0.000597486 0.0
0.00769606 -0.000580186 0.0
0.00781413 -0.00056631 0.0
0.00792486 -0.000549287 0.0
0.00802602 -0.000529027 0.0
0.00811462 -0.000513411 0.0
0.00819338 -0.000496943 0.0
0.00826186 -0.000476385 0.0
0.0083181 -0.000459085 0.0
0.00836427 -0.000443919 0.0
0.00840036 -0.000425897 0.0
0.00842561 -0.000408617 0.0
0.00844162 -0.000393876 0.0
0.00844891 -0.000379498 0.0
0.00844723 -0.000364291 0.0
0.00843787 -0.000350331 0.0
0.00842159 -0.0003383 0.0
0.0083984 -0.000326395 0.0
0.00836899 -0.000314042 0.0
0.00833464 -0.000303512 0.0
0.00829539 -0.000293956 0.0
0.00825112 -0.00028419 0.0
0.0082031 -0.000274804 0.0
0.00815213 -0.000266688 0.0
0.00809743 -0.000258861 0.0
0.00803946 -0.000251267 0.0
0.00797958 -0.000243962 0.0
0.00791754 -0.000237405 0.0
0.00785285 -0.00023125 0.0
0.00778653 -0.00022533 0.0
0.00771916 -0.000219524 0.0
0.00765028 -0.00021445 0.0
0.00758018 -0.000209769 0.0
0.00750958 -0.000205219 0.0
0.00743862 -0.000200908 0.0
0.00736729 -0.000197172 0.0
0.00729594 -0.000193789 0.0
0.00722491 -0.000190566 0.0
0.00715454 -0.000187459 0.0
0.00708472 -0.000184795 0.0
0.00701554 -0.00018266 0.0
0.00694769 -0.000180215 0.0
0.00688107 -0.00017789 0.0
0.0068153 -0.000176395 0.0
0.00675107 -0.000174758 0.0
0.00668853 -0.000172633 0.0
0.0066272 -0.000171363 0.0
0.00656742 -0.000170301 0.0
0.00650943 -0.000168617 0.0
0.00645296 -0.000167225 0.0
0.0063981 -0.000166399 0.0
0.00634496 -0.000165073 0.0
0.00629327 -0.000163657 0.0
0.00624324 -0.000162656 0.0
0.00619485 -0.000161418 0.0
0.00614758 -0.000159986 0.0
0.00610169 -0.000158728 0.0
0.00605739 -0.000157322 0.0
0.00601398 -0.000155752 0.0
0.00597137 -0.000154285 0.0
0.0059301 -0.000152658 0.0
0.00588976 -0.000150909 0.0
0.0058498 -0.000149227 0.0
0.00581066 -0.000147494 0.0
0.00577242 -0.000145544 0.0
0.00573454 -0.000143696 0.0
0.00569706 -0.000141876 0.0
0.00566017 -0.000139792 0.0
0.00562356 -0.000137701 0.0
0.00558715 -0.000135756 0.0
0.00555102 -0.000133509 0.0
0.00551473 -0.000131122 0.0
0.00547829 -0.000128903 0.0
0.00544185 -0.000126382 0.0
0.00540482 -0.000123628 0.0
0.00536695 -0.000121047 0.0
0.0053285 -0.000118218 0.0
0.00528916 -0.000114994 0.0
0.00524839 -0.000112011 0.0
0.00520629 -0.000109039 0.0
0.00516283 -0.000105516 0.0
0.00511766 -0.000102064 0.0
0.00507073 -9.91166e-05 0.0
0.00502203 -9.5834e-05 0.0
0.00497143 -9.22009e-05 0.0
0.00491907 -8.92475e-05 0.0
0.0048651 -8.66583e-05 0.0
0.00480937 -8.35919e-05 0.0
0.00475205 -8.08016e-05 0.0
0.00469372 -7.88931e-05 0.0
0.0046344 -7.69755e-05 0.0
0.004574 -7.49241e-05 0.0
0.00451317 -7.35842e-05 0.0
0.00445246 -7.27523e-05 0.0
0.00439163 -7.18713e-05 0.0
0.00433099 -7.12601e-05 0.0
0.00427128 -7.11343e-05 0.0
0.00421254 -7.12846e-05 0.0
0.00415474 -7.15331e-05 0.0
0.00409837 -7.19101e-05 0.0
0.00404367 -7.26244e-05 0.0
0.0039906 -7.35406e-05 0.0
0.00393933 -7.43389e-05 0.0
0.00388999 -7.52684e-05 0.0
0.00384265 -7.64511e-05 0.0
0.00379732 -7.75279e-05 0.0
0.00375399 -7.85012e-05 0.0
0.00371267 -7.96388e-05 0.0
0.00367337 -8.07568e-05 0.0
0.00363602 -8.16944e-05 0.0
0.00360052 -8.26282e-05 0.0
0.00356687 -8.35915e-05 0.0
0.00353498 -8.44049e-05 0.0
0.00350475 -8.51078e-05 0.0
0.0034761 -8.58001e-05 0.0
0.00344896 -8.64161e-05 0.0
0.00342323 -8.68927e-05 0.0
0.00339883 -8.7304e-05 0.0
0.00337566 -8.76654e-05 0.0
0.00335365 -8.79281e-05 0.0
0.00333271 -8.80916e-05 0.0
0.00331278 -8.82008e-05 0.0
0.00329376 -8.82451e-05 0.0
0.00327558 -8.8207e-05 0.0
0.0032582 -8.80989e-05 0.0
0.00324154 -8.79415e-05 0.0
0.00322552 -8.7726e-05 0.0
0.00321011 -8.74497e-05 0.0
0.00319527 -8.71225e-05 0.0
0.00318092 -8.6755e-05 0.0
0.00316703 -8.63429e-05 0.0
0.00315357 -8.58878e-05 0.0
0.00314051 -8.53965e-05 0.0
0.00312779 -8.48757e-05 0.0
0.00311539 -8.43231e-05 0.0
0.0031033 -8.37411e-05 0.0
0.00309148 -8.3135e-05 0.0
0.0030799 -8.25088e-05 0.0
0.00306856 -8.1861e-05 0.0
0.00305744 -8.11944e-05 0.0
0.00304652 -8.05129e-05 0.0
0.00303578 -7.98184e-05 0.0
0.00302522 -7.91102e-05 0.0
0.00301483 -7.8391e-05 0.0
0.00300458 -7.76634e-05 0.0
0.00299449 -7.69279e-05 0.0
0.00298454 -7.61846e-05 0.0
0.00297472 -7.54357e-05 0.0
0.00296503 -7.46825e-05 0.0
0.00295547 -7.39251e-05 0.0
0.00294603 -7.31641e-05 0.0
0.00293672 -7.24009e-05 0.0
0.00292752 -7.16359e-05 0.0
0.00291843 -7.08693e-05 0.0
0.00290946 -7.01018e-05 0.0
0.00290061 -6.9334e-05 0.0
0.00289187 -6.85661e-05 0.0
0.00288323 -6.77983e-05 0.0
0.00287471 -6.7031e-05 0.0
0.0028663 -6.62646e-05 0.0
0.002858 -6.5499e-05 0.0
0.00284981 -6.47344e-05 0.0
0.00284174 -6.39712e-05 0.0
0.00283377 -6.32094e-05 0.0
0.00282591 -6.24489e-05 0.0
0.00281816 -6.16899e-05 0.0
0.00281052 -6.09326e-05 0.0
0.00280299 -6.01769e-05 0.0
0.00279556 -5.94227e-05 0.0
0.00278825 -5.86703e-05 0.0
0.00278105 -5.79195e-05 0.0
0.00277395 -5.71704e-05 0.0
0.00276697 -5.6423e-05 0.0
0.00276009 -5.56772e-05 0.0
0.00275332 -5.49331e-05 0.0
0.00274665 -5.41905e-05 0.0
0.00274009 -5.34496e-05 0.0
0.00273364 -5.27104e-05 0.0
0.0027273 -5.19727e-05 0.0
0.00272106 -5.12366e-05 0.0
0.00271492 -5.0502e-05 0.0
0.00270889 -4.97691e-05 0.0
0.00270296 -4.90377e-05 0.0
0.00269714 -4.83079e-05 0.0
0.00269141 -4.75797e-05 0.0
0.00268579 -4.68531e-05 0.0
0.00268027 -4.61281e-05 0.0
0.00267485 -4.5405e-05 0.0
0.00266954 -4.46835e-05 0.0
0.00266432 -4.39639e-05 0.0
0.00265921 -4.3246e-05 0.0
0.00265419 -4.25304e-05 0.0
0.00264928 -4.18166e-05 0.0
0.00264447 -4.11053e-05 0.0
0.00263976 -4.03961e-05 0.0
0.00263516 -3.96899e-05 0.0
0.00263066 -3.89857e-05 0.0
0.00262626 -3.82852e-05 0.0
0.00262198 -3.75873e-05 0.0
0.0026178 -3.68936e-05 0.0
0.00261374 -3.62022e-05 0.0
0.00260979 -3.55167e-05 0.0
0.00260596 -3.4834e-05 0.0
0.00260226 -3.41572e-05 0.0
0.00259868 -3.34836e-05 0.0
0.00259524 -3.2819e-05 0.0
0.00259193 -3.21561e-05 0.0
0.00258878 -3.15022e-05 0.0
0.00258577 -3.08525e-05 0.0
0.00258293 -3.02149e-05 0.0
0.00258025 -2.95746e-05 0.0
0.00257776 -2.89493e-05 0.0
0.00257545 -2.83268e-05 0.0
0.00257333 -2.77129e-05 0.0
0.00257141 -2.70859e-05 0.0
0.0025697 -2.64813e-05 0.0
0.00256818 -2.58566e-05 0.0
0.00256686 -2.51993e-05 0.0
0.00256571 -2.45061e-05 0.0
0.00256466 -2.38056e-05 0.0
0.00256361 -2.2899e-05 0.0
0.00256255 -2.18656e-05 0.0
0.00256165 -2.13021e-05 0.0
0.0 0.0 0.0
0.0 0.0 0.0
0.0197083 0.00141117 0.0
0.0208282 0.00477925 0.0
0.0206041 0.00318247 0.0
0.0190651 0.00249788 0.0
0.0181351 0.00174457 0.0
0.017344 0.00150168 0.0
0.0161607 0.00119352 0.0
0.0151281 0.000830918 0.0
0.0144997 0.000555825 0.0
0.0138309 0.000435829 0.0
0.0130954 0.000309666 0.0
0.0125344 0.000141708 0.0
0.0121021 4.59105e-05 0.0
0.0116354 -9.29028e-06 0.0
0.011201 -8.07366e-05 0.0
0.0108608 -0.000158979 0.0
0.0105498 -0.000196928 0.0
0.0102339 -0.000231593 0.0
0.00995984 -0.000274812 0.0
0.0097263 -0.000312052 0.0
0.00949936 -0.000331989 0.0
0.00928325 -0.000356723 0.0
0.0090959 -0.000382491 0.0
0.00892458 -0.000401862 0.0
0.00875871 -0.000415722 0.0
0.00860655 -0.000433363 0.0
0.00847079 -0.000448936 0.0
0.0083427 -0.000460892 0.0
0.00822157 -0.000471864 0.0
0.00811171 -0.00048437 0.0
0.00801121 -0.00049465 0.0
0.00791643 -0.000503587 0.0
0.0078289 -0.000512662 0.0
0.00774974 -0.00052201 0.0
0.007677 -0.000530001 0.0
0.00760987 -0.000537723 0.0
0.00754952 -0.000545693 0.0
0.00749591 -0.000553708 0.0
0.007448 -0.000561087 0.0
0.00740592 -0.000568546 0.0
0.00737051 -0.000576488 0.0
0.00734159 -0.000584586 0.0
0.00731851 -0.000592291 0.0
0.00730199 -0.000600513 0.0
0.00729298 -0.000609606 0.0
0.00729085 -0.000618609 0.0
0.00729539 -0.000627564 0.0
0.0073083 -0.000637832 0.0
0.00732999 -0.000648666 0.0
0.00735932 -0.000659176 0.0
0.00739745 -0.000670743 0.0
0.00744627 -0.000683516 0.0
0.00750488 -0.000695921 0.0
0.00757308 -0.000709104 0.0
0.00765282 -0.000723543 0.0
0.00774453 -0.000737477 0.0
0.00784771 -0.000751713 0.0
0.00796288 -0.000767421 0.0
0.00809028 -0.000781838 0.0
0.00823063 -0.000795463 0.0
0.00838415 -0.000810421 0.0
0.0085486 -0.000824199 0.0
0.00872432 -0.000834825 0.0
0.00891354 -0.000845536 0.0
0.00911276 -0.000855652 0.0
0.0093185 -0.000861872 0.0
0.00953413 -0.000864704 0.0
0.00975823 -0.000866731 0.0
0.00998424 -0.00086642 0.0
0.0102128 -0.000860816 0.0
0.0104453 -0.000851141 0.0
0.0106755 -0.000841481 0.0
0.0109015 -0.000828436 0.0
0.0111244 -0.00080814 0.0
0.0113398 -0.000787337 0.0
0.0115461 -0.000767725 0.0
0.0117442 -0.000740744 0.0
0.0119291 -0.000711255 0.0
0.0121005 -0.000685731 0.0
0.0122612 -0.00065571 0.0
0.0124064 -0.000622498 0.0
0.0125344 -0.000593346 0.0
0.0126496 -0.000562831 0.0
0.01275 -0.000530093 0.0
0.0128333 -0.000500598 0.0
0.0129021 -0.000471746 0.0
0.012957 -0.000442397 0.0
0.0129977 -0.000414957 0.0
0.0130248 -0.000389416 0.0
0.0130389 -0.000364869 0.0
0.0130415 -0.000341341 0.0
0.0130334 -0.000319497 0.0
0.0130146 -0.000299765 0.0
0.0129859 -0.000280795 0.0
0.0129492 -0.000262952 0.0
0.0129047 -0.000246839 0.0
0.0128524 -0.000232017 0.0
0.0127933 -0.000217827 0.0
0.0127289 -0.00020471 0.0
0.012659 -0.000192734 0.0
0.0125834 -0.00018166 0.0
0.0125034 -0.000171009 0.0
0.01242 -0.000161251 0.0
0.0123326 -0.000152452 0.0
0.0122412 -0.000144249 0.0
0.0121474 -0.000136352 0.0
0.0120514 -0.000129552 0.0
0.0119529 -0.000123638 0.0
0.0118523 -0.000117887 0.0
0.0117507 -0.000112807 0.0
0.0116484 -0.000109048 0.0
0.0115453 -0.000105461 0.0
0.0114416 -0.000102088 0.0
0.0113385 -0.000100024 0.0
0.0112362 -9.82332e-05 0.0
0.0111341 -9.63621e-05 0.0
0.0110329 -9.55379e-05 0.0
0.0109337 -9.50117e-05 0.0
0.0108357 -9.42387e-05 0.0
0.0107387 -9.42826e-05 0.0
0.0106441 -9.45427e-05 0.0
0.0105516 -9.46117e-05 0.0
0.0104606 -9.51345e-05 0.0
0.0103719 -9.5886e-05 0.0
0.0102857 -9.64028e-05 0.0
0.0102015 -9.72334e-05 0.0
0.0101195 -9.80593e-05 0.0
0.0100399 -9.86022e-05 0.0
0.00996241 -9.94299e-05 0.0
0.00988714 -0.00010005 0.0
0.00981404 -0.000100148 0.0
0.00974262 -0.00010059 0.0
0.0096731 -0.00010089 0.0
0.00960549 -0.00010038 0.0
0.00953929 -0.000100082 0.0
0.00947438 -9.99952e-05 0.0
0.00941095 -9.91655e-05 0.0
0.00934873 -9.80663e-05 0.0
0.00928747 -9.74533e-05 0.0
0.0092272 -9.65186e-05 0.0
0.00916788 -9.49933e-05 0.0
0.00910929 -9.37045e-05 0.0
0.0090514 -9.24959e-05 0.0
0.0089941 -9.07074e-05 0.0
0.0089372 -8.88044e-05 0.0
0.00888065 -8.6928e-05 0.0
0.00882422 -8.45727e-05 0.0
0.00876764 -8.19766e-05 0.0
0.00871086 -7.91724e-05 0.0
0.00865358 -7.58677e-05 0.0
0.0085953 -7.22949e-05 0.0
0.008536 -6.84119e-05 0.0
0.00847553 -6.40232e-05 0.0
0.00841324 -5.94134e-05 0.0
0.00834885 -5.45012e-05 0.0
0.00828249 -4.91669e-05 0.0
0.00821392 -4.37932e-05 0.0
0.00814248 -3.838e-05 0.0
0.0080682 -3.26521e-05 0.0
0.00799154 -2.70213e-05 0.0
0.00791221 -2.18517e-05 0.0
0.00782975 -1.67636e-05 0.0
0.00774478 -1.17283e-05 0.0
0.00765791 -7.4075e-06 0.0
0.0075688 -3.86954e-06 0.0
0.0074776 -5.23831e-07 0.0
0.00738525 2.36872e-06 0.0
0.00729217 4.08689e-06 0.0
0.00719833 5.11056e-06 0.0
0.00710424 6.01408e-06 0.0
0.00701063 6.01436e-06 0.0
0.00691795 4.96831e-06 0.0
0.00682627 3.77771e-06 0.0
0.00673594 2.20643e-06 0.0
0.0066477 -2.18889e-07 0.0
0.00656174 -2.95003e-06 0.0
0.00647789 -5.79461e-06 0.0
0.00639665 -9.00628e-06 0.0
0.00631844 -1.2479e-05 0.0
0.00624299 -1.60257e-05 0.0
0.00617032 -1.961e-05 0.0
0.00610082 -2.32136e-05 0.0
0.0060344 -2.68458e-05 0.0
0.0059708 -3.04161e-05 0.0
0.00591013 -3.38248e-05 0.0
0.00585245 -3.71224e-05 0.0
0.00579753 -4.03401e-05 0.0
0.00574522 -4.33586e-05 0.0
0.00569551 -4.61576e-05 0.0
0.00564833 -4.88161e-05 0.0
0.00560345 -5.13123e-05 0.0
0.00556074 -5.35724e-05 0.0
0.00552016 -5.56367e-05 0.0
0.00548157 -5.75468e-05 0.0
0.00544479 -5.92694e-05 0.0
0.00540971 -6.07877e-05 0.0
0.00537626 -6.21449e-05 0.0
0.00534432 -6.33515e-05 0.0
0.00531373 -6.43922e-05 0.0
0.00528442 -6.52765e-05 0.0
0.00525633 -6.60307e-05 0.0
0.00522933 -6.66567e-05 0.0
0.00520331 -6.71555e-05 0.0
0.00517824 -6.75399e-05 0.0
0.00515405 -6.78235e-05 0.0
0.00513063 -6.80098e-05 0.0
0.00510793 -6.81059e-05 0.0
0.00508592 -6.81207e-05 0.0
0.00506453 -6.80624e-05 0.0
0.0050437 -6.79366e-05 0.0
0.0050234 -6.77496e-05 0.0
0.00500359 -6.75071e-05 0.0
0.00498424 -6.72155e-05 0.0
0.00496529 -6.68799e-05 0.0
0.00494675 -6.65045e-05 0.0
0.00492857 -6.60935e-05 0.0
0.00491073 -6.56519e-05 0.0
0.00489321 -6.51831e-05 0.0
0.004876 -6.469e-05 0.0
0.00485908 -6.41757e-05 0.0
0.00484243 -6.36438e-05 0.0
0.00482604 -6.30962e-05 0.0
0.0048099 -6.2535e-05 0.0
0.00479401 -6.19624e-05 0.0
0.00477835 -6.13807e-05 0.0
0.00476291 -6.07908e-05 0.0
0.0047477 -6.01942e-05 0.0
0.00473269 -5.95926e-05 0.0
0.0047179 -5.89868e-05 0.0
0.00470332 -5.83776e-05 0.0
0.00468894 -5.7766e-05 0.0
0.00467476 -5.71528e-05 0.0
0.00466078 -5.65385e-05 0.0
0.004647 -5.59235e-05 0.0
0.00463341 -5.53083e-05 0.0
0.00462001 -5.46933e-05 0.0
0.0046068 -5.40788e-05 0.0
0.00459379 -5.34648e-05 0.0
0.00458096 -5.28517e-05 0.0
0.00456833 -5.22396e-05 0.0
0.00455588 -5.16285e-05 0.0
0.00454361 -5.10185e-05 0.0
0.00453153 -5.04097e-05 0.0
0.00451964 -4.9802e-05 0.0
0.00450793 -4.91954e-05 0.0
0.0044964 -4.85899e-05 0.0
0.00448505 -4.79854e-05 0.0
0.00447388 -4.7382e-05 0.0
0.0044629 -4.67795e-05 0.0
0.00445209 -4.6178e-05 0.0
0.00444146 -4.55773e-05 0.0
0.004431 -4.49775e-05 0.0
0.00442072 -4.43784e-05 0.0
0.00441061 -4.37801e-05 0.0
0.00440068 -4.31825e-05 0.0
0.00439092 -4.25856e-05 0.0
0.00438132 -4.19894e-05 0.0
0.0043719 -4.1394e-05 0.0
0.00436264 -4.07993e-05 0.0
0.00435355 -4.02055e-05 0.0
0.00434463 -3.96127e-05 0.0
0.00433587 -3.90208e-05 0.0
0.00432727 -3.84302e-05 0.0
0.00431884 -3.78409e-05 0.0
0.00431057 -3.72532e-05 0.0
0.00430246 -3.66672e-05 0.0
0.00429451 -3.60834e-05 0.0
0.00428673 -3.5502e-05 0.0
0.0042791 -3.49235e-05 0.0
0.00427165 -3.43481e-05 0.0
0.00426435 -3.37766e-05 0.0
0.00425722 -3.32093e-05 0.0
0.00425026 -3.2647e-05 0.0
0.00424347 -3.20899e-05 0.0
0.00423685 -3.15398e-05 0.0
0.00423041 -3.09965e-05 0.0
0.00422415 -3.04615e-05 0.0
0.00421808 -2.99351e-05 0.0
0.0042122 -2.942e-05 0.0
0.00420652 -2.89148e-05 0.0
0.00420105 -2.84229e-05 0.0
0.00419579 -2.7944e-05 0.0
0.00419075 -2.74817e-05 0.0
0.00418596 -2.70321e-05 0.0
0.00418141 -2.66022e-05 0.0
0.00417711 -2.61883e-05 0.0
0.0041731 -2.57943e-05 0.0
0.00416937 -2.54113e-05 0.0
0.00416593 -2.50502e-05 0.0
0.00416281 -2.46958e-05 0.0
0.00416002 -2.43473e-05 0.0
0.00415754 -2.39763e-05 0.0
0.00415537 -2.35853e-05 0.0
0.00415355 -2.31221e-05 0.0
0.00415198 -2.25408e-05 0.0
0.0041506 -2.17151e-05 0.0
0.00414949 -2.0844e-05 0.0
0.00414864 -2.05055e-05 0.0
0.0 0.0 0.0
0.0 0.0 0.0
0.0188607 0.00130404 0.0
0.0198706 0.0027651 0.0
0.0212943 0.00318255 0.0
0.0215699 0.00368265 0.0
0.0207571 0.00257776 0.0
0.0198195 0.00233535 0.0
0.0193777 0.0020011 0.0
0.0188216 0.00167924 0.0
0.0179551 0.00129703 0.0
0.017202 0.00112701 0.0
0.0166917 0.000897872 0.0
0.0161331 0.000702112 0.0
0.0155306 0.000556216 0.0
0.015042 0.00044912 0.0
0.0146345 0.000319294 0.0
0.0142053 0.000222669 0.0
0.0138033 0.000150773 0.0
0.0134681 7.96373e-05 0.0
0.0131558 8.0372e-06 0.0
0.0128444 -4.31325e-05 0.0
0.0125668 -8.81098e-05 0.0
0.0123212 -0.000134941 0.0
0.0120843 -0.000175841 0.0
0.0118591 -0.00020759 0.0
0.0116582 -0.000239021 0.0
0.0114723 -0.000269843 0.0
0.0112938 -0.0002956 0.0
0.0111287 -0.000318274 0.0
0.0109788 -0.000341216 0.0
0.0108375 -0.000362549 0.0
0.0107044 -0.000381092 0.0
0.0105825 -0.00039889 0.0
0.0104705 -0.000416617 0.0
0.0103655 -0.000433055 0.0
0.0102687 -0.000448316 0.0
0.0101809 -0.000463595 0.0
0.0101007 -0.000478823 0.0
0.0100276 -0.00049337 0.0
0.0099623 -0.000507633 0.0
0.00990504 -0.000522415 0.0
0.00985529 -0.000537388 0.0
0.00981282 -0.000552096 0.0
0.00977838 -0.000567312 0.0
0.00975265 -0.00058355 0.0
0.00973499 -0.000599984 0.0
0.00972527 -0.000616726 0.0
0.00972533 -0.000634921 0.0
0.0097356 -0.000654058 0.0
0.00975457 -0.000673465 0.0
0.00978371 -0.000694379 0.0
0.00982558 -0.000716748 0.0
0.00987859 -0.000739476 0.0
0.00994213 -0.000763775 0.0
0.0100198 -0.000789702 0.0
0.010112 -0.00081535 0.0
0.0102163 -0.000842603 0.0
0.0103351 -0.00087197 0.0
0.0104703 -0.000899564 0.0
0.01062 -0.000927053 0.0
0.0107844 -0.000957875 0.0
0.0109652 -0.000985939 0.0
0.0111608 -0.00100991 0.0
0.0113709 -0.00103648 0.0
0.0115962 -0.001062 0.0
0.0118341 -0.00107902 0.0
0.0120829 -0.00109453 0.0
0.0123439 -0.00111089 0.0
0.0126144 -0.00111841 0.0
0.0128895 -0.00111831 0.0
0.0131694 -0.0011188 0.0
0.0134551 -0.00111329 0.0
0.0137397 -0.00109722 0.0
0.014019 -0.0010794 0.0
0.0142969 -0.00105885 0.0
0.0145706 -0.0010281 0.0
0.014831 -0.000994905 0.0
0.0150811 -0.000961547 0.0
0.0153228 -0.000919116 0.0
0.0155481 -0.00087513 0.0
0.0157564 -0.000834107 0.0
0.0159515 -0.000785914 0.0
0.0161287 -0.000736017 0.0
0.0162873 -0.000691506 0.0
0.0164292 -0.000644089 0.0
0.0165527 -0.000594583 0.0
0.0166581 -0.000549578 0.0
0.0167467 -0.000506575 0.0
0.0168177 -0.000463105 0.0
0.0168722 -0.00042146 0.0
0.0169117 -0.00038365 0.0
0.0169359 -0.000348416 0.0
0.0169456 -0.000313447 0.0
0.0169428 -0.000281378 0.0
0.0169281 -0.000253126 0.0
0.0169011 -0.000225948 0.0
0.0168634 -0.00019991 0.0
0.0168171 -0.000176967 0.0
0.0167616 -0.000155946 0.0
0.0166966 -0.000135828 0.0
0.0166245 -0.00011712 0.0
0.0165462 -0.000100254 0.0
0.0164606 -8.47321e-05 0.0
0.0163682 -7.01985e-05 0.0
0.0162713 -5.64814e-05 0.0
0.0161694 -4.43302e-05 0.0
0.0160623 -3.35605e-05 0.0
0.0159511 -2.34942e-05 0.0
0.0158367 -1.43212e-05 0.0
0.0157192 -6.8842e-06 0.0
0.015599 -5.53943e-07 0.0
0.0154767 5.10276e-06 0.0
0.0153531 9.52073e-06 0.0
0.0152286 1.27188e-05 0.0
0.0151033 1.5064e-05 0.0
0.0149779 1.65773e-05 0.0
0.0148533 1.75228e-05 0.0
0.014729 1.75171e-05 0.0
0.0146053 1.6598e-05 0.0
0.0144835 1.58944e-05 0.0
0.0143632 1.44626e-05 0.0
0.0142442 1.19638e-05 0.0
0.0141273 9.75258e-06 0.0
0.0140128 7.57918e-06 0.0
0.0139003 4.27225e-06 0.0
0.0137902 1.00844e-06 0.0
0.0136826 -1.67789e-06 0.0
0.0135775 -5.00419e-06 0.0
0.0134751 -8.51528e-06 0.0
0.0133752 -1.1234e-05 0.0
0.0132775 -1.40848e-05 0.0
0.0131826 -1.69962e-05 0.0
0.0130902 -1.91424e-05 0.0
0.0129993 -2.11048e-05 0.0
0.0129108 -2.30173e-05 0.0
0.0128245 -2.43348e-05 0.0
0.0127396 -2.52287e-05 0.0
0.012656 -2.6144e-05 0.0
0.0125744 -2.66817e-05 0.0
0.0124941 -2.67592e-05 0.0
0.0124147 -2.68147e-05 0.0
0.0123366 -2.67053e-05 0.0
0.0122598 -2.60921e-05 0.0
0.0121837 -2.54075e-05 0.0
0.0121084 -2.45426e-05 0.0
0.0120339 -2.30288e-05 0.0
0.0119597 -2.13171e-05 0.0
0.011886 -1.92976e-05 0.0
0.0118125 -1.6408e-05 0.0
0.0117383 -1.31229e-05 0.0
0.0116637 -9.42018e-06 0.0
0.0115888 -4.64276e-06 0.0
0.0115122 6.91292e-07 0.0
0.0114339 6.33747e-06 0.0
0.0113541 1.308e-05 0.0
0.011272 2.06137e-05 0.0
0.0111871 2.80407e-05 0.0
0.0110992 3.60547e-05 0.0
0.0110083 4.50651e-05 0.0
0.0109141 5.37458e-05 0.0
0.0108163 6.18797e-05 0.0
0.0107149 7.06226e-05 0.0
0.0106101 7.92875e-05 0.0
0.010502 8.6493e-05 0.0
0.0103908 9.3109e-05 0.0
0.0102765 9.97703e-05 0.0
0.0101598 0.000105003 0.0
0.0100414 0.000108539 0.0
0.00992136 0.000111618 0.0
0.00979989 0.000113761 0.0
0.00967831 0.000114109 0.0
0.00955707 0.00011339 0.0
0.00943604 0.000111925 0.0
0.00931613 0.000109312 0.0
0.00919821 0.000105623 0.0
0.00908222 0.000101113 0.0
0.00896852 9.60628e-05 0.0
0.00885777 9.0443e-05 0.0
0.00875015 8.41165e-05 0.0
0.00864576 7.75082e-05 0.0
0.00854485 7.08652e-05 0.0
0.00844759 6.38928e-05 0.0
0.00835402 5.67503e-05 0.0
0.00826417 4.98357e-05 0.0
0.00817803 4.30185e-05 0.0
0.0080956 3.61747e-05 0.0
0.0080168 2.96021e-05 0.0
0.00794154 2.33826e-05 0.0
0.00786972 1.73383e-05 0.0
0.00780122 1.15357e-05 0.0
0.0077359 6.14266e-06 0.0
0.00767363 1.07975e-06 0.0
0.00761427 -3.72835e-06 0.0
0.00755765 -8.1903e-06 0.0
0.00750361 -1.22742e-05 0.0
0.00745205 -1.60665e-05 0.0
0.0074028 -1.95759e-05 0.0
0.00735568 -2.27572e-05 0.0
0.00731059 -2.56357e-05 0.0
0.00726741 -2.82634e-05 0.0
0.00722598 -3.06342e-05 0.0
0.00718616 -3.27421e-05 0.0
0.00714789 -3.46198e-05 0.0
0.00711104 -3.6294e-05 0.0
0.00707549 -3.7764e-05 0.0
0.00704115 -3.90403e-05 0.0
0.00700796 -4.01478e-05 0.0
0.00697581 -4.11016e-05 0.0
0.00694462 -4.19067e-05 0.0
0.00691434 -4.25764e-05 0.0
0.00688491 -4.31274e-05 0.0
0.00685625 -4.357e-05 0.0
0.0068283 -4.39109e-05 0.0
0.00680104 -4.41614e-05 0.0
0.00677442 -4.43326e-05 0.0
0.00674838 -4.44318e-05 0.0
0.00672289 -4.44652e-05 0.0
0.00669794 -4.44412e-05 0.0
0.00667347 -4.4367e-05 0.0
0.00664947 -4.42478e-05 0.0
0.00662591 -4.40883e-05 0.0
0.00660278 -4.38945e-05 0.0
0.00658005 -4.36709e-05 0.0
0.0065577 -4.34208e-05 0.0
0.00653573 -4.31479e-05 0.0
0.00651411 -4.28557e-05 0.0
0.00649284 -4.25471e-05 0.0
0.00647191 -4.22241e-05 0.0
0.0064513 -4.18892e-05 0.0
0.00643102 -4.15446e-05 0.0
0.00641104 -4.11916e-05 0.0
0.00639138 -4.08317e-05 0.0
0.00637201 -4.04663e-05 0.0
0.00635294 -4.00965e-05 0.0
0.00633416 -3.9723e-05 0.0
0.00631566 -3.93467e-05 0.0
0.00629745 -3.89681e-05 0.0
0.00627952 -3.85879e-05 0.0
0.00626187 -3.82063e-05 0.0
0.00624449 -3.78237e-05 0.0
0.00622739 -3.74404e-05 0.0
0.00621055 -3.70565e-05 0.0
0.00619398 -3.66721e-05 0.0
0.00617767 -3.62873e-05 0.0
0.00616163 -3.5902e-05 0.0
0.00614585 -3.55164e-05 0.0
0.00613032 -3.51303e-05 0.0
0.00611505 -3.47438e-05 0.0
0.00610004 -3.43567e-05 0.0
0.00608527 -3.39689e-05 0.0
0.00607076 -3.35805e-05 0.0
0.00605649 -3.31912e-05 0.0
0.00604247 -3.28012e-05 0.0
0.00602869 -3.24102e-05 0.0
0.00601515 -3.20183e-05 0.0
0.00600185 -3.16255e-05 0.0
0.00598879 -3.12317e-05 0.0
0.00597596 -3.0837e-05 0.0
0.00596336 -3.04415e-05 0.0
0.00595099 -3.00452e-05 0.0
0.00593885 -2.96483e-05 0.0
0.00592693 -2.9251e-05 0.0
0.00591525 -2.88534e-05 0.0
0.00590378 -2.8456e-05 0.0
0.00589253 -2.80589e-05 0.0
0.00588151 -2.76627e-05 0.0
0.0058707 -2.72678e-05 0.0
0.00586012 -2.68747e-05 0.0
0.00584975 -2.64842e-05 0.0
0.0058396 -2.60969e-05 0.0
0.00582967 -2.57136e-05 0.0
0.00581996 -2.53352e-05 0.0
0.00581047 -2.4963e-05 0.0
0.00580121 -2.4598e-05 0.0
0.00579217 -2.42413e-05 0.0
0.00578336 -2.38948e-05 0.0
0.00577478 -2.35598e-05 0.0
0.00576644 -2.32381e-05 0.0
0.00575835 -2.29311e-05 0.0
0.0057505 -2.26421e-05 0.0
0.00574292 -2.2372e-05 0.0
0.00573561 -2.21232e-05 0.0
0.00572857 -2.18981e-05 0.0
0.00572183 -2.17009e-05 0.0
0.00571539 -2.153e-05 0.0
0.00570928 -2.13901e-05 0.0
0.00570349 -2.1283e-05 0.0
0.00569806 -2.12103e-05 0.0
0.005693 -2.1164e-05 0.0
0.00568833 -2.11537e-05 0.0
0.00568406 -2.1167e-05 0.0
0.0056802 -2.11915e-05 0.0
0.00567679 -2.12034e-05 0.0
0.00567383 -2.12039e-05 0.0
0.0056713 -2.10979e-05 0.0
0.0056692 -2.08401e-05 0.0
0.0056676 -2.0414e-05 0.0
0.00566647 -1.99262e-05 0.0
0.00566565 -1.9696e-05 0.0
0.0 0.0 0.0
0.0 0.0 0.0
0.0194572 0.00127453 0.0
0.0199279 0.00167134 0.0
0.0202308 0.00267029 0.0
0.0209635 0.00325133 0.0
0.0213576 0.00300732 0.0
0.0212446 0.00284365 0.0
0.0209675 0.00239742 0.0
0.0205497 0.00225071 0.0
0.0200717 0.00196092 0.0
0.0196257 0.00166703 0.0
0.0191679 0.00140457 0.0
0.0186436 0.00126518 0.0
0.0181527 0.00106429 0.0
0.0177264 0.000877882 0.0
0.0173063 0.000745378 0.0
0.0168796 0.000643797 0.0
0.016497 0.000515982 0.0
0.0161509 0.000411117 0.0
0.0158123 0.000335404 0.0
0.015489 0.000261471 0.0
0.0151982 0.000181958 0.0
0.014926 0.000120656 0.0
0.0146638 6.9948e-05 0.0
0.0144198 1.66879e-05 0.0
0.0141962 -3.36787e-05 0.0
0.0139841 -7.36736e-05 0.0
0.0137831 -0.000111249 0.0
0.0135973 -0.000149667 0.0
0.0134244 -0.000183817 0.0
0.0132607 -0.000213419 0.0
0.0131077 -0.00024294 0.0
0.0129661 -0.000271851 0.0
0.012834 -0.000297821 0.0
0.0127103 -0.00032233 0.0
0.0125963 -0.000347063 0.0
0.0124914 -0.000371068 0.0
0.0123947 -0.000393737 0.0
0.0123063 -0.000416234 0.0
0.0122267 -0.000439206 0.0
0.0121557 -0.000462079 0.0
0.0120928 -0.000484583 0.0
0.0120384 -0.000507705 0.0
0.0119933 -0.000532039 0.0
0.0119571 -0.000556684 0.0
0.0119296 -0.000581576 0.0
0.0119123 -0.000608325 0.0
0.0119055 -0.000636749 0.0
0.0119085 -0.000665385 0.0
0.0119222 -0.000695597 0.0
0.0119487 -0.00072868 0.0
0.0119873 -0.000762689 0.0
0.0120375 -0.000797678 0.0
0.0121022 -0.000835687 0.0
0.012182 -0.000875338 0.0
0.0122756 -0.000915688 0.0
0.0123848 -0.00095856 0.0
0.012511 -0.00100241 0.0
0.0126537 -0.00104641 0.0
0.0128138 -0.0010923 0.0
0.0129914 -0.00113783 0.0
0.0131856 -0.00118083 0.0
0.0133987 -0.00122464 0.0
0.0136301 -0.00126673 0.0
0.0138749 -0.00130328 0.0
0.0141358 -0.00133673 0.0
0.0144151 -0.0013674 0.0
0.0147046 -0.0013906 0.0
0.0150019 -0.00140726 0.0
0.0153131 -0.00141746 0.0
0.0156318 -0.00142001 0.0
0.0159498 -0.00141609 0.0
0.0162714 -0.00140278 0.0
0.0165955 -0.00137935 0.0
0.0169124 -0.00135334 0.0
0.0172235 -0.00131987 0.0
0.0175289 -0.00127275 0.0
0.0178213 -0.00122559 0.0
0.018102 -0.00117713 0.0
0.0183707 -0.00111529 0.0
0.0186206 -0.00105291 0.0
0.0188543 -0.000993868 0.0
0.0190729 -0.000926734 0.0
0.0192708 -0.000858602 0.0
0.0194487 -0.000794608 0.0
0.0196092 -0.000728741 0.0
0.0197502 -0.000663214 0.0
0.0198714 -0.000600996 0.0
0.0199738 -0.00054081 0.0
0.020058 -0.000483229 0.0
0.0201251 -0.000427774 0.0
0.0201752 -0.00037614 0.0
0.0202087 -0.00032818 0.0
0.0202273 -0.000282506 0.0
0.0202321 -0.000239887 0.0
0.0202234 -0.000201087 0.0
0.0202015 -0.000164926 0.0
0.0201683 -0.000131083 0.0
0.0201246 -9.9753e-05 0.0
0.0200704 -7.11592e-05 0.0
0.0200061 -4.44698e-05 0.0
0.0199334 -1.95862e-05 0.0
0.0198528 3.43673e-06 0.0
0.0197638 2.45128e-05 0.0
0.0196673 4.41171e-05 0.0
0.0195649 6.20293e-05 0.0
0.0194561 7.82128e-05 0.0
0.0193412 9.27364e-05 0.0
0.0192214 0.000105859 0.0
0.0190975 0.000116784 0.0
0.0189697 0.000126 0.0
0.0188382 0.000134208 0.0
0.0187041 0.000140255 0.0
0.0185685 0.000144194 0.0
0.0184313 0.000147848 0.0
0.0182924 0.000149825 0.0
0.0181536 0.000149559 0.0
0.0180153 0.000149589 0.0
0.0178765 0.000148503 0.0
0.0177384 0.000145487 0.0
0.0176022 0.000142619 0.0
0.0174668 0.000139509 0.0
0.0173326 0.000134737 0.0
0.0172009 0.000129878 0.0
0.0170712 0.000125117 0.0
0.0169435 0.000119459 0.0
0.0168185 0.000113631 0.0
0.016696 0.000108035 0.0
0.0165759 0.00010204 0.0
0.0164589 9.65049e-05 0.0
0.0163443 9.1231e-05 0.0
0.0162321 8.57369e-05 0.0
0.0161227 8.12584e-05 0.0
0.0160157 7.73252e-05 0.0
0.0159106 7.31344e-05 0.0
0.0158076 6.97813e-05 0.0
0.0157068 6.74783e-05 0.0
0.0156077 6.49036e-05 0.0
0.0155099 6.2522e-05 0.0
0.0154137 6.12278e-05 0.0
0.0153192 6.01886e-05 0.0
0.0152259 5.87824e-05 0.0
0.0151337 5.8114e-05 0.0
0.0150426 5.82194e-05 0.0
0.0149526 5.81833e-05 0.0
0.0148636 5.86497e-05 0.0
0.0147752 6.01057e-05 0.0
0.0146871 6.19204e-05 0.0
0.0145995 6.4537e-05 0.0
0.0145118 6.82808e-05 0.0
0.0144237 7.26958e-05 0.0
0.0143347 7.82108e-05 0.0
0.0142447 8.49894e-05 0.0
0.014153 9.27313e-05 0.0
0.0140592 0.000101476 0.0
0.0139631 0.000111238 0.0
0.013864 0.000121973 0.0
0.0137614 0.00013358 0.0
0.0136554 0.000145544 0.0
0.0135457 0.000157761 0.0
0.0134316 0.000170452 0.0
0.0133132 0.000183002 0.0
0.0131911 0.000194756 0.0
0.0130649 0.000205902 0.0
0.0129343 0.000216423 0.0
0.0128004 0.000225664 0.0
0.0126638 0.000233208 0.0
0.0125241 0.00023922 0.0
0.0123821 0.000243948 0.0
0.0122389 0.000246855 0.0
0.012095 0.000247449 0.0
0.0119505 0.000246637 0.0
0.0118063 0.000244608 0.0
0.0116633 0.000240388 0.0
0.011522 0.000234661 0.0
0.0113825 0.000228209 0.0
0.0112455 0.000220397 0.0
0.0111117 0.000211386 0.0
0.0109813 0.000201891 0.0
0.0108542 0.00019183 0.0
0.0107311 0.000181193 0.0
0.0106122 0.000170329 0.0
0.0104972 0.000159373 0.0
0.0103864 0.000148373 0.0
0.0102799 0.000137487 0.0
0.0101778 0.000126783 0.0
0.0100796 0.000116334 0.0
0.00998559 0.000106247 0.0
0.00989567 9.65501e-05 0.0
0.0098096 8.7242e-05 0.0
0.00972721 7.84001e-05 0.0
0.00964846 7.00524e-05 0.0
0.0095732 6.21711e-05 0.0
0.0095012 5.47618e-05 0.0
0.0094323 4.78551e-05 0.0
0.00936639 4.14276e-05 0.0
0.0093033 3.54548e-05 0.0
0.00924284 2.99335e-05 0.0
0.00918483 2.48537e-05 0.0
0.0091292 2.01856e-05 0.0
0.00907576 1.5911e-05 0.0
0.00902436 1.20108e-05 0.0
0.00897486 8.46261e-06 0.0
0.00892719 5.24362e-06 0.0
0.00888119 2.33431e-06 0.0
0.00883674 -2.90387e-07 0.0
0.00879375 -2.65009e-06 0.0
0.00875214 -4.76263e-06 0.0
0.0087118 -6.64903e-06 0.0
0.00867263 -8.33102e-06 0.0
0.00863458 -9.82263e-06 0.0
0.00859758 -1.11397e-05 0.0
0.00856154 -1.2301e-05 0.0
0.00852642 -1.33216e-05 0.0
0.00849215 -1.42119e-05 0.0
0.0084587 -1.49859e-05 0.0
0.00842599 -1.56575e-05 0.0
0.00839401 -1.62362e-05 0.0
0.00836271 -1.67304e-05 0.0
0.00833205 -1.7151e-05 0.0
0.008302 -1.75069e-05 0.0
0.00827255 -1.78043e-05 0.0
0.00824365 -1.80499e-05 0.0
0.00821529 -1.82512e-05 0.0
0.00818744 -1.84133e-05 0.0
0.00816009 -1.85405e-05 0.0
0.00813322 -1.86376e-05 0.0
0.00810682 -1.87091e-05 0.0
0.00808087 -1.87579e-05 0.0
0.00805535 -1.8787e-05 0.0
0.00803027 -1.87994e-05 0.0
0.00800561 -1.87975e-05 0.0
0.00798135 -1.8783e-05 0.0
0.0079575 -1.87578e-05 0.0
0.00793403 -1.87235e-05 0.0
0.00791096 -1.86812e-05 0.0
0.00788827 -1.86319e-05 0.0
0.00786595 -1.85766e-05 0.0
0.007844 -1.85161e-05 0.0
0.00782241 -1.84507e-05 0.0
0.00780119 -1.8381e-05 0.0
0.00778032 -1.83073e-05 0.0
0.0077598 -1.82299e-05 0.0
0.00773962 -1.81489e-05 0.0
0.00771979 -1.80645e-05 0.0
0.00770029 -1.79767e-05 0.0
0.00768114 -1.78855e-05 0.0
0.00766231 -1.77908e-05 0.0
0.00764381 -1.76928e-05 0.0
0.00762563 -1.75912e-05 0.0
0.00760777 -1.74861e-05 0.0
0.00759023 -1.73773e-05 0.0
0.007573 -1.72649e-05 0.0
0.00755608 -1.71488e-05 0.0
0.00753946 -1.7029e-05 0.0
0.00752315 -1.69055e-05 0.0
0.00750714 -1.67783e-05 0.0
0.00749142 -1.66475e-05 0.0
0.007476 -1.65133e-05 0.0
0.00746086 -1.63759e-05 0.0
0.00744602 -1.62355e-05 0.0
0.00743145 -1.60923e-05 0.0
0.00741717 -1.59468e-05 0.0
0.00740316 -1.57996e-05 0.0
0.00738943 -1.5651e-05 0.0
0.00737598 -1.55017e-05 0.0
0.0073628 -1.53526e-05 0.0
0.00734988 -1.52046e-05 0.0
0.00733724 -1.50585e-05 0.0
0.00732487 -1.49155e-05 0.0
0.00731277 -1.47771e-05 0.0
0.00730093 -1.46446e-05 0.0
0.00728937 -1.45195e-05 0.0
0.00727808 -1.4404e-05 0.0
0.00726706 -1.43001e-05 0.0
0.00725632 -1.42096e-05 0.0
0.00724587 -1.41352e-05 0.0
0.0072357 -1.40803e-05 0.0
0.00722582 -1.4047e-05 0.0
0.00721625 -1.40386e-05 0.0
0.00720699 -1.40586e-05 0.0
0.00719804 -1.41119e-05 0.0
0.00718943 -1.41995e-05 0.0
0.00718116 -1.43272e-05 0.0
0.00717326 -1.44986e-05 0.0
0.00716573 -1.47186e-05 0.0
0.00715859 -1.49844e-05 0.0
0.00715187 -1.53054e-05 0.0
0.00714559 -1.56784e-05 0.0
0.00713977 -1.61048e-05 0.0
0.00713444 -1.65668e-05 0.0
0.0071296 -1.70724e-05 0.0
0.00712531 -1.75866e-05 0.0
0.00712158 -1.80915e-05 0.0
0.00711843 -1.85001e-05 0.0
0.00711589 -1.87954e-05 0.0
0.00711401 -1.8932e-05 0.0
0.0071127 -1.89272e-05 0.0
0.00711181 -1.88795e-05 0.0
0.0 0.0 0.0
0.0 0.0 0.0
0.019434 0.000590973 0.0
0.0197155 0.00166219 0.0
0.0200999 0.0021803 0.0
0.020678 0.00230221 0.0
0.0212247 0.00284564 0.0
0.0215335 0.00293848 0.0
0.0214452 0.00260944 0.0
0.0213283 0.00247316 0.0
0.0212885 0.00229447 0.0
0.0210356 0.00208482 0.0
0.0206164 0.00184224 0.0
0.0202928 0.0016631 0.0
0.0200185 0.00146661 0.0
0.0196361 0.00129958 0.0
0.019234 0.00114436 0.0
0.01891 0.00100426 0.0
0.0185959 0.000869357 0.0
0.0182457 0.00075878 0.0
0.0179222 0.000654729 0.0
0.0176399 0.000556317 0.0
0.0173565 0.00046854 0.0
0.0170728 0.000393132 0.0
0.0168176 0.00032013 0.0
0.0165811 0.00025216 0.0
0.0163465 0.000192455 0.0
0.016124 0.00013776 0.0
0.0159213 8.4782e-05 0.0
0.0157281 3.61678e-05 0.0
0.0155413 -7.81286e-06 0.0
0.0153679 -4.98728e-05 0.0
0.0152071 -9.02786e-05 0.0
0.0150536 -0.000127827 0.0
0.0149088 -0.000163268 0.0
0.0147752 -0.000197934 0.0
0.0146507 -0.000231513 0.0
0.0145337 -0.000263734 0.0
0.0144258 -0.000295261 0.0
0.0143274 -0.000326834 0.0
0.0142372 -0.000358226 0.0
0.0141552 -0.000389277 0.0
0.0140823 -0.000420734 0.0
0.0140187 -0.00045327 0.0
0.013964 -0.000486278 0.0
0.013918 -0.000519769 0.0
0.0138822 -0.000555145 0.0
0.0138571 -0.000592326 0.0
0.0138417 -0.000630199 0.0
0.0138366 -0.000670107 0.0
0.0138447 -0.000713171 0.0
0.013865 -0.000757601 0.0
0.013896 -0.000803794 0.0
0.0139416 -0.000853894 0.0
0.0140036 -0.000905984 0.0
0.0140786 -0.000959463 0.0
0.0141682 -0.00101709 0.0
0.0142773 -0.00107654 0.0
0.0144037 -0.00113573 0.0
0.0145457 -0.00119933 0.0
0.0147074 -0.00126418 0.0
0.0148897 -0.00132496 0.0
0.01509 -0.00138781 0.0
0.0153092 -0.0014532 0.0
0.0155481 -0.00150967 0.0
0.0158056 -0.00156153 0.0
0.016081 -0.00161592 0.0
0.0163728 -0.00166145 0.0
0.0166787 -0.00169246 0.0
0.016998 -0.00172185 0.0
0.0173296 -0.00174599 0.0
0.017669 -0.00175164 0.0
0.0180125 -0.00174664 0.0
0.0183601 -0.00174003 0.0
0.0187112 -0.0017182 0.0
0.0190573 -0.00168 0.0
0.0193956 -0.0016408 0.0
0.0197314 -0.00159242 0.0
0.0200584 -0.00152763 0.0
0.0203675 -0.0014636 0.0
0.0206656 -0.00139443 0.0
0.0209514 -0.00131197 0.0
0.0212169 -0.00123253 0.0
0.021464 -0.00115264 0.0
0.0216942 -0.0010635 0.0
0.0219042 -0.000977124 0.0
0.0220944 -0.00089492 0.0
0.0222642 -0.000809836 0.0
0.0224137 -0.00072632 0.0
0.0225448 -0.000647169 0.0
0.0226564 -0.00057236 0.0
0.0227481 -0.000499308 0.0
0.0228229 -0.000429077 0.0
0.0228813 -0.00036525 0.0
0.0229226 -0.000305529 0.0
0.0229475 -0.000247554 0.0
0.0229592 -0.000194642 0.0
0.0229579 -0.000146425 0.0
0.0229419 -0.000100627 0.0
0.0229134 -5.77105e-05 0.0
0.0228754 -1.85972e-05 0.0
0.0228262 1.79076e-05 0.0
0.0227649 5.19274e-05 0.0
0.0226948 8.39422e-05 0.0
0.0226168 0.00011345 0.0
0.022529 0.000140324 0.0
0.0224324 0.000165263 0.0
0.0223289 0.000188761 0.0
0.0222188 0.000209183 0.0
0.0221017 0.000226968 0.0
0.0219786 0.000243274 0.0
0.0218506 0.000257286 0.0
0.0217186 0.000268015 0.0
0.0215826 0.000276969 0.0
0.0214431 0.000284082 0.0
0.0213017 0.00028863 0.0
0.021159 0.000291691 0.0
0.021014 0.000292739 0.0
0.0208685 0.00029237 0.0
0.0207235 0.00029114 0.0
0.0205778 0.000288075 0.0
0.0204321 0.000283801 0.0
0.020288 0.000279517 0.0
0.0201449 0.000273686 0.0
0.0200026 0.000266619 0.0
0.0198622 0.000259796 0.0
0.0197239 0.000252435 0.0
0.0195877 0.000243661 0.0
0.0194539 0.000235478 0.0
0.0193222 0.000227539 0.0
0.0191932 0.000218695 0.0
0.0190672 0.000210701 0.0
0.0189433 0.000203519 0.0
0.0188215 0.000196012 0.0
0.0187027 0.000189288 0.0
0.0185859 0.000183899 0.0
0.0184707 0.000178528 0.0
0.0183576 0.000173453 0.0
0.0182466 0.000169615 0.0
0.0181367 0.000166367 0.0
0.0180284 0.000162842 0.0
0.0179219 0.000160084 0.0
0.0178166 0.000158144 0.0
0.0177125 0.000156088 0.0
0.0176099 0.000154515 0.0
0.0175085 0.000153878 0.0
0.017408 0.000153432 0.0
0.0173087 0.000153901 0.0
0.0172099 0.000155607 0.0
0.0171113 0.000157827 0.0
0.0170135 0.000161473 0.0
0.0169153 0.000166832 0.0
0.0168159 0.000173123 0.0
0.0167158 0.000180951 0.0
0.0166147 0.000190894 0.0
0.0165109 0.000201889 0.0
0.0164043 0.000214086 0.0
0.0162952 0.000228395 0.0
0.0161827 0.000243677 0.0
0.0160658 0.000259059 0.0
0.0159446 0.000275746 0.0
0.0158191 0.000293364 0.0
0.0156891 0.000309842 0.0
0.015554 0.000325633 0.0
0.0154141 0.000341872 0.0
0.0152698 0.000356641 0.0
0.0151216 0.000368598 0.0
0.0149694 0.00037951 0.0
0.0148135 0.000389222 0.0
0.0146552 0.000395478 0.0
0.0144953 0.000399087 0.0
0.0143335 0.000401356 0.0
0.0141708 0.000400883 0.0
0.0140087 0.000397512 0.0
0.0138473 0.000392312 0.0
0.0136868 0.00038526 0.0
0.0135285 0.000376277 0.0
0.013373 0.000365528 0.0
0.0132201 0.00035344 0.0
0.0130705 0.000340529 0.0
0.0129249 0.000326613 0.0
0.0127833 0.000311784 0.0
0.0126457 0.000296757 0.0
0.0125126 0.000281631 0.0
0.012384 0.000266149 0.0
0.0122599 0.000250738 0.0
0.0121403 0.000235773 0.0
0.0120253 0.000221053 0.0
0.0119148 0.000206582 0.0
0.0118085 0.000192724 0.0
0.0117066 0.000179494 0.0
0.0116088 0.000166738 0.0
0.0115151 0.000154575 0.0
0.0114251 0.000143149 0.0
0.0113389 0.000132361 0.0
0.0112562 0.000122156 0.0
0.0111769 0.000112617 0.0
0.0111007 0.00010375 0.0
0.0110276 9.54665e-05 0.0
0.0109574 8.77551e-05 0.0
0.0108899 8.06341e-05 0.0
0.0108249 7.40649e-05 0.0
0.0107624 6.79916e-05 0.0
0.0107022 6.24034e-05 0.0
0.010644 5.72837e-05 0.0
0.0105879 5.25923e-05 0.0
0.0105337 4.8293e-05 0.0
0.0104812 4.43681e-05 0.0
0.0104303 4.07919e-05 0.0
0.0103811 3.75331e-05 0.0
0.0103333 3.4565e-05 0.0
0.0102869 3.18679e-05 0.0
0.0102418 2.94187e-05 0.0
0.0101979 2.71942e-05 0.0
0.0101551 2.51736e-05 0.0
0.0101135 2.33401e-05 0.0
0.0100728 2.16759e-05 0.0
0.0100332 2.01636e-05 0.0
0.00999442 1.87881e-05 0.0
0.00995655 1.75365e-05 0.0
0.00991951 1.63958e-05 0.0
0.00988326 1.53539e-05 0.0
0.00984777 1.43999e-05 0.0
0.009813 1.35252e-05 0.0
0.00977893 1.27204e-05 0.0
0.00974553 1.19774e-05 0.0
0.00971277 1.12893e-05 0.0
0.00968064 1.065e-05 0.0
0.00964911 1.00536e-05 0.0
0.00961816 9.49478e-06 0.0
0.00958778 8.96943e-06 0.0
0.00955796 8.47366e-06 0.0
0.00952866 8.00373e-06 0.0
0.0094999 7.5567e-06 0.0
0.00947164 7.13009e-06 0.0
0.00944389 6.7216e-06 0.0
0.00941663 6.32917e-06 0.0
0.00938985 5.95124e-06 0.0
0.00936354 5.5865e-06 0.0
0.00933769 5.23371e-06 0.0
0.00931231 4.89188e-06 0.0
0.00928737 4.56032e-06 0.0
0.00926287 4.23839e-06 0.0
0.00923881 3.92557e-06 0.0
0.00921518 3.62148e-06 0.0
0.00919196 3.32589e-06 0.0
0.00916917 3.03857e-06 0.0
0.00914679 2.75936e-06 0.0
0.00912481 2.48821e-06 0.0
0.00910323 2.22507e-06 0.0
0.00908204 1.9699e-06 0.0
0.00906125 1.72268e-06 0.0
0.00904083 1.48343e-06 0.0
0.0090208 1.25213e-06 0.0
0.00900114 1.02873e-06 0.0
0.00898184 8.13192e-07 0.0
0.00896291 6.05441e-07 0.0
0.00894434 4.05328e-07 0.0
0.00892613 2.12667e-07 0.0
0.00890826 2.72318e-08 0.0
0.00889073 -1.51282e-07 0.0
0.00887355 -3.23297e-07 0.0
0.00885671 -4.89269e-07 0.0
0.0088402 -6.49759e-07 0.0
0.00882402 -8.05475e-07 0.0
0.00880816 -9.5725e-07 0.0
0.00879263 -1.10597e-06 0.0
0.00877741 -1.25273e-06 0.0
0.00876252 -1.39885e-06 0.0
0.00874794 -1.54571e-06 0.0
0.00873368 -1.69488e-06 0.0
0.00871973 -1.84826e-06 0.0
0.00870609 -2.00802e-06 0.0
0.00869277 -2.17622e-06 0.0
0.00867976 -2.35559e-06 0.0
0.00866706 -2.54907e-06 0.0
0.00865469 -2.75988e-06 0.0
0.00864264 -2.99102e-06 0.0
0.00863091 -3.24708e-06 0.0
0.00861952 -3.53184e-06 0.0
0.00860848 -3.84991e-06 0.0
0.00859778 -4.20548e-06 0.0
0.00858744 -4.60561e-06 0.0
0.00857747 -5.05346e-06 0.0
0.0085679 -5.55605e-06 0.0
0.00855872 -6.11777e-06 0.0
0.00854997 -6.7474e-06 0.0
0.00854165 -7.44336e-06 0.0
0.00853381 -8.21719e-06 0.0
0.00852645 -9.06557e-06 0.0
0.0085196 -9.99372e-06 0.0
0.0085133 -1.09859e-05 0.0
0.00850759 -1.20563e-05 0.0
0.00850248 -1.31574e-05 0.0
0.00849802 -1.42778e-05 0.0
0.00849428 -1.53633e-05 0.0
0.00849129 -1.63901e-05 0.0
0.00848909 -1.72023e-05 0.0
0.00848761 -1.77953e-05 0.0
0.00848668 -1.80582e-05 0.0
0.0 0.0 0.0
0.0 0.0 0.0
0.0192789 0.000368417 0.0
0.0195824 0.00131324 0.0
0.0200359 0.00167523 0.0
0.0202898 0.00204937 0.0
0.0206069 0.00239899 0.0
0.0211005 0.00251172 0.0
0.0214366 0.00259847 0.0
0.021563 0.00252351 0.0
0.0215509 0.00235298 0.0
0.0214964 0.00226086 0.0
0.0214233 0.00210226 0.0
0.0212752 0.0019099 0.0
0.0210417 0.00174468 0.0
0.0207979 0.00161591 0.0
0.0205733 0.00144769 0.0
0.0203226 0.00129532 0.0
0.0200439 0.00117496 0.0
0.0197777 0.00105947 0.0
0.0195282 0.000932367 0.0
0.0192711 0.000827646 0.0
0.0190139 0.000738335 0.0
0.0187733 0.000646733 0.0
0.0185433 0.000557589 0.0
0.018315 0.000483815 0.0
0.0180961 0.0004149 0.0
0.0178907 0.000345235 0.0
0.0176932 0.000281596 0.0
0.017502 0.000225771 0.0
0.0173216 0.000170963 0.0
0.0171514 0.000117365 0.0
0.0169884 6.86086e-05 0.0
0.0168335 2.29269e-05 0.0
0.0166884 -2.25596e-05 0.0
0.0165515 -6.64742e-05 0.0
0.0164221 -0.000107836 0.0
0.0163013 -0.00014844 0.0
0.0161891 -0.000189175 0.0
0.0160847 -0.00022921 0.0
0.0159884 -0.000268507 0.0
0.0159007 -0.000308261 0.0
0.0158216 -0.000349042 0.0
0.015751 -0.000390229 0.0
0.015689 -0.00043181 0.0
0.0156365 -0.000475278 0.0
0.0155939 -0.000520995 0.0
0.0155605 -0.000567607 0.0
0.0155374 -0.000616005 0.0
0.0155263 -0.000668238 0.0
0.0155265 -0.000722934 0.0
0.0155375 -0.000778993 0.0
0.0155624 -0.000839236 0.0
0.0156023 -0.000903749 0.0
0.0156548 -0.000969936 0.0
0.0157222 -0.00103954 0.0
0.0158082 -0.00111359 0.0
0.0159107 -0.00118975 0.0
0.0160293 -0.00126878 0.0
0.0161686 -0.00135058 0.0
0.0163277 -0.00143204 0.0
0.0165056 -0.0015161 0.0
0.0167057 -0.00160086 0.0
0.0169259 -0.00168025 0.0
0.0171651 -0.00175781 0.0
0.0174281 -0.00183555 0.0
0.0177108 -0.00190248 0.0
0.0180066 -0.00196039 0.0
0.018323 -0.00201485 0.0
0.018659 -0.00205687 0.0
0.019001 -0.00208354 0.0
0.0193515 -0.00210256 0.0
0.0197181 -0.00210661 0.0
0.020086 -0.00209502 0.0
0.0204491 -0.00207552 0.0
0.0208171 -0.00203873 0.0
0.0211824 -0.00198574 0.0
0.0215346 -0.00193264 0.0
0.0218808 -0.00186301 0.0
0.0222165 -0.00177616 0.0
0.0225353 -0.00169477 0.0
0.0228415 -0.0016048 0.0
0.0231314 -0.0014997 0.0
0.0234002 -0.00139904 0.0
0.0236524 -0.00129809 0.0
0.0238857 -0.0011898 0.0
0.0240972 -0.00108385 0.0
0.0242888 -0.000980193 0.0
0.0244603 -0.000878663 0.0
0.0246118 -0.000779282 0.0
0.0247442 -0.000682742 0.0
0.0248568 -0.000592555 0.0
0.0249509 -0.000506745 0.0
0.025028 -0.000423733 0.0
0.0250889 -0.000347013 0.0
0.0251333 -0.00027587 0.0
0.0251621 -0.000208604 0.0
0.0251773 -0.000145149 0.0
0.0251798 -8.68667e-05 0.0
0.0251688 -3.28359e-05 0.0
0.025145 1.82207e-05 0.0
0.0251106 6.62878e-05 0.0
0.0250658 0.000110552 0.0
0.0250095 0.000151979 0.0
0.0249431 0.000190785 0.0
0.0248679 0.000227347 0.0
0.0247834 0.000260734 0.0
0.0246899 0.000291349 0.0
0.0245887 0.000319299 0.0
0.0244801 0.000344337 0.0
0.0243644 0.000366288 0.0
0.0242425 0.000385414 0.0
0.0241153 0.000400675 0.0
0.0239839 0.000413435 0.0
0.023848 0.000424257 0.0
0.0237085 0.000430603 0.0
0.0235675 0.000435092 0.0
0.0234241 0.000438954 0.0
0.0232782 0.000438834 0.0
0.0231319 0.000436957 0.0
0.0229853 0.000435564 0.0
0.0228376 0.000431147 0.0
0.0226901 0.000424724 0.0
0.0225434 0.000418734 0.0
0.0223971 0.000411422 0.0
0.022252 0.000401829 0.0
0.0221087 0.000392499 0.0
0.0219667 0.000382644 0.0
0.021827 0.00037166 0.0
0.0216898 0.000361129 0.0
0.0215543 0.000350299 0.0
0.0214213 0.000339534 0.0
0.0212912 0.000329986 0.0
0.021163 0.000320452 0.0
0.0210365 0.00031133 0.0
0.0209126 0.000303879 0.0
0.0207908 0.000296851 0.0
0.0206702 0.000290023 0.0
0.020551 0.000284408 0.0
0.0204338 0.000279775 0.0
0.0203181 0.00027488 0.0
0.0202032 0.000270465 0.0
0.0200898 0.000267221 0.0
0.019978 0.000264101 0.0
0.0198676 0.000260855 0.0
0.0197584 0.000258946 0.0
0.0196501 0.000257841 0.0
0.0195431 0.000257037 0.0
0.0194374 0.000257903 0.0
0.0193322 0.000260051 0.0
0.019227 0.000263396 0.0
0.019122 0.000268901 0.0
0.019017 0.000276291 0.0
0.0189107 0.000285315 0.0
0.0188028 0.00029658 0.0
0.0186931 0.000310129 0.0
0.0185811 0.000325691 0.0
0.0184656 0.000342744 0.0
0.0183464 0.000361392 0.0
0.0182231 0.000382032 0.0
0.0180951 0.000403502 0.0
0.0179623 0.000424746 0.0
0.0178244 0.000446549 0.0
0.0176807 0.000468603 0.0
0.0175318 0.000488978 0.0
0.0173785 0.000507574 0.0
0.0172199 0.000524949 0.0
0.0170563 0.000540057 0.0
0.0168896 0.000552096 0.0
0.0167198 0.000561127 0.0
0.0165468 0.000567235 0.0
0.016372 0.000570602 0.0
0.0161966 0.000570382 0.0
0.0160209 0.000566675 0.0
0.0158453 0.000560912 0.0
0.0156707 0.000552395 0.0
0.0154983 0.000540745 0.0
0.0153282 0.000527467 0.0
0.0151606 0.000512634 0.0
0.0149964 0.000495817 0.0
0.0148363 0.000477856 0.0
0.0146799 0.000459258 0.0
0.0145276 0.000439844 0.0
0.01438 0.000419962 0.0
0.014237 0.000400053 0.0
0.0140984 0.000380162 0.0
0.0139645 0.000360393 0.0
0.0138355 0.000341037 0.0
0.013711 0.000322181 0.0
0.0135911 0.000303857 0.0
0.0134756 0.000286188 0.0
0.0133646 0.000269274 0.0
0.0132578 0.000253106 0.0
0.0131551 0.00023771 0.0
0.0130563 0.00022313 0.0
0.0129614 0.000209376 0.0
0.0128701 0.000196416 0.0
0.0127823 0.000184244 0.0
0.0126978 0.000172853 0.0
0.0126165 0.000162223 0.0
0.0125382 0.000152311 0.0
0.0124627 0.000143087 0.0
0.0123899 0.00013453 0.0
0.0123197 0.000126605 0.0
0.0122519 0.000119266 0.0
0.0121863 0.00011248 0.0
0.012123 0.000106221 0.0
0.0120617 0.000100451 0.0
0.0120023 9.51272e-05 0.0
0.0119447 9.02234e-05 0.0
0.0118888 8.57127e-05 0.0
0.0118346 8.15593e-05 0.0
0.0117819 7.77304e-05 0.0
0.0117306 7.42057e-05 0.0
0.0116807 7.09596e-05 0.0
0.0116322 6.79635e-05 0.0
0.0115848 6.5195e-05 0.0
0.0115387 6.26373e-05 0.0
0.0114936 6.02692e-05 0.0
0.0114496 5.80701e-05 0.0
0.0114067 5.60254e-05 0.0
0.0113647 5.41213e-05 0.0
0.0113236 5.2342e-05 0.0
0.0112834 5.06741e-05 0.0
0.0112441 4.91077e-05 0.0
0.0112056 4.76323e-05 0.0
0.0111679 4.62372e-05 0.0
0.011131 4.49143e-05 0.0
0.0110948 4.36567e-05 0.0
0.0110593 4.24571e-05 0.0
0.0110246 4.13089e-05 0.0
0.0109905 4.02072e-05 0.0
0.010957 3.91474e-05 0.0
0.0109242 3.8125e-05 0.0
0.010892 3.71362e-05 0.0
0.0108605 3.61781e-05 0.0
0.0108295 3.52479e-05 0.0
0.0107991 3.4343e-05 0.0
0.0107693 3.34613e-05 0.0
0.0107401 3.26015e-05 0.0
0.0107113 3.17617e-05 0.0
0.0106832 3.09407e-05 0.0
0.0106555 3.01376e-05 0.0
0.0106284 2.93515e-05 0.0
0.0106018 2.85818e-05 0.0
0.0105757 2.78278e-05 0.0
0.0105501 2.70892e-05 0.0
0.0105249 2.63656e-05 0.0
0.0105003 2.56567e-05 0.0
0.0104761 2.49622e-05 0.0
0.0104523 2.42821e-05 0.0
0.0104291 2.36162e-05 0.0
0.0104062 2.29643e-05 0.0
0.0103838 2.23263e-05 0.0
0.0103619 2.1702e-05 0.0
0.0103404 2.10913e-05 0.0
0.0103192 2.04939e-05 0.0
0.0102986 1.99096e-05 0.0
0.0102783 1.93381e-05 0.0
0.0102584 1.8779e-05 0.0
0.0102389 1.82318e-05 0.0
0.0102198 1.76958e-05 0.0
0.0102011 1.71706e-05 0.0
0.0101827 1.66551e-05 0.0
0.0101648 1.61485e-05 0.0
0.0101472 1.56498e-05 0.0
0.01013 1.51575e-05 0.0
0.0101131 1.46703e-05 0.0
0.0100966 1.41865e-05 0.0
0.0100805 1.37042e-05 0.0
0.0100647 1.32213e-05 0.0
0.0100492 1.27354e-05 0.0
0.0100341 1.22438e-05 0.0
0.0100194 1.17433e-05 0.0
0.010005 1.12307e-05 0.0
0.00999097 1.07024e-05 0.0
0.00997728 1.01537e-05 0.0
0.00996394 9.58033e-06 0.0
0.00995097 8.97751e-06 0.0
0.00993836 8.33968e-06 0.0
0.00992612 7.65976e-06 0.0
0.00991426 6.93272e-06 0.0
0.00990279 6.15138e-06 0.0
0.00989173 5.30813e-06 0.0
0.00988108 4.39357e-06 0.0
0.00987086 3.4042e-06 0.0
0.0098611 2.32849e-06 0.0
0.00985181 1.16054e-06 0.0
0.00984302 -1.09712e-07 0.0
0.00983475 -1.47817e-06 0.0
0.00982704 -2.96016e-06 0.0
0.00981992 -4.54435e-06 0.0
0.00981344 -6.23868e-06 0.0
0.00980763 -8.00688e-06 0.0
0.00980255 -9.85319e-06 0.0
0.00979827 -1.17155e-05 0.0
0.00979484 -1.3577e-05 0.0
0.00979232 -1.52416e-05 0.0
0.00979071 -1.65997e-05 0.0
0.00978976 -1.72259e-05 0.0
0.0 0.0 0.0
0.0 0.0 0.0
0.0191829 0.000445631 0.0
0.0193961 0.000770611 0.0
0.0197426 0.00124764 0.0
0.0201195 0.00188838 0.0
0.0204515 0.00194078 0.0
0.020745 0.00210517 0.0
0.0210976 0.00235975 0.0
0.0213827 0.0023863 0.0
0.0215003 0.00229427 0.0
0.0216068 0.00224436 0.0
0.0216905 0.00215883 0.0
0.021642 0.00204536 0.0
0.0215372 0.0019057 0.0
0.0214654 0.00177782 0.0
0.0213534 0.00164657 0.0
0.0211659 0.00152555 0.0
0.0209835 0.00139599 0.0
0.0208242 0.00127516 0.0
0.0206346 0.00116421 0.0
0.0204213 0.00106177 0.0
0.0202274 0.000956991 0.0
0.020042 0.000861507 0.0
0.0198423 0.000775083 0.0
0.0196442 0.000692457 0.0
0.019462 0.000611189 0.0
0.0192825 0.000537716 0.0
0.019101 0.000469408 0.0
0.0189288 0.000402907 0.0
0.0187669 0.000339215 0.0
0.0186077 0.000280515 0.0
0.0184533 0.00022412 0.0
0.0183085 0.000168985 0.0
0.0181707 0.000116224 0.0
0.0180377 6.58451e-05 0.0
0.0179119 1.62601e-05 0.0
0.0177944 -3.26793e-05 0.0
0.0176834 -8.06281e-05 0.0
0.0175789 -0.000127969 0.0
0.0174822 -0.000175576 0.0
0.0173934 -0.000223774 0.0
0.0173119 -0.000272346 0.0
0.017238 -0.000321488 0.0
0.0171726 -0.000372461 0.0
0.0171162 -0.000425475 0.0
0.0170683 -0.000479611 0.0
0.0170292 -0.000535923 0.0
0.0170009 -0.00059625 0.0
0.0169834 -0.000659045 0.0
0.0169754 -0.000723763 0.0
0.0169794 -0.000793588 0.0
0.0169981 -0.000868146 0.0
0.0170287 -0.0009444 0.0
0.0170714 -0.00102552 0.0
0.0171323 -0.00111312 0.0
0.0172105 -0.0012024 0.0
0.0173021 -0.0012954 0.0
0.0174126 -0.00139516 0.0
0.017546 -0.00149521 0.0
0.0176977 -0.0015962 0.0
0.0178683 -0.00170386 0.0
0.0180625 -0.00180822 0.0
0.01828 -0.00190721 0.0
0.0185191 -0.00200999 0.0
0.0187789 -0.00210881 0.0
0.0190604 -0.00219143 0.0
0.0193645 -0.0022698 0.0
0.019687 -0.00234508 0.0
0.0200239 -0.00239967 0.0
0.0203767 -0.00243496 0.0
0.0207427 -0.00246612 0.0
0.0211166 -0.00248199 0.0
0.0214957 -0.00246888 0.0
0.021876 -0.00244392 0.0
0.0222569 -0.00241468 0.0
0.0226377 -0.00235746 0.0
0.0230066 -0.0022833 0.0
0.0233648 -0.00221101 0.0
0.0237189 -0.0021181 0.0
0.0240567 -0.00201083 0.0
0.0243736 -0.00190771 0.0
0.024678 -0.00179113 0.0
0.0249651 -0.00166546 0.0
0.0252305 -0.00154593 0.0
0.0254754 -0.00142068 0.0
0.0256997 -0.00129175 0.0
0.0259045 -0.00116774 0.0
0.0260893 -0.00104628 0.0
0.0262511 -0.000927542 0.0
0.0263938 -0.000811522 0.0
0.0265196 -0.00070115 0.0
0.0266263 -0.000598722 0.0
0.0267136 -0.000499191 0.0
0.0267855 -0.000405119 0.0
0.0268436 -0.000318783 0.0
0.0268857 -0.000237338 0.0
0.0269121 -0.000160061 0.0
0.0269273 -8.89727e-05 0.0
0.0269311 -2.21761e-05 0.0
0.0269207 4.07797e-05 0.0
0.0268986 9.94677e-05 0.0
0.0268677 0.000154718 0.0
0.0268257 0.000206843 0.0
0.0267718 0.000255245 0.0
0.0267086 0.000301498 0.0
0.0266369 0.000344165 0.0
0.0265553 0.000383027 0.0
0.0264641 0.000419161 0.0
0.0263654 0.000452552 0.0
0.0262595 0.000480683 0.0
0.0261468 0.000505145 0.0
0.0260275 0.000527178 0.0
0.0259029 0.000544428 0.0
0.0257751 0.00055761 0.0
0.0256431 0.000568663 0.0
0.0255069 0.000575802 0.0
0.0253696 0.000580346 0.0
0.0252303 0.000583197 0.0
0.0250881 0.000582752 0.0
0.0249451 0.000580934 0.0
0.0248022 0.000577672 0.0
0.0246576 0.000572061 0.0
0.0245125 0.000564813 0.0
0.0243683 0.000556972 0.0
0.0242246 0.000546888 0.0
0.0240816 0.000535493 0.0
0.0239399 0.000524305 0.0
0.0237996 0.000511544 0.0
0.0236617 0.000497972 0.0
0.023526 0.000485788 0.0
0.0233914 0.000472956 0.0
0.0232592 0.000459973 0.0
0.0231298 0.000449111 0.0
0.0230017 0.000438771 0.0
0.0228748 0.000428273 0.0
0.02275 0.000419495 0.0
0.0226267 0.000412497 0.0
0.0225041 0.000404994 0.0
0.022383 0.000397924 0.0
0.0222631 0.000392692 0.0
0.0221442 0.000387643 0.0
0.0220267 0.000381893 0.0
0.0219107 0.000377484 0.0
0.0217956 0.000373801 0.0
0.0216821 0.000369916 0.0
0.0215704 0.000367498 0.0
0.0214594 0.000366015 0.0
0.0213498 0.000365365 0.0
0.0212416 0.000367104 0.0
0.0211333 0.000370589 0.0
0.0210253 0.000375468 0.0
0.0209179 0.000383426 0.0
0.0208093 0.000394149 0.0
0.0206989 0.000406752 0.0
0.0205873 0.000422321 0.0
0.0204734 0.000441012 0.0
0.0203556 0.000461419 0.0
0.020234 0.000484158 0.0
0.0201086 0.000509543 0.0
0.0199783 0.0005356 0.0
0.0198422 0.000562049 0.0
0.0197003 0.000589964 0.0
0.0195531 0.000617593 0.0
0.0194002 0.000642746 0.0
0.019241 0.000666761 0.0
0.0190762 0.000689974 0.0
0.0189069 0.00070917 0.0
0.0187333 0.000723996 0.0
0.0185555 0.000737023 0.0
0.0183743 0.000746367 0.0
0.0181915 0.000750069 0.0
0.0180075 0.000750621 0.0
0.017822 0.000748122 0.0
0.0176369 0.000741213 0.0
0.0174533 0.000730836 0.0
0.0172708 0.000717697 0.0
0.0170901 0.000701993 0.0
0.0169127 0.000683895 0.0
0.0167385 0.000663595 0.0
0.0165675 0.000641897 0.0
0.0164005 0.00061928 0.0
0.0162378 0.000595512 0.0
0.0160794 0.000571033 0.0
0.0159254 0.000546585 0.0
0.0157761 0.000522131 0.0
0.0156316 0.000497582 0.0
0.0154916 0.000473481 0.0
0.0153562 0.000450084 0.0
0.0152256 0.000427217 0.0
0.0150995 0.000404991 0.0
0.0149778 0.000383719 0.0
0.0148604 0.000363368 0.0
0.0147473 0.000343848 0.0
0.0146382 0.000325277 0.0
0.0145331 0.000307739 0.0
0.0144317 0.000291139 0.0
0.0143341 0.000275453 0.0
0.0142399 0.00026072 0.0
0.014149 0.000246916 0.0
0.0140614 0.000233968 0.0
0.0139769 0.000221858 0.0
0.0138952 0.000210566 0.0
0.0138162 0.000200043 0.0
0.01374 0.000190238 0.0
0.0136662 0.000181121 0.0
0.0135948 0.000172652 0.0
0.0135256 0.000164784 0.0
0.0134586 0.00015748 0.0
0.0133936 0.000150701 0.0
0.0133306 0.000144409 0.0
0.0132694 0.000138568 0.0
0.0132099 0.000133144 0.0
0.0131521 0.000128103 0.0
0.0130958 0.000123414 0.0
0.0130411 0.00011905 0.0
0.0129878 0.000114981 0.0
0.0129359 0.000111182 0.0
0.0128852 0.000107629 0.0
0.0128358 0.000104301 0.0
0.0127876 0.000101177 0.0
0.0127405 9.82371e-05 0.0
0.0126946 9.54652e-05 0.0
0.0126496 9.28454e-05 0.0
0.0126057 9.03622e-05 0.0
0.0125628 8.80031e-05 0.0
0.0125208 8.57565e-05 0.0
0.0124797 8.3611e-05 0.0
0.0124394 8.15568e-05 0.0
0.0124001 7.95855e-05 0.0
0.0123615 7.76892e-05 0.0
0.0123238 7.58605e-05 0.0
0.0122868 7.40934e-05 0.0
0.0122506 7.23825e-05 0.0
0.0122151 7.07228e-05 0.0
0.0121803 6.91098e-05 0.0
0.0121462 6.75399e-05 0.0
0.0121128 6.60099e-05 0.0
0.01208 6.45167e-05 0.0
0.012048 6.30579e-05 0.0
0.0120165 6.16316e-05 0.0
0.0119857 6.02357e-05 0.0
0.0119555 5.88687e-05 0.0
0.0119258 5.75294e-05 0.0
0.0118968 5.62166e-05 0.0
0.0118683 5.49294e-05 0.0
0.0118404 5.36669e-05 0.0
0.0118131 5.24287e-05 0.0
0.0117863 5.1214e-05 0.0
0.01176 5.00224e-05 0.0
0.0117343 4.88535e-05 0.0
0.011709 4.77069e-05 0.0
0.0116843 4.65824e-05 0.0
0.0116601 4.54794e-05 0.0
0.0116363 4.43978e-05 0.0
0.011613 4.33372e-05 0.0
0.0115902 4.22971e-05 0.0
0.0115679 4.12771e-05 0.0
0.011546 4.02767e-05 0.0
0.0115246 3.92954e-05 0.0
0.0115036 3.83323e-05 0.0
0.0114831 3.73867e-05 0.0
0.0114629 3.64578e-05 0.0
0.0114432 3.55443e-05 0.0
0.0114239 3.46451e-05 0.0
0.011405 3.37587e-05 0.0
0.0113866 3.28836e-05 0.0
0.0113685 3.20178e-05 0.0
0.0113508 3.11594e-05 0.0
0.0113335 3.03058e-05 0.0
0.0113165 2.94545e-05 0.0
0.0113 2.86023e-05 0.0
0.0112838 2.77461e-05 0.0
0.0112681 2.6882e-05 0.0
0.0112527 2.60056e-05 0.0
0.0112376 2.51125e-05 0.0
0.011223 2.41975e-05 0.0
0.0112087 2.32546e-05 0.0
0.0111948 2.22777e-05 0.0
0.0111813 2.12601e-05 0.0
0.0111682 2.01939e-05 0.0
0.0111555 1.9071e-05 0.0
0.0111432 1.78828e-05 0.0
0.0111313 1.66202e-05 0.0
0.0111199 1.5272e-05 0.0
0.0111089 1.383e-05 0.0
0.0110983 1.22814e-05 0.0
0.0110883 1.06177e-05 0.0
0.0110788 8.82648e-06 0.0
0.0110698 6.90427e-06 0.0
0.0110614 4.83272e-06 0.0
0.0110537 2.62089e-06 0.0
0.0110466 2.5901e-07 0.0
0.0110402 -2.2379e-06 0.0
0.0110346 -4.88452e-06 0.0
0.0110298 -7.60023e-06 0.0
0.011026 -1.03837e-05 0.0
0.0110232 -1.30506e-05 0.0
0.0110214 -1.53345e-05 0.0
0.0110204 -1.63873e-05 0.0
0.0 0.0 0.0
0.0 0.0 0.0
0.0193805 0.000335572 0.0
0.0194811 0.000641828 0.0
0.0195218 0.00106454 0.0
0.0198319 0.00141158 0.0
0.0201934 0.00163244 0.0
0.0204465 0.0019297 0.0
0.0207086 0.00198949 0.0
0.0210116 0.00208424 0.0
0.0212804 0.00216926 0.0
0.021453 0.0021444 0.0
0.0215474 0.00206857 0.0
0.0216423 0.00203227 0.0
0.021717 0.0019482 0.0
0.0217068 0.00183955 0.0
0.0216469 0.0017393 0.0
0.0215994 0.00164606 0.0
0.021536 0.00152862 0.0
0.0214223 0.00142207 0.0
0.0212945 0.00132518 0.0
0.0211783 0.00122547 0.0
0.0210494 0.00112216 0.0
0.0208995 0.00103291 0.0
0.0207524 0.000947094 0.0
0.020612 0.000859868 0.0
0.0204644 0.000777116 0.0
0.0203128 0.000703148 0.0
0.0201684 0.000629745 0.0
0.0200276 0.000557565 0.0
0.0198855 0.000490507 0.0
0.0197469 0.000427478 0.0
0.019615 0.000364555 0.0
0.0194865 0.000303712 0.0
0.0193607 0.000246069 0.0
0.0192409 0.000189711 0.0
0.019127 0.000133399 0.0
0.0190173 7.84061e-05 0.0
0.0189129 2.45005e-05 0.0
0.018815 -2.96128e-05 0.0
0.0187231 -8.44005e-05 0.0
0.0186369 -0.000139344 0.0
0.0185573 -0.000194775 0.0
0.0184849 -0.000251839 0.0
0.0184196 -0.000311078 0.0
0.0183614 -0.000371684 0.0
0.0183111 -0.000434258 0.0
0.0182699 -0.000500694 0.0
0.0182374 -0.000570573 0.0
0.0182134 -0.000642528 0.0
0.0182004 -0.00071907 0.0
0.0181997 -0.000801567 0.0
0.0182088 -0.000887269 0.0
0.0182296 -0.000976913 0.0
0.0182671 -0.001074 0.0
0.0183192 -0.00117604 0.0
0.0183831 -0.00128163 0.0
0.0184665 -0.00139379 0.0
0.0185711 -0.0015104 0.0
0.018691 -0.00163073 0.0
0.0188311 -0.00175637 0.0
0.0189971 -0.00188148 0.0
0.0191834 -0.00200606 0.0
0.0193921 -0.00213671 0.0
0.0196281 -0.00225987 0.0
0.0198851 -0.00237192 0.0
0.0201646 -0.00248561 0.0
0.0204725 -0.00259119 0.0
0.0207983 -0.00267143 0.0
0.0211369 -0.00274355 0.0
0.0215013 -0.00280735 0.0
0.021881 -0.00284052 0.0
0.0222592 -0.00285546 0.0
0.0226484 -0.00286077 0.0
0.0230511 -0.00283555 0.0
0.023442 -0.00279211 0.0
0.0238259 -0.0027419 0.0
0.0242134 -0.00265849 0.0
0.0245864 -0.00256443 0.0
0.0249423 -0.00247144 0.0
0.0252894 -0.00234816 0.0
0.0256179 -0.00221591 0.0
0.0259272 -0.00209116 0.0
0.0262199 -0.00194983 0.0
0.02649 -0.00180015 0.0
0.0267388 -0.00165601 0.0
0.026968 -0.00151015 0.0
0.0271736 -0.00136422 0.0
0.0273588 -0.00121929 0.0
0.0275239 -0.00107944 0.0
0.0276677 -0.00094827 0.0
0.0277925 -0.000818364 0.0
0.0279006 -0.000694831 0.0
0.0279918 -0.00058087 0.0
0.0280658 -0.000472867 0.0
0.0281247 -0.000369542 0.0
0.0281718 -0.000273693 0.0
0.0282058 -0.000185091 0.0
0.0282254 -0.000101361 0.0
0.0282336 -2.1649e-05 0.0
0.0282333 5.20495e-05 0.0
0.0282216 0.000121143 0.0
0.0281975 0.000187052 0.0
0.0281645 0.000249773 0.0
0.0281234 0.000308562 0.0
0.0280713 0.000363664 0.0
0.0280093 0.000415493 0.0
0.0279388 0.000464938 0.0
0.0278597 0.000509227 0.0
0.0277721 0.00054947 0.0
0.0276764 0.00058575 0.0
0.0275739 0.000617119 0.0
0.0274654 0.000644204 0.0
0.027351 0.000666725 0.0
0.0272321 0.0006832 0.0
0.0271104 0.000698229 0.0
0.026984 0.000709231 0.0
0.0268548 0.00071418 0.0
0.0267245 0.000719682 0.0
0.0265916 0.000722448 0.0
0.026456 0.000720296 0.0
0.0263196 0.000717699 0.0
0.026182 0.000714744 0.0
0.0260434 0.000707017 0.0
0.0259047 0.000697746 0.0
0.0257657 0.000688678 0.0
0.0256271 0.000676588 0.0
0.0254904 0.000662653 0.0
0.0253547 0.000649257 0.0
0.0252197 0.000634014 0.0
0.0250876 0.000619064 0.0
0.0249576 0.000604974 0.0
0.0248285 0.000590207 0.0
0.0247013 0.00057693 0.0
0.0245764 0.000565127 0.0
0.0244525 0.000553846 0.0
0.0243291 0.00054359 0.0
0.0242073 0.00053492 0.0
0.0240868 0.00052681 0.0
0.0239664 0.000519219 0.0
0.0238464 0.000512412 0.0
0.0237281 0.000506217 0.0
0.0236108 0.000499655 0.0
0.0234942 0.000493607 0.0
0.0233789 0.000488725 0.0
0.0232651 0.000483477 0.0
0.0231532 0.000479038 0.0
0.0230426 0.000476684 0.0
0.0229328 0.000475031 0.0
0.0228245 0.000475227 0.0
0.0227178 0.000478306 0.0
0.0226113 0.000483331 0.0
0.0225041 0.00049129 0.0
0.0223969 0.00050272 0.0
0.0222895 0.00051729 0.0
0.0221796 0.000534887 0.0
0.0220666 0.000555736 0.0
0.0219513 0.000580306 0.0
0.0218322 0.000607797 0.0
0.021708 0.000636657 0.0
0.0215786 0.000667917 0.0
0.0214435 0.00070182 0.0
0.0213023 0.000735093 0.0
0.0211551 0.000767176 0.0
0.0210011 0.00079993 0.0
0.02084 0.000831053 0.0
0.0206738 0.000857847 0.0
0.0205025 0.00088184 0.0
0.0203249 0.000902894 0.0
0.0201432 0.000918964 0.0
0.0199591 0.000930198 0.0
0.0197718 0.000936557 0.0
0.0195823 0.000938606 0.0
0.0193922 0.000936331 0.0
0.0192024 0.000928583 0.0
0.0190131 0.000917118 0.0
0.0188249 0.000902806 0.0
0.0186388 0.00088439 0.0
0.0184555 0.000862935 0.0
0.0182751 0.000839874 0.0
0.0180979 0.000814672 0.0
0.0179246 0.000787548 0.0
0.0177555 0.000759668 0.0
0.0175903 0.000731213 0.0
0.0174295 0.000702038 0.0
0.0172733 0.000672777 0.0
0.0171216 0.000643863 0.0
0.0169744 0.000615226 0.0
0.0168317 0.000587011 0.0
0.0166936 0.000559603 0.0
0.0165599 0.000533066 0.0
0.0164306 0.000507368 0.0
0.0163056 0.000482641 0.0
0.0161848 0.000459027 0.0
0.0160681 0.000436488 0.0
0.0159554 0.000415004 0.0
0.0158464 0.000394624 0.0
0.0157411 0.000375371 0.0
0.0156395 0.000357183 0.0
0.0155412 0.000340025 0.0
0.0154462 0.000323895 0.0
0.0153544 0.000308766 0.0
0.0152656 0.000294569 0.0
0.0151797 0.000281262 0.0
0.0150966 0.00026882 0.0
0.0150161 0.000257197 0.0
0.0149381 0.000246328 0.0
0.0148626 0.000236174 0.0
0.0147893 0.000226701 0.0
0.0147182 0.00021786 0.0
0.0146493 0.000209597 0.0
0.0145823 0.00020188 0.0
0.0145172 0.000194673 0.0
0.014454 0.000187932 0.0
0.0143925 0.000181619 0.0
0.0143326 0.000175705 0.0
0.0142744 0.000170159 0.0
0.0142177 0.000164947 0.0
0.0141624 0.00016004 0.0
0.0141085 0.000155417 0.0
0.014056 0.000151052 0.0
0.0140048 0.000146921 0.0
0.0139548 0.000143003 0.0
0.013906 0.000139282 0.0
0.0138583 0.000135739 0.0
0.0138117 0.000132357 0.0
0.0137663 0.000129123 0.0
0.0137218 0.000126024 0.0
0.0136783 0.000123047 0.0
0.0136359 0.000120182 0.0
0.0135943 0.000117419 0.0
0.0135537 0.00011475 0.0
0.0135139 0.000112166 0.0
0.013475 0.00010966 0.0
0.0134369 0.000107227 0.0
0.0133996 0.00010486 0.0
0.0133631 0.000102555 0.0
0.0133274 0.000100308 0.0
0.0132925 9.81152e-05 0.0
0.0132582 9.59724e-05 0.0
0.0132247 9.38772e-05 0.0
0.0131919 9.18272e-05 0.0
0.0131598 8.98201e-05 0.0
0.0131283 8.78538e-05 0.0
0.0130975 8.5927e-05 0.0
0.0130673 8.40381e-05 0.0
0.0130378 8.21859e-05 0.0
0.0130088 8.03694e-05 0.0
0.0129805 7.85875e-05 0.0
0.0129527 7.68396e-05 0.0
0.0129256 7.51249e-05 0.0
0.012899 7.34426e-05 0.0
0.0128729 7.17923e-05 0.0
0.0128474 7.01732e-05 0.0
0.0128224 6.85848e-05 0.0
0.012798 6.70265e-05 0.0
0.0127741 6.54976e-05 0.0
0.0127506 6.39975e-05 0.0
0.0127277 6.25254e-05 0.0
0.0127053 6.10804e-05 0.0
0.0126833 5.96616e-05 0.0
0.0126618 5.82679e-05 0.0
0.0126407 5.68981e-05 0.0
0.0126201 5.55509e-05 0.0
0.0126 5.42246e-05 0.0
0.0125803 5.29175e-05 0.0
0.012561 5.16277e-05 0.0
0.0125422 5.03528e-05 0.0
0.0125237 4.90903e-05 0.0
0.0125057 4.78372e-05 0.0
0.0124881 4.65907e-05 0.0
0.0124709 4.53465e-05 0.0
0.0124541 4.41011e-05 0.0
0.0124377 4.28498e-05 0.0
0.0124216 4.15877e-05 0.0
0.012406 4.03087e-05 0.0
0.0123908 3.90073e-05 0.0
0.012376 3.76763e-05 0.0
0.0123615 3.6308e-05 0.0
0.0123475 3.48939e-05 0.0
0.0123338 3.34259e-05 0.0
0.0123206 3.18932e-05 0.0
0.0123078 3.02846e-05 0.0
0.0122954 2.85896e-05 0.0
0.0122835 2.6796e-05 0.0
0.012272 2.48897e-05 0.0
0.012261 2.28566e-05 0.0
0.0122505 2.06858e-05 0.0
0.0122405 1.83597e-05 0.0
0.012231 1.58676e-05 0.0
0.0122222 1.31929e-05 0.0
0.012214 1.03327e-05 0.0
0.0122064 7.26751e-06 0.0
0.0121996 4.01024e-06 0.0
0.0121936 5.37218e-07 0.0
0.0121885 -3.09821e-06 0.0
0.0121844 -6.88924e-06 0.0
0.0121813 -1.06369e-05 0.0
0.0121794 -1.39692e-05 0.0
0.0121784 -1.55433e-05 0.0
0.0 0.0 0.0
0.0 0.0 0.0
0.0193038 0.000165767 0.0
0.019362 0.000628452 0.0
0.019532 0.000905328 0.0
0.0197335 0.00104483 0.0
0.0199419 0.00140578 0.0
0.0202331 0.00166108 0.0
0.0204854 0.00169652 0.0
0.0207086 0.00184209 0.0
0.0209666 0.00194034 0.0
0.0211865 0.00196259 0.0
0.0213456 0.00194436 0.0
0.0214988 0.00192972 0.0
0.021616 0.00188406 0.0
0.0216732 0.00182751 0.0
0.0217162 0.00174834 0.0
0.0217509 0.00166843 0.0
0.0217385 0.00158665 0.0
0.0216952 0.00150362 0.0
0.021656 0.00140846 0.0
0.0216042 0.00132011 0.0
0.021522 0.00123664 0.0
0.0214322 0.00115157 0.0
0.0213472 0.00106348 0.0
0.0212511 0.000983889 0.0
0.0211422 0.000907506 0.0
0.0210355 0.000830117 0.0
0.0209311 0.000754617 0.0
0.0208205 0.000685259 0.0
0.0207079 0.000616948 0.0
0.0205998 0.000548888 0.0
0.020493 0.000483726 0.0
0.020385 0.000421608 0.0
0.0202799 0.000359521 0.0
0.0201792 0.000298167 0.0
0.0200804 0.00023853 0.0
0.0199843 0.000179626 0.0
0.0198928 0.000120199 0.0
0.0198055 6.07046e-05 0.0
0.019722 1.1404e-06 0.0
0.0196434 -5.9144e-05 0.0
0.01957 -0.000121087 0.0
0.019502 -0.000184804 0.0
0.0194397 -0.000249952 0.0
0.0193834 -0.000317297 0.0
0.0193339 -0.000388627 0.0
0.019292 -0.000463135 0.0
0.0192571 -0.000539954 0.0
0.0192304 -0.000621954 0.0
0.0192139 -0.000710402 0.0
0.0192068 -0.000801698 0.0
0.0192085 -0.000897686 0.0
0.0192237 -0.0010031 0.0
0.0192532 -0.00111387 0.0
0.019293 -0.00122735 0.0
0.0193477 -0.00135096 0.0
0.0194234 -0.00148262 0.0
0.0195152 -0.00161528 0.0
0.0196225 -0.00175606 0.0
0.019754 -0.00190438 0.0
0.0199103 -0.00205068 0.0
0.0200873 -0.00220089 0.0
0.0202881 -0.0023559 0.0
0.0205157 -0.00250046 0.0
0.0207718 -0.00264101 0.0
0.0210534 -0.00278098 0.0
0.0213552 -0.00290498 0.0
0.0216832 -0.00300702 0.0
0.0220381 -0.00310172 0.0
0.0224063 -0.00318028 0.0
0.022786 -0.0032258 0.0
0.023184 -0.00324672 0.0
0.0235878 -0.00325809 0.0
0.0239924 -0.00324295 0.0
0.0243977 -0.00318577 0.0
0.0247955 -0.00312415 0.0
0.0251891 -0.00305066 0.0
0.0255743 -0.0029354 0.0
0.0259362 -0.00281542 0.0
0.0262846 -0.00269196 0.0
0.0266212 -0.00254049 0.0
0.026932 -0.00238561 0.0
0.0272182 -0.00223 0.0
0.0274847 -0.00205936 0.0
0.0277282 -0.00189064 0.0
0.0279496 -0.00172343 0.0
0.0281447 -0.00155371 0.0
0.0283162 -0.00139024 0.0
0.0284707 -0.00122873 0.0
0.0286052 -0.00107599 0.0
0.0287174 -0.000930473 0.0
0.0288124 -0.000789764 0.0
0.0288943 -0.000658436 0.0
0.028962 -0.000536143 0.0
0.0290133 -0.00041976 0.0
0.0290524 -0.000311615 0.0
0.0290832 -0.000210567 0.0
0.0291027 -0.000114903 0.0
0.0291101 -2.60293e-05 0.0
0.0291099 5.70726e-05 0.0
0.0291016 0.000137501 0.0
0.0290831 0.000212649 0.0
0.0290559 0.000283525 0.0
0.0290211 0.000351932 0.0
0.0289768 0.000416625 0.0
0.028923 0.000477351 0.0
0.0288608 0.000535613 0.0
0.0287904 0.000588344 0.0
0.0287114 0.000636154 0.0
0.0286242 0.000680296 0.0
0.0285302 0.000719264 0.0
0.028431 0.000750067 0.0
0.0283275 0.000777593 0.0
0.0282179 0.000800649 0.0
0.0281052 0.000816508 0.0
0.0279918 0.000830438 0.0
0.0278744 0.000840431 0.0
0.0277536 0.000846122 0.0
0.0276328 0.000850165 0.0
0.0275097 0.000852463 0.0
0.0273834 0.000850639 0.0
0.0272565 0.000847128 0.0
0.0271289 0.000841847 0.0
0.0269994 0.000833528 0.0
0.0268698 0.000822806 0.0
0.0267406 0.000810925 0.0
0.0266118 0.000795658 0.0
0.026485 0.000780376 0.0
0.0263589 0.000764756 0.0
0.0262338 0.000746819 0.0
0.0261118 0.000730397 0.0
0.0259917 0.000715588 0.0
0.0258715 0.000700102 0.0
0.0257529 0.000685824 0.0
0.0256362 0.000674868 0.0
0.0255197 0.000664091 0.0
0.0254031 0.000653307 0.0
0.0252869 0.000645 0.0
0.0251712 0.000638281 0.0
0.0250559 0.000629806 0.0
0.0249411 0.000621916 0.0
0.0248265 0.000615969 0.0
0.0247129 0.00060877 0.0
0.0246017 0.000601105 0.0
0.0244913 0.000595401 0.0
0.0243817 0.000589483 0.0
0.024275 0.000584752 0.0
0.02417 0.000582561 0.0
0.0240657 0.000581232 0.0
0.023963 0.00058264 0.0
0.0238615 0.000588172 0.0
0.0237598 0.000596352 0.0
0.0236583 0.000607375 0.0
0.0235562 0.000623538 0.0
0.0234518 0.000643772 0.0
0.0233453 0.000667174 0.0
0.0232362 0.000695036 0.0
0.023123 0.000726661 0.0
0.0230044 0.000760943 0.0
0.0228805 0.000798398 0.0
0.022751 0.000837834 0.0
0.0226148 0.000877195 0.0
0.0224708 0.000916898 0.0
0.0223197 0.000956748 0.0
0.0221624 0.00099371 0.0
0.0219982 0.00102626 0.0
0.0218269 0.00105646 0.0
0.0216501 0.00108323 0.0
0.0214692 0.00110229 0.0
0.0212846 0.001116 0.0
0.0210961 0.00112646 0.0
0.0209056 0.00112966 0.0
0.0207152 0.0011265 0.0
0.0205241 0.00111951 0.0
0.0203325 0.00110756 0.0
0.0201432 0.00109075 0.0
0.0199561 0.00107017 0.0
0.0197706 0.00104641 0.0
0.019588 0.00102003 0.0
0.0194093 0.000991202 0.0
0.019234 0.000960385 0.0
0.019062 0.000928492 0.0
0.0188944 0.000895846 0.0
0.0187311 0.000862375 0.0
0.0185717 0.000828693 0.0
0.0184166 0.000795346 0.0
0.018266 0.000762296 0.0
0.0181198 0.000729627 0.0
0.0179777 0.000697801 0.0
0.0178399 0.000666941 0.0
0.0177064 0.000636981 0.0
0.0175771 0.000608066 0.0
0.0174517 0.000580375 0.0
0.0173303 0.000553863 0.0
0.0172129 0.000528519 0.0
0.0170991 0.000504412 0.0
0.0169889 0.000481548 0.0
0.0168823 0.000459861 0.0
0.0167792 0.000439351 0.0
0.0166792 0.000420001 0.0
0.0165824 0.000401757 0.0
0.0164887 0.000384571 0.0
0.016398 0.000368418 0.0
0.01631 0.00035324 0.0
0.0162247 0.000338981 0.0
0.0161421 0.000325601 0.0
0.016062 0.000313054 0.0
0.0159842 0.000301278 0.0
0.0159087 0.00029023 0.0
0.0158354 0.000279868 0.0
0.0157643 0.000270142 0.0
0.0156951 0.000261004 0.0
0.0156279 0.000252417 0.0
0.0155625 0.000244343 0.0
0.015499 0.000236739 0.0
0.0154371 0.000229568 0.0
0.0153769 0.000222802 0.0
0.0153183 0.000216406 0.0
0.0152612 0.000210349 0.0
0.0152055 0.000204606 0.0
0.0151513 0.000199151 0.0
0.0150984 0.00019396 0.0
0.0150468 0.000189009 0.0
0.0149965 0.000184281 0.0
0.0149473 0.000179758 0.0
0.0148994 0.000175419 0.0
0.0148526 0.000171252 0.0
0.0148069 0.000167243 0.0
0.0147623 0.000163377 0.0
0.0147186 0.000159644 0.0
0.014676 0.000156034 0.0
0.0146344 0.000152536 0.0
0.0145937 0.000149143 0.0
0.0145539 0.000145846 0.0
0.014515 0.000142639 0.0
0.014477 0.000139517 0.0
0.0144398 0.000136473 0.0
0.0144034 0.000133502 0.0
0.0143679 0.000130601 0.0
0.0143331 0.000127766 0.0
0.0142991 0.000124993 0.0
0.0142658 0.00012228 0.0
0.0142332 0.000119624 0.0
0.0142014 0.000117022 0.0
0.0141702 0.000114474 0.0
0.0141398 0.000111976 0.0
0.0141099 0.000109527 0.0
0.0140808 0.000107127 0.0
0.0140522 0.000104773 0.0
0.0140243 0.000102465 0.0
0.013997 0.000100202 0.0
0.0139703 9.79817e-05 0.0
0.0139442 9.58046e-05 0.0
0.0139186 9.36693e-05 0.0
0.0138936 9.15749e-05 0.0
0.0138691 8.95204e-05 0.0
0.0138452 8.75048e-05 0.0
0.0138218 8.55271e-05 0.0
0.0137989 8.35862e-05 0.0
0.0137765 8.16807e-05 0.0
0.0137546 7.98094e-05 0.0
0.0137332 7.79706e-05 0.0
0.0137123 7.61627e-05 0.0
0.0136918 7.43838e-05 0.0
0.0136718 7.26317e-05 0.0
0.0136522 7.09041e-05 0.0
0.0136331 6.91982e-05 0.0
0.0136144 6.7511e-05 0.0
0.0135962 6.58391e-05 0.0
0.0135784 6.4179e-05 0.0
0.0135609 6.25261e-05 0.0
0.0135439 6.08759e-05 0.0
0.0135273 5.92229e-05 0.0
0.0135112 5.75618e-05 0.0
0.0134954 5.58854e-05 0.0
0.01348 5.4187e-05 0.0
0.013465 5.24583e-05 0.0
0.0134504 5.0691e-05 0.0
0.0134362 4.88745e-05 0.0
0.0134224 4.69991e-05 0.0
0.013409 4.50522e-05 0.0
0.013396 4.30221e-05 0.0
0.0133835 4.08939e-05 0.0
0.0133714 3.86537e-05 0.0
0.0133597 3.62845e-05 0.0
0.0133486 3.37706e-05 0.0
0.0133379 3.10941e-05 0.0
0.0133277 2.82346e-05 0.0
0.013318 2.51757e-05 0.0
0.013309 2.18989e-05 0.0
0.0133005 1.83879e-05 0.0
0.0132927 1.4614e-05 0.0
0.0132857 1.05847e-05 0.0
0.0132795 6.27226e-06 0.0
0.0132741 1.69171e-06 0.0
0.0132698 -3.15151e-06 0.0
0.0132666 -8.04515e-06 0.0
0.0132645 -1.25288e-05 0.0
0.0132635 -1.46959e-05 0.0
0.0 0.0 0.0
0.0 0.0 0.0
0.0192676 0.000180602 0.0
0.0193598 0.000462613 0.0
0.0195151 0.000702889 0.0
0.0196175 0.000979575 0.0
0.0197579 0.00118765 0.0
0.020009 0.00130779 0.0
0.0202508 0.00151474 0.0
0.0204599 0.00165499 0.0
0.0206593 0.0016682 0.0
0.0208799 0.00174565 0.0
0.0210957 0.00180063 0.0
0.0212534 0.00178686 0.0
0.0213765 0.00175489 0.0
0.0215141 0.00174207 0.0
0.0216262 0.00169543 0.0
0.021679 0.00163397 0.0
0.0217179 0.00157304 0.0
0.0217648 0.00151017 0.0
0.0217802 0.00143394 0.0
0.0217598 0.00136146 0.0
0.0217396 0.00128824 0.0
0.0217188 0.00121208 0.0
0.0216741 0.00113524 0.0
0.0216148 0.00106335 0.0
0.0215592 0.000989941 0.0
0.0214988 0.000916669 0.0
0.0214254 0.000846282 0.0
0.0213491 0.000778546 0.0
0.0212755 0.000710012 0.0
0.0211976 0.000643149 0.0
0.0211151 0.000578659 0.0
0.0210344 0.000515014 0.0
0.0209553 0.000451176 0.0
0.0208746 0.000388682 0.0
0.0207943 0.000326994 0.0
0.0207172 0.000265017 0.0
0.0206418 0.000202548 0.0
0.0205676 0.000140048 0.0
0.0204964 7.6827e-05 0.0
0.020429 1.2167e-05 0.0
0.0203646 -5.4316e-05 0.0
0.0203037 -0.000122424 0.0
0.0202473 -0.000192732 0.0
0.0201959 -0.000266437 0.0
0.0201495 -0.000343796 0.0
0.0201083 -0.000424032 0.0
0.0200736 -0.000508845 0.0
0.0200469 -0.000599855 0.0
0.0200266 -0.00069548 0.0
0.0200136 -0.0007957 0.0
0.0200123 -0.000904554 0.0
0.020022 -0.00102083 0.0
0.0200389 -0.00114178 0.0
0.0200699 -0.00127158 0.0
0.0201202 -0.00141159 0.0
0.0201817 -0.00155675 0.0
0.0202563 -0.00171009 0.0
0.020358 -0.00187246 0.0
0.0204811 -0.00203763 0.0
0.0206191 -0.00221166 0.0
0.020786 -0.00239043 0.0
0.0209841 -0.00256122 0.0
0.0212036 -0.00273615 0.0
0.0214528 -0.00291636 0.0
0.0217347 -0.00307069 0.0
0.022039 -0.00321285 0.0
0.0223723 -0.00335842 0.0
0.0227364 -0.00347346 0.0
0.0231127 -0.00354799 0.0
0.023504 -0.00362141 0.0
0.0239235 -0.00366758 0.0
0.0243438 -0.00366128 0.0
0.0247526 -0.00364553 0.0
0.0251759 -0.00360885 0.0
0.0255965 -0.00352099 0.0
0.0259866 -0.00343274 0.0
0.0263692 -0.00332201 0.0
0.0267429 -0.00316954 0.0
0.0270875 -0.00302505 0.0
0.0274101 -0.0028685 0.0
0.0277115 -0.00267867 0.0
0.0279861 -0.00249418 0.0
0.0282386 -0.00231066 0.0
0.0284617 -0.0021138 0.0
0.0286571 -0.00191907 0.0
0.0288323 -0.00172496 0.0
0.0289827 -0.00154159 0.0
0.0291075 -0.00136235 0.0
0.0292145 -0.00118498 0.0
0.0293055 -0.00102164 0.0
0.0293786 -0.00086927 0.0
0.0294348 -0.000722003 0.0
0.0294808 -0.000584754 0.0
0.0295178 -0.00045828 0.0
0.0295422 -0.000340134 0.0
0.0295557 -0.000228144 0.0
0.0295647 -0.000124168 0.0
0.0295678 -2.76842e-05 0.0
0.0295603 6.45202e-05 0.0
0.0295456 0.000152387 0.0
0.0295285 0.000234572 0.0
0.0295036 0.000313963 0.0
0.0294689 0.000389822 0.0
0.0294285 0.000463531 0.0
0.0293821 0.000533313 0.0
0.0293268 0.000597961 0.0
0.0292629 0.000659671 0.0
0.0291914 0.000717435 0.0
0.0291134 0.000766681 0.0
0.0290294 0.000811049 0.0
0.0289382 0.000848886 0.0
0.0288438 0.000879151 0.0
0.0287464 0.000906702 0.0
0.0286446 0.000924948 0.0
0.0285419 0.000939195 0.0
0.0284383 0.000953783 0.0
0.0283308 0.000961205 0.0
0.0282216 0.000965151 0.0
0.0281113 0.000970918 0.0
0.0279988 0.0009716 0.0
0.0278839 0.000967986 0.0
0.027767 0.000964462 0.0
0.0276489 0.000958493 0.0
0.0275314 0.00094605 0.0
0.0274142 0.000933701 0.0
0.0272958 0.000919537 0.0
0.0271794 0.00090108 0.0
0.0270664 0.000883894 0.0
0.0269539 0.000865646 0.0
0.0268421 0.000846372 0.0
0.0267332 0.00082971 0.0
0.026626 0.000814126 0.0
0.026519 0.000799117 0.0
0.0264122 0.000786365 0.0
0.0263067 0.000775394 0.0
0.0262008 0.000766241 0.0
0.0260938 0.000757336 0.0
0.0259871 0.00074928 0.0
0.0258804 0.000741869 0.0
0.0257729 0.000734304 0.0
0.0256658 0.000726388 0.0
0.0255598 0.000718494 0.0
0.0254547 0.000709476 0.0
0.0253513 0.000701944 0.0
0.0252492 0.000694981 0.0
0.025149 0.000687553 0.0
0.0250516 0.000683299 0.0
0.0249559 0.000681334 0.0
0.0248608 0.00068142 0.0
0.0247672 0.00068539 0.0
0.0246757 0.000693403 0.0
0.0245837 0.000705408 0.0
0.0244899 0.000722275 0.0
0.0243959 0.000743859 0.0
0.0243008 0.00077067 0.0
0.0242012 0.000801779 0.0
0.024097 0.000837102 0.0
0.023989 0.000877965 0.0
0.0238751 0.000921488 0.0
0.0237539 0.000965727 0.0
0.0236253 0.00101337 0.0
0.0234889 0.00106257 0.0
0.023345 0.00110769 0.0
0.0231937 0.00115068 0.0
0.0230338 0.00119327 0.0
0.0228665 0.00122967 0.0
0.0226949 0.00125893 0.0
0.0225176 0.00128415 0.0
0.0223344 0.00130283 0.0
0.0221492 0.00131436 0.0
0.0219626 0.00131895 0.0
0.0217738 0.00131698 0.0
0.0215845 0.00131021 0.0
0.0213963 0.00129709 0.0
0.0212095 0.00127805 0.0
0.0210242 0.00125587 0.0
0.0208412 0.00122997 0.0
0.0206611 0.00119982 0.0
0.0204844 0.0011675 0.0
0.0203108 0.00113377 0.0
0.0201408 0.00109793 0.0
0.0199747 0.00106081 0.0
0.0198125 0.00102355 0.0
0.0196542 0.000986025 0.0
0.0195 0.000948183 0.0
0.0193498 0.000910803 0.0
0.0192037 0.000874205 0.0
0.0190616 0.000838238 0.0
0.0189236 0.00080307 0.0
0.0187894 0.000769091 0.0
0.0186591 0.000736309 0.0
0.0185327 0.000704661 0.0
0.01841 0.00067427 0.0
0.018291 0.000645259 0.0
0.0181755 0.000617563 0.0
0.0180636 0.000591147 0.0
0.017955 0.000566046 0.0
0.0178497 0.000542263 0.0
0.0177476 0.000519725 0.0
0.0176486 0.000498388 0.0
0.0175525 0.000478236 0.0
0.0174594 0.000459227 0.0
0.017369 0.000441289 0.0
0.0172813 0.000424375 0.0
0.0171962 0.000408444 0.0
0.0171137 0.000393443 0.0
0.0170335 0.000379307 0.0
0.0169557 0.000365991 0.0
0.01688 0.00035345 0.0
0.0168066 0.000341631 0.0
0.0167352 0.000330482 0.0
0.0166658 0.000319961 0.0
0.0165983 0.000310028 0.0
0.0165327 0.000300638 0.0
0.0164689 0.000291749 0.0
0.0164068 0.000283329 0.0
0.0163463 0.000275343 0.0
0.0162874 0.000267755 0.0
0.0162301 0.000260535 0.0
0.0161743 0.000253658 0.0
0.0161199 0.000247094 0.0
0.0160668 0.00024082 0.0
0.0160151 0.000234814 0.0
0.0159648 0.000229054 0.0
0.0159156 0.000223522 0.0
0.0158677 0.000218199 0.0
0.0158209 0.00021307 0.0
0.0157753 0.000208121 0.0
0.0157307 0.000203337 0.0
0.0156872 0.000198707 0.0
0.0156448 0.00019422 0.0
0.0156034 0.000189866 0.0
0.0155629 0.000185635 0.0
0.0155234 0.00018152 0.0
0.0154848 0.000177514 0.0
0.0154471 0.00017361 0.0
0.0154103 0.000169802 0.0
0.0153743 0.000166085 0.0
0.0153392 0.000162455 0.0
0.0153048 0.000158906 0.0
0.0152713 0.000155436 0.0
0.0152385 0.000152041 0.0
0.0152064 0.000148719 0.0
0.0151751 0.000145466 0.0
0.0151445 0.00014228 0.0
0.0151146 0.000139159 0.0
0.0150854 0.000136102 0.0
0.0150568 0.000133106 0.0
0.0150289 0.00013017 0.0
0.0150016 0.000127292 0.0
0.014975 0.000124472 0.0
0.0149489 0.000121707 0.0
0.0149234 0.000118997 0.0
0.0148986 0.000116339 0.0
0.0148742 0.000113734 0.0
0.0148505 0.000111179 0.0
0.0148272 0.000108673 0.0
0.0148045 0.000106215 0.0
0.0147823 0.000103803 0.0
0.0147607 0.000101435 0.0
0.0147395 9.911e-05 0.0
0.0147188 9.6825e-05 0.0
0.0146986 9.45783e-05 0.0
0.0146788 9.23672e-05 0.0
0.0146595 9.01889e-05 0.0
0.0146407 8.80403e-05 0.0
0.0146223 8.5918e-05 0.0
0.0146043 8.38179e-05 0.0
0.0145867 8.1736e-05 0.0
0.0145696 7.96672e-05 0.0
0.0145529 7.76065e-05 0.0
0.0145366 7.55475e-05 0.0
0.0145207 7.3484e-05 0.0
0.0145052 7.14083e-05 0.0
0.0144901 6.93127e-05 0.0
0.0144753 6.71872e-05 0.0
0.014461 6.50231e-05 0.0
0.0144471 6.28083e-05 0.0
0.0144335 6.05312e-05 0.0
0.0144204 5.81775e-05 0.0
0.0144076 5.57344e-05 0.0
0.0143953 5.31835e-05 0.0
0.0143834 5.0509e-05 0.0
0.0143719 4.76911e-05 0.0
0.0143609 4.47108e-05 0.0
0.0143503 4.1544e-05 0.0
0.0143402 3.81702e-05 0.0
0.0143306 3.45638e-05 0.0
0.0143216 3.06987e-05 0.0
0.0143132 2.65525e-05 0.0
0.0143054 2.20948e-05 0.0
0.0142983 1.73049e-05 0.0
0.0142921 1.21523e-05 0.0
0.0142866 6.63874e-06 0.0
0.0142822 7.49724e-07 0.0
0.0142789 -5.3355e-06 0.0
0.0142768 -1.1048e-05 0.0
0.0142758 -1.38473e-05 0.0
0.0 0.0 0.0
0.0 0.0 0.0
0.0192836 0.00018792 0.0
0.0193427 0.000335219 0.0
0.0194126 0.000573067 0.0
0.019556 0.000863618 0.0
0.0197316 0.000977145 0.0
0.0198678 0.00112138 0.0
0.0200392 0.00132113 0.0
0.0202655 0.00141299 0.0
0.0204562 0.0014779 0.0
0.0206345 0.00156517 0.0
0.020824 0.00160176 0.0
0.0209988 0.00162146 0.0
0.0211553 0.00162625 0.0
0.0212995 0.00161683 0.0
0.0214169 0.00159046 0.0
0.0215171 0.00156132 0.0
0.0216111 0.00151454 0.0
0.0216822 0.00146416 0.0
0.021726 0.00141223 0.0
0.0217633 0.00135511 0.0
0.0217942 0.00128877 0.0
0.0218034 0.00122682 0.0
0.021797 0.00116478 0.0
0.021789 0.00109805 0.0
0.0217735 0.00102988 0.0
0.0217435 0.000966742 0.0
0.0217074 0.000902358 0.0
0.0216706 0.000835832 0.0
0.0216273 0.00077118 0.0
0.0215769 0.000709247 0.0
0.0215253 0.000645716 0.0
0.0214729 0.000581963 0.0
0.0214167 0.000519951 0.0
0.0213585 0.000458348 0.0
0.021301 0.000395336 0.0
0.0212432 0.000332298 0.0
0.0211844 0.000269353 0.0
0.0211268 0.000205308 0.0
0.0210707 0.000139506 0.0
0.0210154 7.2312e-05 0.0
0.0209619 3.47832e-06 0.0
0.0209111 -6.7683e-05 0.0
0.0208627 -0.000142365 0.0
0.0208173 -0.00022039 0.0
0.0207759 -0.00030127 0.0
0.0207382 -0.000386846 0.0
0.0207053 -0.000479059 0.0
0.020678 -0.00057547 0.0
0.0206561 -0.000676493 0.0
0.0206414 -0.000787173 0.0
0.0206354 -0.000906301 0.0
0.0206365 -0.0010288 0.0
0.0206471 -0.00116158 0.0
0.0206723 -0.00130859 0.0
0.0207092 -0.00146017 0.0
0.0207567 -0.00161811 0.0
0.0208247 -0.00179364 0.0
0.0209146 -0.00197652 0.0
0.0210199 -0.0021614 0.0
0.0211483 -0.00236042 0.0
0.0213069 -0.00256391 0.0
0.021493 -0.00276581 0.0
0.0217081 -0.00297286 0.0
0.0219526 -0.00317473 0.0
0.0222293 -0.00336164 0.0
0.0225454 -0.00354357 0.0
0.0228885 -0.00370756 0.0
0.0232495 -0.00384251 0.0
0.0236464 -0.00394956 0.0
0.0240679 -0.00403474 0.0
0.0244877 -0.00408708 0.0
0.024919 -0.00409477 0.0
0.0253613 -0.00406502 0.0
0.0257901 -0.00403066 0.0
0.0262107 -0.00394275 0.0
0.0266162 -0.00381272 0.0
0.0269981 -0.00369228 0.0
0.0273655 -0.0035389 0.0
0.0277051 -0.00334736 0.0
0.0280076 -0.00316281 0.0
0.0282878 -0.00296266 0.0
0.0285393 -0.00274385 0.0
0.0287579 -0.00252974 0.0
0.0289454 -0.00230456 0.0
0.0291011 -0.0020848 0.0
0.0292335 -0.00187097 0.0
0.029345 -0.00165667 0.0
0.0294291 -0.0014571 0.0
0.0294922 -0.00126666 0.0
0.0295422 -0.00108387 0.0
0.029581 -0.000915871 0.0
0.0296054 -0.000757987 0.0
0.0296168 -0.000611189 0.0
0.0296232 -0.000475094 0.0
0.0296263 -0.000348082 0.0
0.0296211 -0.000230174 0.0
0.0296096 -0.000121937 0.0
0.0295968 -1.83285e-05 0.0
0.0295812 8.01289e-05 0.0
0.0295614 0.000170292 0.0
0.0295379 0.00025803 0.0
0.0295097 0.00034507 0.0
0.0294777 0.000425848 0.0
0.0294408 0.000505415 0.0
0.0293967 0.000582374 0.0
0.0293446 0.00065559 0.0
0.029285 0.00072465 0.0
0.0292188 0.000789332 0.0
0.0291456 0.000845309 0.0
0.0290668 0.000894016 0.0
0.0289826 0.00093884 0.0
0.0288946 0.000972238 0.0
0.0288073 0.000998176 0.0
0.0287193 0.00102238 0.0
0.0286265 0.00103838 0.0
0.0285348 0.00105028 0.0
0.0284449 0.00106229 0.0
0.0283515 0.00106994 0.0
0.0282554 0.00107382 0.0
0.0281592 0.00107726 0.0
0.0280602 0.00107923 0.0
0.0279587 0.00107477 0.0
0.0278569 0.00106819 0.0
0.0277529 0.0010589 0.0
0.0276491 0.00104468 0.0
0.0275474 0.00102946 0.0
0.0274455 0.00101033 0.0
0.0273455 0.000989109 0.0
0.0272495 0.000970281 0.0
0.0271539 0.000950468 0.0
0.0270592 0.00093003 0.0
0.0269676 0.00091341 0.0
0.0268771 0.000899443 0.0
0.0267851 0.000885512 0.0
0.0266927 0.000874103 0.0
0.0266003 0.000866739 0.0
0.0265069 0.000858458 0.0
0.0264116 0.000850021 0.0
0.0263147 0.000843975 0.0
0.0262175 0.000837657 0.0
0.0261212 0.000827502 0.0
0.0260253 0.000818927 0.0
0.0259286 0.000810699 0.0
0.0258346 0.000799505 0.0
0.0257444 0.000790488 0.0
0.0256548 0.000782412 0.0
0.0255666 0.000774732 0.0
0.0254824 0.00077088 0.0
0.0254002 0.000770468 0.0
0.025319 0.000772024 0.0
0.0252392 0.000779006 0.0
0.0251597 0.000792323 0.0
0.0250806 0.000809528 0.0
0.0250009 0.000831755 0.0
0.0249183 0.000861537 0.0
0.0248325 0.000896724 0.0
0.0247438 0.000936875 0.0
0.0246499 0.000982436 0.0
0.0245492 0.00103196 0.0
0.0244409 0.00108538 0.0
0.0243248 0.00114111 0.0
0.024201 0.00119656 0.0
0.0240678 0.00125074 0.0
0.0239242 0.00130353 0.0
0.023773 0.00135294 0.0
0.0236151 0.00139555 0.0
0.0234494 0.00143071 0.0
0.0232771 0.00146204 0.0
0.0231006 0.00148503 0.0
0.0229217 0.00149701 0.0
0.0227404 0.00150419 0.0
0.0225564 0.0015046 0.0
0.0223732 0.00149587 0.0
0.0221917 0.00148148 0.0
0.0220103 0.00146218 0.0
0.0218304 0.00143744 0.0
0.0216542 0.0014083 0.0
0.0214806 0.00137573 0.0
0.0213092 0.00134035 0.0
0.0211415 0.00130278 0.0
0.0209777 0.00126339 0.0
0.0208172 0.00122277 0.0
0.02066 0.00118157 0.0
0.0205069 0.00114008 0.0
0.0203576 0.00109847 0.0
0.0202119 0.00105723 0.0
0.0200697 0.00101665 0.0
0.0199315 0.000976816 0.0
0.019797 0.000937905 0.0
0.019666 0.000900163 0.0
0.0195385 0.000863614 0.0
0.0194147 0.000828327 0.0
0.0192943 0.000794414 0.0
0.0191773 0.000761905 0.0
0.0190635 0.000730761 0.0
0.0189531 0.000701033 0.0
0.0188458 0.000672727 0.0
0.0187416 0.000645783 0.0
0.0186403 0.000620166 0.0
0.018542 0.000595883 0.0
0.0184466 0.000572872 0.0
0.0183539 0.000551063 0.0
0.0182638 0.000530425 0.0
0.0181764 0.000510923 0.0
0.0180915 0.000492477 0.0
0.018009 0.000475033 0.0
0.0179288 0.000458552 0.0
0.017851 0.000442981 0.0
0.0177753 0.000428249 0.0
0.0177018 0.000414315 0.0
0.0176303 0.000401135 0.0
0.0175608 0.000388656 0.0
0.0174933 0.000376825 0.0
0.0174276 0.000365606 0.0
0.0173637 0.00035496 0.0
0.0173015 0.000344839 0.0
0.017241 0.000335208 0.0
0.0171821 0.000326037 0.0
0.0171248 0.000317289 0.0
0.017069 0.000308932 0.0
0.0170147 0.000300939 0.0
0.0169618 0.000293286 0.0
0.0169103 0.000285944 0.0
0.01686 0.000278892 0.0
0.0168111 0.000272109 0.0
0.0167634 0.000265577 0.0
0.016717 0.000259275 0.0
0.0166716 0.000253188 0.0
0.0166275 0.000247302 0.0
0.0165844 0.000241603 0.0
0.0165424 0.000236078 0.0
0.0165014 0.000230716 0.0
0.0164614 0.000225507 0.0
0.0164225 0.000220441 0.0
0.0163844 0.000215509 0.0
0.0163473 0.000210705 0.0
0.0163111 0.000206022 0.0
0.0162757 0.000201453 0.0
0.0162412 0.000196992 0.0
0.0162076 0.000192635 0.0
0.0161747 0.000188378 0.0
0.0161426 0.000184215 0.0
0.0161113 0.000180143 0.0
0.0160808 0.00017616 0.0
0.0160509 0.000172262 0.0
0.0160218 0.000168446 0.0
0.0159933 0.00016471 0.0
0.0159656 0.000161052 0.0
0.0159385 0.000157469 0.0
0.015912 0.00015396 0.0
0.0158862 0.000150523 0.0
0.0158609 0.000147155 0.0
0.0158363 0.000143856 0.0
0.0158123 0.000140623 0.0
0.0157888 0.000137456 0.0
0.0157659 0.000134351 0.0
0.0157435 0.000131308 0.0
0.0157216 0.000128325 0.0
0.0157003 0.000125399 0.0
0.0156795 0.000122528 0.0
0.0156592 0.000119711 0.0
0.0156393 0.000116945 0.0
0.0156199 0.000114228 0.0
0.015601 0.000111555 0.0
0.0155826 0.000108925 0.0
0.0155646 0.000106334 0.0
0.015547 0.000103777 0.0
0.0155298 0.00010125 0.0
0.0155131 9.87496e-05 0.0
0.0154968 9.62688e-05 0.0
0.0154809 9.38026e-05 0.0
0.0154653 9.13438e-05 0.0
0.0154502 8.88856e-05 0.0
0.0154354 8.64191e-05 0.0
0.0154211 8.39364e-05 0.0
0.0154071 8.14262e-05 0.0
0.0153935 7.88786e-05 0.0
0.0153802 7.62798e-05 0.0
0.0153673 7.36181e-05 0.0
0.0153548 7.08763e-05 0.0
0.0153427 6.80401e-05 0.0
0.015331 6.50887e-05 0.0
0.0153196 6.20053e-05 0.0
0.0153086 5.87649e-05 0.0
0.0152981 5.53467e-05 0.0
0.015288 5.17208e-05 0.0
0.0152783 4.78653e-05 0.0
0.0152691 4.37453e-05 0.0
0.0152604 3.93299e-05 0.0
0.0152523 3.45844e-05 0.0
0.0152448 2.9479e-05 0.0
0.0152379 2.39689e-05 0.0
0.0152317 1.80146e-05 0.0
0.0152264 1.15982e-05 0.0
0.015222 4.69435e-06 0.0
0.0152187 -2.5699e-06 0.0
0.0152166 -9.53978e-06 0.0
0.0152156 -1.30025e-05 0.0
0.0 0.0 0.0
0.0 0.0 0.0
0.0193377 0.000117505 0.0
0.0193645 0.000330187 0.0
0.0193866 0.000524065 0.0
0.019499 0.000661867 0.0
0.0196343 0.000836708 0.0
0.0197583 0.00103671 0.0
0.0199065 0.00110524 0.0
0.020079 0.00119612 0.0
0.0202567 0.00133531 0.0
0.0204271 0.0013898 0.0
0.0205843 0.00140431 0.0
0.0207565 0.00145976 0.0
0.0209246 0.00148668 0.0
0.0210586 0.00147637 0.0
0.0211842 0.00146397 0.0
0.0213196 0.00145647 0.0
0.0214294 0.00142679 0.0
0.0215091 0.00138963 0.0
0.0215908 0.00135016 0.0
0.0216696 0.00130723 0.0
0.0217201 0.00125681 0.0
0.021755 0.00120577 0.0
0.0217929 0.00115125 0.0
0.0218204 0.0010954 0.0
0.0218282 0.00103844 0.0
0.0218306 0.000981106 0.0
0.021833 0.000921659 0.0
0.0218246 0.00086285 0.0
0.021806 0.000804115 0.0
0.0217862 0.000744725 0.0
0.0217641 0.000684555 0.0
0.0217345 0.000625117 0.0
0.0217011 0.000565262 0.0
0.0216676 0.000504534 0.0
0.0216314 0.000443222 0.0
0.0215917 0.000381599 0.0
0.0215515 0.000318646 0.0
0.0215113 0.000254231 0.0
0.0214699 0.000188267 0.0
0.021428 0.000120466 0.0
0.021387 5.01659e-05 0.0
0.0213467 -2.30295e-05 0.0
0.0213074 -9.96043e-05 0.0
0.0212695 -0.000179605 0.0
0.0212338 -0.000264049 0.0
0.0212008 -0.000353991 0.0
0.0211708 -0.000449186 0.0
0.0211435 -0.000549699 0.0
0.0211216 -0.000658511 0.0
0.0211058 -0.000775526 0.0
0.0210935 -0.000898827 0.0
0.0210881 -0.00103171 0.0
0.0210956 -0.00117783 0.0
0.0211104 -0.00133162 0.0
0.0211308 -0.00149462 0.0
0.0211716 -0.00167418 0.0
0.0212326 -0.00186437 0.0
0.0212998 -0.00206166 0.0
0.0213882 -0.0022764 0.0
0.0215145 -0.00249855 0.0
0.0216602 -0.00272278 0.0
0.0218265 -0.00296622 0.0
0.0220371 -0.0032033 0.0
0.0222849 -0.00342538 0.0
0.0225604 -0.00366098 0.0
0.0228766 -0.00388534 0.0
0.0232307 -0.00405777 0.0
0.0236112 -0.00422299 0.0
0.0240281 -0.00438228 0.0
0.0244694 -0.00446676 0.0
0.0249112 -0.00450717 0.0
0.0253691 -0.00455211 0.0
0.0258431 -0.00452451 0.0
0.026281 -0.0044373 0.0
0.0266955 -0.00436189 0.0
0.0271145 -0.00422176 0.0
0.0274909 -0.00404425 0.0
0.027818 -0.0038807 0.0
0.0281254 -0.00366414 0.0
0.0283999 -0.00342821 0.0
0.0286372 -0.00320874 0.0
0.0288374 -0.00296038 0.0
0.0289973 -0.00270079 0.0
0.0291325 -0.00245158 0.0
0.0292416 -0.00220115 0.0
0.0293102 -0.00196308 0.0
0.0293547 -0.0017258 0.0
0.0293863 -0.0015004 0.0
0.0294006 -0.00129865 0.0
0.0293948 -0.00110333 0.0
0.0293786 -0.000921192 0.0
0.0293612 -0.000755237 0.0
0.0293381 -0.000603075 0.0
0.0293059 -0.000461358 0.0
0.0292732 -0.000331196 0.0
0.0292446 -0.000211327 0.0
0.029214 -9.96767e-05 0.0
0.0291802 5.38821e-06 0.0
0.0291503 0.000102834 0.0
0.0291224 0.000195948 0.0
0.0290902 0.000287878 0.0
0.0290579 0.000375137 0.0
0.0290278 0.000460469 0.0
0.028991 0.000546025 0.0
0.0289485 0.000627406 0.0
0.0289025 0.000710996 0.0
0.02885 0.000786147 0.0
0.0287906 0.000854771 0.0
0.0287227 0.000920486 0.0
0.0286486 0.000975534 0.0
0.0285742 0.00101875 0.0
0.0284966 0.00105751 0.0
0.0284157 0.00108186 0.0
0.0283391 0.0011055 0.0
0.0282629 0.00112479 0.0
0.0281862 0.00113304 0.0
0.0281112 0.00114523 0.0
0.0280359 0.00115622 0.0
0.0279579 0.00116167 0.0
0.027877 0.00116622 0.0
0.027794 0.00117123 0.0
0.0277091 0.00116885 0.0
0.0276228 0.00116226 0.0
0.0275338 0.00115578 0.0
0.0274446 0.00114062 0.0
0.0273599 0.00112099 0.0
0.0272768 0.00110353 0.0
0.027193 0.00107972 0.0
0.0271133 0.00105628 0.0
0.0270379 0.00103598 0.0
0.0269641 0.00101457 0.0
0.02689 0.000995844 0.0
0.026817 0.000980755 0.0
0.0267455 0.000969036 0.0
0.0266725 0.000959222 0.0
0.0265969 0.000950677 0.0
0.0265202 0.000944886 0.0
0.0264409 0.000940929 0.0
0.0263594 0.000934147 0.0
0.0262772 0.000927026 0.0
0.026193 0.000919544 0.0
0.0261087 0.000909453 0.0
0.0260266 0.000899426 0.0
0.0259453 0.000886619 0.0
0.025866 0.000874135 0.0
0.0257904 0.000864659 0.0
0.025717 0.000854832 0.0
0.0256462 0.000847083 0.0
0.0255788 0.000844361 0.0
0.0255138 0.000845372 0.0
0.0254494 0.000851449 0.0
0.0253867 0.000862721 0.0
0.0253259 0.00088026 0.0
0.0252632 0.000905299 0.0
0.0251977 0.000936542 0.0
0.0251317 0.00097442 0.0
0.0250619 0.00102027 0.0
0.0249844 0.00107093 0.0
0.0249005 0.00112741 0.0
0.0248099 0.00119064 0.0
0.0247098 0.00125388 0.0
0.0245992 0.00131698 0.0
0.0244784 0.00138371 0.0
0.0243473 0.00144703 0.0
0.0242079 0.00150079 0.0
0.0240599 0.00155205 0.0
0.0239017 0.00159832 0.0
0.0237386 0.00163171 0.0
0.0235727 0.00165724 0.0
0.0234011 0.00167488 0.0
0.0232265 0.00168341 0.0
0.023053 0.00168335 0.0
0.0228793 0.00167413 0.0
0.0227055 0.00165908 0.0
0.0225336 0.00163854 0.0
0.0223645 0.0016108 0.0
0.0221976 0.00157856 0.0
0.0220334 0.00154388 0.0
0.0218725 0.0015054 0.0
0.021715 0.00146373 0.0
0.0215606 0.00142105 0.0
0.0214096 0.00137746 0.0
0.0212623 0.0013324 0.0
0.0211184 0.001287 0.0
0.0209776 0.00124211 0.0
0.0208405 0.00119744 0.0
0.0207069 0.00115307 0.0
0.0205765 0.0011097 0.0
0.0204492 0.00106748 0.0
0.0203255 0.00102627 0.0
0.020205 0.000986262 0.0
0.0200874 0.000947715 0.0
0.0199729 0.000910584 0.0
0.0198617 0.000874838 0.0
0.0197535 0.000840564 0.0
0.019648 0.000807812 0.0
0.0195454 0.000776508 0.0
0.0194458 0.000746635 0.0
0.0193488 0.000718191 0.0
0.0192544 0.000691143 0.0
0.0191628 0.000665425 0.0
0.0190736 0.000641 0.0
0.0189869 0.000617823 0.0
0.0189027 0.00059584 0.0
0.0188208 0.00057499 0.0
0.0187412 0.000555223 0.0
0.0186637 0.000536484 0.0
0.0185885 0.000518718 0.0
0.0185154 0.000501868 0.0
0.0184442 0.000485883 0.0
0.0183751 0.000470711 0.0
0.0183079 0.000456304 0.0
0.0182425 0.000442612 0.0
0.0181789 0.00042959 0.0
0.0181171 0.000417195 0.0
0.0180569 0.000405386 0.0
0.0179984 0.000394121 0.0
0.0179415 0.000383366 0.0
0.0178861 0.000373086 0.0
0.0178322 0.000363247 0.0
0.0177798 0.00035382 0.0
0.0177287 0.000344775 0.0
0.017679 0.000336087 0.0
0.0176306 0.000327732 0.0
0.0175835 0.000319685 0.0
0.0175377 0.000311927 0.0
0.017493 0.000304438 0.0
0.0174495 0.000297199 0.0
0.0174071 0.000290196 0.0
0.0173658 0.000283413 0.0
0.0173256 0.000276835 0.0
0.0172864 0.000270451 0.0
0.0172482 0.000264249 0.0
0.017211 0.000258219 0.0
0.0171747 0.00025235 0.0
0.0171393 0.000246635 0.0
0.0171049 0.000241065 0.0
0.0170713 0.000235634 0.0
0.0170385 0.000230335 0.0
0.0170066 0.000225161 0.0
0.0169755 0.000220109 0.0
0.0169451 0.000215172 0.0
0.0169155 0.000210347 0.0
0.0168867 0.000205629 0.0
0.0168586 0.000201015 0.0
0.0168311 0.000196501 0.0
0.0168044 0.000192085 0.0
0.0167783 0.000187764 0.0
0.0167529 0.000183535 0.0
0.016728 0.000179395 0.0
0.0167039 0.000175343 0.0
0.0166803 0.000171375 0.0
0.0166573 0.000167491 0.0
0.0166348 0.000163687 0.0
0.0166129 0.000159962 0.0
0.0165916 0.000156313 0.0
0.0165708 0.000152739 0.0
0.0165505 0.000149237 0.0
0.0165307 0.000145805 0.0
0.0165114 0.000142441 0.0
0.0164926 0.000139141 0.0
0.0164742 0.000135904 0.0
0.0164563 0.000132725 0.0
0.0164389 0.000129603 0.0
0.0164219 0.000126532 0.0
0.0164053 0.00012351 0.0
0.0163891 0.000120532 0.0
0.0163733 0.000117593 0.0
0.0163579 0.000114689 0.0
0.0163429 0.000111812 0.0
0.0163283 0.000108957 0.0
0.0163141 0.000106116 0.0
0.0163002 0.000103282 0.0
0.0162867 0.000100445 0.0
0.0162735 9.75965e-05 0.0
0.0162607 9.47243e-05 0.0
0.0162483 9.18177e-05 0.0
0.0162361 8.88612e-05 0.0
0.0162244 8.58426e-05 0.0
0.0162129 8.27424e-05 0.0
0.0162018 7.95453e-05 0.0
0.0161911 7.6228e-05 0.0
0.0161806 7.2772e-05 0.0
0.0161706 6.91475e-05 0.0
0.0161609 6.53339e-05 0.0
0.0161516 6.1295e-05 0.0
0.0161426 5.70039e-05 0.0
0.0161341 5.24187e-05 0.0
0.0161261 4.751e-05 0.0
0.0161185 4.22234e-05 0.0
0.0161115 3.65238e-05 0.0
0.016105 3.03552e-05 0.0
0.0160992 2.36722e-05 0.0
0.0160942 1.64134e-05 0.0
0.01609 8.55413e-06 0.0
0.0160867 1.73468e-07 0.0
0.0160847 -8.03e-06 0.0
0.0160836 -1.21657e-05 0.0
0.0 0.0 0.0
0.0 0.0 0.0
0.0192887 8.46239e-05 0.0
0.0193148 0.000293858 0.0
0.0194034 0.000444217 0.0
0.019477 0.00055985 0.0
0.0195481 0.000737372 0.0
0.0196895 0.000873673 0.0
0.0198315 0.000952429 0.0
0.0199481 0.00107485 0.0
0.020095 0.0011567 0.0
0.020262 0.00120737 0.0
0.0204115 0.00126793 0.0
0.020556 0.00131001 0.0
0.0207014 0.00132198 0.0
0.0208457 0.00133987 0.0
0.0209831 0.00134523 0.0
0.021105 0.00133395 0.0
0.0212151 0.00131706 0.0
0.0213251 0.00129949 0.0
0.0214255 0.00126813 0.0
0.0215054 0.00123371 0.0
0.0215767 0.00119803 0.0
0.0216473 0.00115711 0.0
0.0217049 0.00111012 0.0
0.0217464 0.00106516 0.0
0.021784 0.00101773 0.0
0.0218181 0.000966169 0.0
0.0218403 0.000913944 0.0
0.021853 0.0008633 0.0
0.0218636 0.000809658 0.0
0.0218694 0.000754297 0.0
0.0218666 0.000699738 0.0
0.0218593 0.000644967 0.0
0.0218502 0.000587683 0.0
0.0218365 0.000529837 0.0
0.0218179 0.000471875 0.0
0.0217976 0.000412304 0.0
0.0217757 0.000350571 0.0
0.0217503 0.000287634 0.0
0.0217232 0.000222894 0.0
0.0216957 0.00015558 0.0
0.0216667 8.52111e-05 0.0
0.0216364 1.17264e-05 0.0
0.0216067 -6.50561e-05 0.0
0.0215772 -0.000145979 0.0
0.0215473 -0.000232686 0.0
0.0215187 -0.000324392 0.0
0.0214922 -0.00042089 0.0
0.0214671 -0.000525544 0.0
0.0214444 -0.000639543 0.0
0.0214253 -0.000758818 0.0
0.0214105 -0.000887106 0.0
0.0214015 -0.00103064 0.0
0.0213984 -0.00118361 0.0
0.0214015 -0.00134234 0.0
0.021417 -0.00152114 0.0
0.0214464 -0.00171782 0.0
0.021484 -0.00191798 0.0
0.0215391 -0.00213412 0.0
0.0216228 -0.00237598 0.0
0.0217264 -0.00262226 0.0
0.021852 -0.00287702 0.0
0.0220171 -0.00314899 0.0
0.0222173 -0.00341937 0.0
0.0224558 -0.00369583 0.0
0.0227398 -0.00396224 0.0
0.0230582 -0.00420918 0.0
0.0234229 -0.0044414 0.0
0.0238407 -0.00464775 0.0
0.024276 -0.00480571 0.0
0.024726 -0.00492177 0.0
0.0252204 -0.00499466 0.0
0.0257051 -0.00500718 0.0
0.0261619 -0.00499093 0.0
0.0266215 -0.00488102 0.0
0.0270496 -0.00475693 0.0
0.0274305 -0.00461479 0.0
0.0277773 -0.00439145 0.0
0.0280762 -0.0041575 0.0
0.0283307 -0.00393156 0.0
0.0285477 -0.00366548 0.0
0.0287153 -0.003382 0.0
0.0288417 -0.00310406 0.0
0.0289322 -0.00281179 0.0
0.0289816 -0.00253602 0.0
0.0290061 -0.0022517 0.0
0.0290008 -0.00197483 0.0
0.0289679 -0.00173058 0.0
0.0289201 -0.00148896 0.0
0.0288644 -0.00126636 0.0
0.0288011 -0.00106333 0.0
0.0287279 -0.00087801 0.0
0.0286518 -0.00070833 0.0
0.0285835 -0.00055375 0.0
0.0285189 -0.000411987 0.0
0.0284525 -0.000284605 0.0
0.0283913 -0.000167337 0.0
0.02834 -5.67953e-05 0.0
0.028293 4.40398e-05 0.0
0.0282489 0.000137691 0.0
0.0282095 0.000231756 0.0
0.0281763 0.000321028 0.0
0.0281475 0.000404524 0.0
0.028117 0.000494218 0.0
0.0280834 0.000583461 0.0
0.0280497 0.000668466 0.0
0.0280099 0.000756844 0.0
0.0279609 0.000839162 0.0
0.0279022 0.000918705 0.0
0.0278367 0.000987745 0.0
0.0277669 0.00104924 0.0
0.0276947 0.0010909 0.0
0.0276254 0.00113042 0.0
0.0275543 0.00115927 0.0
0.0274868 0.00117379 0.0
0.0274289 0.00118974 0.0
0.0273739 0.00120247 0.0
0.0273155 0.00121185 0.0
0.0272603 0.00121935 0.0
0.0272068 0.00123275 0.0
0.0271492 0.00123988 0.0
0.0270883 0.00124297 0.0
0.0270231 0.00124678 0.0
0.0269534 0.00124474 0.0
0.026886 0.00123297 0.0
0.0268183 0.00122001 0.0
0.0267476 0.00119817 0.0
0.0266829 0.00117584 0.0
0.0266231 0.00115213 0.0
0.0265643 0.0011243 0.0
0.0265092 0.00109862 0.0
0.026459 0.00107766 0.0
0.0264091 0.00105896 0.0
0.0263594 0.00104096 0.0
0.0263103 0.00103031 0.0
0.0262595 0.00102313 0.0
0.0262048 0.00101705 0.0
0.0261459 0.00101386 0.0
0.0260839 0.00101294 0.0
0.026019 0.00100851 0.0
0.0259511 0.00100226 0.0
0.0258804 0.0009977 0.0
0.0258097 0.000986553 0.0
0.0257429 0.000972105 0.0
0.0256771 0.000960727 0.0
0.0256112 0.000945369 0.0
0.0255513 0.000930027 0.0
0.0254964 0.00091882 0.0
0.0254429 0.000908478 0.0
0.0253922 0.000901434 0.0
0.0253457 0.000900849 0.0
0.0253023 0.000905547 0.0
0.0252604 0.000914258 0.0
0.0252182 0.000932367 0.0
0.0251758 0.000958998 0.0
0.0251347 0.000991151 0.0
0.0250906 0.00103222 0.0
0.0250401 0.00108287 0.0
0.0249853 0.00114087 0.0
0.0249247 0.00120575 0.0
0.0248547 0.00127521 0.0
0.0247739 0.00134921 0.0
0.024681 0.00142691 0.0
0.0245771 0.0015021 0.0
0.0244633 0.00157332 0.0
0.024336 0.00164044 0.0
0.0241973 0.00170061 0.0
0.0240525 0.00175299 0.0
0.023901 0.00179136 0.0
0.0237433 0.0018211 0.0
0.0235814 0.00184412 0.0
0.0234186 0.00185202 0.0
0.0232567 0.00185046 0.0
0.0230939 0.00184326 0.0
0.0229315 0.00182649 0.0
0.0227732 0.00180187 0.0
0.0226176 0.00177258 0.0
0.0224635 0.00173836 0.0
0.0223127 0.00169952 0.0
0.0221664 0.00165761 0.0
0.0220228 0.00161347 0.0
0.021882 0.00156729 0.0
0.0217448 0.00151981 0.0
0.0216113 0.00147167 0.0
0.0214807 0.00142328 0.0
0.0213531 0.00137485 0.0
0.0212287 0.0013268 0.0
0.0211075 0.00127945 0.0
0.0209891 0.00123302 0.0
0.0208736 0.00118756 0.0
0.020761 0.00114329 0.0
0.0206513 0.00110041 0.0
0.0205443 0.00105894 0.0
0.0204399 0.00101885 0.0
0.0203382 0.000980288 0.0
0.0202391 0.000943301 0.0
0.0201425 0.000907818 0.0
0.0200485 0.000873813 0.0
0.0199569 0.000841353 0.0
0.0198677 0.000810386 0.0
0.0197808 0.000780828 0.0
0.0196963 0.000752657 0.0
0.019614 0.000725871 0.0
0.0195339 0.000700382 0.0
0.019456 0.000676121 0.0
0.0193801 0.000653062 0.0
0.0193064 0.000631158 0.0
0.0192346 0.000610326 0.0
0.0191648 0.000590515 0.0
0.0190969 0.000571687 0.0
0.0190309 0.000553783 0.0
0.0189667 0.000536737 0.0
0.0189042 0.000520509 0.0
0.0188435 0.000505055 0.0
0.0187844 0.000490321 0.0
0.018727 0.000476259 0.0
0.0186711 0.000462834 0.0
0.0186167 0.000450006 0.0
0.0185639 0.00043773 0.0
0.0185125 0.000425973 0.0
0.0184625 0.000414705 0.0
0.0184138 0.000403891 0.0
0.0183665 0.000393499 0.0
0.0183205 0.000383505 0.0
0.0182757 0.000373883 0.0
0.0182322 0.000364607 0.0
0.0181898 0.000355656 0.0
0.0181485 0.000347009 0.0
0.0181084 0.000338648 0.0
0.0180693 0.000330554 0.0
0.0180313 0.000322712 0.0
0.0179943 0.000315107 0.0
0.0179583 0.000307725 0.0
0.0179232 0.000300553 0.0
0.0178891 0.00029358 0.0
0.0178559 0.000286796 0.0
0.0178236 0.000280191 0.0
0.0177921 0.000273756 0.0
0.0177614 0.000267484 0.0
0.0177316 0.000261367 0.0
0.0177025 0.000255398 0.0
0.0176742 0.000249571 0.0
0.0176467 0.000243881 0.0
0.0176199 0.000238323 0.0
0.0175937 0.000232891 0.0
0.0175683 0.000227583 0.0
0.0175435 0.000222393 0.0
0.0175194 0.000217319 0.0
0.0174959 0.000212356 0.0
0.017473 0.000207502 0.0
0.0174507 0.000202754 0.0
0.017429 0.000198108 0.0
0.0174079 0.000193563 0.0
0.0173873 0.000189116 0.0
0.0173673 0.000184764 0.0
0.0173477 0.000180504 0.0
0.0173287 0.000176335 0.0
0.0173102 0.000172253 0.0
0.0172922 0.000168256 0.0
0.0172746 0.000164342 0.0
0.0172575 0.000160507 0.0
0.0172409 0.00015675 0.0
0.0172246 0.000153065 0.0
0.0172088 0.000149451 0.0
0.0171935 0.000145903 0.0
0.0171785 0.000142419 0.0
0.0171639 0.000138992 0.0
0.0171497 0.000135619 0.0
0.0171358 0.000132295 0.0
0.0171224 0.000129014 0.0
0.0171092 0.000125769 0.0
0.0170965 0.000122555 0.0
0.017084 0.000119362 0.0
0.0170719 0.000116183 0.0
0.0170601 0.000113007 0.0
0.0170486 0.000109826 0.0
0.0170375 0.000106626 0.0
0.0170266 0.000103396 0.0
0.017016 0.00010012 0.0
0.0170058 9.67836e-05 0.0
0.0169958 9.33663e-05 0.0
0.0169861 8.98522e-05 0.0
0.0169767 8.62149e-05 0.0
0.0169676 8.2435e-05 0.0
0.0169588 7.84789e-05 0.0
0.0169503 7.43245e-05 0.0
0.0169422 6.99302e-05 0.0
0.0169343 6.52676e-05 0.0
0.0169268 6.0284e-05 0.0
0.0169197 5.49502e-05 0.0
0.016913 4.91987e-05 0.0
0.0169067 4.29891e-05 0.0
0.0169009 3.62445e-05 0.0
0.0168956 2.89212e-05 0.0
0.016891 2.09194e-05 0.0
0.0168872 1.22077e-05 0.0
0.0168841 2.80556e-06 0.0
0.0168822 -6.56101e-06 0.0
0.0168812 -1.1342e-05 0.0
0.0 0.0 0.0
0.0 0.0 0.0
0.0192945 0.000102271 0.0
0.0193343 0.000218903 0.0
0.0193858 0.000359118 0.0
0.0194365 0.000530839 0.0
0.0195155 0.000636761 0.0
0.0196228 0.000714738 0.0
0.0197304 0.000856103 0.0
0.0198523 0.000958128 0.0
0.0199789 0.000988701 0.0
0.0201094 0.00106637 0.0
0.0202509 0.001139 0.0
0.0203871 0.00115985 0.0
0.0205154 0.00117765 0.0
0.0206535 0.00121067 0.0
0.0207852 0.00121811 0.0
0.0209004 0.001211 0.0
0.0210172 0.00120474 0.0
0.0211346 0.00119555 0.0
0.0212333 0.00117366 0.0
0.0213219 0.00114849 0.0
0.0214136 0.00111988 0.0
0.0214958 0.00108834 0.0
0.0215608 0.00105238 0.0
0.0216223 0.001014 0.0
0.0216828 0.000972539 0.0
0.0217308 0.000930564 0.0
0.0217681 0.000886374 0.0
0.0218042 0.000839953 0.0
0.0218356 0.000792161 0.0
0.0218567 0.000744327 0.0
0.0218725 0.00069449 0.0
0.0218866 0.000642977 0.0
0.021895 0.000590724 0.0
0.0218968 0.000537641 0.0
0.0218961 0.00048235 0.0
0.0218929 0.000425454 0.0
0.0218849 0.000367184 0.0
0.0218737 0.000306826 0.0
0.0218608 0.000243657 0.0
0.0218451 0.000178013 0.0
0.0218269 0.000109423 0.0
0.0218073 3.72236e-05 0.0
0.0217861 -3.9178e-05 0.0
0.0217633 -0.000120105 0.0
0.0217402 -0.000206104 0.0
0.0217163 -0.000297688 0.0
0.0216918 -0.000396529 0.0
0.0216685 -0.000502886 0.0
0.0216459 -0.000616429 0.0
0.0216236 -0.000739407 0.0
0.0216055 -0.000875114 0.0
0.0215911 -0.00102016 0.0
0.0215772 -0.00117553 0.0
0.0215718 -0.00134906 0.0
0.0215795 -0.00153931 0.0
0.0215889 -0.00173724 0.0
0.021607 -0.00195659 0.0
0.0216564 -0.00220178 0.0
0.0217226 -0.00245381 0.0
0.0217934 -0.00272318 0.0
0.0219062 -0.00302352 0.0
0.0220698 -0.00332066 0.0
0.022253 -0.00362815 0.0
0.022477 -0.00396406 0.0
0.0227661 -0.00426275 0.0
0.0231047 -0.00455139 0.0
0.0234845 -0.00484798 0.0
0.0239139 -0.00509409 0.0
0.024385 -0.00525297 0.0
0.0248804 -0.00540919 0.0
0.0254063 -0.00552146 0.0
0.0259177 -0.00547868 0.0
0.0263906 -0.00543382 0.0
0.0268606 -0.0053549 0.0
0.0272796 -0.00514225 0.0
0.0275931 -0.00492581 0.0
0.0278621 -0.00470175 0.0
0.028094 -0.00439569 0.0
0.0282471 -0.00410688 0.0
0.028346 -0.00381803 0.0
0.0284049 -0.00347595 0.0
0.0284297 -0.00316149 0.0
0.0284341 -0.00284287 0.0
0.0283833 -0.00251354 0.0
0.0282911 -0.00221334 0.0
0.0281948 -0.00191072 0.0
0.0280866 -0.00164497 0.0
0.0279537 -0.00139766 0.0
0.0278089 -0.001166 0.0
0.0276741 -0.000960753 0.0
0.0275515 -0.000777816 0.0
0.0274276 -0.000611157 0.0
0.0273069 -0.000463416 0.0
0.0272034 -0.000329817 0.0
0.0271146 -0.000208452 0.0
0.0270312 -9.86527e-05 0.0
0.0269563 1.48935e-06 0.0
0.0268959 9.45294e-05 0.0
0.0268454 0.000184261 0.0
0.0268017 0.000269267 0.0
0.0267687 0.000349733 0.0
0.0267394 0.00043531 0.0
0.0267105 0.000523149 0.0
0.0266898 0.00060928 0.0
0.0266682 0.000704117 0.0
0.0266342 0.000796626 0.0
0.0265944 0.000888098 0.0
0.0265462 0.000982831 0.0
0.02649 0.00105229 0.0
0.0264292 0.00111563 0.0
0.0263575 0.00116692 0.0
0.0262922 0.00119384 0.0
0.0262404 0.00122078 0.0
0.0261912 0.00123054 0.0
0.0261485 0.00123458 0.0
0.0261159 0.00124713 0.0
0.0260879 0.0012553 0.0
0.0260618 0.00126032 0.0
0.0260319 0.00127515 0.0
0.0259976 0.00128646 0.0
0.0259579 0.00129706 0.0
0.0259118 0.00130289 0.0
0.0258609 0.00130513 0.0
0.0258094 0.00129062 0.0
0.0257608 0.00127828 0.0
0.0257108 0.00125853 0.0
0.0256659 0.00122579 0.0
0.02563 0.0011984 0.0
0.0255982 0.00116987 0.0
0.0255682 0.00113902 0.0
0.0255417 0.00111434 0.0
0.0255202 0.00109422 0.0
0.0255011 0.001078 0.0
0.0254769 0.00106821 0.0
0.0254501 0.00106188 0.0
0.0254218 0.00106403 0.0
0.0253876 0.00106492 0.0
0.0253473 0.00106493 0.0
0.0253004 0.00106767 0.0
0.0252483 0.00106676 0.0
0.0251965 0.00105812 0.0
0.0251434 0.00104882 0.0
0.0250877 0.00103302 0.0
0.0250373 0.00101745 0.0
0.0249921 0.00100004 0.0
0.0249492 0.000979252 0.0
0.0249104 0.000963317 0.0
0.0248777 0.000950501 0.0
0.0248495 0.000940308 0.0
0.0248243 0.000934901 0.0
0.0248026 0.00093637 0.0
0.0247837 0.000945596 0.0
0.0247658 0.000963277 0.0
0.0247501 0.000986872 0.0
0.0247346 0.00102167 0.0
0.0247136 0.00106817 0.0
0.0246898 0.00112134 0.0
0.0246637 0.00118574 0.0
0.0246273 0.00125975 0.0
0.0245782 0.0013386 0.0
0.0245191 0.00142545 0.0
0.0244482 0.00151668 0.0
0.0243623 0.00160185 0.0
0.0242623 0.00168496 0.0
0.0241486 0.0017691 0.0
0.0240242 0.00183716 0.0
0.0238934 0.00189168 0.0
0.0237528 0.0019425 0.0
0.0236044 0.0019774 0.0
0.0234572 0.00199802 0.0
0.023309 0.00200816 0.0
0.023158 0.00200761 0.0
0.0230094 0.0019984 0.0
0.0228649 0.00197875 0.0
0.0227222 0.0019512 0.0
0.022582 0.00191954 0.0
0.0224462 0.00188226 0.0
0.0223143 0.00183931 0.0
0.0221851 0.00179398 0.0
0.0220593 0.00174709 0.0
0.0219376 0.00169745 0.0
0.021819 0.00164634 0.0
0.0217029 0.00159529 0.0
0.0215899 0.00154404 0.0
0.0214804 0.00149242 0.0
0.0213734 0.00144145 0.0
0.0212686 0.00139146 0.0
0.0211666 0.00134225 0.0
0.0210675 0.00129404 0.0
0.0209703 0.00124725 0.0
0.0208754 0.00120185 0.0
0.0207831 0.00115781 0.0
0.020693 0.00111529 0.0
0.0206049 0.00107439 0.0
0.0205189 0.00103502 0.0
0.0204352 0.0009972 0.0
0.0203534 0.000960977 0.0
0.0202736 0.000926303 0.0
0.0201959 0.000893118 0.0
0.0201202 0.00086143 0.0
0.0200463 0.00083119 0.0
0.0199742 0.000802333 0.0
0.0199041 0.000774813 0.0
0.0198358 0.000748597 0.0
0.0197692 0.000723615 0.0
0.0197044 0.000699807 0.0
0.0196414 0.000677129 0.0
0.0195799 0.000655526 0.0
0.0195202 0.000634934 0.0
0.019462 0.000615303 0.0
0.0194054 0.000596585 0.0
0.0193504 0.000578727 0.0
0.0192968 0.000561674 0.0
0.0192447 0.000545386 0.0
0.0191941 0.000529817 0.0
0.0191448 0.000514921 0.0
0.0190969 0.000500658 0.0
0.0190503 0.00048699 0.0
0.019005 0.000473881 0.0
0.018961 0.000461294 0.0
0.0189182 0.000449198 0.0
0.0188766 0.000437564 0.0
0.0188361 0.00042636 0.0
0.0187968 0.000415562 0.0
0.0187585 0.000405144 0.0
0.0187213 0.000395084 0.0
0.0186852 0.000385359 0.0
0.0186501 0.000375951 0.0
0.0186159 0.00036684 0.0
0.0185827 0.000358009 0.0
0.0185504 0.000349444 0.0
0.018519 0.000341128 0.0
0.0184885 0.00033305 0.0
0.0184588 0.000325196 0.0
0.01843 0.000317556 0.0
0.018402 0.000310119 0.0
0.0183747 0.000302876 0.0
0.0183482 0.000295817 0.0
0.0183224 0.000288935 0.0
0.0182974 0.000282223 0.0
0.018273 0.000275674 0.0
0.0182494 0.000269281 0.0
0.0182264 0.000263039 0.0
0.018204 0.000256943 0.0
0.0181822 0.000250988 0.0
0.0181611 0.000245169 0.0
0.0181405 0.000239482 0.0
0.0181205 0.000233924 0.0
0.0181011 0.000228491 0.0
0.0180822 0.000223179 0.0
0.0180638 0.000217985 0.0
0.018046 0.000212906 0.0
0.0180286 0.000207939 0.0
0.0180117 0.000203081 0.0
0.0179953 0.000198329 0.0
0.0179794 0.000193681 0.0
0.0179639 0.000189134 0.0
0.0179488 0.000184684 0.0
0.0179341 0.000180328 0.0
0.0179199 0.000176064 0.0
0.0179061 0.000171889 0.0
0.0178926 0.000167798 0.0
0.0178795 0.000163789 0.0
0.0178668 0.000159856 0.0
0.0178544 0.000155997 0.0
0.0178424 0.000152207 0.0
0.0178307 0.00014848 0.0
0.0178194 0.000144811 0.0
0.0178083 0.000141195 0.0
0.0177976 0.000137623 0.0
0.0177871 0.000134091 0.0
0.017777 0.000130588 0.0
0.0177671 0.000127107 0.0
0.0177575 0.000123636 0.0
0.0177482 0.000120168 0.0
0.0177391 0.000116686 0.0
0.0177303 0.00011318 0.0
0.0177217 0.000109632 0.0
0.0177133 0.000106029 0.0
0.0177052 0.000102347 0.0
0.0176974 9.85707e-05 0.0
0.0176897 9.46704e-05 0.0
0.0176823 9.0627e-05 0.0
0.0176751 8.64037e-05 0.0
0.0176682 8.19759e-05 0.0
0.0176615 7.72964e-05 0.0
0.017655 7.23389e-05 0.0
0.0176488 6.70404e-05 0.0
0.0176429 6.13668e-05 0.0
0.0176373 5.52418e-05 0.0
0.017632 4.86262e-05 0.0
0.0176271 4.14146e-05 0.0
0.0176226 3.35633e-05 0.0
0.0176186 2.49459e-05 0.0
0.0176153 1.55223e-05 0.0
0.0176126 5.23785e-06 0.0
0.0176108 -5.16903e-06 0.0
0.0176098 -1.05373e-05 0.0
0.0 0.0 0.0
0.0 0.0 0.0
0.0193105 8.4493e-05 0.0
0.0193299 0.000189663 0.0
0.019351 0.000317733 0.0
0.0194197 0.000447489 0.0
0.0195082 0.000539195 0.0
0.0195732 0.000646035 0.0
0.0196581 0.00074734 0.0
0.019782 0.000809574 0.0
0.019894 0.000884894 0.0
0.0199996 0.00095759 0.0
0.0201213 0.000987394 0.0
0.0202501 0.00102653 0.0
0.020373 0.00106746 0.0
0.0204908 0.00108172 0.0
0.0206081 0.00108583 0.0
0.0207296 0.00109896 0.0
0.0208448 0.00109788 0.0
0.0209472 0.00108511 0.0
0.0210485 0.00107274 0.0
0.0211519 0.00105874 0.0
0.0212432 0.00103435 0.0
0.0213228 0.0010083 0.0
0.021403 0.00098123 0.0
0.0214802 0.000949817 0.0
0.0215443 0.000914431 0.0
0.0216011 0.000879428 0.0
0.0216578 0.00084162 0.0
0.021708 0.000800898 0.0
0.0217479 0.000759323 0.0
0.0217838 0.000717144 0.0
0.0218178 0.000672001 0.0
0.0218446 0.000625483 0.0
0.0218647 0.000578303 0.0
0.0218823 0.000529268 0.0
0.0218965 0.000477731 0.0
0.0219047 0.000424918 0.0
0.0219089 0.000370207 0.0
0.0219111 0.000312799 0.0
0.0219093 0.000252686 0.0
0.0219032 0.000189865 0.0
0.021895 0.000123613 0.0
0.0218845 5.37094e-05 0.0
0.0218703 -2.07493e-05 0.0
0.0218537 -0.000100186 0.0
0.0218362 -0.000184501 0.0
0.0218162 -0.000275023 0.0
0.0217936 -0.00037385 0.0
0.0217709 -0.000479409 0.0
0.021748 -0.000592589 0.0
0.0217237 -0.000718186 0.0
0.0216994 -0.000855663 0.0
0.0216772 -0.00100062 0.0
0.0216584 -0.00116211 0.0
0.0216426 -0.00134455 0.0
0.0216291 -0.0015372 0.0
0.0216251 -0.00174335 0.0
0.0216379 -0.0019842 0.0
0.0216589 -0.00224337 0.0
0.0216888 -0.00250989 0.0
0.0217565 -0.00281178 0.0
0.0218597 -0.00314376 0.0
0.0219807 -0.00348117 0.0
0.0221505 -0.00384014 0.0
0.0223842 -0.00420404 0.0
0.0226605 -0.00457 0.0
0.0230078 -0.00494559 0.0
0.0234198 -0.00525287 0.0
0.0238706 -0.0055421 0.0
0.02439 -0.00578872 0.0
0.0249481 -0.00594863 0.0
0.025471 -0.00600933 0.0
0.0259941 -0.00602166 0.0
0.0265039 -0.00589807 0.0
0.0268966 -0.00574687 0.0
0.0272136 -0.00549844 0.0
0.0274758 -0.00516748 0.0
0.027634 -0.00486845 0.0
0.0277062 -0.00454106 0.0
0.0277237 -0.00416063 0.0
0.0276978 -0.00381345 0.0
0.027646 -0.00347152 0.0
0.0275398 -0.00310708 0.0
0.0273929 -0.00275763 0.0
0.0272302 -0.00237938 0.0
0.0270373 -0.0020611 0.0
0.0268183 -0.00176271 0.0
0.026594 -0.0014684 0.0
0.0263784 -0.00121548 0.0
0.0261705 -0.00099478 0.0
0.0259633 -0.000798219 0.0
0.0257747 -0.000625806 0.0
0.0256147 -0.000470977 0.0
0.0254688 -0.000336449 0.0
0.0253333 -0.000218388 0.0
0.025219 -0.000111466 0.0
0.025125 -1.3711e-05 0.0
0.0250435 7.3203e-05 0.0
0.0249762 0.000153829 0.0
0.0249247 0.000232868 0.0
0.0248855 0.000304181 0.0
0.0248575 0.000378148 0.0
0.0248389 0.000461041 0.0
0.024833 0.000537097 0.0
0.0248309 0.000622427 0.0
0.0248205 0.000724286 0.0
0.0248032 0.000826462 0.0
0.0247751 0.000930171 0.0
0.0247303 0.00102807 0.0
0.024667 0.00111651 0.0
0.0245984 0.00117893 0.0
0.0245348 0.00123325 0.0
0.0244782 0.00124879 0.0
0.0244393 0.00125662 0.0
0.0244177 0.00126516 0.0
0.0244028 0.00126184 0.0
0.0243986 0.00125849 0.0
0.0244084 0.00126205 0.0
0.0244199 0.00127629 0.0
0.0244228 0.00129001 0.0
0.0244212 0.00130715 0.0
0.0244094 0.00133347 0.0
0.0243894 0.00133997 0.0
0.0243656 0.00134304 0.0
0.0243293 0.00133944 0.0
0.0242951 0.00131643 0.0
0.0242744 0.0012922 0.0
0.0242559 0.00125735 0.0
0.0242394 0.00121941 0.0
0.024235 0.00118497 0.0
0.0242396 0.00115314 0.0
0.024247 0.00112255 0.0
0.0242571 0.00109722 0.0
0.0242681 0.0010851 0.0
0.0242767 0.00107825 0.0
0.0242822 0.0010748 0.0
0.0242796 0.00108228 0.0
0.0242677 0.00109033 0.0
0.0242458 0.00110078 0.0
0.0242153 0.00110765 0.0
0.0241788 0.00111215 0.0
0.0241395 0.00110271 0.0
0.0241012 0.0010948 0.0
0.0240615 0.0010809 0.0
0.0240276 0.00105487 0.0
0.0240026 0.00103333 0.0
0.0239807 0.0010117 0.0
0.0239631 0.000988306 0.0
0.0239536 0.00096858 0.0
0.02395 0.000955585 0.0
0.02395 0.000946118 0.0
0.0239535 0.000943905 0.0
0.0239604 0.000951327 0.0
0.0239711 0.000965993 0.0
0.0239828 0.000988934 0.0
0.0239916 0.00102714 0.0
0.0240003 0.0010748 0.0
0.0240095 0.0011322 0.0
0.024009 0.0012042 0.0
0.0239986 0.00128655 0.0
0.0239804 0.00138109 0.0
0.0239488 0.00148022 0.0
0.0239012 0.00158085 0.0
0.0238356 0.00168666 0.0
0.0237512 0.00178845 0.0
0.0236555 0.00187738 0.0
0.0235472 0.00195838 0.0
0.0234234 0.00202452 0.0
0.0232934 0.00208076 0.0
0.0231613 0.0021187 0.0
0.0230271 0.00213797 0.0
0.0228914 0.00215138 0.0
0.0227565 0.00215035 0.0
0.0226268 0.0021345 0.0
0.0225014 0.00211271 0.0
0.0223778 0.00208409 0.0
0.0222586 0.00204675 0.0
0.0221454 0.00200446 0.0
0.0220358 0.00195952 0.0
0.0219292 0.0019108 0.0
0.0218267 0.00185911 0.0
0.021728 0.00180637 0.0
0.0216322 0.00175302 0.0
0.0215394 0.00169869 0.0
0.0214493 0.00164418 0.0
0.0213616 0.00159027 0.0
0.0212764 0.00153705 0.0
0.0211935 0.00148442 0.0
0.0211126 0.00143284 0.0
0.0210335 0.00138263 0.0
0.0209565 0.00133377 0.0
0.0208813 0.0012862 0.0
0.0208076 0.00124019 0.0
0.0207357 0.00119582 0.0
0.0206655 0.00115301 0.0
0.0205969 0.00111174 0.0
0.0205297 0.00107212 0.0
0.0204642 0.00103414 0.0
0.0204002 0.000997695 0.0
0.0203376 0.00096277 0.0
0.0202764 0.000929393 0.0
0.0202168 0.000897485 0.0
0.0201585 0.00086697 0.0
0.0201017 0.000837823 0.0
0.0200462 0.000810017 0.0
0.0199922 0.000783465 0.0
0.0199394 0.000758108 0.0
0.0198881 0.000733912 0.0
0.019838 0.000710823 0.0
0.0197892 0.000688768 0.0
0.0197417 0.0006677 0.0
0.0196955 0.000647579 0.0
0.0196505 0.000628346 0.0
0.0196067 0.000609946 0.0
0.019564 0.00059234 0.0
0.0195226 0.000575485 0.0
0.0194823 0.000559331 0.0
0.0194431 0.000543839 0.0
0.019405 0.000528973 0.0
0.0193679 0.000514695 0.0
0.0193319 0.000500968 0.0
0.0192969 0.00048776 0.0
0.0192629 0.000475042 0.0
0.0192299 0.000462785 0.0
0.0191978 0.000450959 0.0
0.0191667 0.000439541 0.0
0.0191364 0.000428509 0.0
0.0191071 0.000417837 0.0
0.0190785 0.000407507 0.0
0.0190508 0.0003975 0.0
0.0190239 0.000387799 0.0
0.0189978 0.000378385 0.0
0.0189725 0.000369246 0.0
0.0189479 0.000360366 0.0
0.018924 0.000351734 0.0
0.0189009 0.000343336 0.0
0.0188784 0.000335163 0.0
0.0188566 0.000327204 0.0
0.0188354 0.00031945 0.0
0.0188149 0.000311892 0.0
0.018795 0.000304522 0.0
0.0187756 0.000297333 0.0
0.0187569 0.000290319 0.0
0.0187387 0.000283473 0.0
0.018721 0.00027679 0.0
0.0187039 0.000270264 0.0
0.0186873 0.00026389 0.0
0.0186712 0.000257664 0.0
0.0186556 0.000251582 0.0
0.0186405 0.000245639 0.0
0.0186258 0.000239831 0.0
0.0186116 0.000234156 0.0
0.0185978 0.000228609 0.0
0.0185844 0.000223187 0.0
0.0185715 0.000217887 0.0
0.0185589 0.000212706 0.0
0.0185467 0.000207641 0.0
0.0185349 0.000202688 0.0
0.0185235 0.000197844 0.0
0.0185124 0.000193106 0.0
0.0185016 0.000188471 0.0
0.0184912 0.000183935 0.0
0.0184811 0.000179495 0.0
0.0184713 0.000175146 0.0
0.0184618 0.000170885 0.0
0.0184526 0.000166707 0.0
0.0184437 0.000162607 0.0
0.0184351 0.000158581 0.0
0.0184267 0.000154621 0.0
0.0184186 0.000150723 0.0
0.0184107 0.00014688 0.0
0.018403 0.000143083 0.0
0.0183956 0.000139325 0.0
0.0183884 0.000135597 0.0
0.0183815 0.000131887 0.0
0.0183747 0.000128186 0.0
0.0183681 0.00012448 0.0
0.0183617 0.000120756 0.0
0.0183555 0.000116997 0.0
0.0183495 0.000113187 0.0
0.0183436 0.000109304 0.0
0.0183379 0.000105331 0.0
0.0183323 0.000101237 0.0
0.018327 9.7001e-05 0.0
0.0183217 9.25846e-05 0.0
0.0183166 8.7963e-05 0.0
0.0183117 8.30832e-05 0.0
0.0183069 7.79181e-05 0.0
0.0183023 7.23991e-05 0.0
0.0182979 6.64907e-05 0.0
0.0182936 6.0102e-05 0.0
0.0182896 5.3196e-05 0.0
0.0182858 4.56484e-05 0.0
0.0182823 3.74131e-05 0.0
0.0182791 2.83309e-05 0.0
0.0182764 1.83624e-05 0.0
0.0182741 7.38355e-06 0.0
0.0182725 -3.88533e-06 0.0
0.0182717 -9.75756e-06 0.0
0.0 0.0 0.0
0.0 0.0 0.0
0.0193186 5.47842e-05 0.0
0.0193307 0.000183899 0.0
0.0193571 0.000288556 0.0
0.0194073 0.000362395 0.0
0.0194626 0.000473039 0.0
0.0195354 0.000585463 0.0
0.0196235 0.000635988 0.0
0.0197094 0.000703389 0.0
0.0198049 0.000794467 0.0
0.0199159 0.000837211 0.0
0.0200208 0.000865841 0.0
0.020128 0.000918965 0.0
0.0202434 0.000949239 0.0
0.0203548 0.000959664 0.0
0.0204635 0.000975238 0.0
0.020576 0.000988924 0.0
0.0206825 0.00098651 0.0
0.0207837 0.000981523 0.0
0.0208867 0.000974761 0.0
0.020985 0.000962764 0.0
0.0210733 0.000945075 0.0
0.0211605 0.000925538 0.0
0.0212467 0.000902143 0.0
0.0213231 0.000876913 0.0
0.0213924 0.000848865 0.0
0.0214614 0.000818005 0.0
0.0215254 0.000785034 0.0
0.02158 0.000751558 0.0
0.0216306 0.00071528 0.0
0.0216794 0.000676699 0.0
0.0217215 0.000637233 0.0
0.0217566 0.00059667 0.0
0.0217892 0.000553237 0.0
0.0218183 0.000508084 0.0
0.0218408 0.000461779 0.0
0.0218591 0.000413265 0.0
0.0218748 0.000361763 0.0
0.0218857 0.000308202 0.0
0.0218918 0.000252198 0.0
0.0218951 0.000192723 0.0
0.0218948 0.00012947 0.0
0.0218899 6.26635e-05 0.0
0.0218823 -8.53502e-06 0.0
0.0218718 -8.49154e-05 0.0
0.0218568 -0.000167247 0.0
0.021839 -0.000255776 0.0
0.0218197 -0.00035114 0.0
0.0217964 -0.000454876 0.0
0.0217698 -0.0005691 0.0
0.0217435 -0.000692512 0.0
0.0217148 -0.000826345 0.0
0.0216831 -0.000976086 0.0
0.0216545 -0.00114273 0.0
0.0216267 -0.00131961 0.0
0.021597 -0.00151692 0.0
0.0215784 -0.00174461 0.0
0.02157 -0.00198934 0.0
0.0215588 -0.00224644 0.0
0.0215691 -0.00255254 0.0
0.0216232 -0.00288996 0.0
0.0216851 -0.00322777 0.0
0.0217666 -0.0036152 0.0
0.0219294 -0.00404174 0.0
0.0221599 -0.00444611 0.0
0.0224295 -0.00488658 0.0
0.0227752 -0.00533268 0.0
0.0232117 -0.00569679 0.0
0.0237187 -0.00605031 0.0
0.0242654 -0.00634865 0.0
0.0248431 -0.00652054 0.0
0.0254128 -0.00651807 0.0
0.025942 -0.00654747 0.0
0.0264184 -0.00635456 0.0
0.0267397 -0.00601298 0.0
0.0269268 -0.00572323 0.0
0.0270318 -0.00532739 0.0
0.0269779 -0.00484691 0.0
0.0268042 -0.00447809 0.0
0.0266125 -0.00407726 0.0
0.0264007 -0.00368253 0.0
0.0261905 -0.00333372 0.0
0.0259535 -0.00290855 0.0
0.0256597 -0.0025213 0.0
0.0253667 -0.00215885 0.0
0.0250806 -0.00179123 0.0
0.0247584 -0.00148193 0.0
0.0244228 -0.00119995 0.0
0.0241121 -0.000959859 0.0
0.0238474 -0.000760456 0.0
0.0236096 -0.000580343 0.0
0.0233837 -0.000431442 0.0
0.0231859 -0.000303071 0.0
0.0230251 -0.000189143 0.0
0.0228869 -8.83488e-05 0.0
0.0227632 -2.71133e-06 0.0
0.0226627 7.48492e-05 0.0
0.0225864 0.000146424 0.0
0.0225252 0.000211489 0.0
0.0224775 0.000273527 0.0
0.0224476 0.00033239 0.0
0.0224325 0.000397256 0.0
0.0224321 0.000459423 0.0
0.0224449 0.000530079 0.0
0.0224501 0.000627249 0.0
0.0224593 0.000719689 0.0
0.0224754 0.000838492 0.0
0.0224665 0.000966217 0.0
0.0224298 0.00107628 0.0
0.0223695 0.00118976 0.0
0.0223016 0.00125144 0.0
0.0222565 0.00127705 0.0
0.0222219 0.00129635 0.0
0.0221921 0.00127811 0.0
0.0221983 0.00126153 0.0
0.0222352 0.00124976 0.0
0.0222874 0.00123058 0.0
0.0223416 0.00122885 0.0
0.022391 0.00124716 0.0
0.0224367 0.00126978 0.0
0.02247 0.00130071 0.0
0.0224821 0.00133287 0.0
0.0224732 0.00135817 0.0
0.022457 0.00136368 0.0
0.0224416 0.00136613 0.0
0.0224287 0.00133399 0.0
0.0224284 0.00129533 0.0
0.0224395 0.00126203 0.0
0.0224587 0.00121415 0.0
0.022489 0.00116638 0.0
0.0225279 0.00112864 0.0
0.0225741 0.00109492 0.0
0.0226203 0.00107074 0.0
0.0226633 0.00105736 0.0
0.0227086 0.00105181 0.0
0.0227487 0.00106134 0.0
0.0227731 0.00107519 0.0
0.0227871 0.00109404 0.0
0.0227887 0.00112199 0.0
0.0227785 0.00113293 0.0
0.0227602 0.0011404 0.0
0.02273 0.00114208 0.0
0.0227022 0.00112549 0.0
0.0226856 0.00110693 0.0
0.0226707 0.00107757 0.0
0.0226595 0.00104689 0.0
0.0226608 0.00101855 0.0
0.0226728 0.000989346 0.0
0.0226892 0.000962627 0.0
0.0227094 0.000943646 0.0
0.0227369 0.000930663 0.0
0.0227704 0.000925669 0.0
0.0228064 0.000927549 0.0
0.0228448 0.000939621 0.0
0.0228843 0.000965938 0.0
0.0229257 0.00100251 0.0
0.0229702 0.00104731 0.0
0.023009 0.00111394 0.0
0.0230371 0.00119423 0.0
0.0230615 0.00128358 0.0
0.0230754 0.0013918 0.0
0.0230676 0.00150677 0.0
0.0230384 0.00162713 0.0
0.0229923 0.00175237 0.0
0.0229279 0.00187205 0.0
0.0228449 0.00197057 0.0
0.0227467 0.00206822 0.0
0.0226344 0.00215103 0.0
0.0225198 0.00220167 0.0
0.0224041 0.00224339 0.0
0.0222814 0.00226942 0.0
0.0221621 0.00227706 0.0
0.0220514 0.0022708 0.0
0.0219432 0.00225231 0.0
0.0218382 0.0022262 0.0
0.0217415 0.00219216 0.0
0.0216511 0.00214978 0.0
0.0215638 0.00210305 0.0
0.0214809 0.00205402 0.0
0.0214041 0.00200119 0.0
0.0213312 0.00194582 0.0
0.0212603 0.00188998 0.0
0.0211925 0.00183365 0.0
0.0211284 0.00177645 0.0
0.0210666 0.00171965 0.0
0.021006 0.00166366 0.0
0.0209475 0.00160824 0.0
0.0208912 0.00155368 0.0
0.0208362 0.00150056 0.0
0.0207821 0.00144873 0.0
0.0207295 0.00139819 0.0
0.0206783 0.00134922 0.0
0.0206279 0.00130194 0.0
0.0205784 0.00125616 0.0
0.0205301 0.00121199 0.0
0.0204828 0.00116953 0.0
0.0204363 0.00112872 0.0
0.0203907 0.00108944 0.0
0.0203461 0.00105179 0.0
0.0203023 0.00101574 0.0
0.0202593 0.000981175 0.0
0.0202173 0.000948063 0.0
0.0201762 0.000916414 0.0
0.0201359 0.000886146 0.0
0.0200965 0.00085718 0.0
0.020058 0.00082949 0.0
0.0200204 0.000803037 0.0
0.0199836 0.000777737 0.0
0.0199477 0.000753537 0.0
0.0199127 0.000730403 0.0
0.0198785 0.000708278 0.0
0.0198452 0.000687096 0.0
0.0198127 0.000666816 0.0
0.0197811 0.000647398 0.0
0.0197503 0.000628786 0.0
0.0197203 0.000610934 0.0
0.0196912 0.000593806 0.0
0.0196629 0.000577362 0.0
0.0196353 0.000561557 0.0
0.0196085 0.000546358 0.0
0.0195825 0.000531732 0.0
0.0195573 0.000517646 0.0
0.0195328 0.000504066 0.0
0.019509 0.000490966 0.0
0.0194859 0.000478319 0.0
0.0194635 0.000466099 0.0
0.0194418 0.000454281 0.0
0.0194208 0.000442846 0.0
0.0194004 0.000431771 0.0
0.0193806 0.000421038 0.0
0.0193614 0.000410628 0.0
0.0193429 0.000400526 0.0
0.019325 0.000390715 0.0
0.0193076 0.000381182 0.0
0.0192907 0.000371913 0.0
0.0192745 0.000362897 0.0
0.0192587 0.000354122 0.0
0.0192435 0.000345577 0.0
0.0192288 0.000337253 0.0
0.0192145 0.000329141 0.0
0.0192007 0.000321232 0.0
0.0191874 0.00031352 0.0
0.0191746 0.000305997 0.0
0.0191622 0.000298657 0.0
0.0191502 0.000291493 0.0
0.0191386 0.0002845 0.0
0.0191274 0.000277672 0.0
0.0191166 0.000271005 0.0
0.0191062 0.000264495 0.0
0.0190961 0.000258136 0.0
0.0190864 0.000251925 0.0
0.0190771 0.000245857 0.0
0.0190681 0.00023993 0.0
0.0190594 0.000234139 0.0
0.019051 0.000228482 0.0
0.0190429 0.000222953 0.0
0.0190351 0.000217551 0.0
0.0190276 0.000212272 0.0
0.0190204 0.000207112 0.0
0.0190135 0.000202069 0.0
0.0190068 0.000197137 0.0
0.0190003 0.000192315 0.0
0.0189941 0.000187597 0.0
0.0189881 0.000182981 0.0
0.0189824 0.000178461 0.0
0.0189769 0.000174033 0.0
0.0189715 0.000169692 0.0
0.0189664 0.000165433 0.0
0.0189614 0.000161251 0.0
0.0189567 0.000157138 0.0
0.0189521 0.000153088 0.0
0.0189477 0.000149094 0.0
0.0189434 0.000145146 0.0
0.0189393 0.000141237 0.0
0.0189353 0.000137354 0.0
0.0189315 0.000133489 0.0
0.0189277 0.000129625 0.0
0.0189241 0.000125752 0.0
0.0189206 0.00012185 0.0
0.0189172 0.000117906 0.0
0.0189139 0.000113895 0.0
0.0189107 0.0001098 0.0
0.0189076 0.000105589 0.0
0.0189045 0.000101242 0.0
0.0189015 9.67168e-05 0.0
0.0188986 9.19899e-05 0.0
0.0188957 8.70052e-05 0.0
0.0188928 8.17328e-05 0.0
0.0188901 7.60988e-05 0.0
0.0188873 7.00711e-05 0.0
0.0188847 6.35453e-05 0.0
0.0188821 5.64826e-05 0.0
0.0188796 4.87459e-05 0.0
0.0188772 4.02909e-05 0.0
0.018875 3.09233e-05 0.0
0.018873 2.0607e-05 0.0
0.0188713 9.15697e-06 0.0
0.0188701 -2.74701e-06 0.0
0.0188692 -9.00831e-06 0.0
0.0 0.0 0.0
0.0 0.0 0.0
0.0192982 5.35505e-05 0.0
0.0193153 0.00015152 0.0
0.0193603 0.000239729 0.0
0.0193961 0.000328319 0.0
0.0194367 0.000418357 0.0
0.0195121 0.000487244 0.0
0.0195891 0.000558199 0.0
0.0196585 0.000638141 0.0
0.0197462 0.000682318 0.0
0.0198462 0.000723931 0.0
0.0199407 0.000782211 0.0
0.0200369 0.000814523 0.0
0.0201383 0.00082774 0.0
0.0202436 0.000857404 0.0
0.020347 0.000877792 0.0
0.0204452 0.000878508 0.0
0.0205446 0.000880377 0.0
0.0206477 0.000886417 0.0
0.0207436 0.00087937 0.0
0.0208322 0.000866748 0.0
0.0209239 0.000856011 0.0
0.0210145 0.000842322 0.0
0.0210946 0.000821497 0.0
0.0211706 0.000800129 0.0
0.0212484 0.00077772 0.0
0.0213204 0.000751897 0.0
0.0213833 0.000723335 0.0
0.0214445 0.000694308 0.0
0.0215044 0.000662925 0.0
0.0215568 0.000629425 0.0
0.0216029 0.000594563 0.0
0.0216474 0.000558167 0.0
0.0216882 0.000519388 0.0
0.0217221 0.000479094 0.0
0.0217517 0.000436923 0.0
0.021779 0.000392337 0.0
0.0218013 0.000345403 0.0
0.0218179 0.000296186 0.0
0.0218314 0.000243798 0.0
0.0218414 0.000188305 0.0
0.0218459 0.000129451 0.0
0.021846 6.62996e-05 0.0
0.0218433 -1.42942e-06 0.0
0.0218359 -7.3653e-05 0.0
0.0218232 -0.000152183 0.0
0.0218073 -0.000237546 0.0
0.0217881 -0.000329284 0.0
0.0217633 -0.00042955 0.0
0.0217343 -0.000540913 0.0
0.0217031 -0.000661191 0.0
0.0216684 -0.000793045 0.0
0.0216288 -0.000942032 0.0
0.0215865 -0.00110603 0.0
0.021545 -0.00128275 0.0
0.0215048 -0.00148687 0.0
0.0214613 -0.00171698 0.0
0.0214185 -0.00196217 0.0
0.0213952 -0.00223887 0.0
0.0213888 -0.00256888 0.0
0.021377 -0.0029145 0.0
0.0213943 -0.00329148 0.0
0.021492 -0.00373262 0.0
0.021621 -0.00419842 0.0
0.021782 -0.0046974 0.0
0.0220573 -0.00521048 0.0
0.0224269 -0.00569113 0.0
0.0228714 -0.0062042 0.0
0.0234324 -0.00663935 0.0
0.0240368 -0.00689578 0.0
0.0246266 -0.00709305 0.0
0.0252355 -0.00715094 0.0
0.0256865 -0.00693284 0.0
0.0259587 -0.0066997 0.0
0.0261545 -0.00622842 0.0
0.0261311 -0.00570251 0.0
0.0258631 -0.00519237 0.0
0.0255036 -0.00462275 0.0
0.0251352 -0.00414873 0.0
0.0247436 -0.00376343 0.0
0.0243497 -0.00341415 0.0
0.0239616 -0.00300464 0.0
0.0236052 -0.0026002 0.0
0.0232458 -0.00215794 0.0
0.0227925 -0.00179794 0.0
0.0223115 -0.00141793 0.0
0.0218736 -0.00109271 0.0
0.021502 -0.000858144 0.0
0.0211553 -0.000648498 0.0
0.0208299 -0.000485578 0.0
0.020565 -0.000340735 0.0
0.0203508 -0.000221246 0.0
0.0201572 -0.000120969 0.0
0.0199877 -3.82422e-05 0.0
0.019855 3.83328e-05 0.0
0.0197488 0.000103782 0.0
0.019661 0.000159141 0.0
0.0195927 0.000210743 0.0
0.019544 0.000259125 0.0
0.0195147 0.000304199 0.0
0.0195042 0.000348588 0.0
0.019505 0.000398826 0.0
0.01952 0.000439568 0.0
0.0195554 0.000510415 0.0
0.0196099 0.000597481 0.0
0.0196775 0.000684516 0.0
0.0197087 0.000830142 0.0
0.0197015 0.000974133 0.0
0.0196578 0.00114461 0.0
0.0195885 0.00124579 0.0
0.0195161 0.00131609 0.0
0.0194568 0.00130785 0.0
0.0194514 0.00130663 0.0
0.0194905 0.00126658 0.0
0.0195615 0.00120917 0.0
0.0196513 0.00117266 0.0
0.0197552 0.0011511 0.0
0.0198581 0.00115731 0.0
0.0199627 0.00116591 0.0
0.0200615 0.00121025 0.0
0.0201296 0.00126877 0.0
0.0201698 0.00131586 0.0
0.0201821 0.0013697 0.0
0.020177 0.00138082 0.0
0.0201869 0.0013602 0.0
0.020204 0.00133508 0.0
0.020219 0.00128083 0.0
0.0202597 0.00122471 0.0
0.0203276 0.00116773 0.0
0.0204034 0.00111341 0.0
0.0204792 0.00106509 0.0
0.0205618 0.00102832 0.0
0.0206499 0.001008 0.0
0.0207404 0.000990687 0.0
0.0208241 0.000990543 0.0
0.0208932 0.00101282 0.0
0.0209495 0.00104141 0.0
0.0209878 0.00107816 0.0
0.0210025 0.00111527 0.0
0.0209949 0.00114741 0.0
0.020978 0.00115941 0.0
0.0209609 0.00116633 0.0
0.0209464 0.0011413 0.0
0.0209441 0.00110975 0.0
0.0209532 0.0010812 0.0
0.0209714 0.00103957 0.0
0.021002 0.000995826 0.0
0.0210416 0.000961026 0.0
0.0210875 0.000930519 0.0
0.0211409 0.000904235 0.0
0.0211993 0.000885442 0.0
0.02126 0.000876957 0.0
0.0213243 0.000875381 0.0
0.0213924 0.000886529 0.0
0.0214634 0.000909761 0.0
0.0215377 0.000942061 0.0
0.0216083 0.000992537 0.0
0.0216739 0.00106421 0.0
0.0217432 0.00114675 0.0
0.021805 0.00125144 0.0
0.0218434 0.00137293 0.0
0.0218663 0.00150803 0.0
0.0218695 0.00165905 0.0
0.0218463 0.00179753 0.0
0.0218 0.00193264 0.0
0.0217241 0.0020655 0.0
0.0216326 0.00216794 0.0
0.0215389 0.0022548 0.0
0.0214351 0.00231286 0.0
0.0213268 0.00235607 0.0
0.021224 0.0023816 0.0
0.0211302 0.00237884 0.0
0.0210436 0.00236674 0.0
0.0209619 0.00234696 0.0
0.0208879 0.00231181 0.0
0.0208238 0.0022682 0.0
0.020766 0.00222272 0.0
0.0207133 0.00217207 0.0
0.0206666 0.002116 0.0
0.0206244 0.00205872 0.0
0.0205854 0.00200138 0.0
0.0205503 0.00194224 0.0
0.0205181 0.00188235 0.0
0.0204872 0.00182328 0.0
0.0204581 0.00176504 0.0
0.0204312 0.00170705 0.0
0.0204052 0.00165007 0.0
0.0203795 0.00159458 0.0
0.0203549 0.00154045 0.0
0.0203312 0.00148755 0.0
0.0203075 0.00143625 0.0
0.0202841 0.00138665 0.0
0.0202612 0.00133865 0.0
0.0202387 0.00129221 0.0
0.0202161 0.00124751 0.0
0.0201936 0.00120449 0.0
0.0201716 0.00116309 0.0
0.0201496 0.00112329 0.0
0.0201277 0.00108511 0.0
0.0201061 0.0010485 0.0
0.0200847 0.00101337 0.0
0.0200635 0.000979713 0.0
0.0200425 0.000947495 0.0
0.0200218 0.00091664 0.0
0.0200014 0.000887091 0.0
0.0199812 0.000858809 0.0
0.0199613 0.000831747 0.0
0.0199418 0.000805833 0.0
0.0199227 0.00078102 0.0
0.0199038 0.000757262 0.0
0.0198854 0.000734507 0.0
0.0198674 0.000712696 0.0
0.0198497 0.000691788 0.0
0.0198325 0.000671737 0.0
0.0198157 0.000652496 0.0
0.0197993 0.000634018 0.0
0.0197833 0.000616267 0.0
0.0197677 0.000599203 0.0
0.0197526 0.000582786 0.0
0.0197379 0.000566981 0.0
0.0197236 0.000551756 0.0
0.0197098 0.000537077 0.0
0.0196964 0.000522915 0.0
0.0196834 0.000509241 0.0
0.0196709 0.00049603 0.0
0.0196587 0.000483256 0.0
0.019647 0.000470895 0.0
0.0196357 0.000458926 0.0
0.0196247 0.000447329 0.0
0.0196142 0.000436085 0.0
0.019604 0.000425175 0.0
0.0195943 0.000414584 0.0
0.0195849 0.000404296 0.0
0.0195758 0.000394297 0.0
0.0195672 0.000384574 0.0
0.0195588 0.000375114 0.0
0.0195508 0.000365907 0.0
0.0195432 0.000356941 0.0
0.0195358 0.000348207 0.0
0.0195288 0.000339695 0.0
0.0195221 0.000331399 0.0
0.0195157 0.000323309 0.0
0.0195096 0.000315418 0.0
0.0195037 0.000307721 0.0
0.0194982 0.00030021 0.0
0.0194929 0.00029288 0.0
0.0194878 0.000285725 0.0
0.0194831 0.00027874 0.0
0.0194785 0.000271921 0.0
0.0194742 0.000265264 0.0
0.0194701 0.000258763 0.0
0.0194663 0.000252414 0.0
0.0194627 0.000246215 0.0
0.0194592 0.000240161 0.0
0.019456 0.000234248 0.0
0.019453 0.000228474 0.0
0.0194501 0.000222833 0.0
0.0194475 0.000217324 0.0
0.019445 0.000211942 0.0
0.0194427 0.000206685 0.0
0.0194405 0.000201547 0.0
0.0194385 0.000196527 0.0
0.0194366 0.000191619 0.0
0.0194349 0.000186819 0.0
0.0194333 0.000182124 0.0
0.0194318 0.000177529 0.0
0.0194305 0.000173029 0.0
0.0194293 0.000168618 0.0
0.0194281 0.000164291 0.0
0.0194271 0.000160042 0.0
0.0194261 0.000155863 0.0
0.0194253 0.000151748 0.0
0.0194245 0.000147687 0.0
0.0194238 0.000143673 0.0
0.0194231 0.000139693 0.0
0.0194225 0.000135739 0.0
0.0194219 0.000131794 0.0
0.0194214 0.000127849 0.0
0.0194209 0.000123883 0.0
0.0194204 0.000119884 0.0
0.0194199 0.000115826 0.0
0.0194195 0.000111692 0.0
0.019419 0.000107451 0.0
0.0194185 0.000103082 0.0
0.0194179 9.85414e-05 0.0
0.0194174 9.3806e-05 0.0
0.0194167 8.88181e-05 0.0
0.0194161 8.3549e-05 0.0
0.0194153 7.79182e-05 0.0
0.0194145 7.18945e-05 0.0
0.0194136 6.53678e-05 0.0
0.0194127 5.82997e-05 0.0
0.0194117 5.05368e-05 0.0
0.0194106 4.20392e-05 0.0
0.0194095 3.25892e-05 0.0
0.0194084 2.2151e-05 0.0
0.0194073 1.04818e-05 0.0
0.0194063 -1.78879e-06 0.0
0.0194056 -8.29473e-06 0.0
0.0 0.0 0.0
0.0 0.0 0.0
0.0193105 5.56895e-05 0.0
0.0193293 0.000120849 0.0
0.0193479 0.00020255 0.0
0.0193806 0.000297756 0.0
0.0194331 0.000359746 0.0
0.0194869 0.000415966 0.0
0.0195443 0.000497619 0.0
0.0196229 0.000555784 0.0
0.0197033 0.000588984 0.0
0.0197792 0.000644232 0.0
0.0198678 0.000688809 0.0
0.0199637 0.000709057 0.0
0.0200534 0.000735806 0.0
0.020146 0.000763475 0.0
0.0202427 0.000772568 0.0
0.0203375 0.000780258 0.0
0.0204314 0.000789072 0.0
0.0205248 0.000789618 0.0
0.0206149 0.000783943 0.0
0.0207047 0.000779214 0.0
0.0207933 0.000769798 0.0
0.0208764 0.000756421 0.0
0.0209562 0.000741495 0.0
0.0210363 0.00072449 0.0
0.021112 0.000703935 0.0
0.0211811 0.000682633 0.0
0.0212484 0.000659266 0.0
0.0213144 0.000633231 0.0
0.0213738 0.000605822 0.0
0.021428 0.000577651 0.0
0.0214808 0.000546672 0.0
0.0215298 0.000513802 0.0
0.0215722 0.000480027 0.0
0.021611 0.000444357 0.0
0.0216474 0.000405789 0.0
0.0216784 0.000365552 0.0
0.0217039 0.000323474 0.0
0.0217265 0.000278373 0.0
0.021745 0.000230091 0.0
0.0217574 0.000179192 0.0
0.0217657 0.000124806 0.0
0.0217707 6.61193e-05 0.0
0.0217695 2.90784e-06 0.0
0.0217628 -6.50475e-05 0.0
0.0217532 -0.000138649 0.0
0.0217378 -0.000218825 0.0
0.0217149 -0.000306831 0.0
0.0216888 -0.000402648 0.0
0.021659 -0.000507283 0.0
0.0216197 -0.000623901 0.0
0.0215751 -0.000754342 0.0
0.0215299 -0.00089564 0.0
0.0214765 -0.0010534 0.0
0.021415 -0.00123589 0.0
0.0213555 -0.00143837 0.0
0.0212933 -0.00165502 0.0
0.0212257 -0.00191346 0.0
0.0211682 -0.00221601 0.0
0.021116 -0.00253317 0.0
0.0210645 -0.00288561 0.0
0.0210591 -0.00334244 0.0
0.0211023 -0.00381783 0.0
0.0211494 -0.0043025 0.0
0.0212793 -0.00490971 0.0
0.0215548 -0.00552446 0.0
0.0219462 -0.00612107 0.0
0.0224208 -0.00672247 0.0
0.0229714 -0.00721936 0.0
0.0235978 -0.00753536 0.0
0.0241761 -0.00764502 0.0
0.0246824 -0.00768746 0.0
0.0250126 -0.00718698 0.0
0.0251036 -0.00680351 0.0
0.0250008 -0.00619954 0.0
0.0246425 -0.0053831 0.0
0.0240255 -0.00462468 0.0
0.0232901 -0.00411464 0.0
0.0225395 -0.00360527 0.0
0.0218057 -0.00322953 0.0
0.0212692 -0.0030048 0.0
0.0208107 -0.00255104 0.0
0.0203075 -0.00220846 0.0
0.0198268 -0.00170762 0.0
0.0192759 -0.00122787 0.0
0.0187111 -0.000922038 0.0
0.0182027 -0.000651888 0.0
0.0177795 -0.000483647 0.0
0.0174484 -0.000318557 0.0
0.0171625 -0.000198186 0.0
0.0169071 -0.000104274 0.0
0.0166994 -2.6189e-05 0.0
0.016538 4.72115e-05 0.0
0.016401 0.000102076 0.0
0.016287 0.000147617 0.0
0.0162015 0.000189532 0.0
0.0161379 0.000227056 0.0
0.0160894 0.000259358 0.0
0.0160609 0.000287898 0.0
0.0160503 0.000316252 0.0
0.016052 0.000344742 0.0
0.0160692 0.000378291 0.0
0.016107 0.000406031 0.0
0.0161591 0.00045792 0.0
0.0162388 0.000500247 0.0
0.0163256 0.000628986 0.0
0.0163685 0.000812558 0.0
0.0164101 0.000968648 0.0
0.0163941 0.00122731 0.0
0.0163286 0.00130819 0.0
0.0162907 0.00137221 0.0
0.016263 0.00134504 0.0
0.0163084 0.00124481 0.0
0.0164312 0.00116993 0.0
0.016576 0.00109801 0.0
0.0167272 0.00104111 0.0
0.0168921 0.00101585 0.0
0.0170679 0.0010187 0.0
0.017246 0.00103217 0.0
0.0173814 0.00111138 0.0
0.0174695 0.00119259 0.0
0.0175126 0.00130259 0.0
0.0175234 0.00135475 0.0
0.0175236 0.00138077 0.0
0.0175279 0.00133577 0.0
0.0175736 0.00129827 0.0
0.0176532 0.00123012 0.0
0.0177555 0.00114119 0.0
0.0178645 0.00107326 0.0
0.0179789 0.00101625 0.0
0.0181048 0.000963129 0.0
0.0182332 0.000923298 0.0
0.0183582 0.00089625 0.0
0.0184828 0.000884809 0.0
0.0185924 0.000904032 0.0
0.0186934 0.000927373 0.0
0.0187867 0.000980381 0.0
0.0188476 0.0010484 0.0
0.0188751 0.00110399 0.0
0.0188754 0.00116297 0.0
0.0188624 0.0011807 0.0
0.0188625 0.00116718 0.0
0.0188684 0.0011471 0.0
0.0188758 0.00109956 0.0
0.0189098 0.00104916 0.0
0.0189682 0.000996969 0.0
0.0190346 0.000945175 0.0
0.0191037 0.00090212 0.0
0.019181 0.000864248 0.0
0.0192662 0.00083377 0.0
0.0193533 0.000811549 0.0
0.0194417 0.000799258 0.0
0.0195349 0.000795784 0.0
0.0196313 0.000804668 0.0
0.0197293 0.000820868 0.0
0.0198304 0.000854609 0.0
0.0199322 0.000911221 0.0
0.0200401 0.000974958 0.0
0.020148 0.00106162 0.0
0.0202371 0.00118605 0.0
0.0203082 0.00132448 0.0
0.0203647 0.0014815 0.0
0.0203903 0.00165587 0.0
0.0203742 0.00182884 0.0
0.0203311 0.00198745 0.0
0.0202706 0.00214709 0.0
0.0201944 0.0022555 0.0
0.0201117 0.00234161 0.0
0.0200198 0.00241886 0.0
0.0199319 0.00245159 0.0
0.0198619 0.00246144 0.0
0.0197971 0.00245704 0.0
0.0197374 0.00243655 0.0
0.0196953 0.00240364 0.0
0.0196668 0.00236033 0.0
0.0196426 0.0023106 0.0
0.0196244 0.00225726 0.0
0.0196163 0.00219974 0.0
0.0196144 0.00213969 0.0
0.0196146 0.00207897 0.0
0.0196175 0.00201767 0.0
0.0196244 0.00195556 0.0
0.0196334 0.00189427 0.0
0.0196427 0.00183389 0.0
0.0196529 0.00177403 0.0
0.019664 0.00171514 0.0
0.0196752 0.00165803 0.0
0.0196859 0.00160223 0.0
0.0196964 0.00154765 0.0
0.0197067 0.00149479 0.0
0.0197164 0.0014438 0.0
0.0197252 0.00139426 0.0
0.0197335 0.00134633 0.0
0.0197411 0.00130025 0.0
0.019748 0.00125588 0.0
0.019754 0.00121303 0.0
0.0197595 0.00117185 0.0
0.0197642 0.00113237 0.0
0.0197682 0.00109442 0.0
0.0197716 0.00105793 0.0
0.0197745 0.001023 0.0
0.0197768 0.00098952 0.0
0.0197786 0.000957387 0.0
0.01978 0.000926585 0.0
0.0197809 0.000897108 0.0
0.0197815 0.000868854 0.0
0.0197817 0.000841758 0.0
0.0197817 0.000815803 0.0
0.0197814 0.00079094 0.0
0.0197809 0.000767088 0.0
0.0197802 0.000744209 0.0
0.0197793 0.000722269 0.0
0.0197784 0.000701214 0.0
0.0197773 0.000680986 0.0
0.0197762 0.000661556 0.0
0.019775 0.000642883 0.0
0.0197738 0.000624921 0.0
0.0197727 0.00060763 0.0
0.0197715 0.000590982 0.0
0.0197703 0.00057494 0.0
0.0197692 0.000559468 0.0
0.0197682 0.000544538 0.0
0.0197672 0.000530123 0.0
0.0197664 0.000516193 0.0
0.0197656 0.000502722 0.0
0.0197649 0.000489688 0.0
0.0197643 0.000477068 0.0
0.0197638 0.000464841 0.0
0.0197634 0.000452986 0.0
0.0197631 0.000441486 0.0
0.019763 0.000430324 0.0
0.019763 0.000419482 0.0
0.019763 0.000408947 0.0
0.0197633 0.000398705 0.0
0.0197636 0.000388742 0.0
0.0197641 0.000379047 0.0
0.0197646 0.000369609 0.0
0.0197653 0.000360417 0.0
0.0197661 0.000351462 0.0
0.0197671 0.000342735 0.0
0.0197681 0.000334227 0.0
0.0197693 0.000325932 0.0
0.0197706 0.000317841 0.0
0.0197719 0.000309948 0.0
0.0197734 0.000302248 0.0
0.019775 0.000294733 0.0
0.0197767 0.0002874 0.0
0.0197785 0.000280242 0.0
0.0197804 0.000273255 0.0
0.0197823 0.000266435 0.0
0.0197844 0.000259777 0.0
0.0197865 0.000253277 0.0
0.0197888 0.000246932 0.0
0.0197911 0.000240737 0.0
0.0197934 0.000234689 0.0
0.0197959 0.000228784 0.0
0.0197984 0.00022302 0.0
0.0198009 0.000217392 0.0
0.0198035 0.000211896 0.0
0.0198062 0.000206531 0.0
0.0198089 0.000201291 0.0
0.0198117 0.000196173 0.0
0.0198145 0.000191174 0.0
0.0198174 0.000186289 0.0
0.0198202 0.000181514 0.0
0.0198231 0.000176845 0.0
0.0198261 0.000172277 0.0
0.019829 0.000167805 0.0
0.0198319 0.000163422 0.0
0.0198349 0.000159124 0.0
0.0198379 0.000154903 0.0
0.0198408 0.000150753 0.0
0.0198437 0.000146664 0.0
0.0198466 0.000142628 0.0
0.0198495 0.000138635 0.0
0.0198524 0.000134676 0.0
0.0198552 0.000130735 0.0
0.0198579 0.000126801 0.0
0.0198606 0.000122857 0.0
0.0198633 0.000118888 0.0
0.0198658 0.00011487 0.0
0.0198683 0.000110788 0.0
0.0198706 0.000106608 0.0
0.0198728 0.000102312 0.0
0.019875 9.78554e-05 0.0
0.0198769 9.32158e-05 0.0
0.0198787 8.83332e-05 0.0
0.0198804 8.31824e-05 0.0
0.0198818 7.76799e-05 0.0
0.0198831 7.17938e-05 0.0
0.0198841 6.54102e-05 0.0
0.0198849 5.84949e-05 0.0
0.0198855 5.0882e-05 0.0
0.0198858 4.25344e-05 0.0
0.0198859 3.32192e-05 0.0
0.0198857 2.29032e-05 0.0
0.0198853 1.12956e-05 0.0
0.0198848 -1.03609e-06 0.0
0.0198842 -7.62141e-06 0.0
0.0 0.0 0.0
0.0 0.0 0.0
0.0193156 3.99502e-05 0.0
0.0193237 0.000111754 0.0
0.0193389 0.000182827 0.0
0.0193775 0.000244099 0.0
0.0194237 0.000307068 0.0
0.0194659 0.000377517 0.0
0.0195219 0.000427946 0.0
0.0195932 0.000468127 0.0
0.0196618 0.000525502 0.0
0.0197344 0.000570046 0.0
0.0198158 0.000588942 0.0
0.0198996 0.000622458 0.0
0.0199845 0.000656599 0.0
0.0200709 0.000667215 0.0
0.0201579 0.000676112 0.0
0.0202481 0.000694455 0.0
0.0203368 0.00070004 0.0
0.0204217 0.000696165 0.0
0.0205086 0.000696207 0.0
0.0205966 0.000695441 0.0
0.0206781 0.000685401 0.0
0.020757 0.000673866 0.0
0.0208384 0.000663316 0.0
0.0209159 0.000649452 0.0
0.0209866 0.000631296 0.0
0.0210569 0.000613007 0.0
0.0211267 0.000593529 0.0
0.0211902 0.000571488 0.0
0.0212489 0.00054745 0.0
0.0213071 0.000522572 0.0
0.0213619 0.00049588 0.0
0.0214102 0.000467432 0.0
0.0214553 0.000437227 0.0
0.0214984 0.000405301 0.0
0.0215363 0.000371491 0.0
0.0215688 0.000335758 0.0
0.0215982 0.000297427 0.0
0.0216238 0.000256717 0.0
0.0216436 0.000213646 0.0
0.0216586 0.000167267 0.0
0.0216698 0.000117055 0.0
0.0216756 6.37031e-05 0.0
0.0216753 6.13722e-06 0.0
0.0216702 -5.71736e-05 0.0
0.0216599 -0.000125642 0.0
0.0216426 -0.000199347 0.0
0.0216189 -0.000281381 0.0
0.0215899 -0.000371992 0.0
0.0215535 -0.00047025 0.0
0.0215088 -0.000579634 0.0
0.0214576 -0.000703532 0.0
0.0213995 -0.000839291 0.0
0.021333 -0.000991334 0.0
0.0212573 -0.00116598 0.0
0.0211745 -0.00136164 0.0
0.0210888 -0.00157981 0.0
0.0209976 -0.00183883 0.0
0.0208926 -0.00213088 0.0
0.0207928 -0.00245727 0.0
0.0207254 -0.00284794 0.0
0.0206556 -0.0033142 0.0
0.0205668 -0.003802 0.0
0.0205876 -0.00440634 0.0
0.0207593 -0.00508539 0.0
0.0209306 -0.00578508 0.0
0.0212103 -0.00660056 0.0
0.021704 -0.00722825 0.0
0.0223236 -0.00780225 0.0
0.0229831 -0.00819316 0.0
0.0235281 -0.00818433 0.0
0.0237546 -0.0078402 0.0
0.0237045 -0.00735126 0.0
0.0234593 -0.00660232 0.0
0.0227791 -0.00563422 0.0
0.0218863 -0.00474639 0.0
0.0209304 -0.00373215 0.0
0.0197653 -0.00308937 0.0
0.0185874 -0.0027022 0.0
0.0176937 -0.00255241 0.0
0.0172412 -0.00252253 0.0
0.0169502 -0.0021363 0.0
0.0163458 -0.00156548 0.0
0.0154916 -0.00107792 0.0
0.0147125 -0.000589609 0.0
0.014172 -0.000406669 0.0
0.0137783 -0.000228946 0.0
0.0133986 -0.000115747 0.0
0.013082 -3.28561e-05 0.0
0.0128602 3.98613e-05 0.0
0.0126804 9.99727e-05 0.0
0.0125157 0.000139808 0.0
0.0123886 0.000174365 0.0
0.012297 0.000207894 0.0
0.0122224 0.000231983 0.0
0.0121624 0.000251034 0.0
0.0121229 0.00027025 0.0
0.0121013 0.000286826 0.0
0.0120929 0.000299656 0.0
0.0120932 0.000314986 0.0
0.012107 0.000328835 0.0
0.0121439 0.00034239 0.0
0.0121947 0.000362906 0.0
0.0122439 0.000391139 0.0
0.0123287 0.000396219 0.0
0.0124776 0.000530423 0.0
0.0126666 0.000698593 0.0
0.0127805 0.000968786 0.0
0.012694 0.00128033 0.0
0.0125146 0.00141268 0.0
0.0124816 0.00134652 0.0
0.0126344 0.001266 0.0
0.0128574 0.00108959 0.0
0.0130697 0.000993007 0.0
0.0132652 0.000919739 0.0
0.0134811 0.000854828 0.0
0.0137061 0.000819968 0.0
0.0139285 0.000800465 0.0
0.0141317 0.000865927 0.0
0.0142859 0.000989569 0.0
0.0144261 0.00109609 0.0
0.0144959 0.00129927 0.0
0.0145091 0.00134102 0.0
0.0145434 0.00136748 0.0
0.0145791 0.00131531 0.0
0.014667 0.00119745 0.0
0.0148144 0.00110284 0.0
0.0149767 0.00100999 0.0
0.015135 0.000938137 0.0
0.0152951 0.000871403 0.0
0.0154588 0.000819141 0.0
0.0156157 0.000783328 0.0
0.0157682 0.000751795 0.0
0.015923 0.000752556 0.0
0.0160796 0.00077665 0.0
0.0162323 0.000808988 0.0
0.0163406 0.000898138 0.0
0.0164039 0.000990927 0.0
0.0164258 0.0011071 0.0
0.016417 0.00116366 0.0
0.0163987 0.00119334 0.0
0.0163878 0.0011566 0.0
0.0164196 0.00112283 0.0
0.0164843 0.00105973 0.0
0.0165698 0.000977941 0.0
0.016663 0.000915547 0.0
0.016763 0.000860816 0.0
0.0168744 0.00081043 0.0
0.0169892 0.000766254 0.0
0.0170988 0.000735227 0.0
0.0172091 0.000711302 0.0
0.0173256 0.000695743 0.0
0.0174429 0.000689793 0.0
0.017558 0.000695826 0.0
0.0176764 0.000709517 0.0
0.0178015 0.00074251 0.0
0.0179343 0.00078728 0.0
0.018071 0.000850112 0.0
0.018193 0.000955441 0.0
0.018316 0.00107944 0.0
0.018444 0.00123925 0.0
0.0185343 0.00143336 0.0
0.0185773 0.00163433 0.0
0.0185843 0.00185562 0.0
0.018556 0.00204648 0.0
0.0185116 0.00219557 0.0
0.0184441 0.0023377 0.0
0.0183574 0.00242958 0.0
0.0182886 0.00249277 0.0
0.0182396 0.00251297 0.0
0.0182022 0.00250944 0.0
0.0181784 0.0024998 0.0
0.0181709 0.00246382 0.0
0.0181794 0.00241217 0.0
0.0181989 0.00236153 0.0
0.0182291 0.00230638 0.0
0.0182691 0.00224297 0.0
0.0183137 0.00217853 0.0
0.0183606 0.00211632 0.0
0.0184127 0.00205238 0.0
0.0184685 0.00198753 0.0
0.0185234 0.00192436 0.0
0.0185779 0.00186277 0.0
0.018634 0.00180147 0.0
0.0186898 0.00174153 0.0
0.0187433 0.00168347 0.0
0.0187957 0.00162692 0.0
0.0188476 0.00157169 0.0
0.0188975 0.0015183 0.0
0.0189452 0.0014667 0.0
0.0189914 0.00141671 0.0
0.0190362 0.00136838 0.0
0.0190787 0.00132186 0.0
0.0191193 0.00127701 0.0
0.0191584 0.00123378 0.0
0.0191957 0.00119221 0.0
0.019231 0.00115227 0.0
0.0192648 0.00111388 0.0
0.0192971 0.001077 0.0
0.0193279 0.00104161 0.0
0.019357 0.00100766 0.0
0.0193849 0.000975071 0.0
0.0194115 0.000943823 0.0
0.0194368 0.000913861 0.0
0.0194609 0.000885126 0.0
0.0194839 0.000857565 0.0
0.0195059 0.000831136 0.0
0.0195269 0.000805785 0.0
0.019547 0.000781459 0.0
0.0195663 0.000758114 0.0
0.0195848 0.000735703 0.0
0.0196025 0.000714179 0.0
0.0196195 0.000693498 0.0
0.0196359 0.000673618 0.0
0.0196518 0.000654498 0.0
0.019667 0.000636099 0.0
0.0196818 0.000618384 0.0
0.0196961 0.000601317 0.0
0.0197099 0.000584864 0.0
0.0197234 0.000568993 0.0
0.0197364 0.000553673 0.0
0.0197492 0.000538877 0.0
0.0197616 0.000524575 0.0
0.0197737 0.000510744 0.0
0.0197855 0.000497359 0.0
0.019797 0.000484396 0.0
0.0198084 0.000471836 0.0
0.0198195 0.000459658 0.0
0.0198304 0.000447843 0.0
0.0198411 0.000436375 0.0
0.0198516 0.000425237 0.0
0.019862 0.000414413 0.0
0.0198722 0.00040389 0.0
0.0198823 0.000393655 0.0
0.0198922 0.000383695 0.0
0.019902 0.000374 0.0
0.0199117 0.000364557 0.0
0.0199213 0.000355359 0.0
0.0199308 0.000346395 0.0
0.0199402 0.000337658 0.0
0.0199494 0.000329139 0.0
0.0199586 0.00032083 0.0
0.0199677 0.000312726 0.0
0.0199767 0.00030482 0.0
0.0199857 0.000297106 0.0
0.0199945 0.000289578 0.0
0.0200033 0.000282231 0.0
0.020012 0.000275061 0.0
0.0200207 0.000268063 0.0
0.0200292 0.000261232 0.0
0.0200377 0.000254565 0.0
0.0200461 0.000248057 0.0
0.0200545 0.000241706 0.0
0.0200628 0.000235506 0.0
0.020071 0.000229455 0.0
0.0200792 0.00022355 0.0
0.0200873 0.000217786 0.0
0.0200953 0.000212162 0.0
0.0201033 0.000206672 0.0
0.0201112 0.000201315 0.0
0.020119 0.000196086 0.0
0.0201267 0.000190983 0.0
0.0201344 0.000186001 0.0
0.020142 0.000181137 0.0
0.0201495 0.000176386 0.0
0.020157 0.000171745 0.0
0.0201643 0.000167209 0.0
0.0201716 0.000162773 0.0
0.0201788 0.000158431 0.0
0.0201859 0.000154179 0.0
0.0201929 0.000150009 0.0
0.0201998 0.000145915 0.0
0.0202066 0.000141888 0.0
0.0202133 0.000137923 0.0
0.0202198 0.000134006 0.0
0.0202262 0.00013013 0.0
0.0202325 0.000126282 0.0
0.0202387 0.000122449 0.0
0.0202447 0.000118616 0.0
0.0202505 0.000114768 0.0
0.0202562 0.000110883 0.0
0.0202617 0.000106945 0.0
0.020267 0.000102923 0.0
0.020272 9.87975e-05 0.0
0.0202769 9.45271e-05 0.0
0.0202815 9.00904e-05 0.0
0.0202858 8.54273e-05 0.0
0.0202898 8.0513e-05 0.0
0.0202936 7.52658e-05 0.0
0.020297 6.96561e-05 0.0
0.0203 6.35662e-05 0.0
0.0203027 5.69651e-05 0.0
0.0203049 4.96846e-05 0.0
0.0203067 4.16901e-05 0.0
0.020308 3.27369e-05 0.0
0.0203089 2.27978e-05 0.0
0.0203092 1.15514e-05 0.0
0.0203091 -5.08557e-07 0.0
0.0203085 -6.99153e-06 0.0
0.0 0.0 0.0
0.0 0.0 0.0
0.0193139 3.07087e-05 0.0
0.0193228 0.000100141 0.0
0.0193452 0.000158356 0.0
0.0193728 0.000206222 0.0
0.0194032 0.000268726 0.0
0.0194522 0.00032626 0.0
0.0195094 0.000363627 0.0
0.0195615 0.000410588 0.0
0.0196235 0.000458469 0.0
0.0196995 0.000485614 0.0
0.0197716 0.000514787 0.0
0.0198435 0.00054931 0.0
0.0199249 0.000565805 0.0
0.0200082 0.000579736 0.0
0.0200885 0.000598774 0.0
0.0201706 0.00060775 0.0
0.0202542 0.000608897 0.0
0.0203378 0.000614563 0.0
0.0204199 0.000615746 0.0
0.0204998 0.000609724 0.0
0.0205792 0.00060392 0.0
0.0206587 0.000598135 0.0
0.0207348 0.000586734 0.0
0.0208069 0.000573869 0.0
0.0208789 0.00056105 0.0
0.0209495 0.000545532 0.0
0.0210148 0.00052738 0.0
0.0210767 0.000509233 0.0
0.0211382 0.000489278 0.0
0.0211961 0.000467005 0.0
0.0212483 0.000443819 0.0
0.021298 0.000419634 0.0
0.0213459 0.000392965 0.0
0.0213885 0.000364764 0.0
0.021426 0.000335381 0.0
0.0214611 0.000303767 0.0
0.0214925 0.00026961 0.0
0.0215175 0.00023365 0.0
0.0215382 0.000195207 0.0
0.0215558 0.000153544 0.0
0.021567 0.00010874 0.0
0.0215716 6.06069e-05 0.0
0.0215727 8.27324e-06 0.0
0.021568 -4.86216e-05 0.0
0.0215543 -0.000110765 0.0
0.021535 -0.000178868 0.0
0.0215114 -0.000253393 0.0
0.0214768 -0.000335694 0.0
0.021432 -0.00042786 0.0
0.021384 -0.000529322 0.0
0.0213263 -0.000641736 0.0
0.0212513 -0.000770472 0.0
0.0211702 -0.000916349 0.0
0.0210853 -0.0010757 0.0
0.0209797 -0.00126124 0.0
0.0208574 -0.00148199 0.0
0.0207377 -0.00172583 0.0
0.0206071 -0.0019976 0.0
0.0204555 -0.00234859 0.0
0.0203055 -0.00275606 0.0
0.0201632 -0.00318398 0.0
0.0200391 -0.0037217 0.0
0.019979 -0.004471 0.0
0.0199544 -0.00517205 0.0
0.020011 -0.005987 0.0
0.020333 -0.00697589 0.0
0.0208653 -0.00779976 0.0
0.0215446 -0.00855413 0.0
0.0219703 -0.00855188 0.0
0.0220741 -0.00851361 0.0
0.0217988 -0.00753818 0.0
0.0211474 -0.0070192 0.0
0.0205287 -0.0059561 0.0
0.0195773 -0.0045767 0.0
0.0181548 -0.00348284 0.0
0.0165209 -0.0024683 0.0
0.0149668 -0.00170123 0.0
0.0137895 -0.00161663 0.0
0.0129654 -0.00192346 0.0
0.0121893 -0.00204243 0.0
0.011441 -0.00169999 0.0
0.0106784 -0.000683276 0.0
0.00997001 -0.000261449 0.0
0.00941847 -9.66626e-06 0.0
0.00895523 4.08933e-05 0.0
0.00862981 9.04592e-05 0.0
0.00841759 0.000172136 0.0
0.00823412 0.000188279 0.0
0.00807209 0.00020763 0.0
0.00795639 0.000234391 0.0
0.00787052 0.000257391 0.0
0.00779664 0.00026006 0.0
0.0077401 0.000270477 0.0
0.0077026 0.000281236 0.0
0.00767554 0.000287974 0.0
0.00765829 0.000289568 0.0
0.00765216 0.000292968 0.0
0.00765395 0.000298215 0.0
0.0076652 0.000301841 0.0
0.00768852 0.000301615 0.0
0.00771583 0.000300249 0.0
0.00775003 0.000314304 0.0
0.00781018 0.000314491 0.0
0.00789039 0.000302487 0.0
0.0079811 0.000354394 0.0
0.0081351 0.000476187 0.0
0.00827341 0.000974611 0.0
0.00836142 0.00132998 0.0
0.00845578 0.00150741 0.0
0.00864885 0.00118073 0.0
0.00895551 0.000980268 0.0
0.00924114 0.000841784 0.0
0.00950568 0.000757975 0.0
0.00977412 0.000681981 0.0
0.0100174 0.000628154 0.0
0.0102205 0.000599328 0.0
0.0104405 0.000566419 0.0
0.0107037 0.000656092 0.0
0.0109793 0.000781665 0.0
0.0111695 0.00100725 0.0
0.0111715 0.00127015 0.0
0.0110804 0.00136671 0.0
0.011109 0.00128429 0.0
0.0112938 0.00119435 0.0
0.0115335 0.0010192 0.0
0.0117543 0.000915069 0.0
0.011949 0.000830127 0.0
0.0121534 0.00075707 0.0
0.0123585 0.000692082 0.0
0.01254 0.000649281 0.0
0.012707 0.000618788 0.0
0.0128784 0.000590841 0.0
0.0130462 0.000591887 0.0
0.0132178 0.000593717 0.0
0.01338 0.000676233 0.0
0.0134928 0.000810719 0.0
0.0135911 0.000925175 0.0
0.0136289 0.00112537 0.0
0.0136181 0.00117266 0.0
0.0136282 0.0011996 0.0
0.0136449 0.00115011 0.0
0.0137142 0.00104011 0.0
0.0138384 0.000952252 0.0
0.0139771 0.000865405 0.0
0.0141147 0.000798444 0.0
0.0142529 0.000735061 0.0
0.014391 0.000683637 0.0
0.0145258 0.000642763 0.0
0.0146586 0.000613367 0.0
0.0147905 0.000588305 0.0
0.0149188 0.000573193 0.0
0.0150444 0.000566654 0.0
0.0151753 0.000569915 0.0
0.0153132 0.000581796 0.0
0.0154503 0.000608593 0.0
0.015593 0.000638064 0.0
0.015751 0.000708996 0.0
0.015924 0.000810191 0.0
0.0161106 0.000923837 0.0
0.0162619 0.0011184 0.0
0.0163604 0.00134905 0.0
0.0164159 0.00161333 0.0
0.0164376 0.00185162 0.0
0.0164203 0.00208404 0.0
0.0163688 0.00224468 0.0
0.0163208 0.0024055 0.0
0.0162849 0.00249598 0.0
0.0162744 0.00251788 0.0
0.0162721 0.00253773 0.0
0.0162738 0.00252147 0.0
0.0163124 0.00247905 0.0
0.016383 0.00242679 0.0
0.0164609 0.00236852 0.0
0.0165447 0.00230458 0.0
0.0166424 0.00223664 0.0
0.0167487 0.00216944 0.0
0.0168567 0.002103 0.0
0.0169663 0.00203628 0.0
0.0170777 0.00196952 0.0
0.0171889 0.00190542 0.0
0.017299 0.00184305 0.0
0.0174076 0.00178138 0.0
0.0175138 0.00172114 0.0
0.0176175 0.00166354 0.0
0.0177186 0.00160749 0.0
0.0178168 0.00155267 0.0
0.0179116 0.00149982 0.0
0.0180033 0.00144915 0.0
0.0180919 0.00139992 0.0
0.0181772 0.00135225 0.0
0.0182592 0.00130653 0.0
0.0183382 0.00126258 0.0
0.0184141 0.00122005 0.0
0.0184868 0.00117915 0.0
0.0185567 0.00113997 0.0
0.0186238 0.00110227 0.0
0.0186882 0.00106595 0.0
0.0187499 0.00103114 0.0
0.0188091 0.000997769 0.0
0.018866 0.00096568 0.0
0.0189205 0.000934859 0.0
0.0189728 0.000905336 0.0
0.019023 0.000877005 0.0
0.0190713 0.000849781 0.0
0.0191177 0.000823662 0.0
0.0191623 0.000798616 0.0
0.0192052 0.000774554 0.0
0.0192465 0.000751433 0.0
0.0192863 0.000729236 0.0
0.0193247 0.00070791 0.0
0.0193617 0.000687394 0.0
0.0193974 0.000667661 0.0
0.0194319 0.00064868 0.0
0.0194653 0.000630403 0.0
0.0194976 0.000612789 0.0
0.0195289 0.000595815 0.0
0.0195592 0.000579447 0.0
0.0195885 0.000563648 0.0
0.019617 0.000548389 0.0
0.0196447 0.000533648 0.0
0.0196717 0.000519395 0.0
0.0196979 0.000505604 0.0
0.0197234 0.000492253 0.0
0.0197482 0.000479321 0.0
0.0197724 0.000466786 0.0
0.019796 0.000454627 0.0
0.0198191 0.00044283 0.0
0.0198416 0.000431375 0.0
0.0198636 0.000420246 0.0
0.0198851 0.00040943 0.0
0.0199062 0.000398912 0.0
0.0199268 0.000388679 0.0
0.019947 0.000378719 0.0
0.0199668 0.000369022 0.0
0.0199861 0.000359577 0.0
0.0200052 0.000350374 0.0
0.0200238 0.000341404 0.0
0.0200422 0.000332659 0.0
0.0200602 0.000324131 0.0
0.0200779 0.000315813 0.0
0.0200952 0.000307699 0.0
0.0201123 0.000299782 0.0
0.0201291 0.000292056 0.0
0.0201457 0.000284516 0.0
0.0201619 0.000277158 0.0
0.0201779 0.000269975 0.0
0.0201937 0.000262964 0.0
0.0202092 0.000256121 0.0
0.0202244 0.000249442 0.0
0.0202395 0.000242923 0.0
0.0202543 0.00023656 0.0
0.0202689 0.00023035 0.0
0.0202832 0.00022429 0.0
0.0202974 0.000218377 0.0
0.0203114 0.000212607 0.0
0.0203251 0.000206978 0.0
0.0203387 0.000201487 0.0
0.020352 0.000196129 0.0
0.0203652 0.000190904 0.0
0.0203782 0.000185806 0.0
0.0203909 0.000180834 0.0
0.0204035 0.000175984 0.0
0.0204159 0.000171252 0.0
0.0204281 0.000166634 0.0
0.0204401 0.000162128 0.0
0.020452 0.000157728 0.0
0.0204636 0.000153431 0.0
0.020475 0.00014923 0.0
0.0204863 0.000145122 0.0
0.0204974 0.0001411 0.0
0.0205082 0.000137158 0.0
0.0205189 0.000133289 0.0
0.0205293 0.000129486 0.0
0.0205396 0.000125738 0.0
0.0205496 0.000122038 0.0
0.0205594 0.000118373 0.0
0.0205689 0.000114733 0.0
0.0205782 0.000111102 0.0
0.0205873 0.000107468 0.0
0.0205961 0.000103808 0.0
0.0206046 0.000100109 0.0
0.0206128 9.63413e-05 0.0
0.0206208 9.24876e-05 0.0
0.0206283 8.85064e-05 0.0
0.0206356 8.43792e-05 0.0
0.0206424 8.00489e-05 0.0
0.0206489 7.54915e-05 0.0
0.0206549 7.06271e-05 0.0
0.0206604 6.54307e-05 0.0
0.0206655 5.9786e-05 0.0
0.02067 5.36638e-05 0.0
0.0206739 4.68981e-05 0.0
0.0206772 3.94599e-05 0.0
0.0206799 3.11013e-05 0.0
0.0206817 2.18006e-05 0.0
0.0206828 1.12205e-05 0.0
0.0206831 -2.20601e-07 0.0
0.0206827 -6.40692e-06 0.0
0.0 0.0 0.0
0.0 0.0 0.0
0.0193085 3.17502e-05 0.0
0.0193202 7.91678e-05 0.0
0.0193428 0.000129109 0.0
0.019366 0.00018504 0.0
0.0193979 0.000230995 0.0
0.0194429 0.000267595 0.0
0.0194894 0.000315234 0.0
0.019541 0.000360644 0.0
0.0196025 0.000384675 0.0
0.0196666 0.000414325 0.0
0.0197326 0.000452252 0.0
0.0198052 0.000471077 0.0
0.019879 0.000482751 0.0
0.0199538 0.000505974 0.0
0.0200319 0.000520423 0.0
0.0201099 0.000522846 0.0
0.0201874 0.000529167 0.0
0.0202671 0.000536812 0.0
0.0203451 0.000534793 0.0
0.020421 0.000530342 0.0
0.0204982 0.000528024 0.0
0.0205741 0.000522823 0.0
0.0206456 0.000512673 0.0
0.0207167 0.000502512 0.0
0.0207878 0.00049202 0.0
0.0208542 0.000478943 0.0
0.0209173 0.000463585 0.0
0.0209802 0.000447914 0.0
0.0210403 0.000431069 0.0
0.021095 0.000412456 0.0
0.0211476 0.000392266 0.0
0.0211985 0.000371091 0.0
0.0212446 0.000348578 0.0
0.0212861 0.000324476 0.0
0.0213252 0.000298447 0.0
0.0213605 0.000270856 0.0
0.0213903 0.000241706 0.0
0.0214159 0.000210237 0.0
0.0214378 0.000175948 0.0
0.0214541 0.000139605 0.0
0.0214644 0.000100749 0.0
0.02147 5.77901e-05 0.0
0.0214697 1.09818e-05 0.0
0.021462 -3.87948e-05 0.0
0.0214479 -9.37511e-05 0.0
0.0214271 -0.000155454 0.0
0.0213973 -0.000222149 0.0
0.0213585 -0.000294841 0.0
0.0213117 -0.000378043 0.0
0.021254 -0.000470988 0.0
0.0211839 -0.000572207 0.0
0.0211031 -0.000687762 0.0
0.0210095 -0.000821991 0.0
0.0208995 -0.00097103 0.0
0.020775 -0.00114109 0.0
0.0206341 -0.00134211 0.0
0.0204736 -0.00157504 0.0
0.0202978 -0.00184393 0.0
0.0201029 -0.00217033 0.0
0.0198779 -0.00255175 0.0
0.0196614 -0.00301594 0.0
0.0194667 -0.00359643 0.0
0.0192125 -0.00429566 0.0
0.0189773 -0.00509786 0.0
0.0190883 -0.00625731 0.0
0.0193945 -0.00725945 0.0
0.0195615 -0.00831432 0.0
0.0198741 -0.00911652 0.0
0.0200738 -0.00859453 0.0
0.0199993 -0.00826354 0.0
0.0193847 -0.00685255 0.0
0.0176738 -0.00566418 0.0
0.0155647 -0.00470103 0.0
0.0136934 -0.00326205 0.0
0.0119595 -0.00165885 0.0
0.0105052 -0.000936464 0.0
0.00936324 -0.00043527 0.0
0.00817857 -0.000508036 0.0
0.00696131 -0.000961137 0.0
0.00599782 -0.00126174 0.0
0.00497439 -0.000637478 0.0
0.00392883 3.50622e-05 0.0
0.00344597 0.000236768 0.0
0.00329514 0.000288449 0.0
0.00319221 0.000291921 0.0
0.00307767 0.000269929 0.0
0.00298639 0.000300728 0.0
0.00293307 0.000302034 0.0
0.00288367 0.000300142 0.0
0.00284106 0.000298938 0.0
0.00281288 0.000306862 0.0
0.00279317 0.000302814 0.0
0.00277451 0.000300597 0.0
0.00276186 0.00030024 0.0
0.00275592 0.00030038 0.0
0.00275288 0.00029604 0.0
0.00275121 0.000292895 0.0
0.00275385 0.00029203 0.0
0.00276052 0.000288619 0.0
0.00276894 0.000283966 0.0
0.00277771 0.000279438 0.0
0.00279416 0.000282204 0.0
0.00281447 0.000271182 0.0
0.00282791 0.000264119 0.0
0.00283794 0.000263483 0.0
0.00294131 0.000323702 0.0
0.00329901 0.000666616 0.0
0.00367809 0.00118801 0.0
0.00410304 0.00112078 0.0
0.00472798 0.000760882 0.0
0.00523721 0.00060519 0.0
0.00555323 0.000573098 0.0
0.0058048 0.000494522 0.0
0.00604683 0.000436242 0.0
0.00625291 0.00041881 0.0
0.00643517 0.000397887 0.0
0.00661652 0.000359842 0.0
0.006796 0.000394442 0.0
0.00701434 0.000497165 0.0
0.00720522 0.000938661 0.0
0.00734588 0.00124717 0.0
0.00748371 0.00139562 0.0
0.00769743 0.00109142 0.0
0.00800304 0.000901585 0.0
0.00828501 0.000768163 0.0
0.0085395 0.000686616 0.0
0.00878336 0.000609573 0.0
0.00899937 0.000546977 0.0
0.00918132 0.000504781 0.0
0.00935388 0.000474706 0.0
0.00952761 0.0004482 0.0
0.00968811 0.000432831 0.0
0.00982679 0.000431325 0.0
0.00998459 0.000415503 0.0
0.0101863 0.000516424 0.0
0.0104087 0.000650294 0.0
0.0105546 0.000874735 0.0
0.0105234 0.0011267 0.0
0.0104138 0.00121781 0.0
0.0104257 0.0011399 0.0
0.0105848 0.00105148 0.0
0.0107929 0.000888138 0.0
0.0109843 0.000790912 0.0
0.011154 0.000710472 0.0
0.0113305 0.000642326 0.0
0.0115068 0.000581573 0.0
0.0116629 0.000540275 0.0
0.0118048 0.000504924 0.0
0.0119464 0.000476682 0.0
0.0120834 0.000456181 0.0
0.0122116 0.000445102 0.0
0.0123401 0.000436787 0.0
0.0124728 0.000435704 0.0
0.0126054 0.000443861 0.0
0.0127416 0.000463977 0.0
0.0128926 0.000484859 0.0
0.0130592 0.000540166 0.0
0.0132513 0.000599036 0.0
0.0134471 0.000748798 0.0
0.0136073 0.000983918 0.0
0.0137833 0.0012242 0.0
0.0139097 0.00158348 0.0
0.0139451 0.00183834 0.0
0.0139613 0.00209157 0.0
0.0139394 0.00231561 0.0
0.0139287 0.00241062 0.0
0.0139536 0.00248715 0.0
0.0139861 0.00249851 0.0
0.0140558 0.0024984 0.0
0.0141677 0.00245545 0.0
0.0143016 0.0023795 0.0
0.0144454 0.00231192 0.0
0.014607 0.0022456 0.0
0.0147862 0.00217047 0.0
0.0149672 0.00209536 0.0
0.015143 0.00202738 0.0
0.0153216 0.00195918 0.0
0.0155037 0.00189128 0.0
0.0156807 0.00182692 0.0
0.0158512 0.00176554 0.0
0.0160201 0.00170471 0.0
0.0161861 0.00164626 0.0
0.0163455 0.0015905 0.0
0.0164994 0.00153637 0.0
0.0166498 0.00148366 0.0
0.0167952 0.00143332 0.0
0.0169344 0.00138486 0.0
0.017069 0.00133786 0.0
0.0171994 0.00129257 0.0
0.0173244 0.00124923 0.0
0.0174444 0.0012074 0.0
0.0175603 0.00116702 0.0
0.0176718 0.0011283 0.0
0.0177787 0.00109114 0.0
0.0178814 0.00105532 0.0
0.0179804 0.0010209 0.0
0.0180755 0.000987898 0.0
0.0181667 0.000956196 0.0
0.0182545 0.000925698 0.0
0.018339 0.000896443 0.0
0.0184202 0.000868379 0.0
0.0184982 0.000841406 0.0
0.0185734 0.000815492 0.0
0.0186458 0.000790629 0.0
0.0187155 0.000766747 0.0
0.0187826 0.000743786 0.0
0.0188474 0.000721723 0.0
0.0189098 0.000700525 0.0
0.0189701 0.000680131 0.0
0.0190282 0.000660505 0.0
0.0190844 0.00064162 0.0
0.0191387 0.000623437 0.0
0.0191912 0.000605912 0.0
0.019242 0.000589017 0.0
0.0192912 0.000572726 0.0
0.0193388 0.000557001 0.0
0.019385 0.000541813 0.0
0.0194298 0.000527138 0.0
0.0194732 0.000512951 0.0
0.0195154 0.000499223 0.0
0.0195564 0.000485932 0.0
0.0195963 0.000473059 0.0
0.019635 0.000460581 0.0
0.0196728 0.000448479 0.0
0.0197095 0.000436734 0.0
0.0197453 0.000425331 0.0
0.0197801 0.000414253 0.0
0.0198141 0.000403484 0.0
0.0198473 0.000393011 0.0
0.0198796 0.000382823 0.0
0.0199112 0.000372905 0.0
0.0199421 0.000363246 0.0
0.0199723 0.000353838 0.0
0.0200018 0.000344669 0.0
0.0200306 0.000335731 0.0
0.0200589 0.000327016 0.0
0.0200865 0.000318515 0.0
0.0201135 0.000310222 0.0
0.02014 0.000302129 0.0
0.020166 0.000294231 0.0
0.0201914 0.000286522 0.0
0.0202164 0.000278997 0.0
0.0202408 0.00027165 0.0
0.0202648 0.000264477 0.0
0.0202883 0.000257473 0.0
0.0203114 0.000250636 0.0
0.020334 0.00024396 0.0
0.0203563 0.000237442 0.0
0.0203781 0.000231079 0.0
0.0203995 0.000224868 0.0
0.0204206 0.000218806 0.0
0.0204413 0.00021289 0.0
0.0204616 0.000207117 0.0
0.0204816 0.000201484 0.0
0.0205012 0.000195989 0.0
0.0205205 0.00019063 0.0
0.0205394 0.000185403 0.0
0.020558 0.000180306 0.0
0.0205763 0.000175337 0.0
0.0205943 0.000170492 0.0
0.020612 0.00016577 0.0
0.0206293 0.000161167 0.0
0.0206464 0.00015668 0.0
0.0206632 0.000152306 0.0
0.0206796 0.000148042 0.0
0.0206958 0.000143883 0.0
0.0207117 0.000139828 0.0
0.0207273 0.00013587 0.0
0.0207425 0.000132005 0.0
0.0207575 0.000128228 0.0
0.0207722 0.000124535 0.0
0.0207867 0.000120917 0.0
0.0208008 0.000117369 0.0
0.0208146 0.000113882 0.0
0.0208281 0.000110449 0.0
0.0208412 0.000107059 0.0
0.0208541 0.000103702 0.0
0.0208666 0.000100364 0.0
0.0208788 9.70337e-05 0.0
0.0208906 9.36917e-05 0.0
0.0209021 9.0325e-05 0.0
0.0209132 8.69062e-05 0.0
0.0209238 8.34208e-05 0.0
0.0209341 7.98305e-05 0.0
0.0209439 7.61175e-05 0.0
0.0209532 7.22292e-05 0.0
0.0209619 6.81453e-05 0.0
0.0209702 6.37896e-05 0.0
0.0209778 5.91391e-05 0.0
0.0209849 5.40855e-05 0.0
0.0209912 4.86034e-05 0.0
0.0209968 4.25321e-05 0.0
0.0210015 3.58478e-05 0.0
0.0210054 2.83124e-05 0.0
0.0210083 1.99083e-05 0.0
0.0210101 1.02976e-05 0.0
0.0210108 -1.75859e-07 0.0
0.0210105 -5.86775e-06 0.0
0.0 0.0 0.0
0.0 0.0 0.0
0.0193165 2.72858e-05 0.0
0.0193262 6.57944e-05 0.0
0.0193372 0.000110018 0.0
0.0193613 0.000156085 0.0
0.0193967 0.000191837 0.0
0.0194314 0.000229 0.0
0.0194718 0.000269749 0.0
0.0195267 0.00029881 0.0
0.0195826 0.000325848 0.0
0.0196373 0.000359178 0.0
0.0197018 0.000379828 0.0
0.019772 0.000395084 0.0
0.0198394 0.000418066 0.0
0.0199094 0.000433014 0.0
0.0199838 0.000437429 0.0
0.0200589 0.000448506 0.0
0.0201328 0.000457805 0.0
0.020207 0.000456663 0.0
0.020282 0.000456113 0.0
0.0203572 0.000458919 0.0
0.02043 0.000454683 0.0
0.0205009 0.000447121 0.0
0.0205722 0.000442176 0.0
0.0206424 0.000435348 0.0
0.0207085 0.000423942 0.0
0.0207726 0.000413072 0.0
0.0208366 0.000402249 0.0
0.0208975 0.000388569 0.0
0.0209538 0.000373403 0.0
0.0210084 0.000358508 0.0
0.0210616 0.000341917 0.0
0.0211101 0.000323511 0.0
0.0211542 0.000304444 0.0
0.0211965 0.000284264 0.0
0.0212355 0.000262112 0.0
0.0212687 0.00023866 0.0
0.0212978 0.000213751 0.0
0.0213241 0.000186737 0.0
0.0213449 0.000157701 0.0
0.0213591 0.000126591 0.0
0.0213693 9.26805e-05 0.0
0.0213747 5.59697e-05 0.0
0.0213714 1.62399e-05 0.0
0.0213614 -2.75466e-05 0.0
0.0213469 -7.55317e-05 0.0
0.0213227 -0.000127713 0.0
0.0212869 -0.000185923 0.0
0.0212453 -0.000251007 0.0
0.021195 -0.00032219 0.0
0.0211268 -0.000402062 0.0
0.0210467 -0.000493914 0.0
0.0209607 -0.00059584 0.0
0.0208532 -0.000710028 0.0
0.0207189 -0.000845441 0.0
0.0205779 -0.00100119 0.0
0.0204207 -0.00117391 0.0
0.0202175 -0.00138468 0.0
0.019988 -0.00164328 0.0
0.0197592 -0.00193126 0.0
0.019482 -0.00227874 0.0
0.0191348 -0.00276005 0.0
0.0187831 -0.00331836 0.0
0.018456 -0.00394807 0.0
0.0181103 -0.00491381 0.0
0.0177603 -0.006284 0.0
0.0175057 -0.00734147 0.0
0.0177491 -0.00870319 0.0
0.0181936 -0.00907858 0.0
0.017951 -0.00865793 0.0
0.0164124 -0.00696753 0.0
0.0137551 -0.00508733 0.0
0.0106792 -0.00292528 0.0
0.0082435 -0.0026041 0.0
0.0062689 -0.00118808 0.0
0.00442214 -0.000154731 0.0
0.00343282 0.000117936 0.0
0.00300313 0.000287822 0.0
0.002739 0.000300382 0.0
0.00227935 0.000114813 0.0
0.00125056 -8.31638e-05 0.0
0.0 0.0 0.0
0.0 0.0 0.0
0.0 0.0 0.0
0.0 0.0 0.0
0.0 0.0 0.0
0.0 0.0 0.0
0.0 0.0 0.0
0.0 0.0 0.0
0.0 0.0 0.0
0.0 0.0 0.0
0.0 0.0 0.0
0.0 0.0 0.0
0.0 0.0 0.0
0.0 0.0 0.0
0.0 0.0 0.0
0.0 0.0 0.0
0.0 0.0 0.0
0.0 0.0 0.0
0.0 0.0 0.0
0.0 0.0 0.0
0.0 0.0 0.0
0.0 0.0 0.0
0.0 0.0 0.0
0.0 0.0 0.0
0.0 0.0 0.0
0.0 0.0 0.0
0.0 0.0 0.0
0.000453422 0.000554141 0.0
0.00120366 0.000436451 0.0
0.00152382 0.000311769 0.0
0.00167905 0.000293949 0.0
0.00186545 0.000327303 0.0
0.00202971 0.000292792 0.0
0.00212128 0.000270601 0.0
0.00220296 0.000274515 0.0
0.00228858 0.000267835 0.0
0.00234991 0.000250464 0.0
0.00239204 0.000247864 0.0
0.0025188 0.00030452 0.0
0.00287401 0.000612618 0.0
0.0032414 0.00107703 0.0
0.00364277 0.00101476 0.0
0.00422106 0.000689832 0.0
0.0046915 0.000546428 0.0
0.00498134 0.000514572 0.0
0.00520923 0.000444236 0.0
0.00542953 0.000390981 0.0
0.00561231 0.000364549 0.0
0.00575833 0.0003463 0.0
0.00589537 0.000319499 0.0
0.00601973 0.000302104 0.0
0.006129 0.000302224 0.0
0.0062459 0.000290089 0.0
0.00637155 0.000269158 0.0
0.00649698 0.000309963 0.0
0.00666911 0.000413731 0.0
0.00682534 0.000839355 0.0
0.00693678 0.00113126 0.0
0.00705121 0.00125846 0.0
0.00723864 0.000972015 0.0
0.00750958 0.000792771 0.0
0.00775941 0.000667837 0.0
0.00798492 0.000590168 0.0
0.00819853 0.00051856 0.0
0.00838407 0.000460596 0.0
0.0085416 0.000419621 0.0
0.00869087 0.000390942 0.0
0.00883249 0.000365029 0.0
0.00895861 0.00034393 0.0
0.00907445 0.000330916 0.0
0.00919162 0.000321064 0.0
0.00930912 0.000313701 0.0
0.00941927 0.000312778 0.0
0.00953196 0.000315945 0.0
0.00966384 0.000323161 0.0
0.00980482 0.00034049 0.0
0.00994051 0.00037029 0.0
0.0101156 0.000389788 0.0
0.010363 0.000544276 0.0
0.0106596 0.000748755 0.0
0.0109062 0.00106598 0.0
0.0109724 0.00150521 0.0
0.0109318 0.00184237 0.0
0.0109986 0.0020276 0.0
0.0111551 0.00227767 0.0
0.011308 0.00233603 0.0
0.0114428 0.0024148 0.0
0.0115536 0.00242534 0.0
0.0117235 0.00234385 0.0
0.0119657 0.00226311 0.0
0.0122258 0.00218759 0.0
0.0124859 0.00210732 0.0
0.012754 0.00202166 0.0
0.013023 0.00194609 0.0
0.0132886 0.00187655 0.0
0.0135528 0.0018082 0.0
0.0138113 0.00174064 0.0
0.0140598 0.00167905 0.0
0.0143022 0.00162083 0.0
0.0145395 0.00156373 0.0
0.014768 0.00150852 0.0
0.0149874 0.00145701 0.0
0.0152004 0.00140737 0.0
0.0154066 0.00135895 0.0
0.0156043 0.0013126 0.0
0.0157945 0.00126864 0.0
0.0159785 0.00122601 0.0
0.0161554 0.00118475 0.0
0.0163251 0.00114536 0.0
0.0164886 0.00110764 0.0
0.0166461 0.00107109 0.0
0.0167973 0.00103595 0.0
0.0169426 0.00100234 0.0
0.0170825 0.00097002 0.0
0.0172171 0.000938823 0.0
0.0173463 0.000908914 0.0
0.0174706 0.000880245 0.0
0.0175903 0.000852639 0.0
0.0177054 0.000826077 0.0
0.0178162 0.000800616 0.0
0.0179228 0.000776158 0.0
0.0180255 0.000752612 0.0
0.0181244 0.000729985 0.0
0.0182197 0.000708263 0.0
0.0183116 0.000687362 0.0
0.0184002 0.000667239 0.0
0.0184857 0.000647891 0.0
0.0185681 0.000629275 0.0
0.0186478 0.000611335 0.0
0.0187248 0.000594047 0.0
0.0187991 0.000577393 0.0
0.018871 0.00056133 0.0
0.0189406 0.000545822 0.0
0.0190079 0.000530851 0.0
0.0190731 0.000516392 0.0
0.0191363 0.000502412 0.0
0.0191976 0.000488886 0.0
0.0192569 0.000475797 0.0
0.0193146 0.000463122 0.0
0.0193705 0.000450835 0.0
0.0194248 0.00043892 0.0
0.0194776 0.000427362 0.0
0.0195289 0.000416139 0.0
0.0195788 0.000405236 0.0
0.0196274 0.000394638 0.0
0.0196747 0.000384333 0.0
0.0197207 0.000374305 0.0
0.0197656 0.000364543 0.0
0.0198093 0.000355036 0.0
0.0198519 0.000345773 0.0
0.0198935 0.000336743 0.0
0.019934 0.000327938 0.0
0.0199737 0.00031935 0.0
0.0200123 0.000310969 0.0
0.0200501 0.00030279 0.0
0.020087 0.000294806 0.0
0.0201231 0.000287009 0.0
0.0201584 0.000279395 0.0
0.0201929 0.000271958 0.0
0.0202266 0.000264693 0.0
0.0202596 0.000257596 0.0
0.020292 0.000250662 0.0
0.0203236 0.000243887 0.0
0.0203546 0.000237269 0.0
0.020385 0.000230803 0.0
0.0204147 0.000224487 0.0
0.0204439 0.000218317 0.0
0.0204725 0.000212291 0.0
0.0205005 0.000206406 0.0
0.0205279 0.00020066 0.0
0.0205549 0.00019505 0.0
0.0205813 0.000189575 0.0
0.0206072 0.000184232 0.0
0.0206326 0.000179019 0.0
0.0206575 0.000173935 0.0
0.020682 0.000168976 0.0
0.020706 0.000164142 0.0
0.0207295 0.00015943 0.0
0.0207526 0.000154839 0.0
0.0207753 0.000150365 0.0
0.0207976 0.000146008 0.0
0.0208194 0.000141764 0.0
0.0208408 0.000137632 0.0
0.0208619 0.000133609 0.0
0.0208825 0.000129691 0.0
0.0209027 0.000125877 0.0
0.0209226 0.000122163 0.0
0.020942 0.000118545 0.0
0.0209611 0.000115019 0.0
0.0209798 0.000111582 0.0
0.020998 0.000108229 0.0
0.021016 0.000104953 0.0
0.0210335 0.000101751 0.0
0.0210506 9.86131e-05 0.0
0.0210674 9.55347e-05 0.0
0.0210837 9.25054e-05 0.0
0.0210996 8.95182e-05 0.0
0.0211151 8.65594e-05 0.0
0.0211302 8.36201e-05 0.0
0.0211449 8.06828e-05 0.0
0.0211591 7.7737e-05 0.0
0.0211728 7.47576e-05 0.0
0.021186 7.17323e-05 0.0
0.0211988 6.86276e-05 0.0
0.0212109 6.54281e-05 0.0
0.0212225 6.20858e-05 0.0
0.0212335 5.85839e-05 0.0
0.0212438 5.48542e-05 0.0
0.0212534 5.08762e-05 0.0
0.0212623 4.65512e-05 0.0
0.0212703 4.18589e-05 0.0
0.0212774 3.66518e-05 0.0
0.0212835 3.091e-05 0.0
0.0212886 2.44136e-05 0.0
0.0212924 1.71506e-05 0.0
0.021295 8.80031e-06 0.0
0.021296 -3.67095e-07 0.0
0.0212959 -5.37245e-06 0.0
0.0 0.0 0.0
0.0 0.0 0.0
0.0193164 1.85548e-05 0.0
0.0193218 5.82614e-05 0.0
0.0193363 9.40883e-05 0.0
0.0193612 0.000123247 0.0
0.0193892 0.000158499 0.0
0.0194226 0.000195783 0.0
0.0194658 0.000220287 0.0
0.0195129 0.000244184 0.0
0.019562 0.000276445 0.0
0.0196198 0.000298677 0.0
0.0196809 0.000311461 0.0
0.0197416 0.00033287 0.0
0.0198076 0.000351147 0.0
0.0198777 0.000357973 0.0
0.0199459 0.000366974 0.0
0.020016 0.000378612 0.0
0.0200888 0.000381994 0.0
0.0201604 0.000382691 0.0
0.0202316 0.000385632 0.0
0.0203036 0.000386008 0.0
0.020374 0.000382002 0.0
0.0204433 0.000378146 0.0
0.0205124 0.000373947 0.0
0.0205791 0.000367449 0.0
0.0206434 0.000359149 0.0
0.0207073 0.000350634 0.0
0.0207689 0.000341161 0.0
0.0208266 0.000330348 0.0
0.0208827 0.00031832 0.0
0.0209373 0.000305634 0.0
0.0209875 0.000292089 0.0
0.0210341 0.000277457 0.0
0.021079 0.000261473 0.0
0.0211203 0.000244556 0.0
0.0211564 0.000226756 0.0
0.0211892 0.00020751 0.0
0.0212189 0.000186426 0.0
0.021243 0.000164149 0.0
0.0212617 0.000140577 0.0
0.0212765 0.000114514 0.0
0.0212855 8.59324e-05 0.0
0.0212873 5.58214e-05 0.0
0.0212834 2.30645e-05 0.0
0.0212732 -1.40362e-05 0.0
0.0212537 -5.42244e-05 0.0
0.0212256 -9.70805e-05 0.0
0.0211901 -0.000145857 0.0
0.0211431 -0.000201298 0.0
0.0210827 -0.000260561 0.0
0.0210123 -0.000326679 0.0
0.0209286 -0.000404749 0.0
0.0208242 -0.000491877 0.0
0.0207032 -0.000586877 0.0
0.020567 -0.000700202 0.0
0.0204019 -0.000834723 0.0
0.0202049 -0.00098453 0.0
0.0199877 -0.00116012 0.0
0.0197333 -0.00137981 0.0
0.0194218 -0.00164099 0.0
0.0190706 -0.00195279 0.0
0.0186753 -0.00235053 0.0
0.01819 -0.00286318 0.0
0.0176469 -0.00353026 0.0
0.0170299 -0.00443616 0.0
0.0162506 -0.00561038 0.0
0.0156689 -0.00724413 0.0
0.0157437 -0.0091335 0.0
0.0150583 -0.00833847 0.0
0.0126347 -0.00710665 0.0
0.0094242 -0.00404424 0.0
0.00633386 -0.00177136 0.0
0.0039318 -0.00030008 0.0
0.00181634 -0.00032934 0.0
0.0 0.0 0.0
0.0 0.0 0.0
0.0 0.0 0.0
0.0 0.0 0.0
0.0 0.0 0.0
0.0 0.0 0.0
0.0 0.0 0.0
0.0 0.0 0.0
0.0 0.0 0.0
0.0 0.0 0.0
0.0 0.0 0.0
0.0 0.0 0.0
0.0 0.0 0.0
0.0 0.0 0.0
0.0 0.0 0.0
0.0 0.0 0.0
0.0 0.0 0.0
0.0 0.0 0.0
0.0 0.0 0.0
0.0 0.0 0.0
0.0 0.0 0.0
0.0 0.0 0.0
0.0 0.0 0.0
0.0 0.0 0.0
0.0 0.0 0.0
0.0 0.0 0.0
0.0 0.0 0.0
0.0 0.0 0.0
0.0 0.0 0.0
0.0 0.0 0.0
0.0 0.0 0.0
0.0 0.0 0.0
0.0 0.0 0.0
0.0 0.0 0.0
0.0 0.0 0.0
0.0 0.0 0.0
0.0 0.0 0.0
0.0 0.0 0.0
0.0 0.0 0.0
0.0 0.0 0.0
0.0 0.0 0.0
0.0 0.0 0.0
0.0 0.0 0.0
0.0 0.0 0.0
0.0 0.0 0.0
0.0 0.0 0.0
0.0 0.0 0.0
0.000406695 0.000498808 0.0
0.00108265 0.000392751 0.0
0.0013716 0.000279908 0.0
0.00151154 0.000262883 0.0
0.00167934 0.000292861 0.0
0.0018271 0.000262071 0.0
0.00190997 0.000242058 0.0
0.00197996 0.000241512 0.0
0.00205245 0.000240276 0.0
0.00210956 0.000226428 0.0
0.00215172 0.000219519 0.0
0.00219849 0.000222257 0.0
0.00224379 0.000210528 0.0
0.00227463 0.000200957 0.0
0.0022993 0.000200589 0.0
0.00240601 0.000254087 0.0
0.00273003 0.000547352 0.0
0.00307221 0.000979593 0.0
0.0034478 0.000912345 0.0
0.00397995 0.000609049 0.0
0.00440752 0.000474662 0.0
0.00466843 0.000442593 0.0
0.00487094 0.00037636 0.0
0.00506534 0.000328705 0.0
0.00522624 0.000302774 0.0
0.00535172 0.000284793 0.0
0.00546559 0.000260567 0.0
0.00557109 0.000248249 0.0
0.00566345 0.0002391 0.0
0.00574934 0.000230041 0.0
0.00583365 0.000218696 0.0
0.00591388 0.000216596 0.0
0.00599429 0.000214646 0.0
0.00608148 0.000209986 0.0
0.00616993 0.00020508 0.0
0.0062612 0.000220294 0.0
0.00637673 0.000220919 0.0
0.00652158 0.000213531 0.0
0.00668792 0.000281034 0.0
0.00691787 0.000423609 0.0
0.00715784 0.000927188 0.0
0.0074166 0.00138472 0.0
0.00775997 0.00174054 0.0
0.00811582 0.0018304 0.0
0.00837631 0.00203252 0.0
0.00851876 0.00219582 0.0
0.00872711 0.0022174 0.0
0.00908827 0.00217401 0.0
0.00949309 0.00204628 0.0
0.00986753 0.00194702 0.0
0.01024 0.00186365 0.0
0.0106347 0.0017791 0.0
0.0110249 0.00169838 0.0
0.0113894 0.00163301 0.0
0.0117403 0.00156843 0.0
0.0120868 0.00150648 0.0
0.0124201 0.00145123 0.0
0.0127367 0.00140033 0.0
0.0130428 0.00134919 0.0
0.0133395 0.00130152 0.0
0.0136229 0.00125761 0.0
0.0138946 0.0012149 0.0
0.0141572 0.00117305 0.0
0.0144098 0.00113406 0.0
0.0146514 0.0010969 0.0
0.0148839 0.00106051 0.0
0.0151079 0.00102554 0.0
0.0153229 0.000992549 0.0
0.0155291 0.000960619 0.0
0.0157277 0.000929609 0.0
0.0159187 0.00090002 0.0
0.016102 0.000871755 0.0
0.0162782 0.000844342 0.0
0.0164478 0.000817938 0.0
0.0166109 0.000792719 0.0
0.0167676 0.000768459 0.0
0.0169184 0.000745002 0.0
0.0170636 0.000722492 0.0
0.0172033 0.000700914 0.0
0.0173377 0.000680102 0.0
0.0174673 0.000660039 0.0
0.0175921 0.000640784 0.0
0.0177123 0.000622259 0.0
0.0178282 0.000604382 0.0
0.01794 0.000587165 0.0
0.0180479 0.000570604 0.0
0.018152 0.000554627 0.0
0.0182525 0.000539201 0.0
0.0183496 0.000524328 0.0
0.0184434 0.000509978 0.0
0.0185341 0.000496104 0.0
0.0186219 0.00048269 0.0
0.0187068 0.000469727 0.0
0.018789 0.000457181 0.0
0.0188685 0.000445025 0.0
0.0189457 0.000433249 0.0
0.0190204 0.000421835 0.0
0.0190929 0.000410757 0.0
0.0191633 0.000400001 0.0
0.0192315 0.000389554 0.0
0.0192978 0.000379399 0.0
0.0193622 0.00036952 0.0
0.0194248 0.000359906 0.0
0.0194857 0.000350546 0.0
0.0195449 0.000341426 0.0
0.0196025 0.000332536 0.0
0.0196586 0.000323866 0.0
0.0197132 0.000315408 0.0
0.0197663 0.000307151 0.0
0.0198182 0.000299089 0.0
0.0198687 0.000291215 0.0
0.019918 0.000283522 0.0
0.019966 0.000276002 0.0
0.020013 0.000268652 0.0
0.0200587 0.000261465 0.0
0.0201035 0.000254436 0.0
0.0201471 0.000247562 0.0
0.0201898 0.000240838 0.0
0.0202315 0.000234261 0.0
0.0202722 0.000227827 0.0
0.0203121 0.000221533 0.0
0.020351 0.000215376 0.0
0.0203892 0.000209355 0.0
0.0204265 0.000203465 0.0
0.020463 0.000197705 0.0
0.0204987 0.000192074 0.0
0.0205337 0.000186569 0.0
0.0205679 0.000181189 0.0
0.0206015 0.000175931 0.0
0.0206343 0.000170795 0.0
0.0206665 0.00016578 0.0
0.020698 0.000160882 0.0
0.0207289 0.000156103 0.0
0.0207592 0.000151439 0.0
0.0207889 0.000146891 0.0
0.020818 0.000142456 0.0
0.0208465 0.000138134 0.0
0.0208745 0.000133923 0.0
0.0209019 0.000129822 0.0
0.0209288 0.000125829 0.0
0.0209552 0.000121944 0.0
0.020981 0.000118164 0.0
0.0210063 0.000114488 0.0
0.0210312 0.000110914 0.0
0.0210555 0.00010744 0.0
0.0210793 0.000104064 0.0
0.0211027 0.000100784 0.0
0.0211256 9.75959e-05 0.0
0.021148 9.44985e-05 0.0
0.02117 9.14874e-05 0.0
0.0211915 8.85595e-05 0.0
0.0212125 8.571e-05 0.0
0.0212331 8.2935e-05 0.0
0.0212532 8.02283e-05 0.0
0.0212728 7.7585e-05 0.0
0.021292 7.4997e-05 0.0
0.0213106 7.24583e-05 0.0
0.0213288 6.99581e-05 0.0
0.0213465 6.74891e-05 0.0
0.0213637 6.50363e-05 0.0
0.0213803 6.25913e-05 0.0
0.0213964 6.01335e-05 0.0
0.0214119 5.76524e-05 0.0
0.0214268 5.51192e-05 0.0
0.0214411 5.25223e-05 0.0
0.0214548 4.98205e-05 0.0
0.0214677 4.69994e-05 0.0
0.0214799 4.40009e-05 0.0
0.0214912 4.08093e-05 0.0
0.0215017 3.73382e-05 0.0
0.0215112 3.35713e-05 0.0
0.0215198 2.93812e-05 0.0
0.0215271 2.47531e-05 0.0
0.0215332 1.94928e-05 0.0
0.0215379 1.35937e-05 0.0
0.0215411 6.76993e-06 0.0
0.0215425 -7.78168e-07 0.0
0.0215424 -4.91744e-06 0.0
0.0 0.0 0.0
0.0 0.0 0.0
0.0193147 1.56644e-05 0.0
0.0193225 4.64288e-05 0.0
0.0193387 7.4154e-05 0.0
0.0193581 0.00010093 0.0
0.0193824 0.000130167 0.0
0.0194183 0.000154421 0.0
0.0194588 0.000176296 0.0
0.0194998 0.000202685 0.0
0.0195485 0.000222507 0.0
0.0196045 0.000236008 0.0
0.0196604 0.000256342 0.0
0.0197191 0.000273618 0.0
0.0197833 0.000279278 0.0
0.0198491 0.000290186 0.0
0.0199152 0.000303999 0.0
0.0199831 0.000306588 0.0
0.0200524 0.000307637 0.0
0.0201223 0.000315413 0.0
0.0201916 0.000317141 0.0
0.0202601 0.000312772 0.0
0.020329 0.000312598 0.0
0.0203975 0.000312764 0.0
0.0204634 0.000306644 0.0
0.0205278 0.000300575 0.0
0.0205922 0.000296852 0.0
0.0206542 0.000290281 0.0
0.0207127 0.000281062 0.0
0.02077 0.00027322 0.0
0.0208258 0.000264934 0.0
0.0208778 0.000254321 0.0
0.0209263 0.00024318 0.0
0.0209731 0.000232212 0.0
0.0210169 0.000219834 0.0
0.0210559 0.000206256 0.0
0.0210913 0.000192127 0.0
0.021124 0.000176991 0.0
0.0211521 0.000160579 0.0
0.0211743 0.000143042 0.0
0.0211926 0.000123979 0.0
0.0212066 0.000103436 0.0
0.0212134 8.15195e-05 0.0
0.0212135 5.7287e-05 0.0
0.0212088 3.0592e-05 0.0
0.0211965 2.19194e-06 0.0
0.0211736 -2.90385e-05 0.0
0.0211435 -6.46742e-05 0.0
0.0211058 -0.000103188 0.0
0.0210537 -0.000144841 0.0
0.0209879 -0.000193174 0.0
0.0209142 -0.000248005 0.0
0.0208239 -0.00030644 0.0
0.0207082 -0.000374059 0.0
0.0205783 -0.00045482 0.0
0.0204334 -0.000543527 0.0
0.0202489 -0.000642762 0.0
0.0200277 -0.000768033 0.0
0.0197923 -0.000913444 0.0
0.019508 -0.00107556 0.0
0.0191386 -0.0012833 0.0
0.0187289 -0.0015538 0.0
0.0182768 -0.00185615 0.0
0.017653 -0.00226404 0.0
0.0168673 -0.00286066 0.0
0.0160565 -0.00360914 0.0
0.0150398 -0.00455846 0.0
0.0134125 -0.0064202 0.0
0.0113666 -0.00806249 0.0
0.009649 -0.00697861 0.0
0.00664452 -0.00270907 0.0
0.00251551 -0.000751797 0.0
0.0 0.0 0.0
0.0 0.0 0.0
0.0 0.0 0.0
0.0 0.0 0.0
0.0 0.0 0.0
0.0 0.0 0.0
0.0 0.0 0.0
0.0 0.0 0.0
0.0 0.0 0.0
0.0 0.0 0.0
0.0 0.0 0.0
0.0 0.0 0.0
0.0 0.0 0.0
0.0 0.0 0.0
0.0 0.0 0.0
0.0 0.0 0.0
0.0 0.0 0.0
0.0 0.0 0.0
0.0 0.0 0.0
0.0 0.0 0.0
0.0 0.0 0.0
0.0 0.0 0.0
0.0 0.0 0.0
0.0 0.0 0.0
0.0 0.0 0.0
0.0 0.0 0.0
0.0 0.0 0.0
0.0 0.0 0.0
0.0 0.0 0.0
0.0 0.0 0.0
0.0 0.0 0.0
0.0 0.0 0.0
0.0 0.0 0.0
0.0 0.0 0.0
0.0 0.0 0.0
0.0 0.0 0.0
0.0 0.0 0.0
0.0 0.0 0.0
0.0 0.0 0.0
0.0 0.0 0.0
0.0 0.0 0.0
0.0 0.0 0.0
0.0 0.0 0.0
0.0 0.0 0.0
0.0 0.0 0.0
0.0 0.0 0.0
0.0 0.0 0.0
0.0 0.0 0.0
0.0 0.0 0.0
0.0 0.0 0.0
0.0 0.0 0.0
0.0 0.0 0.0
0.0 0.0 0.0
0.0 0.0 0.0
0.0 0.0 0.0
0.0 0.0 0.0
0.0 0.0 0.0
0.0 0.0 0.0
0.0 0.0 0.0
0.0 0.0 0.0
0.0 0.0 0.0
0.0 0.0 0.0
0.0 0.0 0.0
0.0 0.0 0.0
0.0 0.0 0.0
0.0 0.0 0.0
0.0 0.0 0.0
0.000400559 0.00043642 0.0
0.00102538 0.000335881 0.0
0.00129209 0.000232188 0.0
0.00142183 0.000216531 0.0
0.00157501 0.000242538 0.0
0.00170798 0.000213776 0.0
0.00178219 0.000196364 0.0
0.00184442 0.000194632 0.0
0.0019081 0.000193837 0.0
0.00195778 0.000181025 0.0
0.00199553 0.000176395 0.0
0.00203432 0.000173871 0.0
0.00207162 0.000168985 0.0
0.00210257 0.000161081 0.0
0.00213253 0.00015955 0.0
0.00216588 0.000155283 0.0
0.00219836 0.000149265 0.0
0.00222772 0.000143454 0.0
0.00226627 0.000147992 0.0
0.00231135 0.000135893 0.0
0.0023459 0.000126777 0.0
0.0023812 0.00013241 0.0
0.00252876 0.000198921 0.0
0.00293699 0.000530573 0.0
0.00340472 0.00103388 0.0
0.00400175 0.00111554 0.0
0.00479308 0.00133485 0.0
0.00543558 0.00169194 0.0
0.00588584 0.00197873 0.0
0.00633846 0.00181978 0.0
0.00689274 0.00166553 0.0
0.00746617 0.00157133 0.0
0.00802852 0.00149308 0.0
0.00857615 0.00140227 0.0
0.00908087 0.00133401 0.0
0.00954868 0.00127965 0.0
0.0100073 0.00122874 0.0
0.0104498 0.0011778 0.0
0.0108612 0.00113499 0.0
0.011252 0.00109593 0.0
0.0116322 0.00105765 0.0
0.0119948 0.00102095 0.0
0.0123375 0.000987893 0.0
0.0126675 0.00095605 0.0
0.0129861 0.0009249 0.0
0.0132893 0.000895378 0.0
0.0135791 0.000867674 0.0
0.0138589 0.000840625 0.0
0.0141275 0.000814446 0.0
0.014384 0.000789577 0.0
0.0146305 0.000765752 0.0
0.0148681 0.00074254 0.0
0.0150959 0.00072023 0.0
0.0153143 0.000698904 0.0
0.0155245 0.000678312 0.0
0.0157269 0.000658359 0.0
0.015921 0.000639217 0.0
0.0161077 0.000620822 0.0
0.0162875 0.000603031 0.0
0.0164605 0.000585859 0.0
0.0166267 0.000569364 0.0
0.0167869 0.000553456 0.0
0.0169413 0.000538077 0.0
0.0170899 0.000523251 0.0
0.017233 0.00050897 0.0
0.0173711 0.000495167 0.0
0.0175043 0.000481825 0.0
0.0176327 0.000468947 0.0
0.0177566 0.000456506 0.0
0.0178762 0.000444459 0.0
0.0179918 0.000432802 0.0
0.0181034 0.000421523 0.0
0.0182114 0.000410592 0.0
0.0183157 0.000399989 0.0
0.0184167 0.000389706 0.0
0.0185144 0.000379726 0.0
0.018609 0.000370028 0.0
0.0187006 0.000360598 0.0
0.0187894 0.000351428 0.0
0.0188755 0.000342502 0.0
0.0189589 0.000333805 0.0
0.0190399 0.000325328 0.0
0.0191185 0.000317062 0.0
0.0191949 0.000308994 0.0
0.019269 0.000301116 0.0
0.0193411 0.000293419 0.0
0.0194111 0.000285896 0.0
0.0194792 0.000278539 0.0
0.0195455 0.00027134 0.0
0.01961 0.000264295 0.0
0.0196728 0.000257396 0.0
0.0197339 0.000250639 0.0
0.0197935 0.000244019 0.0
0.0198515 0.000237532 0.0
0.0199081 0.000231173 0.0
0.0199633 0.00022494 0.0
0.0200171 0.000218828 0.0
0.0200697 0.000212836 0.0
0.0201209 0.000206959 0.0
0.020171 0.000201197 0.0
0.0202199 0.000195548 0.0
0.0202676 0.000190008 0.0
0.0203142 0.000184577 0.0
0.0203598 0.000179254 0.0
0.0204044 0.000174036 0.0
0.020448 0.000168923 0.0
0.0204906 0.000163915 0.0
0.0205322 0.000159009 0.0
0.020573 0.000154206 0.0
0.0206129 0.000149505 0.0
0.0206519 0.000144905 0.0
0.0206901 0.000140406 0.0
0.0207275 0.000136007 0.0
0.0207641 0.000131709 0.0
0.0208 0.000127509 0.0
0.0208351 0.00012341 0.0
0.0208695 0.000119409 0.0
0.0209032 0.000115507 0.0
0.0209362 0.000111702 0.0
0.0209685 0.000107996 0.0
0.0210002 0.000104387 0.0
0.0210312 0.000100876 0.0
0.0210617 9.74599e-05 0.0
0.0210915 9.41401e-05 0.0
0.0211207 9.09151e-05 0.0
0.0211493 8.77844e-05 0.0
0.0211773 8.47468e-05 0.0
0.0212048 8.18013e-05 0.0
0.0212317 7.89465e-05 0.0
0.021258 7.6181e-05 0.0
0.0212838 7.35031e-05 0.0
0.0213091 7.09109e-05 0.0
0.0213338 6.8402e-05 0.0
0.021358 6.59741e-05 0.0
0.0213816 6.36239e-05 0.0
0.0214047 6.13487e-05 0.0
0.0214273 5.91437e-05 0.0
0.0214494 5.70056e-05 0.0
0.0214709 5.49284e-05 0.0
0.0214918 5.29075e-05 0.0
0.0215123 5.09345e-05 0.0
0.0215321 4.90045e-05 0.0
0.0215514 4.71055e-05 0.0
0.0215701 4.5231e-05 0.0
0.0215881 4.33654e-05 0.0
0.0216056 4.15008e-05 0.0
0.0216223 3.9614e-05 0.0
0.0216384 3.76962e-05 0.0
0.0216538 3.57155e-05 0.0
0.0216683 3.36606e-05 0.0
0.021682 3.14845e-05 0.0
0.0216949 2.91761e-05 0.0
0.0217067 2.66661e-05 0.0
0.0217176 2.39422e-05 0.0
0.0217272 2.09009e-05 0.0
0.0217356 1.75327e-05 0.0
0.0217426 1.36792e-05 0.0
0.0217481 9.33757e-06 0.0
0.0217517 4.27087e-06 0.0
0.0217535 -1.3835e-06 0.0
0.0217535 -4.4974e-06 0.0
0.0 0.0 0.0
0.0 0.0 0.0
0.0193143 1.39774e-05 0.0
0.0193228 3.35787e-05 0.0
0.0193364 5.57e-05 0.0
0.0193551 8.05553e-05 0.0
0.0193823 9.96254e-05 0.0
0.0194146 0.000116634 0.0
0.0194493 0.000138694 0.0
0.0194925 0.000157121 0.0
0.0195416 0.000168891 0.0
0.0195905 0.000184805 0.0
0.0196442 0.00020056 0.0
0.019705 0.000208707 0.0
0.0197653 0.000217628 0.0
0.0198261 0.000228905 0.0
0.0198922 0.000234123 0.0
0.0199594 0.000237697 0.0
0.0200249 0.000243377 0.0
0.0200922 0.000246149 0.0
0.0201608 0.000245934 0.0
0.020228 0.000246867 0.0
0.0202946 0.000246718 0.0
0.0203609 0.000244291 0.0
0.0204257 0.000241586 0.0
0.0204897 0.00023875 0.0
0.0205521 0.000234377 0.0
0.0206118 0.000229432 0.0
0.0206701 0.000224193 0.0
0.0207271 0.000218086 0.0
0.0207804 0.000211263 0.0
0.0208308 0.00020422 0.0
0.0208798 0.000196367 0.0
0.0209257 0.000187742 0.0
0.0209668 0.000178806 0.0
0.0210053 0.000169295 0.0
0.0210413 0.000158673 0.0
0.021072 0.000147426 0.0
0.0210978 0.00013577 0.0
0.0211206 0.000122926 0.0
0.0211384 0.000108701 0.0
0.0211493 9.38693e-05 0.0
0.0211552 7.80802e-05 0.0
0.0211561 6.01154e-05 0.0
0.0211484 4.05893e-05 0.0
0.0211326 2.02454e-05 0.0
0.0211108 -2.52619e-06 0.0
0.0210792 -2.87855e-05 0.0
0.0210345 -5.64275e-05 0.0
0.020981 -8.62768e-05 0.0
0.020917 -0.000121595 0.0
0.0208336 -0.000161332 0.0
0.0207336 -0.000202578 0.0
0.020622 -0.000251093 0.0
0.0204854 -0.000309399 0.0
0.0203152 -0.000372258 0.0
0.0201264 -0.000441299 0.0
0.0199098 -0.00053035 0.0
0.0196326 -0.000632691 0.0
0.0193066 -0.000745078 0.0
0.0189487 -0.000885997 0.0
0.0184916 -0.00107354 0.0
0.0179011 -0.00127969 0.0
0.017238 -0.00155543 0.0
0.0164156 -0.00193716 0.0
0.0151877 -0.00243953 0.0
0.0135808 -0.00305927 0.0
0.011589 -0.00424964 0.0
0.00850196 -0.0048605 0.0
0.00388774 -0.0038151 0.0
0.0 0.0 0.0
0.0 0.0 0.0
0.0 0.0 0.0
0.0 0.0 0.0
0.0 0.0 0.0
0.0 0.0 0.0
0.0 0.0 0.0
0.0 0.0 0.0
0.0 0.0 0.0
0.0 0.0 0.0
0.0 0.0 0.0
0.0 0.0 0.0
0.0 0.0 0.0
0.0 0.0 0.0
0.0 0.0 0.0
0.0 0.0 0.0
0.0 0.0 0.0
0.0 0.0 0.0
0.0 0.0 0.0
0.0 0.0 0.0
0.0 0.0 0.0
0.0 0.0 0.0
0.0 0.0 0.0
0.0 0.0 0.0
0.0 0.0 0.0
0.0 0.0 0.0
0.0 0.0 0.0
0.0 0.0 0.0
0.0 0.0 0.0
0.0 0.0 0.0
0.0 0.0 0.0
0.0 0.0 0.0
0.0 0.0 0.0
0.0 0.0 0.0
0.0 0.0 0.0
0.0 0.0 0.0
0.0 0.0 0.0
0.0 0.0 0.0
0.0 0.0 0.0
0.0 0.0 0.0
0.0 0.0 0.0
0.0 0.0 0.0
0.0 0.0 0.0
0.0 0.0 0.0
0.0 0.0 0.0
0.0 0.0 0.0
0.0 0.0 0.0
0.0 0.0 0.0
0.0 0.0 0.0
0.0 0.0 0.0
0.0 0.0 0.0
0.0 0.0 0.0
0.0 0.0 0.0
0.0 0.0 0.0
0.0 0.0 0.0
0.0 0.0 0.0
0.0 0.0 0.0
0.0 0.0 0.0
0.0 0.0 0.0
0.0 0.0 0.0
0.0 0.0 0.0
0.0 0.0 0.0
0.0 0.0 0.0
0.0 0.0 0.0
0.0 0.0 0.0
0.0 0.0 0.0
0.0 0.0 0.0
0.0 0.0 0.0
0.0 0.0 0.0
0.0 0.0 0.0
0.0 0.0 0.0
0.0 0.0 0.0
0.0 0.0 0.0
0.0 0.0 0.0
0.0 0.0 0.0
0.0 0.0 0.0
0.0 0.0 0.0
0.0 0.0 0.0
0.0 0.0 0.0
0.0 0.0 0.0
0.0 0.0 0.0
0.0 0.0 0.0
0.0 0.0 0.0
0.0 0.0 0.0
0.0 0.0 0.0
0.0 0.0 0.0
0.0 0.0 0.0
0.0 0.0 0.0
0.0 0.0 0.0
0.0 0.0 0.0
0.0 0.0 0.0
0.0 0.0 0.0
0.0 0.0 0.0
0.000492579 0.000362917 0.0
0.0012098 0.000321417 0.0
0.00184395 0.000534507 0.0
0.00248825 0.00113838 0.0
0.00333205 0.00124363 0.0
0.00439441 0.00108704 0.0
0.00529045 0.00098304 0.0
0.00601839 0.000926709 0.0
0.0066986 0.000873163 0.0
0.0073465 0.00082659 0.0
0.00794263 0.000803953 0.0
0.00849537 0.000775852 0.0
0.00901736 0.00074625 0.0
0.00950785 0.000725005 0.0
0.00997074 0.000707505 0.0
0.0104124 0.000685336 0.0
0.010833 0.000665213 0.0
0.0112319 0.000649055 0.0
0.0116127 0.000632198 0.0
0.0119778 0.000613958 0.0
0.0123265 0.000598044 0.0
0.0126595 0.000583357 0.0
0.012979 0.000567812 0.0
0.0132856 0.000552558 0.0
0.013579 0.000538809 0.0
0.0138604 0.000525243 0.0
0.0141308 0.000511452 0.0
0.0143904 0.000498397 0.0
0.0146394 0.000486111 0.0
0.0148787 0.000473837 0.0
0.0151088 0.000461784 0.0
0.0153298 0.000450385 0.0
0.0155423 0.00043936 0.0
0.0157467 0.000428445 0.0
0.0159434 0.000417908 0.0
0.0161326 0.000407828 0.0
0.0163147 0.000397975 0.0
0.0164901 0.00038833 0.0
0.0166591 0.000379046 0.0
0.0168219 0.000370065 0.0
0.0169788 0.000361273 0.0
0.0171301 0.00035272 0.0
0.017276 0.000344453 0.0
0.0174169 0.000336397 0.0
0.0175528 0.00032852 0.0
0.0176841 0.000320862 0.0
0.0178109 0.000313415 0.0
0.0179334 0.000306131 0.0
0.0180519 0.000299009 0.0
0.0181665 0.000292067 0.0
0.0182774 0.00028528 0.0
0.0183847 0.000278627 0.0
0.0184887 0.000272115 0.0
0.0185894 0.000265742 0.0
0.0186869 0.000259488 0.0
0.0187815 0.000253348 0.0
0.0188733 0.000247324 0.0
0.0189623 0.000241408 0.0
0.0190488 0.000235591 0.0
0.0191327 0.000229869 0.0
0.0192142 0.000224243 0.0
0.0192934 0.000218706 0.0
0.0193704 0.000213253 0.0
0.0194453 0.000207883 0.0
0.0195182 0.000202595 0.0
0.0195891 0.000197383 0.0
0.0196581 0.000192247 0.0
0.0197253 0.000187186 0.0
0.0197907 0.000182198 0.0
0.0198545 0.000177281 0.0
0.0199167 0.000172435 0.0
0.0199773 0.00016766 0.0
0.0200365 0.000162954 0.0
0.0200941 0.000158317 0.0
0.0201504 0.000153749 0.0
0.0202054 0.000149251 0.0
0.020259 0.000144821 0.0
0.0203114 0.000140461 0.0
0.0203625 0.000136171 0.0
0.0204125 0.000131952 0.0
0.0204614 0.000127803 0.0
0.0205091 0.000123725 0.0
0.0205558 0.000119719 0.0
0.0206014 0.000115786 0.0
0.0206461 0.000111927 0.0
0.0206897 0.000108141 0.0
0.0207324 0.00010443 0.0
0.0207742 0.000100795 0.0
0.0208151 9.72358e-05 0.0
0.0208551 9.37538e-05 0.0
0.0208943 9.03496e-05 0.0
0.0209327 8.70239e-05 0.0
0.0209702 8.37772e-05 0.0
0.021007 8.06104e-05 0.0
0.021043 7.75238e-05 0.0
0.0210783 7.45181e-05 0.0
0.0211128 7.15938e-05 0.0
0.0211467 6.87512e-05 0.0
0.0211798 6.59907e-05 0.0
0.0212123 6.33125e-05 0.0
0.021244 6.07169e-05 0.0
0.0212752 5.82038e-05 0.0
0.0213057 5.57732e-05 0.0
0.0213355 5.34249e-05 0.0
0.0213648 5.11586e-05 0.0
0.0213934 4.89739e-05 0.0
0.0214214 4.687e-05 0.0
0.0214489 4.48462e-05 0.0
0.0214757 4.29013e-05 0.0
0.021502 4.10341e-05 0.0
0.0215276 3.92427e-05 0.0
0.0215527 3.75258e-05 0.0
0.0215772 3.58805e-05 0.0
0.0216011 3.43046e-05 0.0
0.0216244 3.27945e-05 0.0
0.0216472 3.13474e-05 0.0
0.0216693 2.99576e-05 0.0
0.0216908 2.86219e-05 0.0
0.0217117 2.73326e-05 0.0
0.021732 2.60853e-05 0.0
0.0217516 2.4869e-05 0.0
0.0217705 2.36785e-05 0.0
0.0217887 2.24983e-05 0.0
0.0218061 2.13219e-05 0.0
0.0218228 2.01266e-05 0.0
0.0218386 1.89058e-05 0.0
0.0218535 1.76256e-05 0.0
0.0218675 1.62784e-05 0.0
0.0218804 1.48148e-05 0.0
0.0218922 1.32276e-05 0.0
0.0219027 1.14412e-05 0.0
0.0219119 9.45059e-06 0.0
0.0219196 7.14051e-06 0.0
0.0219256 4.512e-06 0.0
0.0219297 1.389e-06 0.0
0.0219317 -2.1475e-06 0.0
0.0219318 -4.10527e-06 0.0
0.0 0.0 0.0
0.0 0.0 0.0
0.0193176 9.33778e-06 0.0
0.0193239 2.45709e-05 0.0
0.019335 4.11453e-05 0.0
0.0193549 5.64602e-05 0.0
0.0193806 7.00107e-05 0.0
0.0194098 8.61054e-05 0.0
0.0194454 0.000100248 0.0
0.0194877 0.000109301 0.0
0.0195324 0.000122185 0.0
0.0195812 0.000136426 0.0
0.0196353 0.000141709 0.0
0.0196917 0.000148134 0.0
0.0197501 0.000160797 0.0
0.019812 0.000165808 0.0
0.0198752 0.000165864 0.0
0.0199395 0.000173559 0.0
0.0200053 0.00017931 0.0
0.0200714 0.000176986 0.0
0.0201374 0.000178006 0.0
0.020204 0.000182576 0.0
0.0202697 0.000180906 0.0
0.0203342 0.000177543 0.0
0.0203985 0.000178333 0.0
0.0204615 0.000177558 0.0
0.0205221 0.000172926 0.0
0.0205815 0.000169947 0.0
0.0206394 0.000168164 0.0
0.0206945 0.000163888 0.0
0.020747 0.000158733 0.0
0.0207976 0.000154851 0.0
0.0208455 0.000150321 0.0
0.0208896 0.00014445 0.0
0.0209308 0.000138622 0.0
0.0209691 0.000132819 0.0
0.0210034 0.000126235 0.0
0.0210332 0.000119099 0.0
0.0210592 0.000111514 0.0
0.021081 0.000103397 0.0
0.0210972 9.49093e-05 0.0
0.0211077 8.55201e-05 0.0
0.0211132 7.5004e-05 0.0
0.0211125 6.42151e-05 0.0
0.0211035 5.28457e-05 0.0
0.0210873 3.92911e-05 0.0
0.021064 2.47142e-05 0.0
0.0210302 1.02209e-05 0.0
0.0209844 -6.64271e-06 0.0
0.0209294 -2.69918e-05 0.0
0.0208622 -4.69075e-05 0.0
0.020776 -6.8185e-05 0.0
0.0206739 -9.55277e-05 0.0
0.020558 -0.000125749 0.0
0.0204155 -0.000153848 0.0
0.0202413 -0.000190097 0.0
0.0200463 -0.000235679 0.0
0.0198184 -0.00028009 0.0
0.0195309 -0.000326262 0.0
0.0191944 -0.000396223 0.0
0.0188156 -0.000470172 0.0
0.0183343 -0.000542947 0.0
0.0177202 -0.000637501 0.0
0.0170022 -0.000776804 0.0
0.0160933 -0.000890076 0.0
0.0148382 -0.00105089 0.0
0.0132054 -0.00119034 0.0
0.0108205 -0.00124685 0.0
0.00705502 -0.000764986 0.0
0.00292442 0.000442802 0.0
0.0 0.0 0.0
0.0 0.0 0.0
0.0 0.0 0.0
0.0 0.0 0.0
0.0 0.0 0.0
0.0 0.0 0.0
0.0 0.0 0.0
0.0 0.0 0.0
0.0 0.0 0.0
0.0 0.0 0.0
0.0 0.0 0.0
0.0 0.0 0.0
0.0 0.0 0.0
0.0 0.0 0.0
0.0 0.0 0.0
0.0 0.0 0.0
0.0 0.0 0.0
0.0 0.0 0.0
0.0 0.0 0.0
0.0 0.0 0.0
0.0 0.0 0.0
0.0 0.0 0.0
0.0 0.0 0.0
0.0 0.0 0.0
0.0 0.0 0.0
0.0 0.0 0.0
0.0 0.0 0.0
0.0 0.0 0.0
0.0 0.0 0.0
0.0 0.0 0.0
0.0 0.0 0.0
0.0 0.0 0.0
0.0 0.0 0.0
0.0 0.0 0.0
0.0 0.0 0.0
0.0 0.0 0.0
0.0 0.0 0.0
0.0 0.0 0.0
0.0 0.0 0.0
0.0 0.0 0.0
0.0 0.0 0.0
0.0 0.0 0.0
0.0 0.0 0.0
0.0 0.0 0.0
0.0 0.0 0.0
0.0 0.0 0.0
0.0 0.0 0.0
0.0 0.0 0.0
0.0 0.0 0.0
0.0 0.0 0.0
0.0 0.0 0.0
0.0 0.0 0.0
0.0 0.0 0.0
0.0 0.0 0.0
0.0 0.0 0.0
0.0 0.0 0.0
0.0 0.0 0.0
0.0 0.0 0.0
0.0 0.0 0.0
0.0 0.0 0.0
0.0 0.0 0.0
0.0 0.0 0.0
0.0 0.0 0.0
0.0 0.0 0.0
0.0 0.0 0.0
0.0 0.0 0.0
0.0 0.0 0.0
0.0 0.0 0.0
0.0 0.0 0.0
0.0 0.0 0.0
0.0 0.0 0.0
0.0 0.0 0.0
0.0 0.0 0.0
0.0 0.0 0.0
0.0 0.0 0.0
0.0 0.0 0.0
0.0 0.0 0.0
0.0 0.0 0.0
0.0 0.0 0.0
0.0 0.0 0.0
0.0 0.0 0.0
0.0 0.0 0.0
0.0 0.0 0.0
0.0 0.0 0.0
0.0 0.0 0.0
0.0 0.0 0.0
0.0 0.0 0.0
0.0 0.0 0.0
0.0 0.0 0.0
0.0 0.0 0.0
0.0 0.0 0.0
0.0 0.0 0.0
0.0 0.0 0.0
0.0 0.0 0.0
0.0 0.0 0.0
0.0 0.0 0.0
0.000971045 1.85533e-05 0.0
0.00245388 4.20651e-05 0.0
0.00350037 7.88091e-05 0.0
0.00438548 0.000127754 0.0
0.00527368 0.00014729 0.0
0.00606565 0.000170903 0.0
0.00672753 0.000193768 0.0
0.00734707 0.000208249 0.0
0.0079462 0.000216472 0.0
0.00849561 0.000227122 0.0
0.00900477 0.000235099 0.0
0.00949667 0.00023891 0.0
0.00996398 0.000242084 0.0
0.0104008 0.000245852 0.0
0.0108186 0.000247442 0.0
0.0112219 0.000247641 0.0
0.0116043 0.000248137 0.0
0.0119677 0.000248347 0.0
0.012318 0.000247339 0.0
0.0126544 0.000246083 0.0
0.0129747 0.000244994 0.0
0.0132819 0.000243458 0.0
0.013578 0.000241411 0.0
0.0138617 0.000239425 0.0
0.0141332 0.000237415 0.0
0.0143946 0.000235083 0.0
0.0146462 0.000232605 0.0
0.0148874 0.000230196 0.0
0.0151192 0.000227691 0.0
0.0153425 0.000225021 0.0
0.0155574 0.00022234 0.0
0.0157638 0.000219678 0.0
0.0159625 0.000216926 0.0
0.0161541 0.000214113 0.0
0.0163386 0.000211313 0.0
0.0165161 0.000208497 0.0
0.0166874 0.000205623 0.0
0.0168526 0.000202731 0.0
0.0170118 0.000199843 0.0
0.0171654 0.000196926 0.0
0.0173138 0.000193976 0.0
0.017457 0.00019102 0.0
0.0175953 0.000188052 0.0
0.017729 0.000185057 0.0
0.0178582 0.000182042 0.0
0.0179832 0.000179018 0.0
0.018104 0.000175975 0.0
0.018221 0.000172909 0.0
0.0183343 0.000169828 0.0
0.018444 0.000166734 0.0
0.0185503 0.00016362 0.0
0.0186533 0.000160488 0.0
0.0187533 0.000157344 0.0
0.0188502 0.000154185 0.0
0.0189442 0.000151011 0.0
0.0190356 0.000147824 0.0
0.0191243 0.000144627 0.0
0.0192104 0.000141419 0.0
0.0192942 0.000138201 0.0
0.0193756 0.000134977 0.0
0.0194548 0.000131748 0.0
0.0195318 0.000128515 0.0
0.0196068 0.00012528 0.0
0.0196797 0.000122046 0.0
0.0197508 0.000118814 0.0
0.0198201 0.000115586 0.0
0.0198875 0.000112366 0.0
0.0199533 0.000109154 0.0
0.0200174 0.000105954 0.0
0.02008 0.000102767 0.0
0.020141 9.95972e-05 0.0
0.0202005 9.64456e-05 0.0
0.0202586 9.33147e-05 0.0
0.0203153 9.02073e-05 0.0
0.0203707 8.71257e-05 0.0
0.0204248 8.40723e-05 0.0
0.0204777 8.10494e-05 0.0
0.0205293 7.80595e-05 0.0
0.0205798 7.51047e-05 0.0
0.0206291 7.21875e-05 0.0
0.0206773 6.931e-05 0.0
0.0207245 6.64745e-05 0.0
0.0207706 6.36832e-05 0.0
0.0208157 6.0938e-05 0.0
0.0208599 5.82411e-05 0.0
0.0209031 5.55945e-05 0.0
0.0209453 5.3e-05 0.0
0.0209867 5.04596e-05 0.0
0.0210272 4.7975e-05 0.0
0.0210668 4.55481e-05 0.0
0.0211056 4.31804e-05 0.0
0.0211436 4.08735e-05 0.0
0.0211808 3.86289e-05 0.0
0.0212173 3.64482e-05 0.0
0.0212529 3.43326e-05 0.0
0.0212879 3.22835e-05 0.0
0.0213221 3.03019e-05 0.0
0.0213556 2.83891e-05 0.0
0.0213884 2.6546e-05 0.0
0.0214205 2.47736e-05 0.0
0.0214519 2.30725e-05 0.0
0.0214827 2.14436e-05 0.0
0.0215129 1.98874e-05 0.0
0.0215424 1.84043e-05 0.0
0.0215712 1.69947e-05 0.0
0.0215995 1.56586e-05 0.0
0.0216271 1.43962e-05 0.0
0.0216541 1.3207e-05 0.0
0.0216804 1.2091e-05 0.0
0.0217062 1.10472e-05 0.0
0.0217313 1.00751e-05 0.0
0.0217559 9.17297e-06 0.0
0.0217797 8.34023e-06 0.0
0.021803 7.57422e-06 0.0
0.0218256 6.87327e-06 0.0
0.0218476 6.23391e-06 0.0
0.0218689 5.65443e-06 0.0
0.0218895 5.12873e-06 0.0
0.0219093 4.6544e-06 0.0
0.0219285 4.22358e-06 0.0
0.0219468 3.83309e-06 0.0
0.0219643 3.4701e-06 0.0
0.0219809 3.13172e-06 0.0
0.0219967 2.79951e-06 0.0
0.0220114 2.46963e-06 0.0
0.022025 2.11383e-06 0.0
0.0220374 1.7298e-06 0.0
0.0220486 1.27393e-06 0.0
0.0220583 7.45388e-07 0.0
0.0220665 7.66493e-08 0.0
0.0220728 -7.27628e-07 0.0
0.0220772 -1.77242e-06 0.0
0.0220793 -3.02726e-06 0.0
0.0220795 -3.73259e-06 0.0
0.0 0.0 0.0
0.0 0.0 0.0
0.0193171 4.81502e-06 0.0
0.0193223 1.60675e-05 0.0
0.0193353 2.54456e-05 0.0
0.019355 3.34973e-05 0.0
0.0193779 4.3991e-05 0.0
0.0194074 5.33093e-05 0.0
0.0194443 5.98271e-05 0.0
0.0194836 6.8601e-05 0.0
0.0195262 7.70814e-05 0.0
0.0195766 8.15476e-05 0.0
0.0196296 8.77689e-05 0.0
0.0196826 9.53879e-05 0.0
0.0197409 9.80645e-05 0.0
0.0198033 0.000101106 0.0
0.0198643 0.000107219 0.0
0.0199268 0.000109392 0.0
0.0199927 0.000109505 0.0
0.0200582 0.000113166 0.0
0.0201227 0.000115305 0.0
0.0201882 0.000114112 0.0
0.0202535 0.00011482 0.0
0.0203176 0.000116446 0.0
0.0203808 0.000115206 0.0
0.0204427 0.000113872 0.0
0.0205031 0.000114091 0.0
0.0205624 0.000113139 0.0
0.0206191 0.000110937 0.0
0.0206732 0.00010969 0.0
0.020726 0.000108494 0.0
0.0207764 0.000106179 0.0
0.0208227 0.000103884 0.0
0.0208664 0.000102056 0.0
0.0209082 9.96316e-05 0.0
0.0209456 9.67494e-05 0.0
0.0209784 9.41631e-05 0.0
0.0210086 9.14186e-05 0.0
0.0210349 8.80729e-05 0.0
0.021055 8.47031e-05 0.0
0.0210704 8.14477e-05 0.0
0.0210821 7.75759e-05 0.0
0.0210867 7.33227e-05 0.0
0.0210837 6.92752e-05 0.0
0.0210757 6.48995e-05 0.0
0.0210603 5.95396e-05 0.0
0.0210337 5.43694e-05 0.0
0.0209987 4.93265e-05 0.0
0.0209563 4.30857e-05 0.0
0.0208988 3.6051e-05 0.0
0.0208258 3.03306e-05 0.0
0.0207438 2.34502e-05 0.0
0.0206449 1.46778e-05 0.0
0.0205177 7.17843e-06 0.0
0.020373 1.59937e-06 0.0
0.0202122 -8.7676e-06 0.0
0.0200082 -1.7493e-05 0.0
0.0197596 -2.04076e-05 0.0
0.0194913 -2.53425e-05 0.0
0.0191697 -3.67476e-05 0.0
0.0187458 -2.47432e-05 0.0
0.0182591 -8.55564e-06 0.0
0.0177169 -3.47424e-06 0.0
0.0169836 4.44408e-05 0.0
0.0160057 0.000204458 0.0
0.0148666 0.000312775 0.0
0.0134113 0.000572694 0.0
0.0113086 0.00158741 0.0
0.00859771 0.00286932 0.0
0.00594674 0.00344341 0.0
0.00285932 0.00150518 0.0
0.0 0.0 0.0
0.0 0.0 0.0
0.0 0.0 0.0
0.0 0.0 0.0
0.0 0.0 0.0
0.0 0.0 0.0
0.0 0.0 0.0
0.0 0.0 0.0
0.0 0.0 0.0
0.0 0.0 0.0
0.0 0.0 0.0
0.0 0.0 0.0
0.0 0.0 0.0
0.0 0.0 0.0
0.0 0.0 0.0
0.0 0.0 0.0
0.0 0.0 0.0
0.0 0.0 0.0
0.0 0.0 0.0
0.0 0.0 0.0
0.0 0.0 0.0
0.0 0.0 0.0
0.0 0.0 0.0
0.0 0.0 0.0
0.0 0.0 0.0
0.0 0.0 0.0
0.0 0.0 0.0
0.0 0.0 0.0
0.0 0.0 0.0
0.0 0.0 0.0
0.0 0.0 0.0
0.0 0.0 0.0
0.0 0.0 0.0
0.0 0.0 0.0
0.0 0.0 0.0
0.0 0.0 0.0
0.0 0.0 0.0
0.0 0.0 0.0
0.0 0.0 0.0
0.0 0.0 0.0
0.0 0.0 0.0
0.0 0.0 0.0
0.0 0.0 0.0
0.0 0.0 0.0
0.0 0.0 0.0
0.0 0.0 0.0
0.0 0.0 0.0
0.0 0.0 0.0
0.0 0.0 0.0
0.0 0.0 0.0
0.0 0.0 0.0
0.0 0.0 0.0
0.0 0.0 0.0
0.0 0.0 0.0
0.0 0.0 0.0
0.0 0.0 0.0
0.0 0.0 0.0
0.0 0.0 0.0
0.0 0.0 0.0
0.0 0.0 0.0
0.0 0.0 0.0
0.0 0.0 0.0
0.0 0.0 0.0
0.0 0.0 0.0
0.0 0.0 0.0
0.0 0.0 0.0
0.0 0.0 0.0
0.0 0.0 0.0
0.0 0.0 0.0
0.0 0.0 0.0
0.0 0.0 0.0
0.0 0.0 0.0
0.0 0.0 0.0
0.0 0.0 0.0
0.0 0.0 0.0
0.0 0.0 0.0
0.0 0.0 0.0
0.0 0.0 0.0
0.0 0.0 0.0
0.0 0.0 0.0
0.0 0.0 0.0
0.0 0.0 0.0
0.0 0.0 0.0
0.0 0.0 0.0
0.0 0.0 0.0
0.0 0.0 0.0
0.0 0.0 0.0
0.0 0.0 0.0
0.0 0.0 0.0
0.0 0.0 0.0
0.000282979 -0.00027585 0.0
0.000728839 -0.000218794 0.0
0.000951159 -0.000148475 0.0
0.00114038 -0.000191733 0.0
0.0015828 -0.000480424 0.0
0.00214688 -0.00102817 0.0
0.00285846 -0.00109861 0.0
0.00381858 -0.000905717 0.0
0.00470802 -0.000733029 0.0
0.00543882 -0.0006261 0.0
0.0061029 -0.000528117 0.0
0.00675769 -0.000450156 0.0
0.00737853 -0.000398154 0.0
0.00794449 -0.000347776 0.0
0.00847788 -0.000301077 0.0
0.00899098 -0.000267378 0.0
0.00947605 -0.000238991 0.0
0.00993344 -0.00020931 0.0
0.0103725 -0.000184206 0.0
0.0107931 -0.000164676 0.0
0.0111925 -0.000145433 0.0
0.0115742 -0.000126553 0.0
0.0119416 -0.000111082 0.0
0.0122932 -9.74662e-05 0.0
0.0126291 -8.36575e-05 0.0
0.0129519 -7.10126e-05 0.0
0.0132623 -6.02959e-05 0.0
0.0135596 -5.00793e-05 0.0
0.0138449 -4.00601e-05 0.0
0.0141195 -3.11759e-05 0.0
0.0143834 -2.32265e-05 0.0
0.0146367 -1.54831e-05 0.0
0.0148803 -8.20264e-06 0.0
0.0151149 -1.74103e-06 0.0
0.0153404 4.26802e-06 0.0
0.0155574 1.00406e-05 0.0
0.0157663 1.5311e-05 0.0
0.0159676 2.00558e-05 0.0
0.0161614 2.45219e-05 0.0
0.016348 2.86977e-05 0.0
0.0165281 3.24485e-05 0.0
0.0167016 3.58587e-05 0.0
0.0168689 3.90342e-05 0.0
0.0170304 4.19143e-05 0.0
0.0171863 4.44689e-05 0.0
0.0173368 4.67775e-05 0.0
0.0174821 4.88641e-05 0.0
0.0176226 5.06876e-05 0.0
0.0177583 5.22653e-05 0.0
0.0178896 5.36433e-05 0.0
0.0180166 5.48159e-05 0.0
0.0181394 5.5771e-05 0.0
0.0182584 5.65349e-05 0.0
0.0183736 5.71269e-05 0.0
0.0184852 5.75397e-05 0.0
0.0185934 5.77783e-05 0.0
0.0186983 5.7863e-05 0.0
0.0188 5.78002e-05 0.0
0.0188988 5.75888e-05 0.0
0.0189946 5.72396e-05 0.0
0.0190877 5.67652e-05 0.0
0.0191781 5.61683e-05 0.0
0.0192659 5.54534e-05 0.0
0.0193513 5.46308e-05 0.0
0.0194344 5.3708e-05 0.0
0.0195151 5.26884e-05 0.0
0.0195938 5.15787e-05 0.0
0.0196703 5.03871e-05 0.0
0.0197448 4.91188e-05 0.0
0.0198174 4.77785e-05 0.0
0.0198881 4.6373e-05 0.0
0.019957 4.49086e-05 0.0
0.0200242 4.33898e-05 0.0
0.0200897 4.18219e-05 0.0
0.0201536 4.02109e-05 0.0
0.0202159 3.85618e-05 0.0
0.0202768 3.68792e-05 0.0
0.0203362 3.5168e-05 0.0
0.0203942 3.34335e-05 0.0
0.0204508 3.16798e-05 0.0
0.0205061 2.99115e-05 0.0
0.0205602 2.8133e-05 0.0
0.020613 2.63486e-05 0.0
0.0206646 2.45622e-05 0.0
0.0207151 2.27779e-05 0.0
0.0207644 2.09995e-05 0.0
0.0208126 1.92309e-05 0.0
0.0208598 1.74755e-05 0.0
0.020906 1.57368e-05 0.0
0.0209511 1.40183e-05 0.0
0.0209953 1.23231e-05 0.0
0.0210386 1.06544e-05 0.0
0.0210809 9.01533e-06 0.0
0.0211223 7.40871e-06 0.0
0.0211628 5.83736e-06 0.0
0.0212025 4.304e-06 0.0
0.0212414 2.81127e-06 0.0
0.0212794 1.36166e-06 0.0
0.0213167 -4.24103e-08 0.0
0.0213532 -1.39861e-06 0.0
0.0213889 -2.70469e-06 0.0
0.0214239 -3.95854e-06 0.0
0.0214581 -5.15808e-06 0.0
0.0214917 -6.30136e-06 0.0
0.0215245 -7.38647e-06 0.0
0.0215566 -8.41163e-06 0.0
0.0215881 -9.3751e-06 0.0
0.0216189 -1.02753e-05 0.0
0.0216491 -1.11106e-05 0.0
0.0216786 -1.18795e-05 0.0
0.0217074 -1.25807e-05 0.0
0.0217356 -1.32128e-05 0.0
0.0217632 -1.37746e-05 0.0
0.0217901 -1.4265e-05 0.0
0.0218165 -1.46829e-05 0.0
0.0218421 -1.50273e-05 0.0
0.0218672 -1.52973e-05 0.0
0.0218916 -1.54922e-05 0.0
0.0219153 -1.56113e-05 0.0
0.0219384 -1.56538e-05 0.0
0.0219608 -1.56196e-05 0.0
0.0219826 -1.55083e-05 0.0
0.0220036 -1.53196e-05 0.0
0.0220239 -1.50532e-05 0.0
0.0220434 -1.47102e-05 0.0
0.0220622 -1.42898e-05 0.0
0.0220801 -1.37937e-05 0.0
0.022097 -1.32216e-05 0.0
0.0221131 -1.25768e-05 0.0
0.0221281 -1.1858e-05 0.0
0.0221421 -1.10711e-05 0.0
0.0221548 -1.02144e-05 0.0
0.0221662 -9.29744e-06 0.0
0.0221761 -8.31659e-06 0.0
0.0221845 -7.28855e-06 0.0
0.022191 -6.20603e-06 0.0
0.0221955 -5.09668e-06 0.0
0.0221977 -3.97443e-06 0.0
0.0221979 -3.36972e-06 0.0
0.0 0.0 0.0
0.0 0.0 0.0
0.0193158 1.87896e-06 0.0
0.0193232 6.24868e-06 0.0
0.0193358 9.49209e-06 0.0
0.0193532 1.30608e-05 0.0
0.0193776 1.77059e-05 0.0
0.0194079 2.00006e-05 0.0
0.0194414 2.25173e-05 0.0
0.0194809 2.8103e-05 0.0
0.0195261 3.03794e-05 0.0
0.0195733 3.02994e-05 0.0
0.019624 3.55262e-05 0.0
0.0196803 3.9636e-05 0.0
0.0197379 3.77503e-05 0.0
0.0197964 4.0202e-05 0.0
0.0198587 4.587e-05 0.0
0.0199227 4.49722e-05 0.0
0.0199859 4.40815e-05 0.0
0.0200505 4.88981e-05 0.0
0.0201162 5.0495e-05 0.0
0.020181 4.84057e-05 0.0
0.0202453 5.04646e-05 0.0
0.0203094 5.35196e-05 0.0
0.0203723 5.25923e-05 0.0
0.020434 5.24066e-05 0.0
0.0204944 5.48893e-05 0.0
0.0205527 5.56945e-05 0.0
0.0206092 5.50838e-05 0.0
0.0206641 5.621e-05 0.0
0.0207161 5.77224e-05 0.0
0.0207654 5.79299e-05 0.0
0.0208124 5.83682e-05 0.0
0.0208567 5.96455e-05 0.0
0.020897 6.06314e-05 0.0
0.0209341 6.13612e-05 0.0
0.0209681 6.24235e-05 0.0
0.0209978 6.36511e-05 0.0
0.0210229 6.50457e-05 0.0
0.0210437 6.65274e-05 0.0
0.0210599 6.7923e-05 0.0
0.0210704 6.97627e-05 0.0
0.0210747 7.23056e-05 0.0
0.021073 7.44474e-05 0.0
0.0210647 7.6685e-05 0.0
0.0210483 8.04196e-05 0.0
0.021023 8.46217e-05 0.0
0.0209889 8.78083e-05 0.0
0.020945 9.28833e-05 0.0
0.0208883 0.000100383 0.0
0.0208183 0.000107074 0.0
0.0207352 0.000113836 0.0
0.0206349 0.000126422 0.0
0.0205133 0.00014067 0.0
0.0203718 0.000153752 0.0
0.0202067 0.000172745 0.0
0.020008 0.000203065 0.0
0.0197741 0.000233067 0.0
0.0195043 0.000270183 0.0
0.0191806 0.000327088 0.0
0.018792 0.000406838 0.0
0.0183394 0.000498457 0.0
0.0177851 0.000634118 0.0
0.0170958 0.000831698 0.0
0.0163032 0.00113862 0.0
0.015329 0.00157548 0.0
0.0139628 0.00223491 0.0
0.0124103 0.00348586 0.0
0.0109917 0.00498002 0.0
0.0093526 0.0056018 0.0
0.00710898 0.00496797 0.0
0.00335252 0.00185596 0.0
0.0 0.0 0.0
0.0 0.0 0.0
0.0 0.0 0.0
0.0 0.0 0.0
0.0 0.0 0.0
0.0 0.0 0.0
0.0 0.0 0.0
0.0 0.0 0.0
0.0 0.0 0.0
0.0 0.0 0.0
0.0 0.0 0.0
0.0 0.0 0.0
0.0 0.0 0.0
0.0 0.0 0.0
0.0 0.0 0.0
0.0 0.0 0.0
0.0 0.0 0.0
0.0 0.0 0.0
0.0 0.0 0.0
0.0 0.0 0.0
0.0 0.0 0.0
0.0 0.0 0.0
0.0 0.0 0.0
0.0 0.0 0.0
0.0 0.0 0.0
0.0 0.0 0.0
0.0 0.0 0.0
0.0 0.0 0.0
0.0 0.0 0.0
0.0 0.0 0.0
0.0 0.0 0.0
0.0 0.0 0.0
0.0 0.0 0.0
0.0 0.0 0.0
0.0 0.0 0.0
0.0 0.0 0.0
0.0 0.0 0.0
0.0 0.0 0.0
0.0 0.0 0.0
0.0 0.0 0.0
0.0 0.0 0.0
0.0 0.0 0.0
0.0 0.0 0.0
0.0 0.0 0.0
0.0 0.0 0.0
0.0 0.0 0.0
0.0 0.0 0.0
0.0 0.0 0.0
0.0 0.0 0.0
0.0 0.0 0.0
0.0 0.0 0.0
0.0 0.0 0.0
0.0 0.0 0.0
0.0 0.0 0.0
0.0 0.0 0.0
0.0 0.0 0.0
0.0 0.0 0.0
0.0 0.0 0.0
0.0 0.0 0.0
0.0 0.0 0.0
0.0 0.0 0.0
0.0 0.0 0.0
0.0 0.0 0.0
0.0 0.0 0.0
0.0 0.0 0.0
0.0 0.0 0.0
0.0 0.0 0.0
0.0 0.0 0.0
0.0 0.0 0.0
0.0 0.0 0.0
0.0 0.0 0.0
0.0 0.0 0.0
0.0 0.0 0.0
0.0 0.0 0.0
0.0 0.0 0.0
0.0 0.0 0.0
0.0 0.0 0.0
0.0 0.0 0.0
0.0 0.0 0.0
0.0 0.0 0.0
0.0 0.0 0.0
0.0 0.0 0.0
0.0 0.0 0.0
0.0 0.0 0.0
0.000304406 -0.00027896 0.0
0.000762945 -0.000217381 0.0
0.000992637 -0.00015389 0.0
0.0011909 -0.00018653 0.0
0.00156673 -0.000417383 0.0
0.00197134 -0.000716381 0.0
0.00238273 -0.000692585 0.0
0.00292657 -0.000549189 0.0
0.00348902 -0.000602757 0.0
0.00397336 -0.00103869 0.0
0.00439387 -0.00145647 0.0
0.00477633 -0.00174605 0.0
0.00519688 -0.0015749 0.0
0.00571621 -0.00140418 0.0
0.00627843 -0.00126928 0.0
0.00686361 -0.00115565 0.0
0.00743927 -0.00104605 0.0
0.00796981 -0.000952963 0.0
0.00847216 -0.000875187 0.0
0.0089713 -0.000810871 0.0
0.00945088 -0.00075006 0.0
0.00989908 -0.000694909 0.0
0.0103299 -0.000647738 0.0
0.0107493 -0.000605729 0.0
0.0111485 -0.000565139 0.0
0.0115281 -0.000528216 0.0
0.0118952 -0.000495528 0.0
0.0122491 -0.000464757 0.0
0.0125863 -0.000435207 0.0
0.0129099 -0.000408325 0.0
0.0132227 -0.000383608 0.0
0.0135228 -0.000359864 0.0
0.0138102 -0.000337398 0.0
0.014087 -0.000316756 0.0
0.0143538 -0.000297286 0.0
0.0146099 -0.000278615 0.0
0.0148559 -0.00026112 0.0
0.0150931 -0.000244827 0.0
0.0153215 -0.000229309 0.0
0.0155409 -0.00021456 0.0
0.0157523 -0.000200776 0.0
0.0159562 -0.000187813 0.0
0.0161524 -0.000175479 0.0
0.0163414 -0.000163857 0.0
0.0165238 -0.000152984 0.0
0.0166996 -0.000142723 0.0
0.0168691 -0.000133019 0.0
0.0170327 -0.000123931 0.0
0.0171906 -0.000115421 0.0
0.0173431 -0.000107408 0.0
0.0174904 -9.98897e-05 0.0
0.0176327 -9.28788e-05 0.0
0.0177702 -8.63267e-05 0.0
0.0179032 -8.01949e-05 0.0
0.0180318 -7.44879e-05 0.0
0.0181563 -6.91927e-05 0.0
0.0182769 -6.42711e-05 0.0
0.0183936 -5.9707e-05 0.0
0.0185066 -5.54973e-05 0.0
0.0186162 -5.16205e-05 0.0
0.0187225 -4.80523e-05 0.0
0.0188256 -4.47835e-05 0.0
0.0189256 -4.18042e-05 0.0
0.0190227 -3.90941e-05 0.0
0.0191169 -3.66382e-05 0.0
0.0192085 -3.44279e-05 0.0
0.0192975 -3.24502e-05 0.0
0.019384 -3.06895e-05 0.0
0.0194681 -2.91349e-05 0.0
0.0195499 -2.77771e-05 0.0
0.0196295 -2.66035e-05 0.0
0.0197071 -2.56023e-05 0.0
0.0197825 -2.47643e-05 0.0
0.0198561 -2.40802e-05 0.0
0.0199277 -2.35389e-05 0.0
0.0199975 -2.31312e-05 0.0
0.0200656 -2.28489e-05 0.0
0.0201319 -2.26829e-05 0.0
0.0201967 -2.26244e-05 0.0
0.0202598 -2.26656e-05 0.0
0.0203215 -2.27988e-05 0.0
0.0203817 -2.30163e-05 0.0
0.0204404 -2.33106e-05 0.0
0.0204978 -2.36749e-05 0.0
0.0205539 -2.41026e-05 0.0
0.0206087 -2.45867e-05 0.0
0.0206622 -2.51212e-05 0.0
0.0207145 -2.57001e-05 0.0
0.0207656 -2.63174e-05 0.0
0.0208156 -2.69674e-05 0.0
0.0208645 -2.76449e-05 0.0
0.0209124 -2.83446e-05 0.0
0.0209592 -2.90615e-05 0.0
0.0210049 -2.97906e-05 0.0
0.0210497 -3.05275e-05 0.0
0.0210936 -3.12675e-05 0.0
0.0211365 -3.20063e-05 0.0
0.0211784 -3.27398e-05 0.0
0.0212196 -3.3464e-05 0.0
0.0212598 -3.4175e-05 0.0
0.0212992 -3.4869e-05 0.0
0.0213378 -3.55424e-05 0.0
0.0213756 -3.61917e-05 0.0
0.0214125 -3.68136e-05 0.0
0.0214488 -3.74048e-05 0.0
0.0214842 -3.79621e-05 0.0
0.021519 -3.84824e-05 0.0
0.021553 -3.89628e-05 0.0
0.0215863 -3.94003e-05 0.0
0.0216189 -3.9792e-05 0.0
0.0216509 -4.01353e-05 0.0
0.0216821 -4.04273e-05 0.0
0.0217127 -4.06654e-05 0.0
0.0217427 -4.08468e-05 0.0
0.021772 -4.0969e-05 0.0
0.0218006 -4.10293e-05 0.0
0.0218286 -4.10252e-05 0.0
0.021856 -4.09538e-05 0.0
0.0218828 -4.08126e-05 0.0
0.0219089 -4.05989e-05 0.0
0.0219344 -4.03098e-05 0.0
0.0219593 -3.99421e-05 0.0
0.0219835 -3.94934e-05 0.0
0.0220071 -3.896e-05 0.0
0.0220301 -3.83388e-05 0.0
0.0220523 -3.76257e-05 0.0
0.0220739 -3.68179e-05 0.0
0.0220948 -3.59095e-05 0.0
0.022115 -3.48975e-05 0.0
0.0221343 -3.3775e-05 0.0
0.0221529 -3.25384e-05 0.0
0.0221707 -3.1178e-05 0.0
0.0221876 -2.969e-05 0.0
0.0222035 -2.80621e-05 0.0
0.0222184 -2.62888e-05 0.0
0.0222322 -2.43528e-05 0.0
0.0222449 -2.22484e-05 0.0
0.0222562 -1.99508e-05 0.0
0.0222661 -1.74523e-05 0.0
0.0222744 -1.47173e-05 0.0
0.0222809 -1.17366e-05 0.0
0.0222853 -8.45879e-06 0.0
0.0222875 -4.93685e-06 0.0
0.0222876 -3.00644e-06 0.0
0.0 0.0 0.0
0.0 0.0 0.0
0.0193159 -1.06512e-06 0.0
0.0193233 -3.9106e-06 0.0
0.0193358 -5.62495e-06 0.0
0.0193532 -7.65845e-06 0.0
0.0193776 -1.07513e-05 0.0
0.0194079 -1.14745e-05 0.0
0.0194414 -1.23995e-05 0.0
0.019481 -1.6366e-05 0.0
0.0195262 -1.69848e-05 0.0
0.0195734 -1.52121e-05 0.0
0.0196242 -1.87071e-05 0.0
0.0196805 -2.10317e-05 0.0
0.0197381 -1.7302e-05 0.0
0.0197966 -1.78591e-05 0.0
0.019859 -2.1567e-05 0.0
0.019923 -1.86238e-05 0.0
0.0199862 -1.56119e-05 0.0
0.0200509 -1.82379e-05 0.0
0.0201166 -1.75336e-05 0.0
0.0201814 -1.30256e-05 0.0
0.0202458 -1.25807e-05 0.0
0.02031 -1.30187e-05 0.0
0.0203729 -9.2946e-06 0.0
0.0204347 -6.18271e-06 0.0
0.0204952 -5.6314e-06 0.0
0.0205535 -3.18593e-06 0.0
0.0206101 9.21327e-07 0.0
0.0206652 3.40454e-06 0.0
0.0207173 5.71734e-06 0.0
0.0207665 9.71971e-06 0.0
0.0208139 1.37418e-05 0.0
0.0208583 1.70613e-05 0.0
0.0208985 2.11859e-05 0.0
0.0209359 2.60957e-05 0.0
0.0209705 3.0854e-05 0.0
0.0210001 3.58662e-05 0.0
0.0210252 4.17377e-05 0.0
0.021047 4.7983e-05 0.0
0.0210636 5.46005e-05 0.0
0.0210735 6.20573e-05 0.0
0.0210788 7.03112e-05 0.0
0.0210788 7.91121e-05 0.0
0.02107 8.91766e-05 0.0
0.0210534 0.000100519 0.0
0.0210312 0.000112815 0.0
0.0209987 0.000126616 0.0
0.0209529 0.000143196 0.0
0.0208992 0.000161308 0.0
0.0208351 0.000181407 0.0
0.0207508 0.000205943 0.0
0.0206502 0.000235428 0.0
0.0205398 0.000266423 0.0
0.0204043 0.000304757 0.0
0.0202347 0.000354643 0.0
0.0200485 0.000410832 0.0
0.0198386 0.000472335 0.0
0.019571 0.000563397 0.0
0.0192551 0.000677737 0.0
0.0189149 0.000798203 0.0
0.0185058 0.000964354 0.0
0.0179848 0.0012369 0.0
0.0173911 0.00153929 0.0
0.0167303 0.00189508 0.0
0.0159305 0.00258024 0.0
0.0149571 0.00356594 0.0
0.0139861 0.00461403 0.0
0.0132392 0.00596629 0.0
0.0123474 0.00724329 0.0
0.0107516 0.00729438 0.0
0.0085973 0.00556673 0.0
0.00546006 0.00202958 0.0
0.0020684 0.000428971 0.0
0.0 0.0 0.0
0.0 0.0 0.0
0.0 0.0 0.0
0.0 0.0 0.0
0.0 0.0 0.0
0.0 0.0 0.0
0.0 0.0 0.0
0.0 0.0 0.0
0.0 0.0 0.0
0.0 0.0 0.0
0.0 0.0 0.0
0.0 0.0 0.0
0.0 0.0 0.0
0.0 0.0 0.0
0.0 0.0 0.0
0.0 0.0 0.0
0.0 0.0 0.0
0.0 0.0 0.0
0.0 0.0 0.0
0.0 0.0 0.0
0.0 0.0 0.0
0.0 0.0 0.0
0.0 0.0 0.0
0.0 0.0 0.0
0.0 0.0 0.0
0.0 0.0 0.0
0.0 0.0 0.0
0.0 0.0 0.0
0.0 0.0 0.0
0.0 0.0 0.0
0.0 0.0 0.0
0.0 0.0 0.0
0.0 0.0 0.0
0.0 0.0 0.0
0.0 0.0 0.0
0.0 0.0 0.0
0.0 0.0 0.0
0.0 0.0 0.0
0.0 0.0 0.0
0.0 0.0 0.0
0.0 0.0 0.0
0.0 0.0 0.0
0.0 0.0 0.0
0.0 0.0 0.0
0.0 0.0 0.0
0.0 0.0 0.0
0.0 0.0 0.0
0.0 0.0 0.0
0.0 0.0 0.0
0.0 0.0 0.0
0.0 0.0 0.0
0.0 0.0 0.0
0.0 0.0 0.0
0.0 0.0 0.0
0.0 0.0 0.0
0.0 0.0 0.0
0.0 0.0 0.0
0.0 0.0 0.0
0.0 0.0 0.0
0.0 0.0 0.0
0.0 0.0 0.0
0.0 0.0 0.0
0.0 0.0 0.0
0.0 0.0 0.0
0.0 0.0 0.0
0.0 0.0 0.0
0.0 0.0 0.0
0.0 0.0 0.0
0.0 0.0 0.0
0.0 0.0 0.0
0.0 0.0 0.0
0.0 0.0 0.0
0.0 0.0 0.0
0.0 0.0 0.0
0.0 0.0 0.0
0.0 0.0 0.0
0.0 0.0 0.0
0.000341554 -0.000291599 0.0
0.000841461 -0.000227226 0.0
0.0010914 -0.000155317 0.0
0.00129898 -0.000186618 0.0
0.00169305 -0.000433622 0.0
0.00212073 -0.000741862 0.0
0.00254821 -0.000703135 0.0
0.003088 -0.000551959 0.0
0.00361769 -0.000560318 0.0
0.00404446 -0.000858338 0.0
0.00440347 -0.0010598 0.0
0.00477463 -0.00116056 0.0
0.00522422 -0.00109942 0.0
0.00576832 -0.00118462 0.0
0.00625178 -0.00144129 0.0
0.0065533 -0.00174504 0.0
0.00671483 -0.0019446 0.0
0.00693099 -0.00195497 0.0
0.00730205 -0.00191577 0.0
0.00774412 -0.00177312 0.0
0.00817619 -0.00165009 0.0
0.00859642 -0.00154283 0.0
0.00903848 -0.00144106 0.0
0.00948995 -0.00134565 0.0
0.00991725 -0.00126418 0.0
0.0103234 -0.00118648 0.0
0.010727 -0.00111592 0.0
0.011121 -0.0010532 0.0
0.0114947 -0.00099479 0.0
0.0118545 -0.000938789 0.0
0.0122059 -0.00088831 0.0
0.0125437 -0.000841776 0.0
0.0128663 -0.000797006 0.0
0.0131783 -0.000754794 0.0
0.0134803 -0.000716127 0.0
0.0137696 -0.000679375 0.0
0.0140475 -0.00064406 0.0
0.0143163 -0.000611032 0.0
0.0145751 -0.000580143 0.0
0.0148234 -0.00055048 0.0
0.0150627 -0.000522248 0.0
0.0152936 -0.000495795 0.0
0.0155158 -0.000470715 0.0
0.0157294 -0.000446686 0.0
0.0159355 -0.000423972 0.0
0.0161342 -0.000402573 0.0
0.0163255 -0.000382187 0.0
0.0165098 -0.00036278 0.0
0.0166878 -0.00034448 0.0
0.0168593 -0.00032717 0.0
0.0170247 -0.000310702 0.0
0.0171844 -0.000295112 0.0
0.0173386 -0.000280419 0.0
0.0174874 -0.000266505 0.0
0.0176311 -0.000253322 0.0
0.01777 -0.000240893 0.0
0.0179043 -0.000229181 0.0
0.0180342 -0.000218111 0.0
0.0181598 -0.00020767 0.0
0.0182814 -0.000197856 0.0
0.018399 -0.000188619 0.0
0.018513 -0.000179922 0.0
0.0186234 -0.000171755 0.0
0.0187305 -0.000164099 0.0
0.0188342 -0.000156915 0.0
0.0189349 -0.000150181 0.0
0.0190326 -0.000143885 0.0
0.0191274 -0.000138003 0.0
0.0192195 -0.000132507 0.0
0.019309 -0.000127383 0.0
0.0193959 -0.000122614 0.0
0.0194805 -0.000118179 0.0
0.0195627 -0.000114058 0.0
0.0196427 -0.000110238 0.0
0.0197205 -0.000106704 0.0
0.0197963 -0.000103436 0.0
0.0198701 -0.00010042 0.0
0.019942 -9.76451e-05 0.0
0.0200121 -9.50948e-05 0.0
0.0200804 -9.27553e-05 0.0
0.020147 -9.0615e-05 0.0
0.020212 -8.86619e-05 0.0
0.0202754 -8.68834e-05 0.0
0.0203372 -8.52683e-05 0.0
0.0203976 -8.38063e-05 0.0
0.0204566 -8.24868e-05 0.0
0.0205142 -8.12995e-05 0.0
0.0205704 -8.0235e-05 0.0
0.0206254 -7.92844e-05 0.0
0.0206791 -7.84385e-05 0.0
0.0207315 -7.76888e-05 0.0
0.0207829 -7.70274e-05 0.0
0.020833 -7.64465e-05 0.0
0.0208821 -7.59385e-05 0.0
0.0209301 -7.54961e-05 0.0
0.0209771 -7.51127e-05 0.0
0.021023 -7.47815e-05 0.0
0.021068 -7.44962e-05 0.0
0.021112 -7.42506e-05 0.0
0.021155 -7.40389e-05 0.0
0.0211972 -7.38554e-05 0.0
0.0212384 -7.36947e-05 0.0
0.0212789 -7.35516e-05 0.0
0.0213184 -7.34209e-05 0.0
0.0213572 -7.32979e-05 0.0
0.0213951 -7.31778e-05 0.0
0.0214323 -7.30561e-05 0.0
0.0214687 -7.29283e-05 0.0
0.0215043 -7.27901e-05 0.0
0.0215392 -7.26375e-05 0.0
0.0215734 -7.24664e-05 0.0
0.0216069 -7.22727e-05 0.0
0.0216398 -7.20527e-05 0.0
0.0216719 -7.18024e-05 0.0
0.0217034 -7.15182e-05 0.0
0.0217342 -7.11963e-05 0.0
0.0217643 -7.08329e-05 0.0
0.0217939 -7.04244e-05 0.0
0.0218228 -6.99671e-05 0.0
0.021851 -6.94572e-05 0.0
0.0218787 -6.88908e-05 0.0
0.0219058 -6.82642e-05 0.0
0.0219322 -6.75731e-05 0.0
0.0219581 -6.68136e-05 0.0
0.0219833 -6.59809e-05 0.0
0.0220079 -6.50711e-05 0.0
0.0220319 -6.40786e-05 0.0
0.0220553 -6.29989e-05 0.0
0.0220781 -6.18252e-05 0.0
0.0221003 -6.05532e-05 0.0
0.0221218 -5.91741e-05 0.0
0.0221426 -5.76824e-05 0.0
0.0221627 -5.60677e-05 0.0
0.0221822 -5.43239e-05 0.0
0.0222009 -5.24361e-05 0.0
0.0222188 -5.03978e-05 0.0
0.022236 -4.81893e-05 0.0
0.0222523 -4.58024e-05 0.0
0.0222676 -4.32093e-05 0.0
0.022282 -4.04012e-05 0.0
0.0222953 -3.73384e-05 0.0
0.0223075 -3.40104e-05 0.0
0.0223184 -3.03592e-05 0.0
0.0223279 -2.63739e-05 0.0
0.0223358 -2.19678e-05 0.0
0.022342 -1.71297e-05 0.0
0.0223463 -1.17312e-05 0.0
0.0223484 -5.86105e-06 0.0
0.0223485 -2.63223e-06 0.0
0.0 0.0 0.0
0.0 0.0 0.0
0.0193171 -4.00189e-06 0.0
0.0193224 -1.3737e-05 0.0
0.0193353 -2.15905e-05 0.0
0.0193551 -2.81071e-05 0.0
0.019378 -3.70541e-05 0.0
0.0194076 -4.48095e-05 0.0
0.0194445 -4.97357e-05 0.0
0.0194838 -5.68914e-05 0.0
0.0195264 -6.37253e-05 0.0
0.019577 -6.65045e-05 0.0
0.01963 -7.09894e-05 0.0
0.0196831 -7.68308e-05 0.0
0.0197415 -7.76796e-05 0.0
0.019804 -7.88225e-05 0.0
0.019865 -8.29693e-05 0.0
0.0199276 -8.31215e-05 0.0
0.0199936 -8.11265e-05 0.0
0.0200593 -8.2574e-05 0.0
0.0201238 -8.24239e-05 0.0
0.0201895 -7.886e-05 0.0
0.020255 -7.70459e-05 0.0
0.0203193 -7.60227e-05 0.0
0.0203826 -7.20555e-05 0.0
0.0204447 -6.78336e-05 0.0
0.0205054 -6.49366e-05 0.0
0.0205649 -6.0761e-05 0.0
0.0206219 -5.52053e-05 0.0
0.0206763 -5.02845e-05 0.0
0.0207294 -4.5157e-05 0.0
0.02078 -3.88387e-05 0.0
0.0208269 -3.21951e-05 0.0
0.0208711 -2.55125e-05 0.0
0.0209131 -1.80588e-05 0.0
0.0209512 -9.96332e-06 0.0
0.0209849 -1.35416e-06 0.0
0.0210156 7.95145e-06 0.0
0.0210425 1.79269e-05 0.0
0.021064 2.8702e-05 0.0
0.0210807 4.07552e-05 0.0
0.0210929 5.3632e-05 0.0
0.0210993 6.7383e-05 0.0
0.0210988 8.30331e-05 0.0
0.0210921 0.00010059 0.0
0.0210785 0.000118975 0.0
0.0210562 0.000139756 0.0
0.021025 0.00016412 0.0
0.0209845 0.000190672 0.0
0.020933 0.000219348 0.0
0.0208688 0.000254064 0.0
0.0207916 0.000293957 0.0
0.0206997 0.000337535 0.0
0.0205897 0.000388375 0.0
0.0204597 0.000451148 0.0
0.0203101 0.000521952 0.0
0.0201353 0.000605164 0.0
0.0199267 0.000707045 0.0
0.0196877 0.000831694 0.0
0.0194208 0.000981626 0.0
0.019099 0.00117158 0.0
0.0187111 0.00140306 0.0
0.0182991 0.0017062 0.0
0.0178488 0.00211217 0.0
0.017255 0.00261414 0.0
0.0166026 0.00329737 0.0
0.0160926 0.00427829 0.0
0.0155572 0.00537363 0.0
0.0149046 0.00657911 0.0
0.0146175 0.00787765 0.0
0.0144853 0.00835049 0.0
0.0133436 0.00756137 0.0
0.0108689 0.00590324 0.0
0.00784976 0.00330101 0.0
0.00492171 0.0014999 0.0
0.00209522 0.00041726 0.0
0.0 0.0 0.0
0.0 0.0 0.0
0.0 0.0 0.0
0.0 0.0 0.0
0.0 0.0 0.0
0.0 0.0 0.0
0.0 0.0 0.0
0.0 0.0 0.0
0.0 0.0 0.0
0.0 0.0 0.0
0.0 0.0 0.0
0.0 0.0 0.0
0.0 0.0 0.0
0.0 0.0 0.0
0.0 0.0 0.0
0.0 0.0 0.0
0.0 0.0 0.0
0.0 0.0 0.0
0.0 0.0 0.0
0.0 0.0 0.0
0.0 0.0 0.0
0.0 0.0 0.0
0.0 0.0 0.0
0.0 0.0 0.0
0.0 0.0 0.0
0.0 0.0 0.0
0.0 0.0 0.0
0.0 0.0 0.0
0.0 0.0 0.0
0.0 0.0 0.0
0.0 0.0 0.0
0.0 0.0 0.0
0.0 0.0 0.0
0.0 0.0 0.0
0.0 0.0 0.0
0.0 0.0 0.0
0.0 0.0 0.0
0.0 0.0 0.0
0.0 0.0 0.0
0.0 0.0 0.0
0.0 0.0 0.0
0.0 0.0 0.0
0.0 0.0 0.0
0.0 0.0 0.0
0.0 0.0 0.0
0.0 0.0 0.0
0.0 0.0 0.0
0.0 0.0 0.0
0.0 0.0 0.0
0.0 0.0 0.0
0.0 0.0 0.0
0.0 0.0 0.0
0.0 0.0 0.0
0.0 0.0 0.0
0.0 0.0 0.0
0.0 0.0 0.0
0.0 0.0 0.0
0.0 0.0 0.0
0.0 0.0 0.0
0.0 0.0 0.0
0.0 0.0 0.0
0.0 0.0 0.0
0.0 0.0 0.0
0.0 0.0 0.0
0.0 0.0 0.0
0.0 0.0 0.0
0.0 0.0 0.0
0.0 0.0 0.0
0.0 0.0 0.0
0.0 0.0 0.0
0.000402959 -0.000318049 0.0
0.000960231 -0.000238408 0.0
0.0012293 -0.000156988 0.0
0.00145499 -0.000193149 0.0
0.00188455 -0.000463954 0.0
0.00234518 -0.000795855 0.0
0.00280146 -0.000751776 0.0
0.00338005 -0.000582967 0.0
0.0039457 -0.000580091 0.0
0.00438647 -0.000890137 0.0
0.00474568 -0.00109596 0.0
0.00512821 -0.00118407 0.0
0.0055813 -0.00108748 0.0
0.00609207 -0.00109637 0.0
0.00654349 -0.00120648 0.0
0.00687427 -0.00138456 0.0
0.00716243 -0.00147189 0.0
0.00751148 -0.00153649 0.0
0.00790552 -0.0016692 0.0
0.00829246 -0.00178894 0.0
0.00858975 -0.00201776 0.0
0.00881596 -0.00213167 0.0
0.00904394 -0.00222099 0.0
0.00926037 -0.00221866 0.0
0.00951042 -0.00212246 0.0
0.00981908 -0.00203257 0.0
0.010161 -0.00193525 0.0
0.0105125 -0.00183693 0.0
0.0108604 -0.00173767 0.0
0.0112046 -0.00164689 0.0
0.0115519 -0.00156312 0.0
0.0118967 -0.00148508 0.0
0.0122286 -0.00140871 0.0
0.0125498 -0.00133812 0.0
0.0128661 -0.00127349 0.0
0.0131736 -0.00121194 0.0
0.0134685 -0.00115227 0.0
0.013754 -0.00109709 0.0
0.0140319 -0.00104551 0.0
0.0142995 -0.00099571 0.0
0.0145567 -0.000948106 0.0
0.0148058 -0.000903767 0.0
0.0150466 -0.00086158 0.0
0.015278 -0.000820909 0.0
0.0155009 -0.000782387 0.0
0.0157164 -0.000746139 0.0
0.0159241 -0.000711395 0.0
0.0161239 -0.000678142 0.0
0.0163166 -0.000646733 0.0
0.0165027 -0.000616943 0.0
0.0166819 -0.000588407 0.0
0.0168546 -0.000561274 0.0
0.0170214 -0.00053562 0.0
0.0171822 -0.000511204 0.0
0.0173374 -0.000487912 0.0
0.0174871 -0.000465851 0.0
0.0176317 -0.000444958 0.0
0.0177713 -0.000425079 0.0
0.0179062 -0.000406202 0.0
0.0180365 -0.000388352 0.0
0.0181626 -0.000371439 0.0
0.0182844 -0.000355384 0.0
0.0184023 -0.000340193 0.0
0.0185164 -0.000325841 0.0
0.0186268 -0.000312254 0.0
0.0187338 -0.000299396 0.0
0.0188374 -0.000287261 0.0
0.0189379 -0.000275807 0.0
0.0190354 -0.000264984 0.0
0.0191299 -0.000254774 0.0
0.0192217 -0.000245155 0.0
0.0193107 -0.000236089 0.0
0.0193973 -0.000227545 0.0
0.0194813 -0.000219505 0.0
0.0195631 -0.000211944 0.0
0.0196425 -0.000204831 0.0
0.0197198 -0.000198146 0.0
0.0197951 -0.000191869 0.0
0.0198683 -0.000185978 0.0
0.0199397 -0.000180449 0.0
0.0200092 -0.000175264 0.0
0.0200769 -0.000170407 0.0
0.0201429 -0.000165857 0.0
0.0202073 -0.000161596 0.0
0.0202701 -0.00015761 0.0
0.0203314 -0.000153882 0.0
0.0203912 -0.000150396 0.0
0.0204496 -0.000147138 0.0
0.0205066 -0.000144094 0.0
0.0205623 -0.000141252 0.0
0.0206167 -0.000138597 0.0
0.0206698 -0.000136118 0.0
0.0207218 -0.000133804 0.0
0.0207726 -0.000131642 0.0
0.0208223 -0.000129623 0.0
0.0208709 -0.000127736 0.0
0.0209184 -0.000125971 0.0
0.0209649 -0.000124319 0.0
0.0210104 -0.000122772 0.0
0.021055 -0.000121319 0.0
0.0210986 -0.000119954 0.0
0.0211412 -0.000118668 0.0
0.021183 -0.000117453 0.0
0.0212239 -0.000116303 0.0
0.021264 -0.00011521 0.0
0.0213032 -0.000114169 0.0
0.0213417 -0.000113171 0.0
0.0213793 -0.000112211 0.0
0.0214162 -0.000111284 0.0
0.0214523 -0.000110383 0.0
0.0214877 -0.000109503 0.0
0.0215224 -0.000108638 0.0
0.0215564 -0.000107783 0.0
0.0215897 -0.000106933 0.0
0.0216223 -0.000106084 0.0
0.0216542 -0.000105229 0.0
0.0216856 -0.000104365 0.0
0.0217162 -0.000103487 0.0
0.0217463 -0.00010259 0.0
0.0217757 -0.000101669 0.0
0.0218046 -0.000100721 0.0
0.0218328 -9.97392e-05 0.0
0.0218604 -9.87205e-05 0.0
0.0218875 -9.76596e-05 0.0
0.021914 -9.6552e-05 0.0
0.0219399 -9.53924e-05 0.0
0.0219653 -9.41761e-05 0.0
0.02199 -9.28974e-05 0.0
0.0220143 -9.15511e-05 0.0
0.0220379 -9.01306e-05 0.0
0.022061 -8.86308e-05 0.0
0.0220835 -8.70436e-05 0.0
0.0221054 -8.53629e-05 0.0
0.0221268 -8.35793e-05 0.0
0.0221475 -8.16863e-05 0.0
0.0221677 -7.96713e-05 0.0
0.0221872 -7.75268e-05 0.0
0.0222061 -7.5237e-05 0.0
0.0222243 -7.27932e-05 0.0
0.0222418 -7.01735e-05 0.0
0.0222586 -6.73684e-05 0.0
0.0222746 -6.43479e-05 0.0
0.0222898 -6.11006e-05 0.0
0.0223042 -5.75842e-05 0.0
0.0223176 -5.37863e-05 0.0
0.02233 -4.96458e-05 0.0
0.0223413 -4.51487e-05 0.0
0.0223515 -4.02056e-05 0.0
0.0223603 -3.48025e-05 0.0
0.0223677 -2.88049e-05 0.0
0.0223734 -2.22007e-05 0.0
0.0223774 -1.479e-05 0.0
0.0223793 -6.69512e-06 0.0
0.0223793 -2.23685e-06 0.0
0.0 0.0 0.0
0.0 0.0 0.0
0.0193177 -8.5294e-06 0.0
0.019324 -2.22525e-05 0.0
0.0193351 -3.73106e-05 0.0
0.019355 -5.10995e-05 0.0
0.0193808 -6.31108e-05 0.0
0.01941 -7.76503e-05 0.0
0.0194457 -9.02112e-05 0.0
0.0194881 -9.76541e-05 0.0
0.0195328 -0.0001089 0.0
0.0195817 -0.000121463 0.0
0.0196359 -0.00012502 0.0
0.0196925 -0.000129676 0.0
0.019751 -0.000140519 0.0
0.019813 -0.000143645 0.0
0.0198764 -0.000141749 0.0
0.0199409 -0.000147429 0.0
0.0200069 -0.000151084 0.0
0.0200731 -0.000146568 0.0
0.0201394 -0.00014531 0.0
0.0202063 -0.000147514 0.0
0.0202721 -0.000143348 0.0
0.020337 -0.000137365 0.0
0.0204016 -0.00013543 0.0
0.0204648 -0.000131786 0.0
0.0205258 -0.000124092 0.0
0.0205857 -0.000117912 0.0
0.020644 -0.000112774 0.0
0.0206995 -0.00010489 0.0
0.0207526 -9.58796e-05 0.0
0.020804 -8.79938e-05 0.0
0.0208522 -7.91544e-05 0.0
0.0208971 -6.85746e-05 0.0
0.0209394 -5.77855e-05 0.0
0.0209785 -4.67613e-05 0.0
0.0210134 -3.43251e-05 0.0
0.0210449 -2.08584e-05 0.0
0.0210726 -6.66675e-06 0.0
0.0210952 8.75571e-06 0.0
0.0211132 2.56215e-05 0.0
0.0211269 4.37494e-05 0.0
0.0211344 6.37285e-05 0.0
0.0211352 8.56583e-05 0.0
0.021131 0.000109439 0.0
0.0211198 0.000135721 0.0
0.0210989 0.00016556 0.0
0.0210704 0.000198142 0.0
0.0210349 0.000233971 0.0
0.0209867 0.000275324 0.0
0.0209251 0.000322897 0.0
0.0208554 0.000374226 0.0
0.0207721 0.000433337 0.0
0.0206669 0.000505059 0.0
0.0205467 0.000586187 0.0
0.0204139 0.00067401 0.0
0.0202529 0.000785483 0.0
0.0200615 0.000923665 0.0
0.0198519 0.00107238 0.0
0.0196151 0.00124719 0.0
0.0193351 0.00149601 0.0
0.0190184 0.00178784 0.0
0.0186684 0.00209597 0.0
0.0182917 0.0025404 0.0
0.017889 0.00316814 0.0
0.0174465 0.00382456 0.0
0.0170534 0.00463565 0.0
0.0168277 0.00578221 0.0
0.0166463 0.00694803 0.0
0.0164552 0.00794499 0.0
0.0164039 0.00863533 0.0
0.0163135 0.00847246 0.0
0.0156404 0.00781146 0.0
0.0135589 0.00637704 0.0
0.0104573 0.00495249 0.0
0.00764424 0.00295718 0.0
0.00506342 0.00150456 0.0
0.0021711 0.000554969 0.0
0.0 0.0 0.0
0.0 0.0 0.0
0.0 0.0 0.0
0.0 0.0 0.0
0.0 0.0 0.0
0.0 0.0 0.0
0.0 0.0 0.0
0.0 0.0 0.0
0.0 0.0 0.0
0.0 0.0 0.0
0.0 0.0 0.0
0.0 0.0 0.0
0.0 0.0 0.0
0.0 0.0 0.0
0.0 0.0 0.0
0.0 0.0 0.0
0.0 0.0 0.0
0.0 0.0 0.0
0.0 0.0 0.0
0.0 0.0 0.0
0.0 0.0 0.0
0.0 0.0 0.0
0.0 0.0 0.0
0.0 0.0 0.0
0.0 0.0 0.0
0.0 0.0 0.0
0.0 0.0 0.0
0.0 0.0 0.0
0.0 0.0 0.0
0.0 0.0 0.0
0.0 0.0 0.0
0.0 0.0 0.0
0.0 0.0 0.0
0.0 0.0 0.0
0.0 0.0 0.0
0.0 0.0 0.0
0.0 0.0 0.0
0.0 0.0 0.0
0.0 0.0 0.0
0.0 0.0 0.0
0.0 0.0 0.0
0.0 0.0 0.0
0.0 0.0 0.0
0.0 0.0 0.0
0.0 0.0 0.0
0.0 0.0 0.0
0.0 0.0 0.0
0.0 0.0 0.0
0.0 0.0 0.0
0.0 0.0 0.0
0.0 0.0 0.0
0.0 0.0 0.0
0.0 0.0 0.0
0.0 0.0 0.0
0.0 0.0 0.0
0.0 0.0 0.0
0.0 0.0 0.0
0.0 0.0 0.0
0.0 0.0 0.0
0.0 0.0 0.0
0.0 0.0 0.0
0.000418725 -0.00033062 0.0
0.000999284 -0.000250621 0.0
0.00128019 -0.000160249 0.0
0.00144554 -0.000149366 0.0
0.00163235 -0.00017384 0.0
0.00187543 -0.000201634 0.0
0.00227828 -0.000474764 0.0
0.00272112 -0.000868937 0.0
0.00321189 -0.000820033 0.0
0.00383547 -0.000615384 0.0
0.00442219 -0.000606804 0.0
0.0048781 -0.000950749 0.0
0.00525242 -0.00117043 0.0
0.00564478 -0.00125522 0.0
0.00610592 -0.00114532 0.0
0.00663451 -0.0011426 0.0
0.0071042 -0.00124283 0.0
0.00743343 -0.00141802 0.0
0.00770584 -0.00148875 0.0
0.00804516 -0.00150824 0.0
0.00844095 -0.00157456 0.0
0.00885561 -0.00158853 0.0
0.00922115 -0.00172746 0.0
0.0095486 -0.00180464 0.0
0.00989474 -0.00190194 0.0
0.0102033 -0.00200465 0.0
0.0104808 -0.00209324 0.0
0.0107259 -0.0022484 0.0
0.0109363 -0.00234548 0.0
0.0111181 -0.00240889 0.0
0.011279 -0.00240018 0.0
0.0114731 -0.00238005 0.0
0.0117062 -0.00232243 0.0
0.0119563 -0.00222626 0.0
0.0122085 -0.00213788 0.0
0.0124716 -0.0020517 0.0
0.0127524 -0.0019616 0.0
0.013034 -0.00187212 0.0
0.0133042 -0.00178922 0.0
0.0135729 -0.0017087 0.0
0.0138445 -0.00163174 0.0
0.0141082 -0.00155841 0.0
0.014361 -0.0014884 0.0
0.0146097 -0.00142133 0.0
0.0148541 -0.00135802 0.0
0.0150887 -0.00129733 0.0
0.0153148 -0.00123913 0.0
0.0155358 -0.00118383 0.0
0.0157497 -0.00113133 0.0
0.0159549 -0.00108084 0.0
0.0161534 -0.00103263 0.0
0.016346 -0.000986867 0.0
0.0165315 -0.000943182 0.0
0.0167098 -0.000901284 0.0
0.0168824 -0.000861429 0.0
0.0170492 -0.000823535 0.0
0.0172096 -0.000787309 0.0
0.0173643 -0.000752722 0.0
0.0175139 -0.000719877 0.0
0.0176582 -0.000688606 0.0
0.0177973 -0.000658764 0.0
0.0179316 -0.000630378 0.0
0.0180614 -0.000603434 0.0
0.0181866 -0.000577785 0.0
0.0183076 -0.000553379 0.0
0.0184245 -0.000530219 0.0
0.0185376 -0.000508241 0.0
0.0186469 -0.00048735 0.0
0.0187527 -0.000467525 0.0
0.0188551 -0.000448739 0.0
0.0189542 -0.000430924 0.0
0.0190502 -0.000414024 0.0
0.0191432 -0.00039802 0.0
0.0192334 -0.000382869 0.0
0.0193209 -0.000368518 0.0
0.0194057 -0.000354931 0.0
0.0194881 -0.000342083 0.0
0.0195682 -0.000329932 0.0
0.0196459 -0.000318438 0.0
0.0197214 -0.000307575 0.0
0.0197949 -0.000297313 0.0
0.0198664 -0.000287617 0.0
0.0199359 -0.000278458 0.0
0.0200037 -0.000269812 0.0
0.0200696 -0.000261651 0.0
0.0201339 -0.000253948 0.0
0.0201965 -0.000246679 0.0
0.0202576 -0.000239823 0.0
0.0203172 -0.000233356 0.0
0.0203753 -0.000227255 0.0
0.020432 -0.000221501 0.0
0.0204874 -0.000216076 0.0
0.0205415 -0.000210959 0.0
0.0205943 -0.000206133 0.0
0.020646 -0.000201581 0.0
0.0206964 -0.000197287 0.0
0.0207458 -0.000193235 0.0
0.020794 -0.00018941 0.0
0.0208412 -0.000185799 0.0
0.0208874 -0.000182387 0.0
0.0209325 -0.000179162 0.0
0.0209767 -0.000176111 0.0
0.02102 -0.000173223 0.0
0.0210624 -0.000170487 0.0
0.0211039 -0.000167891 0.0
0.0211445 -0.000165425 0.0
0.0211843 -0.00016308 0.0
0.0212233 -0.000160846 0.0
0.0212614 -0.000158714 0.0
0.0212989 -0.000156676 0.0
0.0213355 -0.000154723 0.0
0.0213714 -0.000152848 0.0
0.0214067 -0.000151042 0.0
0.0214412 -0.000149299 0.0
0.021475 -0.000147611 0.0
0.0215082 -0.000145972 0.0
0.0215407 -0.000144376 0.0
0.0215725 -0.000142815 0.0
0.0216038 -0.000141283 0.0
0.0216344 -0.000139776 0.0
0.0216644 -0.000138287 0.0
0.0216938 -0.00013681 0.0
0.0217227 -0.000135339 0.0
0.021751 -0.000133871 0.0
0.0217787 -0.000132397 0.0
0.0218058 -0.000130915 0.0
0.0218325 -0.000129418 0.0
0.0218585 -0.0001279 0.0
0.0218841 -0.000126357 0.0
0.0219091 -0.000124783 0.0
0.0219336 -0.000123172 0.0
0.0219576 -0.000121519 0.0
0.0219811 -0.000119818 0.0
0.0220041 -0.000118062 0.0
0.0220265 -0.000116244 0.0
0.0220485 -0.000114359 0.0
0.0220699 -0.000112399 0.0
0.0220908 -0.000110356 0.0
0.0221112 -0.00010822 0.0
0.0221311 -0.000105985 0.0
0.0221505 -0.000103638 0.0
0.0221693 -0.00010117 0.0
0.0221875 -9.85655e-05 0.0
0.0222052 -9.58155e-05 0.0
0.0222223 -9.28986e-05 0.0
0.0222388 -8.98037e-05 0.0
0.0222547 -8.65033e-05 0.0
0.0222699 -8.29844e-05 0.0
0.0222843 -7.92075e-05 0.0
0.0222981 -7.51587e-05 0.0
0.022311 -7.07828e-05 0.0
0.0223231 -6.60633e-05 0.0
0.0223343 -6.09203e-05 0.0
0.0223445 -5.5337e-05 0.0
0.0223536 -4.91955e-05 0.0
0.0223615 -4.24789e-05 0.0
0.0223681 -3.5011e-05 0.0
0.0223732 -2.6779e-05 0.0
0.0223766 -1.75202e-05 0.0
0.0223782 -7.39061e-06 0.0
0.0223782 -1.81076e-06 0.0
0.0 0.0 0.0
0.0 0.0 0.0
0.0193144 -1.31769e-05 0.0
0.0193229 -3.12777e-05 0.0
0.0193366 -5.18945e-05 0.0
0.0193553 -7.524e-05 0.0
0.0193825 -9.27821e-05 0.0
0.0194149 -0.000108244 0.0
0.0194497 -0.000128738 0.0
0.019493 -0.000145573 0.0
0.0195422 -0.00015571 0.0
0.0195913 -0.000169958 0.0
0.0196451 -0.00018401 0.0
0.0197061 -0.0001904 0.0
0.0197666 -0.000197506 0.0
0.0198275 -0.000206921 0.0
0.0198938 -0.000210214 0.0
0.0199613 -0.000211773 0.0
0.0200271 -0.000215368 0.0
0.0200947 -0.000215995 0.0
0.0201635 -0.000213521 0.0
0.0202311 -0.000212074 0.0
0.0202981 -0.000209479 0.0
0.0203647 -0.000204498 0.0
0.02043 -0.000199046 0.0
0.0204944 -0.00019335 0.0
0.0205572 -0.000186039 0.0
0.0206175 -0.000177926 0.0
0.0206765 -0.00016927 0.0
0.0207341 -0.000159685 0.0
0.0207882 -0.000149186 0.0
0.0208394 -0.000138052 0.0
0.0208893 -0.000125904 0.0
0.0209361 -0.00011293 0.0
0.0209785 -9.91084e-05 0.0
0.0210183 -8.41761e-05 0.0
0.0210556 -6.81013e-05 0.0
0.021088 -5.10415e-05 0.0
0.0211159 -3.249e-05 0.0
0.0211407 -1.24248e-05 0.0
0.0211609 9.06273e-06 0.0
0.021175 3.24702e-05 0.0
0.0211842 5.82637e-05 0.0
0.0211885 8.59935e-05 0.0
0.0211858 0.000116389 0.0
0.0211758 0.000150366 0.0
0.0211597 0.000187674 0.0
0.0211355 0.000228359 0.0
0.0211011 0.000274646 0.0
0.0210581 0.000326483 0.0
0.0210061 0.000383752 0.0
0.0209407 0.000448893 0.0
0.0208613 0.000524167 0.0
0.0207713 0.000607981 0.0
0.0206668 0.000705086 0.0
0.0205398 0.000819229 0.0
0.0203946 0.000949197 0.0
0.0202392 0.0011 0.0
0.0200585 0.00128631 0.0
0.0198377 0.00150111 0.0
0.0196052 0.00174969 0.0
0.0193778 0.00206762 0.0
0.0190956 0.00245532 0.0
0.018761 0.00289533 0.0
0.0185017 0.00346094 0.0
0.0182979 0.00416358 0.0
0.018004 0.004952 0.0
0.0178105 0.0058956 0.0
0.0179474 0.00690503 0.0
0.0181677 0.00782856 0.0
0.0182503 0.00871224 0.0
0.0181586 0.00888889 0.0
0.0177699 0.00843392 0.0
0.0171925 0.0081073 0.0
0.0161357 0.00719022 0.0
0.0138303 0.00578322 0.0
0.0108363 0.00487266 0.0
0.00811554 0.0031285 0.0
0.00569908 0.0014573 0.0
0.00357033 0.000305453 0.0
0.00163455 0.000307052 0.0
0.0 0.0 0.0
0.0 0.0 0.0
0.0 0.0 0.0
0.0 0.0 0.0
0.0 0.0 0.0
0.0 0.0 0.0
0.0 0.0 0.0
0.0 0.0 0.0
0.0 0.0 0.0
0.0 0.0 0.0
0.0 0.0 0.0
0.0 0.0 0.0
0.0 0.0 0.0
0.0 0.0 0.0
0.0 0.0 0.0
0.0 0.0 0.0
0.0 0.0 0.0
0.0 0.0 0.0
0.0 0.0 0.0
0.0 0.0 0.0
0.0 0.0 0.0
0.0 0.0 0.0
0.0 0.0 0.0
0.0 0.0 0.0
0.0 0.0 0.0
0.0 0.0 0.0
0.0 0.0 0.0
0.0 0.0 0.0
0.0 0.0 0.0
0.0 0.0 0.0
0.0 0.0 0.0
0.0 0.0 0.0
0.0 0.0 0.0
0.0 0.0 0.0
0.0 0.0 0.0
0.0 0.0 0.0
0.0 0.0 0.0
0.0 0.0 0.0
0.0 0.0 0.0
0.0 0.0 0.0
0.0 0.0 0.0
0.0 0.0 0.0
0.0 0.0 0.0
0.0 0.0 0.0
0.0 0.0 0.0
0.0 0.0 0.0
0.0 0.0 0.0
0.0 0.0 0.0
0.0 0.0 0.0
0.0 0.0 0.0
0.0 0.0 0.0
0.0 0.0 0.0
0.00047722 -0.000362986 0.0
0.00112238 -0.000262692 0.0
0.0014241 -0.00016286 0.0
0.00159787 -0.000157462 0.0
0.00187732 -0.000237849 0.0
0.00235122 -0.000500769 0.0
0.00279922 -0.000888869 0.0
0.00327893 -0.000851422 0.0
0.00392112 -0.000603401 0.0
0.00447474 -0.000481302 0.0
0.00488562 -0.000503363 0.0
0.00531332 -0.000559839 0.0
0.00573449 -0.000939427 0.0
0.00608009 -0.00121379 0.0
0.00642658 -0.00132733 0.0
0.00687172 -0.00119554 0.0
0.00741378 -0.00118902 0.0
0.00788532 -0.00130027 0.0
0.00819919 -0.00148769 0.0
0.0084616 -0.00155695 0.0
0.0087992 -0.00157123 0.0
0.00919174 -0.00163159 0.0
0.00960903 -0.00163099 0.0
0.00998117 -0.00175918 0.0
0.0103047 -0.0018136 0.0
0.0106434 -0.00186791 0.0
0.0109612 -0.00192152 0.0
0.0112776 -0.00195545 0.0
0.0115932 -0.00203901 0.0
0.0118827 -0.00211033 0.0
0.0121514 -0.00218974 0.0
0.0124046 -0.00226605 0.0
0.0126506 -0.0023645 0.0
0.0128724 -0.0024499 0.0
0.0130508 -0.00252679 0.0
0.0132 -0.00256868 0.0
0.0133579 -0.00257367 0.0
0.0135194 -0.00256391 0.0
0.0136713 -0.00251194 0.0
0.0138402 -0.00244414 0.0
0.0140344 -0.00237123 0.0
0.0142394 -0.00228781 0.0
0.0144443 -0.00220207 0.0
0.0146507 -0.00211606 0.0
0.0148631 -0.00203174 0.0
0.0150782 -0.00194933 0.0
0.0152886 -0.00186923 0.0
0.0154939 -0.00179037 0.0
0.0156981 -0.00171526 0.0
0.0158994 -0.00164353 0.0
0.0160939 -0.00157372 0.0
0.0162827 -0.0015061 0.0
0.0164677 -0.00144219 0.0
0.0166473 -0.00138088 0.0
0.0168203 -0.00132141 0.0
0.016988 -0.00126452 0.0
0.0171509 -0.0012106 0.0
0.0173081 -0.00115869 0.0
0.0174594 -0.00110872 0.0
0.017606 -0.00106122 0.0
0.0177477 -0.00101597 0.0
0.0178841 -0.000972472 0.0
0.0180157 -0.00093091 0.0
0.0181429 -0.000891441 0.0
0.0182656 -0.00085376 0.0
0.0183839 -0.000817684 0.0
0.0184982 -0.000783375 0.0
0.0186086 -0.000750772 0.0
0.0187151 -0.000719658 0.0
0.0188179 -0.000690002 0.0
0.0189173 -0.000661859 0.0
0.0190134 -0.000635105 0.0
0.0191063 -0.000609623 0.0
0.0191962 -0.000585417 0.0
0.0192831 -0.000562463 0.0
0.0193673 -0.000540651 0.0
0.0194489 -0.000519927 0.0
0.0195279 -0.000500281 0.0
0.0196045 -0.000481656 0.0
0.0196788 -0.000463978 0.0
0.0197509 -0.000447216 0.0
0.0198209 -0.000431342 0.0
0.019889 -0.000416299 0.0
0.0199551 -0.00040204 0.0
0.0200193 -0.000388538 0.0
0.0200819 -0.000375757 0.0
0.0201427 -0.000363652 0.0
0.020202 -0.000352189 0.0
0.0202597 -0.000341343 0.0
0.020316 -0.000331077 0.0
0.0203709 -0.000321359 0.0
0.0204244 -0.000312162 0.0
0.0204766 -0.000303461 0.0
0.0205275 -0.000295225 0.0
0.0205773 -0.000287429 0.0
0.0206259 -0.000280051 0.0
0.0206735 -0.000273068 0.0
0.0207199 -0.000266455 0.0
0.0207653 -0.000260193 0.0
0.0208097 -0.000254262 0.0
0.0208532 -0.000248642 0.0
0.0208957 -0.000243315 0.0
0.0209374 -0.000238264 0.0
0.0209781 -0.000233472 0.0
0.021018 -0.000228923 0.0
0.0210572 -0.000224602 0.0
0.0210955 -0.000220495 0.0
0.021133 -0.000216588 0.0
0.0211698 -0.000212868 0.0
0.0212058 -0.000209322 0.0
0.0212412 -0.000205939 0.0
0.0212758 -0.000202707 0.0
0.0213098 -0.000199616 0.0
0.0213431 -0.000196655 0.0
0.0213758 -0.000193814 0.0
0.0214079 -0.000191084 0.0
0.0214393 -0.000188455 0.0
0.0214702 -0.00018592 0.0
0.0215004 -0.00018347 0.0
0.0215301 -0.000181096 0.0
0.0215593 -0.000178791 0.0
0.0215878 -0.000176548 0.0
0.0216159 -0.00017436 0.0
0.0216434 -0.000172219 0.0
0.0216704 -0.000170119 0.0
0.0216969 -0.000168053 0.0
0.0217228 -0.000166016 0.0
0.0217483 -0.000164 0.0
0.0217733 -0.000162 0.0
0.0217978 -0.000160009 0.0
0.0218219 -0.000158023 0.0
0.0218455 -0.000156034 0.0
0.0218686 -0.000154036 0.0
0.0218913 -0.000152025 0.0
0.0219135 -0.000149993 0.0
0.0219353 -0.000147934 0.0
0.0219566 -0.000145842 0.0
0.0219775 -0.000143712 0.0
0.0219979 -0.000141534 0.0
0.0220179 -0.000139303 0.0
0.0220375 -0.000137011 0.0
0.0220567 -0.000134651 0.0
0.0220753 -0.000132212 0.0
0.0220936 -0.000129686 0.0
0.0221114 -0.000127063 0.0
0.0221287 -0.000124334 0.0
0.0221456 -0.000121483 0.0
0.022162 -0.0001185 0.0
0.0221779 -0.000115368 0.0
0.0221933 -0.000112074 0.0
0.0222082 -0.000108592 0.0
0.0222226 -0.000104911 0.0
0.0222364 -0.000100997 0.0
0.0222496 -9.68327e-05 0.0
0.0222621 -9.23728e-05 0.0
0.022274 -8.76e-05 0.0
0.0222853 -8.24473e-05 0.0
0.0222957 -7.68954e-05 0.0
0.0223054 -7.08488e-05 0.0
0.0223141 -6.42872e-05 0.0
0.0223219 -5.70692e-05 0.0
0.0223286 -4.91754e-05 0.0
0.0223342 -4.03953e-05 0.0
0.0223385 -3.07149e-05 0.0
0.0223414 -1.9821e-05 0.0
0.0223427 -7.9052e-06 0.0
0.0223425 -1.3456e-06 0.0
0.0 0.0 0.0
0.0 0.0 0.0
0.0193149 -1.48719e-05 0.0
0.0193227 -4.41536e-05 0.0
0.0193389 -7.03902e-05 0.0
0.0193584 -9.56704e-05 0.0
0.0193827 -0.000123397 0.0
0.0194187 -0.000146122 0.0
0.0194593 -0.000166447 0.0
0.0195004 -0.000191259 0.0
0.0195493 -0.000209469 0.0
0.0196055 -0.000221322 0.0
0.0196616 -0.000239968 0.0
0.0197205 -0.000255508 0.0
0.0197849 -0.000259376 0.0
0.019851 -0.000268437 0.0
0.0199173 -0.000280342 0.0
0.0199855 -0.00028095 0.0
0.0200552 -0.00027994 0.0
0.0201254 -0.000285581 0.0
0.0201951 -0.000285082 0.0
0.020264 -0.000278384 0.0
0.0203334 -0.000275778 0.0
0.0204024 -0.000273407 0.0
0.0204687 -0.000264616 0.0
0.0205338 -0.000255741 0.0
0.0205989 -0.000249079 0.0
0.0206614 -0.00023941 0.0
0.0207208 -0.000226902 0.0
0.020779 -0.000215606 0.0
0.0208356 -0.00020367 0.0
0.0208886 -0.000189155 0.0
0.0209385 -0.000173867 0.0
0.0209865 -0.000158538 0.0
0.0210314 -0.000141448 0.0
0.0210722 -0.000122801 0.0
0.0211099 -0.000103314 0.0
0.0211442 -8.24276e-05 0.0
0.0211742 -5.96381e-05 0.0
0.0212 -3.53431e-05 0.0
0.0212215 -9.06383e-06 0.0
0.0212379 1.95856e-05 0.0
0.0212494 5.04743e-05 0.0
0.0212557 8.39776e-05 0.0
0.0212553 0.000121213 0.0
0.0212485 0.000161838 0.0
0.021236 0.000205898 0.0
0.0212154 0.000255147 0.0
0.0211854 0.000310858 0.0
0.0211482 0.000371363 0.0
0.0211025 0.000438366 0.0
0.0210441 0.000516277 0.0
0.0209745 0.000604737 0.0
0.0208955 0.000700015 0.0
0.0208021 0.000810889 0.0
0.0206929 0.000945019 0.0
0.0205708 0.00109326 0.0
0.0204321 0.00125522 0.0
0.0202771 0.00146107 0.0
0.0201106 0.00170915 0.0
0.019921 0.00196985 0.0
0.0197141 0.00228325 0.0
0.0195227 0.0027047 0.0
0.0193267 0.00316623 0.0
0.0191024 0.00366556 0.0
0.0189481 0.00433218 0.0
0.0189068 0.00510202 0.0
0.0188877 0.00588297 0.0
0.0189277 0.00677499 0.0
0.0191581 0.00761194 0.0
0.0195718 0.00832946 0.0
0.0199362 0.00890612 0.0
0.0198505 0.00895934 0.0
0.0194324 0.00874032 0.0
0.0188658 0.008132 0.0
0.0180434 0.00770055 0.0
0.0168852 0.00695225 0.0
0.0149585 0.00559661 0.0
0.0125173 0.00428657 0.0
0.0098274 0.00267279 0.0
0.00751666 0.00244149 0.0
0.00554419 0.00111815 0.0
0.00380648 0.000134117 0.0
0.00271509 5.88185e-05 0.0
0.00141078 0.000212005 0.0
0.0 0.0 0.0
0.0 0.0 0.0
0.0 0.0 0.0
0.0 0.0 0.0
0.0 0.0 0.0
0.0 0.0 0.0
0.0 0.0 0.0
0.0 0.0 0.0
0.0 0.0 0.0
0.0 0.0 0.0
0.0 0.0 0.0
0.0 0.0 0.0
0.0 0.0 0.0
0.0 0.0 0.0
0.0 0.0 0.0
0.0 0.0 0.0
0.0 0.0 0.0
0.0 0.0 0.0
0.0 0.0 0.0
0.0 0.0 0.0
0.0 0.0 0.0
0.0 0.0 0.0
0.0 0.0 0.0
0.0 0.0 0.0
0.0 0.0 0.0
0.0 0.0 0.0
0.0 0.0 0.0
0.0 0.0 0.0
0.0 0.0 0.0
0.0 0.0 0.0
0.0 0.0 0.0
0.0 0.0 0.0
0.0 0.0 0.0
0.0 0.0 0.0
0.0 0.0 0.0
0.0 0.0 0.0
0.0 0.0 0.0
0.0 0.0 0.0
0.0 0.0 0.0
0.0 0.0 0.0
0.0 0.0 0.0
0.000539734 -0.000393981 0.0
0.00125887 -0.00029247 0.0
0.00159823 -0.000175149 0.0
0.00178506 -0.000160023 0.0
0.00199342 -0.000190169 0.0
0.002273 -0.000223241 0.0
0.00272245 -0.00052644 0.0
0.00319294 -0.000987037 0.0
0.00372873 -0.000928926 0.0
0.00442227 -0.000629822 0.0
0.00501092 -0.000554634 0.0
0.00549529 -0.000637357 0.0
0.00592097 -0.00100081 0.0
0.00630612 -0.00124816 0.0
0.00667523 -0.00136395 0.0
0.00707139 -0.00113905 0.0
0.00755593 -0.000982254 0.0
0.0080753 -0.000993919 0.0
0.00860107 -0.0010822 0.0
0.00904903 -0.00125319 0.0
0.00931668 -0.00147924 0.0
0.00951782 -0.00158 0.0
0.0098237 -0.00161337 0.0
0.0102089 -0.00168349 0.0
0.010617 -0.00167677 0.0
0.0109728 -0.00181647 0.0
0.0112824 -0.0018753 0.0
0.0116142 -0.00192568 0.0
0.0119227 -0.00197185 0.0
0.0122271 -0.00199682 0.0
0.012535 -0.00206551 0.0
0.0128231 -0.00211573 0.0
0.0130961 -0.00216663 0.0
0.0133642 -0.00220167 0.0
0.0136376 -0.00226804 0.0
0.0139095 -0.00231911 0.0
0.0141648 -0.00237664 0.0
0.0143953 -0.00243664 0.0
0.014617 -0.00249907 0.0
0.014819 -0.00257464 0.0
0.0149873 -0.00262515 0.0
0.0151312 -0.00267348 0.0
0.0152633 -0.00270562 0.0
0.0153892 -0.00271916 0.0
0.015505 -0.00269294 0.0
0.0156226 -0.00265108 0.0
0.0157521 -0.00260704 0.0
0.0158895 -0.00253887 0.0
0.016031 -0.00245787 0.0
0.0161758 -0.00238047 0.0
0.0163284 -0.00230046 0.0
0.0164869 -0.00221592 0.0
0.0166431 -0.00213189 0.0
0.0167961 -0.00205103 0.0
0.0169517 -0.00197103 0.0
0.0171075 -0.00189256 0.0
0.0172575 -0.00181624 0.0
0.0174035 -0.00174262 0.0
0.0175488 -0.00167137 0.0
0.0176905 -0.00160257 0.0
0.0178263 -0.001536 0.0
0.0179585 -0.00147209 0.0
0.018088 -0.00141075 0.0
0.0182127 -0.0013517 0.0
0.0183325 -0.00129489 0.0
0.018449 -0.00124059 0.0
0.0185618 -0.00118859 0.0
0.0186702 -0.00113867 0.0
0.0187746 -0.0010909 0.0
0.0188758 -0.00104536 0.0
0.0189734 -0.00100179 0.0
0.0190672 -0.000960122 0.0
0.0191578 -0.000920402 0.0
0.0192454 -0.00088257 0.0
0.0193298 -0.00084645 0.0
0.0194112 -0.000812023 0.0
0.0194899 -0.000779284 0.0
0.0195659 -0.000748125 0.0
0.0196393 -0.000718446 0.0
0.0197103 -0.000690234 0.0
0.019779 -0.000663438 0.0
0.0198454 -0.000637964 0.0
0.0199097 -0.000613752 0.0
0.019972 -0.000590776 0.0
0.0200324 -0.000568971 0.0
0.020091 -0.000548265 0.0
0.0201479 -0.00052862 0.0
0.0202031 -0.000509995 0.0
0.0202568 -0.000492329 0.0
0.0203089 -0.000475572 0.0
0.0203597 -0.00045969 0.0
0.0204091 -0.000444639 0.0
0.0204572 -0.00043037 0.0
0.020504 -0.000416845 0.0
0.0205497 -0.00040403 0.0
0.0205943 -0.000391887 0.0
0.0206379 -0.000380377 0.0
0.0206804 -0.00036947 0.0
0.0207219 -0.000359134 0.0
0.0207625 -0.000349336 0.0
0.0208021 -0.000340047 0.0
0.020841 -0.000331241 0.0
0.0208789 -0.000322891 0.0
0.0209161 -0.000314969 0.0
0.0209526 -0.000307453 0.0
0.0209882 -0.00030032 0.0
0.0210232 -0.000293547 0.0
0.0210575 -0.000287113 0.0
0.0210911 -0.000280999 0.0
0.021124 -0.000275186 0.0
0.0211563 -0.000269654 0.0
0.021188 -0.000264388 0.0
0.0212192 -0.000259371 0.0
0.0212497 -0.000254588 0.0
0.0212797 -0.000250023 0.0
0.0213091 -0.000245662 0.0
0.021338 -0.000241493 0.0
0.0213664 -0.000237502 0.0
0.0213943 -0.000233677 0.0
0.0214217 -0.000230006 0.0
0.0214486 -0.000226479 0.0
0.021475 -0.000223085 0.0
0.0215009 -0.000219814 0.0
0.0215264 -0.000216656 0.0
0.0215515 -0.000213602 0.0
0.0215761 -0.000210643 0.0
0.0216002 -0.000207771 0.0
0.021624 -0.000204977 0.0
0.0216473 -0.000202254 0.0
0.0216703 -0.000199594 0.0
0.0216928 -0.00019699 0.0
0.0217149 -0.000194434 0.0
0.0217366 -0.00019192 0.0
0.0217579 -0.00018944 0.0
0.0217789 -0.000186989 0.0
0.0217995 -0.000184559 0.0
0.0218197 -0.000182145 0.0
0.0218395 -0.000179739 0.0
0.021859 -0.000177335 0.0
0.0218781 -0.000174927 0.0
0.0218968 -0.000172509 0.0
0.0219152 -0.000170073 0.0
0.0219332 -0.000167614 0.0
0.0219509 -0.000165123 0.0
0.0219682 -0.000162593 0.0
0.0219852 -0.000160018 0.0
0.0220018 -0.000157389 0.0
0.022018 -0.000154697 0.0
0.0220339 -0.000151935 0.0
0.0220494 -0.000149091 0.0
0.0220645 -0.000146156 0.0
0.0220793 -0.000143118 0.0
0.0220937 -0.000139965 0.0
0.0221077 -0.000136682 0.0
0.0221213 -0.000133258 0.0
0.0221345 -0.000129669 0.0
0.0221473 -0.000125904 0.0
0.0221596 -0.000121934 0.0
0.0221715 -0.000117744 0.0
0.0221829 -0.000113295 0.0
0.0221938 -0.000108569 0.0
0.0222042 -0.000103514 0.0
0.022214 -9.81098e-05 0.0
0.0222232 -9.22799e-05 0.0
0.0222317 -8.60034e-05 0.0
0.0222396 -7.91715e-05 0.0
0.0222467 -7.17607e-05 0.0
0.022253 -6.36122e-05 0.0
0.0222584 -5.47046e-05 0.0
0.0222628 -4.48007e-05 0.0
0.0222662 -3.38854e-05 0.0
0.0222684 -2.16104e-05 0.0
0.0222693 -8.20461e-06 0.0
0.022269 -8.34454e-07 0.0
0.0 0.0 0.0
0.0 0.0 0.0
0.0193165 -1.77718e-05 0.0
0.019322 -5.6018e-05 0.0
0.0193365 -9.03773e-05 0.0
0.0193615 -0.000118057 0.0
0.0193896 -0.00015182 0.0
0.0194231 -0.0001876 0.0
0.0194664 -0.00021057 0.0
0.0195136 -0.000232908 0.0
0.019563 -0.000263585 0.0
0.019621 -0.000284192 0.0
0.0196823 -0.000295302 0.0
0.0197433 -0.000315 0.0
0.0198096 -0.000331519 0.0
0.0198799 -0.000336518 0.0
0.0199485 -0.000343627 0.0
0.020019 -0.000353325 0.0
0.0200921 -0.000354684 0.0
0.0201642 -0.000353256 0.0
0.0202358 -0.000354005 0.0
0.0203084 -0.000352118 0.0
0.0203793 -0.000345704 0.0
0.0204492 -0.000339324 0.0
0.020519 -0.000332543 0.0
0.0205863 -0.000323315 0.0
0.0206514 -0.000312071 0.0
0.0207162 -0.000300535 0.0
0.0207786 -0.000287939 0.0
0.0208373 -0.000273704 0.0
0.0208945 -0.00025804 0.0
0.0209503 -0.000241698 0.0
0.0210019 -0.000224194 0.0
0.02105 -0.000205152 0.0
0.0210967 -0.000184686 0.0
0.0211398 -0.00016317 0.0
0.0211781 -0.00014005 0.0
0.0212135 -0.000115107 0.0
0.0212459 -8.8422e-05 0.0
0.0212731 -5.9865e-05 0.0
0.0212956 -2.89082e-05 0.0
0.0213147 4.41776e-06 0.0
0.0213284 4.05477e-05 0.0
0.021336 7.99838e-05 0.0
0.0213388 0.000122831 0.0
0.0213363 0.000169444 0.0
0.0213259 0.000221266 0.0
0.0213087 0.000278147 0.0
0.0212858 0.000340262 0.0
0.0212543 0.000409993 0.0
0.0212123 0.000488607 0.0
0.0211632 0.000574229 0.0
0.0211066 0.000670872 0.0
0.0210365 0.000783115 0.0
0.020953 0.000907456 0.0
0.0208643 0.00104482 0.0
0.0207667 0.00120984 0.0
0.0206471 0.00139996 0.0
0.0205142 0.00160569 0.0
0.0203905 0.00185016 0.0
0.0202561 0.00215069 0.0
0.0200863 0.00247904 0.0
0.019934 0.00285083 0.0
0.019838 0.00331287 0.0
0.0197235 0.00383873 0.0
0.0196013 0.0044199 0.0
0.0196097 0.00507849 0.0
0.0197361 0.00578442 0.0
0.0199003 0.00658764 0.0
0.0201511 0.00737144 0.0
0.0204608 0.00793197 0.0
0.0208457 0.00853123 0.0
0.0212753 0.0089363 0.0
0.0214385 0.00894554 0.0
0.0211584 0.00877858 0.0
0.0206746 0.00850993 0.0
0.020066 0.00781173 0.0
0.0193011 0.00722577 0.0
0.0182393 0.00602183 0.0
0.0164958 0.00519379 0.0
0.0144889 0.00450128 0.0
0.0126116 0.00320647 0.0
0.0106245 0.00185044 0.0
0.00861645 0.00178175 0.0
0.00701267 0.00178952 0.0
0.00543017 0.000975499 0.0
0.00394752 0.000147636 0.0
0.00321142 -0.000145557 0.0
0.0029061 -0.000195298 0.0
0.00245414 -2.3735e-05 0.0
0.00130536 0.000264105 0.0
0.0 0.0 0.0
0.0 0.0 0.0
0.0 0.0 0.0
0.0 0.0 0.0
0.0 0.0 0.0
0.0 0.0 0.0
0.0 0.0 0.0
0.0 0.0 0.0
0.0 0.0 0.0
0.0 0.0 0.0
0.0 0.0 0.0
0.0 0.0 0.0
0.0 0.0 0.0
0.0 0.0 0.0
0.0 0.0 0.0
0.0 0.0 0.0
0.0 0.0 0.0
0.0 0.0 0.0
0.0 0.0 0.0
0.0 0.0 0.0
0.0 0.0 0.0
0.0 0.0 0.0
0.0 0.0 0.0
0.0 0.0 0.0
0.0 0.0 0.0
0.000589714 -0.000442388 0.0
0.00137158 -0.000320874 0.0
0.00172823 -0.000199987 0.0
0.00192273 -0.000182362 0.0
0.00214515 -0.0002166 0.0
0.002342 -0.000174237 0.0
0.00245987 -0.000149488 0.0
0.00255831 -0.000152724 0.0
0.00276252 -0.000222314 0.0
0.00321718 -0.000571242 0.0
0.00368888 -0.001066 0.0
0.00421328 -0.0010088 0.0
0.00493513 -0.00068667 0.0
0.00555254 -0.000530199 0.0
0.00598958 -0.000546602 0.0
0.00642603 -0.000604775 0.0
0.0068582 -0.0010257 0.0
0.00721199 -0.00133005 0.0
0.00753121 -0.00146642 0.0
0.00793899 -0.00119406 0.0
0.00848037 -0.00113926 0.0
0.00902967 -0.00117069 0.0
0.00948167 -0.00133256 0.0
0.00976085 -0.00153107 0.0
0.00995789 -0.00159565 0.0
0.0102465 -0.00154773 0.0
0.0106783 -0.00149534 0.0
0.0111496 -0.00146153 0.0
0.0115519 -0.00153567 0.0
0.0119257 -0.00160267 0.0
0.0122669 -0.0017858 0.0
0.0125706 -0.00186323 0.0
0.0128745 -0.00193678 0.0
0.0131419 -0.00200072 0.0
0.0134242 -0.00203017 0.0
0.0137216 -0.00210586 0.0
0.0139893 -0.0021594 0.0
0.0142393 -0.0022104 0.0
0.0144954 -0.00224062 0.0
0.0147608 -0.00230178 0.0
0.0150213 -0.00233866 0.0
0.0152704 -0.00237852 0.0
0.015505 -0.00242345 0.0
0.0157413 -0.00245943 0.0
0.0159673 -0.00250683 0.0
0.0161697 -0.00254541 0.0
0.0163645 -0.00259351 0.0
0.0165551 -0.00264234 0.0
0.0167305 -0.00268934 0.0
0.0168821 -0.00272977 0.0
0.0170159 -0.0027742 0.0
0.0171408 -0.00280473 0.0
0.0172512 -0.00281776 0.0
0.017338 -0.00281766 0.0
0.0174206 -0.00279563 0.0
0.0175132 -0.00276369 0.0
0.0176027 -0.00271262 0.0
0.0176872 -0.00264868 0.0
0.0177799 -0.00258182 0.0
0.0178823 -0.00250733 0.0
0.0179858 -0.00242621 0.0
0.0180873 -0.00234538 0.0
0.0181915 -0.00226399 0.0
0.0183002 -0.0021818 0.0
0.0184078 -0.00210052 0.0
0.0185117 -0.00202092 0.0
0.0186152 -0.00194237 0.0
0.0187191 -0.00186615 0.0
0.0188199 -0.00179218 0.0
0.0189168 -0.00172001 0.0
0.0190121 -0.00165008 0.0
0.0191055 -0.00158304 0.0
0.0191951 -0.00151816 0.0
0.0192814 -0.00145538 0.0
0.0193656 -0.00139521 0.0
0.019447 -0.00133762 0.0
0.0195249 -0.00128206 0.0
0.0196001 -0.00122876 0.0
0.0196729 -0.00117791 0.0
0.0197429 -0.00112924 0.0
0.01981 -0.00108253 0.0
0.0198748 -0.00103797 0.0
0.0199373 -0.000995529 0.0
0.0199974 -0.00095496 0.0
0.0200552 -0.00091622 0.0
0.020111 -0.000879385 0.0
0.0201648 -0.000844319 0.0
0.0202166 -0.00081088 0.0
0.0202667 -0.000779071 0.0
0.0203151 -0.000748869 0.0
0.0203618 -0.00072014 0.0
0.020407 -0.000692817 0.0
0.0204507 -0.000666885 0.0
0.0204931 -0.000642277 0.0
0.0205342 -0.000618898 0.0
0.020574 -0.000596708 0.0
0.0206127 -0.00057567 0.0
0.0206503 -0.000555714 0.0
0.0206868 -0.000536776 0.0
0.0207224 -0.000518824 0.0
0.0207571 -0.000501809 0.0
0.0207909 -0.000485673 0.0
0.0208239 -0.000470373 0.0
0.0208561 -0.000455873 0.0
0.0208876 -0.000442129 0.0
0.0209183 -0.000429096 0.0
0.0209484 -0.000416739 0.0
0.0209779 -0.000405026 0.0
0.0210067 -0.000393917 0.0
0.021035 -0.000383379 0.0
0.0210628 -0.000373382 0.0
0.02109 -0.000363898 0.0
0.0211167 -0.000354893 0.0
0.0211429 -0.000346343 0.0
0.0211687 -0.000338223 0.0
0.021194 -0.000330507 0.0
0.0212189 -0.00032317 0.0
0.0212434 -0.000316191 0.0
0.0212675 -0.000309549 0.0
0.0212912 -0.000303224 0.0
0.0213145 -0.000297196 0.0
0.0213374 -0.000291447 0.0
0.02136 -0.000285961 0.0
0.0213822 -0.000280719 0.0
0.0214041 -0.000275707 0.0
0.0214257 -0.000270911 0.0
0.0214469 -0.000266315 0.0
0.0214678 -0.000261907 0.0
0.0214884 -0.000257674 0.0
0.0215086 -0.000253603 0.0
0.0215286 -0.000249683 0.0
0.0215482 -0.000245904 0.0
0.0215676 -0.000242254 0.0
0.0215867 -0.000238723 0.0
0.0216054 -0.000235303 0.0
0.0216239 -0.000231983 0.0
0.0216421 -0.000228755 0.0
0.0216601 -0.000225611 0.0
0.0216777 -0.000222542 0.0
0.0216951 -0.00021954 0.0
0.0217122 -0.000216598 0.0
0.021729 -0.000213709 0.0
0.0217455 -0.000210865 0.0
0.0217618 -0.000208059 0.0
0.0217778 -0.000205284 0.0
0.0217936 -0.000202534 0.0
0.0218091 -0.000199802 0.0
0.0218243 -0.00019708 0.0
0.0218393 -0.000194363 0.0
0.021854 -0.000191643 0.0
0.0218684 -0.000188914 0.0
0.0218826 -0.000186168 0.0
0.0218965 -0.000183398 0.0
0.0219102 -0.000180598 0.0
0.0219236 -0.000177758 0.0
0.0219367 -0.000174871 0.0
0.0219496 -0.000171928 0.0
0.0219621 -0.000168921 0.0
0.0219745 -0.000165839 0.0
0.0219865 -0.000162671 0.0
0.0219982 -0.000159408 0.0
0.0220097 -0.000156034 0.0
0.0220209 -0.000152539 0.0
0.0220317 -0.000148904 0.0
0.0220423 -0.000145118 0.0
0.0220525 -0.000141155 0.0
0.0220624 -0.000137003 0.0
0.0220719 -0.000132629 0.0
0.0220811 -0.000128016 0.0
0.0220898 -0.000123123 0.0
0.0220982 -0.00011793 0.0
0.0221061 -0.000112379 0.0
0.0221136 -0.000106447 0.0
0.0221206 -0.000100054 0.0
0.0221271 -9.31739e-05 0.0
0.022133 -8.56902e-05 0.0
0.0221383 -7.75768e-05 0.0
0.0221429 -6.86635e-05 0.0
0.0221469 -5.89257e-05 0.0
0.0221501 -4.81098e-05 0.0
0.0221524 -3.62e-05 0.0
0.0221538 -2.28277e-05 0.0
0.0221543 -8.26327e-06 0.0
0.0221539 -2.72213e-07 0.0
0.0 0.0 0.0
0.0 0.0 0.0
0.0193167 -2.65168e-05 0.0
0.0193265 -6.35866e-05 0.0
0.0193374 -0.000106367 0.0
0.0193616 -0.000150982 0.0
0.0193972 -0.000185267 0.0
0.019432 -0.000220948 0.0
0.0194726 -0.000260192 0.0
0.0195276 -0.000287719 0.0
0.0195837 -0.000313194 0.0
0.0196387 -0.000344926 0.0
0.0197034 -0.000363934 0.0
0.0197739 -0.000377504 0.0
0.0198417 -0.00039875 0.0
0.019912 -0.000411907 0.0
0.0199869 -0.000414467 0.0
0.0200623 -0.000423622 0.0
0.0201367 -0.000430931 0.0
0.0202114 -0.000427722 0.0
0.0202869 -0.000425012 0.0
0.0203627 -0.000425572 0.0
0.0204361 -0.000418999 0.0
0.0205077 -0.000408989 0.0
0.0205798 -0.000401474 0.0
0.0206507 -0.00039197 0.0
0.0207177 -0.000377758 0.0
0.0207829 -0.000363929 0.0
0.0208479 -0.000349996 0.0
0.0209098 -0.000333062 0.0
0.0209675 -0.000314454 0.0
0.0210237 -0.000295921 0.0
0.0210782 -0.00027549 0.0
0.0211284 -0.000253032 0.0
0.0211748 -0.000229659 0.0
0.0212192 -0.000204913 0.0
0.0212602 -0.000177878 0.0
0.0212966 -0.000149264 0.0
0.0213293 -0.000118858 0.0
0.0213586 -8.59015e-05 0.0
0.0213834 -5.04479e-05 0.0
0.0214034 -1.26655e-05 0.0
0.0214187 2.85255e-05 0.0
0.0214293 7.33885e-05 0.0
0.0214347 0.000121644 0.0
0.0214343 0.00017417 0.0
0.0214277 0.000232552 0.0
0.0214154 0.000296227 0.0
0.0213965 0.000365291 0.0
0.02137 0.000442557 0.0
0.0213365 0.000529761 0.0
0.0212958 0.000624367 0.0
0.0212458 0.000728867 0.0
0.021188 0.000850261 0.0
0.0211237 0.000987032 0.0
0.0210474 0.00113383 0.0
0.0209613 0.0013038 0.0
0.0208758 0.00150682 0.0
0.0207804 0.00172718 0.0
0.0206665 0.00196885 0.0
0.0205642 0.00226746 0.0
0.0204811 0.00260943 0.0
0.0203754 0.00296864 0.0
0.0202758 0.00339744 0.0
0.0202532 0.00390135 0.0
0.0202707 0.00442597 0.0
0.0202888 0.00502183 0.0
0.0203886 0.0056742 0.0
0.0206241 0.00629477 0.0
0.0209717 0.00698837 0.0
0.0213452 0.00764477 0.0
0.0217118 0.00813712 0.0
0.0221216 0.00850282 0.0
0.0225053 0.00878874 0.0
0.0227717 0.00891689 0.0
0.0228335 0.00873096 0.0
0.0225947 0.00837801 0.0
0.0221757 0.0080441 0.0
0.0214177 0.00709239 0.0
0.0204097 0.00662442 0.0
0.0195882 0.00579908 0.0
0.0185217 0.00465604 0.0
0.0169753 0.00388356 0.0
0.0153118 0.00362264 0.0
0.0137665 0.00318188 0.0
0.0124743 0.00259804 0.0
0.0112507 0.00129444 0.0
0.0100215 0.00076698 0.0
0.00880755 0.000627901 0.0
0.00750373 0.00115045 0.0
0.00643981 0.00155798 0.0
0.00535906 0.000812334 0.0
0.00427025 8.51751e-05 0.0
0.00375727 -0.000116799 0.0
0.00358362 -0.000166144 0.0
0.0034789 -0.000183887 0.0
0.00336894 -0.000155187 0.0
0.00327091 -0.000182817 0.0
0.00321365 -0.000185061 0.0
0.0031678 -0.000186528 0.0
0.00312796 -0.000181595 0.0
0.00309938 -0.000188124 0.0
0.00308218 -0.000185009 0.0
0.00306877 -0.00018316 0.0
0.00306086 -0.000180409 0.0
0.00305867 -0.000178906 0.0
0.00306172 -0.000176503 0.0
0.00306899 -0.00017229 0.0
0.00308002 -0.000168121 0.0
0.00309267 -0.0001631 0.0
0.00311575 -0.000166863 0.0
0.00314335 -0.000152081 0.0
0.00316234 -0.000145169 0.0
0.00318039 -0.000145475 0.0
0.00331203 -0.00021592 0.0
0.00372576 -0.000605283 0.0
0.00417255 -0.00115525 0.0
0.00468426 -0.00107353 0.0
0.00539889 -0.000714748 0.0
0.00597984 -0.000548299 0.0
0.00636255 -0.000519051 0.0
0.00670333 -0.000443078 0.0
0.00705554 -0.000373553 0.0
0.00737228 -0.000399937 0.0
0.00770726 -0.000514292 0.0
0.00802043 -0.00101701 0.0
0.00828587 -0.00136456 0.0
0.00855784 -0.00151799 0.0
0.00889394 -0.00124099 0.0
0.0093583 -0.00104965 0.0
0.00987427 -0.00104737 0.0
0.0103956 -0.00113128 0.0
0.010823 -0.00132198 0.0
0.0110463 -0.00155196 0.0
0.0111816 -0.00166209 0.0
0.0114528 -0.00161721 0.0
0.0118611 -0.00163316 0.0
0.0122658 -0.00163351 0.0
0.0126474 -0.00167956 0.0
0.0129603 -0.00182954 0.0
0.0132367 -0.00185051 0.0
0.0135389 -0.0018868 0.0
0.0138412 -0.00189225 0.0
0.0141787 -0.0018541 0.0
0.0145263 -0.00189487 0.0
0.0148541 -0.00195155 0.0
0.0151453 -0.00205424 0.0
0.0153921 -0.00212974 0.0
0.015624 -0.00219651 0.0
0.0158615 -0.00224188 0.0
0.0161067 -0.00231857 0.0
0.0163462 -0.00236062 0.0
0.0165766 -0.00240234 0.0
0.0167932 -0.00245112 0.0
0.0170123 -0.00248511 0.0
0.0172242 -0.00252691 0.0
0.0174164 -0.00255871 0.0
0.0176055 -0.00259483 0.0
0.0177948 -0.00262982 0.0
0.0179761 -0.00266643 0.0
0.0181476 -0.00269359 0.0
0.0183115 -0.00273086 0.0
0.0184679 -0.00276671 0.0
0.0186127 -0.00279999 0.0
0.0187381 -0.00283298 0.0
0.0188512 -0.00285604 0.0
0.0189535 -0.00288446 0.0
0.0190372 -0.00289937 0.0
0.0191055 -0.00290041 0.0
0.019167 -0.00288751 0.0
0.0192261 -0.0028685 0.0
0.0192775 -0.00283354 0.0
0.0193259 -0.00277842 0.0
0.0193788 -0.002722 0.0
0.0194342 -0.00265915 0.0
0.0194894 -0.00258415 0.0
0.019546 -0.00250594 0.0
0.0196052 -0.00242859 0.0
0.0196673 -0.00234798 0.0
0.0197298 -0.00226544 0.0
0.0197907 -0.00218397 0.0
0.0198518 -0.00210403 0.0
0.0199144 -0.00202464 0.0
0.0199753 -0.0019466 0.0
0.0200334 -0.00187047 0.0
0.0200911 -0.00179665 0.0
0.0201482 -0.00172487 0.0
0.0202027 -0.00165515 0.0
0.0202546 -0.00158773 0.0
0.0203056 -0.00152292 0.0
0.020355 -0.0014604 0.0
0.0204017 -0.0014001 0.0
0.0204465 -0.00134222 0.0
0.02049 -0.00128684 0.0
0.0205315 -0.00123364 0.0
0.0205709 -0.00118264 0.0
0.0206088 -0.00113394 0.0
0.0206453 -0.00108745 0.0
0.02068 -0.00104297 0.0
0.0207131 -0.00100052 0.0
0.0207451 -0.000960123 0.0
0.0207757 -0.000921621 0.0
0.0208049 -0.000884907 0.0
0.020833 -0.00085 0.0
0.0208601 -0.00081683 0.0
0.0208861 -0.000785272 0.0
0.0209111 -0.00075527 0.0
0.0209353 -0.000726804 0.0
0.0209586 -0.000699782 0.0
0.0209812 -0.000674116 0.0
0.021003 -0.000649768 0.0
0.0210242 -0.000626689 0.0
0.0210448 -0.000604796 0.0
0.0210648 -0.000584031 0.0
0.0210844 -0.000564354 0.0
0.0211034 -0.000545709 0.0
0.021122 -0.000528032 0.0
0.0211402 -0.000511278 0.0
0.021158 -0.000495407 0.0
0.0211755 -0.000480366 0.0
0.0211926 -0.000466107 0.0
0.0212095 -0.000452594 0.0
0.0212261 -0.000439787 0.0
0.0212424 -0.000427644 0.0
0.0212585 -0.000416128 0.0
0.0212744 -0.000405206 0.0
0.0212901 -0.000394845 0.0
0.0213056 -0.00038501 0.0
0.0213209 -0.000375673 0.0
0.021336 -0.000366805 0.0
0.021351 -0.000358378 0.0
0.0213658 -0.000350366 0.0
0.0213805 -0.000342746 0.0
0.021395 -0.000335492 0.0
0.0214094 -0.000328584 0.0
0.0214236 -0.000321999 0.0
0.0214377 -0.000315719 0.0
0.0214517 -0.000309723 0.0
0.0214655 -0.000303995 0.0
0.0214793 -0.000298516 0.0
0.0214928 -0.000293272 0.0
0.0215063 -0.000288246 0.0
0.0215196 -0.000283425 0.0
0.0215328 -0.000278793 0.0
0.0215459 -0.000274339 0.0
0.0215589 -0.00027005 0.0
0.0215717 -0.000265913 0.0
0.0215844 -0.000261919 0.0
0.0215969 -0.000258055 0.0
0.0216093 -0.000254312 0.0
0.0216216 -0.00025068 0.0
0.0216338 -0.00024715 0.0
0.0216458 -0.000243712 0.0
0.0216577 -0.000240359 0.0
0.0216694 -0.000237082 0.0
0.021681 -0.000233872 0.0
0.0216925 -0.000230723 0.0
0.0217038 -0.000227626 0.0
0.0217149 -0.000224575 0.0
0.021726 -0.000221562 0.0
0.0217368 -0.00021858 0.0
0.0217476 -0.000215622 0.0
0.0217581 -0.000212682 0.0
0.0217685 -0.000209752 0.0
0.0217788 -0.000206825 0.0
0.0217889 -0.000203896 0.0
0.0217988 -0.000200955 0.0
0.0218086 -0.000197997 0.0
0.0218182 -0.000195013 0.0
0.0218277 -0.000191996 0.0
0.021837 -0.000188938 0.0
0.0218461 -0.00018583 0.0
0.021855 -0.000182663 0.0
0.0218637 -0.000179427 0.0
0.0218723 -0.000176113 0.0
0.0218806 -0.000172708 0.0
0.0218888 -0.000169201 0.0
0.0218968 -0.000165578 0.0
0.0219045 -0.000161826 0.0
0.0219121 -0.000157925 0.0
0.0219194 -0.000153863 0.0
0.0219265 -0.000149614 0.0
0.0219333 -0.000145163 0.0
0.0219399 -0.000140475 0.0
0.0219461 -0.000135534 0.0
0.0219522 -0.000130295 0.0
0.0219579 -0.000124736 0.0
0.0219632 -0.000118795 0.0
0.0219683 -0.000112451 0.0
0.0219729 -0.000105617 0.0
0.0219772 -9.8265e-05 0.0
0.0219811 -9.02745e-05 0.0
0.0219845 -8.16181e-05 0.0
0.0219874 -7.21181e-05 0.0
0.0219898 -6.1748e-05 0.0
0.0219917 -5.02488e-05 0.0
0.021993 -3.76025e-05 0.0
0.0219936 -2.34357e-05 0.0
0.0219937 -8.06535e-06 0.0
0.0219932 3.44292e-07 0.0
0.0 0.0 0.0
0.0 0.0 0.0
0.0193087 -3.0997e-05 0.0
0.0193204 -7.70021e-05 0.0
0.0193431 -0.000125527 0.0
0.0193664 -0.000180037 0.0
0.0193985 -0.000224553 0.0
0.0194435 -0.000259695 0.0
0.0194903 -0.00030586 0.0
0.0195421 -0.000349769 0.0
0.0196039 -0.000372261 0.0
0.0196682 -0.00040034 0.0
0.0197345 -0.000436663 0.0
0.0198074 -0.000453832 0.0
0.0198816 -0.000463795 0.0
0.0199568 -0.000485264 0.0
0.0200354 -0.000497902 0.0
0.0201138 -0.000498432 0.0
0.0201919 -0.000502793 0.0
0.0202721 -0.000508428 0.0
0.0203507 -0.000504297 0.0
0.0204273 -0.000497627 0.0
0.0205052 -0.000493034 0.0
0.0205818 -0.000485467 0.0
0.0206542 -0.000472788 0.0
0.0207263 -0.000460005 0.0
0.0207983 -0.000446833 0.0
0.0208658 -0.000430887 0.0
0.02093 -0.000412463 0.0
0.0209943 -0.000393695 0.0
0.0210557 -0.000373602 0.0
0.0211121 -0.000351415 0.0
0.0211665 -0.000327536 0.0
0.0212194 -0.000302657 0.0
0.0212675 -0.000276024 0.0
0.0213116 -0.000247455 0.0
0.0213535 -0.000217045 0.0
0.0213918 -0.000184791 0.0
0.0214252 -0.000150229 0.0
0.021455 -0.000113351 0.0
0.0214814 -7.37307e-05 0.0
0.0215027 -3.10364e-05 0.0
0.0215193 1.47656e-05 0.0
0.0215321 6.40313e-05 0.0
0.0215394 0.000118042 0.0
0.021541 0.000176652 0.0
0.0215382 0.000239637 0.0
0.0215301 0.00030909 0.0
0.0215146 0.000386535 0.0
0.0214934 0.000469897 0.0
0.0214676 0.000561109 0.0
0.0214348 0.000665389 0.0
0.0213929 0.000780653 0.0
0.0213459 0.000903891 0.0
0.0212962 0.00104558 0.0
0.0212375 0.00120972 0.0
0.0211676 0.00138486 0.0
0.0210997 0.00157873 0.0
0.0210365 0.00181231 0.0
0.0209597 0.00207182 0.0
0.0208777 0.00234665 0.0
0.0208257 0.0026704 0.0
0.0207891 0.00304582 0.0
0.020742 0.00344795 0.0
0.020733 0.00389033 0.0
0.0207941 0.00437904 0.0
0.0208929 0.00491516 0.0
0.0210487 0.00550347 0.0
0.0212726 0.00604965 0.0
0.0215593 0.00660977 0.0
0.0219668 0.00721843 0.0
0.0224473 0.00771164 0.0
0.0228771 0.00808817 0.0
0.0232898 0.00843602 0.0
0.0237086 0.0085922 0.0
0.0240169 0.00863052 0.0
0.0241997 0.00851394 0.0
0.024239 0.00823616 0.0
0.0240194 0.00783181 0.0
0.0235798 0.0072879 0.0
0.0230313 0.00662759 0.0
0.0221275 0.00591506 0.0
0.0210065 0.00530365 0.0
0.0200359 0.00466947 0.0
0.0192858 0.00422302 0.0
0.0185232 0.00354947 0.0
0.0173543 0.00271066 0.0
0.0159608 0.00213755 0.0
0.0147189 0.00176028 0.0
0.0138238 0.00220792 0.0
0.0131119 0.00231587 0.0
0.0123847 0.00193533 0.0
0.0115656 0.000850914 0.0
0.0108092 0.000413549 0.0
0.0102517 0.000138343 0.0
0.00977377 7.55849e-05 0.0
0.00942697 3.36859e-05 0.0
0.00921224 -5.31274e-05 0.0
0.00903369 -7.31155e-05 0.0
0.00886888 -9.40593e-05 0.0
0.00875323 -0.000119233 0.0
0.00867624 -0.000144528 0.0
0.00861052 -0.000147764 0.0
0.00856006 -0.000159872 0.0
0.00853566 -0.000171767 0.0
0.00852542 -0.000176496 0.0
0.00852087 -0.000180613 0.0
0.00853311 -0.000189901 0.0
0.00856623 -0.000193339 0.0
0.00860262 -0.000190362 0.0
0.00864604 -0.000209728 0.0
0.00872711 -0.000212564 0.0
0.00883662 -0.000199209 0.0
0.00894949 -0.000258137 0.0
0.00913274 -0.000399531 0.0
0.00931042 -0.000967106 0.0
0.00943574 -0.00135761 0.0
0.00957897 -0.0015282 0.0
0.00982352 -0.00120802 0.0
0.010202 -0.00100522 0.0
0.0105873 -0.000875251 0.0
0.0109401 -0.000811119 0.0
0.0113119 -0.000731383 0.0
0.0117275 -0.000808236 0.0
0.0121537 -0.00093982 0.0
0.0124772 -0.00119467 0.0
0.0125846 -0.0014954 0.0
0.0126142 -0.00161722 0.0
0.0127865 -0.0015852 0.0
0.0131414 -0.00152898 0.0
0.0135546 -0.00148428 0.0
0.0139102 -0.00155802 0.0
0.0142377 -0.00163452 0.0
0.0145223 -0.0018082 0.0
0.0147695 -0.00187153 0.0
0.015026 -0.00194618 0.0
0.0152796 -0.0019541 0.0
0.0155487 -0.00196523 0.0
0.015835 -0.00200617 0.0
0.0160979 -0.00207707 0.0
0.0163354 -0.00211233 0.0
0.0165682 -0.00214331 0.0
0.0167931 -0.00215435 0.0
0.0170492 -0.00217321 0.0
0.0173326 -0.0022036 0.0
0.0176005 -0.00224815 0.0
0.0178413 -0.00229614 0.0
0.0180638 -0.00236463 0.0
0.0182734 -0.00242535 0.0
0.018482 -0.00246581 0.0
0.0186713 -0.00251945 0.0
0.0188375 -0.00256037 0.0
0.0190098 -0.00260128 0.0
0.0191845 -0.002639 0.0
0.0193462 -0.0026759 0.0
0.0195004 -0.00269947 0.0
0.0196542 -0.00273459 0.0
0.0198042 -0.0027659 0.0
0.0199459 -0.00278868 0.0
0.0200737 -0.00281601 0.0
0.020196 -0.00283911 0.0
0.0203152 -0.00286805 0.0
0.0204203 -0.00288907 0.0
0.0205113 -0.00290905 0.0
0.0205936 -0.00293114 0.0
0.0206687 -0.00294837 0.0
0.0207304 -0.0029557 0.0
0.0207758 -0.00295594 0.0
0.0208123 -0.00295236 0.0
0.0208457 -0.00293426 0.0
0.0208702 -0.00290448 0.0
0.0208847 -0.00286296 0.0
0.0209012 -0.00281576 0.0
0.0209208 -0.00275933 0.0
0.0209366 -0.00269063 0.0
0.020951 -0.00262008 0.0
0.0209697 -0.00254738 0.0
0.0209913 -0.00246842 0.0
0.0210117 -0.00238715 0.0
0.0210312 -0.00230731 0.0
0.0210533 -0.00222659 0.0
0.0210771 -0.0021453 0.0
0.021099 -0.00206544 0.0
0.0211195 -0.00198726 0.0
0.0211414 -0.00191017 0.0
0.0211632 -0.00183502 0.0
0.0211827 -0.00176199 0.0
0.0212011 -0.00169099 0.0
0.0212198 -0.00162222 0.0
0.0212374 -0.00155594 0.0
0.0212531 -0.00149186 0.0
0.021268 -0.00143011 0.0
0.0212825 -0.00137089 0.0
0.0212956 -0.00131405 0.0
0.0213074 -0.00125941 0.0
0.0213186 -0.00120715 0.0
0.0213291 -0.00115724 0.0
0.0213385 -0.00110949 0.0
0.021347 -0.00106385 0.0
0.021355 -0.0010204 0.0
0.0213623 -0.000979008 0.0
0.0213689 -0.000939531 0.0
0.021375 -0.00090197 0.0
0.0213806 -0.000866299 0.0
0.0213858 -0.000832375 0.0
0.0213905 -0.000800125 0.0
0.021395 -0.000769531 0.0
0.0213991 -0.000740514 0.0
0.021403 -0.000712966 0.0
0.0214067 -0.000686843 0.0
0.0214102 -0.000662098 0.0
0.0214136 -0.000638646 0.0
0.0214168 -0.000616415 0.0
0.0214201 -0.000595365 0.0
0.0214233 -0.000575436 0.0
0.0214264 -0.000556559 0.0
0.0214296 -0.000538681 0.0
0.0214328 -0.00052176 0.0
0.0214361 -0.000505739 0.0
0.0214394 -0.000490565 0.0
0.0214427 -0.000476197 0.0
0.0214462 -0.000462593 0.0
0.0214498 -0.000449705 0.0
0.0214534 -0.000437493 0.0
0.0214572 -0.000425922 0.0
0.021461 -0.000414954 0.0
0.021465 -0.000404553 0.0
0.0214691 -0.000394685 0.0
0.0214734 -0.000385321 0.0
0.0214777 -0.00037643 0.0
0.0214822 -0.000367982 0.0
0.0214867 -0.000359952 0.0
0.0214914 -0.000352315 0.0
0.0214962 -0.000345045 0.0
0.0215011 -0.00033812 0.0
0.0215061 -0.000331519 0.0
0.0215112 -0.00032522 0.0
0.0215164 -0.000319205 0.0
0.0215216 -0.000313454 0.0
0.021527 -0.000307952 0.0
0.0215324 -0.000302681 0.0
0.0215379 -0.000297625 0.0
0.0215434 -0.000292771 0.0
0.021549 -0.000288104 0.0
0.0215547 -0.00028361 0.0
0.0215604 -0.000279278 0.0
0.0215661 -0.000275096 0.0
0.0215719 -0.000271051 0.0
0.0215777 -0.000267134 0.0
0.0215835 -0.000263335 0.0
0.0215894 -0.000259642 0.0
0.0215952 -0.000256048 0.0
0.0216011 -0.000252544 0.0
0.0216069 -0.00024912 0.0
0.0216128 -0.000245768 0.0
0.0216186 -0.000242482 0.0
0.0216244 -0.000239252 0.0
0.0216302 -0.000236071 0.0
0.0216359 -0.000232933 0.0
0.0216417 -0.00022983 0.0
0.0216474 -0.000226756 0.0
0.021653 -0.000223702 0.0
0.0216586 -0.000220663 0.0
0.0216642 -0.000217631 0.0
0.0216697 -0.000214599 0.0
0.0216752 -0.000211561 0.0
0.0216806 -0.000208509 0.0
0.0216859 -0.000205435 0.0
0.0216912 -0.000202334 0.0
0.0216963 -0.000199194 0.0
0.0217015 -0.000196011 0.0
0.0217065 -0.000192772 0.0
0.0217114 -0.000189471 0.0
0.0217163 -0.000186096 0.0
0.021721 -0.000182637 0.0
0.0217256 -0.000179082 0.0
0.0217302 -0.000175419 0.0
0.0217346 -0.000171633 0.0
0.0217389 -0.000167711 0.0
0.021743 -0.000163632 0.0
0.0217471 -0.000159384 0.0
0.0217509 -0.000154938 0.0
0.0217547 -0.00015028 0.0
0.0217582 -0.000145374 0.0
0.0217616 -0.000140202 0.0
0.0217648 -0.000134717 0.0
0.0217678 -0.000128898 0.0
0.0217705 -0.000122682 0.0
0.0217731 -0.000116043 0.0
0.0217754 -0.000108895 0.0
0.0217774 -0.00010121 0.0
0.0217792 -9.2865e-05 0.0
0.0217807 -8.38304e-05 0.0
0.0217819 -7.39294e-05 0.0
0.0217828 -6.3134e-05 0.0
0.0217833 -5.1188e-05 0.0
0.0217835 -3.80706e-05 0.0
0.0217834 -2.34212e-05 0.0
0.021783 -7.60635e-06 0.0
0.0217824 1.01628e-06 0.0
0.0 0.0 0.0
0.0 0.0 0.0
0.0193142 -2.99709e-05 0.0
0.0193231 -9.80253e-05 0.0
0.0193456 -0.000154855 0.0
0.0193732 -0.000201328 0.0
0.0194038 -0.000262427 0.0
0.019453 -0.000318538 0.0
0.0195104 -0.000354459 0.0
0.0195627 -0.00039995 0.0
0.0196249 -0.000446331 0.0
0.0197013 -0.000471938 0.0
0.0197737 -0.000499534 0.0
0.019846 -0.00053244 0.0
0.0199278 -0.000547266 0.0
0.0200116 -0.000559473 0.0
0.0200923 -0.000576731 0.0
0.0201749 -0.00058387 0.0
0.0202592 -0.000583104 0.0
0.0203434 -0.000586782 0.0
0.0204261 -0.00058591 0.0
0.0205068 -0.000577753 0.0
0.020587 -0.000569707 0.0
0.0206674 -0.000561594 0.0
0.0207443 -0.000547785 0.0
0.0208175 -0.00053239 0.0
0.0208906 -0.000516911 0.0
0.0209623 -0.000498646 0.0
0.0210289 -0.000477627 0.0
0.0210924 -0.000456445 0.0
0.0211554 -0.000433319 0.0
0.0212149 -0.000407769 0.0
0.0212693 -0.000381121 0.0
0.0213212 -0.000353273 0.0
0.0213712 -0.000322797 0.0
0.0214166 -0.000290631 0.0
0.0214574 -0.000257037 0.0
0.0214957 -0.000220984 0.0
0.0215306 -0.000182187 0.0
0.0215605 -0.000141404 0.0
0.0215863 -9.78551e-05 0.0
0.0216087 -5.07212e-05 0.0
0.0216267 -2.37661e-07 0.0
0.0216397 5.35896e-05 0.0
0.0216482 0.000112161 0.0
0.0216528 0.000175931 0.0
0.021652 0.000244498 0.0
0.0216457 0.000318881 0.0
0.0216353 0.000401339 0.0
0.0216202 0.000491422 0.0
0.0215981 0.000588637 0.0
0.0215713 0.00069676 0.0
0.0215422 0.000818475 0.0
0.0215061 0.000950199 0.0
0.0214617 0.00109428 0.0
0.0214196 0.00126003 0.0
0.0213779 0.00144463 0.0
0.0213227 0.00164223 0.0
0.0212683 0.00186728 0.0
0.021235 0.00212641 0.0
0.0211984 0.00240363 0.0
0.0211501 0.00271121 0.0
0.0211392 0.00306368 0.0
0.0211701 0.00343965 0.0
0.0212001 0.00385112 0.0
0.0212581 0.00431487 0.0
0.0213911 0.00477072 0.0
0.0215886 0.00525908 0.0
0.0218357 0.00580601 0.0
0.0221337 0.00630441 0.0
0.0225006 0.00675225 0.0
0.0229448 0.00723888 0.0
0.023429 0.00765993 0.0
0.023922 0.00796223 0.0
0.0243901 0.00814616 0.0
0.024824 0.00834767 0.0
0.0251906 0.00830423 0.0
0.0253842 0.00813771 0.0
0.0255336 0.00801264 0.0
0.0255445 0.00749996 0.0
0.02532 0.0071135 0.0
0.0249859 0.00664745 0.0
0.0245374 0.00606327 0.0
0.0238721 0.00548858 0.0
0.0231519 0.0050927 0.0
0.0224183 0.00433727 0.0
0.0216021 0.00380472 0.0
0.0207389 0.00329546 0.0
0.019719 0.00285119 0.0
0.0188839 0.00280414 0.0
0.0185106 0.00273102 0.0
0.0182543 0.0023662 0.0
0.0176547 0.00176717 0.0
0.0168006 0.00125305 0.0
0.0160113 0.000727848 0.0
0.0154502 0.000546659 0.0
0.0150491 0.00035846 0.0
0.0146708 0.000233619 0.0
0.0143533 0.000148124 0.0
0.014131 7.49728e-05 0.0
0.013957 8.3518e-06 0.0
0.0138008 -3.66338e-05 0.0
0.0136844 -7.1435e-05 0.0
0.0136059 -0.000108071 0.0
0.0135452 -0.000138757 0.0
0.0135045 -0.000160558 0.0
0.0134926 -0.000181436 0.0
0.0134943 -0.000207274 0.0
0.0135095 -0.000227812 0.0
0.0135574 -0.000245973 0.0
0.0136278 -0.000274965 0.0
0.0136944 -0.00031469 0.0
0.013806 -0.000322375 0.0
0.0140002 -0.000478115 0.0
0.0142394 -0.000669057 0.0
0.0143841 -0.000976549 0.0
0.0143068 -0.00132388 0.0
0.0141539 -0.00148046 0.0
0.0141705 -0.00143294 0.0
0.0143872 -0.00136862 0.0
0.0146884 -0.00120951 0.0
0.0149906 -0.00114825 0.0
0.0153012 -0.00109962 0.0
0.0156292 -0.00116178 0.0
0.0159159 -0.00128941 0.0
0.0161852 -0.00141003 0.0
0.0163775 -0.00164812 0.0
0.0165153 -0.00172389 0.0
0.0166843 -0.00181185 0.0
0.0168687 -0.00183709 0.0
0.0171111 -0.00180691 0.0
0.0173787 -0.00185276 0.0
0.0176315 -0.00191642 0.0
0.0178515 -0.00202153 0.0
0.0180438 -0.00207911 0.0
0.0182141 -0.00215083 0.0
0.018392 -0.00217076 0.0
0.0186102 -0.00222419 0.0
0.0188272 -0.00226404 0.0
0.0190314 -0.00228553 0.0
0.0192237 -0.00233941 0.0
0.0194149 -0.00236357 0.0
0.0196196 -0.00237463 0.0
0.0198184 -0.00240842 0.0
0.0200053 -0.00243064 0.0
0.0201944 -0.00246445 0.0
0.0203792 -0.00250636 0.0
0.0205523 -0.00255023 0.0
0.0207092 -0.00259674 0.0
0.0208534 -0.00264415 0.0
0.020996 -0.00267395 0.0
0.0211357 -0.00271672 0.0
0.0212651 -0.00275436 0.0
0.0213868 -0.00277937 0.0
0.0214993 -0.00280953 0.0
0.0216082 -0.00283345 0.0
0.021714 -0.00285976 0.0
0.0218081 -0.00287971 0.0
0.0218944 -0.00289969 0.0
0.0219781 -0.00291932 0.0
0.0220563 -0.00293769 0.0
0.0221239 -0.00295275 0.0
0.0221817 -0.0029667 0.0
0.0222329 -0.00297946 0.0
0.0222761 -0.00298696 0.0
0.0223053 -0.00299288 0.0
0.0223225 -0.00299068 0.0
0.0223346 -0.00298191 0.0
0.0223392 -0.00296706 0.0
0.0223321 -0.00294321 0.0
0.0223188 -0.00290767 0.0
0.0223064 -0.0028643 0.0
0.0222913 -0.00281608 0.0
0.0222704 -0.00275595 0.0
0.0222506 -0.00268938 0.0
0.0222341 -0.00262149 0.0
0.022217 -0.00254745 0.0
0.0221989 -0.00246898 0.0
0.0221824 -0.00239031 0.0
0.022168 -0.002311 0.0
0.0221543 -0.00222995 0.0
0.02214 -0.00214926 0.0
0.022126 -0.00206978 0.0
0.0221134 -0.00199135 0.0
0.0221012 -0.00191405 0.0
0.0220879 -0.00183851 0.0
0.0220746 -0.00176493 0.0
0.022062 -0.00169353 0.0
0.0220491 -0.00162423 0.0
0.0220353 -0.00155711 0.0
0.0220214 -0.0014924 0.0
0.0220079 -0.00143021 0.0
0.0219937 -0.00137028 0.0
0.021979 -0.00131268 0.0
0.0219644 -0.00125757 0.0
0.0219498 -0.00120486 0.0
0.0219347 -0.00115434 0.0
0.0219195 -0.0011061 0.0
0.0219044 -0.00106016 0.0
0.0218892 -0.00101635 0.0
0.0218739 -0.000974568 0.0
0.0218586 -0.000934857 0.0
0.0218436 -0.000897142 0.0
0.0218286 -0.000861271 0.0
0.0218136 -0.000827196 0.0
0.021799 -0.000794907 0.0
0.0217845 -0.000764289 0.0
0.0217703 -0.000735242 0.0
0.0217563 -0.000707729 0.0
0.0217427 -0.000681698 0.0
0.0217294 -0.000657043 0.0
0.0217164 -0.0006337 0.0
0.0217037 -0.000611627 0.0
0.0216915 -0.000590755 0.0
0.0216796 -0.000571005 0.0
0.0216682 -0.000552328 0.0
0.0216571 -0.000534678 0.0
0.0216465 -0.000517987 0.0
0.0216363 -0.000502201 0.0
0.0216265 -0.000487277 0.0
0.0216171 -0.000473168 0.0
0.0216082 -0.00045982 0.0
0.0215996 -0.000447191 0.0
0.0215915 -0.000435245 0.0
0.0215838 -0.000423938 0.0
0.0215765 -0.00041323 0.0
0.0215696 -0.000403087 0.0
0.0215631 -0.000393477 0.0
0.021557 -0.000384364 0.0
0.0215512 -0.000375719 0.0
0.0215459 -0.000367513 0.0
0.0215408 -0.000359718 0.0
0.0215362 -0.000352308 0.0
0.0215318 -0.000345259 0.0
0.0215278 -0.000338547 0.0
0.0215241 -0.000332151 0.0
0.0215207 -0.000326048 0.0
0.0215176 -0.000320221 0.0
0.0215148 -0.000314651 0.0
0.0215122 -0.00030932 0.0
0.0215099 -0.000304211 0.0
0.0215078 -0.00029931 0.0
0.021506 -0.0002946 0.0
0.0215044 -0.00029007 0.0
0.021503 -0.000285704 0.0
0.0215018 -0.000281492 0.0
0.0215007 -0.000277421 0.0
0.0214999 -0.00027348 0.0
0.0214992 -0.000269658 0.0
0.0214987 -0.000265946 0.0
0.0214984 -0.000262334 0.0
0.0214982 -0.000258813 0.0
0.0214981 -0.000255374 0.0
0.0214981 -0.000252008 0.0
0.0214983 -0.000248708 0.0
0.0214985 -0.000245467 0.0
0.0214989 -0.000242276 0.0
0.0214993 -0.000239128 0.0
0.0214999 -0.000236016 0.0
0.0215005 -0.000232934 0.0
0.0215011 -0.000229874 0.0
0.0215019 -0.000226829 0.0
0.0215027 -0.000223794 0.0
0.0215035 -0.000220761 0.0
0.0215044 -0.000217723 0.0
0.0215053 -0.000214673 0.0
0.0215063 -0.000211604 0.0
0.0215073 -0.000208509 0.0
0.0215082 -0.00020538 0.0
0.0215093 -0.000202209 0.0
0.0215103 -0.000198989 0.0
0.0215113 -0.000195708 0.0
0.0215123 -0.00019236 0.0
0.0215133 -0.000188932 0.0
0.0215143 -0.000185415 0.0
0.0215153 -0.000181795 0.0
0.0215163 -0.000178062 0.0
0.0215172 -0.000174199 0.0
0.0215181 -0.000170193 0.0
0.0215189 -0.000166023 0.0
0.0215197 -0.000161676 0.0
0.0215204 -0.000157124 0.0
0.0215211 -0.000152351 0.0
0.0215216 -0.000147321 0.0
0.0215221 -0.000142016 0.0
0.0215226 -0.000136388 0.0
0.0215229 -0.000130416 0.0
0.0215231 -0.000124037 0.0
0.0215232 -0.000117225 0.0
0.0215232 -0.000109893 0.0
0.021523 -0.000102015 0.0
0.0215228 -9.34683e-05 0.0
0.0215224 -8.42225e-05 0.0
0.0215219 -7.41086e-05 0.0
0.0215213 -6.30963e-05 0.0
0.0215205 -5.09397e-05 0.0
0.0215197 -3.76166e-05 0.0
0.0215188 -2.2795e-05 0.0
0.021518 -6.89146e-06 0.0
0.0215172 1.74306e-06 0.0
0.0 0.0 0.0
0.0 0.0 0.0
0.0193159 -3.92308e-05 0.0
0.019324 -0.000109693 0.0
0.0193393 -0.000179417 0.0
0.019378 -0.000239328 0.0
0.0194244 -0.000300927 0.0
0.0194667 -0.000369993 0.0
0.019523 -0.000419009 0.0
0.0195945 -0.000457752 0.0
0.0196634 -0.000513667 0.0
0.0197364 -0.000556713 0.0
0.0198181 -0.000574063 0.0
0.0199024 -0.000605999 0.0
0.0199877 -0.000638518 0.0
0.0200746 -0.000647449 0.0
0.0201622 -0.0006546 0.0
0.020253 -0.000671154 0.0
0.0203423 -0.000674882 0.0
0.0204279 -0.000669061 0.0
0.0205155 -0.000667097 0.0
0.0206042 -0.000664267 0.0
0.0206866 -0.00065205 0.0
0.0207665 -0.000638243 0.0
0.0208489 -0.000625375 0.0
0.0209274 -0.000609083 0.0
0.0209993 -0.000588344 0.0
0.021071 -0.000567418 0.0
0.0211423 -0.000545233 0.0
0.0212072 -0.000520278 0.0
0.0212677 -0.0004932 0.0
0.0213279 -0.000465287 0.0
0.0213846 -0.000435349 0.0
0.0214354 -0.000403389 0.0
0.0214833 -0.000369709 0.0
0.0215291 -0.000334233 0.0
0.0215702 -0.000296415 0.0
0.0216066 -0.000256614 0.0
0.0216401 -0.000214412 0.0
0.0216701 -0.000169314 0.0
0.0216952 -0.00012141 0.0
0.0217166 -7.07485e-05 0.0
0.0217343 -1.60493e-05 0.0
0.0217474 4.28935e-05 0.0
0.0217564 0.000105417 0.0
0.0217616 0.000172803 0.0
0.0217623 0.000247051 0.0
0.0217584 0.000326751 0.0
0.0217507 0.000411795 0.0
0.0217394 0.000506533 0.0
0.0217232 0.000611423 0.0
0.0217022 0.000722419 0.0
0.0216794 0.000844397 0.0
0.0216544 0.000984213 0.0
0.0216237 0.00113505 0.0
0.0215901 0.00129518 0.0
0.0215618 0.00147979 0.0
0.021534 0.00168828 0.0
0.0214998 0.00190622 0.0
0.0214752 0.00214809 0.0
0.0214701 0.00242705 0.0
0.0214683 0.00272683 0.0
0.0214745 0.00304666 0.0
0.0215163 0.00340105 0.0
0.0215907 0.00378099 0.0
0.0216954 0.00419535 0.0
0.0218428 0.00462137 0.0
0.0220292 0.00504601 0.0
0.0222797 0.00550397 0.0
0.0226108 0.00596812 0.0
0.0229703 0.00637426 0.0
0.023366 0.00678711 0.0
0.0238436 0.00715228 0.0
0.0243485 0.00746449 0.0
0.0248358 0.00769572 0.0
0.0253346 0.00786318 0.0
0.0258145 0.00792262 0.0
0.0261975 0.00791165 0.0
0.0265352 0.00777747 0.0
0.02673 0.00752195 0.0
0.0267619 0.00728874 0.0
0.0267192 0.00685365 0.0
0.0265832 0.00641937 0.0
0.0263327 0.00599461 0.0
0.0260208 0.00555573 0.0
0.0256038 0.00499567 0.0
0.0250777 0.00448693 0.0
0.0245174 0.004029 0.0
0.0238883 0.00372287 0.0
0.0232567 0.0033892 0.0
0.0227794 0.00315634 0.0
0.0223805 0.00273164 0.0
0.0219464 0.00238634 0.0
0.0214987 0.001876 0.0
0.0209454 0.0013758 0.0
0.0203872 0.00106506 0.0
0.0198943 0.000777134 0.0
0.0194709 0.000604338 0.0
0.0191384 0.00043235 0.0
0.0188637 0.000305115 0.0
0.0186207 0.00020424 0.0
0.0184192 0.000121698 0.0
0.0182698 4.13087e-05 0.0
0.0181529 -1.94871e-05 0.0
0.0180575 -7.03168e-05 0.0
0.0179895 -0.000121657 0.0
0.0179544 -0.000167975 0.0
0.0179401 -0.000206979 0.0
0.0179408 -0.000247311 0.0
0.0179662 -0.000297339 0.0
0.0180226 -0.00033703 0.0
0.0180952 -0.000403571 0.0
0.0181991 -0.000457468 0.0
0.0183182 -0.000614271 0.0
0.0183958 -0.000826433 0.0
0.0184761 -0.0010067 0.0
0.0184966 -0.00129848 0.0
0.0184664 -0.00141592 0.0
0.0184728 -0.00150865 0.0
0.0184963 -0.00151231 0.0
0.0185966 -0.00143652 0.0
0.0187939 -0.00141513 0.0
0.0190394 -0.0014115 0.0
0.0192949 -0.00142948 0.0
0.0195105 -0.0015165 0.0
0.0196958 -0.00162259 0.0
0.0198492 -0.00176965 0.0
0.0199724 -0.0018595 0.0
0.0200847 -0.00194135 0.0
0.0201937 -0.00198579 0.0
0.0203486 -0.00203719 0.0
0.020539 -0.00208108 0.0
0.0207227 -0.00213019 0.0
0.0208843 -0.00219418 0.0
0.0210374 -0.00226441 0.0
0.0211887 -0.00231092 0.0
0.0213412 -0.00235075 0.0
0.0214828 -0.00239774 0.0
0.0216139 -0.00242797 0.0
0.0217552 -0.00246001 0.0
0.0218936 -0.00249601 0.0
0.0220232 -0.00252007 0.0
0.0221587 -0.00254761 0.0
0.0222954 -0.00257031 0.0
0.0224288 -0.00259316 0.0
0.0225651 -0.00262367 0.0
0.0226942 -0.00266412 0.0
0.0228134 -0.00269205 0.0
0.0229265 -0.00272393 0.0
0.0230254 -0.00276443 0.0
0.0231182 -0.00279232 0.0
0.0232077 -0.00282318 0.0
0.0232833 -0.00284953 0.0
0.0233515 -0.00287384 0.0
0.0234199 -0.00289626 0.0
0.0234832 -0.00291791 0.0
0.0235368 -0.00293386 0.0
0.0235843 -0.00294794 0.0
0.0236281 -0.00296448 0.0
0.0236662 -0.0029758 0.0
0.0236946 -0.00298575 0.0
0.0237138 -0.002992 0.0
0.0237284 -0.00299942 0.0
0.0237356 -0.00300389 0.0
0.0237325 -0.00300139 0.0
0.0237203 -0.0029955 0.0
0.0237016 -0.0029875 0.0
0.0236764 -0.00297246 0.0
0.0236426 -0.00294682 0.0
0.0236014 -0.00291598 0.0
0.0235573 -0.00287944 0.0
0.0235112 -0.00283431 0.0
0.0234601 -0.00277905 0.0
0.023407 -0.00271917 0.0
0.0233561 -0.0026569 0.0
0.0233052 -0.00258644 0.0
0.023253 -0.00251099 0.0
0.0232018 -0.00243632 0.0
0.0231531 -0.00235921 0.0
0.0231056 -0.00227869 0.0
0.0230576 -0.00219865 0.0
0.0230106 -0.00211995 0.0
0.022966 -0.00204075 0.0
0.0229222 -0.00196217 0.0
0.0228778 -0.00188556 0.0
0.0228343 -0.00181066 0.0
0.0227926 -0.00173717 0.0
0.0227511 -0.0016658 0.0
0.0227092 -0.00159671 0.0
0.0226683 -0.00152982 0.0
0.0226286 -0.00146521 0.0
0.0225887 -0.00140303 0.0
0.0225489 -0.00134321 0.0
0.0225102 -0.00128582 0.0
0.022472 -0.00123085 0.0
0.0224339 -0.00117822 0.0
0.0223964 -0.00112791 0.0
0.0223596 -0.00107996 0.0
0.0223234 -0.00103424 0.0
0.0222875 -0.000990669 0.0
0.0222523 -0.000949239 0.0
0.0222179 -0.000909903 0.0
0.0221839 -0.000872526 0.0
0.0221506 -0.000837049 0.0
0.0221181 -0.000803441 0.0
0.0220863 -0.000771609 0.0
0.0220551 -0.000741446 0.0
0.0220246 -0.000712907 0.0
0.021995 -0.000685933 0.0
0.021966 -0.000660426 0.0
0.0219378 -0.00063631 0.0
0.0219104 -0.00061354 0.0
0.0218837 -0.000592042 0.0
0.0218578 -0.000571737 0.0
0.0218326 -0.000552569 0.0
0.0218082 -0.000534486 0.0
0.0217846 -0.000517419 0.0
0.0217617 -0.00050131 0.0
0.0217395 -0.00048611 0.0
0.0217181 -0.000471769 0.0
0.0216974 -0.000458231 0.0
0.0216775 -0.00044545 0.0
0.0216582 -0.000433384 0.0
0.0216396 -0.000421989 0.0
0.0216217 -0.000411222 0.0
0.0216044 -0.000401045 0.0
0.0215878 -0.000391424 0.0
0.0215718 -0.00038232 0.0
0.0215564 -0.000373702 0.0
0.0215416 -0.00036554 0.0
0.0215274 -0.000357803 0.0
0.0215138 -0.000350463 0.0
0.0215007 -0.000343494 0.0
0.0214881 -0.000336872 0.0
0.0214761 -0.000330573 0.0
0.0214645 -0.000324575 0.0
0.0214534 -0.000318857 0.0
0.0214428 -0.0003134 0.0
0.0214326 -0.000308186 0.0
0.0214228 -0.000303196 0.0
0.0214135 -0.000298416 0.0
0.0214045 -0.000293829 0.0
0.0213959 -0.000289421 0.0
0.0213877 -0.000285178 0.0
0.0213798 -0.000281087 0.0
0.0213723 -0.000277137 0.0
0.021365 -0.000273316 0.0
0.0213581 -0.000269613 0.0
0.0213515 -0.000266018 0.0
0.0213451 -0.000262521 0.0
0.0213391 -0.000259113 0.0
0.0213332 -0.000255785 0.0
0.0213276 -0.000252528 0.0
0.0213223 -0.000249336 0.0
0.0213171 -0.000246199 0.0
0.0213122 -0.000243112 0.0
0.0213075 -0.000240066 0.0
0.0213029 -0.000237054 0.0
0.0212985 -0.00023407 0.0
0.0212943 -0.000231108 0.0
0.0212903 -0.00022816 0.0
0.0212864 -0.00022522 0.0
0.0212827 -0.000222281 0.0
0.021279 -0.000219338 0.0
0.0212756 -0.000216383 0.0
0.0212722 -0.00021341 0.0
0.021269 -0.000210412 0.0
0.0212658 -0.00020738 0.0
0.0212628 -0.000204309 0.0
0.0212598 -0.00020119 0.0
0.021257 -0.000198015 0.0
0.0212542 -0.000194774 0.0
0.0212515 -0.00019146 0.0
0.0212488 -0.00018806 0.0
0.0212463 -0.000184565 0.0
0.0212437 -0.000180962 0.0
0.0212413 -0.000177239 0.0
0.0212389 -0.00017338 0.0
0.0212365 -0.000169373 0.0
0.0212341 -0.000165197 0.0
0.0212318 -0.000160836 0.0
0.0212295 -0.000156264 0.0
0.0212273 -0.000151465 0.0
0.021225 -0.000146404 0.0
0.0212228 -0.000141061 0.0
0.0212205 -0.000135391 0.0
0.0212183 -0.000129372 0.0
0.0212161 -0.000122941 0.0
0.0212139 -0.000116073 0.0
0.0212116 -0.000108687 0.0
0.0212094 -0.000100752 0.0
0.0212072 -9.21544e-05 0.0
0.021205 -8.28634e-05 0.0
0.0212029 -7.27206e-05 0.0
0.0212009 -6.16929e-05 0.0
0.0211989 -4.95562e-05 0.0
0.0211971 -3.62855e-05 0.0
0.0211956 -2.15884e-05 0.0
0.0211943 -5.93358e-06 0.0
0.0211935 2.52213e-06 0.0
0.0 0.0 0.0
0.0 0.0 0.0
0.0193108 -5.49926e-05 0.0
0.0193297 -0.000118845 0.0
0.0193483 -0.000199236 0.0
0.0193812 -0.000293126 0.0
0.0194338 -0.000353782 0.0
0.0194878 -0.000408652 0.0
0.0195454 -0.000488937 0.0
0.0196244 -0.000545705 0.0
0.0197051 -0.000577478 0.0
0.0197813 -0.000631267 0.0
0.0198704 -0.000674348 0.0
0.0199667 -0.000693052 0.0
0.0200569 -0.000718212 0.0
0.02015 -0.000744247 0.0
0.0202473 -0.00075165 0.0
0.0203428 -0.000757583 0.0
0.0204373 -0.000764586 0.0
0.0205314 -0.000763264 0.0
0.0206224 -0.000755636 0.0
0.020713 -0.000748879 0.0
0.0208026 -0.00073738 0.0
0.0208866 -0.000721836 0.0
0.0209676 -0.000704634 0.0
0.0210489 -0.000685287 0.0
0.0211258 -0.000662324 0.0
0.0211964 -0.000638487 0.0
0.0212653 -0.000612476 0.0
0.0213328 -0.00058375 0.0
0.0213942 -0.000553539 0.0
0.0214506 -0.000522406 0.0
0.0215055 -0.000488396 0.0
0.021557 -0.000452433 0.0
0.0216025 -0.000415395 0.0
0.0216444 -0.000376336 0.0
0.021684 -0.000334338 0.0
0.0217191 -0.000290557 0.0
0.0217491 -0.000244797 0.0
0.0217763 -0.000195942 0.0
0.0218002 -0.000143824 0.0
0.0218194 -8.90803e-05 0.0
0.0218345 -3.08621e-05 0.0
0.0218468 3.18649e-05 0.0
0.0218553 9.89844e-05 0.0
0.0218591 0.000170295 0.0
0.02186 0.000247427 0.0
0.0218584 0.000331463 0.0
0.021852 0.000421548 0.0
0.0218416 0.000518465 0.0
0.0218308 0.000625505 0.0
0.0218174 0.000742403 0.0
0.0217977 0.000867412 0.0
0.0217785 0.00100508 0.0
0.0217638 0.00115877 0.0
0.0217435 0.00132428 0.0
0.021719 0.00150344 0.0
0.0217083 0.00170469 0.0
0.0217057 0.00192415 0.0
0.0216943 0.00216071 0.0
0.0216962 0.002422 0.0
0.0217308 0.00270412 0.0
0.021773 0.00300666 0.0
0.0218235 0.00334416 0.0
0.0219163 0.00368915 0.0
0.0220496 0.00404269 0.0
0.0222124 0.0044424 0.0
0.0224175 0.00484759 0.0
0.0226693 0.00521107 0.0
0.0229739 0.0056104 0.0
0.0233346 0.00601508 0.0
0.0237375 0.0063614 0.0
0.0241752 0.00665655 0.0
0.024654 0.00697353 0.0
0.0251683 0.00721201 0.0
0.0256616 0.00734213 0.0
0.0261493 0.00746985 0.0
0.0266421 0.00751318 0.0
0.0270545 0.00740367 0.0
0.0273914 0.00732943 0.0
0.0277206 0.00712247 0.0
0.0279136 0.00681231 0.0
0.027957 0.0065607 0.0
0.0279462 0.00617102 0.0
0.0278633 0.00573748 0.0
0.0277005 0.00540438 0.0
0.0274212 0.00493725 0.0
0.0270469 0.0044905 0.0
0.0267361 0.00416162 0.0
0.0264633 0.00379204 0.0
0.0261469 0.00351745 0.0
0.0258197 0.0031296 0.0
0.0255127 0.00272355 0.0
0.025196 0.00229244 0.0
0.0247819 0.00193398 0.0
0.02433 0.00154299 0.0
0.023906 0.00120774 0.0
0.0235473 0.000972575 0.0
0.023219 0.000751982 0.0
0.0229074 0.000580056 0.0
0.0226542 0.000429448 0.0
0.0224567 0.000303967 0.0
0.0222809 0.000192881 0.0
0.022128 0.000101165 0.0
0.0220186 1.72803e-05 0.0
0.0219388 -5.96739e-05 0.0
0.0218734 -0.000128412 0.0
0.0218352 -0.000192807 0.0
0.0218309 -0.000257627 0.0
0.0218392 -0.000328512 0.0
0.0218622 -0.00038584 0.0
0.0219177 -0.000479545 0.0
0.0220023 -0.00058956 0.0
0.0220999 -0.000699287 0.0
0.022158 -0.000872448 0.0
0.0221846 -0.00105142 0.0
0.0221799 -0.00125439 0.0
0.022147 -0.0013868 0.0
0.0221109 -0.00149319 0.0
0.0220977 -0.00152951 0.0
0.0221517 -0.00156634 0.0
0.0222551 -0.00157672 0.0
0.0223742 -0.00159494 0.0
0.0225149 -0.00162945 0.0
0.0226771 -0.00170111 0.0
0.0228229 -0.00179047 0.0
0.022942 -0.00187529 0.0
0.0230401 -0.00198403 0.0
0.023133 -0.00205269 0.0
0.0232387 -0.00210101 0.0
0.0233381 -0.00217071 0.0
0.0234289 -0.00221872 0.0
0.0235352 -0.002268 0.0
0.023643 -0.00232197 0.0
0.023736 -0.0023796 0.0
0.023826 -0.00242401 0.0
0.0239177 -0.00247501 0.0
0.0240037 -0.00250524 0.0
0.0240948 -0.00253952 0.0
0.024186 -0.00258518 0.0
0.0242731 -0.00260309 0.0
0.0243596 -0.00262876 0.0
0.0244393 -0.00265944 0.0
0.024521 -0.00267637 0.0
0.0246041 -0.00270273 0.0
0.0246795 -0.00272519 0.0
0.0247466 -0.00275226 0.0
0.0248088 -0.00278115 0.0
0.0248682 -0.00280796 0.0
0.0249215 -0.00283163 0.0
0.0249652 -0.00286004 0.0
0.0250015 -0.00288198 0.0
0.0250348 -0.00290037 0.0
0.0250627 -0.00292208 0.0
0.0250827 -0.00293697 0.0
0.0250949 -0.00295026 0.0
0.0251017 -0.00296162 0.0
0.0251055 -0.00297266 0.0
0.0251025 -0.00297999 0.0
0.025091 -0.00298413 0.0
0.0250742 -0.00298838 0.0
0.0250532 -0.0029903 0.0
0.0250252 -0.00298792 0.0
0.0249878 -0.00298246 0.0
0.0249431 -0.00297574 0.0
0.0248942 -0.00296275 0.0
0.0248386 -0.00294485 0.0
0.0247732 -0.00292232 0.0
0.0247026 -0.00289354 0.0
0.0246306 -0.00285777 0.0
0.0245541 -0.00281597 0.0
0.0244713 -0.00276768 0.0
0.0243882 -0.00271227 0.0
0.0243073 -0.00265304 0.0
0.024224 -0.00258815 0.0
0.0241389 -0.00251776 0.0
0.0240569 -0.00244587 0.0
0.023977 -0.00237154 0.0
0.023897 -0.00229377 0.0
0.0238175 -0.00221565 0.0
0.0237408 -0.00213781 0.0
0.0236661 -0.00205929 0.0
0.0235921 -0.00198098 0.0
0.023519 -0.00190418 0.0
0.0234479 -0.0018286 0.0
0.0233788 -0.00175433 0.0
0.0233103 -0.00168189 0.0
0.0232426 -0.00161153 0.0
0.0231768 -0.00154322 0.0
0.0231125 -0.00147717 0.0
0.0230488 -0.00141341 0.0
0.0229861 -0.00135198 0.0
0.0229251 -0.00129299 0.0
0.0228652 -0.00123645 0.0
0.022806 -0.00118223 0.0
0.022748 -0.00113039 0.0
0.0226915 -0.00108098 0.0
0.022636 -0.00103386 0.0
0.0225814 -0.000988927 0.0
0.022528 -0.000946245 0.0
0.022476 -0.000905741 0.0
0.0224249 -0.000867261 0.0
0.0223749 -0.000830759 0.0
0.0223263 -0.000796233 0.0
0.0222787 -0.000763558 0.0
0.0222322 -0.000732624 0.0
0.0221869 -0.000703399 0.0
0.0221428 -0.000675826 0.0
0.0220998 -0.000649785 0.0
0.0220579 -0.000625205 0.0
0.0220171 -0.000602044 0.0
0.0219775 -0.000580221 0.0
0.0219389 -0.000559646 0.0
0.0219015 -0.000540266 0.0
0.0218651 -0.000522027 0.0
0.0218298 -0.000504853 0.0
0.0217955 -0.000488679 0.0
0.0217622 -0.000473459 0.0
0.02173 -0.000459137 0.0
0.0216988 -0.000445652 0.0
0.0216685 -0.000432955 0.0
0.0216392 -0.000421004 0.0
0.0216108 -0.000409749 0.0
0.0215833 -0.000399144 0.0
0.0215567 -0.000389151 0.0
0.0215309 -0.000379731 0.0
0.021506 -0.000370845 0.0
0.0214819 -0.000362457 0.0
0.0214586 -0.000354537 0.0
0.0214361 -0.000347051 0.0
0.0214144 -0.000339971 0.0
0.0213933 -0.000333267 0.0
0.021373 -0.000326916 0.0
0.0213533 -0.000320891 0.0
0.0213343 -0.000315169 0.0
0.0213159 -0.000309729 0.0
0.0212981 -0.00030455 0.0
0.021281 -0.000299612 0.0
0.0212644 -0.000294898 0.0
0.0212483 -0.000290391 0.0
0.0212328 -0.000286075 0.0
0.0212178 -0.000281934 0.0
0.0212033 -0.000277955 0.0
0.0211893 -0.000274125 0.0
0.0211757 -0.000270431 0.0
0.0211626 -0.000266861 0.0
0.0211499 -0.000263404 0.0
0.0211375 -0.000260051 0.0
0.0211256 -0.000256791 0.0
0.0211141 -0.000253614 0.0
0.0211029 -0.000250513 0.0
0.021092 -0.000247479 0.0
0.0210815 -0.000244504 0.0
0.0210713 -0.000241581 0.0
0.0210614 -0.000238702 0.0
0.0210518 -0.00023586 0.0
0.0210425 -0.000233048 0.0
0.0210334 -0.000230261 0.0
0.0210246 -0.000227491 0.0
0.021016 -0.000224733 0.0
0.0210077 -0.00022198 0.0
0.0209996 -0.000219226 0.0
0.0209918 -0.000216465 0.0
0.0209841 -0.000213691 0.0
0.0209766 -0.000210897 0.0
0.0209693 -0.000208077 0.0
0.0209622 -0.000205225 0.0
0.0209553 -0.000202332 0.0
0.0209486 -0.000199394 0.0
0.020942 -0.0001964 0.0
0.0209355 -0.000193344 0.0
0.0209293 -0.000190216 0.0
0.0209231 -0.000187008 0.0
0.0209171 -0.000183709 0.0
0.0209112 -0.00018031 0.0
0.0209055 -0.000176797 0.0
0.0208999 -0.000173159 0.0
0.0208944 -0.00016938 0.0
0.020889 -0.000165448 0.0
0.0208837 -0.000161341 0.0
0.0208785 -0.000157046 0.0
0.0208734 -0.000152537 0.0
0.0208684 -0.000147797 0.0
0.0208635 -0.000142791 0.0
0.0208587 -0.000137502 0.0
0.0208541 -0.000131885 0.0
0.0208495 -0.000125917 0.0
0.020845 -0.000119542 0.0
0.0208406 -0.000112733 0.0
0.0208363 -0.000105414 0.0
0.0208322 -9.75541e-05 0.0
0.0208282 -8.90509e-05 0.0
0.0208244 -7.98727e-05 0.0
0.0208208 -6.98748e-05 0.0
0.0208175 -5.9024e-05 0.0
0.0208144 -4.71251e-05 0.0
0.0208118 -3.41481e-05 0.0
0.0208096 -1.98516e-05 0.0
0.020808 -4.75492e-06 0.0
0.020807 3.34936e-06 0.0
0.0 0.0 0.0
0.0 0.0 0.0
0.0192985 -5.28761e-05 0.0
0.0193157 -0.000149581 0.0
0.0193608 -0.000236521 0.0
0.0193967 -0.000323838 0.0
0.0194375 -0.000412585 0.0
0.0195131 -0.000480162 0.0
0.0195903 -0.000549791 0.0
0.0196601 -0.000628383 0.0
0.0197481 -0.000671171 0.0
0.0198486 -0.000711365 0.0
0.0199435 -0.000768195 0.0
0.0200401 -0.00079901 0.0
0.0201421 -0.000810677 0.0
0.020248 -0.000838753 0.0
0.020352 -0.000857504 0.0
0.0204509 -0.000856515 0.0
0.0205509 -0.000856621 0.0
0.0206549 -0.000860854 0.0
0.0207516 -0.000851926 0.0
0.0208412 -0.000837341 0.0
0.0209338 -0.000824594 0.0
0.0210255 -0.000808833 0.0
0.0211068 -0.000785828 0.0
0.0211841 -0.000762217 0.0
0.0212634 -0.000737527 0.0
0.0213369 -0.000709304 0.0
0.0214015 -0.000678235 0.0
0.0214646 -0.000646694 0.0
0.0215264 -0.000612707 0.0
0.021581 -0.000576423 0.0
0.0216297 -0.000538776 0.0
0.021677 -0.000499607 0.0
0.0217206 -0.000457807 0.0
0.021758 -0.000414408 0.0
0.0217915 -0.000369334 0.0
0.0218227 -0.000321641 0.0
0.0218494 -0.000271274 0.0
0.0218715 -0.00021902 0.0
0.0218906 -0.000163765 0.0
0.0219066 -0.000104701 0.0
0.0219186 -4.2605e-05 0.0
0.0219271 2.27207e-05 0.0
0.0219328 9.33727e-05 0.0
0.0219355 0.000169081 0.0
0.0219349 0.000248644 0.0
0.0219318 0.000334588 0.0
0.0219269 0.000429071 0.0
0.0219189 0.000529272 0.0
0.0219088 0.000635854 0.0
0.0218989 0.000754817 0.0
0.0218882 0.000884553 0.0
0.0218746 0.00102056 0.0
0.021863 0.00117023 0.0
0.0218572 0.00133879 0.0
0.0218507 0.00151694 0.0
0.0218449 0.00170714 0.0
0.0218526 0.00192104 0.0
0.0218719 0.00215298 0.0
0.0218941 0.00239679 0.0
0.0219319 0.00266368 0.0
0.0219957 0.00294853 0.0
0.0220808 0.00325147 0.0
0.0221895 0.00357498 0.0
0.022326 0.00390492 0.0
0.0224988 0.00424157 0.0
0.0227226 0.00460393 0.0
0.0229813 0.00495246 0.0
0.0232663 0.00529051 0.0
0.0236125 0.00562381 0.0
0.0240114 0.00594603 0.0
0.0244272 0.00622935 0.0
0.0248758 0.00647948 0.0
0.0253748 0.00668981 0.0
0.0258742 0.00686375 0.0
0.0263747 0.00697208 0.0
0.0268789 0.00701334 0.0
0.0273438 0.00701906 0.0
0.0277672 0.00695697 0.0
0.0281538 0.00679374 0.0
0.0284639 0.00662648 0.0
0.0287297 0.00640981 0.0
0.0289303 0.00610077 0.0
0.0290234 0.00578629 0.0
0.0290733 0.00546487 0.0
0.0290742 0.00510644 0.0
0.0289758 0.00476363 0.0
0.0288178 0.00439435 0.0
0.0286436 0.0040492 0.0
0.0284742 0.00373413 0.0
0.0283253 0.00339755 0.0
0.0281302 0.00298495 0.0
0.0278793 0.00261451 0.0
0.0276333 0.00225735 0.0
0.0273799 0.00188866 0.0
0.0270814 0.00157876 0.0
0.0267755 0.00129164 0.0
0.0264913 0.00104434 0.0
0.0262437 0.00084043 0.0
0.0260246 0.000651556 0.0
0.025823 0.000493129 0.0
0.0256477 0.000356626 0.0
0.025506 0.000232485 0.0
0.0253912 0.000118143 0.0
0.025297 2.0169e-05 0.0
0.025225 -7.07178e-05 0.0
0.0251761 -0.000162063 0.0
0.025149 -0.000246488 0.0
0.0251399 -0.000334719 0.0
0.0251515 -0.000420618 0.0
0.0251817 -0.000518873 0.0
0.0252066 -0.000644919 0.0
0.0252416 -0.000765012 0.0
0.0252897 -0.000913024 0.0
0.0253128 -0.00107718 0.0
0.0253087 -0.00122247 0.0
0.0252884 -0.00137297 0.0
0.0252623 -0.00147211 0.0
0.0252587 -0.00154142 0.0
0.0252697 -0.00161461 0.0
0.025294 -0.00164904 0.0
0.0253513 -0.00169134 0.0
0.0254303 -0.00175129 0.0
0.0255145 -0.00181409 0.0
0.0255914 -0.0018862 0.0
0.0256593 -0.00196245 0.0
0.0257142 -0.0020467 0.0
0.0257619 -0.00211809 0.0
0.0258152 -0.00218661 0.0
0.0258686 -0.00223926 0.0
0.0259202 -0.00229354 0.0
0.0259774 -0.0023534 0.0
0.0260342 -0.00240583 0.0
0.0260868 -0.00244769 0.0
0.0261343 -0.0024954 0.0
0.0261761 -0.00253936 0.0
0.0262191 -0.00257217 0.0
0.0262623 -0.00260573 0.0
0.0262937 -0.00263706 0.0
0.026324 -0.00266198 0.0
0.0263602 -0.00269059 0.0
0.0263909 -0.00271004 0.0
0.0264193 -0.0027299 0.0
0.0264463 -0.00275621 0.0
0.0264702 -0.00277485 0.0
0.0264928 -0.00279317 0.0
0.0265089 -0.00281768 0.0
0.0265158 -0.00284032 0.0
0.0265198 -0.0028561 0.0
0.0265181 -0.00287609 0.0
0.0265073 -0.00289285 0.0
0.0264928 -0.00290769 0.0
0.026473 -0.00292034 0.0
0.0264457 -0.00293033 0.0
0.026414 -0.00293857 0.0
0.0263787 -0.0029454 0.0
0.0263371 -0.00294965 0.0
0.0262886 -0.0029504 0.0
0.0262352 -0.00295045 0.0
0.0261775 -0.00294779 0.0
0.0261132 -0.00294314 0.0
0.0260414 -0.00293461 0.0
0.0259648 -0.00292268 0.0
0.0258835 -0.00290908 0.0
0.0257954 -0.00289089 0.0
0.0257012 -0.00286669 0.0
0.0256027 -0.00283772 0.0
0.0255007 -0.00280562 0.0
0.0253943 -0.00276667 0.0
0.0252843 -0.00272046 0.0
0.0251728 -0.00266982 0.0
0.0250613 -0.00261569 0.0
0.0249483 -0.0025551 0.0
0.0248347 -0.00248849 0.0
0.024723 -0.00242105 0.0
0.024613 -0.00235094 0.0
0.0245036 -0.00227596 0.0
0.0243957 -0.00220022 0.0
0.0242903 -0.00212519 0.0
0.0241874 -0.00204839 0.0
0.024086 -0.00197093 0.0
0.0239864 -0.00189508 0.0
0.0238892 -0.00182033 0.0
0.0237947 -0.00174599 0.0
0.0237017 -0.00167329 0.0
0.0236102 -0.00160277 0.0
0.0235213 -0.00153403 0.0
0.0234346 -0.00146713 0.0
0.0233492 -0.00140259 0.0
0.0232655 -0.0013404 0.0
0.0231843 -0.00128049 0.0
0.0231048 -0.00122292 0.0
0.0230266 -0.00116778 0.0
0.0229503 -0.00111503 0.0
0.022876 -0.00106467 0.0
0.0228033 -0.00101662 0.0
0.022732 -0.00097087 0.0
0.0226626 -0.000927394 0.0
0.022595 -0.000886127 0.0
0.0225288 -0.000846957 0.0
0.0224643 -0.000809854 0.0
0.0224014 -0.000774769 0.0
0.0223402 -0.000741598 0.0
0.0222803 -0.000710245 0.0
0.0222221 -0.000680672 0.0
0.0221655 -0.000652802 0.0
0.0221103 -0.00062653 0.0
0.0220565 -0.000601783 0.0
0.0220043 -0.000578513 0.0
0.0219535 -0.00055663 0.0
0.0219041 -0.000536049 0.0
0.021856 -0.000516714 0.0
0.0218094 -0.000498564 0.0
0.021764 -0.000481519 0.0
0.02172 -0.000465514 0.0
0.0216772 -0.0004505 0.0
0.0216357 -0.000436415 0.0
0.0215954 -0.000423195 0.0
0.0215563 -0.000410791 0.0
0.0215184 -0.000399157 0.0
0.0214816 -0.000388239 0.0
0.0214459 -0.000377989 0.0
0.0214113 -0.000368367 0.0
0.0213777 -0.000359332 0.0
0.0213451 -0.000350841 0.0
0.0213136 -0.000342858 0.0
0.0212829 -0.000335349 0.0
0.0212532 -0.000328281 0.0
0.0212245 -0.000321622 0.0
0.0211965 -0.000315342 0.0
0.0211695 -0.000309416 0.0
0.0211432 -0.000303815 0.0
0.0211177 -0.000298517 0.0
0.021093 -0.000293497 0.0
0.0210691 -0.000288736 0.0
0.0210458 -0.000284212 0.0
0.0210233 -0.000279908 0.0
0.0210014 -0.000275805 0.0
0.0209801 -0.000271886 0.0
0.0209595 -0.000268137 0.0
0.0209394 -0.000264544 0.0
0.02092 -0.000261092 0.0
0.0209011 -0.000257769 0.0
0.0208827 -0.000254563 0.0
0.0208648 -0.000251463 0.0
0.0208475 -0.000248459 0.0
0.0208306 -0.00024554 0.0
0.0208142 -0.000242698 0.0
0.0207982 -0.000239924 0.0
0.0207826 -0.00023721 0.0
0.0207675 -0.000234548 0.0
0.0207527 -0.000231931 0.0
0.0207383 -0.000229351 0.0
0.0207243 -0.000226802 0.0
0.0207107 -0.000224278 0.0
0.0206974 -0.000221772 0.0
0.0206844 -0.000219279 0.0
0.0206717 -0.000216791 0.0
0.0206594 -0.000214305 0.0
0.0206473 -0.000211814 0.0
0.0206355 -0.000209312 0.0
0.020624 -0.000206793 0.0
0.0206128 -0.000204252 0.0
0.0206018 -0.000201683 0.0
0.020591 -0.00019908 0.0
0.0205805 -0.000196437 0.0
0.0205703 -0.000193746 0.0
0.0205602 -0.000191002 0.0
0.0205504 -0.000188196 0.0
0.0205408 -0.000185321 0.0
0.0205314 -0.000182369 0.0
0.0205221 -0.000179331 0.0
0.0205131 -0.000176197 0.0
0.0205043 -0.000172957 0.0
0.0204957 -0.000169598 0.0
0.0204872 -0.000166111 0.0
0.0204789 -0.000162479 0.0
0.0204708 -0.000158689 0.0
0.0204629 -0.000154723 0.0
0.0204551 -0.000150566 0.0
0.0204475 -0.000146193 0.0
0.0204401 -0.000141588 0.0
0.0204329 -0.000136719 0.0
0.0204258 -0.000131567 0.0
0.0204189 -0.000126091 0.0
0.0204122 -0.000120269 0.0
0.0204057 -0.00011405 0.0
0.0203994 -0.000107406 0.0
0.0203933 -0.000100267 0.0
0.0203875 -9.26072e-05 0.0
0.0203819 -8.43334e-05 0.0
0.0203767 -7.54121e-05 0.0
0.0203718 -6.57209e-05 0.0
0.0203673 -5.52266e-05 0.0
0.0203633 -4.37621e-05 0.0
0.0203599 -3.12966e-05 0.0
0.0203571 -1.76513e-05 0.0
0.0203552 -3.38586e-06 0.0
0.0203542 4.21961e-06 0.0
0.0 0.0 0.0
0.0 0.0 0.0
0.019319 -5.41324e-05 0.0
0.0193311 -0.000182032 0.0
0.0193576 -0.000285467 0.0
0.019408 -0.000358071 0.0
0.0194634 -0.000467472 0.0
0.0195365 -0.000578637 0.0
0.0196248 -0.000627876 0.0
0.0197111 -0.000693967 0.0
0.019807 -0.000783709 0.0
0.0199184 -0.00082508 0.0
0.0200238 -0.000852296 0.0
0.0201314 -0.000903971 0.0
0.0202474 -0.000932754 0.0
0.0203595 -0.000941633 0.0
0.0204689 -0.000955612 0.0
0.020582 -0.000967663 0.0
0.0206893 -0.000963551 0.0
0.0207914 -0.0009568 0.0
0.0208953 -0.000948233 0.0
0.0209946 -0.000934377 0.0
0.021084 -0.000914745 0.0
0.0211724 -0.000893208 0.0
0.0212598 -0.00086778 0.0
0.0213377 -0.000840431 0.0
0.0214085 -0.000810175 0.0
0.0214792 -0.000777085 0.0
0.021545 -0.000741828 0.0
0.0216017 -0.000705949 0.0
0.0216545 -0.000667228 0.0
0.0217056 -0.000626197 0.0
0.0217504 -0.000584175 0.0
0.0217886 -0.000540974 0.0
0.0218243 -0.000494942 0.0
0.0218568 -0.000447137 0.0
0.0218835 -0.000398093 0.0
0.021906 -0.000346905 0.0
0.0219262 -0.000292766 0.0
0.0219427 -0.000236501 0.0
0.0219547 -0.000177983 0.0
0.0219642 -0.000116137 0.0
0.0219714 -5.04776e-05 0.0
0.0219749 1.83461e-05 0.0
0.0219756 9.09508e-05 0.0
0.0219751 0.000168911 0.0
0.0219723 0.000252195 0.0
0.0219662 0.000340047 0.0
0.02196 0.000434475 0.0
0.0219541 0.000537315 0.0
0.021945 0.000646847 0.0
0.021935 0.000763615 0.0
0.0219298 0.000891716 0.0
0.0219253 0.00103083 0.0
0.0219173 0.00117839 0.0
0.0219161 0.00133878 0.0
0.021926 0.00151428 0.0
0.0219349 0.00170256 0.0
0.0219472 0.00190473 0.0
0.0219807 0.00212253 0.0
0.0220277 0.00235444 0.0
0.022079 0.00260789 0.0
0.0221533 0.00287369 0.0
0.0222571 0.00314352 0.0
0.0223804 0.00343739 0.0
0.0225318 0.0037532 0.0
0.0227176 0.00404773 0.0
0.0229346 0.0043517 0.0
0.0231933 0.00468081 0.0
0.0234922 0.00498694 0.0
0.0238201 0.00525649 0.0
0.0241862 0.00554381 0.0
0.0246016 0.00581066 0.0
0.0250373 0.00601613 0.0
0.0254885 0.0062003 0.0
0.0259781 0.00637742 0.0
0.026479 0.00646461 0.0
0.0269542 0.00652198 0.0
0.027454 0.00656381 0.0
0.0279419 0.00649138 0.0
0.0283619 0.00642685 0.0
0.0287567 0.00630986 0.0
0.0291255 0.00609255 0.0
0.0294209 0.00589811 0.0
0.0296558 0.00568417 0.0
0.0298286 0.00535311 0.0
0.0299557 0.00507222 0.0
0.0300659 0.00478596 0.0
0.030107 0.00445675 0.0
0.0300984 0.00414925 0.0
0.0300904 0.00380688 0.0
0.0300708 0.00348607 0.0
0.0299957 0.00315511 0.0
0.0298822 0.00281408 0.0
0.0297502 0.00243539 0.0
0.0295909 0.00212705 0.0
0.0294088 0.00183145 0.0
0.0292138 0.00153165 0.0
0.0290214 0.00127565 0.0
0.0288422 0.00105149 0.0
0.0286638 0.000846118 0.0
0.0284972 0.000664449 0.0
0.0283609 0.00050088 0.0
0.0282446 0.000354807 0.0
0.028135 0.0002226 0.0
0.0280446 0.00010145 0.0
0.027983 -1.32101e-05 0.0
0.0279357 -0.000122647 0.0
0.0278971 -0.000221676 0.0
0.0278785 -0.000326256 0.0
0.027878 -0.000440389 0.0
0.0278901 -0.000544891 0.0
0.0279063 -0.000659284 0.0
0.0279201 -0.000796999 0.0
0.027932 -0.000934028 0.0
0.0279338 -0.0010708 0.0
0.0279187 -0.00120531 0.0
0.0278891 -0.00133802 0.0
0.0278586 -0.0014425 0.0
0.0278368 -0.00153855 0.0
0.0278177 -0.00160689 0.0
0.0278144 -0.00167319 0.0
0.0278347 -0.00174138 0.0
0.0278607 -0.00180403 0.0
0.0278845 -0.00186549 0.0
0.0279159 -0.00193911 0.0
0.0279489 -0.00202135 0.0
0.0279765 -0.00208083 0.0
0.0279966 -0.00215026 0.0
0.0280049 -0.00222177 0.0
0.0280186 -0.00227241 0.0
0.0280364 -0.00232822 0.0
0.0280426 -0.00237934 0.0
0.0280426 -0.00242948 0.0
0.0280478 -0.00247501 0.0
0.0280505 -0.00251889 0.0
0.0280471 -0.00255174 0.0
0.0280429 -0.00259286 0.0
0.0280365 -0.00262388 0.0
0.0280301 -0.00264579 0.0
0.0280213 -0.00267602 0.0
0.0280071 -0.00269952 0.0
0.0279923 -0.00271619 0.0
0.0279759 -0.00273713 0.0
0.0279538 -0.00275398 0.0
0.0279287 -0.00277182 0.0
0.0279005 -0.00278969 0.0
0.0278676 -0.00280372 0.0
0.0278289 -0.00281968 0.0
0.0277849 -0.00283577 0.0
0.027737 -0.00284709 0.0
0.0276846 -0.00285798 0.0
0.0276254 -0.00286876 0.0
0.0275606 -0.00287457 0.0
0.027492 -0.00288022 0.0
0.0274188 -0.00288387 0.0
0.0273395 -0.00288468 0.0
0.0272543 -0.00288256 0.0
0.0271655 -0.00287972 0.0
0.0270727 -0.00287514 0.0
0.0269738 -0.002866 0.0
0.0268692 -0.00285479 0.0
0.0267605 -0.00284248 0.0
0.0266478 -0.00282644 0.0
0.0265298 -0.00280517 0.0
0.0264059 -0.00278149 0.0
0.0262781 -0.00275467 0.0
0.0261483 -0.00272202 0.0
0.0260146 -0.00268431 0.0
0.0258763 -0.00264255 0.0
0.0257373 -0.00259619 0.0
0.025599 -0.00254446 0.0
0.0254587 -0.00248814 0.0
0.0253172 -0.00242752 0.0
0.0251784 -0.002364 0.0
0.0250418 -0.00229734 0.0
0.0249051 -0.00222675 0.0
0.0247702 -0.00215503 0.0
0.0246392 -0.00208279 0.0
0.0245107 -0.00200849 0.0
0.0243837 -0.00193355 0.0
0.0242595 -0.00185981 0.0
0.024139 -0.00178637 0.0
0.0240212 -0.00171314 0.0
0.0239054 -0.00164147 0.0
0.0237923 -0.00157164 0.0
0.0236827 -0.00150316 0.0
0.0235756 -0.00143648 0.0
0.0234706 -0.00137206 0.0
0.0233682 -0.00130979 0.0
0.0232689 -0.00124964 0.0
0.0231719 -0.00119186 0.0
0.0230769 -0.00113643 0.0
0.0229845 -0.00108334 0.0
0.0228947 -0.00103261 0.0
0.022807 -0.000984244 0.0
0.0227213 -0.000938146 0.0
0.0226381 -0.000894342 0.0
0.0225571 -0.000852787 0.0
0.022478 -0.00081337 0.0
0.0224011 -0.000776037 0.0
0.0223263 -0.000740779 0.0
0.0222534 -0.000707483 0.0
0.0221824 -0.000676047 0.0
0.0221134 -0.000646434 0.0
0.0220464 -0.000618582 0.0
0.0219811 -0.00059237 0.0
0.0219176 -0.000567728 0.0
0.0218559 -0.000544607 0.0
0.021796 -0.000522921 0.0
0.0217377 -0.000502573 0.0
0.021681 -0.000483509 0.0
0.021626 -0.000465667 0.0
0.0215725 -0.000448965 0.0
0.0215206 -0.000433331 0.0
0.0214701 -0.000418716 0.0
0.0214212 -0.000405057 0.0
0.0213736 -0.000392286 0.0
0.0213273 -0.00038035 0.0
0.0212825 -0.000369202 0.0
0.0212389 -0.000358785 0.0
0.0211966 -0.000349049 0.0
0.0211555 -0.000339952 0.0
0.0211156 -0.000331451 0.0
0.0210768 -0.000323501 0.0
0.0210392 -0.000316064 0.0
0.0210026 -0.000309104 0.0
0.0209671 -0.000302588 0.0
0.0209327 -0.00029648 0.0
0.0208992 -0.00029075 0.0
0.0208666 -0.000285372 0.0
0.020835 -0.000280316 0.0
0.0208042 -0.000275558 0.0
0.0207743 -0.000271074 0.0
0.0207453 -0.000266842 0.0
0.020717 -0.00026284 0.0
0.0206895 -0.000259051 0.0
0.0206628 -0.000255455 0.0
0.0206368 -0.000252036 0.0
0.0206115 -0.000248777 0.0
0.0205868 -0.000245665 0.0
0.0205628 -0.000242685 0.0
0.0205395 -0.000239825 0.0
0.0205167 -0.000237073 0.0
0.0204945 -0.000234417 0.0
0.0204729 -0.000231847 0.0
0.0204518 -0.000229354 0.0
0.0204312 -0.000226928 0.0
0.0204112 -0.000224562 0.0
0.0203916 -0.000222246 0.0
0.0203725 -0.000219973 0.0
0.0203538 -0.000217736 0.0
0.0203356 -0.00021553 0.0
0.0203178 -0.000213346 0.0
0.0203004 -0.000211179 0.0
0.0202834 -0.000209023 0.0
0.0202668 -0.000206874 0.0
0.0202505 -0.000204724 0.0
0.0202347 -0.000202569 0.0
0.0202191 -0.000200404 0.0
0.0202039 -0.000198223 0.0
0.020189 -0.000196021 0.0
0.0201744 -0.000193794 0.0
0.0201602 -0.000191535 0.0
0.0201462 -0.00018924 0.0
0.0201325 -0.000186902 0.0
0.0201191 -0.000184516 0.0
0.020106 -0.000182076 0.0
0.0200931 -0.000179576 0.0
0.0200805 -0.000177008 0.0
0.0200682 -0.000174365 0.0
0.0200561 -0.000171639 0.0
0.0200442 -0.000168822 0.0
0.0200326 -0.000165905 0.0
0.0200212 -0.000162877 0.0
0.0200101 -0.000159728 0.0
0.0199992 -0.000156447 0.0
0.0199885 -0.000153019 0.0
0.0199781 -0.000149431 0.0
0.0199678 -0.000145666 0.0
0.0199578 -0.00014171 0.0
0.0199481 -0.00013754 0.0
0.0199386 -0.000133138 0.0
0.0199293 -0.000128478 0.0
0.0199202 -0.000123539 0.0
0.0199114 -0.000118284 0.0
0.0199029 -0.000112694 0.0
0.0198946 -0.00010672 0.0
0.0198867 -0.000100336 0.0
0.0198791 -9.34835e-05 0.0
0.0198718 -8.61355e-05 0.0
0.0198649 -7.82114e-05 0.0
0.0198584 -6.96791e-05 0.0
0.0198524 -6.04407e-05 0.0
0.019847 -5.04603e-05 0.0
0.0198421 -3.96045e-05 0.0
0.0198381 -2.78435e-05 0.0
0.0198349 -1.50651e-05 0.0
0.0198327 -1.85878e-06 0.0
0.0198316 5.12661e-06 0.0
0.0 0.0 0.0
0.0 0.0 0.0
0.0193108 -8.38686e-05 0.0
0.0193303 -0.00018787 0.0
0.0193515 -0.000314767 0.0
0.0194204 -0.000443338 0.0
0.0195091 -0.000533848 0.0
0.0195744 -0.000639478 0.0
0.0196596 -0.000739544 0.0
0.0197838 -0.000800513 0.0
0.0198962 -0.000874547 0.0
0.0200022 -0.000945919 0.0
0.0201244 -0.000974354 0.0
0.0202538 -0.00101209 0.0
0.0203773 -0.00105158 0.0
0.0204957 -0.00106435 0.0
0.0206137 -0.00106692 0.0
0.0207361 -0.00107847 0.0
0.020852 -0.00107576 0.0
0.0209554 -0.00106131 0.0
0.0210577 -0.0010472 0.0
0.0211621 -0.00103143 0.0
0.0212546 -0.00100521 0.0
0.0213355 -0.000977257 0.0
0.0214171 -0.000948266 0.0
0.0214958 -0.00091487 0.0
0.0215616 -0.000877423 0.0
0.0216204 -0.000840341 0.0
0.021679 -0.000800423 0.0
0.0217313 -0.000757485 0.0
0.0217737 -0.000713672 0.0
0.0218123 -0.000669291 0.0
0.021849 -0.000621838 0.0
0.021879 -0.000572923 0.0
0.0219027 -0.000523502 0.0
0.0219239 -0.000472206 0.0
0.0219421 -0.000418187 0.0
0.0219551 -0.000363112 0.0
0.0219643 -0.000306467 0.0
0.0219716 -0.00024676 0.0
0.0219759 -0.000184397 0.0
0.0219766 -0.000120258 0.0
0.0219754 -5.26441e-05 0.0
0.0219727 1.92854e-05 0.0
0.0219678 9.42345e-05 0.0
0.0219608 0.000172884 0.0
0.0219537 0.000257773 0.0
0.0219459 0.000348001 0.0
0.0219364 0.00044229 0.0
0.0219276 0.000544161 0.0
0.0219211 0.000655096 0.0
0.0219142 0.000771673 0.0
0.0219076 0.000895711 0.0
0.0219071 0.0010327 0.0
0.021911 0.0011792 0.0
0.021915 0.00133317 0.0
0.0219263 0.0015012 0.0
0.0219509 0.00168362 0.0
0.0219814 0.00187492 0.0
0.0220186 0.00208103 0.0
0.0220745 0.00230098 0.0
0.0221494 0.00253105 0.0
0.0222391 0.00277703 0.0
0.022348 0.00303578 0.0
0.0224825 0.00329366 0.0
0.0226488 0.00356749 0.0
0.0228442 0.00385125 0.0
0.0230616 0.0041253 0.0
0.0233159 0.00439302 0.0
0.0236149 0.00466945 0.0
0.0239389 0.00492905 0.0
0.024287 0.00516397 0.0
0.0246809 0.00537961 0.0
0.0251038 0.00558649 0.0
0.0255401 0.00575153 0.0
0.0260013 0.00587795 0.0
0.0264838 0.00598054 0.0
0.0269626 0.00605114 0.0
0.0274463 0.00606493 0.0
0.0279155 0.00603402 0.0
0.0283755 0.00600084 0.0
0.0288246 0.00588585 0.0
0.0292222 0.00574661 0.0
0.0295857 0.00558479 0.0
0.0299424 0.0053846 0.0
0.0302403 0.00515492 0.0
0.0304688 0.0049217 0.0
0.0306697 0.00463884 0.0
0.0308391 0.0043732 0.0
0.0309755 0.00410037 0.0
0.0310661 0.00379396 0.0
0.0311162 0.00348251 0.0
0.0311582 0.00318134 0.0
0.0311891 0.00286604 0.0
0.031159 0.00254359 0.0
0.0310926 0.00225022 0.0
0.0310262 0.00194596 0.0
0.030945 0.00168095 0.0
0.0308394 0.00143143 0.0
0.0307244 0.00119356 0.0
0.0306175 0.000982147 0.0
0.0305207 0.000792031 0.0
0.030424 0.000613855 0.0
0.0303322 0.000453786 0.0
0.0302573 0.000307535 0.0
0.0301963 0.000169621 0.0
0.030142 4.16192e-05 0.0
0.0300978 -8.02366e-05 0.0
0.0300691 -0.000198048 0.0
0.0300531 -0.000311939 0.0
0.0300385 -0.00043007 0.0
0.0300281 -0.000551398 0.0
0.0300324 -0.000670719 0.0
0.0300362 -0.000801326 0.0
0.0300261 -0.000930681 0.0
0.0300156 -0.00106111 0.0
0.030001 -0.00119495 0.0
0.0299769 -0.00130503 0.0
0.0299472 -0.00141452 0.0
0.0299116 -0.00151484 0.0
0.0298846 -0.0015892 0.0
0.0298675 -0.0016702 0.0
0.0298481 -0.00174121 0.0
0.0298332 -0.00180701 0.0
0.0298265 -0.00187899 0.0
0.0298196 -0.001947 0.0
0.0298035 -0.00201831 0.0
0.029785 -0.00208461 0.0
0.0297693 -0.00215095 0.0
0.0297474 -0.00220753 0.0
0.029722 -0.0022668 0.0
0.0296948 -0.00232358 0.0
0.0296676 -0.00236707 0.0
0.0296383 -0.00241399 0.0
0.029603 -0.0024598 0.0
0.0295636 -0.00249882 0.0
0.0295244 -0.00253069 0.0
0.0294799 -0.00256509 0.0
0.029429 -0.00259254 0.0
0.0293797 -0.00261885 0.0
0.0293268 -0.00264149 0.0
0.0292681 -0.00265846 0.0
0.0292087 -0.00267938 0.0
0.0291472 -0.00269689 0.0
0.0290826 -0.00270769 0.0
0.0290148 -0.00272253 0.0
0.0289412 -0.00273776 0.0
0.0288646 -0.0027473 0.0
0.0287855 -0.002757 0.0
0.0286991 -0.00276806 0.0
0.0286071 -0.00277522 0.0
0.0285123 -0.00278102 0.0
0.028412 -0.00278539 0.0
0.0283066 -0.00278785 0.0
0.0281974 -0.0027887 0.0
0.0280833 -0.00278666 0.0
0.0279645 -0.00278298 0.0
0.0278421 -0.00277741 0.0
0.0277157 -0.00276957 0.0
0.0275841 -0.00275891 0.0
0.027448 -0.00274662 0.0
0.0273088 -0.00273138 0.0
0.0271659 -0.00271331 0.0
0.0270178 -0.00269285 0.0
0.0268658 -0.00266868 0.0
0.0267118 -0.00264074 0.0
0.0265547 -0.0026097 0.0
0.0263937 -0.00257487 0.0
0.0262307 -0.00253487 0.0
0.0260673 -0.00249092 0.0
0.0259029 -0.00244376 0.0
0.0257371 -0.00239186 0.0
0.0255718 -0.00233515 0.0
0.0254086 -0.00227595 0.0
0.0252467 -0.00221434 0.0
0.0250855 -0.00214836 0.0
0.0249273 -0.00208031 0.0
0.0247727 -0.00201217 0.0
0.0246205 -0.00194182 0.0
0.0244708 -0.00186992 0.0
0.0243249 -0.00179891 0.0
0.0241828 -0.0017283 0.0
0.0240438 -0.00165726 0.0
0.023908 -0.00158733 0.0
0.0237757 -0.00151918 0.0
0.0236473 -0.00145218 0.0
0.0235221 -0.00138651 0.0
0.0233998 -0.00132299 0.0
0.023281 -0.00126157 0.0
0.0231658 -0.00120206 0.0
0.0230535 -0.0011447 0.0
0.022944 -0.0010897 0.0
0.0228378 -0.00103699 0.0
0.0227347 -0.000986525 0.0
0.0226343 -0.000938352 0.0
0.0225365 -0.000892495 0.0
0.0224417 -0.000848903 0.0
0.0223496 -0.000807519 0.0
0.0222599 -0.000768282 0.0
0.0221728 -0.000731175 0.0
0.0220883 -0.000696137 0.0
0.0220062 -0.000663068 0.0
0.0219263 -0.000631893 0.0
0.0218488 -0.00060258 0.0
0.0217735 -0.00057504 0.0
0.0217004 -0.000549167 0.0
0.0216293 -0.0005249 0.0
0.0215603 -0.000502185 0.0
0.0214933 -0.000480924 0.0
0.0214283 -0.00046103 0.0
0.0213651 -0.000442449 0.0
0.0213037 -0.000425115 0.0
0.0212441 -0.000408937 0.0
0.0211863 -0.000393852 0.0
0.0211301 -0.000379806 0.0
0.0210755 -0.000366732 0.0
0.0210225 -0.000354558 0.0
0.020971 -0.000343235 0.0
0.020921 -0.000332711 0.0
0.0208724 -0.000322927 0.0
0.0208252 -0.00031383 0.0
0.0207793 -0.000305379 0.0
0.0207347 -0.000297528 0.0
0.0206914 -0.000290229 0.0
0.0206493 -0.000283444 0.0
0.0206083 -0.000277138 0.0
0.0205685 -0.000271272 0.0
0.0205298 -0.000265811 0.0
0.0204921 -0.000260724 0.0
0.0204555 -0.000255984 0.0
0.0204198 -0.00025156 0.0
0.0203851 -0.000247426 0.0
0.0203513 -0.000243559 0.0
0.0203184 -0.000239936 0.0
0.0202863 -0.000236534 0.0
0.0202551 -0.000233335 0.0
0.0202247 -0.000230319 0.0
0.020195 -0.000227471 0.0
0.0201661 -0.000224772 0.0
0.0201379 -0.000222209 0.0
0.0201103 -0.000219768 0.0
0.0200835 -0.000217436 0.0
0.0200573 -0.000215201 0.0
0.0200317 -0.000213051 0.0
0.0200067 -0.000210977 0.0
0.0199823 -0.000208969 0.0
0.0199584 -0.000207017 0.0
0.0199351 -0.000205114 0.0
0.0199123 -0.000203252 0.0
0.01989 -0.000201424 0.0
0.0198682 -0.000199622 0.0
0.0198468 -0.000197841 0.0
0.0198259 -0.000196074 0.0
0.0198055 -0.000194316 0.0
0.0197855 -0.000192561 0.0
0.0197658 -0.000190804 0.0
0.0197466 -0.00018904 0.0
0.0197278 -0.000187264 0.0
0.0197094 -0.000185472 0.0
0.0196913 -0.000183659 0.0
0.0196736 -0.00018182 0.0
0.0196562 -0.00017995 0.0
0.0196392 -0.000178046 0.0
0.0196224 -0.000176102 0.0
0.0196061 -0.000174113 0.0
0.01959 -0.000172075 0.0
0.0195742 -0.000169981 0.0
0.0195588 -0.000167827 0.0
0.0195436 -0.000165606 0.0
0.0195287 -0.000163312 0.0
0.0195141 -0.000160939 0.0
0.0194998 -0.000158478 0.0
0.0194858 -0.000155922 0.0
0.019472 -0.000153263 0.0
0.0194586 -0.000150491 0.0
0.0194454 -0.000147595 0.0
0.0194324 -0.000144565 0.0
0.0194197 -0.000141388 0.0
0.0194074 -0.000138052 0.0
0.0193952 -0.000134539 0.0
0.0193834 -0.000130838 0.0
0.0193718 -0.000126926 0.0
0.0193605 -0.000122788 0.0
0.0193496 -0.000118398 0.0
0.0193389 -0.000113738 0.0
0.0193285 -0.000108776 0.0
0.0193185 -0.000103491 0.0
0.0193088 -9.78413e-05 0.0
0.0192995 -9.18046e-05 0.0
0.0192906 -8.53309e-05 0.0
0.0192821 -7.8391e-05 0.0
0.0192741 -7.09228e-05 0.0
0.0192666 -6.28981e-05 0.0
0.0192598 -5.42368e-05 0.0
0.0192536 -4.49032e-05 0.0
0.0192481 -3.48065e-05 0.0
0.0192436 -2.3914e-05 0.0
0.01924 -1.21772e-05 0.0
0.0192377 -2.08037e-07 0.0
0.0192366 6.06356e-06 0.0
0.0 0.0 0.0
0.0 0.0 0.0
0.0192949 -0.000101676 0.0
0.0193347 -0.000217189 0.0
0.0193863 -0.000356282 0.0
0.0194372 -0.000526877 0.0
0.0195165 -0.000631651 0.0
0.019624 -0.000708461 0.0
0.0197319 -0.000848644 0.0
0.0198542 -0.00094946 0.0
0.0199812 -0.000978785 0.0
0.0201122 -0.00105517 0.0
0.0202542 -0.0011265 0.0
0.020391 -0.001146 0.0
0.02052 -0.00116241 0.0
0.0206587 -0.001194 0.0
0.0207912 -0.00119997 0.0
0.0209073 -0.00119134 0.0
0.0210249 -0.00118353 0.0
0.0211434 -0.00117275 0.0
0.0212432 -0.00114921 0.0
0.0213329 -0.00112235 0.0
0.0214259 -0.00109202 0.0
0.0215095 -0.00105873 0.0
0.0215761 -0.00102094 0.0
0.0216392 -0.000980718 0.0
0.0217016 -0.000937402 0.0
0.0217517 -0.000893489 0.0
0.0217912 -0.000847328 0.0
0.0218296 -0.00079896 0.0
0.0218636 -0.000749162 0.0
0.0218877 -0.000699259 0.0
0.0219065 -0.00064742 0.0
0.0219239 -0.000593904 0.0
0.021936 -0.000539569 0.0
0.0219419 -0.000484502 0.0
0.0219454 -0.000427357 0.0
0.0219469 -0.000368515 0.0
0.0219441 -0.000308441 0.0
0.0219383 -0.000246623 0.0
0.0219315 -0.000181988 0.0
0.0219226 -0.000114951 0.0
0.0219113 -4.57563e-05 0.0
0.0218994 2.68023e-05 0.0
0.0218873 0.000103625 0.0
0.0218737 0.000183784 0.0
0.0218599 0.000267728 0.0
0.021848 0.000357698 0.0
0.0218363 0.000453423 0.0
0.0218242 0.000553663 0.0
0.0218158 0.00066084 0.0
0.0218117 0.000776998 0.0
0.0218077 0.000899784 0.0
0.0218071 0.00102986 0.0
0.0218163 0.00117062 0.0
0.0218307 0.00132179 0.0
0.0218475 0.00148174 0.0
0.0218768 0.00165235 0.0
0.0219209 0.00183347 0.0
0.0219718 0.00202797 0.0
0.0220358 0.00223393 0.0
0.0221216 0.00244503 0.0
0.0222241 0.00266684 0.0
0.0223457 0.00290826 0.0
0.0224932 0.00314641 0.0
0.0226631 0.00338217 0.0
0.0228607 0.00363637 0.0
0.0230925 0.0038921 0.0
0.0233486 0.00412233 0.0
0.0236301 0.004358 0.0
0.0239529 0.00459504 0.0
0.0243046 0.00480144 0.0
0.0246717 0.00498238 0.0
0.0250714 0.0051657 0.0
0.0255052 0.00531007 0.0
0.02594 0.0054166 0.0
0.0263924 0.00551611 0.0
0.026872 0.00556694 0.0
0.0273425 0.00558225 0.0
0.027803 0.00558867 0.0
0.0282758 0.00553192 0.0
0.0287269 0.00544104 0.0
0.0291519 0.00536804 0.0
0.0295595 0.0052089 0.0
0.0299315 0.00502743 0.0
0.0302823 0.00486591 0.0
0.0306078 0.00465346 0.0
0.0308845 0.00441275 0.0
0.0311342 0.00418172 0.0
0.0313666 0.00391911 0.0
0.0315587 0.00366842 0.0
0.0317164 0.00339432 0.0
0.0318454 0.00310173 0.0
0.0319422 0.00281799 0.0
0.032007 0.00255119 0.0
0.0320506 0.0022634 0.0
0.0320632 0.0019832 0.0
0.0320544 0.00174152 0.0
0.0320346 0.00149579 0.0
0.0320023 0.00126678 0.0
0.0319632 0.00105764 0.0
0.0319204 0.000864236 0.0
0.0318729 0.000683256 0.0
0.0318289 0.000516794 0.0
0.0317931 0.000360971 0.0
0.0317589 0.000215121 0.0
0.0317259 8.01793e-05 0.0
0.0317026 -4.9434e-05 0.0
0.0316865 -0.000179338 0.0
0.0316731 -0.000301905 0.0
0.0316648 -0.000418235 0.0
0.0316593 -0.000544992 0.0
0.0316518 -0.000671277 0.0
0.031644 -0.000791581 0.0
0.0316312 -0.00091664 0.0
0.0316107 -0.00104108 0.0
0.0315808 -0.00116276 0.0
0.0315464 -0.0012724 0.0
0.0315078 -0.00137867 0.0
0.0314645 -0.00147054 0.0
0.0314247 -0.00156035 0.0
0.0313855 -0.00164141 0.0
0.0313447 -0.00171096 0.0
0.0313091 -0.00178412 0.0
0.0312744 -0.00185986 0.0
0.0312355 -0.00192315 0.0
0.0311952 -0.00198607 0.0
0.0311507 -0.00205622 0.0
0.0311016 -0.00211716 0.0
0.0310515 -0.00216881 0.0
0.0309954 -0.00222486 0.0
0.0309311 -0.00227455 0.0
0.0308676 -0.00232054 0.0
0.0308016 -0.00236388 0.0
0.0307279 -0.00240052 0.0
0.0306509 -0.00243733 0.0
0.0305724 -0.00247238 0.0
0.0304904 -0.00249809 0.0
0.0304051 -0.00252248 0.0
0.0303154 -0.00254885 0.0
0.0302226 -0.002566 0.0
0.0301292 -0.00258249 0.0
0.0300308 -0.00259874 0.0
0.0299275 -0.00261042 0.0
0.0298221 -0.00262285 0.0
0.0297137 -0.00263222 0.0
0.0296007 -0.00263974 0.0
0.0294831 -0.00264866 0.0
0.0293616 -0.00265491 0.0
0.0292368 -0.0026582 0.0
0.0291073 -0.00266226 0.0
0.0289728 -0.00266442 0.0
0.0288348 -0.00266339 0.0
0.0286932 -0.00266198 0.0
0.0285467 -0.00265827 0.0
0.0283959 -0.00265205 0.0
0.0282422 -0.00264448 0.0
0.0280849 -0.00263521 0.0
0.0279231 -0.00262302 0.0
0.0277579 -0.00260829 0.0
0.0275901 -0.00259272 0.0
0.027419 -0.00257431 0.0
0.0272442 -0.00255214 0.0
0.0270666 -0.00252771 0.0
0.0268866 -0.00250156 0.0
0.0267045 -0.00247129 0.0
0.0265201 -0.00243681 0.0
0.0263336 -0.00239982 0.0
0.0261466 -0.00235974 0.0
0.0259596 -0.00231518 0.0
0.0257721 -0.00226662 0.0
0.0255845 -0.00221525 0.0
0.0253991 -0.00216092 0.0
0.0252158 -0.00210315 0.0
0.0250336 -0.0020421 0.0
0.0248541 -0.00197941 0.0
0.0246787 -0.00191559 0.0
0.0245064 -0.00184928 0.0
0.0243368 -0.00178164 0.0
0.0241714 -0.00171472 0.0
0.0240106 -0.00164742 0.0
0.0238534 -0.0015794 0.0
0.0236999 -0.0015125 0.0
0.0235508 -0.00144708 0.0
0.0234062 -0.00138222 0.0
0.0232654 -0.00131857 0.0
0.0231282 -0.00125701 0.0
0.0229953 -0.00119726 0.0
0.0228667 -0.00113907 0.0
0.0227415 -0.00108303 0.0
0.0226198 -0.00102927 0.0
0.0225021 -0.000977574 0.0
0.0223881 -0.000927998 0.0
0.0222772 -0.00088073 0.0
0.0221696 -0.000835692 0.0
0.0220656 -0.000792819 0.0
0.0219647 -0.000752124 0.0
0.0218667 -0.000713585 0.0
0.0217718 -0.000677124 0.0
0.0216799 -0.000642707 0.0
0.0215908 -0.000610263 0.0
0.0215042 -0.000579719 0.0
0.0214204 -0.000551019 0.0
0.0213392 -0.000524099 0.0
0.0212604 -0.000498858 0.0
0.0211839 -0.00047523 0.0
0.0211098 -0.000453156 0.0
0.021038 -0.000432551 0.0
0.0209683 -0.000413324 0.0
0.0209006 -0.000395419 0.0
0.020835 -0.000378768 0.0
0.0207714 -0.000363287 0.0
0.0207096 -0.000348905 0.0
0.0206496 -0.00033557 0.0
0.0205914 -0.000323214 0.0
0.0205349 -0.000311764 0.0
0.02048 -0.000301169 0.0
0.0204267 -0.000291376 0.0
0.0203749 -0.000282325 0.0
0.0203246 -0.000273963 0.0
0.0202757 -0.000266246 0.0
0.0202281 -0.000259127 0.0
0.0201819 -0.000252559 0.0
0.0201369 -0.0002465 0.0
0.0200931 -0.000240915 0.0
0.0200506 -0.000235764 0.0
0.0200091 -0.000231012 0.0
0.0199688 -0.000226628 0.0
0.0199295 -0.000222581 0.0
0.0198912 -0.000218842 0.0
0.0198539 -0.000215384 0.0
0.0198175 -0.000212183 0.0
0.019782 -0.000209215 0.0
0.0197475 -0.000206459 0.0
0.0197137 -0.000203893 0.0
0.0196808 -0.000201501 0.0
0.0196486 -0.000199263 0.0
0.0196172 -0.000197164 0.0
0.0195866 -0.000195189 0.0
0.0195566 -0.000193324 0.0
0.0195273 -0.000191556 0.0
0.0194987 -0.000189873 0.0
0.0194707 -0.000188265 0.0
0.0194433 -0.000186721 0.0
0.0194164 -0.000185231 0.0
0.0193902 -0.000183787 0.0
0.0193645 -0.00018238 0.0
0.0193393 -0.000181005 0.0
0.0193147 -0.000179652 0.0
0.0192905 -0.000178316 0.0
0.0192668 -0.000176992 0.0
0.0192436 -0.000175672 0.0
0.0192208 -0.000174352 0.0
0.0191985 -0.000173028 0.0
0.0191766 -0.000171693 0.0
0.0191551 -0.000170344 0.0
0.019134 -0.000168977 0.0
0.0191133 -0.000167587 0.0
0.019093 -0.00016617 0.0
0.019073 -0.000164722 0.0
0.0190535 -0.000163239 0.0
0.0190342 -0.000161717 0.0
0.0190153 -0.000160152 0.0
0.0189968 -0.00015854 0.0
0.0189786 -0.000156876 0.0
0.0189607 -0.000155156 0.0
0.0189431 -0.000153375 0.0
0.0189258 -0.000151528 0.0
0.0189089 -0.00014961 0.0
0.0188923 -0.000147614 0.0
0.0188759 -0.000145536 0.0
0.0188599 -0.000143367 0.0
0.0188442 -0.0001411 0.0
0.0188288 -0.000138728 0.0
0.0188136 -0.000136243 0.0
0.0187988 -0.000133633 0.0
0.0187843 -0.00013089 0.0
0.01877 -0.000128001 0.0
0.0187561 -0.000124955 0.0
0.0187425 -0.000121737 0.0
0.0187292 -0.000118334 0.0
0.0187162 -0.000114727 0.0
0.0187036 -0.000110903 0.0
0.0186913 -0.000106836 0.0
0.0186793 -0.000102511 0.0
0.0186677 -9.79009e-05 0.0
0.0186565 -9.29841e-05 0.0
0.0186457 -8.77277e-05 0.0
0.0186354 -8.21113e-05 0.0
0.0186255 -7.60926e-05 0.0
0.0186161 -6.96453e-05 0.0
0.0186073 -6.27252e-05 0.0
0.0185991 -5.53032e-05 0.0
0.0185916 -4.73214e-05 0.0
0.0185848 -3.8749e-05 0.0
0.0185789 -2.95311e-05 0.0
0.018574 -1.96343e-05 0.0
0.0185703 -9.07767e-06 0.0
0.0185679 1.52544e-06 0.0
0.0185667 7.02333e-06 0.0
0.0 0.0 0.0
0.0 0.0 0.0
0.0192892 -8.4057e-05 0.0
0.0193152 -0.000292232 0.0
0.019404 -0.000441524 0.0
0.0194778 -0.000556081 0.0
0.0195491 -0.000732511 0.0
0.0196908 -0.0008677 0.0
0.0198331 -0.000945325 0.0
0.0199501 -0.00106659 0.0
0.0200974 -0.00114724 0.0
0.020265 -0.00119669 0.0
0.0204151 -0.001256 0.0
0.0205601 -0.00129679 0.0
0.0207063 -0.00130742 0.0
0.0208513 -0.00132395 0.0
0.0209895 -0.00132791 0.0
0.0211123 -0.0013152 0.0
0.0212233 -0.00129683 0.0
0.0213345 -0.00127777 0.0
0.021436 -0.00124487 0.0
0.0215172 -0.00120888 0.0
0.02159 -0.0011716 0.0
0.0216622 -0.00112906 0.0
0.0217215 -0.0010804 0.0
0.021765 -0.00103374 0.0
0.0218045 -0.000984617 0.0
0.0218409 -0.000931308 0.0
0.0218655 -0.000877305 0.0
0.0218809 -0.000824916 0.0
0.0218943 -0.000769502 0.0
0.0219031 -0.000712298 0.0
0.0219037 -0.000655988 0.0
0.0219 -0.000599534 0.0
0.0218946 -0.000540447 0.0
0.0218853 -0.000480869 0.0
0.0218713 -0.000421498 0.0
0.0218556 -0.000360429 0.0
0.0218389 -0.000297091 0.0
0.0218194 -0.000233164 0.0
0.0217982 -0.000167798 0.0
0.0217771 -9.93672e-05 0.0
0.0217556 -2.85515e-05 0.0
0.0217329 4.39999e-05 0.0
0.021711 0.000120268 0.0
0.0216907 0.000200903 0.0
0.0216706 0.000284444 0.0
0.0216515 0.000372073 0.0
0.0216361 0.000466124 0.0
0.0216236 0.000565306 0.0
0.021612 0.000668883 0.0
0.0216055 0.00078033 0.0
0.0216063 0.000899767 0.0
0.0216102 0.00102497 0.0
0.0216184 0.00115836 0.0
0.0216385 0.00130208 0.0
0.0216681 0.00145304 0.0
0.021703 0.00161365 0.0
0.0217506 0.00178474 0.0
0.0218157 0.00196265 0.0
0.0218938 0.00215043 0.0
0.0219855 0.00235157 0.0
0.0220973 0.00255355 0.0
0.022232 0.00276118 0.0
0.0223891 0.00298313 0.0
0.0225664 0.00320531 0.0
0.0227685 0.00341725 0.0
0.0230027 0.00363865 0.0
0.0232635 0.00386048 0.0
0.0235445 0.00406424 0.0
0.0238569 0.00425331 0.0
0.0242013 0.00444467 0.0
0.024565 0.00461441 0.0
0.0249486 0.00475321 0.0
0.0253607 0.00487785 0.0
0.0257884 0.00498704 0.0
0.0262278 0.00505991 0.0
0.0266763 0.00509862 0.0
0.0271329 0.0051263 0.0
0.027598 0.00512026 0.0
0.0280536 0.00507335 0.0
0.0284929 0.00501266 0.0
0.0289411 0.00492351 0.0
0.0293755 0.00479889 0.0
0.0297688 0.00466964 0.0
0.0301488 0.00450286 0.0
0.0305159 0.00431374 0.0
0.0308502 0.00413264 0.0
0.0311517 0.00392135 0.0
0.0314221 0.00368269 0.0
0.0316724 0.00345627 0.0
0.0319068 0.00321606 0.0
0.0320984 0.00296153 0.0
0.0322542 0.00270575 0.0
0.0323987 0.00244958 0.0
0.0325202 0.00219507 0.0
0.0326015 0.00195676 0.0
0.0326636 0.00171458 0.0
0.0327154 0.00148227 0.0
0.0327515 0.00127603 0.0
0.0327695 0.00107261 0.0
0.0327778 0.000880247 0.0
0.0327858 0.000703702 0.0
0.0327898 0.000538688 0.0
0.0327849 0.000381945 0.0
0.0327792 0.000234774 0.0
0.0327783 9.44673e-05 0.0
0.0327777 -3.80733e-05 0.0
0.0327725 -0.000165598 0.0
0.0327664 -0.000293168 0.0
0.0327652 -0.00041619 0.0
0.0327638 -0.000537034 0.0
0.0327524 -0.00065891 0.0
0.0327386 -0.000779287 0.0
0.0327244 -0.00090191 0.0
0.0327014 -0.0010158 0.0
0.0326691 -0.0011261 0.0
0.0326306 -0.00123739 0.0
0.0325871 -0.00133643 0.0
0.0325411 -0.00142468 0.0
0.0324883 -0.00151415 0.0
0.0324313 -0.00159092 0.0
0.0323776 -0.00166627 0.0
0.0323214 -0.00173709 0.0
0.0322572 -0.00180286 0.0
0.0321904 -0.00186937 0.0
0.0321247 -0.00193323 0.0
0.0320523 -0.00199078 0.0
0.0319716 -0.00204616 0.0
0.0318882 -0.00210327 0.0
0.0318032 -0.00215135 0.0
0.0317137 -0.00219375 0.0
0.0316175 -0.00223907 0.0
0.0315161 -0.00227869 0.0
0.031414 -0.00231137 0.0
0.0313075 -0.00234328 0.0
0.0311929 -0.00237259 0.0
0.0310754 -0.00239725 0.0
0.0309565 -0.00241924 0.0
0.0308314 -0.00243705 0.0
0.0307022 -0.00245315 0.0
0.030571 -0.00246939 0.0
0.0304357 -0.00247862 0.0
0.0302975 -0.00248702 0.0
0.0301554 -0.00249775 0.0
0.0300093 -0.00250317 0.0
0.0298609 -0.00250642 0.0
0.0297084 -0.00251102 0.0
0.0295506 -0.00251363 0.0
0.0293902 -0.00251333 0.0
0.0292263 -0.00251271 0.0
0.0290575 -0.00251047 0.0
0.0288854 -0.00250652 0.0
0.0287099 -0.00250068 0.0
0.0285308 -0.00249299 0.0
0.0283486 -0.00248415 0.0
0.0281634 -0.00247293 0.0
0.0279747 -0.00245947 0.0
0.0277833 -0.00244471 0.0
0.0275897 -0.00242796 0.0
0.0273935 -0.00240824 0.0
0.0271942 -0.00238665 0.0
0.0269929 -0.00236332 0.0
0.0267906 -0.00233669 0.0
0.0265864 -0.00230729 0.0
0.0263801 -0.00227566 0.0
0.0261731 -0.002241 0.0
0.0259666 -0.0022027 0.0
0.0257597 -0.00216174 0.0
0.0255523 -0.00211787 0.0
0.0253464 -0.00207041 0.0
0.0251428 -0.00202014 0.0
0.0249408 -0.00196757 0.0
0.0247403 -0.00191203 0.0
0.0245436 -0.001854 0.0
0.0243509 -0.00179492 0.0
0.0241611 -0.001734 0.0
0.0239748 -0.00167125 0.0
0.0237936 -0.00160851 0.0
0.023617 -0.00154562 0.0
0.0234442 -0.00148185 0.0
0.0232761 -0.00141864 0.0
0.0231132 -0.00135663 0.0
0.0229549 -0.00129511 0.0
0.0228011 -0.00123444 0.0
0.0226518 -0.00117557 0.0
0.0225075 -0.00111832 0.0
0.0223677 -0.00106247 0.0
0.0222321 -0.0010085 0.0
0.0221008 -0.000956669 0.0
0.021974 -0.000906763 0.0
0.0218514 -0.00085883 0.0
0.0217325 -0.000813056 0.0
0.0216175 -0.000769445 0.0
0.0215066 -0.0007279 0.0
0.0213992 -0.00068844 0.0
0.0212953 -0.000651063 0.0
0.0211948 -0.000615732 0.0
0.0210978 -0.000582382 0.0
0.0210038 -0.000550956 0.0
0.0209129 -0.000521398 0.0
0.020825 -0.000493669 0.0
0.02074 -0.000467684 0.0
0.0206577 -0.000443356 0.0
0.020578 -0.000420629 0.0
0.020501 -0.000399448 0.0
0.0204264 -0.000379716 0.0
0.0203541 -0.000361354 0.0
0.0202841 -0.00034431 0.0
0.0202163 -0.000328514 0.0
0.0201505 -0.000313876 0.0
0.0200868 -0.000300334 0.0
0.020025 -0.000287837 0.0
0.0199651 -0.00027631 0.0
0.0199069 -0.000265683 0.0
0.0198505 -0.000255907 0.0
0.0197957 -0.000246928 0.0
0.0197425 -0.000238684 0.0
0.0196908 -0.000231121 0.0
0.0196405 -0.000224197 0.0
0.0195917 -0.000217863 0.0
0.0195442 -0.000212071 0.0
0.0194979 -0.00020678 0.0
0.0194529 -0.000201954 0.0
0.0194091 -0.000197552 0.0
0.0193665 -0.000193538 0.0
0.0193249 -0.000189882 0.0
0.0192844 -0.000186553 0.0
0.0192449 -0.00018352 0.0
0.0192064 -0.000180756 0.0
0.0191687 -0.000178238 0.0
0.019132 -0.000175941 0.0
0.0190962 -0.000173843 0.0
0.0190612 -0.000171924 0.0
0.0190269 -0.000170165 0.0
0.0189935 -0.000168549 0.0
0.0189608 -0.000167059 0.0
0.0189288 -0.000165681 0.0
0.0188974 -0.000164401 0.0
0.0188668 -0.000163206 0.0
0.0188367 -0.000162084 0.0
0.0188073 -0.000161025 0.0
0.0187785 -0.000160018 0.0
0.0187502 -0.000159054 0.0
0.0187225 -0.000158125 0.0
0.0186953 -0.000157224 0.0
0.0186687 -0.000156342 0.0
0.0186425 -0.000155473 0.0
0.0186169 -0.000154612 0.0
0.0185916 -0.000153752 0.0
0.0185669 -0.000152888 0.0
0.0185426 -0.000152016 0.0
0.0185187 -0.000151131 0.0
0.0184952 -0.000150229 0.0
0.0184721 -0.000149305 0.0
0.0184495 -0.000148356 0.0
0.0184272 -0.000147378 0.0
0.0184053 -0.000146368 0.0
0.0183837 -0.000145322 0.0
0.0183626 -0.000144237 0.0
0.0183417 -0.000143108 0.0
0.0183213 -0.000141934 0.0
0.0183011 -0.00014071 0.0
0.0182813 -0.000139433 0.0
0.0182618 -0.000138099 0.0
0.0182427 -0.000136703 0.0
0.0182239 -0.000135243 0.0
0.0182053 -0.000133713 0.0
0.0181871 -0.000132108 0.0
0.0181693 -0.000130423 0.0
0.0181517 -0.000128653 0.0
0.0181344 -0.000126792 0.0
0.0181175 -0.000124832 0.0
0.0181009 -0.000122767 0.0
0.0180846 -0.000120589 0.0
0.0180686 -0.000118289 0.0
0.0180529 -0.000115857 0.0
0.0180375 -0.000113284 0.0
0.0180225 -0.000110557 0.0
0.0180078 -0.000107665 0.0
0.0179934 -0.000104595 0.0
0.0179794 -0.000101331 0.0
0.0179658 -9.78579e-05 0.0
0.0179525 -9.41577e-05 0.0
0.0179397 -9.0214e-05 0.0
0.0179272 -8.60032e-05 0.0
0.0179152 -8.15082e-05 0.0
0.0179036 -7.67026e-05 0.0
0.0178925 -7.15645e-05 0.0
0.017882 -6.60639e-05 0.0
0.017872 -6.01808e-05 0.0
0.0178626 -5.38809e-05 0.0
0.0178539 -4.7135e-05 0.0
0.017846 -3.99164e-05 0.0
0.0178389 -3.21952e-05 0.0
0.0178327 -2.39426e-05 0.0
0.0178277 -1.51343e-05 0.0
0.0178238 -5.85734e-06 0.0
0.0178213 3.30213e-06 0.0
0.0178201 7.99942e-06 0.0
0.0 0.0 0.0
0.0 0.0 0.0
0.0193381 -0.00011697 0.0
0.019365 -0.000328653 0.0
0.0193873 -0.000521523 0.0
0.0194998 -0.0006583 0.0
0.0196354 -0.00083211 0.0
0.0197597 -0.00103107 0.0
0.0199082 -0.00109851 0.0
0.0200812 -0.00118828 0.0
0.0202593 -0.00132635 0.0
0.0204302 -0.00137966 0.0
0.020588 -0.00139298 0.0
0.0207609 -0.0014472 0.0
0.0209297 -0.00147287 0.0
0.0210645 -0.00146127 0.0
0.021191 -0.00144754 0.0
0.0213274 -0.00143871 0.0
0.0214383 -0.00140767 0.0
0.0215193 -0.00136911 0.0
0.0216023 -0.00132823 0.0
0.0216826 -0.00128387 0.0
0.0217346 -0.00123198 0.0
0.0217713 -0.00117945 0.0
0.0218111 -0.00112344 0.0
0.0218408 -0.00106607 0.0
0.0218509 -0.00100755 0.0
0.0218557 -0.000948686 0.0
0.0218607 -0.00088769 0.0
0.0218552 -0.000827279 0.0
0.0218397 -0.000767001 0.0
0.0218232 -0.000706108 0.0
0.0218046 -0.000644363 0.0
0.0217789 -0.000583412 0.0
0.0217496 -0.000522222 0.0
0.0217204 -0.000460098 0.0
0.021689 -0.000397414 0.0
0.0216542 -0.000334782 0.0
0.0216193 -0.000270943 0.0
0.0215849 -0.000205507 0.0
0.0215495 -0.000139098 0.0
0.0215139 -7.14222e-05 0.0
0.0214801 -1.03795e-06 0.0
0.0214473 7.17869e-05 0.0
0.0214152 0.000146477 0.0
0.0213859 0.000224571 0.0
0.0213597 0.00030708 0.0
0.0213352 0.000392752 0.0
0.0213141 0.000482136 0.0
0.0212988 0.000577709 0.0
0.0212876 0.000678746 0.0
0.0212797 0.000784194 0.0
0.0212799 0.000896283 0.0
0.0212886 0.00101637 0.0
0.0213023 0.00114271 0.0
0.0213244 0.00127604 0.0
0.02136 0.00141708 0.0
0.0214057 0.00156676 0.0
0.0214613 0.00172515 0.0
0.0215331 0.00188968 0.0
0.0216211 0.00205938 0.0
0.0217245 0.00224156 0.0
0.0218477 0.00242926 0.0
0.0219898 0.00261465 0.0
0.0221522 0.00280757 0.0
0.0223416 0.0030106 0.0
0.0225537 0.00320253 0.0
0.0227843 0.00339079 0.0
0.0230455 0.00358476 0.0
0.0233366 0.00376885 0.0
0.0236435 0.0039324 0.0
0.023973 0.00409384 0.0
0.024337 0.00424143 0.0
0.0247155 0.00436247 0.0
0.0251052 0.00447057 0.0
0.025522 0.00455848 0.0
0.025954 0.00461533 0.0
0.0263847 0.00466 0.0
0.0268299 0.00467743 0.0
0.0272818 0.00465323 0.0
0.0277267 0.00463265 0.0
0.0281716 0.0045798 0.0
0.0286072 0.00447916 0.0
0.0290285 0.00438617 0.0
0.0294472 0.00427515 0.0
0.0298453 0.00411689 0.0
0.0302158 0.00396285 0.0
0.0305788 0.00379302 0.0
0.0309234 0.00360157 0.0
0.0312377 0.00340926 0.0
0.031528 0.00319479 0.0
0.0317957 0.00297369 0.0
0.0320382 0.0027589 0.0
0.0322581 0.00253179 0.0
0.0324462 0.00229258 0.0
0.0326058 0.0020712 0.0
0.0327504 0.00185222 0.0
0.032875 0.00162755 0.0
0.0329721 0.0014209 0.0
0.0330543 0.00122366 0.0
0.0331257 0.0010303 0.0
0.0331839 0.000851473 0.0
0.0332306 0.000682078 0.0
0.0332684 0.000520472 0.0
0.0332996 0.000368467 0.0
0.033327 0.000225825 0.0
0.0333486 8.71027e-05 0.0
0.0333637 -4.55407e-05 0.0
0.033377 -0.000169566 0.0
0.0333885 -0.000293079 0.0
0.0333917 -0.000416314 0.0
0.03339 -0.000532491 0.0
0.0333855 -0.000647883 0.0
0.0333733 -0.000763433 0.0
0.0333501 -0.000876205 0.0
0.03332 -0.00098426 0.0
0.0332842 -0.00108919 0.0
0.0332383 -0.00118878 0.0
0.0331841 -0.00128205 0.0
0.0331257 -0.00137195 0.0
0.0330614 -0.00145204 0.0
0.0329932 -0.00152605 0.0
0.032921 -0.00160211 0.0
0.0328428 -0.00166811 0.0
0.0327623 -0.00172881 0.0
0.0326777 -0.00179223 0.0
0.032585 -0.00185198 0.0
0.0324877 -0.0019031 0.0
0.0323874 -0.0019544 0.0
0.0322784 -0.00200446 0.0
0.0321632 -0.00204731 0.0
0.032045 -0.00208871 0.0
0.0319205 -0.00212531 0.0
0.0317897 -0.00215856 0.0
0.0316551 -0.00219107 0.0
0.0315157 -0.00221795 0.0
0.0313719 -0.00223957 0.0
0.0312237 -0.00226255 0.0
0.0310706 -0.00228114 0.0
0.0309147 -0.00229439 0.0
0.0307554 -0.00230756 0.0
0.0305907 -0.00231799 0.0
0.0304228 -0.00232558 0.0
0.0302526 -0.00233227 0.0
0.0300781 -0.0023354 0.0
0.0298994 -0.0023383 0.0
0.0297176 -0.00234078 0.0
0.029533 -0.0023394 0.0
0.0293449 -0.00233752 0.0
0.0291527 -0.0023357 0.0
0.0289573 -0.00233102 0.0
0.0287597 -0.0023246 0.0
0.0285585 -0.00231792 0.0
0.0283539 -0.00230891 0.0
0.0281471 -0.00229821 0.0
0.0279379 -0.00228631 0.0
0.0277258 -0.00227251 0.0
0.0275114 -0.00225662 0.0
0.0272956 -0.00223935 0.0
0.0270776 -0.00222045 0.0
0.0268576 -0.00219891 0.0
0.0266366 -0.00217538 0.0
0.0264146 -0.0021504 0.0
0.0261913 -0.00212291 0.0
0.0259674 -0.00209239 0.0
0.0257434 -0.0020598 0.0
0.0255195 -0.00202526 0.0
0.0252961 -0.00198752 0.0
0.0250735 -0.00194675 0.0
0.0248523 -0.00190384 0.0
0.0246332 -0.00185874 0.0
0.0244165 -0.00181067 0.0
0.0242022 -0.00175998 0.0
0.0239913 -0.00170776 0.0
0.0237845 -0.00165409 0.0
0.0235814 -0.00159823 0.0
0.0233822 -0.00154083 0.0
0.0231881 -0.00148349 0.0
0.0229991 -0.00142555 0.0
0.0228145 -0.00136643 0.0
0.022635 -0.00130784 0.0
0.0224611 -0.00125032 0.0
0.0222924 -0.00119276 0.0
0.0221286 -0.00113582 0.0
0.0219701 -0.00108063 0.0
0.0218169 -0.00102678 0.0
0.0216689 -0.000973905 0.0
0.0215257 -0.000922813 0.0
0.0213872 -0.000873763 0.0
0.0212539 -0.000826351 0.0
0.0211252 -0.000780669 0.0
0.0210008 -0.000737111 0.0
0.0208808 -0.000695577 0.0
0.0207653 -0.000655906 0.0
0.0206539 -0.000618205 0.0
0.0205462 -0.000582552 0.0
0.0204424 -0.000548821 0.0
0.0203425 -0.000516957 0.0
0.020246 -0.000486962 0.0
0.0201528 -0.000458794 0.0
0.020063 -0.000432367 0.0
0.0199764 -0.000407626 0.0
0.0198927 -0.000384509 0.0
0.0198119 -0.000362956 0.0
0.0197339 -0.000342897 0.0
0.0196585 -0.000324255 0.0
0.0195856 -0.000306958 0.0
0.0195152 -0.00029095 0.0
0.0194471 -0.000276158 0.0
0.0193812 -0.000262505 0.0
0.0193174 -0.000249928 0.0
0.0192556 -0.000238373 0.0
0.0191958 -0.000227768 0.0
0.0191378 -0.000218047 0.0
0.0190815 -0.00020916 0.0
0.019027 -0.000201053 0.0
0.018974 -0.000193664 0.0
0.0189226 -0.000186941 0.0
0.0188726 -0.000180843 0.0
0.0188241 -0.00017532 0.0
0.0187768 -0.000170323 0.0
0.0187309 -0.000165813 0.0
0.0186862 -0.000161755 0.0
0.0186426 -0.000158106 0.0
0.0186001 -0.000154831 0.0
0.0185588 -0.0001519 0.0
0.0185184 -0.000149282 0.0
0.018479 -0.000146946 0.0
0.0184405 -0.000144866 0.0
0.018403 -0.000143018 0.0
0.0183663 -0.000141377 0.0
0.0183304 -0.000139922 0.0
0.0182953 -0.000138632 0.0
0.0182609 -0.00013749 0.0
0.0182273 -0.000136478 0.0
0.0181943 -0.000135579 0.0
0.0181621 -0.00013478 0.0
0.0181304 -0.000134066 0.0
0.0180994 -0.000133425 0.0
0.018069 -0.000132846 0.0
0.0180391 -0.000132317 0.0
0.0180098 -0.000131831 0.0
0.017981 -0.000131376 0.0
0.0179528 -0.000130946 0.0
0.017925 -0.000130533 0.0
0.0178977 -0.00013013 0.0
0.0178709 -0.000129731 0.0
0.0178445 -0.000129331 0.0
0.0178186 -0.000128923 0.0
0.0177931 -0.000128504 0.0
0.017768 -0.000128068 0.0
0.0177433 -0.000127612 0.0
0.017719 -0.000127132 0.0
0.017695 -0.000126624 0.0
0.0176715 -0.000126085 0.0
0.0176483 -0.000125512 0.0
0.0176255 -0.000124902 0.0
0.017603 -0.000124252 0.0
0.0175808 -0.000123559 0.0
0.017559 -0.00012282 0.0
0.0175375 -0.000122032 0.0
0.0175164 -0.000121193 0.0
0.0174956 -0.0001203 0.0
0.017475 -0.000119348 0.0
0.0174549 -0.000118337 0.0
0.017435 -0.000117261 0.0
0.0174154 -0.000116117 0.0
0.0173962 -0.000114902 0.0
0.0173772 -0.000113611 0.0
0.0173586 -0.000112239 0.0
0.0173403 -0.000110782 0.0
0.0173223 -0.000109234 0.0
0.0173046 -0.000107588 0.0
0.0172872 -0.00010584 0.0
0.0172701 -0.000103981 0.0
0.0172534 -0.000102004 0.0
0.017237 -9.98996e-05 0.0
0.0172209 -9.76593e-05 0.0
0.0172052 -9.52731e-05 0.0
0.0171898 -9.27291e-05 0.0
0.0171748 -9.00168e-05 0.0
0.0171602 -8.71218e-05 0.0
0.0171459 -8.40314e-05 0.0
0.0171321 -8.07297e-05 0.0
0.0171187 -7.72022e-05 0.0
0.0171057 -7.34298e-05 0.0
0.0170932 -6.93975e-05 0.0
0.0170811 -6.50848e-05 0.0
0.0170697 -6.04724e-05 0.0
0.0170587 -5.55416e-05 0.0
0.0170484 -5.02729e-05 0.0
0.0170388 -4.46456e-05 0.0
0.0170298 -3.86374e-05 0.0
0.0170217 -3.22416e-05 0.0
0.0170145 -2.54273e-05 0.0
0.0170082 -1.82023e-05 0.0
0.0170031 -1.05483e-05 0.0
0.0169992 -2.60103e-06 0.0
0.0169967 5.0917e-06 0.0
0.0169955 8.98484e-06 0.0
0.0 0.0 0.0
0.0 0.0 0.0
0.0192841 -0.000187422 0.0
0.0193433 -0.000333778 0.0
0.0194133 -0.000570679 0.0
0.0195569 -0.000860276 0.0
0.0197327 -0.000972827 0.0
0.0198693 -0.00111607 0.0
0.020041 -0.0013148 0.0
0.0202678 -0.00140561 0.0
0.0204589 -0.00146944 0.0
0.0206378 -0.00155562 0.0
0.020828 -0.00159107 0.0
0.0210035 -0.00160962 0.0
0.0211608 -0.00161324 0.0
0.0213058 -0.00160263 0.0
0.0214243 -0.00157504 0.0
0.0215257 -0.00154468 0.0
0.0216208 -0.00149665 0.0
0.0216933 -0.001445 0.0
0.0217387 -0.00139179 0.0
0.0217776 -0.00133338 0.0
0.0218103 -0.00126573 0.0
0.0218215 -0.00120245 0.0
0.0218173 -0.00113908 0.0
0.0218115 -0.00107101 0.0
0.0217985 -0.00100147 0.0
0.0217713 -0.000936984 0.0
0.0217381 -0.000871265 0.0
0.0217043 -0.000803361 0.0
0.0216644 -0.00073736 0.0
0.0216176 -0.000674165 0.0
0.0215697 -0.000609341 0.0
0.0215213 -0.000544279 0.0
0.0214694 -0.000481179 0.0
0.0214157 -0.000418569 0.0
0.021363 -0.000354432 0.0
0.0213104 -0.000290549 0.0
0.021257 -0.000227227 0.0
0.0212049 -0.000162614 0.0
0.021155 -9.63572e-05 0.0
0.0211061 -2.97208e-05 0.0
0.0210589 3.82823e-05 0.0
0.0210153 0.000109111 0.0
0.0209746 0.00018203 0.0
0.0209363 0.000256769 0.0
0.0209026 0.000335176 0.0
0.0208743 0.000417617 0.0
0.0208495 0.000502939 0.0
0.0208295 0.000592517 0.0
0.0208179 0.00068773 0.0
0.0208127 0.000787603 0.0
0.0208124 0.000892372 0.0
0.0208219 0.00100386 0.0
0.020843 0.00112101 0.0
0.0208714 0.00124458 0.0
0.0209095 0.00137573 0.0
0.0209633 0.00151217 0.0
0.0210306 0.00165426 0.0
0.0211095 0.00180692 0.0
0.0212051 0.00196339 0.0
0.0213198 0.00212093 0.0
0.0214526 0.00228858 0.0
0.0216039 0.00246336 0.0
0.0217753 0.00263047 0.0
0.0219701 0.00280071 0.0
0.0221892 0.00297913 0.0
0.0224283 0.00314923 0.0
0.0226898 0.00330562 0.0
0.0229782 0.00346602 0.0
0.0232896 0.00361979 0.0
0.0236184 0.00375098 0.0
0.0239701 0.00386962 0.0
0.0243436 0.00398353 0.0
0.0247327 0.00407387 0.0
0.0251337 0.00413874 0.0
0.025549 0.00419197 0.0
0.0259774 0.00422647 0.0
0.0264119 0.00423253 0.0
0.0268425 0.00421814 0.0
0.0272813 0.00419009 0.0
0.0277258 0.00413077 0.0
0.0281535 0.00406121 0.0
0.0285728 0.00397095 0.0
0.0289938 0.00385192 0.0
0.0293981 0.00373008 0.0
0.0297826 0.00359876 0.0
0.0301528 0.00343077 0.0
0.0305048 0.00326424 0.0
0.0308429 0.0030965 0.0
0.0311574 0.00290575 0.0
0.0314438 0.00270931 0.0
0.0317149 0.00251008 0.0
0.0319686 0.00230767 0.0
0.03219 0.00210458 0.0
0.0323885 0.00190053 0.0
0.0325717 0.00169269 0.0
0.0327316 0.00150107 0.0
0.0328686 0.00131346 0.0
0.0329899 0.00112381 0.0
0.033097 0.000948832 0.0
0.0331892 0.000784848 0.0
0.033266 0.000623793 0.0
0.0333323 0.000471602 0.0
0.0333912 0.000328044 0.0
0.0334399 0.000191391 0.0
0.0334778 6.10669e-05 0.0
0.0335087 -6.53277e-05 0.0
0.0335343 -0.000187429 0.0
0.0335525 -0.00030347 0.0
0.0335602 -0.000417169 0.0
0.0335607 -0.00052943 0.0
0.0335557 -0.000639767 0.0
0.0335409 -0.000745246 0.0
0.0335153 -0.000847064 0.0
0.0334816 -0.00094921 0.0
0.0334388 -0.0010469 0.0
0.033387 -0.00113518 0.0
0.0333263 -0.00122195 0.0
0.0332561 -0.00130463 0.0
0.0331801 -0.00137886 0.0
0.0330985 -0.00144998 0.0
0.0330076 -0.00151519 0.0
0.0329104 -0.00157698 0.0
0.0328098 -0.00163777 0.0
0.032702 -0.00169077 0.0
0.0325855 -0.00174107 0.0
0.0324636 -0.00179217 0.0
0.0323373 -0.00183853 0.0
0.0322038 -0.00187713 0.0
0.0320634 -0.00191642 0.0
0.0319169 -0.00195472 0.0
0.0317663 -0.00198464 0.0
0.031611 -0.00201253 0.0
0.0314479 -0.00203914 0.0
0.0312796 -0.00206191 0.0
0.0311091 -0.00208074 0.0
0.0309329 -0.00209704 0.0
0.0307505 -0.00211019 0.0
0.0305654 -0.00212266 0.0
0.0303767 -0.00213122 0.0
0.0301838 -0.00213587 0.0
0.0299875 -0.00214176 0.0
0.0297874 -0.00214525 0.0
0.0295845 -0.00214439 0.0
0.0293792 -0.0021442 0.0
0.0291697 -0.00214315 0.0
0.0289572 -0.00213909 0.0
0.0287428 -0.0021342 0.0
0.0285251 -0.0021286 0.0
0.0283043 -0.00212129 0.0
0.0280814 -0.00211261 0.0
0.0278561 -0.00210256 0.0
0.0276286 -0.00209129 0.0
0.0273991 -0.00207873 0.0
0.0271676 -0.0020641 0.0
0.0269346 -0.00204844 0.0
0.0267004 -0.00203153 0.0
0.026465 -0.00201233 0.0
0.0262282 -0.00199145 0.0
0.0259909 -0.00196966 0.0
0.0257534 -0.00194567 0.0
0.0255155 -0.00191915 0.0
0.0252772 -0.00189132 0.0
0.0250396 -0.0018618 0.0
0.024803 -0.00182945 0.0
0.0245673 -0.00179485 0.0
0.0243326 -0.00175866 0.0
0.0241 -0.00172012 0.0
0.0238703 -0.00167895 0.0
0.0236428 -0.00163594 0.0
0.0234179 -0.00159109 0.0
0.0231971 -0.00154414 0.0
0.0229807 -0.00149559 0.0
0.0227679 -0.00144567 0.0
0.0225594 -0.00139432 0.0
0.0223567 -0.00134226 0.0
0.0221591 -0.00128971 0.0
0.021966 -0.00123628 0.0
0.0217786 -0.00118294 0.0
0.0215974 -0.0011302 0.0
0.0214215 -0.00107749 0.0
0.0212509 -0.00102521 0.0
0.0210862 -0.000974309 0.0
0.0209275 -0.000924465 0.0
0.020774 -0.000875486 0.0
0.0206259 -0.000828045 0.0
0.0204832 -0.000782381 0.0
0.020346 -0.000738133 0.0
0.0202137 -0.00069547 0.0
0.0200863 -0.000654733 0.0
0.0199638 -0.000615832 0.0
0.0198462 -0.000578625 0.0
0.0197329 -0.000543267 0.0
0.0196238 -0.000509806 0.0
0.019519 -0.000478138 0.0
0.0194184 -0.000448217 0.0
0.0193214 -0.000420069 0.0
0.0192281 -0.000393641 0.0
0.0191385 -0.000368867 0.0
0.0190522 -0.000345695 0.0
0.0189691 -0.000324073 0.0
0.018889 -0.000303942 0.0
0.018812 -0.000285245 0.0
0.0187378 -0.000267904 0.0
0.0186661 -0.000251854 0.0
0.0185971 -0.000237044 0.0
0.0185305 -0.000223406 0.0
0.0184661 -0.000210862 0.0
0.0184039 -0.000199355 0.0
0.0183439 -0.000188835 0.0
0.0182858 -0.000179231 0.0
0.0182295 -0.000170477 0.0
0.0181751 -0.000162528 0.0
0.0181223 -0.000155333 0.0
0.0180711 -0.000148827 0.0
0.0180215 -0.000142963 0.0
0.0179733 -0.0001377 0.0
0.0179264 -0.00013299 0.0
0.0178809 -0.000128784 0.0
0.0178366 -0.000125045 0.0
0.0177935 -0.000121737 0.0
0.0177515 -0.00011882 0.0
0.0177105 -0.000116258 0.0
0.0176706 -0.000114023 0.0
0.0176316 -0.000112084 0.0
0.0175936 -0.00011041 0.0
0.0175564 -0.000108976 0.0
0.01752 -0.000107758 0.0
0.0174844 -0.000106733 0.0
0.0174496 -0.000105879 0.0
0.0174155 -0.000105177 0.0
0.0173821 -0.000104609 0.0
0.0173493 -0.000104157 0.0
0.0173172 -0.000103806 0.0
0.0172856 -0.000103542 0.0
0.0172547 -0.000103352 0.0
0.0172242 -0.000103223 0.0
0.0171943 -0.000103144 0.0
0.017165 -0.000103107 0.0
0.0171361 -0.0001031 0.0
0.0171077 -0.000103116 0.0
0.0170797 -0.000103146 0.0
0.0170522 -0.000103185 0.0
0.0170251 -0.000103226 0.0
0.0169984 -0.000103262 0.0
0.0169721 -0.000103288 0.0
0.0169462 -0.0001033 0.0
0.0169207 -0.000103294 0.0
0.0168955 -0.000103265 0.0
0.0168707 -0.000103209 0.0
0.0168462 -0.000103124 0.0
0.0168221 -0.000103006 0.0
0.0167983 -0.000102852 0.0
0.0167749 -0.000102661 0.0
0.0167518 -0.000102428 0.0
0.0167289 -0.000102152 0.0
0.0167064 -0.00010183 0.0
0.0166842 -0.000101461 0.0
0.0166623 -0.000101041 0.0
0.0166408 -0.000100569 0.0
0.0166195 -0.000100043 0.0
0.0165985 -9.94591e-05 0.0
0.0165778 -9.88156e-05 0.0
0.0165574 -9.81099e-05 0.0
0.0165373 -9.73389e-05 0.0
0.0165175 -9.64997e-05 0.0
0.0164979 -9.55888e-05 0.0
0.0164787 -9.46026e-05 0.0
0.0164598 -9.35371e-05 0.0
0.0164412 -9.23881e-05 0.0
0.0164229 -9.11504e-05 0.0
0.0164049 -8.98193e-05 0.0
0.0163872 -8.83886e-05 0.0
0.0163698 -8.68524e-05 0.0
0.0163528 -8.52033e-05 0.0
0.0163361 -8.34345e-05 0.0
0.0163197 -8.15372e-05 0.0
0.0163037 -7.95028e-05 0.0
0.016288 -7.73213e-05 0.0
0.0162727 -7.4983e-05 0.0
0.0162578 -7.24761e-05 0.0
0.0162433 -6.97891e-05 0.0
0.0162293 -6.69088e-05 0.0
0.0162156 -6.38229e-05 0.0
0.0162024 -6.05173e-05 0.0
0.0161898 -5.6977e-05 0.0
0.0161776 -5.31881e-05 0.0
0.016166 -4.91367e-05 0.0
0.016155 -4.48112e-05 0.0
0.0161446 -4.01905e-05 0.0
0.0161349 -3.52736e-05 0.0
0.016126 -3.00445e-05 0.0
0.0161179 -2.45045e-05 0.0
0.0161107 -1.863e-05 0.0
0.0161045 -1.24676e-05 0.0
0.0160994 -5.9973e-06 0.0
0.0160956 6.11574e-07 0.0
0.0160932 6.86148e-06 0.0
0.016092 9.97383e-06 0.0
0.0 0.0 0.0
0.0 0.0 0.0
0.0192681 -0.000180138 0.0
0.0193603 -0.000461274 0.0
0.0195158 -0.000700669 0.0
0.0196184 -0.000976469 0.0
0.0197591 -0.00118362 0.0
0.0200105 -0.00130282 0.0
0.0202527 -0.00150882 0.0
0.0204622 -0.0016481 0.0
0.0206622 -0.0016603 0.0
0.0208835 -0.00173672 0.0
0.0211 -0.00179067 0.0
0.0212585 -0.00177583 0.0
0.0213825 -0.00174278 0.0
0.0215211 -0.00172889 0.0
0.0216343 -0.00168115 0.0
0.0216884 -0.00161858 0.0
0.0217287 -0.00155653 0.0
0.0217772 -0.00149255 0.0
0.0217943 -0.00141518 0.0
0.0217757 -0.00134156 0.0
0.0217576 -0.0012672 0.0
0.021739 -0.00118989 0.0
0.0216967 -0.00111187 0.0
0.02164 -0.00103883 0.0
0.0215871 -0.000964275 0.0
0.0215296 -0.00088981 0.0
0.0214593 -0.000818265 0.0
0.0213863 -0.00074943 0.0
0.0213162 -0.000679748 0.0
0.0212421 -0.000611743 0.0
0.0211636 -0.000546276 0.0
0.021087 -0.000481658 0.0
0.0210124 -0.000416781 0.0
0.0209363 -0.000353503 0.0
0.0208609 -0.000291264 0.0
0.0207889 -0.00022856 0.0
0.0207189 -0.000165615 0.0
0.0206502 -0.000103271 0.0
0.020585 -4.01636e-05 0.0
0.0205239 2.44635e-05 0.0
0.0204656 8.97607e-05 0.0
0.0204111 0.000156136 0.0
0.020362 0.000225172 0.0
0.0203176 0.00029647 0.0
0.0202776 0.000369441 0.0
0.0202441 0.000445829 0.0
0.0202176 0.000526281 0.0
0.0201966 0.000609641 0.0
0.0201828 0.000696655 0.0
0.0201789 0.000789106 0.0
0.020183 0.000886162 0.0
0.020195 0.000987719 0.0
0.0202187 0.00109462 0.0
0.0202547 0.00120723 0.0
0.020301 0.00132574 0.0
0.0203603 0.00145007 0.0
0.020435 0.00157793 0.0
0.0205245 0.00171239 0.0
0.0206304 0.00185395 0.0
0.0207534 0.00199679 0.0
0.0208938 0.00214101 0.0
0.0210556 0.00229387 0.0
0.0212388 0.00244646 0.0
0.0214385 0.00259402 0.0
0.0216609 0.00274377 0.0
0.0219104 0.00289456 0.0
0.0221779 0.00303388 0.0
0.0224623 0.00316717 0.0
0.0227752 0.00329588 0.0
0.0231091 0.00341177 0.0
0.0234542 0.00351408 0.0
0.0238197 0.00360508 0.0
0.0242074 0.00367736 0.0
0.0246021 0.00373642 0.0
0.0250074 0.00378051 0.0
0.0254269 0.00379571 0.0
0.0258509 0.00380096 0.0
0.0262781 0.00379451 0.0
0.0267083 0.00375349 0.0
0.0271331 0.00369781 0.0
0.0275591 0.00364271 0.0
0.0279822 0.00355103 0.0
0.0283872 0.00344659 0.0
0.0287855 0.00333925 0.0
0.0291809 0.00320899 0.0
0.0295564 0.0030687 0.0
0.0299123 0.00292351 0.0
0.030257 0.00275775 0.0
0.0305843 0.00259384 0.0
0.0308926 0.00242569 0.0
0.0311776 0.00224149 0.0
0.0314394 0.00205956 0.0
0.0316852 0.00188207 0.0
0.0319126 0.00169726 0.0
0.032111 0.00151437 0.0
0.0322899 0.00134174 0.0
0.0324566 0.00116666 0.0
0.0326028 0.00100008 0.0
0.0327279 0.00084253 0.0
0.03284 0.000687532 0.0
0.0329397 0.000540055 0.0
0.0330253 0.00040259 0.0
0.0330969 0.0002692 0.0
0.0331567 0.000140354 0.0
0.0332078 1.96994e-05 0.0
0.0332494 -9.57613e-05 0.0
0.0332778 -0.000209772 0.0
0.0332959 -0.000318459 0.0
0.0333076 -0.000422569 0.0
0.0333087 -0.000525164 0.0
0.0332958 -0.00062503 0.0
0.0332734 -0.000721255 0.0
0.033243 -0.000815009 0.0
0.0332004 -0.000904549 0.0
0.0331447 -0.000990452 0.0
0.0330805 -0.00107323 0.0
0.0330077 -0.00115118 0.0
0.0329244 -0.00122149 0.0
0.0328323 -0.00129086 0.0
0.0327319 -0.00135604 0.0
0.0326249 -0.00141261 0.0
0.0325114 -0.00146816 0.0
0.0323881 -0.00152204 0.0
0.0322577 -0.00156882 0.0
0.0321232 -0.0016132 0.0
0.0319802 -0.00165614 0.0
0.0318277 -0.00169458 0.0
0.0316706 -0.00172974 0.0
0.0315082 -0.00176268 0.0
0.0313373 -0.0017909 0.0
0.0311602 -0.00181761 0.0
0.0309782 -0.001842 0.0
0.0307912 -0.00186042 0.0
0.0305987 -0.00187798 0.0
0.0304006 -0.00189412 0.0
0.0301985 -0.00190538 0.0
0.0299933 -0.00191414 0.0
0.0297832 -0.00192224 0.0
0.0295686 -0.00192709 0.0
0.0293519 -0.00193017 0.0
0.029132 -0.0019311 0.0
0.028908 -0.00193007 0.0
0.0286815 -0.00192904 0.0
0.0284528 -0.00192542 0.0
0.0282213 -0.00191954 0.0
0.0279872 -0.00191438 0.0
0.0277507 -0.00190765 0.0
0.0275126 -0.00189837 0.0
0.0272726 -0.00188904 0.0
0.0270303 -0.00187891 0.0
0.0267866 -0.00186668 0.0
0.026542 -0.00185355 0.0
0.0262958 -0.00183955 0.0
0.0260484 -0.00182391 0.0
0.0258007 -0.00180698 0.0
0.0255523 -0.00178893 0.0
0.0253033 -0.00176946 0.0
0.0250545 -0.00174829 0.0
0.024806 -0.00172589 0.0
0.0245575 -0.00170205 0.0
0.0243097 -0.00167634 0.0
0.0240632 -0.00164891 0.0
0.0238179 -0.00162008 0.0
0.0235738 -0.00158942 0.0
0.0233319 -0.00155662 0.0
0.0230925 -0.00152214 0.0
0.0228556 -0.00148614 0.0
0.0226216 -0.00144816 0.0
0.0223912 -0.00140818 0.0
0.0221647 -0.00136686 0.0
0.0219424 -0.00132433 0.0
0.0217244 -0.00128011 0.0
0.0215112 -0.00123453 0.0
0.0213034 -0.00118856 0.0
0.021101 -0.00114199 0.0
0.0209038 -0.0010943 0.0
0.0207124 -0.00104659 0.0
0.0205272 -0.000999514 0.0
0.0203478 -0.000952188 0.0
0.0201741 -0.000904981 0.0
0.0200066 -0.000859032 0.0
0.0198451 -0.000814001 0.0
0.0196895 -0.000769453 0.0
0.0195395 -0.000726232 0.0
0.0193954 -0.000684662 0.0
0.019257 -0.00064425 0.0
0.019124 -0.000605118 0.0
0.0189961 -0.000567789 0.0
0.0188736 -0.000532129 0.0
0.0187561 -0.000497912 0.0
0.0186434 -0.000465352 0.0
0.0185351 -0.00043459 0.0
0.0184315 -0.000405445 0.0
0.0183322 -0.000377863 0.0
0.0182369 -0.000351933 0.0
0.0181455 -0.000327629 0.0
0.0180579 -0.000304831 0.0
0.0179739 -0.000283511 0.0
0.0178932 -0.000263658 0.0
0.0178158 -0.000245209 0.0
0.0177415 -0.000228084 0.0
0.01767 -0.000212234 0.0
0.0176013 -0.00019761 0.0
0.0175353 -0.000184152 0.0
0.0174717 -0.000171791 0.0
0.0174105 -0.000160466 0.0
0.0173515 -0.000150126 0.0
0.0172946 -0.000140717 0.0
0.0172397 -0.00013217 0.0
0.0171866 -0.000124431 0.0
0.0171353 -0.000117456 0.0
0.0170857 -0.00011119 0.0
0.0170377 -0.000105577 0.0
0.0169911 -0.000100572 0.0
0.0169459 -9.61353e-05 0.0
0.0169021 -9.22191e-05 0.0
0.0168594 -8.87782e-05 0.0
0.016818 -8.57781e-05 0.0
0.0167777 -8.31834e-05 0.0
0.0167384 -8.09548e-05 0.0
0.0167 -7.9059e-05 0.0
0.0166627 -7.74687e-05 0.0
0.0166262 -7.61539e-05 0.0
0.0165905 -7.50849e-05 0.0
0.0165556 -7.42377e-05 0.0
0.0165214 -7.35902e-05 0.0
0.016488 -7.31189e-05 0.0
0.0164552 -7.28026e-05 0.0
0.016423 -7.26238e-05 0.0
0.0163915 -7.25652e-05 0.0
0.0163605 -7.26095e-05 0.0
0.01633 -7.27421e-05 0.0
0.0163001 -7.295e-05 0.0
0.0162707 -7.32204e-05 0.0
0.0162417 -7.35413e-05 0.0
0.0162132 -7.39025e-05 0.0
0.0161851 -7.42949e-05 0.0
0.0161574 -7.47091e-05 0.0
0.0161301 -7.51373e-05 0.0
0.0161032 -7.55725e-05 0.0
0.0160766 -7.60081e-05 0.0
0.0160505 -7.64381e-05 0.0
0.0160246 -7.68571e-05 0.0
0.0159991 -7.72605e-05 0.0
0.0159739 -7.76439e-05 0.0
0.0159491 -7.80031e-05 0.0
0.0159245 -7.83348e-05 0.0
0.0159003 -7.86358e-05 0.0
0.0158763 -7.89031e-05 0.0
0.0158526 -7.9134e-05 0.0
0.0158292 -7.93262e-05 0.0
0.0158061 -7.94775e-05 0.0
0.0157833 -7.95857e-05 0.0
0.0157607 -7.96489e-05 0.0
0.0157385 -7.96654e-05 0.0
0.0157164 -7.96332e-05 0.0
0.0156947 -7.95507e-05 0.0
0.0156732 -7.9416e-05 0.0
0.015652 -7.92275e-05 0.0
0.015631 -7.89833e-05 0.0
0.0156103 -7.86815e-05 0.0
0.0155899 -7.83199e-05 0.0
0.0155698 -7.78966e-05 0.0
0.0155499 -7.7409e-05 0.0
0.0155303 -7.68547e-05 0.0
0.0155109 -7.62307e-05 0.0
0.0154919 -7.55343e-05 0.0
0.0154731 -7.47616e-05 0.0
0.0154546 -7.39091e-05 0.0
0.0154364 -7.29727e-05 0.0
0.0154185 -7.19481e-05 0.0
0.0154009 -7.08297e-05 0.0
0.0153836 -6.96125e-05 0.0
0.0153667 -6.82906e-05 0.0
0.01535 -6.68573e-05 0.0
0.0153337 -6.53051e-05 0.0
0.0153178 -6.3627e-05 0.0
0.0153022 -6.18147e-05 0.0
0.015287 -5.98586e-05 0.0
0.0152722 -5.77498e-05 0.0
0.0152577 -5.54787e-05 0.0
0.0152438 -5.30344e-05 0.0
0.0152302 -5.04055e-05 0.0
0.0152172 -4.75831e-05 0.0
0.0152046 -4.45542e-05 0.0
0.0151926 -4.13103e-05 0.0
0.0151812 -3.78392e-05 0.0
0.0151703 -3.41371e-05 0.0
0.0151602 -3.01891e-05 0.0
0.0151507 -2.60041e-05 0.0
0.015142 -2.15654e-05 0.0
0.0151341 -1.68959e-05 0.0
0.0151271 -1.19815e-05 0.0
0.0151212 -6.88058e-06 0.0
0.0151163 -1.58263e-06 0.0
0.0151127 3.70447e-06 0.0
0.0151104 8.5732e-06 0.0
0.0151092 1.09611e-05 0.0
0.0 0.0 0.0
0.0 0.0 0.0
0.0193043 -0.000165337 0.0
0.0193625 -0.000627226 0.0
0.0195327 -0.000903293 0.0
0.0197344 -0.00104196 0.0
0.0199431 -0.00140207 0.0
0.0202347 -0.00165651 0.0
0.0204874 -0.00169107 0.0
0.0207111 -0.00183572 0.0
0.0209697 -0.00193305 0.0
0.0211904 -0.00195437 0.0
0.0213503 -0.0019352 0.0
0.0215044 -0.0019196 0.0
0.0216226 -0.00187299 0.0
0.021681 -0.00181547 0.0
0.0217253 -0.00173535 0.0
0.0217615 -0.00165448 0.0
0.0217506 -0.00157173 0.0
0.0217091 -0.00148773 0.0
0.0216718 -0.0013916 0.0
0.021622 -0.00130227 0.0
0.0215422 -0.00121782 0.0
0.0214547 -0.00113177 0.0
0.0213723 -0.0010427 0.0
0.021279 -0.000962114 0.0
0.0211731 -0.000884767 0.0
0.0210695 -0.0008064 0.0
0.0209684 -0.000729916 0.0
0.0208614 -0.000659633 0.0
0.0207524 -0.000590424 0.0
0.0206482 -0.000521426 0.0
0.0205455 -0.000455425 0.0
0.0204418 -0.000392606 0.0
0.0203411 -0.000329767 0.0
0.0202452 -0.00026771 0.0
0.0201514 -0.00020773 0.0
0.0200602 -0.000148544 0.0
0.0199741 -8.87329e-05 0.0
0.0198925 -2.93657e-05 0.0
0.0198144 2.95258e-05 0.0
0.0197415 8.94375e-05 0.0
0.0196746 0.000150599 0.0
0.0196124 0.000212247 0.0
0.0195558 0.000275275 0.0
0.0195065 0.0003408 0.0
0.0194636 0.000408243 0.0
0.0194265 0.000477683 0.0
0.0193981 0.000550369 0.0
0.0193786 0.000626456 0.0
0.019366 0.000705562 0.0
0.0193623 0.000788644 0.0
0.0193706 0.000875689 0.0
0.0193889 0.000966956 0.0
0.0194163 0.00106335 0.0
0.0194575 0.00116393 0.0
0.019513 0.00126775 0.0
0.0195803 0.00137853 0.0
0.019662 0.00149436 0.0
0.019761 0.00161069 0.0
0.0198764 0.00173199 0.0
0.0200086 0.00186171 0.0
0.0201592 0.00198906 0.0
0.0203287 0.0021151 0.0
0.0205191 0.00224883 0.0
0.0207297 0.00238279 0.0
0.0209592 0.00250615 0.0
0.02121 0.00263063 0.0
0.0214839 0.00275671 0.0
0.021776 0.00286993 0.0
0.0220861 0.00297128 0.0
0.0224173 0.00307196 0.0
0.0227676 0.00316062 0.0
0.0231306 0.00323025 0.0
0.0235076 0.00329018 0.0
0.0239002 0.0033391 0.0
0.0243042 0.0033688 0.0
0.0247114 0.00338142 0.0
0.0251257 0.00338236 0.0
0.0255499 0.00336334 0.0
0.0259718 0.00332996 0.0
0.0263877 0.00328398 0.0
0.0268077 0.00321626 0.0
0.027223 0.00313557 0.0
0.027626 0.00305337 0.0
0.0280221 0.00294468 0.0
0.0284071 0.00282341 0.0
0.0287798 0.00270627 0.0
0.0291404 0.00257279 0.0
0.0294817 0.00242403 0.0
0.0298061 0.00227766 0.0
0.0301187 0.00212415 0.0
0.0304096 0.0019658 0.0
0.0306785 0.00180482 0.0
0.0309314 0.00163983 0.0
0.0311645 0.00147879 0.0
0.0313753 0.00132208 0.0
0.0315685 0.00116118 0.0
0.0317425 0.00100537 0.0
0.0318974 0.000861316 0.0
0.0320355 0.000716435 0.0
0.0321575 0.000576586 0.0
0.0322635 0.000446273 0.0
0.0323548 0.000320714 0.0
0.0324317 0.00019968 0.0
0.0324957 8.49399e-05 0.0
0.0325471 -2.54724e-05 0.0
0.0325858 -0.000130768 0.0
0.0326123 -0.000231506 0.0
0.0326272 -0.000329562 0.0
0.0326306 -0.00042483 0.0
0.0326219 -0.000515636 0.0
0.0326014 -0.000602982 0.0
0.0325697 -0.000688913 0.0
0.0325258 -0.00077254 0.0
0.0324701 -0.000849957 0.0
0.0324038 -0.000924634 0.0
0.0323257 -0.00099734 0.0
0.0322362 -0.00106466 0.0
0.0321378 -0.00112691 0.0
0.0320294 -0.00118632 0.0
0.0319105 -0.00124059 0.0
0.031784 -0.00129287 0.0
0.0316493 -0.00134018 0.0
0.0315054 -0.00138228 0.0
0.0313539 -0.00142436 0.0
0.0311955 -0.00146366 0.0
0.0310294 -0.00149615 0.0
0.0308562 -0.00152722 0.0
0.0306759 -0.00155854 0.0
0.0304893 -0.00158415 0.0
0.0302972 -0.00160546 0.0
0.0300987 -0.00162694 0.0
0.0298938 -0.0016454 0.0
0.029685 -0.00165978 0.0
0.0294714 -0.00167221 0.0
0.029252 -0.00168216 0.0
0.0290288 -0.00169043 0.0
0.0288024 -0.00169642 0.0
0.0285719 -0.00169897 0.0
0.0283381 -0.00170058 0.0
0.0281014 -0.0017018 0.0
0.0278618 -0.00169924 0.0
0.0276204 -0.00169545 0.0
0.0273763 -0.00169195 0.0
0.0271297 -0.00168603 0.0
0.0268821 -0.00167866 0.0
0.0266328 -0.001671 0.0
0.0263814 -0.00166207 0.0
0.0261289 -0.00165199 0.0
0.0258755 -0.00164106 0.0
0.025621 -0.00162906 0.0
0.0253657 -0.00161628 0.0
0.0251098 -0.00160232 0.0
0.0248535 -0.00158721 0.0
0.0245973 -0.00157149 0.0
0.0243411 -0.00155443 0.0
0.024085 -0.00153591 0.0
0.0238295 -0.00151681 0.0
0.0235749 -0.00149655 0.0
0.0233212 -0.00147444 0.0
0.0230687 -0.00145127 0.0
0.0228178 -0.00142735 0.0
0.0225687 -0.00140156 0.0
0.0223217 -0.00137401 0.0
0.0220769 -0.00134556 0.0
0.0218349 -0.00131579 0.0
0.0215961 -0.00128401 0.0
0.0213606 -0.00125081 0.0
0.0211285 -0.0012166 0.0
0.0209008 -0.0011809 0.0
0.0206776 -0.00114369 0.0
0.0204588 -0.00110545 0.0
0.0202448 -0.0010663 0.0
0.0200366 -0.00102628 0.0
0.0198339 -0.000985551 0.0
0.0196363 -0.000944195 0.0
0.0194448 -0.000902673 0.0
0.0192598 -0.000861279 0.0
0.0190805 -0.000819695 0.0
0.0189071 -0.000778261 0.0
0.0187402 -0.000737733 0.0
0.0185797 -0.0006978 0.0
0.0184249 -0.000658286 0.0
0.0182761 -0.000619917 0.0
0.0181336 -0.000582888 0.0
0.0179969 -0.000546749 0.0
0.0178657 -0.000511755 0.0
0.01774 -0.000478354 0.0
0.0176199 -0.000446354 0.0
0.017505 -0.000415579 0.0
0.017395 -0.000386321 0.0
0.0172899 -0.000358662 0.0
0.0171895 -0.000332404 0.0
0.0170936 -0.000307544 0.0
0.0170018 -0.000284207 0.0
0.0169142 -0.000262322 0.0
0.0168305 -0.000241785 0.0
0.0167504 -0.000222601 0.0
0.0166738 -0.000204768 0.0
0.0166006 -0.000188203 0.0
0.0165306 -0.000172848 0.0
0.0164634 -0.00015867 0.0
0.0163991 -0.00014562 0.0
0.0163375 -0.000133638 0.0
0.0162784 -0.000122669 0.0
0.0162216 -0.000112658 0.0
0.016167 -0.000103556 0.0
0.0161145 -9.53127e-05 0.0
0.016064 -8.78693e-05 0.0
0.0160153 -8.11735e-05 0.0
0.0159684 -7.51844e-05 0.0
0.015923 -6.98525e-05 0.0
0.0158792 -6.51251e-05 0.0
0.0158368 -6.09604e-05 0.0
0.0157957 -5.73221e-05 0.0
0.0157558 -5.4165e-05 0.0
0.0157171 -5.1447e-05 0.0
0.0156795 -4.91359e-05 0.0
0.0156429 -4.71991e-05 0.0
0.0156073 -4.5599e-05 0.0
0.0155725 -4.43047e-05 0.0
0.0155386 -4.32906e-05 0.0
0.0155054 -4.25286e-05 0.0
0.015473 -4.19905e-05 0.0
0.0154413 -4.16539e-05 0.0
0.0154101 -4.14983e-05 0.0
0.0153796 -4.15013e-05 0.0
0.0153497 -4.16429e-05 0.0
0.0153203 -4.1907e-05 0.0
0.0152913 -4.22772e-05 0.0
0.0152629 -4.27371e-05 0.0
0.0152349 -4.32731e-05 0.0
0.0152073 -4.38733e-05 0.0
0.0151801 -4.45255e-05 0.0
0.0151532 -4.52185e-05 0.0
0.0151268 -4.59429e-05 0.0
0.0151006 -4.66901e-05 0.0
0.0150748 -4.74516e-05 0.0
0.0150493 -4.822e-05 0.0
0.0150241 -4.8989e-05 0.0
0.0149992 -4.97526e-05 0.0
0.0149746 -5.05051e-05 0.0
0.0149502 -5.12419e-05 0.0
0.0149261 -5.19586e-05 0.0
0.0149023 -5.26514e-05 0.0
0.0148787 -5.33166e-05 0.0
0.0148553 -5.39513e-05 0.0
0.0148322 -5.45526e-05 0.0
0.0148093 -5.51181e-05 0.0
0.0147866 -5.56455e-05 0.0
0.0147642 -5.61328e-05 0.0
0.0147419 -5.65782e-05 0.0
0.01472 -5.698e-05 0.0
0.0146982 -5.73367e-05 0.0
0.0146766 -5.76469e-05 0.0
0.0146553 -5.79093e-05 0.0
0.0146342 -5.81225e-05 0.0
0.0146133 -5.82853e-05 0.0
0.0145927 -5.83963e-05 0.0
0.0145722 -5.84542e-05 0.0
0.014552 -5.84577e-05 0.0
0.0145321 -5.84052e-05 0.0
0.0145123 -5.82951e-05 0.0
0.0144928 -5.81259e-05 0.0
0.0144736 -5.78955e-05 0.0
0.0144546 -5.76018e-05 0.0
0.0144358 -5.72426e-05 0.0
0.0144173 -5.68153e-05 0.0
0.014399 -5.6317e-05 0.0
0.014381 -5.57447e-05 0.0
0.0143633 -5.50949e-05 0.0
0.0143459 -5.43636e-05 0.0
0.0143288 -5.35466e-05 0.0
0.0143119 -5.26395e-05 0.0
0.0142954 -5.16369e-05 0.0
0.0142792 -5.05334e-05 0.0
0.0142633 -4.93229e-05 0.0
0.0142478 -4.79991e-05 0.0
0.0142326 -4.65549e-05 0.0
0.0142178 -4.49827e-05 0.0
0.0142034 -4.32753e-05 0.0
0.0141894 -4.14239e-05 0.0
0.0141758 -3.94209e-05 0.0
0.0141627 -3.72568e-05 0.0
0.0141501 -3.49251e-05 0.0
0.0141379 -3.24158e-05 0.0
0.0141263 -2.9726e-05 0.0
0.0141153 -2.6843e-05 0.0
0.0141049 -2.37713e-05 0.0
0.0140951 -2.05034e-05 0.0
0.0140861 -1.70517e-05 0.0
0.0140778 -1.34008e-05 0.0
0.0140703 -9.59838e-06 0.0
0.0140637 -5.63284e-06 0.0
0.0140581 -1.56608e-06 0.0
0.0140535 2.59272e-06 0.0
0.0140501 6.61748e-06 0.0
0.014048 1.0209e-05 0.0
0.0140468 1.19434e-05 0.0
0.0 0.0 0.0
0.0 0.0 0.0
0.0193811 -0.00033519 0.0
0.0194817 -0.000640718 0.0
0.0195226 -0.00106269 0.0
0.0198329 -0.00140897 0.0
0.0201947 -0.00162907 0.0
0.0204482 -0.00192555 0.0
0.0207108 -0.00198453 0.0
0.0210144 -0.00207846 0.0
0.0212838 -0.00216266 0.0
0.0214573 -0.00213698 0.0
0.0215526 -0.00206032 0.0
0.0216485 -0.0020232 0.0
0.0217244 -0.00193831 0.0
0.0217155 -0.00182884 0.0
0.0216571 -0.00172777 0.0
0.0216112 -0.00163373 0.0
0.0215497 -0.00151548 0.0
0.0214379 -0.0014081 0.0
0.0213122 -0.00131041 0.0
0.0211983 -0.00120989 0.0
0.0210718 -0.00110575 0.0
0.0209245 -0.0010157 0.0
0.0207801 -0.000929087 0.0
0.0206427 -0.000841037 0.0
0.0204982 -0.000757467 0.0
0.0203499 -0.000682738 0.0
0.0202089 -0.000608556 0.0
0.0200718 -0.000535564 0.0
0.0199335 -0.000467805 0.0
0.0197989 -0.000404129 0.0
0.0196712 -0.000340474 0.0
0.0195469 -0.000279009 0.0
0.0194257 -0.000220993 0.0
0.0193105 -0.000164166 0.0
0.0192015 -0.000107383 0.0
0.0190968 -5.23975e-05 0.0
0.0189975 1.33946e-06 0.0
0.0189051 5.5559e-05 0.0
0.0188186 0.00010986 0.0
0.0187376 0.000163568 0.0
0.0186637 0.000218102 0.0
0.0185972 0.000274085 0.0
0.018537 0.000330617 0.0
0.0184841 0.000388359 0.0
0.01844 0.000448565 0.0
0.0184037 0.00051073 0.0
0.018375 0.000574616 0.0
0.0183563 0.000641618 0.0
0.0183478 0.000711788 0.0
0.0183483 0.00078476 0.0
0.0183593 0.000861107 0.0
0.018383 0.000941177 0.0
0.0184186 0.00102486 0.0
0.0184659 0.00111301 0.0
0.0185273 0.00120426 0.0
0.0186037 0.00129869 0.0
0.0186951 0.00139838 0.0
0.0188021 0.00150176 0.0
0.0189254 0.00160512 0.0
0.019067 0.00171284 0.0
0.019228 0.00182483 0.0
0.0194056 0.00193495 0.0
0.0196016 0.00204369 0.0
0.0198208 0.0021561 0.0
0.0200594 0.00226553 0.0
0.0203133 0.00236881 0.0
0.0205896 0.00246916 0.0
0.0208884 0.00256595 0.0
0.0212009 0.00265365 0.0
0.0215294 0.00273256 0.0
0.0218795 0.00280162 0.0
0.0222428 0.00286152 0.0
0.022616 0.00291109 0.0
0.0230031 0.00294297 0.0
0.0234008 0.00296298 0.0
0.0238043 0.00297605 0.0
0.0242139 0.00296923 0.0
0.0246249 0.00294322 0.0
0.0250378 0.00291561 0.0
0.0254533 0.00287011 0.0
0.0258608 0.00280431 0.0
0.0262607 0.0027352 0.0
0.0266613 0.00265362 0.0
0.0270519 0.00255543 0.0
0.0274254 0.0024556 0.0
0.0277913 0.00234146 0.0
0.0281465 0.00221814 0.0
0.0284847 0.00209687 0.0
0.0288058 0.0019636 0.0
0.0291095 0.00182217 0.0
0.0293971 0.00168617 0.0
0.0296684 0.00154548 0.0
0.0299161 0.00139954 0.0
0.0301432 0.00125841 0.0
0.0303563 0.0011181 0.0
0.0305495 0.000978272 0.0
0.0307188 0.000845111 0.0
0.0308724 0.00071372 0.0
0.0310108 0.000585291 0.0
0.0311297 0.000466329 0.0
0.031231 0.000350491 0.0
0.0313177 0.000237323 0.0
0.0313902 0.00013158 0.0
0.0314479 3.1995e-05 0.0
0.0314899 -6.57027e-05 0.0
0.0315184 -0.000159227 0.0
0.0315355 -0.000247145 0.0
0.0315393 -0.000332001 0.0
0.0315276 -0.000414565 0.0
0.031504 -0.000493523 0.0
0.0314698 -0.000569726 0.0
0.0314218 -0.000642408 0.0
0.0313595 -0.000712186 0.0
0.0312863 -0.000779747 0.0
0.0312023 -0.000844102 0.0
0.0311056 -0.000902974 0.0
0.0309972 -0.000959494 0.0
0.0308791 -0.00101425 0.0
0.0307511 -0.00106298 0.0
0.030614 -0.00110729 0.0
0.0304669 -0.00115143 0.0
0.0303107 -0.00119057 0.0
0.0301483 -0.00122565 0.0
0.0299778 -0.00125911 0.0
0.0297975 -0.00128947 0.0
0.0296111 -0.00131688 0.0
0.0294195 -0.0013421 0.0
0.0292197 -0.00136374 0.0
0.0290127 -0.00138319 0.0
0.0288012 -0.00140179 0.0
0.0285846 -0.00141603 0.0
0.0283621 -0.00142744 0.0
0.0281344 -0.00143897 0.0
0.0279028 -0.00144744 0.0
0.0276682 -0.00145229 0.0
0.0274294 -0.00145665 0.0
0.0271864 -0.0014594 0.0
0.0269415 -0.00145972 0.0
0.0266946 -0.00145841 0.0
0.0264445 -0.00145559 0.0
0.0261921 -0.00145201 0.0
0.0259388 -0.00144727 0.0
0.0256839 -0.00144008 0.0
0.0254273 -0.00143284 0.0
0.0251697 -0.00142548 0.0
0.0249114 -0.00141572 0.0
0.0246526 -0.00140533 0.0
0.0243929 -0.00139524 0.0
0.0241329 -0.00138362 0.0
0.0238732 -0.00137079 0.0
0.0236135 -0.00135792 0.0
0.0233537 -0.00134412 0.0
0.0230947 -0.00132914 0.0
0.0228364 -0.00131351 0.0
0.0225786 -0.00129719 0.0
0.0223222 -0.00127981 0.0
0.0220672 -0.00126139 0.0
0.0218135 -0.0012422 0.0
0.0215614 -0.00122207 0.0
0.0213117 -0.00120069 0.0
0.0210642 -0.00117828 0.0
0.0208188 -0.00115495 0.0
0.0205764 -0.00113041 0.0
0.0203373 -0.00110454 0.0
0.0201013 -0.00107767 0.0
0.0198687 -0.00104975 0.0
0.0196403 -0.00102047 0.0
0.0194162 -0.000990077 0.0
0.0191965 -0.000958871 0.0
0.0189813 -0.000926614 0.0
0.0187715 -0.000893271 0.0
0.0185671 -0.000859384 0.0
0.0183681 -0.000825026 0.0
0.0181746 -0.000789879 0.0
0.0179872 -0.000754402 0.0
0.0178061 -0.000719151 0.0
0.0176307 -0.000683699 0.0
0.0174615 -0.000648111 0.0
0.0172988 -0.000613224 0.0
0.0171424 -0.000578924 0.0
0.0169918 -0.000544804 0.0
0.0168475 -0.000511528 0.0
0.0167094 -0.000479439 0.0
0.0165771 -0.000448076 0.0
0.0164505 -0.000417555 0.0
0.0163296 -0.000388415 0.0
0.0162144 -0.0003605 0.0
0.0161044 -0.000333574 0.0
0.0159994 -0.000307922 0.0
0.0158994 -0.000283704 0.0
0.0158042 -0.000260689 0.0
0.0157136 -0.000238856 0.0
0.0156272 -0.000218367 0.0
0.0155449 -0.000199183 0.0
0.0154667 -0.000181162 0.0
0.0153922 -0.000164326 0.0
0.0153212 -0.000148705 0.0
0.0152535 -0.000134219 0.0
0.0151891 -0.000120794 0.0
0.0151276 -0.00010842 0.0
0.0150689 -9.70677e-05 0.0
0.0150129 -8.6671e-05 0.0
0.0149593 -7.71736e-05 0.0
0.0149081 -6.8542e-05 0.0
0.014859 -6.07337e-05 0.0
0.014812 -5.36955e-05 0.0
0.0147668 -4.73744e-05 0.0
0.0147234 -4.17319e-05 0.0
0.0146817 -3.67285e-05 0.0
0.0146415 -3.23164e-05 0.0
0.0146027 -2.84488e-05 0.0
0.0145653 -2.5092e-05 0.0
0.014529 -2.22105e-05 0.0
0.014494 -1.97621e-05 0.0
0.0144599 -1.77095e-05 0.0
0.0144269 -1.60255e-05 0.0
0.0143948 -1.4678e-05 0.0
0.0143635 -1.36327e-05 0.0
0.0143329 -1.28623e-05 0.0
0.0143031 -1.2344e-05 0.0
0.014274 -1.20509e-05 0.0
0.0142454 -1.19572e-05 0.0
0.0142175 -1.20432e-05 0.0
0.01419 -1.22899e-05 0.0
0.0141631 -1.26764e-05 0.0
0.0141366 -1.31845e-05 0.0
0.0141105 -1.37998e-05 0.0
0.0140848 -1.45071e-05 0.0
0.0140594 -1.52912e-05 0.0
0.0140344 -1.61399e-05 0.0
0.0140097 -1.70425e-05 0.0
0.0139853 -1.79874e-05 0.0
0.0139612 -1.89646e-05 0.0
0.0139373 -1.99657e-05 0.0
0.0139137 -2.09829e-05 0.0
0.0138903 -2.20082e-05 0.0
0.0138672 -2.30352e-05 0.0
0.0138442 -2.40581e-05 0.0
0.0138214 -2.50716e-05 0.0
0.0137989 -2.60706e-05 0.0
0.0137765 -2.70509e-05 0.0
0.0137543 -2.80088e-05 0.0
0.0137323 -2.89407e-05 0.0
0.0137104 -2.98436e-05 0.0
0.0136887 -3.0715e-05 0.0
0.0136672 -3.15524e-05 0.0
0.0136459 -3.23537e-05 0.0
0.0136247 -3.3117e-05 0.0
0.0136037 -3.38408e-05 0.0
0.0135829 -3.45235e-05 0.0
0.0135622 -3.5164e-05 0.0
0.0135417 -3.57609e-05 0.0
0.0135213 -3.63133e-05 0.0
0.0135011 -3.68202e-05 0.0
0.0134811 -3.72807e-05 0.0
0.0134613 -3.76937e-05 0.0
0.0134417 -3.80585e-05 0.0
0.0134222 -3.83742e-05 0.0
0.0134029 -3.86397e-05 0.0
0.0133838 -3.88541e-05 0.0
0.0133649 -3.90163e-05 0.0
0.0133462 -3.91251e-05 0.0
0.0133277 -3.91791e-05 0.0
0.0133095 -3.91768e-05 0.0
0.0132914 -3.91168e-05 0.0
0.0132736 -3.8997e-05 0.0
0.013256 -3.88153e-05 0.0
0.0132386 -3.85696e-05 0.0
0.0132214 -3.82573e-05 0.0
0.0132046 -3.78753e-05 0.0
0.013188 -3.74205e-05 0.0
0.0131716 -3.68896e-05 0.0
0.0131556 -3.62786e-05 0.0
0.0131398 -3.5583e-05 0.0
0.0131243 -3.47986e-05 0.0
0.0131092 -3.39205e-05 0.0
0.0130944 -3.29427e-05 0.0
0.0130799 -3.18599e-05 0.0
0.0130658 -3.06664e-05 0.0
0.0130521 -2.93561e-05 0.0
0.0130388 -2.79206e-05 0.0
0.0130259 -2.63564e-05 0.0
0.0130135 -2.46555e-05 0.0
0.0130015 -2.28129e-05 0.0
0.01299 -2.08205e-05 0.0
0.0129791 -1.86809e-05 0.0
0.0129687 -1.6384e-05 0.0
0.0129589 -1.3938e-05 0.0
0.0129498 -1.13364e-05 0.0
0.0129413 -8.60241e-06 0.0
0.0129336 -5.72994e-06 0.0
0.0129267 -2.76619e-06 0.0
0.0129206 2.9766e-07 0.0
0.0129154 3.36824e-06 0.0
0.0129113 6.43727e-06 0.0
0.0129082 9.30922e-06 0.0
0.0129062 1.17645e-05 0.0
0.0129051 1.29157e-05 0.0
0.0 0.0 0.0
0.0 0.0 0.0
0.0191834 -0.000445296 0.0
0.0193967 -0.000769625 0.0
0.0197434 -0.00124599 0.0
0.0201205 -0.00188608 0.0
0.0204529 -0.0019378 0.0
0.0207469 -0.00210148 0.0
0.0211 -0.00235535 0.0
0.0213858 -0.00238121 0.0
0.0215042 -0.00228847 0.0
0.0216116 -0.00223786 0.0
0.0216964 -0.00215164 0.0
0.0216491 -0.00203748 0.0
0.0215456 -0.00189715 0.0
0.0214753 -0.0017686 0.0
0.0213649 -0.00163668 0.0
0.0211793 -0.00151501 0.0
0.0209988 -0.00138479 0.0
0.0208415 -0.0012633 0.0
0.0206543 -0.0011517 0.0
0.0204434 -0.00104861 0.0
0.020252 -0.000943179 0.0
0.0200693 -0.000847035 0.0
0.0198725 -0.000759969 0.0
0.0196774 -0.000676708 0.0
0.0194984 -0.000594789 0.0
0.0193223 -0.000520684 0.0
0.0191443 -0.000451791 0.0
0.0189757 -0.000384682 0.0
0.0188177 -0.000320393 0.0
0.0186625 -0.000261204 0.0
0.0185122 -0.000204346 0.0
0.0183717 -0.000148697 0.0
0.0182384 -9.56014e-05 0.0
0.0181099 -4.50603e-05 0.0
0.0179888 4.77924e-06 0.0
0.0178763 5.38511e-05 0.0
0.0177701 0.000101454 0.0
0.0176704 0.000148459 0.0
0.0175791 0.000195801 0.0
0.0174954 0.00024302 0.0
0.0174185 0.000290114 0.0
0.0173499 0.000338158 0.0
0.01729 0.000387312 0.0
0.0172376 0.000437232 0.0
0.0171937 0.000488502 0.0
0.01716 0.000541813 0.0
0.0171351 0.000596934 0.0
0.017119 0.000654148 0.0
0.0171144 0.00071373 0.0
0.0171212 0.000775903 0.0
0.0171378 0.000841199 0.0
0.0171665 0.000909532 0.0
0.0172093 0.000979821 0.0
0.0172647 0.00105398 0.0
0.0173331 0.00113256 0.0
0.0174171 0.00121235 0.0
0.0175167 0.00129385 0.0
0.0176319 0.00138163 0.0
0.017764 0.00147096 0.0
0.0179133 0.00155821 0.0
0.0180805 0.00164952 0.0
0.018267 0.00174512 0.0
0.0184714 0.00183518 0.0
0.0186936 0.00192348 0.0
0.0189366 0.00201553 0.0
0.019199 0.0021031 0.0
0.0194773 0.00218127 0.0
0.0197739 0.0022588 0.0
0.0200905 0.00233242 0.0
0.0204216 0.00239391 0.0
0.0207655 0.00244735 0.0
0.021125 0.00249511 0.0
0.0214988 0.00253084 0.0
0.0218794 0.00255443 0.0
0.0222674 0.00256908 0.0
0.0226658 0.00257053 0.0
0.0230686 0.00256038 0.0
0.0234696 0.00254058 0.0
0.0238731 0.00250668 0.0
0.0242777 0.00245863 0.0
0.0246756 0.00240784 0.0
0.0250681 0.00234297 0.0
0.0254543 0.00226146 0.0
0.0258301 0.00217985 0.0
0.0261972 0.00209212 0.0
0.0265515 0.00198693 0.0
0.0268888 0.00188085 0.0
0.0272151 0.00177258 0.0
0.0275265 0.00165525 0.0
0.0278175 0.00153592 0.0
0.0280915 0.00141373 0.0
0.0283492 0.00128983 0.0
0.0285867 0.00116827 0.0
0.0288052 0.00104467 0.0
0.0290042 0.000920457 0.0
0.0291833 0.000803628 0.0
0.0293447 0.000688245 0.0
0.0294876 0.000572909 0.0
0.0296104 0.000465434 0.0
0.0297163 0.000362448 0.0
0.0298062 0.000261116 0.0
0.0298789 0.000166325 0.0
0.0299349 7.60828e-05 0.0
0.0299759 -1.10777e-05 0.0
0.0300026 -9.34014e-05 0.0
0.0300146 -0.000171569 0.0
0.0300118 -0.000247393 0.0
0.0299955 -0.000319461 0.0
0.0299665 -0.000387728 0.0
0.0299242 -0.000453704 0.0
0.0298679 -0.000517858 0.0
0.0297992 -0.00057801 0.0
0.0297192 -0.000635144 0.0
0.0296265 -0.00069052 0.0
0.0295207 -0.000742931 0.0
0.0294046 -0.000791367 0.0
0.0292784 -0.000837296 0.0
0.0291405 -0.000879877 0.0
0.0289924 -0.000919729 0.0
0.028836 -0.000956802 0.0
0.0286705 -0.000989441 0.0
0.0284961 -0.00101999 0.0
0.0283139 -0.00104977 0.0
0.0281243 -0.00107439 0.0
0.027928 -0.00109627 0.0
0.0277247 -0.00111841 0.0
0.0275146 -0.00113736 0.0
0.0272993 -0.00115211 0.0
0.0270791 -0.00116642 0.0
0.0268527 -0.00117946 0.0
0.0266217 -0.00118884 0.0
0.0263874 -0.00119666 0.0
0.0261487 -0.00120299 0.0
0.0259059 -0.00120739 0.0
0.0256607 -0.00121034 0.0
0.0254126 -0.00121117 0.0
0.025162 -0.00121024 0.0
0.0249093 -0.00120913 0.0
0.0246547 -0.0012061 0.0
0.024399 -0.001201 0.0
0.0241422 -0.001196 0.0
0.023884 -0.00119005 0.0
0.0236253 -0.0011823 0.0
0.0233667 -0.0011743 0.0
0.0231074 -0.00116567 0.0
0.0228479 -0.00115608 0.0
0.022589 -0.001146 0.0
0.0223303 -0.00113515 0.0
0.0220719 -0.00112376 0.0
0.0218143 -0.00111193 0.0
0.0215575 -0.00109922 0.0
0.0213019 -0.001086 0.0
0.0210474 -0.00107237 0.0
0.0207942 -0.00105774 0.0
0.0205428 -0.00104256 0.0
0.0202931 -0.00102699 0.0
0.0200453 -0.00101035 0.0
0.0197997 -0.000992862 0.0
0.0195566 -0.000975045 0.0
0.0193159 -0.000956312 0.0
0.0190781 -0.000936351 0.0
0.0188434 -0.00091581 0.0
0.0186119 -0.000894679 0.0
0.018384 -0.000872299 0.0
0.0181599 -0.000848897 0.0
0.0179398 -0.000824958 0.0
0.0177239 -0.000800181 0.0
0.0175127 -0.000774278 0.0
0.0173063 -0.000747646 0.0
0.0171047 -0.000720508 0.0
0.0169086 -0.000692693 0.0
0.0167179 -0.000664197 0.0
0.0165327 -0.000635272 0.0
0.0163533 -0.000606174 0.0
0.0161801 -0.000576941 0.0
0.0160127 -0.000547456 0.0
0.0158513 -0.000517983 0.0
0.0156962 -0.000489005 0.0
0.0155473 -0.000460309 0.0
0.0154042 -0.000431738 0.0
0.0152673 -0.0004039 0.0
0.0151365 -0.000376976 0.0
0.0150115 -0.000350514 0.0
0.0148921 -0.00032476 0.0
0.0147784 -0.000300195 0.0
0.0146703 -0.00027658 0.0
0.0145674 -0.000253711 0.0
0.0144695 -0.000231964 0.0
0.0143766 -0.000211438 0.0
0.0142884 -0.000191862 0.0
0.0142048 -0.000173268 0.0
0.0141253 -0.000155869 0.0
0.01405 -0.000139566 0.0
0.0139787 -0.000124218 0.0
0.0139111 -0.000109901 0.0
0.0138468 -9.66538e-05 0.0
0.013786 -8.43616e-05 0.0
0.0137282 -7.29739e-05 0.0
0.0136734 -6.25125e-05 0.0
0.0136212 -5.29427e-05 0.0
0.0135717 -4.41875e-05 0.0
0.0135246 -3.62162e-05 0.0
0.0134796 -2.90077e-05 0.0
0.0134368 -2.25163e-05 0.0
0.0133959 -1.66905e-05 0.0
0.0133568 -1.14955e-05 0.0
0.0133194 -6.89682e-06 0.0
0.0132835 -2.85597e-06 0.0
0.0132491 6.6899e-07 0.0
0.0132159 3.71432e-06 0.0
0.013184 6.31155e-06 0.0
0.0131532 8.49284e-06 0.0
0.0131234 1.0295e-05 0.0
0.0130945 1.17491e-05 0.0
0.0130665 1.28805e-05 0.0
0.0130393 1.37173e-05 0.0
0.0130128 1.429e-05 0.0
0.012987 1.46219e-05 0.0
0.0129617 1.47337e-05 0.0
0.012937 1.46495e-05 0.0
0.0129128 1.4392e-05 0.0
0.012889 1.39782e-05 0.0
0.0128656 1.34253e-05 0.0
0.0128427 1.27521e-05 0.0
0.01282 1.19746e-05 0.0
0.0127976 1.11053e-05 0.0
0.0127756 1.01579e-05 0.0
0.0127537 9.14595e-06 0.0
0.0127321 8.08028e-06 0.0
0.0127107 6.9703e-06 0.0
0.0126895 5.82623e-06 0.0
0.0126685 4.65715e-06 0.0
0.0126476 3.47027e-06 0.0
0.0126269 2.27252e-06 0.0
0.0126063 1.07096e-06 0.0
0.0125859 -1.28645e-07 0.0
0.0125656 -1.32148e-06 0.0
0.0125453 -2.50272e-06 0.0
0.0125252 -3.66787e-06 0.0
0.0125052 -4.81342e-06 0.0
0.0124854 -5.9362e-06 0.0
0.0124656 -7.0331e-06 0.0
0.0124459 -8.10148e-06 0.0
0.0124263 -9.13924e-06 0.0
0.0124068 -1.01444e-05 0.0
0.0123874 -1.11151e-05 0.0
0.0123681 -1.20499e-05 0.0
0.0123489 -1.29476e-05 0.0
0.0123298 -1.38069e-05 0.0
0.0123109 -1.46269e-05 0.0
0.012292 -1.54067e-05 0.0
0.0122732 -1.61456e-05 0.0
0.0122546 -1.68428e-05 0.0
0.0122361 -1.74978e-05 0.0
0.0122177 -1.81099e-05 0.0
0.0121995 -1.86786e-05 0.0
0.0121814 -1.92032e-05 0.0
0.0121634 -1.96832e-05 0.0
0.0121456 -2.0118e-05 0.0
0.0121279 -2.05068e-05 0.0
0.0121104 -2.08489e-05 0.0
0.0120931 -2.11434e-05 0.0
0.0120759 -2.13892e-05 0.0
0.0120589 -2.15854e-05 0.0
0.0120421 -2.17306e-05 0.0
0.0120255 -2.18233e-05 0.0
0.0120091 -2.1862e-05 0.0
0.0119929 -2.18449e-05 0.0
0.0119769 -2.17698e-05 0.0
0.0119612 -2.16344e-05 0.0
0.0119457 -2.14363e-05 0.0
0.0119305 -2.11725e-05 0.0
0.0119155 -2.08399e-05 0.0
0.0119008 -2.04352e-05 0.0
0.0118863 -1.99546e-05 0.0
0.0118722 -1.93941e-05 0.0
0.0118584 -1.87491e-05 0.0
0.0118449 -1.8016e-05 0.0
0.0118318 -1.71889e-05 0.0
0.0118191 -1.6264e-05 0.0
0.0118067 -1.52352e-05 0.0
0.0117947 -1.40997e-05 0.0
0.0117832 -1.285e-05 0.0
0.0117721 -1.14862e-05 0.0
0.0117616 -1.00007e-05 0.0
0.0117515 -8.39706e-06 0.0
0.0117419 -6.66962e-06 0.0
0.011733 -4.83164e-06 0.0
0.0117246 -2.87396e-06 0.0
0.0117169 -8.28137e-07 0.0
0.0117099 1.30224e-06 0.0
0.0117037 3.47435e-06 0.0
0.0116982 5.68868e-06 0.0
0.0116936 7.83271e-06 0.0
0.0116899 9.90632e-06 0.0
0.0116871 1.17419e-05 0.0
0.0116853 1.32127e-05 0.0
0.0116842 1.38772e-05 0.0
0.0 0.0 0.0
0.0 0.0 0.0
0.0192794 -0.00036812 0.0
0.019583 -0.0013124 0.0
0.0200367 -0.00167384 0.0
0.020291 -0.0020474 0.0
0.0206084 -0.00239643 0.0
0.0211025 -0.00250857 0.0
0.0214394 -0.00259474 0.0
0.0215665 -0.0025192 0.0
0.0215553 -0.00234809 0.0
0.0215018 -0.0022554 0.0
0.0214299 -0.00209626 0.0
0.0212832 -0.00190337 0.0
0.0210511 -0.00173761 0.0
0.020809 -0.00160831 0.0
0.0205861 -0.00143959 0.0
0.0203374 -0.0012867 0.0
0.0200607 -0.00116582 0.0
0.0197967 -0.00104984 0.0
0.0195494 -0.000922227 0.0
0.0192948 -0.000816995 0.0
0.0190403 -0.000727195 0.0
0.0188024 -0.000635092 0.0
0.0185753 -0.000545434 0.0
0.0183501 -0.000471181 0.0
0.0181344 -0.000401799 0.0
0.0179323 -0.000331623 0.0
0.0177383 -0.000267522 0.0
0.0175507 -0.000211306 0.0
0.0173741 -0.00015605 0.0
0.0172077 -0.000102006 0.0
0.0170488 -5.29885e-05 0.0
0.0168981 -7.04605e-06 0.0
0.0167572 3.88073e-05 0.0
0.0166248 8.28435e-05 0.0
0.0164998 0.000124075 0.0
0.0163835 0.000164775 0.0
0.0162761 0.000205464 0.0
0.0161762 0.00024483 0.0
0.0160845 0.000283505 0.0
0.0160017 0.000322904 0.0
0.0159271 0.000362399 0.0
0.0158604 0.000401733 0.0
0.015803 0.00044205 0.0
0.0157548 0.000483617 0.0
0.0157151 0.000525807 0.0
0.0156847 0.00056934 0.0
0.0156652 0.000614732 0.0
0.0156554 0.000661744 0.0
0.0156555 0.000710572 0.0
0.0156675 0.000761634 0.0
0.0156917 0.000814653 0.0
0.0157273 0.000870452 0.0
0.0157754 0.000928781 0.0
0.0158377 0.000988694 0.0
0.0159142 0.00105136 0.0
0.0160048 0.00111786 0.0
0.0161105 0.00118497 0.0
0.0162325 0.00125325 0.0
0.0163718 0.00132562 0.0
0.0165273 0.00139939 0.0
0.0166992 0.00147092 0.0
0.0168903 0.00154454 0.0
0.0171006 0.00162 0.0
0.0173263 0.00169207 0.0
0.01757 0.00176078 0.0
0.0178345 0.00182986 0.0
0.0181151 0.00189548 0.0
0.0184098 0.00195445 0.0
0.0187231 0.00200786 0.0
0.0190523 0.00205723 0.0
0.0193928 0.00209997 0.0
0.0197456 0.0021321 0.0
0.020111 0.00215557 0.0
0.0204847 0.0021742 0.0
0.0208657 0.00218212 0.0
0.0212513 0.0021753 0.0
0.0216402 0.00216391 0.0
0.022033 0.0021444 0.0
0.022424 0.00210949 0.0
0.022809 0.00206709 0.0
0.0231934 0.00201966 0.0
0.0235736 0.00195829 0.0
0.0239405 0.00189215 0.0
0.0242984 0.00181927 0.0
0.0246492 0.00173529 0.0
0.0249853 0.00165039 0.0
0.0253058 0.00156166 0.0
0.0256123 0.00146114 0.0
0.0259024 0.00136231 0.0
0.0261766 0.00126411 0.0
0.0264314 0.00115812 0.0
0.0266658 0.00105258 0.0
0.0268837 0.000949817 0.0
0.0270834 0.000845732 0.0
0.0272599 0.000743372 0.0
0.0274179 0.000643843 0.0
0.0275594 0.000545117 0.0
0.0276801 0.000452109 0.0
0.0277812 0.000362749 0.0
0.0278661 0.000274135 0.0
0.0279338 0.000191247 0.0
0.0279839 0.000114213 0.0
0.0280177 3.85566e-05 0.0
0.0280361 -3.37213e-05 0.0
0.0280399 -0.000100687 0.0
0.0280291 -0.000164436 0.0
0.0280031 -0.000226264 0.0
0.0279637 -0.000284677 0.0
0.027912 -0.000340179 0.0
0.0278467 -0.000393006 0.0
0.0277678 -0.000443323 0.0
0.0276773 -0.000491653 0.0
0.0275754 -0.000537853 0.0
0.0274612 -0.000580328 0.0
0.0273356 -0.000620601 0.0
0.0271999 -0.000659729 0.0
0.0270539 -0.000695551 0.0
0.0268983 -0.00072719 0.0
0.0267336 -0.000758089 0.0
0.0265598 -0.000786856 0.0
0.0263787 -0.000811554 0.0
0.0261906 -0.000834408 0.0
0.0259941 -0.000855645 0.0
0.0257911 -0.000874289 0.0
0.0255834 -0.00089123 0.0
0.0253693 -0.000905513 0.0
0.0251488 -0.000917948 0.0
0.0249243 -0.000929874 0.0
0.0246959 -0.000939252 0.0
0.0244626 -0.000945652 0.0
0.0242254 -0.000952121 0.0
0.0239853 -0.000957583 0.0
0.0237426 -0.000959592 0.0
0.0234973 -0.00096079 0.0
0.0232493 -0.000961783 0.0
0.0229998 -0.000960816 0.0
0.0227495 -0.000958192 0.0
0.0224975 -0.000954876 0.0
0.0222443 -0.000950826 0.0
0.0219912 -0.000945998 0.0
0.0217379 -0.000939616 0.0
0.0214841 -0.000932578 0.0
0.0212305 -0.000925893 0.0
0.0209775 -0.000917881 0.0
0.020725 -0.000908662 0.0
0.0204732 -0.000900048 0.0
0.0202222 -0.000890866 0.0
0.0199724 -0.000880385 0.0
0.0197239 -0.000869988 0.0
0.0194766 -0.000859492 0.0
0.0192308 -0.00084804 0.0
0.0189869 -0.000836134 0.0
0.0187446 -0.000824117 0.0
0.0185044 -0.000811523 0.0
0.0182664 -0.000798233 0.0
0.0180307 -0.000784517 0.0
0.0177972 -0.000770479 0.0
0.0175667 -0.000755736 0.0
0.017339 -0.000740249 0.0
0.0171141 -0.000724366 0.0
0.0168925 -0.000707981 0.0
0.0166745 -0.000690702 0.0
0.0164599 -0.000672754 0.0
0.016249 -0.000654402 0.0
0.0160423 -0.000635322 0.0
0.01584 -0.00061538 0.0
0.015642 -0.000594958 0.0
0.0154485 -0.000574063 0.0
0.0152601 -0.000552427 0.0
0.0150769 -0.00053026 0.0
0.0148987 -0.00050783 0.0
0.0147258 -0.000484957 0.0
0.0145587 -0.000461692 0.0
0.0143973 -0.000438401 0.0
0.0142414 -0.000415015 0.0
0.0140913 -0.000391457 0.0
0.0139474 -0.00036815 0.0
0.0138092 -0.000345169 0.0
0.0136767 -0.000322247 0.0
0.0135502 -0.000299755 0.0
0.0134295 -0.000277984 0.0
0.0133144 -0.000256616 0.0
0.0132047 -0.000235719 0.0
0.0131006 -0.000215742 0.0
0.0130017 -0.000196545 0.0
0.0129079 -0.000177919 0.0
0.012819 -0.00016016 0.0
0.0127349 -0.000143408 0.0
0.0126554 -0.000127416 0.0
0.0125802 -0.000112201 0.0
0.0125092 -9.79662e-05 0.0
0.0124421 -8.46418e-05 0.0
0.0123789 -7.20835e-05 0.0
0.0123191 -6.0371e-05 0.0
0.0122627 -4.95537e-05 0.0
0.0122095 -3.95293e-05 0.0
0.0121593 -3.02426e-05 0.0
0.0121118 -2.17328e-05 0.0
0.0120669 -1.39729e-05 0.0
0.0120245 -6.89109e-06 0.0
0.0119844 -4.5956e-07 0.0
0.0119463 5.32639e-06 0.0
0.0119102 1.0508e-05 0.0
0.0118759 1.51324e-05 0.0
0.0118433 1.9228e-05 0.0
0.0118122 2.2817e-05 0.0
0.0117825 2.59351e-05 0.0
0.0117541 2.86193e-05 0.0
0.0117269 3.08989e-05 0.0
0.0117008 3.27973e-05 0.0
0.0116756 3.43442e-05 0.0
0.0116513 3.55715e-05 0.0
0.0116279 3.65043e-05 0.0
0.0116051 3.71627e-05 0.0
0.011583 3.75724e-05 0.0
0.0115616 3.77594e-05 0.0
0.0115406 3.77426e-05 0.0
0.0115201 3.75393e-05 0.0
0.0115 3.71711e-05 0.0
0.0114803 3.66571e-05 0.0
0.0114609 3.60113e-05 0.0
0.0114418 3.52485e-05 0.0
0.011423 3.43853e-05 0.0
0.0114044 3.34351e-05 0.0
0.011386 3.24082e-05 0.0
0.0113677 3.13168e-05 0.0
0.0113496 3.01726e-05 0.0
0.0113316 2.89844e-05 0.0
0.0113138 2.77604e-05 0.0
0.011296 2.65094e-05 0.0
0.0112783 2.52394e-05 0.0
0.0112607 2.39561e-05 0.0
0.0112431 2.26657e-05 0.0
0.0112256 2.13741e-05 0.0
0.0112081 2.00864e-05 0.0
0.0111907 1.88064e-05 0.0
0.0111733 1.75383e-05 0.0
0.0111559 1.6286e-05 0.0
0.0111386 1.50524e-05 0.0
0.0111213 1.384e-05 0.0
0.011104 1.26516e-05 0.0
0.0110868 1.14893e-05 0.0
0.0110695 1.03549e-05 0.0
0.0110524 9.24985e-06 0.0
0.0110352 8.17581e-06 0.0
0.0110181 7.13387e-06 0.0
0.0110011 6.12499e-06 0.0
0.0109841 5.15008e-06 0.0
0.0109672 4.20993e-06 0.0
0.0109503 3.3051e-06 0.0
0.0109335 2.43613e-06 0.0
0.0109167 1.6035e-06 0.0
0.0109 8.07628e-07 0.0
0.0108834 4.88456e-08 0.0
0.0108669 -6.72495e-07 0.0
0.0108505 -1.35605e-06 0.0
0.0108342 -2.00147e-06 0.0
0.010818 -2.6084e-06 0.0
0.0108019 -3.17645e-06 0.0
0.0107859 -3.70515e-06 0.0
0.0107701 -4.19395e-06 0.0
0.0107543 -4.64227e-06 0.0
0.0107388 -5.04943e-06 0.0
0.0107233 -5.4146e-06 0.0
0.0107081 -5.73676e-06 0.0
0.010693 -6.01496e-06 0.0
0.0106781 -6.24793e-06 0.0
0.0106633 -6.43421e-06 0.0
0.0106488 -6.57215e-06 0.0
0.0106345 -6.66026e-06 0.0
0.0106203 -6.69626e-06 0.0
0.0106065 -6.67795e-06 0.0
0.0105928 -6.60294e-06 0.0
0.0105794 -6.46903e-06 0.0
0.0105663 -6.27241e-06 0.0
0.0105534 -6.01059e-06 0.0
0.0105409 -5.68023e-06 0.0
0.0105286 -5.27839e-06 0.0
0.0105167 -4.79952e-06 0.0
0.0105052 -4.24246e-06 0.0
0.010494 -3.60235e-06 0.0
0.0104831 -2.87666e-06 0.0
0.0104727 -2.05911e-06 0.0
0.0104628 -1.1537e-06 0.0
0.0104533 -1.53222e-07 0.0
0.0104442 9.38374e-07 0.0
0.0104357 2.12487e-06 0.0
0.0104277 3.38809e-06 0.0
0.0104203 4.735e-06 0.0
0.0104135 6.13605e-06 0.0
0.0104073 7.58719e-06 0.0
0.0104018 9.02879e-06 0.0
0.0103971 1.04514e-05 0.0
0.010393 1.17728e-05 0.0
0.0103898 1.29776e-05 0.0
0.0103874 1.38926e-05 0.0
0.0103858 1.45354e-05 0.0
0.0103848 1.48263e-05 0.0
0.0 0.0 0.0
0.0 0.0 0.0
0.0194346 -0.000590739 0.0
0.0197162 -0.00166152 0.0
0.0201009 -0.00217918 0.0
0.0206793 -0.00230061 0.0
0.0212264 -0.00284358 0.0
0.0215359 -0.00293597 0.0
0.0214483 -0.00260646 0.0
0.0213323 -0.00246973 0.0
0.0212935 -0.00229061 0.0
0.0210417 -0.00208053 0.0
0.0206238 -0.00183755 0.0
0.0203016 -0.001658 0.0
0.0200289 -0.00146112 0.0
0.0196481 -0.0012937 0.0
0.0192478 -0.0011381 0.0
0.0189258 -0.000997632 0.0
0.0186137 -0.000862354 0.0
0.0182658 -0.000751405 0.0
0.0179445 -0.000646991 0.0
0.0176646 -0.000548206 0.0
0.0173839 -0.00046006 0.0
0.0171028 -0.000384298 0.0
0.0168505 -0.000310933 0.0
0.0166169 -0.000242593 0.0
0.0163855 -0.000182553 0.0
0.0161661 -0.000127528 0.0
0.0159668 -7.41931e-05 0.0
0.015777 -2.52707e-05 0.0
0.0155938 1.89557e-05 0.0
0.0154241 6.13138e-05 0.0
0.0152672 0.000101985 0.0
0.0151175 0.000139642 0.0
0.0149767 0.000175199 0.0
0.0148473 0.000210049 0.0
0.0147269 0.000243551 0.0
0.0146139 0.000275534 0.0
0.0145104 0.000306984 0.0
0.0144164 0.000338276 0.0
0.0143301 0.000368869 0.0
0.0142521 0.00039926 0.0
0.0141836 0.000430066 0.0
0.0141236 0.000461151 0.0
0.0140717 0.000492417 0.0
0.0140296 0.000524526 0.0
0.013997 0.000557604 0.0
0.013973 0.00059162 0.0
0.0139591 0.00062671 0.0
0.0139562 0.000663162 0.0
0.0139634 0.000701221 0.0
0.013981 0.000741119 0.0
0.014011 0.00078216 0.0
0.0140533 0.000824946 0.0
0.0141074 0.000870553 0.0
0.0141748 0.000917721 0.0
0.0142565 0.000965213 0.0
0.0143521 0.00101598 0.0
0.0144628 0.0010695 0.0
0.0145887 0.00112208 0.0
0.0147302 0.00117557 0.0
0.0148888 0.00123331 0.0
0.0150642 0.00128993 0.0
0.0152551 0.00134401 0.0
0.0154637 0.0014005 0.0
0.0156909 0.00145755 0.0
0.0159335 0.00150905 0.0
0.0161914 0.00155896 0.0
0.0164679 0.00160885 0.0
0.0167601 0.00165311 0.0
0.0170643 0.00169135 0.0
0.0173825 0.00172686 0.0
0.0177158 0.00175637 0.0
0.0180584 0.00177832 0.0
0.0184083 0.00179463 0.0
0.0187682 0.00180295 0.0
0.0191355 0.00180349 0.0
0.0195042 0.00179798 0.0
0.019875 0.00178371 0.0
0.0202485 0.00175881 0.0
0.0206194 0.00173041 0.0
0.0209858 0.00169514 0.0
0.0213478 0.00164733 0.0
0.0217018 0.00159502 0.0
0.0220476 0.00154193 0.0
0.0223838 0.00147658 0.0
0.0227051 0.00140586 0.0
0.0230138 0.00133585 0.0
0.0233108 0.00125916 0.0
0.0235894 0.00117785 0.0
0.0238498 0.00109662 0.0
0.0240953 0.0010118 0.0
0.0243222 0.000927064 0.0
0.0245294 0.000842529 0.0
0.0247174 0.000755624 0.0
0.024886 0.000671608 0.0
0.025036 0.000590393 0.0
0.025167 0.000508315 0.0
0.0252771 0.000429577 0.0
0.0253691 0.000355682 0.0
0.0254446 0.000282257 0.0
0.0255013 0.000212837 0.0
0.0255397 0.000148135 0.0
0.0255629 8.49669e-05 0.0
0.0255708 2.52919e-05 0.0
0.0255629 -2.97493e-05 0.0
0.0255396 -8.30847e-05 0.0
0.0255029 -0.000134008 0.0
0.0254534 -0.000181137 0.0
0.0253906 -0.000225807 0.0
0.0253143 -0.000269271 0.0
0.0252264 -0.000310043 0.0
0.0251279 -0.000348097 0.0
0.0250176 -0.000384522 0.0
0.0248953 -0.000419398 0.0
0.0247636 -0.000451724 0.0
0.0246229 -0.000482011 0.0
0.0244718 -0.000510133 0.0
0.024311 -0.000536495 0.0
0.024143 -0.000561063 0.0
0.0239672 -0.000582923 0.0
0.0237833 -0.000602381 0.0
0.0235924 -0.000621518 0.0
0.0233957 -0.000638115 0.0
0.0231934 -0.000651551 0.0
0.0229853 -0.00066488 0.0
0.0227718 -0.00067711 0.0
0.0225543 -0.000686082 0.0
0.0223335 -0.000694132 0.0
0.0221081 -0.000701834 0.0
0.0218789 -0.00070733 0.0
0.0216481 -0.000711319 0.0
0.0214147 -0.000714666 0.0
0.0211783 -0.000716557 0.0
0.0209404 -0.000717427 0.0
0.0207016 -0.000717406 0.0
0.0204615 -0.000715771 0.0
0.0202203 -0.000713748 0.0
0.0199786 -0.000711202 0.0
0.0197369 -0.000707047 0.0
0.0194955 -0.000702333 0.0
0.019254 -0.000697665 0.0
0.0190128 -0.000691833 0.0
0.018773 -0.00068535 0.0
0.0185339 -0.000678772 0.0
0.0182954 -0.00067164 0.0
0.0180585 -0.000664125 0.0
0.0178232 -0.000656214 0.0
0.0175891 -0.000647887 0.0
0.0173566 -0.00063952 0.0
0.017126 -0.000630715 0.0
0.0168974 -0.000621392 0.0
0.0166707 -0.000612084 0.0
0.016446 -0.000602423 0.0
0.0162237 -0.000592193 0.0
0.0160038 -0.000581876 0.0
0.0157863 -0.000571252 0.0
0.0155715 -0.000559998 0.0
0.0153596 -0.000548545 0.0
0.0151505 -0.000536835 0.0
0.0149444 -0.000524465 0.0
0.0147417 -0.000511661 0.0
0.0145423 -0.000498673 0.0
0.0143463 -0.000485116 0.0
0.0141542 -0.000470911 0.0
0.013966 -0.000456411 0.0
0.0137818 -0.000441562 0.0
0.0136018 -0.000426073 0.0
0.0134262 -0.000410099 0.0
0.0132553 -0.000393875 0.0
0.013089 -0.000377284 0.0
0.0129277 -0.000360216 0.0
0.0127713 -0.000342854 0.0
0.0126201 -0.000325385 0.0
0.0124743 -0.000307764 0.0
0.0123337 -0.000289904 0.0
0.0121984 -0.000272001 0.0
0.0120687 -0.000254331 0.0
0.0119445 -0.000236758 0.0
0.0118256 -0.000219162 0.0
0.0117121 -0.000201945 0.0
0.0116042 -0.000185274 0.0
0.0115014 -0.000168786 0.0
0.0114037 -0.000152632 0.0
0.0113111 -0.000137244 0.0
0.0112235 -0.000122418 0.0
0.0111407 -0.000107931 0.0
0.0110624 -9.415e-05 0.0
0.0109886 -8.11894e-05 0.0
0.0109191 -6.87511e-05 0.0
0.0108536 -5.68791e-05 0.0
0.010792 -4.58309e-05 0.0
0.0107342 -3.54903e-05 0.0
0.0106799 -2.56985e-05 0.0
0.0106289 -1.65813e-05 0.0
0.010581 -8.20758e-06 0.0
0.0105361 -4.34567e-07 0.0
0.0104939 6.7748e-06 0.0
0.0104543 1.33462e-05 0.0
0.0104171 1.93094e-05 0.0
0.0103821 2.47542e-05 0.0
0.0103493 2.96805e-05 0.0
0.0103183 3.40761e-05 0.0
0.0102891 3.79887e-05 0.0
0.0102616 4.14654e-05 0.0
0.0102355 4.45122e-05 0.0
0.0102108 4.71457e-05 0.0
0.0101873 4.94034e-05 0.0
0.010165 5.13151e-05 0.0
0.0101437 5.28962e-05 0.0
0.0101234 5.41679e-05 0.0
0.0101038 5.51579e-05 0.0
0.0100851 5.58902e-05 0.0
0.0100669 5.63818e-05 0.0
0.0100494 5.66513e-05 0.0
0.0100324 5.67204e-05 0.0
0.0100159 5.66091e-05 0.0
0.00999974 5.63316e-05 0.0
0.00998395 5.59032e-05 0.0
0.00996847 5.53417e-05 0.0
0.00995324 5.46621e-05 0.0
0.00993822 5.38753e-05 0.0
0.00992339 5.29941e-05 0.0
0.00990871 5.2032e-05 0.0
0.00989414 5.09995e-05 0.0
0.00987967 4.99052e-05 0.0
0.00986528 4.87591e-05 0.0
0.00985093 4.75709e-05 0.0
0.00983662 4.63475e-05 0.0
0.00982233 4.50957e-05 0.0
0.00980804 4.38229e-05 0.0
0.00979375 4.25354e-05 0.0
0.00977945 4.1238e-05 0.0
0.00976514 3.99355e-05 0.0
0.00975079 3.86332e-05 0.0
0.00973642 3.73348e-05 0.0
0.00972202 3.60436e-05 0.0
0.00970758 3.4763e-05 0.0
0.00969311 3.34962e-05 0.0
0.00967861 3.22455e-05 0.0
0.00966408 3.1013e-05 0.0
0.00964952 2.98008e-05 0.0
0.00963493 2.86109e-05 0.0
0.00962032 2.74443e-05 0.0
0.00960568 2.63025e-05 0.0
0.00959104 2.51866e-05 0.0
0.00957638 2.40976e-05 0.0
0.00956172 2.30362e-05 0.0
0.00954705 2.2003e-05 0.0
0.0095324 2.09986e-05 0.0
0.00951775 2.00235e-05 0.0
0.00950313 1.9078e-05 0.0
0.00948853 1.81624e-05 0.0
0.00947396 1.72769e-05 0.0
0.00945943 1.64218e-05 0.0
0.00944495 1.55973e-05 0.0
0.00943051 1.48035e-05 0.0
0.00941614 1.40406e-05 0.0
0.00940184 1.33088e-05 0.0
0.00938761 1.26082e-05 0.0
0.00937346 1.19392e-05 0.0
0.0093594 1.13019e-05 0.0
0.00934545 1.06968e-05 0.0
0.00933159 1.01241e-05 0.0
0.00931785 9.5845e-06 0.0
0.00930424 9.07845e-06 0.0
0.00929076 8.60663e-06 0.0
0.00927741 8.16976e-06 0.0
0.00926422 7.76889e-06 0.0
0.00925119 7.40488e-06 0.0
0.00923833 7.07896e-06 0.0
0.00922564 6.79239e-06 0.0
0.00921315 6.54689e-06 0.0
0.00920086 6.34366e-06 0.0
0.00918879 6.18488e-06 0.0
0.00917694 6.07232e-06 0.0
0.00916533 6.00847e-06 0.0
0.00915398 5.99469e-06 0.0
0.0091429 6.03467e-06 0.0
0.0091321 6.12997e-06 0.0
0.0091216 6.28385e-06 0.0
0.00911142 6.4974e-06 0.0
0.00910158 6.776e-06 0.0
0.0090921 7.11845e-06 0.0
0.00908299 7.5292e-06 0.0
0.00907429 8.00686e-06 0.0
0.009066 8.55671e-06 0.0
0.00905815 9.16877e-06 0.0
0.00905078 9.84969e-06 0.0
0.0090439 1.05854e-05 0.0
0.00903753 1.13733e-05 0.0
0.00903171 1.21831e-05 0.0
0.00902646 1.30195e-05 0.0
0.00902179 1.38165e-05 0.0
0.00901773 1.45496e-05 0.0
0.00901432 1.51532e-05 0.0
0.00901159 1.56046e-05 0.0
0.00900954 1.57785e-05 0.0
0.00900809 1.57763e-05 0.0
0.00900708 1.57638e-05 0.0
0.0 0.0 0.0
0.0 0.0 0.0
0.0194578 -0.00127439 0.0
0.0199287 -0.00167086 0.0
0.0202318 -0.00266947 0.0
0.0209649 -0.00325019 0.0
0.0213596 -0.00300586 0.0
0.0212473 -0.00284186 0.0
0.020971 -0.00239528 0.0
0.0205541 -0.00224824 0.0
0.0200772 -0.00195816 0.0
0.0196323 -0.00166398 0.0
0.0191759 -0.00140122 0.0
0.0186529 -0.00126156 0.0
0.0181635 -0.00106041 0.0
0.0177389 -0.000873734 0.0
0.0173206 -0.000740964 0.0
0.0168958 -0.000639135 0.0
0.0165151 -0.00051107 0.0
0.016171 -0.000405945 0.0
0.0158347 -0.000329987 0.0
0.0155137 -0.000255813 0.0
0.0152253 -0.000176043 0.0
0.0149556 -0.000114496 0.0
0.0146961 -6.35645e-05 0.0
0.0144548 -1.00538e-05 0.0
0.0142341 4.05606e-05 0.0
0.0140249 8.07472e-05 0.0
0.0138271 0.00011853 0.0
0.0136444 0.000157199 0.0
0.0134748 0.000191504 0.0
0.0133144 0.000221208 0.0
0.0131649 0.000250931 0.0
0.013027 0.000279982 0.0
0.0128984 0.000305878 0.0
0.0127784 0.000330409 0.0
0.0126681 0.000355249 0.0
0.012567 0.000379004 0.0
0.0124738 0.000401287 0.0
0.0123893 0.000423716 0.0
0.0123135 0.000446296 0.0
0.0122456 0.000468204 0.0
0.012186 0.000490066 0.0
0.0121352 0.000512631 0.0
0.0120927 0.000535358 0.0
0.0120584 0.000558317 0.0
0.0120334 0.000582095 0.0
0.0120179 0.000606678 0.0
0.0120109 0.000631985 0.0
0.0120138 0.000658372 0.0
0.0120275 0.000685632 0.0
0.0120513 0.000714144 0.0
0.0120855 0.000744276 0.0
0.0121317 0.000775252 0.0
0.0121902 0.000807071 0.0
0.0122607 0.000841391 0.0
0.0123438 0.000876887 0.0
0.0124408 0.000912134 0.0
0.0125521 0.000949412 0.0
0.0126776 0.00098926 0.0
0.0128173 0.00102782 0.0
0.0129726 0.0010663 0.0
0.0131445 0.00110754 0.0
0.013331 0.00114845 0.0
0.0135323 0.00118618 0.0
0.0137508 0.00122457 0.0
0.0139853 0.00126345 0.0
0.0142329 0.00129852 0.0
0.0144955 0.00132983 0.0
0.0147736 0.00136049 0.0
0.0150638 0.00138835 0.0
0.015365 0.00141005 0.0
0.0156778 0.00142685 0.0
0.0160004 0.00144132 0.0
0.0163307 0.00145054 0.0
0.0166666 0.00145106 0.0
0.0170069 0.00144743 0.0
0.0173513 0.00144026 0.0
0.0176968 0.00142452 0.0
0.0180388 0.00140193 0.0
0.0183792 0.00137667 0.0
0.0187176 0.00134384 0.0
0.0190468 0.00130549 0.0
0.0193665 0.00126392 0.0
0.0196798 0.00121525 0.0
0.0199815 0.00116297 0.0
0.0202682 0.00111066 0.0
0.0205424 0.00105026 0.0
0.0208016 0.00098708 0.0
0.0210446 0.000926983 0.0
0.021271 0.000861931 0.0
0.0214784 0.000793286 0.0
0.0216679 0.000728232 0.0
0.0218407 0.00066252 0.0
0.0219927 0.000595497 0.0
0.0221251 0.000530623 0.0
0.0222407 0.000466812 0.0
0.0223371 0.000405048 0.0
0.0224139 0.000346123 0.0
0.0224741 0.000287851 0.0
0.0225172 0.000232363 0.0
0.0225428 0.000181627 0.0
0.0225528 0.000131799 0.0
0.0225477 8.38449e-05 0.0
0.0225276 4.02496e-05 0.0
0.0224938 -9.44657e-07 0.0
0.0224467 -4.09717e-05 0.0
0.0223867 -7.81494e-05 0.0
0.0223148 -0.000112887 0.0
0.0222315 -0.000146022 0.0
0.0221368 -0.00017726 0.0
0.0220317 -0.000206682 0.0
0.0219167 -0.000234878 0.0
0.0217919 -0.000260916 0.0
0.021658 -0.000285183 0.0
0.0215155 -0.000308659 0.0
0.0213644 -0.000330621 0.0
0.0212058 -0.00034989 0.0
0.0210402 -0.000368179 0.0
0.0208674 -0.000385725 0.0
0.0206882 -0.000400938 0.0
0.0205041 -0.000414262 0.0
0.0203143 -0.00042698 0.0
0.020119 -0.000438129 0.0
0.0199201 -0.000447941 0.0
0.0197175 -0.0004563 0.0
0.0195106 -0.000463245 0.0
0.0193007 -0.000469924 0.0
0.0190887 -0.000475433 0.0
0.0188738 -0.000478724 0.0
0.0186568 -0.000481845 0.0
0.0184382 -0.00048504 0.0
0.0182183 -0.000486024 0.0
0.0179975 -0.000485867 0.0
0.0177757 -0.000486234 0.0
0.0175534 -0.000485576 0.0
0.0173313 -0.000483387 0.0
0.0171093 -0.000480998 0.0
0.0168871 -0.000478347 0.0
0.0166659 -0.00047505 0.0
0.0164456 -0.000470922 0.0
0.016226 -0.000466279 0.0
0.0160076 -0.000461814 0.0
0.0157906 -0.000456929 0.0
0.0155751 -0.000450982 0.0
0.0153611 -0.000445279 0.0
0.0151487 -0.000439777 0.0
0.0149382 -0.00043329 0.0
0.0147297 -0.000426629 0.0
0.0145231 -0.00042035 0.0
0.0143185 -0.000413537 0.0
0.0141163 -0.000406269 0.0
0.0139163 -0.000399155 0.0
0.0137186 -0.000391874 0.0
0.0135234 -0.000384141 0.0
0.0133308 -0.000376208 0.0
0.0131406 -0.000368238 0.0
0.0129534 -0.00035999 0.0
0.012769 -0.000351294 0.0
0.0125874 -0.000342414 0.0
0.0124089 -0.000333462 0.0
0.0122338 -0.000324053 0.0
0.0120619 -0.000314199 0.0
0.0118934 -0.000304264 0.0
0.0117285 -0.000294093 0.0
0.0115675 -0.000283362 0.0
0.0114101 -0.000272351 0.0
0.0112567 -0.000261255 0.0
0.0111076 -0.000249775 0.0
0.0109628 -0.000237876 0.0
0.0108222 -0.000225874 0.0
0.010686 -0.000213727 0.0
0.0105547 -0.00020127 0.0
0.010428 -0.000188692 0.0
0.0103059 -0.000176109 0.0
0.0101886 -0.000163422 0.0
0.0100764 -0.000150741 0.0
0.009969 -0.000138189 0.0
0.00986625 -0.000125675 0.0
0.00976846 -0.000113319 0.0
0.00967561 -0.0001013 0.0
0.00958731 -8.9467e-05 0.0
0.00950357 -7.78396e-05 0.0
0.00942453 -6.67118e-05 0.0
0.00934994 -5.59894e-05 0.0
0.0092795 -4.55092e-05 0.0
0.00921322 -3.55173e-05 0.0
0.00915105 -2.61208e-05 0.0
0.00909269 -1.70881e-05 0.0
0.00903792 -8.45987e-06 0.0
0.00898668 -4.4185e-07 0.0
0.00893883 7.05924e-06 0.0
0.00889412 1.41778e-05 0.0
0.00885233 2.07905e-05 0.0
0.00881336 2.6844e-05 0.0
0.00877706 3.2463e-05 0.0
0.00874322 3.76724e-05 0.0
0.00871162 4.23932e-05 0.0
0.00868218 4.66591e-05 0.0
0.00865477 5.05461e-05 0.0
0.00862915 5.40443e-05 0.0
0.00860518 5.71349e-05 0.0
0.0085828 5.98655e-05 0.0
0.00856186 6.22712e-05 0.0
0.00854216 6.43496e-05 0.0
0.00852363 6.61116e-05 0.0
0.0085062 6.75919e-05 0.0
0.00848973 6.88104e-05 0.0
0.00847408 6.97757e-05 0.0
0.00845921 7.05046e-05 0.0
0.00844504 7.10203e-05 0.0
0.00843146 7.13391e-05 0.0
0.00841838 7.14734e-05 0.0
0.00840578 7.14374e-05 0.0
0.00839359 7.12487e-05 0.0
0.00838172 7.09214e-05 0.0
0.00837013 7.04664e-05 0.0
0.00835878 6.98953e-05 0.0
0.00834764 6.92221e-05 0.0
0.00833663 6.84579e-05 0.0
0.00832575 6.76109e-05 0.0
0.00831496 6.6691e-05 0.0
0.00830422 6.57089e-05 0.0
0.00829351 6.46723e-05 0.0
0.00828282 6.35877e-05 0.0
0.00827212 6.24629e-05 0.0
0.00826139 6.13057e-05 0.0
0.00825062 6.0121e-05 0.0
0.00823981 5.8914e-05 0.0
0.00822893 5.76907e-05 0.0
0.00821799 5.64559e-05 0.0
0.00820697 5.52131e-05 0.0
0.00819587 5.39662e-05 0.0
0.00818468 5.27192e-05 0.0
0.00817341 5.14752e-05 0.0
0.00816206 5.02364e-05 0.0
0.00815062 4.90056e-05 0.0
0.0081391 4.77854e-05 0.0
0.0081275 4.65774e-05 0.0
0.00811581 4.53832e-05 0.0
0.00810405 4.42046e-05 0.0
0.00809222 4.3043e-05 0.0
0.00808032 4.18992e-05 0.0
0.00806836 4.07744e-05 0.0
0.00805635 3.96695e-05 0.0
0.00804428 3.85852e-05 0.0
0.00803217 3.75218e-05 0.0
0.00802002 3.64801e-05 0.0
0.00800784 3.54605e-05 0.0
0.00799563 3.44631e-05 0.0
0.00798341 3.34883e-05 0.0
0.00797118 3.25362e-05 0.0
0.00795894 3.16072e-05 0.0
0.00794671 3.07011e-05 0.0
0.00793448 2.98182e-05 0.0
0.00792228 2.89585e-05 0.0
0.0079101 2.81221e-05 0.0
0.00789796 2.73091e-05 0.0
0.00788586 2.65196e-05 0.0
0.00787381 2.57536e-05 0.0
0.00786181 2.50112e-05 0.0
0.00784988 2.42927e-05 0.0
0.00783802 2.35982e-05 0.0
0.00782625 2.2928e-05 0.0
0.00781456 2.22825e-05 0.0
0.00780297 2.16618e-05 0.0
0.00779149 2.10665e-05 0.0
0.00778012 2.04972e-05 0.0
0.00776888 1.99545e-05 0.0
0.00775777 1.94388e-05 0.0
0.0077468 1.89512e-05 0.0
0.00773598 1.84926e-05 0.0
0.00772533 1.8064e-05 0.0
0.00771486 1.76662e-05 0.0
0.00770457 1.7301e-05 0.0
0.00769448 1.69695e-05 0.0
0.00768459 1.6673e-05 0.0
0.00767493 1.6413e-05 0.0
0.00766551 1.6192e-05 0.0
0.00765634 1.60107e-05 0.0
0.00764744 1.58711e-05 0.0
0.00763882 1.57746e-05 0.0
0.0076305 1.57248e-05 0.0
0.0076225 1.57194e-05 0.0
0.00761483 1.57621e-05 0.0
0.00760752 1.58525e-05 0.0
0.00760058 1.59927e-05 0.0
0.00759404 1.61734e-05 0.0
0.00758791 1.64005e-05 0.0
0.00758221 1.66628e-05 0.0
0.00757698 1.69555e-05 0.0
0.0075722 1.72498e-05 0.0
0.00756791 1.75458e-05 0.0
0.00756412 1.77958e-05 0.0
0.00756084 1.79714e-05 0.0
0.00755805 1.79758e-05 0.0
0.00755579 1.77939e-05 0.0
0.00755406 1.74201e-05 0.0
0.00755278 1.69488e-05 0.0
0.00755182 1.66843e-05 0.0
0.0 0.0 0.0
0.0 0.0 0.0
0.0188613 -0.00130396 0.0
0.0198714 -0.00276487 0.0
0.0212954 -0.00318214 0.0
0.0215716 -0.00368208 0.0
0.0207594 -0.00257694 0.0
0.0198224 -0.00233428 0.0
0.0193814 -0.00199982 0.0
0.0188262 -0.00167777 0.0
0.0179608 -0.00129535 0.0
0.0172087 -0.00112515 0.0
0.0166996 -0.000895841 0.0
0.0161424 -0.000699912 0.0
0.0155412 -0.000553849 0.0
0.0150541 -0.0004466 0.0
0.0146483 -0.000316618 0.0
0.0142208 -0.000219835 0.0
0.0138205 -0.000147792 0.0
0.0134872 -7.65091e-05 0.0
0.0131768 -4.75492e-06 0.0
0.0128675 4.6557e-05 0.0
0.012592 9.1673e-05 0.0
0.0123487 0.000138658 0.0
0.0121141 0.000179697 0.0
0.0118913 0.000211566 0.0
0.0116929 0.00024314 0.0
0.0115096 0.000274104 0.0
0.0113338 0.000299948 0.0
0.0111715 0.000322725 0.0
0.0110244 0.000345805 0.0
0.010886 0.000367193 0.0
0.0107559 0.000385743 0.0
0.0106371 0.000403639 0.0
0.0105282 0.000421397 0.0
0.0104262 0.000437699 0.0
0.0103326 0.000452902 0.0
0.0102481 0.000468184 0.0
0.0101709 0.000483113 0.0
0.0101007 0.000497297 0.0
0.0100386 0.000511405 0.0
0.00998434 0.000525754 0.0
0.0099368 0.000539906 0.0
0.00989681 0.000554062 0.0
0.00986508 0.00056862 0.0
0.00984069 0.000583547 0.0
0.00982375 0.000598724 0.0
0.00981556 0.000614356 0.0
0.00981594 0.000630609 0.0
0.00982434 0.000647669 0.0
0.00984193 0.000665241 0.0
0.00986948 0.000683295 0.0
0.00990652 0.00070255 0.0
0.00995351 0.000722956 0.0
0.0100115 0.000743305 0.0
0.0100807 0.000764567 0.0
0.0101614 0.000787814 0.0
0.0102542 0.000811171 0.0
0.0103591 0.000833961 0.0
0.0104772 0.000858926 0.0
0.0106091 0.000884888 0.0
0.0107535 0.000909128 0.0
0.0109113 0.000933736 0.0
0.0110845 0.000960237 0.0
0.0112712 0.000984836 0.0
0.0114699 0.00100753 0.0
0.0116834 0.00103092 0.0
0.0119114 0.00105311 0.0
0.0121501 0.00107192 0.0
0.0123999 0.00108925 0.0
0.0126632 0.00110464 0.0
0.0129362 0.0011166 0.0
0.0132161 0.00112567 0.0
0.0135044 0.00113097 0.0
0.0138006 0.0011322 0.0
0.0141 0.00113077 0.0
0.0144016 0.00112509 0.0
0.0147059 0.00111313 0.0
0.01501 0.0010989 0.0
0.0153113 0.00108214 0.0
0.015609 0.00105834 0.0
0.015901 0.00103016 0.0
0.0161861 0.00100244 0.0
0.0164635 0.000969194 0.0
0.0167292 0.000930258 0.0
0.0169827 0.000891874 0.0
0.0172261 0.00085125 0.0
0.0174548 0.00080585 0.0
0.0176662 0.000760649 0.0
0.0178639 0.000713965 0.0
0.0180463 0.000665522 0.0
0.0182101 0.00061806 0.0
0.0183565 0.0005692 0.0
0.0184861 0.000520011 0.0
0.0185983 0.000473463 0.0
0.0186933 0.000426674 0.0
0.0187699 0.00038007 0.0
0.0188296 0.000336645 0.0
0.0188743 0.000294229 0.0
0.0189024 0.000252894 0.0
0.0189137 0.00021476 0.0
0.0189116 0.000177855 0.0
0.0188962 0.000142295 0.0
0.0188664 0.00011026 0.0
0.0188238 7.94605e-05 0.0
0.01877 4.94686e-05 0.0
0.0187052 2.23525e-05 0.0
0.0186295 -2.74134e-06 0.0
0.0185433 -2.74884e-05 0.0
0.0184481 -5.06704e-05 0.0
0.0183445 -7.17474e-05 0.0
0.0182321 -9.17852e-05 0.0
0.018111 -0.000111186 0.0
0.0179829 -0.000129151 0.0
0.0178484 -0.00014576 0.0
0.0177065 -0.000161201 0.0
0.0175578 -0.000175795 0.0
0.0174041 -0.000189497 0.0
0.0172453 -0.000201736 0.0
0.0170808 -0.000212426 0.0
0.0169117 -0.000222935 0.0
0.0167389 -0.000232576 0.0
0.0165626 -0.000240104 0.0
0.0163827 -0.000247052 0.0
0.0161997 -0.000254165 0.0
0.0160143 -0.000259451 0.0
0.0158274 -0.000263606 0.0
0.0156381 -0.000267906 0.0
0.0154467 -0.000271285 0.0
0.015255 -0.000273554 0.0
0.0150627 -0.000275502 0.0
0.0148688 -0.000276777 0.0
0.0146746 -0.000277418 0.0
0.014481 -0.000277797 0.0
0.0142873 -0.000277228 0.0
0.0140935 -0.000276133 0.0
0.0139005 -0.000275199 0.0
0.0137084 -0.000273484 0.0
0.0135173 -0.000270933 0.0
0.013327 -0.000268644 0.0
0.0131379 -0.000266088 0.0
0.0129506 -0.000262774 0.0
0.0127648 -0.000259354 0.0
0.0125802 -0.000255933 0.0
0.0123975 -0.000252216 0.0
0.012217 -0.000248222 0.0
0.012038 -0.000244004 0.0
0.011861 -0.000239857 0.0
0.0116861 -0.000235601 0.0
0.0115134 -0.000230894 0.0
0.0113428 -0.000226235 0.0
0.0111742 -0.000221675 0.0
0.0110081 -0.000216686 0.0
0.0108443 -0.000211556 0.0
0.0106828 -0.000206565 0.0
0.0105237 -0.000201268 0.0
0.0103673 -0.000195713 0.0
0.0102134 -0.000190209 0.0
0.010062 -0.000184513 0.0
0.00991353 -0.0001785 0.0
0.00976791 -0.000172425 0.0
0.00962504 -0.000166237 0.0
0.00948524 -0.000159738 0.0
0.00934868 -0.000153045 0.0
0.00921522 -0.000146274 0.0
0.00908499 -0.000139272 0.0
0.0089583 -0.000132002 0.0
0.00883515 -0.000124606 0.0
0.0087155 -0.0001171 0.0
0.00859957 -0.000109372 0.0
0.00848752 -0.000101457 0.0
0.00837932 -9.34923e-05 0.0
0.00827504 -8.54712e-05 0.0
0.00817477 -7.72965e-05 0.0
0.00807858 -6.9054e-05 0.0
0.0079865 -6.09161e-05 0.0
0.00789849 -5.28066e-05 0.0
0.00781453 -4.46216e-05 0.0
0.00773471 -3.65785e-05 0.0
0.00765899 -2.88058e-05 0.0
0.00758718 -2.10728e-05 0.0
0.00751926 -1.34216e-05 0.0
0.0074553 -6.16167e-06 0.0
0.00739508 8.24061e-07 0.0
0.00733842 7.74213e-06 0.0
0.00728531 1.43262e-05 0.0
0.00723567 2.0454e-05 0.0
0.00718926 2.63866e-05 0.0
0.00714593 3.21019e-05 0.0
0.0071056 3.73536e-05 0.0
0.00706814 4.22444e-05 0.0
0.00703334 4.69343e-05 0.0
0.00700103 5.1281e-05 0.0
0.00697112 5.52038e-05 0.0
0.00694346 5.88534e-05 0.0
0.00691787 6.22538e-05 0.0
0.00689418 6.52963e-05 0.0
0.00687231 6.8011e-05 0.0
0.00685213 7.04918e-05 0.0
0.00683346 7.27091e-05 0.0
0.00681615 7.46254e-05 0.0
0.00680016 7.62943e-05 0.0
0.00678536 7.77536e-05 0.0
0.00677158 7.89792e-05 0.0
0.00675875 7.99753e-05 0.0
0.00674681 8.07811e-05 0.0
0.00673563 8.14094e-05 0.0
0.00672509 8.18536e-05 0.0
0.00671517 8.21297e-05 0.0
0.0067058 8.22604e-05 0.0
0.00669686 8.22528e-05 0.0
0.0066883 8.21107e-05 0.0
0.00668008 8.18485e-05 0.0
0.00667216 8.148e-05 0.0
0.00666444 8.1012e-05 0.0
0.0066569 8.0451e-05 0.0
0.00664951 7.98079e-05 0.0
0.00664223 7.9092e-05 0.0
0.006635 7.83098e-05 0.0
0.00662782 7.74672e-05 0.0
0.00662066 7.65722e-05 0.0
0.00661348 7.56318e-05 0.0
0.00660626 7.46511e-05 0.0
0.00659901 7.36347e-05 0.0
0.00659169 7.25888e-05 0.0
0.00658428 7.15184e-05 0.0
0.00657679 7.04268e-05 0.0
0.0065692 6.93181e-05 0.0
0.00656151 6.81966e-05 0.0
0.0065537 6.70655e-05 0.0
0.00654579 6.59273e-05 0.0
0.00653775 6.47849e-05 0.0
0.0065296 6.36413e-05 0.0
0.00652132 6.24984e-05 0.0
0.00651293 6.13581e-05 0.0
0.00650442 6.02224e-05 0.0
0.00649579 5.90931e-05 0.0
0.00648706 5.79713e-05 0.0
0.00647821 5.68584e-05 0.0
0.00646927 5.57555e-05 0.0
0.00646022 5.46637e-05 0.0
0.00645108 5.35837e-05 0.0
0.00644185 5.25163e-05 0.0
0.00643254 5.14622e-05 0.0
0.00642316 5.04218e-05 0.0
0.00641371 4.93955e-05 0.0
0.00640419 4.83839e-05 0.0
0.00639462 4.73871e-05 0.0
0.00638499 4.64055e-05 0.0
0.00637533 4.54391e-05 0.0
0.00636563 4.44882e-05 0.0
0.0063559 4.35529e-05 0.0
0.00634615 4.26333e-05 0.0
0.00633639 4.17294e-05 0.0
0.00632662 4.08412e-05 0.0
0.00631685 3.99689e-05 0.0
0.00630709 3.91124e-05 0.0
0.00629735 3.82718e-05 0.0
0.00628762 3.74471e-05 0.0
0.00627793 3.66384e-05 0.0
0.00626827 3.58457e-05 0.0
0.00625866 3.50691e-05 0.0
0.00624909 3.43088e-05 0.0
0.00623959 3.35648e-05 0.0
0.00623015 3.28374e-05 0.0
0.00622079 3.21267e-05 0.0
0.00621151 3.14331e-05 0.0
0.00620232 3.07569e-05 0.0
0.00619323 3.00983e-05 0.0
0.00618425 2.9458e-05 0.0
0.00617538 2.88363e-05 0.0
0.00616663 2.82337e-05 0.0
0.00615802 2.7651e-05 0.0
0.00614955 2.70889e-05 0.0
0.00614124 2.65482e-05 0.0
0.00613309 2.60294e-05 0.0
0.00612511 2.55338e-05 0.0
0.00611732 2.50623e-05 0.0
0.00610973 2.46158e-05 0.0
0.00610236 2.41948e-05 0.0
0.0060952 2.38018e-05 0.0
0.00608829 2.34363e-05 0.0
0.00608162 2.30995e-05 0.0
0.00607523 2.2792e-05 0.0
0.00606912 2.25166e-05 0.0
0.00606331 2.22685e-05 0.0
0.00605782 2.20506e-05 0.0
0.00605266 2.1861e-05 0.0
0.00604784 2.16983e-05 0.0
0.00604339 2.15487e-05 0.0
0.00603932 2.14183e-05 0.0
0.00603562 2.12877e-05 0.0
0.00603231 2.1137e-05 0.0
0.00602941 2.09341e-05 0.0
0.00602688 2.06748e-05 0.0
0.00602471 2.0256e-05 0.0
0.00602286 1.96314e-05 0.0
0.00602139 1.88193e-05 0.0
0.00602028 1.79835e-05 0.0
0.00601939 1.75967e-05 0.0
0.0 0.0 0.0
0.0 0.0 0.0
0.0197089 -0.00141118 0.0
0.0208291 -0.00477938 0.0
0.0206054 -0.00318254 0.0
0.0190668 -0.00249781 0.0
0.0181373 -0.00174434 0.0
0.0173469 -0.00150131 0.0
0.0161642 -0.00119304 0.0
0.0151324 -0.000830337 0.0
0.0145049 -0.000555136 0.0
0.0138371 -0.000435041 0.0
0.0131025 -0.000308801 0.0
0.0125426 -0.000140761 0.0
0.0121115 -4.48776e-05 0.0
0.011646 1.03974e-05 0.0
0.0112129 8.19097e-05 0.0
0.0108741 0.000160229 0.0
0.0105646 0.00019825 0.0
0.0102502 0.000232976 0.0
0.00997769 0.000276263 0.0
0.00974581 0.000313575 0.0
0.00952062 0.000333566 0.0
0.00930629 0.00035836 0.0
0.00912081 0.0003842 0.0
0.00895145 0.000403619 0.0
0.00878758 0.000417515 0.0
0.00863749 0.000435229 0.0
0.0085039 0.000450851 0.0
0.008378 0.000462803 0.0
0.0082591 0.000473812 0.0
0.00815161 0.000486388 0.0
0.00805347 0.000496622 0.0
0.00796103 0.000505506 0.0
0.00787598 0.000514642 0.0
0.00779934 0.000523949 0.0
0.00772893 0.000531726 0.0
0.00766422 0.00053941 0.0
0.00760649 0.000547371 0.0
0.00755512 0.000555035 0.0
0.00750924 0.000562086 0.0
0.00746956 0.000569522 0.0
0.00743628 0.000577044 0.0
0.00740862 0.000584409 0.0
0.00738706 0.000591823 0.0
0.00737226 0.00059963 0.0
0.00736362 0.000607548 0.0
0.00736116 0.000615749 0.0
0.00736606 0.000624133 0.0
0.00737823 0.000632852 0.0
0.00739717 0.000642175 0.0
0.00742384 0.000651864 0.0
0.0074591 0.000661391 0.0
0.00750251 0.000671846 0.0
0.00755428 0.000683244 0.0
0.00761538 0.000694129 0.0
0.00768629 0.000705097 0.0
0.00776696 0.000717974 0.0
0.00785751 0.000730645 0.0
0.00795856 0.000742041 0.0
0.00807103 0.00075485 0.0
0.00819444 0.00076899 0.0
0.00832825 0.000780923 0.0
0.00847367 0.000792342 0.0
0.00863126 0.000805608 0.0
0.00879919 0.00081779 0.0
0.00897737 0.00082706 0.0
0.00916706 0.000836765 0.0
0.00936716 0.000846711 0.0
0.00957562 0.000853536 0.0
0.00979272 0.000857878 0.0
0.0100183 0.000862238 0.0
0.0102508 0.000864911 0.0
0.0104881 0.000863511 0.0
0.0107293 0.000860158 0.0
0.0109746 0.000855917 0.0
0.011222 0.00084837 0.0
0.0114678 0.000837191 0.0
0.0117122 0.00082488 0.0
0.011956 0.000809673 0.0
0.0121945 0.000791708 0.0
0.0124253 0.000772239 0.0
0.012651 0.000749686 0.0
0.0128691 0.000724538 0.0
0.0130755 0.000700338 0.0
0.0132718 0.00067257 0.0
0.0134571 0.000641488 0.0
0.0136292 0.000612872 0.0
0.0137884 0.000583218 0.0
0.0139334 0.000549257 0.0
0.0140632 0.00051736 0.0
0.0141797 0.000486646 0.0
0.0142811 0.000453661 0.0
0.014366 0.000421329 0.0
0.0144371 0.000390333 0.0
0.0144942 0.000359647 0.0
0.0145356 0.000330096 0.0
0.0145633 0.000301014 0.0
0.0145781 0.000272823 0.0
0.0145794 0.000247161 0.0
0.0145685 0.000222046 0.0
0.0145464 0.000197243 0.0
0.0145126 0.000175031 0.0
0.0144688 0.000154238 0.0
0.0144158 0.000133476 0.0
0.0143532 0.000114526 0.0
0.0142819 9.70888e-05 0.0
0.0142034 8.01064e-05 0.0
0.0141174 6.41585e-05 0.0
0.0140242 4.95595e-05 0.0
0.0139245 3.53444e-05 0.0
0.0138191 2.20137e-05 0.0
0.0137081 9.85885e-06 0.0
0.0135916 -1.81253e-06 0.0
0.01347 -1.31325e-05 0.0
0.0133441 -2.31244e-05 0.0
0.0132144 -3.23738e-05 0.0
0.0130803 -4.14242e-05 0.0
0.0129424 -4.96909e-05 0.0
0.0128021 -5.67833e-05 0.0
0.0126591 -6.35001e-05 0.0
0.0125127 -6.97102e-05 0.0
0.0123645 -7.52804e-05 0.0
0.0122152 -8.0089e-05 0.0
0.0120637 -8.41306e-05 0.0
0.0119107 -8.80619e-05 0.0
0.0117572 -9.17802e-05 0.0
0.011603 -9.41262e-05 0.0
0.0114479 -9.62016e-05 0.0
0.0112926 -9.87939e-05 0.0
0.0111372 -0.000100333 0.0
0.0109821 -0.000100856 0.0
0.0108272 -0.000101911 0.0
0.0106725 -0.000102793 0.0
0.0105187 -0.000102553 0.0
0.0103659 -0.000102208 0.0
0.0102136 -0.000101999 0.0
0.0100624 -0.000101366 0.0
0.00991275 -0.000100288 0.0
0.00976428 -9.89759e-05 0.0
0.00961701 -9.76968e-05 0.0
0.00947137 -9.6364e-05 0.0
0.00932734 -9.4431e-05 0.0
0.00918491 -9.2415e-05 0.0
0.00904415 -9.07502e-05 0.0
0.00890506 -8.86413e-05 0.0
0.00876786 -8.61428e-05 0.0
0.00863251 -8.4012e-05 0.0
0.00849886 -8.17647e-05 0.0
0.00836715 -7.90887e-05 0.0
0.00823746 -7.65204e-05 0.0
0.00810959 -7.40227e-05 0.0
0.00798369 -7.12605e-05 0.0
0.00785989 -6.83671e-05 0.0
0.00773805 -6.55254e-05 0.0
0.0076183 -6.26255e-05 0.0
0.00750074 -5.95093e-05 0.0
0.00738528 -5.62741e-05 0.0
0.00727201 -5.31129e-05 0.0
0.0071611 -4.98217e-05 0.0
0.0070525 -4.62485e-05 0.0
0.00694622 -4.26779e-05 0.0
0.00684243 -3.91555e-05 0.0
0.00674122 -3.53532e-05 0.0
0.00664256 -3.13636e-05 0.0
0.0065465 -2.74655e-05 0.0
0.00645322 -2.34738e-05 0.0
0.0063628 -1.92031e-05 0.0
0.00627518 -1.49016e-05 0.0
0.00619045 -1.06523e-05 0.0
0.0061088 -6.24335e-06 0.0
0.00603022 -1.70001e-06 0.0
0.00595463 2.79729e-06 0.0
0.00588215 7.29736e-06 0.0
0.00581295 1.18657e-05 0.0
0.00574689 1.6424e-05 0.0
0.00568386 2.09427e-05 0.0
0.00562406 2.54084e-05 0.0
0.0055675 2.97862e-05 0.0
0.00551392 3.41235e-05 0.0
0.00546331 3.83905e-05 0.0
0.00541584 4.24488e-05 0.0
0.00537129 4.63785e-05 0.0
0.00532945 5.02747e-05 0.0
0.00529037 5.39576e-05 0.0
0.00525405 5.73715e-05 0.0
0.00522023 6.0712e-05 0.0
0.00518876 6.39253e-05 0.0
0.00515967 6.68323e-05 0.0
0.00513283 6.95403e-05 0.0
0.00510803 7.21665e-05 0.0
0.00508516 7.45664e-05 0.0
0.00506418 7.6693e-05 0.0
0.00504495 7.86831e-05 0.0
0.00502731 8.05382e-05 0.0
0.00501114 8.21517e-05 0.0
0.00499638 8.35657e-05 0.0
0.00498292 8.48592e-05 0.0
0.00497061 8.5991e-05 0.0
0.00495934 8.69225e-05 0.0
0.00494909 8.77095e-05 0.0
0.00493974 8.83783e-05 0.0
0.00493114 8.88972e-05 0.0
0.00492325 8.92668e-05 0.0
0.00491603 8.95252e-05 0.0
0.00490937 8.96765e-05 0.0
0.00490317 8.97079e-05 0.0
0.00489741 8.96313e-05 0.0
0.00489205 8.94675e-05 0.0
0.00488698 8.92169e-05 0.0
0.00488216 8.88776e-05 0.0
0.00487758 8.84611e-05 0.0
0.00487317 8.7979e-05 0.0
0.00486888 8.74322e-05 0.0
0.00486468 8.68232e-05 0.0
0.00486057 8.61607e-05 0.0
0.00485649 8.54518e-05 0.0
0.00485241 8.46982e-05 0.0
0.00484832 8.39031e-05 0.0
0.0048442 8.30731e-05 0.0
0.00484003 8.22128e-05 0.0
0.00483578 8.13238e-05 0.0
0.00483146 8.04094e-05 0.0
0.00482705 7.94743e-05 0.0
0.00482253 7.85215e-05 0.0
0.0048179 7.75523e-05 0.0
0.00481316 7.65696e-05 0.0
0.0048083 7.55768e-05 0.0
0.00480331 7.45755e-05 0.0
0.0047982 7.3567e-05 0.0
0.00479296 7.25536e-05 0.0
0.00478759 7.15373e-05 0.0
0.00478209 7.05192e-05 0.0
0.00477647 6.95004e-05 0.0
0.00477073 6.84826e-05 0.0
0.00476487 6.74668e-05 0.0
0.00475888 6.64538e-05 0.0
0.00475279 6.54444e-05 0.0
0.00474659 6.44396e-05 0.0
0.00474028 6.34402e-05 0.0
0.00473387 6.24464e-05 0.0
0.00472737 6.14591e-05 0.0
0.00472079 6.04786e-05 0.0
0.00471411 5.95054e-05 0.0
0.00470737 5.85396e-05 0.0
0.00470055 5.75818e-05 0.0
0.00469366 5.66321e-05 0.0
0.00468672 5.56907e-05 0.0
0.00467973 5.47577e-05 0.0
0.00467268 5.38335e-05 0.0
0.0046656 5.2918e-05 0.0
0.00465849 5.20113e-05 0.0
0.00465134 5.11136e-05 0.0
0.00464418 5.02249e-05 0.0
0.004637 4.93452e-05 0.0
0.00462981 4.84745e-05 0.0
0.00462262 4.7613e-05 0.0
0.00461543 4.67606e-05 0.0
0.00460824 4.59173e-05 0.0
0.00460108 4.50833e-05 0.0
0.00459393 4.42585e-05 0.0
0.00458682 4.3443e-05 0.0
0.00457973 4.26369e-05 0.0
0.00457269 4.18402e-05 0.0
0.00456569 4.1053e-05 0.0
0.00455875 4.02754e-05 0.0
0.00455186 3.95078e-05 0.0
0.00454504 3.87499e-05 0.0
0.00453829 3.80023e-05 0.0
0.00453162 3.7265e-05 0.0
0.00452504 3.65384e-05 0.0
0.00451855 3.58225e-05 0.0
0.00451216 3.51181e-05 0.0
0.00450588 3.4425e-05 0.0
0.00449972 3.37441e-05 0.0
0.00449368 3.30751e-05 0.0
0.00448777 3.24197e-05 0.0
0.00448201 3.17769e-05 0.0
0.0044764 3.11484e-05 0.0
0.00447095 3.05335e-05 0.0
0.00446568 2.99348e-05 0.0
0.00446059 2.93496e-05 0.0
0.0044557 2.87811e-05 0.0
0.00445102 2.82277e-05 0.0
0.00444655 2.76922e-05 0.0
0.00444232 2.71689e-05 0.0
0.00443834 2.6664e-05 0.0
0.0044346 2.61715e-05 0.0
0.00443115 2.56934e-05 0.0
0.00442796 2.52178e-05 0.0
0.00442506 2.47533e-05 0.0
0.00442246 2.42809e-05 0.0
0.00442015 2.37949e-05 0.0
0.0044181 2.32627e-05 0.0
0.00441632 2.26812e-05 0.0
0.0044148 2.1998e-05 0.0
0.00441343 2.11626e-05 0.0
0.00441215 2.00642e-05 0.0
0.00441102 1.89414e-05 0.0
0.00441009 1.84975e-05 0.0
0.0 0.0 0.0
0.0 0.0 0.0
0.0197287 -0.00300718 0.0
0.019904 -0.00394087 0.0
0.0173478 -0.00139638 0.0
0.0145254 -0.00049628 0.0
0.0131566 -0.00100094 0.0
0.0123373 -0.00043459 0.0
0.0112386 -7.62086e-05 0.0
0.0102594 4.48868e-07 0.0
0.00967138 -1.63699e-05 0.0
0.00914598 0.000238582 0.0
0.00858813 0.0002743 0.0
0.00815445 0.000287597 0.0
0.00783131 0.00032966 0.0
0.00750178 0.000419577 0.0
0.00719275 0.000410507 0.0
0.00695156 0.00043083 0.0
0.00673888 0.000461926 0.0
0.00652541 0.000489682 0.0
0.00633802 0.00048467 0.0
0.00618104 0.000503983 0.0
0.00603156 0.000519358 0.0
0.00588883 0.000527985 0.0
0.00576491 0.000529438 0.0
0.00565368 0.000542704 0.0
0.00554665 0.000549162 0.0
0.00544818 0.000553188 0.0
0.00536099 0.000557038 0.0
0.00527978 0.000564795 0.0
0.00520298 0.000567702 0.0
0.00513357 0.00057088 0.0
0.00507078 0.000574651 0.0
0.00501194 0.000579003 0.0
0.00495772 0.000580924 0.0
0.00490923 0.000583854 0.0
0.00486512 0.00058686 0.0
0.0048246 0.000589564 0.0
0.00478863 0.000591449 0.0
0.00475725 0.000594157 0.0
0.00472944 0.000596536 0.0
0.00470546 0.000598728 0.0
0.00468604 0.000600867 0.0
0.00467068 0.000603392 0.0
0.00465896 0.00060559 0.0
0.00465169 0.000607928 0.0
0.00464915 0.000610323 0.0
0.00465069 0.000612902 0.0
0.00465666 0.000615426 0.0
0.00466789 0.000618077 0.0
0.00468417 0.000620749 0.0
0.00470531 0.000623864 0.0
0.00473203 0.000626808 0.0
0.0047647 0.000629643 0.0
0.00480332 0.000632988 0.0
0.00484809 0.000636742 0.0
0.00489924 0.000639599 0.0
0.00495729 0.000642854 0.0
0.00502274 0.000647017 0.0
0.00509499 0.000650477 0.0
0.00517421 0.000653006 0.0
0.00526181 0.00065687 0.0
0.00535737 0.000660585 0.0
0.00545936 0.000662754 0.0
0.00556927 0.000665016 0.0
0.0056881 0.000668048 0.0
0.00581348 0.000669577 0.0
0.00594474 0.000670113 0.0
0.00608417 0.000670695 0.0
0.00623041 0.000670574 0.0
0.00638071 0.000669282 0.0
0.00653599 0.000666802 0.0
0.00669705 0.000663231 0.0
0.00686089 0.000659234 0.0
0.00702616 0.000654153 0.0
0.00719366 0.000646216 0.0
0.00736221 0.000638111 0.0
0.00752947 0.000630115 0.0
0.00769502 0.000619188 0.0
0.00785794 0.000605835 0.0
0.00801711 0.000594386 0.0
0.00817206 0.000581097 0.0
0.00832064 0.000564515 0.0
0.00846169 0.000548526 0.0
0.0085968 0.000533293 0.0
0.00872403 0.000514835 0.0
0.00884018 0.000496512 0.0
0.00894774 0.000478487 0.0
0.00904707 0.000459189 0.0
0.00913467 0.000440203 0.0
0.00921115 0.000421282 0.0
0.00927824 0.000400945 0.0
0.00933455 0.000382291 0.0
0.00937998 0.000364061 0.0
0.00941475 0.000344399 0.0
0.00943918 0.00032619 0.0
0.00945445 0.000309216 0.0
0.00946013 0.000291599 0.0
0.00945556 0.000274979 0.0
0.00944305 0.000259455 0.0
0.00942319 0.000243778 0.0
0.00939475 0.000229584 0.0
0.00935889 0.00021611 0.0
0.00931725 0.000202308 0.0
0.00926941 0.000189841 0.0
0.00921552 0.000178765 0.0
0.0091564 0.00016708 0.0
0.00909263 0.000156018 0.0
0.00902457 0.000146331 0.0
0.00895229 0.000136982 0.0
0.00887582 0.000127449 0.0
0.00879608 0.000118809 0.0
0.00871349 0.000110784 0.0
0.00862754 0.000103184 0.0
0.00853843 9.57871e-05 0.0
0.00844731 8.87979e-05 0.0
0.00835412 8.2331e-05 0.0
0.00825838 7.67285e-05 0.0
0.00816073 7.09727e-05 0.0
0.00806188 6.53687e-05 0.0
0.00796161 6.08451e-05 0.0
0.00786 5.68542e-05 0.0
0.00775737 5.22202e-05 0.0
0.00765402 4.8367e-05 0.0
0.00755038 4.54764e-05 0.0
0.00744625 4.22858e-05 0.0
0.00734141 3.91182e-05 0.0
0.00723682 3.6799e-05 0.0
0.00713276 3.45992e-05 0.0
0.0070283 3.25262e-05 0.0
0.00692393 3.07651e-05 0.0
0.00682063 2.90747e-05 0.0
0.00671783 2.78096e-05 0.0
0.00661519 2.69406e-05 0.0
0.00651345 2.57773e-05 0.0
0.0064128 2.48382e-05 0.0
0.00631294 2.46689e-05 0.0
0.00621392 2.42836e-05 0.0
0.00611591 2.3687e-05 0.0
0.00601919 2.36986e-05 0.0
0.0059237 2.39717e-05 0.0
0.00582912 2.39548e-05 0.0
0.00573577 2.40775e-05 0.0
0.00564401 2.45283e-05 0.0
0.0055534 2.50983e-05 0.0
0.00546386 2.55383e-05 0.0
0.00537586 2.60035e-05 0.0
0.0052893 2.68239e-05 0.0
0.00520391 2.76933e-05 0.0
0.00511986 2.83024e-05 0.0
0.0050373 2.91723e-05 0.0
0.00495612 3.03156e-05 0.0
0.00487626 3.12178e-05 0.0
0.0047978 3.21591e-05 0.0
0.00472087 3.34187e-05 0.0
0.00464535 3.46112e-05 0.0
0.00457121 3.57156e-05 0.0
0.00449864 3.70517e-05 0.0
0.00442766 3.84612e-05 0.0
0.0043581 3.97884e-05 0.0
0.00429012 4.12124e-05 0.0
0.00422389 4.27861e-05 0.0
0.00415925 4.43375e-05 0.0
0.00409621 4.58955e-05 0.0
0.004035 4.75764e-05 0.0
0.00397563 4.93283e-05 0.0
0.00391796 5.10489e-05 0.0
0.00386213 5.28162e-05 0.0
0.0038083 5.46909e-05 0.0
0.00375639 5.65763e-05 0.0
0.00370637 5.84193e-05 0.0
0.00365837 6.03331e-05 0.0
0.00361243 6.23173e-05 0.0
0.00356853 6.42294e-05 0.0
0.00352662 6.61048e-05 0.0
0.00348676 6.80738e-05 0.0
0.003449 7.00169e-05 0.0
0.00341328 7.18127e-05 0.0
0.0033795 7.36352e-05 0.0
0.00334771 7.55154e-05 0.0
0.00331793 7.72257e-05 0.0
0.00329004 7.8817e-05 0.0
0.00326393 8.04959e-05 0.0
0.00323965 8.20879e-05 0.0
0.00321717 8.34565e-05 0.0
0.0031963 8.48189e-05 0.0
0.00317698 8.6203e-05 0.0
0.00315924 8.73798e-05 0.0
0.00314297 8.84206e-05 0.0
0.00312802 8.9488e-05 0.0
0.00311435 9.04586e-05 0.0
0.00310192 9.12356e-05 0.0
0.00309063 9.19618e-05 0.0
0.00308037 9.26605e-05 0.0
0.00307109 9.32174e-05 0.0
0.00306272 9.36513e-05 0.0
0.0030552 9.40511e-05 0.0
0.00304842 9.43758e-05 0.0
0.00304232 9.45813e-05 0.0
0.00303687 9.47117e-05 0.0
0.003032 9.47946e-05 0.0
0.00302761 9.47956e-05 0.0
0.00302366 9.47134e-05 0.0
0.00302015 9.45746e-05 0.0
0.00301698 9.43823e-05 0.0
0.00301409 9.41237e-05 0.0
0.00301148 9.38066e-05 0.0
0.00300911 9.34412e-05 0.0
0.0030069 9.3029e-05 0.0
0.00300483 9.25682e-05 0.0
0.00300289 9.20634e-05 0.0
0.00300106 9.15193e-05 0.0
0.00299926 9.094e-05 0.0
0.00299751 9.03251e-05 0.0
0.00299579 8.96768e-05 0.0
0.00299407 8.89998e-05 0.0
0.00299231 8.82977e-05 0.0
0.00299053 8.75694e-05 0.0
0.00298871 8.68173e-05 0.0
0.00298682 8.60459e-05 0.0
0.00298486 8.52567e-05 0.0
0.00298283 8.44492e-05 0.0
0.00298072 8.36262e-05 0.0
0.00297851 8.27909e-05 0.0
0.0029762 8.19436e-05 0.0
0.0029738 8.10843e-05 0.0
0.0029713 8.02161e-05 0.0
0.00296869 7.93405e-05 0.0
0.00296598 7.84574e-05 0.0
0.00296316 7.75677e-05 0.0
0.00296024 7.66735e-05 0.0
0.00295722 7.57754e-05 0.0
0.00295409 7.48735e-05 0.0
0.00295087 7.39688e-05 0.0
0.00294755 7.30627e-05 0.0
0.00294413 7.21553e-05 0.0
0.00294062 7.12469e-05 0.0
0.00293703 7.03384e-05 0.0
0.00293335 6.94304e-05 0.0
0.00292959 6.8523e-05 0.0
0.00292575 6.76166e-05 0.0
0.00292184 6.67119e-05 0.0
0.00291786 6.58089e-05 0.0
0.00291382 6.49079e-05 0.0
0.00290972 6.40093e-05 0.0
0.00290556 6.31133e-05 0.0
0.00290135 6.222e-05 0.0
0.0028971 6.13296e-05 0.0
0.00289281 6.04424e-05 0.0
0.00288847 5.95583e-05 0.0
0.00288411 5.86777e-05 0.0
0.00287971 5.78004e-05 0.0
0.0028753 5.69268e-05 0.0
0.00287086 5.60568e-05 0.0
0.00286641 5.51905e-05 0.0
0.00286194 5.43279e-05 0.0
0.00285747 5.34693e-05 0.0
0.002853 5.26144e-05 0.0
0.00284853 5.17636e-05 0.0
0.00284406 5.09167e-05 0.0
0.00283961 5.00738e-05 0.0
0.00283517 4.9235e-05 0.0
0.00283074 4.84003e-05 0.0
0.00282634 4.75696e-05 0.0
0.00282197 4.67434e-05 0.0
0.00281763 4.59211e-05 0.0
0.00281333 4.51033e-05 0.0
0.00280906 4.42897e-05 0.0
0.00280484 4.34808e-05 0.0
0.00280067 4.2676e-05 0.0
0.00279656 4.18762e-05 0.0
0.0027925 4.10806e-05 0.0
0.00278851 4.02904e-05 0.0
0.00278459 3.95041e-05 0.0
0.00278074 3.87238e-05 0.0
0.00277697 3.79478e-05 0.0
0.00277329 3.71779e-05 0.0
0.0027697 3.64119e-05 0.0
0.00276621 3.56534e-05 0.0
0.00276283 3.48987e-05 0.0
0.00275955 3.41511e-05 0.0
0.0027564 3.34071e-05 0.0
0.00275338 3.2673e-05 0.0
0.00275049 3.19401e-05 0.0
0.00274775 3.1216e-05 0.0
0.00274515 3.04949e-05 0.0
0.00274272 2.97847e-05 0.0
0.00274045 2.90688e-05 0.0
0.00273836 2.83648e-05 0.0
0.00273644 2.76601e-05 0.0
0.00273471 2.69574e-05 0.0
0.00273316 2.62348e-05 0.0
0.0027318 2.55258e-05 0.0
0.00273059 2.4788e-05 0.0
0.00272953 2.39995e-05 0.0
0.00272859 2.31654e-05 0.0
0.00272767 2.23108e-05 0.0
0.00272665 2.1238e-05 0.0
0.00272555 2.00331e-05 0.0
0.00272457 1.93829e-05 0.0
0.0 0.0 0.0
0.0 0.0 0.0
0.0134093 -0.00131027 0.0
0.00813341 -0.000644028 0.0
0.00656418 0.000579211 0.0
0.00655217 0.000911993 0.0
0.00568027 0.000115082 0.0
0.00457868 0.000422616 0.0
0.00428287 0.000651182 0.0
0.0040713 0.00061104 0.0
0.00363435 0.000452664 0.0
0.00332714 0.000607514 0.0
0.00322059 0.000629205 0.0
0.00304569 0.000586279 0.0
0.00283963 0.000567856 0.0
0.00272551 0.000630817 0.0
0.00264575 0.000614394 0.0
0.00252745 0.000599415 0.0
0.00242673 0.000607017 0.0
0.00236489 0.00062675 0.0
0.00229986 0.000611914 0.0
0.0022254 0.000611187 0.0
0.00216981 0.000617986 0.0
0.0021258 0.000621508 0.0
0.00207659 0.00061386 0.0
0.00202986 0.000616825 0.0
0.00199404 0.00061942 0.0
0.0019602 0.00061855 0.0
0.00192501 0.000615733 0.0
0.00189454 0.000618155 0.0
0.00186894 0.000618188 0.0
0.00184342 0.000616955 0.0
0.0018191 0.000616243 0.0
0.00179849 0.000617281 0.0
0.00177984 0.000616407 0.0
0.00176167 0.000615665 0.0
0.00174557 0.000615457 0.0
0.00173184 0.000615439 0.0
0.00171913 0.000614527 0.0
0.00170762 0.000614123 0.0
0.00169821 0.000613719 0.0
0.00169029 0.000613187 0.0
0.00168344 0.000612518 0.0
0.00167837 0.000612065 0.0
0.00167512 0.000611308 0.0
0.00167309 0.000610735 0.0
0.00167264 0.000610156 0.0
0.00167428 0.000609315 0.0
0.00167752 0.000608451 0.0
0.00168229 0.00060799 0.0
0.00168923 0.00060702 0.0
0.00169832 0.000605851 0.0
0.00170922 0.000605184 0.0
0.00172226 0.000604376 0.0
0.00173779 0.000602748 0.0
0.00175568 0.0006017 0.0
0.00177599 0.000600873 0.0
0.0017988 0.000599089 0.0
0.00182431 0.0005972 0.0
0.00185281 0.000596188 0.0
0.00188403 0.000594258 0.0
0.00191774 0.000591596 0.0
0.00195471 0.000589663 0.0
0.00199497 0.00058766 0.0
0.00203758 0.000584249 0.0
0.00208278 0.000581033 0.0
0.00213155 0.000578266 0.0
0.00218295 0.000574439 0.0
0.00223608 0.000569728 0.0
0.00229169 0.000565506 0.0
0.00235023 0.000561018 0.0
0.00241012 0.000555135 0.0
0.00247076 0.000548985 0.0
0.00253316 0.000543199 0.0
0.0025971 0.000536469 0.0
0.00266049 0.000528384 0.0
0.00272341 0.000520955 0.0
0.00278703 0.000513052 0.0
0.00284986 0.000503698 0.0
0.00291029 0.000494384 0.0
0.00296953 0.000485473 0.0
0.00302736 0.000474688 0.0
0.00308213 0.000464312 0.0
0.00313417 0.000454314 0.0
0.0031833 0.000442609 0.0
0.0032288 0.000430982 0.0
0.00327127 0.000420887 0.0
0.00330991 0.000408516 0.0
0.00334359 0.000396058 0.0
0.00337412 0.000385637 0.0
0.00340109 0.000373844 0.0
0.00342262 0.000360993 0.0
0.00344009 0.000350185 0.0
0.00345443 0.000339084 0.0
0.00346414 0.000327101 0.0
0.00346966 0.000316131 0.0
0.00347171 0.000305449 0.0
0.00347008 0.000294728 0.0
0.00346516 0.000284506 0.0
0.00345709 0.000274267 0.0
0.00344548 0.000264423 0.0
0.00343144 0.000255457 0.0
0.00341524 0.000246083 0.0
0.00339613 0.000236998 0.0
0.0033746 0.000228937 0.0
0.00335164 0.000220834 0.0
0.00332685 0.000212564 0.0
0.00330002 0.000205271 0.0
0.0032716 0.000198165 0.0
0.00324203 0.000190965 0.0
0.00321125 0.000184319 0.0
0.00317908 0.000178172 0.0
0.00314557 0.000171816 0.0
0.00311135 0.000165973 0.0
0.0030765 0.000160614 0.0
0.00304046 0.000155221 0.0
0.00300342 0.000149956 0.0
0.00296629 0.000145423 0.0
0.00292877 0.000140893 0.0
0.00289022 0.0001364 0.0
0.00285134 0.000132377 0.0
0.00281269 0.000128683 0.0
0.00277367 0.00012496 0.0
0.00273415 0.000121583 0.0
0.00269474 0.000118332 0.0
0.00265551 0.000115356 0.0
0.00261623 0.000112691 0.0
0.00257685 0.000109922 0.0
0.00253756 0.000107321 0.0
0.00249869 0.000105344 0.0
0.00246007 0.000103213 0.0
0.00242132 0.000100927 0.0
0.00238292 9.92938e-05 0.0
0.0023452 9.78327e-05 0.0
0.00230762 9.60446e-05 0.0
0.00227016 9.4588e-05 0.0
0.00223336 9.35181e-05 0.0
0.00219709 9.23089e-05 0.0
0.00216108 9.11754e-05 0.0
0.00212551 9.02481e-05 0.0
0.0020905 8.94452e-05 0.0
0.00205604 8.87368e-05 0.0
0.00202205 8.80136e-05 0.0
0.00198846 8.73736e-05 0.0
0.00195545 8.70152e-05 0.0
0.0019231 8.65883e-05 0.0
0.00189113 8.6098e-05 0.0
0.00185962 8.59029e-05 0.0
0.0018288 8.5764e-05 0.0
0.00179849 8.54868e-05 0.0
0.00176861 8.53888e-05 0.0
0.00173932 8.54292e-05 0.0
0.00171062 8.53908e-05 0.0
0.00168241 8.54056e-05 0.0
0.00165475 8.55462e-05 0.0
0.00162765 8.57064e-05 0.0
0.00160112 8.58625e-05 0.0
0.00157515 8.60761e-05 0.0
0.00154975 8.63652e-05 0.0
0.00152494 8.66766e-05 0.0
0.00150074 8.69664e-05 0.0
0.00147713 8.73257e-05 0.0
0.00145414 8.7758e-05 0.0
0.00143181 8.81558e-05 0.0
0.0014101 8.85507e-05 0.0
0.00138905 8.90453e-05 0.0
0.0013687 8.95451e-05 0.0
0.00134903 8.99927e-05 0.0
0.00133005 9.04939e-05 0.0
0.0013118 9.10494e-05 0.0
0.00129427 9.15531e-05 0.0
0.00127746 9.20532e-05 0.0
0.00126141 9.26049e-05 0.0
0.00124611 9.31311e-05 0.0
0.00123153 9.36254e-05 0.0
0.00121772 9.4148e-05 0.0
0.00120468 9.46492e-05 0.0
0.00119234 9.5106e-05 0.0
0.00118072 9.55842e-05 0.0
0.00116987 9.60378e-05 0.0
0.00115972 9.64209e-05 0.0
0.0011502 9.68173e-05 0.0
0.00114137 9.72142e-05 0.0
0.00113324 9.75126e-05 0.0
0.00112568 9.7791e-05 0.0
0.0011187 9.80988e-05 0.0
0.00111233 9.83236e-05 0.0
0.00110651 9.84731e-05 0.0
0.00110117 9.8655e-05 0.0
0.00109631 9.87981e-05 0.0
0.00109194 9.88402e-05 0.0
0.00108798 9.8875e-05 0.0
0.00108441 9.89147e-05 0.0
0.00108121 9.8866e-05 0.0
0.00107836 9.87668e-05 0.0
0.00107583 9.86789e-05 0.0
0.00107357 9.8544e-05 0.0
0.00107157 9.83342e-05 0.0
0.00106982 9.81168e-05 0.0
0.00106829 9.78847e-05 0.0
0.00106692 9.75877e-05 0.0
0.00106573 9.72539e-05 0.0
0.00106472 9.69182e-05 0.0
0.00106382 9.65424e-05 0.0
0.00106301 9.6117e-05 0.0
0.00106232 9.56789e-05 0.0
0.00106172 9.52255e-05 0.0
0.00106117 9.47279e-05 0.0
0.00106067 9.42031e-05 0.0
0.00106023 9.36704e-05 0.0
0.00105981 9.31117e-05 0.0
0.0010594 9.25194e-05 0.0
0.00105901 9.19142e-05 0.0
0.00105863 9.12967e-05 0.0
0.00105824 9.06528e-05 0.0
0.00105783 8.99884e-05 0.0
0.00105741 8.93158e-05 0.0
0.00105697 8.86275e-05 0.0
0.0010565 8.79188e-05 0.0
0.001056 8.71986e-05 0.0
0.00105547 8.64702e-05 0.0
0.0010549 8.57268e-05 0.0
0.00105429 8.49701e-05 0.0
0.00105364 8.42062e-05 0.0
0.00105295 8.34338e-05 0.0
0.00105222 8.26498e-05 0.0
0.00105144 8.18578e-05 0.0
0.00105062 8.10603e-05 0.0
0.00104975 8.02551e-05 0.0
0.00104884 7.94423e-05 0.0
0.00104788 7.86245e-05 0.0
0.00104689 7.78023e-05 0.0
0.00104585 7.69742e-05 0.0
0.00104477 7.61415e-05 0.0
0.00104365 7.53056e-05 0.0
0.00104249 7.44662e-05 0.0
0.0010413 7.36231e-05 0.0
0.00104007 7.27773e-05 0.0
0.0010388 7.19295e-05 0.0
0.00103751 7.10793e-05 0.0
0.00103618 7.0227e-05 0.0
0.00103482 6.93735e-05 0.0
0.00103343 6.85187e-05 0.0
0.00103202 6.76626e-05 0.0
0.00103059 6.68057e-05 0.0
0.00102913 6.59483e-05 0.0
0.00102765 6.50904e-05 0.0
0.00102615 6.42321e-05 0.0
0.00102464 6.33738e-05 0.0
0.00102311 6.25157e-05 0.0
0.00102157 6.16576e-05 0.0
0.00102001 6.07998e-05 0.0
0.00101844 5.99426e-05 0.0
0.00101687 5.90859e-05 0.0
0.00101529 5.82298e-05 0.0
0.0010137 5.73744e-05 0.0
0.00101211 5.65199e-05 0.0
0.00101052 5.56662e-05 0.0
0.00100893 5.48135e-05 0.0
0.00100734 5.39618e-05 0.0
0.00100575 5.31112e-05 0.0
0.00100417 5.22616e-05 0.0
0.00100259 5.14131e-05 0.0
0.00100102 5.05658e-05 0.0
0.00099946 4.97198e-05 0.0
0.000997911 4.88748e-05 0.0
0.000996374 4.80311e-05 0.0
0.000994852 4.71886e-05 0.0
0.000993346 4.63475e-05 0.0
0.000991857 4.55072e-05 0.0
0.000990388 4.46685e-05 0.0
0.00098894 4.38307e-05 0.0
0.000987516 4.29944e-05 0.0
0.000986117 4.21586e-05 0.0
0.000984745 4.13247e-05 0.0
0.000983402 4.04913e-05 0.0
0.000982091 3.96594e-05 0.0
0.000980814 3.88275e-05 0.0
0.000979573 3.79981e-05 0.0
0.000978371 3.7168e-05 0.0
0.00097721 3.63396e-05 0.0
0.000976093 3.55108e-05 0.0
0.000975023 3.46851e-05 0.0
0.000974004 3.3856e-05 0.0
0.000973035 3.303e-05 0.0
0.000972122 3.22028e-05 0.0
0.000971269 3.13783e-05 0.0
0.000970476 3.05462e-05 0.0
0.000969743 2.97209e-05 0.0
0.000969078 2.88924e-05 0.0
0.000968483 2.80614e-05 0.0
0.000967945 2.72188e-05 0.0
0.000967467 2.63916e-05 0.0
0.000967063 2.55499e-05 0.0
0.000966699 2.4684e-05 0.0
0.00096633 2.38154e-05 0.0
0.000965986 2.29771e-05 0.0
0.000965648 2.20567e-05 0.0
0.000965061 2.10392e-05 0.0
0.000964262 2.02357e-05 0.0
0.0 0.0 0.0
0.0 0.0 0.0
0.0 0.0 0.0
0.0 0.0 0.0
0.0 0.0 0.0
0.0 0.0 0.0
0.0 0.0 0.0
0.0 0.0 0.0
0.0 0.0 0.0
0.0 0.0 0.0
0.0 0.0 0.0
0.0 0.0 0.0
0.0 0.0 0.0
0.0 0.0 0.0
0.0 0.0 0.0
0.0 0.0 0.0
0.0 0.0 0.0
0.0 0.0 0.0
0.0 0.0 0.0
0.0 0.0 0.0
0.0 0.0 0.0
0.0 0.0 0.0
0.0 0.0 0.0
0.0 0.0 0.0
0.0 0.0 0.0
0.0 0.0 0.0
0.0 0.0 0.0
0.0 0.0 0.0
0.0 0.0 0.0
0.0 0.0 0.0
0.0 0.0 0.0
0.0 0.0 0.0
0.0 0.0 0.0
0.0 0.0 0.0
0.0 0.0 0.0
0.0 0.0 0.0
0.0 0.0 0.0
0.0 0.0 0.0
0.0 0.0 0.0
0.0 0.0 0.0
0.0 0.0 0.0
0.0 0.0 0.0
0.0 0.0 0.0
0.0 0.0 0.0
0.0 0.0 0.0
0.0 0.0 0.0
0.0 0.0 0.0
0.0 0.0 0.0
0.0 0.0 0.0
0.0 0.0 0.0
0.0 0.0 0.0
0.0 0.0 0.0
0.0 0.0 0.0
0.0 0.0 0.0
0.0 0.0 0.0
0.0 0.0 0.0
0.0 0.0 0.0
0.0 0.0 0.0
0.0 0.0 0.0
0.0 0.0 0.0
0.0 0.0 0.0
0.0 0.0 0.0
0.0 0.0 0.0
0.0 0.0 0.0
0.0 0.0 0.0
0.0 0.0 0.0
0.0 0.0 0.0
0.0 0.0 0.0
0.0 0.0 0.0
0.0 0.0 0.0
0.0 0.0 0.0
0.0 0.0 0.0
0.0 0.0 0.0
0.0 0.0 0.0
0.0 0.0 0.0
0.0 0.0 0.0
0.0 0.0 0.0
0.0 0.0 0.0
0.0 0.0 0.0
0.0 0.0 0.0
0.0 0.0 0.0
0.0 0.0 0.0
0.0 0.0 0.0
0.0 0.0 0.0
0.0 0.0 0.0
0.0 0.0 0.0
0.0 0.0 0.0
0.0 0.0 0.0
0.0 0.0 0.0
0.0 0.0 0.0
0.0 0.0 0.0
0.0 0.0 0.0
0.0 0.0 0.0
0.0 0.0 0.0
0.0 0.0 0.0
0.0 0.0 0.0
0.0 0.0 0.0
0.0 0.0 0.0
0.0 0.0 0.0
0.0 0.0 0.0
0.0 0.0 0.0
0.0 0.0 0.0
0.0 0.0 0.0
0.0 0.0 0.0
0.0 0.0 0.0
0.0 0.0 0.0
0.0 0.0 0.0
0.0 0.0 0.0
0.0 0.0 0.0
0.0 0.0 0.0
0.0 0.0 0.0
0.0 0.0 0.0
0.0 0.0 0.0
0.0 0.0 0.0
0.0 0.0 0.0
0.0 0.0 0.0
0.0 0.0 0.0
0.0 0.0 0.0
0.0 0.0 0.0
0.0 0.0 0.0
0.0 0.0 0.0
0.0 0.0 0.0
0.0 0.0 0.0
0.0 0.0 0.0
0.0 0.0 0.0
0.0 0.0 0.0
0.0 0.0 0.0
0.0 0.0 0.0
0.0 0.0 0.0
0.0 0.0 0.0
0.0 0.0 0.0
0.0 0.0 0.0
0.0 0.0 0.0
0.0 0.0 0.0
0.0 0.0 0.0
0.0 0.0 0.0
0.0 0.0 0.0
0.0 0.0 0.0
0.0 0.0 0.0
0.0 0.0 0.0
0.0 0.0 0.0
0.0 0.0 0.0
0.0 0.0 0.0
0.0 0.0 0.0
0.0 0.0 0.0
0.0 0.0 0.0
0.0 0.0 0.0
0.0 0.0 0.0
0.0 0.0 0.0
0.0 0.0 0.0
0.0 0.0 0.0
0.0 0.0 0.0
0.0 0.0 0.0
0.0 0.0 0.0
0.0 0.0 0.0
0.0 0.0 0.0
0.0 0.0 0.0
0.0 0.0 0.0
0.0 0.0 0.0
0.0 0.0 0.0
0.0 0.0 0.0
0.0 0.0 0.0
0.0 0.0 0.0
0.0 0.0 0.0
0.0 0.0 0.0
0.0 0.0 0.0
0.0 0.0 0.0
0.0 0.0 0.0
0.0 0.0 0.0
0.0 0.0 0.0
0.0 0.0 0.0
0.0 0.0 0.0
0.0 0.0 0.0
0.0 0.0 0.0
0.0 0.0 0.0
0.0 0.0 0.0
0.0 0.0 0.0
0.0 0.0 0.0
0.0 0.0 0.0
0.0 0.0 0.0
0.0 0.0 0.0
0.0 0.0 0.0
0.0 0.0 0.0
0.0 0.0 0.0
0.0 0.0 0.0
0.0 0.0 0.0
0.0 0.0 0.0
0.0 0.0 0.0
0.0 0.0 0.0
0.0 0.0 0.0
0.0 0.0 0.0
0.0 0.0 0.0
0.0 0.0 0.0
0.0 0.0 0.0
0.0 0.0 0.0
0.0 0.0 0.0
0.0 0.0 0.0
0.0 0.0 0.0
0.0 0.0 0.0
0.0 0.0 0.0
0.0 0.0 0.0
0.0 0.0 0.0
0.0 0.0 0.0
0.0 0.0 0.0
0.0 0.0 0.0
0.0 0.0 0.0
0.0 0.0 0.0
0.0 0.0 0.0
0.0 0.0 0.0
0.0 0.0 0.0
0.0 0.0 0.0
0.0 0.0 0.0
0.0 0.0 0.0
0.0 0.0 0.0
0.0 0.0 0.0
0.0 0.0 0.0
0.0 0.0 0.0
0.0 0.0 0.0
0.0 0.0 0.0
0.0 0.0 0.0
0.0 0.0 0.0
0.0 0.0 0.0
0.0 0.0 0.0
0.0 0.0 0.0
0.0 0.0 0.0
0.0 0.0 0.0
0.0 0.0 0.0
0.0 0.0 0.0
0.0 0.0 0.0
0.0 0.0 0.0
0.0 0.0 0.0
0.0 0.0 0.0
0.0 0.0 0.0
0.0 0.0 0.0
0.0 0.0 0.0
0.0 0.0 0.0
0.0 0.0 0.0
0.0 0.0 0.0
0.0 0.0 0.0
0.0 0.0 0.0
0.0 0.0 0.0
0.0 0.0 0.0
0.0 0.0 0.0
0.0 0.0 0.0
0.0 0.0 0.0
0.0 0.0 0.0
0.0 0.0 0.0
0.0 0.0 0.0
0.0 0.0 0.0
0.0 0.0 0.0
0.0 0.0 0.0
0.0 0.0 0.0
0.0 0.0 0.0
0.0 0.0 0.0
0.0 0.0 0.0
0.0 0.0 0.0
0.0 0.0 0.0
0.0 0.0 0.0
0.0 0.0 0.0
0.0 0.0 0.0
0.0 0.0 0.0
0.0 0.0 0.0
0.0 0.0 0.0
0.0 0.0 0.0
0.0 0.0 0.0
0.0 0.0 0.0
0.0 0.0 0.0
0.0 0.0 0.0
0.0 0.0 0.0
0.0 0.0 0.0
0.0 0.0 0.0
0.0 0.0 0.0
0.0 0.0 0.0
0.0 0.0 0.0
0.0 0.0 0.0
0.0 0.0 0.0
0.0 0.0 0.0
0.0 0.0 0.0
0.0 0.0 0.0
0.0 0.0 0.0
0.0 0.0 0.0
0.0 0.0 0.0
0.0 0.0 0.0
0.0 0.0 0.0
0.0 0.0 0.0
0.0 0.0 0.0
0.0 0.0 0.0
0.0 0.0 0.0
0.0 0.0 0.0
0.0 0.0 0.0
0.0 0.0 0.0
0.0 0.0 0.0
0.0 0.0 0.0
0.0 0.0 0.0
0.0 0.0 0.0
0.0 0.0 0.0
0.0 0.0 0.0
0.0 0.0 0.0
0.0 0.0 0.0
0.0 0.0 0.0
0.0 0.0 0.0
SCALARS density double 1
LOOKUP_TABLE default
1
1
1
1
1
1
1
1
1
1
1
1
1
1
1
1
1
1
1
1
1
1
1
1
1
1
1
1
1
1
1
1
1
1
1
1
1
1
1
1
1
1
1
1
1
1
1
1
1
1
1
1
1
1
1
1
1
1
1
1
1
1
1
1
1
1
1
1
1
1
1
1
1
1
1
1
1
1
1
1
1
1
1
1
1
1
1
1
1
1
1
1
1
1
1
1
1
1
1
1
1
1
1
1
1
1
1
1
1
1
1
1
1
1
1
1
1
1
1
1
1
1
1
1
1
1
1
1
1
1
1
1
1
1
1
1
1
1
1
1
1
1
1
1
1
1
1
1
1
1
1
1
1
1
1
1
1
1
1
1
1
1
1
1
1
1
1
1
1
1
1
1
1
1
1
1
1
1
1
1
1
1
1
1
1
1
1
1
1
1
1
1
1
1
1
1
1
1
1
1
1
1
1
1
1
1
1
1
1
1
1
1
1
1
1
1
1
1
1
1
1
1
1
1
1
1
1
1
1
1
1
1
1
1
1
1
1
1
1
1
1
1
1
1
1
1
1
1
1
1
1
1
1
1
1
1
1
1
1
1
1
1
1
1
1
1
1
1
1
1
1
1
1
1
1
1
1
1
1
1
1
1
1
1
1
1
1
1
1
1
1
1
1
1
1
1
1
1
1
1
1.00357
1.00429
1.00139
1.00182
1.00268
1.00223
1.0018
1.00207
1.00218
1.00195
1.00191
1.00203
1.002
1.00192
1.00194
1.00197
1.00193
1.00191
1.00193
1.00193
1.00191
1.00191
1.00192
1.00191
1.0019
1.0019
1.0019
1.00189
1.00189
1.00189
1.00188
1.00188
1.00188
1.00188
1.00187
1.00187
1.00187
1.00186
1.00186
1.00186
1.00186
1.00185
1.00185
1.00185
1.00184
1.00184
1.00183
1.00183
1.00183
1.00182
1.00182
1.00181
1.00181
1.0018
1.00179
1.00179
1.00178
1.00177
1.00176
1.00176
1.00175
1.00174
1.00172
1.00171
1.0017
1.00168
1.00167
1.00165
1.00164
1.00162
1.0016
1.00158
1.00156
1.00153
1.00151
1.00149
1.00146
1.00144
1.00142
1.00139
1.00136
1.00134
1.00131
1.00129
1.00127
1.00124
1.00121
1.00119
1.00117
1.00114
1.00112
1.0011
1.00108
1.00105
1.00103
1.00102
1.001
1.00098
1.00096
1.00094
1.00092
1.00091
1.00089
1.00088
1.00086
1.00085
1.00083
1.00082
1.00081
1.0008
1.00078
1.00077
1.00076
1.00075
1.00074
1.00073
1.00072
1.00071
1.0007
1.00069
1.00068
1.00067
1.00067
1.00066
1.00065
1.00064
1.00063
1.00062
1.00062
1.00061
1.0006
1.00059
1.00059
1.00058
1.00057
1.00057
1.00056
1.00055
1.00054
1.00054
1.00053
1.00052
1.00052
1.00051
1.0005
1.0005
1.00049
1.00048
1.00048
1.00047
1.00046
1.00046
1.00045
1.00044
1.00044
1.00043
1.00043
1.00042
1.00042
1.00041
1.00041
1.0004
1.0004
1.00039
1.00039
1.00038
1.00038
1.00038
1.00037
1.00037
1.00036
1.00036
1.00036
1.00036
1.00035
1.00035
1.00035
1.00035
1.00035
1.00034
1.00034
1.00034
1.00034
1.00034
1.00033
1.00033
1.00033
1.00033
1.00033
1.00033
1.00032
1.00032
1.00032
1.00032
1.00032
1.00031
1.00031
1.00031
1.00031
1.00031
1.0003
1.0003
1.0003
1.0003
1.0003
1.00029
1.00029
1.00029
1.00029
1.00028
1.00028
1.00028
1.00028
1.00027
1.00027
1.00027
1.00027
1.00026
1.00026
1.00026
1.00026
1.00025
1.00025
1.00025
1.00025
1.00024
1.00024
1.00024
1.00024
1.00023
1.00023
1.00023
1.00023
1.00022
1.00022
1.00022
1.00022
1.00021
1.00021
1.00021
1.00021
1.0002
1.0002
1.0002
1.0002
1.00019
1.00019
1.00019
1.00019
1.00018
1.00018
1.00018
1.00018
1.00017
1.00017
1.00017
1.00017
1.00016
1.00016
1.00016
1.00016
1.00015
1.00015
1.00015
1.00015
1.00014
1.00014
1.00014
1.00014
1.00013
1.00013
1.00013
1.00013
1.00013
1.00012
1.00012
1.00012
1.00012
1.00011
1.00011
1.00011
1.00011
1.0001
1.0001
1.0001
1.0001
1.0001
1.00009
1.00009
1.00009
1.00009
1.00008
1.00008
1.00008
1.00008
1.00007
1.00007
1.00007
1.00007
1.00002
1.00086
1.00282
1.00278
1.00246
1.00195
1.00215
1.00223
1.00206
1.00196
1.00205
1.00203
1.00196
1.00196
1.00199
1.00196
1.00193
1.00194
1.00195
1.00193
1.00192
1.00192
1.00192
1.00191
1.00191
1.00191
1.0019
1.0019
1.0019
1.00189
1.00189
1.00188
1.00188
1.00188
1.00188
1.00187
1.00187
1.00187
1.00186
1.00186
1.00186
1.00186
1.00185
1.00185
1.00185
1.00184
1.00184
1.00183
1.00183
1.00183
1.00182
1.00182
1.00181
1.00181
1.0018
1.00179
1.00179
1.00178
1.00177
1.00176
1.00176
1.00174
1.00173
1.00172
1.00171
1.00169
1.00168
1.00167
1.00165
1.00163
1.00162
1.00159
1.00157
1.00156
1.00153
1.00151
1.00149
1.00146
1.00144
1.00141
1.00139
1.00136
1.00134
1.00132
1.00129
1.00126
1.00124
1.00121
1.00119
1.00117
1.00114
1.00112
1.0011
1.00108
1.00106
1.00103
1.00102
1.001
1.00098
1.00096
1.00094
1.00093
1.00091
1.00089
1.00088
1.00086
1.00085
1.00084
1.00082
1.00081
1.0008
1.00079
1.00077
1.00076
1.00075
1.00074
1.00073
1.00072
1.00071
1.0007
1.00069
1.00068
1.00067
1.00067
1.00066
1.00065
1.00064
1.00063
1.00063
1.00062
1.00061
1.0006
1.0006
1.00059
1.00058
1.00057
1.00057
1.00056
1.00055
1.00055
1.00054
1.00053
1.00052
1.00052
1.00051
1.0005
1.0005
1.00049
1.00048
1.00048
1.00047
1.00046
1.00046
1.00045
1.00045
1.00044
1.00043
1.00043
1.00042
1.00042
1.00041
1.00041
1.0004
1.0004
1.00039
1.00039
1.00038
1.00038
1.00038
1.00037
1.00037
1.00037
1.00036
1.00036
1.00036
1.00036
1.00035
1.00035
1.00035
1.00035
1.00034
1.00034
1.00034
1.00034
1.00034
1.00034
1.00033
1.00033
1.00033
1.00033
1.00033
1.00032
1.00032
1.00032
1.00032
1.00032
1.00032
1.00031
1.00031
1.00031
1.00031
1.00031
1.0003
1.0003
1.0003
1.0003
1.00029
1.00029
1.00029
1.00029
1.00028
1.00028
1.00028
1.00028
1.00028
1.00027
1.00027
1.00027
1.00027
1.00026
1.00026
1.00026
1.00026
1.00025
1.00025
1.00025
1.00024
1.00024
1.00024
1.00024
1.00023
1.00023
1.00023
1.00023
1.00022
1.00022
1.00022
1.00022
1.00021
1.00021
1.00021
1.00021
1.0002
1.0002
1.0002
1.0002
1.00019
1.00019
1.00019
1.00019
1.00018
1.00018
1.00018
1.00018
1.00017
1.00017
1.00017
1.00017
1.00016
1.00016
1.00016
1.00016
1.00015
1.00015
1.00015
1.00015
1.00014
1.00014
1.00014
1.00014
1.00014
1.00013
1.00013
1.00013
1.00013
1.00012
1.00012
1.00012
1.00012
1.00011
1.00011
1.00011
1.00011
1.0001
1.0001
1.0001
1.0001
1.0001
1.00009
1.00009
1.00009
1.00009
1.00008
1.00008
1.00008
1.00008
1.00007
1.00007
1.00007
1.00007
1.00003
1.0008
1.00207
1.00307
1.00247
1.00184
1.00219
1.00233
1.00203
1.00193
1.00209
1.00207
1.00194
1.00196
1.00201
1.00197
1.00193
1.00195
1.00196
1.00193
1.00192
1.00193
1.00192
1.00191
1.00191
1.00191
1.0019
1.0019
1.0019
1.00189
1.00189
1.00189
1.00189
1.00188
1.00188
1.00188
1.00187
1.00187
1.00187
1.00186
1.00186
1.00186
1.00185
1.00185
1.00185
1.00184
1.00184
1.00183
1.00183
1.00183
1.00182
1.00182
1.00181
1.00181
1.0018
1.00179
1.00179
1.00178
1.00177
1.00176
1.00175
1.00174
1.00173
1.00172
1.00171
1.00169
1.00168
1.00166
1.00165
1.00163
1.00161
1.00159
1.00157
1.00155
1.00153
1.00151
1.00148
1.00146
1.00144
1.00141
1.00139
1.00136
1.00133
1.00131
1.00129
1.00126
1.00123
1.00121
1.00119
1.00116
1.00114
1.00112
1.0011
1.00107
1.00106
1.00104
1.00101
1.001
1.00098
1.00096
1.00094
1.00093
1.00091
1.00089
1.00088
1.00087
1.00085
1.00084
1.00082
1.00081
1.0008
1.00079
1.00078
1.00076
1.00075
1.00074
1.00073
1.00072
1.00071
1.0007
1.00069
1.00068
1.00068
1.00067
1.00066
1.00065
1.00064
1.00063
1.00063
1.00062
1.00061
1.0006
1.0006
1.00059
1.00058
1.00057
1.00057
1.00056
1.00055
1.00055
1.00054
1.00053
1.00052
1.00052
1.00051
1.0005
1.0005
1.00049
1.00048
1.00048
1.00047
1.00047
1.00046
1.00045
1.00045
1.00044
1.00043
1.00043
1.00042
1.00042
1.00041
1.00041
1.0004
1.0004
1.00039
1.00039
1.00039
1.00038
1.00038
1.00037
1.00037
1.00037
1.00036
1.00036
1.00036
1.00036
1.00035
1.00035
1.00035
1.00035
1.00035
1.00034
1.00034
1.00034
1.00034
1.00034
1.00033
1.00033
1.00033
1.00033
1.00033
1.00033
1.00032
1.00032
1.00032
1.00032
1.00032
1.00031
1.00031
1.00031
1.00031
1.00031
1.0003
1.0003
1.0003
1.0003
1.00029
1.00029
1.00029
1.00029
1.00029
1.00028
1.00028
1.00028
1.00028
1.00027
1.00027
1.00027
1.00027
1.00026
1.00026
1.00026
1.00026
1.00025
1.00025
1.00025
1.00025
1.00024
1.00024
1.00024
1.00023
1.00023
1.00023
1.00023
1.00022
1.00022
1.00022
1.00022
1.00021
1.00021
1.00021
1.00021
1.0002
1.0002
1.0002
1.0002
1.00019
1.00019
1.00019
1.00019
1.00018
1.00018
1.00018
1.00018
1.00017
1.00017
1.00017
1.00017
1.00016
1.00016
1.00016
1.00016
1.00015
1.00015
1.00015
1.00015
1.00014
1.00014
1.00014
1.00014
1.00014
1.00013
1.00013
1.00013
1.00013
1.00012
1.00012
1.00012
1.00012
1.00011
1.00011
1.00011
1.00011
1.0001
1.0001
1.0001
1.0001
1.0001
1.00009
1.00009
1.00009
1.00009
1.00008
1.00008
1.00008
1.00008
1.00007
1.00007
1.00007
1.00007
1.00004
1.00104
1.00242
1.00206
1.00218
1.00259
1.0022
1.0019
1.00212
1.0022
1.00199
1.00195
1.00205
1.00202
1.00194
1.00196
1.00199
1.00195
1.00193
1.00194
1.00194
1.00192
1.00192
1.00192
1.00192
1.00191
1.00191
1.00191
1.0019
1.00189
1.00189
1.00189
1.00188
1.00188
1.00188
1.00188
1.00187
1.00187
1.00187
1.00186
1.00186
1.00186
1.00185
1.00185
1.00185
1.00184
1.00184
1.00184
1.00183
1.00183
1.00182
1.00182
1.00181
1.0018
1.0018
1.00179
1.00178
1.00178
1.00177
1.00176
1.00175
1.00174
1.00173
1.00172
1.00171
1.0017
1.00168
1.00166
1.00165
1.00163
1.00161
1.00159
1.00157
1.00155
1.00152
1.00151
1.00148
1.00145
1.00143
1.00141
1.00138
1.00136
1.00133
1.0013
1.00128
1.00126
1.00123
1.00121
1.00119
1.00116
1.00114
1.00112
1.0011
1.00107
1.00105
1.00103
1.00101
1.00099
1.00098
1.00096
1.00094
1.00092
1.00091
1.00089
1.00088
1.00086
1.00085
1.00084
1.00082
1.00081
1.0008
1.00079
1.00077
1.00076
1.00075
1.00074
1.00073
1.00072
1.00071
1.0007
1.00069
1.00069
1.00068
1.00067
1.00066
1.00065
1.00064
1.00064
1.00063
1.00062
1.00061
1.0006
1.0006
1.00059
1.00058
1.00058
1.00057
1.00056
1.00055
1.00055
1.00054
1.00053
1.00053
1.00052
1.00051
1.00051
1.0005
1.00049
1.00049
1.00048
1.00047
1.00047
1.00046
1.00045
1.00045
1.00044
1.00043
1.00043
1.00042
1.00042
1.00041
1.00041
1.0004
1.0004
1.00039
1.00039
1.00039
1.00038
1.00038
1.00038
1.00037
1.00037
1.00037
1.00036
1.00036
1.00036
1.00036
1.00035
1.00035
1.00035
1.00035
1.00034
1.00034
1.00034
1.00034
1.00034
1.00034
1.00033
1.00033
1.00033
1.00033
1.00033
1.00032
1.00032
1.00032
1.00032
1.00032
1.00031
1.00031
1.00031
1.00031
1.00031
1.0003
1.0003
1.0003
1.0003
1.00029
1.00029
1.00029
1.00029
1.00029
1.00028
1.00028
1.00028
1.00028
1.00027
1.00027
1.00027
1.00027
1.00026
1.00026
1.00026
1.00026
1.00025
1.00025
1.00025
1.00025
1.00024
1.00024
1.00024
1.00024
1.00023
1.00023
1.00023
1.00022
1.00022
1.00022
1.00022
1.00021
1.00021
1.00021
1.00021
1.0002
1.0002
1.0002
1.0002
1.00019
1.00019
1.00019
1.00019
1.00018
1.00018
1.00018
1.00018
1.00017
1.00017
1.00017
1.00017
1.00016
1.00016
1.00016
1.00016
1.00015
1.00015
1.00015
1.00015
1.00014
1.00014
1.00014
1.00014
1.00014
1.00013
1.00013
1.00013
1.00013
1.00012
1.00012
1.00012
1.00012
1.00011
1.00011
1.00011
1.00011
1.0001
1.0001
1.0001
1.0001
1.0001
1.00009
1.00009
1.00009
1.00009
1.00008
1.00008
1.00008
1.00008
1.00007
1.00007
1.00007
1.00007
1.00005
1.00084
1.00254
1.00208
1.00221
1.00238
1.0021
1.00207
1.00217
1.0021
1.00199
1.00202
1.00205
1.00199
1.00196
1.00198
1.00198
1.00195
1.00194
1.00195
1.00194
1.00192
1.00193
1.00193
1.00192
1.00191
1.00191
1.00191
1.0019
1.0019
1.0019
1.00189
1.00189
1.00188
1.00188
1.00188
1.00187
1.00187
1.00187
1.00186
1.00186
1.00186
1.00185
1.00185
1.00185
1.00184
1.00184
1.00184
1.00183
1.00183
1.00182
1.00182
1.00181
1.00181
1.0018
1.00179
1.00179
1.00178
1.00177
1.00176
1.00175
1.00174
1.00173
1.00172
1.00171
1.00169
1.00168
1.00166
1.00164
1.00163
1.00161
1.00159
1.00157
1.00155
1.00152
1.0015
1.00148
1.00145
1.00142
1.00141
1.00138
1.00135
1.00133
1.0013
1.00127
1.00125
1.00123
1.0012
1.00118
1.00116
1.00114
1.00111
1.00109
1.00107
1.00105
1.00103
1.00101
1.00099
1.00097
1.00096
1.00094
1.00092
1.00091
1.00089
1.00088
1.00086
1.00085
1.00084
1.00082
1.00081
1.0008
1.00079
1.00077
1.00076
1.00075
1.00074
1.00073
1.00072
1.00071
1.0007
1.0007
1.00069
1.00068
1.00067
1.00066
1.00065
1.00064
1.00064
1.00063
1.00062
1.00061
1.00061
1.0006
1.00059
1.00058
1.00058
1.00057
1.00056
1.00055
1.00055
1.00054
1.00053
1.00053
1.00052
1.00051
1.00051
1.0005
1.00049
1.00048
1.00048
1.00047
1.00047
1.00046
1.00045
1.00045
1.00044
1.00044
1.00043
1.00042
1.00042
1.00041
1.00041
1.0004
1.0004
1.00039
1.00039
1.00039
1.00038
1.00038
1.00038
1.00037
1.00037
1.00037
1.00036
1.00036
1.00036
1.00036
1.00035
1.00035
1.00035
1.00035
1.00035
1.00034
1.00034
1.00034
1.00034
1.00034
1.00033
1.00033
1.00033
1.00033
1.00033
1.00033
1.00032
1.00032
1.00032
1.00032
1.00032
1.00031
1.00031
1.00031
1.00031
1.0003
1.0003
1.0003
1.0003
1.0003
1.00029
1.00029
1.00029
1.00029
1.00028
1.00028
1.00028
1.00028
1.00027
1.00027
1.00027
1.00027
1.00026
1.00026
1.00026
1.00026
1.00025
1.00025
1.00025
1.00025
1.00024
1.00024
1.00024
1.00024
1.00023
1.00023
1.00023
1.00022
1.00022
1.00022
1.00022
1.00021
1.00021
1.00021
1.00021
1.0002
1.0002
1.0002
1.0002
1.00019
1.00019
1.00019
1.00019
1.00018
1.00018
1.00018
1.00018
1.00017
1.00017
1.00017
1.00017
1.00016
1.00016
1.00016
1.00016
1.00015
1.00015
1.00015
1.00015
1.00014
1.00014
1.00014
1.00014
1.00014
1.00013
1.00013
1.00013
1.00013
1.00012
1.00012
1.00012
1.00012
1.00011
1.00011
1.00011
1.00011
1.0001
1.0001
1.0001
1.0001
1.0001
1.00009
1.00009
1.00009
1.00009
1.00008
1.00008
1.00008
1.00008
1.00007
1.00007
1.00007
1.00007
1.00007
1.00083
1.00213
1.0024
1.00229
1.00194
1.00218
1.00233
1.00203
1.00195
1.00213
1.0021
1.00195
1.00197
1.00204
1.00199
1.00193
1.00197
1.00198
1.00194
1.00193
1.00194
1.00194
1.00192
1.00192
1.00192
1.00191
1.0019
1.0019
1.0019
1.00189
1.00189
1.00189
1.00189
1.00188
1.00188
1.00188
1.00187
1.00187
1.00187
1.00186
1.00186
1.00186
1.00185
1.00185
1.00185
1.00184
1.00184
1.00183
1.00183
1.00182
1.00182
1.00181
1.00181
1.0018
1.00179
1.00179
1.00178
1.00177
1.00176
1.00176
1.00174
1.00173
1.00172
1.00171
1.00169
1.00168
1.00166
1.00164
1.00162
1.00161
1.00158
1.00156
1.00154
1.00152
1.00149
1.00147
1.00145
1.00142
1.0014
1.00137
1.00134
1.00132
1.0013
1.00127
1.00124
1.00122
1.0012
1.00117
1.00115
1.00113
1.00111
1.00108
1.00107
1.00105
1.00103
1.00101
1.00099
1.00097
1.00095
1.00094
1.00092
1.00091
1.00089
1.00088
1.00086
1.00085
1.00083
1.00082
1.00081
1.0008
1.00079
1.00078
1.00076
1.00075
1.00074
1.00073
1.00072
1.00071
1.0007
1.0007
1.00069
1.00068
1.00067
1.00066
1.00065
1.00064
1.00064
1.00063
1.00062
1.00061
1.00061
1.0006
1.00059
1.00058
1.00058
1.00057
1.00056
1.00055
1.00055
1.00054
1.00053
1.00053
1.00052
1.00051
1.00051
1.0005
1.00049
1.00049
1.00048
1.00047
1.00047
1.00046
1.00045
1.00045
1.00044
1.00044
1.00043
1.00042
1.00042
1.00041
1.00041
1.0004
1.0004
1.00039
1.00039
1.00039
1.00038
1.00038
1.00038
1.00037
1.00037
1.00037
1.00036
1.00036
1.00036
1.00036
1.00036
1.00035
1.00035
1.00035
1.00035
1.00035
1.00034
1.00034
1.00034
1.00034
1.00034
1.00033
1.00033
1.00033
1.00033
1.00033
1.00032
1.00032
1.00032
1.00032
1.00032
1.00031
1.00031
1.00031
1.00031
1.0003
1.0003
1.0003
1.0003
1.0003
1.00029
1.00029
1.00029
1.00029
1.00028
1.00028
1.00028
1.00028
1.00027
1.00027
1.00027
1.00027
1.00026
1.00026
1.00026
1.00026
1.00025
1.00025
1.00025
1.00025
1.00024
1.00024
1.00024
1.00024
1.00023
1.00023
1.00023
1.00023
1.00022
1.00022
1.00022
1.00021
1.00021
1.00021
1.00021
1.0002
1.0002
1.0002
1.0002
1.00019
1.00019
1.00019
1.00019
1.00018
1.00018
1.00018
1.00018
1.00017
1.00017
1.00017
1.00017
1.00016
1.00016
1.00016
1.00016
1.00015
1.00015
1.00015
1.00015
1.00014
1.00014
1.00014
1.00014
1.00014
1.00013
1.00013
1.00013
1.00013
1.00012
1.00012
1.00012
1.00012
1.00011
1.00011
1.00011
1.00011
1.0001
1.0001
1.0001
1.0001
1.0001
1.00009
1.00009
1.00009
1.00009
1.00008
1.00008
1.00008
1.00008
1.00007
1.00007
1.00007
1.00007
1.00009
1.00083
1.00211
1.00228
1.0022
1.00211
1.00218
1.0021
1.00206
1.00211
1.00208
1.002
1.00201
1.00204
1.00199
1.00196
1.00198
1.00198
1.00195
1.00194
1.00195
1.00194
1.00193
1.00193
1.00193
1.00192
1.00191
1.00191
1.00191
1.0019
1.0019
1.0019
1.00189
1.00189
1.00188
1.00188
1.00188
1.00187
1.00187
1.00187
1.00187
1.00186
1.00186
1.00186
1.00185
1.00185
1.00184
1.00184
1.00184
1.00183
1.00183
1.00182
1.00182
1.00181
1.0018
1.0018
1.00179
1.00178
1.00178
1.00177
1.00175
1.00175
1.00174
1.00172
1.00171
1.0017
1.00168
1.00166
1.00164
1.00162
1.0016
1.00158
1.00156
1.00154
1.00152
1.00149
1.00146
1.00144
1.00142
1.00138
1.00136
1.00134
1.00131
1.00128
1.00127
1.00124
1.00121
1.00119
1.00117
1.00114
1.00112
1.0011
1.00108
1.00106
1.00104
1.00102
1.001
1.00098
1.00097
1.00095
1.00093
1.00092
1.0009
1.00089
1.00087
1.00086
1.00085
1.00083
1.00082
1.00081
1.0008
1.00078
1.00077
1.00076
1.00075
1.00074
1.00073
1.00072
1.00071
1.00071
1.0007
1.00069
1.00068
1.00067
1.00066
1.00065
1.00065
1.00064
1.00063
1.00062
1.00061
1.00061
1.0006
1.00059
1.00058
1.00058
1.00057
1.00056
1.00056
1.00055
1.00054
1.00053
1.00053
1.00052
1.00051
1.00051
1.0005
1.00049
1.00049
1.00048
1.00047
1.00047
1.00046
1.00045
1.00045
1.00044
1.00043
1.00043
1.00042
1.00042
1.00041
1.00041
1.0004
1.0004
1.00039
1.00039
1.00039
1.00038
1.00038
1.00038
1.00037
1.00037
1.00037
1.00036
1.00036
1.00036
1.00036
1.00036
1.00035
1.00035
1.00035
1.00035
1.00035
1.00034
1.00034
1.00034
1.00034
1.00034
1.00033
1.00033
1.00033
1.00033
1.00033
1.00032
1.00032
1.00032
1.00032
1.00032
1.00031
1.00031
1.00031
1.00031
1.00031
1.0003
1.0003
1.0003
1.0003
1.00029
1.00029
1.00029
1.00029
1.00028
1.00028
1.00028
1.00028
1.00027
1.00027
1.00027
1.00027
1.00026
1.00026
1.00026
1.00026
1.00025
1.00025
1.00025
1.00025
1.00024
1.00024
1.00024
1.00024
1.00023
1.00023
1.00023
1.00023
1.00022
1.00022
1.00022
1.00021
1.00021
1.00021
1.00021
1.0002
1.0002
1.0002
1.0002
1.00019
1.00019
1.00019
1.00019
1.00018
1.00018
1.00018
1.00018
1.00017
1.00017
1.00017
1.00017
1.00016
1.00016
1.00016
1.00016
1.00015
1.00015
1.00015
1.00015
1.00015
1.00014
1.00014
1.00014
1.00014
1.00013
1.00013
1.00013
1.00013
1.00012
1.00012
1.00012
1.00012
1.00011
1.00011
1.00011
1.00011
1.0001
1.0001
1.0001
1.0001
1.0001
1.00009
1.00009
1.00009
1.00009
1.00008
1.00008
1.00008
1.00008
1.00007
1.00007
1.00007
1.00007
1.00012
1.00086
1.00226
1.00203
1.00209
1.00231
1.00211
1.00197
1.00216
1.00215
1.00198
1.002
1.00209
1.00202
1.00195
1.002
1.00201
1.00196
1.00194
1.00197
1.00196
1.00193
1.00193
1.00194
1.00193
1.00191
1.00192
1.00192
1.00191
1.0019
1.0019
1.0019
1.00189
1.00189
1.00189
1.00188
1.00188
1.00188
1.00187
1.00187
1.00187
1.00186
1.00186
1.00186
1.00185
1.00185
1.00185
1.00184
1.00184
1.00183
1.00183
1.00183
1.00182
1.00181
1.00181
1.0018
1.00179
1.00179
1.00178
1.00177
1.00176
1.00175
1.00174
1.00172
1.00171
1.0017
1.00168
1.00166
1.00165
1.00163
1.0016
1.00158
1.00156
1.00153
1.00151
1.00149
1.00146
1.00143
1.00141
1.00138
1.00135
1.00133
1.00131
1.00127
1.00125
1.00123
1.0012
1.00118
1.00116
1.00114
1.00111
1.00109
1.00108
1.00105
1.00103
1.00101
1.001
1.00098
1.00096
1.00095
1.00093
1.00091
1.0009
1.00088
1.00087
1.00085
1.00084
1.00083
1.00082
1.0008
1.00079
1.00078
1.00077
1.00076
1.00075
1.00074
1.00073
1.00072
1.00071
1.0007
1.0007
1.00069
1.00068
1.00067
1.00066
1.00065
1.00065
1.00064
1.00063
1.00062
1.00062
1.00061
1.0006
1.00059
1.00058
1.00058
1.00057
1.00056
1.00056
1.00055
1.00054
1.00053
1.00053
1.00052
1.00051
1.00051
1.0005
1.00049
1.00049
1.00048
1.00047
1.00047
1.00046
1.00045
1.00045
1.00044
1.00043
1.00043
1.00042
1.00042
1.00041
1.00041
1.0004
1.0004
1.00039
1.00039
1.00038
1.00038
1.00038
1.00038
1.00037
1.00037
1.00037
1.00036
1.00036
1.00036
1.00036
1.00036
1.00035
1.00035
1.00035
1.00035
1.00035
1.00035
1.00034
1.00034
1.00034
1.00034
1.00034
1.00033
1.00033
1.00033
1.00033
1.00033
1.00032
1.00032
1.00032
1.00032
1.00032
1.00031
1.00031
1.00031
1.00031
1.0003
1.0003
1.0003
1.0003
1.00029
1.00029
1.00029
1.00029
1.00028
1.00028
1.00028
1.00028
1.00027
1.00027
1.00027
1.00027
1.00026
1.00026
1.00026
1.00026
1.00025
1.00025
1.00025
1.00025
1.00024
1.00024
1.00024
1.00024
1.00023
1.00023
1.00023
1.00023
1.00022
1.00022
1.00022
1.00022
1.00021
1.00021
1.00021
1.0002
1.0002
1.0002
1.0002
1.00019
1.00019
1.00019
1.00019
1.00018
1.00018
1.00018
1.00018
1.00017
1.00017
1.00017
1.00017
1.00016
1.00016
1.00016
1.00016
1.00015
1.00015
1.00015
1.00015
1.00015
1.00014
1.00014
1.00014
1.00014
1.00013
1.00013
1.00013
1.00013
1.00012
1.00012
1.00012
1.00012
1.00011
1.00011
1.00011
1.00011
1.0001
1.0001
1.0001
1.0001
1.0001
1.00009
1.00009
1.00009
1.00009
1.00008
1.00008
1.00008
1.00008
1.00007
1.00007
1.00007
1.00007
1.00014
1.0008
1.00217
1.00214
1.00215
1.00211
1.00208
1.00215
1.00209
1.00201
1.00206
1.00209
1.002
1.00198
1.00203
1.00201
1.00196
1.00197
1.00198
1.00196
1.00194
1.00195
1.00195
1.00193
1.00192
1.00193
1.00192
1.00191
1.00191
1.00191
1.0019
1.0019
1.0019
1.00189
1.00189
1.00189
1.00188
1.00188
1.00188
1.00187
1.00187
1.00187
1.00186
1.00186
1.00186
1.00185
1.00185
1.00185
1.00184
1.00184
1.00183
1.00183
1.00182
1.00182
1.00181
1.00181
1.0018
1.00179
1.00178
1.00178
1.00177
1.00175
1.00174
1.00173
1.00172
1.0017
1.00168
1.00167
1.00164
1.00162
1.00161
1.00158
1.00155
1.00154
1.0015
1.00148
1.00146
1.00142
1.00139
1.00138
1.00135
1.00131
1.00129
1.00127
1.00124
1.00121
1.0012
1.00117
1.00114
1.00112
1.00111
1.00108
1.00106
1.00105
1.00103
1.001
1.00099
1.00097
1.00096
1.00094
1.00092
1.00091
1.00089
1.00088
1.00086
1.00085
1.00084
1.00082
1.00081
1.0008
1.00079
1.00078
1.00077
1.00076
1.00075
1.00074
1.00073
1.00072
1.00071
1.0007
1.0007
1.00069
1.00068
1.00067
1.00066
1.00065
1.00065
1.00064
1.00063
1.00062
1.00062
1.00061
1.0006
1.00059
1.00059
1.00058
1.00057
1.00056
1.00056
1.00055
1.00054
1.00053
1.00053
1.00052
1.00051
1.00051
1.0005
1.00049
1.00049
1.00048
1.00047
1.00046
1.00046
1.00045
1.00044
1.00044
1.00043
1.00043
1.00042
1.00041
1.00041
1.0004
1.0004
1.00039
1.00039
1.00039
1.00038
1.00038
1.00038
1.00037
1.00037
1.00037
1.00037
1.00036
1.00036
1.00036
1.00036
1.00036
1.00036
1.00035
1.00035
1.00035
1.00035
1.00035
1.00034
1.00034
1.00034
1.00034
1.00034
1.00034
1.00033
1.00033
1.00033
1.00033
1.00032
1.00032
1.00032
1.00032
1.00032
1.00031
1.00031
1.00031
1.00031
1.0003
1.0003
1.0003
1.0003
1.00029
1.00029
1.00029
1.00029
1.00028
1.00028
1.00028
1.00028
1.00027
1.00027
1.00027
1.00027
1.00026
1.00026
1.00026
1.00026
1.00025
1.00025
1.00025
1.00025
1.00024
1.00024
1.00024
1.00024
1.00023
1.00023
1.00023
1.00023
1.00022
1.00022
1.00022
1.00022
1.00021
1.00021
1.00021
1.0002
1.0002
1.0002
1.0002
1.00019
1.00019
1.00019
1.00019
1.00018
1.00018
1.00018
1.00018
1.00017
1.00017
1.00017
1.00017
1.00016
1.00016
1.00016
1.00016
1.00015
1.00015
1.00015
1.00015
1.00015
1.00014
1.00014
1.00014
1.00014
1.00013
1.00013
1.00013
1.00013
1.00012
1.00012
1.00012
1.00012
1.00011
1.00011
1.00011
1.00011
1.0001
1.0001
1.0001
1.0001
1.0001
1.00009
1.00009
1.00009
1.00009
1.00008
1.00008
1.00008
1.00008
1.00007
1.00007
1.00007
1.00007
1.00017
1.00081
1.00206
1.00219
1.00216
1.00201
1.00211
1.00217
1.00202
1.00202
1.00211
1.00205
1.00198
1.00203
1.00204
1.00198
1.00197
1.002
1.00198
1.00195
1.00195
1.00196
1.00194
1.00193
1.00194
1.00193
1.00192
1.00192
1.00192
1.00191
1.0019
1.0019
1.0019
1.0019
1.00189
1.00189
1.00189
1.00188
1.00188
1.00188
1.00187
1.00187
1.00187
1.00186
1.00186
1.00186
1.00185
1.00185
1.00185
1.00184
1.00184
1.00183
1.00183
1.00183
1.00182
1.00181
1.00181
1.0018
1.00179
1.00179
1.00178
1.00176
1.00175
1.00174
1.00172
1.0017
1.00169
1.00167
1.00164
1.00163
1.00161
1.00158
1.00155
1.00153
1.00151
1.00147
1.00144
1.00142
1.00139
1.00135
1.00134
1.00131
1.00127
1.00125
1.00123
1.0012
1.00118
1.00116
1.00113
1.00111
1.00109
1.00107
1.00105
1.00103
1.00102
1.001
1.00098
1.00096
1.00095
1.00093
1.00091
1.0009
1.00089
1.00087
1.00086
1.00085
1.00083
1.00082
1.00081
1.0008
1.00079
1.00077
1.00077
1.00076
1.00075
1.00074
1.00073
1.00072
1.00071
1.0007
1.00069
1.00069
1.00068
1.00067
1.00066
1.00066
1.00065
1.00064
1.00063
1.00062
1.00062
1.00061
1.0006
1.00059
1.00059
1.00058
1.00057
1.00056
1.00056
1.00055
1.00054
1.00054
1.00053
1.00052
1.00051
1.00051
1.0005
1.00049
1.00049
1.00048
1.00047
1.00046
1.00046
1.00045
1.00044
1.00044
1.00043
1.00042
1.00042
1.00041
1.00041
1.0004
1.0004
1.00039
1.00039
1.00038
1.00038
1.00038
1.00037
1.00037
1.00037
1.00037
1.00036
1.00036
1.00036
1.00036
1.00036
1.00036
1.00036
1.00035
1.00035
1.00035
1.00035
1.00035
1.00035
1.00034
1.00034
1.00034
1.00034
1.00034
1.00033
1.00033
1.00033
1.00033
1.00033
1.00032
1.00032
1.00032
1.00032
1.00031
1.00031
1.00031
1.00031
1.00031
1.0003
1.0003
1.0003
1.0003
1.00029
1.00029
1.00029
1.00029
1.00028
1.00028
1.00028
1.00028
1.00027
1.00027
1.00027
1.00026
1.00026
1.00026
1.00026
1.00025
1.00025
1.00025
1.00025
1.00024
1.00024
1.00024
1.00024
1.00023
1.00023
1.00023
1.00023
1.00022
1.00022
1.00022
1.00022
1.00021
1.00021
1.00021
1.00021
1.0002
1.0002
1.0002
1.00019
1.00019
1.00019
1.00019
1.00018
1.00018
1.00018
1.00018
1.00017
1.00017
1.00017
1.00017
1.00016
1.00016
1.00016
1.00016
1.00015
1.00015
1.00015
1.00015
1.00015
1.00014
1.00014
1.00014
1.00014
1.00013
1.00013
1.00013
1.00013
1.00012
1.00012
1.00012
1.00012
1.00011
1.00011
1.00011
1.00011
1.0001
1.0001
1.0001
1.0001
1.0001
1.00009
1.00009
1.00009
1.00009
1.00008
1.00008
1.00008
1.00008
1.00007
1.00007
1.00007
1.00007
1.0002
1.00081
1.00212
1.00209
1.00208
1.00213
1.00211
1.00202
1.00207
1.00211
1.00202
1.00199
1.00206
1.00204
1.00197
1.00199
1.00202
1.00198
1.00195
1.00197
1.00197
1.00194
1.00194
1.00195
1.00194
1.00192
1.00193
1.00193
1.00192
1.00191
1.00191
1.00191
1.0019
1.0019
1.0019
1.00189
1.00189
1.00189
1.00188
1.00188
1.00188
1.00187
1.00187
1.00187
1.00186
1.00186
1.00186
1.00185
1.00185
1.00185
1.00184
1.00184
1.00184
1.00183
1.00183
1.00182
1.00181
1.00181
1.0018
1.00179
1.00178
1.00178
1.00177
1.00174
1.00173
1.00173
1.00169
1.00167
1.00166
1.00164
1.0016
1.00158
1.00156
1.00152
1.00149
1.00147
1.00143
1.0014
1.00138
1.00134
1.00131
1.0013
1.00126
1.00123
1.00121
1.00119
1.00116
1.00114
1.00112
1.0011
1.00107
1.00106
1.00105
1.00102
1.001
1.00099
1.00097
1.00095
1.00094
1.00093
1.00091
1.00089
1.00088
1.00087
1.00085
1.00084
1.00083
1.00082
1.0008
1.00079
1.00078
1.00077
1.00076
1.00075
1.00074
1.00074
1.00073
1.00072
1.00071
1.0007
1.00069
1.00068
1.00068
1.00067
1.00066
1.00066
1.00065
1.00064
1.00063
1.00063
1.00062
1.00061
1.0006
1.00059
1.00059
1.00058
1.00057
1.00056
1.00056
1.00055
1.00054
1.00053
1.00053
1.00052
1.00051
1.00051
1.0005
1.00049
1.00049
1.00048
1.00047
1.00046
1.00046
1.00045
1.00044
1.00043
1.00043
1.00042
1.00042
1.00041
1.0004
1.0004
1.00039
1.00039
1.00038
1.00038
1.00038
1.00037
1.00037
1.00037
1.00037
1.00037
1.00037
1.00036
1.00036
1.00036
1.00036
1.00036
1.00036
1.00036
1.00035
1.00035
1.00035
1.00035
1.00035
1.00035
1.00034
1.00034
1.00034
1.00034
1.00034
1.00033
1.00033
1.00033
1.00033
1.00033
1.00032
1.00032
1.00032
1.00032
1.00031
1.00031
1.00031
1.00031
1.0003
1.0003
1.0003
1.0003
1.00029
1.00029
1.00029
1.00029
1.00028
1.00028
1.00028
1.00028
1.00027
1.00027
1.00027
1.00027
1.00026
1.00026
1.00026
1.00025
1.00025
1.00025
1.00025
1.00024
1.00024
1.00024
1.00024
1.00023
1.00023
1.00023
1.00023
1.00022
1.00022
1.00022
1.00022
1.00021
1.00021
1.00021
1.00021
1.0002
1.0002
1.0002
1.00019
1.00019
1.00019
1.00019
1.00018
1.00018
1.00018
1.00018
1.00017
1.00017
1.00017
1.00017
1.00016
1.00016
1.00016
1.00016
1.00016
1.00015
1.00015
1.00015
1.00015
1.00014
1.00014
1.00014
1.00014
1.00013
1.00013
1.00013
1.00013
1.00012
1.00012
1.00012
1.00012
1.00011
1.00011
1.00011
1.00011
1.0001
1.0001
1.0001
1.0001
1.0001
1.00009
1.00009
1.00009
1.00009
1.00008
1.00008
1.00008
1.00008
1.00007
1.00007
1.00007
1.00007
1.00023
1.00081
1.00213
1.00205
1.00207
1.00214
1.00207
1.00203
1.0021
1.00206
1.00201
1.00204
1.00205
1.002
1.00199
1.00202
1.00199
1.00196
1.00198
1.00198
1.00196
1.00195
1.00196
1.00195
1.00193
1.00193
1.00193
1.00192
1.00192
1.00192
1.00192
1.00191
1.0019
1.0019
1.0019
1.00189
1.00189
1.00189
1.00189
1.00188
1.00188
1.00188
1.00187
1.00187
1.00187
1.00187
1.00186
1.00186
1.00186
1.00185
1.00185
1.00185
1.00184
1.00184
1.00183
1.00183
1.00182
1.00182
1.00181
1.0018
1.00179
1.00179
1.00177
1.00175
1.00175
1.00173
1.0017
1.00168
1.00167
1.00164
1.0016
1.00158
1.00156
1.00152
1.00148
1.00146
1.00143
1.00138
1.00136
1.00134
1.0013
1.00127
1.00125
1.00122
1.00119
1.00117
1.00115
1.00112
1.0011
1.00109
1.00106
1.00104
1.00103
1.00101
1.00099
1.00097
1.00096
1.00095
1.00093
1.00091
1.0009
1.00089
1.00087
1.00086
1.00085
1.00083
1.00082
1.00081
1.0008
1.00078
1.00078
1.00077
1.00076
1.00075
1.00074
1.00073
1.00072
1.00072
1.00071
1.0007
1.00069
1.00068
1.00068
1.00067
1.00066
1.00065
1.00065
1.00064
1.00063
1.00063
1.00062
1.00061
1.0006
1.00059
1.00059
1.00058
1.00057
1.00056
1.00056
1.00055
1.00054
1.00053
1.00053
1.00052
1.00051
1.00051
1.0005
1.00049
1.00049
1.00048
1.00047
1.00046
1.00046
1.00045
1.00044
1.00043
1.00042
1.00042
1.00041
1.0004
1.0004
1.00039
1.00039
1.00038
1.00038
1.00038
1.00037
1.00037
1.00037
1.00037
1.00036
1.00037
1.00036
1.00036
1.00036
1.00036
1.00036
1.00036
1.00036
1.00036
1.00036
1.00035
1.00035
1.00035
1.00035
1.00035
1.00035
1.00034
1.00034
1.00034
1.00034
1.00034
1.00033
1.00033
1.00033
1.00033
1.00032
1.00032
1.00032
1.00032
1.00031
1.00031
1.00031
1.00031
1.0003
1.0003
1.0003
1.0003
1.00029
1.00029
1.00029
1.00029
1.00028
1.00028
1.00028
1.00028
1.00027
1.00027
1.00027
1.00027
1.00026
1.00026
1.00026
1.00025
1.00025
1.00025
1.00025
1.00024
1.00024
1.00024
1.00024
1.00023
1.00023
1.00023
1.00023
1.00022
1.00022
1.00022
1.00022
1.00021
1.00021
1.00021
1.00021
1.0002
1.0002
1.0002
1.0002
1.00019
1.00019
1.00019
1.00018
1.00018
1.00018
1.00018
1.00017
1.00017
1.00017
1.00017
1.00016
1.00016
1.00016
1.00016
1.00016
1.00015
1.00015
1.00015
1.00015
1.00014
1.00014
1.00014
1.00014
1.00013
1.00013
1.00013
1.00013
1.00012
1.00012
1.00012
1.00012
1.00011
1.00011
1.00011
1.00011
1.00011
1.0001
1.0001
1.0001
1.0001
1.00009
1.00009
1.00009
1.00009
1.00008
1.00008
1.00008
1.00008
1.00007
1.00007
1.00007
1.00007
1.00025
1.00079
1.00206
1.00211
1.0021
1.00204
1.00206
1.00211
1.00204
1.002
1.00207
1.00206
1.00199
1.002
1.00204
1.002
1.00196
1.00199
1.00199
1.00196
1.00195
1.00197
1.00196
1.00194
1.00194
1.00194
1.00193
1.00192
1.00193
1.00192
1.00191
1.00191
1.00191
1.00191
1.0019
1.0019
1.0019
1.00189
1.00189
1.00189
1.00188
1.00188
1.00188
1.00188
1.00187
1.00187
1.00187
1.00187
1.00186
1.00186
1.00186
1.00185
1.00185
1.00185
1.00184
1.00184
1.00184
1.00183
1.00182
1.00182
1.00181
1.00179
1.00178
1.00178
1.00176
1.00172
1.00172
1.00171
1.00166
1.00163
1.00163
1.00158
1.00153
1.00152
1.00148
1.00143
1.00142
1.00138
1.00133
1.00132
1.00129
1.00124
1.00122
1.00121
1.00117
1.00114
1.00113
1.00111
1.00108
1.00106
1.00105
1.00103
1.00101
1.001
1.00099
1.00097
1.00095
1.00094
1.00092
1.0009
1.00089
1.00088
1.00087
1.00085
1.00084
1.00083
1.00081
1.0008
1.00079
1.00078
1.00077
1.00076
1.00075
1.00075
1.00074
1.00073
1.00072
1.00072
1.00071
1.0007
1.00069
1.00068
1.00067
1.00067
1.00066
1.00065
1.00065
1.00064
1.00063
1.00063
1.00062
1.00061
1.0006
1.0006
1.00059
1.00058
1.00057
1.00056
1.00056
1.00055
1.00054
1.00054
1.00053
1.00052
1.00051
1.00051
1.0005
1.00049
1.00048
1.00048
1.00047
1.00046
1.00045
1.00045
1.00044
1.00043
1.00042
1.00041
1.0004
1.0004
1.00039
1.00038
1.00038
1.00038
1.00037
1.00037
1.00037
1.00037
1.00036
1.00036
1.00036
1.00036
1.00036
1.00036
1.00036
1.00036
1.00036
1.00036
1.00036
1.00036
1.00036
1.00036
1.00035
1.00035
1.00035
1.00035
1.00035
1.00035
1.00034
1.00034
1.00034
1.00034
1.00034
1.00033
1.00033
1.00033
1.00033
1.00032
1.00032
1.00032
1.00032
1.00031
1.00031
1.00031
1.00031
1.0003
1.0003
1.0003
1.0003
1.00029
1.00029
1.00029
1.00028
1.00028
1.00028
1.00028
1.00027
1.00027
1.00027
1.00027
1.00026
1.00026
1.00026
1.00026
1.00025
1.00025
1.00025
1.00024
1.00024
1.00024
1.00024
1.00023
1.00023
1.00023
1.00023
1.00022
1.00022
1.00022
1.00022
1.00021
1.00021
1.00021
1.00021
1.0002
1.0002
1.0002
1.0002
1.00019
1.00019
1.00019
1.00019
1.00018
1.00018
1.00018
1.00017
1.00017
1.00017
1.00017
1.00017
1.00016
1.00016
1.00016
1.00016
1.00015
1.00015
1.00015
1.00015
1.00014
1.00014
1.00014
1.00014
1.00013
1.00013
1.00013
1.00013
1.00012
1.00012
1.00012
1.00012
1.00011
1.00011
1.00011
1.00011
1.00011
1.0001
1.0001
1.0001
1.0001
1.00009
1.00009
1.00009
1.00009
1.00008
1.00008
1.00008
1.00008
1.00008
1.00007
1.00007
1.00007
1.00028
1.0008
1.00205
1.00209
1.00208
1.00204
1.00207
1.00207
1.00203
1.00205
1.00205
1.00201
1.00201
1.00203
1.002
1.00198
1.002
1.002
1.00197
1.00197
1.00198
1.00196
1.00195
1.00195
1.00195
1.00194
1.00193
1.00193
1.00193
1.00192
1.00192
1.00192
1.00191
1.00191
1.0019
1.0019
1.0019
1.00189
1.00189
1.00189
1.00189
1.00188
1.00188
1.00188
1.00188
1.00187
1.00187
1.00187
1.00187
1.00187
1.00187
1.00186
1.00186
1.00186
1.00185
1.00185
1.00185
1.00184
1.00183
1.00183
1.00182
1.00181
1.0018
1.00179
1.00176
1.00175
1.00174
1.0017
1.00167
1.00165
1.00162
1.00158
1.00154
1.0015
1.00148
1.00143
1.00138
1.00138
1.00133
1.00128
1.00127
1.00124
1.0012
1.00117
1.00116
1.00113
1.0011
1.00108
1.00107
1.00105
1.00102
1.00102
1.001
1.00098
1.00097
1.00096
1.00094
1.00092
1.00091
1.0009
1.00088
1.00087
1.00086
1.00084
1.00083
1.00082
1.00081
1.00079
1.00078
1.00078
1.00077
1.00076
1.00075
1.00074
1.00073
1.00073
1.00072
1.00071
1.00071
1.0007
1.00069
1.00068
1.00068
1.00067
1.00066
1.00066
1.00065
1.00064
1.00063
1.00063
1.00062
1.00061
1.0006
1.0006
1.00059
1.00058
1.00057
1.00056
1.00056
1.00055
1.00054
1.00054
1.00053
1.00052
1.00052
1.00051
1.0005
1.00049
1.00048
1.00048
1.00047
1.00046
1.00045
1.00044
1.00044
1.00043
1.00042
1.00041
1.0004
1.00039
1.00039
1.00038
1.00038
1.00037
1.00037
1.00036
1.00036
1.00036
1.00036
1.00036
1.00036
1.00036
1.00036
1.00036
1.00036
1.00036
1.00036
1.00036
1.00036
1.00036
1.00036
1.00036
1.00036
1.00035
1.00035
1.00035
1.00035
1.00035
1.00035
1.00034
1.00034
1.00034
1.00034
1.00033
1.00033
1.00033
1.00033
1.00032
1.00032
1.00032
1.00032
1.00031
1.00031
1.00031
1.00031
1.0003
1.0003
1.0003
1.0003
1.00029
1.00029
1.00029
1.00029
1.00028
1.00028
1.00028
1.00027
1.00027
1.00027
1.00027
1.00026
1.00026
1.00026
1.00026
1.00025
1.00025
1.00025
1.00024
1.00024
1.00024
1.00024
1.00023
1.00023
1.00023
1.00023
1.00022
1.00022
1.00022
1.00022
1.00021
1.00021
1.00021
1.00021
1.0002
1.0002
1.0002
1.0002
1.00019
1.00019
1.00019
1.00019
1.00018
1.00018
1.00018
1.00018
1.00017
1.00017
1.00017
1.00017
1.00016
1.00016
1.00016
1.00016
1.00015
1.00015
1.00015
1.00015
1.00014
1.00014
1.00014
1.00014
1.00013
1.00013
1.00013
1.00013
1.00012
1.00012
1.00012
1.00012
1.00011
1.00011
1.00011
1.00011
1.00011
1.0001
1.0001
1.0001
1.0001
1.00009
1.00009
1.00009
1.00009
1.00008
1.00008
1.00008
1.00008
1.00008
1.00007
1.00007
1.00007
1.00031
1.0008
1.00208
1.00204
1.00205
1.00209
1.00206
1.00201
1.00206
1.00207
1.002
1.00201
1.00205
1.00201
1.00198
1.00201
1.00201
1.00197
1.00197
1.00199
1.00197
1.00195
1.00196
1.00196
1.00194
1.00194
1.00194
1.00194
1.00192
1.00192
1.00192
1.00192
1.00191
1.00191
1.00191
1.0019
1.0019
1.0019
1.0019
1.00189
1.00189
1.00189
1.00189
1.00188
1.00188
1.00188
1.00188
1.00188
1.00188
1.00187
1.00187
1.00187
1.00187
1.00186
1.00186
1.00186
1.00186
1.00185
1.00185
1.00184
1.00183
1.00183
1.00183
1.00179
1.00179
1.00179
1.00174
1.0017
1.00171
1.00167
1.00159
1.00158
1.00157
1.00148
1.00144
1.00144
1.00137
1.00133
1.00132
1.00127
1.00123
1.00123
1.00118
1.00114
1.00113
1.00111
1.00108
1.00105
1.00105
1.00104
1.00101
1.00099
1.00099
1.00098
1.00095
1.00094
1.00093
1.00092
1.0009
1.00089
1.00088
1.00086
1.00085
1.00084
1.00082
1.00081
1.00079
1.00079
1.00078
1.00076
1.00076
1.00076
1.00074
1.00074
1.00073
1.00073
1.00072
1.00071
1.0007
1.0007
1.00069
1.00068
1.00067
1.00067
1.00066
1.00066
1.00065
1.00064
1.00064
1.00063
1.00062
1.00061
1.00061
1.0006
1.00059
1.00058
1.00057
1.00056
1.00055
1.00055
1.00054
1.00053
1.00053
1.00052
1.00051
1.00051
1.0005
1.00049
1.00049
1.00048
1.00047
1.00046
1.00045
1.00044
1.00043
1.00042
1.00041
1.00041
1.0004
1.00039
1.00038
1.00038
1.00037
1.00036
1.00036
1.00036
1.00035
1.00035
1.00036
1.00036
1.00035
1.00036
1.00036
1.00036
1.00036
1.00036
1.00036
1.00036
1.00036
1.00036
1.00036
1.00036
1.00036
1.00036
1.00036
1.00035
1.00035
1.00035
1.00035
1.00035
1.00034
1.00034
1.00034
1.00034
1.00033
1.00033
1.00033
1.00033
1.00032
1.00032
1.00032
1.00032
1.00031
1.00031
1.00031
1.00031
1.0003
1.0003
1.0003
1.00029
1.00029
1.00029
1.00029
1.00028
1.00028
1.00028
1.00027
1.00027
1.00027
1.00027
1.00026
1.00026
1.00026
1.00026
1.00025
1.00025
1.00025
1.00025
1.00024
1.00024
1.00024
1.00023
1.00023
1.00023
1.00023
1.00022
1.00022
1.00022
1.00022
1.00021
1.00021
1.00021
1.00021
1.0002
1.0002
1.0002
1.0002
1.00019
1.00019
1.00019
1.00019
1.00018
1.00018
1.00018
1.00018
1.00017
1.00017
1.00017
1.00017
1.00016
1.00016
1.00016
1.00016
1.00015
1.00015
1.00015
1.00015
1.00014
1.00014
1.00014
1.00014
1.00013
1.00013
1.00013
1.00013
1.00012
1.00012
1.00012
1.00012
1.00011
1.00011
1.00011
1.00011
1.00011
1.0001
1.0001
1.0001
1.0001
1.00009
1.00009
1.00009
1.00009
1.00009
1.00008
1.00008
1.00008
1.00008
1.00007
1.00007
1.00007
1.00033
1.00079
1.00206
1.00205
1.00205
1.00206
1.00204
1.00204
1.00205
1.00202
1.00202
1.00204
1.00201
1.00199
1.00201
1.00201
1.00198
1.00198
1.00199
1.00197
1.00196
1.00197
1.00197
1.00195
1.00194
1.00195
1.00194
1.00193
1.00193
1.00193
1.00192
1.00192
1.00192
1.00192
1.00191
1.00191
1.00191
1.0019
1.0019
1.0019
1.0019
1.00189
1.00189
1.00189
1.00189
1.00189
1.00188
1.00188
1.00188
1.00188
1.00188
1.00188
1.00188
1.00187
1.00187
1.00187
1.00187
1.00187
1.00186
1.00186
1.00186
1.00185
1.00183
1.00183
1.00182
1.00178
1.00176
1.00175
1.0017
1.00166
1.00163
1.00158
1.00153
1.0015
1.00143
1.00141
1.00138
1.0013
1.00128
1.00128
1.00121
1.00117
1.00117
1.00114
1.0011
1.00107
1.00107
1.00105
1.00102
1.00101
1.00101
1.00099
1.00096
1.00096
1.00095
1.00093
1.00092
1.00091
1.0009
1.00088
1.00087
1.00086
1.00084
1.00082
1.00082
1.0008
1.00079
1.00078
1.00077
1.00076
1.00075
1.00075
1.00074
1.00074
1.00073
1.00072
1.00072
1.00071
1.0007
1.00069
1.00069
1.00068
1.00067
1.00066
1.00066
1.00065
1.00065
1.00064
1.00064
1.00063
1.00062
1.00061
1.00061
1.0006
1.00059
1.00058
1.00057
1.00056
1.00055
1.00055
1.00054
1.00053
1.00053
1.00052
1.00051
1.00051
1.0005
1.00049
1.00049
1.00048
1.00047
1.00046
1.00045
1.00044
1.00043
1.00042
1.00041
1.0004
1.00039
1.00038
1.00038
1.00037
1.00036
1.00036
1.00035
1.00035
1.00035
1.00035
1.00035
1.00035
1.00035
1.00036
1.00036
1.00036
1.00036
1.00036
1.00036
1.00036
1.00036
1.00036
1.00036
1.00036
1.00036
1.00036
1.00036
1.00036
1.00035
1.00035
1.00035
1.00035
1.00035
1.00034
1.00034
1.00034
1.00034
1.00033
1.00033
1.00033
1.00033
1.00032
1.00032
1.00032
1.00031
1.00031
1.00031
1.00031
1.0003
1.0003
1.0003
1.00029
1.00029
1.00029
1.00029
1.00028
1.00028
1.00028
1.00028
1.00027
1.00027
1.00027
1.00026
1.00026
1.00026
1.00026
1.00025
1.00025
1.00025
1.00025
1.00024
1.00024
1.00024
1.00023
1.00023
1.00023
1.00023
1.00022
1.00022
1.00022
1.00022
1.00021
1.00021
1.00021
1.00021
1.0002
1.0002
1.0002
1.0002
1.00019
1.00019
1.00019
1.00019
1.00018
1.00018
1.00018
1.00018
1.00017
1.00017
1.00017
1.00017
1.00016
1.00016
1.00016
1.00016
1.00015
1.00015
1.00015
1.00015
1.00014
1.00014
1.00014
1.00014
1.00013
1.00013
1.00013
1.00013
1.00012
1.00012
1.00012
1.00012
1.00011
1.00011
1.00011
1.00011
1.00011
1.0001
1.0001
1.0001
1.0001
1.00009
1.00009
1.00009
1.00009
1.00009
1.00008
1.00008
1.00008
1.00008
1.00007
1.00007
1.00007
1.00036
1.00079
1.00203
1.00206
1.00206
1.00202
1.00204
1.00206
1.00202
1.00201
1.00204
1.00203
1.00199
1.00201
1.00202
1.00199
1.00198
1.002
1.00198
1.00196
1.00197
1.00197
1.00195
1.00195
1.00196
1.00195
1.00194
1.00194
1.00194
1.00193
1.00192
1.00192
1.00192
1.00191
1.00191
1.00191
1.00191
1.0019
1.0019
1.0019
1.0019
1.0019
1.00189
1.00189
1.00189
1.00189
1.00189
1.00189
1.00189
1.00189
1.00189
1.00189
1.00188
1.00189
1.00189
1.00188
1.00188
1.00189
1.00188
1.00188
1.00188
1.00186
1.00185
1.00186
1.00184
1.00179
1.0018
1.00178
1.0017
1.00166
1.00167
1.00158
1.00149
1.0015
1.00145
1.00134
1.00135
1.00132
1.00124
1.00123
1.00121
1.00115
1.00113
1.00111
1.00108
1.00105
1.00103
1.00104
1.00102
1.00099
1.00098
1.00098
1.00096
1.00095
1.00094
1.00093
1.00091
1.0009
1.00089
1.00088
1.00087
1.00085
1.00084
1.00082
1.00081
1.00079
1.00078
1.00076
1.00076
1.00076
1.00074
1.00074
1.00074
1.00074
1.00073
1.00072
1.00071
1.00071
1.0007
1.00069
1.00068
1.00067
1.00067
1.00066
1.00066
1.00065
1.00065
1.00065
1.00064
1.00063
1.00063
1.00062
1.0006
1.0006
1.00059
1.00058
1.00057
1.00056
1.00055
1.00054
1.00054
1.00054
1.00053
1.00052
1.00052
1.00051
1.0005
1.00049
1.00049
1.00048
1.00047
1.00046
1.00045
1.00044
1.00043
1.00042
1.00041
1.0004
1.00038
1.00038
1.00037
1.00036
1.00035
1.00035
1.00034
1.00034
1.00034
1.00034
1.00034
1.00035
1.00035
1.00035
1.00035
1.00036
1.00036
1.00036
1.00036
1.00036
1.00036
1.00036
1.00036
1.00036
1.00036
1.00036
1.00036
1.00036
1.00036
1.00035
1.00035
1.00035
1.00035
1.00035
1.00034
1.00034
1.00034
1.00033
1.00033
1.00033
1.00033
1.00032
1.00032
1.00032
1.00032
1.00031
1.00031
1.00031
1.0003
1.0003
1.0003
1.0003
1.00029
1.00029
1.00029
1.00028
1.00028
1.00028
1.00028
1.00027
1.00027
1.00027
1.00027
1.00026
1.00026
1.00026
1.00025
1.00025
1.00025
1.00025
1.00024
1.00024
1.00024
1.00024
1.00023
1.00023
1.00023
1.00022
1.00022
1.00022
1.00022
1.00021
1.00021
1.00021
1.00021
1.0002
1.0002
1.0002
1.0002
1.00019
1.00019
1.00019
1.00019
1.00018
1.00018
1.00018
1.00018
1.00017
1.00017
1.00017
1.00017
1.00016
1.00016
1.00016
1.00016
1.00015
1.00015
1.00015
1.00015
1.00014
1.00014
1.00014
1.00014
1.00013
1.00013
1.00013
1.00013
1.00012
1.00012
1.00012
1.00012
1.00011
1.00011
1.00011
1.00011
1.00011
1.0001
1.0001
1.0001
1.0001
1.00009
1.00009
1.00009
1.00009
1.00009
1.00008
1.00008
1.00008
1.00008
1.00008
1.00007
1.00007
1.00038
1.00079
1.00204
1.00204
1.00204
1.00204
1.00204
1.00202
1.00203
1.00204
1.00202
1.002
1.00202
1.00202
1.00199
1.00199
1.002
1.00198
1.00197
1.00198
1.00198
1.00196
1.00196
1.00196
1.00195
1.00194
1.00194
1.00194
1.00193
1.00193
1.00193
1.00193
1.00192
1.00192
1.00192
1.00191
1.00191
1.00191
1.00191
1.0019
1.0019
1.0019
1.0019
1.0019
1.0019
1.0019
1.0019
1.00189
1.00189
1.00189
1.0019
1.00189
1.00189
1.0019
1.0019
1.00189
1.0019
1.0019
1.0019
1.00189
1.00189
1.00189
1.00189
1.00186
1.00185
1.00186
1.00182
1.00175
1.00176
1.00172
1.00161
1.00158
1.00155
1.00145
1.00142
1.00136
1.00129
1.0013
1.00125
1.00117
1.00118
1.00118
1.0011
1.00106
1.00106
1.00107
1.00102
1.00098
1.001
1.001
1.00096
1.00096
1.00096
1.00095
1.00093
1.00092
1.00091
1.0009
1.00088
1.00088
1.00086
1.00084
1.00083
1.00083
1.0008
1.00078
1.00077
1.00076
1.00075
1.00074
1.00074
1.00074
1.00074
1.00073
1.00072
1.00073
1.00072
1.0007
1.0007
1.00069
1.00068
1.00067
1.00067
1.00066
1.00065
1.00066
1.00065
1.00065
1.00064
1.00063
1.00063
1.00062
1.00061
1.00059
1.00059
1.00058
1.00057
1.00056
1.00055
1.00054
1.00054
1.00053
1.00052
1.00052
1.00052
1.00051
1.0005
1.0005
1.00049
1.00048
1.00047
1.00046
1.00045
1.00044
1.00043
1.00041
1.0004
1.00039
1.00038
1.00037
1.00036
1.00035
1.00035
1.00033
1.00033
1.00034
1.00033
1.00033
1.00034
1.00034
1.00034
1.00034
1.00035
1.00036
1.00036
1.00036
1.00036
1.00036
1.00036
1.00037
1.00037
1.00036
1.00036
1.00036
1.00036
1.00036
1.00036
1.00036
1.00035
1.00035
1.00035
1.00035
1.00034
1.00034
1.00034
1.00034
1.00033
1.00033
1.00033
1.00033
1.00032
1.00032
1.00032
1.00031
1.00031
1.00031
1.00031
1.0003
1.0003
1.0003
1.00029
1.00029
1.00029
1.00029
1.00028
1.00028
1.00028
1.00027
1.00027
1.00027
1.00027
1.00026
1.00026
1.00026
1.00025
1.00025
1.00025
1.00025
1.00024
1.00024
1.00024
1.00024
1.00023
1.00023
1.00023
1.00022
1.00022
1.00022
1.00022
1.00021
1.00021
1.00021
1.00021
1.0002
1.0002
1.0002
1.0002
1.00019
1.00019
1.00019
1.00019
1.00018
1.00018
1.00018
1.00018
1.00017
1.00017
1.00017
1.00017
1.00016
1.00016
1.00016
1.00016
1.00015
1.00015
1.00015
1.00015
1.00014
1.00014
1.00014
1.00014
1.00013
1.00013
1.00013
1.00013
1.00012
1.00012
1.00012
1.00012
1.00012
1.00011
1.00011
1.00011
1.00011
1.0001
1.0001
1.0001
1.0001
1.00009
1.00009
1.00009
1.00009
1.00009
1.00008
1.00008
1.00008
1.00008
1.00008
1.00007
1.00007
1.0004
1.00079
1.00205
1.00203
1.00203
1.00205
1.00203
1.00202
1.00203
1.00203
1.00201
1.00201
1.00202
1.002
1.00199
1.00201
1.00199
1.00197
1.00198
1.00198
1.00197
1.00196
1.00197
1.00196
1.00195
1.00195
1.00195
1.00194
1.00193
1.00194
1.00193
1.00192
1.00192
1.00192
1.00192
1.00191
1.00191
1.00191
1.00191
1.00191
1.00191
1.0019
1.0019
1.0019
1.0019
1.0019
1.0019
1.0019
1.0019
1.0019
1.0019
1.0019
1.00191
1.0019
1.0019
1.00191
1.00191
1.00191
1.00192
1.00192
1.00191
1.00191
1.00192
1.0019
1.00189
1.0019
1.00184
1.00179
1.00179
1.00173
1.00161
1.00158
1.00157
1.00141
1.00136
1.00138
1.00127
1.0012
1.00126
1.0012
1.00114
1.00114
1.00109
1.00107
1.00103
1.00101
1.00102
1.00099
1.00097
1.00098
1.00097
1.00095
1.00094
1.00094
1.00093
1.00092
1.00091
1.0009
1.00088
1.00087
1.00086
1.00085
1.00083
1.00081
1.0008
1.00079
1.00076
1.00075
1.00074
1.00072
1.00074
1.00074
1.00073
1.00074
1.00073
1.00072
1.00072
1.00071
1.00069
1.00069
1.00068
1.00067
1.00066
1.00066
1.00066
1.00066
1.00065
1.00064
1.00065
1.00064
1.00062
1.00062
1.00061
1.0006
1.00058
1.00058
1.00057
1.00055
1.00054
1.00055
1.00053
1.00052
1.00053
1.00052
1.00052
1.00051
1.0005
1.0005
1.00049
1.00048
1.00047
1.00046
1.00045
1.00044
1.00042
1.00042
1.0004
1.00039
1.00038
1.00036
1.00035
1.00034
1.00033
1.00032
1.00033
1.00032
1.00031
1.00032
1.00034
1.00033
1.00034
1.00035
1.00035
1.00035
1.00036
1.00036
1.00036
1.00036
1.00037
1.00037
1.00037
1.00037
1.00037
1.00037
1.00036
1.00036
1.00036
1.00036
1.00036
1.00035
1.00035
1.00035
1.00035
1.00034
1.00034
1.00034
1.00034
1.00033
1.00033
1.00033
1.00032
1.00032
1.00032
1.00031
1.00031
1.00031
1.00031
1.0003
1.0003
1.0003
1.00029
1.00029
1.00029
1.00029
1.00028
1.00028
1.00028
1.00027
1.00027
1.00027
1.00027
1.00026
1.00026
1.00026
1.00025
1.00025
1.00025
1.00025
1.00024
1.00024
1.00024
1.00024
1.00023
1.00023
1.00023
1.00023
1.00022
1.00022
1.00022
1.00021
1.00021
1.00021
1.00021
1.0002
1.0002
1.0002
1.0002
1.00019
1.00019
1.00019
1.00019
1.00018
1.00018
1.00018
1.00018
1.00017
1.00017
1.00017
1.00017
1.00016
1.00016
1.00016
1.00016
1.00015
1.00015
1.00015
1.00015
1.00014
1.00014
1.00014
1.00014
1.00013
1.00013
1.00013
1.00013
1.00012
1.00012
1.00012
1.00012
1.00012
1.00011
1.00011
1.00011
1.00011
1.0001
1.0001
1.0001
1.0001
1.00009
1.00009
1.00009
1.00009
1.00009
1.00008
1.00008
1.00008
1.00008
1.00008
1.00007
1.00007
1.00042
1.00078
1.00203
1.00204
1.00204
1.00202
1.00203
1.00204
1.00202
1.00201
1.00202
1.00202
1.002
1.002
1.00201
1.00199
1.00198
1.00199
1.00199
1.00197
1.00197
1.00197
1.00196
1.00195
1.00196
1.00195
1.00194
1.00194
1.00194
1.00194
1.00193
1.00193
1.00193
1.00192
1.00192
1.00192
1.00192
1.00191
1.00191
1.00191
1.00191
1.00191
1.00191
1.0019
1.0019
1.0019
1.0019
1.00191
1.00191
1.00191
1.00191
1.00191
1.00191
1.00191
1.00192
1.00192
1.00192
1.00193
1.00193
1.00194
1.00194
1.00194
1.00194
1.00195
1.00193
1.00188
1.00189
1.00191
1.00176
1.00169
1.00172
1.00159
1.00145
1.00147
1.00137
1.00128
1.00127
1.00119
1.00118
1.00123
1.00116
1.00106
1.00107
1.00109
1.00104
1.00095
1.00097
1.001
1.00097
1.00095
1.00096
1.00096
1.00094
1.00093
1.00093
1.00092
1.0009
1.00089
1.00088
1.00087
1.00086
1.00085
1.00083
1.00081
1.0008
1.00079
1.00075
1.00073
1.00073
1.00074
1.00073
1.00072
1.00072
1.00074
1.00075
1.00072
1.00071
1.00071
1.0007
1.00068
1.00067
1.00067
1.00064
1.00066
1.00066
1.00065
1.00066
1.00065
1.00064
1.00064
1.00063
1.00062
1.00061
1.0006
1.00059
1.00057
1.00056
1.00055
1.00054
1.00053
1.00053
1.00053
1.00053
1.00052
1.00051
1.00052
1.00051
1.0005
1.00049
1.00048
1.00047
1.00046
1.00045
1.00044
1.00043
1.00041
1.0004
1.00038
1.00037
1.00036
1.00035
1.00033
1.00032
1.00032
1.00031
1.0003
1.00032
1.00032
1.00032
1.00033
1.00034
1.00035
1.00034
1.00035
1.00036
1.00036
1.00036
1.00037
1.00037
1.00037
1.00037
1.00037
1.00037
1.00037
1.00037
1.00037
1.00036
1.00036
1.00036
1.00036
1.00035
1.00035
1.00035
1.00035
1.00034
1.00034
1.00034
1.00033
1.00033
1.00033
1.00033
1.00032
1.00032
1.00032
1.00031
1.00031
1.00031
1.0003
1.0003
1.0003
1.0003
1.00029
1.00029
1.00029
1.00028
1.00028
1.00028
1.00027
1.00027
1.00027
1.00027
1.00026
1.00026
1.00026
1.00026
1.00025
1.00025
1.00025
1.00024
1.00024
1.00024
1.00024
1.00023
1.00023
1.00023
1.00023
1.00022
1.00022
1.00022
1.00021
1.00021
1.00021
1.00021
1.0002
1.0002
1.0002
1.0002
1.00019
1.00019
1.00019
1.00019
1.00018
1.00018
1.00018
1.00018
1.00017
1.00017
1.00017
1.00017
1.00016
1.00016
1.00016
1.00016
1.00015
1.00015
1.00015
1.00015
1.00014
1.00014
1.00014
1.00014
1.00013
1.00013
1.00013
1.00013
1.00012
1.00012
1.00012
1.00012
1.00012
1.00011
1.00011
1.00011
1.00011
1.0001
1.0001
1.0001
1.0001
1.0001
1.00009
1.00009
1.00009
1.00009
1.00008
1.00008
1.00008
1.00008
1.00008
1.00008
1.00007
1.00044
1.00078
1.00202
1.00203
1.00203
1.00202
1.00203
1.00203
1.00201
1.00201
1.00202
1.00201
1.002
1.00201
1.002
1.00199
1.00199
1.00199
1.00198
1.00197
1.00198
1.00197
1.00196
1.00196
1.00196
1.00195
1.00194
1.00195
1.00194
1.00193
1.00193
1.00193
1.00193
1.00192
1.00192
1.00192
1.00192
1.00191
1.00191
1.00191
1.00191
1.00191
1.00191
1.00191
1.00191
1.00191
1.00191
1.00191
1.00191
1.00191
1.00192
1.00192
1.00192
1.00193
1.00193
1.00192
1.00194
1.00196
1.00195
1.00194
1.00197
1.00198
1.00195
1.00197
1.00199
1.00195
1.00194
1.00191
1.00181
1.00176
1.0017
1.00162
1.00143
1.00148
1.00133
1.00117
1.00125
1.00126
1.0011
1.00112
1.00122
1.00117
1.00111
1.00095
1.00097
1.00101
1.00097
1.00096
1.00097
1.00097
1.00095
1.00095
1.00094
1.00093
1.00092
1.00091
1.00091
1.00089
1.00088
1.00087
1.00086
1.00084
1.00083
1.00082
1.0008
1.00077
1.00078
1.00075
1.00069
1.00071
1.00068
1.00073
1.00075
1.00073
1.00073
1.00073
1.00072
1.00071
1.0007
1.00068
1.00066
1.00065
1.00066
1.00065
1.00064
1.00064
1.00066
1.00066
1.00064
1.00064
1.00064
1.00063
1.00061
1.0006
1.00059
1.00058
1.00055
1.00055
1.00054
1.00052
1.00053
1.00053
1.00052
1.00053
1.00052
1.00051
1.00051
1.0005
1.00049
1.00048
1.00047
1.00046
1.00045
1.00044
1.00043
1.00041
1.0004
1.00039
1.00037
1.00035
1.00034
1.00032
1.00031
1.0003
1.00029
1.0003
1.00031
1.0003
1.0003
1.00033
1.00034
1.00034
1.00035
1.00036
1.00036
1.00036
1.00037
1.00037
1.00037
1.00037
1.00037
1.00037
1.00037
1.00037
1.00037
1.00037
1.00036
1.00036
1.00036
1.00036
1.00036
1.00035
1.00035
1.00035
1.00034
1.00034
1.00034
1.00034
1.00033
1.00033
1.00033
1.00032
1.00032
1.00032
1.00031
1.00031
1.00031
1.0003
1.0003
1.0003
1.0003
1.00029
1.00029
1.00029
1.00028
1.00028
1.00028
1.00028
1.00027
1.00027
1.00027
1.00026
1.00026
1.00026
1.00026
1.00025
1.00025
1.00025
1.00024
1.00024
1.00024
1.00024
1.00023
1.00023
1.00023
1.00023
1.00022
1.00022
1.00022
1.00021
1.00021
1.00021
1.00021
1.0002
1.0002
1.0002
1.0002
1.00019
1.00019
1.00019
1.00019
1.00018
1.00018
1.00018
1.00018
1.00017
1.00017
1.00017
1.00017
1.00016
1.00016
1.00016
1.00016
1.00015
1.00015
1.00015
1.00015
1.00014
1.00014
1.00014
1.00014
1.00013
1.00013
1.00013
1.00013
1.00012
1.00012
1.00012
1.00012
1.00012
1.00011
1.00011
1.00011
1.00011
1.0001
1.0001
1.0001
1.0001
1.0001
1.00009
1.00009
1.00009
1.00009
1.00009
1.00008
1.00008
1.00008
1.00008
1.00008
1.00007
1.00045
1.00078
1.00203
1.00202
1.00202
1.00203
1.00202
1.00201
1.00202
1.00202
1.00201
1.002
1.00201
1.002
1.00199
1.002
1.002
1.00198
1.00198
1.00198
1.00197
1.00196
1.00197
1.00196
1.00195
1.00195
1.00195
1.00195
1.00194
1.00194
1.00194
1.00193
1.00193
1.00193
1.00192
1.00192
1.00192
1.00192
1.00192
1.00191
1.00191
1.00191
1.00191
1.00191
1.00191
1.00191
1.00191
1.00191
1.00192
1.00192
1.00192
1.00192
1.00193
1.00193
1.00194
1.00194
1.00195
1.00196
1.00196
1.00198
1.00199
1.00199
1.00201
1.00201
1.00201
1.00204
1.00198
1.00188
1.00197
1.00191
1.00155
1.00156
1.00157
1.00141
1.00135
1.00128
1.00105
1.00111
1.00118
1.00115
1.0012
1.00123
1.00111
1.00095
1.00091
1.00098
1.00098
1.00095
1.00096
1.00096
1.00095
1.00094
1.00094
1.00093
1.00092
1.00091
1.0009
1.00089
1.00088
1.00087
1.00086
1.00084
1.00083
1.00082
1.0008
1.00078
1.00078
1.00075
1.00069
1.00064
1.00067
1.00073
1.00076
1.00074
1.00073
1.00074
1.00073
1.00071
1.00069
1.0007
1.00068
1.00062
1.00064
1.00061
1.00065
1.00068
1.00066
1.00065
1.00066
1.00065
1.00063
1.00063
1.00062
1.0006
1.00059
1.00058
1.00055
1.00053
1.00053
1.00053
1.00052
1.00052
1.00051
1.00053
1.00053
1.00051
1.00051
1.00051
1.0005
1.00048
1.00047
1.00046
1.00045
1.00044
1.00042
1.00041
1.0004
1.00038
1.00036
1.00035
1.00033
1.00031
1.0003
1.00027
1.00029
1.0003
1.00028
1.0003
1.00032
1.00032
1.00032
1.00034
1.00035
1.00036
1.00035
1.00036
1.00037
1.00037
1.00037
1.00037
1.00037
1.00037
1.00037
1.00037
1.00037
1.00037
1.00037
1.00036
1.00036
1.00036
1.00036
1.00035
1.00035
1.00035
1.00035
1.00034
1.00034
1.00034
1.00033
1.00033
1.00033
1.00032
1.00032
1.00032
1.00031
1.00031
1.00031
1.00031
1.0003
1.0003
1.0003
1.00029
1.00029
1.00029
1.00028
1.00028
1.00028
1.00028
1.00027
1.00027
1.00027
1.00026
1.00026
1.00026
1.00026
1.00025
1.00025
1.00025
1.00024
1.00024
1.00024
1.00024
1.00023
1.00023
1.00023
1.00023
1.00022
1.00022
1.00022
1.00022
1.00021
1.00021
1.00021
1.0002
1.0002
1.0002
1.0002
1.00019
1.00019
1.00019
1.00019
1.00018
1.00018
1.00018
1.00018
1.00017
1.00017
1.00017
1.00017
1.00016
1.00016
1.00016
1.00016
1.00015
1.00015
1.00015
1.00015
1.00014
1.00014
1.00014
1.00014
1.00013
1.00013
1.00013
1.00013
1.00012
1.00012
1.00012
1.00012
1.00012
1.00011
1.00011
1.00011
1.00011
1.0001
1.0001
1.0001
1.0001
1.0001
1.00009
1.00009
1.00009
1.00009
1.00009
1.00008
1.00008
1.00008
1.00008
1.00008
1.00008
1.00047
1.00078
1.00203
1.00202
1.00202
1.00202
1.00202
1.00202
1.00202
1.00201
1.00201
1.00201
1.00201
1.00199
1.002
1.002
1.00199
1.00198
1.00199
1.00198
1.00197
1.00197
1.00197
1.00196
1.00195
1.00196
1.00195
1.00194
1.00194
1.00194
1.00194
1.00193
1.00193
1.00193
1.00192
1.00192
1.00192
1.00192
1.00192
1.00192
1.00192
1.00191
1.00191
1.00191
1.00191
1.00192
1.00191
1.00192
1.00192
1.00192
1.00192
1.00193
1.00194
1.00193
1.00194
1.00196
1.00196
1.00196
1.00199
1.00201
1.00199
1.002
1.00207
1.00206
1.00202
1.00207
1.00212
1.00204
1.00194
1.00179
1.00177
1.00161
1.0016
1.00129
1.0013
1.00132
1.00106
1.00098
1.00116
1.00117
1.00107
1.00125
1
1
1
1
1
1
1
1
1
1
1
1
1
1
1
1
1
1
1
1
1
1
1
1
1
1
1
1.00056
1.00079
1.00077
1.00072
1.00075
1.00076
1.00074
1.00073
1.00072
1.0007
1.0007
1.00068
1.00063
1.00058
1.0006
1.00065
1.00068
1.00066
1.00065
1.00066
1.00065
1.00064
1.00062
1.00062
1.00061
1.00059
1.00057
1.00057
1.00055
1.0005
1.00051
1.00049
1.00052
1.00054
1.00053
1.00052
1.00053
1.00052
1.0005
1.0005
1.00049
1.00048
1.00046
1.00045
1.00044
1.00043
1.00042
1.0004
1.00038
1.00037
1.00036
1.00032
1.00029
1.00029
1.00029
1.00027
1.00027
1.00026
1.0003
1.00032
1.00031
1.00033
1.00034
1.00034
1.00035
1.00036
1.00037
1.00037
1.00037
1.00038
1.00037
1.00037
1.00038
1.00037
1.00037
1.00037
1.00037
1.00037
1.00036
1.00036
1.00036
1.00036
1.00036
1.00035
1.00035
1.00035
1.00034
1.00034
1.00034
1.00033
1.00033
1.00033
1.00032
1.00032
1.00032
1.00032
1.00031
1.00031
1.00031
1.0003
1.0003
1.0003
1.00029
1.00029
1.00029
1.00029
1.00028
1.00028
1.00028
1.00027
1.00027
1.00027
1.00026
1.00026
1.00026
1.00026
1.00025
1.00025
1.00025
1.00025
1.00024
1.00024
1.00024
1.00023
1.00023
1.00023
1.00023
1.00022
1.00022
1.00022
1.00022
1.00021
1.00021
1.00021
1.0002
1.0002
1.0002
1.0002
1.00019
1.00019
1.00019
1.00019
1.00018
1.00018
1.00018
1.00018
1.00017
1.00017
1.00017
1.00017
1.00016
1.00016
1.00016
1.00016
1.00015
1.00015
1.00015
1.00015
1.00014
1.00014
1.00014
1.00014
1.00013
1.00013
1.00013
1.00013
1.00012
1.00012
1.00012
1.00012
1.00012
1.00011
1.00011
1.00011
1.00011
1.0001
1.0001
1.0001
1.0001
1.0001
1.00009
1.00009
1.00009
1.00009
1.00009
1.00008
1.00008
1.00008
1.00008
1.00008
1.00008
1.00048
1.00078
1.00202
1.00202
1.00202
1.00201
1.00202
1.00202
1.00201
1.002
1.00201
1.00201
1.00199
1.002
1.002
1.00199
1.00198
1.00199
1.00198
1.00197
1.00197
1.00197
1.00196
1.00196
1.00196
1.00195
1.00195
1.00195
1.00195
1.00194
1.00193
1.00194
1.00193
1.00193
1.00193
1.00193
1.00192
1.00192
1.00192
1.00192
1.00192
1.00192
1.00192
1.00192
1.00192
1.00192
1.00192
1.00192
1.00192
1.00193
1.00193
1.00193
1.00194
1.00195
1.00196
1.00196
1.00197
1.00199
1.002
1.002
1.00203
1.00206
1.00205
1.00208
1.00213
1.00213
1.00213
1.0022
1.00202
1.00181
1.00211
1.00158
1.00123
1.00125
1.00143
1
1
1
1
1
1
1
1
1
1
1
1
1
1
1
1
1
1
1
1
1
1
1
1
1
1
1
1
1
1
1
1
1
1
1
1
1
1
1
1
1
1
1
1
1
1
1
1.00051
1.00071
1.00069
1.00064
1.00067
1.00068
1.00066
1.00065
1.00065
1.00063
1.00062
1.00061
1.00059
1.00058
1.00058
1.00055
1.0005
1.00046
1.00048
1.00052
1.00055
1.00053
1.00052
1.00053
1.00052
1.00051
1.0005
1.00049
1.00048
1.00046
1.00045
1.00044
1.00043
1.00041
1.0004
1.00039
1.00037
1.00034
1.00034
1.00032
1.00026
1.00026
1.00022
1.00025
1.00031
1.00029
1.00028
1.0003
1.00034
1.00034
1.00034
1.00035
1.00037
1.00037
1.00037
1.00037
1.00038
1.00037
1.00037
1.00038
1.00038
1.00037
1.00037
1.00037
1.00037
1.00037
1.00036
1.00036
1.00036
1.00036
1.00035
1.00035
1.00035
1.00034
1.00034
1.00034
1.00033
1.00033
1.00033
1.00033
1.00032
1.00032
1.00032
1.00031
1.00031
1.00031
1.0003
1.0003
1.0003
1.00029
1.00029
1.00029
1.00029
1.00028
1.00028
1.00028
1.00027
1.00027
1.00027
1.00026
1.00026
1.00026
1.00026
1.00025
1.00025
1.00025
1.00025
1.00024
1.00024
1.00024
1.00023
1.00023
1.00023
1.00023
1.00022
1.00022
1.00022
1.00022
1.00021
1.00021
1.00021
1.0002
1.0002
1.0002
1.0002
1.00019
1.00019
1.00019
1.00019
1.00018
1.00018
1.00018
1.00018
1.00017
1.00017
1.00017
1.00017
1.00016
1.00016
1.00016
1.00016
1.00015
1.00015
1.00015
1.00015
1.00014
1.00014
1.00014
1.00014
1.00013
1.00013
1.00013
1.00013
1.00012
1.00012
1.00012
1.00012
1.00012
1.00011
1.00011
1.00011
1.00011
1.0001
1.0001
1.0001
1.0001
1.0001
1.00009
1.00009
1.00009
1.00009
1.00009
1.00008
1.00008
1.00008
1.00008
1.00008
1.00008
1.00049
1.00078
1.00202
1.00202
1.00202
1.00202
1.00202
1.00201
1.00201
1.00201
1.00201
1.002
1.002
1.002
1.00199
1.00199
1.00199
1.00198
1.00198
1.00198
1.00198
1.00197
1.00196
1.00196
1.00196
1.00195
1.00195
1.00195
1.00194
1.00194
1.00194
1.00194
1.00193
1.00193
1.00193
1.00192
1.00192
1.00192
1.00192
1.00192
1.00192
1.00192
1.00192
1.00192
1.00192
1.00192
1.00192
1.00192
1.00192
1.00193
1.00194
1.00194
1.00194
1.00196
1.00196
1.00196
1.00198
1.002
1.002
1.00201
1.00206
1.00208
1.00206
1.00211
1.00221
1.00217
1.00213
1.00235
1.0024
1.00208
1.0015
1.00164
1
1
1
1
1
1
1
1
1
1
1
1
1
1
1
1
1
1
1
1
1
1
1
1
1
1
1
1
1
1
1
1
1
1
1
1
1
1
1
1
1
1
1
1
1
1
1
1
1
1
1
1
1
1
1
1
1
1
1
1
1
1
1
1
1
1
1
1.00039
1.00058
1.00055
1.00052
1.00054
1.00055
1.00053
1.00051
1.00051
1.0005
1.00049
1.00048
1.00047
1.00046
1.00044
1.00043
1.00041
1.0004
1.00039
1.00037
1.00035
1.00036
1.00032
1.00025
1.00021
1.00023
1.00024
1.00027
1.00024
1.00029
1.00033
1.00032
1.00032
1.00036
1.00036
1.00035
1.00036
1.00038
1.00037
1.00037
1.00038
1.00038
1.00037
1.00037
1.00038
1.00037
1.00037
1.00037
1.00037
1.00036
1.00036
1.00036
1.00036
1.00035
1.00035
1.00035
1.00035
1.00034
1.00034
1.00034
1.00033
1.00033
1.00033
1.00032
1.00032
1.00032
1.00031
1.00031
1.00031
1.0003
1.0003
1.0003
1.00029
1.00029
1.00029
1.00029
1.00028
1.00028
1.00028
1.00027
1.00027
1.00027
1.00027
1.00026
1.00026
1.00026
1.00025
1.00025
1.00025
1.00025
1.00024
1.00024
1.00024
1.00023
1.00023
1.00023
1.00023
1.00022
1.00022
1.00022
1.00022
1.00021
1.00021
1.00021
1.00021
1.0002
1.0002
1.0002
1.00019
1.00019
1.00019
1.00019
1.00018
1.00018
1.00018
1.00018
1.00017
1.00017
1.00017
1.00017
1.00016
1.00016
1.00016
1.00016
1.00015
1.00015
1.00015
1.00015
1.00014
1.00014
1.00014
1.00014
1.00013
1.00013
1.00013
1.00013
1.00013
1.00012
1.00012
1.00012
1.00012
1.00011
1.00011
1.00011
1.00011
1.0001
1.0001
1.0001
1.0001
1.0001
1.00009
1.00009
1.00009
1.00009
1.00009
1.00008
1.00008
1.00008
1.00008
1.00008
1.00008
1.0005
1.00078
1.00202
1.00201
1.00201
1.00202
1.00202
1.00201
1.00201
1.00201
1.002
1.002
1.00201
1.002
1.00199
1.002
1.00199
1.00198
1.00198
1.00198
1.00197
1.00196
1.00197
1.00196
1.00195
1.00195
1.00195
1.00195
1.00194
1.00194
1.00194
1.00193
1.00193
1.00193
1.00193
1.00192
1.00192
1.00192
1.00192
1.00192
1.00192
1.00192
1.00192
1.00192
1.00192
1.00192
1.00192
1.00192
1.00193
1.00193
1.00193
1.00194
1.00195
1.00195
1.00196
1.00198
1.00199
1.00199
1.00202
1.00205
1.00204
1.00206
1.00214
1.00216
1.00214
1.00225
1.00238
1.00229
1.00232
1.00277
1
1
1
1
1
1
1
1
1
1
1
1
1
1
1
1
1
1
1
1
1
1
1
1
1
1
1
1
1
1
1
1
1
1
1
1
1
1
1
1
1
1
1
1
1
1
1
1
1
1
1
1
1
1
1
1
1
1
1
1
1
1
1
1
1
1
1
1
1
1
1
1
1
1
1
1
1
1
1
1
1
1
1
1
1
1
1
1
1
1
1
1
1
1.00016
1.00035
1.00029
1.00017
1.00022
1.00029
1.00032
1.00032
1.00034
1.00035
1.00036
1.00036
1.00037
1.00037
1.00037
1.00038
1.00038
1.00038
1.00038
1.00038
1.00038
1.00037
1.00037
1.00037
1.00037
1.00037
1.00036
1.00036
1.00036
1.00035
1.00035
1.00035
1.00035
1.00034
1.00034
1.00034
1.00033
1.00033
1.00033
1.00032
1.00032
1.00032
1.00031
1.00031
1.00031
1.0003
1.0003
1.0003
1.00029
1.00029
1.00029
1.00029
1.00028
1.00028
1.00028
1.00027
1.00027
1.00027
1.00027
1.00026
1.00026
1.00026
1.00025
1.00025
1.00025
1.00025
1.00024
1.00024
1.00024
1.00023
1.00023
1.00023
1.00023
1.00022
1.00022
1.00022
1.00022
1.00021
1.00021
1.00021
1.00021
1.0002
1.0002
1.0002
1.00019
1.00019
1.00019
1.00019
1.00018
1.00018
1.00018
1.00018
1.00017
1.00017
1.00017
1.00017
1.00016
1.00016
1.00016
1.00016
1.00015
1.00015
1.00015
1.00015
1.00014
1.00014
1.00014
1.00014
1.00013
1.00013
1.00013
1.00013
1.00013
1.00012
1.00012
1.00012
1.00012
1.00011
1.00011
1.00011
1.00011
1.0001
1.0001
1.0001
1.0001
1.0001
1.00009
1.00009
1.00009
1.00009
1.00009
1.00008
1.00008
1.00008
1.00008
1.00008
1.00008
1.00051
1.00078
1.00202
1.00202
1.00202
1.00201
1.00201
1.00201
1.00201
1.00201
1.00201
1.00201
1.002
1.002
1.002
1.00199
1.00198
1.00199
1.00198
1.00197
1.00197
1.00197
1.00196
1.00196
1.00196
1.00196
1.00195
1.00195
1.00195
1.00194
1.00194
1.00194
1.00193
1.00193
1.00193
1.00193
1.00192
1.00192
1.00192
1.00192
1.00192
1.00192
1.00192
1.00192
1.00192
1.00192
1.00192
1.00193
1.00193
1.00193
1.00194
1.00194
1.00195
1.00195
1.00196
1.00198
1.00199
1.00199
1.00202
1.00205
1.00205
1.00208
1.00214
1.00216
1.00217
1.00227
1.00238
1.00235
1.00253
1.00289
1
1
1
1
1
1
1
1
1
1
1
1
1
1
1
1
1
1
1
1
1
1
1
1
1
1
1
1
1
1
1
1
1
1
1
1
1
1
1
1
1
1
1
1
1
1
1
1
1
1
1
1
1
1
1
1
1
1
1
1
1
1
1
1
1
1
1
1
1
1
1
1
1
1
1
1
1
1
1
1
1
1
1
1
1
1
1
1
1
1
1
1
1
1
1
1
1.00013
1.00032
1.00029
1.00027
1.00033
1.00036
1.00034
1.00035
1.00037
1.00037
1.00036
1.00037
1.00038
1.00038
1.00037
1.00038
1.00038
1.00037
1.00037
1.00037
1.00037
1.00037
1.00037
1.00036
1.00036
1.00036
1.00036
1.00035
1.00035
1.00035
1.00034
1.00034
1.00034
1.00033
1.00033
1.00033
1.00032
1.00032
1.00032
1.00031
1.00031
1.00031
1.0003
1.0003
1.0003
1.0003
1.00029
1.00029
1.00029
1.00028
1.00028
1.00028
1.00027
1.00027
1.00027
1.00027
1.00026
1.00026
1.00026
1.00025
1.00025
1.00025
1.00025
1.00024
1.00024
1.00024
1.00023
1.00023
1.00023
1.00023
1.00022
1.00022
1.00022
1.00022
1.00021
1.00021
1.00021
1.00021
1.0002
1.0002
1.0002
1.00019
1.00019
1.00019
1.00019
1.00018
1.00018
1.00018
1.00018
1.00017
1.00017
1.00017
1.00017
1.00016
1.00016
1.00016
1.00016
1.00015
1.00015
1.00015
1.00015
1.00014
1.00014
1.00014
1.00014
1.00013
1.00013
1.00013
1.00013
1.00013
1.00012
1.00012
1.00012
1.00012
1.00011
1.00011
1.00011
1.00011
1.0001
1.0001
1.0001
1.0001
1.0001
1.00009
1.00009
1.00009
1.00009
1.00009
1.00008
1.00008
1.00008
1.00008
1.00008
1.00008
1.00051
1.00078
1.00201
1.00202
1.00202
1.00201
1.00201
1.00202
1.00201
1.002
1.00201
1.002
1.002
1.002
1.002
1.00199
1.00198
1.00199
1.00198
1.00197
1.00197
1.00197
1.00196
1.00196
1.00196
1.00195
1.00195
1.00195
1.00195
1.00194
1.00194
1.00194
1.00193
1.00193
1.00193
1.00193
1.00192
1.00192
1.00192
1.00192
1.00192
1.00192
1.00192
1.00192
1.00192
1.00192
1.00193
1.00193
1.00193
1.00193
1.00194
1.00194
1.00195
1.00196
1.00197
1.00197
1.00199
1.00202
1.00202
1.00202
1.00208
1.00211
1.00209
1.00215
1.00227
1.00226
1.00224
1.00244
1.0026
1.00249
1.0023
1
1
1
1
1
1
1
1
1
1
1
1
1
1
1
1
1
1
1
1
1
1
1
1
1
1
1
1
1
1
1
1
1
1
1
1
1
1
1
1
1
1
1
1
1
1
1
1
1
1
1
1
1
1
1
1
1
1
1
1
1
1
1
1
1
1
1
1
1
1
1
1
1
1
1
1
1
1
1
1
1
1
1
1
1
1
1
1
1
1
1.00021
1.00031
1.00031
1.0003
1.00029
1.00022
1.00022
1.00027
1.00033
1.00033
1.00033
1.00035
1.00036
1.00036
1.00036
1.00037
1.00038
1.00037
1.00038
1.00038
1.00038
1.00037
1.00038
1.00037
1.00037
1.00037
1.00037
1.00037
1.00036
1.00036
1.00036
1.00035
1.00035
1.00035
1.00035
1.00034
1.00034
1.00034
1.00033
1.00033
1.00033
1.00032
1.00032
1.00032
1.00031
1.00031
1.00031
1.0003
1.0003
1.0003
1.0003
1.00029
1.00029
1.00029
1.00028
1.00028
1.00028
1.00027
1.00027
1.00027
1.00027
1.00026
1.00026
1.00026
1.00025
1.00025
1.00025
1.00025
1.00024
1.00024
1.00024
1.00023
1.00023
1.00023
1.00023
1.00022
1.00022
1.00022
1.00022
1.00021
1.00021
1.00021
1.00021
1.0002
1.0002
1.0002
1.0002
1.00019
1.00019
1.00019
1.00018
1.00018
1.00018
1.00018
1.00017
1.00017
1.00017
1.00017
1.00016
1.00016
1.00016
1.00016
1.00015
1.00015
1.00015
1.00015
1.00014
1.00014
1.00014
1.00014
1.00013
1.00013
1.00013
1.00013
1.00013
1.00012
1.00012
1.00012
1.00012
1.00011
1.00011
1.00011
1.00011
1.0001
1.0001
1.0001
1.0001
1.0001
1.00009
1.00009
1.00009
1.00009
1.00009
1.00008
1.00008
1.00008
1.00008
1.00008
1.00008
1.00052
1.00078
1.00202
1.00201
1.00201
1.00202
1.00201
1.00201
1.00201
1.00201
1.002
1.002
1.002
1.002
1.00199
1.00199
1.00199
1.00198
1.00198
1.00198
1.00197
1.00197
1.00197
1.00196
1.00196
1.00195
1.00195
1.00195
1.00194
1.00194
1.00194
1.00193
1.00193
1.00193
1.00193
1.00193
1.00193
1.00192
1.00192
1.00192
1.00192
1.00192
1.00192
1.00192
1.00192
1.00192
1.00192
1.00193
1.00193
1.00193
1.00194
1.00194
1.00195
1.00196
1.00197
1.00198
1.00199
1.00201
1.00202
1.00203
1.00207
1.00209
1.00211
1.00215
1.0022
1.00222
1.00229
1.00241
1.00234
1.00227
1.00241
1.00219
1
1
1
1
1
1
1
1
1
1
1
1
1
1
1
1
1
1
1
1
1
1
1
1
1
1
1
1
1
1
1
1
1
1
1
1
1
1
1
1
1
1
1
1
1
1
1
1
1
1
1
1
1
1
1
1
1
1
1
1
1
1
1
1
1
1
1
1
1
1
1
1
1
1
1
1
1
1
1
1
1
1
1
1
1.00019
1.00031
1.00031
1.00028
1.00027
1.00025
1.00025
1.00028
1.0003
1.00027
1.00026
1.00024
1.0003
1.00033
1.00031
1.00033
1.00036
1.00036
1.00035
1.00037
1.00038
1.00037
1.00037
1.00038
1.00038
1.00037
1.00037
1.00038
1.00037
1.00037
1.00037
1.00037
1.00036
1.00036
1.00036
1.00036
1.00035
1.00035
1.00035
1.00035
1.00034
1.00034
1.00034
1.00033
1.00033
1.00033
1.00032
1.00032
1.00032
1.00031
1.00031
1.00031
1.0003
1.0003
1.0003
1.0003
1.00029
1.00029
1.00029
1.00028
1.00028
1.00028
1.00027
1.00027
1.00027
1.00027
1.00026
1.00026
1.00026
1.00025
1.00025
1.00025
1.00025
1.00024
1.00024
1.00024
1.00023
1.00023
1.00023
1.00023
1.00022
1.00022
1.00022
1.00022
1.00021
1.00021
1.00021
1.00021
1.0002
1.0002
1.0002
1.0002
1.00019
1.00019
1.00019
1.00018
1.00018
1.00018
1.00018
1.00017
1.00017
1.00017
1.00017
1.00016
1.00016
1.00016
1.00016
1.00015
1.00015
1.00015
1.00015
1.00014
1.00014
1.00014
1.00014
1.00013
1.00013
1.00013
1.00013
1.00013
1.00012
1.00012
1.00012
1.00012
1.00011
1.00011
1.00011
1.00011
1.0001
1.0001
1.0001
1.0001
1.0001
1.00009
1.00009
1.00009
1.00009
1.00009
1.00008
1.00008
1.00008
1.00008
1.00008
1.00008
1.00052
1.00078
1.00202
1.00201
1.00201
1.00202
1.00201
1.00201
1.00201
1.00201
1.002
1.002
1.002
1.002
1.00199
1.00199
1.00199
1.00198
1.00198
1.00198
1.00197
1.00197
1.00197
1.00196
1.00196
1.00195
1.00195
1.00195
1.00194
1.00194
1.00194
1.00193
1.00193
1.00193
1.00193
1.00193
1.00192
1.00192
1.00192
1.00192
1.00192
1.00192
1.00192
1.00192
1.00192
1.00192
1.00192
1.00193
1.00193
1.00193
1.00193
1.00194
1.00195
1.00195
1.00196
1.00198
1.00199
1.00199
1.00202
1.00205
1.00204
1.00206
1.00213
1.00215
1.00213
1.0022
1.00229
1.00227
1.00221
1.00222
1.00229
1.00212
1.00164
1.00171
1
1
1
1
1
1
1
1
1
1
1
1
1
1
1
1
1
1
1
1
1
1
1
1
1
1
1
1
1
1
1
1
1
1
1
1
1
1
1
1
1
1
1
1
1
1
1
1
1
1
1
1
1
1
1
1
1
1
1
1
1
1
1
1
1
1
1
1
1
1
1
1
1
1
1
1
1
1.00017
1.0003
1.00031
1.00027
1.00026
1.00024
1.00024
1.00028
1.0003
1.00026
1.00026
1.00027
1.00028
1.00028
1.00026
1.00029
1.0003
1.00029
1.00029
1.00033
1.00035
1.00034
1.00034
1.00036
1.00037
1.00036
1.00037
1.00038
1.00037
1.00037
1.00038
1.00038
1.00037
1.00037
1.00037
1.00037
1.00037
1.00036
1.00036
1.00036
1.00036
1.00035
1.00035
1.00035
1.00034
1.00034
1.00034
1.00034
1.00033
1.00033
1.00033
1.00032
1.00032
1.00032
1.00031
1.00031
1.00031
1.0003
1.0003
1.0003
1.00029
1.00029
1.00029
1.00029
1.00028
1.00028
1.00028
1.00027
1.00027
1.00027
1.00027
1.00026
1.00026
1.00026
1.00025
1.00025
1.00025
1.00025
1.00024
1.00024
1.00024
1.00024
1.00023
1.00023
1.00023
1.00022
1.00022
1.00022
1.00022
1.00021
1.00021
1.00021
1.00021
1.0002
1.0002
1.0002
1.0002
1.00019
1.00019
1.00019
1.00018
1.00018
1.00018
1.00018
1.00017
1.00017
1.00017
1.00017
1.00016
1.00016
1.00016
1.00016
1.00015
1.00015
1.00015
1.00015
1.00014
1.00014
1.00014
1.00014
1.00013
1.00013
1.00013
1.00013
1.00013
1.00012
1.00012
1.00012
1.00012
1.00011
1.00011
1.00011
1.00011
1.0001
1.0001
1.0001
1.0001
1.0001
1.00009
1.00009
1.00009
1.00009
1.00009
1.00008
1.00008
1.00008
1.00008
1.00008
1.00008
1.00052
1.00078
1.00201
1.00202
1.00202
1.00201
1.00201
1.00202
1.00201
1.002
1.00201
1.002
1.002
1.002
1.002
1.00199
1.00198
1.00199
1.00198
1.00197
1.00197
1.00197
1.00196
1.00196
1.00196
1.00195
1.00195
1.00195
1.00195
1.00194
1.00194
1.00194
1.00193
1.00193
1.00193
1.00193
1.00192
1.00192
1.00192
1.00192
1.00192
1.00192
1.00192
1.00192
1.00192
1.00192
1.00192
1.00192
1.00193
1.00193
1.00194
1.00194
1.00195
1.00195
1.00196
1.00197
1.00198
1.002
1.00201
1.00202
1.00204
1.00207
1.00208
1.0021
1.00214
1.00219
1.00216
1.00214
1.00226
1.00219
1.00187
1.00199
1.00215
1.00161
1.00142
1.00174
1
1
1
1
1
1
1
1
1
1
1
1
1
1
1
1
1
1
1
1
1
1
1
1
1
1
1
1
1
1
1
1
1
1
1
1
1
1
1
1
1
1
1
1
1
1
1
1
1
1
1
1
1
1
1
1
1
1
1
1
1
1
1
1
1
1
1
1
1
1
1.00016
1.00031
1.0003
1.00026
1.00025
1.00023
1.00022
1.00027
1.0003
1.00024
1.00026
1.00026
1.00027
1.00027
1.00027
1.00028
1.00028
1.00027
1.00027
1.00028
1.00028
1.00029
1.0003
1.00031
1.00033
1.00033
1.00034
1.00035
1.00036
1.00036
1.00036
1.00037
1.00037
1.00037
1.00037
1.00037
1.00037
1.00037
1.00037
1.00037
1.00037
1.00036
1.00036
1.00036
1.00036
1.00036
1.00035
1.00035
1.00035
1.00034
1.00034
1.00034
1.00033
1.00033
1.00033
1.00033
1.00032
1.00032
1.00032
1.00031
1.00031
1.00031
1.0003
1.0003
1.0003
1.00029
1.00029
1.00029
1.00029
1.00028
1.00028
1.00028
1.00027
1.00027
1.00027
1.00027
1.00026
1.00026
1.00026
1.00025
1.00025
1.00025
1.00025
1.00024
1.00024
1.00024
1.00024
1.00023
1.00023
1.00023
1.00022
1.00022
1.00022
1.00022
1.00021
1.00021
1.00021
1.00021
1.0002
1.0002
1.0002
1.0002
1.00019
1.00019
1.00019
1.00018
1.00018
1.00018
1.00018
1.00017
1.00017
1.00017
1.00017
1.00016
1.00016
1.00016
1.00016
1.00015
1.00015
1.00015
1.00015
1.00014
1.00014
1.00014
1.00014
1.00013
1.00013
1.00013
1.00013
1.00013
1.00012
1.00012
1.00012
1.00012
1.00011
1.00011
1.00011
1.00011
1.0001
1.0001
1.0001
1.0001
1.0001
1.00009
1.00009
1.00009
1.00009
1.00009
1.00008
1.00008
1.00008
1.00008
1.00008
1.00008
1.00053
1.00078
1.00202
1.00202
1.00202
1.00201
1.00201
1.00201
1.00201
1.00201
1.00201
1.00201
1.002
1.002
1.002
1.00199
1.00198
1.00198
1.00198
1.00197
1.00197
1.00197
1.00196
1.00196
1.00196
1.00196
1.00195
1.00195
1.00194
1.00194
1.00194
1.00194
1.00193
1.00193
1.00193
1.00193
1.00192
1.00192
1.00192
1.00192
1.00192
1.00192
1.00192
1.00192
1.00192
1.00192
1.00192
1.00192
1.00192
1.00193
1.00194
1.00194
1.00194
1.00195
1.00196
1.00196
1.00197
1.002
1.002
1.002
1.00203
1.00206
1.00205
1.00207
1.00211
1.00212
1.00212
1.00211
1.00209
1.00211
1.00201
1.00181
1.00179
1.00183
1.00184
1.00145
1.00131
1.00159
1
1
1
1
1
1
1
1
1
1
1
1
1
1
1
1
1
1
1
1
1
1
1
1
1
1
1
1
1
1
1
1
1
1
1
1
1
1
1
1
1
1
1
1
1
1
1
1
1
1
1
1
1
1
1
1
1
1
1
1
1
1.00017
1.00032
1.0003
1.00027
1.0003
1.0003
1.00025
1.0002
1.00022
1.00027
1.00029
1.00023
1.00025
1.00025
1.00026
1.00027
1.00026
1.00027
1.00028
1.00026
1.00026
1.00028
1.00028
1.00027
1.00027
1.00028
1.0003
1.00028
1.00029
1.00031
1.00032
1.00032
1.00032
1.00035
1.00036
1.00035
1.00036
1.00037
1.00037
1.00036
1.00037
1.00037
1.00037
1.00037
1.00037
1.00037
1.00037
1.00037
1.00036
1.00036
1.00036
1.00036
1.00035
1.00035
1.00035
1.00035
1.00034
1.00034
1.00034
1.00033
1.00033
1.00033
1.00032
1.00032
1.00032
1.00032
1.00031
1.00031
1.00031
1.0003
1.0003
1.0003
1.00029
1.00029
1.00029
1.00029
1.00028
1.00028
1.00028
1.00027
1.00027
1.00027
1.00027
1.00026
1.00026
1.00026
1.00025
1.00025
1.00025
1.00025
1.00024
1.00024
1.00024
1.00023
1.00023
1.00023
1.00023
1.00022
1.00022
1.00022
1.00022
1.00021
1.00021
1.00021
1.00021
1.0002
1.0002
1.0002
1.0002
1.00019
1.00019
1.00019
1.00018
1.00018
1.00018
1.00018
1.00017
1.00017
1.00017
1.00017
1.00016
1.00016
1.00016
1.00016
1.00015
1.00015
1.00015
1.00015
1.00014
1.00014
1.00014
1.00014
1.00013
1.00013
1.00013
1.00013
1.00013
1.00012
1.00012
1.00012
1.00012
1.00011
1.00011
1.00011
1.00011
1.0001
1.0001
1.0001
1.0001
1.0001
1.00009
1.00009
1.00009
1.00009
1.00009
1.00008
1.00008
1.00008
1.00008
1.00008
1.00008
1.00053
1.00078
1.00202
1.00201
1.00201
1.00202
1.00202
1.00201
1.00201
1.00201
1.002
1.002
1.00201
1.002
1.00199
1.00199
1.00199
1.00198
1.00198
1.00198
1.00197
1.00196
1.00197
1.00196
1.00195
1.00195
1.00195
1.00194
1.00194
1.00194
1.00194
1.00193
1.00193
1.00193
1.00193
1.00192
1.00192
1.00192
1.00192
1.00192
1.00192
1.00192
1.00192
1.00192
1.00192
1.00192
1.00192
1.00192
1.00192
1.00193
1.00193
1.00193
1.00194
1.00194
1.00195
1.00196
1.00197
1.00197
1.00199
1.00201
1.00201
1.00201
1.00204
1.00207
1.00206
1.00203
1.0021
1.00212
1.00196
1.00192
1.00207
1.0019
1.00166
1.00173
1.00169
1.00156
1.00164
1.00139
1.00119
1.00111
1.00124
1
1
1
1
1
1
1
1
1
1
1
1
1
1
1
1
1
1
1
1
1
1
1
1
1
1
1
1
1
1
1
1
1
1
1
1
1
1
1
1
1
1
1
1
1
1
1
1
1
1
1
1
1.00016
1.00033
1.0003
1.00029
1.0003
1.00026
1.00021
1.00024
1.00028
1.00029
1.00029
1.00028
1.00023
1.00025
1.00024
1.00025
1.00026
1.00025
1.00026
1.00027
1.00025
1.00025
1.00028
1.00027
1.00026
1.00027
1.00028
1.00028
1.00027
1.00028
1.00029
1.00028
1.00028
1.0003
1.0003
1.00031
1.00031
1.00032
1.00034
1.00034
1.00034
1.00035
1.00036
1.00036
1.00036
1.00037
1.00037
1.00037
1.00037
1.00037
1.00037
1.00037
1.00036
1.00036
1.00036
1.00036
1.00036
1.00035
1.00035
1.00035
1.00035
1.00034
1.00034
1.00034
1.00034
1.00033
1.00033
1.00033
1.00032
1.00032
1.00032
1.00031
1.00031
1.00031
1.00031
1.0003
1.0003
1.0003
1.00029
1.00029
1.00029
1.00028
1.00028
1.00028
1.00028
1.00027
1.00027
1.00027
1.00026
1.00026
1.00026
1.00026
1.00025
1.00025
1.00025
1.00025
1.00024
1.00024
1.00024
1.00023
1.00023
1.00023
1.00023
1.00022
1.00022
1.00022
1.00022
1.00021
1.00021
1.00021
1.00021
1.0002
1.0002
1.0002
1.0002
1.00019
1.00019
1.00019
1.00018
1.00018
1.00018
1.00018
1.00017
1.00017
1.00017
1.00017
1.00016
1.00016
1.00016
1.00016
1.00015
1.00015
1.00015
1.00015
1.00014
1.00014
1.00014
1.00014
1.00013
1.00013
1.00013
1.00013
1.00012
1.00012
1.00012
1.00012
1.00012
1.00011
1.00011
1.00011
1.00011
1.0001
1.0001
1.0001
1.0001
1.0001
1.00009
1.00009
1.00009
1.00009
1.00008
1.00008
1.00008
1.00008
1.00008
1.00008
1.00007
1.00052
1.00078
1.00202
1.00202
1.00202
1.00202
1.00202
1.00201
1.00201
1.00201
1.00201
1.002
1.002
1.002
1.00199
1.00199
1.00199
1.00198
1.00198
1.00198
1.00197
1.00197
1.00196
1.00196
1.00196
1.00195
1.00195
1.00195
1.00194
1.00194
1.00194
1.00193
1.00193
1.00193
1.00193
1.00192
1.00192
1.00192
1.00192
1.00192
1.00191
1.00192
1.00191
1.00191
1.00191
1.00192
1.00192
1.00192
1.00192
1.00192
1.00192
1.00193
1.00194
1.00194
1.00194
1.00195
1.00196
1.00196
1.00197
1.00199
1.00199
1.002
1.00201
1.00201
1.00203
1.00204
1.002
1.002
1.00203
1.00193
1.00183
1.00185
1.00183
1.00169
1.00153
1.00158
1.00151
1.00135
1.00142
1.00119
1.00117
1.0012
1.00096
1.00082
1.00117
1
1
1
1
1
1
1
1
1
1
1
1
1
1
1
1
1
1
1
1
1
1
1
1
1
1
1
1
1
1
1
1
1
1
1
1
1
1
1
1
1
1.00016
1.00035
1.00032
1.00028
1.00032
1.00031
1.00024
1.00021
1.00024
1.00027
1.0003
1.00029
1.00024
1.00026
1.00024
1.00027
1.00029
1.00026
1.00025
1.00026
1.00027
1.00026
1.00024
1.00025
1.00027
1.00025
1.00025
1.00026
1.00027
1.00027
1.00026
1.00027
1.00028
1.00028
1.00027
1.00028
1.00028
1.00029
1.00029
1.00029
1.0003
1.00031
1.00031
1.00031
1.00033
1.00034
1.00033
1.00034
1.00036
1.00035
1.00035
1.00036
1.00037
1.00036
1.00036
1.00037
1.00037
1.00036
1.00036
1.00036
1.00036
1.00036
1.00036
1.00036
1.00035
1.00035
1.00035
1.00034
1.00034
1.00034
1.00034
1.00033
1.00033
1.00033
1.00033
1.00032
1.00032
1.00032
1.00031
1.00031
1.00031
1.0003
1.0003
1.0003
1.0003
1.00029
1.00029
1.00029
1.00028
1.00028
1.00028
1.00028
1.00027
1.00027
1.00027
1.00026
1.00026
1.00026
1.00026
1.00025
1.00025
1.00025
1.00025
1.00024
1.00024
1.00024
1.00023
1.00023
1.00023
1.00023
1.00022
1.00022
1.00022
1.00022
1.00021
1.00021
1.00021
1.00021
1.0002
1.0002
1.0002
1.0002
1.00019
1.00019
1.00019
1.00018
1.00018
1.00018
1.00018
1.00017
1.00017
1.00017
1.00017
1.00016
1.00016
1.00016
1.00016
1.00015
1.00015
1.00015
1.00015
1.00014
1.00014
1.00014
1.00014
1.00013
1.00013
1.00013
1.00013
1.00012
1.00012
1.00012
1.00012
1.00012
1.00011
1.00011
1.00011
1.00011
1.0001
1.0001
1.0001
1.0001
1.00009
1.00009
1.00009
1.00009
1.00009
1.00008
1.00008
1.00008
1.00008
1.00008
1.00008
1.00007
1.00052
1.00078
1.00202
1.00202
1.00202
1.00201
1.00202
1.00202
1.00201
1.002
1.00201
1.00201
1.00199
1.002
1.002
1.00199
1.00198
1.00199
1.00198
1.00197
1.00197
1.00197
1.00196
1.00196
1.00196
1.00195
1.00194
1.00195
1.00194
1.00194
1.00193
1.00193
1.00193
1.00192
1.00192
1.00192
1.00192
1.00192
1.00192
1.00192
1.00191
1.00191
1.00191
1.00191
1.00191
1.00191
1.00191
1.00191
1.00191
1.00192
1.00192
1.00192
1.00192
1.00193
1.00194
1.00194
1.00194
1.00196
1.00196
1.00196
1.00197
1.00199
1.00199
1.00197
1.00199
1.00202
1.00197
1.00191
1.00197
1.00195
1.0018
1.00178
1.00178
1.00165
1.00161
1.00158
1.00142
1.00135
1.00131
1.00127
1.00126
1.00113
1.00094
1.0011
1.00115
1.00091
1.00077
1.00081
1.00086
1.00078
1.00098
1
1
1
1
1
1
1
1
1
1
1
1
1
1
1
1
1
1
1
1
1
1
1
1
1
1.00019
1.00041
1.00038
1.00035
1.00037
1.00037
1.00034
1.00035
1.00033
1.00026
1.00021
1.00025
1.0003
1.0003
1.0003
1.0003
1.00024
1.00025
1.00024
1.00028
1.00028
1.00026
1.00026
1.00028
1.00027
1.00026
1.00027
1.00027
1.00027
1.00027
1.00024
1.00026
1.00026
1.00026
1.00026
1.00026
1.00026
1.00027
1.00027
1.00026
1.00027
1.00028
1.00027
1.00027
1.00028
1.00029
1.00028
1.00028
1.00029
1.0003
1.0003
1.0003
1.00031
1.00032
1.00032
1.00033
1.00034
1.00035
1.00034
1.00035
1.00036
1.00036
1.00036
1.00036
1.00036
1.00036
1.00036
1.00036
1.00036
1.00036
1.00036
1.00036
1.00035
1.00035
1.00035
1.00035
1.00035
1.00034
1.00034
1.00034
1.00033
1.00033
1.00033
1.00033
1.00032
1.00032
1.00032
1.00031
1.00031
1.00031
1.00031
1.0003
1.0003
1.0003
1.00029
1.00029
1.00029
1.00029
1.00028
1.00028
1.00028
1.00028
1.00027
1.00027
1.00027
1.00026
1.00026
1.00026
1.00026
1.00025
1.00025
1.00025
1.00025
1.00024
1.00024
1.00024
1.00023
1.00023
1.00023
1.00023
1.00022
1.00022
1.00022
1.00022
1.00021
1.00021
1.00021
1.00021
1.0002
1.0002
1.0002
1.0002
1.00019
1.00019
1.00019
1.00018
1.00018
1.00018
1.00018
1.00017
1.00017
1.00017
1.00017
1.00016
1.00016
1.00016
1.00016
1.00015
1.00015
1.00015
1.00015
1.00014
1.00014
1.00014
1.00014
1.00013
1.00013
1.00013
1.00013
1.00012
1.00012
1.00012
1.00012
1.00012
1.00011
1.00011
1.00011
1.00011
1.0001
1.0001
1.0001
1.0001
1.00009
1.00009
1.00009
1.00009
1.00009
1.00008
1.00008
1.00008
1.00008
1.00008
1.00007
1.00007
1.00051
1.00078
1.00203
1.00202
1.00202
1.00202
1.00202
1.00202
1.00202
1.00201
1.00201
1.00201
1.00201
1.00199
1.002
1.002
1.00198
1.00198
1.00198
1.00198
1.00197
1.00197
1.00197
1.00196
1.00195
1.00195
1.00195
1.00194
1.00194
1.00194
1.00193
1.00193
1.00193
1.00193
1.00192
1.00192
1.00192
1.00192
1.00191
1.00191
1.00191
1.00191
1.00191
1.00191
1.00191
1.00191
1.00191
1.00191
1.00191
1.00191
1.00192
1.00192
1.00192
1.00192
1.00193
1.00193
1.00194
1.00194
1.00194
1.00195
1.00196
1.00195
1.00196
1.00198
1.00195
1.00193
1.00197
1.00194
1.00185
1.00185
1.00187
1.00177
1.00167
1.00167
1.00163
1.00148
1.00145
1.00144
1.00127
1.00128
1.00118
1.00106
1.00113
1.00113
1.00097
1.00098
1.00085
1.00081
1.00089
1.00094
1.00091
1.00077
1.00063
1.00058
1.00064
1.00064
1.00061
1.00061
1.00061
1.0006
1.00059
1.00058
1.00057
1.00056
1.00055
1.00054
1.00052
1.00051
1.00049
1.00048
1.00046
1.00044
1.00041
1.00042
1.00038
1.0003
1.00026
1.00029
1.00035
1.00038
1.00037
1.00035
1.00034
1.00035
1.00032
1.00025
1.00027
1.00025
1.00029
1.00032
1.00027
1.00026
1.00028
1.00028
1.00026
1.00026
1.00026
1.00028
1.00028
1.00025
1.00027
1.00028
1.00026
1.00027
1.00027
1.00027
1.00026
1.00026
1.00027
1.00026
1.00025
1.00027
1.00027
1.00026
1.00027
1.00027
1.00027
1.00027
1.00027
1.00028
1.00028
1.00028
1.00028
1.00029
1.00029
1.0003
1.0003
1.00031
1.00031
1.00032
1.00032
1.00033
1.00034
1.00034
1.00034
1.00035
1.00035
1.00035
1.00035
1.00036
1.00036
1.00036
1.00036
1.00036
1.00036
1.00035
1.00036
1.00035
1.00035
1.00035
1.00035
1.00035
1.00034
1.00034
1.00034
1.00034
1.00033
1.00033
1.00033
1.00032
1.00032
1.00032
1.00032
1.00031
1.00031
1.00031
1.00031
1.0003
1.0003
1.0003
1.00029
1.00029
1.00029
1.00029
1.00028
1.00028
1.00028
1.00027
1.00027
1.00027
1.00027
1.00026
1.00026
1.00026
1.00026
1.00025
1.00025
1.00025
1.00025
1.00024
1.00024
1.00024
1.00023
1.00023
1.00023
1.00023
1.00022
1.00022
1.00022
1.00022
1.00021
1.00021
1.00021
1.00021
1.0002
1.0002
1.0002
1.0002
1.00019
1.00019
1.00019
1.00018
1.00018
1.00018
1.00018
1.00017
1.00017
1.00017
1.00017
1.00016
1.00016
1.00016
1.00016
1.00015
1.00015
1.00015
1.00015
1.00014
1.00014
1.00014
1.00014
1.00013
1.00013
1.00013
1.00013
1.00012
1.00012
1.00012
1.00012
1.00012
1.00011
1.00011
1.00011
1.00011
1.0001
1.0001
1.0001
1.0001
1.00009
1.00009
1.00009
1.00009
1.00009
1.00008
1.00008
1.00008
1.00008
1.00008
1.00007
1.00007
1.00051
1.00078
1.00203
1.00202
1.00202
1.00203
1.00202
1.00201
1.00202
1.00202
1.00201
1.002
1.00201
1.002
1.00199
1.002
1.002
1.00198
1.00197
1.00198
1.00197
1.00196
1.00196
1.00196
1.00195
1.00195
1.00195
1.00194
1.00194
1.00194
1.00194
1.00193
1.00192
1.00193
1.00192
1.00192
1.00192
1.00192
1.00191
1.00191
1.00191
1.00191
1.00191
1.00191
1.00191
1.00191
1.0019
1.0019
1.00191
1.00191
1.00191
1.00191
1.00191
1.00191
1.00191
1.00192
1.00193
1.00192
1.00192
1.00194
1.00194
1.00193
1.00192
1.00195
1.00194
1.00189
1.0019
1.00191
1.00185
1.0018
1.00181
1.00175
1.00168
1.00165
1.00158
1.0015
1.00146
1.00138
1.00132
1.00129
1.00117
1.00115
1.00117
1.00103
1.00093
1.00098
1.00097
1.00088
1.00083
1.00088
1.00087
1.00081
1.00061
1.00063
1.00069
1.00063
1.00061
1.00063
1.00062
1.0006
1.00059
1.00059
1.00057
1.00056
1.00055
1.00054
1.00052
1.00051
1.00049
1.00047
1.00046
1.00044
1.0004
1.00041
1.00038
1.0003
1.00032
1.00031
1.00035
1.00037
1.00035
1.00035
1.00036
1.00032
1.00029
1.00029
1.00031
1.00028
1.00027
1.00028
1.00029
1.00028
1.00028
1.00026
1.00027
1.00027
1.00027
1.00028
1.00027
1.00026
1.00027
1.00028
1.00027
1.00027
1.00026
1.00027
1.00027
1.00026
1.00026
1.00027
1.00027
1.00027
1.00027
1.00027
1.00027
1.00028
1.00027
1.00027
1.00028
1.00028
1.00028
1.00028
1.00029
1.00029
1.00029
1.0003
1.00031
1.00031
1.00031
1.00032
1.00033
1.00033
1.00033
1.00034
1.00034
1.00035
1.00034
1.00035
1.00035
1.00035
1.00035
1.00036
1.00036
1.00035
1.00035
1.00035
1.00035
1.00035
1.00035
1.00035
1.00034
1.00034
1.00034
1.00034
1.00034
1.00033
1.00033
1.00033
1.00033
1.00032
1.00032
1.00032
1.00031
1.00031
1.00031
1.00031
1.0003
1.0003
1.0003
1.0003
1.00029
1.00029
1.00029
1.00028
1.00028
1.00028
1.00028
1.00027
1.00027
1.00027
1.00027
1.00026
1.00026
1.00026
1.00026
1.00025
1.00025
1.00025
1.00024
1.00024
1.00024
1.00024
1.00023
1.00023
1.00023
1.00023
1.00022
1.00022
1.00022
1.00022
1.00021
1.00021
1.00021
1.00021
1.0002
1.0002
1.0002
1.0002
1.00019
1.00019
1.00019
1.00018
1.00018
1.00018
1.00018
1.00017
1.00017
1.00017
1.00017
1.00016
1.00016
1.00016
1.00016
1.00015
1.00015
1.00015
1.00015
1.00014
1.00014
1.00014
1.00014
1.00013
1.00013
1.00013
1.00013
1.00012
1.00012
1.00012
1.00012
1.00011
1.00011
1.00011
1.00011
1.00011
1.0001
1.0001
1.0001
1.0001
1.00009
1.00009
1.00009
1.00009
1.00009
1.00008
1.00008
1.00008
1.00008
1.00007
1.00007
1.00007
1.0005
1.00078
1.00202
1.00203
1.00203
1.00202
1.00203
1.00203
1.00201
1.00201
1.00202
1.00201
1.002
1.00201
1.002
1.00198
1.00199
1.00199
1.00198
1.00197
1.00198
1.00197
1.00196
1.00196
1.00196
1.00195
1.00194
1.00194
1.00194
1.00193
1.00193
1.00193
1.00192
1.00192
1.00192
1.00192
1.00191
1.00191
1.00191
1.00191
1.00191
1.0019
1.0019
1.0019
1.0019
1.0019
1.0019
1.0019
1.0019
1.0019
1.0019
1.0019
1.0019
1.00191
1.00191
1.00191
1.00191
1.00191
1.00192
1.00191
1.00191
1.00193
1.00191
1.00189
1.0019
1.00191
1.00185
1.00183
1.00186
1.00181
1.00173
1.00172
1.00171
1.00161
1.00154
1.00155
1.00145
1.00137
1.00136
1.00125
1.00122
1.00119
1.00108
1.00106
1.00108
1.00094
1.0009
1.00094
1.00091
1.00085
1.00077
1.00075
1.00075
1.00071
1.00062
1.00063
1.00066
1.00063
1.00061
1.00061
1.0006
1.00059
1.00057
1.00056
1.00055
1.00054
1.00052
1.00051
1.0005
1.00047
1.00045
1.00045
1.00043
1.00038
1.00035
1.00035
1.00036
1.00034
1.00034
1.00034
1.00036
1.00036
1.00034
1.00032
1.00032
1.00031
1.00028
1.0003
1.0003
1.00028
1.00029
1.00029
1.00028
1.00027
1.00028
1.00028
1.00028
1.00027
1.00027
1.00028
1.00027
1.00027
1.00028
1.00028
1.00027
1.00027
1.00027
1.00027
1.00027
1.00027
1.00027
1.00027
1.00027
1.00027
1.00027
1.00027
1.00028
1.00028
1.00028
1.00028
1.00029
1.00029
1.00029
1.00029
1.0003
1.0003
1.0003
1.00031
1.00031
1.00032
1.00032
1.00033
1.00033
1.00034
1.00034
1.00034
1.00034
1.00035
1.00035
1.00035
1.00035
1.00035
1.00035
1.00035
1.00035
1.00035
1.00035
1.00035
1.00035
1.00034
1.00034
1.00034
1.00034
1.00033
1.00033
1.00033
1.00033
1.00033
1.00032
1.00032
1.00032
1.00032
1.00031
1.00031
1.00031
1.00031
1.0003
1.0003
1.0003
1.00029
1.00029
1.00029
1.00029
1.00028
1.00028
1.00028
1.00028
1.00027
1.00027
1.00027
1.00027
1.00026
1.00026
1.00026
1.00026
1.00025
1.00025
1.00025
1.00024
1.00024
1.00024
1.00024
1.00023
1.00023
1.00023
1.00023
1.00022
1.00022
1.00022
1.00022
1.00021
1.00021
1.00021
1.00021
1.0002
1.0002
1.0002
1.0002
1.00019
1.00019
1.00019
1.00018
1.00018
1.00018
1.00018
1.00017
1.00017
1.00017
1.00017
1.00016
1.00016
1.00016
1.00016
1.00015
1.00015
1.00015
1.00015
1.00014
1.00014
1.00014
1.00014
1.00013
1.00013
1.00013
1.00013
1.00012
1.00012
1.00012
1.00012
1.00011
1.00011
1.00011
1.00011
1.00011
1.0001
1.0001
1.0001
1.0001
1.00009
1.00009
1.00009
1.00009
1.00008
1.00008
1.00008
1.00008
1.00008
1.00007
1.00007
1.00007
1.00049
1.00078
1.00203
1.00204
1.00204
1.00202
1.00202
1.00204
1.00202
1.00201
1.00202
1.00202
1.002
1.002
1.00201
1.00199
1.00198
1.00199
1.00199
1.00197
1.00197
1.00197
1.00196
1.00195
1.00195
1.00195
1.00194
1.00194
1.00194
1.00193
1.00193
1.00193
1.00193
1.00192
1.00192
1.00192
1.00191
1.00191
1.00191
1.00191
1.0019
1.0019
1.0019
1.0019
1.0019
1.0019
1.0019
1.0019
1.00189
1.00189
1.0019
1.0019
1.0019
1.0019
1.0019
1.0019
1.0019
1.0019
1.0019
1.0019
1.00189
1.00189
1.0019
1.00188
1.00186
1.00187
1.00186
1.00181
1.0018
1.00178
1.00174
1.0017
1.00166
1.00161
1.00157
1.00151
1.00144
1.00141
1.00135
1.00127
1.00126
1.00119
1.0011
1.00109
1.00106
1.00098
1.00095
1.00093
1.0009
1.00087
1.00081
1.00075
1.00076
1.00071
1.00066
1.00068
1.00066
1.00063
1.00062
1.00062
1.0006
1.00059
1.00058
1.00057
1.00055
1.00054
1.00053
1.00051
1.00049
1.00048
1.00046
1.00044
1.00043
1.0004
1.00038
1.00037
1.00035
1.00036
1.00036
1.00035
1.00036
1.00035
1.00033
1.00033
1.00033
1.00031
1.00029
1.0003
1.0003
1.00029
1.00029
1.00028
1.00029
1.00029
1.00028
1.00028
1.00028
1.00028
1.00028
1.00028
1.00028
1.00028
1.00027
1.00027
1.00028
1.00027
1.00027
1.00027
1.00027
1.00027
1.00027
1.00027
1.00027
1.00027
1.00028
1.00028
1.00028
1.00028
1.00028
1.00028
1.00029
1.00029
1.00029
1.00029
1.0003
1.0003
1.0003
1.00031
1.00031
1.00032
1.00032
1.00032
1.00033
1.00033
1.00033
1.00034
1.00034
1.00034
1.00034
1.00035
1.00035
1.00034
1.00035
1.00035
1.00035
1.00034
1.00034
1.00034
1.00034
1.00034
1.00034
1.00034
1.00033
1.00033
1.00033
1.00033
1.00033
1.00032
1.00032
1.00032
1.00032
1.00031
1.00031
1.00031
1.00031
1.0003
1.0003
1.0003
1.0003
1.00029
1.00029
1.00029
1.00029
1.00028
1.00028
1.00028
1.00028
1.00027
1.00027
1.00027
1.00027
1.00026
1.00026
1.00026
1.00025
1.00025
1.00025
1.00025
1.00024
1.00024
1.00024
1.00024
1.00023
1.00023
1.00023
1.00023
1.00022
1.00022
1.00022
1.00022
1.00021
1.00021
1.00021
1.00021
1.0002
1.0002
1.0002
1.0002
1.00019
1.00019
1.00019
1.00018
1.00018
1.00018
1.00018
1.00017
1.00017
1.00017
1.00017
1.00016
1.00016
1.00016
1.00016
1.00015
1.00015
1.00015
1.00015
1.00014
1.00014
1.00014
1.00014
1.00013
1.00013
1.00013
1.00013
1.00012
1.00012
1.00012
1.00012
1.00011
1.00011
1.00011
1.00011
1.0001
1.0001
1.0001
1.0001
1.0001
1.00009
1.00009
1.00009
1.00009
1.00008
1.00008
1.00008
1.00008
1.00007
1.00007
1.00007
1.00007
1.00047
1.00079
1.00205
1.00203
1.00203
1.00205
1.00203
1.00201
1.00203
1.00203
1.002
1.00201
1.00202
1.002
1.00199
1.002
1.00199
1.00197
1.00198
1.00198
1.00196
1.00196
1.00197
1.00196
1.00195
1.00195
1.00195
1.00194
1.00193
1.00193
1.00193
1.00192
1.00192
1.00192
1.00191
1.00191
1.00191
1.00191
1.0019
1.0019
1.0019
1.0019
1.0019
1.00189
1.00189
1.00189
1.00189
1.00189
1.00189
1.00189
1.00189
1.00189
1.00189
1.00189
1.00188
1.00189
1.00189
1.00188
1.00188
1.00189
1.00189
1.00186
1.00186
1.00188
1.00185
1.00181
1.00183
1.00182
1.00176
1.00174
1.00174
1.00168
1.00162
1.00161
1.00157
1.00149
1.00146
1.00142
1.00134
1.00131
1.00124
1.00118
1.00118
1.00111
1.00102
1.00104
1.00101
1.00092
1.00089
1.00087
1.00086
1.00079
1.00074
1.00072
1.00073
1.00068
1.00064
1.00066
1.00065
1.00062
1.0006
1.0006
1.00059
1.00057
1.00056
1.00055
1.00053
1.00051
1.00049
1.00048
1.00047
1.00044
1.00042
1.00041
1.0004
1.00038
1.00036
1.00037
1.00037
1.00036
1.00035
1.00035
1.00035
1.00034
1.00031
1.00032
1.00032
1.0003
1.00029
1.00031
1.0003
1.00029
1.00029
1.00029
1.00029
1.00028
1.00028
1.00029
1.00028
1.00027
1.00028
1.00028
1.00028
1.00028
1.00028
1.00028
1.00027
1.00027
1.00028
1.00027
1.00027
1.00028
1.00028
1.00028
1.00028
1.00028
1.00028
1.00028
1.00029
1.00029
1.00029
1.00029
1.0003
1.0003
1.0003
1.0003
1.00031
1.00031
1.00031
1.00032
1.00032
1.00032
1.00033
1.00033
1.00033
1.00034
1.00034
1.00034
1.00034
1.00034
1.00034
1.00034
1.00034
1.00034
1.00034
1.00034
1.00034
1.00034
1.00034
1.00034
1.00033
1.00033
1.00033
1.00033
1.00033
1.00032
1.00032
1.00032
1.00032
1.00032
1.00031
1.00031
1.00031
1.00031
1.0003
1.0003
1.0003
1.0003
1.00029
1.00029
1.00029
1.00029
1.00028
1.00028
1.00028
1.00028
1.00027
1.00027
1.00027
1.00027
1.00026
1.00026
1.00026
1.00026
1.00025
1.00025
1.00025
1.00025
1.00024
1.00024
1.00024
1.00024
1.00023
1.00023
1.00023
1.00023
1.00022
1.00022
1.00022
1.00022
1.00021
1.00021
1.00021
1.00021
1.0002
1.0002
1.0002
1.0002
1.00019
1.00019
1.00019
1.00018
1.00018
1.00018
1.00018
1.00017
1.00017
1.00017
1.00017
1.00016
1.00016
1.00016
1.00016
1.00015
1.00015
1.00015
1.00015
1.00014
1.00014
1.00014
1.00014
1.00013
1.00013
1.00013
1.00013
1.00012
1.00012
1.00012
1.00012
1.00011
1.00011
1.00011
1.00011
1.0001
1.0001
1.0001
1.0001
1.0001
1.00009
1.00009
1.00009
1.00009
1.00008
1.00008
1.00008
1.00008
1.00007
1.00007
1.00007
1.00007
1.00045
1.00079
1.00204
1.00204
1.00204
1.00204
1.00204
1.00202
1.00202
1.00204
1.00202
1.002
1.00202
1.00202
1.00199
1.00199
1.002
1.00198
1.00197
1.00198
1.00198
1.00196
1.00195
1.00196
1.00195
1.00194
1.00194
1.00194
1.00193
1.00193
1.00193
1.00192
1.00192
1.00191
1.00191
1.00191
1.00191
1.0019
1.0019
1.0019
1.0019
1.0019
1.00189
1.00189
1.00189
1.00189
1.00189
1.00188
1.00188
1.00188
1.00188
1.00188
1.00188
1.00188
1.00188
1.00187
1.00187
1.00187
1.00187
1.00186
1.00186
1.00186
1.00184
1.00184
1.00184
1.00181
1.00179
1.00178
1.00176
1.00173
1.00169
1.00167
1.00164
1.00159
1.00154
1.00151
1.00147
1.0014
1.00136
1.00133
1.00126
1.00121
1.00118
1.00112
1.00108
1.00105
1.00099
1.00097
1.00094
1.00088
1.00085
1.00083
1.00078
1.00075
1.00073
1.0007
1.00069
1.00068
1.00065
1.00063
1.00063
1.00061
1.00059
1.00058
1.00057
1.00055
1.00053
1.00052
1.00051
1.00048
1.00047
1.00045
1.00043
1.00042
1.0004
1.00039
1.00039
1.00037
1.00037
1.00037
1.00036
1.00035
1.00035
1.00034
1.00033
1.00032
1.00032
1.00031
1.00031
1.0003
1.0003
1.0003
1.00029
1.00029
1.00029
1.00029
1.00028
1.00028
1.00029
1.00029
1.00028
1.00028
1.00028
1.00028
1.00028
1.00028
1.00028
1.00028
1.00028
1.00028
1.00028
1.00028
1.00028
1.00028
1.00028
1.00028
1.00028
1.00029
1.00029
1.00029
1.00029
1.00029
1.0003
1.0003
1.0003
1.0003
1.00031
1.00031
1.00031
1.00032
1.00032
1.00032
1.00032
1.00033
1.00033
1.00033
1.00033
1.00034
1.00034
1.00034
1.00034
1.00034
1.00034
1.00034
1.00034
1.00034
1.00034
1.00033
1.00033
1.00033
1.00033
1.00033
1.00033
1.00033
1.00032
1.00032
1.00032
1.00032
1.00032
1.00031
1.00031
1.00031
1.00031
1.00031
1.0003
1.0003
1.0003
1.0003
1.00029
1.00029
1.00029
1.00029
1.00028
1.00028
1.00028
1.00028
1.00027
1.00027
1.00027
1.00027
1.00026
1.00026
1.00026
1.00026
1.00025
1.00025
1.00025
1.00025
1.00024
1.00024
1.00024
1.00024
1.00023
1.00023
1.00023
1.00023
1.00022
1.00022
1.00022
1.00022
1.00021
1.00021
1.00021
1.00021
1.0002
1.0002
1.0002
1.0002
1.00019
1.00019
1.00019
1.00018
1.00018
1.00018
1.00018
1.00017
1.00017
1.00017
1.00017
1.00016
1.00016
1.00016
1.00016
1.00015
1.00015
1.00015
1.00015
1.00014
1.00014
1.00014
1.00014
1.00013
1.00013
1.00013
1.00013
1.00012
1.00012
1.00012
1.00012
1.00011
1.00011
1.00011
1.00011
1.0001
1.0001
1.0001
1.0001
1.00009
1.00009
1.00009
1.00009
1.00009
1.00008
1.00008
1.00008
1.00008
1.00007
1.00007
1.00007
1.00007
1.00044
1.00079
1.00203
1.00206
1.00206
1.00202
1.00204
1.00206
1.00202
1.00201
1.00204
1.00202
1.00199
1.00201
1.00202
1.00198
1.00198
1.002
1.00198
1.00196
1.00197
1.00197
1.00195
1.00195
1.00195
1.00195
1.00193
1.00193
1.00194
1.00193
1.00192
1.00192
1.00192
1.00191
1.00191
1.00191
1.0019
1.0019
1.0019
1.0019
1.00189
1.00189
1.00189
1.00189
1.00188
1.00188
1.00188
1.00188
1.00188
1.00188
1.00187
1.00187
1.00187
1.00187
1.00187
1.00187
1.00186
1.00186
1.00186
1.00185
1.00184
1.00185
1.00184
1.00181
1.00181
1.00181
1.00177
1.00174
1.00175
1.00172
1.00167
1.00165
1.00163
1.00157
1.00154
1.00151
1.00145
1.00141
1.00138
1.00131
1.00128
1.00125
1.00117
1.00114
1.00113
1.00106
1.00101
1.00099
1.00096
1.00091
1.00086
1.00084
1.00082
1.00078
1.00074
1.00073
1.00072
1.00068
1.00066
1.00066
1.00064
1.00061
1.00061
1.00059
1.00057
1.00056
1.00054
1.00053
1.00051
1.0005
1.00047
1.00046
1.00045
1.00043
1.00041
1.0004
1.0004
1.00038
1.00038
1.00037
1.00037
1.00036
1.00035
1.00034
1.00034
1.00033
1.00032
1.00032
1.00032
1.00031
1.0003
1.00031
1.0003
1.0003
1.00029
1.00029
1.00029
1.00029
1.00029
1.00029
1.00029
1.00028
1.00029
1.00028
1.00028
1.00028
1.00028
1.00028
1.00028
1.00028
1.00028
1.00028
1.00028
1.00028
1.00028
1.00028
1.00029
1.00029
1.00029
1.00029
1.00029
1.0003
1.0003
1.0003
1.0003
1.0003
1.0003
1.00031
1.00031
1.00031
1.00032
1.00032
1.00032
1.00032
1.00033
1.00033
1.00033
1.00033
1.00033
1.00033
1.00033
1.00033
1.00033
1.00033
1.00033
1.00033
1.00033
1.00033
1.00033
1.00033
1.00033
1.00033
1.00032
1.00032
1.00032
1.00032
1.00032
1.00032
1.00031
1.00031
1.00031
1.00031
1.00031
1.0003
1.0003
1.0003
1.0003
1.00029
1.00029
1.00029
1.00029
1.00029
1.00028
1.00028
1.00028
1.00028
1.00027
1.00027
1.00027
1.00027
1.00026
1.00026
1.00026
1.00026
1.00025
1.00025
1.00025
1.00025
1.00024
1.00024
1.00024
1.00024
1.00023
1.00023
1.00023
1.00023
1.00022
1.00022
1.00022
1.00022
1.00021
1.00021
1.00021
1.00021
1.0002
1.0002
1.0002
1.0002
1.00019
1.00019
1.00019
1.00018
1.00018
1.00018
1.00018
1.00017
1.00017
1.00017
1.00017
1.00016
1.00016
1.00016
1.00016
1.00015
1.00015
1.00015
1.00015
1.00014
1.00014
1.00014
1.00014
1.00013
1.00013
1.00013
1.00013
1.00012
1.00012
1.00012
1.00012
1.00011
1.00011
1.00011
1.00011
1.0001
1.0001
1.0001
1.0001
1.00009
1.00009
1.00009
1.00009
1.00008
1.00008
1.00008
1.00008
1.00008
1.00007
1.00007
1.00007
1.00007
1.00041
1.00079
1.00206
1.00205
1.00205
1.00205
1.00204
1.00204
1.00205
1.00202
1.00202
1.00204
1.00201
1.00199
1.00201
1.00201
1.00198
1.00198
1.00199
1.00197
1.00196
1.00197
1.00196
1.00195
1.00194
1.00195
1.00194
1.00193
1.00193
1.00193
1.00192
1.00191
1.00191
1.00191
1.00191
1.0019
1.0019
1.0019
1.00189
1.00189
1.00189
1.00189
1.00188
1.00188
1.00188
1.00188
1.00188
1.00187
1.00187
1.00187
1.00187
1.00186
1.00186
1.00186
1.00186
1.00186
1.00185
1.00184
1.00184
1.00184
1.00183
1.00182
1.00182
1.00181
1.00178
1.00177
1.00177
1.00174
1.00171
1.0017
1.00168
1.00164
1.0016
1.00158
1.00155
1.00149
1.00145
1.00143
1.00138
1.00132
1.0013
1.00125
1.0012
1.00117
1.00112
1.00108
1.00106
1.001
1.00096
1.00095
1.00091
1.00086
1.00083
1.00081
1.00078
1.00076
1.00072
1.00071
1.0007
1.00067
1.00065
1.00064
1.00062
1.0006
1.00058
1.00057
1.00056
1.00053
1.00052
1.00051
1.00049
1.00047
1.00046
1.00044
1.00043
1.00041
1.0004
1.0004
1.00039
1.00038
1.00037
1.00037
1.00036
1.00035
1.00034
1.00034
1.00033
1.00033
1.00032
1.00032
1.00032
1.00031
1.00031
1.00031
1.0003
1.0003
1.0003
1.0003
1.00029
1.00029
1.00029
1.00029
1.00029
1.00028
1.00029
1.00029
1.00028
1.00028
1.00029
1.00028
1.00028
1.00029
1.00029
1.00028
1.00029
1.00029
1.00029
1.00029
1.00029
1.00029
1.00029
1.0003
1.0003
1.0003
1.0003
1.0003
1.00031
1.00031
1.00031
1.00031
1.00032
1.00032
1.00032
1.00032
1.00032
1.00033
1.00033
1.00033
1.00033
1.00033
1.00033
1.00033
1.00033
1.00033
1.00033
1.00033
1.00033
1.00033
1.00033
1.00033
1.00032
1.00032
1.00032
1.00032
1.00032
1.00032
1.00032
1.00031
1.00031
1.00031
1.00031
1.00031
1.0003
1.0003
1.0003
1.0003
1.0003
1.00029
1.00029
1.00029
1.00029
1.00028
1.00028
1.00028
1.00028
1.00028
1.00027
1.00027
1.00027
1.00027
1.00026
1.00026
1.00026
1.00026
1.00025
1.00025
1.00025
1.00025
1.00024
1.00024
1.00024
1.00024
1.00023
1.00023
1.00023
1.00023
1.00022
1.00022
1.00022
1.00022
1.00021
1.00021
1.00021
1.00021
1.0002
1.0002
1.0002
1.0002
1.00019
1.00019
1.00019
1.00018
1.00018
1.00018
1.00018
1.00017
1.00017
1.00017
1.00017
1.00016
1.00016
1.00016
1.00016
1.00015
1.00015
1.00015
1.00015
1.00014
1.00014
1.00014
1.00014
1.00013
1.00013
1.00013
1.00013
1.00012
1.00012
1.00012
1.00012
1.00011
1.00011
1.00011
1.00011
1.0001
1.0001
1.0001
1.0001
1.00009
1.00009
1.00009
1.00009
1.00008
1.00008
1.00008
1.00008
1.00007
1.00007
1.00007
1.00007
1.00006
1.00039
1.0008
1.00208
1.00204
1.00204
1.00209
1.00206
1.00201
1.00205
1.00207
1.002
1.00201
1.00205
1.00201
1.00198
1.00201
1.00201
1.00197
1.00197
1.00199
1.00197
1.00195
1.00196
1.00196
1.00194
1.00193
1.00194
1.00193
1.00192
1.00192
1.00192
1.00191
1.00191
1.00191
1.00191
1.0019
1.0019
1.0019
1.00189
1.00189
1.00189
1.00188
1.00188
1.00188
1.00188
1.00187
1.00187
1.00187
1.00187
1.00186
1.00186
1.00186
1.00185
1.00185
1.00185
1.00184
1.00184
1.00184
1.00182
1.00182
1.00182
1.0018
1.00179
1.00179
1.00178
1.00175
1.00174
1.00173
1.0017
1.00168
1.00166
1.00163
1.00159
1.00157
1.00153
1.0015
1.00147
1.00142
1.00138
1.00136
1.0013
1.00125
1.00124
1.00119
1.00113
1.00111
1.00108
1.00103
1.00099
1.00096
1.00093
1.00089
1.00086
1.00083
1.00081
1.00077
1.00075
1.00074
1.00071
1.00068
1.00067
1.00066
1.00063
1.00061
1.0006
1.00058
1.00056
1.00055
1.00053
1.00051
1.0005
1.00048
1.00047
1.00045
1.00044
1.00043
1.00042
1.00041
1.0004
1.00039
1.00038
1.00037
1.00037
1.00036
1.00035
1.00035
1.00034
1.00033
1.00033
1.00033
1.00032
1.00031
1.00031
1.00031
1.00031
1.0003
1.0003
1.0003
1.0003
1.00029
1.00029
1.00029
1.00029
1.00029
1.00029
1.00029
1.00029
1.00029
1.00029
1.00029
1.00029
1.00029
1.00029
1.00029
1.00029
1.00029
1.00029
1.00029
1.00029
1.00029
1.00029
1.0003
1.0003
1.0003
1.0003
1.0003
1.00031
1.00031
1.00031
1.00031
1.00031
1.00032
1.00032
1.00032
1.00032
1.00032
1.00032
1.00032
1.00033
1.00033
1.00033
1.00033
1.00033
1.00033
1.00033
1.00033
1.00032
1.00032
1.00032
1.00032
1.00032
1.00032
1.00032
1.00032
1.00032
1.00031
1.00031
1.00031
1.00031
1.00031
1.00031
1.0003
1.0003
1.0003
1.0003
1.0003
1.00029
1.00029
1.00029
1.00029
1.00029
1.00028
1.00028
1.00028
1.00028
1.00027
1.00027
1.00027
1.00027
1.00027
1.00026
1.00026
1.00026
1.00026
1.00025
1.00025
1.00025
1.00025
1.00024
1.00024
1.00024
1.00024
1.00023
1.00023
1.00023
1.00023
1.00022
1.00022
1.00022
1.00022
1.00021
1.00021
1.00021
1.00021
1.0002
1.0002
1.0002
1.00019
1.00019
1.00019
1.00019
1.00018
1.00018
1.00018
1.00018
1.00017
1.00017
1.00017
1.00017
1.00016
1.00016
1.00016
1.00016
1.00015
1.00015
1.00015
1.00015
1.00014
1.00014
1.00014
1.00014
1.00013
1.00013
1.00013
1.00013
1.00012
1.00012
1.00012
1.00012
1.00011
1.00011
1.00011
1.00011
1.0001
1.0001
1.0001
1.0001
1.00009
1.00009
1.00009
1.00009
1.00008
1.00008
1.00008
1.00008
1.00007
1.00007
1.00007
1.00007
1.00006
1.00037
1.0008
1.00205
1.00208
1.00207
1.00204
1.00207
1.00207
1.00203
1.00204
1.00205
1.00201
1.00201
1.00203
1.002
1.00198
1.002
1.00199
1.00197
1.00196
1.00197
1.00196
1.00194
1.00195
1.00195
1.00193
1.00193
1.00193
1.00193
1.00192
1.00191
1.00191
1.00191
1.0019
1.0019
1.0019
1.00189
1.00189
1.00189
1.00189
1.00188
1.00188
1.00188
1.00187
1.00187
1.00187
1.00187
1.00186
1.00186
1.00186
1.00185
1.00185
1.00184
1.00184
1.00184
1.00183
1.00183
1.00183
1.00182
1.00181
1.0018
1.0018
1.00178
1.00177
1.00176
1.00175
1.00172
1.00171
1.0017
1.00167
1.00164
1.00162
1.0016
1.00156
1.00152
1.0015
1.00147
1.00142
1.00139
1.00136
1.00131
1.00128
1.00124
1.0012
1.00117
1.00113
1.00108
1.00106
1.00103
1.00098
1.00094
1.00092
1.00089
1.00085
1.00082
1.0008
1.00078
1.00075
1.00072
1.00071
1.00069
1.00067
1.00065
1.00063
1.00062
1.00059
1.00058
1.00056
1.00054
1.00053
1.00051
1.0005
1.00048
1.00047
1.00045
1.00044
1.00043
1.00042
1.00041
1.0004
1.00039
1.00038
1.00037
1.00037
1.00036
1.00035
1.00034
1.00034
1.00034
1.00033
1.00032
1.00032
1.00032
1.00031
1.00031
1.00031
1.00031
1.0003
1.0003
1.0003
1.0003
1.00029
1.0003
1.0003
1.00029
1.00029
1.00029
1.00029
1.00029
1.00029
1.00029
1.00029
1.00029
1.00029
1.00029
1.00029
1.00029
1.00029
1.00029
1.00029
1.0003
1.0003
1.0003
1.0003
1.0003
1.0003
1.0003
1.00031
1.00031
1.00031
1.00031
1.00031
1.00032
1.00032
1.00032
1.00032
1.00032
1.00032
1.00032
1.00032
1.00032
1.00032
1.00032
1.00032
1.00032
1.00032
1.00032
1.00032
1.00032
1.00032
1.00032
1.00032
1.00032
1.00031
1.00031
1.00031
1.00031
1.00031
1.00031
1.00031
1.0003
1.0003
1.0003
1.0003
1.0003
1.0003
1.00029
1.00029
1.00029
1.00029
1.00029
1.00028
1.00028
1.00028
1.00028
1.00027
1.00027
1.00027
1.00027
1.00026
1.00026
1.00026
1.00026
1.00026
1.00025
1.00025
1.00025
1.00025
1.00024
1.00024
1.00024
1.00024
1.00023
1.00023
1.00023
1.00023
1.00022
1.00022
1.00022
1.00022
1.00021
1.00021
1.00021
1.00021
1.0002
1.0002
1.0002
1.00019
1.00019
1.00019
1.00019
1.00018
1.00018
1.00018
1.00018
1.00017
1.00017
1.00017
1.00017
1.00016
1.00016
1.00016
1.00016
1.00015
1.00015
1.00015
1.00015
1.00014
1.00014
1.00014
1.00014
1.00013
1.00013
1.00013
1.00013
1.00012
1.00012
1.00012
1.00012
1.00011
1.00011
1.00011
1.00011
1.0001
1.0001
1.0001
1.0001
1.00009
1.00009
1.00009
1.00009
1.00008
1.00008
1.00008
1.00008
1.00007
1.00007
1.00007
1.00007
1.00006
1.00034
1.00079
1.00206
1.00211
1.0021
1.00203
1.00206
1.00211
1.00204
1.002
1.00207
1.00206
1.00198
1.002
1.00204
1.00199
1.00196
1.00199
1.00199
1.00195
1.00195
1.00197
1.00195
1.00193
1.00194
1.00194
1.00193
1.00192
1.00192
1.00192
1.00191
1.00191
1.00191
1.0019
1.0019
1.00189
1.00189
1.00189
1.00188
1.00188
1.00188
1.00187
1.00187
1.00187
1.00187
1.00186
1.00186
1.00186
1.00185
1.00185
1.00185
1.00184
1.00184
1.00183
1.00183
1.00183
1.00182
1.00181
1.00181
1.0018
1.00179
1.00178
1.00178
1.00176
1.00174
1.00174
1.00172
1.0017
1.00168
1.00166
1.00164
1.00161
1.00159
1.00156
1.00153
1.0015
1.00146
1.00144
1.0014
1.00135
1.00133
1.0013
1.00125
1.00121
1.00119
1.00114
1.0011
1.00107
1.00104
1.00101
1.00097
1.00094
1.00091
1.00088
1.00085
1.00082
1.0008
1.00077
1.00075
1.00073
1.0007
1.00068
1.00067
1.00065
1.00062
1.00061
1.00059
1.00057
1.00056
1.00054
1.00052
1.00051
1.00049
1.00048
1.00046
1.00045
1.00044
1.00043
1.00042
1.00041
1.0004
1.00039
1.00038
1.00037
1.00037
1.00036
1.00035
1.00035
1.00034
1.00034
1.00033
1.00033
1.00032
1.00032
1.00032
1.00031
1.00031
1.00031
1.0003
1.0003
1.0003
1.0003
1.0003
1.0003
1.0003
1.00029
1.00029
1.00029
1.00029
1.00029
1.00029
1.00029
1.00029
1.00029
1.00029
1.00029
1.00029
1.00029
1.00029
1.0003
1.0003
1.0003
1.0003
1.0003
1.0003
1.0003
1.0003
1.00031
1.00031
1.00031
1.00031
1.00031
1.00031
1.00031
1.00031
1.00032
1.00032
1.00032
1.00032
1.00032
1.00032
1.00032
1.00032
1.00032
1.00032
1.00032
1.00032
1.00032
1.00032
1.00032
1.00032
1.00031
1.00031
1.00031
1.00031
1.00031
1.00031
1.00031
1.00031
1.0003
1.0003
1.0003
1.0003
1.0003
1.0003
1.00029
1.00029
1.00029
1.00029
1.00029
1.00028
1.00028
1.00028
1.00028
1.00028
1.00027
1.00027
1.00027
1.00027
1.00026
1.00026
1.00026
1.00026
1.00026
1.00025
1.00025
1.00025
1.00025
1.00024
1.00024
1.00024
1.00024
1.00023
1.00023
1.00023
1.00023
1.00022
1.00022
1.00022
1.00022
1.00021
1.00021
1.00021
1.00021
1.0002
1.0002
1.0002
1.00019
1.00019
1.00019
1.00019
1.00018
1.00018
1.00018
1.00018
1.00017
1.00017
1.00017
1.00017
1.00016
1.00016
1.00016
1.00016
1.00015
1.00015
1.00015
1.00015
1.00014
1.00014
1.00014
1.00014
1.00013
1.00013
1.00013
1.00013
1.00012
1.00012
1.00012
1.00012
1.00011
1.00011
1.00011
1.00011
1.0001
1.0001
1.0001
1.0001
1.00009
1.00009
1.00009
1.00009
1.00008
1.00008
1.00008
1.00008
1.00007
1.00007
1.00007
1.00007
1.00006
1.00031
1.00081
1.00213
1.00205
1.00207
1.00213
1.00206
1.00203
1.00209
1.00206
1.002
1.00204
1.00205
1.00199
1.00199
1.00202
1.00199
1.00196
1.00198
1.00198
1.00195
1.00195
1.00195
1.00195
1.00193
1.00193
1.00193
1.00192
1.00191
1.00191
1.00191
1.0019
1.0019
1.0019
1.0019
1.00189
1.00189
1.00189
1.00188
1.00188
1.00187
1.00187
1.00187
1.00186
1.00186
1.00186
1.00185
1.00185
1.00185
1.00184
1.00184
1.00184
1.00183
1.00183
1.00182
1.00182
1.00181
1.0018
1.00179
1.00179
1.00178
1.00177
1.00176
1.00176
1.00174
1.00172
1.00171
1.00169
1.00167
1.00165
1.00164
1.00161
1.00158
1.00156
1.00153
1.0015
1.00146
1.00144
1.0014
1.00137
1.00134
1.0013
1.00127
1.00123
1.00119
1.00116
1.00113
1.00109
1.00105
1.00103
1.001
1.00096
1.00093
1.0009
1.00087
1.00084
1.00081
1.00079
1.00077
1.00074
1.00072
1.00071
1.00068
1.00066
1.00064
1.00062
1.0006
1.00058
1.00057
1.00055
1.00053
1.00052
1.0005
1.00049
1.00048
1.00046
1.00045
1.00044
1.00043
1.00042
1.00041
1.0004
1.00039
1.00038
1.00037
1.00037
1.00036
1.00035
1.00035
1.00034
1.00034
1.00033
1.00033
1.00033
1.00032
1.00032
1.00031
1.00031
1.00031
1.00031
1.0003
1.0003
1.0003
1.0003
1.0003
1.0003
1.00029
1.0003
1.0003
1.00029
1.00029
1.00029
1.00029
1.00029
1.00029
1.00029
1.00029
1.00029
1.0003
1.0003
1.0003
1.0003
1.0003
1.0003
1.0003
1.0003
1.0003
1.0003
1.00031
1.00031
1.00031
1.00031
1.00031
1.00031
1.00031
1.00031
1.00031
1.00031
1.00032
1.00032
1.00032
1.00032
1.00032
1.00032
1.00032
1.00032
1.00032
1.00031
1.00031
1.00031
1.00031
1.00031
1.00031
1.00031
1.00031
1.00031
1.00031
1.00031
1.0003
1.0003
1.0003
1.0003
1.0003
1.0003
1.00029
1.00029
1.00029
1.00029
1.00029
1.00029
1.00028
1.00028
1.00028
1.00028
1.00028
1.00027
1.00027
1.00027
1.00027
1.00026
1.00026
1.00026
1.00026
1.00025
1.00025
1.00025
1.00025
1.00025
1.00024
1.00024
1.00024
1.00024
1.00023
1.00023
1.00023
1.00023
1.00022
1.00022
1.00022
1.00022
1.00021
1.00021
1.00021
1.00021
1.0002
1.0002
1.0002
1.00019
1.00019
1.00019
1.00019
1.00018
1.00018
1.00018
1.00018
1.00017
1.00017
1.00017
1.00017
1.00016
1.00016
1.00016
1.00016
1.00015
1.00015
1.00015
1.00015
1.00014
1.00014
1.00014
1.00014
1.00013
1.00013
1.00013
1.00013
1.00012
1.00012
1.00012
1.00012
1.00011
1.00011
1.00011
1.00011
1.0001
1.0001
1.0001
1.0001
1.00009
1.00009
1.00009
1.00009
1.00008
1.00008
1.00008
1.00008
1.00007
1.00007
1.00007
1.00006
1.00006
1.00028
1.00081
1.00212
1.00209
1.00208
1.00213
1.0021
1.00202
1.00207
1.00211
1.00202
1.00199
1.00206
1.00204
1.00197
1.00199
1.00202
1.00198
1.00195
1.00197
1.00197
1.00194
1.00194
1.00195
1.00194
1.00192
1.00192
1.00192
1.00191
1.00191
1.00191
1.0019
1.0019
1.00189
1.00189
1.00189
1.00188
1.00188
1.00188
1.00187
1.00187
1.00187
1.00186
1.00186
1.00186
1.00185
1.00185
1.00185
1.00184
1.00184
1.00184
1.00183
1.00182
1.00182
1.00182
1.00181
1.0018
1.0018
1.00179
1.00178
1.00178
1.00176
1.00175
1.00174
1.00173
1.00171
1.0017
1.00168
1.00166
1.00164
1.00162
1.0016
1.00158
1.00155
1.00152
1.0015
1.00147
1.00143
1.0014
1.00138
1.00134
1.0013
1.00128
1.00125
1.00121
1.00118
1.00114
1.00111
1.00108
1.00104
1.00101
1.00098
1.00095
1.00092
1.00089
1.00086
1.00084
1.00081
1.00078
1.00076
1.00074
1.00072
1.00069
1.00068
1.00066
1.00063
1.00061
1.0006
1.00058
1.00056
1.00055
1.00053
1.00051
1.0005
1.00048
1.00047
1.00046
1.00045
1.00044
1.00043
1.00042
1.0004
1.0004
1.00039
1.00038
1.00037
1.00037
1.00036
1.00035
1.00035
1.00034
1.00034
1.00033
1.00033
1.00033
1.00032
1.00032
1.00031
1.00031
1.00031
1.00031
1.0003
1.0003
1.0003
1.0003
1.0003
1.0003
1.0003
1.0003
1.0003
1.0003
1.00029
1.00029
1.00029
1.00029
1.00029
1.00029
1.0003
1.0003
1.0003
1.0003
1.0003
1.0003
1.0003
1.0003
1.0003
1.0003
1.0003
1.0003
1.00031
1.00031
1.00031
1.00031
1.00031
1.00031
1.00031
1.00031
1.00031
1.00031
1.00031
1.00031
1.00031
1.00031
1.00031
1.00031
1.00031
1.00031
1.00031
1.00031
1.00031
1.00031
1.00031
1.00031
1.00031
1.00031
1.00031
1.00031
1.0003
1.0003
1.0003
1.0003
1.0003
1.0003
1.0003
1.00029
1.00029
1.00029
1.00029
1.00029
1.00028
1.00028
1.00028
1.00028
1.00028
1.00027
1.00027
1.00027
1.00027
1.00027
1.00026
1.00026
1.00026
1.00026
1.00025
1.00025
1.00025
1.00025
1.00025
1.00024
1.00024
1.00024
1.00024
1.00023
1.00023
1.00023
1.00023
1.00022
1.00022
1.00022
1.00022
1.00021
1.00021
1.00021
1.00021
1.0002
1.0002
1.0002
1.00019
1.00019
1.00019
1.00019
1.00018
1.00018
1.00018
1.00018
1.00017
1.00017
1.00017
1.00017
1.00016
1.00016
1.00016
1.00016
1.00015
1.00015
1.00015
1.00015
1.00014
1.00014
1.00014
1.00014
1.00013
1.00013
1.00013
1.00013
1.00012
1.00012
1.00012
1.00012
1.00011
1.00011
1.00011
1.00011
1.0001
1.0001
1.0001
1.0001
1.00009
1.00009
1.00009
1.00009
1.00008
1.00008
1.00008
1.00008
1.00007
1.00007
1.00007
1.00006
1.00006
1.00025
1.00081
1.00206
1.00219
1.00215
1.00201
1.00211
1.00217
1.00202
1.00202
1.00211
1.00204
1.00198
1.00202
1.00204
1.00197
1.00196
1.002
1.00198
1.00194
1.00195
1.00196
1.00194
1.00193
1.00193
1.00193
1.00192
1.00191
1.00192
1.00191
1.0019
1.0019
1.0019
1.00189
1.00189
1.00189
1.00188
1.00188
1.00187
1.00187
1.00187
1.00186
1.00186
1.00186
1.00185
1.00185
1.00185
1.00184
1.00184
1.00183
1.00183
1.00183
1.00182
1.00181
1.00181
1.0018
1.00179
1.00179
1.00179
1.00177
1.00176
1.00176
1.00175
1.00173
1.00172
1.00171
1.00169
1.00167
1.00166
1.00164
1.00162
1.0016
1.00158
1.00155
1.00152
1.0015
1.00147
1.00144
1.00141
1.00138
1.00135
1.00132
1.00129
1.00125
1.00123
1.00119
1.00115
1.00112
1.0011
1.00106
1.00102
1.001
1.00097
1.00094
1.00091
1.00088
1.00085
1.00083
1.0008
1.00078
1.00075
1.00073
1.00071
1.00069
1.00067
1.00065
1.00063
1.00061
1.00059
1.00057
1.00056
1.00054
1.00052
1.00051
1.00049
1.00048
1.00047
1.00046
1.00044
1.00043
1.00042
1.00041
1.0004
1.00039
1.00039
1.00038
1.00037
1.00037
1.00036
1.00035
1.00035
1.00034
1.00034
1.00033
1.00033
1.00033
1.00032
1.00032
1.00031
1.00031
1.00031
1.00031
1.00031
1.0003
1.0003
1.0003
1.0003
1.0003
1.0003
1.0003
1.0003
1.00029
1.00029
1.00029
1.00029
1.00029
1.00029
1.0003
1.0003
1.0003
1.0003
1.0003
1.0003
1.0003
1.0003
1.0003
1.0003
1.0003
1.0003
1.0003
1.0003
1.00031
1.00031
1.00031
1.00031
1.00031
1.00031
1.00031
1.00031
1.00031
1.00031
1.00031
1.00031
1.00031
1.00031
1.00031
1.00031
1.00031
1.00031
1.00031
1.00031
1.00031
1.00031
1.00031
1.00031
1.0003
1.0003
1.0003
1.0003
1.0003
1.0003
1.0003
1.0003
1.00029
1.00029
1.00029
1.00029
1.00029
1.00029
1.00028
1.00028
1.00028
1.00028
1.00028
1.00027
1.00027
1.00027
1.00027
1.00027
1.00026
1.00026
1.00026
1.00026
1.00025
1.00025
1.00025
1.00025
1.00024
1.00024
1.00024
1.00024
1.00024
1.00023
1.00023
1.00023
1.00023
1.00022
1.00022
1.00022
1.00022
1.00021
1.00021
1.00021
1.00021
1.0002
1.0002
1.0002
1.00019
1.00019
1.00019
1.00019
1.00018
1.00018
1.00018
1.00018
1.00017
1.00017
1.00017
1.00017
1.00016
1.00016
1.00016
1.00016
1.00015
1.00015
1.00015
1.00015
1.00014
1.00014
1.00014
1.00014
1.00013
1.00013
1.00013
1.00013
1.00012
1.00012
1.00012
1.00012
1.00011
1.00011
1.00011
1.00011
1.0001
1.0001
1.0001
1.0001
1.00009
1.00009
1.00009
1.00009
1.00008
1.00008
1.00008
1.00008
1.00007
1.00007
1.00007
1.00006
1.00006
1.00022
1.0008
1.00217
1.00214
1.00215
1.00211
1.00208
1.00214
1.00209
1.00201
1.00206
1.00209
1.002
1.00198
1.00203
1.00201
1.00196
1.00196
1.00198
1.00196
1.00194
1.00195
1.00195
1.00193
1.00192
1.00193
1.00192
1.00191
1.00191
1.00191
1.0019
1.00189
1.00189
1.00189
1.00188
1.00188
1.00188
1.00188
1.00187
1.00187
1.00186
1.00186
1.00186
1.00185
1.00185
1.00185
1.00184
1.00184
1.00184
1.00183
1.00182
1.00182
1.00182
1.00181
1.0018
1.0018
1.00179
1.00178
1.00178
1.00177
1.00176
1.00175
1.00174
1.00173
1.00171
1.0017
1.00169
1.00167
1.00165
1.00163
1.00162
1.0016
1.00157
1.00155
1.00153
1.0015
1.00147
1.00145
1.00142
1.00138
1.00136
1.00133
1.00129
1.00126
1.00123
1.0012
1.00117
1.00114
1.0011
1.00107
1.00104
1.00101
1.00098
1.00095
1.00092
1.00089
1.00087
1.00084
1.00082
1.00079
1.00076
1.00074
1.00072
1.0007
1.00068
1.00066
1.00064
1.00062
1.0006
1.00058
1.00056
1.00055
1.00053
1.00052
1.0005
1.00049
1.00047
1.00046
1.00045
1.00044
1.00043
1.00042
1.00041
1.0004
1.00039
1.00038
1.00038
1.00037
1.00036
1.00036
1.00035
1.00034
1.00034
1.00034
1.00033
1.00033
1.00032
1.00032
1.00032
1.00031
1.00031
1.00031
1.00031
1.0003
1.0003
1.0003
1.0003
1.0003
1.0003
1.0003
1.0003
1.0003
1.0003
1.00029
1.00029
1.0003
1.00029
1.00029
1.0003
1.0003
1.0003
1.0003
1.0003
1.0003
1.0003
1.0003
1.0003
1.0003
1.0003
1.0003
1.0003
1.0003
1.0003
1.00031
1.00031
1.00031
1.00031
1.00031
1.00031
1.00031
1.00031
1.00031
1.00031
1.00031
1.00031
1.00031
1.00031
1.00031
1.00031
1.00031
1.00031
1.00031
1.00031
1.00031
1.0003
1.0003
1.0003
1.0003
1.0003
1.0003
1.0003
1.0003
1.00029
1.00029
1.00029
1.00029
1.00029
1.00029
1.00029
1.00028
1.00028
1.00028
1.00028
1.00028
1.00027
1.00027
1.00027
1.00027
1.00027
1.00026
1.00026
1.00026
1.00026
1.00025
1.00025
1.00025
1.00025
1.00024
1.00024
1.00024
1.00024
1.00024
1.00023
1.00023
1.00023
1.00023
1.00022
1.00022
1.00022
1.00022
1.00021
1.00021
1.00021
1.00021
1.0002
1.0002
1.0002
1.00019
1.00019
1.00019
1.00019
1.00018
1.00018
1.00018
1.00018
1.00017
1.00017
1.00017
1.00017
1.00016
1.00016
1.00016
1.00016
1.00015
1.00015
1.00015
1.00015
1.00014
1.00014
1.00014
1.00014
1.00013
1.00013
1.00013
1.00013
1.00012
1.00012
1.00012
1.00012
1.00011
1.00011
1.00011
1.00011
1.0001
1.0001
1.0001
1.0001
1.00009
1.00009
1.00009
1.00009
1.00008
1.00008
1.00008
1.00007
1.00007
1.00007
1.00007
1.00006
1.00006
1.00019
1.00086
1.00226
1.00203
1.00209
1.00231
1.00211
1.00197
1.00215
1.00215
1.00198
1.002
1.00209
1.00202
1.00195
1.002
1.00201
1.00195
1.00194
1.00197
1.00196
1.00193
1.00193
1.00194
1.00192
1.00191
1.00192
1.00191
1.0019
1.0019
1.0019
1.00189
1.00189
1.00189
1.00188
1.00188
1.00188
1.00187
1.00187
1.00187
1.00186
1.00186
1.00186
1.00185
1.00185
1.00184
1.00184
1.00183
1.00183
1.00183
1.00182
1.00182
1.00181
1.00181
1.0018
1.00179
1.00179
1.00178
1.00177
1.00176
1.00176
1.00174
1.00173
1.00172
1.00171
1.00169
1.00168
1.00167
1.00165
1.00163
1.00161
1.00159
1.00157
1.00155
1.00153
1.0015
1.00148
1.00145
1.00142
1.00139
1.00136
1.00133
1.0013
1.00128
1.00124
1.00121
1.00118
1.00115
1.00111
1.00109
1.00106
1.00102
1.00099
1.00097
1.00094
1.00091
1.00088
1.00085
1.00083
1.0008
1.00078
1.00076
1.00073
1.00071
1.00069
1.00067
1.00065
1.00063
1.00061
1.00059
1.00057
1.00056
1.00054
1.00052
1.00051
1.0005
1.00048
1.00047
1.00046
1.00045
1.00043
1.00042
1.00041
1.00041
1.0004
1.00039
1.00038
1.00037
1.00037
1.00036
1.00035
1.00035
1.00034
1.00034
1.00033
1.00033
1.00033
1.00032
1.00032
1.00032
1.00031
1.00031
1.00031
1.00031
1.0003
1.0003
1.0003
1.0003
1.0003
1.0003
1.0003
1.0003
1.0003
1.00029
1.00029
1.00029
1.00029
1.00029
1.00029
1.0003
1.0003
1.0003
1.0003
1.0003
1.0003
1.0003
1.0003
1.0003
1.0003
1.0003
1.0003
1.0003
1.0003
1.0003
1.0003
1.00031
1.00031
1.00031
1.00031
1.00031
1.00031
1.00031
1.00031
1.00031
1.00031
1.00031
1.00031
1.00031
1.00031
1.00031
1.00031
1.00031
1.0003
1.0003
1.0003
1.0003
1.0003
1.0003
1.0003
1.0003
1.0003
1.0003
1.00029
1.00029
1.00029
1.00029
1.00029
1.00029
1.00028
1.00028
1.00028
1.00028
1.00028
1.00028
1.00027
1.00027
1.00027
1.00027
1.00027
1.00026
1.00026
1.00026
1.00026
1.00025
1.00025
1.00025
1.00025
1.00024
1.00024
1.00024
1.00024
1.00024
1.00023
1.00023
1.00023
1.00023
1.00022
1.00022
1.00022
1.00022
1.00021
1.00021
1.00021
1.00021
1.0002
1.0002
1.0002
1.00019
1.00019
1.00019
1.00019
1.00018
1.00018
1.00018
1.00018
1.00017
1.00017
1.00017
1.00017
1.00016
1.00016
1.00016
1.00016
1.00015
1.00015
1.00015
1.00015
1.00014
1.00014
1.00014
1.00014
1.00013
1.00013
1.00013
1.00013
1.00012
1.00012
1.00012
1.00012
1.00011
1.00011
1.00011
1.00011
1.0001
1.0001
1.0001
1.0001
1.00009
1.00009
1.00009
1.00009
1.00008
1.00008
1.00008
1.00007
1.00007
1.00007
1.00007
1.00006
1.00006
1.00016
1.00083
1.00211
1.00228
1.00219
1.00211
1.00218
1.0021
1.00206
1.00211
1.00207
1.002
1.00201
1.00204
1.00199
1.00196
1.00198
1.00198
1.00195
1.00194
1.00195
1.00194
1.00193
1.00192
1.00192
1.00191
1.00191
1.00191
1.0019
1.0019
1.00189
1.00189
1.00189
1.00188
1.00188
1.00188
1.00187
1.00187
1.00187
1.00186
1.00186
1.00186
1.00185
1.00185
1.00184
1.00184
1.00184
1.00183
1.00183
1.00182
1.00182
1.00181
1.00181
1.0018
1.0018
1.00179
1.00178
1.00178
1.00177
1.00176
1.00175
1.00174
1.00173
1.00172
1.00171
1.00169
1.00168
1.00166
1.00165
1.00163
1.00161
1.00159
1.00157
1.00155
1.00152
1.0015
1.00148
1.00145
1.00142
1.0014
1.00137
1.00134
1.00131
1.00128
1.00125
1.00122
1.00119
1.00116
1.00113
1.00109
1.00106
1.00104
1.00101
1.00097
1.00095
1.00092
1.00089
1.00086
1.00084
1.00081
1.00079
1.00076
1.00074
1.00072
1.0007
1.00067
1.00065
1.00064
1.00061
1.0006
1.00058
1.00056
1.00055
1.00053
1.00051
1.0005
1.00049
1.00047
1.00046
1.00045
1.00044
1.00043
1.00042
1.00041
1.0004
1.00039
1.00038
1.00038
1.00037
1.00036
1.00035
1.00035
1.00034
1.00034
1.00033
1.00033
1.00033
1.00032
1.00032
1.00032
1.00031
1.00031
1.00031
1.00031
1.0003
1.0003
1.0003
1.0003
1.0003
1.0003
1.0003
1.00029
1.00029
1.00029
1.00029
1.00029
1.00029
1.00029
1.00029
1.00029
1.00029
1.0003
1.0003
1.0003
1.0003
1.0003
1.0003
1.0003
1.0003
1.0003
1.0003
1.0003
1.0003
1.0003
1.0003
1.0003
1.0003
1.0003
1.00031
1.00031
1.00031
1.00031
1.00031
1.00031
1.00031
1.00031
1.00031
1.00031
1.00031
1.00031
1.0003
1.0003
1.0003
1.0003
1.0003
1.0003
1.0003
1.0003
1.0003
1.0003
1.0003
1.00029
1.00029
1.00029
1.00029
1.00029
1.00029
1.00029
1.00028
1.00028
1.00028
1.00028
1.00028
1.00028
1.00027
1.00027
1.00027
1.00027
1.00026
1.00026
1.00026
1.00026
1.00026
1.00025
1.00025
1.00025
1.00025
1.00024
1.00024
1.00024
1.00024
1.00024
1.00023
1.00023
1.00023
1.00023
1.00022
1.00022
1.00022
1.00022
1.00021
1.00021
1.00021
1.0002
1.0002
1.0002
1.0002
1.00019
1.00019
1.00019
1.00019
1.00018
1.00018
1.00018
1.00018
1.00017
1.00017
1.00017
1.00017
1.00016
1.00016
1.00016
1.00016
1.00015
1.00015
1.00015
1.00015
1.00014
1.00014
1.00014
1.00014
1.00013
1.00013
1.00013
1.00013
1.00012
1.00012
1.00012
1.00012
1.00011
1.00011
1.00011
1.00011
1.0001
1.0001
1.0001
1.0001
1.00009
1.00009
1.00009
1.00009
1.00008
1.00008
1.00008
1.00007
1.00007
1.00007
1.00007
1.00006
1.00006
1.00013
1.00083
1.00213
1.0024
1.00229
1.00194
1.00217
1.00233
1.00203
1.00195
1.00213
1.0021
1.00195
1.00197
1.00204
1.00198
1.00193
1.00196
1.00197
1.00193
1.00192
1.00194
1.00193
1.00191
1.00192
1.00192
1.00191
1.0019
1.0019
1.0019
1.00189
1.00189
1.00189
1.00188
1.00188
1.00187
1.00187
1.00187
1.00186
1.00186
1.00186
1.00185
1.00185
1.00185
1.00184
1.00184
1.00183
1.00183
1.00183
1.00182
1.00182
1.00181
1.00181
1.0018
1.00179
1.00179
1.00178
1.00177
1.00177
1.00176
1.00175
1.00174
1.00173
1.00171
1.0017
1.00169
1.00168
1.00166
1.00165
1.00163
1.00161
1.00159
1.00157
1.00155
1.00153
1.0015
1.00148
1.00146
1.00143
1.0014
1.00137
1.00135
1.00132
1.00128
1.00126
1.00123
1.00119
1.00117
1.00114
1.0011
1.00107
1.00104
1.00101
1.00098
1.00096
1.00093
1.0009
1.00087
1.00085
1.00082
1.00079
1.00077
1.00075
1.00072
1.0007
1.00068
1.00066
1.00064
1.00062
1.0006
1.00058
1.00057
1.00055
1.00053
1.00052
1.0005
1.00049
1.00048
1.00046
1.00045
1.00044
1.00043
1.00042
1.00041
1.0004
1.00039
1.00038
1.00038
1.00037
1.00036
1.00036
1.00035
1.00034
1.00034
1.00034
1.00033
1.00033
1.00032
1.00032
1.00032
1.00031
1.00031
1.00031
1.00031
1.0003
1.0003
1.0003
1.0003
1.0003
1.0003
1.0003
1.00029
1.00029
1.00029
1.00029
1.00029
1.00029
1.00029
1.00029
1.00029
1.00029
1.00029
1.00029
1.00029
1.0003
1.0003
1.0003
1.0003
1.0003
1.0003
1.0003
1.0003
1.0003
1.0003
1.0003
1.0003
1.0003
1.0003
1.0003
1.0003
1.0003
1.0003
1.0003
1.00031
1.0003
1.0003
1.0003
1.0003
1.0003
1.0003
1.0003
1.0003
1.0003
1.0003
1.0003
1.0003
1.0003
1.0003
1.0003
1.0003
1.0003
1.00029
1.00029
1.00029
1.00029
1.00029
1.00029
1.00029
1.00028
1.00028
1.00028
1.00028
1.00028
1.00027
1.00027
1.00027
1.00027
1.00027
1.00026
1.00026
1.00026
1.00026
1.00026
1.00025
1.00025
1.00025
1.00025
1.00024
1.00024
1.00024
1.00024
1.00023
1.00023
1.00023
1.00023
1.00023
1.00022
1.00022
1.00022
1.00022
1.00021
1.00021
1.00021
1.0002
1.0002
1.0002
1.0002
1.00019
1.00019
1.00019
1.00019
1.00018
1.00018
1.00018
1.00018
1.00017
1.00017
1.00017
1.00017
1.00016
1.00016
1.00016
1.00016
1.00015
1.00015
1.00015
1.00015
1.00014
1.00014
1.00014
1.00014
1.00013
1.00013
1.00013
1.00013
1.00012
1.00012
1.00012
1.00012
1.00011
1.00011
1.00011
1.00011
1.0001
1.0001
1.0001
1.0001
1.00009
1.00009
1.00009
1.00008
1.00008
1.00008
1.00008
1.00007
1.00007
1.00007
1.00007
1.00006
1.00006
1.0001
1.00084
1.00254
1.00208
1.00221
1.00238
1.0021
1.00207
1.00217
1.0021
1.00199
1.00202
1.00205
1.00199
1.00196
1.00198
1.00198
1.00194
1.00194
1.00195
1.00194
1.00192
1.00192
1.00192
1.00191
1.00191
1.00191
1.0019
1.0019
1.00189
1.00189
1.00189
1.00188
1.00188
1.00188
1.00187
1.00187
1.00187
1.00186
1.00186
1.00186
1.00185
1.00185
1.00185
1.00184
1.00184
1.00183
1.00183
1.00183
1.00182
1.00181
1.00181
1.00181
1.0018
1.00179
1.00179
1.00178
1.00177
1.00176
1.00176
1.00175
1.00173
1.00173
1.00172
1.0017
1.00169
1.00168
1.00166
1.00164
1.00163
1.00161
1.00159
1.00157
1.00155
1.00153
1.00151
1.00148
1.00146
1.00143
1.0014
1.00138
1.00135
1.00132
1.00129
1.00126
1.00123
1.0012
1.00117
1.00114
1.00111
1.00108
1.00105
1.00102
1.00099
1.00096
1.00093
1.00091
1.00088
1.00085
1.00083
1.0008
1.00078
1.00075
1.00073
1.00071
1.00069
1.00066
1.00064
1.00062
1.0006
1.00059
1.00057
1.00055
1.00054
1.00052
1.00051
1.00049
1.00048
1.00047
1.00045
1.00044
1.00043
1.00042
1.00041
1.0004
1.00039
1.00039
1.00038
1.00037
1.00036
1.00036
1.00035
1.00034
1.00034
1.00033
1.00033
1.00033
1.00032
1.00032
1.00031
1.00031
1.00031
1.00031
1.0003
1.0003
1.0003
1.0003
1.0003
1.0003
1.0003
1.00029
1.00029
1.00029
1.00029
1.00029
1.00029
1.00029
1.00029
1.00029
1.00029
1.00029
1.00029
1.00029
1.00029
1.00029
1.00029
1.0003
1.0003
1.0003
1.0003
1.0003
1.0003
1.0003
1.0003
1.0003
1.0003
1.0003
1.0003
1.0003
1.0003
1.0003
1.0003
1.0003
1.0003
1.0003
1.0003
1.0003
1.0003
1.0003
1.0003
1.0003
1.0003
1.0003
1.0003
1.0003
1.0003
1.0003
1.0003
1.0003
1.0003
1.0003
1.00029
1.00029
1.00029
1.00029
1.00029
1.00029
1.00029
1.00028
1.00028
1.00028
1.00028
1.00028
1.00027
1.00027
1.00027
1.00027
1.00027
1.00026
1.00026
1.00026
1.00026
1.00026
1.00025
1.00025
1.00025
1.00025
1.00024
1.00024
1.00024
1.00024
1.00023
1.00023
1.00023
1.00023
1.00023
1.00022
1.00022
1.00022
1.00021
1.00021
1.00021
1.00021
1.0002
1.0002
1.0002
1.0002
1.00019
1.00019
1.00019
1.00019
1.00018
1.00018
1.00018
1.00018
1.00017
1.00017
1.00017
1.00017
1.00016
1.00016
1.00016
1.00016
1.00015
1.00015
1.00015
1.00015
1.00014
1.00014
1.00014
1.00014
1.00013
1.00013
1.00013
1.00013
1.00012
1.00012
1.00012
1.00012
1.00011
1.00011
1.00011
1.00011
1.0001
1.0001
1.0001
1.0001
1.00009
1.00009
1.00009
1.00008
1.00008
1.00008
1.00008
1.00007
1.00007
1.00007
1.00007
1.00006
1.00006
1.00008
1.00104
1.00242
1.00205
1.00218
1.00259
1.0022
1.0019
1.00212
1.0022
1.00199
1.00194
1.00205
1.00202
1.00194
1.00196
1.00199
1.00195
1.00192
1.00194
1.00194
1.00192
1.00191
1.00192
1.00191
1.0019
1.0019
1.0019
1.00189
1.00189
1.00189
1.00189
1.00188
1.00188
1.00188
1.00187
1.00187
1.00187
1.00186
1.00186
1.00185
1.00185
1.00185
1.00184
1.00184
1.00184
1.00183
1.00183
1.00182
1.00182
1.00182
1.00181
1.0018
1.0018
1.00179
1.00178
1.00178
1.00177
1.00176
1.00175
1.00175
1.00174
1.00172
1.00171
1.0017
1.00169
1.00168
1.00166
1.00165
1.00163
1.00161
1.00159
1.00157
1.00155
1.00153
1.00151
1.00149
1.00146
1.00143
1.00141
1.00138
1.00135
1.00133
1.0013
1.00127
1.00124
1.00121
1.00118
1.00115
1.00112
1.00109
1.00106
1.00103
1.001
1.00097
1.00094
1.00091
1.00088
1.00086
1.00083
1.00081
1.00078
1.00076
1.00073
1.00071
1.00069
1.00067
1.00065
1.00063
1.00061
1.00059
1.00057
1.00055
1.00054
1.00052
1.00051
1.00049
1.00048
1.00047
1.00046
1.00044
1.00043
1.00042
1.00041
1.0004
1.00039
1.00039
1.00038
1.00037
1.00036
1.00036
1.00035
1.00034
1.00034
1.00033
1.00033
1.00033
1.00032
1.00032
1.00031
1.00031
1.00031
1.00031
1.0003
1.0003
1.0003
1.0003
1.0003
1.00029
1.00029
1.00029
1.00029
1.00029
1.00029
1.00029
1.00029
1.00029
1.00029
1.00029
1.00029
1.00029
1.00029
1.00029
1.00029
1.00029
1.00029
1.00029
1.00029
1.0003
1.0003
1.0003
1.0003
1.0003
1.0003
1.0003
1.0003
1.0003
1.0003
1.0003
1.0003
1.0003
1.0003
1.0003
1.0003
1.0003
1.0003
1.0003
1.0003
1.0003
1.0003
1.0003
1.0003
1.0003
1.0003
1.0003
1.0003
1.0003
1.0003
1.0003
1.0003
1.00029
1.00029
1.00029
1.00029
1.00029
1.00029
1.00029
1.00029
1.00028
1.00028
1.00028
1.00028
1.00028
1.00027
1.00027
1.00027
1.00027
1.00027
1.00026
1.00026
1.00026
1.00026
1.00026
1.00025
1.00025
1.00025
1.00025
1.00024
1.00024
1.00024
1.00024
1.00023
1.00023
1.00023
1.00023
1.00022
1.00022
1.00022
1.00022
1.00021
1.00021
1.00021
1.00021
1.0002
1.0002
1.0002
1.0002
1.00019
1.00019
1.00019
1.00019
1.00018
1.00018
1.00018
1.00018
1.00017
1.00017
1.00017
1.00017
1.00016
1.00016
1.00016
1.00016
1.00015
1.00015
1.00015
1.00015
1.00014
1.00014
1.00014
1.00014
1.00013
1.00013
1.00013
1.00013
1.00012
1.00012
1.00012
1.00012
1.00011
1.00011
1.00011
1.00011
1.0001
1.0001
1.0001
1.0001
1.00009
1.00009
1.00009
1.00008
1.00008
1.00008
1.00008
1.00007
1.00007
1.00007
1.00007
1.00006
1.00006
1.00006
1.0008
1.00207
1.00307
1.00247
1.00184
1.00218
1.00233
1.00203
1.00193
1.00209
1.00207
1.00194
1.00196
1.00201
1.00196
1.00193
1.00195
1.00195
1.00192
1.00192
1.00193
1.00192
1.00191
1.00191
1.00191
1.0019
1.00189
1.00189
1.00189
1.00189
1.00188
1.00188
1.00188
1.00187
1.00187
1.00187
1.00186
1.00186
1.00186
1.00185
1.00185
1.00185
1.00184
1.00184
1.00184
1.00183
1.00183
1.00182
1.00182
1.00181
1.00181
1.0018
1.0018
1.00179
1.00179
1.00178
1.00177
1.00176
1.00175
1.00175
1.00174
1.00173
1.00171
1.0017
1.00169
1.00168
1.00166
1.00165
1.00163
1.00161
1.00159
1.00158
1.00156
1.00153
1.00151
1.00149
1.00146
1.00144
1.00141
1.00139
1.00136
1.00133
1.0013
1.00127
1.00124
1.00121
1.00118
1.00115
1.00112
1.00109
1.00106
1.00103
1.001
1.00097
1.00094
1.00091
1.00089
1.00086
1.00083
1.00081
1.00078
1.00076
1.00073
1.00071
1.00069
1.00067
1.00065
1.00063
1.00061
1.00059
1.00057
1.00055
1.00054
1.00052
1.00051
1.00049
1.00048
1.00047
1.00045
1.00044
1.00043
1.00042
1.00041
1.0004
1.00039
1.00038
1.00038
1.00037
1.00036
1.00035
1.00035
1.00034
1.00034
1.00033
1.00033
1.00032
1.00032
1.00032
1.00031
1.00031
1.00031
1.0003
1.0003
1.0003
1.0003
1.0003
1.00029
1.00029
1.00029
1.00029
1.00029
1.00029
1.00029
1.00029
1.00029
1.00029
1.00029
1.00029
1.00029
1.00029
1.00029
1.00029
1.00029
1.00029
1.00029
1.00029
1.00029
1.00029
1.00029
1.0003
1.0003
1.0003
1.0003
1.0003
1.0003
1.0003
1.0003
1.0003
1.0003
1.0003
1.0003
1.0003
1.0003
1.0003
1.0003
1.0003
1.0003
1.0003
1.0003
1.0003
1.0003
1.0003
1.0003
1.0003
1.0003
1.0003
1.0003
1.0003
1.0003
1.00029
1.00029
1.00029
1.00029
1.00029
1.00029
1.00029
1.00028
1.00028
1.00028
1.00028
1.00028
1.00028
1.00027
1.00027
1.00027
1.00027
1.00027
1.00026
1.00026
1.00026
1.00026
1.00026
1.00025
1.00025
1.00025
1.00025
1.00024
1.00024
1.00024
1.00024
1.00023
1.00023
1.00023
1.00023
1.00022
1.00022
1.00022
1.00022
1.00021
1.00021
1.00021
1.00021
1.0002
1.0002
1.0002
1.0002
1.00019
1.00019
1.00019
1.00019
1.00018
1.00018
1.00018
1.00018
1.00017
1.00017
1.00017
1.00017
1.00016
1.00016
1.00016
1.00016
1.00015
1.00015
1.00015
1.00015
1.00014
1.00014
1.00014
1.00014
1.00013
1.00013
1.00013
1.00013
1.00012
1.00012
1.00012
1.00012
1.00011
1.00011
1.00011
1.00011
1.0001
1.0001
1.0001
1.0001
1.00009
1.00009
1.00009
1.00008
1.00008
1.00008
1.00008
1.00007
1.00007
1.00007
1.00007
1.00006
1.00006
1.00004
1.00086
1.00282
1.00278
1.00246
1.00194
1.00214
1.00223
1.00206
1.00196
1.00205
1.00203
1.00196
1.00196
1.00199
1.00196
1.00193
1.00194
1.00194
1.00192
1.00192
1.00192
1.00192
1.00191
1.0019
1.0019
1.0019
1.00189
1.00189
1.00189
1.00188
1.00188
1.00188
1.00188
1.00187
1.00187
1.00187
1.00186
1.00186
1.00186
1.00185
1.00185
1.00185
1.00184
1.00184
1.00184
1.00183
1.00183
1.00182
1.00182
1.00181
1.00181
1.0018
1.0018
1.00179
1.00179
1.00178
1.00177
1.00176
1.00176
1.00175
1.00174
1.00173
1.00172
1.0017
1.00169
1.00168
1.00167
1.00165
1.00163
1.00162
1.0016
1.00158
1.00156
1.00154
1.00152
1.00149
1.00147
1.00144
1.00142
1.00139
1.00136
1.00133
1.0013
1.00128
1.00125
1.00121
1.00119
1.00115
1.00112
1.00109
1.00106
1.00103
1.001
1.00097
1.00094
1.00092
1.00089
1.00086
1.00083
1.00081
1.00078
1.00076
1.00073
1.00071
1.00069
1.00067
1.00065
1.00063
1.00061
1.00059
1.00057
1.00055
1.00054
1.00052
1.00051
1.00049
1.00048
1.00047
1.00045
1.00044
1.00043
1.00042
1.00041
1.0004
1.00039
1.00038
1.00037
1.00037
1.00036
1.00035
1.00035
1.00034
1.00034
1.00033
1.00033
1.00032
1.00032
1.00031
1.00031
1.00031
1.00031
1.0003
1.0003
1.0003
1.0003
1.00029
1.00029
1.00029
1.00029
1.00029
1.00029
1.00029
1.00029
1.00029
1.00029
1.00029
1.00029
1.00029
1.00029
1.00029
1.00029
1.00029
1.00029
1.00029
1.00029
1.00029
1.00029
1.00029
1.00029
1.00029
1.00029
1.0003
1.0003
1.0003
1.0003
1.0003
1.0003
1.0003
1.0003
1.0003
1.0003
1.0003
1.0003
1.0003
1.0003
1.0003
1.0003
1.0003
1.0003
1.0003
1.0003
1.0003
1.0003
1.0003
1.0003
1.0003
1.0003
1.0003
1.0003
1.00029
1.00029
1.00029
1.00029
1.00029
1.00029
1.00029
1.00028
1.00028
1.00028
1.00028
1.00028
1.00028
1.00027
1.00027
1.00027
1.00027
1.00027
1.00026
1.00026
1.00026
1.00026
1.00026
1.00025
1.00025
1.00025
1.00025
1.00024
1.00024
1.00024
1.00024
1.00023
1.00023
1.00023
1.00023
1.00022
1.00022
1.00022
1.00022
1.00021
1.00021
1.00021
1.00021
1.0002
1.0002
1.0002
1.0002
1.00019
1.00019
1.00019
1.00019
1.00018
1.00018
1.00018
1.00018
1.00017
1.00017
1.00017
1.00017
1.00016
1.00016
1.00016
1.00016
1.00015
1.00015
1.00015
1.00015
1.00014
1.00014
1.00014
1.00014
1.00013
1.00013
1.00013
1.00013
1.00012
1.00012
1.00012
1.00012
1.00011
1.00011
1.00011
1.00011
1.0001
1.0001
1.0001
1.0001
1.00009
1.00009
1.00009
1.00008
1.00008
1.00008
1.00008
1.00007
1.00007
1.00007
1.00007
1.00006
1.00006
1.00003
1.00357
1.00429
1.00139
1.00182
1.00268
1.00223
1.00179
1.00207
1.00217
1.00195
1.00191
1.00203
1.002
1.00191
1.00194
1.00197
1.00193
1.00191
1.00193
1.00193
1.00191
1.00191
1.00191
1.0019
1.00189
1.0019
1.0019
1.00189
1.00188
1.00188
1.00188
1.00188
1.00187
1.00187
1.00187
1.00186
1.00186
1.00186
1.00186
1.00185
1.00185
1.00185
1.00184
1.00184
1.00184
1.00183
1.00183
1.00182
1.00182
1.00181
1.00181
1.00181
1.0018
1.00179
1.00179
1.00178
1.00177
1.00176
1.00176
1.00175
1.00174
1.00173
1.00172
1.00171
1.00169
1.00168
1.00167
1.00165
1.00164
1.00162
1.0016
1.00158
1.00156
1.00154
1.00152
1.0015
1.00147
1.00145
1.00142
1.00139
1.00136
1.00134
1.00131
1.00128
1.00125
1.00122
1.00119
1.00116
1.00113
1.0011
1.00106
1.00103
1.001
1.00097
1.00094
1.00092
1.00089
1.00086
1.00083
1.00081
1.00078
1.00076
1.00073
1.00071
1.00069
1.00067
1.00065
1.00063
1.00061
1.00059
1.00057
1.00055
1.00054
1.00052
1.00051
1.00049
1.00048
1.00046
1.00045
1.00044
1.00043
1.00042
1.00041
1.0004
1.00039
1.00038
1.00037
1.00036
1.00036
1.00035
1.00034
1.00034
1.00033
1.00033
1.00032
1.00032
1.00032
1.00031
1.00031
1.00031
1.0003
1.0003
1.0003
1.0003
1.00029
1.00029
1.00029
1.00029
1.00029
1.00029
1.00029
1.00029
1.00029
1.00029
1.00029
1.00029
1.00029
1.00029
1.00029
1.00029
1.00029
1.00029
1.00029
1.00029
1.00029
1.00029
1.00029
1.00029
1.00029
1.00029
1.00029
1.00029
1.0003
1.0003
1.0003
1.0003
1.0003
1.0003
1.0003
1.0003
1.0003
1.0003
1.0003
1.0003
1.0003
1.0003
1.0003
1.0003
1.0003
1.0003
1.0003
1.0003
1.0003
1.0003
1.0003
1.0003
1.0003
1.0003
1.0003
1.00029
1.00029
1.00029
1.00029
1.00029
1.00029
1.00029
1.00028
1.00028
1.00028
1.00028
1.00028
1.00028
1.00027
1.00027
1.00027
1.00027
1.00027
1.00026
1.00026
1.00026
1.00026
1.00026
1.00025
1.00025
1.00025
1.00025
1.00024
1.00024
1.00024
1.00024
1.00023
1.00023
1.00023
1.00023
1.00022
1.00022
1.00022
1.00022
1.00021
1.00021
1.00021
1.00021
1.0002
1.0002
1.0002
1.0002
1.00019
1.00019
1.00019
1.00019
1.00018
1.00018
1.00018
1.00018
1.00017
1.00017
1.00017
1.00017
1.00016
1.00016
1.00016
1.00016
1.00015
1.00015
1.00015
1.00015
1.00014
1.00014
1.00014
1.00014
1.00013
1.00013
1.00013
1.00013
1.00012
1.00012
1.00012
1.00012
1.00011
1.00011
1.00011
1.00011
1.0001
1.0001
1.0001
1.0001
1.00009
1.00009
1.00009
1.00008
1.00008
1.00008
1.00008
1.00007
1.00007
1.00007
1.00007
1.00006
1.00006
1.00002
1
1
1
1
1
1
1
1
1
1
1
1
1
1
1
1
1
1
1
1
1
1
1
1
1
1
1
1
1
1
1
1
1
1
1
1
1
1
1
1
1
1
1
1
1
1
1
1
1
1
1
1
1
1
1
1
1
1
1
1
1
1
1
1
1
1
1
1
1
1
1
1
1
1
1
1
1
1
1
1
1
1
1
1
1
1
1
1
1
1
1
1
1
1
1
1
1
1
1
1
1
1
1
1
1
1
1
1
1
1
1
1
1
1
1
1
1
1
1
1
1
1
1
1
1
1
1
1
1
1
1
1
1
1
1
1
1
1
1
1
1
1
1
1
1
1
1
1
1
1
1
1
1
1
1
1
1
1
1
1
1
1
1
1
1
1
1
1
1
1
1
1
1
1
1
1
1
1
1
1
1
1
1
1
1
1
1
1
1
1
1
1
1
1
1
1
1
1
1
1
1
1
1
1
1
1
1
1
1
1
1
1
1
1
1
1
1
1
1
1
1
1
1
1
1
1
1
1
1
1
1
1
1
1
1
1
1
1
1
1
1
1
1
1
1
1
1
1
1
1
1
1
1
1
1
1
1
1
1
1
1
1
1
1
1
1
1
1
1
1
1
1
1
1
1
1
1
1
1
1
1
1
1
1
1
1
1
1
1
1
1
1
1
1
1
1
1
1
1
1
