# vtk DataFile Version 3.0
LBM Simulation
ASCII
DATASET STRUCTURED_POINTS
DIMENSIONS 300 60 1
ORIGIN 0 0 0
SPACING 1 1 1
POINT_DATA 18000
VECTORS velocity double
0.0 0.0 0.0
0.0 0.0 0.0
0.0 0.0 0.0
0.0 0.0 0.0
0.0 0.0 0.0
0.0 0.0 0.0
0.0 0.0 0.0
0.0 0.0 0.0
0.0 0.0 0.0
0.0 0.0 0.0
0.0 0.0 0.0
0.0 0.0 0.0
0.0 0.0 0.0
0.0 0.0 0.0
0.0 0.0 0.0
0.0 0.0 0.0
0.0 0.0 0.0
0.0 0.0 0.0
0.0 0.0 0.0
0.0 0.0 0.0
0.0 0.0 0.0
0.0 0.0 0.0
0.0 0.0 0.0
0.0 0.0 0.0
0.0 0.0 0.0
0.0 0.0 0.0
0.0 0.0 0.0
0.0 0.0 0.0
0.0 0.0 0.0
0.0 0.0 0.0
0.0 0.0 0.0
0.0 0.0 0.0
0.0 0.0 0.0
0.0 0.0 0.0
0.0 0.0 0.0
0.0 0.0 0.0
0.0 0.0 0.0
0.0 0.0 0.0
0.0 0.0 0.0
0.0 0.0 0.0
0.0 0.0 0.0
0.0 0.0 0.0
0.0 0.0 0.0
0.0 0.0 0.0
0.0 0.0 0.0
0.0 0.0 0.0
0.0 0.0 0.0
0.0 0.0 0.0
0.0 0.0 0.0
0.0 0.0 0.0
0.0 0.0 0.0
0.0 0.0 0.0
0.0 0.0 0.0
0.0 0.0 0.0
0.0 0.0 0.0
0.0 0.0 0.0
0.0 0.0 0.0
0.0 0.0 0.0
0.0 0.0 0.0
0.0 0.0 0.0
0.0 0.0 0.0
0.0 0.0 0.0
0.0 0.0 0.0
0.0 0.0 0.0
0.0 0.0 0.0
0.0 0.0 0.0
0.0 0.0 0.0
0.0 0.0 0.0
0.0 0.0 0.0
0.0 0.0 0.0
0.0 0.0 0.0
0.0 0.0 0.0
0.0 0.0 0.0
0.0 0.0 0.0
0.0 0.0 0.0
0.0 0.0 0.0
0.0 0.0 0.0
0.0 0.0 0.0
0.0 0.0 0.0
0.0 0.0 0.0
0.0 0.0 0.0
0.0 0.0 0.0
0.0 0.0 0.0
0.0 0.0 0.0
0.0 0.0 0.0
0.0 0.0 0.0
0.0 0.0 0.0
0.0 0.0 0.0
0.0 0.0 0.0
0.0 0.0 0.0
0.0 0.0 0.0
0.0 0.0 0.0
0.0 0.0 0.0
0.0 0.0 0.0
0.0 0.0 0.0
0.0 0.0 0.0
0.0 0.0 0.0
0.0 0.0 0.0
0.0 0.0 0.0
0.0 0.0 0.0
0.0 0.0 0.0
0.0 0.0 0.0
0.0 0.0 0.0
0.0 0.0 0.0
0.0 0.0 0.0
0.0 0.0 0.0
0.0 0.0 0.0
0.0 0.0 0.0
0.0 0.0 0.0
0.0 0.0 0.0
0.0 0.0 0.0
0.0 0.0 0.0
0.0 0.0 0.0
0.0 0.0 0.0
0.0 0.0 0.0
0.0 0.0 0.0
0.0 0.0 0.0
0.0 0.0 0.0
0.0 0.0 0.0
0.0 0.0 0.0
0.0 0.0 0.0
0.0 0.0 0.0
0.0 0.0 0.0
0.0 0.0 0.0
0.0 0.0 0.0
0.0 0.0 0.0
0.0 0.0 0.0
0.0 0.0 0.0
0.0 0.0 0.0
0.0 0.0 0.0
0.0 0.0 0.0
0.0 0.0 0.0
0.0 0.0 0.0
0.0 0.0 0.0
0.0 0.0 0.0
0.0 0.0 0.0
0.0 0.0 0.0
0.0 0.0 0.0
0.0 0.0 0.0
0.0 0.0 0.0
0.0 0.0 0.0
0.0 0.0 0.0
0.0 0.0 0.0
0.0 0.0 0.0
0.0 0.0 0.0
0.0 0.0 0.0
0.0 0.0 0.0
0.0 0.0 0.0
0.0 0.0 0.0
0.0 0.0 0.0
0.0 0.0 0.0
0.0 0.0 0.0
0.0 0.0 0.0
0.0 0.0 0.0
0.0 0.0 0.0
0.0 0.0 0.0
0.0 0.0 0.0
0.0 0.0 0.0
0.0 0.0 0.0
0.0 0.0 0.0
0.0 0.0 0.0
0.0 0.0 0.0
0.0 0.0 0.0
0.0 0.0 0.0
0.0 0.0 0.0
0.0 0.0 0.0
0.0 0.0 0.0
0.0 0.0 0.0
0.0 0.0 0.0
0.0 0.0 0.0
0.0 0.0 0.0
0.0 0.0 0.0
0.0 0.0 0.0
0.0 0.0 0.0
0.0 0.0 0.0
0.0 0.0 0.0
0.0 0.0 0.0
0.0 0.0 0.0
0.0 0.0 0.0
0.0 0.0 0.0
0.0 0.0 0.0
0.0 0.0 0.0
0.0 0.0 0.0
0.0 0.0 0.0
0.0 0.0 0.0
0.0 0.0 0.0
0.0 0.0 0.0
0.0 0.0 0.0
0.0 0.0 0.0
0.0 0.0 0.0
0.0 0.0 0.0
0.0 0.0 0.0
0.0 0.0 0.0
0.0 0.0 0.0
0.0 0.0 0.0
0.0 0.0 0.0
0.0 0.0 0.0
0.0 0.0 0.0
0.0 0.0 0.0
0.0 0.0 0.0
0.0 0.0 0.0
0.0 0.0 0.0
0.0 0.0 0.0
0.0 0.0 0.0
0.0 0.0 0.0
0.0 0.0 0.0
0.0 0.0 0.0
0.0 0.0 0.0
0.0 0.0 0.0
0.0 0.0 0.0
0.0 0.0 0.0
0.0 0.0 0.0
0.0 0.0 0.0
0.0 0.0 0.0
0.0 0.0 0.0
0.0 0.0 0.0
0.0 0.0 0.0
0.0 0.0 0.0
0.0 0.0 0.0
0.0 0.0 0.0
0.0 0.0 0.0
0.0 0.0 0.0
0.0 0.0 0.0
0.0 0.0 0.0
0.0 0.0 0.0
0.0 0.0 0.0
0.0 0.0 0.0
0.0 0.0 0.0
0.0 0.0 0.0
0.0 0.0 0.0
0.0 0.0 0.0
0.0 0.0 0.0
0.0 0.0 0.0
0.0 0.0 0.0
0.0 0.0 0.0
0.0 0.0 0.0
0.0 0.0 0.0
0.0 0.0 0.0
0.0 0.0 0.0
0.0 0.0 0.0
0.0 0.0 0.0
0.0 0.0 0.0
0.0 0.0 0.0
0.0 0.0 0.0
0.0 0.0 0.0
0.0 0.0 0.0
0.0 0.0 0.0
0.0 0.0 0.0
0.0 0.0 0.0
0.0 0.0 0.0
0.0 0.0 0.0
0.0 0.0 0.0
0.0 0.0 0.0
0.0 0.0 0.0
0.0 0.0 0.0
0.0 0.0 0.0
0.0 0.0 0.0
0.0 0.0 0.0
0.0 0.0 0.0
0.0 0.0 0.0
0.0 0.0 0.0
0.0 0.0 0.0
0.0 0.0 0.0
0.0 0.0 0.0
0.0 0.0 0.0
0.0 0.0 0.0
0.0 0.0 0.0
0.0 0.0 0.0
0.0 0.0 0.0
0.0 0.0 0.0
0.0 0.0 0.0
0.0 0.0 0.0
0.0 0.0 0.0
0.0 0.0 0.0
0.0 0.0 0.0
0.0 0.0 0.0
0.0 0.0 0.0
0.0 0.0 0.0
0.0 0.0 0.0
0.0 0.0 0.0
0.0 0.0 0.0
0.0 0.0 0.0
0.0 0.0 0.0
0.0 0.0 0.0
0.0 0.0 0.0
0.0 0.0 0.0
0.0 0.0 0.0
0.0 0.0 0.0
0.0 0.0 0.0
0.0 0.0 0.0
0.0 0.0 0.0
0.0 0.0 0.0
0.0 0.0 0.0
0.0 0.0 0.0
0.0 0.0 0.0
0.0 0.0 0.0
0.0 0.0 0.0
0.0 0.0 0.0
0.0 0.0 0.0
0.0 0.0 0.0
0.0 0.0 0.0
0.0133783 0.00128119 0.0
0.00810749 0.000606607 0.0
0.00654701 -0.000615664 0.0
0.00653651 -0.000945201 0.0
0.00566538 -0.000150146 0.0
0.00456723 -0.000458529 0.0
0.00427371 -0.000686434 0.0
0.00406282 -0.000645825 0.0
0.00362694 -0.000488191 0.0
0.00332112 -0.000643043 0.0
0.00321524 -0.000664508 0.0
0.00304073 -0.000621641 0.0
0.00283531 -0.000603509 0.0
0.00272172 -0.000666392 0.0
0.00264217 -0.000649949 0.0
0.0025241 -0.000635091 0.0
0.00242367 -0.0006428 0.0
0.00236196 -0.000662497 0.0
0.00229697 -0.000647725 0.0
0.00222258 -0.000647092 0.0
0.00216702 -0.00065393 0.0
0.00212296 -0.000657473 0.0
0.00207366 -0.000649915 0.0
0.00202686 -0.00065293 0.0
0.0019909 -0.000655559 0.0
0.00195688 -0.000654764 0.0
0.00192153 -0.000652016 0.0
0.00189086 -0.000654458 0.0
0.001865 -0.000654579 0.0
0.00183925 -0.000653434 0.0
0.00181469 -0.000652731 0.0
0.00179375 -0.000653834 0.0
0.00177482 -0.000653117 0.0
0.00175644 -0.000652376 0.0
0.00173998 -0.00065217 0.0
0.00172588 -0.000652367 0.0
0.00171305 -0.000651554 0.0
0.00170131 -0.000651017 0.0
0.00169145 -0.000650824 0.0
0.00168343 -0.00065059 0.0
0.0016767 -0.00064973 0.0
0.0016713 -0.000649266 0.0
0.00166786 -0.000649082 0.0
0.00166635 -0.000648459 0.0
0.00166614 -0.00064751 0.0
0.0016676 -0.000647283 0.0
0.00167159 -0.000646867 0.0
0.00167755 -0.000645711 0.0
0.00168493 -0.00064503 0.0
0.0016949 -0.000644879 0.0
0.00170786 -0.000643635 0.0
0.00172267 -0.0006424 0.0
0.00173973 -0.000642113 0.0
0.00176032 -0.000641044 0.0
0.00178381 -0.000639128 0.0
0.00180963 -0.000638388 0.0
0.0018387 -0.000637265 0.0
0.00187131 -0.000634886 0.0
0.00190702 -0.000633128 0.0
0.0019457 -0.000631746 0.0
0.00198743 -0.000628752 0.0
0.00203253 -0.000625827 0.0
0.00208085 -0.000623381 0.0
0.00213132 -0.000619927 0.0
0.0021841 -0.000615491 0.0
0.0022397 -0.000611424 0.0
0.00229695 -0.00060696 0.0
0.00235488 -0.000601559 0.0
0.00241389 -0.000595154 0.0
0.00247333 -0.000589063 0.0
0.00253251 -0.000582977 0.0
0.00259074 -0.00057491 0.0
0.00264701 -0.000566165 0.0
0.00270168 -0.000559422 0.0
0.00275488 -0.000550876 0.0
0.00280382 -0.000539786 0.0
0.00284896 -0.000531588 0.0
0.00289242 -0.000523519 0.0
0.00293145 -0.000511494 0.0
0.00296465 -0.000501626 0.0
0.00299524 -0.000493829 0.0
0.00302212 -0.000482418 0.0
0.00304328 -0.000471668 0.0
0.00306059 -0.000463567 0.0
0.0030745 -0.000453548 0.0
0.00308392 -0.000442947 0.0
0.00308961 -0.000434561 0.0
0.00309172 -0.000425786 0.0
0.00309042 -0.00041631 0.0
0.00308635 -0.000407765 0.0
0.00307927 -0.000400082 0.0
0.00306917 -0.000391897 0.0
0.00305717 -0.000383867 0.0
0.0030433 -0.000376706 0.0
0.00302699 -0.000369868 0.0
0.00300888 -0.000362628 0.0
0.00298989 -0.000356015 0.0
0.00296952 -0.00034994 0.0
0.00294736 -0.000343833 0.0
0.00292439 -0.000337689 0.0
0.0029011 -0.000332219 0.0
0.00287663 -0.000326925 0.0
0.00285106 -0.000321603 0.0
0.00282537 -0.000316437 0.0
0.00279944 -0.000311821 0.0
0.00277268 -0.000307276 0.0
0.00274548 -0.000302656 0.0
0.00271842 -0.000298296 0.0
0.00269126 -0.00029451 0.0
0.0026638 -0.000290568 0.0
0.0026363 -0.000286475 0.0
0.00260914 -0.00028305 0.0
0.00258228 -0.000279866 0.0
0.00255538 -0.000276174 0.0
0.00252873 -0.000272891 0.0
0.0025029 -0.000270217 0.0
0.00247737 -0.000267022 0.0
0.00245194 -0.000263927 0.0
0.00242739 -0.000261426 0.0
0.00240358 -0.000258706 0.0
0.00237996 -0.000255844 0.0
0.00235701 -0.000253435 0.0
0.00233499 -0.000250937 0.0
0.00231344 -0.000248395 0.0
0.00229245 -0.00024605 0.0
0.00227227 -0.000243637 0.0
0.00225272 -0.000241259 0.0
0.0022338 -0.000239091 0.0
0.00221553 -0.000236675 0.0
0.00219776 -0.000234296 0.0
0.00218066 -0.000232272 0.0
0.00216416 -0.000229929 0.0
0.00214797 -0.000227456 0.0
0.00213227 -0.000225418 0.0
0.00211717 -0.000223252 0.0
0.00210229 -0.000220716 0.0
0.00208765 -0.000218543 0.0
0.00207351 -0.000216499 0.0
0.00205961 -0.000214078 0.0
0.0020458 -0.000211717 0.0
0.0020323 -0.000209685 0.0
0.00201903 -0.000207431 0.0
0.00200581 -0.000205028 0.0
0.00199276 -0.000202876 0.0
0.00197983 -0.000200714 0.0
0.00196683 -0.000198382 0.0
0.00195393 -0.000196151 0.0
0.00194104 -0.000193942 0.0
0.00192786 -0.000191669 0.0
0.00191454 -0.000189453 0.0
0.00190119 -0.000187175 0.0
0.00188741 -0.0001849 0.0
0.00187309 -0.000182723 0.0
0.00185851 -0.000180463 0.0
0.00184354 -0.000178178 0.0
0.00182785 -0.00017606 0.0
0.00181148 -0.000173899 0.0
0.00179464 -0.000171675 0.0
0.00177723 -0.000169642 0.0
0.00175902 -0.000167696 0.0
0.00174011 -0.000165642 0.0
0.00172076 -0.000163719 0.0
0.00170094 -0.000162051 0.0
0.00168045 -0.000160348 0.0
0.00165953 -0.000158591 0.0
0.00163845 -0.000157137 0.0
0.0016172 -0.000155891 0.0
0.00159568 -0.000154466 0.0
0.00157412 -0.000153141 0.0
0.00155285 -0.000152238 0.0
0.00153181 -0.000151273 0.0
0.00151086 -0.000150134 0.0
0.00149039 -0.000149368 0.0
0.00147059 -0.000148765 0.0
0.0014512 -0.000147925 0.0
0.00143232 -0.000147213 0.0
0.00141429 -0.000146748 0.0
0.00139698 -0.000146179 0.0
0.00138025 -0.000145564 0.0
0.00136433 -0.000145087 0.0
0.00134926 -0.000144638 0.0
0.00133486 -0.000144127 0.0
0.00132119 -0.000143625 0.0
0.00130831 -0.000143155 0.0
0.00129615 -0.000142683 0.0
0.00128463 -0.000142172 0.0
0.00127378 -0.00014164 0.0
0.0012636 -0.00014112 0.0
0.00125399 -0.000140588 0.0
0.00124493 -0.00014 0.0
0.00123642 -0.000139398 0.0
0.00122842 -0.000138803 0.0
0.00122085 -0.000138169 0.0
0.00121371 -0.000137488 0.0
0.00120699 -0.00013681 0.0
0.00120063 -0.000136118 0.0
0.00119459 -0.000135379 0.0
0.00118885 -0.000134618 0.0
0.00118342 -0.000133859 0.0
0.00117824 -0.000133069 0.0
0.00117327 -0.000132245 0.0
0.00116853 -0.000131415 0.0
0.00116399 -0.000130576 0.0
0.00115961 -0.000129706 0.0
0.00115538 -0.000128819 0.0
0.00115131 -0.000127928 0.0
0.00114737 -0.000127022 0.0
0.00114354 -0.000126094 0.0
0.00113981 -0.000125159 0.0
0.00113619 -0.000124219 0.0
0.00113264 -0.000123263 0.0
0.00112918 -0.000122295 0.0
0.00112578 -0.000121325 0.0
0.00112246 -0.000120347 0.0
0.00111919 -0.000119357 0.0
0.00111598 -0.000118363 0.0
0.00111282 -0.000117366 0.0
0.00110971 -0.000116363 0.0
0.00110664 -0.000115353 0.0
0.00110361 -0.000114341 0.0
0.00110063 -0.000113327 0.0
0.00109768 -0.000112309 0.0
0.00109477 -0.000111288 0.0
0.0010919 -0.000110266 0.0
0.00108906 -0.000109242 0.0
0.00108626 -0.000108217 0.0
0.00108349 -0.00010719 0.0
0.00108076 -0.000106164 0.0
0.00107806 -0.000105137 0.0
0.0010754 -0.00010411 0.0
0.00107277 -0.000103083 0.0
0.00107018 -0.000102056 0.0
0.00106762 -0.00010103 0.0
0.0010651 -0.000100004 0.0
0.00106262 -9.89801e-05 0.0
0.00106017 -9.79566e-05 0.0
0.00105776 -9.69341e-05 0.0
0.0010554 -9.59129e-05 0.0
0.00105307 -9.48931e-05 0.0
0.00105078 -9.38746e-05 0.0
0.00104853 -9.28576e-05 0.0
0.00104633 -9.18423e-05 0.0
0.00104416 -9.08285e-05 0.0
0.00104204 -8.98164e-05 0.0
0.00103996 -8.88061e-05 0.0
0.00103793 -8.77976e-05 0.0
0.00103594 -8.67909e-05 0.0
0.00103399 -8.5786e-05 0.0
0.0010321 -8.47832e-05 0.0
0.00103024 -8.37822e-05 0.0
0.00102844 -8.27833e-05 0.0
0.00102668 -8.17864e-05 0.0
0.00102498 -8.07916e-05 0.0
0.00102332 -7.97989e-05 0.0
0.00102171 -7.88083e-05 0.0
0.00102015 -7.78198e-05 0.0
0.00101864 -7.68334e-05 0.0
0.00101719 -7.58491e-05 0.0
0.00101579 -7.4867e-05 0.0
0.00101444 -7.3887e-05 0.0
0.00101314 -7.29091e-05 0.0
0.0010119 -7.19332e-05 0.0
0.00101071 -7.09593e-05 0.0
0.00100957 -6.99873e-05 0.0
0.00100849 -6.90172e-05 0.0
0.00100746 -6.80489e-05 0.0
0.00100648 -6.70824e-05 0.0
0.00100556 -6.61173e-05 0.0
0.00100469 -6.51538e-05 0.0
0.00100387 -6.41916e-05 0.0
0.0010031 -6.32307e-05 0.0
0.00100238 -6.22706e-05 0.0
0.0010017 -6.13117e-05 0.0
0.00100108 -6.03536e-05 0.0
0.0010005 -5.93958e-05 0.0
0.000999964 -5.84383e-05 0.0
0.000999461 -5.74818e-05 0.0
0.00099901 -5.65248e-05 0.0
0.000998582 -5.55673e-05 0.0
0.000998204 -5.46101e-05 0.0
0.000997842 -5.36532e-05 0.0
0.000997528 -5.26939e-05 0.0
0.000997221 -5.1734e-05 0.0
0.000996957 -5.07751e-05 0.0
0.000996697 -4.98145e-05 0.0
0.000996477 -4.88488e-05 0.0
0.000996245 -4.78853e-05 0.0
0.000996053 -4.6923e-05 0.0
0.000995848 -4.59523e-05 0.0
0.000995664 -4.49751e-05 0.0
0.000995446 -4.40104e-05 0.0
0.000995267 -4.30379e-05 0.0
0.000995032 -4.20366e-05 0.0
0.000994755 -4.10419e-05 0.0
0.000994422 -4.00875e-05 0.0
0.000994094 -3.90536e-05 0.0
0.000993452 -3.79263e-05 0.0
0.000992609 -3.70248e-05 0.0
0.0 0.0 0.0
0.0 0.0 0.0
0.0196897 0.00298674 0.0
0.0198557 0.00390013 0.0
0.0172993 0.00135404 0.0
0.0144836 0.000458777 0.0
0.0131206 0.000962166 0.0
0.0123047 0.000395457 0.0
0.0112093 3.83482e-05 0.0
0.0102338 -3.74527e-05 0.0
0.00964868 -2.10811e-05 0.0
0.00912538 -0.000275542 0.0
0.00856951 -0.000310794 0.0
0.00813762 -0.000324027 0.0
0.00781582 -0.000366169 0.0
0.00748737 -0.000455763 0.0
0.00717934 -0.000446595 0.0
0.00693895 -0.00046694 0.0
0.00672682 -0.000497991 0.0
0.0065138 -0.000525605 0.0
0.00632676 -0.000520606 0.0
0.00616997 -0.000539914 0.0
0.00602056 -0.000555238 0.0
0.00587781 -0.000563835 0.0
0.00575378 -0.000565314 0.0
0.00564234 -0.000578553 0.0
0.00553501 -0.000585007 0.0
0.00543618 -0.000589058 0.0
0.00534854 -0.000592907 0.0
0.0052668 -0.000600656 0.0
0.00518946 -0.000603634 0.0
0.00511942 -0.000606826 0.0
0.00505591 -0.00061058 0.0
0.0049964 -0.000615023 0.0
0.00494148 -0.000617051 0.0
0.00489214 -0.000619931 0.0
0.00484724 -0.00062302 0.0
0.0048061 -0.000625952 0.0
0.00476932 -0.000627861 0.0
0.00473706 -0.000630544 0.0
0.00470882 -0.000633279 0.0
0.00468443 -0.000635685 0.0
0.00466425 -0.000637749 0.0
0.0046486 -0.00064059 0.0
0.00463727 -0.000643339 0.0
0.00462994 -0.000645679 0.0
0.00462738 -0.000648312 0.0
0.00463025 -0.000651654 0.0
0.00463771 -0.000654499 0.0
0.00464987 -0.000657355 0.0
0.00466846 -0.000660985 0.0
0.00469324 -0.000664621 0.0
0.00472308 -0.000667907 0.0
0.00475964 -0.000672016 0.0
0.00480417 -0.00067605 0.0
0.00485515 -0.000679839 0.0
0.00491299 -0.000684499 0.0
0.00497965 -0.00068898 0.0
0.00505437 -0.000692277 0.0
0.00513659 -0.000697213 0.0
0.00522778 -0.000702149 0.0
0.00532743 -0.000704469 0.0
0.00543484 -0.000707581 0.0
0.00555113 -0.00071268 0.0
0.00567531 -0.000713845 0.0
0.00580552 -0.000713477 0.0
0.00594319 -0.00071598 0.0
0.00608789 -0.000716233 0.0
0.00623578 -0.000711638 0.0
0.00638663 -0.000709092 0.0
0.00654241 -0.000706444 0.0
0.0066992 -0.000698487 0.0
0.00685311 -0.00068991 0.0
0.00700668 -0.000682785 0.0
0.00715972 -0.000671094 0.0
0.00730574 -0.000657816 0.0
0.00744487 -0.000646385 0.0
0.00758037 -0.00063114 0.0
0.00770734 -0.000613861 0.0
0.00782289 -0.000600064 0.0
0.00793104 -0.000583043 0.0
0.00802959 -0.000562807 0.0
0.00811558 -0.000547321 0.0
0.00819172 -0.000530979 0.0
0.00825758 -0.000510509 0.0
0.00831126 -0.00049333 0.0
0.00835492 -0.000478363 0.0
0.00838853 -0.000460509 0.0
0.00841138 -0.000443368 0.0
0.00842508 -0.000428818 0.0
0.00843013 -0.000414668 0.0
0.00842628 -0.000399629 0.0
0.00841486 -0.000385857 0.0
0.00839663 -0.000374037 0.0
0.00837156 -0.000362337 0.0
0.00834034 -0.000350172 0.0
0.00830431 -0.000339842 0.0
0.00826347 -0.000330464 0.0
0.00821767 -0.000320896 0.0
0.00816821 -0.000311709 0.0
0.0081159 -0.000303755 0.0
0.00805994 -0.000296081 0.0
0.00800079 -0.000288692 0.0
0.00793979 -0.000281562 0.0
0.0078767 -0.00027512 0.0
0.00781105 -0.000269117 0.0
0.00774383 -0.000263394 0.0
0.0076756 -0.000257716 0.0
0.00760594 -0.000252727 0.0
0.00753513 -0.00024821 0.0
0.00746385 -0.000243824 0.0
0.00739224 -0.000239588 0.0
0.00732036 -0.000235933 0.0
0.00724849 -0.000232722 0.0
0.00717694 -0.000229605 0.0
0.00710613 -0.000226532 0.0
0.00703592 -0.000223976 0.0
0.00696636 -0.000221989 0.0
0.00689816 -0.000219574 0.0
0.00683123 -0.000217293 0.0
0.0067652 -0.000215929 0.0
0.00670071 -0.000214363 0.0
0.00663793 -0.000212241 0.0
0.00657641 -0.000211054 0.0
0.00651647 -0.000210083 0.0
0.00645831 -0.000208409 0.0
0.00640168 -0.000207054 0.0
0.00634675 -0.000206302 0.0
0.00629353 -0.000205013 0.0
0.00624172 -0.000203609 0.0
0.00619165 -0.000202653 0.0
0.00614326 -0.000201457 0.0
0.00609595 -0.00020005 0.0
0.00605005 -0.0001988 0.0
0.00600582 -0.000197429 0.0
0.00596245 -0.000195898 0.0
0.00591991 -0.000194438 0.0
0.00587875 -0.000192808 0.0
0.00583853 -0.000191108 0.0
0.00579872 -0.000189454 0.0
0.00575977 -0.000187694 0.0
0.00572174 -0.000185763 0.0
0.00568411 -0.000183977 0.0
0.00564692 -0.000182139 0.0
0.00561036 -0.00018003 0.0
0.00557409 -0.000178006 0.0
0.0055381 -0.000176086 0.0
0.00550244 -0.000173784 0.0
0.00546666 -0.00017143 0.0
0.00543078 -0.000169286 0.0
0.00539497 -0.000166722 0.0
0.00535864 -0.000163943 0.0
0.00532152 -0.00016145 0.0
0.00528391 -0.000158639 0.0
0.00524546 -0.000155348 0.0
0.0052057 -0.000152408 0.0
0.00516469 -0.000149512 0.0
0.00512237 -0.000145944 0.0
0.00507843 -0.000142458 0.0
0.00503287 -0.000139587 0.0
0.00498563 -0.000136319 0.0
0.00493653 -0.00013262 0.0
0.00488581 -0.000129673 0.0
0.00483361 -0.000127132 0.0
0.0047797 -0.00012402 0.0
0.00472428 -0.000121171 0.0
0.00466798 -0.000119274 0.0
0.0046108 -0.000117343 0.0
0.00455257 -0.000115207 0.0
0.00449401 -0.000113815 0.0
0.00443568 -0.000112959 0.0
0.00437728 -0.000112 0.0
0.00431911 -0.000111285 0.0
0.00426196 -0.000111094 0.0
0.00420585 -0.000111162 0.0
0.00415069 -0.000111285 0.0
0.004097 -0.000111547 0.0
0.00404503 -0.00011216 0.0
0.00399473 -0.000112939 0.0
0.00394621 -0.000113589 0.0
0.00389966 -0.000114383 0.0
0.00385511 -0.00011542 0.0
0.00381259 -0.000116328 0.0
0.00377205 -0.000117137 0.0
0.00373352 -0.000118111 0.0
0.003697 -0.00011905 0.0
0.00366241 -0.000119801 0.0
0.00362966 -0.000120552 0.0
0.00359872 -0.000121327 0.0
0.00356952 -0.000121943 0.0
0.00354195 -0.000122445 0.0
0.00351593 -0.000122938 0.0
0.00349138 -0.000123349 0.0
0.0034682 -0.000123616 0.0
0.00344632 -0.000123816 0.0
0.00342563 -0.000123966 0.0
0.00340604 -0.000124014 0.0
0.00338749 -0.000123961 0.0
0.0033699 -0.000123853 0.0
0.00335317 -0.000123681 0.0
0.00333724 -0.000123425 0.0
0.00332206 -0.000123098 0.0
0.00330756 -0.000122723 0.0
0.00329366 -0.00012229 0.0
0.00328032 -0.000121797 0.0
0.00326752 -0.000121253 0.0
0.00325517 -0.00012067 0.0
0.00324323 -0.000120045 0.0
0.00323169 -0.000119376 0.0
0.00322051 -0.000118673 0.0
0.00320964 -0.000117942 0.0
0.00319906 -0.00011718 0.0
0.00318875 -0.000116389 0.0
0.00317869 -0.000115576 0.0
0.00316885 -0.000114744 0.0
0.00315921 -0.000113892 0.0
0.00314977 -0.000113021 0.0
0.0031405 -0.000112137 0.0
0.00313139 -0.000111241 0.0
0.00312244 -0.000110332 0.0
0.00311364 -0.000109413 0.0
0.00310497 -0.000108487 0.0
0.00309642 -0.000107553 0.0
0.00308801 -0.000106613 0.0
0.00307971 -0.000105668 0.0
0.00307153 -0.000104719 0.0
0.00306346 -0.000103768 0.0
0.00305551 -0.000102813 0.0
0.00304766 -0.000101858 0.0
0.00303992 -0.000100902 0.0
0.00303229 -9.99449e-05 0.0
0.00302477 -9.89881e-05 0.0
0.00301736 -9.80322e-05 0.0
0.00301005 -9.70772e-05 0.0
0.00300285 -9.61234e-05 0.0
0.00299577 -9.51711e-05 0.0
0.00298879 -9.42208e-05 0.0
0.00298193 -9.32724e-05 0.0
0.00297518 -9.2326e-05 0.0
0.00296854 -9.1382e-05 0.0
0.00296202 -9.04405e-05 0.0
0.00295562 -8.95014e-05 0.0
0.00294934 -8.85649e-05 0.0
0.00294318 -8.76312e-05 0.0
0.00293714 -8.67001e-05 0.0
0.00293123 -8.57719e-05 0.0
0.00292544 -8.48465e-05 0.0
0.00291977 -8.39242e-05 0.0
0.00291424 -8.30048e-05 0.0
0.00290883 -8.20885e-05 0.0
0.00290356 -8.11752e-05 0.0
0.00289842 -8.02652e-05 0.0
0.00289341 -7.93584e-05 0.0
0.00288854 -7.84548e-05 0.0
0.00288381 -7.75545e-05 0.0
0.00287922 -7.66575e-05 0.0
0.00287477 -7.57637e-05 0.0
0.00287046 -7.48733e-05 0.0
0.0028663 -7.39859e-05 0.0
0.00286229 -7.31018e-05 0.0
0.00285842 -7.22205e-05 0.0
0.0028547 -7.13422e-05 0.0
0.00285113 -7.04665e-05 0.0
0.00284772 -6.95933e-05 0.0
0.00284444 -6.87223e-05 0.0
0.00284133 -6.78533e-05 0.0
0.00283836 -6.69858e-05 0.0
0.00283555 -6.61197e-05 0.0
0.00283287 -6.52544e-05 0.0
0.00283036 -6.43897e-05 0.0
0.00282797 -6.35249e-05 0.0
0.00282575 -6.266e-05 0.0
0.00282365 -6.17941e-05 0.0
0.0028217 -6.09269e-05 0.0
0.00281987 -6.00578e-05 0.0
0.00281819 -5.9187e-05 0.0
0.00281661 -5.8313e-05 0.0
0.00281517 -5.74358e-05 0.0
0.00281382 -5.65554e-05 0.0
0.00281261 -5.56712e-05 0.0
0.00281146 -5.47815e-05 0.0
0.00281045 -5.38876e-05 0.0
0.00280949 -5.29895e-05 0.0
0.00280865 -5.20848e-05 0.0
0.00280784 -5.11731e-05 0.0
0.00280714 -5.02576e-05 0.0
0.00280645 -4.9336e-05 0.0
0.00280587 -4.8403e-05 0.0
0.00280527 -4.74641e-05 0.0
0.00280477 -4.65227e-05 0.0
0.00280422 -4.55657e-05 0.0
0.00280376 -4.45896e-05 0.0
0.00280323 -4.36155e-05 0.0
0.00280275 -4.26223e-05 0.0
0.00280214 -4.15723e-05 0.0
0.00280158 -4.05013e-05 0.0
0.00280078 -3.94376e-05 0.0
0.00279985 -3.81883e-05 0.0
0.00279868 -3.68391e-05 0.0
0.00279771 -3.61048e-05 0.0
0.0 0.0 0.0
0.0 0.0 0.0
0.019672 0.00140157 0.0
0.0207831 0.00474586 0.0
0.020551 0.00314044 0.0
0.0190123 0.0024548 0.0
0.0180856 0.00170216 0.0
0.0172968 0.0014594 0.0
0.0161168 0.00115155 0.0
0.015089 0.000789561 0.0
0.0144645 0.00051528 0.0
0.013799 0.000395827 0.0
0.0130671 0.000269978 0.0
0.0125097 0.000102434 0.0
0.0120804 7.05937e-06 0.0
0.0116164 -4.78822e-05 0.0
0.0111849 -0.000119154 0.0
0.0108474 -0.000197149 0.0
0.0105387 -0.000234896 0.0
0.0102251 -0.000269439 0.0
0.00995321 -0.000312545 0.0
0.0097217 -0.000349645 0.0
0.00949669 -0.000369487 0.0
0.00928249 -0.000394155 0.0
0.00909695 -0.00041985 0.0
0.00892734 -0.000439146 0.0
0.00876314 -0.00045296 0.0
0.00861261 -0.000470562 0.0
0.00847841 -0.000486092 0.0
0.00835183 -0.00049801 0.0
0.00823218 -0.000508959 0.0
0.00812377 -0.000521443 0.0
0.00802468 -0.0005317 0.0
0.00793128 -0.00054062 0.0
0.00784511 -0.000549684 0.0
0.00776728 -0.000559019 0.0
0.00769585 -0.000566998 0.0
0.00763001 -0.000574713 0.0
0.00757093 -0.000582678 0.0
0.00751857 -0.000590684 0.0
0.00747191 -0.000598054 0.0
0.00743104 -0.00060551 0.0
0.00739684 -0.000613445 0.0
0.00736911 -0.000621528 0.0
0.00734721 -0.000629223 0.0
0.00733183 -0.000637439 0.0
0.00732395 -0.000646509 0.0
0.00732293 -0.000655483 0.0
0.00732855 -0.000664419 0.0
0.00734251 -0.00067466 0.0
0.00736522 -0.000685437 0.0
0.00739552 -0.000695896 0.0
0.00743459 -0.000707421 0.0
0.00748428 -0.000720113 0.0
0.00754369 -0.000732407 0.0
0.00761263 -0.00074551 0.0
0.00769302 -0.000759842 0.0
0.00778528 -0.000773603 0.0
0.00788889 -0.000787677 0.0
0.00800439 -0.000803239 0.0
0.00813196 -0.000817428 0.0
0.00827231 -0.000830796 0.0
0.00842568 -0.00084553 0.0
0.0085898 -0.000859038 0.0
0.00876497 -0.000869333 0.0
0.00895342 -0.000879728 0.0
0.00915163 -0.00088953 0.0
0.00935615 -0.000895392 0.0
0.00957029 -0.000897849 0.0
0.00979263 -0.000899534 0.0
0.0100166 -0.000898881 0.0
0.010243 -0.000892918 0.0
0.010473 -0.000882916 0.0
0.0107004 -0.000872977 0.0
0.0109235 -0.000859649 0.0
0.0111433 -0.000839107 0.0
0.0113553 -0.00081813 0.0
0.0115581 -0.00079836 0.0
0.0117526 -0.000771252 0.0
0.0119338 -0.000741718 0.0
0.0121013 -0.000716184 0.0
0.0122581 -0.000686177 0.0
0.0123994 -0.000653038 0.0
0.0125235 -0.000624003 0.0
0.0126347 -0.000593648 0.0
0.0127312 -0.000561082 0.0
0.0128108 -0.000531786 0.0
0.0128757 -0.000503194 0.0
0.0129269 -0.000474115 0.0
0.012964 -0.000446912 0.0
0.0129877 -0.000421673 0.0
0.0129984 -0.000397454 0.0
0.0129977 -0.000374209 0.0
0.0129865 -0.000352647 0.0
0.0129646 -0.000333264 0.0
0.012933 -0.000314607 0.0
0.0128935 -0.000297027 0.0
0.0128465 -0.000281221 0.0
0.0127916 -0.000266743 0.0
0.0127301 -0.000252806 0.0
0.0126634 -0.000239934 0.0
0.0125914 -0.000228282 0.0
0.0125138 -0.000217492 0.0
0.0124318 -0.000207028 0.0
0.0123465 -0.000197528 0.0
0.0122574 -0.000189035 0.0
0.0121644 -0.000181018 0.0
0.012069 -0.000173288 0.0
0.0119716 -0.000166766 0.0
0.0118717 -0.000161076 0.0
0.0117699 -0.000155435 0.0
0.011667 -0.000150554 0.0
0.0115637 -0.000147039 0.0
0.0114595 -0.00014357 0.0
0.0113548 -0.000140304 0.0
0.0112508 -0.000138458 0.0
0.0111477 -0.000136817 0.0
0.0110448 -0.000135015 0.0
0.0109428 -0.000134325 0.0
0.0108429 -0.000133966 0.0
0.0107443 -0.000133279 0.0
0.0106467 -0.000133387 0.0
0.0105516 -0.000133765 0.0
0.0104586 -0.000133962 0.0
0.0103671 -0.000134539 0.0
0.010278 -0.000135328 0.0
0.0101914 -0.00013597 0.0
0.0101068 -0.000136898 0.0
0.0100245 -0.000137722 0.0
0.00994467 -0.000138322 0.0
0.00986687 -0.000139289 0.0
0.00979136 -0.000139933 0.0
0.00971807 -0.000140024 0.0
0.0096465 -0.000140578 0.0
0.00957685 -0.000140966 0.0
0.00950914 -0.000140437 0.0
0.00944288 -0.000140193 0.0
0.00937798 -0.000140215 0.0
0.00931457 -0.000139414 0.0
0.00925241 -0.00013833 0.0
0.00919126 -0.000137806 0.0
0.00913118 -0.000136941 0.0
0.00907206 -0.000135443 0.0
0.00901373 -0.000134217 0.0
0.0089562 -0.000133095 0.0
0.00889929 -0.000131364 0.0
0.00884283 -0.000129518 0.0
0.00878684 -0.00012773 0.0
0.00873105 -0.000125466 0.0
0.00867514 -0.000122942 0.0
0.00861915 -0.000120217 0.0
0.00856278 -0.000117033 0.0
0.0085055 -0.00011357 0.0
0.00844728 -0.00010976 0.0
0.00838804 -0.000105487 0.0
0.00832714 -0.000101039 0.0
0.0082642 -9.62249e-05 0.0
0.00819943 -9.09765e-05 0.0
0.00813265 -8.57708e-05 0.0
0.00806313 -8.05142e-05 0.0
0.00799087 -7.48624e-05 0.0
0.00791642 -6.93513e-05 0.0
0.00783949 -6.4359e-05 0.0
0.00775954 -5.93821e-05 0.0
0.00767723 -5.4412e-05 0.0
0.00759323 -5.02199e-05 0.0
0.00750713 -4.68122e-05 0.0
0.00741904 -4.35208e-05 0.0
0.00732999 -4.06757e-05 0.0
0.00724036 -3.90471e-05 0.0
0.00715008 -3.8076e-05 0.0
0.00705965 -3.71692e-05 0.0
0.00696985 -3.71735e-05 0.0
0.00688109 -3.82374e-05 0.0
0.00679339 -3.94003e-05 0.0
0.00670713 -4.0906e-05 0.0
0.00662307 -4.32762e-05 0.0
0.00654133 -4.59498e-05 0.0
0.00646173 -4.86898e-05 0.0
0.00638481 -5.17768e-05 0.0
0.00631096 -5.51376e-05 0.0
0.00623988 -5.85539e-05 0.0
0.00617159 -6.19702e-05 0.0
0.00610648 -6.5404e-05 0.0
0.00604446 -6.88698e-05 0.0
0.00598524 -7.22486e-05 0.0
0.00592893 -7.54466e-05 0.0
0.00587559 -7.85363e-05 0.0
0.00582498 -8.15395e-05 0.0
0.00577693 -8.43245e-05 0.0
0.00573146 -8.6883e-05 0.0
0.00568847 -8.93011e-05 0.0
0.00564772 -9.15479e-05 0.0
0.00560909 -9.35485e-05 0.0
0.00557253 -9.53514e-05 0.0
0.00553791 -9.69984e-05 0.0
0.00550502 -9.84518e-05 0.0
0.00547377 -9.96977e-05 0.0
0.0054441 -0.000100783 0.0
0.00541586 -0.000101716 0.0
0.00538891 -0.000102482 0.0
0.00536317 -0.000103092 0.0
0.00533858 -0.000103574 0.0
0.00531502 -0.000103929 0.0
0.00529238 -0.000104158 0.0
0.00527062 -0.000104275 0.0
0.00524968 -0.000104295 0.0
0.00522946 -0.000104219 0.0
0.0052099 -0.000104057 0.0
0.00519097 -0.000103816 0.0
0.00517262 -0.000103506 0.0
0.00515478 -0.000103131 0.0
0.00513742 -0.000102698 0.0
0.00512051 -0.000102213 0.0
0.00510401 -0.000101681 0.0
0.00508788 -0.000101108 0.0
0.00507211 -0.000100498 0.0
0.00505667 -9.98553e-05 0.0
0.00504154 -9.91842e-05 0.0
0.00502669 -9.84882e-05 0.0
0.00501212 -9.77703e-05 0.0
0.00499781 -9.70335e-05 0.0
0.00498374 -9.62815e-05 0.0
0.00496991 -9.55161e-05 0.0
0.00495631 -9.47395e-05 0.0
0.00494292 -9.3954e-05 0.0
0.00492975 -9.31618e-05 0.0
0.00491678 -9.2364e-05 0.0
0.00490402 -9.15622e-05 0.0
0.00489146 -9.0758e-05 0.0
0.00487909 -8.99524e-05 0.0
0.00486692 -8.91463e-05 0.0
0.00485494 -8.83405e-05 0.0
0.00484316 -8.75361e-05 0.0
0.00483157 -8.67334e-05 0.0
0.00482018 -8.59328e-05 0.0
0.00480898 -8.51351e-05 0.0
0.00479797 -8.43405e-05 0.0
0.00478716 -8.35492e-05 0.0
0.00477655 -8.27616e-05 0.0
0.00476613 -8.19777e-05 0.0
0.00475592 -8.11979e-05 0.0
0.0047459 -8.04222e-05 0.0
0.00473609 -7.96508e-05 0.0
0.00472648 -7.88838e-05 0.0
0.00471708 -7.81213e-05 0.0
0.00470788 -7.73634e-05 0.0
0.00469889 -7.66102e-05 0.0
0.00469011 -7.58619e-05 0.0
0.00468155 -7.51186e-05 0.0
0.0046732 -7.43804e-05 0.0
0.00466508 -7.36473e-05 0.0
0.00465717 -7.29195e-05 0.0
0.00464948 -7.2197e-05 0.0
0.00464201 -7.14798e-05 0.0
0.00463478 -7.0768e-05 0.0
0.00462777 -7.00614e-05 0.0
0.004621 -6.936e-05 0.0
0.00461445 -6.86636e-05 0.0
0.00460815 -6.79719e-05 0.0
0.00460208 -6.72847e-05 0.0
0.00459625 -6.66015e-05 0.0
0.00459065 -6.59219e-05 0.0
0.00458531 -6.52454e-05 0.0
0.00458019 -6.45712e-05 0.0
0.00457533 -6.38988e-05 0.0
0.00457069 -6.32273e-05 0.0
0.00456632 -6.25558e-05 0.0
0.00456215 -6.18833e-05 0.0
0.00455824 -6.12092e-05 0.0
0.00455454 -6.05321e-05 0.0
0.00455109 -5.98512e-05 0.0
0.00454784 -5.91652e-05 0.0
0.00454483 -5.84735e-05 0.0
0.004542 -5.77743e-05 0.0
0.00453941 -5.70671e-05 0.0
0.00453697 -5.63508e-05 0.0
0.00453477 -5.56246e-05 0.0
0.0045327 -5.48868e-05 0.0
0.00453084 -5.41376e-05 0.0
0.00452909 -5.33758e-05 0.0
0.00452755 -5.26003e-05 0.0
0.00452609 -5.18102e-05 0.0
0.00452481 -5.10064e-05 0.0
0.00452359 -5.01872e-05 0.0
0.00452254 -4.9351e-05 0.0
0.0045215 -4.84984e-05 0.0
0.00452063 -4.76307e-05 0.0
0.00451973 -4.67429e-05 0.0
0.00451899 -4.58334e-05 0.0
0.00451818 -4.49043e-05 0.0
0.00451751 -4.39524e-05 0.0
0.00451674 -4.29643e-05 0.0
0.00451606 -4.19324e-05 0.0
0.00451522 -4.08519e-05 0.0
0.00451449 -3.9711e-05 0.0
0.00451351 -3.84656e-05 0.0
0.00451252 -3.70558e-05 0.0
0.00451142 -3.57211e-05 0.0
0.00451059 -3.51978e-05 0.0
0.0 0.0 0.0
0.0 0.0 0.0
0.0188275 0.00129604 0.0
0.0198328 0.00274179 0.0
0.0212471 0.00314896 0.0
0.0215151 0.00364052 0.0
0.0206997 0.00253396 0.0
0.0197631 0.00229096 0.0
0.0193227 0.00195637 0.0
0.0187681 0.00163438 0.0
0.0179045 0.00125301 0.0
0.017155 0.00108344 0.0
0.016648 0.000854749 0.0
0.0160925 0.000659549 0.0
0.0154933 0.00051423 0.0
0.0150081 0.000407464 0.0
0.0146037 0.000278031 0.0
0.0141774 0.000181808 0.0
0.0137783 0.000110214 0.0
0.0134459 3.93077e-05 0.0
0.0131362 -3.20207e-05 0.0
0.0128275 -8.29578e-05 0.0
0.0125523 -0.000127765 0.0
0.0123091 -0.000174436 0.0
0.0120745 -0.000215166 0.0
0.0118515 -0.000246785 0.0
0.0116527 -0.000278111 0.0
0.0114689 -0.000308825 0.0
0.0112925 -0.000334482 0.0
0.0111293 -0.00035708 0.0
0.0109813 -0.000379954 0.0
0.0108419 -0.000401219 0.0
0.0107106 -0.000419704 0.0
0.0105905 -0.000437458 0.0
0.0104802 -0.000455139 0.0
0.010377 -0.000471537 0.0
0.0102819 -0.000486762 0.0
0.0101957 -0.000502012 0.0
0.0101172 -0.000517208 0.0
0.0100457 -0.000531726 0.0
0.00998199 -0.000545962 0.0
0.00992629 -0.000560718 0.0
0.00987807 -0.000575659 0.0
0.00983711 -0.000590336 0.0
0.00980415 -0.000605518 0.0
0.00977987 -0.000621716 0.0
0.00976362 -0.000638101 0.0
0.00975528 -0.000654792 0.0
0.00975668 -0.000672927 0.0
0.00976824 -0.000691983 0.0
0.00978845 -0.000711299 0.0
0.00981878 -0.000732118 0.0
0.00986175 -0.000754361 0.0
0.00991579 -0.000776933 0.0
0.00998029 -0.000801068 0.0
0.0100588 -0.000826809 0.0
0.0101517 -0.000852216 0.0
0.0102566 -0.000879204 0.0
0.0103759 -0.000908286 0.0
0.0105114 -0.00093554 0.0
0.0106611 -0.000962646 0.0
0.0108255 -0.000993054 0.0
0.011006 -0.00102065 0.0
0.0112011 -0.00104413 0.0
0.0114104 -0.00107017 0.0
0.0116347 -0.00109509 0.0
0.0118712 -0.00111153 0.0
0.0121183 -0.00112645 0.0
0.0123775 -0.00114213 0.0
0.0126458 -0.00114899 0.0
0.0129183 -0.00114834 0.0
0.0131954 -0.0011482 0.0
0.013478 -0.00114201 0.0
0.0137592 -0.00112546 0.0
0.0140348 -0.00110719 0.0
0.0143089 -0.0010861 0.0
0.0145784 -0.00105494 0.0
0.0148345 -0.00102152 0.0
0.0150801 -0.000987894 0.0
0.0153171 -0.000945209 0.0
0.0155377 -0.000901164 0.0
0.0157412 -0.000860157 0.0
0.0159313 -0.000811962 0.0
0.0161037 -0.000762138 0.0
0.0162574 -0.000717828 0.0
0.0163943 -0.000670657 0.0
0.0165129 -0.000621383 0.0
0.0166135 -0.000576665 0.0
0.0166974 -0.000534057 0.0
0.0167637 -0.000490963 0.0
0.0168137 -0.000449678 0.0
0.0168488 -0.000412292 0.0
0.0168687 -0.000377515 0.0
0.0168741 -0.00034297 0.0
0.0168673 -0.00031133 0.0
0.0168487 -0.000283515 0.0
0.016818 -0.000256792 0.0
0.0167766 -0.000231197 0.0
0.0167268 -0.000208658 0.0
0.016668 -0.00018804 0.0
0.0165997 -0.000168371 0.0
0.0165245 -0.000150067 0.0
0.0164433 -0.000133541 0.0
0.0163549 -0.000118402 0.0
0.0162599 -0.000104283 0.0
0.0161603 -9.08938e-05 0.0
0.016056 -7.90361e-05 0.0
0.0159466 -6.86274e-05 0.0
0.0158332 -5.89061e-05 0.0
0.0157167 -4.99914e-05 0.0
0.0155972 -4.28151e-05 0.0
0.0154751 -3.68064e-05 0.0
0.015351 -3.14179e-05 0.0
0.0152258 -2.71979e-05 0.0
0.0150997 -2.42331e-05 0.0
0.0149729 -2.21678e-05 0.0
0.014846 -2.08374e-05 0.0
0.0147201 -2.00404e-05 0.0
0.0145945 -2.02815e-05 0.0
0.0144697 -2.14075e-05 0.0
0.0143467 -2.22055e-05 0.0
0.0142253 -2.38018e-05 0.0
0.0141053 -2.65095e-05 0.0
0.0139875 -2.88139e-05 0.0
0.013872 -3.10831e-05 0.0
0.0137587 -3.45708e-05 0.0
0.0136478 -3.7949e-05 0.0
0.0135394 -4.06923e-05 0.0
0.0134336 -4.41569e-05 0.0
0.0133306 -4.77959e-05 0.0
0.0132301 -5.05764e-05 0.0
0.0131318 -5.35166e-05 0.0
0.0130364 -5.65557e-05 0.0
0.0129435 -5.87896e-05 0.0
0.0128522 -6.08288e-05 0.0
0.0127632 -6.2835e-05 0.0
0.0126767 -6.42677e-05 0.0
0.0125914 -6.52636e-05 0.0
0.0125077 -6.62553e-05 0.0
0.0124259 -6.68929e-05 0.0
0.0123455 -6.71173e-05 0.0
0.0122661 -6.72775e-05 0.0
0.012188 -6.72424e-05 0.0
0.0121113 -6.67889e-05 0.0
0.0120353 -6.62781e-05 0.0
0.0119603 -6.54969e-05 0.0
0.0118861 -6.41207e-05 0.0
0.0118123 -6.26502e-05 0.0
0.0117392 -6.07782e-05 0.0
0.0116663 -5.8003e-05 0.0
0.0115929 -5.4985e-05 0.0
0.0115192 -5.15359e-05 0.0
0.0114453 -4.68878e-05 0.0
0.0113699 -4.17974e-05 0.0
0.0112929 -3.64973e-05 0.0
0.0112145 -2.99701e-05 0.0
0.0111341 -2.26385e-05 0.0
0.0110509 -1.55777e-05 0.0
0.010965 -7.8962e-06 0.0
0.0108763 9.01634e-07 0.0
0.0107845 9.27615e-06 0.0
0.0106893 1.70156e-05 0.0
0.0105908 2.548e-05 0.0
0.0104888 3.39031e-05 0.0
0.010384 4.076e-05 0.0
0.0102763 4.70461e-05 0.0
0.0101657 5.34888e-05 0.0
0.0100527 5.84754e-05 0.0
0.00993847 6.17158e-05 0.0
0.00982268 6.45795e-05 0.0
0.00970562 6.65721e-05 0.0
0.00958865 6.67281e-05 0.0
0.00947222 6.58352e-05 0.0
0.00935611 6.42856e-05 0.0
0.00924126 6.16039e-05 0.0
0.00912855 5.78254e-05 0.0
0.00901789 5.32892e-05 0.0
0.00890958 4.82693e-05 0.0
0.00880432 4.26691e-05 0.0
0.00870228 3.63826e-05 0.0
0.00860352 2.98767e-05 0.0
0.00850827 2.33531e-05 0.0
0.00841672 1.64995e-05 0.0
0.00832888 9.51427e-06 0.0
0.00824477 2.79305e-06 0.0
0.00816436 -3.82729e-06 0.0
0.00808766 -1.04604e-05 0.0
0.00801457 -1.679e-05 0.0
0.00794498 -2.27502e-05 0.0
0.0078788 -2.85306e-05 0.0
0.0078159 -3.40522e-05 0.0
0.00775612 -3.91446e-05 0.0
0.00769934 -4.38994e-05 0.0
0.00764541 -4.83937e-05 0.0
0.00759414 -5.25295e-05 0.0
0.00754539 -5.62778e-05 0.0
0.00749905 -5.9732e-05 0.0
0.00745494 -6.28998e-05 0.0
0.00741287 -6.57342e-05 0.0
0.00737276 -6.82638e-05 0.0
0.00733448 -7.05441e-05 0.0
0.00729786 -7.2568e-05 0.0
0.00726278 -7.43298e-05 0.0
0.00722917 -7.58644e-05 0.0
0.00719691 -7.72001e-05 0.0
0.00716586 -7.83354e-05 0.0
0.00713595 -7.92813e-05 0.0
0.00710713 -8.0064e-05 0.0
0.00707928 -8.0699e-05 0.0
0.00705232 -8.11903e-05 0.0
0.0070262 -8.15519e-05 0.0
0.00700088 -8.18007e-05 0.0
0.00697626 -8.19466e-05 0.0
0.00695232 -8.1996e-05 0.0
0.006929 -8.196e-05 0.0
0.00690627 -8.185e-05 0.0
0.00688407 -8.16726e-05 0.0
0.00686239 -8.14338e-05 0.0
0.00684119 -8.1142e-05 0.0
0.00682044 -8.08045e-05 0.0
0.00680012 -8.04261e-05 0.0
0.0067802 -8.00116e-05 0.0
0.00676067 -7.9567e-05 0.0
0.00674151 -7.90969e-05 0.0
0.0067227 -7.86046e-05 0.0
0.00670424 -7.80938e-05 0.0
0.00668611 -7.75684e-05 0.0
0.0066683 -7.70312e-05 0.0
0.0066508 -7.64844e-05 0.0
0.00663362 -7.59307e-05 0.0
0.00661673 -7.53722e-05 0.0
0.00660014 -7.48105e-05 0.0
0.00658385 -7.42472e-05 0.0
0.00656784 -7.36836e-05 0.0
0.00655213 -7.31209e-05 0.0
0.0065367 -7.256e-05 0.0
0.00652155 -7.20016e-05 0.0
0.00650669 -7.14465e-05 0.0
0.00649212 -7.08952e-05 0.0
0.00647783 -7.03481e-05 0.0
0.00646382 -6.98056e-05 0.0
0.0064501 -6.92682e-05 0.0
0.00643666 -6.8736e-05 0.0
0.0064235 -6.82093e-05 0.0
0.00641063 -6.76884e-05 0.0
0.00639806 -6.71736e-05 0.0
0.00638576 -6.6665e-05 0.0
0.00637376 -6.6163e-05 0.0
0.00636205 -6.56678e-05 0.0
0.00635064 -6.51795e-05 0.0
0.00633951 -6.46985e-05 0.0
0.00632869 -6.42249e-05 0.0
0.00631817 -6.37589e-05 0.0
0.00630795 -6.33006e-05 0.0
0.00629803 -6.28501e-05 0.0
0.00628843 -6.24074e-05 0.0
0.00627912 -6.19724e-05 0.0
0.00627014 -6.15448e-05 0.0
0.00626146 -6.11244e-05 0.0
0.00625311 -6.07107e-05 0.0
0.00624506 -6.03031e-05 0.0
0.00623735 -5.99009e-05 0.0
0.00622994 -5.95033e-05 0.0
0.00622288 -5.91092e-05 0.0
0.00621611 -5.87174e-05 0.0
0.00620969 -5.83267e-05 0.0
0.00620356 -5.79356e-05 0.0
0.00619778 -5.75425e-05 0.0
0.00619228 -5.71457e-05 0.0
0.00618713 -5.67435e-05 0.0
0.00618225 -5.63341e-05 0.0
0.00617771 -5.59155e-05 0.0
0.00617342 -5.54858e-05 0.0
0.00616947 -5.50432e-05 0.0
0.00616574 -5.45857e-05 0.0
0.00616234 -5.41114e-05 0.0
0.00615914 -5.36186e-05 0.0
0.00615625 -5.3106e-05 0.0
0.00615353 -5.25713e-05 0.0
0.0061511 -5.20132e-05 0.0
0.00614882 -5.14311e-05 0.0
0.0061468 -5.08234e-05 0.0
0.0061449 -5.01878e-05 0.0
0.00614324 -4.95252e-05 0.0
0.00614164 -4.88348e-05 0.0
0.00614028 -4.81136e-05 0.0
0.00613895 -4.7361e-05 0.0
0.00613783 -4.658e-05 0.0
0.00613668 -4.57655e-05 0.0
0.00613573 -4.49122e-05 0.0
0.00613472 -4.40239e-05 0.0
0.00613387 -4.30984e-05 0.0
0.00613291 -4.21126e-05 0.0
0.00613211 -4.10662e-05 0.0
0.00613114 -3.99612e-05 0.0
0.00613028 -3.87501e-05 0.0
0.0061292 -3.7402e-05 0.0
0.00612833 -3.60445e-05 0.0
0.00612739 -3.48464e-05 0.0
0.00612668 -3.43142e-05 0.0
0.0 0.0 0.0
0.0 0.0 0.0
0.0194224 0.00126698 0.0
0.0198899 0.00165455 0.0
0.0201879 0.0026442 0.0
0.0209139 0.00321584 0.0
0.0213018 0.00296646 0.0
0.0211854 0.00279964 0.0
0.0209069 0.00235238 0.0
0.0204887 0.00220473 0.0
0.0200115 0.00191456 0.0
0.0195671 0.00162075 0.0
0.0191113 0.00135882 0.0
0.0185893 0.0012197 0.0
0.0181011 0.00101916 0.0
0.0176777 0.000833243 0.0
0.0172603 0.000701247 0.0
0.0168365 0.000599991 0.0
0.0164568 0.000472544 0.0
0.0161134 0.000368083 0.0
0.0157776 0.000292705 0.0
0.015457 0.000219025 0.0
0.0151689 0.000139796 0.0
0.0148992 7.87641e-05 0.0
0.0146395 2.82667e-05 0.0
0.0143981 -2.48067e-05 0.0
0.0141769 -7.49771e-05 0.0
0.0139671 -0.000114802 0.0
0.0137684 -0.00015224 0.0
0.0135849 -0.000190527 0.0
0.0134142 -0.000224549 0.0
0.0132526 -0.000254043 0.0
0.0131017 -0.000283472 0.0
0.0129622 -0.000312293 0.0
0.0128321 -0.000338179 0.0
0.0127104 -0.000362617 0.0
0.0125983 -0.000387285 0.0
0.0124954 -0.000411225 0.0
0.0124006 -0.000433832 0.0
0.0123141 -0.000456274 0.0
0.0122363 -0.000479191 0.0
0.0121671 -0.000502003 0.0
0.0121059 -0.000524446 0.0
0.0120533 -0.000547512 0.0
0.0120099 -0.000571774 0.0
0.0119753 -0.000596335 0.0
0.0119495 -0.000621147 0.0
0.0119337 -0.000647806 0.0
0.0119284 -0.000676103 0.0
0.0119328 -0.000704603 0.0
0.0119479 -0.000734682 0.0
0.0119758 -0.000767586 0.0
0.0120156 -0.000801362 0.0
0.0120669 -0.000836129 0.0
0.0121326 -0.000873889 0.0
0.0122134 -0.000913192 0.0
0.0123077 -0.000953163 0.0
0.0124175 -0.000995673 0.0
0.0125442 -0.00103905 0.0
0.0126871 -0.00108247 0.0
0.0128472 -0.00112782 0.0
0.0130246 -0.00117274 0.0
0.0132184 -0.001215 0.0
0.0134308 -0.00125803 0.0
0.0136612 -0.00129936 0.0
0.0139048 -0.00133506 0.0
0.0141641 -0.00136756 0.0
0.0144415 -0.00139729 0.0
0.0147287 -0.00141958 0.0
0.0150235 -0.00143528 0.0
0.0153318 -0.00144448 0.0
0.0156472 -0.00144613 0.0
0.0159616 -0.00144137 0.0
0.0162794 -0.00142716 0.0
0.0165993 -0.00140294 0.0
0.0169118 -0.0013763 0.0
0.0172183 -0.00134219 0.0
0.0175188 -0.00129452 0.0
0.0178061 -0.00124697 0.0
0.0180815 -0.00119821 0.0
0.0183448 -0.00113613 0.0
0.0185893 -0.00107364 0.0
0.0188174 -0.0010146 0.0
0.0190303 -0.000947553 0.0
0.0192227 -0.000879557 0.0
0.0193949 -0.000815788 0.0
0.0195498 -0.000750279 0.0
0.0196851 -0.000685101 0.0
0.0198009 -0.000623269 0.0
0.0198978 -0.000563586 0.0
0.0199766 -0.00050652 0.0
0.0200385 -0.000451548 0.0
0.0200834 -0.000400477 0.0
0.0201118 -0.000353108 0.0
0.0201255 -0.00030798 0.0
0.0201255 -0.000265921 0.0
0.0201121 -0.000227743 0.0
0.0200857 -0.000192138 0.0
0.0200481 -0.000158824 0.0
0.0200001 -0.000128094 0.0
0.0199418 -0.000100082 0.0
0.0198736 -7.38588e-05 0.0
0.0197971 -4.95028e-05 0.0
0.0197128 -2.70736e-05 0.0
0.0196203 -6.46031e-06 0.0
0.0195204 1.27427e-05 0.0
0.0194146 3.01139e-05 0.0
0.0193028 4.57887e-05 0.0
0.0191849 5.99876e-05 0.0
0.0190622 7.27076e-05 0.0
0.0189355 8.31151e-05 0.0
0.0188051 9.19854e-05 0.0
0.018671 9.99417e-05 0.0
0.0185345 0.000105545 0.0
0.0183966 0.000109095 0.0
0.0182572 0.000112551 0.0
0.0181162 0.000114237 0.0
0.0179755 0.000113575 0.0
0.0178352 0.000113386 0.0
0.0176945 0.00011212 0.0
0.0175547 0.000108808 0.0
0.0174168 0.000105673 0.0
0.0172798 0.000102404 0.0
0.0171441 9.74612e-05 0.0
0.017011 9.23655e-05 0.0
0.0168798 8.73961e-05 0.0
0.0167508 8.16204e-05 0.0
0.0166245 7.56562e-05 0.0
0.0165008 6.98232e-05 0.0
0.0163796 6.36757e-05 0.0
0.0162615 5.80754e-05 0.0
0.0161459 5.26184e-05 0.0
0.0160326 4.68979e-05 0.0
0.0159223 4.23534e-05 0.0
0.0158145 3.83066e-05 0.0
0.0157086 3.38771e-05 0.0
0.0156048 3.03787e-05 0.0
0.0155033 2.79989e-05 0.0
0.0154036 2.52155e-05 0.0
0.0153053 2.26198e-05 0.0
0.0152087 2.1211e-05 0.0
0.0151137 1.9997e-05 0.0
0.01502 1.83363e-05 0.0
0.0149276 1.74837e-05 0.0
0.0148364 1.74114e-05 0.0
0.0147463 1.70968e-05 0.0
0.0146574 1.72963e-05 0.0
0.0145691 1.8534e-05 0.0
0.0144813 2.0058e-05 0.0
0.0143941 2.23194e-05 0.0
0.014307 2.57556e-05 0.0
0.0142194 2.98647e-05 0.0
0.0141313 3.49764e-05 0.0
0.0140423 4.13143e-05 0.0
0.0139517 4.86858e-05 0.0
0.0138593 5.70249e-05 0.0
0.0137647 6.62587e-05 0.0
0.0136674 7.64889e-05 0.0
0.0135667 8.76707e-05 0.0
0.013463 9.91109e-05 0.0
0.0133557 0.000110724 0.0
0.0132443 0.000122903 0.0
0.0131287 0.000134971 0.0
0.0130099 0.000146137 0.0
0.0128872 0.000156703 0.0
0.0127602 0.000166747 0.0
0.0126303 0.000175498 0.0
0.012498 0.000182501 0.0
0.0123628 0.000188041 0.0
0.0122254 0.000192372 0.0
0.0120873 0.00019487 0.0
0.0119486 0.000195068 0.0
0.0118095 0.000193941 0.0
0.0116709 0.000191645 0.0
0.0115337 0.000187177 0.0
0.0113984 0.000181238 0.0
0.011265 0.00017464 0.0
0.0111342 0.000166733 0.0
0.0110069 0.000157651 0.0
0.0108829 0.000148123 0.0
0.0107624 0.000138091 0.0
0.0106459 0.000127521 0.0
0.0105337 0.000116744 0.0
0.0104255 0.000105918 0.0
0.0103214 9.50943e-05 0.0
0.0102218 8.44075e-05 0.0
0.0101264 7.39254e-05 0.0
0.010035 6.37359e-05 0.0
0.00994778 5.39363e-05 0.0
0.0098646 4.45432e-05 0.0
0.00978523 3.55621e-05 0.0
0.00970949 2.70719e-05 0.0
0.00963733 1.90913e-05 0.0
0.00956861 1.15905e-05 0.0
0.00950309 4.57766e-06 0.0
0.00944057 -1.92083e-06 0.0
0.00938098 -7.93279e-06 0.0
0.00932414 -1.34824e-05 0.0
0.00926983 -1.8575e-05 0.0
0.0092179 -2.3224e-05 0.0
0.00916825 -2.74608e-05 0.0
0.00912072 -3.13042e-05 0.0
0.00907513 -3.47761e-05 0.0
0.00903137 -3.79008e-05 0.0
0.00898935 -4.0701e-05 0.0
0.00894892 -4.31976e-05 0.0
0.00890995 -4.54175e-05 0.0
0.00887238 -4.73802e-05 0.0
0.00883611 -4.91034e-05 0.0
0.00880104 -5.06092e-05 0.0
0.00876707 -5.19194e-05 0.0
0.00873416 -5.30474e-05 0.0
0.00870224 -5.4009e-05 0.0
0.00867121 -5.4823e-05 0.0
0.00864105 -5.55041e-05 0.0
0.00861169 -5.60621e-05 0.0
0.00858309 -5.65109e-05 0.0
0.00855519 -5.68642e-05 0.0
0.00852796 -5.71311e-05 0.0
0.00850138 -5.73197e-05 0.0
0.00847539 -5.74412e-05 0.0
0.00844998 -5.75042e-05 0.0
0.00842511 -5.7515e-05 0.0
0.00840077 -5.74801e-05 0.0
0.00837693 -5.74075e-05 0.0
0.00835357 -5.73024e-05 0.0
0.00833068 -5.7169e-05 0.0
0.00830825 -5.70125e-05 0.0
0.00828625 -5.68377e-05 0.0
0.00826468 -5.66477e-05 0.0
0.00824353 -5.64454e-05 0.0
0.0082228 -5.62343e-05 0.0
0.00820246 -5.60168e-05 0.0
0.00818253 -5.57947e-05 0.0
0.00816298 -5.55698e-05 0.0
0.00814383 -5.53442e-05 0.0
0.00812505 -5.51189e-05 0.0
0.00810666 -5.48949e-05 0.0
0.00808864 -5.46733e-05 0.0
0.008071 -5.4455e-05 0.0
0.00805372 -5.42406e-05 0.0
0.00803683 -5.40306e-05 0.0
0.0080203 -5.38258e-05 0.0
0.00800413 -5.36266e-05 0.0
0.00798834 -5.34335e-05 0.0
0.00797292 -5.3247e-05 0.0
0.00795786 -5.30676e-05 0.0
0.00794317 -5.28957e-05 0.0
0.00792884 -5.27318e-05 0.0
0.00791489 -5.25763e-05 0.0
0.0079013 -5.24298e-05 0.0
0.00788809 -5.22924e-05 0.0
0.00787525 -5.21647e-05 0.0
0.00786279 -5.20469e-05 0.0
0.0078507 -5.19392e-05 0.0
0.00783899 -5.18414e-05 0.0
0.00782765 -5.17537e-05 0.0
0.00781671 -5.16758e-05 0.0
0.00780614 -5.16071e-05 0.0
0.00779597 -5.15471e-05 0.0
0.00778618 -5.14949e-05 0.0
0.00777679 -5.14494e-05 0.0
0.00776777 -5.14093e-05 0.0
0.00775916 -5.1373e-05 0.0
0.00775092 -5.13387e-05 0.0
0.0077431 -5.13044e-05 0.0
0.00773564 -5.12679e-05 0.0
0.00772859 -5.12267e-05 0.0
0.0077219 -5.11783e-05 0.0
0.00771561 -5.11198e-05 0.0
0.00770967 -5.10485e-05 0.0
0.00770412 -5.09615e-05 0.0
0.0076989 -5.08557e-05 0.0
0.00769407 -5.0728e-05 0.0
0.00768953 -5.05759e-05 0.0
0.00768537 -5.03965e-05 0.0
0.00768147 -5.01867e-05 0.0
0.00767793 -4.9944e-05 0.0
0.00767462 -4.96667e-05 0.0
0.00767165 -4.93519e-05 0.0
0.00766887 -4.89972e-05 0.0
0.00766641 -4.86018e-05 0.0
0.00766409 -4.81646e-05 0.0
0.00766207 -4.76825e-05 0.0
0.00766014 -4.71544e-05 0.0
0.00765849 -4.6582e-05 0.0
0.00765688 -4.59623e-05 0.0
0.00765553 -4.52916e-05 0.0
0.00765417 -4.45712e-05 0.0
0.00765303 -4.38024e-05 0.0
0.00765185 -4.29756e-05 0.0
0.00765087 -4.20845e-05 0.0
0.00764977 -4.11278e-05 0.0
0.00764887 -4.01003e-05 0.0
0.00764783 -3.89774e-05 0.0
0.00764695 -3.77405e-05 0.0
0.00764591 -3.64008e-05 0.0
0.0076451 -3.51047e-05 0.0
0.00764414 -3.39853e-05 0.0
0.00764341 -3.34464e-05 0.0
0.0 0.0 0.0
0.0 0.0 0.0
0.0193985 0.000586128 0.0
0.0196777 0.00164853 0.0
0.0200589 0.00215813 0.0
0.0206324 0.00227365 0.0
0.0211733 0.00281049 0.0
0.0214765 0.00289805 0.0
0.0213845 0.00256623 0.0
0.0212654 0.00242819 0.0
0.0212241 0.00224817 0.0
0.0209703 0.00203773 0.0
0.0205515 0.00179499 0.0
0.020229 0.00161579 0.0
0.0199559 0.00141941 0.0
0.019575 0.00125263 0.0
0.019175 0.00109772 0.0
0.0188533 0.000957914 0.0
0.0185413 0.000823375 0.0
0.0181935 0.000713151 0.0
0.0178725 0.000609418 0.0
0.0175926 0.000511319 0.0
0.0173117 0.000423864 0.0
0.0170304 0.000348737 0.0
0.0167777 0.000275988 0.0
0.0165436 0.00020827 0.0
0.0163115 0.0001488 0.0
0.0160913 9.4307e-05 0.0
0.015891 4.15176e-05 0.0
0.0157 -6.91423e-06 0.0
0.0155156 -5.07328e-05 0.0
0.0153444 -9.26496e-05 0.0
0.0151858 -0.000132918 0.0
0.0150344 -0.000170338 0.0
0.0148918 -0.000205665 0.0
0.0147603 -0.000240226 0.0
0.0146379 -0.000273702 0.0
0.014523 -0.000305827 0.0
0.0144171 -0.000337264 0.0
0.0143206 -0.000368746 0.0
0.0142325 -0.000400046 0.0
0.0141524 -0.000431007 0.0
0.0140813 -0.000462369 0.0
0.0140196 -0.000494803 0.0
0.0139667 -0.000527698 0.0
0.0139225 -0.000561073 0.0
0.0138884 -0.000596313 0.0
0.013865 -0.000633336 0.0
0.0138511 -0.000671036 0.0
0.0138476 -0.000710753 0.0
0.0138571 -0.000753582 0.0
0.0138788 -0.000797741 0.0
0.0139111 -0.000843642 0.0
0.0139579 -0.000893404 0.0
0.0140209 -0.000945077 0.0
0.0140968 -0.000998104 0.0
0.0141872 -0.00105524 0.0
0.0142969 -0.0011141 0.0
0.0144237 -0.00117261 0.0
0.0145659 -0.00123552 0.0
0.0147276 -0.00129956 0.0
0.0149095 -0.00135942 0.0
0.0151093 -0.00142134 0.0
0.0153278 -0.00148569 0.0
0.0155656 -0.001541 0.0
0.0158215 -0.00159173 0.0
0.0160952 -0.00164489 0.0
0.0163849 -0.00168909 0.0
0.0166884 -0.00171885 0.0
0.0170049 -0.00174699 0.0
0.0173333 -0.00176974 0.0
0.0176693 -0.00177413 0.0
0.0180088 -0.00176803 0.0
0.0183522 -0.00176021 0.0
0.018699 -0.00173723 0.0
0.0190403 -0.00169817 0.0
0.0193735 -0.00165817 0.0
0.0197041 -0.00160893 0.0
0.0200256 -0.00154355 0.0
0.0203292 -0.00147915 0.0
0.0206214 -0.00140959 0.0
0.0209013 -0.00132686 0.0
0.0211609 -0.00124736 0.0
0.0214019 -0.00116754 0.0
0.0216259 -0.00107852 0.0
0.0218298 -0.000992331 0.0
0.0220139 -0.000910487 0.0
0.0221775 -0.000825856 0.0
0.0223209 -0.000742768 0.0
0.022446 -0.000664121 0.0
0.0225516 -0.000589951 0.0
0.0226374 -0.000517519 0.0
0.0227063 -0.000447908 0.0
0.0227591 -0.000384749 0.0
0.0227947 -0.000325752 0.0
0.0228141 -0.000268479 0.0
0.0228204 -0.000216245 0.0
0.0228139 -0.000168717 0.0
0.0227927 -0.000123673 0.0
0.0227592 -8.14506e-05 0.0
0.0227163 -4.297e-05 0.0
0.0226623 -7.15391e-06 0.0
0.0225965 2.61335e-05 0.0
0.0225219 5.75424e-05 0.0
0.0224395 8.64646e-05 0.0
0.0223476 0.000112659 0.0
0.0222469 0.000136969 0.0
0.0221395 0.00015995 0.0
0.0220256 0.000179811 0.0
0.0219049 0.000196992 0.0
0.0217781 0.000212798 0.0
0.0216467 0.000226341 0.0
0.0215114 0.000236571 0.0
0.0213723 0.000245032 0.0
0.0212297 0.000251735 0.0
0.0210854 0.000255881 0.0
0.0209398 0.000258521 0.0
0.0207921 0.000259158 0.0
0.0206439 0.000258484 0.0
0.0204964 0.000256918 0.0
0.0203483 0.000253459 0.0
0.0202003 0.000248913 0.0
0.0200538 0.000244403 0.0
0.0199085 0.000238217 0.0
0.0197642 0.000230867 0.0
0.0196218 0.000223895 0.0
0.0194814 0.000216255 0.0
0.0193433 0.000207174 0.0
0.0192078 0.000198848 0.0
0.0190743 0.000190731 0.0
0.0189436 0.000181574 0.0
0.018816 0.00017339 0.0
0.0186906 0.000166069 0.0
0.0185672 0.000158315 0.0
0.018447 0.000151333 0.0
0.018329 0.000145773 0.0
0.0182124 0.0001402 0.0
0.0180981 0.000134877 0.0
0.017986 0.000130787 0.0
0.0178751 0.00012731 0.0
0.0177658 0.000123556 0.0
0.0176584 0.000120521 0.0
0.0175523 0.00011826 0.0
0.0174475 0.000115935 0.0
0.0173443 0.00011409 0.0
0.0172423 0.000113057 0.0
0.0171414 0.00011223 0.0
0.017042 0.000112397 0.0
0.0169429 0.000113668 0.0
0.0168443 0.000115367 0.0
0.0167467 0.000118621 0.0
0.0166488 0.000123513 0.0
0.0165498 0.000129158 0.0
0.0164503 0.000136436 0.0
0.01635 0.000145876 0.0
0.0162472 0.000156147 0.0
0.0161419 0.0001676 0.0
0.0160342 0.000181314 0.0
0.0159233 0.000195875 0.0
0.0158085 0.000210368 0.0
0.0156895 0.000226302 0.0
0.0155665 0.000243215 0.0
0.0154392 0.000258807 0.0
0.0153073 0.000273705 0.0
0.0151707 0.000289213 0.0
0.0150301 0.000303201 0.0
0.0148859 0.000314275 0.0
0.014738 0.000324416 0.0
0.0145866 0.000333467 0.0
0.0144332 0.000338994 0.0
0.0142785 0.000341885 0.0
0.0141221 0.000343583 0.0
0.013965 0.000342597 0.0
0.013809 0.000338674 0.0
0.0136537 0.000333014 0.0
0.0134996 0.000325635 0.0
0.0133478 0.000316333 0.0
0.013199 0.000305283 0.0
0.0130531 0.00029302 0.0
0.0129105 0.000280005 0.0
0.0127721 0.000265987 0.0
0.0126377 0.000251123 0.0
0.0125075 0.000236155 0.0
0.0123818 0.000221119 0.0
0.0122607 0.00020575 0.0
0.012144 0.000190521 0.0
0.012032 0.000175793 0.0
0.0119245 0.000161329 0.0
0.0118215 0.00014715 0.0
0.0117228 0.000133632 0.0
0.0116283 0.000120773 0.0
0.011538 0.000108406 0.0
0.0114517 9.66597e-05 0.0
0.0113691 8.5681e-05 0.0
0.0112902 7.53548e-05 0.0
0.0112148 6.56257e-05 0.0
0.0111426 5.65786e-05 0.0
0.0110735 4.82157e-05 0.0
0.0110075 4.04411e-05 0.0
0.0109442 3.32424e-05 0.0
0.0108835 2.66378e-05 0.0
0.0108254 2.05843e-05 0.0
0.0107695 1.50224e-05 0.0
0.0107159 9.94054e-06 0.0
0.0106643 5.321e-06 0.0
0.0106146 1.12116e-06 0.0
0.0105668 -2.69664e-06 0.0
0.0105206 -6.15026e-06 0.0
0.010476 -9.2659e-06 0.0
0.0104329 -1.20757e-05 0.0
0.0103913 -1.46066e-05 0.0
0.0103509 -1.68775e-05 0.0
0.0103117 -1.89116e-05 0.0
0.0102738 -2.07319e-05 0.0
0.0102369 -2.23586e-05 0.0
0.0102011 -2.38081e-05 0.0
0.0101662 -2.50978e-05 0.0
0.0101323 -2.62445e-05 0.0
0.0100992 -2.72634e-05 0.0
0.0100669 -2.81666e-05 0.0
0.0100355 -2.89672e-05 0.0
0.0100048 -2.96774e-05 0.0
0.00997484 -3.03077e-05 0.0
0.00994556 -3.08672e-05 0.0
0.00991694 -3.13651e-05 0.0
0.00988896 -3.18101e-05 0.0
0.00986159 -3.22091e-05 0.0
0.00983483 -3.25684e-05 0.0
0.00980863 -3.28946e-05 0.0
0.009783 -3.31928e-05 0.0
0.00975792 -3.34677e-05 0.0
0.00973337 -3.37234e-05 0.0
0.00970934 -3.39637e-05 0.0
0.00968582 -3.41919e-05 0.0
0.0096628 -3.44105e-05 0.0
0.00964028 -3.46219e-05 0.0
0.00961824 -3.48284e-05 0.0
0.00959668 -3.50316e-05 0.0
0.00957559 -3.5233e-05 0.0
0.00955497 -3.54339e-05 0.0
0.00953481 -3.56357e-05 0.0
0.00951511 -3.58392e-05 0.0
0.00949586 -3.60453e-05 0.0
0.00947707 -3.62551e-05 0.0
0.00945872 -3.64694e-05 0.0
0.00944081 -3.66889e-05 0.0
0.00942335 -3.69146e-05 0.0
0.00940633 -3.71472e-05 0.0
0.00938974 -3.73876e-05 0.0
0.0093736 -3.76364e-05 0.0
0.00935789 -3.78945e-05 0.0
0.00934262 -3.81626e-05 0.0
0.00932778 -3.84413e-05 0.0
0.00931338 -3.87311e-05 0.0
0.00929942 -3.90324e-05 0.0
0.0092859 -3.93453e-05 0.0
0.00927281 -3.967e-05 0.0
0.00926017 -4.00062e-05 0.0
0.00924797 -4.03534e-05 0.0
0.00923622 -4.07107e-05 0.0
0.0092249 -4.10773e-05 0.0
0.00921405 -4.14515e-05 0.0
0.00920362 -4.18318e-05 0.0
0.00919366 -4.22158e-05 0.0
0.00918412 -4.26014e-05 0.0
0.00917506 -4.29856e-05 0.0
0.00916641 -4.33654e-05 0.0
0.00915823 -4.37374e-05 0.0
0.00915046 -4.40981e-05 0.0
0.00914314 -4.44437e-05 0.0
0.00913623 -4.477e-05 0.0
0.00912977 -4.50731e-05 0.0
0.00912368 -4.53489e-05 0.0
0.00911803 -4.55931e-05 0.0
0.00911274 -4.58015e-05 0.0
0.00910786 -4.59705e-05 0.0
0.00910331 -4.6096e-05 0.0
0.00909915 -4.61742e-05 0.0
0.00909528 -4.62021e-05 0.0
0.00909178 -4.61767e-05 0.0
0.00908853 -4.60947e-05 0.0
0.00908562 -4.59537e-05 0.0
0.00908291 -4.57527e-05 0.0
0.00908052 -4.54888e-05 0.0
0.00907827 -4.51598e-05 0.0
0.00907632 -4.47661e-05 0.0
0.00907446 -4.43066e-05 0.0
0.00907286 -4.37772e-05 0.0
0.0090713 -4.31786e-05 0.0
0.00906999 -4.25112e-05 0.0
0.00906864 -4.17664e-05 0.0
0.00906752 -4.09414e-05 0.0
0.00906634 -4.00386e-05 0.0
0.00906535 -3.90417e-05 0.0
0.00906423 -3.79291e-05 0.0
0.00906334 -3.67327e-05 0.0
0.00906232 -3.54617e-05 0.0
0.00906154 -3.41743e-05 0.0
0.00906058 -3.30752e-05 0.0
0.00905985 -3.25891e-05 0.0
0.0 0.0 0.0
0.0 0.0 0.0
0.019244 0.000364977 0.0
0.0195461 0.00130199 0.0
0.0199964 0.00165703 0.0
0.0202466 0.0020253 0.0
0.0205594 0.00236899 0.0
0.021048 0.00247666 0.0
0.0213793 0.00255913 0.0
0.0215016 0.00248119 0.0
0.0214866 0.00230869 0.0
0.0214297 0.002215 0.0
0.0213551 0.00205524 0.0
0.0212061 0.0018623 0.0
0.0209724 0.00169681 0.0
0.020729 0.00156781 0.0
0.0205051 0.00139954 0.0
0.0202554 0.00124733 0.0
0.0199779 0.00112715 0.0
0.0197133 0.00101182 0.0
0.0194654 0.00088496 0.0
0.0192101 0.000780528 0.0
0.018955 0.000691462 0.0
0.0187163 0.000600093 0.0
0.0184883 0.000511221 0.0
0.0182621 0.0004377 0.0
0.0180454 0.000369002 0.0
0.0178421 0.000299553 0.0
0.0176467 0.000236135 0.0
0.0174577 0.000180503 0.0
0.0172794 0.000125869 0.0
0.0171113 7.24445e-05 0.0
0.0169504 2.38531e-05 0.0
0.0167977 -2.16825e-05 0.0
0.0166546 -6.70307e-05 0.0
0.0165198 -0.000110809 0.0
0.0163925 -0.000152041 0.0
0.0162737 -0.000192525 0.0
0.0161635 -0.000233141 0.0
0.0160611 -0.000273053 0.0
0.0159668 -0.000312227 0.0
0.015881 -0.00035186 0.0
0.0158038 -0.00039251 0.0
0.015735 -0.000433551 0.0
0.0156748 -0.000474981 0.0
0.0156241 -0.000518288 0.0
0.0155832 -0.00056381 0.0
0.0155515 -0.000610205 0.0
0.01553 -0.000658376 0.0
0.0155204 -0.000710341 0.0
0.015522 -0.000764704 0.0
0.0155344 -0.000820414 0.0
0.0155606 -0.000880276 0.0
0.0156017 -0.000944307 0.0
0.0156552 -0.00100994 0.0
0.0157235 -0.00107898 0.0
0.0158103 -0.00115237 0.0
0.0159133 -0.00122772 0.0
0.0160323 -0.0013059 0.0
0.0161718 -0.00138682 0.0
0.0163307 -0.00146719 0.0
0.0165083 -0.00155006 0.0
0.0167079 -0.00163364 0.0
0.0169272 -0.00171171 0.0
0.0171652 -0.00178779 0.0
0.0174267 -0.00186401 0.0
0.0177076 -0.00192941 0.0
0.0180011 -0.00198572 0.0
0.0183149 -0.00203844 0.0
0.0186481 -0.0020788 0.0
0.0189867 -0.00210393 0.0
0.0193336 -0.0021213 0.0
0.0196962 -0.00212369 0.0
0.0200597 -0.00211074 0.0
0.0204181 -0.00208994 0.0
0.0207813 -0.00205178 0.0
0.0211412 -0.00199769 0.0
0.021488 -0.00194375 0.0
0.0218286 -0.00187327 0.0
0.0221585 -0.00178572 0.0
0.0224712 -0.00170389 0.0
0.0227712 -0.00161362 0.0
0.0230549 -0.00150832 0.0
0.0233173 -0.00140756 0.0
0.0235631 -0.00130676 0.0
0.0237899 -0.00119873 0.0
0.023995 -0.00109302 0.0
0.0241801 -0.000989781 0.0
0.0243451 -0.000888841 0.0
0.0244901 -0.000789998 0.0
0.0246161 -0.000694065 0.0
0.0247224 -0.000604605 0.0
0.0248102 -0.000519546 0.0
0.0248811 -0.000437258 0.0
0.0249358 -0.000361343 0.0
0.0249742 -0.000291011 0.0
0.0249972 -0.000224539 0.0
0.0250065 -0.000161915 0.0
0.0250032 -0.000104488 0.0
0.0249867 -5.12162e-05 0.0
0.0249574 -9.70997e-07 0.0
0.0249176 4.6217e-05 0.0
0.0248675 8.97076e-05 0.0
0.0248061 0.000130448 0.0
0.0247346 0.000168414 0.0
0.0246546 0.000204145 0.0
0.0245653 0.000236908 0.0
0.0244672 0.000266861 0.0
0.0243614 0.000293978 0.0
0.0242485 0.000318337 0.0
0.0241285 0.000339805 0.0
0.0240025 0.000358236 0.0
0.0238713 0.000372764 0.0
0.023736 0.000385074 0.0
0.0235963 0.000395433 0.0
0.0234532 0.000401062 0.0
0.0233086 0.000405067 0.0
0.0231617 0.000408599 0.0
0.0230124 0.000407937 0.0
0.022863 0.000405523 0.0
0.0227132 0.000403824 0.0
0.0225623 0.00039904 0.0
0.022412 0.00039216 0.0
0.0222624 0.000385806 0.0
0.0221132 0.000378205 0.0
0.0219654 0.000368295 0.0
0.0218195 0.0003586 0.0
0.0216749 0.000348431 0.0
0.0215327 0.000337209 0.0
0.0213931 0.000326397 0.0
0.0212553 0.000315195 0.0
0.0211199 0.000304196 0.0
0.0209877 0.000294435 0.0
0.0208574 0.000284538 0.0
0.0207289 0.000275099 0.0
0.020603 0.000267469 0.0
0.0204793 0.000260114 0.0
0.0203569 0.000252898 0.0
0.0202359 0.000247041 0.0
0.0201171 0.000242135 0.0
0.0199998 0.000236806 0.0
0.0198835 0.000232038 0.0
0.0197687 0.000228514 0.0
0.0196556 0.000224949 0.0
0.019544 0.00022122 0.0
0.0194337 0.00021895 0.0
0.0193245 0.000217393 0.0
0.0192167 0.000215983 0.0
0.0191103 0.000216332 0.0
0.0190045 0.000217982 0.0
0.0188988 0.000220649 0.0
0.0187936 0.000225419 0.0
0.0186885 0.000232177 0.0
0.0185823 0.00024049 0.0
0.0184747 0.000250846 0.0
0.0183655 0.000263516 0.0
0.0182541 0.00027829 0.0
0.0181396 0.000294373 0.0
0.0180217 0.000311913 0.0
0.0178999 0.000331571 0.0
0.0177736 0.000352063 0.0
0.0176429 0.000372125 0.0
0.0175075 0.000392751 0.0
0.0173663 0.000413761 0.0
0.0172205 0.000433023 0.0
0.0170706 0.000450402 0.0
0.0169157 0.000466669 0.0
0.016756 0.000480754 0.0
0.0165937 0.000491715 0.0
0.0164287 0.000499691 0.0
0.0162606 0.000504878 0.0
0.0160912 0.00050737 0.0
0.0159214 0.000506293 0.0
0.0157516 0.000501827 0.0
0.0155821 0.000495403 0.0
0.0154139 0.00048628 0.0
0.0152482 0.000474105 0.0
0.0150849 0.00046039 0.0
0.0149244 0.000445199 0.0
0.0147674 0.000428104 0.0
0.0146146 0.00040994 0.0
0.0144657 0.000391211 0.0
0.014321 0.000371742 0.0
0.0141811 0.000351873 0.0
0.0140459 0.000332038 0.0
0.0139152 0.000312283 0.0
0.0137892 0.000292709 0.0
0.0136681 0.0002736 0.0
0.0135516 0.000255041 0.0
0.0134396 0.000237061 0.0
0.0133321 0.000219776 0.0
0.013229 0.000203285 0.0
0.0131301 0.000187576 0.0
0.0130353 0.000172669 0.0
0.0129444 0.000158602 0.0
0.0128572 0.000145386 0.0
0.0127737 0.000132983 0.0
0.0126936 0.00012138 0.0
0.0126167 0.00011057 0.0
0.0125429 0.000100529 0.0
0.0124721 9.12076e-05 0.0
0.012404 8.25737e-05 0.0
0.0123386 7.4604e-05 0.0
0.0122757 6.72626e-05 0.0
0.0122151 6.04966e-05 0.0
0.0121567 5.42734e-05 0.0
0.0121004 4.85668e-05 0.0
0.0120461 4.33365e-05 0.0
0.0119937 3.85376e-05 0.0
0.011943 3.41449e-05 0.0
0.011894 3.01315e-05 0.0
0.0118466 2.64608e-05 0.0
0.0118006 2.31005e-05 0.0
0.011756 2.00313e-05 0.0
0.0117128 1.72281e-05 0.0
0.0116708 1.46621e-05 0.0
0.01163 1.2312e-05 0.0
0.0115904 1.0162e-05 0.0
0.0115519 8.19073e-06 0.0
0.0115143 6.37806e-06 0.0
0.0114778 4.70977e-06 0.0
0.0114422 3.17246e-06 0.0
0.0114075 1.74978e-06 0.0
0.0113736 4.28543e-07 0.0
0.0113406 -8.01262e-07 0.0
0.0113084 -1.95039e-06 0.0
0.011277 -3.03014e-06 0.0
0.0112463 -4.0488e-06 0.0
0.0112163 -5.01354e-06 0.0
0.011187 -5.93213e-06 0.0
0.0111584 -6.81159e-06 0.0
0.0111305 -7.65694e-06 0.0
0.0111032 -8.47306e-06 0.0
0.0110765 -9.2649e-06 0.0
0.0110504 -1.00364e-05 0.0
0.011025 -1.07904e-05 0.0
0.0110001 -1.15301e-05 0.0
0.0109758 -1.22583e-05 0.0
0.0109521 -1.2977e-05 0.0
0.0109289 -1.3688e-05 0.0
0.0109063 -1.43934e-05 0.0
0.0108843 -1.50947e-05 0.0
0.0108627 -1.57933e-05 0.0
0.0108417 -1.64905e-05 0.0
0.0108212 -1.71878e-05 0.0
0.0108013 -1.78865e-05 0.0
0.0107818 -1.85878e-05 0.0
0.0107629 -1.9293e-05 0.0
0.0107444 -2.00034e-05 0.0
0.0107265 -2.07202e-05 0.0
0.010709 -2.14446e-05 0.0
0.010692 -2.21778e-05 0.0
0.0106756 -2.29208e-05 0.0
0.0106596 -2.36746e-05 0.0
0.0106441 -2.44398e-05 0.0
0.0106291 -2.5217e-05 0.0
0.0106145 -2.60066e-05 0.0
0.0106005 -2.68082e-05 0.0
0.0105869 -2.76218e-05 0.0
0.0105739 -2.84464e-05 0.0
0.0105613 -2.92808e-05 0.0
0.0105492 -3.01235e-05 0.0
0.0105376 -3.09725e-05 0.0
0.0105265 -3.1825e-05 0.0
0.0105158 -3.26782e-05 0.0
0.0105057 -3.35286e-05 0.0
0.010496 -3.43724e-05 0.0
0.0104868 -3.52052e-05 0.0
0.0104781 -3.60224e-05 0.0
0.0104699 -3.68193e-05 0.0
0.0104621 -3.75906e-05 0.0
0.0104548 -3.83308e-05 0.0
0.010448 -3.90348e-05 0.0
0.0104416 -3.96971e-05 0.0
0.0104356 -4.03122e-05 0.0
0.01043 -4.08745e-05 0.0
0.0104248 -4.13796e-05 0.0
0.0104201 -4.18226e-05 0.0
0.0104157 -4.21983e-05 0.0
0.0104117 -4.25029e-05 0.0
0.0104079 -4.27339e-05 0.0
0.0104046 -4.28866e-05 0.0
0.0104015 -4.29579e-05 0.0
0.0103987 -4.29469e-05 0.0
0.0103962 -4.28523e-05 0.0
0.0103939 -4.26695e-05 0.0
0.0103918 -4.23983e-05 0.0
0.01039 -4.20404e-05 0.0
0.0103882 -4.15924e-05 0.0
0.0103867 -4.10498e-05 0.0
0.0103852 -4.0414e-05 0.0
0.0103839 -3.96845e-05 0.0
0.0103827 -3.88534e-05 0.0
0.0103816 -3.7915e-05 0.0
0.0103804 -3.68637e-05 0.0
0.0103795 -3.57203e-05 0.0
0.0103785 -3.45053e-05 0.0
0.0103777 -3.32642e-05 0.0
0.0103768 -3.21918e-05 0.0
0.0103761 -3.17198e-05 0.0
0.0 0.0 0.0
0.0 0.0 0.0
0.0191483 0.000442182 0.0
0.0193605 0.000761619 0.0
0.0197045 0.00123333 0.0
0.0200782 0.00186761 0.0
0.0204066 0.00191496 0.0
0.0206962 0.00207499 0.0
0.0210443 0.00232513 0.0
0.0213249 0.00234792 0.0
0.0214386 0.00225316 0.0
0.0215418 0.00220111 0.0
0.0216227 0.00211382 0.0
0.0215718 0.00199904 0.0
0.0214655 0.00185848 0.0
0.0213926 0.00172997 0.0
0.0212799 0.0015983 0.0
0.0210922 0.00147701 0.0
0.02091 0.00134732 0.0
0.020751 0.00122647 0.0
0.0205621 0.00111558 0.0
0.0203498 0.00101321 0.0
0.020157 0.00090856 0.0
0.0199728 0.000813241 0.0
0.0197745 0.000726993 0.0
0.0195779 0.000644536 0.0
0.0193973 0.000563454 0.0
0.0192194 0.000490172 0.0
0.0190396 0.000422043 0.0
0.0188691 0.000355713 0.0
0.018709 0.000292196 0.0
0.0185516 0.000233664 0.0
0.018399 0.000177424 0.0
0.018256 0.00012244 0.0
0.0181201 6.98293e-05 0.0
0.0179889 1.95923e-05 0.0
0.017865 -2.98559e-05 0.0
0.0177493 -7.86569e-05 0.0
0.0176402 -0.000126465 0.0
0.0175375 -0.000173669 0.0
0.0174426 -0.000221133 0.0
0.0173556 -0.000269177 0.0
0.0172759 -0.000317586 0.0
0.0172038 -0.00036656 0.0
0.0171401 -0.00041734 0.0
0.0170854 -0.000470137 0.0
0.0170391 -0.000524038 0.0
0.0170015 -0.000580093 0.0
0.0169748 -0.000640108 0.0
0.0169588 -0.000702551 0.0
0.0169521 -0.000766889 0.0
0.0169574 -0.000836276 0.0
0.0169773 -0.0009103 0.0
0.017009 -0.000985976 0.0
0.0170527 -0.00106647 0.0
0.0171145 -0.00115331 0.0
0.0171934 -0.00124171 0.0
0.0172856 -0.00133382 0.0
0.0173965 -0.00143254 0.0
0.0175299 -0.00153137 0.0
0.0176815 -0.00163108 0.0
0.0178518 -0.00173741 0.0
0.0180454 -0.00184018 0.0
0.018262 -0.0019375 0.0
0.0184999 -0.00203862 0.0
0.0187582 -0.00213555 0.0
0.0190379 -0.00221619 0.0
0.0193396 -0.00229267 0.0
0.0196596 -0.0023659 0.0
0.0199935 -0.00241839 0.0
0.0203429 -0.00245173 0.0
0.0207051 -0.00248097 0.0
0.021075 -0.00249483 0.0
0.0214498 -0.00247997 0.0
0.0218252 -0.00245344 0.0
0.0222011 -0.00242259 0.0
0.0225767 -0.00236395 0.0
0.02294 -0.00228873 0.0
0.0232924 -0.00221542 0.0
0.0236404 -0.00212159 0.0
0.0239722 -0.00201373 0.0
0.0242827 -0.00191018 0.0
0.0245806 -0.0017933 0.0
0.0248612 -0.00166749 0.0
0.0251201 -0.00154798 0.0
0.0253583 -0.00142295 0.0
0.0255758 -0.00129435 0.0
0.025774 -0.00117068 0.0
0.0259522 -0.00104978 0.0
0.0261072 -0.000931687 0.0
0.0262432 -0.000816314 0.0
0.0263624 -0.000706662 0.0
0.0264626 -0.000605069 0.0
0.0265434 -0.000506375 0.0
0.0266088 -0.000413146 0.0
0.0266606 -0.00032768 0.0
0.0266964 -0.000247183 0.0
0.0267166 -0.00017082 0.0
0.0267257 -0.000100605 0.0
0.0267235 -3.47335e-05 0.0
0.0267071 2.72229e-05 0.0
0.0266792 8.50524e-05 0.0
0.0266425 0.000139455 0.0
0.0265949 0.0001906 0.0
0.0265355 0.000238075 0.0
0.0264669 0.000283577 0.0
0.0263899 0.000325376 0.0
0.0263032 0.000363296 0.0
0.026207 0.000398684 0.0
0.0261032 0.000431352 0.0
0.0259924 0.000458635 0.0
0.0258751 0.000482332 0.0
0.0257511 0.00050375 0.0
0.0256219 0.000520271 0.0
0.0254898 0.000532749 0.0
0.0253535 0.0005432 0.0
0.025213 0.000549766 0.0
0.0250715 0.000553688 0.0
0.0249283 0.000555954 0.0
0.0247821 0.000554999 0.0
0.0246353 0.000552734 0.0
0.0244886 0.00054891 0.0
0.0243403 0.000542787 0.0
0.0241917 0.000535217 0.0
0.024044 0.000526947 0.0
0.0238968 0.000516316 0.0
0.0237506 0.0005046 0.0
0.0236056 0.000493155 0.0
0.0234621 0.000479867 0.0
0.0233211 0.000465896 0.0
0.0231824 0.000453512 0.0
0.0230449 0.000440288 0.0
0.0229098 0.000426812 0.0
0.0227777 0.000415693 0.0
0.0226468 0.000405051 0.0
0.0225173 0.000394098 0.0
0.02239 0.000384923 0.0
0.0222641 0.000377615 0.0
0.0221392 0.000369705 0.0
0.0220158 0.000362195 0.0
0.0218937 0.000356538 0.0
0.0217726 0.000351051 0.0
0.0216531 0.000344853 0.0
0.0215352 0.000339942 0.0
0.0214182 0.000335696 0.0
0.0213031 0.000331288 0.0
0.0211898 0.000328318 0.0
0.0210772 0.000326132 0.0
0.0209662 0.000324816 0.0
0.0208568 0.000325903 0.0
0.0207474 0.000328545 0.0
0.0206386 0.000332567 0.0
0.0205304 0.000339742 0.0
0.0204212 0.000349466 0.0
0.0203104 0.000360968 0.0
0.0201986 0.000375574 0.0
0.0200847 0.000393164 0.0
0.0199673 0.000412219 0.0
0.0198463 0.000433728 0.0
0.0197216 0.000457935 0.0
0.0195925 0.000482535 0.0
0.0194579 0.000507469 0.0
0.0193177 0.00053407 0.0
0.0191725 0.000560286 0.0
0.0190221 0.000583829 0.0
0.0188658 0.000606362 0.0
0.018704 0.000628237 0.0
0.0185382 0.000645962 0.0
0.0183686 0.000659296 0.0
0.0181949 0.000671029 0.0
0.0180182 0.000679158 0.0
0.0178404 0.000681583 0.0
0.0176616 0.000680959 0.0
0.0174816 0.000677483 0.0
0.0173023 0.000669645 0.0
0.0171248 0.000658344 0.0
0.0169487 0.000644453 0.0
0.0167746 0.000628154 0.0
0.016604 0.000609479 0.0
0.0164368 0.000588682 0.0
0.016273 0.000566656 0.0
0.0161133 0.000543795 0.0
0.0159582 0.000519819 0.0
0.0158074 0.000495241 0.0
0.0156611 0.000470809 0.0
0.0155196 0.00044642 0.0
0.015383 0.000421992 0.0
0.015251 0.000398104 0.0
0.0151236 0.000374986 0.0
0.015001 0.00035244 0.0
0.014883 0.00033059 0.0
0.0147693 0.000309753 0.0
0.01466 0.000289877 0.0
0.014555 0.000270866 0.0
0.0144541 0.000252841 0.0
0.0143569 0.000235881 0.0
0.0142636 0.00021988 0.0
0.014174 0.000204811 0.0
0.0140877 0.000190713 0.0
0.0140047 0.000177552 0.0
0.013925 0.000165251 0.0
0.0138482 0.000153791 0.0
0.0137743 0.000143147 0.0
0.013703 0.000133264 0.0
0.0136345 0.000124091 0.0
0.0135683 0.000115595 0.0
0.0135044 0.000107733 0.0
0.0134428 0.000100458 0.0
0.0133833 9.37294e-05 0.0
0.0133258 8.75109e-05 0.0
0.0132701 8.17618e-05 0.0
0.0132163 7.64472e-05 0.0
0.0131641 7.1533e-05 0.0
0.0131136 6.69864e-05 0.0
0.0130646 6.27765e-05 0.0
0.0130171 5.88768e-05 0.0
0.0129711 5.52591e-05 0.0
0.0129263 5.18981e-05 0.0
0.0128828 4.87715e-05 0.0
0.0128406 4.58582e-05 0.0
0.0127995 4.31367e-05 0.0
0.0127595 4.05888e-05 0.0
0.0127206 3.81979e-05 0.0
0.0126828 3.5948e-05 0.0
0.0126459 3.38234e-05 0.0
0.01261 3.18115e-05 0.0
0.012575 2.99001e-05 0.0
0.0125409 2.80776e-05 0.0
0.0125077 2.63336e-05 0.0
0.0124753 2.46594e-05 0.0
0.0124437 2.30467e-05 0.0
0.0124129 2.14877e-05 0.0
0.0123829 1.99759e-05 0.0
0.0123536 1.8506e-05 0.0
0.012325 1.70723e-05 0.0
0.0122972 1.56704e-05 0.0
0.01227 1.42965e-05 0.0
0.0122435 1.29471e-05 0.0
0.0122177 1.16189e-05 0.0
0.0121925 1.03094e-05 0.0
0.0121679 9.01598e-06 0.0
0.012144 7.7365e-06 0.0
0.0121207 6.46874e-06 0.0
0.0120979 5.21079e-06 0.0
0.0120758 3.96074e-06 0.0
0.0120542 2.71667e-06 0.0
0.0120333 1.47668e-06 0.0
0.0120128 2.38973e-07 0.0
0.011993 -9.98339e-07 0.0
0.0119737 -2.23711e-06 0.0
0.0119549 -3.47914e-06 0.0
0.0119366 -4.72613e-06 0.0
0.0119189 -5.97974e-06 0.0
0.0119018 -7.24145e-06 0.0
0.0118851 -8.51253e-06 0.0
0.011869 -9.79395e-06 0.0
0.0118533 -1.10865e-05 0.0
0.0118382 -1.23904e-05 0.0
0.0118237 -1.37057e-05 0.0
0.0118096 -1.50317e-05 0.0
0.011796 -1.63675e-05 0.0
0.011783 -1.77113e-05 0.0
0.0117704 -1.9061e-05 0.0
0.0117584 -2.04137e-05 0.0
0.0117469 -2.17661e-05 0.0
0.0117359 -2.31142e-05 0.0
0.0117254 -2.44535e-05 0.0
0.0117154 -2.5779e-05 0.0
0.0117059 -2.7085e-05 0.0
0.0116969 -2.83656e-05 0.0
0.0116883 -2.96147e-05 0.0
0.0116803 -3.08256e-05 0.0
0.0116728 -3.19916e-05 0.0
0.0116657 -3.31059e-05 0.0
0.0116591 -3.41621e-05 0.0
0.0116529 -3.51529e-05 0.0
0.0116471 -3.60724e-05 0.0
0.0116419 -3.69144e-05 0.0
0.0116369 -3.76732e-05 0.0
0.0116324 -3.83431e-05 0.0
0.0116282 -3.892e-05 0.0
0.0116245 -3.93997e-05 0.0
0.011621 -3.97781e-05 0.0
0.0116178 -4.00523e-05 0.0
0.0116149 -4.02206e-05 0.0
0.0116124 -4.02802e-05 0.0
0.01161 -4.02299e-05 0.0
0.0116079 -4.00695e-05 0.0
0.0116059 -3.97965e-05 0.0
0.0116042 -3.94097e-05 0.0
0.0116025 -3.89122e-05 0.0
0.0116011 -3.82995e-05 0.0
0.0115997 -3.75633e-05 0.0
0.0115986 -3.67152e-05 0.0
0.0115974 -3.57588e-05 0.0
0.0115964 -3.46815e-05 0.0
0.0115954 -3.3519e-05 0.0
0.0115946 -3.23538e-05 0.0
0.0115936 -3.13197e-05 0.0
0.0115929 -3.08349e-05 0.0
0.0 0.0 0.0
0.0 0.0 0.0
0.0193453 0.000332621 0.0
0.019445 0.000634295 0.0
0.0194846 0.0010522 0.0
0.0197925 0.00139408 0.0
0.0201507 0.00161047 0.0
0.0204003 0.00190319 0.0
0.0206588 0.00195912 0.0
0.0209578 0.00205029 0.0
0.0212224 0.00213203 0.0
0.0213912 0.00210451 0.0
0.0214821 0.00202662 0.0
0.021574 0.0019885 0.0
0.0216459 0.00190293 0.0
0.0216334 0.00179321 0.0
0.0215718 0.00169213 0.0
0.0215229 0.0015982 0.0
0.0214585 0.00148027 0.0
0.0213441 0.00137341 0.0
0.021216 0.0012763 0.0
0.0210997 0.00117642 0.0
0.0209709 0.00107305 0.0
0.0208213 0.00098381 0.0
0.0206748 0.000898002 0.0
0.0205351 0.000810826 0.0
0.0203884 0.00072817 0.0
0.0202377 0.000654298 0.0
0.0200944 0.000580993 0.0
0.0199548 0.000508933 0.0
0.0198139 0.000442002 0.0
0.0196765 0.000379091 0.0
0.019546 0.00031629 0.0
0.0194188 0.000255576 0.0
0.0192945 0.000198062 0.0
0.0191762 0.000141828 0.0
0.0190637 8.56458e-05 0.0
0.0189556 3.07859e-05 0.0
0.0188527 -2.29821e-05 0.0
0.0187564 -7.69542e-05 0.0
0.018666 -0.000131591 0.0
0.0185814 -0.00018637 0.0
0.0185033 -0.000241621 0.0
0.0184324 -0.000298494 0.0
0.0183686 -0.000357513 0.0
0.0183118 -0.00041787 0.0
0.018263 -0.000480172 0.0
0.0182232 -0.000546301 0.0
0.0181922 -0.000615812 0.0
0.0181695 -0.000687358 0.0
0.0181577 -0.000763451 0.0
0.0181582 -0.000845414 0.0
0.0181685 -0.000930489 0.0
0.0181903 -0.00101947 0.0
0.0182287 -0.00111579 0.0
0.0182815 -0.00121691 0.0
0.0183461 -0.0013215 0.0
0.01843 -0.00143262 0.0
0.0185349 -0.00154797 0.0
0.018655 -0.00166685 0.0
0.0187951 -0.00179103 0.0
0.0189607 -0.00191453 0.0
0.0191464 -0.00203723 0.0
0.0193543 -0.00216593 0.0
0.0195892 -0.00228708 0.0
0.0198446 -0.00239696 0.0
0.0201222 -0.00250832 0.0
0.0204281 -0.0026115 0.0
0.0207512 -0.00268944 0.0
0.0210868 -0.00275921 0.0
0.021448 -0.00282044 0.0
0.021824 -0.0028513 0.0
0.022198 -0.00286421 0.0
0.0225829 -0.00286725 0.0
0.0229808 -0.00283988 0.0
0.0233666 -0.00279488 0.0
0.0237452 -0.00274304 0.0
0.0241271 -0.002658 0.0
0.0244942 -0.00256278 0.0
0.024844 -0.0024689 0.0
0.0251849 -0.00234476 0.0
0.0255069 -0.00221182 0.0
0.0258098 -0.0020867 0.0
0.0260958 -0.00194526 0.0
0.026359 -0.0017955 0.0
0.0266011 -0.00165138 0.0
0.0268235 -0.00150593 0.0
0.0270222 -0.00136044 0.0
0.0272006 -0.00121594 0.0
0.0273589 -0.00107673 0.0
0.0274959 -0.000946361 0.0
0.0276139 -0.000817208 0.0
0.0277153 -0.000694489 0.0
0.0278 -0.00058144 0.0
0.0278674 -0.000474388 0.0
0.0279198 -0.000372001 0.0
0.0279603 -0.000277146 0.0
0.0279881 -0.000189506 0.0
0.0280014 -0.000106782 0.0
0.0280033 -2.81209e-05 0.0
0.0279968 4.45767e-05 0.0
0.0279791 0.000112755 0.0
0.027949 0.000177592 0.0
0.0279102 0.000239246 0.0
0.0278632 0.000297148 0.0
0.0278054 0.000351348 0.0
0.0277378 0.000402084 0.0
0.0276617 0.000450562 0.0
0.0275771 0.000494105 0.0
0.0274842 0.000533442 0.0
0.0273833 0.000568688 0.0
0.0272755 0.000599291 0.0
0.027162 0.000625748 0.0
0.0270426 0.000647307 0.0
0.0269187 0.000662947 0.0
0.0267921 0.00067746 0.0
0.026661 0.000687745 0.0
0.0265271 0.000691803 0.0
0.0263922 0.000696815 0.0
0.0262547 0.00069904 0.0
0.0261148 0.000696139 0.0
0.0259741 0.000692972 0.0
0.0258321 0.000689583 0.0
0.0256893 0.000681281 0.0
0.0255466 0.000671456 0.0
0.0254035 0.00066195 0.0
0.0252609 0.000649389 0.0
0.0251204 0.000634994 0.0
0.0249809 0.000621128 0.0
0.0248421 0.000605454 0.0
0.0247063 0.000590101 0.0
0.0245727 0.000575557 0.0
0.02444 0.000560302 0.0
0.0243093 0.000546686 0.0
0.0241811 0.00053443 0.0
0.024054 0.00052261 0.0
0.0239273 0.000511952 0.0
0.0238023 0.000502906 0.0
0.0236788 0.000494206 0.0
0.0235554 0.000486078 0.0
0.0234326 0.000478891 0.0
0.0233115 0.000472147 0.0
0.0231914 0.00046489 0.0
0.0230723 0.000458327 0.0
0.0229544 0.000452924 0.0
0.0228381 0.000446881 0.0
0.0227239 0.000441708 0.0
0.0226112 0.000438747 0.0
0.0224992 0.000436252 0.0
0.0223889 0.000435464 0.0
0.0222805 0.000437717 0.0
0.0221723 0.000441838 0.0
0.0220636 0.000448611 0.0
0.021955 0.000458861 0.0
0.0218464 0.000472379 0.0
0.0217356 0.00048867 0.0
0.0216219 0.000507983 0.0
0.021506 0.000531178 0.0
0.0213867 0.000557282 0.0
0.0212626 0.000584406 0.0
0.0211336 0.000613912 0.0
0.020999 0.000646245 0.0
0.0208587 0.000677772 0.0
0.0207129 0.000707896 0.0
0.0205605 0.000738853 0.0
0.0204014 0.000768257 0.0
0.0202375 0.000793166 0.0
0.020069 0.000815276 0.0
0.0198945 0.000834651 0.0
0.0197162 0.000849053 0.0
0.0195359 0.000858573 0.0
0.0193529 0.000863379 0.0
0.0191678 0.000864033 0.0
0.0189826 0.000860368 0.0
0.018798 0.000851339 0.0
0.0186142 0.000838777 0.0
0.0184317 0.000823457 0.0
0.0182516 0.000804113 0.0
0.0180746 0.00078189 0.0
0.0179007 0.000758188 0.0
0.0177301 0.00073243 0.0
0.0175637 0.000704865 0.0
0.0174017 0.000676672 0.0
0.0172437 0.000647999 0.0
0.0170902 0.000618691 0.0
0.0169415 0.000589398 0.0
0.0167974 0.000560545 0.0
0.0166578 0.000532045 0.0
0.0165228 0.000504037 0.0
0.0163925 0.000476913 0.0
0.0162667 0.000450727 0.0
0.0161453 0.000425434 0.0
0.0160282 0.000401163 0.0
0.0159154 0.000378059 0.0
0.0158066 0.000356072 0.0
0.0157018 0.00033517 0.0
0.0156009 0.000315404 0.0
0.0155036 0.000296793 0.0
0.0154099 0.000279264 0.0
0.0153196 0.000262776 0.0
0.0152326 0.000247326 0.0
0.0151487 0.000232881 0.0
0.0150678 0.000219365 0.0
0.0149898 0.000206733 0.0
0.0149145 0.000194958 0.0
0.0148419 0.000183991 0.0
0.0147717 0.000173762 0.0
0.014704 0.000164231 0.0
0.0146385 0.000155365 0.0
0.0145752 0.000147112 0.0
0.014514 0.000139418 0.0
0.0144548 0.000132251 0.0
0.0143974 0.000125576 0.0
0.0143419 0.000119349 0.0
0.0142881 0.000113533 0.0
0.014236 0.0001081 0.0
0.0141855 0.000103021 0.0
0.0141364 9.82606e-05 0.0
0.0140889 9.37931e-05 0.0
0.0140427 8.95971e-05 0.0
0.0139978 8.56465e-05 0.0
0.0139543 8.19176e-05 0.0
0.013912 7.83917e-05 0.0
0.0138708 7.50511e-05 0.0
0.0138309 7.18764e-05 0.0
0.013792 6.88512e-05 0.0
0.0137542 6.59621e-05 0.0
0.0137174 6.31954e-05 0.0
0.0136816 6.05375e-05 0.0
0.0136468 5.79778e-05 0.0
0.0136129 5.55066e-05 0.0
0.0135799 5.31145e-05 0.0
0.0135477 5.07927e-05 0.0
0.0135165 4.85346e-05 0.0
0.013486 4.63338e-05 0.0
0.0134564 4.41841e-05 0.0
0.0134276 4.20805e-05 0.0
0.0133995 4.00188e-05 0.0
0.0133721 3.79949e-05 0.0
0.0133455 3.6005e-05 0.0
0.0133196 3.40459e-05 0.0
0.0132944 3.21148e-05 0.0
0.0132699 3.02087e-05 0.0
0.013246 2.83249e-05 0.0
0.0132228 2.64609e-05 0.0
0.0132002 2.46142e-05 0.0
0.0131782 2.27821e-05 0.0
0.0131568 2.09621e-05 0.0
0.0131361 1.91517e-05 0.0
0.0131159 1.73483e-05 0.0
0.0130963 1.55494e-05 0.0
0.0130772 1.37525e-05 0.0
0.0130588 1.19552e-05 0.0
0.0130408 1.01553e-05 0.0
0.0130235 8.35085e-06 0.0
0.0130066 6.5401e-06 0.0
0.0129903 4.72166e-06 0.0
0.0129745 2.89462e-06 0.0
0.0129593 1.05847e-06 0.0
0.0129445 -7.86605e-07 0.0
0.0129303 -2.63998e-06 0.0
0.0129166 -4.50024e-06 0.0
0.0129035 -6.36533e-06 0.0
0.0128908 -8.23239e-06 0.0
0.0128787 -1.0098e-05 0.0
0.012867 -1.19579e-05 0.0
0.0128559 -1.3807e-05 0.0
0.0128453 -1.56397e-05 0.0
0.0128352 -1.74499e-05 0.0
0.0128256 -1.92306e-05 0.0
0.0128165 -2.09745e-05 0.0
0.0128079 -2.26741e-05 0.0
0.0127998 -2.43215e-05 0.0
0.0127921 -2.59082e-05 0.0
0.012785 -2.74266e-05 0.0
0.0127783 -2.88688e-05 0.0
0.012772 -3.02265e-05 0.0
0.0127662 -3.14919e-05 0.0
0.0127608 -3.26591e-05 0.0
0.0127559 -3.3721e-05 0.0
0.0127513 -3.46709e-05 0.0
0.0127471 -3.55043e-05 0.0
0.0127432 -3.62175e-05 0.0
0.0127397 -3.68052e-05 0.0
0.0127365 -3.72643e-05 0.0
0.0127336 -3.75939e-05 0.0
0.0127309 -3.77924e-05 0.0
0.0127286 -3.78562e-05 0.0
0.0127264 -3.77866e-05 0.0
0.0127244 -3.75841e-05 0.0
0.0127226 -3.72472e-05 0.0
0.0127211 -3.67763e-05 0.0
0.0127195 -3.6172e-05 0.0
0.0127183 -3.54356e-05 0.0
0.012717 -3.45763e-05 0.0
0.012716 -3.35965e-05 0.0
0.0127149 -3.25171e-05 0.0
0.012714 -3.14049e-05 0.0
0.012713 -3.03981e-05 0.0
0.0127122 -2.99214e-05 0.0
0.0 0.0 0.0
0.0 0.0 0.0
0.0192686 0.000163608 0.0
0.0193262 0.00062184 0.0
0.019495 0.000894247 0.0
0.0196948 0.00103004 0.0
0.0199008 0.00138688 0.0
0.0201891 0.00163785 0.0
0.0204382 0.00166981 0.0
0.020658 0.00181204 0.0
0.0209123 0.00190711 0.0
0.0211283 0.00192649 0.0
0.0212838 0.00190587 0.0
0.0214336 0.00188915 0.0
0.0215475 0.0018417 0.0
0.0216018 0.00178363 0.0
0.0216422 0.00170322 0.0
0.0216746 0.00162232 0.0
0.0216602 0.00153972 0.0
0.0216152 0.00145601 0.0
0.0215747 0.00136033 0.0
0.0215218 0.00127159 0.0
0.0214389 0.00118781 0.0
0.0213485 0.00110249 0.0
0.0212632 0.00101425 0.0
0.0211669 0.000934554 0.0
0.0210581 0.000858095 0.0
0.0209515 0.000780664 0.0
0.0208475 0.000705165 0.0
0.0207373 0.000635824 0.0
0.0206253 0.000567538 0.0
0.0205178 0.000499523 0.0
0.0204117 0.000434424 0.0
0.0203045 0.000372372 0.0
0.0202004 0.000310358 0.0
0.0201006 0.00024909 0.0
0.0200029 0.000189549 0.0
0.0199078 0.000130744 0.0
0.0198174 7.14288e-05 0.0
0.0197312 1.20623e-05 0.0
0.0196489 -4.73608e-05 0.0
0.0195714 -0.000107494 0.0
0.0194992 -0.00016926 0.0
0.0194324 -0.000232772 0.0
0.0193713 -0.000297693 0.0
0.0193163 -0.000364786 0.0
0.019268 -0.00043581 0.0
0.0192272 -0.000509966 0.0
0.0191935 -0.000586401 0.0
0.0191679 -0.000667957 0.0
0.0191525 -0.00075586 0.0
0.0191464 -0.00084656 0.0
0.0191491 -0.000941898 0.0
0.0191652 -0.00104652 0.0
0.0191955 -0.00115637 0.0
0.019236 -0.00126889 0.0
0.0192913 -0.00139141 0.0
0.0193675 -0.00152174 0.0
0.0194595 -0.00165295 0.0
0.019567 -0.00179227 0.0
0.0196985 -0.00193884 0.0
0.0198545 -0.00208312 0.0
0.020031 -0.00223137 0.0
0.0202311 -0.00238425 0.0
0.0204576 -0.00252625 0.0
0.0207123 -0.00266432 0.0
0.0209922 -0.00280181 0.0
0.021292 -0.00292296 0.0
0.0216175 -0.00302218 0.0
0.0219695 -0.00311422 0.0
0.0223345 -0.00318996 0.0
0.0227106 -0.00323268 0.0
0.0231045 -0.00325106 0.0
0.0235039 -0.00325999 0.0
0.0239038 -0.00324243 0.0
0.0243041 -0.00318318 0.0
0.0246964 -0.00311969 0.0
0.0250843 -0.00304444 0.0
0.0254636 -0.00292772 0.0
0.0258195 -0.00280657 0.0
0.0261613 -0.00268208 0.0
0.0264913 -0.00252987 0.0
0.0267956 -0.00237449 0.0
0.0270751 -0.00221852 0.0
0.0273345 -0.00204788 0.0
0.0275712 -0.00187921 0.0
0.0277858 -0.00171221 0.0
0.0279739 -0.00154299 0.0
0.0281385 -0.00138008 0.0
0.0282861 -0.00121918 0.0
0.0284139 -0.00106723 0.0
0.0285194 -0.000922564 0.0
0.0286077 -0.00078276 0.0
0.028683 -0.000652366 0.0
0.0287443 -0.000531085 0.0
0.0287891 -0.000415719 0.0
0.0288218 -0.00030861 0.0
0.0288463 -0.000208609 0.0
0.0288595 -0.000114073 0.0
0.0288607 -2.62292e-05 0.0
0.0288544 5.5846e-05 0.0
0.02884 0.000135125 0.0
0.0288154 0.000209133 0.0
0.0287823 0.000279101 0.0
0.0287415 0.000346438 0.0
0.0286915 0.000409913 0.0
0.0286319 0.000469688 0.0
0.028564 0.000527098 0.0
0.0284879 0.000578682 0.0
0.0284034 0.000625433 0.0
0.0283108 0.000668853 0.0
0.0282112 0.000706876 0.0
0.0281067 0.00073663 0.0
0.0279979 0.000763404 0.0
0.0278829 0.000785757 0.0
0.027765 0.000800636 0.0
0.0276465 0.000813804 0.0
0.027524 0.000823142 0.0
0.0273981 0.000828127 0.0
0.0272724 0.000831372 0.0
0.0271444 0.000832992 0.0
0.0270133 0.000830628 0.0
0.0268817 0.000826524 0.0
0.0267493 0.000820492 0.0
0.0266151 0.000811619 0.0
0.026481 0.000800538 0.0
0.0263473 0.000787999 0.0
0.0262139 0.000772053 0.0
0.0260828 0.000756454 0.0
0.0259524 0.000740397 0.0
0.025823 0.000721699 0.0
0.0256968 0.000704867 0.0
0.0255725 0.000689718 0.0
0.0254483 0.000673586 0.0
0.0253257 0.000658699 0.0
0.025205 0.000647397 0.0
0.0250846 0.000636072 0.0
0.0249644 0.000624629 0.0
0.0248445 0.000615816 0.0
0.024725 0.000608579 0.0
0.0246062 0.00059944 0.0
0.0244881 0.000590941 0.0
0.02437 0.000584376 0.0
0.024253 0.000576452 0.0
0.0241386 0.000568103 0.0
0.0240251 0.000561658 0.0
0.0239124 0.000554878 0.0
0.0238028 0.000549316 0.0
0.023695 0.000546237 0.0
0.0235879 0.000543867 0.0
0.0234827 0.000544262 0.0
0.0233786 0.000548664 0.0
0.0232746 0.000555556 0.0
0.0231709 0.000565345 0.0
0.0230668 0.00058016 0.0
0.0229606 0.000598752 0.0
0.0228525 0.000620585 0.0
0.022742 0.000646922 0.0
0.0226276 0.000676651 0.0
0.0225083 0.000708916 0.0
0.0223837 0.000744583 0.0
0.0222538 0.000782053 0.0
0.0221177 0.000819122 0.0
0.0219741 0.000856667 0.0
0.0218235 0.000894522 0.0
0.0216673 0.000929233 0.0
0.0215045 0.000959444 0.0
0.021335 0.000987555 0.0
0.0211603 0.00101229 0.0
0.020982 0.00102919 0.0
0.0208003 0.00104084 0.0
0.020615 0.00104948 0.0
0.0204281 0.00105092 0.0
0.0202416 0.00104599 0.0
0.0200547 0.00103741 0.0
0.0198678 0.00102412 0.0
0.0196833 0.00100601 0.0
0.0195014 0.000984206 0.0
0.0193213 0.000959442 0.0
0.0191443 0.00093222 0.0
0.0189715 0.000902614 0.0
0.0188023 0.000871151 0.0
0.0186366 0.000838791 0.0
0.0184754 0.000805774 0.0
0.0183187 0.000772013 0.0
0.0181662 0.000738173 0.0
0.0180179 0.000704783 0.0
0.0178743 0.000671762 0.0
0.0177353 0.000639209 0.0
0.0176004 0.000607596 0.0
0.0174699 0.000577019 0.0
0.0173439 0.000547403 0.0
0.017222 0.0005189 0.0
0.0171042 0.000491681 0.0
0.0169903 0.000465685 0.0
0.0168805 0.0004409 0.0
0.0167745 0.000417392 0.0
0.016672 0.000395155 0.0
0.0165731 0.000374117 0.0
0.0164777 0.000354274 0.0
0.0163855 0.000335604 0.0
0.0162965 0.000318044 0.0
0.0162106 0.000301542 0.0
0.0161277 0.000286069 0.0
0.0160476 0.000271563 0.0
0.0159702 0.000257964 0.0
0.0158954 0.000245228 0.0
0.0158231 0.000233309 0.0
0.0157532 0.000222142 0.0
0.0156856 0.000211683 0.0
0.0156203 0.00020189 0.0
0.015557 0.000192713 0.0
0.0154958 0.000184104 0.0
0.0154366 0.000176027 0.0
0.0153792 0.000168445 0.0
0.0153236 0.000161316 0.0
0.0152698 0.000154605 0.0
0.0152176 0.000148284 0.0
0.015167 0.000142319 0.0
0.0151179 0.000136681 0.0
0.0150704 0.000131344 0.0
0.0150242 0.000126285 0.0
0.0149795 0.000121478 0.0
0.014936 0.000116901 0.0
0.0148938 0.000112536 0.0
0.0148529 0.000108363 0.0
0.0148131 0.000104365 0.0
0.0147745 0.000100526 0.0
0.014737 9.68326e-05 0.0
0.0147006 9.32705e-05 0.0
0.0146652 8.98274e-05 0.0
0.0146308 8.64933e-05 0.0
0.0145974 8.32584e-05 0.0
0.014565 8.01135e-05 0.0
0.0145334 7.70507e-05 0.0
0.0145028 7.40636e-05 0.0
0.014473 7.11456e-05 0.0
0.014444 6.82911e-05 0.0
0.0144159 6.54953e-05 0.0
0.0143885 6.27537e-05 0.0
0.014362 6.0062e-05 0.0
0.0143361 5.74166e-05 0.0
0.0143111 5.48139e-05 0.0
0.0142867 5.22505e-05 0.0
0.014263 4.9723e-05 0.0
0.01424 4.72281e-05 0.0
0.0142176 4.47626e-05 0.0
0.0141959 4.23232e-05 0.0
0.0141748 3.99065e-05 0.0
0.0141543 3.75091e-05 0.0
0.0141344 3.51277e-05 0.0
0.0141151 3.27589e-05 0.0
0.0140964 3.03994e-05 0.0
0.0140783 2.80462e-05 0.0
0.0140606 2.56963e-05 0.0
0.0140436 2.33471e-05 0.0
0.014027 2.09963e-05 0.0
0.014011 1.86422e-05 0.0
0.0139955 1.62833e-05 0.0
0.0139805 1.39192e-05 0.0
0.013966 1.15498e-05 0.0
0.0139521 9.17602e-06 0.0
0.0139386 6.7993e-06 0.0
0.0139257 4.42227e-06 0.0
0.0139132 2.0482e-06 0.0
0.0139013 -3.18662e-07 0.0
0.0138898 -2.67326e-06 0.0
0.0138788 -5.00951e-06 0.0
0.0138683 -7.32084e-06 0.0
0.0138584 -9.59977e-06 0.0
0.0138489 -1.18382e-05 0.0
0.0138399 -1.40275e-05 0.0
0.0138314 -1.61589e-05 0.0
0.0138233 -1.82229e-05 0.0
0.0138157 -2.02102e-05 0.0
0.0138086 -2.21114e-05 0.0
0.013802 -2.39176e-05 0.0
0.0137957 -2.56194e-05 0.0
0.0137899 -2.72085e-05 0.0
0.0137846 -2.86771e-05 0.0
0.0137796 -3.00181e-05 0.0
0.013775 -3.12246e-05 0.0
0.0137708 -3.22912e-05 0.0
0.013767 -3.32132e-05 0.0
0.0137634 -3.39868e-05 0.0
0.0137602 -3.46091e-05 0.0
0.0137573 -3.50778e-05 0.0
0.0137547 -3.53909e-05 0.0
0.0137522 -3.55506e-05 0.0
0.0137501 -3.55557e-05 0.0
0.0137481 -3.54036e-05 0.0
0.0137464 -3.50995e-05 0.0
0.0137447 -3.46516e-05 0.0
0.0137433 -3.40515e-05 0.0
0.0137419 -3.3306e-05 0.0
0.0137408 -3.24396e-05 0.0
0.0137397 -3.14645e-05 0.0
0.0137387 -3.04102e-05 0.0
0.0137377 -2.94322e-05 0.0
0.0137369 -2.89717e-05 0.0
0.0 0.0 0.0
0.0 0.0 0.0
0.0192326 0.000178627 0.0
0.0193243 0.000456868 0.0
0.0194784 0.000693485 0.0
0.0195794 0.000966521 0.0
0.0197181 0.00117089 0.0
0.0199668 0.00128769 0.0
0.0202058 0.00149124 0.0
0.0204118 0.00162819 0.0
0.0206081 0.00163858 0.0
0.0208253 0.00171332 0.0
0.0210375 0.00176573 0.0
0.0211917 0.00174972 0.0
0.0213115 0.00171584 0.0
0.0214458 0.00170126 0.0
0.0215548 0.00165308 0.0
0.0216047 0.00159035 0.0
0.0216411 0.00152832 0.0
0.0216856 0.00146449 0.0
0.0216989 0.00138747 0.0
0.0216766 0.00131434 0.0
0.0216549 0.00124056 0.0
0.0216327 0.00116393 0.0
0.0215867 0.00108672 0.0
0.0215265 0.00101453 0.0
0.0214702 0.000940869 0.0
0.0214092 0.000867404 0.0
0.0213352 0.000796869 0.0
0.0212587 0.000729011 0.0
0.0211849 0.000660386 0.0
0.021107 0.000593465 0.0
0.0210246 0.000528935 0.0
0.0209441 0.000465267 0.0
0.0208653 0.000401429 0.0
0.0207849 0.00033895 0.0
0.0207051 0.000277293 0.0
0.0206285 0.000215362 0.0
0.0205536 0.000152959 0.0
0.0204801 9.05407e-05 0.0
0.0204097 2.74259e-05 0.0
0.0203429 -3.71074e-05 0.0
0.0202793 -0.000103439 0.0
0.0202192 -0.000171364 0.0
0.0201636 -0.00024145 0.0
0.0201131 -0.000314904 0.0
0.0200676 -0.000391961 0.0
0.0200272 -0.00047184 0.0
0.0199934 -0.000556243 0.0
0.0199675 -0.00064678 0.0
0.0199481 -0.00074184 0.0
0.0199359 -0.000841425 0.0
0.0199354 -0.000949554 0.0
0.0199458 -0.00106498 0.0
0.0199634 -0.00118496 0.0
0.019995 -0.0013137 0.0
0.0200459 -0.00145247 0.0
0.0201078 -0.0015962 0.0
0.0201828 -0.001748 0.0
0.0202846 -0.00190869 0.0
0.0204076 -0.00207188 0.0
0.0205455 -0.00224377 0.0
0.0207121 -0.00242032 0.0
0.0209094 -0.0025886 0.0
0.0211279 -0.00276081 0.0
0.0213762 -0.00293819 0.0
0.0216565 -0.00308953 0.0
0.0219587 -0.0032287 0.0
0.0222898 -0.00337103 0.0
0.0226514 -0.00348274 0.0
0.0230244 -0.00355433 0.0
0.0234121 -0.00362466 0.0
0.0238279 -0.00366748 0.0
0.0242438 -0.00365852 0.0
0.0246478 -0.00364035 0.0
0.025066 -0.00360086 0.0
0.0254812 -0.00351071 0.0
0.0258656 -0.0034208 0.0
0.0262421 -0.00330825 0.0
0.0266094 -0.00315416 0.0
0.0269476 -0.00300854 0.0
0.0272635 -0.00285121 0.0
0.0275579 -0.00266074 0.0
0.0278256 -0.00247571 0.0
0.0280713 -0.0022921 0.0
0.0282873 -0.00209551 0.0
0.0284756 -0.00190095 0.0
0.0286441 -0.00170721 0.0
0.0287877 -0.00152459 0.0
0.0289058 -0.00134609 0.0
0.029006 -0.00116948 0.0
0.0290906 -0.00100705 0.0
0.0291574 -0.000855729 0.0
0.0292072 -0.000709456 0.0
0.0292468 -0.000573259 0.0
0.0292777 -0.000447873 0.0
0.029296 -0.000330851 0.0
0.0293033 -0.000219976 0.0
0.0293063 -0.000117139 0.0
0.0293035 -2.17225e-05 0.0
0.0292901 6.93004e-05 0.0
0.0292694 0.000155995 0.0
0.0292464 0.000237121 0.0
0.0292158 0.000315459 0.0
0.0291754 0.000390064 0.0
0.0291292 0.000462673 0.0
0.0290771 0.00053151 0.0
0.0290162 0.000595078 0.0
0.0289467 0.000655611 0.0
0.0288695 0.000712388 0.0
0.028786 0.000760831 0.0
0.0286965 0.000804149 0.0
0.0285998 0.000840921 0.0
0.0284998 0.000870421 0.0
0.028397 0.000897247 0.0
0.0282899 0.000914358 0.0
0.0281818 0.000927873 0.0
0.0280727 0.000941853 0.0
0.02796 0.000948312 0.0
0.0278456 0.000951439 0.0
0.0277301 0.000956718 0.0
0.0276123 0.000956599 0.0
0.0274924 0.000952184 0.0
0.0273705 0.000948171 0.0
0.0272472 0.000941586 0.0
0.0271247 0.000928404 0.0
0.0270027 0.000915527 0.0
0.0268793 0.000900863 0.0
0.026758 0.000881728 0.0
0.0266402 0.000864005 0.0
0.0265229 0.000845208 0.0
0.0264064 0.000825407 0.0
0.0262928 0.000808142 0.0
0.026181 0.000791942 0.0
0.0260695 0.000776395 0.0
0.0259583 0.000763143 0.0
0.0258483 0.000751453 0.0
0.025738 0.000741638 0.0
0.0256267 0.000732237 0.0
0.0255158 0.000723567 0.0
0.025405 0.00071532 0.0
0.0252933 0.000707084 0.0
0.0251823 0.000698629 0.0
0.0250723 0.000689883 0.0
0.0249632 0.000679925 0.0
0.024856 0.000671714 0.0
0.0247502 0.000663926 0.0
0.0246463 0.000655348 0.0
0.0245452 0.000650125 0.0
0.0244461 0.000647214 0.0
0.0243475 0.000646018 0.0
0.0242507 0.00064863 0.0
0.0241561 0.00065545 0.0
0.024061 0.000666019 0.0
0.0239643 0.000681126 0.0
0.0238676 0.000701091 0.0
0.02377 0.000726304 0.0
0.023668 0.000755337 0.0
0.0235618 0.000788494 0.0
0.0234519 0.000827455 0.0
0.0233363 0.000868781 0.0
0.0232139 0.00091043 0.0
0.0230843 0.000955723 0.0
0.022947 0.00100265 0.0
0.0228027 0.00104512 0.0
0.0226515 0.00108541 0.0
0.0224918 0.00112561 0.0
0.0223251 0.00115953 0.0
0.0221546 0.00118614 0.0
0.0219788 0.0012089 0.0
0.0217973 0.00122536 0.0
0.0216141 0.00123458 0.0
0.02143 0.00123691 0.0
0.021244 0.00123301 0.0
0.0210579 0.00122441 0.0
0.0208731 0.00120946 0.0
0.0206901 0.00118882 0.0
0.0205088 0.00116529 0.0
0.0203301 0.00113809 0.0
0.0201547 0.00110677 0.0
0.0199827 0.00107349 0.0
0.0198142 0.00103896 0.0
0.0196494 0.0010024 0.0
0.0194888 0.000964704 0.0
0.0193322 0.000927028 0.0
0.0191798 0.000889193 0.0
0.0190316 0.000851133 0.0
0.0188875 0.000813656 0.0
0.0187476 0.000777071 0.0
0.018612 0.000741197 0.0
0.0184805 0.0007062 0.0
0.0183529 0.00067248 0.0
0.0182294 0.000640031 0.0
0.0181099 0.000608773 0.0
0.0179942 0.000578826 0.0
0.0178821 0.000550315 0.0
0.0177738 0.000523162 0.0
0.0176691 0.00049732 0.0
0.0175677 0.000472821 0.0
0.0174697 0.000449667 0.0
0.017375 0.000427769 0.0
0.0172834 0.00040708 0.0
0.0171948 0.000387579 0.0
0.0171092 0.00036922 0.0
0.0170264 0.000351924 0.0
0.0169464 0.000335639 0.0
0.016869 0.000320324 0.0
0.0167941 0.000305923 0.0
0.0167217 0.000292367 0.0
0.0166517 0.00027961 0.0
0.0165839 0.000267609 0.0
0.0165184 0.000256308 0.0
0.016455 0.000245657 0.0
0.0163936 0.000235615 0.0
0.0163341 0.000226142 0.0
0.0162766 0.000217195 0.0
0.0162209 0.000208733 0.0
0.016167 0.000200726 0.0
0.0161147 0.000193139 0.0
0.0160642 0.000185939 0.0
0.0160151 0.000179095 0.0
0.0159676 0.000172584 0.0
0.0159216 0.000166377 0.0
0.015877 0.00016045 0.0
0.0158338 0.00015478 0.0
0.0157919 0.000149349 0.0
0.0157513 0.000144135 0.0
0.0157119 0.00013912 0.0
0.0156737 0.000134289 0.0
0.0156367 0.000129628 0.0
0.0156008 0.00012512 0.0
0.015566 0.000120755 0.0
0.0155322 0.000116521 0.0
0.0154995 0.000112408 0.0
0.0154677 0.000108407 0.0
0.0154369 0.000104509 0.0
0.015407 0.000100708 0.0
0.015378 9.69964e-05 0.0
0.0153499 9.33685e-05 0.0
0.0153226 8.9819e-05 0.0
0.0152961 8.6343e-05 0.0
0.0152705 8.29359e-05 0.0
0.0152455 7.95933e-05 0.0
0.0152214 7.63112e-05 0.0
0.0151979 7.30854e-05 0.0
0.0151752 6.99119e-05 0.0
0.0151531 6.67866e-05 0.0
0.0151317 6.37056e-05 0.0
0.0151109 6.06644e-05 0.0
0.0150908 5.76589e-05 0.0
0.0150712 5.46849e-05 0.0
0.0150523 5.1738e-05 0.0
0.0150339 4.88139e-05 0.0
0.015016 4.59084e-05 0.0
0.0149987 4.30176e-05 0.0
0.0149819 4.01377e-05 0.0
0.0149656 3.72653e-05 0.0
0.0149499 3.43975e-05 0.0
0.0149346 3.15319e-05 0.0
0.0149198 2.86669e-05 0.0
0.0149055 2.58014e-05 0.0
0.0148917 2.29355e-05 0.0
0.0148783 2.00698e-05 0.0
0.0148655 1.72063e-05 0.0
0.0148531 1.43476e-05 0.0
0.0148411 1.14977e-05 0.0
0.0148296 8.66129e-06 0.0
0.0148186 5.84437e-06 0.0
0.014808 3.05381e-06 0.0
0.0147979 2.97309e-07 0.0
0.0147883 -2.41673e-06 0.0
0.0147791 -5.07877e-06 0.0
0.0147704 -7.6791e-06 0.0
0.0147621 -1.02076e-05 0.0
0.0147543 -1.26538e-05 0.0
0.0147469 -1.50067e-05 0.0
0.01474 -1.72562e-05 0.0
0.0147335 -1.9392e-05 0.0
0.0147274 -2.14039e-05 0.0
0.0147217 -2.32823e-05 0.0
0.0147165 -2.50196e-05 0.0
0.0147116 -2.66073e-05 0.0
0.0147071 -2.80381e-05 0.0
0.0147029 -2.93067e-05 0.0
0.0146991 -3.04089e-05 0.0
0.0146956 -3.13395e-05 0.0
0.0146924 -3.20968e-05 0.0
0.0146895 -3.26795e-05 0.0
0.0146869 -3.30864e-05 0.0
0.0146845 -3.33179e-05 0.0
0.0146823 -3.33773e-05 0.0
0.0146804 -3.32636e-05 0.0
0.0146786 -3.29829e-05 0.0
0.0146771 -3.25411e-05 0.0
0.0146756 -3.19425e-05 0.0
0.0146743 -3.11953e-05 0.0
0.0146731 -3.03244e-05 0.0
0.0146721 -2.93585e-05 0.0
0.0146711 -2.84284e-05 0.0
0.0146702 -2.79754e-05 0.0
0.0 0.0 0.0
0.0 0.0 0.0
0.0192485 0.000186017 0.0
0.0193072 0.000330254 0.0
0.0193763 0.000565019 0.0
0.0195185 0.000851997 0.0
0.0196924 0.000962356 0.0
0.0198267 0.00110369 0.0
0.0199959 0.00130031 0.0
0.0202196 0.00138921 0.0
0.0204074 0.00145144 0.0
0.0205827 0.00153614 0.0
0.0207691 0.00157032 0.0
0.0209405 0.00158777 0.0
0.0210938 0.00159053 0.0
0.0212347 0.00157928 0.0
0.0213488 0.00155127 0.0
0.021446 0.00152064 0.0
0.021537 0.00147255 0.0
0.0216053 0.00142103 0.0
0.0216466 0.00136809 0.0
0.0216814 0.00131007 0.0
0.0217101 0.00124297 0.0
0.0217172 0.00118036 0.0
0.021709 0.00111774 0.0
0.0216993 0.0010505 0.0
0.0216823 0.000981915 0.0
0.021651 0.000918412 0.0
0.0216138 0.000853708 0.0
0.0215759 0.000786915 0.0
0.0215318 0.000722045 0.0
0.0214807 0.000659919 0.0
0.0214286 0.000596226 0.0
0.0213757 0.000532347 0.0
0.0213191 0.000470236 0.0
0.0212607 0.000408553 0.0
0.0212031 0.000345486 0.0
0.0211452 0.000282421 0.0
0.0210865 0.000219472 0.0
0.021029 0.000155443 0.0
0.020973 8.96874e-05 0.0
0.0209179 2.2572e-05 0.0
0.0208648 -4.61526e-05 0.0
0.0208144 -0.000117177 0.0
0.0207663 -0.000191672 0.0
0.0207214 -0.000269462 0.0
0.0206804 -0.000350066 0.0
0.0206433 -0.000435315 0.0
0.0206109 -0.000527108 0.0
0.0205842 -0.000623036 0.0
0.0205628 -0.000723522 0.0
0.0205486 -0.00083355 0.0
0.0205432 -0.000951875 0.0
0.0205449 -0.00107352 0.0
0.020556 -0.00120534 0.0
0.0205817 -0.00135116 0.0
0.0206191 -0.00150137 0.0
0.020667 -0.00165794 0.0
0.0207352 -0.00183184 0.0
0.0208254 -0.0020127 0.0
0.0209307 -0.00219553 0.0
0.0210591 -0.00239246 0.0
0.0212176 -0.00259328 0.0
0.0214032 -0.00279229 0.0
0.0216175 -0.00299668 0.0
0.0218611 -0.00319537 0.0
0.0221365 -0.00337869 0.0
0.0224509 -0.00355733 0.0
0.0227919 -0.00371788 0.0
0.0231505 -0.00384903 0.0
0.0235445 -0.00395243 0.0
0.0239626 -0.00403423 0.0
0.0243785 -0.00408311 0.0
0.0248057 -0.0040874 0.0
0.0252432 -0.0040546 0.0
0.0256667 -0.00401747 0.0
0.0260818 -0.00392694 0.0
0.0264814 -0.00379456 0.0
0.026857 -0.00367207 0.0
0.0272176 -0.00351705 0.0
0.0275506 -0.0033242 0.0
0.0278463 -0.00313844 0.0
0.0281193 -0.00293759 0.0
0.0283637 -0.00271854 0.0
0.0285754 -0.00250418 0.0
0.028756 -0.00227909 0.0
0.0289047 -0.00205987 0.0
0.0290304 -0.00184654 0.0
0.0291355 -0.00163294 0.0
0.0292133 -0.00143422 0.0
0.0292701 -0.00124478 0.0
0.0293139 -0.001063 0.0
0.0293468 -0.000896067 0.0
0.0293653 -0.000739279 0.0
0.0293709 -0.000593661 0.0
0.0293715 -0.000458721 0.0
0.029369 -0.000332879 0.0
0.0293581 -0.000216113 0.0
0.0293412 -0.000109047 0.0
0.0293227 -6.62563e-06 0.0
0.0293016 9.06025e-05 0.0
0.0292764 0.000179752 0.0
0.0292474 0.000266343 0.0
0.0292137 0.00035206 0.0
0.0291763 0.00043174 0.0
0.0291339 0.000510455 0.0
0.0290843 0.000586113 0.0
0.0290268 0.000658038 0.0
0.0289618 0.000726345 0.0
0.0288902 0.000790086 0.0
0.0288114 0.000844737 0.0
0.0287273 0.000892516 0.0
0.0286377 0.000936774 0.0
0.028544 0.000968973 0.0
0.0284514 0.000993898 0.0
0.0283579 0.00101751 0.0
0.0282596 0.00103268 0.0
0.0281626 0.0010435 0.0
0.0280672 0.0010548 0.0
0.0279683 0.00106179 0.0
0.027867 0.00106489 0.0
0.0277655 0.00106746 0.0
0.0276609 0.00106874 0.0
0.0275542 0.00106377 0.0
0.0274473 0.0010565 0.0
0.0273379 0.00104638 0.0
0.0272287 0.00103162 0.0
0.027122 0.00101602 0.0
0.0270148 0.000996019 0.0
0.0269096 0.000974143 0.0
0.0268084 0.00095498 0.0
0.0267078 0.000934475 0.0
0.0266081 0.000913193 0.0
0.0265114 0.000896197 0.0
0.0264157 0.00088164 0.0
0.0263189 0.000866844 0.0
0.0262217 0.00085483 0.0
0.0261243 0.000846991 0.0
0.0260261 0.000837859 0.0
0.0259262 0.00082865 0.0
0.0258247 0.000822059 0.0
0.0257226 0.00081495 0.0
0.0256217 0.000803902 0.0
0.0255214 0.000794632 0.0
0.0254201 0.000785571 0.0
0.0253215 0.000773347 0.0
0.025227 0.000763464 0.0
0.025133 0.00075438 0.0
0.0250406 0.000745542 0.0
0.0249521 0.000740527 0.0
0.0248657 0.000738857 0.0
0.0247805 0.000739056 0.0
0.0246967 0.000744596 0.0
0.0246133 0.000756232 0.0
0.0245304 0.000771738 0.0
0.0244472 0.000792284 0.0
0.0243612 0.000819993 0.0
0.0242721 0.000852911 0.0
0.0241802 0.000891036 0.0
0.0240834 0.000934315 0.0
0.0239801 0.000981079 0.0
0.0238694 0.0010319 0.0
0.0237509 0.00108518 0.0
0.0236253 0.00113775 0.0
0.0234907 0.00118887 0.0
0.0233458 0.00123891 0.0
0.0231936 0.00128555 0.0
0.0230352 0.00132511 0.0
0.0228693 0.00135735 0.0
0.0226971 0.00138601 0.0
0.0225211 0.00140629 0.0
0.0223432 0.00141556 0.0
0.022163 0.00142025 0.0
0.0219804 0.00141836 0.0
0.0217992 0.00140743 0.0
0.0216199 0.00139093 0.0
0.0214409 0.00136975 0.0
0.0212638 0.00134335 0.0
0.0210906 0.00131264 0.0
0.0209204 0.00127866 0.0
0.0207525 0.00124208 0.0
0.0205886 0.00120347 0.0
0.020429 0.00116314 0.0
0.0202727 0.00112176 0.0
0.02012 0.00107994 0.0
0.0199715 0.00103794 0.0
0.0198271 0.000995949 0.0
0.0196864 0.000954468 0.0
0.0195495 0.000913738 0.0
0.0194167 0.000873841 0.0
0.0192877 0.000834974 0.0
0.0191624 0.000797365 0.0
0.0190408 0.000761017 0.0
0.0189229 0.000726005 0.0
0.0188087 0.000692437 0.0
0.0186978 0.000660324 0.0
0.0185904 0.00062962 0.0
0.0184865 0.000600379 0.0
0.0183857 0.000572593 0.0
0.0182882 0.000546191 0.0
0.0181937 0.000521135 0.0
0.0181023 0.000497429 0.0
0.0180138 0.000474998 0.0
0.0179281 0.000453768 0.0
0.0178452 0.000433705 0.0
0.017765 0.000414769 0.0
0.0176874 0.000396875 0.0
0.0176123 0.000379965 0.0
0.0175396 0.000364003 0.0
0.0174693 0.00034893 0.0
0.0174013 0.000334675 0.0
0.0173354 0.000321197 0.0
0.0172717 0.000308455 0.0
0.0172101 0.000296393 0.0
0.0171505 0.000284961 0.0
0.0170928 0.000274126 0.0
0.0170369 0.000263847 0.0
0.0169829 0.00025408 0.0
0.0169306 0.000244791 0.0
0.01688 0.000235951 0.0
0.0168311 0.000227525 0.0
0.0167837 0.000219481 0.0
0.0167379 0.000211794 0.0
0.0166935 0.000204439 0.0
0.0166505 0.000197389 0.0
0.016609 0.000190621 0.0
0.0165688 0.000184117 0.0
0.0165298 0.000177855 0.0
0.0164922 0.000171817 0.0
0.0164557 0.000165987 0.0
0.0164204 0.00016035 0.0
0.0163862 0.000154891 0.0
0.0163532 0.000149599 0.0
0.0163211 0.000144461 0.0
0.0162902 0.000139468 0.0
0.0162602 0.00013461 0.0
0.0162311 0.000129879 0.0
0.016203 0.000125267 0.0
0.0161758 0.000120768 0.0
0.0161495 0.000116375 0.0
0.016124 0.000112083 0.0
0.0160993 0.000107886 0.0
0.0160754 0.00010378 0.0
0.0160522 9.97583e-05 0.0
0.0160298 9.58177e-05 0.0
0.016008 9.19531e-05 0.0
0.015987 8.81596e-05 0.0
0.0159666 8.44322e-05 0.0
0.0159468 8.0766e-05 0.0
0.0159277 7.71559e-05 0.0
0.0159091 7.35965e-05 0.0
0.0158911 7.00825e-05 0.0
0.0158736 6.66086e-05 0.0
0.0158567 6.31694e-05 0.0
0.0158403 5.97597e-05 0.0
0.0158243 5.63744e-05 0.0
0.0158089 5.30089e-05 0.0
0.0157939 4.96589e-05 0.0
0.0157794 4.63207e-05 0.0
0.0157653 4.29912e-05 0.0
0.0157516 3.96683e-05 0.0
0.0157384 3.63505e-05 0.0
0.0157256 3.30376e-05 0.0
0.0157132 2.97302e-05 0.0
0.0157013 2.64301e-05 0.0
0.0156897 2.31404e-05 0.0
0.0156786 1.98654e-05 0.0
0.0156678 1.66104e-05 0.0
0.0156575 1.3382e-05 0.0
0.0156476 1.01879e-05 0.0
0.0156381 7.03677e-06 0.0
0.015629 3.93806e-06 0.0
0.0156203 9.02225e-07 0.0
0.015612 -2.05966e-06 0.0
0.0156042 -4.93647e-06 0.0
0.0155967 -7.71645e-06 0.0
0.0155897 -1.03877e-05 0.0
0.015583 -1.29387e-05 0.0
0.0155768 -1.53585e-05 0.0
0.015571 -1.7636e-05 0.0
0.0155655 -1.97611e-05 0.0
0.0155604 -2.17246e-05 0.0
0.0155557 -2.35185e-05 0.0
0.0155513 -2.51355e-05 0.0
0.0155472 -2.65696e-05 0.0
0.0155435 -2.78155e-05 0.0
0.0155401 -2.88712e-05 0.0
0.015537 -2.97343e-05 0.0
0.0155341 -3.04022e-05 0.0
0.0155316 -3.08755e-05 0.0
0.0155292 -3.11606e-05 0.0
0.0155271 -3.12556e-05 0.0
0.0155251 -3.11623e-05 0.0
0.0155234 -3.08922e-05 0.0
0.0155218 -3.04563e-05 0.0
0.0155204 -2.98487e-05 0.0
0.0155191 -2.90957e-05 0.0
0.015518 -2.82312e-05 0.0
0.0155169 -2.73645e-05 0.0
0.015516 -2.69286e-05 0.0
0.0 0.0 0.0
0.0 0.0 0.0
0.0193023 0.00011594 0.0
0.0193288 0.000325774 0.0
0.0193504 0.000516718 0.0
0.0194619 0.000651682 0.0
0.0195958 0.00082376 0.0
0.0197181 0.00102079 0.0
0.0198644 0.00108666 0.0
0.0200348 0.00117504 0.0
0.02021 0.00131162 0.0
0.0203776 0.00136367 0.0
0.0205321 0.00137601 0.0
0.0207013 0.00142933 0.0
0.0208663 0.00145421 0.0
0.0209972 0.00144207 0.0
0.0211197 0.00142799 0.0
0.0212519 0.00141892 0.0
0.0213587 0.00138782 0.0
0.0214354 0.00134938 0.0
0.0215143 0.00130876 0.0
0.0215903 0.00126477 0.0
0.0216381 0.00121342 0.0
0.0216705 0.00116154 0.0
0.0217061 0.00110628 0.0
0.0217315 0.00104976 0.0
0.0217372 0.000992211 0.0
0.0217377 0.000934348 0.0
0.0217384 0.000874434 0.0
0.0217284 0.000815213 0.0
0.0217083 0.000756111 0.0
0.0216873 0.000696395 0.0
0.0216639 0.000635944 0.0
0.0216333 0.000576258 0.0
0.0215989 0.000516185 0.0
0.0215646 0.000455275 0.0
0.0215277 0.000393812 0.0
0.0214874 0.000332062 0.0
0.0214467 0.000269016 0.0
0.021406 0.000204542 0.0
0.0213642 0.000138547 0.0
0.0213221 7.07468e-05 0.0
0.0212809 4.94529e-07 0.0
0.0212405 -7.26178e-05 0.0
0.0212011 -0.00014907 0.0
0.0211633 -0.000228892 0.0
0.0211276 -0.000313092 0.0
0.0210948 -0.000402744 0.0
0.0210649 -0.000497572 0.0
0.0210379 -0.000597632 0.0
0.0210162 -0.000705901 0.0
0.0210008 -0.000822289 0.0
0.0209888 -0.000944835 0.0
0.0209838 -0.00107685 0.0
0.0209916 -0.00122194 0.0
0.0210068 -0.00137457 0.0
0.0210275 -0.00153623 0.0
0.0210687 -0.00171428 0.0
0.02113 -0.00190272 0.0
0.0211975 -0.00209806 0.0
0.0212862 -0.00231065 0.0
0.0214125 -0.00253037 0.0
0.021558 -0.00275185 0.0
0.0217243 -0.0029924 0.0
0.0219346 -0.00322628 0.0
0.0221815 -0.00344484 0.0
0.022456 -0.00367691 0.0
0.0227712 -0.00389728 0.0
0.0231232 -0.00406569 0.0
0.0235013 -0.00422716 0.0
0.0239159 -0.00438208 0.0
0.0243539 -0.00446236 0.0
0.0247917 -0.0044993 0.0
0.0252453 -0.00454034 0.0
0.0257146 -0.00450871 0.0
0.0261471 -0.00441869 0.0
0.0265557 -0.00434032 0.0
0.0269683 -0.00419708 0.0
0.0273383 -0.00401739 0.0
0.0276587 -0.00385206 0.0
0.0279587 -0.00363388 0.0
0.0282259 -0.00339673 0.0
0.0284564 -0.00317649 0.0
0.0286495 -0.00292794 0.0
0.0288023 -0.00266845 0.0
0.0289308 -0.00241926 0.0
0.0290337 -0.00216954 0.0
0.029096 -0.0019323 0.0
0.0291344 -0.00169586 0.0
0.0291602 -0.00147143 0.0
0.0291692 -0.00127087 0.0
0.0291578 -0.00107669 0.0
0.0291361 -0.000895733 0.0
0.0291137 -0.00073101 0.0
0.0290857 -0.000580098 0.0
0.0290483 -0.000439556 0.0
0.0290106 -0.000310641 0.0
0.0289772 -0.000191973 0.0
0.0289417 -8.15173e-05 0.0
0.0289028 2.23865e-05 0.0
0.028868 0.000118657 0.0
0.0288353 0.000210674 0.0
0.0287981 0.000301342 0.0
0.0287607 0.000387514 0.0
0.0287255 0.000471813 0.0
0.0286838 0.000556197 0.0
0.0286362 0.00063635 0.0
0.028585 0.000719001 0.0
0.0285273 0.00079316 0.0
0.0284629 0.000860697 0.0
0.0283897 0.000925409 0.0
0.0283102 0.000979519 0.0
0.0282306 0.00102199 0.0
0.0281478 0.00105973 0.0
0.0280615 0.00108312 0.0
0.0279795 0.0011061 0.0
0.0278979 0.0011245 0.0
0.0278159 0.00113169 0.0
0.0277355 0.0011434 0.0
0.0276547 0.0011535 0.0
0.0275714 0.00115792 0.0
0.0274853 0.00116197 0.0
0.0273967 0.00116642 0.0
0.0273063 0.00116302 0.0
0.0272148 0.00115579 0.0
0.0271204 0.001149 0.0
0.0270256 0.00113298 0.0
0.0269355 0.00111261 0.0
0.0268471 0.00109473 0.0
0.0267578 0.00107032 0.0
0.0266727 0.00104609 0.0
0.0265919 0.00102519 0.0
0.0265127 0.00100321 0.0
0.0264333 0.000983873 0.0
0.026355 0.000967957 0.0
0.0262782 0.000955567 0.0
0.0261999 0.000945176 0.0
0.0261193 0.000935938 0.0
0.0260373 0.000929274 0.0
0.0259527 0.000924586 0.0
0.0258661 0.000917221 0.0
0.0257789 0.000909306 0.0
0.0256894 0.000900824 0.0
0.0256 0.000889951 0.0
0.025513 0.000879261 0.0
0.0254265 0.000865311 0.0
0.0253422 0.000851729 0.0
0.0252616 0.000841385 0.0
0.0251833 0.000830386 0.0
0.0251075 0.000821229 0.0
0.0250354 0.000817281 0.0
0.0249656 0.000816927 0.0
0.0248964 0.000821293 0.0
0.0248291 0.000830879 0.0
0.0247638 0.0008468 0.0
0.0246965 0.000869756 0.0
0.0246267 0.000898701 0.0
0.0245565 0.000934586 0.0
0.0244825 0.000978121 0.0
0.0244011 0.00102584 0.0
0.0243136 0.00107969 0.0
0.0242194 0.00114041 0.0
0.0241159 0.00120048 0.0
0.0240025 0.00126025 0.0
0.0238788 0.00132412 0.0
0.0237451 0.00138436 0.0
0.0236037 0.0014346 0.0
0.0234538 0.0014826 0.0
0.0232941 0.00152593 0.0
0.0231297 0.00155612 0.0
0.0229631 0.00157837 0.0
0.0227909 0.00159315 0.0
0.0226161 0.00159902 0.0
0.0224428 0.00159612 0.0
0.0222696 0.00158429 0.0
0.0220965 0.00156703 0.0
0.0219258 0.00154432 0.0
0.021758 0.00151445 0.0
0.0215929 0.00148042 0.0
0.0214306 0.00144417 0.0
0.0212719 0.00140418 0.0
0.0211169 0.00136116 0.0
0.0209652 0.00131737 0.0
0.0208172 0.0012728 0.0
0.0206731 0.00122686 0.0
0.0205326 0.00118076 0.0
0.0203954 0.00113531 0.0
0.0202621 0.00109019 0.0
0.0201326 0.00104547 0.0
0.0200064 0.00100188 0.0
0.0198836 0.000959535 0.0
0.0197644 0.000918292 0.0
0.0196487 0.000878323 0.0
0.0195361 0.000839904 0.0
0.0194268 0.00080297 0.0
0.0193209 0.000767477 0.0
0.019218 0.000733512 0.0
0.0191181 0.000701116 0.0
0.0190213 0.000670206 0.0
0.0189275 0.000640755 0.0
0.0188365 0.000612757 0.0
0.0187483 0.000586171 0.0
0.0186629 0.000560924 0.0
0.0185802 0.000536972 0.0
0.0185 0.000514266 0.0
0.0184224 0.000492747 0.0
0.0183473 0.00047235 0.0
0.0182745 0.000453022 0.0
0.0182041 0.000434704 0.0
0.0181359 0.000417341 0.0
0.01807 0.000400875 0.0
0.0180062 0.000385254 0.0
0.0179445 0.000370428 0.0
0.0178848 0.000356348 0.0
0.017827 0.000342966 0.0
0.0177712 0.000330239 0.0
0.0177171 0.000318125 0.0
0.0176649 0.000306584 0.0
0.0176144 0.000295579 0.0
0.0175656 0.000285074 0.0
0.0175185 0.000275036 0.0
0.0174729 0.000265435 0.0
0.0174288 0.000256239 0.0
0.0173862 0.000247423 0.0
0.0173451 0.000238959 0.0
0.0173053 0.000230825 0.0
0.0172669 0.000222996 0.0
0.0172298 0.000215454 0.0
0.0171939 0.000208177 0.0
0.0171593 0.000201148 0.0
0.0171258 0.000194351 0.0
0.0170935 0.000187771 0.0
0.0170623 0.000181393 0.0
0.0170322 0.000175206 0.0
0.0170031 0.000169198 0.0
0.0169749 0.00016336 0.0
0.0169478 0.000157681 0.0
0.0169216 0.000152153 0.0
0.0168962 0.00014677 0.0
0.0168718 0.000141523 0.0
0.0168482 0.000136407 0.0
0.0168253 0.000131416 0.0
0.0168033 0.000126545 0.0
0.016782 0.000121786 0.0
0.0167614 0.000117136 0.0
0.0167415 0.000112589 0.0
0.0167222 0.00010814 0.0
0.0167036 0.000103782 0.0
0.0166855 9.95095e-05 0.0
0.0166681 9.53174e-05 0.0
0.0166512 9.11989e-05 0.0
0.0166348 8.71478e-05 0.0
0.0166189 8.31575e-05 0.0
0.0166036 7.92214e-05 0.0
0.0165886 7.53329e-05 0.0
0.0165742 7.14858e-05 0.0
0.0165601 6.76737e-05 0.0
0.0165464 6.38911e-05 0.0
0.0165332 6.01324e-05 0.0
0.0165203 5.63932e-05 0.0
0.0165078 5.26696e-05 0.0
0.0164957 4.89587e-05 0.0
0.0164839 4.52585e-05 0.0
0.0164725 4.15685e-05 0.0
0.0164614 3.78891e-05 0.0
0.0164506 3.4222e-05 0.0
0.0164402 3.05705e-05 0.0
0.0164301 2.69391e-05 0.0
0.0164204 2.33335e-05 0.0
0.016411 1.9761e-05 0.0
0.0164019 1.623e-05 0.0
0.0163932 1.27499e-05 0.0
0.0163849 9.33116e-06 0.0
0.0163769 5.98535e-06 0.0
0.0163692 2.72435e-06 0.0
0.0163619 -4.39577e-07 0.0
0.016355 -3.49361e-06 0.0
0.0163484 -6.42476e-06 0.0
0.0163422 -9.22092e-06 0.0
0.0163363 -1.18699e-05 0.0
0.0163308 -1.43599e-05 0.0
0.0163256 -1.66804e-05 0.0
0.0163207 -1.8822e-05 0.0
0.0163162 -2.07756e-05 0.0
0.016312 -2.25344e-05 0.0
0.0163082 -2.40926e-05 0.0
0.0163046 -2.54452e-05 0.0
0.0163013 -2.6589e-05 0.0
0.0162983 -2.75247e-05 0.0
0.0162955 -2.82499e-05 0.0
0.016293 -2.87659e-05 0.0
0.0162907 -2.90782e-05 0.0
0.0162886 -2.91917e-05 0.0
0.0162867 -2.91061e-05 0.0
0.016285 -2.88358e-05 0.0
0.0162835 -2.83868e-05 0.0
0.0162821 -2.77742e-05 0.0
0.0162809 -2.7017e-05 0.0
0.0162797 -2.62266e-05 0.0
0.0162787 -2.58246e-05 0.0
0.0 0.0 0.0
0.0 0.0 0.0
0.0192534 8.33114e-05 0.0
0.0192792 0.000289901 0.0
0.0193673 0.000437614 0.0
0.01944 0.00055084 0.0
0.0195101 0.000725799 0.0
0.01965 0.000859464 0.0
0.0197903 0.000935866 0.0
0.019905 0.00105592 0.0
0.0200498 0.00113545 0.0
0.0202145 0.00118393 0.0
0.0203615 0.00124239 0.0
0.0205033 0.00128247 0.0
0.020646 0.00129256 0.0
0.0207873 0.00130866 0.0
0.0209218 0.00131233 0.0
0.0210407 0.00129951 0.0
0.0211477 0.00128118 0.0
0.0212548 0.00126225 0.0
0.0213522 0.00122965 0.0
0.0214292 0.0011941 0.0
0.0214977 0.00115738 0.0
0.0215656 0.00111548 0.0
0.0216205 0.00106763 0.0
0.0216596 0.00102188 0.0
0.0216947 0.000973716 0.0
0.0217266 0.000921493 0.0
0.0217465 0.000868674 0.0
0.0217572 0.000817481 0.0
0.0217659 0.000763338 0.0
0.0217698 0.000707528 0.0
0.0217653 0.000652566 0.0
0.0217564 0.000597423 0.0
0.0217459 0.000539808 0.0
0.0217309 0.000481669 0.0
0.021711 0.000423449 0.0
0.0216896 0.000363651 0.0
0.0216666 0.000301726 0.0
0.0216403 0.000238633 0.0
0.0216123 0.000173776 0.0
0.0215841 0.000106378 0.0
0.0215544 3.59687e-05 0.0
0.0215236 -3.75083e-05 0.0
0.0214934 -0.000114235 0.0
0.0214635 -0.00019506 0.0
0.0214333 -0.000281594 0.0
0.0214045 -0.000373058 0.0
0.0213777 -0.000469256 0.0
0.0213525 -0.000573532 0.0
0.0213298 -0.000687017 0.0
0.0213108 -0.000805706 0.0
0.0212959 -0.000933324 0.0
0.0212872 -0.00107601 0.0
0.0212843 -0.00122793 0.0
0.0212876 -0.00138559 0.0
0.0213034 -0.0015631 0.0
0.0213333 -0.00175816 0.0
0.0213712 -0.00195654 0.0
0.0214265 -0.00217089 0.0
0.0215106 -0.00241046 0.0
0.0216146 -0.00265397 0.0
0.0217403 -0.00290611 0.0
0.0219055 -0.00317521 0.0
0.0221056 -0.00344174 0.0
0.0223438 -0.00371446 0.0
0.0226272 -0.00397734 0.0
0.0229445 -0.00421975 0.0
0.0233079 -0.00444734 0.0
0.0237238 -0.00464937 0.0
0.0241563 -0.00480279 0.0
0.0246033 -0.00491407 0.0
0.0250941 -0.00498224 0.0
0.0255742 -0.00499071 0.0
0.0260258 -0.00497029 0.0
0.0264799 -0.0048564 0.0
0.0269017 -0.00472865 0.0
0.0272757 -0.00458374 0.0
0.0276155 -0.00435781 0.0
0.0279073 -0.00412147 0.0
0.0281544 -0.00389384 0.0
0.0283641 -0.00362696 0.0
0.0285246 -0.00334298 0.0
0.0286445 -0.00306444 0.0
0.0287286 -0.00277275 0.0
0.0287719 -0.00249768 0.0
0.0287906 -0.00221405 0.0
0.0287801 -0.00193818 0.0
0.0287422 -0.00169518 0.0
0.0286895 -0.00145482 0.0
0.028629 -0.00123348 0.0
0.0285615 -0.00103172 0.0
0.028484 -0.000847774 0.0
0.0284036 -0.000679426 0.0
0.028331 -0.000526112 0.0
0.0282624 -0.00038557 0.0
0.028192 -0.000259477 0.0
0.0281266 -0.000143398 0.0
0.028071 -3.40442e-05 0.0
0.02802 6.56988e-05 0.0
0.0279716 0.000158215 0.0
0.0279277 0.000251101 0.0
0.0278901 0.00033922 0.0
0.0278569 0.000421915 0.0
0.0278219 0.000510359 0.0
0.0277837 0.000598271 0.0
0.0277453 0.000682487 0.0
0.0277009 0.000770117 0.0
0.0276471 0.000850952 0.0
0.0275836 0.000929437 0.0
0.0275133 0.000998131 0.0
0.0274384 0.00105861 0.0
0.0273612 0.00109893 0.0
0.0272869 0.00113795 0.0
0.0272106 0.00116628 0.0
0.0271379 0.00117941 0.0
0.0270749 0.00119468 0.0
0.0270145 0.00120682 0.0
0.026951 0.00121529 0.0
0.0268907 0.00122179 0.0
0.0268317 0.00123463 0.0
0.0267686 0.00124106 0.0
0.0267028 0.00124341 0.0
0.0266321 0.00124651 0.0
0.0265567 0.0012438 0.0
0.0264839 0.00123161 0.0
0.026411 0.00121798 0.0
0.0263346 0.00119531 0.0
0.0262643 0.00117256 0.0
0.0261991 0.00114835 0.0
0.0261347 0.00111954 0.0
0.026074 0.0010934 0.0
0.0260182 0.00107192 0.0
0.0259628 0.00105229 0.0
0.0259077 0.00103356 0.0
0.0258531 0.00102257 0.0
0.0257966 0.00101446 0.0
0.0257367 0.00100744 0.0
0.0256723 0.00100382 0.0
0.0256047 0.00100225 0.0
0.0255342 0.000996714 0.0
0.025461 0.000989759 0.0
0.0253847 0.000984697 0.0
0.0253083 0.000972436 0.0
0.025236 0.000957012 0.0
0.0251648 0.000944907 0.0
0.0250933 0.000928441 0.0
0.0250278 0.00091188 0.0
0.0249674 0.000899605 0.0
0.0249086 0.000887978 0.0
0.0248525 0.000879524 0.0
0.0248005 0.000877425 0.0
0.0247516 0.000880524 0.0
0.0247045 0.000887575 0.0
0.0246571 0.000903748 0.0
0.0246093 0.000928198 0.0
0.0245629 0.000958327 0.0
0.0245137 0.000997141 0.0
0.0244584 0.00104494 0.0
0.0243986 0.00110024 0.0
0.0243331 0.00116259 0.0
0.0242585 0.00122882 0.0
0.0241735 0.00129938 0.0
0.0240761 0.00137401 0.0
0.0239681 0.00144596 0.0
0.0238508 0.00151341 0.0
0.0237201 0.00157696 0.0
0.0235781 0.00163382 0.0
0.0234303 0.00168264 0.0
0.0232765 0.00171736 0.0
0.0231165 0.0017438 0.0
0.0229525 0.00176358 0.0
0.0227882 0.00176826 0.0
0.0226252 0.00176367 0.0
0.0224614 0.00175366 0.0
0.0222984 0.00173422 0.0
0.0221398 0.00170709 0.0
0.0219843 0.0016755 0.0
0.0218303 0.00163919 0.0
0.0216802 0.00159843 0.0
0.0215347 0.00155476 0.0
0.0213923 0.00150906 0.0
0.0212527 0.00146151 0.0
0.0211172 0.00141278 0.0
0.0209856 0.00136354 0.0
0.0208571 0.00131424 0.0
0.0207318 0.00126502 0.0
0.02061 0.00121627 0.0
0.0204916 0.00116839 0.0
0.0203763 0.00112154 0.0
0.020264 0.00107574 0.0
0.0201549 0.00103124 0.0
0.0200488 0.000988222 0.0
0.0199456 0.000946692 0.0
0.0198453 0.000906609 0.0
0.0197478 0.00086813 0.0
0.0196532 0.000831289 0.0
0.0195612 0.000795994 0.0
0.0194719 0.000762218 0.0
0.0193853 0.000730027 0.0
0.0193012 0.000699357 0.0
0.0192197 0.000670109 0.0
0.0191406 0.000642265 0.0
0.0190639 0.000615814 0.0
0.0189896 0.000590658 0.0
0.0189176 0.000566725 0.0
0.0188478 0.000543988 0.0
0.0187803 0.000522394 0.0
0.0187149 0.000501856 0.0
0.0186516 0.000482323 0.0
0.0185903 0.000463757 0.0
0.0185311 0.000446096 0.0
0.0184737 0.000429276 0.0
0.0184183 0.000413257 0.0
0.0183647 0.000397998 0.0
0.0183129 0.000383445 0.0
0.0182629 0.000369552 0.0
0.0182145 0.000356287 0.0
0.0181678 0.000343611 0.0
0.0181228 0.000331481 0.0
0.0180792 0.000319865 0.0
0.0180372 0.000308736 0.0
0.0179967 0.000298059 0.0
0.0179575 0.000287804 0.0
0.0179198 0.000277947 0.0
0.0178834 0.000268464 0.0
0.0178483 0.000259328 0.0
0.0178145 0.000250519 0.0
0.0177819 0.000242017 0.0
0.0177505 0.000233802 0.0
0.0177202 0.000225857 0.0
0.017691 0.000218167 0.0
0.0176629 0.000210717 0.0
0.0176358 0.000203493 0.0
0.0176098 0.000196484 0.0
0.0175846 0.000189678 0.0
0.0175605 0.000183067 0.0
0.0175372 0.00017664 0.0
0.0175148 0.00017039 0.0
0.0174932 0.000164309 0.0
0.0174724 0.000158392 0.0
0.0174523 0.00015263 0.0
0.017433 0.000147018 0.0
0.0174144 0.000141551 0.0
0.0173965 0.000136221 0.0
0.0173792 0.000131024 0.0
0.0173626 0.000125954 0.0
0.0173465 0.000121003 0.0
0.0173309 0.000116166 0.0
0.0173159 0.000111436 0.0
0.0173014 0.000106805 0.0
0.0172873 0.000102267 0.0
0.0172737 9.78129e-05 0.0
0.0172605 9.34358e-05 0.0
0.0172477 8.91276e-05 0.0
0.0172352 8.48805e-05 0.0
0.0172232 8.06867e-05 0.0
0.0172114 7.65387e-05 0.0
0.0172 7.24297e-05 0.0
0.0171889 6.83531e-05 0.0
0.017178 6.43033e-05 0.0
0.0171675 6.02756e-05 0.0
0.0171572 5.62662e-05 0.0
0.0171471 5.22726e-05 0.0
0.0171374 4.82936e-05 0.0
0.0171278 4.43295e-05 0.0
0.0171186 4.03817e-05 0.0
0.0171096 3.64536e-05 0.0
0.0171008 3.25499e-05 0.0
0.0170923 2.86766e-05 0.0
0.017084 2.48415e-05 0.0
0.017076 2.10537e-05 0.0
0.0170683 1.73233e-05 0.0
0.0170608 1.36616e-05 0.0
0.0170536 1.00808e-05 0.0
0.0170468 6.59408e-06 0.0
0.0170402 3.21449e-06 0.0
0.0170338 -4.42955e-08 0.0
0.0170278 -3.1685e-06 0.0
0.0170221 -6.14481e-06 0.0
0.0170167 -8.96058e-06 0.0
0.0170116 -1.16037e-05 0.0
0.0170068 -1.40628e-05 0.0
0.0170022 -1.63278e-05 0.0
0.016998 -1.83903e-05 0.0
0.0169941 -2.02434e-05 0.0
0.0169904 -2.18809e-05 0.0
0.016987 -2.32978e-05 0.0
0.0169838 -2.44941e-05 0.0
0.016981 -2.54687e-05 0.0
0.0169783 -2.62199e-05 0.0
0.0169759 -2.67518e-05 0.0
0.0169737 -2.70736e-05 0.0
0.0169717 -2.71836e-05 0.0
0.0169698 -2.70909e-05 0.0
0.0169682 -2.68065e-05 0.0
0.0169667 -2.63451e-05 0.0
0.0169654 -2.5716e-05 0.0
0.0169641 -2.50218e-05 0.0
0.016963 -2.46608e-05 0.0
0.0 0.0 0.0
0.0 0.0 0.0
0.0192592 0.000101007 0.0
0.0192987 0.000215395 0.0
0.0193497 0.000353378 0.0
0.0193997 0.000522706 0.0
0.0194778 0.000626292 0.0
0.0195838 0.000702146 0.0
0.01969 0.000841271 0.0
0.0198102 0.000941028 0.0
0.019935 0.000969609 0.0
0.0200634 0.00104529 0.0
0.0202026 0.00111593 0.0
0.0203365 0.00113493 0.0
0.0204623 0.001151 0.0
0.0205978 0.00118232 0.0
0.0207268 0.00118814 0.0
0.0208391 0.00117952 0.0
0.0209531 0.00117185 0.0
0.0210676 0.0011613 0.0
0.0211634 0.00113815 0.0
0.0212491 0.00111181 0.0
0.0213379 0.00108209 0.0
0.0214173 0.00104953 0.0
0.0214795 0.00101261 0.0
0.0215383 0.000973344 0.0
0.0215962 0.000931067 0.0
0.0216417 0.000888331 0.0
0.0216765 0.000843431 0.0
0.0217101 0.000796354 0.0
0.0217393 0.000747959 0.0
0.0217582 0.000699564 0.0
0.0217719 0.000649206 0.0
0.021784 0.000597216 0.0
0.0217905 0.000544529 0.0
0.0217906 0.000491041 0.0
0.0217882 0.000435384 0.0
0.0217834 0.000378164 0.0
0.021774 0.000319603 0.0
0.0217614 0.000258982 0.0
0.0217472 0.000195601 0.0
0.0217304 0.000129785 0.0
0.021711 6.10569e-05 0.0
0.0216904 -1.12343e-05 0.0
0.0216683 -8.76594e-05 0.0
0.0216448 -0.00016857 0.0
0.0216209 -0.000254498 0.0
0.0215964 -0.00034593 0.0
0.0215714 -0.00044453 0.0
0.0215478 -0.000550595 0.0
0.0215248 -0.000663742 0.0
0.0215023 -0.000786197 0.0
0.0214841 -0.000921261 0.0
0.0214696 -0.00106558 0.0
0.0214558 -0.00122003 0.0
0.0214506 -0.00139247 0.0
0.0214585 -0.00158144 0.0
0.0214682 -0.00177794 0.0
0.0214867 -0.00199558 0.0
0.0215366 -0.00223878 0.0
0.0216032 -0.00248855 0.0
0.0216746 -0.00275544 0.0
0.021788 -0.0030529 0.0
0.0219518 -0.00334667 0.0
0.0221351 -0.00365062 0.0
0.0223595 -0.00398273 0.0
0.0226485 -0.00427675 0.0
0.0229861 -0.00456087 0.0
0.0233651 -0.0048529 0.0
0.0237932 -0.0050932 0.0
0.0242617 -0.00524708 0.0
0.0247539 -0.00539843 0.0
0.0252761 -0.0055047 0.0
0.0257826 -0.0054569 0.0
0.0262497 -0.0054077 0.0
0.0267133 -0.00532393 0.0
0.0271256 -0.00510702 0.0
0.0274322 -0.0048878 0.0
0.0276936 -0.00466052 0.0
0.0279177 -0.00435232 0.0
0.0280642 -0.00406219 0.0
0.0281566 -0.00377231 0.0
0.0282085 -0.00343026 0.0
0.0282272 -0.00311597 0.0
0.0282267 -0.00279791 0.0
0.0281711 -0.00246981 0.0
0.0280741 -0.00217081 0.0
0.0279735 -0.00186947 0.0
0.0278619 -0.00160521 0.0
0.0277256 -0.00135934 0.0
0.0275772 -0.00112916 0.0
0.0274392 -0.000925395 0.0
0.0273137 -0.000743883 0.0
0.0271867 -0.000578495 0.0
0.0270628 -0.000432101 0.0
0.0269562 -0.000299803 0.0
0.0268643 -0.000179601 0.0
0.0267775 -7.08602e-05 0.0
0.0266993 2.80865e-05 0.0
0.0266355 0.000120058 0.0
0.0265813 0.000208761 0.0
0.0265339 0.000292813 0.0
0.0264972 0.000372244 0.0
0.0264639 0.0004568 0.0
0.0264311 0.000543475 0.0
0.0264061 0.000628891 0.0
0.0263802 0.000722672 0.0
0.0263422 0.000813966 0.0
0.0262981 0.00090466 0.0
0.0262451 0.000998657 0.0
0.0261843 0.00106713 0.0
0.0261193 0.0011297 0.0
0.0260429 0.0011803 0.0
0.0259726 0.00120625 0.0
0.0259159 0.0012327 0.0
0.025862 0.00124134 0.0
0.0258144 0.00124483 0.0
0.0257767 0.00125659 0.0
0.0257436 0.00126368 0.0
0.0257126 0.00126809 0.0
0.0256777 0.00128262 0.0
0.0256381 0.00129272 0.0
0.0255932 0.00130256 0.0
0.0255419 0.00130835 0.0
0.0254857 0.00130994 0.0
0.0254286 0.00129433 0.0
0.0253746 0.00128175 0.0
0.0253192 0.00126172 0.0
0.0252687 0.00122791 0.0
0.0252272 0.00119999 0.0
0.0251898 0.00117098 0.0
0.0251543 0.0011395 0.0
0.0251223 0.00111394 0.0
0.0250951 0.00109324 0.0
0.0250702 0.00107644 0.0
0.0250407 0.00106592 0.0
0.0250083 0.0010587 0.0
0.024974 0.00106028 0.0
0.0249341 0.00106051 0.0
0.0248883 0.00105977 0.0
0.0248357 0.00106171 0.0
0.0247775 0.00106001 0.0
0.02472 0.00105077 0.0
0.0246612 0.00104062 0.0
0.0245994 0.00102368 0.0
0.0245431 0.0010073 0.0
0.024492 0.000989028 0.0
0.0244433 0.000966879 0.0
0.0243986 0.000949767 0.0
0.0243599 0.000935781 0.0
0.0243257 0.000924144 0.0
0.0242946 0.000917162 0.0
0.0242672 0.00091713 0.0
0.0242422 0.000924579 0.0
0.0242183 0.000940192 0.0
0.0241967 0.000961894 0.0
0.0241752 0.000994609 0.0
0.0241482 0.00103833 0.0
0.0241186 0.00108887 0.0
0.0240866 0.00115094 0.0
0.0240444 0.00122171 0.0
0.0239898 0.00129693 0.0
0.023925 0.00138088 0.0
0.0238486 0.00146883 0.0
0.0237578 0.00154988 0.0
0.0236529 0.00162919 0.0
0.0235342 0.00171 0.0
0.0234054 0.00177413 0.0
0.0232706 0.0018245 0.0
0.0231259 0.00187165 0.0
0.0229739 0.00190311 0.0
0.0228235 0.00191994 0.0
0.0226725 0.00192639 0.0
0.0225187 0.00192272 0.0
0.0223679 0.00191043 0.0
0.0222215 0.0018876 0.0
0.0220771 0.00185725 0.0
0.0219355 0.00182314 0.0
0.0217988 0.00178343 0.0
0.0216661 0.00173818 0.0
0.0215364 0.00169088 0.0
0.0214103 0.0016422 0.0
0.0212888 0.00159086 0.0
0.0211706 0.00153825 0.0
0.021055 0.00148589 0.0
0.0209429 0.00143347 0.0
0.0208346 0.00138079 0.0
0.0207288 0.00132892 0.0
0.0206255 0.00127816 0.0
0.0205255 0.00122829 0.0
0.0204284 0.00117952 0.0
0.0203335 0.00113229 0.0
0.0202411 0.00108653 0.0
0.0201515 0.00104222 0.0
0.0200643 0.000999515 0.0
0.0199793 0.000958496 0.0
0.0198967 0.000919059 0.0
0.0198166 0.000881238 0.0
0.0197387 0.000845059 0.0
0.0196628 0.000810467 0.0
0.0195893 0.000777395 0.0
0.0195179 0.000745843 0.0
0.0194486 0.000715757 0.0
0.0193813 0.000687063 0.0
0.019316 0.000659711 0.0
0.0192528 0.000633663 0.0
0.0191915 0.000608843 0.0
0.0191321 0.000585188 0.0
0.0190747 0.000562652 0.0
0.019019 0.000541178 0.0
0.0189652 0.000520699 0.0
0.0189131 0.000501166 0.0
0.0188627 0.000482532 0.0
0.018814 0.000464742 0.0
0.018767 0.000447747 0.0
0.0187216 0.000431504 0.0
0.0186778 0.000415972 0.0
0.0186354 0.000401105 0.0
0.0185946 0.000386866 0.0
0.0185553 0.00037322 0.0
0.0185173 0.000360132 0.0
0.0184808 0.000347566 0.0
0.0184456 0.000335494 0.0
0.0184117 0.000323887 0.0
0.0183791 0.000312717 0.0
0.0183477 0.000301957 0.0
0.0183175 0.000291585 0.0
0.0182884 0.000281578 0.0
0.0182605 0.000271914 0.0
0.0182337 0.000262575 0.0
0.018208 0.000253543 0.0
0.0181833 0.0002448 0.0
0.0181595 0.000236333 0.0
0.0181368 0.000228127 0.0
0.0181149 0.000220171 0.0
0.0180939 0.000212451 0.0
0.0180738 0.00020496 0.0
0.0180546 0.000197686 0.0
0.0180361 0.000190623 0.0
0.0180183 0.000183761 0.0
0.0180013 0.000177094 0.0
0.017985 0.000170616 0.0
0.0179693 0.000164319 0.0
0.0179543 0.000158199 0.0
0.0179399 0.000152247 0.0
0.017926 0.000146459 0.0
0.0179127 0.000140828 0.0
0.0178999 0.000135347 0.0
0.0178876 0.000130009 0.0
0.0178757 0.000124807 0.0
0.0178642 0.000119732 0.0
0.0178531 0.000114776 0.0
0.0178424 0.000109932 0.0
0.017832 0.000105189 0.0
0.0178219 0.000100538 0.0
0.0178122 9.59712e-05 0.0
0.0178026 9.1478e-05 0.0
0.0177933 8.70495e-05 0.0
0.0177843 8.2677e-05 0.0
0.0177754 7.83521e-05 0.0
0.0177667 7.40671e-05 0.0
0.0177582 6.98152e-05 0.0
0.0177499 6.55906e-05 0.0
0.0177418 6.13888e-05 0.0
0.0177337 5.72063e-05 0.0
0.0177259 5.30416e-05 0.0
0.0177182 4.88944e-05 0.0
0.0177106 4.47659e-05 0.0
0.0177032 4.06595e-05 0.0
0.0176959 3.658e-05 0.0
0.0176888 3.25336e-05 0.0
0.0176818 2.85286e-05 0.0
0.017675 2.45746e-05 0.0
0.0176684 2.06822e-05 0.0
0.017662 1.68636e-05 0.0
0.0176558 1.31319e-05 0.0
0.0176498 9.50076e-06 0.0
0.017644 5.98428e-06 0.0
0.0176384 2.59704e-06 0.0
0.017633 -6.46636e-07 0.0
0.0176279 -3.73288e-06 0.0
0.017623 -6.648e-06 0.0
0.0176184 -9.37954e-06 0.0
0.017614 -1.19164e-05 0.0
0.0176098 -1.42479e-05 0.0
0.0176059 -1.6365e-05 0.0
0.0176023 -1.8262e-05 0.0
0.0175989 -1.99331e-05 0.0
0.0175957 -2.1373e-05 0.0
0.0175927 -2.25819e-05 0.0
0.01759 -2.35619e-05 0.0
0.0175875 -2.43107e-05 0.0
0.0175852 -2.48338e-05 0.0
0.0175831 -2.51387e-05 0.0
0.0175811 -2.52324e-05 0.0
0.0175794 -2.51162e-05 0.0
0.0175778 -2.48094e-05 0.0
0.0175764 -2.43257e-05 0.0
0.0175751 -2.37477e-05 0.0
0.0175739 -2.34345e-05 0.0
0.0 0.0 0.0
0.0 0.0 0.0
0.019275 8.33507e-05 0.0
0.0192942 0.000186542 0.0
0.019315 0.000312591 0.0
0.0193832 0.000440191 0.0
0.0194706 0.000529861 0.0
0.0195346 0.000634705 0.0
0.0196183 0.000733961 0.0
0.0197407 0.000794259 0.0
0.019851 0.000867699 0.0
0.0199548 0.00093852 0.0
0.0200745 0.000966574 0.0
0.0202012 0.00100401 0.0
0.0203218 0.00104328 0.0
0.0204373 0.00105596 0.0
0.0205521 0.00105859 0.0
0.020671 0.00107026 0.0
0.0207835 0.0010678 0.0
0.0208832 0.00105374 0.0
0.0209817 0.00104013 0.0
0.0210823 0.00102495 0.0
0.0211708 0.000999448 0.0
0.0212476 0.00097235 0.0
0.021325 0.000944286 0.0
0.0213994 0.000911933 0.0
0.0214608 0.000875672 0.0
0.021515 0.00083984 0.0
0.021569 0.000801248 0.0
0.0216166 0.000759793 0.0
0.021654 0.00071753 0.0
0.0216875 0.0006747 0.0
0.0217191 0.000628949 0.0
0.0217437 0.000581862 0.0
0.0217616 0.000534149 0.0
0.0217771 0.000484617 0.0
0.0217893 0.00043262 0.0
0.0217956 0.00037938 0.0
0.021798 0.000324281 0.0
0.0217984 0.000266521 0.0
0.021795 0.000206092 0.0
0.0217873 0.000142995 0.0
0.0217777 7.65178e-05 0.0
0.0217659 6.42473e-06 0.0
0.0217504 -6.81728e-05 0.0
0.0217327 -0.000147685 0.0
0.0217142 -0.000232014 0.0
0.0216932 -0.000322506 0.0
0.0216698 -0.000421203 0.0
0.0216465 -0.000526545 0.0
0.0216229 -0.000639444 0.0
0.0215981 -0.000764656 0.0
0.0215736 -0.00090157 0.0
0.0215512 -0.0010459 0.0
0.0215322 -0.00120663 0.0
0.0215165 -0.00138806 0.0
0.0215033 -0.00157949 0.0
0.0214995 -0.00178441 0.0
0.0215127 -0.00202366 0.0
0.0215344 -0.00228078 0.0
0.021565 -0.00254515 0.0
0.0216333 -0.00284482 0.0
0.0217373 -0.00317368 0.0
0.0218593 -0.00350746 0.0
0.0220299 -0.00386322 0.0
0.0222641 -0.00422302 0.0
0.0225407 -0.00458363 0.0
0.0228881 -0.00495449 0.0
0.0232994 -0.00525663 0.0
0.0237485 -0.00553958 0.0
0.0242662 -0.00578004 0.0
0.024821 -0.00593363 0.0
0.025339 -0.0059885 0.0
0.025857 -0.00599438 0.0
0.0263608 -0.00586486 0.0
0.0267462 -0.00570904 0.0
0.0270556 -0.00545651 0.0
0.0273102 -0.00512162 0.0
0.0274614 -0.00481958 0.0
0.0275267 -0.00449099 0.0
0.0275374 -0.00410956 0.0
0.0275058 -0.00376155 0.0
0.0274494 -0.00341977 0.0
0.0273387 -0.00305694 0.0
0.0271876 -0.00270847 0.0
0.0270219 -0.00233148 0.0
0.0268265 -0.00201503 0.0
0.026605 -0.00171838 0.0
0.0263783 -0.00142579 0.0
0.0261607 -0.00117444 0.0
0.0259514 -0.000955377 0.0
0.0257423 -0.000760329 0.0
0.0255516 -0.000589342 0.0
0.0253897 -0.000435775 0.0
0.025242 -0.000302517 0.0
0.0251042 -0.000185606 0.0
0.0249875 -7.97495e-05 0.0
0.0248911 1.69835e-05 0.0
0.0248071 0.00010289 0.0
0.0247368 0.000182657 0.0
0.0246822 0.000260719 0.0
0.0246403 0.000331241 0.0
0.024609 0.000404316 0.0
0.0245865 0.000486199 0.0
0.0245771 0.0005614 0.0
0.0245716 0.000646242 0.0
0.0245574 0.00074668 0.0
0.0245361 0.000847757 0.0
0.0245041 0.00095125 0.0
0.0244556 0.00104841 0.0
0.0243881 0.00113551 0.0
0.0243153 0.00119719 0.0
0.0242473 0.00125183 0.0
0.0241862 0.0012659 0.0
0.0241429 0.00127282 0.0
0.0241166 0.00128109 0.0
0.0240971 0.00127701 0.0
0.0240885 0.00127247 0.0
0.0240935 0.00127571 0.0
0.0240998 0.00128922 0.0
0.0240982 0.00130202 0.0
0.0240918 0.00131867 0.0
0.0240744 0.00134461 0.0
0.0240492 0.00135039 0.0
0.0240207 0.00135306 0.0
0.023979 0.00134902 0.0
0.0239391 0.00132524 0.0
0.0239131 0.00130083 0.0
0.0238894 0.00126513 0.0
0.0238675 0.00122658 0.0
0.0238575 0.00119169 0.0
0.0238564 0.00115914 0.0
0.0238584 0.00112771 0.0
0.023863 0.00110216 0.0
0.0238682 0.00108921 0.0
0.0238711 0.00108135 0.0
0.023871 0.00107752 0.0
0.0238627 0.00108469 0.0
0.0238449 0.00109149 0.0
0.0238173 0.00110119 0.0
0.0237808 0.00110798 0.0
0.0237383 0.00111164 0.0
0.0236929 0.00110093 0.0
0.0236486 0.00109259 0.0
0.0236028 0.00107806 0.0
0.0235627 0.00105064 0.0
0.0235316 0.00102819 0.0
0.0235036 0.00100559 0.0
0.0234798 0.000980922 0.0
0.0234641 0.000959883 0.0
0.0234542 0.000945585 0.0
0.0234481 0.000934631 0.0
0.0234452 0.000930843 0.0
0.0234455 0.000936513 0.0
0.0234497 0.00094936 0.0
0.023455 0.000970367 0.0
0.0234571 0.00100615 0.0
0.0234591 0.00105138 0.0
0.0234615 0.00110651 0.0
0.0234544 0.00117547 0.0
0.0234374 0.00125437 0.0
0.0234124 0.00134607 0.0
0.0233739 0.00144191 0.0
0.0233202 0.00153837 0.0
0.0232485 0.00164041 0.0
0.0231575 0.00173867 0.0
0.0230558 0.00182344 0.0
0.0229422 0.00190001 0.0
0.022813 0.0019623 0.0
0.0226775 0.0020146 0.0
0.0225407 0.00204822 0.0
0.0224023 0.00206355 0.0
0.0222624 0.00207334 0.0
0.0221234 0.00206856 0.0
0.0219905 0.00204913 0.0
0.021862 0.00202411 0.0
0.0217355 0.00199243 0.0
0.0216137 0.00195213 0.0
0.0214983 0.00190712 0.0
0.0213868 0.00185974 0.0
0.0212785 0.00180873 0.0
0.0211747 0.00175489 0.0
0.0210749 0.00170022 0.0
0.0209783 0.00164515 0.0
0.0208849 0.00158923 0.0
0.0207945 0.00153326 0.0
0.0207067 0.00147807 0.0
0.0206217 0.00142373 0.0
0.0205393 0.00137006 0.0
0.020459 0.00131757 0.0
0.0203808 0.00126658 0.0
0.020305 0.00121705 0.0
0.0202311 0.00116888 0.0
0.0201591 0.00112237 0.0
0.020089 0.00107759 0.0
0.020021 0.00103444 0.0
0.0199546 0.000992888 0.0
0.01989 0.000953059 0.0
0.0198272 0.000914914 0.0
0.0197661 0.000878342 0.0
0.0197067 0.000843325 0.0
0.0196489 0.000809889 0.0
0.0195929 0.000777942 0.0
0.0195384 0.000747397 0.0
0.0194855 0.000718233 0.0
0.0194342 0.000690413 0.0
0.0193845 0.000663843 0.0
0.0193364 0.000638462 0.0
0.0192897 0.000614236 0.0
0.0192445 0.000591107 0.0
0.0192008 0.000568998 0.0
0.0191586 0.000547866 0.0
0.0191177 0.000527668 0.0
0.0190783 0.000508347 0.0
0.0190402 0.000489848 0.0
0.0190035 0.000472136 0.0
0.0189681 0.000455169 0.0
0.018934 0.000438899 0.0
0.0189011 0.000423287 0.0
0.0188695 0.000408304 0.0
0.0188392 0.000393911 0.0
0.0188099 0.000380073 0.0
0.0187819 0.000366761 0.0
0.0187549 0.000353948 0.0
0.0187291 0.000341604 0.0
0.0187043 0.000329704 0.0
0.0186806 0.000318224 0.0
0.0186579 0.000307142 0.0
0.0186361 0.000296435 0.0
0.0186153 0.000286085 0.0
0.0185955 0.000276075 0.0
0.0185765 0.000266387 0.0
0.0185584 0.000257006 0.0
0.0185411 0.000247918 0.0
0.0185246 0.000239111 0.0
0.0185089 0.000230573 0.0
0.0184939 0.000222294 0.0
0.0184796 0.000214264 0.0
0.018466 0.000206476 0.0
0.0184531 0.000198922 0.0
0.0184408 0.000191593 0.0
0.0184291 0.000184485 0.0
0.0184179 0.000177589 0.0
0.0184073 0.000170901 0.0
0.0183972 0.000164413 0.0
0.0183875 0.00015812 0.0
0.0183783 0.000152015 0.0
0.0183695 0.00014609 0.0
0.018361 0.000140338 0.0
0.0183529 0.000134752 0.0
0.0183452 0.000129323 0.0
0.0183377 0.000124042 0.0
0.0183304 0.000118899 0.0
0.0183235 0.000113884 0.0
0.0183167 0.000108987 0.0
0.01831 0.000104197 0.0
0.0183036 9.95037e-05 0.0
0.0182973 9.48957e-05 0.0
0.0182911 9.03623e-05 0.0
0.018285 8.58933e-05 0.0
0.0182789 8.14789e-05 0.0
0.018273 7.71101e-05 0.0
0.018267 7.27789e-05 0.0
0.0182612 6.84783e-05 0.0
0.0182553 6.42027e-05 0.0
0.0182495 5.99482e-05 0.0
0.0182438 5.57122e-05 0.0
0.018238 5.14941e-05 0.0
0.0182323 4.72951e-05 0.0
0.0182266 4.31181e-05 0.0
0.018221 3.8968e-05 0.0
0.0182154 3.48515e-05 0.0
0.0182099 3.07769e-05 0.0
0.0182044 2.67543e-05 0.0
0.018199 2.27952e-05 0.0
0.0181938 1.89122e-05 0.0
0.0181886 1.5119e-05 0.0
0.0181835 1.14302e-05 0.0
0.0181786 7.86061e-06 0.0
0.0181738 4.4253e-06 0.0
0.0181692 1.13931e-06 0.0
0.0181647 -1.98272e-06 0.0
0.0181604 -4.92684e-06 0.0
0.0181563 -7.68056e-06 0.0
0.0181524 -1.02321e-05 0.0
0.0181487 -1.25706e-05 0.0
0.0181451 -1.4688e-05 0.0
0.0181418 -1.65785e-05 0.0
0.0181386 -1.82359e-05 0.0
0.0181357 -1.96567e-05 0.0
0.018133 -2.08427e-05 0.0
0.0181304 -2.17939e-05 0.0
0.018128 -2.25114e-05 0.0
0.0181259 -2.30015e-05 0.0
0.0181238 -2.32737e-05 0.0
0.018122 -2.33292e-05 0.0
0.0181203 -2.31829e-05 0.0
0.0181188 -2.28489e-05 0.0
0.0181174 -2.23994e-05 0.0
0.0181162 -2.21463e-05 0.0
0.0 0.0 0.0
0.0 0.0 0.0
0.0192832 5.3825e-05 0.0
0.019295 0.000181086 0.0
0.0193211 0.000283846 0.0
0.0193708 0.0003559 0.0
0.0194253 0.000464722 0.0
0.0194972 0.000575201 0.0
0.0195841 0.000623949 0.0
0.0196688 0.000689654 0.0
0.0197628 0.000778941 0.0
0.0198721 0.000819981 0.0
0.0199752 0.00084704 0.0
0.0200805 0.000898584 0.0
0.0201939 0.000927318 0.0
0.0203031 0.000936291 0.0
0.0204095 0.000950471 0.0
0.0205196 0.000962798 0.0
0.0206236 0.000959084 0.0
0.0207223 0.000952854 0.0
0.0208227 0.000944901 0.0
0.0209184 0.000931762 0.0
0.021004 0.000912982 0.0
0.0210885 0.000892398 0.0
0.0211719 0.00086801 0.0
0.0212456 0.00084183 0.0
0.0213121 0.000812873 0.0
0.0213785 0.000781147 0.0
0.0214398 0.000747356 0.0
0.0214917 0.000713095 0.0
0.0215397 0.000676066 0.0
0.021586 0.000636775 0.0
0.0216255 0.000596637 0.0
0.0216582 0.000555428 0.0
0.0216884 0.000511383 0.0
0.0217151 0.000465658 0.0
0.0217355 0.000418811 0.0
0.0217516 0.000369779 0.0
0.0217651 0.000317801 0.0
0.0217741 0.000263803 0.0
0.0217783 0.000207387 0.0
0.0217798 0.000147534 0.0
0.0217778 8.39619e-05 0.0
0.0217712 1.6871e-05 0.0
0.0217621 -5.45779e-05 0.0
0.0217502 -0.000131148 0.0
0.0217339 -0.00021359 0.0
0.0217149 -0.000302197 0.0
0.0216946 -0.000397575 0.0
0.0216702 -0.000501218 0.0
0.0216429 -0.000615247 0.0
0.0216159 -0.000738427 0.0
0.0215866 -0.000871889 0.0
0.0215547 -0.00102109 0.0
0.0215259 -0.00118707 0.0
0.021498 -0.00136321 0.0
0.0214685 -0.00155951 0.0
0.0214502 -0.00178591 0.0
0.0214424 -0.00202922 0.0
0.0214317 -0.00228472 0.0
0.021443 -0.00258867 0.0
0.0214982 -0.00292359 0.0
0.0215611 -0.00325866 0.0
0.021644 -0.00364301 0.0
0.0218084 -0.00406552 0.0
0.0220396 -0.00446519 0.0
0.02231 -0.00490135 0.0
0.022657 -0.00534174 0.0
0.0230932 -0.0056988 0.0
0.0235987 -0.00604661 0.0
0.0241437 -0.00633767 0.0
0.024718 -0.00650077 0.0
0.0252822 -0.0064918 0.0
0.0258048 -0.0065142 0.0
0.0262737 -0.00631404 0.0
0.0265874 -0.00596742 0.0
0.0267669 -0.00567362 0.0
0.0268642 -0.00527408 0.0
0.0268044 -0.00479217 0.0
0.0266263 -0.00442189 0.0
0.0264296 -0.00402017 0.0
0.0262132 -0.00362662 0.0
0.0260005 -0.00327853 0.0
0.0257615 -0.00285471 0.0
0.0254655 -0.0024697 0.0
0.0251708 -0.00210905 0.0
0.0248841 -0.00174363 0.0
0.0245619 -0.00143615 0.0
0.024226 -0.0011561 0.0
0.0239147 -0.000917769 0.0
0.0236496 -0.000719975 0.0
0.0234115 -0.000541114 0.0
0.0231848 -0.000393533 0.0
0.0229859 -0.00026643 0.0
0.022824 -0.000153527 0.0
0.0226844 -5.35794e-05 0.0
0.0225592 3.10675e-05 0.0
0.022457 0.000107721 0.0
0.0223784 0.000178619 0.0
0.022315 0.000243035 0.0
0.0222652 0.000304169 0.0
0.0222325 0.000362395 0.0
0.0222143 0.000426572 0.0
0.0222111 0.000488186 0.0
0.0222209 0.000557943 0.0
0.0222227 0.000654094 0.0
0.0222286 0.000745735 0.0
0.022241 0.000864315 0.0
0.0222284 0.000990565 0.0
0.0221888 0.00109967 0.0
0.0221248 0.00121359 0.0
0.0220525 0.00127418 0.0
0.0220036 0.00129909 0.0
0.0219654 0.00131797 0.0
0.0219316 0.00129902 0.0
0.0219333 0.00128183 0.0
0.0219655 0.00126929 0.0
0.0220133 0.00124928 0.0
0.0220634 0.00124753 0.0
0.0221082 0.00126468 0.0
0.0221489 0.00128641 0.0
0.0221775 0.00131747 0.0
0.0221852 0.0013493 0.0
0.0221713 0.00137347 0.0
0.0221499 0.00137854 0.0
0.0221293 0.00138158 0.0
0.0221114 0.00134824 0.0
0.0221058 0.00130882 0.0
0.0221116 0.00127539 0.0
0.0221255 0.00122697 0.0
0.0221507 0.00117834 0.0
0.0221842 0.00114017 0.0
0.0222248 0.0011059 0.0
0.0222657 0.00108113 0.0
0.0223033 0.00106692 0.0
0.0223427 0.00106106 0.0
0.0223768 0.0010699 0.0
0.0223959 0.0010829 0.0
0.0224043 0.00110127 0.0
0.0223994 0.00112878 0.0
0.0223832 0.00113891 0.0
0.0223595 0.00114586 0.0
0.0223229 0.00114689 0.0
0.0222887 0.00112926 0.0
0.0222661 0.00111022 0.0
0.0222453 0.00107972 0.0
0.0222278 0.00104793 0.0
0.0222228 0.00101865 0.0
0.0222284 0.00098834 0.0
0.0222386 0.000960282 0.0
0.0222525 0.000940062 0.0
0.0222732 0.000925738 0.0
0.0222998 0.000919205 0.0
0.0223293 0.000919476 0.0
0.022361 0.0009299 0.0
0.022393 0.000954154 0.0
0.0224271 0.000988472 0.0
0.0224646 0.00103134 0.0
0.022496 0.00109531 0.0
0.0225164 0.00117222 0.0
0.0225333 0.00125896 0.0
0.0225397 0.00136431 0.0
0.0225247 0.00147497 0.0
0.022488 0.00159144 0.0
0.0224342 0.0017135 0.0
0.0223627 0.0018289 0.0
0.0222731 0.00192259 0.0
0.0221679 0.00201617 0.0
0.0220489 0.00209495 0.0
0.0219284 0.00214093 0.0
0.021807 0.00217802 0.0
0.0216785 0.00219997 0.0
0.0215541 0.00220367 0.0
0.0214389 0.00219313 0.0
0.0213262 0.00217074 0.0
0.0212169 0.00214122 0.0
0.0211165 0.00210375 0.0
0.0210229 0.00205803 0.0
0.0209323 0.00200836 0.0
0.0208464 0.00195662 0.0
0.0207671 0.00190116 0.0
0.0206919 0.00184339 0.0
0.0206189 0.00178541 0.0
0.0205492 0.00172707 0.0
0.0204836 0.001668 0.0
0.0204204 0.00160952 0.0
0.0203587 0.00155201 0.0
0.0202993 0.00149518 0.0
0.0202425 0.00143935 0.0
0.020187 0.00138511 0.0
0.0201328 0.00133225 0.0
0.0200803 0.00128077 0.0
0.0200294 0.00123099 0.0
0.0199796 0.00118299 0.0
0.0199309 0.00113655 0.0
0.0198837 0.00109181 0.0
0.0198376 0.00104886 0.0
0.0197926 0.0010076 0.0
0.0197487 0.000967935 0.0
0.019706 0.000929948 0.0
0.0196643 0.000893594 0.0
0.0196237 0.000858755 0.0
0.0195843 0.000825396 0.0
0.0195459 0.000793521 0.0
0.0195086 0.000763036 0.0
0.0194723 0.000733858 0.0
0.0194372 0.00070596 0.0
0.0194031 0.000679298 0.0
0.0193701 0.000653783 0.0
0.0193381 0.000629361 0.0
0.0193072 0.000605998 0.0
0.0192773 0.000583633 0.0
0.0192485 0.000562202 0.0
0.0192206 0.000541666 0.0
0.0191938 0.000521985 0.0
0.019168 0.000503105 0.0
0.0191432 0.000484981 0.0
0.0191194 0.000467581 0.0
0.0190965 0.000450865 0.0
0.0190745 0.000434793 0.0
0.0190535 0.000419332 0.0
0.0190334 0.000404454 0.0
0.0190142 0.000390126 0.0
0.0189959 0.000376317 0.0
0.0189784 0.000363002 0.0
0.0189618 0.000350158 0.0
0.018946 0.000337757 0.0
0.0189309 0.000325779 0.0
0.0189167 0.000314204 0.0
0.0189032 0.000303011 0.0
0.0188905 0.000292183 0.0
0.0188784 0.000281704 0.0
0.018867 0.00027156 0.0
0.0188563 0.000261735 0.0
0.0188463 0.000252218 0.0
0.0188368 0.000242998 0.0
0.0188279 0.000234065 0.0
0.0188196 0.00022541 0.0
0.0188119 0.000217024 0.0
0.0188046 0.0002089 0.0
0.0187978 0.000201032 0.0
0.0187915 0.000193412 0.0
0.0187856 0.000186034 0.0
0.0187801 0.000178894 0.0
0.018775 0.000171984 0.0
0.0187702 0.000165298 0.0
0.0187657 0.00015883 0.0
0.0187615 0.000152573 0.0
0.0187576 0.000146519 0.0
0.0187538 0.00014066 0.0
0.0187503 0.000134987 0.0
0.018747 0.00012949 0.0
0.0187438 0.00012416 0.0
0.0187407 0.000118985 0.0
0.0187376 0.000113953 0.0
0.0187347 0.000109054 0.0
0.0187318 0.000104275 0.0
0.0187289 9.9602e-05 0.0
0.018726 9.50241e-05 0.0
0.018723 9.05284e-05 0.0
0.01872 8.6103e-05 0.0
0.018717 8.17368e-05 0.0
0.0187139 7.74192e-05 0.0
0.0187107 7.31409e-05 0.0
0.0187074 6.88939e-05 0.0
0.018704 6.46716e-05 0.0
0.0187005 6.04691e-05 0.0
0.018697 5.62833e-05 0.0
0.0186933 5.2113e-05 0.0
0.0186895 4.79591e-05 0.0
0.0186857 4.38245e-05 0.0
0.0186818 3.9714e-05 0.0
0.0186778 3.56344e-05 0.0
0.0186737 3.15945e-05 0.0
0.0186697 2.76047e-05 0.0
0.0186656 2.36771e-05 0.0
0.0186615 1.98248e-05 0.0
0.0186574 1.60621e-05 0.0
0.0186534 1.24043e-05 0.0
0.0186494 8.86678e-06 0.0
0.0186454 5.46544e-06 0.0
0.0186415 2.21532e-06 0.0
0.0186378 -8.68237e-07 0.0
0.0186341 -3.77064e-06 0.0
0.0186305 -6.47952e-06 0.0
0.0186271 -8.98362e-06 0.0
0.0186238 -1.12712e-05 0.0
0.0186207 -1.33345e-05 0.0
0.0186177 -1.51691e-05 0.0
0.0186148 -1.67691e-05 0.0
0.0186121 -1.81306e-05 0.0
0.0186096 -1.92568e-05 0.0
0.0186073 -2.01502e-05 0.0
0.0186051 -2.08107e-05 0.0
0.018603 -2.12464e-05 0.0
0.0186011 -2.14661e-05 0.0
0.0185994 -2.1479e-05 0.0
0.0185978 -2.12959e-05 0.0
0.0185963 -2.09822e-05 0.0
0.018595 -2.07962e-05 0.0
0.0 0.0 0.0
0.0 0.0 0.0
0.0192627 5.26841e-05 0.0
0.0192797 0.000148995 0.0
0.0193244 0.000235541 0.0
0.0193597 0.000322489 0.0
0.0193997 0.000410837 0.0
0.0194742 0.000478063 0.0
0.0195501 0.000547413 0.0
0.0196183 0.000625711 0.0
0.0197047 0.000668321 0.0
0.0198033 0.00070844 0.0
0.0198961 0.000765206 0.0
0.0199905 0.00079606 0.0
0.0200901 0.000807915 0.0
0.0201934 0.000836225 0.0
0.0202947 0.000855289 0.0
0.0203907 0.000854757 0.0
0.0204878 0.000855424 0.0
0.0205885 0.000860278 0.0
0.020682 0.000852099 0.0
0.0207681 0.000838394 0.0
0.0208572 0.000826605 0.0
0.0209453 0.000811896 0.0
0.0210227 0.000790098 0.0
0.0210961 0.000767791 0.0
0.0211713 0.000744472 0.0
0.0212406 0.000717775 0.0
0.0213009 0.000688374 0.0
0.0213593 0.000658535 0.0
0.0214166 0.000626372 0.0
0.0214664 0.000592121 0.0
0.0215099 0.000556536 0.0
0.0215519 0.000519446 0.0
0.0215902 0.000480002 0.0
0.0216217 0.000439067 0.0
0.021649 0.000396284 0.0
0.0216739 0.000351118 0.0
0.021694 0.000303628 0.0
0.0217084 0.000253882 0.0
0.0217197 0.000201007 0.0
0.0217277 0.000145056 0.0
0.0217303 8.577e-05 0.0
0.0217286 2.22315e-05 0.0
0.0217241 -4.58264e-05 0.0
0.0217151 -0.000118359 0.0
0.0217009 -0.000197143 0.0
0.0216836 -0.00028268 0.0
0.0216631 -0.000374536 0.0
0.0216371 -0.00047489 0.0
0.0216072 -0.000586209 0.0
0.0215752 -0.000706349 0.0
0.0215397 -0.000838014 0.0
0.0214997 -0.000986695 0.0
0.0214573 -0.00115015 0.0
0.0214156 -0.00132628 0.0
0.0213754 -0.00152967 0.0
0.0213324 -0.00175873 0.0
0.0212903 -0.0020026 0.0
0.0212677 -0.00227799 0.0
0.0212624 -0.00260613 0.0
0.0212522 -0.00294932 0.0
0.0212711 -0.00332375 0.0
0.0213703 -0.00376213 0.0
0.0215013 -0.00422357 0.0
0.0216646 -0.0047178 0.0
0.0219416 -0.00522664 0.0
0.0223119 -0.00570062 0.0
0.022757 -0.0062062 0.0
0.0233179 -0.00663376 0.0
0.0239189 -0.00688128 0.0
0.0245041 -0.00706954 0.0
0.0251078 -0.00711742 0.0
0.025551 -0.00689149 0.0
0.0258142 -0.0066518 0.0
0.0260024 -0.00617525 0.0
0.025973 -0.00564516 0.0
0.0256998 -0.00513386 0.0
0.0253356 -0.00456368 0.0
0.0249638 -0.00408858 0.0
0.0245715 -0.00370363 0.0
0.0241767 -0.00335535 0.0
0.0237867 -0.00294848 0.0
0.0234296 -0.002545 0.0
0.0230716 -0.00210587 0.0
0.0226201 -0.00174827 0.0
0.0221399 -0.0013708 0.0
0.021703 -0.00104752 0.0
0.0213331 -0.000814766 0.0
0.0209877 -0.000606538 0.0
0.0206625 -0.000445064 0.0
0.020398 -0.000301376 0.0
0.0201841 -0.000182884 0.0
0.0199901 -8.3482e-05 0.0
0.0198199 -1.58972e-06 0.0
0.0196864 7.42471e-05 0.0
0.0195793 0.000139029 0.0
0.01949 0.000193876 0.0
0.01942 0.000244877 0.0
0.0193698 0.000292664 0.0
0.0193384 0.000337282 0.0
0.0193252 0.000381333 0.0
0.0193238 0.000430768 0.0
0.0193366 0.000471273 0.0
0.0193687 0.000541347 0.0
0.0194196 0.000627634 0.0
0.0194844 0.000713992 0.0
0.0195135 0.000859221 0.0
0.0195035 0.00100136 0.0
0.0194563 0.00117149 0.0
0.0193839 0.0012732 0.0
0.0193087 0.00134303 0.0
0.0192457 0.00133318 0.0
0.0192362 0.00133217 0.0
0.019271 0.00129208 0.0
0.0193384 0.00123331 0.0
0.0194246 0.00119666 0.0
0.0195238 0.0011745 0.0
0.0196223 0.00117991 0.0
0.0197229 0.00118789 0.0
0.019817 0.00123245 0.0
0.0198801 0.0012897 0.0
0.0199167 0.00133615 0.0
0.0199243 0.00139079 0.0
0.0199137 0.00140107 0.0
0.019919 0.00137986 0.0
0.0199317 0.00135465 0.0
0.0199417 0.00129975 0.0
0.0199773 0.00124312 0.0
0.0200399 0.00118573 0.0
0.0201107 0.00113061 0.0
0.0201818 0.00108209 0.0
0.0202589 0.0010448 0.0
0.0203412 0.00102372 0.0
0.0204262 0.00100592 0.0
0.0205048 0.00100581 0.0
0.0205682 0.00102688 0.0
0.0206186 0.00105465 0.0
0.0206513 0.00109158 0.0
0.0206606 0.00112823 0.0
0.0206471 0.0011591 0.0
0.0206241 0.00117055 0.0
0.020601 0.00117785 0.0
0.0205806 0.00115131 0.0
0.0205723 0.00111867 0.0
0.0205753 0.00108969 0.0
0.0205873 0.00104707 0.0
0.020612 0.00100208 0.0
0.0206452 0.000966352 0.0
0.0206847 0.000934702 0.0
0.0207315 0.000907274 0.0
0.0207833 0.000887302 0.0
0.0208372 0.000877438 0.0
0.0208944 0.000874374 0.0
0.0209551 0.000883967 0.0
0.0210186 0.000905431 0.0
0.0210855 0.000935858 0.0
0.0211482 0.000984109 0.0
0.0212058 0.00105294 0.0
0.021267 0.00113317 0.0
0.0213204 0.00123515 0.0
0.0213507 0.0013525 0.0
0.0213655 0.00148413 0.0
0.02136 0.00163213 0.0
0.0213286 0.00176612 0.0
0.0212748 0.0018964 0.0
0.0211909 0.00202535 0.0
0.0210914 0.00212349 0.0
0.0209907 0.00220508 0.0
0.0208803 0.0022582 0.0
0.0207654 0.0022973 0.0
0.0206562 0.00231799 0.0
0.0205568 0.00231033 0.0
0.020465 0.00229411 0.0
0.0203781 0.00227034 0.0
0.0202994 0.00223106 0.0
0.020231 0.00218363 0.0
0.020169 0.0021348 0.0
0.0201125 0.00208092 0.0
0.0200623 0.00202171 0.0
0.0200167 0.00196159 0.0
0.0199745 0.00190169 0.0
0.0199366 0.00184012 0.0
0.0199018 0.00177793 0.0
0.0198684 0.00171679 0.0
0.0198371 0.00165666 0.0
0.0198083 0.0015969 0.0
0.0197805 0.00153827 0.0
0.0197532 0.0014813 0.0
0.0197273 0.00142581 0.0
0.0197025 0.00137163 0.0
0.019678 0.00131917 0.0
0.0196539 0.00126853 0.0
0.0196306 0.00121957 0.0
0.0196078 0.00117226 0.0
0.0195852 0.00112676 0.0
0.019563 0.00108303 0.0
0.0195414 0.00104096 0.0
0.0195201 0.00100055 0.0
0.0194991 0.000961818 0.0
0.0194785 0.000924688 0.0
0.0194584 0.00088908 0.0
0.0194387 0.000854967 0.0
0.0194194 0.000822318 0.0
0.0194006 0.000791044 0.0
0.0193823 0.000761086 0.0
0.0193644 0.000732403 0.0
0.019347 0.00070494 0.0
0.0193302 0.000678624 0.0
0.0193139 0.000653404 0.0
0.0192981 0.000629236 0.0
0.0192829 0.000606064 0.0
0.0192682 0.00058383 0.0
0.0192541 0.000562493 0.0
0.0192406 0.000542011 0.0
0.0192277 0.000522335 0.0
0.0192154 0.000503422 0.0
0.0192036 0.000485238 0.0
0.0191924 0.000467746 0.0
0.0191819 0.000450908 0.0
0.0191719 0.000434691 0.0
0.0191624 0.000419066 0.0
0.0191536 0.000404004 0.0
0.0191453 0.000389474 0.0
0.0191376 0.000375452 0.0
0.0191304 0.000361915 0.0
0.0191238 0.000348837 0.0
0.0191177 0.000336199 0.0
0.0191122 0.000323979 0.0
0.0191071 0.000312161 0.0
0.0191025 0.000300726 0.0
0.0190984 0.000289659 0.0
0.0190948 0.000278946 0.0
0.0190916 0.000268573 0.0
0.0190889 0.00025853 0.0
0.0190866 0.000248805 0.0
0.0190846 0.00023939 0.0
0.0190831 0.000230275 0.0
0.0190819 0.000221453 0.0
0.019081 0.000212918 0.0
0.0190804 0.000204663 0.0
0.0190801 0.000196681 0.0
0.0190801 0.000188969 0.0
0.0190803 0.000181519 0.0
0.0190808 0.000174327 0.0
0.0190814 0.000167387 0.0
0.0190822 0.000160692 0.0
0.0190832 0.000154236 0.0
0.0190842 0.000148011 0.0
0.0190853 0.00014201 0.0
0.0190865 0.000136222 0.0
0.0190877 0.000130638 0.0
0.019089 0.000125248 0.0
0.0190902 0.00012004 0.0
0.0190913 0.000115002 0.0
0.0190924 0.00011012 0.0
0.0190934 0.000105381 0.0
0.0190943 0.000100771 0.0
0.019095 9.62755e-05 0.0
0.0190955 9.18808e-05 0.0
0.0190959 8.75727e-05 0.0
0.0190961 8.33377e-05 0.0
0.0190961 7.9163e-05 0.0
0.0190959 7.50367e-05 0.0
0.0190955 7.09481e-05 0.0
0.0190948 6.68882e-05 0.0
0.0190939 6.28493e-05 0.0
0.0190928 5.88257e-05 0.0
0.0190914 5.48137e-05 0.0
0.0190898 5.08116e-05 0.0
0.019088 4.682e-05 0.0
0.019086 4.28416e-05 0.0
0.0190839 3.88813e-05 0.0
0.0190815 3.49462e-05 0.0
0.019079 3.10453e-05 0.0
0.0190763 2.71893e-05 0.0
0.0190735 2.33909e-05 0.0
0.0190706 1.96636e-05 0.0
0.0190676 1.60225e-05 0.0
0.0190646 1.24831e-05 0.0
0.0190615 9.06173e-06 0.0
0.0190584 5.77429e-06 0.0
0.0190553 2.63657e-06 0.0
0.0190523 -3.35909e-07 0.0
0.0190492 -3.12835e-06 0.0
0.0190462 -5.72865e-06 0.0
0.0190433 -8.1248e-06 0.0
0.0190404 -1.03062e-05 0.0
0.0190377 -1.22653e-05 0.0
0.019035 -1.39978e-05 0.0
0.0190325 -1.54979e-05 0.0
0.01903 -1.67648e-05 0.0
0.0190277 -1.78005e-05 0.0
0.0190256 -1.86079e-05 0.0
0.0190235 -1.91902e-05 0.0
0.0190216 -1.9556e-05 0.0
0.0190198 -1.97148e-05 0.0
0.0190182 -1.96807e-05 0.0
0.0190167 -1.95057e-05 0.0
0.0190153 -1.93871e-05 0.0
0.0 0.0 0.0
0.0 0.0 0.0
0.0192751 5.4877e-05 0.0
0.0192937 0.0001186 0.0
0.019312 0.000198852 0.0
0.0193443 0.0002925 0.0
0.0193961 0.000352976 0.0
0.0194491 0.000407769 0.0
0.0195056 0.000487923 0.0
0.0195832 0.000544584 0.0
0.0196623 0.000576408 0.0
0.0197368 0.000630271 0.0
0.019824 0.000673459 0.0
0.0199182 0.000692398 0.0
0.0200062 0.000717881 0.0
0.020097 0.000744296 0.0
0.0201918 0.000752187 0.0
0.0202846 0.000758714 0.0
0.0203763 0.000766396 0.0
0.0204675 0.000765847 0.0
0.0205554 0.000759112 0.0
0.0206428 0.000753349 0.0
0.0207291 0.000742934 0.0
0.0208096 0.00072859 0.0
0.020887 0.00071272 0.0
0.0209646 0.000694797 0.0
0.0210377 0.000673357 0.0
0.0211042 0.000651192 0.0
0.021169 0.000626982 0.0
0.0212323 0.000600131 0.0
0.0212891 0.000571933 0.0
0.0213407 0.000542989 0.0
0.0213909 0.000511258 0.0
0.0214373 0.000477663 0.0
0.0214773 0.000443184 0.0
0.0215136 0.000406824 0.0
0.0215475 0.000367592 0.0
0.0215761 0.000326719 0.0
0.0215992 0.000284022 0.0
0.0216196 0.00023832 0.0
0.0216358 0.000189474 0.0
0.0216461 0.000138039 0.0
0.0216524 8.31342e-05 0.0
0.0216554 2.39611e-05 0.0
0.0216523 -3.96801e-05 0.0
0.0216438 -0.000108044 0.0
0.0216326 -0.000182022 0.0
0.0216156 -0.000262511 0.0
0.0215913 -0.000350751 0.0
0.021564 -0.000446791 0.0
0.0215329 -0.000551575 0.0
0.0214927 -0.000668221 0.0
0.0214474 -0.000798595 0.0
0.0214016 -0.000939824 0.0
0.0213478 -0.00109733 0.0
0.0212863 -0.00127935 0.0
0.0212269 -0.00148129 0.0
0.021165 -0.00169736 0.0
0.0210981 -0.00195474 0.0
0.0210419 -0.00225594 0.0
0.0209908 -0.00257171 0.0
0.0209409 -0.00292246 0.0
0.0209378 -0.00337655 0.0
0.0209834 -0.00384885 0.0
0.0210327 -0.00433021 0.0
0.0211658 -0.00493336 0.0
0.0214442 -0.00554154 0.0
0.0218367 -0.00613112 0.0
0.0223128 -0.00672634 0.0
0.022864 -0.00721154 0.0
0.0234872 -0.00751607 0.0
0.0240596 -0.00761627 0.0
0.0245579 -0.00764641 0.0
0.0248797 -0.00713693 0.0
0.0249626 -0.00674695 0.0
0.0248525 -0.00614022 0.0
0.024489 -0.00532116 0.0
0.0238713 -0.00456416 0.0
0.0231372 -0.00405247 0.0
0.0223868 -0.00354506 0.0
0.0216549 -0.00317123 0.0
0.0211194 -0.00294434 0.0
0.0206616 -0.00249477 0.0
0.02016 -0.00215513 0.0
0.0196818 -0.00165794 0.0
0.0191347 -0.00118063 0.0
0.0185738 -0.000877001 0.0
0.0180679 -0.000608557 0.0
0.0176463 -0.000441907 0.0
0.0173169 -0.00027775 0.0
0.0170324 -0.000158283 0.0
0.0167777 -6.53008e-05 0.0
0.0165702 1.20765e-05 0.0
0.016409 8.50376e-05 0.0
0.0162718 0.00013934 0.0
0.0161571 0.000184337 0.0
0.0160707 0.000225935 0.0
0.0160062 0.000263187 0.0
0.0159566 0.000294994 0.0
0.0159264 0.000323246 0.0
0.0159139 0.00035146 0.0
0.0159141 0.000379642 0.0
0.0159294 0.000412595 0.0
0.0159643 0.000440381 0.0
0.016014 0.000491643 0.0
0.0160917 0.00053401 0.0
0.0161757 0.000660895 0.0
0.0162159 0.000843143 0.0
0.0162554 0.000998967 0.0
0.0162367 0.00125837 0.0
0.0161683 0.00133715 0.0
0.0161282 0.00140191 0.0
0.0160969 0.00137558 0.0
0.0161383 0.00127395 0.0
0.0162573 0.00119911 0.0
0.0163982 0.00112591 0.0
0.0165462 0.0010694 0.0
0.0167068 0.00104351 0.0
0.0168776 0.00104566 0.0
0.0170515 0.0010586 0.0
0.0171838 0.00113793 0.0
0.0172682 0.00121746 0.0
0.0173067 0.00132739 0.0
0.0173133 0.00138037 0.0
0.0173099 0.00140618 0.0
0.0173095 0.00135965 0.0
0.01735 0.00132256 0.0
0.0174247 0.00125439 0.0
0.0175229 0.00116427 0.0
0.0176274 0.00109619 0.0
0.0177365 0.00103869 0.0
0.0178572 0.000985238 0.0
0.0179807 0.000944929 0.0
0.0181008 0.000917753 0.0
0.0182198 0.000905677 0.0
0.0183242 0.00092418 0.0
0.01842 0.000947028 0.0
0.0185075 0.00100013 0.0
0.0185627 0.00106685 0.0
0.0185857 0.00112172 0.0
0.0185804 0.00118136 0.0
0.018561 0.00119803 0.0
0.0185558 0.0011837 0.0
0.0185566 0.00116327 0.0
0.0185581 0.00111475 0.0
0.0185861 0.0010635 0.0
0.0186385 0.00101052 0.0
0.0186991 0.000957637 0.0
0.0187622 0.000913781 0.0
0.018833 0.000875007 0.0
0.0189114 0.000843534 0.0
0.018992 0.000820178 0.0
0.0190738 0.000806816 0.0
0.0191593 0.00080219 0.0
0.0192481 0.000809576 0.0
0.019339 0.00082426 0.0
0.0194321 0.000856369 0.0
0.0195252 0.000910738 0.0
0.0196248 0.000972239 0.0
0.0197245 0.00105691 0.0
0.0198049 0.00117773 0.0
0.0198671 0.0013125 0.0
0.0199144 0.00146712 0.0
0.0199316 0.00163732 0.0
0.0199073 0.00180525 0.0
0.0198551 0.00195985 0.0
0.0197857 0.00211549 0.0
0.0197022 0.00221821 0.0
0.0196122 0.00229915 0.0
0.0195124 0.0023715 0.0
0.0194176 0.00239924 0.0
0.0193419 0.00240381 0.0
0.0192712 0.00239439 0.0
0.0192053 0.00236941 0.0
0.0191581 0.002332 0.0
0.019125 0.00228428 0.0
0.019096 0.00223063 0.0
0.0190731 0.00217362 0.0
0.0190609 0.0021125 0.0
0.0190552 0.00204916 0.0
0.0190514 0.00198548 0.0
0.0190506 0.00192133 0.0
0.0190541 0.00185652 0.0
0.0190599 0.00179281 0.0
0.0190661 0.00173018 0.0
0.0190732 0.00166815 0.0
0.0190817 0.00160728 0.0
0.0190903 0.00154838 0.0
0.0190987 0.00149087 0.0
0.019107 0.00143468 0.0
0.0191153 0.00138037 0.0
0.0191232 0.00132804 0.0
0.0191305 0.00127722 0.0
0.0191374 0.00122812 0.0
0.0191438 0.00118096 0.0
0.0191496 0.00113559 0.0
0.0191549 0.00109179 0.0
0.0191597 0.00104974 0.0
0.0191641 0.00100946 0.0
0.0191679 0.000970737 0.0
0.0191713 0.000933531 0.0
0.0191744 0.000897914 0.0
0.0191771 0.000863784 0.0
0.0191795 0.000831017 0.0
0.0191816 0.000799603 0.0
0.0191835 0.000769529 0.0
0.0191852 0.000740683 0.0
0.0191868 0.000712999 0.0
0.0191883 0.000686459 0.0
0.0191896 0.000661011 0.0
0.019191 0.00063657 0.0
0.0191923 0.000613098 0.0
0.0191937 0.000590565 0.0
0.0191951 0.000568912 0.0
0.0191965 0.000548086 0.0
0.0191981 0.000528057 0.0
0.0191998 0.000508789 0.0
0.0192016 0.000490235 0.0
0.0192036 0.00047236 0.0
0.0192057 0.000455138 0.0
0.0192081 0.000438536 0.0
0.0192106 0.000422519 0.0
0.0192133 0.000407062 0.0
0.0192162 0.000392141 0.0
0.0192193 0.000377729 0.0
0.0192227 0.000363803 0.0
0.0192263 0.000350341 0.0
0.0192301 0.000337326 0.0
0.0192341 0.000324735 0.0
0.0192383 0.000312553 0.0
0.0192428 0.000300764 0.0
0.0192475 0.000289354 0.0
0.0192523 0.000278308 0.0
0.0192574 0.000267616 0.0
0.0192627 0.000257267 0.0
0.0192681 0.00024725 0.0
0.0192737 0.000237558 0.0
0.0192795 0.000228184 0.0
0.0192854 0.00021912 0.0
0.0192914 0.000210361 0.0
0.0192976 0.000201901 0.0
0.0193038 0.000193735 0.0
0.0193102 0.00018586 0.0
0.0193166 0.000178269 0.0
0.019323 0.000170959 0.0
0.0193294 0.000163924 0.0
0.0193359 0.000157159 0.0
0.0193423 0.000150657 0.0
0.0193487 0.000144412 0.0
0.019355 0.000138414 0.0
0.0193612 0.000132657 0.0
0.0193672 0.000127129 0.0
0.0193732 0.000121821 0.0
0.019379 0.000116719 0.0
0.0193845 0.000111811 0.0
0.0193899 0.000107083 0.0
0.019395 0.000102521 0.0
0.0193999 9.81089e-05 0.0
0.0194045 9.38313e-05 0.0
0.0194088 8.96723e-05 0.0
0.0194128 8.56159e-05 0.0
0.0194165 8.16465e-05 0.0
0.0194198 7.7749e-05 0.0
0.0194227 7.3909e-05 0.0
0.0194253 7.01133e-05 0.0
0.0194276 6.63501e-05 0.0
0.0194295 6.2609e-05 0.0
0.019431 5.88815e-05 0.0
0.0194322 5.51611e-05 0.0
0.019433 5.14437e-05 0.0
0.0194334 4.7727e-05 0.0
0.0194335 4.40113e-05 0.0
0.0194333 4.02995e-05 0.0
0.0194328 3.65964e-05 0.0
0.019432 3.29093e-05 0.0
0.019431 2.92475e-05 0.0
0.0194296 2.56222e-05 0.0
0.0194281 2.20462e-05 0.0
0.0194264 1.85342e-05 0.0
0.0194245 1.5101e-05 0.0
0.0194224 1.17629e-05 0.0
0.0194202 8.53679e-06 0.0
0.019418 5.43903e-06 0.0
0.0194156 2.485e-06 0.0
0.0194132 -3.08808e-07 0.0
0.0194107 -2.92783e-06 0.0
0.0194083 -5.35998e-06 0.0
0.0194058 -7.59422e-06 0.0
0.0194034 -9.61866e-06 0.0
0.019401 -1.14278e-05 0.0
0.0193987 -1.30171e-05 0.0
0.0193964 -1.43826e-05 0.0
0.0193942 -1.5522e-05 0.0
0.0193922 -1.64415e-05 0.0
0.0193901 -1.71425e-05 0.0
0.0193883 -1.76318e-05 0.0
0.0193865 -1.79168e-05 0.0
0.0193848 -1.8018e-05 0.0
0.0193833 -1.79748e-05 0.0
0.0193818 -1.7922e-05 0.0
0.0 0.0 0.0
0.0 0.0 0.0
0.0192801 3.9243e-05 0.0
0.0192881 0.000109747 0.0
0.019303 0.000179485 0.0
0.0193412 0.000239411 0.0
0.0193869 0.000301055 0.0
0.0194283 0.000370143 0.0
0.0194835 0.000419229 0.0
0.0195538 0.000458134 0.0
0.0196213 0.000514212 0.0
0.0196927 0.000557457 0.0
0.0197726 0.000575151 0.0
0.019855 0.000607476 0.0
0.0199382 0.000640417 0.0
0.0200229 0.000649897 0.0
0.0201082 0.000657708 0.0
0.0201965 0.000674963 0.0
0.0202832 0.000679493 0.0
0.020366 0.00067461 0.0
0.0204508 0.000673664 0.0
0.0205365 0.000671923 0.0
0.0206158 0.000660942 0.0
0.0206924 0.000648492 0.0
0.0207714 0.000637042 0.0
0.0208465 0.000622297 0.0
0.0209147 0.000603284 0.0
0.0209826 0.000584154 0.0
0.0210499 0.000563852 0.0
0.0211109 0.000541004 0.0
0.021167 0.000516174 0.0
0.0212227 0.00049052 0.0
0.0212749 0.000463069 0.0
0.0213208 0.000433873 0.0
0.0213633 0.000402934 0.0
0.0214039 0.000370296 0.0
0.0214394 0.000335786 0.0
0.0214694 0.000299359 0.0
0.0214965 0.000260362 0.0
0.0215197 0.000219007 0.0
0.0215373 0.000175296 0.0
0.02155 0.000128295 0.0
0.0215591 7.75077e-05 0.0
0.0215628 2.35873e-05 0.0
0.0215605 -3.45371e-05 0.0
0.0215536 -9.83515e-05 0.0
0.0215416 -0.000167272 0.0
0.0215226 -0.000241447 0.0
0.0214975 -0.000323888 0.0
0.021467 -0.000414813 0.0
0.0214294 -0.000513362 0.0
0.0213837 -0.000623043 0.0
0.0213316 -0.000747054 0.0
0.0212729 -0.000882851 0.0
0.021206 -0.00103494 0.0
0.0211302 -0.00120949 0.0
0.0210476 -0.00140475 0.0
0.0209622 -0.00162256 0.0
0.0208718 -0.00188106 0.0
0.0207682 -0.00217216 0.0
0.0206699 -0.00249726 0.0
0.0206043 -0.00288671 0.0
0.0205372 -0.00335094 0.0
0.0204518 -0.00383585 0.0
0.0204758 -0.00443702 0.0
0.0206505 -0.00511233 0.0
0.020826 -0.00580504 0.0
0.0211103 -0.00661335 0.0
0.0216057 -0.00723232 0.0
0.0222229 -0.00779265 0.0
0.0228796 -0.00817062 0.0
0.0234184 -0.00814536 0.0
0.0236346 -0.00779143 0.0
0.0235772 -0.00729405 0.0
0.0233263 -0.00653768 0.0
0.0226424 -0.00557044 0.0
0.0217487 -0.00468425 0.0
0.0207961 -0.00367429 0.0
0.0196382 -0.00303084 0.0
0.0184673 -0.00264614 0.0
0.0175744 -0.00249334 0.0
0.0171195 -0.00246401 0.0
0.0168328 -0.00208242 0.0
0.0162358 -0.00151648 0.0
0.0153871 -0.00103221 0.0
0.0146114 -0.000546338 0.0
0.0140743 -0.000364937 0.0
0.013684 -0.000187946 0.0
0.0133062 -7.55715e-05 0.0
0.0129909 6.44026e-06 0.0
0.0127703 7.87418e-05 0.0
0.0125914 0.000138553 0.0
0.0124268 0.000178 0.0
0.0122998 0.000212176 0.0
0.0122081 0.000245532 0.0
0.0121331 0.000269486 0.0
0.0120723 0.000288324 0.0
0.0120322 0.000307271 0.0
0.0120095 0.000323826 0.0
0.0119998 0.000336648 0.0
0.0119989 0.000351666 0.0
0.0120115 0.000365294 0.0
0.0120463 0.000379102 0.0
0.0120951 0.000399436 0.0
0.0121432 0.0004269 0.0
0.0122256 0.000432655 0.0
0.0123705 0.000565178 0.0
0.0125563 0.000731833 0.0
0.0126706 0.00100003 0.0
0.0125862 0.00131248 0.0
0.0124031 0.0014464 0.0
0.0123639 0.00137925 0.0
0.0125118 0.00130098 0.0
0.0127324 0.00112176 0.0
0.0129429 0.00102549 0.0
0.0131344 0.000951843 0.0
0.0133454 0.000887004 0.0
0.0135672 0.000851371 0.0
0.0137867 0.000832407 0.0
0.0139855 0.00089607 0.0
0.0141359 0.0010185 0.0
0.0142733 0.00112507 0.0
0.0143393 0.00132944 0.0
0.0143486 0.0013691 0.0
0.0143798 0.00139655 0.0
0.0144108 0.0013454 0.0
0.0144942 0.00122604 0.0
0.0146373 0.00113139 0.0
0.0147949 0.00103755 0.0
0.0149492 0.000965799 0.0
0.015105 0.000898786 0.0
0.0152635 0.000846265 0.0
0.0154156 0.000809788 0.0
0.0155639 0.000778543 0.0
0.0157134 0.000778667 0.0
0.015864 0.000802081 0.0
0.0160119 0.000834044 0.0
0.0161163 0.000923111 0.0
0.016175 0.00101407 0.0
0.0161915 0.00113013 0.0
0.0161779 0.0011874 0.0
0.0161553 0.00121657 0.0
0.016139 0.00117805 0.0
0.0161649 0.00114449 0.0
0.0162239 0.00108109 0.0
0.0163046 0.000997766 0.0
0.0163924 0.000934876 0.0
0.0164862 0.000879427 0.0
0.0165914 0.000828314 0.0
0.0167003 0.000783419 0.0
0.0168037 0.000751657 0.0
0.0169072 0.00072676 0.0
0.0170166 0.000710439 0.0
0.0171269 0.000703589 0.0
0.0172351 0.000708296 0.0
0.0173456 0.000720767 0.0
0.0174622 0.000752321 0.0
0.0175872 0.000795422 0.0
0.0177158 0.000856363 0.0
0.0178287 0.000958868 0.0
0.0179426 0.00107981 0.0
0.0180614 0.00123764 0.0
0.0181424 0.00142759 0.0
0.018177 0.00162329 0.0
0.0181749 0.00184185 0.0
0.0181373 0.00202831 0.0
0.018085 0.00217145 0.0
0.0180099 0.00230777 0.0
0.0179153 0.00239526 0.0
0.0178395 0.00245285 0.0
0.0177842 0.00246642 0.0
0.0177406 0.00245778 0.0
0.0177109 0.00244343 0.0
0.0176983 0.00240202 0.0
0.0177019 0.00234535 0.0
0.0177162 0.00229048 0.0
0.0177416 0.00223121 0.0
0.0177775 0.00216369 0.0
0.0178176 0.00209555 0.0
0.0178601 0.00203001 0.0
0.0179081 0.00196287 0.0
0.01796 0.00189497 0.0
0.018011 0.00182902 0.0
0.0180615 0.00176486 0.0
0.0181141 0.00170111 0.0
0.0181665 0.00163887 0.0
0.0182165 0.00157869 0.0
0.0182656 0.00152015 0.0
0.0183144 0.00146303 0.0
0.0183614 0.00140789 0.0
0.0184062 0.00135466 0.0
0.0184498 0.00130312 0.0
0.0184921 0.00125334 0.0
0.0185323 0.00120547 0.0
0.0185707 0.00115936 0.0
0.0186078 0.00111494 0.0
0.0186433 0.00107224 0.0
0.018677 0.00103125 0.0
0.0187094 0.000991847 0.0
0.0187404 0.000954014 0.0
0.01877 0.000917719 0.0
0.0187982 0.0008829 0.0
0.0188254 0.000849475 0.0
0.0188514 0.000817413 0.0
0.0188762 0.000786659 0.0
0.0189001 0.000757147 0.0
0.0189231 0.000728817 0.0
0.0189452 0.000701627 0.0
0.0189664 0.000675519 0.0
0.0189869 0.000650438 0.0
0.0190068 0.000626337 0.0
0.019026 0.00060317 0.0
0.0190446 0.000580889 0.0
0.0190627 0.00055945 0.0
0.0190804 0.000538813 0.0
0.0190975 0.00051894 0.0
0.0191143 0.000499791 0.0
0.0191307 0.000481333 0.0
0.0191468 0.000463533 0.0
0.0191626 0.000446361 0.0
0.0191781 0.000429785 0.0
0.0191934 0.00041378 0.0
0.0192085 0.000398319 0.0
0.0192234 0.000383378 0.0
0.0192381 0.000368935 0.0
0.0192526 0.000354968 0.0
0.0192671 0.000341457 0.0
0.0192814 0.000328385 0.0
0.0192956 0.000315734 0.0
0.0193097 0.000303488 0.0
0.0193237 0.000291634 0.0
0.0193376 0.000280158 0.0
0.0193514 0.000269049 0.0
0.0193652 0.000258297 0.0
0.0193788 0.000247891 0.0
0.0193924 0.000237825 0.0
0.019406 0.00022809 0.0
0.0194194 0.000218682 0.0
0.0194328 0.000209595 0.0
0.019446 0.000200823 0.0
0.0194592 0.000192364 0.0
0.0194722 0.000184213 0.0
0.0194851 0.000176367 0.0
0.0194979 0.000168823 0.0
0.0195105 0.000161576 0.0
0.0195229 0.000154623 0.0
0.0195352 0.000147959 0.0
0.0195473 0.000141579 0.0
0.0195591 0.000135477 0.0
0.0195707 0.000129644 0.0
0.0195821 0.000124073 0.0
0.0195932 0.000118754 0.0
0.0196039 0.000113677 0.0
0.0196144 0.000108829 0.0
0.0196245 0.000104197 0.0
0.0196343 9.97667e-05 0.0
0.0196436 9.55226e-05 0.0
0.0196526 9.14484e-05 0.0
0.0196612 8.75271e-05 0.0
0.0196693 8.37413e-05 0.0
0.019677 8.00734e-05 0.0
0.0196842 7.65056e-05 0.0
0.0196909 7.30208e-05 0.0
0.0196972 6.96023e-05 0.0
0.019703 6.62342e-05 0.0
0.0197082 6.2902e-05 0.0
0.019713 5.95927e-05 0.0
0.0197173 5.62951e-05 0.0
0.0197211 5.29997e-05 0.0
0.0197243 4.96994e-05 0.0
0.0197272 4.63896e-05 0.0
0.0197295 4.30677e-05 0.0
0.0197314 3.9734e-05 0.0
0.0197329 3.6391e-05 0.0
0.0197339 3.30441e-05 0.0
0.0197346 2.97006e-05 0.0
0.0197349 2.63701e-05 0.0
0.0197348 2.30643e-05 0.0
0.0197345 1.97966e-05 0.0
0.0197338 1.65817e-05 0.0
0.0197329 1.34353e-05 0.0
0.0197317 1.03738e-05 0.0
0.0197304 7.41464e-06 0.0
0.0197289 4.57406e-06 0.0
0.0197272 1.86828e-06 0.0
0.0197254 -6.86928e-07 0.0
0.0197235 -3.07641e-06 0.0
0.0197215 -5.28903e-06 0.0
0.0197195 -7.31261e-06 0.0
0.0197175 -9.13811e-06 0.0
0.0197154 -1.07581e-05 0.0
0.0197134 -1.21708e-05 0.0
0.0197114 -1.33708e-05 0.0
0.0197094 -1.43613e-05 0.0
0.0197075 -1.51431e-05 0.0
0.0197057 -1.57261e-05 0.0
0.0197039 -1.61128e-05 0.0
0.0197022 -1.63257e-05 0.0
0.0197007 -1.63975e-05 0.0
0.0196992 -1.64052e-05 0.0
0.0 0.0 0.0
0.0 0.0 0.0
0.0192784 3.00983e-05 0.0
0.0192872 9.83462e-05 0.0
0.0193094 0.000155356 0.0
0.0193365 0.000202062 0.0
0.0193665 0.000263371 0.0
0.0194148 0.000319664 0.0
0.0194712 0.00035586 0.0
0.0195224 0.000401664 0.0
0.0195833 0.000448355 0.0
0.0196582 0.000474361 0.0
0.0197289 0.000502436 0.0
0.0197995 0.000535851 0.0
0.0198794 0.000551279 0.0
0.0199611 0.000564179 0.0
0.0200397 0.000582196 0.0
0.02012 0.00059018 0.0
0.0202018 0.00059037 0.0
0.0202834 0.000595089 0.0
0.0203635 0.000595346 0.0
0.0204414 0.000588429 0.0
0.0205186 0.000581743 0.0
0.0205959 0.000575086 0.0
0.0206697 0.000562838 0.0
0.0207395 0.00054914 0.0
0.0208092 0.000535494 0.0
0.0208774 0.000519164 0.0
0.0209403 0.000500217 0.0
0.0209998 0.00048128 0.0
0.0210588 0.000460543 0.0
0.0211143 0.000437501 0.0
0.021164 0.000413556 0.0
0.0212113 0.000388615 0.0
0.0212567 0.000361201 0.0
0.0212969 0.000332266 0.0
0.0213319 0.000302156 0.0
0.0213646 0.000269818 0.0
0.0213936 0.000234953 0.0
0.0214163 0.000198297 0.0
0.0214347 0.000159164 0.0
0.02145 0.000116818 0.0
0.0214591 7.13577e-05 0.0
0.0214617 2.25792e-05 0.0
0.0214607 -3.03915e-05 0.0
0.0214541 -8.7903e-05 0.0
0.0214385 -0.000150618 0.0
0.0214176 -0.000219291 0.0
0.0213923 -0.000294364 0.0
0.0213563 -0.000377162 0.0
0.0213103 -0.000469758 0.0
0.0212612 -0.000571674 0.0
0.0212025 -0.000684471 0.0
0.0211269 -0.000813473 0.0
0.0210455 -0.000959548 0.0
0.0209603 -0.00111917 0.0
0.0208547 -0.00130472 0.0
0.0207332 -0.00152527 0.0
0.0206144 -0.00176893 0.0
0.0204847 -0.00204052 0.0
0.0203352 -0.00239055 0.0
0.0201879 -0.00279686 0.0
0.0200481 -0.00322377 0.0
0.0199273 -0.00375973 0.0
0.0198722 -0.00450538 0.0
0.0198525 -0.00520238 0.0
0.0199137 -0.00601253 0.0
0.0202411 -0.00699362 0.0
0.0207764 -0.00780196 0.0
0.0214541 -0.00854237 0.0
0.0218768 -0.00852563 0.0
0.021974 -0.00846466 0.0
0.0216917 -0.00748239 0.0
0.021033 -0.00695399 0.0
0.0204066 -0.00588901 0.0
0.0194583 -0.00451413 0.0
0.0180469 -0.00342647 0.0
0.0164216 -0.00241652 0.0
0.0148729 -0.00165229 0.0
0.0137048 -0.00156681 0.0
0.0128872 -0.00186114 0.0
0.0121125 -0.00198746 0.0
0.011368 -0.0016518 0.0
0.01061 -0.000641255 0.0
0.00990816 -0.000220698 0.0
0.0093613 3.03056e-05 0.0
0.00889983 8.01264e-05 0.0
0.0085759 0.000129109 0.0
0.00836547 0.000210971 0.0
0.00818307 0.000226676 0.0
0.00802141 0.000245806 0.0
0.00790613 0.00027253 0.0
0.00782062 0.000295574 0.0
0.00774667 0.000297992 0.0
0.00768982 0.000308461 0.0
0.00765209 0.000319239 0.0
0.0076247 0.000325921 0.0
0.00760675 0.000327412 0.0
0.00759984 0.000331051 0.0
0.0076011 0.000336165 0.0
0.00761153 0.000339711 0.0
0.00763343 0.000339602 0.0
0.00765981 0.000338597 0.0
0.00769353 0.000351979 0.0
0.00775174 0.000352558 0.0
0.00782938 0.000341126 0.0
0.0079199 0.000391993 0.0
0.00807322 0.000511802 0.0
0.00820834 0.00100468 0.0
0.00829378 0.0013617 0.0
0.00838231 0.00154975 0.0
0.00857179 0.00121792 0.0
0.00887771 0.00101697 0.0
0.0091598 0.000877126 0.0
0.00942062 0.000793434 0.0
0.00968666 0.000717941 0.0
0.00992723 0.000663753 0.0
0.0101273 0.000634037 0.0
0.0103439 0.000602035 0.0
0.0106024 0.000690183 0.0
0.010874 0.000814191 0.0
0.0110636 0.00103803 0.0
0.011067 0.00130226 0.0
0.0109713 0.00140062 0.0
0.0109926 0.00131721 0.0
0.0111721 0.00122945 0.0
0.0114092 0.00105134 0.0
0.0116275 0.000947509 0.0
0.0118178 0.000862287 0.0
0.0120174 0.000788995 0.0
0.0122188 0.000723677 0.0
0.0123969 0.00068104 0.0
0.0125595 0.000650014 0.0
0.0127258 0.000622174 0.0
0.0128894 0.000622783 0.0
0.0130572 0.000624892 0.0
0.0132146 0.000705535 0.0
0.0133233 0.000838793 0.0
0.0134179 0.000953193 0.0
0.0134513 0.00115433 0.0
0.0134362 0.0011994 0.0
0.0134427 0.00122715 0.0
0.013454 0.00117847 0.0
0.0135183 0.00106674 0.0
0.0136376 0.00097858 0.0
0.0137709 0.000890563 0.0
0.0139035 0.000823453 0.0
0.0140364 0.000759538 0.0
0.0141686 0.000707546 0.0
0.0142975 0.000665947 0.0
0.0144245 0.000636163 0.0
0.01455 0.000610632 0.0
0.0146716 0.000594772 0.0
0.0147908 0.000587298 0.0
0.0149147 0.000589873 0.0
0.0150446 0.000601013 0.0
0.0151745 0.000626243 0.0
0.0153099 0.000654503 0.0
0.0154589 0.000723813 0.0
0.0156224 0.000822551 0.0
0.0158004 0.00093401 0.0
0.0159434 0.00112572 0.0
0.0160335 0.00135114 0.0
0.0160796 0.00161223 0.0
0.016092 0.00184728 0.0
0.0160675 0.00207327 0.0
0.0160087 0.00222829 0.0
0.0159516 0.0023844 0.0
0.0159082 0.00246826 0.0
0.0158928 0.00248373 0.0
0.015885 0.00249779 0.0
0.0158804 0.00247577 0.0
0.0159138 0.00242757 0.0
0.0159801 0.00236985 0.0
0.0160535 0.00230682 0.0
0.0161325 0.00223833 0.0
0.0162257 0.00216584 0.0
0.0163277 0.00209462 0.0
0.0164314 0.00202459 0.0
0.0165366 0.00195432 0.0
0.0166437 0.00188415 0.0
0.0167506 0.00181706 0.0
0.0168564 0.00175189 0.0
0.0169608 0.00168745 0.0
0.017063 0.00162464 0.0
0.0171625 0.00156472 0.0
0.0172597 0.00150643 0.0
0.0173539 0.00144945 0.0
0.0174449 0.00139462 0.0
0.0175329 0.0013421 0.0
0.0176179 0.00129107 0.0
0.0176997 0.0012417 0.0
0.0177784 0.00119441 0.0
0.0178541 0.00114897 0.0
0.0179269 0.001105 0.0
0.0179967 0.00106275 0.0
0.0180637 0.0010223 0.0
0.0181281 0.000983381 0.0
0.01819 0.000945891 0.0
0.0182493 0.000909972 0.0
0.0183062 0.000875535 0.0
0.018361 0.00084241 0.0
0.0184135 0.000810586 0.0
0.0184641 0.000780092 0.0
0.0185127 0.000750808 0.0
0.0185594 0.000722643 0.0
0.0186045 0.000695598 0.0
0.0186478 0.000669637 0.0
0.0186897 0.000644661 0.0
0.0187301 0.00062063 0.0
0.0187691 0.000597526 0.0
0.0188068 0.000575294 0.0
0.0188434 0.000553871 0.0
0.0188787 0.000533234 0.0
0.018913 0.000513352 0.0
0.0189463 0.000494177 0.0
0.0189787 0.000475672 0.0
0.0190101 0.000457816 0.0
0.0190407 0.000440578 0.0
0.0190706 0.000423922 0.0
0.0190997 0.000407825 0.0
0.0191281 0.000392268 0.0
0.0191558 0.000377222 0.0
0.0191829 0.000362666 0.0
0.0192095 0.00034858 0.0
0.0192355 0.000334949 0.0
0.019261 0.000321751 0.0
0.0192861 0.000308971 0.0
0.0193106 0.000296595 0.0
0.0193347 0.000284611 0.0
0.0193584 0.000273004 0.0
0.0193817 0.000261764 0.0
0.0194047 0.000250883 0.0
0.0194272 0.000240351 0.0
0.0194494 0.00023016 0.0
0.0194712 0.000220305 0.0
0.0194927 0.000210781 0.0
0.0195139 0.000201583 0.0
0.0195347 0.000192707 0.0
0.0195552 0.000184152 0.0
0.0195754 0.000175913 0.0
0.0195952 0.00016799 0.0
0.0196147 0.00016038 0.0
0.0196338 0.000153081 0.0
0.0196526 0.000146091 0.0
0.019671 0.000139407 0.0
0.0196891 0.000133026 0.0
0.0197067 0.000126944 0.0
0.019724 0.000121155 0.0
0.0197409 0.000115654 0.0
0.0197573 0.000110431 0.0
0.0197733 0.00010548 0.0
0.0197889 0.000100788 0.0
0.019804 9.63442e-05 0.0
0.0198186 9.21355e-05 0.0
0.0198327 8.81471e-05 0.0
0.0198462 8.4363e-05 0.0
0.0198593 8.07663e-05 0.0
0.0198717 7.7339e-05 0.0
0.0198837 7.40623e-05 0.0
0.019895 7.09172e-05 0.0
0.0199057 6.78843e-05 0.0
0.0199158 6.49443e-05 0.0
0.0199254 6.20783e-05 0.0
0.0199342 5.92683e-05 0.0
0.0199425 5.64972e-05 0.0
0.0199502 5.37492e-05 0.0
0.0199572 5.10102e-05 0.0
0.0199636 4.82682e-05 0.0
0.0199694 4.55131e-05 0.0
0.0199746 4.27373e-05 0.0
0.0199792 3.99357e-05 0.0
0.0199832 3.71057e-05 0.0
0.0199867 3.42475e-05 0.0
0.0199897 3.13638e-05 0.0
0.0199921 2.846e-05 0.0
0.019994 2.55439e-05 0.0
0.0199955 2.26255e-05 0.0
0.0199966 1.97167e-05 0.0
0.0199973 1.68314e-05 0.0
0.0199975 1.3985e-05 0.0
0.0199975 1.11931e-05 0.0
0.0199972 8.47281e-06 0.0
0.0199965 5.84162e-06 0.0
0.0199957 3.31633e-06 0.0
0.0199946 9.12213e-07 0.0
0.0199933 -1.35357e-06 0.0
0.0199919 -3.46745e-06 0.0
0.0199904 -5.41726e-06 0.0
0.0199887 -7.19316e-06 0.0
0.019987 -8.78365e-06 0.0
0.0199853 -1.01861e-05 0.0
0.0199835 -1.13949e-05 0.0
0.0199817 -1.24113e-05 0.0
0.0199799 -1.32323e-05 0.0
0.0199782 -1.38708e-05 0.0
0.0199765 -1.4326e-05 0.0
0.0199748 -1.46222e-05 0.0
0.0199732 -1.47848e-05 0.0
0.0199717 -1.48414e-05 0.0
0.0 0.0 0.0
0.0 0.0 0.0
0.0192729 3.11944e-05 0.0
0.0192846 7.75806e-05 0.0
0.0193069 0.000126485 0.0
0.0193298 0.000181344 0.0
0.0193612 0.000226219 0.0
0.0194056 0.000261774 0.0
0.0194514 0.000308357 0.0
0.0195021 0.000352681 0.0
0.0195627 0.000375685 0.0
0.0196257 0.000404335 0.0
0.0196905 0.000441231 0.0
0.0197617 0.00045906 0.0
0.0198341 0.000469793 0.0
0.0199074 0.000492064 0.0
0.0199839 0.000505573 0.0
0.0200602 0.000507099 0.0
0.0201359 0.00051254 0.0
0.0202138 0.000519308 0.0
0.0202899 0.000516436 0.0
0.0203638 0.000511152 0.0
0.020439 0.000508011 0.0
0.0205127 0.000501995 0.0
0.0205821 0.000491046 0.0
0.0206511 0.000480094 0.0
0.0207199 0.000468819 0.0
0.020784 0.000454966 0.0
0.0208448 0.000438836 0.0
0.0209054 0.0004224 0.0
0.0209631 0.000404796 0.0
0.0210155 0.000385424 0.0
0.0210657 0.000364477 0.0
0.0211142 0.000342553 0.0
0.0211579 0.000319293 0.0
0.0211969 0.000294437 0.0
0.0212337 0.000267662 0.0
0.0212667 0.000239336 0.0
0.0212941 0.000209442 0.0
0.0213174 0.000177223 0.0
0.021337 0.00014221 0.0
0.0213511 0.000105143 0.0
0.0213592 6.55428e-05 0.0
0.0213628 2.18597e-05 0.0
0.0213604 -2.56334e-05 0.0
0.0213508 -7.613e-05 0.0
0.0213349 -0.000131808 0.0
0.0213123 -0.000194165 0.0
0.0212808 -0.000261499 0.0
0.0212406 -0.000334905 0.0
0.0211925 -0.000418733 0.0
0.0211337 -0.000512213 0.0
0.0210627 -0.000614036 0.0
0.0209812 -0.000730237 0.0
0.0208872 -0.000864849 0.0
0.0207769 -0.00101429 0.0
0.0206526 -0.00118488 0.0
0.0205123 -0.00138624 0.0
0.0203528 -0.00161909 0.0
0.0201783 -0.0018882 0.0
0.0199853 -0.0022147 0.0
0.0197633 -0.00259552 0.0
0.01955 -0.00305867 0.0
0.0193591 -0.00363856 0.0
0.0191104 -0.00433589 0.0
0.0188822 -0.00513399 0.0
0.0189993 -0.00628829 0.0
0.0193112 -0.007282 0.0
0.0194847 -0.0083198 0.0
0.0198009 -0.00910366 0.0
0.019992 -0.00855736 0.0
0.0199041 -0.00821053 0.0
0.0192894 -0.00679324 0.0
0.0175836 -0.00559286 0.0
0.0154787 -0.00463747 0.0
0.0136152 -0.00320802 0.0
0.01189 -0.00161383 0.0
0.0104451 -0.000891947 0.0
0.00931139 -0.000394903 0.0
0.00813672 -0.000466644 0.0
0.00692919 -0.00090652 0.0
0.00596808 -0.00120559 0.0
0.00494881 -0.000596246 0.0
0.00390831 7.27974e-05 0.0
0.00342599 0.000274301 0.0
0.00327603 0.000326428 0.0
0.00317443 0.00033007 0.0
0.00306052 0.000307602 0.0
0.00296946 0.000338641 0.0
0.00291654 0.000340029 0.0
0.00286741 0.000338161 0.0
0.00282485 0.000336901 0.0
0.00279667 0.000344991 0.0
0.00277697 0.000340973 0.0
0.00275825 0.000338836 0.0
0.00274546 0.000338483 0.0
0.00273931 0.00033875 0.0
0.00273607 0.000334477 0.0
0.00273421 0.000331441 0.0
0.00273653 0.000330506 0.0
0.00274281 0.000327333 0.0
0.002751 0.000322771 0.0
0.00275951 0.000318271 0.0
0.00277522 0.000320812 0.0
0.00279514 0.000310613 0.0
0.00280885 0.000303367 0.0
0.00281833 0.000302283 0.0
0.00291843 0.000361432 0.0
0.00327191 0.000700327 0.0
0.00364395 0.0012289 0.0
0.00405981 0.0011665 0.0
0.00468378 0.000799411 0.0
0.00519527 0.00064175 0.0
0.00550988 0.000612512 0.0
0.00575791 0.000532686 0.0
0.00599833 0.000474232 0.0
0.00620368 0.000456475 0.0
0.00638301 0.000436433 0.0
0.0065609 0.000398257 0.0
0.0067397 0.000431985 0.0
0.00695682 0.000532863 0.0
0.00714388 0.000969059 0.0
0.00728141 0.00127942 0.0
0.00741293 0.00143896 0.0
0.00762282 0.00112924 0.0
0.00792759 0.000938612 0.0
0.00820566 0.000803866 0.0
0.00845621 0.00072242 0.0
0.00869789 0.000645538 0.0
0.00891107 0.00058267 0.0
0.00908924 0.000539982 0.0
0.00925859 0.000509947 0.0
0.00942899 0.000483839 0.0
0.00958578 0.00046816 0.0
0.00972151 0.000465992 0.0
0.00987563 0.000450992 0.0
0.010072 0.000550137 0.0
0.0102899 0.000682403 0.0
0.0104349 0.000905019 0.0
0.0104048 0.00115806 0.0
0.0102903 0.00125077 0.0
0.0102944 0.00117179 0.0
0.0104479 0.00108542 0.0
0.0106528 0.000918891 0.0
0.0108411 0.000821795 0.0
0.0110054 0.00074103 0.0
0.0111766 0.000672447 0.0
0.0113484 0.000611128 0.0
0.0115 0.000569786 0.0
0.0116363 0.000533942 0.0
0.0117722 0.000505365 0.0
0.0119038 0.00048458 0.0
0.0120266 0.000472952 0.0
0.0121487 0.00046413 0.0
0.0122748 0.000462699 0.0
0.0124014 0.000470066 0.0
0.0125312 0.00048907 0.0
0.0126738 0.00050948 0.0
0.0128325 0.000563229 0.0
0.0130178 0.000620767 0.0
0.013205 0.000767792 0.0
0.0133558 0.000998238 0.0
0.0135234 0.00123552 0.0
0.0136417 0.0015927 0.0
0.0136696 0.00184014 0.0
0.0136784 0.00208818 0.0
0.0136483 0.00230803 0.0
0.0136317 0.00239684 0.0
0.0136515 0.00246491 0.0
0.0136778 0.0024695 0.0
0.0137422 0.00246425 0.0
0.0138506 0.00241451 0.0
0.0139811 0.00233215 0.0
0.0141202 0.00225962 0.0
0.0142773 0.0021884 0.0
0.014453 0.00210838 0.0
0.0146301 0.00202894 0.0
0.0148012 0.00195713 0.0
0.0149755 0.00188511 0.0
0.0151535 0.00181367 0.0
0.0153259 0.0017461 0.0
0.0154918 0.00168169 0.0
0.0156562 0.00161793 0.0
0.0158177 0.00155676 0.0
0.0159724 0.00149847 0.0
0.0161217 0.00144191 0.0
0.0162676 0.00138688 0.0
0.0164084 0.00133438 0.0
0.0165431 0.00128386 0.0
0.0166733 0.00123488 0.0
0.0167992 0.00118772 0.0
0.0169199 0.00114262 0.0
0.0170357 0.00109909 0.0
0.0171474 0.0010571 0.0
0.0172548 0.00101684 0.0
0.0173577 0.000978224 0.0
0.0174566 0.000940992 0.0
0.0175518 0.000905221 0.0
0.0176432 0.000870934 0.0
0.0177309 0.000837986 0.0
0.0178153 0.000806282 0.0
0.0178965 0.00077586 0.0
0.0179745 0.000746661 0.0
0.0180495 0.000718576 0.0
0.0181217 0.00069157 0.0
0.0181913 0.000665634 0.0
0.0182583 0.00064069 0.0
0.0183229 0.000616674 0.0
0.0183852 0.000593564 0.0
0.0184453 0.000571323 0.0
0.0185033 0.000549888 0.0
0.0185594 0.000529222 0.0
0.0186137 0.000509301 0.0
0.0186661 0.000490083 0.0
0.0187169 0.000471527 0.0
0.0187661 0.000453607 0.0
0.0188138 0.000436298 0.0
0.0188601 0.000419566 0.0
0.0189051 0.000403384 0.0
0.0189487 0.000387731 0.0
0.0189912 0.000372585 0.0
0.0190325 0.000357922 0.0
0.0190727 0.000343722 0.0
0.0191119 0.00032997 0.0
0.0191501 0.000316647 0.0
0.0191873 0.000303737 0.0
0.0192237 0.000291225 0.0
0.0192592 0.0002791 0.0
0.0192939 0.000267348 0.0
0.0193278 0.000255958 0.0
0.0193609 0.000244922 0.0
0.0193934 0.000234232 0.0
0.0194251 0.000223878 0.0
0.0194562 0.000213856 0.0
0.0194866 0.000204161 0.0
0.0195164 0.000194788 0.0
0.0195456 0.000185734 0.0
0.0195742 0.000176997 0.0
0.0196023 0.000168576 0.0
0.0196297 0.00016047 0.0
0.0196566 0.000152678 0.0
0.0196829 0.0001452 0.0
0.0197087 0.000138036 0.0
0.019734 0.000131187 0.0
0.0197586 0.00012465 0.0
0.0197828 0.000118425 0.0
0.0198063 0.000112511 0.0
0.0198294 0.000106905 0.0
0.0198518 0.000101602 0.0
0.0198737 9.65979e-05 0.0
0.019895 9.18858e-05 0.0
0.0199157 8.74575e-05 0.0
0.0199357 8.33035e-05 0.0
0.0199552 7.94124e-05 0.0
0.0199741 7.57711e-05 0.0
0.0199922 7.23651e-05 0.0
0.0200098 6.91784e-05 0.0
0.0200267 6.61935e-05 0.0
0.0200428 6.33918e-05 0.0
0.0200583 6.07536e-05 0.0
0.0200731 5.82587e-05 0.0
0.0200872 5.58861e-05 0.0
0.0201005 5.3615e-05 0.0
0.0201131 5.14244e-05 0.0
0.020125 4.92943e-05 0.0
0.0201362 4.7205e-05 0.0
0.0201466 4.51385e-05 0.0
0.0201562 4.30779e-05 0.0
0.0201652 4.10084e-05 0.0
0.0201734 3.89172e-05 0.0
0.0201809 3.67937e-05 0.0
0.0201877 3.463e-05 0.0
0.0201938 3.24208e-05 0.0
0.0201993 3.01636e-05 0.0
0.0202041 2.78586e-05 0.0
0.0202082 2.55088e-05 0.0
0.0202118 2.31198e-05 0.0
0.0202149 2.06999e-05 0.0
0.0202173 1.82595e-05 0.0
0.0202193 1.58108e-05 0.0
0.0202208 1.33683e-05 0.0
0.0202219 1.09476e-05 0.0
0.0202226 8.5649e-06 0.0
0.0202229 6.23715e-06 0.0
0.0202229 3.98257e-06 0.0
0.0202225 1.81718e-06 0.0
0.0202219 -2.42451e-07 0.0
0.0202211 -2.18108e-06 0.0
0.0202201 -3.98352e-06 0.0
0.0202189 -5.64008e-06 0.0
0.0202176 -7.13847e-06 0.0
0.0202162 -8.47257e-06 0.0
0.0202146 -9.6344e-06 0.0
0.020213 -1.06265e-05 0.0
0.0202114 -1.14428e-05 0.0
0.0202098 -1.20942e-05 0.0
0.0202081 -1.25786e-05 0.0
0.0202065 -1.29237e-05 0.0
0.0202049 -1.31464e-05 0.0
0.0202034 -1.32359e-05 0.0
0.0 0.0 0.0
0.0 0.0 0.0
0.0192809 2.67903e-05 0.0
0.0192906 6.4405e-05 0.0
0.0193013 0.000107718 0.0
0.0193251 0.000152829 0.0
0.0193601 0.000187642 0.0
0.0193942 0.000223883 0.0
0.0194339 0.000263678 0.0
0.019488 0.000291799 0.0
0.0195429 0.000317931 0.0
0.0195967 0.000350337 0.0
0.01966 0.00037008 0.0
0.0197289 0.000384466 0.0
0.019795 0.000406572 0.0
0.0198635 0.000420656 0.0
0.0199365 0.000424244 0.0
0.0200099 0.000434497 0.0
0.0200822 0.000442976 0.0
0.0201546 0.000441043 0.0
0.0202277 0.000439713 0.0
0.020301 0.000441737 0.0
0.0203719 0.000436736 0.0
0.0204408 0.000428422 0.0
0.02051 0.000422723 0.0
0.0205781 0.000415145 0.0
0.0206421 0.000403001 0.0
0.020704 0.000391392 0.0
0.0207657 0.000379827 0.0
0.0208244 0.000365409 0.0
0.0208784 0.000349506 0.0
0.0209308 0.000333869 0.0
0.0209816 0.000316534 0.0
0.0210278 0.000297382 0.0
0.0210696 0.000277567 0.0
0.0211095 0.000256633 0.0
0.0211462 0.000233723 0.0
0.0211771 0.00020951 0.0
0.0212039 0.000183837 0.0
0.021228 0.00015605 0.0
0.0212465 0.000126238 0.0
0.0212585 9.43496e-05 0.0
0.0212666 5.96577e-05 0.0
0.0212699 2.21528e-05 0.0
0.0212646 -1.83637e-05 0.0
0.0212527 -6.29397e-05 0.0
0.0212363 -0.000111724 0.0
0.0212104 -0.000164713 0.0
0.021173 -0.000223702 0.0
0.02113 -0.000289586 0.0
0.0210782 -0.000361582 0.0
0.0210089 -0.00044225 0.0
0.020928 -0.000534842 0.0
0.0208411 -0.000637598 0.0
0.020733 -0.000752582 0.0
0.0205988 -0.000888694 0.0
0.020458 -0.00104513 0.0
0.020301 -0.00121874 0.0
0.0200988 -0.00143008 0.0
0.0198713 -0.00168911 0.0
0.0196442 -0.00197775 0.0
0.0193693 -0.00232594 0.0
0.0190265 -0.00280674 0.0
0.0186799 -0.00336478 0.0
0.0183572 -0.00399462 0.0
0.0180187 -0.00495837 0.0
0.0176798 -0.00632235 0.0
0.0174344 -0.00736984 0.0
0.0176832 -0.00871644 0.0
0.0181308 -0.00906435 0.0
0.0178848 -0.0086067 0.0
0.0163435 -0.00691395 0.0
0.0136948 -0.00503425 0.0
0.0106312 -0.00286577 0.0
0.00820412 -0.00254485 0.0
0.00623926 -0.00114586 0.0
0.00440045 -0.000117305 0.0
0.00341529 0.000155822 0.0
0.00298881 0.000323292 0.0
0.00272366 0.000336416 0.0
0.00226824 0.000156032 0.0
0.00126205 -3.68072e-05 0.0
0.0 0.0 0.0
0.0 0.0 0.0
0.0 0.0 0.0
0.0 0.0 0.0
0.0 0.0 0.0
0.0 0.0 0.0
0.0 0.0 0.0
0.0 0.0 0.0
0.0 0.0 0.0
0.0 0.0 0.0
0.0 0.0 0.0
0.0 0.0 0.0
0.0 0.0 0.0
0.0 0.0 0.0
0.0 0.0 0.0
0.0 0.0 0.0
0.0 0.0 0.0
0.0 0.0 0.0
0.0 0.0 0.0
0.0 0.0 0.0
0.0 0.0 0.0
0.0 0.0 0.0
0.0 0.0 0.0
0.0 0.0 0.0
0.0 0.0 0.0
0.0 0.0 0.0
0.0 0.0 0.0
0.000429289 0.000598469 0.0
0.00119184 0.000479216 0.0
0.00151328 0.000350627 0.0
0.00166454 0.000331396 0.0
0.00185041 0.000367948 0.0
0.00201587 0.000332558 0.0
0.00210629 0.000309652 0.0
0.00218637 0.000313474 0.0
0.0022718 0.000308228 0.0
0.00233334 0.00029011 0.0
0.00237434 0.000286998 0.0
0.00249761 0.000342675 0.0
0.00284865 0.000646999 0.0
0.00320887 0.00111885 0.0
0.0036012 0.00106143 0.0
0.00417889 0.000728879 0.0
0.00465164 0.000583511 0.0
0.00494006 0.000554431 0.0
0.00516468 0.000482643 0.0
0.00538316 0.000429029 0.0
0.00556473 0.000402747 0.0
0.00570842 0.00038485 0.0
0.00584268 0.00035748 0.0
0.00596522 0.000340589 0.0
0.00607299 0.000340181 0.0
0.00618681 0.000328448 0.0
0.00630899 0.00030783 0.0
0.00643341 0.000347709 0.0
0.00660394 0.000449355 0.0
0.00675617 0.000869342 0.0
0.00686429 0.00116309 0.0
0.00697206 0.00130125 0.0
0.00715531 0.00100916 0.0
0.00742508 0.000829061 0.0
0.0076705 0.000702767 0.0
0.00789141 0.000625152 0.0
0.00810223 0.000553544 0.0
0.00828443 0.000495171 0.0
0.00843732 0.000453716 0.0
0.00858243 0.000425003 0.0
0.00872015 0.000399152 0.0
0.0088419 0.000377709 0.0
0.00895318 0.000364276 0.0
0.00906565 0.000354371 0.0
0.00917815 0.000347013 0.0
0.00928352 0.000345425 0.0
0.00939108 0.000347968 0.0
0.00951661 0.000355303 0.0
0.00965145 0.000372154 0.0
0.00978211 0.000400248 0.0
0.00994963 0.00041977 0.0
0.0101869 0.000571696 0.0
0.0104751 0.000771938 0.0
0.0107164 0.00108523 0.0
0.0107792 0.00151916 0.0
0.0107317 0.00185246 0.0
0.0107874 0.00203423 0.0
0.0109352 0.00227652 0.0
0.0110847 0.00232504 0.0
0.0112166 0.00239855 0.0
0.0113227 0.00240189 0.0
0.0114893 0.00231256 0.0
0.0117288 0.00222524 0.0
0.0119856 0.00214435 0.0
0.0122427 0.00205899 0.0
0.0125076 0.00196795 0.0
0.0127728 0.00188787 0.0
0.0130344 0.00181448 0.0
0.0132948 0.00174225 0.0
0.013549 0.00167086 0.0
0.013793 0.00160601 0.0
0.0140307 0.00154475 0.0
0.0142634 0.00148459 0.0
0.0144869 0.00142651 0.0
0.0147013 0.00137242 0.0
0.0149093 0.00132028 0.0
0.0151104 0.00126939 0.0
0.0153028 0.00122075 0.0
0.0154878 0.00117466 0.0
0.0156666 0.00112992 0.0
0.0158384 0.00108664 0.0
0.0160028 0.00104536 0.0
0.0161611 0.00100582 0.0
0.0163135 0.0009675 0.0
0.0164596 0.000930674 0.0
0.0165998 0.000895473 0.0
0.0167348 0.000861599 0.0
0.0168644 0.000828899 0.0
0.0169888 0.000797556 0.0
0.0171083 0.000767504 0.0
0.0172234 0.000738547 0.0
0.0173339 0.000710674 0.0
0.0174401 0.000683945 0.0
0.0175423 0.000658243 0.0
0.0176407 0.000633472 0.0
0.0177353 0.000609643 0.0
0.0178265 0.000586738 0.0
0.0179144 0.000564661 0.0
0.017999 0.000543371 0.0
0.0180806 0.000522863 0.0
0.0181594 0.000503093 0.0
0.0182354 0.000483997 0.0
0.0183089 0.000465558 0.0
0.0183798 0.000447757 0.0
0.0184484 0.000430548 0.0
0.0185147 0.000413898 0.0
0.0185789 0.000397793 0.0
0.0186411 0.000382208 0.0
0.0187014 0.000367112 0.0
0.0187598 0.000352484 0.0
0.0188164 0.000338312 0.0
0.0188714 0.000324573 0.0
0.0189248 0.000311247 0.0
0.0189767 0.000298322 0.0
0.0190271 0.000285785 0.0
0.0190762 0.00027362 0.0
0.0191239 0.000261814 0.0
0.0191704 0.000250358 0.0
0.0192157 0.000239242 0.0
0.0192598 0.000228456 0.0
0.0193028 0.000217993 0.0
0.0193447 0.000207847 0.0
0.0193856 0.000198012 0.0
0.0194256 0.000188483 0.0
0.0194646 0.000179257 0.0
0.0195026 0.000170332 0.0
0.0195398 0.000161707 0.0
0.0195761 0.00015338 0.0
0.0196116 0.000145352 0.0
0.0196462 0.000137624 0.0
0.0196801 0.000130197 0.0
0.0197131 0.000123073 0.0
0.0197454 0.000116255 0.0
0.019777 0.000109743 0.0
0.0198078 0.000103541 0.0
0.0198378 9.76487e-05 0.0
0.0198671 9.2068e-05 0.0
0.0198957 8.67985e-05 0.0
0.0199236 8.18392e-05 0.0
0.0199507 7.71879e-05 0.0
0.0199771 7.28408e-05 0.0
0.0200028 6.87928e-05 0.0
0.0200277 6.5037e-05 0.0
0.0200519 6.15645e-05 0.0
0.0200753 5.83649e-05 0.0
0.020098 5.54258e-05 0.0
0.0201199 5.2733e-05 0.0
0.020141 5.02707e-05 0.0
0.0201613 4.80211e-05 0.0
0.0201808 4.59655e-05 0.0
0.0201996 4.40834e-05 0.0
0.0202175 4.23538e-05 0.0
0.0202346 4.07546e-05 0.0
0.0202508 3.92635e-05 0.0
0.0202663 3.78581e-05 0.0
0.0202809 3.65161e-05 0.0
0.0202946 3.52161e-05 0.0
0.0203075 3.39375e-05 0.0
0.0203196 3.26611e-05 0.0
0.0203309 3.13694e-05 0.0
0.0203413 3.00469e-05 0.0
0.0203509 2.86803e-05 0.0
0.0203598 2.7259e-05 0.0
0.0203678 2.57747e-05 0.0
0.0203751 2.42221e-05 0.0
0.0203816 2.2599e-05 0.0
0.0203875 2.09059e-05 0.0
0.0203926 1.9146e-05 0.0
0.0203971 1.73253e-05 0.0
0.0204009 1.54528e-05 0.0
0.0204042 1.35389e-05 0.0
0.0204069 1.15966e-05 0.0
0.020409 9.64069e-06 0.0
0.0204107 7.68738e-06 0.0
0.0204119 5.75247e-06 0.0
0.0204127 3.85395e-06 0.0
0.0204131 2.00936e-06 0.0
0.0204132 2.35662e-07 0.0
0.020413 -1.45224e-06 0.0
0.0204125 -3.03704e-06 0.0
0.0204118 -4.50685e-06 0.0
0.0204108 -5.849e-06 0.0
0.0204097 -7.05613e-06 0.0
0.0204085 -8.11689e-06 0.0
0.0204071 -9.03272e-06 0.0
0.0204057 -9.79625e-06 0.0
0.0204042 -1.04171e-05 0.0
0.0204026 -1.08899e-05 0.0
0.020401 -1.12434e-05 0.0
0.0203994 -1.14892e-05 0.0
0.0203979 -1.15939e-05 0.0
0.0 0.0 0.0
0.0 0.0 0.0
0.0192808 1.81372e-05 0.0
0.0192861 5.70523e-05 0.0
0.0193004 9.20677e-05 0.0
0.019325 0.000120425 0.0
0.0193526 0.000154867 0.0
0.0193855 0.000191309 0.0
0.019428 0.000214991 0.0
0.0194743 0.000238091 0.0
0.0195225 0.000269528 0.0
0.0195793 0.000290938 0.0
0.0196394 0.000302944 0.0
0.0196989 0.000323568 0.0
0.0197636 0.000341054 0.0
0.0198323 0.000347119 0.0
0.0198991 0.000355375 0.0
0.0199676 0.000366261 0.0
0.0200388 0.000368905 0.0
0.0201087 0.00036888 0.0
0.0201781 0.000371103 0.0
0.0202483 0.000370763 0.0
0.0203168 0.00036605 0.0
0.0203842 0.000361489 0.0
0.0204513 0.000356589 0.0
0.020516 0.000349389 0.0
0.0205782 0.000340386 0.0
0.02064 0.000331167 0.0
0.0206994 0.00032099 0.0
0.0207549 0.000309466 0.0
0.0208088 0.000296719 0.0
0.0208612 0.000283313 0.0
0.0209091 0.000269043 0.0
0.0209535 0.00025367 0.0
0.0209961 0.000236938 0.0
0.0210351 0.000219273 0.0
0.021069 0.000200709 0.0
0.0210996 0.000180677 0.0
0.021127 0.000158812 0.0
0.0211488 0.000135748 0.0
0.0211654 0.000111355 0.0
0.021178 8.44588e-05 0.0
0.0211849 5.50644e-05 0.0
0.0211847 2.41059e-05 0.0
0.0211788 -9.5412e-06 0.0
0.0211667 -4.7508e-05 0.0
0.0211453 -8.85481e-05 0.0
0.0211155 -0.00013235 0.0
0.0210784 -0.000182075 0.0
0.0210299 -0.000238394 0.0
0.0209682 -0.000298599 0.0
0.0208966 -0.000365799 0.0
0.0208119 -0.000444815 0.0
0.0207068 -0.000532859 0.0
0.0205853 -0.000629001 0.0
0.0204488 -0.00074352 0.0
0.0202839 -0.000878886 0.0
0.0200874 -0.00102981 0.0
0.0198711 -0.00120683 0.0
0.0196182 -0.00142763 0.0
0.019309 -0.00168947 0.0
0.0189605 -0.00200293 0.0
0.0185688 -0.00240209 0.0
0.0180889 -0.00291504 0.0
0.017552 -0.00358225 0.0
0.0169425 -0.0044899 0.0
0.0161746 -0.00566135 0.0
0.0156069 -0.00728279 0.0
0.0156932 -0.00915284 0.0
0.0150151 -0.00832549 0.0
0.0125992 -0.00706015 0.0
0.0093919 -0.00398954 0.0
0.00630545 -0.00173094 0.0
0.00391555 -0.000259211 0.0
0.00182512 -0.000284223 0.0
0.0 0.0 0.0
0.0 0.0 0.0
0.0 0.0 0.0
0.0 0.0 0.0
0.0 0.0 0.0
0.0 0.0 0.0
0.0 0.0 0.0
0.0 0.0 0.0
0.0 0.0 0.0
0.0 0.0 0.0
0.0 0.0 0.0
0.0 0.0 0.0
0.0 0.0 0.0
0.0 0.0 0.0
0.0 0.0 0.0
0.0 0.0 0.0
0.0 0.0 0.0
0.0 0.0 0.0
0.0 0.0 0.0
0.0 0.0 0.0
0.0 0.0 0.0
0.0 0.0 0.0
0.0 0.0 0.0
0.0 0.0 0.0
0.0 0.0 0.0
0.0 0.0 0.0
0.0 0.0 0.0
0.0 0.0 0.0
0.0 0.0 0.0
0.0 0.0 0.0
0.0 0.0 0.0
0.0 0.0 0.0
0.0 0.0 0.0
0.0 0.0 0.0
0.0 0.0 0.0
0.0 0.0 0.0
0.0 0.0 0.0
0.0 0.0 0.0
0.0 0.0 0.0
0.0 0.0 0.0
0.0 0.0 0.0
0.0 0.0 0.0
0.0 0.0 0.0
0.0 0.0 0.0
0.0 0.0 0.0
0.0 0.0 0.0
0.0 0.0 0.0
0.000382653 0.0005438 0.0
0.00107149 0.000436055 0.0
0.00136183 0.000319128 0.0
0.00149786 0.000300779 0.0
0.00166526 0.000333821 0.0
0.00181416 0.000302093 0.0
0.0018958 0.000281392 0.0
0.00196445 0.000280914 0.0
0.00203662 0.000280494 0.0
0.00209328 0.000266132 0.0
0.00213441 0.000259166 0.0
0.00218009 0.000261799 0.0
0.00222487 0.000250929 0.0
0.00225559 0.000240885 0.0
0.00227929 0.000240122 0.0
0.00238246 0.000292452 0.0
0.00270185 0.000581588 0.0
0.00303654 0.0010212 0.0
0.00340287 0.00095883 0.0
0.003934 0.000647816 0.0
0.00436338 0.000511439 0.0
0.00462244 0.000482179 0.0
0.00482135 0.000414494 0.0
0.00501346 0.000366256 0.0
0.00517249 0.00034055 0.0
0.00529512 0.000322893 0.0
0.00540595 0.000298028 0.0
0.00550885 0.000285821 0.0
0.00559855 0.000276637 0.0
0.0056812 0.000267512 0.0
0.0057622 0.000256135 0.0
0.00583957 0.000253868 0.0
0.00591675 0.000251623 0.0
0.00599967 0.000247174 0.0
0.00608435 0.000242329 0.0
0.0061727 0.00025642 0.0
0.00628314 0.000257314 0.0
0.00642107 0.000250906 0.0
0.00658372 0.000315654 0.0
0.00680994 0.000454809 0.0
0.00704082 0.000950862 0.0
0.00728977 0.00140262 0.0
0.00762207 0.00176422 0.0
0.00797292 0.001843 0.0
0.00823282 0.00203591 0.0
0.00836885 0.00218918 0.0
0.00857181 0.00220443 0.0
0.0089328 0.00215281 0.0
0.00933843 0.00201669 0.0
0.00971041 0.00191223 0.0
0.0100796 0.00182328 0.0
0.0104726 0.00173325 0.0
0.0108605 0.00164803 0.0
0.0112212 0.00157883 0.0
0.0115683 0.00151014 0.0
0.0119113 0.0014445 0.0
0.0122402 0.00138607 0.0
0.012552 0.00133208 0.0
0.0128534 0.00127783 0.0
0.0131452 0.00122739 0.0
0.0134233 0.00118091 0.0
0.0136895 0.00113562 0.0
0.0139466 0.00109129 0.0
0.0141935 0.00105003 0.0
0.0144293 0.00101067 0.0
0.0146559 0.000972097 0.0
0.0148741 0.000935073 0.0
0.0150831 0.000900129 0.0
0.0152833 0.000866285 0.0
0.0154758 0.00083342 0.0
0.0156608 0.000802069 0.0
0.0158381 0.000772106 0.0
0.0160083 0.000743032 0.0
0.0161719 0.000715028 0.0
0.016329 0.000688272 0.0
0.0164798 0.000662517 0.0
0.0166248 0.000637599 0.0
0.0167642 0.000613676 0.0
0.0168981 0.000590722 0.0
0.0170268 0.000568558 0.0
0.0171507 0.000547167 0.0
0.01727 0.000526611 0.0
0.0173847 0.000506802 0.0
0.0174952 0.00048765 0.0
0.0176016 0.000469171 0.0
0.0177042 0.000451356 0.0
0.0178031 0.000434129 0.0
0.0178985 0.000417455 0.0
0.0179906 0.000401339 0.0
0.0180794 0.000385748 0.0
0.0181652 0.000370633 0.0
0.0182482 0.000355984 0.0
0.0183283 0.000341789 0.0
0.0184059 0.000328018 0.0
0.0184809 0.000314645 0.0
0.0185535 0.000301664 0.0
0.0186239 0.00028906 0.0
0.0186921 0.00027681 0.0
0.0187582 0.000264902 0.0
0.0188223 0.000253331 0.0
0.0188845 0.000242081 0.0
0.0189449 0.00023114 0.0
0.0190035 0.000220502 0.0
0.0190605 0.000210159 0.0
0.0191159 0.000200104 0.0
0.0191697 0.000190328 0.0
0.0192221 0.000180829 0.0
0.0192731 0.000171603 0.0
0.0193228 0.000162644 0.0
0.0193711 0.000153952 0.0
0.0194182 0.000145526 0.0
0.0194641 0.000137364 0.0
0.0195088 0.000129467 0.0
0.0195524 0.000121838 0.0
0.0195948 0.000114478 0.0
0.0196363 0.000107389 0.0
0.0196766 0.000100577 0.0
0.019716 9.40436e-05 0.0
0.0197544 8.77945e-05 0.0
0.0197919 8.18337e-05 0.0
0.0198284 7.61656e-05 0.0
0.0198639 7.07946e-05 0.0
0.0198986 6.57241e-05 0.0
0.0199324 6.09572e-05 0.0
0.0199653 5.64958e-05 0.0
0.0199973 5.2341e-05 0.0
0.0200284 4.84922e-05 0.0
0.0200586 4.49474e-05 0.0
0.020088 4.17032e-05 0.0
0.0201165 3.87538e-05 0.0
0.0201442 3.60919e-05 0.0
0.020171 3.3708e-05 0.0
0.0201969 3.15906e-05 0.0
0.0202219 2.97263e-05 0.0
0.0202461 2.80994e-05 0.0
0.0202693 2.66928e-05 0.0
0.0202917 2.54873e-05 0.0
0.0203132 2.44625e-05 0.0
0.0203337 2.35966e-05 0.0
0.0203534 2.28668e-05 0.0
0.0203722 2.22496e-05 0.0
0.02039 2.17214e-05 0.0
0.0204069 2.12583e-05 0.0
0.0204229 2.0837e-05 0.0
0.020438 2.04349e-05 0.0
0.0204521 2.00307e-05 0.0
0.0204654 1.96044e-05 0.0
0.0204778 1.91379e-05 0.0
0.0204892 1.86155e-05 0.0
0.0204998 1.80234e-05 0.0
0.0205096 1.73511e-05 0.0
0.0205185 1.65905e-05 0.0
0.0205266 1.57364e-05 0.0
0.0205339 1.4787e-05 0.0
0.0205404 1.3743e-05 0.0
0.0205462 1.26082e-05 0.0
0.0205512 1.13893e-05 0.0
0.0205556 1.00954e-05 0.0
0.0205594 8.73782e-06 0.0
0.0205626 7.32963e-06 0.0
0.0205652 5.88638e-06 0.0
0.0205672 4.42402e-06 0.0
0.0205688 2.95949e-06 0.0
0.0205699 1.50992e-06 0.0
0.0205706 9.38813e-08 0.0
0.020571 -1.27307e-06 0.0
0.020571 -2.57406e-06 0.0
0.0205707 -3.79516e-06 0.0
0.0205702 -4.92111e-06 0.0
0.0205694 -5.94422e-06 0.0
0.0205684 -6.85186e-06 0.0
0.0205673 -7.64202e-06 0.0
0.020566 -8.30537e-06 0.0
0.0205646 -8.85119e-06 0.0
0.0205632 -9.27127e-06 0.0
0.0205616 -9.59148e-06 0.0
0.0205601 -9.8209e-06 0.0
0.0205585 -9.92087e-06 0.0
0.0 0.0 0.0
0.0 0.0 0.0
0.0192791 1.53089e-05 0.0
0.0192868 4.53911e-05 0.0
0.0193029 7.24253e-05 0.0
0.019322 9.85155e-05 0.0
0.0193459 0.000127046 0.0
0.0193812 0.000150585 0.0
0.019421 0.000171763 0.0
0.0194613 0.00019744 0.0
0.0195092 0.000216546 0.0
0.0195643 0.000229359 0.0
0.0196191 0.000248997 0.0
0.0196767 0.000265566 0.0
0.0197396 0.000270552 0.0
0.0198041 0.000280789 0.0
0.0198687 0.000293916 0.0
0.0199352 0.000295839 0.0
0.0200029 0.000296239 0.0
0.0200711 0.000303351 0.0
0.0201387 0.000304418 0.0
0.0202054 0.000299405 0.0
0.0202725 0.00029858 0.0
0.0203392 0.000298087 0.0
0.0204031 0.000291316 0.0
0.0204656 0.000284593 0.0
0.0205279 0.000280206 0.0
0.0205879 0.000272965 0.0
0.0206443 0.000263075 0.0
0.0206994 0.00025455 0.0
0.0207531 0.000245572 0.0
0.0208029 0.000234256 0.0
0.0208493 0.000222403 0.0
0.0208938 0.000210708 0.0
0.0209354 0.000197591 0.0
0.0209722 0.000183257 0.0
0.0210054 0.00016836 0.0
0.0210359 0.000152439 0.0
0.0210617 0.000135221 0.0
0.0210818 0.000116861 0.0
0.021098 9.69635e-05 0.0
0.0211098 7.55583e-05 0.0
0.0211145 5.27534e-05 0.0
0.0211126 2.76205e-05 0.0
0.021106 6.5495e-09 0.0
0.0210917 -2.93614e-05 0.0
0.021067 -6.15725e-05 0.0
0.0210352 -9.82012e-05 0.0
0.0209959 -0.000137758 0.0
0.0209423 -0.000180516 0.0
0.0208753 -0.000229929 0.0
0.0208003 -0.000285901 0.0
0.0207088 -0.000345575 0.0
0.0205925 -0.000414455 0.0
0.0204622 -0.000496432 0.0
0.0203168 -0.000586587 0.0
0.0201322 -0.000687323 0.0
0.019912 -0.000814022 0.0
0.0196773 -0.000960982 0.0
0.0193937 -0.00112514 0.0
0.0190268 -0.00133455 0.0
0.0186205 -0.00160681 0.0
0.0181711 -0.00191164 0.0
0.0175517 -0.00232229 0.0
0.0167744 -0.00291992 0.0
0.0159715 -0.0036712 0.0
0.014963 -0.00462262 0.0
0.0133538 -0.00647768 0.0
0.0113331 -0.00809516 0.0
0.00962842 -0.00697159 0.0
0.00662868 -0.00267536 0.0
0.00252194 -0.000708406 0.0
0.0 0.0 0.0
0.0 0.0 0.0
0.0 0.0 0.0
0.0 0.0 0.0
0.0 0.0 0.0
0.0 0.0 0.0
0.0 0.0 0.0
0.0 0.0 0.0
0.0 0.0 0.0
0.0 0.0 0.0
0.0 0.0 0.0
0.0 0.0 0.0
0.0 0.0 0.0
0.0 0.0 0.0
0.0 0.0 0.0
0.0 0.0 0.0
0.0 0.0 0.0
0.0 0.0 0.0
0.0 0.0 0.0
0.0 0.0 0.0
0.0 0.0 0.0
0.0 0.0 0.0
0.0 0.0 0.0
0.0 0.0 0.0
0.0 0.0 0.0
0.0 0.0 0.0
0.0 0.0 0.0
0.0 0.0 0.0
0.0 0.0 0.0
0.0 0.0 0.0
0.0 0.0 0.0
0.0 0.0 0.0
0.0 0.0 0.0
0.0 0.0 0.0
0.0 0.0 0.0
0.0 0.0 0.0
0.0 0.0 0.0
0.0 0.0 0.0
0.0 0.0 0.0
0.0 0.0 0.0
0.0 0.0 0.0
0.0 0.0 0.0
0.0 0.0 0.0
0.0 0.0 0.0
0.0 0.0 0.0
0.0 0.0 0.0
0.0 0.0 0.0
0.0 0.0 0.0
0.0 0.0 0.0
0.0 0.0 0.0
0.0 0.0 0.0
0.0 0.0 0.0
0.0 0.0 0.0
0.0 0.0 0.0
0.0 0.0 0.0
0.0 0.0 0.0
0.0 0.0 0.0
0.0 0.0 0.0
0.0 0.0 0.0
0.0 0.0 0.0
0.0 0.0 0.0
0.0 0.0 0.0
0.0 0.0 0.0
0.0 0.0 0.0
0.0 0.0 0.0
0.0 0.0 0.0
0.0 0.0 0.0
0.000376083 0.000481527 0.0
0.0010135 0.0003793 0.0
0.0012814 0.0002715 0.0
0.00140705 0.000254501 0.0
0.00155963 0.00028352 0.0
0.00169353 0.000253812 0.0
0.00176629 0.000235638 0.0
0.00182699 0.000234042 0.0
0.00189015 0.000233912 0.0
0.00193907 0.000220609 0.0
0.00197548 0.000215836 0.0
0.00201311 0.000213472 0.0
0.00204949 0.000208806 0.0
0.00207941 0.000200691 0.0
0.00210801 0.000198975 0.0
0.00213993 0.000194981 0.0
0.00217136 0.000189207 0.0
0.00219961 0.000183002 0.0
0.00223601 0.000187138 0.0
0.00227927 0.000176225 0.0
0.00231361 0.000167146 0.0
0.00234702 0.000171005 0.0
0.00248767 0.00023639 0.0
0.00288779 0.000562711 0.0
0.00334572 0.00106764 0.0
0.00392554 0.00115047 0.0
0.00470708 0.00134663 0.0
0.00534911 0.0016981 0.0
0.00579866 0.00197808 0.0
0.00625358 0.00180556 0.0
0.00680897 0.00164356 0.0
0.00738082 0.00154321 0.0
0.00794307 0.00146 0.0
0.00849097 0.00136335 0.0
0.00899351 0.00129053 0.0
0.00945812 0.00123246 0.0
0.00991423 0.00117789 0.0
0.0103536 0.0011232 0.0
0.0107607 0.0010773 0.0
0.0111469 0.0010354 0.0
0.0115227 0.000994195 0.0
0.0118802 0.000954721 0.0
0.0122174 0.000919209 0.0
0.0125418 0.000884945 0.0
0.0128546 0.000851369 0.0
0.0131517 0.000819581 0.0
0.0134352 0.000789748 0.0
0.0137087 0.000760568 0.0
0.0139708 0.000732312 0.0
0.0142207 0.000705484 0.0
0.0144605 0.000679757 0.0
0.0146914 0.000654662 0.0
0.0149123 0.00063054 0.0
0.0151238 0.000607478 0.0
0.0153272 0.000585184 0.0
0.0155226 0.000563566 0.0
0.0157098 0.000542821 0.0
0.0158895 0.000522869 0.0
0.0160624 0.000503549 0.0
0.0162285 0.000484887 0.0
0.0163879 0.000466943 0.0
0.0165412 0.000449612 0.0
0.0166888 0.00043283 0.0
0.0168306 0.000416627 0.0
0.016967 0.00040099 0.0
0.0170983 0.000385841 0.0
0.0172249 0.000371163 0.0
0.0173466 0.000356961 0.0
0.017464 0.0003432 0.0
0.0175772 0.000329836 0.0
0.0176863 0.000316864 0.0
0.0177916 0.000304274 0.0
0.0178932 0.000292032 0.0
0.0179913 0.000280119 0.0
0.018086 0.000268529 0.0
0.0181776 0.000257247 0.0
0.0182661 0.000246253 0.0
0.0183517 0.000235536 0.0
0.0184345 0.000225092 0.0
0.0185147 0.000214905 0.0
0.0185923 0.000204967 0.0
0.0186675 0.000195271 0.0
0.0187404 0.000185813 0.0
0.018811 0.000176583 0.0
0.0188796 0.000167577 0.0
0.0189461 0.000158792 0.0
0.0190106 0.000150225 0.0
0.0190732 0.000141871 0.0
0.0191341 0.000133729 0.0
0.0191932 0.000125799 0.0
0.0192507 0.000118079 0.0
0.0193066 0.000110571 0.0
0.019361 0.000103275 0.0
0.0194138 9.6195e-05 0.0
0.0194653 8.93324e-05 0.0
0.0195153 8.26914e-05 0.0
0.019564 7.62769e-05 0.0
0.0196115 7.00939e-05 0.0
0.0196576 6.41481e-05 0.0
0.0197026 5.84462e-05 0.0
0.0197464 5.2995e-05 0.0
0.019789 4.78013e-05 0.0
0.0198306 4.28721e-05 0.0
0.019871 3.82146e-05 0.0
0.0199103 3.38353e-05 0.0
0.0199486 2.97402e-05 0.0
0.0199859 2.59345e-05 0.0
0.0200221 2.24226e-05 0.0
0.0200574 1.92074e-05 0.0
0.0200916 1.62905e-05 0.0
0.0201249 1.36719e-05 0.0
0.0201571 1.13496e-05 0.0
0.0201885 9.31978e-06 0.0
0.0202188 7.57641e-06 0.0
0.0202482 6.11137e-06 0.0
0.0202766 4.91431e-06 0.0
0.0203041 3.97261e-06 0.0
0.0203306 3.27154e-06 0.0
0.0203561 2.79429e-06 0.0
0.0203807 2.52208e-06 0.0
0.0204043 2.43442e-06 0.0
0.0204269 2.50929e-06 0.0
0.0204486 2.72345e-06 0.0
0.0204693 3.05271e-06 0.0
0.020489 3.47229e-06 0.0
0.0205077 3.9572e-06 0.0
0.0205255 4.4826e-06 0.0
0.0205423 5.02419e-06 0.0
0.0205581 5.55859e-06 0.0
0.0205729 6.06373e-06 0.0
0.0205868 6.51932e-06 0.0
0.0205998 6.90699e-06 0.0
0.0206118 7.21064e-06 0.0
0.020623 7.41691e-06 0.0
0.0206332 7.51526e-06 0.0
0.0206426 7.49788e-06 0.0
0.0206511 7.36e-06 0.0
0.0206587 7.10035e-06 0.0
0.0206656 6.72031e-06 0.0
0.0206717 6.22397e-06 0.0
0.0206771 5.6186e-06 0.0
0.0206818 4.91431e-06 0.0
0.0206858 4.12241e-06 0.0
0.0206892 3.25673e-06 0.0
0.020692 2.33303e-06 0.0
0.0206942 1.36804e-06 0.0
0.020696 3.7789e-07 0.0
0.0206973 -6.18856e-07 0.0
0.0206981 -1.60507e-06 0.0
0.0206986 -2.56359e-06 0.0
0.0206987 -3.48014e-06 0.0
0.0206985 -4.33757e-06 0.0
0.020698 -5.12583e-06 0.0
0.0206973 -5.83153e-06 0.0
0.0206964 -6.45053e-06 0.0
0.0206953 -6.971e-06 0.0
0.0206941 -7.39936e-06 0.0
0.0206927 -7.72611e-06 0.0
0.0206912 -7.97344e-06 0.0
0.0206896 -8.14743e-06 0.0
0.020688 -8.22196e-06 0.0
0.0 0.0 0.0
0.0 0.0 0.0
0.0192787 1.36718e-05 0.0
0.0192871 3.27117e-05 0.0
0.0193006 5.42642e-05 0.0
0.0193189 7.85249e-05 0.0
0.0193457 9.69998e-05 0.0
0.0193775 0.000113425 0.0
0.0194117 0.000134883 0.0
0.0194542 0.000152698 0.0
0.0195024 0.000163876 0.0
0.0195504 0.000179195 0.0
0.019603 0.000194341 0.0
0.0196628 0.000201893 0.0
0.0197218 0.000210226 0.0
0.0197813 0.000220905 0.0
0.019846 0.000225531 0.0
0.0199118 0.000228519 0.0
0.0199757 0.000233608 0.0
0.0200415 0.00023579 0.0
0.0201083 0.000234987 0.0
0.0201738 0.000235325 0.0
0.0202387 0.00023458 0.0
0.0203031 0.000231554 0.0
0.020366 0.000228242 0.0
0.0204281 0.00022479 0.0
0.0204884 0.000219798 0.0
0.0205461 0.000214223 0.0
0.0206024 0.000208339 0.0
0.0206573 0.000201578 0.0
0.0207086 0.00019409 0.0
0.0207568 0.000186364 0.0
0.0208037 0.000177808 0.0
0.0208474 0.000168473 0.0
0.0208864 0.000158808 0.0
0.0209227 0.000148537 0.0
0.0209564 0.000137141 0.0
0.020985 0.00012511 0.0
0.0210087 0.000112633 0.0
0.0210293 9.89334e-05 0.0
0.021045 8.38526e-05 0.0
0.0210538 6.81346e-05 0.0
0.0210577 5.1401e-05 0.0
0.0210565 3.24748e-05 0.0
0.0210469 1.19916e-05 0.0
0.0210292 -9.39021e-06 0.0
0.0210056 -3.32607e-05 0.0
0.0209722 -6.05945e-05 0.0
0.020926 -8.93501e-05 0.0
0.020871 -0.000120473 0.0
0.0208055 -0.000157057 0.0
0.020721 -0.000198019 0.0
0.0206199 -0.000240682 0.0
0.0205074 -0.000290807 0.0
0.0203702 -0.000350538 0.0
0.0201998 -0.00041496 0.0
0.0200109 -0.000485999 0.0
0.0197944 -0.000577056 0.0
0.0195181 -0.000681067 0.0
0.0191934 -0.000795935 0.0
0.018837 -0.000939803 0.0
0.0183825 -0.00112978 0.0
0.017796 -0.00133846 0.0
0.0171369 -0.00161906 0.0
0.0163201 -0.00200479 0.0
0.0151016 -0.00251023 0.0
0.0135058 -0.00313448 0.0
0.0115286 -0.00433013 0.0
0.00846905 -0.00492131 0.0
0.00389404 -0.00383027 0.0
0.0 0.0 0.0
0.0 0.0 0.0
0.0 0.0 0.0
0.0 0.0 0.0
0.0 0.0 0.0
0.0 0.0 0.0
0.0 0.0 0.0
0.0 0.0 0.0
0.0 0.0 0.0
0.0 0.0 0.0
0.0 0.0 0.0
0.0 0.0 0.0
0.0 0.0 0.0
0.0 0.0 0.0
0.0 0.0 0.0
0.0 0.0 0.0
0.0 0.0 0.0
0.0 0.0 0.0
0.0 0.0 0.0
0.0 0.0 0.0
0.0 0.0 0.0
0.0 0.0 0.0
0.0 0.0 0.0
0.0 0.0 0.0
0.0 0.0 0.0
0.0 0.0 0.0
0.0 0.0 0.0
0.0 0.0 0.0
0.0 0.0 0.0
0.0 0.0 0.0
0.0 0.0 0.0
0.0 0.0 0.0
0.0 0.0 0.0
0.0 0.0 0.0
0.0 0.0 0.0
0.0 0.0 0.0
0.0 0.0 0.0
0.0 0.0 0.0
0.0 0.0 0.0
0.0 0.0 0.0
0.0 0.0 0.0
0.0 0.0 0.0
0.0 0.0 0.0
0.0 0.0 0.0
0.0 0.0 0.0
0.0 0.0 0.0
0.0 0.0 0.0
0.0 0.0 0.0
0.0 0.0 0.0
0.0 0.0 0.0
0.0 0.0 0.0
0.0 0.0 0.0
0.0 0.0 0.0
0.0 0.0 0.0
0.0 0.0 0.0
0.0 0.0 0.0
0.0 0.0 0.0
0.0 0.0 0.0
0.0 0.0 0.0
0.0 0.0 0.0
0.0 0.0 0.0
0.0 0.0 0.0
0.0 0.0 0.0
0.0 0.0 0.0
0.0 0.0 0.0
0.0 0.0 0.0
0.0 0.0 0.0
0.0 0.0 0.0
0.0 0.0 0.0
0.0 0.0 0.0
0.0 0.0 0.0
0.0 0.0 0.0
0.0 0.0 0.0
0.0 0.0 0.0
0.0 0.0 0.0
0.0 0.0 0.0
0.0 0.0 0.0
0.0 0.0 0.0
0.0 0.0 0.0
0.0 0.0 0.0
0.0 0.0 0.0
0.0 0.0 0.0
0.0 0.0 0.0
0.0 0.0 0.0
0.0 0.0 0.0
0.0 0.0 0.0
0.0 0.0 0.0
0.0 0.0 0.0
0.0 0.0 0.0
0.0 0.0 0.0
0.0 0.0 0.0
0.0 0.0 0.0
0.0 0.0 0.0
0.000464153 0.00040638 0.0
0.00118619 0.000361667 0.0
0.00180953 0.000558726 0.0
0.00244501 0.00114326 0.0
0.00329343 0.00123846 0.0
0.00436476 0.0010688 0.0
0.00526476 0.000960896 0.0
0.005993 0.000898798 0.0
0.00667404 0.000839322 0.0
0.007322 0.000788718 0.0
0.00791637 0.000763177 0.0
0.00846686 0.00073122 0.0
0.00898639 0.000698195 0.0
0.00947332 0.000674413 0.0
0.00993191 0.000654342 0.0
0.0103692 0.000629311 0.0
0.010785 0.000606761 0.0
0.0111783 0.00058845 0.0
0.0115533 0.000569282 0.0
0.0119125 0.000548743 0.0
0.0122549 0.000530794 0.0
0.0125813 0.000514103 0.0
0.0128941 0.000496482 0.0
0.0131938 0.000479252 0.0
0.0134801 0.000463649 0.0
0.0137543 0.000448212 0.0
0.0140173 0.000432559 0.0
0.0142694 0.000417736 0.0
0.0145109 0.000403733 0.0
0.0147425 0.000389739 0.0
0.014965 0.000376013 0.0
0.0151783 0.000363005 0.0
0.0153829 0.000350396 0.0
0.0155796 0.000337915 0.0
0.0157684 0.000325858 0.0
0.0159498 0.000314294 0.0
0.0161241 0.000302972 0.0
0.0162917 0.00029188 0.0
0.0164528 0.000281179 0.0
0.0166078 0.000270796 0.0
0.0167569 0.00026061 0.0
0.0169005 0.000250676 0.0
0.0170386 0.000241041 0.0
0.0171717 0.000231618 0.0
0.0173 0.000222377 0.0
0.0174236 0.000213359 0.0
0.0175428 0.000204553 0.0
0.0176578 0.000195907 0.0
0.0177687 0.000187426 0.0
0.0178758 0.000179126 0.0
0.0179792 0.000170983 0.0
0.0180791 0.000162978 0.0
0.0181756 0.00015512 0.0
0.018269 0.00014741 0.0
0.0183592 0.000139831 0.0
0.0184466 0.000132381 0.0
0.0185311 0.000125067 0.0
0.0186129 0.000117884 0.0
0.0186922 0.000110825 0.0
0.018769 0.000103894 0.0
0.0188434 9.70945e-05 0.0
0.0189156 9.04236e-05 0.0
0.0189856 8.38813e-05 0.0
0.0190535 7.74727e-05 0.0
0.0191194 7.12005e-05 0.0
0.0191834 6.50655e-05 0.0
0.0192455 5.90721e-05 0.0
0.0193059 5.32264e-05 0.0
0.0193645 4.75324e-05 0.0
0.0194215 4.19952e-05 0.0
0.0194768 3.66222e-05 0.0
0.0195307 3.14209e-05 0.0
0.019583 2.63983e-05 0.0
0.0196339 2.15629e-05 0.0
0.0196835 1.69242e-05 0.0
0.0197316 1.24913e-05 0.0
0.0197785 8.27358e-06 0.0
0.019824 4.28098e-06 0.0
0.0198684 5.23536e-07 0.0
0.0199115 -2.98942e-06 0.0
0.0199534 -6.24882e-06 0.0
0.0199942 -9.24595e-06 0.0
0.0200338 -1.19731e-05 0.0
0.0200723 -1.4424e-05 0.0
0.0201097 -1.65932e-05 0.0
0.020146 -1.84771e-05 0.0
0.0201813 -2.00736e-05 0.0
0.0202155 -2.1383e-05 0.0
0.0202487 -2.24071e-05 0.0
0.0202808 -2.31504e-05 0.0
0.020312 -2.36195e-05 0.0
0.020342 -2.38236e-05 0.0
0.0203711 -2.37739e-05 0.0
0.0203992 -2.34843e-05 0.0
0.0204262 -2.29709e-05 0.0
0.0204522 -2.22519e-05 0.0
0.0204773 -2.13475e-05 0.0
0.0205013 -2.02796e-05 0.0
0.0205243 -1.90716e-05 0.0
0.0205462 -1.77482e-05 0.0
0.0205672 -1.63348e-05 0.0
0.0205872 -1.48573e-05 0.0
0.0206062 -1.33418e-05 0.0
0.0206241 -1.18139e-05 0.0
0.0206411 -1.02987e-05 0.0
0.0206571 -8.82004e-06 0.0
0.0206721 -7.40037e-06 0.0
0.0206861 -6.06022e-06 0.0
0.0206992 -4.81794e-06 0.0
0.0207113 -3.6894e-06 0.0
0.0207225 -2.68779e-06 0.0
0.0207328 -1.82327e-06 0.0
0.0207422 -1.10305e-06 0.0
0.0207507 -5.31223e-07 0.0
0.0207584 -1.08688e-07 0.0
0.0207653 1.66789e-07 0.0
0.0207714 3.0003e-07 0.0
0.0207768 2.98927e-07 0.0
0.0207815 1.73865e-07 0.0
0.0207855 -6.2725e-08 0.0
0.0207889 -3.96945e-07 0.0
0.0207917 -8.12444e-07 0.0
0.020794 -1.29273e-06 0.0
0.0207957 -1.82032e-06 0.0
0.020797 -2.37808e-06 0.0
0.0207978 -2.94734e-06 0.0
0.0207983 -3.5129e-06 0.0
0.0207984 -4.05773e-06 0.0
0.0207982 -4.56921e-06 0.0
0.0207977 -5.03197e-06 0.0
0.0207969 -5.44003e-06 0.0
0.020796 -5.7803e-06 0.0
0.0207949 -6.05445e-06 0.0
0.0207936 -6.25185e-06 0.0
0.0207922 -6.38971e-06 0.0
0.0207906 -6.4721e-06 0.0
0.020789 -6.50227e-06 0.0
0.0 0.0 0.0
0.0 0.0 0.0
0.019282 9.08995e-06 0.0
0.0192882 2.38689e-05 0.0
0.0192991 3.99768e-05 0.0
0.0193187 5.48095e-05 0.0
0.0193441 6.78822e-05 0.0
0.0193728 8.34914e-05 0.0
0.0194078 9.71343e-05 0.0
0.0194494 0.000105697 0.0
0.0194932 0.000118089 0.0
0.0195412 0.000131818 0.0
0.0195943 0.0001366 0.0
0.0196496 0.000142534 0.0
0.0197068 0.000154681 0.0
0.0197674 0.000159178 0.0
0.0198293 0.000158737 0.0
0.0198921 0.000165918 0.0
0.0199564 0.000171141 0.0
0.0200209 0.000168301 0.0
0.0200853 0.000168801 0.0
0.0201502 0.000172829 0.0
0.0202141 0.000170617 0.0
0.0202768 0.000166711 0.0
0.0203392 0.00016694 0.0
0.0204003 0.000165591 0.0
0.0204589 0.00016038 0.0
0.0205163 0.000156806 0.0
0.0205723 0.000154411 0.0
0.0206253 0.000149508 0.0
0.0206757 0.00014371 0.0
0.0207243 0.000139167 0.0
0.02077 0.000133956 0.0
0.020812 0.00012738 0.0
0.020851 0.000120826 0.0
0.0208872 0.000114276 0.0
0.0209193 0.000106916 0.0
0.0209469 9.89731e-05 0.0
0.0209708 9.05631e-05 0.0
0.0209905 8.15893e-05 0.0
0.0210046 7.21991e-05 0.0
0.021013 6.18801e-05 0.0
0.0210166 5.04142e-05 0.0
0.0210138 3.86142e-05 0.0
0.0210029 2.6183e-05 0.0
0.0209847 1.15518e-05 0.0
0.0209597 -4.15203e-06 0.0
0.020924 -1.98765e-05 0.0
0.0208767 -3.7994e-05 0.0
0.0208202 -5.96234e-05 0.0
0.0207514 -8.0955e-05 0.0
0.020664 -0.000103766 0.0
0.020561 -0.000132607 0.0
0.020444 -0.00016448 0.0
0.0203006 -0.000194476 0.0
0.0201263 -0.000232656 0.0
0.0199312 -0.000280171 0.0
0.019703 -0.000327026 0.0
0.0194161 -0.000375823 0.0
0.0190812 -0.000448364 0.0
0.0187034 -0.00052538 0.0
0.0182236 -0.000602234 0.0
0.0176135 -0.000700492 0.0
0.0168997 -0.000844372 0.0
0.0159939 -0.000964041 0.0
0.0147464 -0.00113204 0.0
0.0131259 -0.00127725 0.0
0.0107519 -0.00134485 0.0
0.00700633 -0.000861428 0.0
0.00292019 0.000381146 0.0
0.0 0.0 0.0
0.0 0.0 0.0
0.0 0.0 0.0
0.0 0.0 0.0
0.0 0.0 0.0
0.0 0.0 0.0
0.0 0.0 0.0
0.0 0.0 0.0
0.0 0.0 0.0
0.0 0.0 0.0
0.0 0.0 0.0
0.0 0.0 0.0
0.0 0.0 0.0
0.0 0.0 0.0
0.0 0.0 0.0
0.0 0.0 0.0
0.0 0.0 0.0
0.0 0.0 0.0
0.0 0.0 0.0
0.0 0.0 0.0
0.0 0.0 0.0
0.0 0.0 0.0
0.0 0.0 0.0
0.0 0.0 0.0
0.0 0.0 0.0
0.0 0.0 0.0
0.0 0.0 0.0
0.0 0.0 0.0
0.0 0.0 0.0
0.0 0.0 0.0
0.0 0.0 0.0
0.0 0.0 0.0
0.0 0.0 0.0
0.0 0.0 0.0
0.0 0.0 0.0
0.0 0.0 0.0
0.0 0.0 0.0
0.0 0.0 0.0
0.0 0.0 0.0
0.0 0.0 0.0
0.0 0.0 0.0
0.0 0.0 0.0
0.0 0.0 0.0
0.0 0.0 0.0
0.0 0.0 0.0
0.0 0.0 0.0
0.0 0.0 0.0
0.0 0.0 0.0
0.0 0.0 0.0
0.0 0.0 0.0
0.0 0.0 0.0
0.0 0.0 0.0
0.0 0.0 0.0
0.0 0.0 0.0
0.0 0.0 0.0
0.0 0.0 0.0
0.0 0.0 0.0
0.0 0.0 0.0
0.0 0.0 0.0
0.0 0.0 0.0
0.0 0.0 0.0
0.0 0.0 0.0
0.0 0.0 0.0
0.0 0.0 0.0
0.0 0.0 0.0
0.0 0.0 0.0
0.0 0.0 0.0
0.0 0.0 0.0
0.0 0.0 0.0
0.0 0.0 0.0
0.0 0.0 0.0
0.0 0.0 0.0
0.0 0.0 0.0
0.0 0.0 0.0
0.0 0.0 0.0
0.0 0.0 0.0
0.0 0.0 0.0
0.0 0.0 0.0
0.0 0.0 0.0
0.0 0.0 0.0
0.0 0.0 0.0
0.0 0.0 0.0
0.0 0.0 0.0
0.0 0.0 0.0
0.0 0.0 0.0
0.0 0.0 0.0
0.0 0.0 0.0
0.0 0.0 0.0
0.0 0.0 0.0
0.0 0.0 0.0
0.0 0.0 0.0
0.0 0.0 0.0
0.0 0.0 0.0
0.0 0.0 0.0
0.0 0.0 0.0
0.0 0.0 0.0
0.000954937 9.22439e-06 0.0
0.00246022 2.63277e-05 0.0
0.00350898 5.72542e-05 0.0
0.00439665 0.000102046 0.0
0.00529112 0.000116983 0.0
0.0060849 0.000137079 0.0
0.00674494 0.000157195 0.0
0.00736369 0.00016884 0.0
0.00796163 0.000174214 0.0
0.00850761 0.000182613 0.0
0.00901276 0.000188459 0.0
0.00950097 0.000189988 0.0
0.00996363 0.000191032 0.0
0.0103948 0.000192914 0.0
0.010807 0.000192554 0.0
0.0112045 0.000190766 0.0
0.0115804 0.000189408 0.0
0.0119369 0.000187827 0.0
0.0122804 0.00018497 0.0
0.0126096 0.000181895 0.0
0.0129224 0.000179065 0.0
0.0132219 0.000175793 0.0
0.0135103 0.000171997 0.0
0.0137861 0.000168312 0.0
0.0140496 0.000164644 0.0
0.0143028 0.000160658 0.0
0.0145462 0.000156545 0.0
0.0147791 0.000152548 0.0
0.0150024 0.000148479 0.0
0.0152173 0.000144258 0.0
0.0154236 0.000140056 0.0
0.0156214 0.000135905 0.0
0.0158116 0.00013168 0.0
0.0159946 0.000127409 0.0
0.0161704 0.000123175 0.0
0.0163393 0.00011894 0.0
0.0165019 0.000114656 0.0
0.0166584 0.000110364 0.0
0.016809 0.000106085 0.0
0.0169539 0.000101781 0.0
0.0170936 9.7445e-05 0.0
0.0172282 9.31045e-05 0.0
0.0173579 8.87538e-05 0.0
0.0174829 8.43732e-05 0.0
0.0176035 7.99712e-05 0.0
0.0177199 7.55599e-05 0.0
0.0178322 7.11304e-05 0.0
0.0179406 6.6679e-05 0.0
0.0180454 6.22162e-05 0.0
0.0181465 5.77465e-05 0.0
0.0182443 5.32662e-05 0.0
0.0183389 4.87799e-05 0.0
0.0184304 4.42964e-05 0.0
0.0185189 3.98182e-05 0.0
0.0186045 3.53475e-05 0.0
0.0186874 3.08917e-05 0.0
0.0187677 2.64578e-05 0.0
0.0188455 2.20496e-05 0.0
0.0189209 1.76727e-05 0.0
0.018994 1.33354e-05 0.0
0.0190649 9.04406e-06 0.0
0.0191336 4.80487e-06 0.0
0.0192003 6.25814e-07 0.0
0.019265 -3.48443e-06 0.0
0.0193278 -7.51795e-06 0.0
0.0193887 -1.14661e-05 0.0
0.0194479 -1.53188e-05 0.0
0.0195054 -1.9066e-05 0.0
0.0195613 -2.26974e-05 0.0
0.0196155 -2.62019e-05 0.0
0.0196683 -2.95676e-05 0.0
0.0197195 -3.27825e-05 0.0
0.0197693 -3.58344e-05 0.0
0.0198177 -3.87108e-05 0.0
0.0198648 -4.13989e-05 0.0
0.0199105 -4.38862e-05 0.0
0.0199549 -4.61607e-05 0.0
0.0199981 -4.82104e-05 0.0
0.02004 -5.00244e-05 0.0
0.0200808 -5.15927e-05 0.0
0.0201203 -5.29064e-05 0.0
0.0201588 -5.39578e-05 0.0
0.0201961 -5.47413e-05 0.0
0.0202322 -5.52527e-05 0.0
0.0202673 -5.54902e-05 0.0
0.0203013 -5.54539e-05 0.0
0.0203342 -5.51465e-05 0.0
0.0203661 -5.4573e-05 0.0
0.0203969 -5.3741e-05 0.0
0.0204267 -5.26605e-05 0.0
0.0204554 -5.13444e-05 0.0
0.0204831 -4.98076e-05 0.0
0.0205098 -4.80676e-05 0.0
0.0205355 -4.61441e-05 0.0
0.0205601 -4.40586e-05 0.0
0.0205837 -4.18345e-05 0.0
0.0206063 -3.94964e-05 0.0
0.0206279 -3.70703e-05 0.0
0.0206484 -3.45825e-05 0.0
0.020668 -3.206e-05 0.0
0.0206866 -2.95297e-05 0.0
0.0207041 -2.70178e-05 0.0
0.0207207 -2.45497e-05 0.0
0.0207362 -2.21497e-05 0.0
0.0207508 -1.98403e-05 0.0
0.0207645 -1.76418e-05 0.0
0.0207772 -1.55724e-05 0.0
0.0207889 -1.36476e-05 0.0
0.0207998 -1.18801e-05 0.0
0.0208097 -1.02792e-05 0.0
0.0208188 -8.85167e-06 0.0
0.020827 -7.60089e-06 0.0
0.0208344 -6.52661e-06 0.0
0.020841 -5.62613e-06 0.0
0.0208469 -4.89394e-06 0.0
0.020852 -4.32121e-06 0.0
0.0208565 -3.89671e-06 0.0
0.0208603 -3.60809e-06 0.0
0.0208635 -3.44039e-06 0.0
0.0208661 -3.3771e-06 0.0
0.0208681 -3.4011e-06 0.0
0.0208697 -3.49571e-06 0.0
0.0208708 -3.64205e-06 0.0
0.0208715 -3.82326e-06 0.0
0.0208718 -4.02206e-06 0.0
0.0208718 -4.2243e-06 0.0
0.0208715 -4.41322e-06 0.0
0.0208709 -4.57944e-06 0.0
0.0208701 -4.70915e-06 0.0
0.020869 -4.79958e-06 0.0
0.0208678 -4.83873e-06 0.0
0.0208664 -4.83642e-06 0.0
0.0208649 -4.79646e-06 0.0
0.0208633 -4.76644e-06 0.0
0.0 0.0 0.0
0.0 0.0 0.0
0.0192814 4.62926e-06 0.0
0.0192866 1.55236e-05 0.0
0.0192994 2.45365e-05 0.0
0.0193189 3.22264e-05 0.0
0.0193414 4.23454e-05 0.0
0.0193704 5.12765e-05 0.0
0.0194068 5.74125e-05 0.0
0.0194453 6.57981e-05 0.0
0.0194871 7.38757e-05 0.0
0.0195367 7.79428e-05 0.0
0.0195887 8.3762e-05 0.0
0.0196406 9.09629e-05 0.0
0.0196977 9.3223e-05 0.0
0.0197588 9.58462e-05 0.0
0.0198185 0.000101524 0.0
0.0198796 0.000103258 0.0
0.0199439 0.000102932 0.0
0.0200079 0.000106137 0.0
0.0200707 0.000107808 0.0
0.0201345 0.000106146 0.0
0.0201981 0.000106369 0.0
0.0202604 0.000107492 0.0
0.0203218 0.000105741 0.0
0.0203817 0.000103883 0.0
0.0204402 0.000103557 0.0
0.0204975 0.000102042 0.0
0.0205522 9.92658e-05 0.0
0.0206043 9.74201e-05 0.0
0.020655 9.56014e-05 0.0
0.0207033 9.26456e-05 0.0
0.0207475 8.96892e-05 0.0
0.0207891 8.71674e-05 0.0
0.0208287 8.40222e-05 0.0
0.020864 8.03999e-05 0.0
0.0208947 7.70396e-05 0.0
0.0209227 7.34782e-05 0.0
0.0209469 6.92931e-05 0.0
0.0209649 6.5056e-05 0.0
0.0209782 6.08764e-05 0.0
0.0209878 5.60361e-05 0.0
0.0209904 5.07995e-05 0.0
0.0209854 4.57087e-05 0.0
0.0209754 4.02075e-05 0.0
0.0209581 3.36981e-05 0.0
0.0209297 2.73497e-05 0.0
0.0208929 2.09975e-05 0.0
0.0208488 1.33719e-05 0.0
0.0207898 4.95965e-06 0.0
0.0207154 -2.26082e-06 0.0
0.020632 -1.08592e-05 0.0
0.0205318 -2.13358e-05 0.0
0.0204037 -3.05859e-05 0.0
0.0202582 -3.82695e-05 0.0
0.0200966 -5.09465e-05 0.0
0.0198923 -6.18237e-05 0.0
0.0196439 -6.73299e-05 0.0
0.0193757 -7.54929e-05 0.0
0.0190544 -9.00423e-05 0.0
0.0186321 -8.12181e-05 0.0
0.0181471 -6.97829e-05 0.0
0.0176062 -6.98855e-05 0.0
0.0168763 -2.68295e-05 0.0
0.0159033 0.000126242 0.0
0.0147677 0.000224195 0.0
0.0133182 0.000475799 0.0
0.011226 0.00147963 0.0
0.0085252 0.00274866 0.0
0.00589588 0.00334018 0.0
0.0028581 0.00144569 0.0
0.0 0.0 0.0
0.0 0.0 0.0
0.0 0.0 0.0
0.0 0.0 0.0
0.0 0.0 0.0
0.0 0.0 0.0
0.0 0.0 0.0
0.0 0.0 0.0
0.0 0.0 0.0
0.0 0.0 0.0
0.0 0.0 0.0
0.0 0.0 0.0
0.0 0.0 0.0
0.0 0.0 0.0
0.0 0.0 0.0
0.0 0.0 0.0
0.0 0.0 0.0
0.0 0.0 0.0
0.0 0.0 0.0
0.0 0.0 0.0
0.0 0.0 0.0
0.0 0.0 0.0
0.0 0.0 0.0
0.0 0.0 0.0
0.0 0.0 0.0
0.0 0.0 0.0
0.0 0.0 0.0
0.0 0.0 0.0
0.0 0.0 0.0
0.0 0.0 0.0
0.0 0.0 0.0
0.0 0.0 0.0
0.0 0.0 0.0
0.0 0.0 0.0
0.0 0.0 0.0
0.0 0.0 0.0
0.0 0.0 0.0
0.0 0.0 0.0
0.0 0.0 0.0
0.0 0.0 0.0
0.0 0.0 0.0
0.0 0.0 0.0
0.0 0.0 0.0
0.0 0.0 0.0
0.0 0.0 0.0
0.0 0.0 0.0
0.0 0.0 0.0
0.0 0.0 0.0
0.0 0.0 0.0
0.0 0.0 0.0
0.0 0.0 0.0
0.0 0.0 0.0
0.0 0.0 0.0
0.0 0.0 0.0
0.0 0.0 0.0
0.0 0.0 0.0
0.0 0.0 0.0
0.0 0.0 0.0
0.0 0.0 0.0
0.0 0.0 0.0
0.0 0.0 0.0
0.0 0.0 0.0
0.0 0.0 0.0
0.0 0.0 0.0
0.0 0.0 0.0
0.0 0.0 0.0
0.0 0.0 0.0
0.0 0.0 0.0
0.0 0.0 0.0
0.0 0.0 0.0
0.0 0.0 0.0
0.0 0.0 0.0
0.0 0.0 0.0
0.0 0.0 0.0
0.0 0.0 0.0
0.0 0.0 0.0
0.0 0.0 0.0
0.0 0.0 0.0
0.0 0.0 0.0
0.0 0.0 0.0
0.0 0.0 0.0
0.0 0.0 0.0
0.0 0.0 0.0
0.0 0.0 0.0
0.0 0.0 0.0
0.0 0.0 0.0
0.0 0.0 0.0
0.0 0.0 0.0
0.0 0.0 0.0
0.0 0.0 0.0
0.000264842 -0.000326033 0.0
0.00073228 -0.000265528 0.0
0.000959644 -0.000189338 0.0
0.00114547 -0.000230254 0.0
0.00158627 -0.000516445 0.0
0.00215589 -0.00105703 0.0
0.00287679 -0.00112698 0.0
0.0038474 -0.000932158 0.0
0.00474459 -0.000764005 0.0
0.00547747 -0.000658872 0.0
0.00614132 -0.000561648 0.0
0.00679631 -0.000485927 0.0
0.00741648 -0.0004364 0.0
0.00797973 -0.000387182 0.0
0.00850971 -0.000341837 0.0
0.00901929 -0.000310145 0.0
0.00949994 -0.000283384 0.0
0.00995203 -0.000254938 0.0
0.0103855 -0.000231425 0.0
0.0108003 -0.000213626 0.0
0.0111933 -0.000195828 0.0
0.0115681 -0.000178385 0.0
0.0119286 -0.000164563 0.0
0.0122729 -0.00015255 0.0
0.0126012 -0.000140218 0.0
0.0129161 -0.00012913 0.0
0.0132186 -0.000120039 0.0
0.0135077 -0.000111371 0.0
0.0137846 -0.000102868 0.0
0.0140507 -9.55537e-05 0.0
0.014306 -8.91642e-05 0.0
0.0145506 -8.2924e-05 0.0
0.0147854 -7.71456e-05 0.0
0.0150111 -7.21988e-05 0.0
0.0152276 -6.76705e-05 0.0
0.0154355 -6.33481e-05 0.0
0.0156353 -5.95298e-05 0.0
0.0158274 -5.62279e-05 0.0
0.016012 -5.31773e-05 0.0
0.0161894 -5.04061e-05 0.0
0.0163602 -4.80606e-05 0.0
0.0165244 -4.60452e-05 0.0
0.0166824 -4.42527e-05 0.0
0.0168345 -4.27571e-05 0.0
0.0169811 -4.15892e-05 0.0
0.0171222 -4.06634e-05 0.0
0.0172581 -3.99602e-05 0.0
0.0173892 -3.95259e-05 0.0
0.0175155 -3.93399e-05 0.0
0.0176374 -3.93538e-05 0.0
0.017755 -3.95758e-05 0.0
0.0178684 -4.00175e-05 0.0
0.017978 -4.06482e-05 0.0
0.0180838 -4.14466e-05 0.0
0.018186 -4.24194e-05 0.0
0.0182848 -4.35577e-05 0.0
0.0183803 -4.48367e-05 0.0
0.0184726 -4.62473e-05 0.0
0.0185619 -4.77873e-05 0.0
0.0186483 -4.94409e-05 0.0
0.018732 -5.11913e-05 0.0
0.018813 -5.30318e-05 0.0
0.0188914 -5.49536e-05 0.0
0.0189674 -5.69409e-05 0.0
0.019041 -5.89816e-05 0.0
0.0191123 -6.10673e-05 0.0
0.0191815 -6.31859e-05 0.0
0.0192486 -6.53231e-05 0.0
0.0193136 -6.74679e-05 0.0
0.0193767 -6.9609e-05 0.0
0.019438 -7.17326e-05 0.0
0.0194974 -7.38248e-05 0.0
0.0195551 -7.58731e-05 0.0
0.0196111 -7.78636e-05 0.0
0.0196654 -7.97813e-05 0.0
0.0197182 -8.16113e-05 0.0
0.0197695 -8.33394e-05 0.0
0.0198193 -8.49498e-05 0.0
0.0198676 -8.6427e-05 0.0
0.0199146 -8.77557e-05 0.0
0.0199602 -8.89211e-05 0.0
0.0200045 -8.9908e-05 0.0
0.0200475 -9.07022e-05 0.0
0.0200893 -9.12903e-05 0.0
0.0201299 -9.16601e-05 0.0
0.0201692 -9.18e-05 0.0
0.0202074 -9.17005e-05 0.0
0.0202445 -9.13537e-05 0.0
0.0202804 -9.07534e-05 0.0
0.0203153 -8.98956e-05 0.0
0.020349 -8.87788e-05 0.0
0.0203817 -8.74038e-05 0.0
0.0204133 -8.57739e-05 0.0
0.0204438 -8.38951e-05 0.0
0.0204734 -8.17763e-05 0.0
0.0205019 -7.94287e-05 0.0
0.0205294 -7.68663e-05 0.0
0.0205558 -7.41056e-05 0.0
0.0205813 -7.11656e-05 0.0
0.0206058 -6.80671e-05 0.0
0.0206292 -6.48332e-05 0.0
0.0206517 -6.14885e-05 0.0
0.0206732 -5.80588e-05 0.0
0.0206936 -5.4571e-05 0.0
0.0207131 -5.10524e-05 0.0
0.0207317 -4.75308e-05 0.0
0.0207492 -4.40333e-05 0.0
0.0207658 -4.05869e-05 0.0
0.0207814 -3.72169e-05 0.0
0.0207961 -3.39477e-05 0.0
0.0208098 -3.08014e-05 0.0
0.0208226 -2.77983e-05 0.0
0.0208345 -2.49558e-05 0.0
0.0208455 -2.22889e-05 0.0
0.0208556 -1.98095e-05 0.0
0.0208648 -1.75262e-05 0.0
0.0208732 -1.54447e-05 0.0
0.0208808 -1.35675e-05 0.0
0.0208876 -1.18938e-05 0.0
0.0208937 -1.04196e-05 0.0
0.020899 -9.1385e-06 0.0
0.0209037 -8.04128e-06 0.0
0.0209077 -7.11601e-06 0.0
0.0209111 -6.34916e-06 0.0
0.0209139 -5.72583e-06 0.0
0.0209161 -5.22897e-06 0.0
0.0209178 -4.84127e-06 0.0
0.0209191 -4.54492e-06 0.0
0.02092 -4.32236e-06 0.0
0.0209204 -4.15502e-06 0.0
0.0209205 -4.02708e-06 0.0
0.0209203 -3.92176e-06 0.0
0.0209198 -3.82594e-06 0.0
0.0209191 -3.72459e-06 0.0
0.0209181 -3.61026e-06 0.0
0.0209169 -3.47046e-06 0.0
0.0209155 -3.30611e-06 0.0
0.020914 -3.12125e-06 0.0
0.0209124 -3.01903e-06 0.0
0.0 0.0 0.0
0.0 0.0 0.0
0.0192802 1.74816e-06 0.0
0.0192875 5.86335e-06 0.0
0.0192999 8.84875e-06 0.0
0.0193171 1.21602e-05 0.0
0.0193411 1.65343e-05 0.0
0.0193709 1.8552e-05 0.0
0.0194038 2.07937e-05 0.0
0.0194427 2.60883e-05 0.0
0.0194871 2.80642e-05 0.0
0.0195334 2.76897e-05 0.0
0.0195831 3.26051e-05 0.0
0.0196383 3.63851e-05 0.0
0.0196947 3.41771e-05 0.0
0.0197519 3.62952e-05 0.0
0.0198129 4.16034e-05 0.0
0.0198755 4.03448e-05 0.0
0.0199372 3.90894e-05 0.0
0.0200002 4.35149e-05 0.0
0.0200643 4.47071e-05 0.0
0.0201274 4.22088e-05 0.0
0.0201899 4.38381e-05 0.0
0.0202523 4.64416e-05 0.0
0.0203133 4.50505e-05 0.0
0.0203731 4.43837e-05 0.0
0.0204315 4.63617e-05 0.0
0.0204879 4.66418e-05 0.0
0.0205424 4.54849e-05 0.0
0.0205952 4.60415e-05 0.0
0.0206452 4.696e-05 0.0
0.0206923 4.65452e-05 0.0
0.0207373 4.63333e-05 0.0
0.0207794 4.6936e-05 0.0
0.0208176 4.72143e-05 0.0
0.0208526 4.71971e-05 0.0
0.0208844 4.74852e-05 0.0
0.020912 4.79077e-05 0.0
0.0209349 4.84448e-05 0.0
0.0209536 4.90262e-05 0.0
0.0209677 4.94978e-05 0.0
0.020976 5.03568e-05 0.0
0.0209783 5.18457e-05 0.0
0.0209746 5.29038e-05 0.0
0.0209643 5.40185e-05 0.0
0.0209459 5.65197e-05 0.0
0.0209188 5.94194e-05 0.0
0.020883 6.12897e-05 0.0
0.0208373 6.49335e-05 0.0
0.0207788 7.08359e-05 0.0
0.0207074 7.59153e-05 0.0
0.020623 8.09971e-05 0.0
0.0205213 9.16295e-05 0.0
0.0203986 0.000103781 0.0
0.0202562 0.000114802 0.0
0.0200902 0.000131397 0.0
0.0198908 0.000158899 0.0
0.0196569 0.000186093 0.0
0.0193871 0.000220203 0.0
0.0190631 0.000273203 0.0
0.0186754 0.000348751 0.0
0.0182244 0.000436079 0.0
0.0176707 0.000566185 0.0
0.016983 0.000756812 0.0
0.0161944 0.00105655 0.0
0.0152227 0.00148409 0.0
0.0138577 0.00213156 0.0
0.0123123 0.00337058 0.0
0.0109015 0.00484895 0.0
0.00926932 0.00547255 0.0
0.00704839 0.00486684 0.0
0.00334473 0.00179183 0.0
0.0 0.0 0.0
0.0 0.0 0.0
0.0 0.0 0.0
0.0 0.0 0.0
0.0 0.0 0.0
0.0 0.0 0.0
0.0 0.0 0.0
0.0 0.0 0.0
0.0 0.0 0.0
0.0 0.0 0.0
0.0 0.0 0.0
0.0 0.0 0.0
0.0 0.0 0.0
0.0 0.0 0.0
0.0 0.0 0.0
0.0 0.0 0.0
0.0 0.0 0.0
0.0 0.0 0.0
0.0 0.0 0.0
0.0 0.0 0.0
0.0 0.0 0.0
0.0 0.0 0.0
0.0 0.0 0.0
0.0 0.0 0.0
0.0 0.0 0.0
0.0 0.0 0.0
0.0 0.0 0.0
0.0 0.0 0.0
0.0 0.0 0.0
0.0 0.0 0.0
0.0 0.0 0.0
0.0 0.0 0.0
0.0 0.0 0.0
0.0 0.0 0.0
0.0 0.0 0.0
0.0 0.0 0.0
0.0 0.0 0.0
0.0 0.0 0.0
0.0 0.0 0.0
0.0 0.0 0.0
0.0 0.0 0.0
0.0 0.0 0.0
0.0 0.0 0.0
0.0 0.0 0.0
0.0 0.0 0.0
0.0 0.0 0.0
0.0 0.0 0.0
0.0 0.0 0.0
0.0 0.0 0.0
0.0 0.0 0.0
0.0 0.0 0.0
0.0 0.0 0.0
0.0 0.0 0.0
0.0 0.0 0.0
0.0 0.0 0.0
0.0 0.0 0.0
0.0 0.0 0.0
0.0 0.0 0.0
0.0 0.0 0.0
0.0 0.0 0.0
0.0 0.0 0.0
0.0 0.0 0.0
0.0 0.0 0.0
0.0 0.0 0.0
0.0 0.0 0.0
0.0 0.0 0.0
0.0 0.0 0.0
0.0 0.0 0.0
0.0 0.0 0.0
0.0 0.0 0.0
0.0 0.0 0.0
0.0 0.0 0.0
0.0 0.0 0.0
0.0 0.0 0.0
0.0 0.0 0.0
0.0 0.0 0.0
0.0 0.0 0.0
0.0 0.0 0.0
0.0 0.0 0.0
0.0 0.0 0.0
0.0 0.0 0.0
0.0 0.0 0.0
0.0 0.0 0.0
0.0 0.0 0.0
0.000284323 -0.000329424 0.0
0.000763409 -0.000264814 0.0
0.000997361 -0.000195326 0.0
0.00119172 -0.000226136 0.0
0.001569 -0.000459635 0.0
0.00197339 -0.000771684 0.0
0.00238181 -0.000751294 0.0
0.00293398 -0.000594594 0.0
0.0035038 -0.000643442 0.0
0.00399016 -0.00107415 0.0
0.00441451 -0.00149386 0.0
0.00480258 -0.00178358 0.0
0.00522973 -0.0016075 0.0
0.00575126 -0.00143737 0.0
0.00631269 -0.00130255 0.0
0.00689912 -0.00118996 0.0
0.00747529 -0.00108096 0.0
0.00800294 -0.000988475 0.0
0.00850174 -0.000911465 0.0
0.00899807 -0.00084828 0.0
0.00947365 -0.000788337 0.0
0.0099164 -0.000734022 0.0
0.0103418 -0.000687938 0.0
0.0107558 -0.000647105 0.0
0.0111485 -0.000607555 0.0
0.0115211 -0.00057176 0.0
0.0118814 -0.000540355 0.0
0.0122281 -0.000510854 0.0
0.0125575 -0.000482541 0.0
0.0128733 -0.000456992 0.0
0.0131781 -0.000433664 0.0
0.0134699 -0.000411278 0.0
0.0137487 -0.000390182 0.0
0.0140169 -0.000370963 0.0
0.0142751 -0.000352916 0.0
0.0145221 -0.000335645 0.0
0.0147591 -0.000319564 0.0
0.0149873 -0.000304698 0.0
0.0152064 -0.000290586 0.0
0.0154165 -0.000277231 0.0
0.0156186 -0.000264846 0.0
0.015813 -0.000253276 0.0
0.0159997 -0.000242317 0.0
0.0161791 -0.000232065 0.0
0.0163518 -0.000222562 0.0
0.016518 -0.000213664 0.0
0.0166778 -0.000205318 0.0
0.0168316 -0.000197589 0.0
0.0169798 -0.000190441 0.0
0.0171225 -0.000183788 0.0
0.0172598 -0.000177633 0.0
0.0173922 -0.000171992 0.0
0.0175199 -0.000166814 0.0
0.017643 -0.000162059 0.0
0.0177617 -0.000157733 0.0
0.0178762 -0.000153823 0.0
0.0179868 -0.000150287 0.0
0.0180935 -0.000147108 0.0
0.0181965 -0.00014428 0.0
0.0182961 -0.000141779 0.0
0.0183923 -0.000139577 0.0
0.0184852 -0.000137662 0.0
0.0185752 -0.00013602 0.0
0.0186621 -0.000134627 0.0
0.0187462 -0.000133463 0.0
0.0188276 -0.000132516 0.0
0.0189064 -0.000131769 0.0
0.0189827 -0.0001312 0.0
0.0190566 -0.000130795 0.0
0.0191282 -0.00013054 0.0
0.0191975 -0.000130417 0.0
0.0192647 -0.000130407 0.0
0.0193298 -0.000130498 0.0
0.019393 -0.000130672 0.0
0.0194542 -0.000130913 0.0
0.0195136 -0.000131203 0.0
0.0195712 -0.000131528 0.0
0.0196271 -0.00013187 0.0
0.0196814 -0.000132211 0.0
0.019734 -0.000132535 0.0
0.0197851 -0.000132823 0.0
0.0198346 -0.000133057 0.0
0.0198828 -0.00013322 0.0
0.0199295 -0.000133293 0.0
0.0199748 -0.000133259 0.0
0.0200188 -0.000133099 0.0
0.0200615 -0.000132797 0.0
0.020103 -0.000132336 0.0
0.0201432 -0.0001317 0.0
0.0201823 -0.000130875 0.0
0.0202202 -0.000129847 0.0
0.0202569 -0.000128604 0.0
0.0202925 -0.000127136 0.0
0.0203271 -0.000125435 0.0
0.0203605 -0.000123496 0.0
0.0203929 -0.000121314 0.0
0.0204243 -0.00011889 0.0
0.0204547 -0.000116224 0.0
0.020484 -0.000113321 0.0
0.0205124 -0.000110189 0.0
0.0205397 -0.000106837 0.0
0.0205661 -0.000103278 0.0
0.0205915 -9.95275e-05 0.0
0.020616 -9.56035e-05 0.0
0.0206395 -9.15263e-05 0.0
0.020662 -8.73183e-05 0.0
0.0206836 -8.30035e-05 0.0
0.0207043 -7.86078e-05 0.0
0.020724 -7.4158e-05 0.0
0.0207428 -6.96819e-05 0.0
0.0207607 -6.52074e-05 0.0
0.0207776 -6.07627e-05 0.0
0.0207937 -5.63755e-05 0.0
0.0208088 -5.20725e-05 0.0
0.020823 -4.78791e-05 0.0
0.0208363 -4.38194e-05 0.0
0.0208488 -3.99152e-05 0.0
0.0208603 -3.61857e-05 0.0
0.020871 -3.26481e-05 0.0
0.0208809 -2.93164e-05 0.0
0.02089 -2.62013e-05 0.0
0.0208982 -2.33106e-05 0.0
0.0209057 -2.06492e-05 0.0
0.0209124 -1.82183e-05 0.0
0.0209184 -1.60158e-05 0.0
0.0209237 -1.40372e-05 0.0
0.0209283 -1.22753e-05 0.0
0.0209323 -1.07194e-05 0.0
0.0209356 -9.35722e-06 0.0
0.0209384 -8.17494e-06 0.0
0.0209407 -7.15647e-06 0.0
0.0209425 -6.28441e-06 0.0
0.0209438 -5.54137e-06 0.0
0.0209447 -4.90927e-06 0.0
0.0209452 -4.36938e-06 0.0
0.0209453 -3.90384e-06 0.0
0.0209451 -3.49559e-06 0.0
0.0209447 -3.12832e-06 0.0
0.0209439 -2.78632e-06 0.0
0.020943 -2.45662e-06 0.0
0.0209418 -2.12657e-06 0.0
0.0209405 -1.78805e-06 0.0
0.0209389 -1.4456e-06 0.0
0.0209373 -1.26426e-06 0.0
0.0 0.0 0.0
0.0 0.0 0.0
0.0192802 -1.145e-06 0.0
0.0192875 -4.13445e-06 0.0
0.0193 -5.9988e-06 0.0
0.0193171 -8.19327e-06 0.0
0.0193411 -1.14453e-05 0.0
0.0193709 -1.23345e-05 0.0
0.0194038 -1.34417e-05 0.0
0.0194427 -1.75895e-05 0.0
0.0194871 -1.83974e-05 0.0
0.0195335 -1.68377e-05 0.0
0.0195832 -2.05481e-05 0.0
0.0196384 -2.30907e-05 0.0
0.0196948 -1.96088e-05 0.0
0.0197521 -2.04262e-05 0.0
0.0198131 -2.43932e-05 0.0
0.0198757 -2.17352e-05 0.0
0.0199374 -1.90332e-05 0.0
0.0200005 -2.19724e-05 0.0
0.0200646 -2.15993e-05 0.0
0.0201278 -1.74528e-05 0.0
0.0201904 -1.73837e-05 0.0
0.0202527 -1.82113e-05 0.0
0.0203137 -1.49057e-05 0.0
0.0203736 -1.22374e-05 0.0
0.0204322 -1.21463e-05 0.0
0.0204885 -1.01866e-05 0.0
0.0205431 -6.59668e-06 0.0
0.0205961 -4.65526e-06 0.0
0.0206461 -2.90836e-06 0.0
0.0206932 4.93951e-07 0.0
0.0207385 3.88149e-06 0.0
0.0207808 6.53921e-06 0.0
0.0208188 9.96855e-06 0.0
0.0208541 1.41387e-05 0.0
0.0208865 1.81201e-05 0.0
0.0209139 2.23235e-05 0.0
0.0209368 2.73361e-05 0.0
0.0209564 3.26668e-05 0.0
0.0209709 3.83339e-05 0.0
0.0209788 4.4793e-05 0.0
0.0209819 5.19709e-05 0.0
0.0209798 5.96382e-05 0.0
0.020969 6.85317e-05 0.0
0.0209505 7.8611e-05 0.0
0.0209263 8.95375e-05 0.0
0.0208919 0.000101929 0.0
0.0208444 0.000117021 0.0
0.020789 0.000133468 0.0
0.0207231 0.000151808 0.0
0.0206373 0.000174546 0.0
0.0205355 0.000202009 0.0
0.0204237 0.000230732 0.0
0.0202869 0.000266772 0.0
0.0201167 0.000314166 0.0
0.0199295 0.000367361 0.0
0.0197187 0.000425699 0.0
0.019451 0.000513536 0.0
0.0191353 0.000623847 0.0
0.0187945 0.0007396 0.0
0.0183856 0.000901133 0.0
0.0178663 0.00116798 0.0
0.0172731 0.00146282 0.0
0.0166119 0.00181102 0.0
0.0158145 0.0024876 0.0
0.0148434 0.00345954 0.0
0.0138705 0.00449547 0.0
0.013122 0.00583518 0.0
0.0122368 0.00709877 0.0
0.0106593 0.00716193 0.0
0.00852397 0.00546436 0.0
0.00541722 0.00196795 0.0
0.0020724 0.000376215 0.0
0.0 0.0 0.0
0.0 0.0 0.0
0.0 0.0 0.0
0.0 0.0 0.0
0.0 0.0 0.0
0.0 0.0 0.0
0.0 0.0 0.0
0.0 0.0 0.0
0.0 0.0 0.0
0.0 0.0 0.0
0.0 0.0 0.0
0.0 0.0 0.0
0.0 0.0 0.0
0.0 0.0 0.0
0.0 0.0 0.0
0.0 0.0 0.0
0.0 0.0 0.0
0.0 0.0 0.0
0.0 0.0 0.0
0.0 0.0 0.0
0.0 0.0 0.0
0.0 0.0 0.0
0.0 0.0 0.0
0.0 0.0 0.0
0.0 0.0 0.0
0.0 0.0 0.0
0.0 0.0 0.0
0.0 0.0 0.0
0.0 0.0 0.0
0.0 0.0 0.0
0.0 0.0 0.0
0.0 0.0 0.0
0.0 0.0 0.0
0.0 0.0 0.0
0.0 0.0 0.0
0.0 0.0 0.0
0.0 0.0 0.0
0.0 0.0 0.0
0.0 0.0 0.0
0.0 0.0 0.0
0.0 0.0 0.0
0.0 0.0 0.0
0.0 0.0 0.0
0.0 0.0 0.0
0.0 0.0 0.0
0.0 0.0 0.0
0.0 0.0 0.0
0.0 0.0 0.0
0.0 0.0 0.0
0.0 0.0 0.0
0.0 0.0 0.0
0.0 0.0 0.0
0.0 0.0 0.0
0.0 0.0 0.0
0.0 0.0 0.0
0.0 0.0 0.0
0.0 0.0 0.0
0.0 0.0 0.0
0.0 0.0 0.0
0.0 0.0 0.0
0.0 0.0 0.0
0.0 0.0 0.0
0.0 0.0 0.0
0.0 0.0 0.0
0.0 0.0 0.0
0.0 0.0 0.0
0.0 0.0 0.0
0.0 0.0 0.0
0.0 0.0 0.0
0.0 0.0 0.0
0.0 0.0 0.0
0.0 0.0 0.0
0.0 0.0 0.0
0.0 0.0 0.0
0.0 0.0 0.0
0.0 0.0 0.0
0.0 0.0 0.0
0.000319606 -0.000342272 0.0
0.000838982 -0.000275234 0.0
0.00109237 -0.000197251 0.0
0.00129468 -0.00022657 0.0
0.00168903 -0.000475705 0.0
0.00211546 -0.000795703 0.0
0.00253724 -0.000760411 0.0
0.00308322 -0.000597499 0.0
0.00362194 -0.000602522 0.0
0.00404995 -0.000902507 0.0
0.00440753 -0.00110826 0.0
0.00477424 -0.00122201 0.0
0.00522293 -0.0011489 0.0
0.00577111 -0.00122996 0.0
0.00625778 -0.00148195 0.0
0.00656167 -0.00178431 0.0
0.00672286 -0.00198197 0.0
0.00693842 -0.00199118 0.0
0.00731019 -0.0019505 0.0
0.00775376 -0.0018062 0.0
0.00818497 -0.00168359 0.0
0.00860188 -0.00157568 0.0
0.00904102 -0.00147353 0.0
0.00948978 -0.0013785 0.0
0.00991276 -0.00129742 0.0
0.0103136 -0.00121968 0.0
0.0107119 -0.00114959 0.0
0.0111005 -0.00108764 0.0
0.0114677 -0.0010298 0.0
0.0118207 -0.000974386 0.0
0.0121654 -0.000924846 0.0
0.0124959 -0.000879284 0.0
0.0128107 -0.000835395 0.0
0.0131149 -0.000794203 0.0
0.013409 -0.000756716 0.0
0.0136901 -0.000721102 0.0
0.0139594 -0.000686926 0.0
0.0142196 -0.000655148 0.0
0.0144697 -0.000625545 0.0
0.0147091 -0.000597132 0.0
0.0149393 -0.00057018 0.0
0.0151612 -0.000545056 0.0
0.0153741 -0.00052129 0.0
0.0155784 -0.00049856 0.0
0.0157751 -0.000477167 0.0
0.0159643 -0.000457097 0.0
0.016146 -0.000438022 0.0
0.0163207 -0.000419922 0.0
0.0164889 -0.000402942 0.0
0.0166507 -0.000386948 0.0
0.0168062 -0.000371786 0.0
0.016956 -0.00035751 0.0
0.0171002 -0.000344137 0.0
0.0172391 -0.000331543 0.0
0.0173727 -0.000319682 0.0
0.0175016 -0.000308585 0.0
0.0176258 -0.00029821 0.0
0.0177455 -0.000288482 0.0
0.0178609 -0.000279389 0.0
0.0179722 -0.000270929 0.0
0.0180797 -0.00026305 0.0
0.0181833 -0.00025571 0.0
0.0182834 -0.000248901 0.0
0.0183801 -0.0002426 0.0
0.0184735 -0.000236763 0.0
0.0185637 -0.000231367 0.0
0.0186509 -0.000226396 0.0
0.0187352 -0.000221821 0.0
0.0188167 -0.000217611 0.0
0.0188956 -0.000213748 0.0
0.0189719 -0.000210211 0.0
0.0190458 -0.000206972 0.0
0.0191173 -0.00020401 0.0
0.0191865 -0.000201306 0.0
0.0192535 -0.000198839 0.0
0.0193185 -0.000196586 0.0
0.0193814 -0.000194527 0.0
0.0194423 -0.000192644 0.0
0.0195014 -0.000190916 0.0
0.0195587 -0.000189322 0.0
0.0196142 -0.000187844 0.0
0.0196681 -0.000186462 0.0
0.0197203 -0.000185155 0.0
0.0197709 -0.000183902 0.0
0.0198201 -0.000182685 0.0
0.0198677 -0.000181482 0.0
0.0199139 -0.000180274 0.0
0.0199588 -0.000179038 0.0
0.0200023 -0.000177755 0.0
0.0200445 -0.000176405 0.0
0.0200855 -0.000174968 0.0
0.0201253 -0.000173423 0.0
0.0201638 -0.000171753 0.0
0.0202012 -0.00016994 0.0
0.0202375 -0.000167965 0.0
0.0202727 -0.000165816 0.0
0.0203068 -0.000163477 0.0
0.0203398 -0.000160937 0.0
0.0203719 -0.000158185 0.0
0.0204029 -0.000155215 0.0
0.0204329 -0.00015202 0.0
0.020462 -0.000148599 0.0
0.0204901 -0.000144952 0.0
0.0205173 -0.00014108 0.0
0.0205436 -0.000136991 0.0
0.0205689 -0.000132693 0.0
0.0205934 -0.000128197 0.0
0.0206169 -0.000123517 0.0
0.0206396 -0.000118671 0.0
0.0206614 -0.000113678 0.0
0.0206823 -0.000108559 0.0
0.0207024 -0.000103338 0.0
0.0207215 -9.80409e-05 0.0
0.0207399 -9.2694e-05 0.0
0.0207573 -8.73249e-05 0.0
0.020774 -8.19621e-05 0.0
0.0207897 -7.66341e-05 0.0
0.0208047 -7.13691e-05 0.0
0.0208188 -6.61949e-05 0.0
0.020832 -6.1138e-05 0.0
0.0208445 -5.62236e-05 0.0
0.0208561 -5.14751e-05 0.0
0.0208669 -4.69136e-05 0.0
0.020877 -4.25576e-05 0.0
0.0208862 -3.84231e-05 0.0
0.0208947 -3.45232e-05 0.0
0.0209025 -3.08675e-05 0.0
0.0209095 -2.74627e-05 0.0
0.0209158 -2.4312e-05 0.0
0.0209215 -2.14161e-05 0.0
0.0209264 -1.87718e-05 0.0
0.0209308 -1.6373e-05 0.0
0.0209345 -1.42116e-05 0.0
0.0209377 -1.22767e-05 0.0
0.0209404 -1.05546e-05 0.0
0.0209425 -9.03062e-06 0.0
0.0209441 -7.68847e-06 0.0
0.0209453 -6.51051e-06 0.0
0.0209462 -5.47777e-06 0.0
0.0209466 -4.57255e-06 0.0
0.0209467 -3.77528e-06 0.0
0.0209464 -3.06795e-06 0.0
0.0209459 -2.43146e-06 0.0
0.0209452 -1.85022e-06 0.0
0.0209442 -1.30549e-06 0.0
0.020943 -7.84418e-07 0.0
0.0209417 -2.70087e-07 0.0
0.0209402 2.3203e-07 0.0
0.0209385 4.93607e-07 0.0
0.0 0.0 0.0
0.0 0.0 0.0
0.0192814 -4.02645e-06 0.0
0.0192866 -1.38009e-05 0.0
0.0192995 -2.16963e-05 0.0
0.0193189 -2.82686e-05 0.0
0.0193415 -3.72701e-05 0.0
0.0193705 -4.50802e-05 0.0
0.0194069 -5.00811e-05 0.0
0.0194455 -5.732e-05 0.0
0.0194873 -6.42396e-05 0.0
0.0195369 -6.71261e-05 0.0
0.019589 -7.17349e-05 0.0
0.0196409 -7.7705e-05 0.0
0.0196982 -7.87064e-05 0.0
0.0197593 -8.00239e-05 0.0
0.019819 -8.43539e-05 0.0
0.0198802 -8.47121e-05 0.0
0.0199447 -8.29506e-05 0.0
0.0200087 -8.46454e-05 0.0
0.0200716 -8.47636e-05 0.0
0.0201356 -8.14972e-05 0.0
0.0201993 -8.00023e-05 0.0
0.0202618 -7.93195e-05 0.0
0.0203232 -7.57211e-05 0.0
0.0203834 -7.1895e-05 0.0
0.0204421 -6.942e-05 0.0
0.0204995 -6.5695e-05 0.0
0.0205544 -6.06188e-05 0.0
0.0206068 -5.62095e-05 0.0
0.0206577 -5.16272e-05 0.0
0.0207063 -4.5884e-05 0.0
0.020751 -3.98499e-05 0.0
0.020793 -3.382e-05 0.0
0.0208329 -2.70555e-05 0.0
0.0208687 -1.96812e-05 0.0
0.0209002 -1.18443e-05 0.0
0.0209287 -3.36451e-06 0.0
0.0209534 5.75281e-06 0.0
0.0209727 1.56218e-05 0.0
0.0209871 2.66903e-05 0.0
0.0209972 3.85331e-05 0.0
0.0210014 5.12158e-05 0.0
0.0209989 6.57035e-05 0.0
0.0209901 8.20004e-05 0.0
0.0209744 9.90986e-05 0.0
0.0209501 0.000118513 0.0
0.0209169 0.000141345 0.0
0.0208746 0.000166292 0.0
0.0208213 0.000193335 0.0
0.0207553 0.000226204 0.0
0.0206764 0.000264045 0.0
0.0205831 0.000305568 0.0
0.0204716 0.000354185 0.0
0.0203401 0.00041431 0.0
0.0201894 0.000482359 0.0
0.0200137 0.000562766 0.0
0.019804 0.000661265 0.0
0.0195642 0.000782009 0.0
0.019297 0.000928075 0.0
0.0189747 0.00111352 0.0
0.0185861 0.00133946 0.0
0.0181743 0.00163659 0.0
0.0177244 0.002036 0.0
0.0171296 0.00252966 0.0
0.0164767 0.00320402 0.0
0.0159665 0.0041729 0.0
0.0154295 0.0052552 0.0
0.0147747 0.00645037 0.0
0.0144821 0.00773456 0.0
0.0143458 0.00820149 0.0
0.0132237 0.00743548 0.0
0.0107842 0.00579688 0.0
0.0077867 0.00322171 0.0
0.00488414 0.00144281 0.0
0.00210023 0.00036443 0.0
0.0 0.0 0.0
0.0 0.0 0.0
0.0 0.0 0.0
0.0 0.0 0.0
0.0 0.0 0.0
0.0 0.0 0.0
0.0 0.0 0.0
0.0 0.0 0.0
0.0 0.0 0.0
0.0 0.0 0.0
0.0 0.0 0.0
0.0 0.0 0.0
0.0 0.0 0.0
0.0 0.0 0.0
0.0 0.0 0.0
0.0 0.0 0.0
0.0 0.0 0.0
0.0 0.0 0.0
0.0 0.0 0.0
0.0 0.0 0.0
0.0 0.0 0.0
0.0 0.0 0.0
0.0 0.0 0.0
0.0 0.0 0.0
0.0 0.0 0.0
0.0 0.0 0.0
0.0 0.0 0.0
0.0 0.0 0.0
0.0 0.0 0.0
0.0 0.0 0.0
0.0 0.0 0.0
0.0 0.0 0.0
0.0 0.0 0.0
0.0 0.0 0.0
0.0 0.0 0.0
0.0 0.0 0.0
0.0 0.0 0.0
0.0 0.0 0.0
0.0 0.0 0.0
0.0 0.0 0.0
0.0 0.0 0.0
0.0 0.0 0.0
0.0 0.0 0.0
0.0 0.0 0.0
0.0 0.0 0.0
0.0 0.0 0.0
0.0 0.0 0.0
0.0 0.0 0.0
0.0 0.0 0.0
0.0 0.0 0.0
0.0 0.0 0.0
0.0 0.0 0.0
0.0 0.0 0.0
0.0 0.0 0.0
0.0 0.0 0.0
0.0 0.0 0.0
0.0 0.0 0.0
0.0 0.0 0.0
0.0 0.0 0.0
0.0 0.0 0.0
0.0 0.0 0.0
0.0 0.0 0.0
0.0 0.0 0.0
0.0 0.0 0.0
0.0 0.0 0.0
0.0 0.0 0.0
0.0 0.0 0.0
0.0 0.0 0.0
0.0 0.0 0.0
0.0 0.0 0.0
0.000379411 -0.000368972 0.0
0.000954306 -0.00028651 0.0
0.00122566 -0.000199455 0.0
0.00144559 -0.000233663 0.0
0.00187408 -0.000505441 0.0
0.00233153 -0.000848163 0.0
0.00278016 -0.000808054 0.0
0.00336325 -0.000627539 0.0
0.00393638 -0.000621151 0.0
0.00437644 -0.000932492 0.0
0.00473266 -0.00114179 0.0
0.00511039 -0.00124217 0.0
0.0055618 -0.00113647 0.0
0.00607415 -0.00114266 0.0
0.00652628 -0.00125133 0.0
0.00685818 -0.00143327 0.0
0.00714093 -0.00152372 0.0
0.00748208 -0.00158361 0.0
0.00787288 -0.00171617 0.0
0.00825979 -0.00183194 0.0
0.00855717 -0.00205649 0.0
0.00878186 -0.00216794 0.0
0.00900775 -0.00225712 0.0
0.00922256 -0.00225252 0.0
0.00947067 -0.00215414 0.0
0.00977557 -0.00206316 0.0
0.0101137 -0.00196487 0.0
0.0104621 -0.00186603 0.0
0.0108054 -0.00176604 0.0
0.0111439 -0.0016748 0.0
0.0114857 -0.00159097 0.0
0.0118251 -0.00151305 0.0
0.0121504 -0.00143665 0.0
0.0124647 -0.00136631 0.0
0.0127743 -0.00130221 0.0
0.0130746 -0.00124118 0.0
0.0133617 -0.00118206 0.0
0.0136394 -0.00112764 0.0
0.0139095 -0.00107694 0.0
0.014169 -0.00102801 0.0
0.0144177 -0.000981337 0.0
0.0146583 -0.000938066 0.0
0.0148905 -0.00089697 0.0
0.0151131 -0.000857386 0.0
0.0153271 -0.000820016 0.0
0.0155337 -0.000784971 0.0
0.0157323 -0.00075142 0.0
0.0159229 -0.000719367 0.0
0.0161063 -0.000689192 0.0
0.0162831 -0.000660644 0.0
0.0164528 -0.000633337 0.0
0.016616 -0.000607444 0.0
0.0167731 -0.000583043 0.0
0.0169244 -0.000559874 0.0
0.0170697 -0.000537828 0.0
0.0172097 -0.000517023 0.0
0.0173445 -0.000497393 0.0
0.0174742 -0.000478775 0.0
0.0175991 -0.000461166 0.0
0.0177194 -0.000444596 0.0
0.0178354 -0.000428967 0.0
0.0179471 -0.000414203 0.0
0.0180548 -0.000400311 0.0
0.0181587 -0.000387266 0.0
0.0182589 -0.000374989 0.0
0.0183555 -0.000363446 0.0
0.0184488 -0.000352628 0.0
0.0185389 -0.000342489 0.0
0.0186259 -0.000332977 0.0
0.0187099 -0.00032407 0.0
0.0187911 -0.000315745 0.0
0.0188695 -0.000307958 0.0
0.0189454 -0.000300673 0.0
0.0190187 -0.000293872 0.0
0.0190897 -0.000287523 0.0
0.0191583 -0.000281591 0.0
0.0192247 -0.000276052 0.0
0.019289 -0.000270883 0.0
0.0193512 -0.000266055 0.0
0.0194115 -0.00026154 0.0
0.0194699 -0.000257317 0.0
0.0195264 -0.000253363 0.0
0.0195811 -0.000249652 0.0
0.0196342 -0.000246161 0.0
0.0196856 -0.000242868 0.0
0.0197354 -0.00023975 0.0
0.0197837 -0.000236784 0.0
0.0198306 -0.000233946 0.0
0.019876 -0.000231216 0.0
0.01992 -0.000228569 0.0
0.0199627 -0.000225982 0.0
0.0200041 -0.000223434 0.0
0.0200442 -0.000220901 0.0
0.0200831 -0.000218361 0.0
0.0201209 -0.00021579 0.0
0.0201575 -0.000213168 0.0
0.020193 -0.000210472 0.0
0.0202274 -0.000207683 0.0
0.0202608 -0.00020478 0.0
0.0202932 -0.000201745 0.0
0.0203245 -0.00019856 0.0
0.0203549 -0.000195211 0.0
0.0203844 -0.000191683 0.0
0.0204129 -0.000187966 0.0
0.0204405 -0.00018405 0.0
0.0204673 -0.000179927 0.0
0.0204932 -0.000175595 0.0
0.0205182 -0.000171051 0.0
0.0205424 -0.000166297 0.0
0.0205658 -0.000161338 0.0
0.0205883 -0.00015618 0.0
0.0206101 -0.000150834 0.0
0.020631 -0.000145313 0.0
0.0206512 -0.000139634 0.0
0.0206706 -0.000133813 0.0
0.0206892 -0.000127873 0.0
0.0207071 -0.000121836 0.0
0.0207242 -0.000115727 0.0
0.0207405 -0.000109572 0.0
0.0207561 -0.000103398 0.0
0.0207709 -9.72353e-05 0.0
0.020785 -9.11111e-05 0.0
0.0207983 -8.50545e-05 0.0
0.0208109 -7.90938e-05 0.0
0.0208228 -7.32565e-05 0.0
0.0208339 -6.75687e-05 0.0
0.0208443 -6.20549e-05 0.0
0.020854 -5.67378e-05 0.0
0.020863 -5.16375e-05 0.0
0.0208713 -4.67714e-05 0.0
0.0208789 -4.21546e-05 0.0
0.0208859 -3.77986e-05 0.0
0.0208921 -3.37118e-05 0.0
0.0208978 -2.98996e-05 0.0
0.0209028 -2.63644e-05 0.0
0.0209073 -2.31046e-05 0.0
0.0209111 -2.01163e-05 0.0
0.0209144 -1.73928e-05 0.0
0.0209172 -1.49245e-05 0.0
0.0209195 -1.26988e-05 0.0
0.0209214 -1.07025e-05 0.0
0.0209228 -8.91941e-06 0.0
0.0209237 -7.33264e-06 0.0
0.0209244 -5.92313e-06 0.0
0.0209246 -4.67337e-06 0.0
0.0209246 -3.56225e-06 0.0
0.0209242 -2.57187e-06 0.0
0.0209237 -1.68045e-06 0.0
0.0209228 -8.72102e-07 0.0
0.0209218 -1.23095e-07 0.0
0.0209206 5.79202e-07 0.0
0.0209192 1.26008e-06 0.0
0.0209177 1.91317e-06 0.0
0.020916 2.25051e-06 0.0
0.0 0.0 0.0
0.0 0.0 0.0
0.019282 -8.49096e-06 0.0
0.0192882 -2.21556e-05 0.0
0.0192992 -3.71526e-05 0.0
0.0193188 -5.0875e-05 0.0
0.0193442 -6.28361e-05 0.0
0.019373 -7.733e-05 0.0
0.0194081 -8.98455e-05 0.0
0.0194497 -9.72684e-05 0.0
0.0194936 -0.000108508 0.0
0.0195416 -0.000121064 0.0
0.0195948 -0.000124645 0.0
0.0196502 -0.000129354 0.0
0.0197075 -0.000140248 0.0
0.0197682 -0.000143451 0.0
0.0198302 -0.000141674 0.0
0.0198932 -0.000147481 0.0
0.0199576 -0.000151279 0.0
0.0200223 -0.00014695 0.0
0.0200869 -0.000145904 0.0
0.020152 -0.000148332 0.0
0.020216 -0.000144427 0.0
0.020279 -0.00013874 0.0
0.0203417 -0.000137122 0.0
0.020403 -0.000133822 0.0
0.0204619 -0.000126511 0.0
0.0205197 -0.000120746 0.0
0.020576 -0.00011605 0.0
0.0206293 -0.000108644 0.0
0.0206803 -0.000100153 0.0
0.0207295 -9.28203e-05 0.0
0.0207755 -8.45693e-05 0.0
0.0208181 -7.46221e-05 0.0
0.0208582 -6.45107e-05 0.0
0.0208951 -5.42032e-05 0.0
0.0209277 -4.25297e-05 0.0
0.0209569 -2.98822e-05 0.0
0.0209823 -1.6561e-05 0.0
0.0210027 -2.05511e-06 0.0
0.0210184 1.38278e-05 0.0
0.0210299 3.09014e-05 0.0
0.0210352 4.97713e-05 0.0
0.0210338 7.05249e-05 0.0
0.0210274 9.30285e-05 0.0
0.0210141 0.000117957 0.0
0.0209911 0.000146373 0.0
0.0209605 0.000177411 0.0
0.020923 0.000211563 0.0
0.0208728 0.000251167 0.0
0.0208095 0.000296853 0.0
0.020738 0.000346091 0.0
0.0206528 0.000402978 0.0
0.0205461 0.000472359 0.0
0.0204245 0.000550829 0.0
0.02029 0.000635756 0.0
0.0201276 0.000744187 0.0
0.0199355 0.000878945 0.0
0.0197245 0.00102369 0.0
0.0194862 0.00119445 0.0
0.0192059 0.00143859 0.0
0.0188886 0.00172481 0.0
0.0185367 0.00202704 0.0
0.018159 0.00246526 0.0
0.0177563 0.00308408 0.0
0.0173119 0.00373183 0.0
0.016915 0.00453443 0.0
0.0166857 0.00566728 0.0
0.0165013 0.00681889 0.0
0.0163066 0.00780975 0.0
0.0162477 0.00849011 0.0
0.0161546 0.00832986 0.0
0.0154932 0.00767633 0.0
0.0134418 0.00627064 0.0
0.0103768 0.00485692 0.0
0.00758163 0.00288069 0.0
0.00502447 0.00144664 0.0
0.00217638 0.000500311 0.0
0.0 0.0 0.0
0.0 0.0 0.0
0.0 0.0 0.0
0.0 0.0 0.0
0.0 0.0 0.0
0.0 0.0 0.0
0.0 0.0 0.0
0.0 0.0 0.0
0.0 0.0 0.0
0.0 0.0 0.0
0.0 0.0 0.0
0.0 0.0 0.0
0.0 0.0 0.0
0.0 0.0 0.0
0.0 0.0 0.0
0.0 0.0 0.0
0.0 0.0 0.0
0.0 0.0 0.0
0.0 0.0 0.0
0.0 0.0 0.0
0.0 0.0 0.0
0.0 0.0 0.0
0.0 0.0 0.0
0.0 0.0 0.0
0.0 0.0 0.0
0.0 0.0 0.0
0.0 0.0 0.0
0.0 0.0 0.0
0.0 0.0 0.0
0.0 0.0 0.0
0.0 0.0 0.0
0.0 0.0 0.0
0.0 0.0 0.0
0.0 0.0 0.0
0.0 0.0 0.0
0.0 0.0 0.0
0.0 0.0 0.0
0.0 0.0 0.0
0.0 0.0 0.0
0.0 0.0 0.0
0.0 0.0 0.0
0.0 0.0 0.0
0.0 0.0 0.0
0.0 0.0 0.0
0.0 0.0 0.0
0.0 0.0 0.0
0.0 0.0 0.0
0.0 0.0 0.0
0.0 0.0 0.0
0.0 0.0 0.0
0.0 0.0 0.0
0.0 0.0 0.0
0.0 0.0 0.0
0.0 0.0 0.0
0.0 0.0 0.0
0.0 0.0 0.0
0.0 0.0 0.0
0.0 0.0 0.0
0.0 0.0 0.0
0.0 0.0 0.0
0.0 0.0 0.0
0.000393928 -0.000381788 0.0
0.000990236 -0.000298926 0.0
0.00127318 -0.00020432 0.0
0.00143496 -0.000191385 0.0
0.00162118 -0.000218878 0.0
0.00186312 -0.000244605 0.0
0.00226212 -0.00051373 0.0
0.00269724 -0.000918752 0.0
0.00317973 -0.000875427 0.0
0.00380652 -0.000658969 0.0
0.00439756 -0.000646564 0.0
0.00485113 -0.000991024 0.0
0.00522206 -0.00121347 0.0
0.00560784 -0.00131024 0.0
0.00606528 -0.00119155 0.0
0.0065943 -0.00118623 0.0
0.00706336 -0.00128434 0.0
0.00739222 -0.00146322 0.0
0.00765904 -0.00153717 0.0
0.00799017 -0.00155349 0.0
0.00838074 -0.00162073 0.0
0.00879373 -0.00163213 0.0
0.00915575 -0.00177353 0.0
0.00947664 -0.00184805 0.0
0.00981787 -0.0019462 0.0
0.0101212 -0.0020477 0.0
0.0103931 -0.00213196 0.0
0.0106333 -0.00228518 0.0
0.0108399 -0.00238026 0.0
0.0110181 -0.00244068 0.0
0.0111742 -0.00242994 0.0
0.0113629 -0.0024087 0.0
0.0115916 -0.002349 0.0
0.0118374 -0.00225119 0.0
0.0120838 -0.00216195 0.0
0.0123405 -0.00207464 0.0
0.0126157 -0.00198373 0.0
0.0128913 -0.00189384 0.0
0.0131544 -0.00181059 0.0
0.0134159 -0.00172975 0.0
0.0136807 -0.00165288 0.0
0.0139371 -0.00157977 0.0
0.014182 -0.00150997 0.0
0.014423 -0.00144329 0.0
0.0146596 -0.00138061 0.0
0.014886 -0.00132056 0.0
0.0151038 -0.00126305 0.0
0.0153165 -0.0012086 0.0
0.0155219 -0.00115703 0.0
0.0157185 -0.00110747 0.0
0.0159083 -0.00106025 0.0
0.0160922 -0.00101557 0.0
0.0162687 -0.00097297 0.0
0.0164381 -0.00093216 0.0
0.0166017 -0.00089344 0.0
0.0167594 -0.000856705 0.0
0.0169106 -0.000821628 0.0
0.0170561 -0.000788198 0.0
0.0171964 -0.000756534 0.0
0.0173313 -0.000726443 0.0
0.0174609 -0.000697777 0.0
0.0175857 -0.00067058 0.0
0.0177059 -0.000644833 0.0
0.0178216 -0.000620383 0.0
0.0179328 -0.00059718 0.0
0.01804 -0.000575237 0.0
0.0181433 -0.000554482 0.0
0.0182428 -0.00053482 0.0
0.0183386 -0.000516233 0.0
0.018431 -0.000498695 0.0
0.0185201 -0.000482132 0.0
0.018606 -0.00046649 0.0
0.0186889 -0.000451747 0.0
0.0187689 -0.000437859 0.0
0.0188461 -0.000424768 0.0
0.0189207 -0.000412436 0.0
0.0189927 -0.000400836 0.0
0.0190622 -0.000389919 0.0
0.0191295 -0.000379644 0.0
0.0191944 -0.000369979 0.0
0.0192573 -0.000360893 0.0
0.019318 -0.000352345 0.0
0.0193768 -0.000344301 0.0
0.0194337 -0.000336735 0.0
0.0194887 -0.000329615 0.0
0.019542 -0.000322907 0.0
0.0195935 -0.000316585 0.0
0.0196434 -0.000310622 0.0
0.0196918 -0.000304989 0.0
0.0197386 -0.00029966 0.0
0.0197839 -0.000294609 0.0
0.0198279 -0.000289811 0.0
0.0198704 -0.000285239 0.0
0.0199117 -0.000280868 0.0
0.0199516 -0.000276675 0.0
0.0199904 -0.000272633 0.0
0.0200279 -0.000268717 0.0
0.0200643 -0.000264904 0.0
0.0200996 -0.000261167 0.0
0.0201337 -0.000257483 0.0
0.0201669 -0.000253827 0.0
0.020199 -0.000250174 0.0
0.0202301 -0.000246502 0.0
0.0202603 -0.000242787 0.0
0.0202896 -0.000239007 0.0
0.0203179 -0.00023514 0.0
0.0203454 -0.000231167 0.0
0.020372 -0.000227069 0.0
0.0203978 -0.000222829 0.0
0.0204228 -0.000218433 0.0
0.0204469 -0.000213866 0.0
0.0204704 -0.000209119 0.0
0.020493 -0.000204183 0.0
0.0205149 -0.000199054 0.0
0.0205361 -0.000193727 0.0
0.0205566 -0.000188203 0.0
0.0205764 -0.000182486 0.0
0.0205955 -0.000176582 0.0
0.0206139 -0.000170498 0.0
0.0206316 -0.000164249 0.0
0.0206487 -0.000157847 0.0
0.0206651 -0.000151311 0.0
0.0206809 -0.000144661 0.0
0.020696 -0.000137918 0.0
0.0207105 -0.000131107 0.0
0.0207243 -0.000124254 0.0
0.0207375 -0.000117386 0.0
0.0207501 -0.000110531 0.0
0.020762 -0.000103718 0.0
0.0207733 -9.6976e-05 0.0
0.020784 -9.03331e-05 0.0
0.0207941 -8.38178e-05 0.0
0.0208035 -7.74569e-05 0.0
0.0208124 -7.12761e-05 0.0
0.0208206 -6.52988e-05 0.0
0.0208282 -5.95467e-05 0.0
0.0208352 -5.4039e-05 0.0
0.0208416 -4.87916e-05 0.0
0.0208475 -4.38179e-05 0.0
0.0208528 -3.91286e-05 0.0
0.0208575 -3.47305e-05 0.0
0.0208617 -3.06272e-05 0.0
0.0208654 -2.68196e-05 0.0
0.0208686 -2.33057e-05 0.0
0.0208713 -2.00793e-05 0.0
0.0208735 -1.71327e-05 0.0
0.0208753 -1.44552e-05 0.0
0.0208768 -1.20341e-05 0.0
0.0208778 -9.8533e-06 0.0
0.0208784 -7.89761e-06 0.0
0.0208788 -6.14805e-06 0.0
0.0208788 -4.58664e-06 0.0
0.0208785 -3.19143e-06 0.0
0.020878 -1.94538e-06 0.0
0.0208773 -8.23908e-07 0.0
0.0208763 1.89305e-07 0.0
0.0208752 1.1216e-06 0.0
0.0208739 1.98546e-06 0.0
0.0208725 2.81375e-06 0.0
0.020871 3.59903e-06 0.0
0.0208693 4.00214e-06 0.0
0.0 0.0 0.0
0.0 0.0 0.0
0.0192787 -1.30792e-05 0.0
0.0192872 -3.1012e-05 0.0
0.0193007 -5.14628e-05 0.0
0.0193191 -7.46265e-05 0.0
0.0193459 -9.19981e-05 0.0
0.0193778 -0.000107314 0.0
0.019412 -0.000127658 0.0
0.0194546 -0.000144346 0.0
0.0195029 -0.000154376 0.0
0.019551 -0.000168531 0.0
0.0196037 -0.000182495 0.0
0.0196636 -0.000188831 0.0
0.0197228 -0.000195913 0.0
0.0197824 -0.000205318 0.0
0.0198473 -0.000208632 0.0
0.0199133 -0.000210245 0.0
0.0199774 -0.000213918 0.0
0.0200434 -0.000214652 0.0
0.0201105 -0.000212318 0.0
0.0201763 -0.000211041 0.0
0.0202414 -0.000208648 0.0
0.0203061 -0.000203901 0.0
0.0203694 -0.000198718 0.0
0.0204318 -0.000193324 0.0
0.0204926 -0.000186349 0.0
0.0205508 -0.000178608 0.0
0.0206076 -0.000170362 0.0
0.020663 -0.000161224 0.0
0.0207149 -0.000151209 0.0
0.0207638 -0.000140603 0.0
0.0208115 -0.000129028 0.0
0.020856 -0.000116663 0.0
0.0208961 -0.000103498 0.0
0.0209335 -8.92806e-05 0.0
0.0209685 -7.39638e-05 0.0
0.0209986 -5.77055e-05 0.0
0.0210241 -4.00287e-05 0.0
0.0210466 -2.0902e-05 0.0
0.0210644 -3.92776e-07 0.0
0.0210762 2.19627e-05 0.0
0.0210831 4.66003e-05 0.0
0.0210852 7.31235e-05 0.0
0.0210802 0.000102255 0.0
0.0210679 0.00013483 0.0
0.0210496 0.000170624 0.0
0.0210233 0.000209767 0.0
0.0209868 0.000254364 0.0
0.0209417 0.000304308 0.0
0.0208877 0.000359617 0.0
0.0208204 0.000422721 0.0
0.020739 0.00049563 0.0
0.0206471 0.000576895 0.0
0.020541 0.000671413 0.0
0.0204124 0.000782651 0.0
0.0202654 0.000909224 0.0
0.0201086 0.00105659 0.0
0.0199266 0.00123914 0.0
0.0197042 0.00144954 0.0
0.0194701 0.00169325 0.0
0.0192415 0.00200613 0.0
0.0189579 0.00238768 0.0
0.0186214 0.00282133 0.0
0.0183598 0.00337944 0.0
0.0181533 0.00407318 0.0
0.0178571 0.00485286 0.0
0.0176596 0.00578734 0.0
0.0177875 0.00678268 0.0
0.0180006 0.00769743 0.0
0.018081 0.00857144 0.0
0.0179848 0.00874593 0.0
0.0175924 0.00829389 0.0
0.0170227 0.00797401 0.0
0.0159845 0.00706561 0.0
0.0137075 0.0056829 0.0
0.0107493 0.00477388 0.0
0.00805073 0.00304942 0.0
0.00565221 0.00140406 0.0
0.00354504 0.000256349 0.0
0.00164197 0.000252839 0.0
0.0 0.0 0.0
0.0 0.0 0.0
0.0 0.0 0.0
0.0 0.0 0.0
0.0 0.0 0.0
0.0 0.0 0.0
0.0 0.0 0.0
0.0 0.0 0.0
0.0 0.0 0.0
0.0 0.0 0.0
0.0 0.0 0.0
0.0 0.0 0.0
0.0 0.0 0.0
0.0 0.0 0.0
0.0 0.0 0.0
0.0 0.0 0.0
0.0 0.0 0.0
0.0 0.0 0.0
0.0 0.0 0.0
0.0 0.0 0.0
0.0 0.0 0.0
0.0 0.0 0.0
0.0 0.0 0.0
0.0 0.0 0.0
0.0 0.0 0.0
0.0 0.0 0.0
0.0 0.0 0.0
0.0 0.0 0.0
0.0 0.0 0.0
0.0 0.0 0.0
0.0 0.0 0.0
0.0 0.0 0.0
0.0 0.0 0.0
0.0 0.0 0.0
0.0 0.0 0.0
0.0 0.0 0.0
0.0 0.0 0.0
0.0 0.0 0.0
0.0 0.0 0.0
0.0 0.0 0.0
0.0 0.0 0.0
0.0 0.0 0.0
0.0 0.0 0.0
0.0 0.0 0.0
0.0 0.0 0.0
0.0 0.0 0.0
0.0 0.0 0.0
0.0 0.0 0.0
0.0 0.0 0.0
0.0 0.0 0.0
0.0 0.0 0.0
0.0 0.0 0.0
0.000449728 -0.000413552 0.0
0.00110947 -0.000312059 0.0
0.00141338 -0.000207213 0.0
0.00158255 -0.000199663 0.0
0.0018583 -0.000281973 0.0
0.00232952 -0.00054064 0.0
0.00276961 -0.000937879 0.0
0.00323995 -0.000904531 0.0
0.00388212 -0.000647786 0.0
0.00443761 -0.000522781 0.0
0.00484744 -0.000546621 0.0
0.00527177 -0.000600022 0.0
0.00568892 -0.0009751 0.0
0.0060314 -0.00125281 0.0
0.00636928 -0.00137977 0.0
0.00680847 -0.00123836 0.0
0.00734964 -0.00122932 0.0
0.00781894 -0.00133883 0.0
0.00813128 -0.00152914 0.0
0.00838762 -0.00160108 0.0
0.00871606 -0.00161237 0.0
0.00910179 -0.0016737 0.0
0.00951652 -0.00167018 0.0
0.0098848 -0.00180102 0.0
0.0102006 -0.0018531 0.0
0.010533 -0.00190839 0.0
0.0108451 -0.00196305 0.0
0.0111552 -0.00199391 0.0
0.0114628 -0.00207756 0.0
0.0117447 -0.00214827 0.0
0.0120068 -0.00222766 0.0
0.0122517 -0.00230085 0.0
0.0124896 -0.00239718 0.0
0.0127045 -0.00248168 0.0
0.0128764 -0.00255589 0.0
0.013019 -0.00259469 0.0
0.0131701 -0.0025981 0.0
0.013325 -0.00258664 0.0
0.0134705 -0.00253259 0.0
0.0136324 -0.00246312 0.0
0.0138193 -0.0023888 0.0
0.0140177 -0.00230422 0.0
0.0142158 -0.00221758 0.0
0.0144145 -0.00213067 0.0
0.0146192 -0.00204576 0.0
0.0148271 -0.0019631 0.0
0.0150298 -0.00188283 0.0
0.015227 -0.00180382 0.0
0.0154233 -0.00172891 0.0
0.0156167 -0.00165755 0.0
0.015803 -0.00158811 0.0
0.0159834 -0.00152097 0.0
0.0161602 -0.00145776 0.0
0.0163315 -0.00139721 0.0
0.016496 -0.00133849 0.0
0.0166551 -0.00128248 0.0
0.0168095 -0.00122954 0.0
0.016958 -0.00117859 0.0
0.0171007 -0.00112961 0.0
0.0172385 -0.00108316 0.0
0.0173714 -0.001039 0.0
0.017499 -0.000996565 0.0
0.0176217 -0.000956093 0.0
0.01774 -0.000917742 0.0
0.0178537 -0.000881173 0.0
0.0179629 -0.000846206 0.0
0.0180681 -0.000813024 0.0
0.0181693 -0.000781558 0.0
0.0182666 -0.000751575 0.0
0.0183602 -0.000723058 0.0
0.0184503 -0.000696069 0.0
0.018537 -0.000670472 0.0
0.0186204 -0.000646152 0.0
0.0187008 -0.00062312 0.0
0.0187782 -0.00060135 0.0
0.0188528 -0.000580725 0.0
0.0189247 -0.000561194 0.0
0.018994 -0.000542748 0.0
0.0190608 -0.000525325 0.0
0.0191253 -0.000508846 0.0
0.0191875 -0.000493281 0.0
0.0192475 -0.000478598 0.0
0.0193055 -0.000464735 0.0
0.0193614 -0.000451641 0.0
0.0194155 -0.000439288 0.0
0.0194678 -0.000427634 0.0
0.0195183 -0.00041663 0.0
0.0195671 -0.000406239 0.0
0.0196143 -0.000396432 0.0
0.01966 -0.000387168 0.0
0.0197042 -0.00037841 0.0
0.0197469 -0.000370128 0.0
0.0197883 -0.000362294 0.0
0.0198283 -0.000354871 0.0
0.0198671 -0.00034783 0.0
0.0199046 -0.000341144 0.0
0.0199409 -0.000334785 0.0
0.0199761 -0.000328722 0.0
0.0200102 -0.00032293 0.0
0.0200432 -0.000317381 0.0
0.0200751 -0.000312048 0.0
0.0201061 -0.000306904 0.0
0.0201361 -0.000301923 0.0
0.0201651 -0.000297078 0.0
0.0201933 -0.000292343 0.0
0.0202205 -0.000287692 0.0
0.0202469 -0.000283099 0.0
0.0202725 -0.000278538 0.0
0.0202973 -0.000273985 0.0
0.0203213 -0.000269414 0.0
0.0203446 -0.000264804 0.0
0.0203671 -0.00026013 0.0
0.0203889 -0.000255373 0.0
0.02041 -0.000250512 0.0
0.0204305 -0.000245529 0.0
0.0204503 -0.000240408 0.0
0.0204695 -0.000235135 0.0
0.020488 -0.000229698 0.0
0.0205059 -0.000224088 0.0
0.0205233 -0.000218298 0.0
0.02054 -0.000212324 0.0
0.0205562 -0.000206166 0.0
0.0205719 -0.000199825 0.0
0.020587 -0.000193307 0.0
0.0206015 -0.000186618 0.0
0.0206156 -0.000179771 0.0
0.0206291 -0.000172778 0.0
0.020642 -0.000165657 0.0
0.0206545 -0.000158425 0.0
0.0206665 -0.000151106 0.0
0.0206779 -0.000143721 0.0
0.0206889 -0.000136297 0.0
0.0206993 -0.00012886 0.0
0.0207093 -0.000121438 0.0
0.0207187 -0.00011406 0.0
0.0207276 -0.000106753 0.0
0.0207361 -9.95484e-05 0.0
0.020744 -9.24732e-05 0.0
0.0207515 -8.55552e-05 0.0
0.0207584 -7.88206e-05 0.0
0.0207649 -7.22941e-05 0.0
0.0207709 -6.59982e-05 0.0
0.0207764 -5.99532e-05 0.0
0.0207814 -5.41767e-05 0.0
0.0207859 -4.86835e-05 0.0
0.02079 -4.34855e-05 0.0
0.0207937 -3.85912e-05 0.0
0.0207968 -3.40062e-05 0.0
0.0207996 -2.97328e-05 0.0
0.0208019 -2.57702e-05 0.0
0.0208039 -2.21141e-05 0.0
0.0208055 -1.87583e-05 0.0
0.0208067 -1.5693e-05 0.0
0.0208075 -1.29065e-05 0.0
0.0208081 -1.03841e-05 0.0
0.0208083 -8.11128e-06 0.0
0.0208083 -6.06866e-06 0.0
0.020808 -4.2391e-06 0.0
0.0208074 -2.60048e-06 0.0
0.0208067 -1.13555e-06 0.0
0.0208058 1.82289e-07 0.0
0.0208047 1.36887e-06 0.0
0.0208035 2.45453e-06 0.0
0.0208021 3.4521e-06 0.0
0.0208006 4.40002e-06 0.0
0.0207991 5.28985e-06 0.0
0.0207974 5.74413e-06 0.0
0.0 0.0 0.0
0.0 0.0 0.0
0.0192792 -1.47225e-05 0.0
0.0192869 -4.37119e-05 0.0
0.019303 -6.96568e-05 0.0
0.0193221 -9.46608e-05 0.0
0.0193461 -0.000122102 0.0
0.0193815 -0.000144546 0.0
0.0194215 -0.000164621 0.0
0.0194618 -0.000189184 0.0
0.0195098 -0.000207158 0.0
0.019565 -0.00021882 0.0
0.01962 -0.000237287 0.0
0.0196777 -0.000252658 0.0
0.0197408 -0.000256413 0.0
0.0198056 -0.000265386 0.0
0.0198704 -0.000277214 0.0
0.0199371 -0.000277792 0.0
0.020005 -0.000276796 0.0
0.0200736 -0.000282465 0.0
0.0201414 -0.000282031 0.0
0.0202085 -0.000275447 0.0
0.020276 -0.000272985 0.0
0.020343 -0.000270786 0.0
0.0204073 -0.000262212 0.0
0.0204703 -0.000253594 0.0
0.0205332 -0.000247221 0.0
0.0205936 -0.00023788 0.0
0.0206508 -0.000225746 0.0
0.0207068 -0.000214863 0.0
0.0207611 -0.000203381 0.0
0.0208117 -0.000189364 0.0
0.0208592 -0.000174623 0.0
0.0209049 -0.000159887 0.0
0.0209474 -0.000143437 0.0
0.0209858 -0.000125483 0.0
0.021021 -0.000106749 0.0
0.021053 -8.66667e-05 0.0
0.0210806 -6.47395e-05 0.0
0.0211039 -4.13777e-05 0.0
0.0211229 -1.61012e-05 0.0
0.021137 1.14855e-05 0.0
0.021146 4.12279e-05 0.0
0.0211499 7.34931e-05 0.0
0.0211472 0.000109412 0.0
0.0211381 0.000148636 0.0
0.0211232 0.000191169 0.0
0.0211003 0.000238788 0.0
0.0210681 0.000292765 0.0
0.0210287 0.000351394 0.0
0.0209807 0.000416353 0.0
0.0209202 0.000492104 0.0
0.0208487 0.000578209 0.0
0.0207676 0.000670928 0.0
0.020672 0.000779046 0.0
0.0205612 0.000910201 0.0
0.0204373 0.00105511 0.0
0.0202964 0.00121358 0.0
0.0201397 0.00141553 0.0
0.0199719 0.00165919 0.0
0.01978 0.00191516 0.0
0.0195708 0.00222381 0.0
0.0193778 0.00263896 0.0
0.0191796 0.00309387 0.0
0.0189521 0.00358727 0.0
0.0187944 0.00424614 0.0
0.0187491 0.00500531 0.0
0.0187256 0.00577943 0.0
0.0187601 0.00666221 0.0
0.0189818 0.0074877 0.0
0.0193857 0.00819505 0.0
0.0197432 0.00876765 0.0
0.0196566 0.00881822 0.0
0.0192385 0.00859871 0.0
0.0186735 0.00799867 0.0
0.0178623 0.00757433 0.0
0.0167212 0.0068253 0.0
0.0148167 0.00549645 0.0
0.0124067 0.00420462 0.0
0.0097451 0.00259375 0.0
0.00745523 0.00236397 0.0
0.0055027 0.00106705 0.0
0.00377587 9.11503e-05 0.0
0.00269201 1.12855e-05 0.0
0.00141847 0.000156451 0.0
0.0 0.0 0.0
0.0 0.0 0.0
0.0 0.0 0.0
0.0 0.0 0.0
0.0 0.0 0.0
0.0 0.0 0.0
0.0 0.0 0.0
0.0 0.0 0.0
0.0 0.0 0.0
0.0 0.0 0.0
0.0 0.0 0.0
0.0 0.0 0.0
0.0 0.0 0.0
0.0 0.0 0.0
0.0 0.0 0.0
0.0 0.0 0.0
0.0 0.0 0.0
0.0 0.0 0.0
0.0 0.0 0.0
0.0 0.0 0.0
0.0 0.0 0.0
0.0 0.0 0.0
0.0 0.0 0.0
0.0 0.0 0.0
0.0 0.0 0.0
0.0 0.0 0.0
0.0 0.0 0.0
0.0 0.0 0.0
0.0 0.0 0.0
0.0 0.0 0.0
0.0 0.0 0.0
0.0 0.0 0.0
0.0 0.0 0.0
0.0 0.0 0.0
0.0 0.0 0.0
0.0 0.0 0.0
0.0 0.0 0.0
0.0 0.0 0.0
0.0 0.0 0.0
0.0 0.0 0.0
0.0 0.0 0.0
0.00051103 -0.000444808 0.0
0.00124265 -0.000340944 0.0
0.00158249 -0.000220193 0.0
0.00176504 -0.000203095 0.0
0.00197198 -0.000235924 0.0
0.00224846 -0.000266509 0.0
0.00269171 -0.000564846 0.0
0.00315348 -0.00103356 0.0
0.00367829 -0.000981832 0.0
0.00436922 -0.000673698 0.0
0.00496015 -0.000594872 0.0
0.00544284 -0.000678523 0.0
0.00586227 -0.00103598 0.0
0.00624238 -0.00128568 0.0
0.00660339 -0.0014138 0.0
0.00699444 -0.00118113 0.0
0.00747653 -0.00102285 0.0
0.00798907 -0.00103098 0.0
0.00850838 -0.00111822 0.0
0.00895461 -0.00128845 0.0
0.00922184 -0.001516 0.0
0.00941443 -0.00161906 0.0
0.00970944 -0.00165004 0.0
0.010088 -0.00172142 0.0
0.0104924 -0.00171138 0.0
0.0108425 -0.0018534 0.0
0.0111438 -0.00191008 0.0
0.0114691 -0.00196111 0.0
0.0117709 -0.00200816 0.0
0.0120681 -0.00203031 0.0
0.0123678 -0.00209921 0.0
0.0126478 -0.00214908 0.0
0.0129138 -0.00220007 0.0
0.0131727 -0.00223366 0.0
0.0134362 -0.0022991 0.0
0.0137 -0.00234973 0.0
0.013947 -0.00240694 0.0
0.0141675 -0.00246453 0.0
0.0143795 -0.00252546 0.0
0.0145729 -0.0026003 0.0
0.0147324 -0.00264804 0.0
0.0148667 -0.00269377 0.0
0.0149898 -0.00272477 0.0
0.0151075 -0.00273626 0.0
0.0152152 -0.00270736 0.0
0.0153241 -0.00266408 0.0
0.0154449 -0.0026187 0.0
0.0155745 -0.00254877 0.0
0.0157081 -0.00246646 0.0
0.0158442 -0.00238816 0.0
0.0159884 -0.00230723 0.0
0.0161392 -0.00222204 0.0
0.0162871 -0.0021376 0.0
0.0164314 -0.00205646 0.0
0.0165788 -0.00197635 0.0
0.0167266 -0.00189802 0.0
0.0168681 -0.00182192 0.0
0.0170056 -0.00174863 0.0
0.0171426 -0.0016779 0.0
0.017276 -0.00160973 0.0
0.0174033 -0.00154382 0.0
0.0175271 -0.00148068 0.0
0.0176483 -0.0014202 0.0
0.0177645 -0.00136205 0.0
0.0178758 -0.00130615 0.0
0.0179839 -0.00125285 0.0
0.0180883 -0.00120187 0.0
0.0181881 -0.00115296 0.0
0.018284 -0.00110623 0.0
0.0183767 -0.00106175 0.0
0.0184657 -0.00101925 0.0
0.0185508 -0.00097864 0.0
0.0186328 -0.000939995 0.0
0.0187117 -0.000903246 0.0
0.0187874 -0.000868206 0.0
0.01886 -0.000834862 0.0
0.0189299 -0.000803218 0.0
0.0189971 -0.000773159 0.0
0.0190615 -0.000744581 0.0
0.0191235 -0.00071748 0.0
0.0191832 -0.000691804 0.0
0.0192406 -0.000667454 0.0
0.0192957 -0.000644371 0.0
0.0193489 -0.000622531 0.0
0.0194001 -0.000601864 0.0
0.0194494 -0.000582296 0.0
0.0194968 -0.000563785 0.0
0.0195426 -0.00054629 0.0
0.0195868 -0.000529745 0.0
0.0196294 -0.000514096 0.0
0.0196705 -0.000499306 0.0
0.0197102 -0.000485327 0.0
0.0197485 -0.000472105 0.0
0.0197854 -0.000459601 0.0
0.0198212 -0.000447776 0.0
0.0198557 -0.000436586 0.0
0.0198891 -0.000425992 0.0
0.0199214 -0.000415958 0.0
0.0199526 -0.000406449 0.0
0.0199827 -0.00039743 0.0
0.0200119 -0.000388866 0.0
0.0200401 -0.000380727 0.0
0.0200674 -0.000372982 0.0
0.0200938 -0.000365599 0.0
0.0201194 -0.000358549 0.0
0.0201441 -0.000351804 0.0
0.0201681 -0.000345334 0.0
0.0201912 -0.00033911 0.0
0.0202136 -0.000333106 0.0
0.0202353 -0.000327292 0.0
0.0202563 -0.000321642 0.0
0.0202767 -0.000316127 0.0
0.0202963 -0.00031072 0.0
0.0203154 -0.000305396 0.0
0.0203338 -0.000300126 0.0
0.0203516 -0.000294885 0.0
0.0203688 -0.000289649 0.0
0.0203855 -0.000284392 0.0
0.0204017 -0.000279091 0.0
0.0204173 -0.000273725 0.0
0.0204324 -0.000268272 0.0
0.0204471 -0.000262714 0.0
0.0204612 -0.000257034 0.0
0.0204749 -0.000251216 0.0
0.0204881 -0.000245249 0.0
0.0205009 -0.000239121 0.0
0.0205133 -0.000232826 0.0
0.0205252 -0.000226358 0.0
0.0205367 -0.000219716 0.0
0.0205479 -0.000212901 0.0
0.0205586 -0.000205916 0.0
0.020569 -0.000198769 0.0
0.0205789 -0.000191469 0.0
0.0205885 -0.00018403 0.0
0.0205978 -0.000176466 0.0
0.0206066 -0.000168796 0.0
0.0206151 -0.000161041 0.0
0.0206233 -0.000153223 0.0
0.020631 -0.000145366 0.0
0.0206384 -0.000137498 0.0
0.0206455 -0.000129645 0.0
0.0206522 -0.000121835 0.0
0.0206585 -0.000114098 0.0
0.0206645 -0.000106463 0.0
0.0206701 -9.89568e-05 0.0
0.0206753 -9.16087e-05 0.0
0.0206802 -8.4445e-05 0.0
0.0206847 -7.74912e-05 0.0
0.0206889 -7.07706e-05 0.0
0.0206927 -6.43041e-05 0.0
0.0206961 -5.81111e-05 0.0
0.0206992 -5.22072e-05 0.0
0.0207019 -4.66056e-05 0.0
0.0207043 -4.13162e-05 0.0
0.0207063 -3.63466e-05 0.0
0.020708 -3.16998e-05 0.0
0.0207094 -2.73764e-05 0.0
0.0207105 -2.33744e-05 0.0
0.0207112 -1.96885e-05 0.0
0.0207118 -1.63093e-05 0.0
0.020712 -1.32273e-05 0.0
0.020712 -1.04287e-05 0.0
0.0207117 -7.89913e-06 0.0
0.0207113 -5.61951e-06 0.0
0.0207106 -3.57445e-06 0.0
0.0207098 -1.74087e-06 0.0
0.0207088 -1.01139e-07 0.0
0.0207076 1.37141e-06 0.0
0.0207064 2.69235e-06 0.0
0.020705 3.89492e-06 0.0
0.0207035 4.99181e-06 0.0
0.020702 6.02423e-06 0.0
0.0207004 6.98409e-06 0.0
0.0206988 7.47178e-06 0.0
0.0 0.0 0.0
0.0 0.0 0.0
0.0192809 -1.75581e-05 0.0
0.0192863 -5.53982e-05 0.0
0.0193006 -8.93408e-05 0.0
0.0193253 -0.000116624 0.0
0.0193529 -0.000149994 0.0
0.0193859 -0.000185361 0.0
0.0194285 -0.000207952 0.0
0.0194749 -0.000229951 0.0
0.0195233 -0.000260278 0.0
0.0195803 -0.000280557 0.0
0.0196405 -0.000291401 0.0
0.0197002 -0.000310847 0.0
0.0197651 -0.00032713 0.0
0.019834 -0.000331947 0.0
0.0199011 -0.000338914 0.0
0.0199699 -0.00034849 0.0
0.0200414 -0.000349769 0.0
0.0201117 -0.000348308 0.0
0.0201815 -0.000349059 0.0
0.020252 -0.000347208 0.0
0.020321 -0.000340875 0.0
0.0203888 -0.000334617 0.0
0.0204565 -0.000327997 0.0
0.0205217 -0.000318969 0.0
0.0205845 -0.000307971 0.0
0.0206471 -0.000296723 0.0
0.0207072 -0.000284456 0.0
0.0207636 -0.000270597 0.0
0.0208184 -0.000255358 0.0
0.0208718 -0.000239485 0.0
0.0209209 -0.000222496 0.0
0.0209666 -0.000204028 0.0
0.0210107 -0.000184188 0.0
0.0210514 -0.000163344 0.0
0.0210872 -0.000140961 0.0
0.0211201 -0.000116824 0.0
0.0211499 -9.09972e-05 0.0
0.0211746 -6.33588e-05 0.0
0.0211946 -3.34164e-05 0.0
0.0212111 -1.17525e-06 0.0
0.0212224 3.3815e-05 0.0
0.0212274 7.20066e-05 0.0
0.0212277 0.000113487 0.0
0.0212227 0.000158681 0.0
0.0212099 0.000208984 0.0
0.0211902 0.000264174 0.0
0.021165 0.000324487 0.0
0.0211311 0.00039236 0.0
0.0210869 0.000468893 0.0
0.0210353 0.000552235 0.0
0.0209765 0.000646522 0.0
0.0209044 0.000756232 0.0
0.0208186 0.000877664 0.0
0.0207276 0.00101201 0.0
0.020628 0.00117382 0.0
0.0205063 0.00136031 0.0
0.0203711 0.00156206 0.0
0.0202452 0.00180247 0.0
0.0201088 0.00209816 0.0
0.0199367 0.00242148 0.0
0.0197816 0.00278797 0.0
0.0196825 0.00324379 0.0
0.0195651 0.00376262 0.0
0.0194398 0.00433782 0.0
0.0194429 0.00498819 0.0
0.0195628 0.00568563 0.0
0.0197223 0.0064804 0.0
0.0199666 0.00725607 0.0
0.0202663 0.00780813 0.0
0.0206417 0.00839956 0.0
0.0210643 0.00879766 0.0
0.0212211 0.00880686 0.0
0.0209413 0.00864011 0.0
0.0204622 0.00837183 0.0
0.0198565 0.00768098 0.0
0.0190962 0.00710253 0.0
0.018054 0.00591432 0.0
0.0163351 0.00508555 0.0
0.0143473 0.00440839 0.0
0.0124892 0.00313294 0.0
0.0105262 0.00179025 0.0
0.00854512 0.00171006 0.0
0.00695366 0.00171674 0.0
0.00538162 0.00092296 0.0
0.00391417 0.000100453 0.0
0.00318474 -0.000187581 0.0
0.00287814 -0.000237423 0.0
0.0024324 -7.33369e-05 0.0
0.00131471 0.000207596 0.0
0.0 0.0 0.0
0.0 0.0 0.0
0.0 0.0 0.0
0.0 0.0 0.0
0.0 0.0 0.0
0.0 0.0 0.0
0.0 0.0 0.0
0.0 0.0 0.0
0.0 0.0 0.0
0.0 0.0 0.0
0.0 0.0 0.0
0.0 0.0 0.0
0.0 0.0 0.0
0.0 0.0 0.0
0.0 0.0 0.0
0.0 0.0 0.0
0.0 0.0 0.0
0.0 0.0 0.0
0.0 0.0 0.0
0.0 0.0 0.0
0.0 0.0 0.0
0.0 0.0 0.0
0.0 0.0 0.0
0.0 0.0 0.0
0.0 0.0 0.0
0.000559471 -0.000492672 0.0
0.00135299 -0.000369711 0.0
0.00170974 -0.000244561 0.0
0.00189884 -0.000225402 0.0
0.00211936 -0.000262657 0.0
0.00231642 -0.000220028 0.0
0.00243276 -0.000194477 0.0
0.00252915 -0.000197305 0.0
0.00272915 -0.000266019 0.0
0.00317732 -0.000609084 0.0
0.00363906 -0.0011116 0.0
0.00415217 -0.00105903 0.0
0.00487031 -0.000729228 0.0
0.00548631 -0.000571082 0.0
0.00592107 -0.00058949 0.0
0.00635316 -0.000643545 0.0
0.00677917 -0.00105825 0.0
0.0071279 -0.00136515 0.0
0.00743867 -0.00151364 0.0
0.00783985 -0.00123452 0.0
0.00837651 -0.00117699 0.0
0.00891858 -0.00120558 0.0
0.00936713 -0.00136615 0.0
0.00964602 -0.00156632 0.0
0.00983464 -0.00163262 0.0
0.0101119 -0.00158227 0.0
0.010536 -0.00153216 0.0
0.0110022 -0.00149286 0.0
0.0113997 -0.00156577 0.0
0.0117664 -0.00163308 0.0
0.0120995 -0.00181768 0.0
0.0123959 -0.00189213 0.0
0.0126934 -0.0019669 0.0
0.0129524 -0.002032 0.0
0.0132269 -0.00205815 0.0
0.0135162 -0.00213407 0.0
0.013775 -0.00218742 0.0
0.0140173 -0.00223825 0.0
0.0142643 -0.00226702 0.0
0.0145196 -0.00232744 0.0
0.0147711 -0.00236371 0.0
0.0150117 -0.00240379 0.0
0.0152364 -0.00244705 0.0
0.0154622 -0.00248161 0.0
0.0156785 -0.00252913 0.0
0.0158712 -0.00256641 0.0
0.0160551 -0.00261296 0.0
0.0162345 -0.00266008 0.0
0.0163998 -0.00270649 0.0
0.016541 -0.00274489 0.0
0.0166638 -0.00278684 0.0
0.0167785 -0.00281598 0.0
0.016879 -0.00282743 0.0
0.0169557 -0.00282496 0.0
0.0170283 -0.00280119 0.0
0.0171113 -0.00276784 0.0
0.0171915 -0.00271505 0.0
0.0172666 -0.00264974 0.0
0.0173498 -0.00258175 0.0
0.0174431 -0.00250621 0.0
0.0175379 -0.0024243 0.0
0.0176304 -0.00234291 0.0
0.0177255 -0.00226102 0.0
0.0178255 -0.00217862 0.0
0.0179246 -0.00209735 0.0
0.0180197 -0.00201783 0.0
0.0181145 -0.00193947 0.0
0.01821 -0.0018637 0.0
0.0183024 -0.00179026 0.0
0.0183907 -0.00171867 0.0
0.0184776 -0.00164944 0.0
0.0185628 -0.00158323 0.0
0.0186441 -0.0015192 0.0
0.0187221 -0.00145729 0.0
0.0187981 -0.00139808 0.0
0.0188713 -0.00134149 0.0
0.0189409 -0.00128692 0.0
0.0190079 -0.00123463 0.0
0.0190726 -0.00118483 0.0
0.0191343 -0.0011372 0.0
0.0191932 -0.00109152 0.0
0.0192498 -0.00104801 0.0
0.0193042 -0.00100663 0.0
0.019356 -0.000967102 0.0
0.0194055 -0.000929406 0.0
0.0194531 -0.000893628 0.0
0.0194986 -0.000859616 0.0
0.0195421 -0.000827229 0.0
0.0195837 -0.000796481 0.0
0.0196237 -0.000767348 0.0
0.019662 -0.000739688 0.0
0.0196986 -0.000713436 0.0
0.0197338 -0.000688583 0.0
0.0197676 -0.000665055 0.0
0.0198 -0.000642753 0.0
0.0198311 -0.000621639 0.0
0.019861 -0.000601675 0.0
0.0198898 -0.000582781 0.0
0.0199174 -0.000564894 0.0
0.019944 -0.000547977 0.0
0.0199697 -0.000531979 0.0
0.0199943 -0.000516836 0.0
0.0200181 -0.000502503 0.0
0.020041 -0.000488941 0.0
0.0200631 -0.0004761 0.0
0.0200844 -0.000463933 0.0
0.020105 -0.000452403 0.0
0.0201248 -0.000441473 0.0
0.0201439 -0.0004311 0.0
0.0201624 -0.000421248 0.0
0.0201802 -0.000411885 0.0
0.0201974 -0.000402977 0.0
0.020214 -0.000394488 0.0
0.0202301 -0.000386389 0.0
0.0202456 -0.000378648 0.0
0.0202606 -0.000371236 0.0
0.020275 -0.00036412 0.0
0.020289 -0.000357274 0.0
0.0203025 -0.000350668 0.0
0.0203155 -0.000344272 0.0
0.020328 -0.000338059 0.0
0.0203402 -0.000332 0.0
0.0203519 -0.000326067 0.0
0.0203632 -0.000320232 0.0
0.0203742 -0.000314469 0.0
0.0203847 -0.000308751 0.0
0.0203949 -0.000303052 0.0
0.0204047 -0.000297347 0.0
0.0204142 -0.000291613 0.0
0.0204234 -0.000285827 0.0
0.0204323 -0.000279967 0.0
0.0204408 -0.000274015 0.0
0.0204491 -0.000267952 0.0
0.020457 -0.000261764 0.0
0.0204647 -0.000255436 0.0
0.0204721 -0.000248959 0.0
0.0204793 -0.000242324 0.0
0.0204862 -0.000235525 0.0
0.0204928 -0.00022856 0.0
0.0204992 -0.000221428 0.0
0.0205054 -0.000214134 0.0
0.0205114 -0.000206684 0.0
0.0205171 -0.000199085 0.0
0.0205226 -0.000191351 0.0
0.0205279 -0.000183496 0.0
0.020533 -0.000175537 0.0
0.0205379 -0.000167494 0.0
0.0205425 -0.000159389 0.0
0.020547 -0.000151246 0.0
0.0205512 -0.000143091 0.0
0.0205552 -0.00013495 0.0
0.020559 -0.000126851 0.0
0.0205626 -0.000118823 0.0
0.020566 -0.000110894 0.0
0.0205691 -0.000103094 0.0
0.020572 -9.54491e-05 0.0
0.0205747 -8.79878e-05 0.0
0.0205771 -8.07354e-05 0.0
0.0205794 -7.37158e-05 0.0
0.0205813 -6.69511e-05 0.0
0.0205831 -6.0461e-05 0.0
0.0205846 -5.42623e-05 0.0
0.0205858 -4.83694e-05 0.0
0.0205869 -4.27936e-05 0.0
0.0205877 -3.75431e-05 0.0
0.0205882 -3.26225e-05 0.0
0.0205886 -2.80343e-05 0.0
0.0205888 -2.3777e-05 0.0
0.0205887 -1.98464e-05 0.0
0.0205884 -1.6235e-05 0.0
0.020588 -1.29344e-05 0.0
0.0205874 -9.93097e-06 0.0
0.0205866 -7.21135e-06 0.0
0.0205857 -4.75807e-06 0.0
0.0205846 -2.55563e-06 0.0
0.0205835 -5.80555e-07 0.0
0.0205822 1.1836e-06 0.0
0.0205808 2.76358e-06 0.0
0.0205794 4.17565e-06 0.0
0.0205779 5.45379e-06 0.0
0.0205763 6.61039e-06 0.0
0.0205747 7.68794e-06 0.0
0.0205731 8.67931e-06 0.0
0.0205715 9.18027e-06 0.0
0.0 0.0 0.0
0.0 0.0 0.0
0.0192811 -2.62224e-05 0.0
0.0192907 -6.27787e-05 0.0
0.0193015 -0.000105038 0.0
0.0193254 -0.000149096 0.0
0.0193604 -0.000182854 0.0
0.0193947 -0.000218036 0.0
0.0194345 -0.000256763 0.0
0.0194887 -0.000283804 0.0
0.0195438 -0.000308841 0.0
0.0195977 -0.000340136 0.0
0.0196613 -0.000358745 0.0
0.0197304 -0.000371971 0.0
0.0197968 -0.00039289 0.0
0.0198656 -0.000405756 0.0
0.0199388 -0.000408087 0.0
0.0200126 -0.000417042 0.0
0.0200852 -0.000424183 0.0
0.020158 -0.000420864 0.0
0.0202316 -0.000418089 0.0
0.0203053 -0.000418613 0.0
0.0203767 -0.000412056 0.0
0.0204462 -0.000402112 0.0
0.020516 -0.0003947 0.0
0.0205847 -0.000385341 0.0
0.0206494 -0.000371328 0.0
0.0207122 -0.000357743 0.0
0.0207748 -0.000344098 0.0
0.0208343 -0.0003275 0.0
0.0208895 -0.000309281 0.0
0.0209432 -0.000291187 0.0
0.0209952 -0.000271247 0.0
0.0210428 -0.000249333 0.0
0.0210866 -0.000226565 0.0
0.0211284 -0.000202482 0.0
0.0211668 -0.000176168 0.0
0.0212006 -0.00014834 0.0
0.0212306 -0.000118797 0.0
0.0212572 -8.67664e-05 0.0
0.0212794 -5.23101e-05 0.0
0.0212968 -1.5614e-05 0.0
0.0213095 2.44012e-05 0.0
0.0213175 6.80164e-05 0.0
0.0213202 0.00011492 0.0
0.0213171 0.000165979 0.0
0.021308 0.000222793 0.0
0.0212932 0.000284801 0.0
0.0212717 0.000352042 0.0
0.0212427 0.000427357 0.0
0.0212068 0.000512468 0.0
0.0211636 0.000604829 0.0
0.021111 0.000706886 0.0
0.021051 0.000825674 0.0
0.0209843 0.000959583 0.0
0.0209055 0.00110338 0.0
0.0208169 0.00127007 0.0
0.0207293 0.00146946 0.0
0.0206315 0.00168588 0.0
0.0205148 0.00192368 0.0
0.02041 0.00221759 0.0
0.0203243 0.00255433 0.0
0.0202155 0.00290862 0.0
0.0201127 0.00333226 0.0
0.0200863 0.00382883 0.0
0.0200995 0.00434725 0.0
0.0201135 0.00493726 0.0
0.0202079 0.00558176 0.0
0.0204361 0.00619373 0.0
0.0207761 0.00688112 0.0
0.0211427 0.00752951 0.0
0.0215006 0.00801397 0.0
0.0219 0.00837357 0.0
0.0222752 0.00865663 0.0
0.0225359 0.00877812 0.0
0.022592 0.00859291 0.0
0.0223538 0.0082468 0.0
0.0219378 0.00790836 0.0
0.0211872 0.00697038 0.0
0.0201889 0.00650548 0.0
0.0193737 0.00569023 0.0
0.0183219 0.00456035 0.0
0.0168008 0.00379835 0.0
0.015157 0.00352917 0.0
0.0136232 0.00310237 0.0
0.0123454 0.00252801 0.0
0.0111352 0.0012343 0.0
0.00992119 0.000715145 0.0
0.00872569 0.000576574 0.0
0.00743754 0.00108158 0.0
0.00637864 0.00148585 0.0
0.0053066 0.000759661 0.0
0.00422824 3.93578e-05 0.0
0.00371777 -0.000161399 0.0
0.00354573 -0.000211012 0.0
0.0034431 -0.000229039 0.0
0.00333436 -0.00019964 0.0
0.00323683 -0.000227403 0.0
0.00318023 -0.00022972 0.0
0.00313487 -0.000231173 0.0
0.00309511 -0.000226063 0.0
0.00306654 -0.000232799 0.0
0.00304938 -0.000229643 0.0
0.00303579 -0.000227813 0.0
0.00302756 -0.000225089 0.0
0.00302514 -0.000223769 0.0
0.00302778 -0.000221199 0.0
0.00303446 -0.000217203 0.0
0.00304504 -0.000213139 0.0
0.00305728 -0.000208193 0.0
0.00307931 -0.000211559 0.0
0.00310614 -0.000197758 0.0
0.00312517 -0.000190681 0.0
0.00314247 -0.000190514 0.0
0.00326981 -0.000259371 0.0
0.0036773 -0.000642906 0.0
0.00411464 -0.00119919 0.0
0.004614 -0.001123 0.0
0.00532437 -0.00075658 0.0
0.00590527 -0.000588792 0.0
0.00628501 -0.000562255 0.0
0.00661956 -0.000485016 0.0
0.00696624 -0.000415825 0.0
0.00728064 -0.000441633 0.0
0.00761234 -0.000553948 0.0
0.00791954 -0.00104838 0.0
0.00817957 -0.00139763 0.0
0.00844246 -0.001563 0.0
0.00877312 -0.00127897 0.0
0.0092338 -0.00108753 0.0
0.00974055 -0.0010822 0.0
0.010254 -0.00116471 0.0
0.0106797 -0.00135323 0.0
0.0109019 -0.00158449 0.0
0.0110282 -0.00169582 0.0
0.011289 -0.00164988 0.0
0.0116893 -0.00166642 0.0
0.0120884 -0.00166189 0.0
0.0124646 -0.00170823 0.0
0.0127696 -0.00185944 0.0
0.0130381 -0.00187782 0.0
0.0133336 -0.00191409 0.0
0.0136269 -0.0019199 0.0
0.0139559 -0.00187926 0.0
0.0142967 -0.00191955 0.0
0.0146169 -0.00197355 0.0
0.0148992 -0.0020767 0.0
0.0151375 -0.00215243 0.0
0.0153615 -0.00221839 0.0
0.0155891 -0.00226232 0.0
0.015824 -0.00233867 0.0
0.0160549 -0.00238005 0.0
0.0162765 -0.00242163 0.0
0.0164826 -0.00246891 0.0
0.0166913 -0.00250167 0.0
0.0168937 -0.00254353 0.0
0.0170761 -0.00257407 0.0
0.0172541 -0.00260898 0.0
0.017432 -0.00264281 0.0
0.017603 -0.00267904 0.0
0.017764 -0.0027048 0.0
0.0179159 -0.00274038 0.0
0.0180606 -0.00277509 0.0
0.0181949 -0.00280751 0.0
0.018309 -0.00283866 0.0
0.0184101 -0.00285933 0.0
0.0185011 -0.00288685 0.0
0.018574 -0.00290023 0.0
0.0186313 -0.00289873 0.0
0.0186817 -0.00288429 0.0
0.01873 -0.00286427 0.0
0.0187712 -0.00282745 0.0
0.0188094 -0.0027707 0.0
0.0188519 -0.00271341 0.0
0.0188973 -0.00264956 0.0
0.0189431 -0.00257353 0.0
0.01899 -0.00249466 0.0
0.0190395 -0.00241691 0.0
0.0190925 -0.00233596 0.0
0.0191461 -0.0022533 0.0
0.0191978 -0.00217187 0.0
0.01925 -0.00209213 0.0
0.019304 -0.0020131 0.0
0.0193564 -0.00193555 0.0
0.0194059 -0.00185999 0.0
0.0194551 -0.00178687 0.0
0.019504 -0.00171588 0.0
0.0195502 -0.00164701 0.0
0.0195939 -0.00158047 0.0
0.0196369 -0.00151663 0.0
0.0196783 -0.00145512 0.0
0.019717 -0.00139582 0.0
0.0197539 -0.00133897 0.0
0.0197895 -0.00128465 0.0
0.0198232 -0.0012325 0.0
0.0198548 -0.00118254 0.0
0.0198849 -0.0011349 0.0
0.0199137 -0.00108946 0.0
0.0199406 -0.00104602 0.0
0.019966 -0.00100461 0.0
0.0199902 -0.000965245 0.0
0.020013 -0.000927775 0.0
0.0200345 -0.000892086 0.0
0.0200548 -0.000858209 0.0
0.020074 -0.000826072 0.0
0.0200922 -0.000795543 0.0
0.0201093 -0.000766571 0.0
0.0201256 -0.000739139 0.0
0.020141 -0.00071315 0.0
0.0201555 -0.000688513 0.0
0.0201693 -0.000665193 0.0
0.0201825 -0.000643137 0.0
0.0201949 -0.000622256 0.0
0.0202068 -0.000602492 0.0
0.020218 -0.000583802 0.0
0.0202287 -0.000566124 0.0
0.020239 -0.00054939 0.0
0.0202487 -0.000533554 0.0
0.020258 -0.000518572 0.0
0.0202669 -0.000504387 0.0
0.0202753 -0.000490947 0.0
0.0202834 -0.000478215 0.0
0.0202911 -0.000466147 0.0
0.0202985 -0.000454698 0.0
0.0203056 -0.000443828 0.0
0.0203124 -0.000433503 0.0
0.0203189 -0.000423685 0.0
0.0203251 -0.000414338 0.0
0.020331 -0.000405428 0.0
0.0203367 -0.000396924 0.0
0.0203421 -0.000388793 0.0
0.0203473 -0.000381004 0.0
0.0203522 -0.000373527 0.0
0.0203569 -0.000366331 0.0
0.0203615 -0.000359387 0.0
0.0203658 -0.000352666 0.0
0.0203699 -0.000346138 0.0
0.0203739 -0.000339776 0.0
0.0203776 -0.00033355 0.0
0.0203812 -0.000327433 0.0
0.0203846 -0.000321397 0.0
0.0203879 -0.000315416 0.0
0.020391 -0.000309464 0.0
0.020394 -0.000303515 0.0
0.0203968 -0.000297546 0.0
0.0203995 -0.000291534 0.0
0.020402 -0.000285457 0.0
0.0204045 -0.000279295 0.0
0.0204068 -0.000273032 0.0
0.020409 -0.00026665 0.0
0.0204111 -0.000260137 0.0
0.0204131 -0.000253481 0.0
0.0204151 -0.000246674 0.0
0.0204169 -0.00023971 0.0
0.0204187 -0.000232585 0.0
0.0204204 -0.000225299 0.0
0.020422 -0.000217855 0.0
0.0204235 -0.000210258 0.0
0.020425 -0.000202517 0.0
0.0204264 -0.000194643 0.0
0.0204277 -0.000186649 0.0
0.020429 -0.000178552 0.0
0.0204302 -0.000170372 0.0
0.0204314 -0.000162129 0.0
0.0204325 -0.000153847 0.0
0.0204335 -0.00014555 0.0
0.0204344 -0.000137266 0.0
0.0204353 -0.000129021 0.0
0.0204361 -0.000120843 0.0
0.0204368 -0.000112761 0.0
0.0204375 -0.000104804 0.0
0.020438 -9.69991e-05 0.0
0.0204385 -8.93737e-05 0.0
0.0204388 -8.19538e-05 0.0
0.020439 -7.47638e-05 0.0
0.0204392 -6.78263e-05 0.0
0.0204392 -6.11615e-05 0.0
0.0204391 -5.4787e-05 0.0
0.0204389 -4.87184e-05 0.0
0.0204385 -4.29676e-05 0.0
0.0204381 -3.75436e-05 0.0
0.0204375 -3.24528e-05 0.0
0.0204368 -2.76987e-05 0.0
0.020436 -2.328e-05 0.0
0.0204351 -1.91946e-05 0.0
0.0204341 -1.54364e-05 0.0
0.0204329 -1.1997e-05 0.0
0.0204317 -8.86363e-06 0.0
0.0204304 -6.02536e-06 0.0
0.020429 -3.46466e-06 0.0
0.0204276 -1.16555e-06 0.0
0.020426 8.93517e-07 0.0
0.0204245 2.72807e-06 0.0
0.0204229 4.36603e-06 0.0
0.0204212 5.8235e-06 0.0
0.0204196 7.13254e-06 0.0
0.0204179 8.30666e-06 0.0
0.0204163 9.38854e-06 0.0
0.0204147 1.03714e-05 0.0
0.0204131 1.08643e-05 0.0
0.0 0.0 0.0
0.0 0.0 0.0
0.0192731 -3.0639e-05 0.0
0.0192848 -7.59872e-05 0.0
0.0193071 -0.000123858 0.0
0.0193301 -0.00017769 0.0
0.0193616 -0.000221531 0.0
0.0194061 -0.000256045 0.0
0.019452 -0.000301585 0.0
0.019503 -0.000344855 0.0
0.0195637 -0.000366782 0.0
0.0196269 -0.000394342 0.0
0.0196919 -0.000430133 0.0
0.0197635 -0.000446826 0.0
0.0198361 -0.00045639 0.0
0.0199097 -0.000477474 0.0
0.0199866 -0.000489762 0.0
0.0200632 -0.000490011 0.0
0.0201394 -0.00049414 0.0
0.0202177 -0.000499571 0.0
0.0202943 -0.000495292 0.0
0.0203687 -0.00048853 0.0
0.0204444 -0.000483887 0.0
0.0205188 -0.000476313 0.0
0.0205889 -0.000463682 0.0
0.0206586 -0.000450998 0.0
0.0207282 -0.000437969 0.0
0.0207932 -0.000422216 0.0
0.020855 -0.000404042 0.0
0.0209167 -0.000385573 0.0
0.0209755 -0.000365829 0.0
0.0210293 -0.00034405 0.0
0.0210811 -0.000320638 0.0
0.0211312 -0.000296278 0.0
0.0211766 -0.000270224 0.0
0.021218 -0.000242304 0.0
0.0212572 -0.000212606 0.0
0.0212928 -0.000181122 0.0
0.0213233 -0.000147413 0.0
0.0213505 -0.000111468 0.0
0.0213741 -7.28441e-05 0.0
0.0213926 -3.12283e-05 0.0
0.0214065 1.33812e-05 0.0
0.0214165 6.13798e-05 0.0
0.0214211 0.000114042 0.0
0.02142 0.000171171 0.0
0.0214144 0.000232547 0.0
0.0214036 0.000300326 0.0
0.0213856 0.000375942 0.0
0.0213616 0.000457301 0.0
0.0213332 0.000546402 0.0
0.0212979 0.000648451 0.0
0.0212534 0.000761209 0.0
0.0212037 0.000881818 0.0
0.0211514 0.00102073 0.0
0.0210902 0.00118179 0.0
0.0210176 0.00135357 0.0
0.020947 0.00154408 0.0
0.0208811 0.00177377 0.0
0.0208017 0.00202907 0.0
0.0207167 0.00229971 0.0
0.0206615 0.00261889 0.0
0.0206216 0.0029887 0.0
0.0205713 0.00338585 0.0
0.0205583 0.00382286 0.0
0.0206143 0.00430514 0.0
0.0207084 0.00483458 0.0
0.0208593 0.00541715 0.0
0.0210765 0.00595656 0.0
0.0213556 0.00650982 0.0
0.0217558 0.00711079 0.0
0.0222271 0.0075985 0.0
0.0226473 0.00796877 0.0
0.0230517 0.00831049 0.0
0.0234616 0.00846256 0.0
0.0237598 0.00849886 0.0
0.0239377 0.00838169 0.0
0.0239739 0.00810194 0.0
0.0237522 0.00770332 0.0
0.0233152 0.00716412 0.0
0.0227724 0.00650852 0.0
0.0218789 0.00580241 0.0
0.0207705 0.0052015 0.0
0.0198068 0.00457049 0.0
0.0190631 0.00412885 0.0
0.0183161 0.00346411 0.0
0.017163 0.00263577 0.0
0.0157826 0.00206919 0.0
0.0145565 0.00169441 0.0
0.013672 0.00212706 0.0
0.0129645 0.00224277 0.0
0.0122444 0.00187026 0.0
0.0114334 0.000797199 0.0
0.0106874 0.000363066 0.0
0.0101379 8.97946e-05 0.0
0.00966389 2.81145e-05 0.0
0.0093201 -1.2534e-05 0.0
0.00910828 -9.92322e-05 0.0
0.00893157 -0.000118636 0.0
0.00876772 -0.000139148 0.0
0.00865288 -0.000163931 0.0
0.00857631 -0.000189259 0.0
0.00851052 -0.000192189 0.0
0.0084598 -0.000204096 0.0
0.00843483 -0.000215809 0.0
0.00842367 -0.000220733 0.0
0.00841828 -0.000224522 0.0
0.00842939 -0.000233649 0.0
0.00846061 -0.000237128 0.0
0.00849545 -0.000234557 0.0
0.0085378 -0.000252962 0.0
0.00861609 -0.000256162 0.0
0.00872181 -0.000243486 0.0
0.00883367 -0.000301286 0.0
0.00901541 -0.000440004 0.0
0.00918877 -0.000999334 0.0
0.00931042 -0.00139019 0.0
0.00944631 -0.00157208 0.0
0.00968597 -0.00124616 0.0
0.0100616 -0.00104327 0.0
0.0104401 -0.000912056 0.0
0.0107871 -0.000847493 0.0
0.0111544 -0.000768786 0.0
0.0115623 -0.000843466 0.0
0.0119802 -0.000973111 0.0
0.0123012 -0.00122554 0.0
0.0124094 -0.0015265 0.0
0.0124312 -0.00164967 0.0
0.012593 -0.00161573 0.0
0.0129407 -0.00156211 0.0
0.0133482 -0.00151195 0.0
0.013698 -0.00158481 0.0
0.0140185 -0.00166087 0.0
0.0142958 -0.00183568 0.0
0.0145358 -0.00189566 0.0
0.0147852 -0.00197096 0.0
0.0150303 -0.00197935 0.0
0.0152924 -0.00198835 0.0
0.0155713 -0.00202732 0.0
0.0158252 -0.00209717 0.0
0.0160546 -0.00213331 0.0
0.01628 -0.00216317 0.0
0.0164957 -0.00217124 0.0
0.0167423 -0.00218984 0.0
0.0170163 -0.00222048 0.0
0.0172758 -0.00226203 0.0
0.0175085 -0.002309 0.0
0.0177209 -0.00237853 0.0
0.0179201 -0.00243743 0.0
0.0181196 -0.00247639 0.0
0.0182992 -0.0025303 0.0
0.018455 -0.00257001 0.0
0.0186167 -0.00260963 0.0
0.0187806 -0.0026463 0.0
0.0189317 -0.00268275 0.0
0.0190753 -0.002705 0.0
0.0192179 -0.00273884 0.0
0.0193563 -0.00276899 0.0
0.0194873 -0.00279095 0.0
0.0196038 -0.0028172 0.0
0.019714 -0.00283834 0.0
0.0198216 -0.0028663 0.0
0.0199155 -0.00288617 0.0
0.0199947 -0.00290451 0.0
0.0200646 -0.0029247 0.0
0.0201282 -0.00294068 0.0
0.0201787 -0.00294664 0.0
0.0202123 -0.00294476 0.0
0.0202372 -0.00293969 0.0
0.0202597 -0.00292045 0.0
0.0202734 -0.00288899 0.0
0.0202768 -0.00284602 0.0
0.0202826 -0.00279793 0.0
0.0202919 -0.00274047 0.0
0.0202977 -0.00267076 0.0
0.0203019 -0.00259965 0.0
0.0203106 -0.0025265 0.0
0.0203229 -0.00244716 0.0
0.020334 -0.00236579 0.0
0.020344 -0.00228602 0.0
0.020357 -0.00220545 0.0
0.0203722 -0.00212453 0.0
0.0203853 -0.00204518 0.0
0.0203971 -0.00196759 0.0
0.0204106 -0.00189119 0.0
0.0204243 -0.0018169 0.0
0.0204356 -0.00174475 0.0
0.0204459 -0.00167467 0.0
0.0204568 -0.00160691 0.0
0.0204666 -0.0015417 0.0
0.0204744 -0.00147867 0.0
0.0204817 -0.001418 0.0
0.0204887 -0.00135989 0.0
0.0204943 -0.00130414 0.0
0.0204986 -0.00125058 0.0
0.0205025 -0.00119942 0.0
0.0205056 -0.0011506 0.0
0.0205076 -0.00110391 0.0
0.0205089 -0.00105933 0.0
0.0205097 -0.00101693 0.0
0.0205097 -0.000976574 0.0
0.020509 -0.00093812 0.0
0.0205079 -0.000901582 0.0
0.0205063 -0.000866933 0.0
0.0205042 -0.00083402 0.0
0.0205017 -0.000802778 0.0
0.0204988 -0.000773192 0.0
0.0204957 -0.00074518 0.0
0.0204923 -0.000718628 0.0
0.0204886 -0.000693498 0.0
0.0204847 -0.000669741 0.0
0.0204807 -0.000647265 0.0
0.0204765 -0.000625997 0.0
0.0204722 -0.000605894 0.0
0.0204679 -0.000586894 0.0
0.0204634 -0.000568921 0.0
0.0204589 -0.000551922 0.0
0.0204544 -0.000535851 0.0
0.0204498 -0.000520647 0.0
0.0204452 -0.000506253 0.0
0.0204407 -0.000492627 0.0
0.0204361 -0.000479723 0.0
0.0204316 -0.000467492 0.0
0.020427 -0.000455891 0.0
0.0204225 -0.000444883 0.0
0.0204181 -0.000434427 0.0
0.0204136 -0.000424485 0.0
0.0204092 -0.000415021 0.0
0.0204049 -0.000406003 0.0
0.0204006 -0.000397396 0.0
0.0203963 -0.000389166 0.0
0.0203921 -0.000381284 0.0
0.0203879 -0.000373719 0.0
0.0203837 -0.000366439 0.0
0.0203796 -0.000359415 0.0
0.0203756 -0.000352619 0.0
0.0203716 -0.000346019 0.0
0.0203676 -0.000339589 0.0
0.0203637 -0.000333299 0.0
0.0203598 -0.000327121 0.0
0.020356 -0.000321029 0.0
0.0203522 -0.000314996 0.0
0.0203485 -0.000308995 0.0
0.0203448 -0.000303002 0.0
0.0203412 -0.000296992 0.0
0.0203376 -0.000290943 0.0
0.0203341 -0.000284834 0.0
0.0203306 -0.000278645 0.0
0.0203272 -0.000272358 0.0
0.0203239 -0.000265958 0.0
0.0203206 -0.00025943 0.0
0.0203174 -0.000252763 0.0
0.0203143 -0.000245949 0.0
0.0203112 -0.000238982 0.0
0.0203082 -0.000231857 0.0
0.0203053 -0.000224575 0.0
0.0203025 -0.000217137 0.0
0.0202998 -0.000209548 0.0
0.0202971 -0.000201816 0.0
0.0202945 -0.000193952 0.0
0.020292 -0.000185969 0.0
0.0202896 -0.000177882 0.0
0.0202873 -0.000169711 0.0
0.020285 -0.000161476 0.0
0.0202828 -0.000153199 0.0
0.0202807 -0.000144904 0.0
0.0202787 -0.000136618 0.0
0.0202767 -0.000128367 0.0
0.0202748 -0.000120178 0.0
0.020273 -0.000112081 0.0
0.0202712 -0.000104102 0.0
0.0202694 -9.62701e-05 0.0
0.0202676 -8.86122e-05 0.0
0.0202659 -8.11542e-05 0.0
0.0202642 -7.39207e-05 0.0
0.0202626 -6.69344e-05 0.0
0.0202609 -6.02162e-05 0.0
0.0202593 -5.37842e-05 0.0
0.0202576 -4.76544e-05 0.0
0.0202559 -4.18393e-05 0.0
0.0202542 -3.63495e-05 0.0
0.0202525 -3.11918e-05 0.0
0.0202508 -2.637e-05 0.0
0.0202491 -2.18847e-05 0.0
0.0202473 -1.7735e-05 0.0
0.0202455 -1.39148e-05 0.0
0.0202437 -1.04168e-05 0.0
0.0202419 -7.23044e-06 0.0
0.0202401 -4.34483e-06 0.0
0.0202383 -1.74247e-06 0.0
0.0202364 5.90664e-07 0.0
0.0202346 2.67489e-06 0.0
0.0202327 4.52673e-06 0.0
0.0202309 6.1727e-06 0.0
0.0202291 7.62796e-06 0.0
0.0202273 8.92359e-06 0.0
0.0202256 1.00741e-05 0.0
0.0202239 1.1119e-05 0.0
0.0202222 1.20538e-05 0.0
0.0202207 1.25186e-05 0.0
0.0 0.0 0.0
0.0 0.0 0.0
0.0192785 -2.95548e-05 0.0
0.0192874 -9.67921e-05 0.0
0.0193096 -0.000152793 0.0
0.0193369 -0.000198493 0.0
0.0193669 -0.000258794 0.0
0.0194154 -0.000314074 0.0
0.0194719 -0.000349248 0.0
0.0195233 -0.000394019 0.0
0.0195844 -0.000439665 0.0
0.0196596 -0.000464607 0.0
0.0197306 -0.000491597 0.0
0.0198014 -0.000523907 0.0
0.0198816 -0.000538202 0.0
0.0199637 -0.000549935 0.0
0.0200427 -0.000566755 0.0
0.0201234 -0.000573511 0.0
0.0202056 -0.000572426 0.0
0.0202877 -0.000575823 0.0
0.0203683 -0.000574724 0.0
0.0204468 -0.000566401 0.0
0.0205247 -0.000558237 0.0
0.0206027 -0.000550053 0.0
0.0206771 -0.000536233 0.0
0.0207479 -0.000520881 0.0
0.0208184 -0.000505494 0.0
0.0208876 -0.000487376 0.0
0.0209515 -0.000466563 0.0
0.0210123 -0.000445641 0.0
0.0210726 -0.000422831 0.0
0.0211294 -0.000397656 0.0
0.021181 -0.000371445 0.0
0.0212301 -0.000344097 0.0
0.0212773 -0.000314183 0.0
0.0213199 -0.000282642 0.0
0.0213578 -0.000249749 0.0
0.0213932 -0.000214469 0.0
0.0214253 -0.000176511 0.0
0.0214524 -0.000136648 0.0
0.0214752 -9.41124e-05 0.0
0.0214948 -4.80658e-05 0.0
0.02151 1.24385e-06 0.0
0.02152 5.37892e-05 0.0
0.0215258 0.000110973 0.0
0.0215275 0.00017327 0.0
0.0215239 0.000240239 0.0
0.0215148 0.000312892 0.0
0.0215016 0.000393498 0.0
0.0214838 0.00048161 0.0
0.0214589 0.000576685 0.0
0.0214292 0.000682524 0.0
0.0213975 0.000801762 0.0
0.0213586 0.000930872 0.0
0.0213113 0.00107215 0.0
0.0212665 0.00123486 0.0
0.0212221 0.00141611 0.0
0.0211639 0.00161038 0.0
0.0211065 0.00183174 0.0
0.0210703 0.00208669 0.0
0.0210304 0.00235966 0.0
0.0209788 0.00266319 0.0
0.0209644 0.00301047 0.0
0.0209912 0.00338111 0.0
0.0210171 0.00378781 0.0
0.021071 0.00424618 0.0
0.0211985 0.00469542 0.0
0.0213899 0.00517853 0.0
0.0216314 0.0057196 0.0
0.0219228 0.0062116 0.0
0.0222813 0.00665332 0.0
0.022717 0.00713496 0.0
0.023193 0.00754927 0.0
0.0236756 0.00784581 0.0
0.0241338 0.00802762 0.0
0.0245591 0.00822323 0.0
0.0249168 0.00817687 0.0
0.0251026 0.00801194 0.0
0.025246 0.00788496 0.0
0.025253 0.00737465 0.0
0.0250277 0.00699277 0.0
0.024694 0.00652888 0.0
0.0242478 0.00595042 0.0
0.0235911 0.00538355 0.0
0.0228781 0.00498846 0.0
0.0221492 0.0042425 0.0
0.0213419 0.00371732 0.0
0.0204911 0.00321101 0.0
0.0194836 0.00277295 0.0
0.0186543 0.00272424 0.0
0.0182808 0.002652 0.0
0.01803 0.00229363 0.0
0.0174406 0.00170211 0.0
0.0165961 0.0011934 0.0
0.0158138 0.000673067 0.0
0.0152586 0.000494648 0.0
0.0148629 0.000308134 0.0
0.0144886 0.000184832 0.0
0.0141736 0.000100901 0.0
0.0139533 2.85954e-05 0.0
0.0137809 -3.72819e-05 0.0
0.0136254 -8.14662e-05 0.0
0.0135091 -0.000115659 0.0
0.0134303 -0.000151907 0.0
0.0133692 -0.000182003 0.0
0.0133274 -0.000203423 0.0
0.0133139 -0.000224097 0.0
0.0133142 -0.000249442 0.0
0.0133276 -0.000269449 0.0
0.0133727 -0.000287674 0.0
0.0134401 -0.000316304 0.0
0.0135047 -0.000354895 0.0
0.0136128 -0.000363203 0.0
0.0138011 -0.000516693 0.0
0.0140352 -0.000705645 0.0
0.0141794 -0.00100982 0.0
0.0141044 -0.00135675 0.0
0.013947 -0.0015142 0.0
0.013956 -0.00146518 0.0
0.0141663 -0.00140267 0.0
0.0144626 -0.00124039 0.0
0.0147605 -0.00117911 0.0
0.0150649 -0.00113063 0.0
0.0153858 -0.00119037 0.0
0.0156667 -0.00131595 0.0
0.01593 -0.00143682 0.0
0.0161156 -0.00167494 0.0
0.0162474 -0.00174778 0.0
0.0164106 -0.00183586 0.0
0.0165866 -0.00186145 0.0
0.0168219 -0.00182869 0.0
0.0170835 -0.00187419 0.0
0.0173286 -0.00193482 0.0
0.0175408 -0.00204007 0.0
0.0177258 -0.00209776 0.0
0.0178889 -0.0021681 0.0
0.018058 -0.00218543 0.0
0.0182668 -0.00223952 0.0
0.0184753 -0.00227798 0.0
0.0186724 -0.00229703 0.0
0.0188557 -0.00235114 0.0
0.0190365 -0.00237377 0.0
0.0192324 -0.00238377 0.0
0.019423 -0.00241599 0.0
0.0196002 -0.00243666 0.0
0.0197791 -0.00246996 0.0
0.0199548 -0.00251067 0.0
0.0201182 -0.00255287 0.0
0.0202646 -0.00259852 0.0
0.0203985 -0.00264564 0.0
0.0205309 -0.00267384 0.0
0.0206598 -0.00271535 0.0
0.0207781 -0.00275207 0.0
0.0208893 -0.00277622 0.0
0.020991 -0.00280523 0.0
0.0210884 -0.00282735 0.0
0.0211828 -0.00285285 0.0
0.0212658 -0.00287178 0.0
0.0213409 -0.00289028 0.0
0.0214125 -0.00290828 0.0
0.021479 -0.00292553 0.0
0.0215354 -0.00293955 0.0
0.0215815 -0.0029517 0.0
0.0216205 -0.00296272 0.0
0.0216522 -0.0029691 0.0
0.0216702 -0.00297379 0.0
0.0216757 -0.00296947 0.0
0.0216762 -0.00295921 0.0
0.0216696 -0.00294353 0.0
0.0216516 -0.00291809 0.0
0.0216274 -0.00288094 0.0
0.0216041 -0.00283682 0.0
0.0215786 -0.00278778 0.0
0.0215476 -0.00272656 0.0
0.0215177 -0.00265938 0.0
0.0214911 -0.00259121 0.0
0.0214645 -0.00251683 0.0
0.021437 -0.00243819 0.0
0.0214112 -0.00235963 0.0
0.0213877 -0.00228058 0.0
0.0213653 -0.00219989 0.0
0.0213424 -0.00211973 0.0
0.0213198 -0.0020409 0.0
0.021299 -0.00196325 0.0
0.0212787 -0.00188683 0.0
0.0212574 -0.00181223 0.0
0.0212361 -0.00173965 0.0
0.0212159 -0.00166936 0.0
0.0211955 -0.00160118 0.0
0.0211741 -0.00153519 0.0
0.0211529 -0.00147165 0.0
0.0211322 -0.00141065 0.0
0.0211109 -0.00135189 0.0
0.0210891 -0.00129545 0.0
0.0210675 -0.0012415 0.0
0.021046 -0.00118995 0.0
0.021024 -0.00114054 0.0
0.0210019 -0.0010934 0.0
0.02098 -0.00104856 0.0
0.0209581 -0.00100583 0.0
0.0209361 -0.000965097 0.0
0.0209141 -0.000926431 0.0
0.0208924 -0.00088975 0.0
0.0208707 -0.000854897 0.0
0.0208491 -0.000821831 0.0
0.0208278 -0.000790547 0.0
0.0208067 -0.000760924 0.0
0.0207858 -0.000732861 0.0
0.0207651 -0.000706326 0.0
0.0207448 -0.000681264 0.0
0.0207248 -0.000657565 0.0
0.020705 -0.000635162 0.0
0.0206856 -0.000614014 0.0
0.0206666 -0.000594047 0.0
0.0206478 -0.000575176 0.0
0.0206295 -0.000557353 0.0
0.0206115 -0.000540526 0.0
0.0205939 -0.000524626 0.0
0.0205766 -0.000509592 0.0
0.0205597 -0.000495384 0.0
0.0205431 -0.000481948 0.0
0.0205269 -0.000469229 0.0
0.0205111 -0.000457185 0.0
0.0204956 -0.000445775 0.0
0.0204804 -0.000434956 0.0
0.0204656 -0.000424685 0.0
0.0204511 -0.000414927 0.0
0.020437 -0.000405648 0.0
0.0204231 -0.000396809 0.0
0.0204096 -0.000388377 0.0
0.0203963 -0.000380322 0.0
0.0203834 -0.000372611 0.0
0.0203708 -0.000365212 0.0
0.0203584 -0.000358095 0.0
0.0203463 -0.000351233 0.0
0.0203345 -0.000344593 0.0
0.0203229 -0.000338148 0.0
0.0203116 -0.00033187 0.0
0.0203006 -0.000325729 0.0
0.0202898 -0.0003197 0.0
0.0202792 -0.000313753 0.0
0.0202689 -0.000307864 0.0
0.0202588 -0.000302006 0.0
0.020249 -0.000296155 0.0
0.0202393 -0.000290287 0.0
0.0202299 -0.00028438 0.0
0.0202208 -0.000278413 0.0
0.0202118 -0.000272366 0.0
0.0202031 -0.000266222 0.0
0.0201945 -0.000259966 0.0
0.0201862 -0.000253584 0.0
0.0201782 -0.000247064 0.0
0.0201703 -0.000240398 0.0
0.0201627 -0.00023358 0.0
0.0201553 -0.000226607 0.0
0.0201481 -0.000219476 0.0
0.0201411 -0.00021219 0.0
0.0201344 -0.000204754 0.0
0.0201278 -0.000197175 0.0
0.0201215 -0.000189464 0.0
0.0201154 -0.000181632 0.0
0.0201095 -0.000173696 0.0
0.0201039 -0.000165672 0.0
0.0200984 -0.000157582 0.0
0.0200932 -0.000149446 0.0
0.0200882 -0.000141288 0.0
0.0200833 -0.000133134 0.0
0.0200787 -0.00012501 0.0
0.0200742 -0.000116943 0.0
0.0200699 -0.00010896 0.0
0.0200658 -0.000101089 0.0
0.0200619 -9.33574e-05 0.0
0.0200581 -8.57925e-05 0.0
0.0200545 -7.842e-05 0.0
0.020051 -7.12643e-05 0.0
0.0200476 -6.43482e-05 0.0
0.0200443 -5.76928e-05 0.0
0.0200412 -5.13167e-05 0.0
0.0200382 -4.52357e-05 0.0
0.0200353 -3.94636e-05 0.0
0.0200324 -3.40113e-05 0.0
0.0200297 -2.88857e-05 0.0
0.020027 -2.40919e-05 0.0
0.0200244 -1.96319e-05 0.0
0.0200218 -1.55046e-05 0.0
0.0200194 -1.17045e-05 0.0
0.0200169 -8.2269e-06 0.0
0.0200146 -5.06159e-06 0.0
0.0200123 -2.19681e-06 0.0
0.02001 3.82304e-07 0.0
0.0200078 2.68802e-06 0.0
0.0200057 4.7416e-06 0.0
0.0200036 6.55938e-06 0.0
0.0200015 8.16398e-06 0.0
0.0199996 9.57125e-06 0.0
0.0199977 1.08118e-05 0.0
0.0199959 1.18994e-05 0.0
0.0199942 1.2868e-05 0.0
0.0199925 1.37184e-05 0.0
0.019991 1.41377e-05 0.0
0.0 0.0 0.0
0.0 0.0 0.0
0.0192803 -3.87138e-05 0.0
0.0192883 -0.000108235 0.0
0.0193033 -0.000176992 0.0
0.0193416 -0.000235937 0.0
0.0193874 -0.0002966 0.0
0.019429 -0.000364706 0.0
0.0194843 -0.000412795 0.0
0.0195548 -0.000450693 0.0
0.0196225 -0.000505757 0.0
0.0196942 -0.000547968 0.0
0.0197744 -0.000564601 0.0
0.0198571 -0.000595849 0.0
0.0199407 -0.000627694 0.0
0.0200258 -0.000636039 0.0
0.0201115 -0.000642679 0.0
0.0202002 -0.000658746 0.0
0.0202874 -0.000662045 0.0
0.0203708 -0.000655874 0.0
0.0204562 -0.000653612 0.0
0.0205425 -0.000650526 0.0
0.0206224 -0.000638121 0.0
0.0206998 -0.00062419 0.0
0.0207796 -0.000611247 0.0
0.0208555 -0.000594935 0.0
0.0209247 -0.000574243 0.0
0.0209937 -0.000553422 0.0
0.0210622 -0.000531397 0.0
0.0211244 -0.000506663 0.0
0.021182 -0.000479874 0.0
0.0212393 -0.000452308 0.0
0.0212931 -0.000422779 0.0
0.021341 -0.000391299 0.0
0.0213859 -0.000358169 0.0
0.0214289 -0.000323304 0.0
0.021467 -0.000286174 0.0
0.0215004 -0.000247142 0.0
0.021531 -0.00020578 0.0
0.021558 -0.000161595 0.0
0.0215802 -0.000114706 0.0
0.0215986 -6.5143e-05 0.0
0.0216133 -1.16222e-05 0.0
0.0216236 4.60379e-05 0.0
0.0216296 0.000107157 0.0
0.0216319 0.000173058 0.0
0.0216298 0.000245705 0.0
0.0216229 0.000323658 0.0
0.0216123 0.000406839 0.0
0.0215981 0.000499612 0.0
0.0215791 0.000602334 0.0
0.0215552 0.000711034 0.0
0.0215294 0.000830597 0.0
0.0215017 0.000967779 0.0
0.021468 0.00111573 0.0
0.0214314 0.00127299 0.0
0.0214 0.0014544 0.0
0.0213693 0.00165933 0.0
0.0213319 0.00187371 0.0
0.0213039 0.00211198 0.0
0.0212955 0.00238651 0.0
0.0212902 0.00268192 0.0
0.0212926 0.00299761 0.0
0.0213301 0.00334721 0.0
0.0214 0.00372161 0.0
0.0215003 0.0041313 0.0
0.0216425 0.00455228 0.0
0.0218228 0.00497134 0.0
0.0220674 0.00542347 0.0
0.0223918 0.00588283 0.0
0.0227436 0.00628376 0.0
0.0231315 0.00669083 0.0
0.0236008 0.00705103 0.0
0.0240957 0.0073588 0.0
0.0245735 0.00758583 0.0
0.025063 0.0077484 0.0
0.0255322 0.0078056 0.0
0.0259055 0.00779289 0.0
0.0262353 0.00765682 0.0
0.0264228 0.00740089 0.0
0.0264494 0.00717004 0.0
0.0264026 0.00673738 0.0
0.0262631 0.00630495 0.0
0.0260129 0.00588437 0.0
0.0257021 0.00544964 0.0
0.0252858 0.0048957 0.0
0.0247644 0.00439114 0.0
0.0242102 0.00393622 0.0
0.0235859 0.00363509 0.0
0.0229604 0.00330673 0.0
0.0224868 0.00307283 0.0
0.0220906 0.00265522 0.0
0.0216604 0.00231412 0.0
0.0212169 0.00180969 0.0
0.0206693 0.00131411 0.0
0.0201177 0.00100733 0.0
0.0196296 0.000722479 0.0
0.0192094 0.000552407 0.0
0.01888 0.000382431 0.0
0.0186079 0.000256895 0.0
0.0183663 0.000157547 0.0
0.0181656 7.63748e-05 0.0
0.0180166 -2.91962e-06 0.0
0.0178995 -6.27827e-05 0.0
0.0178033 -0.000112754 0.0
0.0177343 -0.000163135 0.0
0.0176975 -0.000208751 0.0
0.017681 -0.000247189 0.0
0.0176796 -0.000286829 0.0
0.0177026 -0.000335807 0.0
0.0177551 -0.000375195 0.0
0.0178241 -0.00044063 0.0
0.0179249 -0.000494397 0.0
0.0180399 -0.00064849 0.0
0.0181134 -0.000858555 0.0
0.0181898 -0.00103801 0.0
0.0182064 -0.00132962 0.0
0.0181723 -0.0014437 0.0
0.0181751 -0.00153655 0.0
0.0181934 -0.00154027 0.0
0.018289 -0.0014626 0.0
0.0184804 -0.0014402 0.0
0.0187184 -0.00143472 0.0
0.018968 -0.00145239 0.0
0.0191789 -0.00153852 0.0
0.0193576 -0.00164206 0.0
0.0195031 -0.00178824 0.0
0.01962 -0.00187878 0.0
0.0197264 -0.00195916 0.0
0.0198277 -0.00200062 0.0
0.0199743 -0.00205166 0.0
0.0201569 -0.00209561 0.0
0.0203336 -0.00214163 0.0
0.0204881 -0.00220419 0.0
0.0206323 -0.00227472 0.0
0.0207747 -0.00231998 0.0
0.0209196 -0.00235766 0.0
0.0210529 -0.00240356 0.0
0.0211747 -0.00243305 0.0
0.0213073 -0.00246392 0.0
0.0214367 -0.0024979 0.0
0.0215571 -0.00252023 0.0
0.0216831 -0.00254812 0.0
0.0218101 -0.00256846 0.0
0.0219343 -0.00258917 0.0
0.0220609 -0.00261932 0.0
0.0221796 -0.0026587 0.0
0.022289 -0.00268448 0.0
0.0223925 -0.00271561 0.0
0.0224806 -0.00275533 0.0
0.0225628 -0.00278128 0.0
0.022642 -0.00281122 0.0
0.0227068 -0.00283659 0.0
0.0227641 -0.00285944 0.0
0.0228213 -0.00288039 0.0
0.0228736 -0.00290095 0.0
0.0229163 -0.00291576 0.0
0.0229526 -0.00292831 0.0
0.0229848 -0.00294338 0.0
0.0230117 -0.00295348 0.0
0.0230291 -0.00296224 0.0
0.0230369 -0.00296677 0.0
0.0230398 -0.00297269 0.0
0.0230359 -0.00297601 0.0
0.0230219 -0.00297209 0.0
0.0229984 -0.00296445 0.0
0.0229684 -0.00295513 0.0
0.0229326 -0.00293911 0.0
0.0228883 -0.00291195 0.0
0.0228362 -0.00287973 0.0
0.0227818 -0.00284251 0.0
0.0227257 -0.00279649 0.0
0.0226647 -0.00274018 0.0
0.0226017 -0.00267983 0.0
0.0225412 -0.00261732 0.0
0.0224811 -0.00254647 0.0
0.0224198 -0.00247089 0.0
0.0223595 -0.00239645 0.0
0.0223021 -0.00231959 0.0
0.0222462 -0.00223945 0.0
0.0221899 -0.00216001 0.0
0.0221346 -0.00208204 0.0
0.0220821 -0.00200365 0.0
0.0220305 -0.00192601 0.0
0.0219784 -0.00185044 0.0
0.0219274 -0.00177663 0.0
0.0218785 -0.0017043 0.0
0.0218297 -0.00163416 0.0
0.0217807 -0.00156631 0.0
0.0217329 -0.00150068 0.0
0.0216863 -0.00143736 0.0
0.0216397 -0.00137645 0.0
0.0215932 -0.00131788 0.0
0.021548 -0.00126175 0.0
0.0215034 -0.00120802 0.0
0.0214588 -0.0011566 0.0
0.0214149 -0.00110747 0.0
0.0213719 -0.00106068 0.0
0.0213294 -0.0010161 0.0
0.0212873 -0.000973631 0.0
0.021246 -0.000933291 0.0
0.0212055 -0.000895029 0.0
0.0211654 -0.0008587 0.0
0.021126 -0.000824255 0.0
0.0210874 -0.00079167 0.0
0.0210496 -0.000760846 0.0
0.0210123 -0.000731675 0.0
0.0209759 -0.000704117 0.0
0.0209402 -0.000678113 0.0
0.0209052 -0.000653558 0.0
0.0208709 -0.000630378 0.0
0.0208374 -0.000608526 0.0
0.0208046 -0.000587925 0.0
0.0207726 -0.000568491 0.0
0.0207413 -0.000550165 0.0
0.0207107 -0.000532895 0.0
0.0206808 -0.000516607 0.0
0.0206517 -0.000501238 0.0
0.0206232 -0.00048674 0.0
0.0205955 -0.000473059 0.0
0.0205684 -0.000460137 0.0
0.0205419 -0.000447925 0.0
0.0205161 -0.000436383 0.0
0.0204909 -0.000425463 0.0
0.0204664 -0.00041512 0.0
0.0204425 -0.000405318 0.0
0.0204191 -0.000396019 0.0
0.0203963 -0.000387185 0.0
0.0203741 -0.000378781 0.0
0.0203524 -0.000370775 0.0
0.0203312 -0.000363134 0.0
0.0203106 -0.000355826 0.0
0.0202905 -0.000348821 0.0
0.0202708 -0.000342088 0.0
0.0202516 -0.0003356 0.0
0.0202329 -0.000329324 0.0
0.0202147 -0.000323236 0.0
0.0201968 -0.000317305 0.0
0.0201794 -0.000311504 0.0
0.0201625 -0.000305806 0.0
0.0201459 -0.000300186 0.0
0.0201298 -0.000294616 0.0
0.020114 -0.000289072 0.0
0.0200986 -0.00028353 0.0
0.0200836 -0.000277967 0.0
0.020069 -0.000272361 0.0
0.0200548 -0.000266691 0.0
0.0200409 -0.00026094 0.0
0.0200274 -0.000255089 0.0
0.0200142 -0.000249123 0.0
0.0200014 -0.000243031 0.0
0.0199889 -0.0002368 0.0
0.0199768 -0.000230422 0.0
0.0199651 -0.000223891 0.0
0.0199537 -0.000217204 0.0
0.0199426 -0.000210359 0.0
0.0199319 -0.000203358 0.0
0.0199216 -0.000196207 0.0
0.0199115 -0.000188911 0.0
0.0199019 -0.000181481 0.0
0.0198925 -0.000173929 0.0
0.0198835 -0.00016627 0.0
0.0198748 -0.00015852 0.0
0.0198665 -0.0001507 0.0
0.0198585 -0.00014283 0.0
0.0198508 -0.000134934 0.0
0.0198434 -0.000127035 0.0
0.0198363 -0.00011916 0.0
0.0198296 -0.000111335 0.0
0.0198231 -0.000103586 0.0
0.0198169 -9.59422e-05 0.0
0.019811 -8.84291e-05 0.0
0.0198054 -8.10735e-05 0.0
0.0198 -7.39008e-05 0.0
0.0197948 -6.69355e-05 0.0
0.0197899 -6.02002e-05 0.0
0.0197853 -5.37157e-05 0.0
0.0197808 -4.75007e-05 0.0
0.0197766 -4.15717e-05 0.0
0.0197725 -3.59422e-05 0.0
0.0197686 -3.06233e-05 0.0
0.0197649 -2.56228e-05 0.0
0.0197614 -2.09468e-05 0.0
0.019758 -1.6597e-05 0.0
0.0197548 -1.25728e-05 0.0
0.0197517 -8.87117e-06 0.0
0.0197487 -5.48712e-06 0.0
0.0197459 -2.41033e-06 0.0
0.0197431 3.68598e-07 0.0
0.0197405 2.86274e-06 0.0
0.019738 5.08594e-06 0.0
0.0197356 7.05743e-06 0.0
0.0197333 8.7912e-06 0.0
0.0197312 1.03093e-05 0.0
0.0197291 1.16288e-05 0.0
0.0197271 1.27751e-05 0.0
0.0197253 1.37629e-05 0.0
0.0197235 1.46225e-05 0.0
0.0197219 1.53584e-05 0.0
0.0197204 1.57163e-05 0.0
0.0 0.0 0.0
0.0 0.0 0.0
0.0192753 -5.43656e-05 0.0
0.019294 -0.000117133 0.0
0.0193123 -0.000196435 0.0
0.0193447 -0.000289135 0.0
0.0193967 -0.000348658 0.0
0.0194498 -0.000402494 0.0
0.0195065 -0.000481685 0.0
0.0195843 -0.000537372 0.0
0.0196637 -0.000568205 0.0
0.0197385 -0.000621064 0.0
0.019826 -0.000663231 0.0
0.0199206 -0.000681121 0.0
0.0200089 -0.000705532 0.0
0.0201001 -0.000730854 0.0
0.0201953 -0.000737619 0.0
0.0202886 -0.00074298 0.0
0.0203809 -0.00074947 0.0
0.0204726 -0.0007477 0.0
0.0205611 -0.000739689 0.0
0.0206493 -0.000732607 0.0
0.0207362 -0.000720852 0.0
0.0208176 -0.000705115 0.0
0.0208958 -0.00068778 0.0
0.0209743 -0.000668364 0.0
0.0210485 -0.0006454 0.0
0.0211162 -0.000621624 0.0
0.0211822 -0.000595739 0.0
0.0212468 -0.000567204 0.0
0.0213052 -0.000537251 0.0
0.0213586 -0.000506445 0.0
0.0214105 -0.00047283 0.0
0.021459 -0.000437329 0.0
0.0215015 -0.000400827 0.0
0.0215403 -0.00036238 0.0
0.021577 -0.000321063 0.0
0.021609 -0.00027804 0.0
0.0216361 -0.000233128 0.0
0.0216602 -0.000185198 0.0
0.0216811 -0.000134085 0.0
0.0216973 -8.04412e-05 0.0
0.0217094 -2.3428e-05 0.0
0.0217187 3.80131e-05 0.0
0.0217243 0.000103742 0.0
0.0217251 0.000173544 0.0
0.0217229 0.000249051 0.0
0.0217184 0.000331363 0.0
0.021709 0.00041958 0.0
0.0216956 0.000514504 0.0
0.0216819 0.000619399 0.0
0.0216656 0.000734018 0.0
0.0216429 0.000856594 0.0
0.0216206 0.000991682 0.0
0.0216029 0.00114254 0.0
0.0215795 0.00130513 0.0
0.0215518 0.00148122 0.0
0.0215379 0.00167909 0.0
0.0215319 0.00189489 0.0
0.0215171 0.00212796 0.0
0.0215155 0.00238533 0.0
0.0215461 0.00266309 0.0
0.0215842 0.0029614 0.0
0.0216307 0.00329476 0.0
0.0217189 0.00363473 0.0
0.0218469 0.00398356 0.0
0.0220047 0.00437865 0.0
0.0222044 0.00477886 0.0
0.0224496 0.00513727 0.0
0.0227473 0.00553219 0.0
0.0231016 0.00593183 0.0
0.0234965 0.00627316 0.0
0.0239255 0.00656473 0.0
0.0243959 0.00687714 0.0
0.0249011 0.00711068 0.0
0.0253839 0.00723851 0.0
0.025862 0.00736344 0.0
0.026345 0.00740205 0.0
0.0267474 0.00729323 0.0
0.0270747 0.00721727 0.0
0.0273944 0.00700913 0.0
0.0275809 0.00670078 0.0
0.0276192 0.00645078 0.0
0.0276022 0.00606234 0.0
0.0275152 0.00563315 0.0
0.0273519 0.00530191 0.0
0.027072 0.00483904 0.0
0.0266968 0.00439736 0.0
0.0263855 0.00407037 0.0
0.0261145 0.00370478 0.0
0.0257996 0.00343356 0.0
0.0254728 0.00305117 0.0
0.0251666 0.00264788 0.0
0.0248524 0.00222232 0.0
0.0244415 0.00186776 0.0
0.023992 0.0014812 0.0
0.0235704 0.00114961 0.0
0.0232146 0.000917691 0.0
0.0228886 0.000699644 0.0
0.0225783 0.000530324 0.0
0.022326 0.000381876 0.0
0.022129 0.00025814 0.0
0.0219533 0.000148722 0.0
0.0217998 5.86625e-05 0.0
0.0216892 -2.39879e-05 0.0
0.0216079 -9.97208e-05 0.0
0.0215408 -0.000167155 0.0
0.0215002 -0.000230419 0.0
0.0214927 -0.000294395 0.0
0.0214981 -0.000363867 0.0
0.0215183 -0.0004204 0.0
0.0215693 -0.000512613 0.0
0.0216489 -0.000621341 0.0
0.0217423 -0.000729807 0.0
0.0217971 -0.000901794 0.0
0.0218193 -0.00107797 0.0
0.0218095 -0.0012799 0.0
0.0217722 -0.00141205 0.0
0.0217321 -0.00151694 0.0
0.0217134 -0.00155052 0.0
0.0217614 -0.00158719 0.0
0.021859 -0.00159645 0.0
0.0219731 -0.00161198 0.0
0.0221077 -0.00164549 0.0
0.0222623 -0.00171653 0.0
0.0224015 -0.00180379 0.0
0.0225152 -0.00188691 0.0
0.0226055 -0.00199569 0.0
0.0226899 -0.00206243 0.0
0.022789 -0.0021097 0.0
0.0228815 -0.00217771 0.0
0.022964 -0.00222387 0.0
0.0230623 -0.00227249 0.0
0.0231626 -0.0023252 0.0
0.0232475 -0.00238029 0.0
0.0233288 -0.00242381 0.0
0.0234117 -0.0024746 0.0
0.0234894 -0.00250225 0.0
0.0235718 -0.0025348 0.0
0.0236533 -0.00257984 0.0
0.0237313 -0.00259634 0.0
0.0238095 -0.00262013 0.0
0.0238796 -0.00264926 0.0
0.0239512 -0.00266484 0.0
0.0240251 -0.00269034 0.0
0.0240914 -0.00271049 0.0
0.0241485 -0.00273613 0.0
0.0242005 -0.0027643 0.0
0.0242502 -0.00278958 0.0
0.0242935 -0.00281136 0.0
0.0243268 -0.00283882 0.0
0.0243527 -0.0028597 0.0
0.0243758 -0.00287644 0.0
0.0243931 -0.00289668 0.0
0.0244025 -0.00291043 0.0
0.0244043 -0.00292257 0.0
0.0244005 -0.00293226 0.0
0.0243935 -0.00294183 0.0
0.0243798 -0.00294802 0.0
0.0243579 -0.00295088 0.0
0.0243303 -0.00295351 0.0
0.0242984 -0.00295391 0.0
0.02426 -0.00295044 0.0
0.0242123 -0.00294367 0.0
0.024157 -0.0029353 0.0
0.0240977 -0.00292098 0.0
0.0240321 -0.0029022 0.0
0.0239568 -0.00287835 0.0
0.0238761 -0.00284816 0.0
0.0237945 -0.00281168 0.0
0.0237087 -0.00276919 0.0
0.0236166 -0.00271989 0.0
0.0235243 -0.00266394 0.0
0.0234345 -0.00260454 0.0
0.0233426 -0.00253934 0.0
0.023249 -0.00246881 0.0
0.0231586 -0.00239715 0.0
0.0230707 -0.00232315 0.0
0.0229828 -0.00224579 0.0
0.0228956 -0.00216828 0.0
0.0228111 -0.00209123 0.0
0.0227291 -0.0020136 0.0
0.022648 -0.00193627 0.0
0.0225677 -0.00186058 0.0
0.0224897 -0.00178617 0.0
0.0224138 -0.00171316 0.0
0.0223387 -0.00164203 0.0
0.0222644 -0.001573 0.0
0.0221922 -0.00150605 0.0
0.0221217 -0.0014414 0.0
0.0220517 -0.00137901 0.0
0.0219829 -0.00131894 0.0
0.0219159 -0.00126131 0.0
0.02185 -0.00120612 0.0
0.021785 -0.00115319 0.0
0.0217212 -0.00110262 0.0
0.021659 -0.00105447 0.0
0.0215977 -0.00100856 0.0
0.0215375 -0.000964807 0.0
0.0214786 -0.000923281 0.0
0.021421 -0.000883908 0.0
0.0213644 -0.000846526 0.0
0.021309 -0.000811099 0.0
0.0212548 -0.000777633 0.0
0.0212019 -0.000745997 0.0
0.02115 -0.00071608 0.0
0.0210993 -0.000687858 0.0
0.0210498 -0.000661272 0.0
0.0210014 -0.000636197 0.0
0.020954 -0.000612564 0.0
0.0209079 -0.00059033 0.0
0.0208629 -0.000569412 0.0
0.0208189 -0.000549712 0.0
0.020776 -0.00053118 0.0
0.0207342 -0.000513758 0.0
0.0206934 -0.000497366 0.0
0.0206536 -0.000481934 0.0
0.0206148 -0.000467418 0.0
0.020577 -0.000453757 0.0
0.0205402 -0.000440887 0.0
0.0205043 -0.000428759 0.0
0.0204693 -0.000417331 0.0
0.0204351 -0.000406551 0.0
0.0204019 -0.00039637 0.0
0.0203694 -0.000386752 0.0
0.0203378 -0.000377658 0.0
0.020307 -0.000369046 0.0
0.020277 -0.00036088 0.0
0.0202477 -0.000353128 0.0
0.0202192 -0.000345757 0.0
0.0201913 -0.000338732 0.0
0.0201642 -0.000332024 0.0
0.0201378 -0.000325604 0.0
0.0201119 -0.00031944 0.0
0.0200868 -0.000313504 0.0
0.0200622 -0.000307768 0.0
0.0200383 -0.000302205 0.0
0.020015 -0.000296786 0.0
0.0199922 -0.000291485 0.0
0.01997 -0.000286276 0.0
0.0199483 -0.000281133 0.0
0.0199272 -0.000276031 0.0
0.0199066 -0.000270946 0.0
0.0198865 -0.000265854 0.0
0.0198669 -0.000260733 0.0
0.0198479 -0.000255563 0.0
0.0198293 -0.000250323 0.0
0.0198112 -0.000244996 0.0
0.0197935 -0.000239565 0.0
0.0197764 -0.000234016 0.0
0.0197597 -0.000228337 0.0
0.0197435 -0.000222516 0.0
0.0197277 -0.000216545 0.0
0.0197124 -0.00021042 0.0
0.0196976 -0.000204136 0.0
0.0196832 -0.000197693 0.0
0.0196692 -0.000191093 0.0
0.0196557 -0.000184339 0.0
0.0196427 -0.00017744 0.0
0.0196301 -0.000170404 0.0
0.0196179 -0.000163243 0.0
0.0196062 -0.000155972 0.0
0.0195949 -0.000148608 0.0
0.0195841 -0.000141168 0.0
0.0195736 -0.000133674 0.0
0.0195636 -0.000126148 0.0
0.0195541 -0.000118614 0.0
0.0195449 -0.000111097 0.0
0.0195361 -0.000103622 0.0
0.0195277 -9.62151e-05 0.0
0.0195197 -8.89038e-05 0.0
0.0195121 -8.1714e-05 0.0
0.0195049 -7.46715e-05 0.0
0.019498 -6.78013e-05 0.0
0.0194914 -6.11274e-05 0.0
0.0194852 -5.46719e-05 0.0
0.0194793 -4.84555e-05 0.0
0.0194737 -4.24967e-05 0.0
0.0194684 -3.68119e-05 0.0
0.0194634 -3.14146e-05 0.0
0.0194586 -2.63159e-05 0.0
0.0194541 -2.15246e-05 0.0
0.0194498 -1.70463e-05 0.0
0.0194458 -1.2883e-05 0.0
0.019442 -9.03589e-06 0.0
0.0194384 -5.50237e-06 0.0
0.0194349 -2.27651e-06 0.0
0.0194317 6.49878e-07 0.0
0.0194286 3.28393e-06 0.0
0.0194257 5.63973e-06 0.0
0.019423 7.7312e-06 0.0
0.0194204 9.57302e-06 0.0
0.0194179 1.11792e-05 0.0
0.0194157 1.25725e-05 0.0
0.0194135 1.3768e-05 0.0
0.0194115 1.47859e-05 0.0
0.0194096 1.56433e-05 0.0
0.0194079 1.63669e-05 0.0
0.0194063 1.69645e-05 0.0
0.0194048 1.7249e-05 0.0
0.0 0.0 0.0
0.0 0.0 0.0
0.019263 -5.21901e-05 0.0
0.01928 -0.000147578 0.0
0.0193247 -0.000233205 0.0
0.0193601 -0.000319239 0.0
0.0194002 -0.000406667 0.0
0.0194749 -0.000472965 0.0
0.019551 -0.000541386 0.0
0.0196195 -0.000618744 0.0
0.0197062 -0.000660393 0.0
0.019805 -0.000699539 0.0
0.0198982 -0.000755319 0.0
0.019993 -0.000785161 0.0
0.020093 -0.000795974 0.0
0.0201967 -0.000823226 0.0
0.0202985 -0.000841207 0.0
0.020395 -0.00083955 0.0
0.0204927 -0.000839062 0.0
0.020594 -0.000842744 0.0
0.0206881 -0.000833348 0.0
0.020775 -0.000818377 0.0
0.0208649 -0.000805305 0.0
0.0209538 -0.000789281 0.0
0.0210322 -0.000766096 0.0
0.0211066 -0.000742377 0.0
0.0211829 -0.000717641 0.0
0.0212534 -0.000689443 0.0
0.021315 -0.000658477 0.0
0.021375 -0.000627107 0.0
0.0214338 -0.000593357 0.0
0.0214853 -0.000557387 0.0
0.021531 -0.000520129 0.0
0.0215752 -0.000481416 0.0
0.0216158 -0.000440147 0.0
0.0216501 -0.000397361 0.0
0.0216805 -0.000352975 0.0
0.0217086 -0.000306042 0.0
0.0217324 -0.000256523 0.0
0.0217514 -0.000205205 0.0
0.0217674 -0.000150966 0.0
0.0217804 -9.30051e-05 0.0
0.0217894 -3.21199e-05 0.0
0.0217949 3.19093e-05 0.0
0.0217977 0.000101165 0.0
0.0217974 0.00017536 0.0
0.0217938 0.000253297 0.0
0.0217877 0.000337524 0.0
0.0217798 0.000430131 0.0
0.0217689 0.000528334 0.0
0.0217556 0.000632819 0.0
0.0217427 0.000749526 0.0
0.0217291 0.000876784 0.0
0.0217122 0.00101028 0.0
0.0216974 0.00115728 0.0
0.0216885 0.00132285 0.0
0.0216787 0.00149789 0.0
0.0216695 0.00168508 0.0
0.0216737 0.00189546 0.0
0.0216894 0.00212362 0.0
0.0217078 0.00236389 0.0
0.0217416 0.00262706 0.0
0.0218011 0.00290741 0.0
0.0218819 0.00320622 0.0
0.021986 0.00352575 0.0
0.0221173 0.00385118 0.0
0.0222847 0.00418298 0.0
0.0225029 0.00454121 0.0
0.0227553 0.00488547 0.0
0.0230337 0.00521882 0.0
0.023373 0.00554779 0.0
0.0237643 0.00586624 0.0
0.024172 0.00614555 0.0
0.0246125 0.00639162 0.0
0.0251024 0.00659868 0.0
0.0255921 0.00676962 0.0
0.0260833 0.00687507 0.0
0.0265773 0.00691322 0.0
0.0270319 0.00691797 0.0
0.0274459 0.0068542 0.0
0.0278226 0.00669017 0.0
0.028123 0.00652236 0.0
0.0283804 0.00630686 0.0
0.028573 0.00599878 0.0
0.0286592 0.00568632 0.0
0.0287034 0.00536613 0.0
0.0286986 0.00501089 0.0
0.0285967 0.00467144 0.0
0.0284365 0.00430451 0.0
0.0282592 0.00396237 0.0
0.0280869 0.00365167 0.0
0.0279365 0.00331831 0.0
0.0277403 0.00290957 0.0
0.0274883 0.00254375 0.0
0.0272414 0.00219016 0.0
0.0269875 0.00182553 0.0
0.0266896 0.00151903 0.0
0.0263841 0.00123546 0.0
0.0260996 0.000991228 0.0
0.0258518 0.000790165 0.0
0.0256327 0.000603742 0.0
0.0254305 0.000447686 0.0
0.0252539 0.000313266 0.0
0.0251108 0.000191078 0.0
0.0249945 7.85529e-05 0.0
0.0248979 -1.77695e-05 0.0
0.0248234 -0.000107184 0.0
0.0247719 -0.000196867 0.0
0.0247415 -0.000279872 0.0
0.0247285 -0.00036659 0.0
0.0247364 -0.000451327 0.0
0.0247626 -0.0005479 0.0
0.0247831 -0.000672012 0.0
0.0248133 -0.000790569 0.0
0.0248562 -0.000937714 0.0
0.0248742 -0.00109938 0.0
0.0248657 -0.00124279 0.0
0.0248397 -0.00139291 0.0
0.0248076 -0.00149017 0.0
0.0247989 -0.0015577 0.0
0.0248042 -0.00162939 0.0
0.0248223 -0.00166214 0.0
0.0248737 -0.00170332 0.0
0.0249465 -0.00176102 0.0
0.0250239 -0.00182167 0.0
0.0250942 -0.00189334 0.0
0.0251557 -0.00196817 0.0
0.0252033 -0.00205002 0.0
0.0252434 -0.00211971 0.0
0.0252892 -0.00218846 0.0
0.0253349 -0.00223859 0.0
0.0253789 -0.00229056 0.0
0.025428 -0.00234953 0.0
0.0254764 -0.00240097 0.0
0.025521 -0.00244058 0.0
0.0255607 -0.00248663 0.0
0.0255935 -0.00252947 0.0
0.0256278 -0.00256087 0.0
0.0256626 -0.0025927 0.0
0.0256855 -0.00262199 0.0
0.0257066 -0.00264598 0.0
0.0257335 -0.00267321 0.0
0.0257553 -0.00269033 0.0
0.0257749 -0.00270884 0.0
0.0257922 -0.00273421 0.0
0.0258066 -0.00275067 0.0
0.0258203 -0.00276751 0.0
0.025827 -0.00279092 0.0
0.025824 -0.00281186 0.0
0.0258186 -0.00282608 0.0
0.0258074 -0.00284501 0.0
0.0257868 -0.00286014 0.0
0.0257624 -0.00287347 0.0
0.0257329 -0.00288494 0.0
0.0256959 -0.00289358 0.0
0.0256543 -0.00290024 0.0
0.025609 -0.00290569 0.0
0.0255577 -0.00290876 0.0
0.0254996 -0.00290811 0.0
0.0254363 -0.00290663 0.0
0.0253687 -0.00290263 0.0
0.025295 -0.00289688 0.0
0.0252138 -0.00288698 0.0
0.0251275 -0.00287353 0.0
0.0250367 -0.00285884 0.0
0.0249397 -0.0028397 0.0
0.0248365 -0.00281419 0.0
0.024729 -0.00278401 0.0
0.0246183 -0.00275131 0.0
0.0245036 -0.00271163 0.0
0.0243853 -0.00266443 0.0
0.0242655 -0.00261336 0.0
0.024146 -0.00255912 0.0
0.0240254 -0.00249817 0.0
0.0239042 -0.00243141 0.0
0.023785 -0.00236431 0.0
0.0236679 -0.00229454 0.0
0.0235516 -0.00221991 0.0
0.0234367 -0.00214483 0.0
0.0233246 -0.00207067 0.0
0.0232152 -0.00199474 0.0
0.0231075 -0.00191829 0.0
0.0230015 -0.00184362 0.0
0.0228982 -0.00177012 0.0
0.0227977 -0.00169707 0.0
0.0226988 -0.00162576 0.0
0.0226015 -0.00155666 0.0
0.0225069 -0.00148937 0.0
0.0224147 -0.00142395 0.0
0.0223238 -0.00136088 0.0
0.0222346 -0.00130015 0.0
0.022148 -0.0012417 0.0
0.0220633 -0.00118557 0.0
0.0219798 -0.00113182 0.0
0.0218984 -0.00108045 0.0
0.0218191 -0.00103143 0.0
0.0217413 -0.000984683 0.0
0.021665 -0.000940191 0.0
0.0215907 -0.000897945 0.0
0.0215182 -0.000857877 0.0
0.0214471 -0.000819868 0.0
0.0213777 -0.000783896 0.0
0.02131 -0.00074992 0.0
0.021244 -0.000717831 0.0
0.0211794 -0.000687533 0.0
0.0211164 -0.000658997 0.0
0.021055 -0.000632143 0.0
0.0209951 -0.000606864 0.0
0.0209366 -0.000583088 0.0
0.0208797 -0.000560766 0.0
0.0208241 -0.000539807 0.0
0.02077 -0.000520121 0.0
0.0207172 -0.000501651 0.0
0.0206658 -0.000484334 0.0
0.0206157 -0.000468085 0.0
0.0205669 -0.000452839 0.0
0.0205194 -0.000438542 0.0
0.0204731 -0.000425132 0.0
0.0204279 -0.000412541 0.0
0.0203839 -0.00040072 0.0
0.0203411 -0.000389621 0.0
0.0202994 -0.000379189 0.0
0.0202587 -0.000369376 0.0
0.0202191 -0.000360142 0.0
0.0201805 -0.000351446 0.0
0.0201429 -0.000343244 0.0
0.0201062 -0.0003355 0.0
0.0200705 -0.000328181 0.0
0.0200356 -0.000321252 0.0
0.0200017 -0.000314678 0.0
0.0199686 -0.000308429 0.0
0.0199363 -0.000302477 0.0
0.0199048 -0.000296789 0.0
0.0198741 -0.000291339 0.0
0.0198442 -0.000286097 0.0
0.019815 -0.000281037 0.0
0.0197866 -0.000276132 0.0
0.0197588 -0.000271354 0.0
0.0197317 -0.000266679 0.0
0.0197053 -0.000262081 0.0
0.0196796 -0.000257535 0.0
0.0196544 -0.000253016 0.0
0.01963 -0.000248503 0.0
0.0196061 -0.000243973 0.0
0.0195828 -0.000239404 0.0
0.0195601 -0.000234776 0.0
0.019538 -0.000230071 0.0
0.0195164 -0.000225272 0.0
0.0194955 -0.000220363 0.0
0.0194751 -0.00021533 0.0
0.0194552 -0.000210162 0.0
0.0194359 -0.000204849 0.0
0.0194171 -0.000199383 0.0
0.0193989 -0.000193759 0.0
0.0193812 -0.000187974 0.0
0.0193641 -0.000182028 0.0
0.0193475 -0.000175922 0.0
0.0193314 -0.000169661 0.0
0.0193159 -0.000163251 0.0
0.0193009 -0.000156703 0.0
0.0192864 -0.000150027 0.0
0.0192724 -0.000143237 0.0
0.019259 -0.000136351 0.0
0.019246 -0.000129385 0.0
0.0192336 -0.00012236 0.0
0.0192217 -0.000115298 0.0
0.0192103 -0.000108221 0.0
0.0191994 -0.000101154 0.0
0.0191889 -9.41212e-05 0.0
0.019179 -8.71484e-05 0.0
0.0191695 -8.02613e-05 0.0
0.0191605 -7.34854e-05 0.0
0.0191519 -6.68458e-05 0.0
0.0191438 -6.03668e-05 0.0
0.019136 -5.40715e-05 0.0
0.0191287 -4.79818e-05 0.0
0.0191218 -4.21177e-05 0.0
0.0191153 -3.64974e-05 0.0
0.0191091 -3.11367e-05 0.0
0.0191033 -2.60493e-05 0.0
0.0190979 -2.12465e-05 0.0
0.0190927 -1.67364e-05 0.0
0.0190879 -1.25249e-05 0.0
0.0190833 -8.61535e-06 0.0
0.019079 -5.00873e-06 0.0
0.019075 -1.70188e-06 0.0
0.0190712 1.30912e-06 0.0
0.0190677 4.03048e-06 0.0
0.0190644 6.47129e-06 0.0
0.0190612 8.64416e-06 0.0
0.0190583 1.05592e-05 0.0
0.0190556 1.22313e-05 0.0
0.0190531 1.36765e-05 0.0
0.0190507 1.49116e-05 0.0
0.0190485 1.59509e-05 0.0
0.0190465 1.68147e-05 0.0
0.0190446 1.75197e-05 0.0
0.0190429 1.80845e-05 0.0
0.0190414 1.85261e-05 0.0
0.01904 1.87312e-05 0.0
0.0 0.0 0.0
0.0 0.0 0.0
0.0192834 -5.33483e-05 0.0
0.0192953 -0.000179725 0.0
0.0193215 -0.000281602 0.0
0.0193713 -0.00035277 0.0
0.0194259 -0.000460708 0.0
0.019498 -0.0005703 0.0
0.0195852 -0.000618147 0.0
0.01967 -0.000682943 0.0
0.0197643 -0.000771311 0.0
0.019874 -0.000811412 0.0
0.0199775 -0.000837511 0.0
0.0200831 -0.000888082 0.0
0.0201969 -0.000915819 0.0
0.0203067 -0.000923765 0.0
0.0204136 -0.000936895 0.0
0.0205242 -0.000948154 0.0
0.0206288 -0.000943336 0.0
0.0207281 -0.000935964 0.0
0.0208293 -0.000926857 0.0
0.0209257 -0.000912537 0.0
0.0210122 -0.000892521 0.0
0.0210975 -0.000870679 0.0
0.021182 -0.000845028 0.0
0.0212567 -0.000817533 0.0
0.0213245 -0.000787208 0.0
0.0213921 -0.000754125 0.0
0.0214548 -0.000718955 0.0
0.0215084 -0.000683238 0.0
0.0215581 -0.000644754 0.0
0.0216062 -0.000604035 0.0
0.0216479 -0.000562402 0.0
0.0216829 -0.000519668 0.0
0.0217156 -0.000474177 0.0
0.0217451 -0.000426987 0.0
0.0217687 -0.000378642 0.0
0.0217882 -0.000328234 0.0
0.0218055 -0.000274949 0.0
0.021819 -0.000219623 0.0
0.021828 -0.00016214 0.0
0.0218345 -0.000101409 0.0
0.0218387 -3.69535e-05 0.0
0.0218393 3.05636e-05 0.0
0.021837 0.000101758 0.0
0.0218336 0.00017822 0.0
0.0218278 0.000259884 0.0
0.0218188 0.000346007 0.0
0.0218095 0.000438589 0.0
0.0218007 0.00053946 0.0
0.0217886 0.000646883 0.0
0.0217755 0.000761447 0.0
0.0217671 0.000887155 0.0
0.0217595 0.00102373 0.0
0.0217482 0.00116866 0.0
0.0217438 0.00132628 0.0
0.0217502 0.0014987 0.0
0.0217556 0.0016839 0.0
0.0217644 0.00188289 0.0
0.0217941 0.00209718 0.0
0.021837 0.00232539 0.0
0.0218843 0.00257533 0.0
0.0219544 0.00283725 0.0
0.0220533 0.00310302 0.0
0.0221717 0.00339291 0.0
0.0223183 0.00370472 0.0
0.0224984 0.00399501 0.0
0.0227093 0.00429501 0.0
0.0229622 0.00461999 0.0
0.0232547 0.004922 0.0
0.0235752 0.00518801 0.0
0.0239341 0.00547168 0.0
0.0243421 0.00573446 0.0
0.0247691 0.00593703 0.0
0.0252119 0.00611882 0.0
0.0256928 0.00629182 0.0
0.0261842 0.00637711 0.0
0.0266496 0.00643321 0.0
0.0271393 0.006472 0.0
0.0276171 0.0063982 0.0
0.0280275 0.00633384 0.0
0.028412 0.00621539 0.0
0.0287705 0.00599829 0.0
0.0290574 0.00580438 0.0
0.0292839 0.00559111 0.0
0.0294478 0.00526229 0.0
0.0295671 0.00498278 0.0
0.0296708 0.00469773 0.0
0.0297056 0.00437205 0.0
0.0296907 0.00406735 0.0
0.0296775 0.00372738 0.0
0.0296536 0.00340961 0.0
0.0295743 0.00308298 0.0
0.0294569 0.00274513 0.0
0.0293217 0.00236992 0.0
0.02916 0.00206533 0.0
0.0289753 0.00177301 0.0
0.0287775 0.00147654 0.0
0.0285829 0.00122361 0.0
0.0284019 0.00100239 0.0
0.0282213 0.000799671 0.0
0.0280522 0.000620685 0.0
0.0279135 0.000459445 0.0
0.0277946 0.000315536 0.0
0.0276821 0.00018547 0.0
0.0275886 6.64009e-05 0.0
0.0275234 -4.64883e-05 0.0
0.0274723 -0.000154018 0.0
0.0274301 -0.000251357 0.0
0.0274074 -0.000354101 0.0
0.027402 -0.000466359 0.0
0.0274093 -0.000569188 0.0
0.0274209 -0.00068224 0.0
0.0274297 -0.000817487 0.0
0.0274361 -0.000952536 0.0
0.0274324 -0.00108831 0.0
0.0274122 -0.00122113 0.0
0.0273767 -0.00135129 0.0
0.0273401 -0.00145425 0.0
0.0273121 -0.00154979 0.0
0.027287 -0.00161547 0.0
0.0272775 -0.00167952 0.0
0.0272909 -0.00174678 0.0
0.0273101 -0.00180763 0.0
0.0273281 -0.00186669 0.0
0.0273526 -0.00193878 0.0
0.0273776 -0.00201946 0.0
0.0273984 -0.00207744 0.0
0.027412 -0.00214509 0.0
0.0274122 -0.00221469 0.0
0.0274177 -0.00226371 0.0
0.0274282 -0.00231874 0.0
0.027427 -0.00236717 0.0
0.0274188 -0.00241545 0.0
0.0274157 -0.00246027 0.0
0.0274104 -0.00250239 0.0
0.0273991 -0.00253264 0.0
0.0273863 -0.00257268 0.0
0.027371 -0.00260258 0.0
0.0273566 -0.00262226 0.0
0.0273393 -0.0026507 0.0
0.0273162 -0.0026728 0.0
0.0272927 -0.00268823 0.0
0.0272679 -0.00270717 0.0
0.0272371 -0.00272206 0.0
0.027203 -0.00273886 0.0
0.0271661 -0.00275533 0.0
0.0271246 -0.00276721 0.0
0.027077 -0.00278184 0.0
0.027024 -0.00279686 0.0
0.0269673 -0.00280644 0.0
0.0269061 -0.00281568 0.0
0.026838 -0.00282536 0.0
0.0267643 -0.00282981 0.0
0.0266869 -0.00283387 0.0
0.0266049 -0.00283612 0.0
0.0265168 -0.00283579 0.0
0.026423 -0.00283231 0.0
0.0263255 -0.00282798 0.0
0.0262239 -0.00282214 0.0
0.0261168 -0.00281188 0.0
0.0260039 -0.00279941 0.0
0.0258867 -0.00278574 0.0
0.0257658 -0.00276861 0.0
0.0256401 -0.00274641 0.0
0.0255083 -0.00272162 0.0
0.0253727 -0.0026937 0.0
0.0252354 -0.00266037 0.0
0.0250945 -0.00262204 0.0
0.0249491 -0.00257944 0.0
0.024803 -0.00253261 0.0
0.024658 -0.00248076 0.0
0.0245113 -0.00242418 0.0
0.0243633 -0.00236343 0.0
0.0242182 -0.0023002 0.0
0.0240756 -0.0022339 0.0
0.0239331 -0.00216367 0.0
0.0237924 -0.00209262 0.0
0.0236557 -0.00202123 0.0
0.0235218 -0.00194783 0.0
0.0233896 -0.00187391 0.0
0.0232601 -0.00180137 0.0
0.0231344 -0.0017292 0.0
0.0230116 -0.00165731 0.0
0.0228909 -0.00158706 0.0
0.0227729 -0.00151871 0.0
0.0226585 -0.00145174 0.0
0.0225468 -0.0013866 0.0
0.0224371 -0.00132373 0.0
0.0223302 -0.001263 0.0
0.0222264 -0.00120439 0.0
0.0221249 -0.00114813 0.0
0.0220254 -0.00109419 0.0
0.0219287 -0.00104255 0.0
0.0218346 -0.000993251 0.0
0.0217425 -0.000946264 0.0
0.0216526 -0.000901501 0.0
0.0215651 -0.000859004 0.0
0.0214799 -0.000818717 0.0
0.0213967 -0.000780523 0.0
0.0213155 -0.000744381 0.0
0.0212366 -0.000710287 0.0
0.0211597 -0.000678122 0.0
0.0210846 -0.000647784 0.0
0.0210115 -0.000619247 0.0
0.0209404 -0.000592448 0.0
0.020871 -0.000567262 0.0
0.0208035 -0.00054362 0.0
0.0207378 -0.000521477 0.0
0.0206738 -0.000500742 0.0
0.0206114 -0.000481314 0.0
0.0205507 -0.000463139 0.0
0.0204917 -0.000446156 0.0
0.0204341 -0.000430275 0.0
0.0203781 -0.000415423 0.0
0.0203236 -0.00040155 0.0
0.0202705 -0.00038859 0.0
0.0202188 -0.00037647 0.0
0.0201684 -0.00036514 0.0
0.0201194 -0.00035455 0.0
0.0200716 -0.000344644 0.0
0.0200251 -0.000335367 0.0
0.0199797 -0.000326682 0.0
0.0199356 -0.000318543 0.0
0.0198926 -0.000310907 0.0
0.0198507 -0.000303735 0.0
0.0198098 -0.000296994 0.0
0.01977 -0.000290648 0.0
0.0197312 -0.00028466 0.0
0.0196933 -0.000279003 0.0
0.0196564 -0.000273645 0.0
0.0196204 -0.000268557 0.0
0.0195853 -0.000263708 0.0
0.0195511 -0.000259074 0.0
0.0195177 -0.000254626 0.0
0.0194851 -0.000250338 0.0
0.0194534 -0.000246184 0.0
0.0194224 -0.000242139 0.0
0.0193921 -0.000238178 0.0
0.0193626 -0.000234276 0.0
0.0193338 -0.000230411 0.0
0.0193057 -0.000226559 0.0
0.0192783 -0.000222698 0.0
0.0192516 -0.000218808 0.0
0.0192255 -0.000214868 0.0
0.0192001 -0.00021086 0.0
0.0191753 -0.000206765 0.0
0.0191512 -0.000202568 0.0
0.0191277 -0.000198254 0.0
0.0191048 -0.000193811 0.0
0.0190825 -0.000189228 0.0
0.0190608 -0.000184495 0.0
0.0190398 -0.000179605 0.0
0.0190193 -0.000174555 0.0
0.0189995 -0.000169341 0.0
0.0189802 -0.000163963 0.0
0.0189615 -0.000158424 0.0
0.0189435 -0.000152728 0.0
0.018926 -0.000146881 0.0
0.0189091 -0.000140893 0.0
0.0188928 -0.000134775 0.0
0.0188771 -0.000128542 0.0
0.0188619 -0.000122207 0.0
0.0188474 -0.00011579 0.0
0.0188334 -0.000109309 0.0
0.01882 -0.000102785 0.0
0.0188072 -9.6241e-05 0.0
0.0187949 -8.96994e-05 0.0
0.0187832 -8.31845e-05 0.0
0.018772 -7.67207e-05 0.0
0.0187614 -7.03328e-05 0.0
0.0187513 -6.40455e-05 0.0
0.0187417 -5.78827e-05 0.0
0.0187326 -5.18681e-05 0.0
0.0187239 -4.60239e-05 0.0
0.0187158 -4.0371e-05 0.0
0.0187081 -3.49289e-05 0.0
0.0187009 -2.97152e-05 0.0
0.0186941 -2.47451e-05 0.0
0.0186877 -2.00321e-05 0.0
0.0186817 -1.55871e-05 0.0
0.0186761 -1.14179e-05 0.0
0.0186708 -7.53093e-06 0.0
0.0186659 -3.9298e-06 0.0
0.0186613 -6.14759e-07 0.0
0.018657 2.41631e-06 0.0
0.0186529 5.16544e-06 0.0
0.0186492 7.63944e-06 0.0
0.0186457 9.84796e-06 0.0
0.0186425 1.17995e-05 0.0
0.0186395 1.35035e-05 0.0
0.0186367 1.49763e-05 0.0
0.0186341 1.62318e-05 0.0
0.0186317 1.72816e-05 0.0
0.0186295 1.81425e-05 0.0
0.0186275 1.88329e-05 0.0
0.0186256 1.93673e-05 0.0
0.018624 1.97592e-05 0.0
0.0186225 2.00361e-05 0.0
0.0186212 2.01588e-05 0.0
0.0 0.0 0.0
0.0 0.0 0.0
0.0192753 -8.28952e-05 0.0
0.0192946 -0.000185238 0.0
0.0193154 -0.000310441 0.0
0.0193837 -0.000437194 0.0
0.0194713 -0.000526016 0.0
0.0195355 -0.000630009 0.0
0.0196194 -0.000728401 0.0
0.019742 -0.000787823 0.0
0.0198527 -0.000860381 0.0
0.0199568 -0.000930301 0.0
0.0200769 -0.00095743 0.0
0.020204 -0.000993923 0.0
0.0203251 -0.00103224 0.0
0.020441 -0.00104394 0.0
0.0205563 -0.00104555 0.0
0.0206759 -0.0010562 0.0
0.020789 -0.00105269 0.0
0.0208894 -0.00103755 0.0
0.0209887 -0.00102284 0.0
0.0210901 -0.00100654 0.0
0.0211795 -0.000979894 0.0
0.0212573 -0.000951616 0.0
0.0213358 -0.000922373 0.0
0.0214113 -0.000888811 0.0
0.0214739 -0.000851295 0.0
0.0215296 -0.000814224 0.0
0.021585 -0.000774392 0.0
0.0216343 -0.000731625 0.0
0.0216736 -0.000688067 0.0
0.0217092 -0.000644014 0.0
0.0217428 -0.000596965 0.0
0.0217698 -0.000548535 0.0
0.0217905 -0.000499678 0.0
0.0218088 -0.000449016 0.0
0.0218241 -0.000395711 0.0
0.0218342 -0.000341433 0.0
0.0218405 -0.000285661 0.0
0.0218449 -0.000226904 0.0
0.0218464 -0.000165584 0.0
0.0218442 -0.000102569 0.0
0.0218401 -3.61654e-05 0.0
0.0218347 3.44581e-05 0.0
0.0218268 0.000108001 0.0
0.021817 0.000185163 0.0
0.0218069 0.000268444 0.0
0.0217963 0.00035695 0.0
0.0217839 0.000449429 0.0
0.0217721 0.000549382 0.0
0.0217626 0.000658212 0.0
0.0217526 0.000772613 0.0
0.0217428 0.000894391 0.0
0.0217391 0.0010289 0.0
0.0217398 0.00117273 0.0
0.0217404 0.0013241 0.0
0.0217482 0.00148929 0.0
0.0217692 0.00166855 0.0
0.021796 0.00185674 0.0
0.0218294 0.00205981 0.0
0.0218811 0.00227618 0.0
0.0219517 0.00250261 0.0
0.022037 0.00274521 0.0
0.0221412 0.00300034 0.0
0.0222706 0.00325415 0.0
0.0224315 0.00352432 0.0
0.0226215 0.00380448 0.0
0.0228329 0.0040746 0.0
0.0230809 0.00433848 0.0
0.0233734 0.00461155 0.0
0.0236904 0.00486764 0.0
0.0240314 0.00509906 0.0
0.0244176 0.00531174 0.0
0.0248324 0.00551569 0.0
0.0252605 0.00567812 0.0
0.0257131 0.00580188 0.0
0.0261862 0.00590259 0.0
0.026656 0.00597129 0.0
0.0271303 0.00598342 0.0
0.0275893 0.00595134 0.0
0.0280393 0.00591725 0.0
0.0284786 0.00580167 0.0
0.028866 0.00566244 0.0
0.0292195 0.00550063 0.0
0.029566 0.00530081 0.0
0.0298546 0.00507249 0.0
0.0300746 0.00484031 0.0
0.0302665 0.00455888 0.0
0.030427 0.0042954 0.0
0.0305562 0.00402471 0.0
0.0306398 0.00372052 0.0
0.0306824 0.00341235 0.0
0.0307178 0.00311401 0.0
0.030743 0.00280157 0.0
0.0307075 0.00248259 0.0
0.0306357 0.00219242 0.0
0.0305643 0.00189123 0.0
0.0304786 0.00162925 0.0
0.0303688 0.00138264 0.0
0.0302496 0.00114771 0.0
0.0301382 0.000938991 0.0
0.0300374 0.000751454 0.0
0.0299369 0.000575754 0.0
0.0298408 0.000418143 0.0
0.0297615 0.000274076 0.0
0.0296963 0.000138359 0.0
0.0296376 1.24697e-05 0.0
0.0295885 -0.000107244 0.0
0.0295549 -0.000223191 0.0
0.0295341 -0.000335133 0.0
0.0295144 -0.000451198 0.0
0.0294986 -0.000570327 0.0
0.0294973 -0.000688115 0.0
0.0294954 -0.000816666 0.0
0.0294798 -0.000943726 0.0
0.0294634 -0.00107235 0.0
0.0294423 -0.00120459 0.0
0.0294121 -0.00131267 0.0
0.0293765 -0.00142026 0.0
0.0293341 -0.00151874 0.0
0.0293003 -0.00159143 0.0
0.0292768 -0.00167079 0.0
0.0292507 -0.00173923 0.0
0.0292288 -0.00180344 0.0
0.0292152 -0.00187411 0.0
0.0292014 -0.00193969 0.0
0.0291785 -0.0020087 0.0
0.0291528 -0.00207407 0.0
0.0291295 -0.00213864 0.0
0.0291003 -0.0021927 0.0
0.0290676 -0.00225035 0.0
0.0290326 -0.00230603 0.0
0.0289974 -0.0023473 0.0
0.0289609 -0.00239231 0.0
0.0289178 -0.00243649 0.0
0.0288702 -0.00247403 0.0
0.0288232 -0.00250412 0.0
0.0287711 -0.00253656 0.0
0.0287121 -0.00256233 0.0
0.0286546 -0.00258734 0.0
0.0285938 -0.0026081 0.0
0.0285273 -0.00262305 0.0
0.0284598 -0.0026428 0.0
0.0283899 -0.00265859 0.0
0.0283175 -0.00266755 0.0
0.028242 -0.00268099 0.0
0.0281601 -0.00269466 0.0
0.0280755 -0.00270254 0.0
0.0279887 -0.00271092 0.0
0.0278944 -0.00272044 0.0
0.0277944 -0.00272602 0.0
0.0276919 -0.0027306 0.0
0.0275839 -0.00273361 0.0
0.0274707 -0.00273449 0.0
0.0273538 -0.00273408 0.0
0.0272322 -0.00273087 0.0
0.027106 -0.00272583 0.0
0.0269761 -0.00271887 0.0
0.0268423 -0.0027099 0.0
0.0267037 -0.00269816 0.0
0.0265606 -0.00268463 0.0
0.0264143 -0.00266814 0.0
0.0262646 -0.00264914 0.0
0.02611 -0.0026278 0.0
0.0259516 -0.00260253 0.0
0.0257911 -0.00257364 0.0
0.0256279 -0.00254205 0.0
0.0254611 -0.0025066 0.0
0.0252923 -0.0024658 0.0
0.0251232 -0.00242147 0.0
0.0249535 -0.00237427 0.0
0.0247826 -0.00232208 0.0
0.0246121 -0.00226521 0.0
0.024444 -0.00220637 0.0
0.0242774 -0.00214513 0.0
0.0241117 -0.00207945 0.0
0.023949 -0.00201205 0.0
0.02379 -0.0019448 0.0
0.0236336 -0.00187531 0.0
0.0234799 -0.00180439 0.0
0.0233299 -0.0017346 0.0
0.0231838 -0.00166528 0.0
0.0230411 -0.00159555 0.0
0.0229014 -0.00152705 0.0
0.0227654 -0.00146041 0.0
0.0226332 -0.00139495 0.0
0.0225045 -0.00133084 0.0
0.0223786 -0.00126891 0.0
0.0222561 -0.00120908 0.0
0.0221374 -0.00115117 0.0
0.0220216 -0.00109537 0.0
0.0219086 -0.00104193 0.0
0.0217989 -0.000990737 0.0
0.0216924 -0.000941764 0.0
0.0215884 -0.000895038 0.0
0.0214872 -0.000850584 0.0
0.021389 -0.00080836 0.0
0.0212935 -0.000768303 0.0
0.0212004 -0.000730346 0.0
0.0211099 -0.000694483 0.0
0.021022 -0.000660658 0.0
0.0209365 -0.000628765 0.0
0.0208532 -0.000598731 0.0
0.0207723 -0.000570533 0.0
0.0206937 -0.000544081 0.0
0.0206172 -0.000519266 0.0
0.0205427 -0.00049603 0.0
0.0204704 -0.000474322 0.0
0.0204001 -0.000454039 0.0
0.0203316 -0.000435093 0.0
0.0202651 -0.00041743 0.0
0.0202004 -0.000400981 0.0
0.0201374 -0.000385652 0.0
0.0200761 -0.000371377 0.0
0.0200165 -0.000358101 0.0
0.0199585 -0.000345754 0.0
0.0199021 -0.000334262 0.0
0.0198471 -0.000323574 0.0
0.0197937 -0.000313639 0.0
0.0197416 -0.000304394 0.0
0.0196909 -0.000295788 0.0
0.0196415 -0.00028778 0.0
0.0195934 -0.000280323 0.0
0.0195465 -0.00027337 0.0
0.0195008 -0.000266885 0.0
0.0194563 -0.000260832 0.0
0.0194129 -0.000255173 0.0
0.0193706 -0.000249874 0.0
0.0193294 -0.000244904 0.0
0.0192892 -0.000240234 0.0
0.0192499 -0.000235832 0.0
0.0192117 -0.000231671 0.0
0.0191743 -0.000227725 0.0
0.0191379 -0.000223966 0.0
0.0191023 -0.000220368 0.0
0.0190676 -0.000216907 0.0
0.0190337 -0.000213558 0.0
0.0190007 -0.000210297 0.0
0.0189684 -0.0002071 0.0
0.0189368 -0.000203944 0.0
0.0189061 -0.000200808 0.0
0.018876 -0.00019767 0.0
0.0188467 -0.000194508 0.0
0.0188181 -0.000191305 0.0
0.0187902 -0.00018804 0.0
0.018763 -0.000184696 0.0
0.0187364 -0.000181257 0.0
0.0187105 -0.000177708 0.0
0.0186852 -0.000174035 0.0
0.0186607 -0.000170227 0.0
0.0186367 -0.000166274 0.0
0.0186134 -0.000162168 0.0
0.0185907 -0.000157903 0.0
0.0185687 -0.000153474 0.0
0.0185473 -0.000148879 0.0
0.0185266 -0.000144119 0.0
0.0185065 -0.000139197 0.0
0.018487 -0.000134115 0.0
0.0184681 -0.000128883 0.0
0.0184499 -0.000123508 0.0
0.0184323 -0.000118002 0.0
0.0184153 -0.000112377 0.0
0.018399 -0.00010665 0.0
0.0183833 -0.000100836 0.0
0.0183682 -9.49555e-05 0.0
0.0183538 -8.90272e-05 0.0
0.0183399 -8.30729e-05 0.0
0.0183267 -7.71147e-05 0.0
0.018314 -7.11756e-05 0.0
0.018302 -6.52791e-05 0.0
0.0182905 -5.94488e-05 0.0
0.0182797 -5.37081e-05 0.0
0.0182693 -4.80801e-05 0.0
0.0182596 -4.25872e-05 0.0
0.0182504 -3.72506e-05 0.0
0.0182416 -3.20903e-05 0.0
0.0182334 -2.71249e-05 0.0
0.0182257 -2.23711e-05 0.0
0.0182185 -1.78437e-05 0.0
0.0182117 -1.35552e-05 0.0
0.0182054 -9.51621e-06 0.0
0.0181994 -5.73484e-06 0.0
0.0181939 -2.21698e-06 0.0
0.0181887 1.0344e-06 0.0
0.0181839 4.01802e-06 0.0
0.0181795 6.73448e-06 0.0
0.0181753 9.18746e-06 0.0
0.0181715 1.13834e-05 0.0
0.0181679 1.33277e-05 0.0
0.0181646 1.5029e-05 0.0
0.0181616 1.64999e-05 0.0
0.0181588 1.77511e-05 0.0
0.0181562 1.87929e-05 0.0
0.0181538 1.96407e-05 0.0
0.0181517 2.03109e-05 0.0
0.0181497 2.08123e-05 0.0
0.0181479 2.11632e-05 0.0
0.0181463 2.13786e-05 0.0
0.0181449 2.14901e-05 0.0
0.0181436 2.15285e-05 0.0
0.0 0.0 0.0
0.0 0.0 0.0
0.0192595 -0.000100575 0.0
0.0192991 -0.000214151 0.0
0.0193501 -0.000351327 0.0
0.0194002 -0.000519853 0.0
0.0194785 -0.000622627 0.0
0.0195847 -0.000697662 0.0
0.0196911 -0.000835966 0.0
0.0198117 -0.000934889 0.0
0.0199367 -0.000962617 0.0
0.0200655 -0.00103744 0.0
0.0202052 -0.00110719 0.0
0.0203394 -0.00112529 0.0
0.0204658 -0.00114044 0.0
0.0206017 -0.00117083 0.0
0.0207313 -0.00117569 0.0
0.0208443 -0.00116609 0.0
0.0209589 -0.00115742 0.0
0.0210742 -0.00114587 0.0
0.0211708 -0.00112168 0.0
0.0212573 -0.00109428 0.0
0.0213471 -0.00106351 0.0
0.0214276 -0.00102987 0.0
0.021491 -0.000991842 0.0
0.021551 -0.000951472 0.0
0.0216102 -0.0009081 0.0
0.0216572 -0.000864221 0.0
0.0216937 -0.00081818 0.0
0.0217291 -0.000770013 0.0
0.0217602 -0.000720498 0.0
0.0217813 -0.000670959 0.0
0.0217972 -0.00061956 0.0
0.0218118 -0.000566555 0.0
0.0218211 -0.000512811 0.0
0.0218242 -0.000458412 0.0
0.021825 -0.000402004 0.0
0.0218238 -0.000343972 0.0
0.0218183 -0.000284794 0.0
0.0218098 -0.000223943 0.0
0.0218003 -0.00016035 0.0
0.0217888 -9.44411e-05 0.0
0.0217748 -2.64633e-05 0.0
0.0217602 4.48044e-05 0.0
0.0217454 0.000120238 0.0
0.0217291 0.000198913 0.0
0.0217125 0.000281283 0.0
0.0216978 0.00036958 0.0
0.0216833 0.000463505 0.0
0.0216683 0.000561871 0.0
0.0216569 0.000667053 0.0
0.0216498 0.000781066 0.0
0.0216427 0.000901606 0.0
0.0216389 0.00102938 0.0
0.0216448 0.00116761 0.0
0.0216558 0.00131613 0.0
0.0216691 0.0014734 0.0
0.0216947 0.00164119 0.0
0.0217349 0.00181921 0.0
0.0217819 0.00201066 0.0
0.0218417 0.0022135 0.0
0.0219229 0.00242126 0.0
0.0220208 0.0026396 0.0
0.0221377 0.00287768 0.0
0.02228 0.00311234 0.0
0.0224442 0.0033446 0.0
0.0226363 0.00359526 0.0
0.0228622 0.00384751 0.0
0.0231118 0.00407447 0.0
0.0233866 0.00430691 0.0
0.0237028 0.00454053 0.0
0.024047 0.00474401 0.0
0.0244063 0.00492263 0.0
0.0247985 0.00510282 0.0
0.025224 0.00524471 0.0
0.0256502 0.00534988 0.0
0.026094 0.00544724 0.0
0.0265644 0.00549578 0.0
0.0270256 0.00551077 0.0
0.0274767 0.00551597 0.0
0.0279395 0.00545797 0.0
0.0283808 0.005367 0.0
0.0287962 0.00529378 0.0
0.0291935 0.00513482 0.0
0.0295554 0.00495394 0.0
0.0298965 0.00479256 0.0
0.0302121 0.00458146 0.0
0.0304789 0.00434256 0.0
0.0307193 0.00411235 0.0
0.0309426 0.00385161 0.0
0.0311257 0.00360341 0.0
0.031275 0.00333172 0.0
0.0313961 0.00304108 0.0
0.0314853 0.00276054 0.0
0.0315427 0.00249655 0.0
0.0315792 0.00221142 0.0
0.0315853 0.0019341 0.0
0.0315703 0.00169535 0.0
0.0315441 0.00145233 0.0
0.0315057 0.00122599 0.0
0.0314609 0.00101948 0.0
0.0314124 0.000828638 0.0
0.0313591 0.000650101 0.0
0.0313096 0.000486088 0.0
0.0312682 0.000332537 0.0
0.0312282 0.000189 0.0
0.0311896 5.62014e-05 0.0
0.0311607 -7.12426e-05 0.0
0.0311387 -0.000198934 0.0
0.0311193 -0.000319329 0.0
0.0311051 -0.000433927 0.0
0.0310936 -0.000558364 0.0
0.0310798 -0.000682267 0.0
0.0310657 -0.000800821 0.0
0.0310468 -0.000924196 0.0
0.03102 -0.00104596 0.0
0.0309836 -0.00116552 0.0
0.0309426 -0.0012739 0.0
0.0308974 -0.00137813 0.0
0.0308474 -0.00146734 0.0
0.0308008 -0.00155564 0.0
0.0307544 -0.00163522 0.0
0.0307069 -0.00170229 0.0
0.0306645 -0.00177343 0.0
0.0306223 -0.00184742 0.0
0.0305763 -0.00190898 0.0
0.0305294 -0.00196986 0.0
0.0304776 -0.00203789 0.0
0.0304209 -0.00209691 0.0
0.0303638 -0.00214738 0.0
0.0303007 -0.00220125 0.0
0.030229 -0.00224851 0.0
0.030158 -0.00229329 0.0
0.0300847 -0.00233528 0.0
0.0300038 -0.0023693 0.0
0.0299194 -0.00240436 0.0
0.0298333 -0.00243836 0.0
0.0297439 -0.00246211 0.0
0.0296516 -0.00248435 0.0
0.0295545 -0.00250929 0.0
0.0294541 -0.00252508 0.0
0.0293537 -0.00253971 0.0
0.0292482 -0.00255406 0.0
0.0291376 -0.00256436 0.0
0.029025 -0.00257554 0.0
0.0289097 -0.00258293 0.0
0.0287898 -0.00258886 0.0
0.0286652 -0.00259671 0.0
0.0285369 -0.00260141 0.0
0.0284054 -0.00260298 0.0
0.0282693 -0.00260591 0.0
0.0281281 -0.00260684 0.0
0.0279836 -0.00260426 0.0
0.0278357 -0.00260157 0.0
0.0276829 -0.00259679 0.0
0.027526 -0.0025893 0.0
0.0273662 -0.00258043 0.0
0.027203 -0.00257009 0.0
0.0270356 -0.00255689 0.0
0.0268648 -0.002541 0.0
0.0266914 -0.00252436 0.0
0.0265149 -0.00250507 0.0
0.0263351 -0.00248206 0.0
0.0261524 -0.00245669 0.0
0.0259675 -0.00242974 0.0
0.0257808 -0.0023989 0.0
0.0255921 -0.00236386 0.0
0.0254012 -0.00232625 0.0
0.02521 -0.00228582 0.0
0.0250192 -0.00224117 0.0
0.0248279 -0.00219239 0.0
0.0246366 -0.00214094 0.0
0.0244478 -0.00208693 0.0
0.0242613 -0.0020295 0.0
0.024076 -0.00196877 0.0
0.0238933 -0.00190671 0.0
0.023715 -0.00184373 0.0
0.0235399 -0.00177824 0.0
0.0233675 -0.00171156 0.0
0.0231994 -0.00164583 0.0
0.023036 -0.00157976 0.0
0.0228763 -0.00151303 0.0
0.0227202 -0.00144754 0.0
0.0225685 -0.00138363 0.0
0.0224215 -0.00132028 0.0
0.0222782 -0.00125818 0.0
0.0221385 -0.00119823 0.0
0.0220031 -0.00114008 0.0
0.0218721 -0.0010835 0.0
0.0217444 -0.00102906 0.0
0.0216202 -0.000976881 0.0
0.0215 -0.000926739 0.0
0.0213835 -0.000878691 0.0
0.0212701 -0.000832911 0.0
0.0211599 -0.000789317 0.0
0.0210534 -0.000747853 0.0
0.02095 -0.000708527 0.0
0.0208494 -0.000671309 0.0
0.0207519 -0.00063613 0.0
0.0206574 -0.000602963 0.0
0.0205657 -0.00057173 0.0
0.0204765 -0.000542358 0.0
0.0203901 -0.000514803 0.0
0.0203063 -0.000488999 0.0
0.0202248 -0.000464842 0.0
0.0201457 -0.000442269 0.0
0.020069 -0.000421226 0.0
0.0199945 -0.000401623 0.0
0.019922 -0.000383366 0.0
0.0198517 -0.000366402 0.0
0.0197835 -0.000350662 0.0
0.0197171 -0.000336054 0.0
0.0196526 -0.000322508 0.0
0.0195899 -0.000309971 0.0
0.0195289 -0.00029837 0.0
0.0194696 -0.000287632 0.0
0.0194119 -0.000277703 0.0
0.0193558 -0.000268531 0.0
0.0193012 -0.000260053 0.0
0.019248 -0.000252215 0.0
0.0191963 -0.000244974 0.0
0.0191458 -0.000238286 0.0
0.0190967 -0.0002321 0.0
0.0190489 -0.000226378 0.0
0.0190022 -0.000221085 0.0
0.0189568 -0.000216184 0.0
0.0189124 -0.000211637 0.0
0.0188692 -0.000207416 0.0
0.018827 -0.000203491 0.0
0.0187858 -0.000199831 0.0
0.0187457 -0.000196408 0.0
0.0187065 -0.000193196 0.0
0.0186682 -0.00019017 0.0
0.0186308 -0.000187303 0.0
0.0185943 -0.000184572 0.0
0.0185587 -0.000181954 0.0
0.0185238 -0.000179424 0.0
0.0184898 -0.00017696 0.0
0.0184566 -0.000174541 0.0
0.0184241 -0.000172145 0.0
0.0183924 -0.000169752 0.0
0.0183614 -0.000167341 0.0
0.0183311 -0.000164893 0.0
0.0183015 -0.00016239 0.0
0.0182726 -0.000159815 0.0
0.0182444 -0.000157151 0.0
0.0182169 -0.000154384 0.0
0.01819 -0.0001515 0.0
0.0181638 -0.000148487 0.0
0.0181383 -0.000145334 0.0
0.0181134 -0.000142032 0.0
0.0180892 -0.000138574 0.0
0.0180656 -0.000134955 0.0
0.0180426 -0.000131171 0.0
0.0180204 -0.000127222 0.0
0.0179987 -0.000123106 0.0
0.0179777 -0.000118828 0.0
0.0179574 -0.000114392 0.0
0.0179377 -0.000109804 0.0
0.0179187 -0.000105074 0.0
0.0179003 -0.000100212 0.0
0.0178826 -9.52319e-05 0.0
0.0178655 -9.01472e-05 0.0
0.0178491 -8.49745e-05 0.0
0.0178334 -7.97316e-05 0.0
0.0178182 -7.44377e-05 0.0
0.0178038 -6.91129e-05 0.0
0.01779 -6.37784e-05 0.0
0.0177768 -5.8456e-05 0.0
0.0177642 -5.31681e-05 0.0
0.0177523 -4.79367e-05 0.0
0.0177409 -4.27843e-05 0.0
0.0177302 -3.77326e-05 0.0
0.01772 -3.28026e-05 0.0
0.0177105 -2.80144e-05 0.0
0.0177014 -2.33869e-05 0.0
0.0176929 -1.89376e-05 0.0
0.017685 -1.46821e-05 0.0
0.0176775 -1.06344e-05 0.0
0.0176705 -6.80657e-06 0.0
0.017664 -3.20827e-06 0.0
0.017658 1.52493e-07 0.0
0.0176523 3.27026e-06 0.0
0.017647 6.14212e-06 0.0
0.0176422 8.76616e-06 0.0
0.0176377 1.11429e-05 0.0
0.0176335 1.32766e-05 0.0
0.0176296 1.51713e-05 0.0
0.0176261 1.68313e-05 0.0
0.0176228 1.82664e-05 0.0
0.0176198 1.94875e-05 0.0
0.017617 2.05005e-05 0.0
0.0176145 2.1318e-05 0.0
0.0176122 2.19546e-05 0.0
0.0176101 2.24225e-05 0.0
0.0176082 2.27283e-05 0.0
0.0176065 2.28934e-05 0.0
0.0176049 2.29303e-05 0.0
0.0176036 2.28792e-05 0.0
0.0176024 2.28378e-05 0.0
0.0 0.0 0.0
0.0 0.0 0.0
0.0192537 -8.28999e-05 0.0
0.0192796 -0.000288724 0.0
0.0193678 -0.000435671 0.0
0.0194405 -0.000548133 0.0
0.0195108 -0.000722323 0.0
0.019651 -0.00085521 0.0
0.0197915 -0.000930828 0.0
0.0199065 -0.00105009 0.0
0.0200517 -0.0011288 0.0
0.0202167 -0.00117646 0.0
0.0203641 -0.00123408 0.0
0.0205064 -0.0012733 0.0
0.0206496 -0.00128252 0.0
0.0207915 -0.00129773 0.0
0.0209266 -0.0013005 0.0
0.0210462 -0.00128676 0.0
0.0211539 -0.00126748 0.0
0.0212618 -0.00124761 0.0
0.02136 -0.00121406 0.0
0.021438 -0.00117754 0.0
0.0215076 -0.00113984 0.0
0.0215766 -0.00109697 0.0
0.0216328 -0.00104812 0.0
0.0216732 -0.00100137 0.0
0.0217098 -0.000952231 0.0
0.0217433 -0.000899005 0.0
0.021765 -0.000845181 0.0
0.0217776 -0.000793046 0.0
0.0217883 -0.000737961 0.0
0.0217944 -0.000681169 0.0
0.0217925 -0.000625347 0.0
0.0217861 -0.000569446 0.0
0.0217783 -0.000510982 0.0
0.0217664 -0.000452102 0.0
0.0217499 -0.000393498 0.0
0.0217318 -0.000333259 0.0
0.0217126 -0.000270826 0.0
0.0216908 -0.000207875 0.0
0.0216671 -0.000143555 0.0
0.0216436 -7.62454e-05 0.0
0.0216196 -6.63434e-06 0.0
0.0215945 6.46447e-05 0.0
0.02157 0.000139553 0.0
0.0215472 0.000218732 0.0
0.0215245 0.000300738 0.0
0.0215027 0.00038676 0.0
0.0214847 0.000479065 0.0
0.0214694 0.000576408 0.0
0.0214549 0.000678093 0.0
0.0214455 0.000787517 0.0
0.0214433 0.00090474 0.0
0.0214439 0.00102773 0.0
0.0214489 0.00115882 0.0
0.0214655 0.00129998 0.0
0.0214916 0.00144829 0.0
0.0215227 0.00160634 0.0
0.0215664 0.00177461 0.0
0.0216274 0.00194948 0.0
0.0217011 0.00213433 0.0
0.0217883 0.00233254 0.0
0.0218954 0.00253121 0.0
0.022025 0.00273562 0.0
0.0221768 0.00295451 0.0
0.0223486 0.00317343 0.0
0.0225448 0.00338204 0.0
0.0227728 0.00360041 0.0
0.0230273 0.00381918 0.0
0.0233016 0.00401983 0.0
0.0236069 0.00420617 0.0
0.0239439 0.00439483 0.0
0.0243002 0.00456202 0.0
0.0246759 0.00469854 0.0
0.0250796 0.00482119 0.0
0.0254991 0.00492842 0.0
0.0259301 0.00499977 0.0
0.0263695 0.00503719 0.0
0.0268169 0.00506384 0.0
0.0272729 0.00505671 0.0
0.027719 0.00500958 0.0
0.0281485 0.00494855 0.0
0.0285868 0.00485909 0.0
0.0290114 0.00473475 0.0
0.029395 0.00460616 0.0
0.0297647 0.0044398 0.0
0.0301215 0.00425166 0.0
0.0304463 0.00407169 0.0
0.0307382 0.0038617 0.0
0.0309986 0.00362492 0.0
0.0312392 0.00340018 0.0
0.0314647 0.00316187 0.0
0.0316471 0.00290971 0.0
0.0317939 0.00265653 0.0
0.0319301 0.00240249 0.0
0.0320435 0.00215069 0.0
0.0321169 0.00191497 0.0
0.0321711 0.0016754 0.0
0.0322154 0.0014456 0.0
0.0322443 0.0012419 0.0
0.0322551 0.00104095 0.0
0.0322564 0.000851085 0.0
0.0322573 0.000676888 0.0
0.0322546 0.000514208 0.0
0.0322431 0.000359751 0.0
0.0322305 0.00021492 0.0
0.0322228 7.6789e-05 0.0
0.0322156 -5.36081e-05 0.0
0.0322037 -0.000178991 0.0
0.0321909 -0.000304199 0.0
0.032183 -0.000425204 0.0
0.0321747 -0.000544044 0.0
0.0321567 -0.00066368 0.0
0.0321362 -0.000781725 0.0
0.032115 -0.000902456 0.0
0.0320851 -0.00101437 0.0
0.0320463 -0.00112247 0.0
0.0320008 -0.00123155 0.0
0.0319501 -0.00132874 0.0
0.0318973 -0.00141527 0.0
0.0318379 -0.00150243 0.0
0.0317736 -0.00157697 0.0
0.0317128 -0.00165091 0.0
0.0316497 -0.00171979 0.0
0.0315788 -0.00178295 0.0
0.0315049 -0.00184788 0.0
0.0314319 -0.00191017 0.0
0.0313527 -0.00196546 0.0
0.0312654 -0.00201868 0.0
0.0311748 -0.0020744 0.0
0.0310825 -0.00212057 0.0
0.0309864 -0.00216097 0.0
0.0308837 -0.00220447 0.0
0.0307751 -0.00224242 0.0
0.0306661 -0.00227344 0.0
0.0305532 -0.00230353 0.0
0.030432 -0.00233093 0.0
0.0303076 -0.00235414 0.0
0.0301822 -0.00237462 0.0
0.0300508 -0.00239045 0.0
0.0299153 -0.00240497 0.0
0.0297775 -0.0024199 0.0
0.029636 -0.00242744 0.0
0.029492 -0.0024342 0.0
0.0293437 -0.00244356 0.0
0.0291915 -0.00244751 0.0
0.0290376 -0.0024494 0.0
0.0288795 -0.00245254 0.0
0.028716 -0.00245374 0.0
0.0285501 -0.00245227 0.0
0.0283811 -0.00245042 0.0
0.0282071 -0.00244674 0.0
0.0280298 -0.00244166 0.0
0.0278496 -0.00243482 0.0
0.0276658 -0.0024259 0.0
0.0274789 -0.00241588 0.0
0.0272892 -0.00240373 0.0
0.0270964 -0.00238934 0.0
0.0269008 -0.00237352 0.0
0.0267031 -0.00235581 0.0
0.0265031 -0.00233534 0.0
0.0263004 -0.00231301 0.0
0.0260956 -0.00228883 0.0
0.0258898 -0.00226149 0.0
0.0256827 -0.00223165 0.0
0.0254735 -0.00219954 0.0
0.0252636 -0.0021643 0.0
0.0250545 -0.00212573 0.0
0.0248453 -0.00208473 0.0
0.0246357 -0.0020407 0.0
0.0244275 -0.00199314 0.0
0.0242221 -0.00194318 0.0
0.0240183 -0.00189099 0.0
0.0238161 -0.00183573 0.0
0.0236177 -0.00177828 0.0
0.0234235 -0.00172002 0.0
0.0232323 -0.00165988 0.0
0.0230446 -0.00159801 0.0
0.0228621 -0.00153641 0.0
0.0226842 -0.00147473 0.0
0.0225102 -0.00141217 0.0
0.0223409 -0.00135031 0.0
0.0221767 -0.00128977 0.0
0.0220172 -0.00122972 0.0
0.0218622 -0.00117055 0.0
0.0217116 -0.00111326 0.0
0.0215659 -0.0010576 0.0
0.0214249 -0.00100333 0.0
0.0212879 -0.000950939 0.0
0.0211552 -0.000900689 0.0
0.021027 -0.000852341 0.0
0.0209029 -0.000805936 0.0
0.0207825 -0.000761657 0.0
0.0206659 -0.000719507 0.0
0.0205534 -0.000679386 0.0
0.0204444 -0.000641309 0.0
0.0203387 -0.000605271 0.0
0.0202365 -0.000571241 0.0
0.0201378 -0.000539158 0.0
0.0200421 -0.000508958 0.0
0.0199493 -0.00048059 0.0
0.0198596 -0.000454021 0.0
0.0197727 -0.000429166 0.0
0.0196885 -0.000405933 0.0
0.0196069 -0.000384275 0.0
0.019528 -0.000364139 0.0
0.0194514 -0.000345421 0.0
0.0193771 -0.000328042 0.0
0.0193051 -0.000311953 0.0
0.0192353 -0.000297083 0.0
0.0191675 -0.000283336 0.0
0.0191017 -0.000270649 0.0
0.0190378 -0.00025897 0.0
0.0189758 -0.000248223 0.0
0.0189155 -0.000238332 0.0
0.0188568 -0.000229249 0.0
0.0187999 -0.00022092 0.0
0.0187445 -0.000213278 0.0
0.0186905 -0.000206271 0.0
0.018638 -0.000199858 0.0
0.018587 -0.00019399 0.0
0.0185372 -0.000188616 0.0
0.0184887 -0.0001837 0.0
0.0184414 -0.000179206 0.0
0.0183954 -0.000175095 0.0
0.0183504 -0.000171331 0.0
0.0183066 -0.000167886 0.0
0.0182638 -0.000164729 0.0
0.018222 -0.000161828 0.0
0.0181813 -0.000159159 0.0
0.0181414 -0.000156695 0.0
0.0181025 -0.000154412 0.0
0.0180645 -0.000152283 0.0
0.0180274 -0.000150288 0.0
0.0179911 -0.000148402 0.0
0.0179556 -0.000146604 0.0
0.0179209 -0.000144872 0.0
0.0178869 -0.000143186 0.0
0.0178537 -0.000141525 0.0
0.0178212 -0.000139869 0.0
0.0177895 -0.000138199 0.0
0.0177584 -0.000136498 0.0
0.017728 -0.000134748 0.0
0.0176983 -0.00013293 0.0
0.0176693 -0.000131032 0.0
0.0176409 -0.000129036 0.0
0.0176132 -0.000126931 0.0
0.0175861 -0.000124703 0.0
0.0175596 -0.000122342 0.0
0.0175338 -0.000119839 0.0
0.0175087 -0.000117185 0.0
0.0174841 -0.000114374 0.0
0.0174602 -0.000111402 0.0
0.017437 -0.000108266 0.0
0.0174144 -0.000104965 0.0
0.0173924 -0.0001015 0.0
0.0173711 -9.78746e-05 0.0
0.0173505 -9.40928e-05 0.0
0.0173305 -9.01616e-05 0.0
0.0173111 -8.60897e-05 0.0
0.0172924 -8.18876e-05 0.0
0.0172744 -7.75676e-05 0.0
0.017257 -7.31435e-05 0.0
0.0172403 -6.86309e-05 0.0
0.0172243 -6.40466e-05 0.0
0.0172089 -5.94087e-05 0.0
0.0171942 -5.47363e-05 0.0
0.0171802 -5.00492e-05 0.0
0.0171668 -4.53681e-05 0.0
0.017154 -4.07136e-05 0.0
0.0171419 -3.61068e-05 0.0
0.0171304 -3.15684e-05 0.0
0.0171195 -2.71188e-05 0.0
0.0171092 -2.27774e-05 0.0
0.0170995 -1.85632e-05 0.0
0.0170904 -1.44937e-05 0.0
0.0170818 -1.0585e-05 0.0
0.0170738 -6.85176e-06 0.0
0.0170663 -3.30704e-06 0.0
0.0170593 3.80142e-08 0.0
0.0170528 3.1744e-06 0.0
0.0170467 6.09483e-06 0.0
0.0170411 8.79397e-06 0.0
0.0170359 1.12683e-05 0.0
0.017031 1.3517e-05 0.0
0.0170266 1.55407e-05 0.0
0.0170225 1.73412e-05 0.0
0.0170187 1.89214e-05 0.0
0.0170152 2.0289e-05 0.0
0.017012 2.14503e-05 0.0
0.0170091 2.24103e-05 0.0
0.0170064 2.31794e-05 0.0
0.0170039 2.3772e-05 0.0
0.0170017 2.41916e-05 0.0
0.0169997 2.44507e-05 0.0
0.0169979 2.45641e-05 0.0
0.0169963 2.4547e-05 0.0
0.0169948 2.44052e-05 0.0
0.0169935 2.41983e-05 0.0
0.0169924 2.40865e-05 0.0
0.0 0.0 0.0
0.0 0.0 0.0
0.0193026 -0.000115552 0.0
0.0193292 -0.000324667 0.0
0.0193509 -0.00051489 0.0
0.0194625 -0.000649127 0.0
0.0195965 -0.000820481 0.0
0.0197191 -0.00101679 0.0
0.0198657 -0.0010819 0.0
0.0200364 -0.00116953 0.0
0.0202119 -0.00130534 0.0
0.02038 -0.0013566 0.0
0.0205349 -0.00136814 0.0
0.0207046 -0.00142065 0.0
0.0208701 -0.00144472 0.0
0.0210016 -0.00143174 0.0
0.0211248 -0.00141681 0.0
0.0212577 -0.0014069 0.0
0.0213653 -0.00137494 0.0
0.0214429 -0.00133562 0.0
0.0215227 -0.00129413 0.0
0.0215998 -0.00124928 0.0
0.0216487 -0.00119704 0.0
0.0216825 -0.00114427 0.0
0.0217194 -0.00108814 0.0
0.0217462 -0.00103075 0.0
0.0217536 -0.000972304 0.0
0.0217559 -0.000913604 0.0
0.0217583 -0.000852853 0.0
0.0217504 -0.000792768 0.0
0.0217325 -0.000732891 0.0
0.0217137 -0.000672462 0.0
0.0216929 -0.000611252 0.0
0.021665 -0.000550905 0.0
0.0216335 -0.000490376 0.0
0.0216021 -0.000428972 0.0
0.0215686 -0.000367076 0.0
0.0215318 -0.000305293 0.0
0.0214947 -0.000242361 0.0
0.0214583 -0.000177895 0.0
0.0214207 -0.000112528 0.0
0.021383 -4.59516e-05 0.0
0.021347 2.32618e-05 0.0
0.021312 9.48384e-05 0.0
0.0212776 0.000168212 0.0
0.0212459 0.000244921 0.0
0.0212174 0.000325941 0.0
0.0211904 0.000410055 0.0
0.0211668 0.000497812 0.0
0.0211489 0.00059164 0.0
0.0211349 0.000690819 0.0
0.0211242 0.000794382 0.0
0.0211213 0.000904457 0.0
0.0211269 0.00102237 0.0
0.0211373 0.00114649 0.0
0.021156 0.00127757 0.0
0.0211879 0.00141613 0.0
0.0212299 0.00156324 0.0
0.0212816 0.00171909 0.0
0.0213491 0.00188097 0.0
0.0214326 0.00204778 0.0
0.0215314 0.00222714 0.0
0.0216498 0.00241202 0.0
0.0217866 0.00259447 0.0
0.0219436 0.00278436 0.0
0.0221274 0.00298447 0.0
0.0223335 0.00317354 0.0
0.0225577 0.00335896 0.0
0.0228125 0.00355001 0.0
0.0230968 0.00373139 0.0
0.0233963 0.00389264 0.0
0.0237186 0.0040515 0.0
0.024075 0.00419662 0.0
0.0244455 0.00431598 0.0
0.0248271 0.00442236 0.0
0.0252356 0.00450811 0.0
0.0256589 0.00456396 0.0
0.0260808 0.00460777 0.0
0.026517 0.00462388 0.0
0.0269597 0.00459908 0.0
0.0273954 0.00457843 0.0
0.0278308 0.00452514 0.0
0.0282567 0.00442474 0.0
0.0286685 0.0043319 0.0
0.0290773 0.00422131 0.0
0.0294655 0.0040641 0.0
0.0298261 0.0039108 0.0
0.0301792 0.00374181 0.0
0.0305136 0.00355205 0.0
0.0308182 0.00336126 0.0
0.0310989 0.00314813 0.0
0.0313568 0.00292907 0.0
0.0315897 0.0027165 0.0
0.0318003 0.00249126 0.0
0.0319795 0.00225425 0.0
0.0321301 0.00203547 0.0
0.0322659 0.0018187 0.0
0.032382 0.00159636 0.0
0.0324708 0.00139214 0.0
0.0325449 0.00119735 0.0
0.032608 0.00100626 0.0
0.0326584 0.000829754 0.0
0.0326975 0.00066265 0.0
0.0327274 0.000503363 0.0
0.0327508 0.000353541 0.0
0.0327708 0.000213066 0.0
0.032785 7.65638e-05 0.0
0.0327924 -5.37942e-05 0.0
0.0327984 -0.00017588 0.0
0.0328026 -0.000297267 0.0
0.0327985 -0.000418133 0.0
0.0327895 -0.000532209 0.0
0.0327778 -0.000645853 0.0
0.0327585 -0.000759053 0.0
0.0327283 -0.000869437 0.0
0.0326909 -0.000975755 0.0
0.032648 -0.00107882 0.0
0.0325952 -0.00117593 0.0
0.0325341 -0.00126715 0.0
0.0324685 -0.00135548 0.0
0.0323972 -0.00143342 0.0
0.0323223 -0.00150522 0.0
0.0322431 -0.00157945 0.0
0.0321578 -0.00164366 0.0
0.0320708 -0.00170242 0.0
0.0319796 -0.00176379 0.0
0.03188 -0.0018215 0.0
0.0317761 -0.00187118 0.0
0.0316695 -0.00192063 0.0
0.0315539 -0.0019684 0.0
0.0314323 -0.00200958 0.0
0.0313078 -0.0020498 0.0
0.0311772 -0.00208419 0.0
0.0310404 -0.00211541 0.0
0.0308997 -0.00214676 0.0
0.0307543 -0.00217209 0.0
0.0306048 -0.00219161 0.0
0.030451 -0.00221306 0.0
0.0302922 -0.00223043 0.0
0.0301309 -0.00224202 0.0
0.0299665 -0.00225347 0.0
0.0297965 -0.00226252 0.0
0.0296235 -0.00226892 0.0
0.0294485 -0.00227405 0.0
0.0292693 -0.00227564 0.0
0.029086 -0.00227745 0.0
0.0288998 -0.00227873 0.0
0.0287109 -0.00227581 0.0
0.0285187 -0.00227284 0.0
0.0283225 -0.00227002 0.0
0.0281233 -0.00226405 0.0
0.0279221 -0.0022565 0.0
0.0277175 -0.00224895 0.0
0.0275096 -0.00223888 0.0
0.0272996 -0.00222711 0.0
0.0270875 -0.00221438 0.0
0.0268726 -0.00219975 0.0
0.0266556 -0.00218294 0.0
0.0264373 -0.00216487 0.0
0.026217 -0.00214532 0.0
0.025995 -0.00212309 0.0
0.0257721 -0.00209886 0.0
0.0255483 -0.00207334 0.0
0.0253235 -0.00204544 0.0
0.0250983 -0.00201448 0.0
0.024873 -0.00198147 0.0
0.024648 -0.00194675 0.0
0.0244238 -0.00190895 0.0
0.0242005 -0.00186805 0.0
0.0239785 -0.00182514 0.0
0.023759 -0.00178034 0.0
0.023542 -0.00173259 0.0
0.0233274 -0.00168218 0.0
0.0231163 -0.00163053 0.0
0.0229094 -0.00157763 0.0
0.0227063 -0.00152247 0.0
0.0225072 -0.00146589 0.0
0.022313 -0.00140965 0.0
0.0221241 -0.00135282 0.0
0.0219397 -0.00129482 0.0
0.0217602 -0.00123752 0.0
0.0215863 -0.00118139 0.0
0.0214177 -0.00112522 0.0
0.021254 -0.0010697 0.0
0.0210953 -0.00101603 0.0
0.020942 -0.00096371 0.0
0.0207939 -0.000912355 0.0
0.0206504 -0.000862802 0.0
0.0205116 -0.000815296 0.0
0.0203779 -0.000769403 0.0
0.0202488 -0.000725216 0.0
0.0201239 -0.000683133 0.0
0.0200033 -0.000643042 0.0
0.0198872 -0.000604778 0.0
0.019775 -0.000568448 0.0
0.0196665 -0.000534127 0.0
0.0195619 -0.00050169 0.0
0.0194611 -0.000471085 0.0
0.0193637 -0.000442311 0.0
0.0192695 -0.000415328 0.0
0.0191787 -0.000390057 0.0
0.019091 -0.000366441 0.0
0.0190061 -0.000344417 0.0
0.0189241 -0.00032393 0.0
0.0188449 -0.00030491 0.0
0.0187683 -0.00028728 0.0
0.0186941 -0.000270966 0.0
0.0186223 -0.000255914 0.0
0.0185528 -0.000242051 0.0
0.0184855 -0.000229293 0.0
0.0184202 -0.000217578 0.0
0.018357 -0.000206852 0.0
0.0182957 -0.000197039 0.0
0.0182361 -0.00018807 0.0
0.0181783 -0.000179894 0.0
0.0181222 -0.000172457 0.0
0.0180676 -0.000165695 0.0
0.0180145 -0.000159555 0.0
0.0179629 -0.000153995 0.0
0.0179126 -0.000148967 0.0
0.0178637 -0.000144422 0.0
0.017816 -0.000140322 0.0
0.0177696 -0.000136632 0.0
0.0177243 -0.000133313 0.0
0.0176801 -0.000130328 0.0
0.017637 -0.000127651 0.0
0.0175949 -0.000125252 0.0
0.0175538 -0.000123099 0.0
0.0175137 -0.000121168 0.0
0.0174744 -0.000119434 0.0
0.017436 -0.000117872 0.0
0.0173985 -0.000116459 0.0
0.0173618 -0.000115172 0.0
0.0173259 -0.000113992 0.0
0.0172908 -0.000112897 0.0
0.0172564 -0.000111865 0.0
0.0172227 -0.000110879 0.0
0.0171897 -0.000109918 0.0
0.0171574 -0.000108965 0.0
0.0171257 -0.000108001 0.0
0.0170948 -0.000107009 0.0
0.0170644 -0.000105973 0.0
0.0170347 -0.000104877 0.0
0.0170056 -0.000103706 0.0
0.0169771 -0.000102445 0.0
0.0169493 -0.000101082 0.0
0.016922 -9.96048e-05 0.0
0.0168953 -9.80023e-05 0.0
0.0168693 -9.6265e-05 0.0
0.0168438 -9.43846e-05 0.0
0.016819 -9.23543e-05 0.0
0.0167947 -9.01689e-05 0.0
0.0167711 -8.78247e-05 0.0
0.0167481 -8.53195e-05 0.0
0.0167257 -8.2653e-05 0.0
0.0167039 -7.98266e-05 0.0
0.0166827 -7.68434e-05 0.0
0.0166622 -7.37082e-05 0.0
0.0166423 -7.04277e-05 0.0
0.0166231 -6.70103e-05 0.0
0.0166045 -6.3466e-05 0.0
0.0165866 -5.98065e-05 0.0
0.0165693 -5.60448e-05 0.0
0.0165527 -5.21957e-05 0.0
0.0165368 -4.82747e-05 0.0
0.0165215 -4.42989e-05 0.0
0.0165069 -4.02861e-05 0.0
0.0164929 -3.62548e-05 0.0
0.0164796 -3.22239e-05 0.0
0.0164669 -2.82129e-05 0.0
0.0164548 -2.42411e-05 0.0
0.0164434 -2.03275e-05 0.0
0.0164327 -1.64909e-05 0.0
0.0164225 -1.27496e-05 0.0
0.0164129 -9.12065e-06 0.0
0.0164039 -5.61997e-06 0.0
0.0163954 -2.26256e-06 0.0
0.0163875 9.37892e-07 0.0
0.0163802 3.96995e-06 0.0
0.0163733 6.82335e-06 0.0
0.0163669 9.48934e-06 0.0
0.016361 1.19614e-05 0.0
0.0163554 1.42351e-05 0.0
0.0163504 1.63065e-05 0.0
0.0163457 1.81748e-05 0.0
0.0163413 1.98405e-05 0.0
0.0163373 2.13045e-05 0.0
0.0163337 2.257e-05 0.0
0.0163303 2.36433e-05 0.0
0.0163273 2.45276e-05 0.0
0.0163245 2.52293e-05 0.0
0.0163219 2.57581e-05 0.0
0.0163196 2.61229e-05 0.0
0.0163175 2.63266e-05 0.0
0.0163155 2.63856e-05 0.0
0.0163138 2.63083e-05 0.0
0.0163123 2.61088e-05 0.0
0.016311 2.58005e-05 0.0
0.0163097 2.54522e-05 0.0
0.0163086 2.52737e-05 0.0
0.0 0.0 0.0
0.0 0.0 0.0
0.0192488 -0.000185657 0.0
0.0193076 -0.000329217 0.0
0.0193768 -0.000563307 0.0
0.0195191 -0.000849612 0.0
0.0196932 -0.000959287 0.0
0.0198278 -0.00109993 0.0
0.0199972 -0.00129585 0.0
0.0202213 -0.00138403 0.0
0.0204094 -0.00144554 0.0
0.0205852 -0.00152951 0.0
0.020772 -0.00156293 0.0
0.020944 -0.00157963 0.0
0.0210978 -0.00158163 0.0
0.0212394 -0.00156961 0.0
0.0213543 -0.00154083 0.0
0.0214523 -0.00150942 0.0
0.0215442 -0.00146056 0.0
0.0216134 -0.00140825 0.0
0.0216558 -0.00135452 0.0
0.0216918 -0.00129573 0.0
0.0217217 -0.00122785 0.0
0.0217302 -0.00116447 0.0
0.0217235 -0.00110108 0.0
0.0217154 -0.00103309 0.0
0.0217001 -0.000963743 0.0
0.0216708 -0.000899517 0.0
0.0216355 -0.000834124 0.0
0.0215997 -0.000766622 0.0
0.021558 -0.000701096 0.0
0.0215093 -0.000638426 0.0
0.0214596 -0.000574181 0.0
0.0214095 -0.000509758 0.0
0.0213559 -0.000447353 0.0
0.0213004 -0.000385483 0.0
0.021246 -0.00032214 0.0
0.0211917 -0.000259106 0.0
0.0211366 -0.000196684 0.0
0.0210827 -0.000133021 0.0
0.0210311 -6.77763e-05 0.0
0.0209804 -2.2051e-06 0.0
0.0209313 6.46758e-05 0.0
0.0208858 0.000134313 0.0
0.0208431 0.000205974 0.0
0.0208027 0.000279405 0.0
0.0207668 0.000356418 0.0
0.0207363 0.000437376 0.0
0.0207091 0.000521164 0.0
0.0206866 0.000609144 0.0
0.0206724 0.000702614 0.0
0.0206644 0.000800684 0.0
0.0206612 0.000903621 0.0
0.0206676 0.00101314 0.0
0.0206855 0.00112816 0.0
0.0207105 0.00124963 0.0
0.020745 0.00137859 0.0
0.0207949 0.00151264 0.0
0.0208581 0.0016523 0.0
0.0209328 0.0018026 0.0
0.0210239 0.00195649 0.0
0.0211337 0.00211137 0.0
0.0212616 0.00227645 0.0
0.0214077 0.0024486 0.0
0.0215735 0.00261294 0.0
0.0217624 0.00278056 0.0
0.0219754 0.00295637 0.0
0.0222081 0.00312382 0.0
0.0224628 0.00327776 0.0
0.0227443 0.00343576 0.0
0.0230485 0.00358715 0.0
0.0233699 0.00371623 0.0
0.0237136 0.003833 0.0
0.0240792 0.00394494 0.0
0.0244602 0.0040337 0.0
0.0248528 0.0040973 0.0
0.0252592 0.00414937 0.0
0.0256791 0.00418269 0.0
0.0261047 0.00418823 0.0
0.026526 0.00417352 0.0
0.0269556 0.00414497 0.0
0.0273908 0.00408555 0.0
0.0278091 0.00401648 0.0
0.0282188 0.00392647 0.0
0.02863 0.00380791 0.0
0.0290247 0.00368692 0.0
0.0293996 0.00355656 0.0
0.0297598 0.00338978 0.0
0.0301019 0.00322447 0.0
0.0304305 0.00305805 0.0
0.0307352 0.00286909 0.0
0.0310117 0.00267451 0.0
0.0312733 0.00247693 0.0
0.0315176 0.00227652 0.0
0.0317294 0.00207572 0.0
0.0319187 0.0018737 0.0
0.0320929 0.00166797 0.0
0.0322439 0.0014787 0.0
0.032372 0.0012933 0.0
0.0324847 0.00110586 0.0
0.0325832 0.000933084 0.0
0.032667 0.000771355 0.0
0.0327355 0.000612445 0.0
0.0327936 0.00046244 0.0
0.0328444 0.000321032 0.0
0.0328851 0.000186504 0.0
0.032915 5.82101e-05 0.0
0.0329381 -6.59882e-05 0.0
0.0329559 -0.000185981 0.0
0.0329664 -0.000300046 0.0
0.0329665 -0.00041174 0.0
0.0329596 -0.000521734 0.0
0.032947 -0.000630032 0.0
0.0329248 -0.000733652 0.0
0.0328921 -0.000833426 0.0
0.0328513 -0.000933298 0.0
0.0328012 -0.00102904 0.0
0.0327423 -0.00111564 0.0
0.0326749 -0.0012003 0.0
0.0325979 -0.00128071 0.0
0.032515 -0.00135329 0.0
0.0324269 -0.00142282 0.0
0.0323295 -0.00148567 0.0
0.0322259 -0.00154553 0.0
0.0321188 -0.00160491 0.0
0.0320048 -0.00165603 0.0
0.0318824 -0.00170417 0.0
0.0317545 -0.00175369 0.0
0.031622 -0.00179847 0.0
0.0314829 -0.00183528 0.0
0.0313372 -0.00187274 0.0
0.031185 -0.00190943 0.0
0.0310289 -0.00193785 0.0
0.0308687 -0.00196421 0.0
0.0307007 -0.001989 0.0
0.0305273 -0.0020103 0.0
0.030352 -0.00202793 0.0
0.0301715 -0.00204261 0.0
0.0299848 -0.00205411 0.0
0.0297953 -0.00206545 0.0
0.0296025 -0.00207276 0.0
0.0294059 -0.00207586 0.0
0.0292059 -0.0020805 0.0
0.0290021 -0.00208289 0.0
0.0287961 -0.00208083 0.0
0.0285877 -0.00207939 0.0
0.0283751 -0.0020772 0.0
0.0281598 -0.00207218 0.0
0.027943 -0.0020663 0.0
0.0277228 -0.00205954 0.0
0.0274997 -0.00205131 0.0
0.0272749 -0.00204188 0.0
0.0270478 -0.00203088 0.0
0.0268185 -0.00201867 0.0
0.0265875 -0.00200545 0.0
0.0263548 -0.00199012 0.0
0.0261207 -0.00197365 0.0
0.0258855 -0.00195607 0.0
0.0256493 -0.00193636 0.0
0.025412 -0.00191492 0.0
0.0251742 -0.00189254 0.0
0.0249364 -0.00186811 0.0
0.0246985 -0.00184128 0.0
0.0244604 -0.00181312 0.0
0.0242229 -0.00178326 0.0
0.0239868 -0.00175077 0.0
0.0237517 -0.00171618 0.0
0.0235176 -0.00167993 0.0
0.0232858 -0.00164139 0.0
0.023057 -0.0016005 0.0
0.0228306 -0.00155784 0.0
0.0226068 -0.00151326 0.0
0.0223872 -0.00146681 0.0
0.0221721 -0.00141898 0.0
0.0219606 -0.00136973 0.0
0.0217534 -0.00131911 0.0
0.021552 -0.00126804 0.0
0.0213557 -0.00121653 0.0
0.0211641 -0.00116413 0.0
0.0209779 -0.00111196 0.0
0.020798 -0.00106053 0.0
0.0206234 -0.00100911 0.0
0.020454 -0.000958156 0.0
0.0202903 -0.000908672 0.0
0.0201325 -0.000860272 0.0
0.0199801 -0.000812724 0.0
0.0198327 -0.000766737 0.0
0.0196908 -0.000722544 0.0
0.0195543 -0.000679749 0.0
0.0194226 -0.000638518 0.0
0.0192956 -0.000599198 0.0
0.0191735 -0.000561692 0.0
0.0190561 -0.000525847 0.0
0.018943 -0.000491817 0.0
0.018834 -0.000459651 0.0
0.0187293 -0.000429244 0.0
0.0186286 -0.000400551 0.0
0.0185315 -0.000373594 0.0
0.018438 -0.000348324 0.0
0.0183481 -0.00032468 0.0
0.0182615 -0.000302608 0.0
0.0181779 -0.000282055 0.0
0.0180974 -0.000262967 0.0
0.0180199 -0.000245289 0.0
0.017945 -0.00022894 0.0
0.0178727 -0.000213855 0.0
0.017803 -0.000199986 0.0
0.0177356 -0.000187263 0.0
0.0176705 -0.000175603 0.0
0.0176075 -0.000164951 0.0
0.0175465 -0.000155255 0.0
0.0174875 -0.000146441 0.0
0.0174303 -0.000138442 0.0
0.0173748 -0.000131211 0.0
0.017321 -0.000124695 0.0
0.0172687 -0.000118829 0.0
0.0172179 -0.000113563 0.0
0.0171686 -0.000108858 0.0
0.0171206 -0.000104665 0.0
0.0170738 -0.000100935 0.0
0.0170283 -9.76329e-05 0.0
0.016984 -9.47239e-05 0.0
0.0169407 -9.21682e-05 0.0
0.0168985 -8.99318e-05 0.0
0.0168574 -8.7988e-05 0.0
0.0168171 -8.63077e-05 0.0
0.0167778 -8.48607e-05 0.0
0.0167394 -8.36226e-05 0.0
0.0167018 -8.25713e-05 0.0
0.016665 -8.16824e-05 0.0
0.016629 -8.09328e-05 0.0
0.0165938 -8.03032e-05 0.0
0.0165592 -7.97738e-05 0.0
0.0165254 -7.9324e-05 0.0
0.0164922 -7.89351e-05 0.0
0.0164597 -7.85897e-05 0.0
0.0164278 -7.827e-05 0.0
0.0163965 -7.79584e-05 0.0
0.0163658 -7.76386e-05 0.0
0.0163357 -7.7295e-05 0.0
0.0163062 -7.6912e-05 0.0
0.0162772 -7.64745e-05 0.0
0.0162488 -7.59691e-05 0.0
0.0162209 -7.53823e-05 0.0
0.0161936 -7.47016e-05 0.0
0.0161668 -7.39156e-05 0.0
0.0161406 -7.30138e-05 0.0
0.0161149 -7.19868e-05 0.0
0.0160898 -7.08261e-05 0.0
0.0160652 -6.95248e-05 0.0
0.0160411 -6.80773e-05 0.0
0.0160176 -6.6479e-05 0.0
0.0159947 -6.4727e-05 0.0
0.0159724 -6.28199e-05 0.0
0.0159506 -6.07577e-05 0.0
0.0159295 -5.85421e-05 0.0
0.0159089 -5.61763e-05 0.0
0.0158889 -5.36651e-05 0.0
0.0158696 -5.1015e-05 0.0
0.0158508 -4.8234e-05 0.0
0.0158327 -4.53313e-05 0.0
0.0158153 -4.23181e-05 0.0
0.0157984 -3.92065e-05 0.0
0.0157822 -3.601e-05 0.0
0.0157666 -3.27433e-05 0.0
0.0157517 -2.94219e-05 0.0
0.0157375 -2.60622e-05 0.0
0.0157239 -2.26811e-05 0.0
0.0157109 -1.92961e-05 0.0
0.0156985 -1.59248e-05 0.0
0.0156868 -1.25848e-05 0.0
0.0156757 -9.29358e-06 0.0
0.0156652 -6.06807e-06 0.0
0.0156554 -2.92483e-06 0.0
0.0156461 1.20868e-07 0.0
0.0156373 3.05433e-06 0.0
0.0156292 5.86202e-06 0.0
0.0156215 8.53185e-06 0.0
0.0156144 1.10535e-05 0.0
0.0156078 1.34173e-05 0.0
0.0156016 1.56158e-05 0.0
0.0155959 1.76429e-05 0.0
0.0155906 1.94944e-05 0.0
0.0155858 2.11672e-05 0.0
0.0155813 2.26598e-05 0.0
0.0155772 2.39717e-05 0.0
0.0155733 2.51054e-05 0.0
0.0155699 2.60631e-05 0.0
0.0155667 2.68466e-05 0.0
0.0155638 2.74602e-05 0.0
0.0155611 2.7914e-05 0.0
0.0155587 2.8209e-05 0.0
0.0155565 2.8349e-05 0.0
0.0155545 2.8348e-05 0.0
0.0155527 2.82176e-05 0.0
0.0155511 2.79524e-05 0.0
0.0155496 2.75771e-05 0.0
0.0155484 2.71176e-05 0.0
0.0155472 2.66426e-05 0.0
0.0155462 2.6402e-05 0.0
0.0 0.0 0.0
0.0 0.0 0.0
0.0192329 -0.000178293 0.0
0.0193247 -0.000455907 0.0
0.019479 -0.000691899 0.0
0.0195801 -0.000964311 0.0
0.0197189 -0.00116805 0.0
0.019968 -0.00128419 0.0
0.0202072 -0.00148709 0.0
0.0204136 -0.00162338 0.0
0.0206102 -0.00163309 0.0
0.020828 -0.00170714 0.0
0.0210407 -0.00175887 0.0
0.0211954 -0.00174217 0.0
0.0213159 -0.00170759 0.0
0.0214509 -0.00169232 0.0
0.0215607 -0.00164345 0.0
0.0216116 -0.00158002 0.0
0.0216489 -0.0015173 0.0
0.0216945 -0.00145279 0.0
0.0217089 -0.00137508 0.0
0.021688 -0.00130127 0.0
0.0216677 -0.00122683 0.0
0.021647 -0.00114955 0.0
0.0216026 -0.00107167 0.0
0.0215442 -0.000998849 0.0
0.0214896 -0.000924576 0.0
0.0214306 -0.000850473 0.0
0.0213588 -0.000779358 0.0
0.0212845 -0.000710996 0.0
0.021213 -0.000641838 0.0
0.0211376 -0.000574412 0.0
0.0210578 -0.000509568 0.0
0.0209801 -0.000445605 0.0
0.0209042 -0.000381432 0.0
0.0208268 -0.000318902 0.0
0.0207502 -0.000257446 0.0
0.0206769 -0.000195566 0.0
0.0206056 -0.000133495 0.0
0.0205356 -7.20636e-05 0.0
0.0204689 -9.91133e-06 0.0
0.0204063 5.37054e-05 0.0
0.0203465 0.000117943 0.0
0.0202903 0.000183218 0.0
0.0202396 0.000251082 0.0
0.0201933 0.000321148 0.0
0.0201513 0.000392845 0.0
0.0201157 0.00046789 0.0
0.0200871 0.000546895 0.0
0.0200637 0.000628779 0.0
0.0200474 0.000714259 0.0
0.0200408 0.000805047 0.0
0.0200422 0.000900358 0.0
0.0200511 0.00100018 0.0
0.0200716 0.00110521 0.0
0.0201041 0.00121581 0.0
0.0201469 0.00133231 0.0
0.0202023 0.00145461 0.0
0.0202728 0.00158025 0.0
0.020358 0.00171244 0.0
0.0204594 0.00185177 0.0
0.0205776 0.00199231 0.0
0.0207127 0.00213409 0.0
0.0208692 0.00228455 0.0
0.0210467 0.00243481 0.0
0.0212404 0.00258 0.0
0.0214566 0.00272731 0.0
0.0216997 0.00287579 0.0
0.0219603 0.00301299 0.0
0.0222376 0.00314412 0.0
0.0225432 0.00327064 0.0
0.0228695 0.00338474 0.0
0.0232067 0.00348548 0.0
0.0235642 0.00357462 0.0
0.0239435 0.00364554 0.0
0.0243297 0.00370365 0.0
0.0247265 0.00374659 0.0
0.025137 0.00376085 0.0
0.0255521 0.00376581 0.0
0.0259703 0.00375889 0.0
0.0263912 0.00371769 0.0
0.0268067 0.0036622 0.0
0.0272234 0.00360724 0.0
0.027637 0.00351609 0.0
0.0280325 0.00341243 0.0
0.0284212 0.00330569 0.0
0.0288069 0.00317651 0.0
0.0291728 0.00303754 0.0
0.0295192 0.00289342 0.0
0.0298541 0.00272915 0.0
0.0301717 0.00256696 0.0
0.0304705 0.00240038 0.0
0.030746 0.00221788 0.0
0.0309983 0.00203807 0.0
0.0312347 0.00186247 0.0
0.0314529 0.00167955 0.0
0.0316421 0.00149884 0.0
0.031812 0.00132836 0.0
0.0319697 0.0011553 0.0
0.0321072 0.000990828 0.0
0.0322238 0.000835415 0.0
0.0323272 0.00068256 0.0
0.0324183 0.000537117 0.0
0.0324957 0.000401691 0.0
0.0325591 0.000270351 0.0
0.0326106 0.000143638 0.0
0.0326537 2.4907e-05 0.0
0.0326875 -8.86372e-05 0.0
0.032708 -0.000200547 0.0
0.0327184 -0.000307147 0.0
0.0327224 -0.000409524 0.0
0.0327161 -0.000510166 0.0
0.0326959 -0.000607844 0.0
0.0326663 -0.000702184 0.0
0.0326288 -0.000794272 0.0
0.0325793 -0.000881733 0.0
0.0325169 -0.00096557 0.0
0.0324459 -0.00104667 0.0
0.0323665 -0.00112286 0.0
0.032277 -0.00119117 0.0
0.0321787 -0.00125869 0.0
0.032072 -0.00132221 0.0
0.0319591 -0.00137706 0.0
0.0318399 -0.00143083 0.0
0.0317109 -0.00148281 0.0
0.0315749 -0.00152809 0.0
0.0314353 -0.00157102 0.0
0.0312872 -0.00161206 0.0
0.0311298 -0.00164875 0.0
0.0309678 -0.00168281 0.0
0.0308008 -0.00171414 0.0
0.0306256 -0.0017405 0.0
0.0304443 -0.00176596 0.0
0.0302582 -0.00178922 0.0
0.0300673 -0.00180594 0.0
0.0298713 -0.00182205 0.0
0.0296697 -0.00183714 0.0
0.0294642 -0.00184714 0.0
0.0292561 -0.00185448 0.0
0.0290432 -0.0018614 0.0
0.0288259 -0.00186524 0.0
0.0286067 -0.00186718 0.0
0.0283846 -0.00186689 0.0
0.0281587 -0.00186488 0.0
0.0279303 -0.00186298 0.0
0.0276998 -0.00185826 0.0
0.0274671 -0.00185143 0.0
0.0272317 -0.00184553 0.0
0.0269941 -0.00183789 0.0
0.0267552 -0.00182774 0.0
0.0265147 -0.00181777 0.0
0.0262719 -0.0018069 0.0
0.0260279 -0.0017939 0.0
0.0257833 -0.00178019 0.0
0.0255372 -0.00176564 0.0
0.0252901 -0.00174935 0.0
0.0250428 -0.0017319 0.0
0.0247951 -0.00171345 0.0
0.0245469 -0.00169352 0.0
0.024299 -0.0016719 0.0
0.0240517 -0.0016492 0.0
0.0238045 -0.00162513 0.0
0.0235582 -0.00159915 0.0
0.0233133 -0.00157149 0.0
0.0230697 -0.00154262 0.0
0.0228276 -0.00151197 0.0
0.0225877 -0.00147914 0.0
0.0223503 -0.00144474 0.0
0.0221156 -0.00140903 0.0
0.021884 -0.00137134 0.0
0.0216559 -0.00133163 0.0
0.0214318 -0.0012908 0.0
0.021212 -0.00124892 0.0
0.0209965 -0.00120528 0.0
0.0207857 -0.00116037 0.0
0.0205805 -0.00111532 0.0
0.0203806 -0.00106967 0.0
0.0201858 -0.00102289 0.0
0.0199969 -0.000976258 0.0
0.019814 -0.000930372 0.0
0.0196369 -0.000884202 0.0
0.0194654 -0.000838194 0.0
0.0193 -0.000793561 0.0
0.0191407 -0.000749859 0.0
0.018987 -0.000706616 0.0
0.0188388 -0.000664742 0.0
0.0186964 -0.000624551 0.0
0.0185596 -0.00058549 0.0
0.0184281 -0.000547691 0.0
0.0183016 -0.0005117 0.0
0.0181803 -0.000477358 0.0
0.018064 -0.000444424 0.0
0.0179523 -0.000413122 0.0
0.0178449 -0.000383595 0.0
0.0177421 -0.000355651 0.0
0.0176436 -0.000329238 0.0
0.0175488 -0.000304447 0.0
0.0174579 -0.000281252 0.0
0.0173708 -0.000259535 0.0
0.0172872 -0.000239269 0.0
0.0172067 -0.000220442 0.0
0.0171294 -0.000202994 0.0
0.0170553 -0.000186847 0.0
0.0169839 -0.000171951 0.0
0.0169151 -0.000158256 0.0
0.016849 -0.000145706 0.0
0.0167853 -0.000134228 0.0
0.0167238 -0.000123761 0.0
0.0166645 -0.000114251 0.0
0.0166072 -0.000105645 0.0
0.0165519 -9.78724e-05 0.0
0.0164984 -9.08752e-05 0.0
0.0164466 -8.46086e-05 0.0
0.0163964 -7.90184e-05 0.0
0.0163478 -7.40438e-05 0.0
0.0163005 -6.96408e-05 0.0
0.0162547 -6.57693e-05 0.0
0.0162101 -6.23811e-05 0.0
0.0161667 -5.94305e-05 0.0
0.0161245 -5.68846e-05 0.0
0.0160834 -5.47089e-05 0.0
0.0160433 -5.28648e-05 0.0
0.0160041 -5.13206e-05 0.0
0.0159659 -5.00507e-05 0.0
0.0159285 -4.90266e-05 0.0
0.015892 -4.82196e-05 0.0
0.0158563 -4.76071e-05 0.0
0.0158213 -4.71682e-05 0.0
0.015787 -4.68794e-05 0.0
0.0157534 -4.67196e-05 0.0
0.0157205 -4.66709e-05 0.0
0.0156881 -4.67149e-05 0.0
0.0156564 -4.68325e-05 0.0
0.0156253 -4.70068e-05 0.0
0.0155947 -4.7222e-05 0.0
0.0155647 -4.74618e-05 0.0
0.0155351 -4.771e-05 0.0
0.0155061 -4.79522e-05 0.0
0.0154776 -4.81742e-05 0.0
0.0154495 -4.83615e-05 0.0
0.015422 -4.85006e-05 0.0
0.0153949 -4.85791e-05 0.0
0.0153683 -4.85848e-05 0.0
0.0153421 -4.85059e-05 0.0
0.0153164 -4.83318e-05 0.0
0.0152912 -4.80528e-05 0.0
0.0152665 -4.76598e-05 0.0
0.0152422 -4.71447e-05 0.0
0.0152184 -4.65004e-05 0.0
0.0151951 -4.57212e-05 0.0
0.0151723 -4.48022e-05 0.0
0.01515 -4.37399e-05 0.0
0.0151282 -4.25321e-05 0.0
0.0151069 -4.11778e-05 0.0
0.0150861 -3.96774e-05 0.0
0.0150659 -3.80328e-05 0.0
0.0150463 -3.62472e-05 0.0
0.0150272 -3.43254e-05 0.0
0.0150087 -3.22732e-05 0.0
0.0149907 -3.00982e-05 0.0
0.0149734 -2.78091e-05 0.0
0.0149566 -2.5416e-05 0.0
0.0149405 -2.29301e-05 0.0
0.014925 -2.03636e-05 0.0
0.0149101 -1.77298e-05 0.0
0.0148958 -1.5043e-05 0.0
0.0148821 -1.23177e-05 0.0
0.0148691 -9.56936e-06 0.0
0.0148566 -6.81367e-06 0.0
0.0148448 -4.06638e-06 0.0
0.0148336 -1.34313e-06 0.0
0.014823 1.3402e-06 0.0
0.014813 3.96855e-06 0.0
0.0148036 6.5275e-06 0.0
0.0147947 9.00316e-06 0.0
0.0147864 1.13822e-05 0.0
0.0147786 1.36531e-05 0.0
0.0147714 1.58054e-05 0.0
0.0147646 1.7829e-05 0.0
0.0147583 1.97157e-05 0.0
0.0147525 2.14596e-05 0.0
0.0147471 2.30546e-05 0.0
0.0147421 2.44964e-05 0.0
0.0147375 2.57828e-05 0.0
0.0147333 2.69128e-05 0.0
0.0147294 2.78847e-05 0.0
0.0147258 2.87003e-05 0.0
0.0147226 2.93614e-05 0.0
0.0147196 2.98697e-05 0.0
0.0147169 3.02283e-05 0.0
0.0147144 3.04428e-05 0.0
0.0147121 3.05138e-05 0.0
0.01471 3.04488e-05 0.0
0.0147082 3.02541e-05 0.0
0.0147065 2.99345e-05 0.0
0.014705 2.94968e-05 0.0
0.0147036 2.89639e-05 0.0
0.0147025 2.83543e-05 0.0
0.0147013 2.77612e-05 0.0
0.0147004 2.74738e-05 0.0
0.0 0.0 0.0
0.0 0.0 0.0
0.0192689 -0.0001633 0.0
0.0193266 -0.000620964 0.0
0.0194956 -0.000892798 0.0
0.0196955 -0.001028 0.0
0.0199018 -0.00138426 0.0
0.0201903 -0.00163464 0.0
0.0204397 -0.001666 0.0
0.0206598 -0.00180761 0.0
0.0209146 -0.00190206 0.0
0.0211312 -0.00192082 0.0
0.0212872 -0.00189959 0.0
0.0214377 -0.00188225 0.0
0.0215523 -0.00183419 0.0
0.0216074 -0.0017755 0.0
0.0216488 -0.0016945 0.0
0.0216822 -0.00161299 0.0
0.0216688 -0.0015298 0.0
0.0216251 -0.0014455 0.0
0.0215859 -0.00134925 0.0
0.0215344 -0.00125994 0.0
0.021453 -0.00117559 0.0
0.0213642 -0.00108973 0.0
0.0212806 -0.00100094 0.0
0.0211862 -0.000920707 0.0
0.0210793 -0.000843754 0.0
0.0209748 -0.00076583 0.0
0.020873 -0.000689848 0.0
0.0207651 -0.000620101 0.0
0.0206555 -0.000551454 0.0
0.0205505 -0.000483054 0.0
0.0204471 -0.000417691 0.0
0.0203426 -0.000355533 0.0
0.0202413 -0.000293382 0.0
0.0201446 -0.000232046 0.0
0.02005 -0.000172821 0.0
0.0199579 -0.000114414 0.0
0.0198708 -5.54176e-05 0.0
0.0197883 3.09833e-06 0.0
0.0197091 6.11058e-05 0.0
0.019635 0.000120095 0.0
0.0195669 0.000180285 0.0
0.0195033 0.000240927 0.0
0.0194452 0.000302905 0.0
0.0193943 0.000367317 0.0
0.0193496 0.000433596 0.0
0.0193107 0.000501843 0.0
0.0192802 0.000573251 0.0
0.0192585 0.000647985 0.0
0.0192435 0.000725713 0.0
0.0192373 0.00080736 0.0
0.0192429 0.000892837 0.0
0.0192581 0.000982505 0.0
0.0192825 0.00107728 0.0
0.0193202 0.00117612 0.0
0.0193721 0.00127809 0.0
0.0194356 0.00138706 0.0
0.0195132 0.00150098 0.0
0.0196077 0.00161529 0.0
0.0197185 0.00173456 0.0
0.0198459 0.00186227 0.0
0.0199912 0.0019875 0.0
0.0201553 0.00211143 0.0
0.0203399 0.00224307 0.0
0.0205445 0.0023749 0.0
0.0207676 0.00249622 0.0
0.0210117 0.0026187 0.0
0.0212788 0.00274276 0.0
0.0215638 0.0028541 0.0
0.0218664 0.00295381 0.0
0.0221899 0.00305273 0.0
0.0225323 0.0031398 0.0
0.0228871 0.00320821 0.0
0.0232557 0.00326699 0.0
0.0236399 0.00331469 0.0
0.0240352 0.00334364 0.0
0.0244335 0.0033558 0.0
0.0248387 0.00335618 0.0
0.0252539 0.00333674 0.0
0.0256665 0.00330358 0.0
0.0260733 0.00325776 0.0
0.0264837 0.0031902 0.0
0.0268897 0.00311009 0.0
0.0272834 0.00302867 0.0
0.0276699 0.00292081 0.0
0.0280453 0.00280054 0.0
0.0284086 0.00268449 0.0
0.0287598 0.00255239 0.0
0.0290915 0.00240516 0.0
0.0294065 0.00226015 0.0
0.0297099 0.00210829 0.0
0.0299912 0.00195183 0.0
0.0302509 0.00179261 0.0
0.0304947 0.00162935 0.0
0.0307187 0.00147039 0.0
0.0309204 0.00131565 0.0
0.0311047 0.00115663 0.0
0.0312701 0.00100284 0.0
0.0314163 0.000860863 0.0
0.0315459 0.000717927 0.0
0.0316594 0.000580025 0.0
0.0317572 0.000451712 0.0
0.0318403 0.000328154 0.0
0.0319091 0.000208965 0.0
0.0319653 9.61483e-05 0.0
0.032009 -1.22976e-05 0.0
0.03204 -0.000115727 0.0
0.0320589 -0.000214729 0.0
0.0320665 -0.000310841 0.0
0.0320627 -0.000404181 0.0
0.0320469 -0.000493283 0.0
0.0320195 -0.00057894 0.0
0.0319812 -0.000662884 0.0
0.0319306 -0.000744672 0.0
0.0318684 -0.00082057 0.0
0.031796 -0.000893546 0.0
0.031712 -0.000964248 0.0
0.0316166 -0.00102994 0.0
0.0315125 -0.00109085 0.0
0.0313987 -0.00114843 0.0
0.0312746 -0.00120085 0.0
0.0311429 -0.00125181 0.0
0.0310033 -0.00129772 0.0
0.030855 -0.00133799 0.0
0.0306991 -0.00137858 0.0
0.0305362 -0.0014166 0.0
0.0303661 -0.00144768 0.0
0.0301893 -0.00147721 0.0
0.0300053 -0.00150715 0.0
0.0298151 -0.00153153 0.0
0.02962 -0.00155169 0.0
0.0294187 -0.00157172 0.0
0.0292109 -0.00158887 0.0
0.0289995 -0.00160234 0.0
0.0287838 -0.00161366 0.0
0.0285624 -0.0016222 0.0
0.0283372 -0.00162952 0.0
0.0281092 -0.00163472 0.0
0.0278774 -0.00163611 0.0
0.0276424 -0.00163663 0.0
0.0274046 -0.00163713 0.0
0.0271643 -0.00163376 0.0
0.0269224 -0.00162899 0.0
0.026678 -0.00162468 0.0
0.0264312 -0.00161811 0.0
0.0261837 -0.00161005 0.0
0.0259347 -0.00160158 0.0
0.0256838 -0.00159201 0.0
0.0254319 -0.00158147 0.0
0.0251794 -0.00156992 0.0
0.0249259 -0.00155727 0.0
0.0246718 -0.0015441 0.0
0.0244174 -0.00152973 0.0
0.0241627 -0.00151409 0.0
0.0239082 -0.00149797 0.0
0.0236539 -0.00148065 0.0
0.0233999 -0.0014618 0.0
0.0231467 -0.00144237 0.0
0.0228945 -0.00142191 0.0
0.0226433 -0.00139966 0.0
0.0223935 -0.00137631 0.0
0.0221452 -0.00135227 0.0
0.0218991 -0.00132647 0.0
0.0216552 -0.00129898 0.0
0.0214134 -0.00127056 0.0
0.0211746 -0.0012409 0.0
0.0209392 -0.00120938 0.0
0.0207071 -0.00117647 0.0
0.0204783 -0.00114253 0.0
0.020254 -0.00110726 0.0
0.0200344 -0.00107063 0.0
0.0198191 -0.00103293 0.0
0.0196086 -0.000994376 0.0
0.0194038 -0.000955151 0.0
0.0192046 -0.000915252 0.0
0.0190105 -0.000874699 0.0
0.0188223 -0.00083412 0.0
0.0186406 -0.000793783 0.0
0.0184646 -0.000753228 0.0
0.0182943 -0.000712861 0.0
0.0181303 -0.000673508 0.0
0.0179727 -0.000634769 0.0
0.0178208 -0.000596427 0.0
0.0176747 -0.000559275 0.0
0.0175346 -0.000523498 0.0
0.0174004 -0.000488588 0.0
0.0172715 -0.000454812 0.0
0.0171479 -0.000422639 0.0
0.0170298 -0.000391853 0.0
0.0169168 -0.000362261 0.0
0.0168086 -0.000334169 0.0
0.0167051 -0.000307656 0.0
0.0166062 -0.000282517 0.0
0.0165117 -0.000258747 0.0
0.0164212 -0.000236474 0.0
0.0163347 -0.000215627 0.0
0.016252 -0.000196103 0.0
0.016173 -0.000177906 0.0
0.0160972 -0.000161035 0.0
0.0160247 -0.000145411 0.0
0.0159554 -0.000130976 0.0
0.0158889 -0.000117695 0.0
0.015825 -0.000105522 0.0
0.0157638 -9.43967e-05 0.0
0.0157051 -8.42637e-05 0.0
0.0156485 -7.50649e-05 0.0
0.0155941 -6.67534e-05 0.0
0.0155418 -5.92769e-05 0.0
0.0154914 -5.25745e-05 0.0
0.0154426 -4.65916e-05 0.0
0.0153956 -4.12875e-05 0.0
0.0153501 -3.66114e-05 0.0
0.0153061 -3.25076e-05 0.0
0.0152634 -2.89341e-05 0.0
0.0152221 -2.58549e-05 0.0
0.0151819 -2.32238e-05 0.0
0.0151428 -2.0998e-05 0.0
0.0151048 -1.91467e-05 0.0
0.0150677 -1.76382e-05 0.0
0.0150316 -1.64351e-05 0.0
0.0149964 -1.5508e-05 0.0
0.0149619 -1.48331e-05 0.0
0.0149283 -1.43838e-05 0.0
0.0148953 -1.41326e-05 0.0
0.014863 -1.40589e-05 0.0
0.0148314 -1.41436e-05 0.0
0.0148004 -1.43647e-05 0.0
0.0147699 -1.47026e-05 0.0
0.01474 -1.51414e-05 0.0
0.0147106 -1.56644e-05 0.0
0.0146817 -1.62541e-05 0.0
0.0146532 -1.68953e-05 0.0
0.0146252 -1.75742e-05 0.0
0.0145977 -1.82761e-05 0.0
0.0145705 -1.89864e-05 0.0
0.0145438 -1.96924e-05 0.0
0.0145174 -2.03816e-05 0.0
0.0144915 -2.10411e-05 0.0
0.0144659 -2.16588e-05 0.0
0.0144407 -2.22237e-05 0.0
0.0144159 -2.27249e-05 0.0
0.0143914 -2.31517e-05 0.0
0.0143674 -2.34946e-05 0.0
0.0143437 -2.37446e-05 0.0
0.0143203 -2.38933e-05 0.0
0.0142974 -2.39331e-05 0.0
0.0142749 -2.38573e-05 0.0
0.0142528 -2.36603e-05 0.0
0.0142311 -2.3337e-05 0.0
0.0142098 -2.28836e-05 0.0
0.0141889 -2.22974e-05 0.0
0.0141685 -2.15767e-05 0.0
0.0141486 -2.0721e-05 0.0
0.0141292 -1.9731e-05 0.0
0.0141102 -1.86086e-05 0.0
0.0140917 -1.73569e-05 0.0
0.0140738 -1.59803e-05 0.0
0.0140563 -1.44843e-05 0.0
0.0140395 -1.28758e-05 0.0
0.0140231 -1.11626e-05 0.0
0.0140073 -9.35377e-06 0.0
0.0139921 -7.45928e-06 0.0
0.0139775 -5.4902e-06 0.0
0.0139634 -3.45827e-06 0.0
0.01395 -1.376e-06 0.0
0.0139371 7.43568e-07 0.0
0.0139248 2.88678e-06 0.0
0.0139131 5.04003e-06 0.0
0.013902 7.18934e-06 0.0
0.0138914 9.32087e-06 0.0
0.0138814 1.14208e-05 0.0
0.013872 1.34762e-05 0.0
0.0138632 1.54741e-05 0.0
0.0138548 1.74025e-05 0.0
0.0138471 1.92499e-05 0.0
0.0138398 2.10064e-05 0.0
0.013833 2.26622e-05 0.0
0.0138266 2.42092e-05 0.0
0.0138208 2.56403e-05 0.0
0.0138153 2.69499e-05 0.0
0.0138103 2.81325e-05 0.0
0.0138057 2.91851e-05 0.0
0.0138014 3.01048e-05 0.0
0.0137975 3.08906e-05 0.0
0.0137939 3.15416e-05 0.0
0.0137906 3.20581e-05 0.0
0.0137876 3.24401e-05 0.0
0.0137847 3.26917e-05 0.0
0.0137822 3.28133e-05 0.0
0.0137799 3.28036e-05 0.0
0.0137778 3.26685e-05 0.0
0.0137758 3.2417e-05 0.0
0.0137741 3.20396e-05 0.0
0.0137725 3.15432e-05 0.0
0.0137711 3.095e-05 0.0
0.0137698 3.02692e-05 0.0
0.0137687 2.95184e-05 0.0
0.0137677 2.88205e-05 0.0
0.0137668 2.84955e-05 0.0
0.0 0.0 0.0
0.0 0.0 0.0
0.0193457 -0.000332348 0.0
0.0194454 -0.000633504 0.0
0.0194851 -0.00105089 0.0
0.0197932 -0.00139225 0.0
0.0201517 -0.00160811 0.0
0.0204016 -0.00190029 0.0
0.0206604 -0.00195566 0.0
0.0209598 -0.00204628 0.0
0.0212249 -0.00212748 0.0
0.0213943 -0.00209942 0.0
0.0214859 -0.00202098 0.0
0.0215785 -0.00198233 0.0
0.0216512 -0.00189625 0.0
0.0216397 -0.001786 0.0
0.0215791 -0.00168441 0.0
0.0215313 -0.00158998 0.0
0.0214681 -0.00147157 0.0
0.0213551 -0.00136422 0.0
0.0212283 -0.00126663 0.0
0.0211135 -0.00116629 0.0
0.0209864 -0.00106246 0.0
0.0208385 -0.000972763 0.0
0.0206938 -0.000886537 0.0
0.020556 -0.000798923 0.0
0.0204114 -0.000715847 0.0
0.0202629 -0.000641626 0.0
0.0201217 -0.000567967 0.0
0.0199844 -0.000495534 0.0
0.019846 -0.00042836 0.0
0.0197111 -0.000365273 0.0
0.0195833 -0.000302227 0.0
0.0194588 -0.000241399 0.0
0.0193372 -0.000184035 0.0
0.0192217 -0.000127871 0.0
0.0191123 -7.17808e-05 0.0
0.0190071 -1.75098e-05 0.0
0.0189072 3.54949e-05 0.0
0.0188141 8.89532e-05 0.0
0.0187268 0.00014246 0.0
0.0186449 0.000195354 0.0
0.0185701 0.000249037 0.0
0.0185024 0.000304123 0.0
0.0184409 0.000359733 0.0
0.0183866 0.000416522 0.0
0.0183409 0.000475701 0.0
0.0183029 0.000536803 0.0
0.0182723 0.000599607 0.0
0.0182515 0.000665452 0.0
0.0182408 0.000734376 0.0
0.0182388 0.000806105 0.0
0.0182471 0.000881158 0.0
0.018268 0.000959809 0.0
0.0183005 0.00104202 0.0
0.0183444 0.00112874 0.0
0.0184023 0.00121843 0.0
0.0184748 0.00131119 0.0
0.0185621 0.00140925 0.0
0.0186648 0.00151097 0.0
0.0187834 0.00161253 0.0
0.01892 0.00171844 0.0
0.0190759 0.00182867 0.0
0.019248 0.001937 0.0
0.0194382 0.00204387 0.0
0.0196513 0.00215446 0.0
0.0198835 0.00226216 0.0
0.0201308 0.00236371 0.0
0.0204001 0.00246231 0.0
0.0206916 0.0025575 0.0
0.0209968 0.00264379 0.0
0.0213175 0.00272121 0.0
0.0216596 0.00278893 0.0
0.0220147 0.00284779 0.0
0.0223796 0.00289635 0.0
0.0227581 0.00292727 0.0
0.023147 0.00294672 0.0
0.0235417 0.00295928 0.0
0.0239423 0.00295207 0.0
0.0243442 0.002926 0.0
0.0247478 0.00289842 0.0
0.0251542 0.00285304 0.0
0.0255524 0.0027878 0.0
0.025943 0.00271919 0.0
0.0263341 0.00263822 0.0
0.0267154 0.00254104 0.0
0.0270797 0.00244221 0.0
0.0274361 0.00232914 0.0
0.027782 0.00220719 0.0
0.028111 0.00208728 0.0
0.028423 0.00195542 0.0
0.0287174 0.0018157 0.0
0.0289959 0.00168133 0.0
0.0292584 0.00154226 0.0
0.0294972 0.00139817 0.0
0.0297155 0.00125895 0.0
0.02992 0.00112037 0.0
0.0301047 0.00098243 0.0
0.0302656 0.000851189 0.0
0.0304109 0.00072167 0.0
0.0305412 0.000595075 0.0
0.0306522 0.000477978 0.0
0.0307456 0.000363965 0.0
0.0308246 0.000252657 0.0
0.0308895 0.000148693 0.0
0.0309399 5.0824e-05 0.0
0.0309747 -4.51144e-05 0.0
0.0309961 -0.000136802 0.0
0.0310063 -0.000223104 0.0
0.0310035 -0.000306361 0.0
0.0309854 -0.000387151 0.0
0.0309554 -0.000464384 0.0
0.030915 -0.000539133 0.0
0.0308611 -0.000610227 0.0
0.0307932 -0.000678271 0.0
0.0307145 -0.00074429 0.0
0.0306251 -0.000807246 0.0
0.0305234 -0.000864577 0.0
0.0304103 -0.00091951 0.0
0.0302874 -0.000972832 0.0
0.030155 -0.00102023 0.0
0.0300139 -0.00106317 0.0
0.0298629 -0.00110578 0.0
0.0297029 -0.0011436 0.0
0.029537 -0.00117759 0.0
0.0293634 -0.0012097 0.0
0.0291801 -0.00123857 0.0
0.0289909 -0.00126501 0.0
0.0287968 -0.0012892 0.0
0.0285947 -0.00130945 0.0
0.0283858 -0.00132776 0.0
0.0281723 -0.00134559 0.0
0.0279541 -0.00135871 0.0
0.0277304 -0.00136896 0.0
0.0275017 -0.00137966 0.0
0.0272691 -0.00138731 0.0
0.0270338 -0.00139118 0.0
0.0267948 -0.00139467 0.0
0.0265516 -0.00139667 0.0
0.0263066 -0.00139626 0.0
0.02606 -0.00139418 0.0
0.0258104 -0.00139062 0.0
0.0255586 -0.00138646 0.0
0.0253061 -0.00138109 0.0
0.0250523 -0.00137326 0.0
0.0247971 -0.0013655 0.0
0.0245408 -0.00135764 0.0
0.0242842 -0.00134734 0.0
0.0240273 -0.00133655 0.0
0.0237697 -0.00132604 0.0
0.0235118 -0.00131397 0.0
0.0232545 -0.00130083 0.0
0.0229973 -0.00128768 0.0
0.0227401 -0.00127351 0.0
0.0224839 -0.00125826 0.0
0.0222286 -0.00124248 0.0
0.021974 -0.00122594 0.0
0.0217208 -0.00120832 0.0
0.0214692 -0.00118982 0.0
0.021219 -0.00117058 0.0
0.0209706 -0.00115034 0.0
0.0207246 -0.0011289 0.0
0.0204809 -0.00110657 0.0
0.0202395 -0.00108333 0.0
0.0200011 -0.00105883 0.0
0.0197661 -0.0010331 0.0
0.0195342 -0.00100652 0.0
0.0193059 -0.000978855 0.0
0.0190816 -0.000949832 0.0
0.0188618 -0.000919844 0.0
0.0186464 -0.000889156 0.0
0.0184355 -0.000857356 0.0
0.0182299 -0.000824527 0.0
0.0180298 -0.000791347 0.0
0.017835 -0.000757712 0.0
0.0176456 -0.00072324 0.0
0.0174623 -0.000688582 0.0
0.0172852 -0.000654265 0.0
0.0171138 -0.000619696 0.0
0.0169484 -0.000585021 0.0
0.0167894 -0.000551172 0.0
0.0166365 -0.000517923 0.0
0.0164894 -0.000484818 0.0
0.0163484 -0.000452613 0.0
0.0162135 -0.000421642 0.0
0.0160843 -0.000391367 0.0
0.0159606 -0.000361922 0.0
0.0158425 -0.000333885 0.0
0.0157298 -0.000307064 0.0
0.0156223 -0.0002812 0.0
0.0155197 -0.000256597 0.0
0.0154219 -0.000233422 0.0
0.0153288 -0.000211424 0.0
0.0152401 -0.00019058 0.0
0.0151555 -0.000171062 0.0
0.0150749 -0.000152828 0.0
0.0149983 -0.000135733 0.0
0.0149252 -0.000119801 0.0
0.0148555 -0.000105063 0.0
0.0147891 -9.14422e-05 0.0
0.0147259 -7.88617e-05 0.0
0.0146654 -6.73142e-05 0.0
0.0146076 -5.67695e-05 0.0
0.0145524 -4.71639e-05 0.0
0.0144997 -3.84392e-05 0.0
0.0144491 -3.05608e-05 0.0
0.0144006 -2.34869e-05 0.0
0.0143541 -1.71639e-05 0.0
0.0143094 -1.15359e-05 0.0
0.0142663 -6.56301e-06 0.0
0.0142249 -2.20615e-06 0.0
0.0141849 1.58431e-06 0.0
0.0141463 4.85761e-06 0.0
0.0141089 7.64751e-06 0.0
0.0140727 9.98952e-06 0.0
0.0140377 1.19273e-05 0.0
0.0140036 1.34983e-05 0.0
0.0139704 1.47291e-05 0.0
0.0139381 1.56509e-05 0.0
0.0139066 1.6298e-05 0.0
0.0138759 1.66965e-05 0.0
0.0138458 1.68675e-05 0.0
0.0138165 1.68369e-05 0.0
0.0137876 1.66294e-05 0.0
0.0137594 1.6263e-05 0.0
0.0137317 1.57553e-05 0.0
0.0137044 1.51267e-05 0.0
0.0136776 1.43944e-05 0.0
0.0136513 1.35724e-05 0.0
0.0136253 1.26756e-05 0.0
0.0135997 1.172e-05 0.0
0.0135744 1.07184e-05 0.0
0.0135495 9.68278e-06 0.0
0.0135249 8.62641e-06 0.0
0.0135007 7.56181e-06 0.0
0.0134767 6.49975e-06 0.0
0.013453 5.45118e-06 0.0
0.0134296 4.42742e-06 0.0
0.0134064 3.4388e-06 0.0
0.0133836 2.49475e-06 0.0
0.013361 1.60493e-06 0.0
0.0133386 7.78664e-07 0.0
0.0133166 2.43119e-08 0.0
0.0132949 -6.50302e-07 0.0
0.0132734 -1.2375e-06 0.0
0.0132522 -1.73041e-06 0.0
0.0132314 -2.123e-06 0.0
0.0132108 -2.40983e-06 0.0
0.0131906 -2.58606e-06 0.0
0.0131707 -2.64787e-06 0.0
0.0131512 -2.59228e-06 0.0
0.0131321 -2.41715e-06 0.0
0.0131133 -2.12124e-06 0.0
0.013095 -1.70442e-06 0.0
0.013077 -1.1675e-06 0.0
0.0130595 -5.12329e-07 0.0
0.0130424 2.58251e-07 0.0
0.0130258 1.14024e-06 0.0
0.0130097 2.12872e-06 0.0
0.012994 3.21765e-06 0.0
0.0129789 4.40017e-06 0.0
0.0129643 5.66831e-06 0.0
0.0129501 7.01339e-06 0.0
0.0129366 8.4258e-06 0.0
0.0129235 9.89547e-06 0.0
0.012911 1.14115e-05 0.0
0.012899 1.29626e-05 0.0
0.0128876 1.45371e-05 0.0
0.0128768 1.61234e-05 0.0
0.0128665 1.77092e-05 0.0
0.0128567 1.92829e-05 0.0
0.0128474 2.08328e-05 0.0
0.0128387 2.23476e-05 0.0
0.0128305 2.38161e-05 0.0
0.0128228 2.52284e-05 0.0
0.0128156 2.65749e-05 0.0
0.0128089 2.78465e-05 0.0
0.0128026 2.90349e-05 0.0
0.0127968 3.01341e-05 0.0
0.0127914 3.11375e-05 0.0
0.0127863 3.20393e-05 0.0
0.0127818 3.2836e-05 0.0
0.0127775 3.35254e-05 0.0
0.0127736 3.41035e-05 0.0
0.0127699 3.45688e-05 0.0
0.0127666 3.49221e-05 0.0
0.0127636 3.51631e-05 0.0
0.0127608 3.52895e-05 0.0
0.0127582 3.5304e-05 0.0
0.0127559 3.52076e-05 0.0
0.0127537 3.49997e-05 0.0
0.0127518 3.46802e-05 0.0
0.01275 3.42502e-05 0.0
0.0127484 3.37094e-05 0.0
0.0127469 3.30664e-05 0.0
0.0127456 3.23201e-05 0.0
0.0127443 3.14883e-05 0.0
0.0127433 3.06251e-05 0.0
0.0127423 2.98413e-05 0.0
0.0127414 2.94702e-05 0.0
0.0 0.0 0.0
0.0 0.0 0.0
0.0191487 -0.000441944 0.0
0.0193609 -0.00076092 0.0
0.0197051 -0.00123217 0.0
0.020079 -0.001866 0.0
0.0204077 -0.00191287 0.0
0.0206976 -0.00207242 0.0
0.0210461 -0.00232208 0.0
0.0213271 -0.0023444 0.0
0.0214414 -0.00224917 0.0
0.0215453 -0.00219666 0.0
0.0216269 -0.00210893 0.0
0.0215769 -0.0019937 0.0
0.0214714 -0.00185272 0.0
0.0213996 -0.00172379 0.0
0.021288 -0.00159171 0.0
0.0211015 -0.00147002 0.0
0.0209206 -0.00133994 0.0
0.0207631 -0.0012187 0.0
0.0205757 -0.00110742 0.0
0.0203649 -0.00100469 0.0
0.0201738 -0.000899678 0.0
0.0199914 -0.000803998 0.0
0.019795 -0.000717415 0.0
0.0196003 -0.00063464 0.0
0.0194218 -0.000553233 0.0
0.019246 -0.000479659 0.0
0.0190685 -0.000411296 0.0
0.0189003 -0.000344719 0.0
0.0187426 -0.00028098 0.0
0.0185877 -0.000222349 0.0
0.0184376 -0.000166049 0.0
0.0182972 -0.000110968 0.0
0.0181641 -5.8456e-05 0.0
0.0180355 -8.5054e-06 0.0
0.0179143 4.0733e-05 0.0
0.0178016 8.91854e-05 0.0
0.0176951 0.000136152 0.0
0.0175949 0.000182507 0.0
0.0175031 0.000229174 0.0
0.0174187 0.000275693 0.0
0.017341 0.000322071 0.0
0.0172715 0.000369365 0.0
0.0172105 0.000417729 0.0
0.0171568 0.000466844 0.0
0.0171115 0.000517272 0.0
0.0170762 0.000569682 0.0
0.0170495 0.000623872 0.0
0.0170315 0.00068014 0.0
0.0170247 0.000738698 0.0
0.0170291 0.000799789 0.0
0.0170432 0.000863995 0.0
0.0170691 0.00093119 0.0
0.0171089 0.00100024 0.0
0.017161 0.00107314 0.0
0.0172259 0.00115044 0.0
0.0173061 0.00122888 0.0
0.0174017 0.00130896 0.0
0.0175126 0.00139533 0.0
0.0176402 0.0014832 0.0
0.0177845 0.00156895 0.0
0.0179465 0.00165874 0.0
0.0181276 0.0017528 0.0
0.0183263 0.00184136 0.0
0.0185423 0.00192817 0.0
0.0187791 0.00201868 0.0
0.0190348 0.00210477 0.0
0.0193062 0.00218163 0.0
0.0195955 0.00225779 0.0
0.0199048 0.00233004 0.0
0.0202283 0.00239045 0.0
0.0205641 0.00244291 0.0
0.0209155 0.00248958 0.0
0.021281 0.00252449 0.0
0.0216532 0.00254756 0.0
0.0220325 0.00256166 0.0
0.022422 0.00256256 0.0
0.0228159 0.00255234 0.0
0.0232079 0.00253257 0.0
0.0236023 0.00249864 0.0
0.0239977 0.00245083 0.0
0.0243865 0.0024006 0.0
0.0247698 0.00233626 0.0
0.0251467 0.00225544 0.0
0.0255135 0.00217469 0.0
0.0258714 0.00208797 0.0
0.0262165 0.00198395 0.0
0.0265449 0.00187902 0.0
0.0268623 0.00177202 0.0
0.0271647 0.00165623 0.0
0.0274469 0.00153838 0.0
0.0277123 0.00141763 0.0
0.0279615 0.00129544 0.0
0.0281904 0.0011756 0.0
0.0284007 0.00105358 0.0
0.0285917 0.000931079 0.0
0.0287628 0.000816094 0.0
0.0289163 0.000702378 0.0
0.0290517 0.000588714 0.0
0.0291671 0.000482988 0.0
0.0292656 0.00038176 0.0
0.0293483 0.00028203 0.0
0.0294142 0.000188853 0.0
0.0294635 0.000100299 0.0
0.0294978 1.47747e-05 0.0
0.0295182 -6.60946e-05 0.0
0.0295242 -0.000142717 0.0
0.0295155 -0.000216917 0.0
0.0294934 -0.000287518 0.0
0.0294589 -0.000354473 0.0
0.0294114 -0.000418927 0.0
0.02935 -0.000481541 0.0
0.0292764 -0.000540436 0.0
0.0291918 -0.000596335 0.0
0.0290949 -0.000650193 0.0
0.028985 -0.00070123 0.0
0.0288649 -0.00074862 0.0
0.0287352 -0.000793301 0.0
0.0285939 -0.000834438 0.0
0.0284427 -0.000873179 0.0
0.0282834 -0.000909297 0.0
0.0281153 -0.000940669 0.0
0.0279386 -0.000970016 0.0
0.0277542 -0.000998852 0.0
0.0275627 -0.00102253 0.0
0.0273649 -0.00104332 0.0
0.0271602 -0.00106444 0.0
0.0269489 -0.0010825 0.0
0.0267327 -0.00109649 0.0
0.0265119 -0.00110984 0.0
0.026285 -0.00112192 0.0
0.0260538 -0.00113066 0.0
0.0258196 -0.00113786 0.0
0.0255812 -0.00114325 0.0
0.0253389 -0.00114692 0.0
0.0250943 -0.00114945 0.0
0.0248472 -0.00114961 0.0
0.0245977 -0.00114789 0.0
0.0243464 -0.00114635 0.0
0.0240932 -0.00114293 0.0
0.0238393 -0.0011372 0.0
0.0235845 -0.00113168 0.0
0.0233283 -0.00112542 0.0
0.0230719 -0.00111731 0.0
0.0228158 -0.00110883 0.0
0.0225591 -0.00109985 0.0
0.0223024 -0.00109005 0.0
0.0220464 -0.00107967 0.0
0.0217909 -0.00106846 0.0
0.0215358 -0.00105691 0.0
0.0212815 -0.00104494 0.0
0.0210283 -0.00103198 0.0
0.0207763 -0.00101858 0.0
0.0205256 -0.00100491 0.0
0.0202764 -0.000990159 0.0
0.0200289 -0.000974842 0.0
0.0197834 -0.000959262 0.0
0.0195398 -0.000942646 0.0
0.0192986 -0.000925116 0.0
0.0190598 -0.000907318 0.0
0.0188237 -0.000888696 0.0
0.0185905 -0.000868844 0.0
0.0183604 -0.0008484 0.0
0.0181336 -0.000827442 0.0
0.0179104 -0.000805314 0.0
0.0176911 -0.000782161 0.0
0.0174757 -0.000758477 0.0
0.0172646 -0.000734064 0.0
0.0170583 -0.000708595 0.0
0.0168566 -0.000682369 0.0
0.0166598 -0.000655686 0.0
0.0164684 -0.000628463 0.0
0.0162825 -0.000600575 0.0
0.0161018 -0.00057223 0.0
0.015927 -0.000543826 0.0
0.0157583 -0.000515377 0.0
0.0155953 -0.000486636 0.0
0.0154381 -0.000457939 0.0
0.0152871 -0.000429847 0.0
0.0151423 -0.000402043 0.0
0.0150032 -0.000374335 0.0
0.0148699 -0.000347419 0.0
0.0147428 -0.000321459 0.0
0.0146213 -0.000295933 0.0
0.0145053 -0.00027111 0.0
0.0143947 -0.000247509 0.0
0.0142897 -0.00022485 0.0
0.0141897 -0.000202907 0.0
0.0140945 -0.000182085 0.0
0.0140042 -0.000162482 0.0
0.0139185 -0.000143804 0.0
0.0138372 -0.000126086 0.0
0.01376 -0.000109552 0.0
0.0136867 -9.40964e-05 0.0
0.0136174 -7.95749e-05 0.0
0.0135515 -6.60654e-05 0.0
0.013489 -5.36101e-05 0.0
0.0134297 -4.20928e-05 0.0
0.0133735 -3.14632e-05 0.0
0.01332 -2.17441e-05 0.0
0.0132691 -1.29014e-05 0.0
0.0132208 -4.85893e-06 0.0
0.0131747 2.41464e-06 0.0
0.0131308 8.94157e-06 0.0
0.0130888 1.47667e-05 0.0
0.0130488 1.99417e-05 0.0
0.0130104 2.4504e-05 0.0
0.0129736 2.8489e-05 0.0
0.0129383 3.19347e-05 0.0
0.0129043 3.48848e-05 0.0
0.0128716 3.73776e-05 0.0
0.01284 3.9445e-05 0.0
0.0128095 4.11189e-05 0.0
0.0127799 4.24376e-05 0.0
0.0127512 4.34328e-05 0.0
0.0127233 4.4129e-05 0.0
0.0126962 4.4554e-05 0.0
0.0126697 4.47383e-05 0.0
0.0126439 4.47044e-05 0.0
0.0126186 4.44715e-05 0.0
0.0125938 4.40627e-05 0.0
0.0125695 4.35e-05 0.0
0.0125457 4.27987e-05 0.0
0.0125222 4.19748e-05 0.0
0.0124991 4.10462e-05 0.0
0.0124763 4.00281e-05 0.0
0.0124538 3.8932e-05 0.0
0.0124316 3.77714e-05 0.0
0.0124096 3.65599e-05 0.0
0.0123879 3.53085e-05 0.0
0.0123664 3.40271e-05 0.0
0.0123452 3.27273e-05 0.0
0.0123241 3.14195e-05 0.0
0.0123032 3.01128e-05 0.0
0.0122825 2.88162e-05 0.0
0.0122619 2.75395e-05 0.0
0.0122415 2.62912e-05 0.0
0.0122213 2.50791e-05 0.0
0.0122013 2.39114e-05 0.0
0.0121815 2.27961e-05 0.0
0.0121618 2.17402e-05 0.0
0.0121423 2.07503e-05 0.0
0.012123 1.98331e-05 0.0
0.012104 1.89946e-05 0.0
0.0120851 1.82401e-05 0.0
0.0120664 1.75745e-05 0.0
0.0120481 1.70022e-05 0.0
0.0120299 1.65269e-05 0.0
0.012012 1.61515e-05 0.0
0.0119944 1.58785e-05 0.0
0.0119772 1.57094e-05 0.0
0.0119602 1.5645e-05 0.0
0.0119436 1.56853e-05 0.0
0.0119273 1.58296e-05 0.0
0.0119114 1.6076e-05 0.0
0.0118959 1.64221e-05 0.0
0.0118808 1.68645e-05 0.0
0.0118661 1.73989e-05 0.0
0.0118518 1.80202e-05 0.0
0.011838 1.87227e-05 0.0
0.0118246 1.94994e-05 0.0
0.0118117 2.03433e-05 0.0
0.0117993 2.12461e-05 0.0
0.0117874 2.21995e-05 0.0
0.011776 2.31943e-05 0.0
0.011765 2.42211e-05 0.0
0.0117546 2.52703e-05 0.0
0.0117447 2.63319e-05 0.0
0.0117353 2.7396e-05 0.0
0.0117263 2.84529e-05 0.0
0.0117179 2.94927e-05 0.0
0.0117099 3.0506e-05 0.0
0.0117024 3.14837e-05 0.0
0.0116954 3.24177e-05 0.0
0.0116889 3.32994e-05 0.0
0.0116827 3.41219e-05 0.0
0.011677 3.48784e-05 0.0
0.0116717 3.55633e-05 0.0
0.0116668 3.61709e-05 0.0
0.0116622 3.66976e-05 0.0
0.011658 3.71396e-05 0.0
0.0116541 3.7494e-05 0.0
0.0116506 3.77586e-05 0.0
0.0116473 3.79327e-05 0.0
0.0116443 3.80144e-05 0.0
0.0116415 3.80034e-05 0.0
0.011639 3.79e-05 0.0
0.0116366 3.77027e-05 0.0
0.0116345 3.74101e-05 0.0
0.0116325 3.70259e-05 0.0
0.0116308 3.65446e-05 0.0
0.0116291 3.5958e-05 0.0
0.0116276 3.52754e-05 0.0
0.0116261 3.45e-05 0.0
0.0116249 3.36144e-05 0.0
0.0116237 3.26514e-05 0.0
0.0116228 3.16808e-05 0.0
0.0116217 3.08151e-05 0.0
0.011621 3.04082e-05 0.0
0.0 0.0 0.0
0.0 0.0 0.0
0.0192444 -0.000364767 0.0
0.0195466 -0.0013014 0.0
0.0199971 -0.00165605 0.0
0.0202474 -0.00202392 0.0
0.0205606 -0.00236721 0.0
0.0210495 -0.00247447 0.0
0.0213812 -0.00255655 0.0
0.0215041 -0.00247823 0.0
0.0214897 -0.00230534 0.0
0.0214336 -0.00221128 0.0
0.0213598 -0.00205118 0.0
0.0212117 -0.00185789 0.0
0.0209791 -0.00169206 0.0
0.0207367 -0.00156273 0.0
0.020514 -0.00139416 0.0
0.0202656 -0.00124163 0.0
0.0199895 -0.00112115 0.0
0.0197264 -0.00100553 0.0
0.01948 -0.000878377 0.0
0.0192263 -0.000773657 0.0
0.0189729 -0.000684331 0.0
0.018736 -0.000592695 0.0
0.0185099 -0.00050355 0.0
0.0182857 -0.000429803 0.0
0.018071 -0.000360895 0.0
0.0178698 -0.000291202 0.0
0.0176766 -0.000227599 0.0
0.0174898 -0.000171864 0.0
0.0173139 -0.000117079 0.0
0.0171481 -6.35171e-05 0.0
0.0169897 -1.49862e-05 0.0
0.0168394 3.04799e-05 0.0
0.0166988 7.58499e-05 0.0
0.0165666 0.000119391 0.0
0.0164417 0.000160125 0.0
0.0163254 0.000200322 0.0
0.0162178 0.00024049 0.0
0.0161177 0.000279326 0.0
0.0160256 0.00031746 0.0
0.0159423 0.000356292 0.0
0.015867 0.000395202 0.0
0.0157995 0.000433944 0.0
0.0157411 0.000473632 0.0
0.0156919 0.000514534 0.0
0.0156508 0.000556054 0.0
0.015619 0.000598889 0.0
0.0155978 0.000643515 0.0
0.0155863 0.000689748 0.0
0.0155843 0.000737791 0.0
0.015594 0.000787994 0.0
0.0156158 0.000840091 0.0
0.0156487 0.000894988 0.0
0.0156939 0.000952368 0.0
0.0157531 0.00101123 0.0
0.0158262 0.00107284 0.0
0.0159132 0.0011383 0.0
0.016015 0.00120427 0.0
0.0161328 0.00127136 0.0
0.0162676 0.00134257 0.0
0.0164184 0.00141516 0.0
0.0165852 0.00148544 0.0
0.016771 0.00155782 0.0
0.0169756 0.00163207 0.0
0.0171954 0.00170293 0.0
0.017433 0.00177041 0.0
0.017691 0.00183829 0.0
0.0179648 0.00190283 0.0
0.0182525 0.00196071 0.0
0.0185585 0.00201308 0.0
0.0188802 0.00206153 0.0
0.0192129 0.00210347 0.0
0.0195578 0.00213481 0.0
0.0199149 0.00215769 0.0
0.0202804 0.00217581 0.0
0.020653 0.00218331 0.0
0.0210299 0.00217628 0.0
0.0214101 0.00216481 0.0
0.0217941 0.00214521 0.0
0.0221762 0.00211056 0.0
0.0225523 0.00206852 0.0
0.0229277 0.0020214 0.0
0.023299 0.00196063 0.0
0.023657 0.00189529 0.0
0.0240062 0.00182315 0.0
0.0243481 0.0017401 0.0
0.0246755 0.00165629 0.0
0.0249874 0.00156866 0.0
0.0252852 0.0014694 0.0
0.025567 0.00137188 0.0
0.025833 0.00127499 0.0
0.0260797 0.00117046 0.0
0.0263061 0.00106644 0.0
0.0265163 0.000965102 0.0
0.0267084 0.000862552 0.0
0.0268774 0.000761802 0.0
0.0270282 0.000663786 0.0
0.0271628 0.000566567 0.0
0.0272767 0.000475146 0.0
0.0273712 0.000387284 0.0
0.0274498 0.000300155 0.0
0.0275113 0.000218755 0.0
0.0275556 0.000143163 0.0
0.0275837 6.88765e-05 0.0
0.0275966 -1.96569e-06 0.0
0.0275952 -6.75725e-05 0.0
0.0275794 -0.000130067 0.0
0.0275487 -0.000190607 0.0
0.0275048 -0.000247667 0.0
0.0274488 -0.000301991 0.0
0.0273795 -0.000353696 0.0
0.0272968 -0.000402783 0.0
0.0272028 -0.000449897 0.0
0.0270976 -0.000495065 0.0
0.0269804 -0.000536513 0.0
0.0268521 -0.000575655 0.0
0.0267138 -0.000613696 0.0
0.0265655 -0.000648604 0.0
0.0264079 -0.000679356 0.0
0.0262416 -0.000709198 0.0
0.0260662 -0.000736989 0.0
0.0258838 -0.000760971 0.0
0.0256947 -0.00078303 0.0
0.0254975 -0.000803231 0.0
0.025294 -0.000821138 0.0
0.0250859 -0.000837528 0.0
0.0248718 -0.000850978 0.0
0.0246515 -0.000862564 0.0
0.0244274 -0.000874005 0.0
0.0241995 -0.000882813 0.0
0.0239671 -0.000888472 0.0
0.0237311 -0.000894364 0.0
0.0234921 -0.0008994 0.0
0.0232508 -0.000900881 0.0
0.0230073 -0.000901546 0.0
0.0227611 -0.000902089 0.0
0.0225136 -0.000900752 0.0
0.0222656 -0.000897745 0.0
0.0220161 -0.00089401 0.0
0.0217654 -0.000889621 0.0
0.021515 -0.000884538 0.0
0.0212646 -0.000877855 0.0
0.0210139 -0.000870518 0.0
0.0207635 -0.000863622 0.0
0.0205137 -0.00085541 0.0
0.0202649 -0.000846002 0.0
0.0200167 -0.000837213 0.0
0.0197693 -0.000827871 0.0
0.0195235 -0.000817295 0.0
0.019279 -0.000806823 0.0
0.0190357 -0.000796194 0.0
0.0187942 -0.000784683 0.0
0.0185546 -0.000772799 0.0
0.0183168 -0.00076074 0.0
0.0180809 -0.000748093 0.0
0.0178476 -0.000734869 0.0
0.0176165 -0.000721229 0.0
0.0173878 -0.000707204 0.0
0.017162 -0.000692525 0.0
0.0169392 -0.000677196 0.0
0.0167192 -0.000661449 0.0
0.0165025 -0.000645171 0.0
0.0162894 -0.000628076 0.0
0.0160799 -0.000610387 0.0
0.0158741 -0.000592265 0.0
0.0156724 -0.000573408 0.0
0.0154751 -0.000553795 0.0
0.0152821 -0.000533761 0.0
0.0150936 -0.000513205 0.0
0.0149102 -0.000491946 0.0
0.0147319 -0.000470285 0.0
0.0145586 -0.000448367 0.0
0.0143905 -0.000425961 0.0
0.0142281 -0.000403266 0.0
0.0140715 -0.000380637 0.0
0.0139202 -0.000357862 0.0
0.0137745 -0.000334931 0.0
0.013635 -0.000312363 0.0
0.0135011 -0.000290129 0.0
0.0133727 -0.000267915 0.0
0.0132501 -0.000246185 0.0
0.0131333 -0.000225231 0.0
0.0130219 -0.000204647 0.0
0.0129158 -0.000184527 0.0
0.012815 -0.000165367 0.0
0.0127195 -0.000146987 0.0
0.0126288 -0.000129146 0.0
0.0125429 -0.000112174 0.0
0.0124616 -9.62185e-05 0.0
0.0123848 -8.10005e-05 0.0
0.0123122 -6.65386e-05 0.0
0.0122435 -5.30523e-05 0.0
0.0121788 -4.04665e-05 0.0
0.0121177 -2.86253e-05 0.0
0.01206 -1.76148e-05 0.0
0.0120055 -7.48969e-06 0.0
0.0119541 1.85649e-06 0.0
0.0119056 1.04806e-05 0.0
0.0118597 1.83404e-05 0.0
0.0118163 2.54614e-05 0.0
0.0117753 3.19164e-05 0.0
0.0117364 3.77342e-05 0.0
0.0116995 4.29186e-05 0.0
0.0116645 4.75104e-05 0.0
0.0116312 5.15575e-05 0.0
0.0115995 5.50901e-05 0.0
0.0115692 5.81306e-05 0.0
0.0115403 6.07145e-05 0.0
0.0115126 6.28805e-05 0.0
0.0114859 6.46596e-05 0.0
0.0114603 6.6075e-05 0.0
0.0114356 6.71568e-05 0.0
0.0114117 6.79381e-05 0.0
0.0113886 6.84447e-05 0.0
0.0113661 6.86958e-05 0.0
0.0113442 6.87173e-05 0.0
0.0113229 6.85354e-05 0.0
0.0113021 6.81683e-05 0.0
0.0112817 6.7632e-05 0.0
0.0112617 6.69476e-05 0.0
0.011242 6.61336e-05 0.0
0.0112227 6.52024e-05 0.0
0.0112036 6.41677e-05 0.0
0.0111847 6.30456e-05 0.0
0.0111661 6.18482e-05 0.0
0.0111476 6.05851e-05 0.0
0.0111294 5.92678e-05 0.0
0.0111112 5.7908e-05 0.0
0.0110932 5.65142e-05 0.0
0.0110753 5.50946e-05 0.0
0.0110575 5.3659e-05 0.0
0.0110398 5.22158e-05 0.0
0.0110222 5.07722e-05 0.0
0.0110046 4.93355e-05 0.0
0.0109872 4.79137e-05 0.0
0.0109698 4.65136e-05 0.0
0.0109525 4.51416e-05 0.0
0.0109352 4.38041e-05 0.0
0.0109181 4.25079e-05 0.0
0.010901 4.12583e-05 0.0
0.010884 4.0061e-05 0.0
0.0108672 3.89214e-05 0.0
0.0108504 3.78446e-05 0.0
0.0108338 3.68349e-05 0.0
0.0108173 3.58965e-05 0.0
0.010801 3.50334e-05 0.0
0.0107848 3.42488e-05 0.0
0.0107689 3.35455e-05 0.0
0.0107531 3.29258e-05 0.0
0.0107376 3.23916e-05 0.0
0.0107222 3.19439e-05 0.0
0.0107072 3.15834e-05 0.0
0.0106924 3.13098e-05 0.0
0.0106779 3.11226e-05 0.0
0.0106637 3.10202e-05 0.0
0.0106499 3.10006e-05 0.0
0.0106364 3.10609e-05 0.0
0.0106232 3.11978e-05 0.0
0.0106105 3.14071e-05 0.0
0.0105981 3.16841e-05 0.0
0.0105861 3.20233e-05 0.0
0.0105745 3.2419e-05 0.0
0.0105634 3.28645e-05 0.0
0.0105527 3.33531e-05 0.0
0.0105424 3.38774e-05 0.0
0.0105326 3.443e-05 0.0
0.0105232 3.5003e-05 0.0
0.0105143 3.55884e-05 0.0
0.0105058 3.61785e-05 0.0
0.0104978 3.67653e-05 0.0
0.0104902 3.73408e-05 0.0
0.010483 3.78977e-05 0.0
0.0104763 3.84289e-05 0.0
0.01047 3.89272e-05 0.0
0.0104641 3.9386e-05 0.0
0.0104586 3.98002e-05 0.0
0.0104535 4.0164e-05 0.0
0.0104487 4.04724e-05 0.0
0.0104444 4.07212e-05 0.0
0.0104402 4.09082e-05 0.0
0.0104365 4.10291e-05 0.0
0.010433 4.1081e-05 0.0
0.0104298 4.10636e-05 0.0
0.0104268 4.09761e-05 0.0
0.0104242 4.08144e-05 0.0
0.0104216 4.05788e-05 0.0
0.0104194 4.02713e-05 0.0
0.0104173 3.98887e-05 0.0
0.0104154 3.94262e-05 0.0
0.0104135 3.88855e-05 0.0
0.0104119 3.82649e-05 0.0
0.0104103 3.75564e-05 0.0
0.010409 3.67517e-05 0.0
0.0104076 3.58445e-05 0.0
0.0104065 3.48507e-05 0.0
0.0104053 3.3788e-05 0.0
0.0104044 3.26892e-05 0.0
0.0104034 3.17351e-05 0.0
0.0104026 3.13166e-05 0.0
0.0 0.0 0.0
0.0 0.0 0.0
0.0193989 -0.000585964 0.0
0.0196782 -0.00164806 0.0
0.0200596 -0.00215735 0.0
0.0206334 -0.00227253 0.0
0.0211746 -0.00280906 0.0
0.0214782 -0.00289632 0.0
0.0213867 -0.00256419 0.0
0.0212683 -0.00242584 0.0
0.0212276 -0.00224554 0.0
0.0209746 -0.00203483 0.0
0.0205567 -0.00179182 0.0
0.0202352 -0.00161236 0.0
0.0199631 -0.00141574 0.0
0.0195834 -0.00124872 0.0
0.0191846 -0.00109358 0.0
0.0188641 -0.000953552 0.0
0.0185535 -0.00081879 0.0
0.0182072 -0.000708352 0.0
0.0178877 -0.000604417 0.0
0.0176094 -0.00050611 0.0
0.0173301 -0.000418456 0.0
0.0170506 -0.000343151 0.0
0.0167998 -0.00027022 0.0
0.0165675 -0.000202318 0.0
0.0163373 -0.000142708 0.0
0.0161192 -8.80854e-05 0.0
0.0159209 -3.51464e-05 0.0
0.0157321 1.33771e-05 0.0
0.0155498 5.72169e-05 0.0
0.0153809 9.92005e-05 0.0
0.0152246 0.000139493 0.0
0.0150755 0.000176771 0.0
0.0149351 0.000211955 0.0
0.014806 0.000246429 0.0
0.0146858 0.000279546 0.0
0.014573 0.000311144 0.0
0.0144694 0.000342202 0.0
0.0143752 0.00037309 0.0
0.0142886 0.000403272 0.0
0.0142102 0.000433242 0.0
0.0141411 0.000463604 0.0
0.0140804 0.000494233 0.0
0.0140277 0.000525035 0.0
0.0139845 0.000556651 0.0
0.0139508 0.000589203 0.0
0.0139255 0.000622694 0.0
0.01391 0.000657231 0.0
0.0139054 0.00069308 0.0
0.0139107 0.000730519 0.0
0.0139263 0.000769796 0.0
0.013954 0.000810154 0.0
0.0139937 0.000852215 0.0
0.0140451 0.000897097 0.0
0.0141096 0.000943514 0.0
0.0141881 0.000990185 0.0
0.0142803 0.00104011 0.0
0.0143873 0.00109279 0.0
0.0145092 0.00114449 0.0
0.0146465 0.00119707 0.0
0.0148006 0.00125387 0.0
0.0149712 0.00130957 0.0
0.015157 0.00136272 0.0
0.0153603 0.00141824 0.0
0.0155819 0.00147432 0.0
0.0158186 0.00152496 0.0
0.0160702 0.00157398 0.0
0.0163403 0.00162293 0.0
0.0166259 0.00166639 0.0
0.016923 0.00170396 0.0
0.017234 0.0017387 0.0
0.0175599 0.00176752 0.0
0.0178949 0.00178904 0.0
0.018237 0.00180491 0.0
0.018589 0.00181276 0.0
0.0189482 0.00181311 0.0
0.0193086 0.00180755 0.0
0.0196711 0.00179319 0.0
0.0200362 0.00176832 0.0
0.0203987 0.00174023 0.0
0.0207567 0.00170527 0.0
0.0211101 0.00165786 0.0
0.0214557 0.00160611 0.0
0.0217932 0.00155368 0.0
0.022121 0.0014891 0.0
0.022434 0.00141923 0.0
0.0227347 0.00135012 0.0
0.0230236 0.00127449 0.0
0.0232944 0.0011943 0.0
0.0235471 0.00111413 0.0
0.0237851 0.00103056 0.0
0.0240047 0.000947135 0.0
0.0242047 0.000863808 0.0
0.0243858 0.000778182 0.0
0.0245478 0.000695586 0.0
0.0246913 0.000615667 0.0
0.0248161 0.00053485 0.0
0.0249203 0.000457472 0.0
0.0250065 0.000384931 0.0
0.0250765 0.000312735 0.0
0.0251281 0.000244543 0.0
0.0251616 0.000181111 0.0
0.02518 0.000119193 0.0
0.0251835 6.06167e-05 0.0
0.0251714 6.68276e-06 0.0
0.0251442 -4.5473e-05 0.0
0.0251038 -9.5289e-05 0.0
0.0250509 -0.000141491 0.0
0.0249849 -0.000185147 0.0
0.0249057 -0.000227514 0.0
0.0248151 -0.000267366 0.0
0.0247142 -0.000304634 0.0
0.0246017 -0.000340089 0.0
0.0244776 -0.000373989 0.0
0.0243442 -0.000405595 0.0
0.0242021 -0.000435161 0.0
0.0240498 -0.000462364 0.0
0.0238881 -0.000487937 0.0
0.0237193 -0.000511933 0.0
0.0235431 -0.000533087 0.0
0.023359 -0.000551763 0.0
0.0231681 -0.000570287 0.0
0.0229715 -0.000586367 0.0
0.0227697 -0.00059919 0.0
0.0225624 -0.000611895 0.0
0.0223496 -0.000623588 0.0
0.0221332 -0.000632163 0.0
0.0219137 -0.000639728 0.0
0.0216898 -0.000646853 0.0
0.0214623 -0.000651961 0.0
0.0212332 -0.00065571 0.0
0.0210019 -0.000658571 0.0
0.0207677 -0.000659999 0.0
0.0205322 -0.000660706 0.0
0.0202959 -0.000660444 0.0
0.0200585 -0.000658353 0.0
0.0198202 -0.000656104 0.0
0.0195815 -0.000653475 0.0
0.0193429 -0.000649039 0.0
0.0191048 -0.000644044 0.0
0.0188667 -0.000639299 0.0
0.018629 -0.000633374 0.0
0.0183928 -0.000626681 0.0
0.0181575 -0.000619977 0.0
0.0179229 -0.000612833 0.0
0.01769 -0.000605251 0.0
0.0174587 -0.000597213 0.0
0.0172288 -0.000588879 0.0
0.0170006 -0.000580554 0.0
0.0167744 -0.000571694 0.0
0.0165501 -0.000562351 0.0
0.0163279 -0.000553139 0.0
0.0161078 -0.000543516 0.0
0.0158901 -0.000533285 0.0
0.015675 -0.000523073 0.0
0.0154622 -0.000512574 0.0
0.0152522 -0.000501375 0.0
0.0150451 -0.000490027 0.0
0.0148408 -0.000478494 0.0
0.0146397 -0.000466269 0.0
0.0144419 -0.000453592 0.0
0.0142474 -0.000440804 0.0
0.0140565 -0.000427481 0.0
0.0138693 -0.000413481 0.0
0.0136861 -0.0003992 0.0
0.0135068 -0.000384647 0.0
0.0133318 -0.000369475 0.0
0.0131612 -0.000353787 0.0
0.0129951 -0.000337894 0.0
0.0128337 -0.000321718 0.0
0.0126772 -0.000305057 0.0
0.0125256 -0.000288079 0.0
0.012379 -0.00027108 0.0
0.0122378 -0.000253988 0.0
0.0121017 -0.000236612 0.0
0.0119709 -0.000219216 0.0
0.0118455 -0.000202147 0.0
0.0117255 -0.000185172 0.0
0.0116107 -0.000168138 0.0
0.0115011 -0.000151544 0.0
0.011397 -0.00013554 0.0
0.0112979 -0.000119683 0.0
0.0112038 -0.00010416 0.0
0.0111146 -8.94488e-05 0.0
0.0110303 -7.52949e-05 0.0
0.0109506 -6.14508e-05 0.0
0.0108753 -4.83246e-05 0.0
0.0108044 -3.60308e-05 0.0
0.0107377 -2.42368e-05 0.0
0.0106748 -1.29934e-05 0.0
0.0106157 -2.5779e-06 0.0
0.0105602 7.13855e-06 0.0
0.0105081 1.63262e-05 0.0
0.0104592 2.48486e-05 0.0
0.0104133 3.26324e-05 0.0
0.0103702 3.98286e-05 0.0
0.0103299 4.64743e-05 0.0
0.0102919 5.249e-05 0.0
0.0102562 5.79061e-05 0.0
0.0102228 6.28144e-05 0.0
0.0101913 6.7214e-05 0.0
0.0101615 7.10916e-05 0.0
0.0101335 7.44954e-05 0.0
0.0101071 7.74731e-05 0.0
0.010082 8.00313e-05 0.0
0.0100582 8.21868e-05 0.0
0.0100356 8.39772e-05 0.0
0.010014 8.54336e-05 0.0
0.00999338 8.65723e-05 0.0
0.00997361 8.74148e-05 0.0
0.00995463 8.79888e-05 0.0
0.00993632 8.83198e-05 0.0
0.0099186 8.8425e-05 0.0
0.00990143 8.83227e-05 0.0
0.00988475 8.80347e-05 0.0
0.00986847 8.75814e-05 0.0
0.00985253 8.69764e-05 0.0
0.00983693 8.62342e-05 0.0
0.00982159 8.53722e-05 0.0
0.00980646 8.44049e-05 0.0
0.00979153 8.33422e-05 0.0
0.00977677 8.21957e-05 0.0
0.00976213 8.09786e-05 0.0
0.00974759 7.97005e-05 0.0
0.00973314 7.83688e-05 0.0
0.00971876 7.69932e-05 0.0
0.00970441 7.5583e-05 0.0
0.00969009 7.41447e-05 0.0
0.0096758 7.26847e-05 0.0
0.00966152 7.1211e-05 0.0
0.00964723 6.97301e-05 0.0
0.00963295 6.82472e-05 0.0
0.00961865 6.67682e-05 0.0
0.00960435 6.52994e-05 0.0
0.00959003 6.3846e-05 0.0
0.00957571 6.24125e-05 0.0
0.00956139 6.10043e-05 0.0
0.00954706 5.96264e-05 0.0
0.00953275 5.82829e-05 0.0
0.00951845 5.69783e-05 0.0
0.00950417 5.57168e-05 0.0
0.00948993 5.45024e-05 0.0
0.00947574 5.33385e-05 0.0
0.00946161 5.22286e-05 0.0
0.00944756 5.11759e-05 0.0
0.00943359 5.01831e-05 0.0
0.00941973 4.92526e-05 0.0
0.009406 4.83866e-05 0.0
0.00939241 4.75869e-05 0.0
0.00937897 4.68545e-05 0.0
0.00936572 4.61905e-05 0.0
0.00935266 4.55952e-05 0.0
0.00933981 4.50686e-05 0.0
0.0093272 4.461e-05 0.0
0.00931484 4.42184e-05 0.0
0.00930274 4.38922e-05 0.0
0.00929094 4.36292e-05 0.0
0.00927942 4.34269e-05 0.0
0.00926824 4.3282e-05 0.0
0.00925737 4.3191e-05 0.0
0.00924686 4.31498e-05 0.0
0.0092367 4.31539e-05 0.0
0.00922691 4.31983e-05 0.0
0.00921749 4.32779e-05 0.0
0.00920847 4.3387e-05 0.0
0.00919981 4.352e-05 0.0
0.00919157 4.36709e-05 0.0
0.00918369 4.38336e-05 0.0
0.00917624 4.40022e-05 0.0
0.00916915 4.41704e-05 0.0
0.00916249 4.43324e-05 0.0
0.00915617 4.44826e-05 0.0
0.00915026 4.46151e-05 0.0
0.00914468 4.47248e-05 0.0
0.00913951 4.4807e-05 0.0
0.00913463 4.48569e-05 0.0
0.00913014 4.487e-05 0.0
0.00912592 4.48434e-05 0.0
0.00912206 4.47736e-05 0.0
0.00911842 4.46574e-05 0.0
0.00911514 4.44924e-05 0.0
0.00911202 4.42777e-05 0.0
0.00910924 4.40108e-05 0.0
0.00910659 4.36897e-05 0.0
0.00910425 4.33149e-05 0.0
0.00910199 4.28856e-05 0.0
0.00910001 4.23976e-05 0.0
0.00909808 4.18518e-05 0.0
0.00909641 4.12482e-05 0.0
0.00909472 4.05782e-05 0.0
0.0090933 3.98377e-05 0.0
0.00909182 3.90291e-05 0.0
0.00909058 3.81335e-05 0.0
0.00908923 3.71283e-05 0.0
0.00908816 3.60407e-05 0.0
0.009087 3.48773e-05 0.0
0.00908612 3.36852e-05 0.0
0.00908509 3.26611e-05 0.0
0.00908434 3.2208e-05 0.0
0.0 0.0 0.0
0.0 0.0 0.0
0.0194228 -0.00126689 0.0
0.0198904 -0.00165422 0.0
0.0201886 -0.00264363 0.0
0.0209149 -0.00321506 0.0
0.0213032 -0.00296545 0.0
0.0211873 -0.00279842 0.0
0.0209094 -0.00235092 0.0
0.0204918 -0.00220306 0.0
0.0200154 -0.00191269 0.0
0.0195718 -0.00161869 0.0
0.0191168 -0.00135657 0.0
0.0185958 -0.00121728 0.0
0.0181087 -0.00101658 0.0
0.0176863 -0.000830495 0.0
0.0172701 -0.000698338 0.0
0.0168475 -0.000596938 0.0
0.0164691 -0.000469345 0.0
0.0161272 -0.000364734 0.0
0.0157928 -0.000289222 0.0
0.0154737 -0.000215415 0.0
0.0151872 -0.000136045 0.0
0.0149191 -7.48908e-05 0.0
0.0146611 -2.4296e-05 0.0
0.0144214 2.88997e-05 0.0
0.014202 7.91826e-05 0.0
0.0139941 0.000119059 0.0
0.0137973 0.00015656 0.0
0.0136157 0.000194948 0.0
0.013447 0.000228968 0.0
0.0132874 0.000258403 0.0
0.0131385 0.000287866 0.0
0.0130012 0.00031665 0.0
0.012873 0.00034228 0.0
0.0127533 0.000366554 0.0
0.0126433 0.000391129 0.0
0.0125423 0.000414614 0.0
0.0124491 0.000436628 0.0
0.0123645 0.000458781 0.0
0.0122884 0.000481071 0.0
0.0122202 0.00050269 0.0
0.0121601 0.000524254 0.0
0.0121087 0.000546497 0.0
0.0120654 0.000568897 0.0
0.0120302 0.000591528 0.0
0.0120042 0.000614943 0.0
0.0119874 0.000639143 0.0
0.0119792 0.000664074 0.0
0.0119804 0.00069006 0.0
0.0119924 0.000716868 0.0
0.0120144 0.000744933 0.0
0.0120466 0.000774615 0.0
0.0120905 0.000805084 0.0
0.0121465 0.000836363 0.0
0.0122143 0.000870165 0.0
0.0122946 0.000905105 0.0
0.0123883 0.000939741 0.0
0.0124963 0.00097641 0.0
0.0126182 0.00101565 0.0
0.0127541 0.00105356 0.0
0.0129052 0.00109137 0.0
0.0130727 0.00113196 0.0
0.0132546 0.0011722 0.0
0.013451 0.00120926 0.0
0.0136643 0.00124697 0.0
0.0138933 0.0012852 0.0
0.0141353 0.00131965 0.0
0.014392 0.00135035 0.0
0.0146638 0.00138042 0.0
0.0149477 0.00140777 0.0
0.0152422 0.00142899 0.0
0.0155482 0.00144537 0.0
0.0158637 0.00145947 0.0
0.0161869 0.00146839 0.0
0.0165154 0.00146874 0.0
0.0168481 0.00146501 0.0
0.017185 0.00145772 0.0
0.017523 0.00144207 0.0
0.0178572 0.00141969 0.0
0.0181898 0.00139461 0.0
0.0185205 0.00136205 0.0
0.018842 0.00132422 0.0
0.0191541 0.00128313 0.0
0.0194597 0.00123498 0.0
0.0197539 0.00118341 0.0
0.0200333 0.00113185 0.0
0.0203001 0.00107223 0.0
0.0205523 0.00100993 0.0
0.0207884 0.000950733 0.0
0.021008 0.000886659 0.0
0.0212089 0.00081905 0.0
0.0213922 0.000754973 0.0
0.0215589 0.000690318 0.0
0.0217051 0.000624421 0.0
0.0218319 0.000560596 0.0
0.0219423 0.000497813 0.0
0.0220337 0.000437184 0.0
0.0221057 0.000379315 0.0
0.0221615 0.000322033 0.0
0.0222004 0.000267589 0.0
0.022222 0.000217885 0.0
0.0222284 0.000168972 0.0
0.02222 0.000121956 0.0
0.0221967 7.93162e-05 0.0
0.02216 3.89836e-05 0.0
0.0221104 -2.50941e-07 0.0
0.022048 -3.65572e-05 0.0
0.021974 -7.04775e-05 0.0
0.0218888 -0.000102917 0.0
0.0217926 -0.000133444 0.0
0.0216862 -0.000162082 0.0
0.02157 -0.000189606 0.0
0.0214442 -0.000215074 0.0
0.0213097 -0.000238703 0.0
0.0211668 -0.00026149 0.0
0.0210154 -0.000282907 0.0
0.0208568 -0.000301727 0.0
0.0206915 -0.000319436 0.0
0.0205191 -0.000336376 0.0
0.0203404 -0.000351201 0.0
0.0201571 -0.000364173 0.0
0.0199683 -0.000376321 0.0
0.0197742 -0.000387008 0.0
0.0195767 -0.000396594 0.0
0.0193757 -0.000404598 0.0
0.0191705 -0.00041104 0.0
0.0189625 -0.000417459 0.0
0.0187524 -0.000422785 0.0
0.0185398 -0.000425727 0.0
0.0183252 -0.000428518 0.0
0.018109 -0.000431553 0.0
0.0178918 -0.00043236 0.0
0.0176738 -0.000431963 0.0
0.0174549 -0.000432113 0.0
0.0172355 -0.000431336 0.0
0.0170166 -0.000429053 0.0
0.0167979 -0.000426501 0.0
0.0165791 -0.000423697 0.0
0.0163613 -0.000420372 0.0
0.0161446 -0.000416203 0.0
0.0159288 -0.000411438 0.0
0.015714 -0.000406924 0.0
0.0155008 -0.000402068 0.0
0.0152892 -0.000396105 0.0
0.0150793 -0.000390362 0.0
0.0148709 -0.000384881 0.0
0.0146645 -0.000378454 0.0
0.0144602 -0.000371835 0.0
0.0142579 -0.000365567 0.0
0.0140575 -0.000358822 0.0
0.0138597 -0.000351675 0.0
0.0136641 -0.000344626 0.0
0.0134707 -0.000337397 0.0
0.01328 -0.000329808 0.0
0.0130919 -0.000322019 0.0
0.0129063 -0.00031413 0.0
0.0127236 -0.000306008 0.0
0.0125438 -0.000297504 0.0
0.0123668 -0.000288779 0.0
0.0121929 -0.000279958 0.0
0.0120224 -0.000270741 0.0
0.0118552 -0.000261115 0.0
0.0116912 -0.00025137 0.0
0.011531 -0.000241393 0.0
0.0113745 -0.00023092 0.0
0.0112218 -0.000220187 0.0
0.0110729 -0.000209333 0.0
0.0109283 -0.000198122 0.0
0.010788 -0.000186565 0.0
0.0106519 -0.000174898 0.0
0.0105201 -0.000163054 0.0
0.010393 -0.000150966 0.0
0.0102706 -0.000138813 0.0
0.0101527 -0.000126614 0.0
0.0100395 -0.000114318 0.0
0.00993132 -0.000102109 0.0
0.00982783 -9.00329e-05 0.0
0.00972888 -7.79548e-05 0.0
0.00963476 -6.60837e-05 0.0
0.0095455 -5.45964e-05 0.0
0.00946068 -4.32618e-05 0.0
0.00938027 -3.21278e-05 0.0
0.00930444 -2.15396e-05 0.0
0.00923296 -1.13571e-05 0.0
0.00916549 -1.38792e-06 0.0
0.00910205 8.08014e-06 0.0
0.00904259 1.6935e-05 0.0
0.00898683 2.54452e-05 0.0
0.00893455 3.35651e-05 0.0
0.00888565 4.1066e-05 0.0
0.00884004 4.80536e-05 0.0
0.00879746 5.46767e-05 0.0
0.00875769 6.08002e-05 0.0
0.00872061 6.6365e-05 0.0
0.00868612 7.15052e-05 0.0
0.00865399 7.62475e-05 0.0
0.00862398 8.0506e-05 0.0
0.00859604 8.43147e-05 0.0
0.00857004 8.77533e-05 0.0
0.00854574 9.08108e-05 0.0
0.008523 9.34664e-05 0.0
0.00850175 9.57682e-05 0.0
0.00848187 9.77527e-05 0.0
0.00846316 9.94173e-05 0.0
0.00844552 0.000100772 0.0
0.00842891 0.000101854 0.0
0.00841319 0.000102681 0.0
0.00839821 0.000103265 0.0
0.00838394 0.000103621 0.0
0.00837032 0.000103773 0.0
0.00835722 0.000103739 0.0
0.00834457 0.00010353 0.0
0.00833234 0.000103162 0.0
0.00832047 0.000102652 0.0
0.00830887 0.000102014 0.0
0.00829751 0.000101259 0.0
0.00828637 0.000100398 0.0
0.00827538 9.94449e-05 0.0
0.00826451 9.84104e-05 0.0
0.00825373 9.7302e-05 0.0
0.00824302 9.61286e-05 0.0
0.00823235 9.49008e-05 0.0
0.00822168 9.36255e-05 0.0
0.00821102 9.23083e-05 0.0
0.00820034 9.09567e-05 0.0
0.00818962 8.9578e-05 0.0
0.00817886 8.81766e-05 0.0
0.00816804 8.67574e-05 0.0
0.00815716 8.53264e-05 0.0
0.0081462 8.38886e-05 0.0
0.00813518 8.24474e-05 0.0
0.00812408 8.10073e-05 0.0
0.0081129 7.95729e-05 0.0
0.00810165 7.81479e-05 0.0
0.00809033 7.67355e-05 0.0
0.00807893 7.53397e-05 0.0
0.00806748 7.39641e-05 0.0
0.00805597 7.26117e-05 0.0
0.00804441 7.12856e-05 0.0
0.00803281 6.99891e-05 0.0
0.00802119 6.87251e-05 0.0
0.00800954 6.7496e-05 0.0
0.0079979 6.63045e-05 0.0
0.00798626 6.51532e-05 0.0
0.00797465 6.4044e-05 0.0
0.00796307 6.2979e-05 0.0
0.00795156 6.19599e-05 0.0
0.00794011 6.09882e-05 0.0
0.00792875 6.00652e-05 0.0
0.0079175 5.91917e-05 0.0
0.00790637 5.83685e-05 0.0
0.00789538 5.75958e-05 0.0
0.00788456 5.68736e-05 0.0
0.0078739 5.62015e-05 0.0
0.00786345 5.55788e-05 0.0
0.0078532 5.50045e-05 0.0
0.00784318 5.4477e-05 0.0
0.0078334 5.39945e-05 0.0
0.00782389 5.35549e-05 0.0
0.00781463 5.31556e-05 0.0
0.00780568 5.27937e-05 0.0
0.007797 5.2466e-05 0.0
0.00778864 5.21692e-05 0.0
0.00778058 5.18995e-05 0.0
0.00777287 5.16529e-05 0.0
0.00776545 5.14254e-05 0.0
0.0077584 5.12128e-05 0.0
0.00775165 5.10108e-05 0.0
0.00774526 5.08149e-05 0.0
0.00773917 5.06208e-05 0.0
0.00773346 5.04246e-05 0.0
0.00772803 5.02218e-05 0.0
0.00772296 5.00083e-05 0.0
0.00771816 4.97806e-05 0.0
0.00771372 4.95352e-05 0.0
0.00770952 4.92682e-05 0.0
0.00770567 4.8977e-05 0.0
0.00770202 4.86592e-05 0.0
0.00769871 4.83121e-05 0.0
0.00769557 4.79327e-05 0.0
0.00769274 4.75204e-05 0.0
0.00769006 4.70742e-05 0.0
0.00768766 4.65907e-05 0.0
0.00768537 4.60692e-05 0.0
0.00768335 4.55113e-05 0.0
0.00768138 4.49143e-05 0.0
0.00767968 4.42739e-05 0.0
0.00767798 4.35919e-05 0.0
0.00767653 4.2869e-05 0.0
0.00767505 4.20955e-05 0.0
0.00767379 4.1264e-05 0.0
0.00767245 4.03731e-05 0.0
0.00767133 3.94155e-05 0.0
0.0076701 3.83655e-05 0.0
0.00766906 3.72e-05 0.0
0.0076679 3.59278e-05 0.0
0.00766702 3.46876e-05 0.0
0.007666 3.36083e-05 0.0
0.00766525 3.30856e-05 0.0
0.0 0.0 0.0
0.0 0.0 0.0
0.0188279 -0.00129599 0.0
0.0198334 -0.00274165 0.0
0.0212479 -0.00314869 0.0
0.0215163 -0.00364014 0.0
0.0207013 -0.00253341 0.0
0.0197652 -0.00229024 0.0
0.0193253 -0.00195551 0.0
0.0187714 -0.00163339 0.0
0.0179085 -0.00125189 0.0
0.0171597 -0.0010822 0.0
0.0166535 -0.000853397 0.0
0.0160989 -0.000658091 0.0
0.0155007 -0.000512668 0.0
0.0150165 -0.00040581 0.0
0.0146131 -0.000276283 0.0
0.014188 -0.000179968 0.0
0.0137901 -0.000108293 0.0
0.0134589 -3.73036e-05 0.0
0.0131505 3.41107e-05 0.0
0.0128431 8.51188e-05 0.0
0.0125693 0.000129994 0.0
0.0123275 0.000176744 0.0
0.0120944 0.000217535 0.0
0.0118729 0.000249194 0.0
0.0116758 0.000280581 0.0
0.0114935 0.00031135 0.0
0.0113188 0.000337004 0.0
0.0111573 0.000359615 0.0
0.011011 0.00038253 0.0
0.0108733 0.000403749 0.0
0.0107437 0.000422138 0.0
0.0106255 0.00043988 0.0
0.0105169 0.000457479 0.0
0.0104152 0.000473623 0.0
0.0103218 0.000488671 0.0
0.0102374 0.000503793 0.0
0.0101602 0.000518557 0.0
0.0100899 0.000532578 0.0
0.0100276 0.000546516 0.0
0.00997301 0.000560685 0.0
0.00992503 0.000574659 0.0
0.0098845 0.00058863 0.0
0.00985212 0.000602983 0.0
0.00982695 0.000617702 0.0
0.00980911 0.000632674 0.0
0.00979988 0.000648075 0.0
0.0097991 0.000664077 0.0
0.0098062 0.000680898 0.0
0.00982233 0.000698213 0.0
0.00984826 0.000715974 0.0
0.00988353 0.000734932 0.0
0.00992859 0.00075505 0.0
0.00998445 0.000775073 0.0
0.0100513 0.00079598 0.0
0.0101296 0.00081888 0.0
0.0102196 0.000841886 0.0
0.0103216 0.000864284 0.0
0.0104366 0.00088884 0.0
0.0105652 0.000914408 0.0
0.010706 0.000938254 0.0
0.01086 0.000962427 0.0
0.0110292 0.000988482 0.0
0.0112117 0.00101269 0.0
0.0114059 0.00103499 0.0
0.0116146 0.00105792 0.0
0.0118377 0.00107972 0.0
0.0120712 0.00109822 0.0
0.0123156 0.00111518 0.0
0.0125733 0.0011302 0.0
0.0128406 0.00114193 0.0
0.0131144 0.0011508 0.0
0.0133966 0.00115585 0.0
0.0136865 0.00115693 0.0
0.0139795 0.00115549 0.0
0.0142746 0.00114977 0.0
0.0145723 0.0011378 0.0
0.0148698 0.00112372 0.0
0.0151644 0.00110714 0.0
0.0154554 0.00108355 0.0
0.0157407 0.00105568 0.0
0.0160192 0.00102835 0.0
0.0162901 0.000995521 0.0
0.0165492 0.000957091 0.0
0.0167964 0.000919239 0.0
0.0170336 0.000879206 0.0
0.0172563 0.000834479 0.0
0.0174618 0.000789936 0.0
0.0176539 0.000743966 0.0
0.0178307 0.000696315 0.0
0.0179893 0.000649601 0.0
0.0181308 0.000601505 0.0
0.0182556 0.000553177 0.0
0.0183634 0.000507432 0.0
0.0184541 0.000461407 0.0
0.0185267 0.000415636 0.0
0.0185827 0.000373048 0.0
0.018624 0.000331377 0.0
0.018649 0.000290795 0.0
0.0186574 0.000253434 0.0
0.0186527 0.000217278 0.0
0.0186349 0.000182391 0.0
0.0186031 0.00015101 0.0
0.0185586 0.000120894 0.0
0.0185032 9.1566e-05 0.0
0.018437 6.49979e-05 0.0
0.0183602 4.0453e-05 0.0
0.0182731 1.63244e-05 0.0
0.0181771 -6.30672e-06 0.0
0.018073 -2.69673e-05 0.0
0.0179603 -4.65174e-05 0.0
0.0178391 -6.53668e-05 0.0
0.0177111 -8.29201e-05 0.0
0.0175769 -9.92007e-05 0.0
0.0174355 -0.00011419 0.0
0.0172875 -0.000128336 0.0
0.0171346 -0.00014175 0.0
0.0169767 -0.000153699 0.0
0.0168134 -0.000164004 0.0
0.0166457 -0.000174181 0.0
0.0164743 -0.000183603 0.0
0.0162996 -0.000190892 0.0
0.0161215 -0.000197547 0.0
0.0159404 -0.000204393 0.0
0.0157569 -0.000209532 0.0
0.0155722 -0.000213535 0.0
0.0153853 -0.000217573 0.0
0.0151963 -0.000220757 0.0
0.0150069 -0.000223003 0.0
0.0148173 -0.000224809 0.0
0.0146262 -0.000225848 0.0
0.0144347 -0.00022645 0.0
0.014244 -0.000226846 0.0
0.0140533 -0.000226103 0.0
0.0138627 -0.000224903 0.0
0.0136727 -0.000224036 0.0
0.0134838 -0.000222288 0.0
0.0132961 -0.000219626 0.0
0.0131092 -0.000217368 0.0
0.0129234 -0.000214878 0.0
0.0127396 -0.000211531 0.0
0.0125574 -0.000208108 0.0
0.0123764 -0.000204773 0.0
0.0121972 -0.000201115 0.0
0.0120204 -0.000197135 0.0
0.0118452 -0.00019299 0.0
0.0116719 -0.000188959 0.0
0.0115008 -0.000184765 0.0
0.011332 -0.000180124 0.0
0.0111652 -0.000175606 0.0
0.0110005 -0.000171161 0.0
0.0108383 -0.000166247 0.0
0.0106784 -0.000161259 0.0
0.0105208 -0.000156432 0.0
0.0103657 -0.000151238 0.0
0.0102132 -0.000145816 0.0
0.0100633 -0.000140503 0.0
0.00991593 -0.000134963 0.0
0.00977142 -0.000129081 0.0
0.00962978 -0.000123198 0.0
0.00949091 -0.000117219 0.0
0.00935509 -0.000110886 0.0
0.00922247 -0.000104374 0.0
0.00909296 -9.78402e-05 0.0
0.00896669 -9.10687e-05 0.0
0.0088439 -8.39976e-05 0.0
0.00872461 -7.68365e-05 0.0
0.00860882 -6.96153e-05 0.0
0.00849673 -6.21473e-05 0.0
0.00838842 -5.44754e-05 0.0
0.00828393 -4.68135e-05 0.0
0.00818333 -3.91257e-05 0.0
0.00808666 -3.12414e-05 0.0
0.00799398 -2.33032e-05 0.0
0.00790536 -1.55387e-05 0.0
0.00782075 -7.7924e-06 0.0
0.00774007 6.52236e-08 0.0
0.00766344 7.73155e-06 0.0
0.00759084 1.50892e-05 0.0
0.00752205 2.24454e-05 0.0
0.00745704 2.97211e-05 0.0
0.00739587 3.65568e-05 0.0
0.00733837 4.31224e-05 0.0
0.00728431 4.96505e-05 0.0
0.00723368 5.58248e-05 0.0
0.00718643 6.1522e-05 0.0
0.0071423 6.7046e-05 0.0
0.00710115 7.23637e-05 0.0
0.00706289 7.72012e-05 0.0
0.0070274 8.16804e-05 0.0
0.00699448 8.59771e-05 0.0
0.00696395 8.99315e-05 0.0
0.0069357 9.3457e-05 0.0
0.00690964 9.67196e-05 0.0
0.00688556 9.97429e-05 0.0
0.00686328 0.000102408 0.0
0.00684273 0.000104748 0.0
0.0068238 0.000106863 0.0
0.0068063 0.000108719 0.0
0.00679007 0.000110276 0.0
0.0067751 0.000111591 0.0
0.00676124 0.000112702 0.0
0.00674833 0.000113583 0.0
0.00673628 0.000114239 0.0
0.00672508 0.00011471 0.0
0.00671457 0.00011501 0.0
0.00670464 0.00011513 0.0
0.00669525 0.000115088 0.0
0.00668637 0.000114906 0.0
0.00667787 0.000114593 0.0
0.00666968 0.000114152 0.0
0.0066618 0.000113598 0.0
0.00665417 0.000112944 0.0
0.00664669 0.000112199 0.0
0.00663936 0.000111367 0.0
0.00663215 0.00011046 0.0
0.00662501 0.000109486 0.0
0.0066179 0.000108454 0.0
0.00661081 0.000107366 0.0
0.00660371 0.000106232 0.0
0.00659658 0.000105058 0.0
0.0065894 0.000103849 0.0
0.00658216 0.000102608 0.0
0.00657485 0.000101341 0.0
0.00656744 0.000100054 0.0
0.00655994 9.87487e-05 0.0
0.00655233 9.74291e-05 0.0
0.00654461 9.60993e-05 0.0
0.00653678 9.47626e-05 0.0
0.00652883 9.34213e-05 0.0
0.00652077 9.20786e-05 0.0
0.00651258 9.07375e-05 0.0
0.00650428 8.94006e-05 0.0
0.00649587 8.80698e-05 0.0
0.00648735 8.6748e-05 0.0
0.00647872 8.54376e-05 0.0
0.00647 8.41404e-05 0.0
0.00646119 8.28587e-05 0.0
0.0064523 8.15945e-05 0.0
0.00644333 8.035e-05 0.0
0.0064343 7.91267e-05 0.0
0.00642523 7.79266e-05 0.0
0.00641611 7.67513e-05 0.0
0.00640697 7.56024e-05 0.0
0.00639782 7.44813e-05 0.0
0.00638866 7.33893e-05 0.0
0.00637953 7.23276e-05 0.0
0.00637042 7.12973e-05 0.0
0.00636136 7.02991e-05 0.0
0.00635236 6.93337e-05 0.0
0.00634345 6.84018e-05 0.0
0.00633462 6.75033e-05 0.0
0.0063259 6.66386e-05 0.0
0.00631731 6.58074e-05 0.0
0.00630886 6.50093e-05 0.0
0.00630056 6.42436e-05 0.0
0.00629245 6.35096e-05 0.0
0.0062845 6.28062e-05 0.0
0.00627677 6.21319e-05 0.0
0.00626923 6.14853e-05 0.0
0.00626193 6.08645e-05 0.0
0.00625484 6.02675e-05 0.0
0.00624801 5.96922e-05 0.0
0.00624142 5.91362e-05 0.0
0.0062351 5.85971e-05 0.0
0.00622902 5.80721e-05 0.0
0.00622323 5.75587e-05 0.0
0.00621768 5.70539e-05 0.0
0.00621244 5.6555e-05 0.0
0.00620742 5.60593e-05 0.0
0.00620272 5.55639e-05 0.0
0.00619824 5.50659e-05 0.0
0.00619407 5.45631e-05 0.0
0.0061901 5.40527e-05 0.0
0.00618644 5.35322e-05 0.0
0.00618296 5.29996e-05 0.0
0.00617978 5.24531e-05 0.0
0.00617676 5.18901e-05 0.0
0.00617402 5.13093e-05 0.0
0.00617142 5.07097e-05 0.0
0.00616908 5.00897e-05 0.0
0.00616685 4.94471e-05 0.0
0.00616487 4.87823e-05 0.0
0.00616295 4.80951e-05 0.0
0.00616128 4.7382e-05 0.0
0.00615963 4.66425e-05 0.0
0.00615822 4.58796e-05 0.0
0.00615679 4.50881e-05 0.0
0.00615557 4.42623e-05 0.0
0.00615431 4.34062e-05 0.0
0.00615325 4.25165e-05 0.0
0.00615208 4.15699e-05 0.0
0.0061511 4.05646e-05 0.0
0.00614999 3.9502e-05 0.0
0.00614901 3.83305e-05 0.0
0.00614784 3.70171e-05 0.0
0.00614691 3.56835e-05 0.0
0.00614593 3.44989e-05 0.0
0.0061452 3.39717e-05 0.0
0.0 0.0 0.0
0.0 0.0 0.0
0.0196724 -0.00140157 0.0
0.0207837 -0.00474597 0.0
0.020552 -0.00314052 0.0
0.0190136 -0.00245478 0.0
0.0180872 -0.00170202 0.0
0.0172988 -0.00145916 0.0
0.0161193 -0.00115124 0.0
0.015092 -0.000789186 0.0
0.0144682 -0.000514834 0.0
0.0138032 -0.000395317 0.0
0.0130721 -0.000269421 0.0
0.0125154 -0.000101826 0.0
0.0120869 -6.39786e-06 0.0
0.0116238 4.85867e-05 0.0
0.0111931 0.000119895 0.0
0.0108565 0.000197936 0.0
0.0105488 0.000235721 0.0
0.0102362 0.000270293 0.0
0.00996535 0.000313436 0.0
0.00973493 0.000350572 0.0
0.00951105 0.000370431 0.0
0.009298 0.000395125 0.0
0.00911367 0.000420854 0.0
0.0089453 0.000440158 0.0
0.00878236 0.000453968 0.0
0.00863312 0.000471601 0.0
0.00850027 0.000487135 0.0
0.00837502 0.000499004 0.0
0.00825671 0.000509945 0.0
0.00814972 0.000522447 0.0
0.00805199 0.000532605 0.0
0.00795989 0.00054142 0.0
0.00787513 0.000550489 0.0
0.00779868 0.000559723 0.0
0.00772839 0.00056743 0.0
0.00766372 0.000575044 0.0
0.00760596 0.00058293 0.0
0.00755448 0.000590518 0.0
0.00750841 0.000597495 0.0
0.00746847 0.000604849 0.0
0.00743484 0.000612281 0.0
0.00740675 0.000619564 0.0
0.00738466 0.000626888 0.0
0.00736925 0.000634588 0.0
0.0073599 0.000642404 0.0
0.00735663 0.000650508 0.0
0.00736061 0.000658769 0.0
0.00737175 0.000667357 0.0
0.00738956 0.000676564 0.0
0.00741497 0.000686121 0.0
0.00744883 0.000695487 0.0
0.00749073 0.000705793 0.0
0.00754086 0.000717044 0.0
0.00760015 0.000727753 0.0
0.00766909 0.000738533 0.0
0.00774767 0.000751238 0.0
0.00783595 0.00076372 0.0
0.00793453 0.000774911 0.0
0.00804437 0.000787515 0.0
0.00816501 0.000801451 0.0
0.00829583 0.000813178 0.0
0.00843805 0.000824388 0.0
0.00859228 0.000837438 0.0
0.00875668 0.000849416 0.0
0.00893111 0.000858509 0.0
0.00911684 0.00086802 0.0
0.00931284 0.000877777 0.0
0.00951705 0.000884462 0.0
0.00972965 0.000888695 0.0
0.00995058 0.000892918 0.0
0.0101784 0.000895494 0.0
0.0104108 0.000894077 0.0
0.010647 0.000890728 0.0
0.0108872 0.000886447 0.0
0.0111295 0.000878964 0.0
0.01137 0.00086795 0.0
0.0116091 0.000855748 0.0
0.0118477 0.000840659 0.0
0.012081 0.000822987 0.0
0.0123066 0.000803808 0.0
0.0125271 0.000781488 0.0
0.0127401 0.000756693 0.0
0.0129416 0.000732923 0.0
0.0131329 0.000705544 0.0
0.0133135 0.000674888 0.0
0.0134811 0.000646754 0.0
0.0136359 0.000617606 0.0
0.0137767 0.000584173 0.0
0.0139025 0.000552779 0.0
0.0140154 0.000522609 0.0
0.0141132 0.00049022 0.0
0.0141948 0.000458428 0.0
0.0142628 0.000427948 0.0
0.0143171 0.00039787 0.0
0.0143558 0.000368882 0.0
0.0143812 0.000340287 0.0
0.0143939 0.000312637 0.0
0.0143932 0.000287547 0.0
0.0143807 0.000262889 0.0
0.0143572 0.000238542 0.0
0.0143222 0.000216844 0.0
0.0142773 0.000196517 0.0
0.0142234 0.000176121 0.0
0.0141603 0.000157592 0.0
0.0140886 0.000140605 0.0
0.0140097 0.000123974 0.0
0.0139237 0.00010832 0.0
0.0138306 9.41101e-05 0.0
0.0137312 8.02632e-05 0.0
0.0136261 6.71767e-05 0.0
0.0135157 5.52708e-05 0.0
0.0134 4.39525e-05 0.0
0.0132792 3.29117e-05 0.0
0.0131542 2.30695e-05 0.0
0.0130256 1.40448e-05 0.0
0.0128928 5.31016e-06 0.0
0.0127561 -2.78423e-06 0.0
0.0126173 -9.80066e-06 0.0
0.0124758 -1.62849e-05 0.0
0.0123311 -2.22491e-05 0.0
0.0121847 -2.77656e-05 0.0
0.0120372 -3.25097e-05 0.0
0.0118877 -3.63236e-05 0.0
0.0117367 -4.01297e-05 0.0
0.0115852 -4.38537e-05 0.0
0.0114332 -4.61185e-05 0.0
0.0112805 -4.80411e-05 0.0
0.0111274 -5.05954e-05 0.0
0.0109744 -5.21479e-05 0.0
0.0108218 -5.26277e-05 0.0
0.0106695 -5.35991e-05 0.0
0.0105173 -5.44768e-05 0.0
0.010366 -5.42961e-05 0.0
0.010216 -5.39431e-05 0.0
0.0100665 -5.36777e-05 0.0
0.00991793 -5.31074e-05 0.0
0.00977108 -5.21259e-05 0.0
0.00962547 -5.08001e-05 0.0
0.00948105 -4.95284e-05 0.0
0.00933828 -4.83209e-05 0.0
0.00919719 -4.64725e-05 0.0
0.00905774 -4.44693e-05 0.0
0.00891992 -4.28862e-05 0.0
0.00878381 -4.09158e-05 0.0
0.00864965 -3.8505e-05 0.0
0.00851733 -3.64324e-05 0.0
0.00838669 -3.43067e-05 0.0
0.00825805 -3.17841e-05 0.0
0.00813144 -2.93147e-05 0.0
0.00800663 -2.6906e-05 0.0
0.00788381 -2.43082e-05 0.0
0.00776311 -2.15742e-05 0.0
0.00764437 -1.88332e-05 0.0
0.0075277 -1.60705e-05 0.0
0.00741324 -1.3146e-05 0.0
0.00730089 -1.00589e-05 0.0
0.00719071 -7.02492e-06 0.0
0.00708288 -3.9152e-06 0.0
0.00697738 -5.36985e-07 0.0
0.00687418 2.87958e-06 0.0
0.00677344 6.23738e-06 0.0
0.00667529 9.83106e-06 0.0
0.00657968 1.36175e-05 0.0
0.00648663 1.73414e-05 0.0
0.00639635 2.11338e-05 0.0
0.00630892 2.51674e-05 0.0
0.00622426 2.92506e-05 0.0
0.00614242 3.33014e-05 0.0
0.00606364 3.74683e-05 0.0
0.00598792 4.17445e-05 0.0
0.00591512 4.60108e-05 0.0
0.00584537 5.02753e-05 0.0
0.00577887 5.45532e-05 0.0
0.00571545 5.88285e-05 0.0
0.00565498 6.30982e-05 0.0
0.00559768 6.72771e-05 0.0
0.00554357 7.13345e-05 0.0
0.00549236 7.53851e-05 0.0
0.00544403 7.93696e-05 0.0
0.00539876 8.31024e-05 0.0
0.00535636 8.67089e-05 0.0
0.00531656 9.03097e-05 0.0
0.00527945 9.36793e-05 0.0
0.00524501 9.67584e-05 0.0
0.005213 9.9783e-05 0.0
0.00518325 0.00010269 0.0
0.00515579 0.000105273 0.0
0.00513051 0.000107656 0.0
0.0051072 0.000109974 0.0
0.00508574 0.000112065 0.0
0.00506608 0.000113874 0.0
0.00504811 0.000115555 0.0
0.00503166 0.000117109 0.0
0.00501659 0.000118419 0.0
0.00500288 0.000119529 0.0
0.00499042 0.000120525 0.0
0.00497902 0.000121364 0.0
0.00496861 0.000122002 0.0
0.00495916 0.000122498 0.0
0.00495055 0.00012288 0.0
0.00494263 0.000123115 0.0
0.00493536 0.000123202 0.0
0.00492873 0.000123181 0.0
0.00492259 0.000123056 0.0
0.00491686 0.000122815 0.0
0.00491152 0.000122468 0.0
0.00490654 0.000122037 0.0
0.00490181 0.000121524 0.0
0.00489728 0.000120925 0.0
0.00489295 0.000120253 0.0
0.00488877 0.00011952 0.0
0.00488466 0.000118725 0.0
0.00488062 0.000117873 0.0
0.00487663 0.000116971 0.0
0.00487265 0.000116027 0.0
0.00486864 0.000115041 0.0
0.00486461 0.000114018 0.0
0.00486053 0.000112964 0.0
0.00485638 0.000111882 0.0
0.00485214 0.000110775 0.0
0.00484781 0.000109645 0.0
0.00484339 0.000108497 0.0
0.00483884 0.000107333 0.0
0.00483418 0.000106155 0.0
0.00482941 0.000104965 0.0
0.0048245 0.000103766 0.0
0.00481946 0.00010256 0.0
0.0048143 0.000101349 0.0
0.00480901 0.000100133 0.0
0.00480359 9.89165e-05 0.0
0.00479804 9.76992e-05 0.0
0.00479236 9.64828e-05 0.0
0.00478657 9.52691e-05 0.0
0.00478066 9.40596e-05 0.0
0.00477464 9.28553e-05 0.0
0.00476851 9.16575e-05 0.0
0.00476229 9.04678e-05 0.0
0.00475598 8.92871e-05 0.0
0.00474958 8.81166e-05 0.0
0.00474311 8.69573e-05 0.0
0.00473658 8.58106e-05 0.0
0.00472999 8.46772e-05 0.0
0.00472336 8.35581e-05 0.0
0.0047167 8.24543e-05 0.0
0.00471001 8.13665e-05 0.0
0.00470332 8.02955e-05 0.0
0.00469662 7.92419e-05 0.0
0.00468995 7.82063e-05 0.0
0.0046833 7.71892e-05 0.0
0.0046767 7.6191e-05 0.0
0.00467015 7.52119e-05 0.0
0.00466367 7.42521e-05 0.0
0.00465726 7.33115e-05 0.0
0.00465095 7.23901e-05 0.0
0.00464474 7.14876e-05 0.0
0.00463865 7.06038e-05 0.0
0.00463268 6.97379e-05 0.0
0.00462686 6.88894e-05 0.0
0.00462118 6.80576e-05 0.0
0.00461567 6.72415e-05 0.0
0.00461031 6.644e-05 0.0
0.00460514 6.56521e-05 0.0
0.00460014 6.48764e-05 0.0
0.00459535 6.41118e-05 0.0
0.00459072 6.33567e-05 0.0
0.00458632 6.26096e-05 0.0
0.00458209 6.18691e-05 0.0
0.00457809 6.11337e-05 0.0
0.00457426 6.04015e-05 0.0
0.00457066 5.96713e-05 0.0
0.00456723 5.89413e-05 0.0
0.00456404 5.82104e-05 0.0
0.00456099 5.74766e-05 0.0
0.00455818 5.67388e-05 0.0
0.00455551 5.59958e-05 0.0
0.00455306 5.52464e-05 0.0
0.00455074 5.44888e-05 0.0
0.00454863 5.37229e-05 0.0
0.00454662 5.29476e-05 0.0
0.00454482 5.21614e-05 0.0
0.00454309 5.13636e-05 0.0
0.00454156 5.05549e-05 0.0
0.00454008 4.97336e-05 0.0
0.00453879 4.88978e-05 0.0
0.00453751 4.80486e-05 0.0
0.00453641 4.71866e-05 0.0
0.0045353 4.63073e-05 0.0
0.00453436 4.54085e-05 0.0
0.00453336 4.44925e-05 0.0
0.00453253 4.35554e-05 0.0
0.00453162 4.25839e-05 0.0
0.00453081 4.15689e-05 0.0
0.00452986 4.05057e-05 0.0
0.00452905 3.93796e-05 0.0
0.00452801 3.81451e-05 0.0
0.00452698 3.67367e-05 0.0
0.00452585 3.53969e-05 0.0
0.00452501 3.48716e-05 0.0
0.0 0.0 0.0
0.0 0.0 0.0
0.0196902 -0.00298693 0.0
0.0198564 -0.00390048 0.0
0.0173002 -0.00135436 0.0
0.0144847 -0.000458985 0.0
0.0131219 -0.000962358 0.0
0.0123062 -0.000395627 0.0
0.0112112 -3.84804e-05 0.0
0.0102361 3.73538e-05 0.0
0.00965139 2.09867e-05 0.0
0.00912854 0.000275469 0.0
0.00857317 0.000310741 0.0
0.00814179 0.000323982 0.0
0.00782054 0.000366127 0.0
0.00749267 0.000455739 0.0
0.00718525 0.000446575 0.0
0.00694548 0.000466919 0.0
0.00673402 0.000497978 0.0
0.00652168 0.000525597 0.0
0.00633535 0.000520587 0.0
0.0061793 0.000539898 0.0
0.00603066 0.000555226 0.0
0.0058887 0.000563805 0.0
0.00576548 0.000565272 0.0
0.00565488 0.000578522 0.0
0.0055484 0.00058495 0.0
0.00545043 0.000588963 0.0
0.0053637 0.000592818 0.0
0.00528287 0.000600557 0.0
0.00520641 0.000603449 0.0
0.00513729 0.000606624 0.0
0.00507474 0.000610391 0.0
0.00501609 0.000614727 0.0
0.00496202 0.00061664 0.0
0.00491363 0.000619566 0.0
0.00486957 0.000622559 0.0
0.00482905 0.000625252 0.0
0.00479304 0.000627129 0.0
0.00476157 0.000629824 0.0
0.00473363 0.000632188 0.0
0.00470945 0.00063437 0.0
0.0046898 0.000636492 0.0
0.00467414 0.000638996 0.0
0.00466207 0.000641179 0.0
0.00465439 0.0006435 0.0
0.00465138 0.000645862 0.0
0.00465239 0.000648419 0.0
0.00465776 0.000650924 0.0
0.00466831 0.000653541 0.0
0.00468385 0.00065617 0.0
0.00470419 0.000659263 0.0
0.00473 0.000662175 0.0
0.00476167 0.000664955 0.0
0.00479923 0.000668256 0.0
0.00484283 0.000671982 0.0
0.00489269 0.000674787 0.0
0.00494936 0.000677978 0.0
0.00501334 0.000682097 0.0
0.00508399 0.000685519 0.0
0.00516149 0.000687986 0.0
0.00524726 0.00069178 0.0
0.00534087 0.00069546 0.0
0.00544077 0.000697594 0.0
0.00554846 0.000699787 0.0
0.00566495 0.000702761 0.0
0.00578786 0.000704293 0.0
0.00591653 0.000704796 0.0
0.00605323 0.000705321 0.0
0.00619663 0.000705205 0.0
0.006344 0.000703958 0.0
0.00649624 0.000701452 0.0
0.00665413 0.000697902 0.0
0.00681474 0.000693993 0.0
0.00697673 0.000688982 0.0
0.00714086 0.000681092 0.0
0.00730598 0.000673123 0.0
0.00746984 0.000665267 0.0
0.00763196 0.000654476 0.0
0.00779141 0.000641295 0.0
0.00794716 0.000630054 0.0
0.00809876 0.000616965 0.0
0.00824401 0.000600633 0.0
0.00838179 0.000584901 0.0
0.00851374 0.000569922 0.0
0.00863791 0.00055177 0.0
0.00875112 0.000533759 0.0
0.00885585 0.000516031 0.0
0.00895248 0.000497076 0.0
0.00903756 0.000478435 0.0
0.00911167 0.000459833 0.0
0.00917652 0.000439874 0.0
0.00923078 0.000421573 0.0
0.00927434 0.000403667 0.0
0.00930739 0.000384369 0.0
0.00933028 0.000366541 0.0
0.0093442 0.000349872 0.0
0.00934867 0.000332588 0.0
0.00934307 0.000316318 0.0
0.0093297 0.000301121 0.0
0.00930912 0.000285728 0.0
0.00928011 0.000271836 0.0
0.00924384 0.000258655 0.0
0.00920192 0.000245152 0.0
0.00915392 0.000232925 0.0
0.00910001 0.000222085 0.0
0.009041 0.000210665 0.0
0.00897744 0.000199864 0.0
0.00890969 0.000190343 0.0
0.00883784 0.000181187 0.0
0.00876191 0.000171905 0.0
0.00868278 0.000163456 0.0
0.00860087 0.000155535 0.0
0.00851572 0.000148112 0.0
0.00842753 0.000140928 0.0
0.00833734 0.000134051 0.0
0.00824513 0.000127659 0.0
0.00815052 0.00012221 0.0
0.00805408 0.000116608 0.0
0.0079564 0.000111066 0.0
0.00785739 0.000106594 0.0
0.00775718 0.00010271 0.0
0.00765596 9.81953e-05 0.0
0.00755399 9.43615e-05 0.0
0.00745185 9.14718e-05 0.0
0.0073493 8.83721e-05 0.0
0.00724603 8.52984e-05 0.0
0.00714303 8.29149e-05 0.0
0.00704062 8.07012e-05 0.0
0.00693789 7.8735e-05 0.0
0.00683525 7.69744e-05 0.0
0.00673366 7.51644e-05 0.0
0.00663264 7.39332e-05 0.0
0.00653186 7.3116e-05 0.0
0.00643194 7.18503e-05 0.0
0.00633309 7.08275e-05 0.0
0.00623513 7.06934e-05 0.0
0.00613805 7.02565e-05 0.0
0.00604191 6.95385e-05 0.0
0.00594708 6.95022e-05 0.0
0.00585358 6.97453e-05 0.0
0.00576096 6.96214e-05 0.0
0.00566952 6.96381e-05 0.0
0.00557973 7.00274e-05 0.0
0.00549113 7.05097e-05 0.0
0.00540358 7.08228e-05 0.0
0.00531754 7.1186e-05 0.0
0.00523297 7.19184e-05 0.0
0.0051496 7.26542e-05 0.0
0.00506755 7.31322e-05 0.0
0.00498696 7.39018e-05 0.0
0.0049078 7.49126e-05 0.0
0.00482996 7.56557e-05 0.0
0.00475348 7.6481e-05 0.0
0.00467853 7.76131e-05 0.0
0.00460503 7.86321e-05 0.0
0.00453288 7.95868e-05 0.0
0.00446229 8.08011e-05 0.0
0.00439329 8.2041e-05 0.0
0.00432572 8.31855e-05 0.0
0.00425971 8.44667e-05 0.0
0.00419543 8.58902e-05 0.0
0.00413276 8.7246e-05 0.0
0.00407167 8.86222e-05 0.0
0.00401239 9.01511e-05 0.0
0.00395492 9.1724e-05 0.0
0.00389917 9.32323e-05 0.0
0.00384524 9.48147e-05 0.0
0.00379327 9.65224e-05 0.0
0.0037432 9.81993e-05 0.0
0.00369502 9.98157e-05 0.0
0.00364882 0.000101543 0.0
0.00360464 0.000103337 0.0
0.00356247 0.000105008 0.0
0.00352228 0.000106654 0.0
0.00348408 0.00010843 0.0
0.00344794 0.000110147 0.0
0.00341381 0.000111684 0.0
0.00338158 0.000113283 0.0
0.00335127 0.000114948 0.0
0.00332293 0.000116401 0.0
0.00329645 0.000117736 0.0
0.00327168 0.00011919 0.0
0.00324868 0.000120538 0.0
0.00322744 0.000121641 0.0
0.00320775 0.000122756 0.0
0.00318957 0.000123902 0.0
0.0031729 0.000124822 0.0
0.00315765 0.000125604 0.0
0.00314368 0.000126427 0.0
0.00313093 0.000127149 0.0
0.00311937 0.00012767 0.0
0.0031089 0.000128146 0.0
0.00309943 0.0001286 0.0
0.00309086 0.000128908 0.0
0.00308318 0.000129093 0.0
0.0030763 0.000129248 0.0
0.00307012 0.000129329 0.0
0.00306457 0.00012929 0.0
0.00305964 0.000129178 0.0
0.00305525 0.00012902 0.0
0.00305129 0.000128781 0.0
0.00304775 0.00012846 0.0
0.00304461 0.000128084 0.0
0.00304178 0.000127655 0.0
0.00303919 0.000127162 0.0
0.00303684 0.000126612 0.0
0.00303471 0.000126014 0.0
0.00303271 0.000125372 0.0
0.00303082 0.000124683 0.0
0.00302904 0.000123951 0.0
0.00302734 0.000123182 0.0
0.00302565 0.000122379 0.0
0.00302399 0.000121543 0.0
0.00302234 0.000120675 0.0
0.00302066 0.000119781 0.0
0.00301894 0.000118863 0.0
0.00301718 0.00011792 0.0
0.00301537 0.000116956 0.0
0.00301348 0.000115973 0.0
0.0030115 0.000114975 0.0
0.00300945 0.000113959 0.0
0.00300731 0.000112929 0.0
0.00300506 0.000111888 0.0
0.00300272 0.000110836 0.0
0.00300027 0.000109773 0.0
0.00299772 0.000108702 0.0
0.00299506 0.000107624 0.0
0.0029923 0.000106539 0.0
0.00298943 0.000105448 0.0
0.00298645 0.000104353 0.0
0.00298337 0.000103255 0.0
0.00298018 0.000102154 0.0
0.0029769 0.00010105 0.0
0.00297352 9.99455e-05 0.0
0.00297005 9.88406e-05 0.0
0.00296649 9.77355e-05 0.0
0.00296284 9.66316e-05 0.0
0.00295911 9.55295e-05 0.0
0.00295532 9.44294e-05 0.0
0.00295145 9.33321e-05 0.0
0.00294752 9.22385e-05 0.0
0.00294353 9.1149e-05 0.0
0.0029395 9.00639e-05 0.0
0.00293543 8.89841e-05 0.0
0.00293132 8.791e-05 0.0
0.00292718 8.68421e-05 0.0
0.00292303 8.57807e-05 0.0
0.00291887 8.47263e-05 0.0
0.0029147 8.36794e-05 0.0
0.00291054 8.26401e-05 0.0
0.0029064 8.1609e-05 0.0
0.00290228 8.0586e-05 0.0
0.0028982 7.95716e-05 0.0
0.00289415 7.85656e-05 0.0
0.00289016 7.75684e-05 0.0
0.00288622 7.65799e-05 0.0
0.00288235 7.56e-05 0.0
0.00287855 7.46286e-05 0.0
0.00287484 7.36657e-05 0.0
0.00287121 7.27109e-05 0.0
0.00286768 7.17641e-05 0.0
0.00286424 7.08246e-05 0.0
0.00286092 6.98924e-05 0.0
0.0028577 6.89668e-05 0.0
0.00285461 6.80474e-05 0.0
0.00285162 6.71335e-05 0.0
0.00284877 6.62248e-05 0.0
0.00284603 6.53204e-05 0.0
0.00284344 6.44198e-05 0.0
0.00284095 6.35222e-05 0.0
0.00283861 6.26272e-05 0.0
0.00283637 6.17339e-05 0.0
0.00283429 6.08417e-05 0.0
0.0028323 5.99498e-05 0.0
0.00283046 5.90581e-05 0.0
0.00282871 5.81652e-05 0.0
0.00282711 5.72708e-05 0.0
0.00282558 5.63747e-05 0.0
0.00282419 5.54764e-05 0.0
0.00282287 5.45741e-05 0.0
0.00282168 5.36688e-05 0.0
0.00282054 5.27606e-05 0.0
0.00281954 5.1847e-05 0.0
0.00281856 5.09276e-05 0.0
0.00281771 5.00054e-05 0.0
0.00281686 4.90784e-05 0.0
0.00281614 4.81407e-05 0.0
0.0028154 4.71985e-05 0.0
0.00281477 4.62542e-05 0.0
0.00281411 4.52955e-05 0.0
0.00281355 4.43178e-05 0.0
0.00281293 4.33434e-05 0.0
0.00281238 4.23494e-05 0.0
0.00281171 4.12984e-05 0.0
0.0028111 4.0225e-05 0.0
0.00281026 3.91577e-05 0.0
0.00280931 3.78988e-05 0.0
0.00280811 3.65352e-05 0.0
0.00280713 3.57929e-05 0.0
0.0 0.0 0.0
0.0 0.0 0.0
0.0133787 -0.00128153 0.0
0.00810787 -0.000607031 0.0
0.00654736 0.000615255 0.0
0.00653695 0.000944843 0.0
0.00566594 0.000149764 0.0
0.00456789 0.000458133 0.0
0.00427448 0.000686046 0.0
0.00406376 0.000645444 0.0
0.00362804 0.000487788 0.0
0.00332239 0.000642634 0.0
0.00321669 0.0006641 0.0
0.00304239 0.000621221 0.0
0.00283718 0.000603069 0.0
0.00272381 0.000665949 0.0
0.0026445 0.000649496 0.0
0.00252666 0.000634614 0.0
0.00242648 0.000642309 0.0
0.00236503 0.000661999 0.0
0.00230032 0.0006472 0.0
0.00222621 0.000646542 0.0
0.00217094 0.000653373 0.0
0.00212718 0.000656892 0.0
0.00207818 0.000649291 0.0
0.00203169 0.000652297 0.0
0.00199606 0.00065491 0.0
0.00196238 0.000654058 0.0
0.00192734 0.000651281 0.0
0.00189701 0.00065373 0.0
0.00187152 0.00065378 0.0
0.00184609 0.000652572 0.0
0.00182185 0.000651893 0.0
0.0018013 0.00065295 0.0
0.00178269 0.000652095 0.0
0.00176455 0.000651381 0.0
0.00174846 0.000651196 0.0
0.00173472 0.000651195 0.0
0.00172199 0.000650305 0.0
0.00171045 0.000649928 0.0
0.00170098 0.00064954 0.0
0.00169299 0.000649026 0.0
0.00168605 0.000648383 0.0
0.00168086 0.000647949 0.0
0.00167748 0.000647207 0.0
0.0016753 0.000646659 0.0
0.00167468 0.0006461 0.0
0.00167611 0.000645274 0.0
0.00167914 0.00064443 0.0
0.00168366 0.000643994 0.0
0.00169033 0.000643039 0.0
0.00169912 0.000641889 0.0
0.00170969 0.000641246 0.0
0.00172237 0.000640457 0.0
0.0017375 0.000638847 0.0
0.00175497 0.000637826 0.0
0.00177482 0.00063702 0.0
0.00179712 0.000635258 0.0
0.00182208 0.000633399 0.0
0.00185 0.000632415 0.0
0.00188061 0.00063051 0.0
0.00191363 0.000627885 0.0
0.00194987 0.000625989 0.0
0.00198938 0.000624017 0.0
0.00203118 0.000620653 0.0
0.0020755 0.00061749 0.0
0.00212335 0.00061477 0.0
0.00217381 0.000610995 0.0
0.00222593 0.00060636 0.0
0.00228049 0.000602207 0.0
0.00233794 0.000597787 0.0
0.00239671 0.000591991 0.0
0.00245619 0.000585956 0.0
0.00251739 0.000580255 0.0
0.00258012 0.000573626 0.0
0.00264227 0.000565687 0.0
0.00270393 0.000558398 0.0
0.0027663 0.000550596 0.0
0.00282786 0.000541412 0.0
0.00288705 0.00053229 0.0
0.00294504 0.000523515 0.0
0.00300163 0.000512894 0.0
0.00305521 0.000502751 0.0
0.00310608 0.000492935 0.0
0.00315407 0.000481407 0.0
0.00319848 0.000470012 0.0
0.00323992 0.000460139 0.0
0.00327755 0.000447978 0.0
0.00331031 0.000435745 0.0
0.00333997 0.000425549 0.0
0.00336611 0.000413992 0.0
0.00338691 0.000401385 0.0
0.00340371 0.00039078 0.0
0.00341743 0.000379916 0.0
0.00342658 0.000368188 0.0
0.00343164 0.000357428 0.0
0.00343329 0.000346943 0.0
0.0034313 0.000336479 0.0
0.00342608 0.00032647 0.0
0.0034178 0.000316411 0.0
0.00340605 0.000306779 0.0
0.00339187 0.000298039 0.0
0.00337561 0.000288827 0.0
0.00335651 0.000279919 0.0
0.00333504 0.000272055 0.0
0.00331214 0.000264127 0.0
0.00328747 0.00025599 0.0
0.00326084 0.000248863 0.0
0.00323264 0.000241919 0.0
0.00320328 0.000234846 0.0
0.00317278 0.000228313 0.0
0.00314096 0.000222311 0.0
0.00310779 0.000216079 0.0
0.00307391 0.00021032 0.0
0.00303947 0.000205052 0.0
0.00300388 0.00019978 0.0
0.00296729 0.000194599 0.0
0.0029306 0.000190104 0.0
0.00289358 0.000185653 0.0
0.00285558 0.000181257 0.0
0.00281721 0.000177261 0.0
0.00277908 0.000173573 0.0
0.00274065 0.000169933 0.0
0.00270174 0.000166601 0.0
0.0026629 0.000163323 0.0
0.00262425 0.000160361 0.0
0.00258564 0.000157754 0.0
0.00254691 0.000154961 0.0
0.00250822 0.000152326 0.0
0.00247001 0.000150357 0.0
0.00243209 0.000148225 0.0
0.002394 0.000145891 0.0
0.00235626 0.000144218 0.0
0.00231924 0.000142722 0.0
0.00228237 0.000140905 0.0
0.0022456 0.00013939 0.0
0.0022095 0.000138242 0.0
0.00217394 0.000136981 0.0
0.00213866 0.000135805 0.0
0.0021038 0.000134778 0.0
0.0020695 0.000133879 0.0
0.00203577 0.000133118 0.0
0.00200252 0.00013231 0.0
0.00196964 0.000131545 0.0
0.00193736 0.000131093 0.0
0.00190575 0.000130588 0.0
0.0018745 0.000129978 0.0
0.00184372 0.000129652 0.0
0.00181363 0.000129409 0.0
0.00178405 0.000129028 0.0
0.0017549 0.000128789 0.0
0.00172634 0.000128689 0.0
0.00169836 0.000128539 0.0
0.00167088 0.000128425 0.0
0.00164394 0.000128403 0.0
0.00161756 0.000128423 0.0
0.00159175 0.000128455 0.0
0.0015665 0.00012851 0.0
0.00154182 0.00012863 0.0
0.00151772 0.000128803 0.0
0.00149422 0.000128943 0.0
0.00147132 0.000129125 0.0
0.00144904 0.000129391 0.0
0.0014274 0.000129638 0.0
0.00140638 0.000129861 0.0
0.00138603 0.000130172 0.0
0.00136637 0.000130501 0.0
0.00134736 0.000130782 0.0
0.00132904 0.000131098 0.0
0.00131147 0.000131462 0.0
0.00129459 0.000131788 0.0
0.00127841 0.000132109 0.0
0.001263 0.000132461 0.0
0.00124833 0.00013279 0.0
0.00123435 0.000133103 0.0
0.00122113 0.000133429 0.0
0.00120869 0.000133718 0.0
0.00119692 0.00013398 0.0
0.00118584 0.000134267 0.0
0.00117552 0.000134504 0.0
0.00116589 0.000134675 0.0
0.00115687 0.000134877 0.0
0.00114852 0.000135064 0.0
0.00114085 0.000135139 0.0
0.00113373 0.000135211 0.0
0.00112717 0.000135314 0.0
0.0011212 0.000135316 0.0
0.00111576 0.000135247 0.0
0.00111079 0.000135223 0.0
0.00110627 0.000135149 0.0
0.00110222 0.000134967 0.0
0.00109858 0.00013479 0.0
0.00109529 0.000134618 0.0
0.00109235 0.000134346 0.0
0.00108976 0.000134028 0.0
0.00108748 0.00013373 0.0
0.00108543 0.000133378 0.0
0.00108363 0.000132947 0.0
0.00108208 0.000132516 0.0
0.00108073 0.000132072 0.0
0.00107952 0.000131556 0.0
0.00107848 0.000131006 0.0
0.0010776 0.00013046 0.0
0.00107682 0.00012987 0.0
0.00107612 0.000129229 0.0
0.00107553 0.000128579 0.0
0.00107502 0.000127915 0.0
0.00107455 0.000127204 0.0
0.00107411 0.000126467 0.0
0.00107372 0.000125726 0.0
0.00107336 0.000124957 0.0
0.00107298 0.000124155 0.0
0.00107262 0.000123341 0.0
0.00107226 0.000122517 0.0
0.00107189 0.000121665 0.0
0.00107149 0.000120793 0.0
0.00107107 0.000119915 0.0
0.00107063 0.000119022 0.0
0.00107016 0.000118108 0.0
0.00106964 0.000117184 0.0
0.0010691 0.000116252 0.0
0.00106852 0.000115305 0.0
0.00106789 0.000114346 0.0
0.00106722 0.00011338 0.0
0.00106651 0.000112406 0.0
0.00106575 0.00011142 0.0
0.00106494 0.000110427 0.0
0.00106409 0.000109429 0.0
0.0010632 0.000108423 0.0
0.00106226 0.00010741 0.0
0.00106128 0.000106392 0.0
0.00106026 0.00010537 0.0
0.00105919 0.000104342 0.0
0.00105808 0.00010331 0.0
0.00105693 0.000102275 0.0
0.00105575 0.000101236 0.0
0.00105453 0.000100194 0.0
0.00105327 9.91502e-05 0.0
0.00105198 9.81045e-05 0.0
0.00105066 9.70567e-05 0.0
0.00104931 9.60074e-05 0.0
0.00104793 9.49574e-05 0.0
0.00104653 9.39069e-05 0.0
0.00104511 9.28558e-05 0.0
0.00104367 9.18049e-05 0.0
0.00104222 9.07545e-05 0.0
0.00104075 8.97047e-05 0.0
0.00103927 8.86557e-05 0.0
0.00103779 8.76081e-05 0.0
0.0010363 8.65621e-05 0.0
0.00103481 8.55177e-05 0.0
0.00103333 8.44754e-05 0.0
0.00103185 8.34354e-05 0.0
0.00103038 8.23979e-05 0.0
0.00102892 8.13629e-05 0.0
0.00102747 8.03308e-05 0.0
0.00102605 7.93017e-05 0.0
0.00102465 7.82756e-05 0.0
0.00102327 7.72528e-05 0.0
0.00102192 7.62332e-05 0.0
0.00102059 7.5217e-05 0.0
0.00101931 7.42042e-05 0.0
0.00101805 7.31947e-05 0.0
0.00101684 7.21886e-05 0.0
0.00101566 7.11859e-05 0.0
0.00101452 7.01864e-05 0.0
0.00101343 6.919e-05 0.0
0.00101238 6.81968e-05 0.0
0.00101137 6.72065e-05 0.0
0.00101041 6.62189e-05 0.0
0.00100949 6.5234e-05 0.0
0.00100863 6.42515e-05 0.0
0.0010078 6.32713e-05 0.0
0.00100703 6.22929e-05 0.0
0.00100629 6.13167e-05 0.0
0.0010056 6.0342e-05 0.0
0.00100495 5.93684e-05 0.0
0.00100435 5.83959e-05 0.0
0.00100378 5.74249e-05 0.0
0.00100327 5.64541e-05 0.0
0.00100277 5.54833e-05 0.0
0.00100233 5.45133e-05 0.0
0.0010019 5.3544e-05 0.0
0.00100152 5.25727e-05 0.0
0.00100116 5.16013e-05 0.0
0.00100083 5.06309e-05 0.0
0.00100052 4.96594e-05 0.0
0.00100025 4.86827e-05 0.0
0.000999966 4.77087e-05 0.0
0.00099973 4.67358e-05 0.0
0.000999485 4.5755e-05 0.0
0.000999266 4.47672e-05 0.0
0.000999017 4.37926e-05 0.0
0.000998813 4.28096e-05 0.0
0.000998557 4.17977e-05 0.0
0.000998265 4.07921e-05 0.0
0.000997921 3.98271e-05 0.0
0.000997585 3.87806e-05 0.0
0.000996932 3.76386e-05 0.0
0.000996077 3.67256e-05 0.0
0.0 0.0 0.0
0.0 0.0 0.0
0.0 0.0 0.0
0.0 0.0 0.0
0.0 0.0 0.0
0.0 0.0 0.0
0.0 0.0 0.0
0.0 0.0 0.0
0.0 0.0 0.0
0.0 0.0 0.0
0.0 0.0 0.0
0.0 0.0 0.0
0.0 0.0 0.0
0.0 0.0 0.0
0.0 0.0 0.0
0.0 0.0 0.0
0.0 0.0 0.0
0.0 0.0 0.0
0.0 0.0 0.0
0.0 0.0 0.0
0.0 0.0 0.0
0.0 0.0 0.0
0.0 0.0 0.0
0.0 0.0 0.0
0.0 0.0 0.0
0.0 0.0 0.0
0.0 0.0 0.0
0.0 0.0 0.0
0.0 0.0 0.0
0.0 0.0 0.0
0.0 0.0 0.0
0.0 0.0 0.0
0.0 0.0 0.0
0.0 0.0 0.0
0.0 0.0 0.0
0.0 0.0 0.0
0.0 0.0 0.0
0.0 0.0 0.0
0.0 0.0 0.0
0.0 0.0 0.0
0.0 0.0 0.0
0.0 0.0 0.0
0.0 0.0 0.0
0.0 0.0 0.0
0.0 0.0 0.0
0.0 0.0 0.0
0.0 0.0 0.0
0.0 0.0 0.0
0.0 0.0 0.0
0.0 0.0 0.0
0.0 0.0 0.0
0.0 0.0 0.0
0.0 0.0 0.0
0.0 0.0 0.0
0.0 0.0 0.0
0.0 0.0 0.0
0.0 0.0 0.0
0.0 0.0 0.0
0.0 0.0 0.0
0.0 0.0 0.0
0.0 0.0 0.0
0.0 0.0 0.0
0.0 0.0 0.0
0.0 0.0 0.0
0.0 0.0 0.0
0.0 0.0 0.0
0.0 0.0 0.0
0.0 0.0 0.0
0.0 0.0 0.0
0.0 0.0 0.0
0.0 0.0 0.0
0.0 0.0 0.0
0.0 0.0 0.0
0.0 0.0 0.0
0.0 0.0 0.0
0.0 0.0 0.0
0.0 0.0 0.0
0.0 0.0 0.0
0.0 0.0 0.0
0.0 0.0 0.0
0.0 0.0 0.0
0.0 0.0 0.0
0.0 0.0 0.0
0.0 0.0 0.0
0.0 0.0 0.0
0.0 0.0 0.0
0.0 0.0 0.0
0.0 0.0 0.0
0.0 0.0 0.0
0.0 0.0 0.0
0.0 0.0 0.0
0.0 0.0 0.0
0.0 0.0 0.0
0.0 0.0 0.0
0.0 0.0 0.0
0.0 0.0 0.0
0.0 0.0 0.0
0.0 0.0 0.0
0.0 0.0 0.0
0.0 0.0 0.0
0.0 0.0 0.0
0.0 0.0 0.0
0.0 0.0 0.0
0.0 0.0 0.0
0.0 0.0 0.0
0.0 0.0 0.0
0.0 0.0 0.0
0.0 0.0 0.0
0.0 0.0 0.0
0.0 0.0 0.0
0.0 0.0 0.0
0.0 0.0 0.0
0.0 0.0 0.0
0.0 0.0 0.0
0.0 0.0 0.0
0.0 0.0 0.0
0.0 0.0 0.0
0.0 0.0 0.0
0.0 0.0 0.0
0.0 0.0 0.0
0.0 0.0 0.0
0.0 0.0 0.0
0.0 0.0 0.0
0.0 0.0 0.0
0.0 0.0 0.0
0.0 0.0 0.0
0.0 0.0 0.0
0.0 0.0 0.0
0.0 0.0 0.0
0.0 0.0 0.0
0.0 0.0 0.0
0.0 0.0 0.0
0.0 0.0 0.0
0.0 0.0 0.0
0.0 0.0 0.0
0.0 0.0 0.0
0.0 0.0 0.0
0.0 0.0 0.0
0.0 0.0 0.0
0.0 0.0 0.0
0.0 0.0 0.0
0.0 0.0 0.0
0.0 0.0 0.0
0.0 0.0 0.0
0.0 0.0 0.0
0.0 0.0 0.0
0.0 0.0 0.0
0.0 0.0 0.0
0.0 0.0 0.0
0.0 0.0 0.0
0.0 0.0 0.0
0.0 0.0 0.0
0.0 0.0 0.0
0.0 0.0 0.0
0.0 0.0 0.0
0.0 0.0 0.0
0.0 0.0 0.0
0.0 0.0 0.0
0.0 0.0 0.0
0.0 0.0 0.0
0.0 0.0 0.0
0.0 0.0 0.0
0.0 0.0 0.0
0.0 0.0 0.0
0.0 0.0 0.0
0.0 0.0 0.0
0.0 0.0 0.0
0.0 0.0 0.0
0.0 0.0 0.0
0.0 0.0 0.0
0.0 0.0 0.0
0.0 0.0 0.0
0.0 0.0 0.0
0.0 0.0 0.0
0.0 0.0 0.0
0.0 0.0 0.0
0.0 0.0 0.0
0.0 0.0 0.0
0.0 0.0 0.0
0.0 0.0 0.0
0.0 0.0 0.0
0.0 0.0 0.0
0.0 0.0 0.0
0.0 0.0 0.0
0.0 0.0 0.0
0.0 0.0 0.0
0.0 0.0 0.0
0.0 0.0 0.0
0.0 0.0 0.0
0.0 0.0 0.0
0.0 0.0 0.0
0.0 0.0 0.0
0.0 0.0 0.0
0.0 0.0 0.0
0.0 0.0 0.0
0.0 0.0 0.0
0.0 0.0 0.0
0.0 0.0 0.0
0.0 0.0 0.0
0.0 0.0 0.0
0.0 0.0 0.0
0.0 0.0 0.0
0.0 0.0 0.0
0.0 0.0 0.0
0.0 0.0 0.0
0.0 0.0 0.0
0.0 0.0 0.0
0.0 0.0 0.0
0.0 0.0 0.0
0.0 0.0 0.0
0.0 0.0 0.0
0.0 0.0 0.0
0.0 0.0 0.0
0.0 0.0 0.0
0.0 0.0 0.0
0.0 0.0 0.0
0.0 0.0 0.0
0.0 0.0 0.0
0.0 0.0 0.0
0.0 0.0 0.0
0.0 0.0 0.0
0.0 0.0 0.0
0.0 0.0 0.0
0.0 0.0 0.0
0.0 0.0 0.0
0.0 0.0 0.0
0.0 0.0 0.0
0.0 0.0 0.0
0.0 0.0 0.0
0.0 0.0 0.0
0.0 0.0 0.0
0.0 0.0 0.0
0.0 0.0 0.0
0.0 0.0 0.0
0.0 0.0 0.0
0.0 0.0 0.0
0.0 0.0 0.0
0.0 0.0 0.0
0.0 0.0 0.0
0.0 0.0 0.0
0.0 0.0 0.0
0.0 0.0 0.0
0.0 0.0 0.0
0.0 0.0 0.0
0.0 0.0 0.0
0.0 0.0 0.0
0.0 0.0 0.0
0.0 0.0 0.0
0.0 0.0 0.0
0.0 0.0 0.0
0.0 0.0 0.0
0.0 0.0 0.0
0.0 0.0 0.0
0.0 0.0 0.0
0.0 0.0 0.0
0.0 0.0 0.0
0.0 0.0 0.0
0.0 0.0 0.0
0.0 0.0 0.0
0.0 0.0 0.0
0.0 0.0 0.0
0.0 0.0 0.0
0.0 0.0 0.0
0.0 0.0 0.0
0.0 0.0 0.0
0.0 0.0 0.0
0.0 0.0 0.0
0.0 0.0 0.0
0.0 0.0 0.0
0.0 0.0 0.0
0.0 0.0 0.0
0.0 0.0 0.0
0.0 0.0 0.0
0.0 0.0 0.0
0.0 0.0 0.0
0.0 0.0 0.0
0.0 0.0 0.0
0.0 0.0 0.0
0.0 0.0 0.0
0.0 0.0 0.0
0.0 0.0 0.0
0.0 0.0 0.0
0.0 0.0 0.0
0.0 0.0 0.0
0.0 0.0 0.0
0.0 0.0 0.0
0.0 0.0 0.0
0.0 0.0 0.0
0.0 0.0 0.0
0.0 0.0 0.0
0.0 0.0 0.0
0.0 0.0 0.0
0.0 0.0 0.0
0.0 0.0 0.0
0.0 0.0 0.0
0.0 0.0 0.0
0.0 0.0 0.0
0.0 0.0 0.0
0.0 0.0 0.0
0.0 0.0 0.0
0.0 0.0 0.0
SCALARS density double 1
LOOKUP_TABLE default
1
1
1
1
1
1
1
1
1
1
1
1
1
1
1
1
1
1
1
1
1
1
1
1
1
1
1
1
1
1
1
1
1
1
1
1
1
1
1
1
1
1
1
1
1
1
1
1
1
1
1
1
1
1
1
1
1
1
1
1
1
1
1
1
1
1
1
1
1
1
1
1
1
1
1
1
1
1
1
1
1
1
1
1
1
1
1
1
1
1
1
1
1
1
1
1
1
1
1
1
1
1
1
1
1
1
1
1
1
1
1
1
1
1
1
1
1
1
1
1
1
1
1
1
1
1
1
1
1
1
1
1
1
1
1
1
1
1
1
1
1
1
1
1
1
1
1
1
1
1
1
1
1
1
1
1
1
1
1
1
1
1
1
1
1
1
1
1
1
1
1
1
1
1
1
1
1
1
1
1
1
1
1
1
1
1
1
1
1
1
1
1
1
1
1
1
1
1
1
1
1
1
1
1
1
1
1
1
1
1
1
1
1
1
1
1
1
1
1
1
1
1
1
1
1
1
1
1
1
1
1
1
1
1
1
1
1
1
1
1
1
1
1
1
1
1
1
1
1
1
1
1
1
1
1
1
1
1
1
1
1
1
1
1
1
1
1
1
1
1
1
1
1
1
1
1
1
1
1
1
1
1
1
1
1
1
1
1
1
1
1
1
1
1
1
1
1
1
1
1
1.0036
1.00438
1.00149
1.00192
1.00278
1.00234
1.0019
1.00217
1.00228
1.00206
1.00202
1.00213
1.0021
1.00202
1.00204
1.00208
1.00204
1.00202
1.00204
1.00204
1.00201
1.00201
1.00202
1.00201
1.002
1.00201
1.002
1.002
1.00199
1.00199
1.00199
1.00199
1.00198
1.00198
1.00198
1.00198
1.00197
1.00197
1.00197
1.00196
1.00196
1.00196
1.00196
1.00195
1.00195
1.00194
1.00194
1.00194
1.00193
1.00193
1.00192
1.00192
1.00191
1.00191
1.0019
1.00189
1.00189
1.00188
1.00187
1.00186
1.00185
1.00184
1.00183
1.00182
1.00181
1.00179
1.00178
1.00176
1.00174
1.00172
1.00171
1.00169
1.00166
1.00164
1.00162
1.0016
1.00157
1.00155
1.00153
1.0015
1.00147
1.00145
1.00142
1.0014
1.00137
1.00135
1.00132
1.0013
1.00128
1.00125
1.00123
1.00121
1.00119
1.00117
1.00115
1.00113
1.00111
1.00109
1.00107
1.00106
1.00104
1.00102
1.00101
1.00099
1.00098
1.00096
1.00095
1.00094
1.00092
1.00091
1.0009
1.00089
1.00088
1.00087
1.00086
1.00085
1.00084
1.00083
1.00082
1.00081
1.0008
1.00079
1.00078
1.00078
1.00077
1.00076
1.00075
1.00074
1.00074
1.00073
1.00072
1.00072
1.00071
1.0007
1.00069
1.00069
1.00068
1.00067
1.00066
1.00066
1.00065
1.00064
1.00064
1.00063
1.00062
1.00062
1.00061
1.0006
1.0006
1.00059
1.00058
1.00058
1.00057
1.00056
1.00056
1.00055
1.00055
1.00054
1.00053
1.00053
1.00052
1.00052
1.00051
1.00051
1.0005
1.0005
1.00049
1.00049
1.00049
1.00048
1.00048
1.00048
1.00047
1.00047
1.00047
1.00046
1.00046
1.00046
1.00046
1.00045
1.00045
1.00045
1.00045
1.00045
1.00044
1.00044
1.00044
1.00044
1.00043
1.00043
1.00043
1.00043
1.00042
1.00042
1.00042
1.00042
1.00042
1.00041
1.00041
1.00041
1.0004
1.0004
1.0004
1.0004
1.00039
1.00039
1.00039
1.00039
1.00038
1.00038
1.00038
1.00037
1.00037
1.00037
1.00036
1.00036
1.00036
1.00036
1.00035
1.00035
1.00035
1.00034
1.00034
1.00034
1.00033
1.00033
1.00033
1.00032
1.00032
1.00032
1.00032
1.00031
1.00031
1.00031
1.0003
1.0003
1.0003
1.00029
1.00029
1.00029
1.00028
1.00028
1.00028
1.00027
1.00027
1.00027
1.00027
1.00026
1.00026
1.00026
1.00025
1.00025
1.00025
1.00024
1.00024
1.00024
1.00024
1.00023
1.00023
1.00023
1.00022
1.00022
1.00022
1.00021
1.00021
1.00021
1.00021
1.0002
1.0002
1.0002
1.00019
1.00019
1.00019
1.00018
1.00018
1.00018
1.00018
1.00017
1.00017
1.00017
1.00016
1.00016
1.00016
1.00016
1.00015
1.00015
1.00015
1.00014
1.00014
1.00014
1.00014
1.00013
1.00013
1.00013
1.00012
1.00012
1.00012
1.00011
1.00011
1.00004
1.00089
1.00292
1.00288
1.00256
1.00205
1.00225
1.00233
1.00216
1.00207
1.00216
1.00214
1.00206
1.00206
1.00209
1.00206
1.00204
1.00205
1.00205
1.00203
1.00203
1.00203
1.00202
1.00201
1.00201
1.00201
1.00201
1.002
1.002
1.002
1.00199
1.00199
1.00199
1.00199
1.00198
1.00198
1.00198
1.00197
1.00197
1.00197
1.00197
1.00196
1.00196
1.00196
1.00195
1.00195
1.00195
1.00194
1.00194
1.00193
1.00193
1.00192
1.00192
1.00191
1.00191
1.0019
1.00189
1.00189
1.00188
1.00187
1.00186
1.00185
1.00184
1.00183
1.00182
1.0018
1.00179
1.00177
1.00176
1.00174
1.00172
1.0017
1.00168
1.00166
1.00164
1.00162
1.0016
1.00157
1.00154
1.00152
1.0015
1.00147
1.00145
1.00142
1.0014
1.00137
1.00135
1.00132
1.0013
1.00128
1.00126
1.00123
1.00121
1.00119
1.00117
1.00115
1.00113
1.00111
1.00109
1.00107
1.00106
1.00104
1.00102
1.00101
1.00099
1.00098
1.00097
1.00095
1.00094
1.00093
1.00091
1.0009
1.00089
1.00088
1.00087
1.00086
1.00085
1.00084
1.00083
1.00082
1.00081
1.0008
1.00079
1.00079
1.00078
1.00077
1.00076
1.00075
1.00075
1.00074
1.00073
1.00072
1.00072
1.00071
1.0007
1.00069
1.00069
1.00068
1.00067
1.00067
1.00066
1.00065
1.00064
1.00064
1.00063
1.00062
1.00062
1.00061
1.0006
1.0006
1.00059
1.00058
1.00058
1.00057
1.00056
1.00056
1.00055
1.00055
1.00054
1.00054
1.00053
1.00052
1.00052
1.00051
1.00051
1.0005
1.0005
1.0005
1.00049
1.00049
1.00048
1.00048
1.00048
1.00047
1.00047
1.00047
1.00047
1.00046
1.00046
1.00046
1.00046
1.00045
1.00045
1.00045
1.00045
1.00044
1.00044
1.00044
1.00044
1.00043
1.00043
1.00043
1.00043
1.00043
1.00042
1.00042
1.00042
1.00042
1.00041
1.00041
1.00041
1.00041
1.0004
1.0004
1.0004
1.00039
1.00039
1.00039
1.00039
1.00038
1.00038
1.00038
1.00037
1.00037
1.00037
1.00036
1.00036
1.00036
1.00036
1.00035
1.00035
1.00035
1.00034
1.00034
1.00034
1.00033
1.00033
1.00033
1.00032
1.00032
1.00032
1.00032
1.00031
1.00031
1.00031
1.0003
1.0003
1.0003
1.00029
1.00029
1.00029
1.00028
1.00028
1.00028
1.00027
1.00027
1.00027
1.00027
1.00026
1.00026
1.00026
1.00025
1.00025
1.00025
1.00024
1.00024
1.00024
1.00024
1.00023
1.00023
1.00023
1.00022
1.00022
1.00022
1.00021
1.00021
1.00021
1.00021
1.0002
1.0002
1.0002
1.00019
1.00019
1.00019
1.00018
1.00018
1.00018
1.00018
1.00017
1.00017
1.00017
1.00016
1.00016
1.00016
1.00016
1.00015
1.00015
1.00015
1.00014
1.00014
1.00014
1.00014
1.00013
1.00013
1.00013
1.00012
1.00012
1.00012
1.00011
1.00011
1.00004
1.00083
1.00217
1.00317
1.00257
1.00194
1.00229
1.00244
1.00213
1.00204
1.0022
1.00217
1.00205
1.00206
1.00212
1.00207
1.00203
1.00206
1.00206
1.00203
1.00203
1.00204
1.00203
1.00201
1.00202
1.00202
1.00201
1.002
1.002
1.002
1.00199
1.00199
1.00199
1.00199
1.00198
1.00198
1.00198
1.00197
1.00197
1.00197
1.00197
1.00196
1.00196
1.00196
1.00195
1.00195
1.00195
1.00194
1.00194
1.00193
1.00193
1.00192
1.00192
1.00191
1.0019
1.0019
1.00189
1.00188
1.00188
1.00187
1.00186
1.00185
1.00184
1.00183
1.00181
1.0018
1.00179
1.00177
1.00175
1.00174
1.00172
1.0017
1.00168
1.00166
1.00164
1.00161
1.00159
1.00157
1.00154
1.00152
1.00149
1.00147
1.00144
1.00142
1.0014
1.00137
1.00134
1.00132
1.0013
1.00127
1.00125
1.00123
1.00121
1.00119
1.00117
1.00115
1.00113
1.00111
1.00109
1.00107
1.00106
1.00104
1.00103
1.00101
1.00099
1.00098
1.00097
1.00095
1.00094
1.00093
1.00092
1.0009
1.00089
1.00088
1.00087
1.00086
1.00085
1.00084
1.00083
1.00082
1.00081
1.0008
1.0008
1.00079
1.00078
1.00077
1.00076
1.00075
1.00075
1.00074
1.00073
1.00072
1.00072
1.00071
1.0007
1.00069
1.00069
1.00068
1.00067
1.00067
1.00066
1.00065
1.00064
1.00064
1.00063
1.00062
1.00062
1.00061
1.0006
1.0006
1.00059
1.00058
1.00058
1.00057
1.00057
1.00056
1.00055
1.00055
1.00054
1.00054
1.00053
1.00052
1.00052
1.00052
1.00051
1.00051
1.0005
1.0005
1.00049
1.00049
1.00049
1.00048
1.00048
1.00048
1.00047
1.00047
1.00047
1.00046
1.00046
1.00046
1.00046
1.00045
1.00045
1.00045
1.00045
1.00044
1.00044
1.00044
1.00044
1.00044
1.00043
1.00043
1.00043
1.00043
1.00042
1.00042
1.00042
1.00042
1.00041
1.00041
1.00041
1.00041
1.0004
1.0004
1.0004
1.00039
1.00039
1.00039
1.00039
1.00038
1.00038
1.00038
1.00037
1.00037
1.00037
1.00037
1.00036
1.00036
1.00036
1.00035
1.00035
1.00035
1.00034
1.00034
1.00034
1.00033
1.00033
1.00033
1.00032
1.00032
1.00032
1.00032
1.00031
1.00031
1.00031
1.0003
1.0003
1.0003
1.00029
1.00029
1.00029
1.00028
1.00028
1.00028
1.00028
1.00027
1.00027
1.00027
1.00026
1.00026
1.00026
1.00025
1.00025
1.00025
1.00024
1.00024
1.00024
1.00024
1.00023
1.00023
1.00023
1.00022
1.00022
1.00022
1.00021
1.00021
1.00021
1.00021
1.0002
1.0002
1.0002
1.00019
1.00019
1.00019
1.00018
1.00018
1.00018
1.00018
1.00017
1.00017
1.00017
1.00016
1.00016
1.00016
1.00016
1.00015
1.00015
1.00015
1.00014
1.00014
1.00014
1.00014
1.00013
1.00013
1.00013
1.00012
1.00012
1.00012
1.00011
1.00011
1.00006
1.00107
1.00252
1.00216
1.00228
1.00269
1.0023
1.002
1.00222
1.00231
1.00209
1.00205
1.00216
1.00213
1.00204
1.00206
1.00209
1.00206
1.00203
1.00205
1.00205
1.00203
1.00202
1.00203
1.00202
1.00201
1.00201
1.00201
1.002
1.002
1.002
1.002
1.00199
1.00199
1.00199
1.00198
1.00198
1.00198
1.00197
1.00197
1.00197
1.00196
1.00196
1.00196
1.00195
1.00195
1.00195
1.00194
1.00194
1.00193
1.00193
1.00192
1.00192
1.00191
1.00191
1.0019
1.00189
1.00188
1.00188
1.00187
1.00186
1.00185
1.00184
1.00182
1.00181
1.0018
1.00178
1.00177
1.00175
1.00174
1.00171
1.0017
1.00168
1.00165
1.00163
1.00161
1.00159
1.00156
1.00154
1.00151
1.00149
1.00147
1.00144
1.00141
1.00139
1.00137
1.00134
1.00132
1.0013
1.00127
1.00125
1.00123
1.00121
1.00119
1.00116
1.00115
1.00113
1.00111
1.00109
1.00107
1.00106
1.00104
1.00102
1.00101
1.00099
1.00098
1.00097
1.00095
1.00094
1.00093
1.00092
1.0009
1.00089
1.00088
1.00087
1.00086
1.00085
1.00084
1.00083
1.00082
1.00081
1.0008
1.0008
1.00079
1.00078
1.00077
1.00076
1.00076
1.00075
1.00074
1.00073
1.00072
1.00072
1.00071
1.0007
1.0007
1.00069
1.00068
1.00067
1.00067
1.00066
1.00065
1.00065
1.00064
1.00063
1.00063
1.00062
1.00061
1.0006
1.0006
1.00059
1.00059
1.00058
1.00057
1.00057
1.00056
1.00055
1.00055
1.00054
1.00054
1.00053
1.00053
1.00052
1.00051
1.00051
1.00051
1.0005
1.0005
1.00049
1.00049
1.00049
1.00048
1.00048
1.00048
1.00047
1.00047
1.00047
1.00046
1.00046
1.00046
1.00046
1.00045
1.00045
1.00045
1.00045
1.00045
1.00044
1.00044
1.00044
1.00044
1.00043
1.00043
1.00043
1.00043
1.00042
1.00042
1.00042
1.00042
1.00041
1.00041
1.00041
1.00041
1.0004
1.0004
1.0004
1.00039
1.00039
1.00039
1.00039
1.00038
1.00038
1.00038
1.00037
1.00037
1.00037
1.00037
1.00036
1.00036
1.00036
1.00035
1.00035
1.00035
1.00034
1.00034
1.00034
1.00033
1.00033
1.00033
1.00033
1.00032
1.00032
1.00032
1.00031
1.00031
1.00031
1.0003
1.0003
1.0003
1.00029
1.00029
1.00029
1.00028
1.00028
1.00028
1.00028
1.00027
1.00027
1.00027
1.00026
1.00026
1.00026
1.00025
1.00025
1.00025
1.00024
1.00024
1.00024
1.00024
1.00023
1.00023
1.00023
1.00022
1.00022
1.00022
1.00021
1.00021
1.00021
1.00021
1.0002
1.0002
1.0002
1.00019
1.00019
1.00019
1.00018
1.00018
1.00018
1.00018
1.00017
1.00017
1.00017
1.00016
1.00016
1.00016
1.00016
1.00015
1.00015
1.00015
1.00014
1.00014
1.00014
1.00014
1.00013
1.00013
1.00013
1.00012
1.00012
1.00012
1.00011
1.00011
1.00007
1.00087
1.00264
1.00218
1.00231
1.00248
1.00221
1.00217
1.00227
1.0022
1.00209
1.00213
1.00216
1.00209
1.00206
1.00209
1.00208
1.00205
1.00205
1.00206
1.00204
1.00203
1.00203
1.00203
1.00202
1.00202
1.00202
1.00201
1.00201
1.002
1.002
1.002
1.00199
1.00199
1.00199
1.00198
1.00198
1.00198
1.00197
1.00197
1.00197
1.00197
1.00196
1.00196
1.00195
1.00195
1.00195
1.00194
1.00194
1.00193
1.00193
1.00192
1.00192
1.00191
1.00191
1.0019
1.00189
1.00189
1.00188
1.00187
1.00186
1.00185
1.00184
1.00182
1.00181
1.0018
1.00178
1.00177
1.00175
1.00173
1.00171
1.00169
1.00167
1.00165
1.00163
1.00161
1.00159
1.00156
1.00153
1.00151
1.00149
1.00146
1.00144
1.00141
1.00138
1.00136
1.00134
1.00131
1.00129
1.00127
1.00125
1.00122
1.0012
1.00118
1.00116
1.00114
1.00113
1.00111
1.00109
1.00107
1.00106
1.00104
1.00102
1.00101
1.00099
1.00098
1.00097
1.00095
1.00094
1.00093
1.00092
1.00091
1.00089
1.00088
1.00087
1.00086
1.00085
1.00084
1.00083
1.00082
1.00081
1.00081
1.0008
1.00079
1.00078
1.00077
1.00076
1.00076
1.00075
1.00074
1.00073
1.00073
1.00072
1.00071
1.0007
1.0007
1.00069
1.00068
1.00067
1.00067
1.00066
1.00065
1.00065
1.00064
1.00063
1.00063
1.00062
1.00061
1.0006
1.0006
1.00059
1.00058
1.00058
1.00057
1.00057
1.00056
1.00055
1.00055
1.00054
1.00054
1.00053
1.00053
1.00052
1.00052
1.00051
1.00051
1.0005
1.0005
1.00049
1.00049
1.00049
1.00048
1.00048
1.00048
1.00047
1.00047
1.00047
1.00047
1.00046
1.00046
1.00046
1.00046
1.00045
1.00045
1.00045
1.00045
1.00044
1.00044
1.00044
1.00044
1.00043
1.00043
1.00043
1.00043
1.00042
1.00042
1.00042
1.00042
1.00041
1.00041
1.00041
1.00041
1.0004
1.0004
1.0004
1.0004
1.00039
1.00039
1.00039
1.00038
1.00038
1.00038
1.00037
1.00037
1.00037
1.00037
1.00036
1.00036
1.00036
1.00035
1.00035
1.00035
1.00034
1.00034
1.00034
1.00033
1.00033
1.00033
1.00033
1.00032
1.00032
1.00032
1.00031
1.00031
1.00031
1.0003
1.0003
1.0003
1.00029
1.00029
1.00029
1.00028
1.00028
1.00028
1.00028
1.00027
1.00027
1.00027
1.00026
1.00026
1.00026
1.00025
1.00025
1.00025
1.00024
1.00024
1.00024
1.00024
1.00023
1.00023
1.00023
1.00022
1.00022
1.00022
1.00021
1.00021
1.00021
1.00021
1.0002
1.0002
1.0002
1.00019
1.00019
1.00019
1.00018
1.00018
1.00018
1.00018
1.00017
1.00017
1.00017
1.00016
1.00016
1.00016
1.00016
1.00015
1.00015
1.00015
1.00014
1.00014
1.00014
1.00014
1.00013
1.00013
1.00013
1.00012
1.00012
1.00012
1.00011
1.00011
1.00009
1.00087
1.00223
1.0025
1.0024
1.00205
1.00228
1.00243
1.00213
1.00205
1.00224
1.00221
1.00205
1.00208
1.00215
1.00209
1.00204
1.00207
1.00208
1.00204
1.00203
1.00205
1.00204
1.00202
1.00202
1.00203
1.00202
1.00201
1.00201
1.00201
1.002
1.002
1.002
1.00199
1.00199
1.00199
1.00198
1.00198
1.00198
1.00197
1.00197
1.00197
1.00196
1.00196
1.00196
1.00195
1.00195
1.00194
1.00194
1.00194
1.00193
1.00192
1.00192
1.00192
1.00191
1.0019
1.0019
1.00189
1.00188
1.00187
1.00186
1.00185
1.00184
1.00183
1.00181
1.00179
1.00178
1.00177
1.00175
1.00173
1.00172
1.00169
1.00167
1.00165
1.00163
1.0016
1.00158
1.00156
1.00153
1.0015
1.00148
1.00145
1.00143
1.00141
1.00138
1.00135
1.00133
1.00131
1.00128
1.00126
1.00124
1.00122
1.0012
1.00118
1.00116
1.00114
1.00112
1.0011
1.00109
1.00107
1.00105
1.00104
1.00102
1.00101
1.00099
1.00098
1.00096
1.00095
1.00094
1.00093
1.00091
1.0009
1.00089
1.00088
1.00087
1.00086
1.00085
1.00084
1.00083
1.00082
1.00082
1.00081
1.0008
1.00079
1.00078
1.00077
1.00076
1.00076
1.00075
1.00074
1.00073
1.00073
1.00072
1.00071
1.0007
1.0007
1.00069
1.00068
1.00068
1.00067
1.00066
1.00065
1.00065
1.00064
1.00063
1.00063
1.00062
1.00061
1.00061
1.0006
1.00059
1.00058
1.00058
1.00057
1.00057
1.00056
1.00055
1.00055
1.00054
1.00054
1.00053
1.00052
1.00052
1.00052
1.00051
1.00051
1.0005
1.0005
1.00049
1.00049
1.00049
1.00048
1.00048
1.00048
1.00048
1.00047
1.00047
1.00047
1.00046
1.00046
1.00046
1.00046
1.00045
1.00045
1.00045
1.00045
1.00044
1.00044
1.00044
1.00044
1.00044
1.00043
1.00043
1.00043
1.00043
1.00042
1.00042
1.00042
1.00041
1.00041
1.00041
1.00041
1.0004
1.0004
1.0004
1.0004
1.00039
1.00039
1.00039
1.00038
1.00038
1.00038
1.00037
1.00037
1.00037
1.00037
1.00036
1.00036
1.00036
1.00035
1.00035
1.00035
1.00034
1.00034
1.00034
1.00033
1.00033
1.00033
1.00033
1.00032
1.00032
1.00032
1.00031
1.00031
1.00031
1.0003
1.0003
1.0003
1.00029
1.00029
1.00029
1.00028
1.00028
1.00028
1.00028
1.00027
1.00027
1.00027
1.00026
1.00026
1.00026
1.00025
1.00025
1.00025
1.00024
1.00024
1.00024
1.00024
1.00023
1.00023
1.00023
1.00022
1.00022
1.00022
1.00021
1.00021
1.00021
1.00021
1.0002
1.0002
1.0002
1.00019
1.00019
1.00019
1.00018
1.00018
1.00018
1.00018
1.00017
1.00017
1.00017
1.00016
1.00016
1.00016
1.00016
1.00015
1.00015
1.00015
1.00014
1.00014
1.00014
1.00014
1.00013
1.00013
1.00013
1.00012
1.00012
1.00012
1.00011
1.00011
1.00012
1.00086
1.00222
1.00238
1.0023
1.00221
1.00229
1.0022
1.00216
1.00222
1.00218
1.0021
1.00212
1.00214
1.0021
1.00207
1.00209
1.00208
1.00206
1.00205
1.00206
1.00205
1.00203
1.00203
1.00203
1.00202
1.00202
1.00202
1.00201
1.00201
1.002
1.002
1.002
1.00199
1.00199
1.00199
1.00198
1.00198
1.00198
1.00198
1.00197
1.00197
1.00197
1.00196
1.00196
1.00195
1.00195
1.00195
1.00194
1.00194
1.00193
1.00193
1.00192
1.00192
1.00191
1.00191
1.0019
1.00189
1.00188
1.00187
1.00186
1.00185
1.00184
1.00183
1.00181
1.0018
1.00178
1.00177
1.00175
1.00173
1.00171
1.00169
1.00167
1.00164
1.00162
1.0016
1.00157
1.00155
1.00153
1.00149
1.00147
1.00145
1.00142
1.00139
1.00137
1.00135
1.00132
1.0013
1.00128
1.00125
1.00123
1.00121
1.00119
1.00117
1.00115
1.00114
1.00112
1.0011
1.00108
1.00107
1.00105
1.00103
1.00102
1.001
1.00099
1.00098
1.00096
1.00095
1.00094
1.00093
1.00091
1.0009
1.00089
1.00088
1.00087
1.00086
1.00085
1.00084
1.00083
1.00082
1.00081
1.00081
1.0008
1.00079
1.00078
1.00077
1.00077
1.00076
1.00075
1.00074
1.00074
1.00073
1.00072
1.00071
1.00071
1.0007
1.00069
1.00068
1.00068
1.00067
1.00066
1.00065
1.00065
1.00064
1.00063
1.00063
1.00062
1.00061
1.00061
1.0006
1.00059
1.00059
1.00058
1.00057
1.00057
1.00056
1.00055
1.00055
1.00054
1.00054
1.00053
1.00052
1.00052
1.00051
1.00051
1.00051
1.0005
1.0005
1.00049
1.00049
1.00049
1.00048
1.00048
1.00048
1.00048
1.00047
1.00047
1.00047
1.00046
1.00046
1.00046
1.00046
1.00046
1.00045
1.00045
1.00045
1.00045
1.00044
1.00044
1.00044
1.00044
1.00043
1.00043
1.00043
1.00043
1.00042
1.00042
1.00042
1.00042
1.00041
1.00041
1.00041
1.0004
1.0004
1.0004
1.0004
1.00039
1.00039
1.00039
1.00038
1.00038
1.00038
1.00038
1.00037
1.00037
1.00037
1.00036
1.00036
1.00036
1.00035
1.00035
1.00035
1.00034
1.00034
1.00034
1.00033
1.00033
1.00033
1.00033
1.00032
1.00032
1.00032
1.00031
1.00031
1.00031
1.0003
1.0003
1.0003
1.00029
1.00029
1.00029
1.00028
1.00028
1.00028
1.00028
1.00027
1.00027
1.00027
1.00026
1.00026
1.00026
1.00025
1.00025
1.00025
1.00024
1.00024
1.00024
1.00024
1.00023
1.00023
1.00023
1.00022
1.00022
1.00022
1.00021
1.00021
1.00021
1.00021
1.0002
1.0002
1.0002
1.00019
1.00019
1.00019
1.00018
1.00018
1.00018
1.00018
1.00017
1.00017
1.00017
1.00016
1.00016
1.00016
1.00016
1.00015
1.00015
1.00015
1.00014
1.00014
1.00014
1.00013
1.00013
1.00013
1.00013
1.00012
1.00012
1.00012
1.00011
1.00011
1.00014
1.0009
1.00237
1.00214
1.00219
1.00241
1.00222
1.00207
1.00226
1.00226
1.00208
1.00211
1.0022
1.00212
1.00205
1.0021
1.00212
1.00206
1.00205
1.00208
1.00206
1.00203
1.00204
1.00205
1.00203
1.00202
1.00202
1.00202
1.00201
1.00201
1.00201
1.002
1.002
1.002
1.00199
1.00199
1.00199
1.00198
1.00198
1.00198
1.00197
1.00197
1.00197
1.00196
1.00196
1.00196
1.00195
1.00195
1.00195
1.00194
1.00194
1.00193
1.00193
1.00192
1.00192
1.00191
1.0019
1.00189
1.00189
1.00187
1.00186
1.00186
1.00185
1.00183
1.00182
1.00181
1.00178
1.00176
1.00176
1.00173
1.0017
1.00169
1.00167
1.00164
1.00161
1.0016
1.00157
1.00154
1.00152
1.00149
1.00146
1.00144
1.00142
1.00138
1.00136
1.00134
1.00131
1.00129
1.00127
1.00125
1.00122
1.0012
1.00119
1.00117
1.00114
1.00113
1.00111
1.00109
1.00107
1.00106
1.00105
1.00103
1.00101
1.001
1.00099
1.00097
1.00096
1.00095
1.00093
1.00092
1.00091
1.0009
1.00089
1.00088
1.00087
1.00086
1.00085
1.00084
1.00083
1.00082
1.00081
1.00081
1.0008
1.00079
1.00078
1.00077
1.00077
1.00076
1.00075
1.00074
1.00074
1.00073
1.00072
1.00071
1.0007
1.0007
1.00069
1.00068
1.00068
1.00067
1.00066
1.00065
1.00065
1.00064
1.00063
1.00063
1.00062
1.00061
1.00061
1.0006
1.00059
1.00059
1.00058
1.00057
1.00057
1.00056
1.00055
1.00055
1.00054
1.00053
1.00053
1.00052
1.00052
1.00051
1.00051
1.00051
1.0005
1.0005
1.00049
1.00049
1.00049
1.00048
1.00048
1.00048
1.00048
1.00047
1.00047
1.00047
1.00047
1.00046
1.00046
1.00046
1.00046
1.00045
1.00045
1.00045
1.00045
1.00044
1.00044
1.00044
1.00044
1.00043
1.00043
1.00043
1.00043
1.00042
1.00042
1.00042
1.00042
1.00041
1.00041
1.00041
1.0004
1.0004
1.0004
1.0004
1.00039
1.00039
1.00039
1.00038
1.00038
1.00038
1.00038
1.00037
1.00037
1.00037
1.00036
1.00036
1.00036
1.00035
1.00035
1.00035
1.00034
1.00034
1.00034
1.00033
1.00033
1.00033
1.00033
1.00032
1.00032
1.00032
1.00031
1.00031
1.00031
1.0003
1.0003
1.0003
1.00029
1.00029
1.00029
1.00028
1.00028
1.00028
1.00028
1.00027
1.00027
1.00027
1.00026
1.00026
1.00026
1.00025
1.00025
1.00025
1.00024
1.00024
1.00024
1.00024
1.00023
1.00023
1.00023
1.00022
1.00022
1.00022
1.00021
1.00021
1.00021
1.00021
1.0002
1.0002
1.0002
1.00019
1.00019
1.00019
1.00018
1.00018
1.00018
1.00018
1.00017
1.00017
1.00017
1.00016
1.00016
1.00016
1.00016
1.00015
1.00015
1.00015
1.00014
1.00014
1.00014
1.00013
1.00013
1.00013
1.00013
1.00012
1.00012
1.00012
1.00011
1.00011
1.00017
1.00084
1.00227
1.00225
1.00225
1.00221
1.00218
1.00225
1.0022
1.00211
1.00217
1.00219
1.00211
1.00209
1.00213
1.00211
1.00206
1.00207
1.00209
1.00206
1.00204
1.00205
1.00205
1.00204
1.00203
1.00203
1.00203
1.00202
1.00202
1.00202
1.00201
1.002
1.002
1.002
1.002
1.00199
1.00199
1.00199
1.00198
1.00198
1.00198
1.00197
1.00197
1.00197
1.00196
1.00196
1.00196
1.00195
1.00195
1.00194
1.00194
1.00194
1.00193
1.00193
1.00192
1.00191
1.00191
1.0019
1.00189
1.00188
1.00188
1.00186
1.00185
1.00184
1.00183
1.0018
1.00179
1.00178
1.00175
1.00173
1.00171
1.00169
1.00166
1.00164
1.00161
1.00158
1.00157
1.00153
1.0015
1.00148
1.00146
1.00142
1.0014
1.00138
1.00135
1.00132
1.00131
1.00128
1.00125
1.00124
1.00122
1.00119
1.00117
1.00116
1.00114
1.00112
1.0011
1.00109
1.00107
1.00105
1.00104
1.00102
1.00101
1.00099
1.00098
1.00097
1.00095
1.00094
1.00093
1.00092
1.00091
1.0009
1.00089
1.00088
1.00087
1.00086
1.00085
1.00084
1.00083
1.00082
1.00082
1.00081
1.0008
1.00079
1.00078
1.00077
1.00077
1.00076
1.00075
1.00074
1.00074
1.00073
1.00072
1.00071
1.00071
1.0007
1.00069
1.00068
1.00068
1.00067
1.00066
1.00065
1.00065
1.00064
1.00063
1.00063
1.00062
1.00061
1.0006
1.0006
1.00059
1.00058
1.00058
1.00057
1.00056
1.00056
1.00055
1.00054
1.00054
1.00053
1.00053
1.00052
1.00052
1.00051
1.00051
1.0005
1.0005
1.0005
1.00049
1.00049
1.00049
1.00048
1.00048
1.00048
1.00048
1.00047
1.00047
1.00047
1.00047
1.00046
1.00046
1.00046
1.00046
1.00046
1.00045
1.00045
1.00045
1.00045
1.00044
1.00044
1.00044
1.00044
1.00043
1.00043
1.00043
1.00043
1.00042
1.00042
1.00042
1.00041
1.00041
1.00041
1.00041
1.0004
1.0004
1.0004
1.00039
1.00039
1.00039
1.00038
1.00038
1.00038
1.00038
1.00037
1.00037
1.00037
1.00036
1.00036
1.00036
1.00035
1.00035
1.00035
1.00034
1.00034
1.00034
1.00034
1.00033
1.00033
1.00033
1.00032
1.00032
1.00032
1.00031
1.00031
1.00031
1.0003
1.0003
1.0003
1.00029
1.00029
1.00029
1.00028
1.00028
1.00028
1.00028
1.00027
1.00027
1.00027
1.00026
1.00026
1.00026
1.00025
1.00025
1.00025
1.00024
1.00024
1.00024
1.00024
1.00023
1.00023
1.00023
1.00022
1.00022
1.00022
1.00021
1.00021
1.00021
1.00021
1.0002
1.0002
1.0002
1.00019
1.00019
1.00019
1.00018
1.00018
1.00018
1.00018
1.00017
1.00017
1.00017
1.00016
1.00016
1.00016
1.00016
1.00015
1.00015
1.00015
1.00014
1.00014
1.00014
1.00013
1.00013
1.00013
1.00013
1.00012
1.00012
1.00012
1.00011
1.00011
1.0002
1.00084
1.00216
1.0023
1.00226
1.00211
1.00222
1.00227
1.00213
1.00213
1.00221
1.00215
1.00208
1.00213
1.00214
1.00208
1.00207
1.0021
1.00208
1.00205
1.00206
1.00207
1.00205
1.00203
1.00204
1.00204
1.00202
1.00202
1.00202
1.00202
1.00201
1.00201
1.00201
1.002
1.002
1.002
1.00199
1.00199
1.00199
1.00198
1.00198
1.00198
1.00197
1.00197
1.00197
1.00196
1.00196
1.00196
1.00195
1.00195
1.00195
1.00194
1.00194
1.00193
1.00192
1.00192
1.00191
1.00191
1.00189
1.00189
1.00188
1.00186
1.00186
1.00185
1.00183
1.00181
1.0018
1.00178
1.00175
1.00173
1.00172
1.00169
1.00165
1.00164
1.00161
1.00157
1.00155
1.00153
1.00149
1.00146
1.00145
1.00141
1.00138
1.00136
1.00134
1.00131
1.00129
1.00127
1.00124
1.00122
1.0012
1.00119
1.00116
1.00114
1.00113
1.00111
1.00109
1.00108
1.00106
1.00105
1.00103
1.00102
1.001
1.00099
1.00097
1.00096
1.00095
1.00094
1.00093
1.00092
1.0009
1.00089
1.00089
1.00088
1.00086
1.00086
1.00085
1.00084
1.00083
1.00082
1.00081
1.00081
1.0008
1.00079
1.00078
1.00077
1.00077
1.00076
1.00075
1.00074
1.00074
1.00073
1.00072
1.00071
1.00071
1.0007
1.00069
1.00069
1.00068
1.00067
1.00066
1.00066
1.00065
1.00064
1.00063
1.00063
1.00062
1.00061
1.00061
1.0006
1.00059
1.00058
1.00058
1.00057
1.00056
1.00056
1.00055
1.00054
1.00054
1.00053
1.00052
1.00052
1.00051
1.00051
1.0005
1.0005
1.0005
1.00049
1.00049
1.00049
1.00049
1.00048
1.00048
1.00048
1.00048
1.00047
1.00047
1.00047
1.00047
1.00046
1.00046
1.00046
1.00046
1.00046
1.00045
1.00045
1.00045
1.00045
1.00044
1.00044
1.00044
1.00044
1.00043
1.00043
1.00043
1.00043
1.00042
1.00042
1.00042
1.00042
1.00041
1.00041
1.00041
1.0004
1.0004
1.0004
1.00039
1.00039
1.00039
1.00039
1.00038
1.00038
1.00038
1.00037
1.00037
1.00037
1.00036
1.00036
1.00036
1.00035
1.00035
1.00035
1.00034
1.00034
1.00034
1.00034
1.00033
1.00033
1.00033
1.00032
1.00032
1.00032
1.00031
1.00031
1.00031
1.0003
1.0003
1.0003
1.00029
1.00029
1.00029
1.00028
1.00028
1.00028
1.00028
1.00027
1.00027
1.00027
1.00026
1.00026
1.00026
1.00025
1.00025
1.00025
1.00024
1.00024
1.00024
1.00024
1.00023
1.00023
1.00023
1.00022
1.00022
1.00022
1.00021
1.00021
1.00021
1.00021
1.0002
1.0002
1.0002
1.00019
1.00019
1.00019
1.00018
1.00018
1.00018
1.00018
1.00017
1.00017
1.00017
1.00016
1.00016
1.00016
1.00016
1.00015
1.00015
1.00015
1.00014
1.00014
1.00014
1.00013
1.00013
1.00013
1.00013
1.00012
1.00012
1.00012
1.00011
1.00011
1.00022
1.00084
1.00222
1.00219
1.00219
1.00223
1.00221
1.00213
1.00217
1.00222
1.00212
1.0021
1.00217
1.00214
1.00207
1.00209
1.00212
1.00208
1.00206
1.00208
1.00208
1.00205
1.00204
1.00205
1.00204
1.00203
1.00203
1.00203
1.00202
1.00202
1.00202
1.00201
1.00201
1.002
1.002
1.002
1.00199
1.00199
1.00199
1.00199
1.00198
1.00198
1.00198
1.00197
1.00197
1.00197
1.00196
1.00196
1.00196
1.00195
1.00195
1.00195
1.00194
1.00194
1.00193
1.00193
1.00192
1.00191
1.00191
1.0019
1.00188
1.00188
1.00187
1.00185
1.00183
1.00183
1.0018
1.00177
1.00177
1.00174
1.0017
1.00169
1.00166
1.00162
1.0016
1.00158
1.00153
1.00151
1.00149
1.00145
1.00142
1.00141
1.00137
1.00134
1.00132
1.0013
1.00127
1.00125
1.00123
1.00121
1.00118
1.00117
1.00116
1.00113
1.00111
1.0011
1.00109
1.00107
1.00105
1.00104
1.00102
1.00101
1.00099
1.00098
1.00097
1.00095
1.00094
1.00093
1.00092
1.00091
1.0009
1.00089
1.00088
1.00087
1.00086
1.00086
1.00085
1.00084
1.00083
1.00082
1.00081
1.0008
1.0008
1.00079
1.00078
1.00078
1.00077
1.00076
1.00075
1.00075
1.00074
1.00073
1.00072
1.00071
1.00071
1.0007
1.00069
1.00068
1.00068
1.00067
1.00066
1.00066
1.00065
1.00064
1.00063
1.00063
1.00062
1.00061
1.00061
1.0006
1.00059
1.00058
1.00058
1.00057
1.00056
1.00055
1.00054
1.00054
1.00053
1.00053
1.00052
1.00052
1.00051
1.0005
1.0005
1.0005
1.00049
1.00049
1.00049
1.00049
1.00048
1.00048
1.00048
1.00048
1.00047
1.00047
1.00047
1.00047
1.00047
1.00047
1.00046
1.00046
1.00046
1.00046
1.00046
1.00045
1.00045
1.00045
1.00045
1.00044
1.00044
1.00044
1.00044
1.00043
1.00043
1.00043
1.00042
1.00042
1.00042
1.00042
1.00041
1.00041
1.00041
1.0004
1.0004
1.0004
1.00039
1.00039
1.00039
1.00039
1.00038
1.00038
1.00038
1.00037
1.00037
1.00037
1.00036
1.00036
1.00036
1.00035
1.00035
1.00035
1.00034
1.00034
1.00034
1.00034
1.00033
1.00033
1.00033
1.00032
1.00032
1.00032
1.00031
1.00031
1.00031
1.0003
1.0003
1.0003
1.00029
1.00029
1.00029
1.00028
1.00028
1.00028
1.00028
1.00027
1.00027
1.00027
1.00026
1.00026
1.00026
1.00025
1.00025
1.00025
1.00024
1.00024
1.00024
1.00024
1.00023
1.00023
1.00023
1.00022
1.00022
1.00022
1.00021
1.00021
1.00021
1.00021
1.0002
1.0002
1.0002
1.00019
1.00019
1.00019
1.00018
1.00018
1.00018
1.00018
1.00017
1.00017
1.00017
1.00016
1.00016
1.00016
1.00016
1.00015
1.00015
1.00015
1.00014
1.00014
1.00014
1.00013
1.00013
1.00013
1.00013
1.00012
1.00012
1.00012
1.00011
1.00011
1.00025
1.00085
1.00224
1.00215
1.00217
1.00224
1.00217
1.00213
1.0022
1.00217
1.00211
1.00215
1.00215
1.0021
1.0021
1.00212
1.0021
1.00207
1.00208
1.00209
1.00206
1.00205
1.00206
1.00205
1.00204
1.00204
1.00204
1.00203
1.00202
1.00202
1.00202
1.00201
1.00201
1.00201
1.00201
1.002
1.002
1.002
1.00199
1.00199
1.00199
1.00198
1.00198
1.00198
1.00198
1.00197
1.00197
1.00197
1.00196
1.00196
1.00195
1.00195
1.00195
1.00194
1.00194
1.00194
1.00193
1.00192
1.00192
1.00191
1.0019
1.00189
1.00187
1.00186
1.00185
1.00183
1.00181
1.00179
1.00177
1.00174
1.00171
1.00168
1.00166
1.00162
1.00158
1.00157
1.00154
1.00149
1.00147
1.00145
1.0014
1.00138
1.00136
1.00133
1.0013
1.00128
1.00126
1.00123
1.00121
1.0012
1.00118
1.00115
1.00114
1.00113
1.00111
1.00109
1.00108
1.00106
1.00104
1.00103
1.00102
1.001
1.00099
1.00097
1.00096
1.00095
1.00094
1.00093
1.00092
1.0009
1.0009
1.00089
1.00088
1.00087
1.00086
1.00085
1.00084
1.00084
1.00083
1.00082
1.00081
1.0008
1.0008
1.00079
1.00078
1.00077
1.00077
1.00076
1.00075
1.00075
1.00074
1.00073
1.00072
1.00071
1.00071
1.0007
1.00069
1.00068
1.00068
1.00067
1.00066
1.00065
1.00065
1.00064
1.00063
1.00063
1.00062
1.00061
1.0006
1.0006
1.00059
1.00058
1.00057
1.00057
1.00056
1.00055
1.00054
1.00054
1.00053
1.00052
1.00052
1.00051
1.0005
1.0005
1.0005
1.00049
1.00049
1.00049
1.00049
1.00048
1.00048
1.00048
1.00048
1.00048
1.00047
1.00047
1.00047
1.00047
1.00047
1.00047
1.00047
1.00046
1.00046
1.00046
1.00046
1.00045
1.00045
1.00045
1.00045
1.00045
1.00044
1.00044
1.00044
1.00043
1.00043
1.00043
1.00043
1.00042
1.00042
1.00042
1.00041
1.00041
1.00041
1.0004
1.0004
1.0004
1.0004
1.00039
1.00039
1.00039
1.00038
1.00038
1.00038
1.00037
1.00037
1.00037
1.00036
1.00036
1.00036
1.00035
1.00035
1.00035
1.00035
1.00034
1.00034
1.00034
1.00033
1.00033
1.00033
1.00032
1.00032
1.00032
1.00031
1.00031
1.00031
1.0003
1.0003
1.0003
1.00029
1.00029
1.00029
1.00028
1.00028
1.00028
1.00028
1.00027
1.00027
1.00027
1.00026
1.00026
1.00026
1.00025
1.00025
1.00025
1.00024
1.00024
1.00024
1.00024
1.00023
1.00023
1.00023
1.00022
1.00022
1.00022
1.00021
1.00021
1.00021
1.00021
1.0002
1.0002
1.0002
1.00019
1.00019
1.00019
1.00018
1.00018
1.00018
1.00018
1.00017
1.00017
1.00017
1.00016
1.00016
1.00016
1.00016
1.00015
1.00015
1.00015
1.00014
1.00014
1.00014
1.00013
1.00013
1.00013
1.00013
1.00012
1.00012
1.00012
1.00011
1.00011
1.00028
1.00082
1.00217
1.00221
1.0022
1.00214
1.00216
1.00221
1.00215
1.00211
1.00217
1.00216
1.00209
1.00211
1.00214
1.0021
1.00207
1.0021
1.0021
1.00206
1.00206
1.00208
1.00206
1.00204
1.00205
1.00205
1.00204
1.00203
1.00203
1.00203
1.00202
1.00202
1.00202
1.00201
1.00201
1.002
1.002
1.002
1.00199
1.00199
1.00199
1.00199
1.00198
1.00198
1.00198
1.00198
1.00197
1.00197
1.00197
1.00196
1.00196
1.00196
1.00196
1.00195
1.00195
1.00194
1.00194
1.00194
1.00192
1.00192
1.00192
1.0019
1.00188
1.00189
1.00186
1.00183
1.00183
1.00181
1.00176
1.00174
1.00173
1.00168
1.00164
1.00163
1.00159
1.00154
1.00153
1.00149
1.00144
1.00143
1.0014
1.00135
1.00133
1.00132
1.00128
1.00125
1.00124
1.00122
1.00119
1.00117
1.00117
1.00115
1.00112
1.00111
1.0011
1.00108
1.00106
1.00105
1.00104
1.00102
1.00101
1.001
1.00098
1.00097
1.00095
1.00094
1.00093
1.00092
1.00091
1.0009
1.00089
1.00088
1.00087
1.00087
1.00086
1.00085
1.00084
1.00084
1.00083
1.00082
1.00081
1.0008
1.00079
1.00079
1.00078
1.00077
1.00077
1.00076
1.00075
1.00075
1.00074
1.00073
1.00072
1.00072
1.00071
1.0007
1.00069
1.00068
1.00068
1.00067
1.00066
1.00066
1.00065
1.00064
1.00063
1.00063
1.00062
1.00061
1.0006
1.0006
1.00059
1.00058
1.00057
1.00057
1.00056
1.00055
1.00054
1.00053
1.00052
1.00052
1.00051
1.0005
1.0005
1.0005
1.00049
1.00048
1.00049
1.00048
1.00048
1.00048
1.00048
1.00048
1.00047
1.00048
1.00048
1.00047
1.00047
1.00047
1.00047
1.00047
1.00047
1.00047
1.00046
1.00046
1.00046
1.00046
1.00045
1.00045
1.00045
1.00045
1.00044
1.00044
1.00044
1.00044
1.00043
1.00043
1.00043
1.00042
1.00042
1.00042
1.00042
1.00041
1.00041
1.00041
1.0004
1.0004
1.0004
1.00039
1.00039
1.00039
1.00038
1.00038
1.00038
1.00037
1.00037
1.00037
1.00036
1.00036
1.00036
1.00035
1.00035
1.00035
1.00035
1.00034
1.00034
1.00034
1.00033
1.00033
1.00033
1.00032
1.00032
1.00032
1.00031
1.00031
1.00031
1.0003
1.0003
1.0003
1.00029
1.00029
1.00029
1.00029
1.00028
1.00028
1.00028
1.00027
1.00027
1.00027
1.00026
1.00026
1.00026
1.00025
1.00025
1.00025
1.00024
1.00024
1.00024
1.00024
1.00023
1.00023
1.00023
1.00022
1.00022
1.00022
1.00021
1.00021
1.00021
1.00021
1.0002
1.0002
1.0002
1.00019
1.00019
1.00019
1.00018
1.00018
1.00018
1.00018
1.00017
1.00017
1.00017
1.00016
1.00016
1.00016
1.00016
1.00015
1.00015
1.00015
1.00014
1.00014
1.00014
1.00013
1.00013
1.00013
1.00013
1.00012
1.00012
1.00012
1.00011
1.00011
1.0003
1.00083
1.00216
1.00219
1.00218
1.00215
1.00217
1.00217
1.00213
1.00215
1.00216
1.00211
1.00212
1.00214
1.00211
1.00209
1.0021
1.0021
1.00207
1.00207
1.00208
1.00207
1.00205
1.00206
1.00206
1.00204
1.00204
1.00204
1.00203
1.00203
1.00202
1.00202
1.00202
1.00201
1.00201
1.00201
1.002
1.002
1.002
1.002
1.00199
1.00199
1.00199
1.00199
1.00198
1.00198
1.00198
1.00198
1.00197
1.00197
1.00197
1.00197
1.00196
1.00196
1.00196
1.00195
1.00195
1.00195
1.00194
1.00193
1.00192
1.00191
1.00191
1.00189
1.00187
1.00186
1.00184
1.00181
1.00178
1.00175
1.00172
1.00168
1.00164
1.00161
1.00159
1.00153
1.00149
1.00148
1.00144
1.00139
1.00138
1.00135
1.00131
1.00128
1.00127
1.00124
1.00121
1.00119
1.00119
1.00116
1.00114
1.00113
1.00112
1.00109
1.00108
1.00107
1.00106
1.00104
1.00103
1.00102
1.001
1.00098
1.00097
1.00096
1.00095
1.00093
1.00092
1.00091
1.0009
1.00089
1.00088
1.00087
1.00087
1.00086
1.00085
1.00085
1.00084
1.00083
1.00082
1.00082
1.00081
1.0008
1.0008
1.00079
1.00078
1.00078
1.00077
1.00076
1.00075
1.00075
1.00074
1.00073
1.00072
1.00072
1.00071
1.0007
1.00069
1.00069
1.00068
1.00067
1.00066
1.00066
1.00065
1.00064
1.00064
1.00063
1.00062
1.00061
1.00061
1.0006
1.00059
1.00058
1.00057
1.00056
1.00056
1.00055
1.00054
1.00053
1.00052
1.00051
1.0005
1.0005
1.0005
1.00049
1.00048
1.00048
1.00048
1.00048
1.00048
1.00048
1.00048
1.00047
1.00047
1.00048
1.00047
1.00047
1.00047
1.00047
1.00047
1.00047
1.00047
1.00047
1.00047
1.00046
1.00046
1.00046
1.00046
1.00045
1.00045
1.00045
1.00045
1.00044
1.00044
1.00044
1.00043
1.00043
1.00043
1.00043
1.00042
1.00042
1.00042
1.00041
1.00041
1.00041
1.0004
1.0004
1.0004
1.00039
1.00039
1.00039
1.00038
1.00038
1.00038
1.00037
1.00037
1.00037
1.00036
1.00036
1.00036
1.00036
1.00035
1.00035
1.00035
1.00034
1.00034
1.00034
1.00033
1.00033
1.00033
1.00032
1.00032
1.00032
1.00031
1.00031
1.00031
1.0003
1.0003
1.0003
1.00029
1.00029
1.00029
1.00029
1.00028
1.00028
1.00028
1.00027
1.00027
1.00027
1.00026
1.00026
1.00026
1.00025
1.00025
1.00025
1.00024
1.00024
1.00024
1.00024
1.00023
1.00023
1.00023
1.00022
1.00022
1.00022
1.00021
1.00021
1.00021
1.00021
1.0002
1.0002
1.0002
1.00019
1.00019
1.00019
1.00018
1.00018
1.00018
1.00018
1.00017
1.00017
1.00017
1.00016
1.00016
1.00016
1.00016
1.00015
1.00015
1.00015
1.00014
1.00014
1.00014
1.00013
1.00013
1.00013
1.00013
1.00012
1.00012
1.00012
1.00011
1.00011
1.00032
1.00083
1.00219
1.00215
1.00215
1.00219
1.00216
1.00212
1.00216
1.00217
1.00211
1.00211
1.00215
1.00212
1.00208
1.00211
1.00211
1.00208
1.00207
1.00209
1.00208
1.00205
1.00206
1.00207
1.00205
1.00204
1.00205
1.00204
1.00203
1.00203
1.00203
1.00202
1.00202
1.00202
1.00201
1.00201
1.00201
1.00201
1.002
1.002
1.002
1.002
1.00199
1.00199
1.00199
1.00199
1.00198
1.00198
1.00198
1.00198
1.00198
1.00197
1.00197
1.00197
1.00197
1.00197
1.00196
1.00196
1.00196
1.00195
1.00193
1.00194
1.00193
1.00189
1.00189
1.00189
1.00184
1.0018
1.00181
1.00177
1.0017
1.00169
1.00167
1.00159
1.00155
1.00155
1.00148
1.00144
1.00143
1.00138
1.00134
1.00134
1.00129
1.00125
1.00124
1.00123
1.0012
1.00116
1.00116
1.00115
1.00112
1.00111
1.0011
1.00109
1.00107
1.00106
1.00105
1.00103
1.00102
1.00101
1.00099
1.00098
1.00096
1.00095
1.00094
1.00092
1.00091
1.00091
1.00089
1.00088
1.00088
1.00087
1.00086
1.00086
1.00085
1.00085
1.00084
1.00083
1.00082
1.00082
1.00081
1.0008
1.00079
1.00079
1.00078
1.00078
1.00077
1.00076
1.00076
1.00075
1.00074
1.00073
1.00073
1.00072
1.00071
1.0007
1.00069
1.00068
1.00067
1.00067
1.00066
1.00065
1.00065
1.00064
1.00063
1.00063
1.00062
1.00061
1.00061
1.0006
1.00059
1.00058
1.00057
1.00056
1.00055
1.00054
1.00053
1.00053
1.00052
1.00051
1.0005
1.0005
1.00049
1.00048
1.00048
1.00048
1.00047
1.00047
1.00048
1.00047
1.00047
1.00047
1.00047
1.00047
1.00047
1.00047
1.00047
1.00047
1.00047
1.00047
1.00047
1.00047
1.00047
1.00047
1.00046
1.00046
1.00046
1.00046
1.00045
1.00045
1.00045
1.00045
1.00044
1.00044
1.00044
1.00043
1.00043
1.00043
1.00042
1.00042
1.00042
1.00041
1.00041
1.00041
1.0004
1.0004
1.0004
1.00039
1.00039
1.00039
1.00038
1.00038
1.00038
1.00038
1.00037
1.00037
1.00037
1.00036
1.00036
1.00036
1.00035
1.00035
1.00035
1.00034
1.00034
1.00034
1.00033
1.00033
1.00033
1.00032
1.00032
1.00032
1.00031
1.00031
1.00031
1.0003
1.0003
1.0003
1.00029
1.00029
1.00029
1.00029
1.00028
1.00028
1.00028
1.00027
1.00027
1.00027
1.00026
1.00026
1.00026
1.00025
1.00025
1.00025
1.00024
1.00024
1.00024
1.00024
1.00023
1.00023
1.00023
1.00022
1.00022
1.00022
1.00021
1.00021
1.00021
1.00021
1.0002
1.0002
1.0002
1.00019
1.00019
1.00019
1.00018
1.00018
1.00018
1.00018
1.00017
1.00017
1.00017
1.00016
1.00016
1.00016
1.00015
1.00015
1.00015
1.00015
1.00014
1.00014
1.00014
1.00013
1.00013
1.00013
1.00013
1.00012
1.00012
1.00012
1.00011
1.00011
1.00034
1.00083
1.00217
1.00215
1.00216
1.00216
1.00214
1.00215
1.00215
1.00213
1.00213
1.00214
1.00212
1.0021
1.00212
1.00211
1.00208
1.00209
1.0021
1.00208
1.00206
1.00207
1.00207
1.00205
1.00205
1.00205
1.00205
1.00204
1.00204
1.00204
1.00203
1.00202
1.00202
1.00202
1.00202
1.00201
1.00201
1.00201
1.002
1.002
1.002
1.002
1.002
1.00199
1.00199
1.00199
1.00199
1.00199
1.00199
1.00198
1.00198
1.00198
1.00198
1.00198
1.00198
1.00198
1.00197
1.00197
1.00197
1.00196
1.00196
1.00195
1.00194
1.00193
1.00192
1.00188
1.00186
1.00185
1.0018
1.00176
1.00174
1.00169
1.00164
1.0016
1.00154
1.00151
1.00148
1.00141
1.00139
1.00138
1.00132
1.00128
1.00128
1.00125
1.00121
1.00118
1.00118
1.00117
1.00113
1.00112
1.00112
1.0011
1.00108
1.00108
1.00107
1.00105
1.00103
1.00103
1.00102
1.001
1.00098
1.00098
1.00096
1.00094
1.00093
1.00092
1.00091
1.0009
1.00089
1.00088
1.00087
1.00087
1.00086
1.00086
1.00085
1.00084
1.00083
1.00083
1.00082
1.00081
1.00081
1.0008
1.00079
1.00078
1.00078
1.00077
1.00077
1.00076
1.00076
1.00075
1.00074
1.00073
1.00073
1.00072
1.00071
1.0007
1.00069
1.00068
1.00067
1.00067
1.00066
1.00065
1.00065
1.00064
1.00063
1.00063
1.00062
1.00061
1.00061
1.0006
1.00059
1.00058
1.00057
1.00056
1.00055
1.00054
1.00053
1.00052
1.00051
1.0005
1.0005
1.00048
1.00048
1.00048
1.00047
1.00047
1.00047
1.00047
1.00047
1.00047
1.00047
1.00047
1.00047
1.00047
1.00047
1.00047
1.00047
1.00047
1.00047
1.00047
1.00047
1.00047
1.00047
1.00047
1.00047
1.00046
1.00046
1.00046
1.00046
1.00045
1.00045
1.00045
1.00044
1.00044
1.00044
1.00043
1.00043
1.00043
1.00043
1.00042
1.00042
1.00042
1.00041
1.00041
1.00041
1.0004
1.0004
1.0004
1.00039
1.00039
1.00039
1.00038
1.00038
1.00038
1.00037
1.00037
1.00037
1.00036
1.00036
1.00036
1.00035
1.00035
1.00035
1.00034
1.00034
1.00034
1.00033
1.00033
1.00033
1.00032
1.00032
1.00032
1.00031
1.00031
1.00031
1.0003
1.0003
1.0003
1.00029
1.00029
1.00029
1.00029
1.00028
1.00028
1.00028
1.00027
1.00027
1.00027
1.00026
1.00026
1.00026
1.00025
1.00025
1.00025
1.00024
1.00024
1.00024
1.00024
1.00023
1.00023
1.00023
1.00022
1.00022
1.00022
1.00021
1.00021
1.00021
1.00021
1.0002
1.0002
1.0002
1.00019
1.00019
1.00019
1.00018
1.00018
1.00018
1.00018
1.00017
1.00017
1.00017
1.00016
1.00016
1.00016
1.00015
1.00015
1.00015
1.00015
1.00014
1.00014
1.00014
1.00013
1.00013
1.00013
1.00013
1.00012
1.00012
1.00012
1.00011
1.00011
1.00036
1.00082
1.00214
1.00217
1.00216
1.00213
1.00214
1.00217
1.00213
1.00212
1.00215
1.00213
1.0021
1.00212
1.00212
1.00209
1.00209
1.0021
1.00209
1.00207
1.00208
1.00208
1.00206
1.00205
1.00206
1.00205
1.00204
1.00204
1.00204
1.00203
1.00203
1.00203
1.00203
1.00202
1.00202
1.00202
1.00201
1.00201
1.00201
1.00201
1.002
1.002
1.002
1.002
1.002
1.00199
1.002
1.00199
1.00199
1.00199
1.00199
1.00199
1.00199
1.00199
1.00199
1.00199
1.00199
1.00199
1.00198
1.00198
1.00198
1.00197
1.00195
1.00197
1.00194
1.00189
1.0019
1.00188
1.0018
1.00177
1.00177
1.00169
1.00159
1.00161
1.00155
1.00145
1.00145
1.00143
1.00135
1.00134
1.00132
1.00126
1.00124
1.00123
1.0012
1.00116
1.00114
1.00115
1.00113
1.0011
1.0011
1.00109
1.00108
1.00106
1.00105
1.00105
1.00103
1.00102
1.00101
1.00099
1.00098
1.00097
1.00095
1.00094
1.00093
1.00091
1.0009
1.00088
1.00087
1.00088
1.00086
1.00086
1.00086
1.00085
1.00085
1.00084
1.00083
1.00083
1.00082
1.00081
1.0008
1.00079
1.00079
1.00078
1.00078
1.00077
1.00077
1.00077
1.00076
1.00075
1.00075
1.00074
1.00072
1.00072
1.00071
1.0007
1.00069
1.00068
1.00067
1.00066
1.00066
1.00066
1.00065
1.00064
1.00064
1.00063
1.00062
1.00061
1.00061
1.0006
1.00059
1.00058
1.00057
1.00056
1.00055
1.00054
1.00053
1.00052
1.0005
1.0005
1.00049
1.00048
1.00047
1.00047
1.00046
1.00046
1.00046
1.00046
1.00045
1.00046
1.00047
1.00047
1.00047
1.00047
1.00047
1.00047
1.00047
1.00048
1.00048
1.00047
1.00047
1.00047
1.00047
1.00047
1.00047
1.00047
1.00046
1.00046
1.00046
1.00045
1.00045
1.00045
1.00045
1.00044
1.00044
1.00044
1.00043
1.00043
1.00043
1.00042
1.00042
1.00042
1.00041
1.00041
1.00041
1.0004
1.0004
1.0004
1.00039
1.00039
1.00039
1.00038
1.00038
1.00038
1.00037
1.00037
1.00037
1.00036
1.00036
1.00036
1.00035
1.00035
1.00035
1.00034
1.00034
1.00034
1.00033
1.00033
1.00033
1.00032
1.00032
1.00032
1.00031
1.00031
1.00031
1.0003
1.0003
1.0003
1.00029
1.00029
1.00029
1.00029
1.00028
1.00028
1.00028
1.00027
1.00027
1.00027
1.00026
1.00026
1.00026
1.00025
1.00025
1.00025
1.00024
1.00024
1.00024
1.00024
1.00023
1.00023
1.00023
1.00022
1.00022
1.00022
1.00021
1.00021
1.00021
1.00021
1.0002
1.0002
1.0002
1.00019
1.00019
1.00019
1.00018
1.00018
1.00018
1.00018
1.00017
1.00017
1.00017
1.00016
1.00016
1.00016
1.00015
1.00015
1.00015
1.00015
1.00014
1.00014
1.00014
1.00013
1.00013
1.00013
1.00013
1.00012
1.00012
1.00012
1.00011
1.00011
1.00038
1.00082
1.00215
1.00214
1.00214
1.00215
1.00215
1.00213
1.00213
1.00214
1.00212
1.00211
1.00213
1.00212
1.00209
1.0021
1.00211
1.00209
1.00207
1.00209
1.00208
1.00206
1.00206
1.00207
1.00206
1.00205
1.00205
1.00205
1.00204
1.00203
1.00204
1.00203
1.00203
1.00202
1.00202
1.00202
1.00201
1.00201
1.00201
1.00201
1.00201
1.00201
1.002
1.002
1.002
1.002
1.002
1.002
1.002
1.002
1.002
1.002
1.002
1.002
1.002
1.002
1.002
1.002
1.002
1.002
1.002
1.002
1.00199
1.00197
1.00195
1.00196
1.00192
1.00185
1.00186
1.00182
1.00171
1.00168
1.00165
1.00155
1.00152
1.00146
1.0014
1.0014
1.00136
1.00128
1.00128
1.00129
1.00122
1.00117
1.00117
1.00118
1.00113
1.0011
1.00112
1.00111
1.00108
1.00107
1.00108
1.00106
1.00104
1.00104
1.00103
1.00101
1.001
1.00099
1.00098
1.00096
1.00095
1.00094
1.00092
1.0009
1.00089
1.00088
1.00087
1.00086
1.00086
1.00086
1.00086
1.00085
1.00084
1.00085
1.00084
1.00082
1.00082
1.00081
1.00079
1.00079
1.00079
1.00078
1.00077
1.00078
1.00077
1.00077
1.00076
1.00075
1.00075
1.00074
1.00073
1.00071
1.00071
1.0007
1.00069
1.00068
1.00067
1.00066
1.00066
1.00065
1.00064
1.00064
1.00064
1.00063
1.00062
1.00062
1.00061
1.0006
1.00059
1.00058
1.00057
1.00056
1.00055
1.00054
1.00052
1.00051
1.0005
1.00049
1.00048
1.00047
1.00047
1.00045
1.00045
1.00046
1.00045
1.00045
1.00046
1.00046
1.00046
1.00046
1.00047
1.00047
1.00047
1.00047
1.00048
1.00048
1.00047
1.00048
1.00048
1.00047
1.00047
1.00047
1.00047
1.00047
1.00046
1.00046
1.00046
1.00046
1.00045
1.00045
1.00045
1.00044
1.00044
1.00044
1.00043
1.00043
1.00043
1.00042
1.00042
1.00042
1.00041
1.00041
1.00041
1.0004
1.0004
1.0004
1.00039
1.00039
1.00039
1.00038
1.00038
1.00038
1.00037
1.00037
1.00037
1.00036
1.00036
1.00036
1.00035
1.00035
1.00035
1.00034
1.00034
1.00034
1.00033
1.00033
1.00033
1.00032
1.00032
1.00032
1.00031
1.00031
1.00031
1.0003
1.0003
1.0003
1.0003
1.00029
1.00029
1.00029
1.00028
1.00028
1.00028
1.00027
1.00027
1.00027
1.00026
1.00026
1.00026
1.00025
1.00025
1.00025
1.00025
1.00024
1.00024
1.00024
1.00023
1.00023
1.00023
1.00022
1.00022
1.00022
1.00021
1.00021
1.00021
1.00021
1.0002
1.0002
1.0002
1.00019
1.00019
1.00019
1.00018
1.00018
1.00018
1.00018
1.00017
1.00017
1.00017
1.00016
1.00016
1.00016
1.00015
1.00015
1.00015
1.00015
1.00014
1.00014
1.00014
1.00013
1.00013
1.00013
1.00013
1.00012
1.00012
1.00012
1.00011
1.00011
1.0004
1.00082
1.00215
1.00213
1.00213
1.00215
1.00214
1.00212
1.00214
1.00214
1.00211
1.00212
1.00213
1.0021
1.0021
1.00211
1.0021
1.00208
1.00209
1.00209
1.00207
1.00207
1.00207
1.00206
1.00205
1.00205
1.00205
1.00204
1.00204
1.00204
1.00204
1.00203
1.00203
1.00203
1.00202
1.00202
1.00202
1.00202
1.00201
1.00201
1.00201
1.00201
1.00201
1.00201
1.00201
1.00201
1.002
1.002
1.00201
1.00201
1.002
1.00201
1.00201
1.00201
1.00201
1.00202
1.00202
1.00201
1.00202
1.00203
1.00201
1.00202
1.00202
1.002
1.00199
1.002
1.00194
1.00189
1.0019
1.00183
1.00172
1.00168
1.00167
1.00151
1.00147
1.00149
1.00137
1.00131
1.00136
1.00131
1.00125
1.00125
1.0012
1.00118
1.00114
1.00112
1.00113
1.0011
1.00108
1.00109
1.00109
1.00107
1.00106
1.00105
1.00104
1.00103
1.00102
1.00101
1.001
1.00099
1.00097
1.00096
1.00095
1.00093
1.00092
1.00091
1.00088
1.00087
1.00086
1.00084
1.00085
1.00086
1.00085
1.00086
1.00085
1.00084
1.00084
1.00083
1.00081
1.0008
1.0008
1.00079
1.00078
1.00078
1.00078
1.00078
1.00077
1.00076
1.00077
1.00076
1.00074
1.00074
1.00073
1.00072
1.0007
1.0007
1.00069
1.00067
1.00066
1.00067
1.00065
1.00064
1.00065
1.00064
1.00064
1.00063
1.00062
1.00062
1.00061
1.0006
1.00059
1.00058
1.00057
1.00056
1.00055
1.00054
1.00052
1.00051
1.0005
1.00048
1.00047
1.00046
1.00045
1.00044
1.00045
1.00044
1.00043
1.00044
1.00046
1.00045
1.00045
1.00046
1.00047
1.00047
1.00047
1.00048
1.00048
1.00048
1.00048
1.00048
1.00048
1.00048
1.00047
1.00047
1.00047
1.00047
1.00047
1.00046
1.00046
1.00046
1.00046
1.00045
1.00045
1.00045
1.00044
1.00044
1.00044
1.00043
1.00043
1.00043
1.00042
1.00042
1.00042
1.00041
1.00041
1.0004
1.0004
1.0004
1.00039
1.00039
1.00039
1.00038
1.00038
1.00038
1.00037
1.00037
1.00037
1.00036
1.00036
1.00036
1.00035
1.00035
1.00035
1.00034
1.00034
1.00034
1.00033
1.00033
1.00033
1.00032
1.00032
1.00032
1.00031
1.00031
1.00031
1.0003
1.0003
1.0003
1.0003
1.00029
1.00029
1.00029
1.00028
1.00028
1.00028
1.00027
1.00027
1.00027
1.00026
1.00026
1.00026
1.00025
1.00025
1.00025
1.00025
1.00024
1.00024
1.00024
1.00023
1.00023
1.00023
1.00022
1.00022
1.00022
1.00021
1.00021
1.00021
1.00021
1.0002
1.0002
1.0002
1.00019
1.00019
1.00019
1.00018
1.00018
1.00018
1.00018
1.00017
1.00017
1.00017
1.00016
1.00016
1.00016
1.00015
1.00015
1.00015
1.00015
1.00014
1.00014
1.00014
1.00013
1.00013
1.00013
1.00013
1.00012
1.00012
1.00012
1.00011
1.00011
1.00041
1.00082
1.00213
1.00214
1.00214
1.00213
1.00213
1.00214
1.00213
1.00211
1.00213
1.00213
1.0021
1.0021
1.00212
1.0021
1.00208
1.00209
1.00209
1.00207
1.00207
1.00208
1.00207
1.00206
1.00206
1.00206
1.00205
1.00204
1.00205
1.00204
1.00203
1.00203
1.00203
1.00203
1.00202
1.00202
1.00202
1.00202
1.00202
1.00201
1.00201
1.00201
1.00201
1.00201
1.00201
1.00201
1.00201
1.00201
1.00201
1.00201
1.00201
1.00202
1.00202
1.00202
1.00202
1.00203
1.00203
1.00203
1.00204
1.00204
1.00204
1.00204
1.00204
1.00205
1.00204
1.00198
1.00199
1.00201
1.00187
1.00179
1.00182
1.00169
1.00156
1.00157
1.00147
1.00138
1.00138
1.00129
1.00129
1.00134
1.00127
1.00117
1.00118
1.0012
1.00115
1.00107
1.00109
1.00112
1.00109
1.00107
1.00108
1.00107
1.00105
1.00105
1.00104
1.00103
1.00102
1.00101
1.001
1.00098
1.00097
1.00096
1.00095
1.00093
1.00092
1.00091
1.00087
1.00085
1.00084
1.00085
1.00085
1.00084
1.00083
1.00086
1.00086
1.00084
1.00083
1.00083
1.00082
1.0008
1.00079
1.00079
1.00076
1.00078
1.00078
1.00077
1.00078
1.00077
1.00076
1.00076
1.00075
1.00074
1.00073
1.00072
1.00071
1.00069
1.00068
1.00067
1.00066
1.00065
1.00065
1.00065
1.00065
1.00064
1.00063
1.00064
1.00063
1.00062
1.00061
1.00061
1.00059
1.00058
1.00057
1.00056
1.00055
1.00053
1.00052
1.00051
1.00049
1.00048
1.00047
1.00045
1.00044
1.00045
1.00043
1.00042
1.00044
1.00044
1.00044
1.00044
1.00046
1.00046
1.00046
1.00047
1.00048
1.00047
1.00047
1.00048
1.00048
1.00048
1.00048
1.00048
1.00048
1.00047
1.00047
1.00047
1.00047
1.00047
1.00046
1.00046
1.00046
1.00045
1.00045
1.00045
1.00044
1.00044
1.00044
1.00043
1.00043
1.00043
1.00042
1.00042
1.00042
1.00041
1.00041
1.00041
1.0004
1.0004
1.0004
1.00039
1.00039
1.00038
1.00038
1.00038
1.00037
1.00037
1.00037
1.00036
1.00036
1.00036
1.00035
1.00035
1.00035
1.00034
1.00034
1.00034
1.00033
1.00033
1.00033
1.00032
1.00032
1.00032
1.00031
1.00031
1.00031
1.00031
1.0003
1.0003
1.0003
1.00029
1.00029
1.00029
1.00028
1.00028
1.00028
1.00027
1.00027
1.00027
1.00026
1.00026
1.00026
1.00025
1.00025
1.00025
1.00025
1.00024
1.00024
1.00024
1.00023
1.00023
1.00023
1.00022
1.00022
1.00022
1.00021
1.00021
1.00021
1.00021
1.0002
1.0002
1.0002
1.00019
1.00019
1.00019
1.00018
1.00018
1.00018
1.00018
1.00017
1.00017
1.00017
1.00016
1.00016
1.00016
1.00015
1.00015
1.00015
1.00015
1.00014
1.00014
1.00014
1.00013
1.00013
1.00013
1.00013
1.00012
1.00012
1.00012
1.00011
1.00011
1.00042
1.00082
1.00213
1.00214
1.00214
1.00212
1.00213
1.00213
1.00212
1.00212
1.00213
1.00211
1.0021
1.00211
1.00211
1.00209
1.0021
1.0021
1.00208
1.00208
1.00208
1.00207
1.00206
1.00206
1.00206
1.00205
1.00205
1.00205
1.00205
1.00204
1.00204
1.00204
1.00203
1.00203
1.00203
1.00203
1.00202
1.00202
1.00202
1.00202
1.00202
1.00201
1.00201
1.00201
1.00201
1.00201
1.00202
1.00202
1.00201
1.00202
1.00202
1.00202
1.00202
1.00203
1.00204
1.00203
1.00204
1.00206
1.00205
1.00205
1.00208
1.00208
1.00206
1.00207
1.00209
1.00205
1.00204
1.00201
1.00191
1.00186
1.00181
1.00172
1.00153
1.00158
1.00144
1.00128
1.00136
1.00137
1.00121
1.00123
1.00132
1.00129
1.00122
1.00106
1.00109
1.00113
1.00108
1.00107
1.00109
1.00108
1.00106
1.00106
1.00106
1.00105
1.00103
1.00103
1.00102
1.00101
1.001
1.00099
1.00097
1.00096
1.00095
1.00094
1.00092
1.00089
1.00089
1.00087
1.00081
1.00083
1.0008
1.00085
1.00087
1.00085
1.00085
1.00085
1.00084
1.00083
1.00082
1.0008
1.00078
1.00077
1.00078
1.00077
1.00077
1.00076
1.00078
1.00078
1.00076
1.00076
1.00076
1.00075
1.00073
1.00072
1.00071
1.0007
1.00067
1.00067
1.00066
1.00064
1.00065
1.00065
1.00064
1.00065
1.00064
1.00063
1.00063
1.00062
1.00061
1.0006
1.00059
1.00058
1.00057
1.00056
1.00055
1.00053
1.00052
1.00051
1.00049
1.00047
1.00046
1.00044
1.00043
1.00042
1.00041
1.00042
1.00043
1.00042
1.00042
1.00045
1.00046
1.00045
1.00046
1.00047
1.00047
1.00048
1.00048
1.00048
1.00048
1.00048
1.00048
1.00048
1.00048
1.00048
1.00048
1.00047
1.00047
1.00047
1.00046
1.00046
1.00046
1.00046
1.00045
1.00045
1.00045
1.00044
1.00044
1.00044
1.00043
1.00043
1.00042
1.00042
1.00042
1.00041
1.00041
1.00041
1.0004
1.0004
1.0004
1.00039
1.00039
1.00039
1.00038
1.00038
1.00037
1.00037
1.00037
1.00036
1.00036
1.00036
1.00035
1.00035
1.00035
1.00034
1.00034
1.00034
1.00033
1.00033
1.00033
1.00032
1.00032
1.00032
1.00031
1.00031
1.00031
1.00031
1.0003
1.0003
1.0003
1.00029
1.00029
1.00029
1.00028
1.00028
1.00028
1.00027
1.00027
1.00027
1.00026
1.00026
1.00026
1.00025
1.00025
1.00025
1.00025
1.00024
1.00024
1.00024
1.00023
1.00023
1.00023
1.00022
1.00022
1.00022
1.00021
1.00021
1.00021
1.00021
1.0002
1.0002
1.0002
1.00019
1.00019
1.00019
1.00018
1.00018
1.00018
1.00018
1.00017
1.00017
1.00017
1.00016
1.00016
1.00016
1.00015
1.00015
1.00015
1.00015
1.00014
1.00014
1.00014
1.00013
1.00013
1.00013
1.00013
1.00012
1.00012
1.00012
1.00011
1.00011
1.00043
1.00082
1.00214
1.00213
1.00213
1.00214
1.00213
1.00212
1.00212
1.00213
1.00211
1.00211
1.00212
1.00211
1.00209
1.0021
1.0021
1.00208
1.00208
1.00209
1.00208
1.00207
1.00207
1.00207
1.00206
1.00205
1.00206
1.00205
1.00204
1.00204
1.00204
1.00204
1.00203
1.00203
1.00203
1.00203
1.00202
1.00202
1.00202
1.00202
1.00202
1.00202
1.00202
1.00202
1.00202
1.00202
1.00202
1.00202
1.00202
1.00202
1.00202
1.00203
1.00203
1.00204
1.00204
1.00205
1.00206
1.00206
1.00207
1.00208
1.00209
1.00209
1.00211
1.00211
1.00211
1.00214
1.00208
1.00197
1.00207
1.002
1.00165
1.00166
1.00167
1.00151
1.00146
1.00139
1.00116
1.00122
1.00129
1.00126
1.00131
1.00134
1.00122
1.00107
1.00102
1.0011
1.00109
1.00107
1.00107
1.00108
1.00106
1.00105
1.00105
1.00105
1.00103
1.00103
1.00102
1.00101
1.001
1.00099
1.00097
1.00096
1.00095
1.00094
1.00092
1.0009
1.0009
1.00087
1.00081
1.00076
1.00079
1.00084
1.00088
1.00086
1.00085
1.00086
1.00085
1.00083
1.00081
1.00082
1.0008
1.00074
1.00076
1.00073
1.00077
1.0008
1.00078
1.00077
1.00078
1.00077
1.00075
1.00075
1.00074
1.00072
1.00071
1.0007
1.00067
1.00065
1.00065
1.00065
1.00065
1.00064
1.00063
1.00065
1.00065
1.00063
1.00063
1.00063
1.00062
1.0006
1.00059
1.00059
1.00057
1.00056
1.00055
1.00053
1.00052
1.0005
1.00049
1.00047
1.00045
1.00044
1.00042
1.00039
1.00041
1.00042
1.0004
1.00041
1.00044
1.00044
1.00044
1.00045
1.00047
1.00047
1.00047
1.00048
1.00048
1.00048
1.00048
1.00048
1.00048
1.00048
1.00048
1.00048
1.00048
1.00047
1.00047
1.00047
1.00047
1.00046
1.00046
1.00046
1.00045
1.00045
1.00045
1.00044
1.00044
1.00044
1.00043
1.00043
1.00043
1.00042
1.00042
1.00041
1.00041
1.00041
1.0004
1.0004
1.0004
1.00039
1.00039
1.00039
1.00038
1.00038
1.00038
1.00037
1.00037
1.00037
1.00036
1.00036
1.00035
1.00035
1.00035
1.00034
1.00034
1.00034
1.00033
1.00033
1.00033
1.00032
1.00032
1.00032
1.00032
1.00031
1.00031
1.00031
1.0003
1.0003
1.0003
1.00029
1.00029
1.00029
1.00028
1.00028
1.00028
1.00027
1.00027
1.00027
1.00026
1.00026
1.00026
1.00025
1.00025
1.00025
1.00025
1.00024
1.00024
1.00024
1.00023
1.00023
1.00023
1.00022
1.00022
1.00022
1.00021
1.00021
1.00021
1.00021
1.0002
1.0002
1.0002
1.00019
1.00019
1.00019
1.00018
1.00018
1.00018
1.00018
1.00017
1.00017
1.00017
1.00016
1.00016
1.00016
1.00015
1.00015
1.00015
1.00015
1.00014
1.00014
1.00014
1.00013
1.00013
1.00013
1.00013
1.00012
1.00012
1.00012
1.00011
1.00011
1.00044
1.00081
1.00213
1.00213
1.00213
1.00213
1.00212
1.00212
1.00212
1.00212
1.00211
1.00212
1.00211
1.0021
1.0021
1.0021
1.00209
1.00209
1.00209
1.00208
1.00207
1.00207
1.00207
1.00206
1.00206
1.00206
1.00206
1.00205
1.00205
1.00205
1.00204
1.00204
1.00204
1.00203
1.00203
1.00203
1.00203
1.00202
1.00202
1.00202
1.00202
1.00202
1.00202
1.00202
1.00202
1.00202
1.00202
1.00202
1.00203
1.00203
1.00203
1.00204
1.00204
1.00204
1.00205
1.00207
1.00207
1.00206
1.00209
1.00211
1.00209
1.00211
1.00217
1.00216
1.00212
1.00218
1.00222
1.00213
1.00204
1.00188
1.00187
1.00172
1.0017
1.00139
1.00141
1.00142
1.00117
1.00108
1.00127
1.00128
1.00118
1.00135
1
1
1
1
1
1
1
1
1
1
1
1
1
1
1
1
1
1
1
1
1
1
1
1
1
1
1
1.00067
1.00091
1.00089
1.00084
1.00087
1.00088
1.00085
1.00084
1.00084
1.00082
1.00082
1.0008
1.00075
1.0007
1.00072
1.00077
1.0008
1.00078
1.00077
1.00078
1.00077
1.00076
1.00074
1.00074
1.00073
1.00071
1.00069
1.00069
1.00067
1.00062
1.00063
1.00061
1.00064
1.00067
1.00065
1.00064
1.00065
1.00064
1.00062
1.00062
1.00061
1.0006
1.00058
1.00057
1.00056
1.00055
1.00054
1.00052
1.0005
1.00049
1.00048
1.00044
1.00042
1.00041
1.00041
1.0004
1.00039
1.00038
1.00042
1.00043
1.00042
1.00044
1.00046
1.00046
1.00047
1.00048
1.00048
1.00048
1.00048
1.00049
1.00048
1.00048
1.00048
1.00048
1.00048
1.00048
1.00048
1.00047
1.00047
1.00047
1.00046
1.00046
1.00046
1.00045
1.00045
1.00045
1.00044
1.00044
1.00044
1.00043
1.00043
1.00043
1.00042
1.00042
1.00042
1.00041
1.00041
1.0004
1.0004
1.0004
1.00039
1.00039
1.00039
1.00038
1.00038
1.00038
1.00037
1.00037
1.00037
1.00036
1.00036
1.00036
1.00035
1.00035
1.00035
1.00034
1.00034
1.00034
1.00033
1.00033
1.00033
1.00032
1.00032
1.00032
1.00031
1.00031
1.00031
1.0003
1.0003
1.0003
1.00029
1.00029
1.00029
1.00028
1.00028
1.00028
1.00027
1.00027
1.00027
1.00026
1.00026
1.00026
1.00025
1.00025
1.00025
1.00025
1.00024
1.00024
1.00024
1.00023
1.00023
1.00023
1.00022
1.00022
1.00022
1.00021
1.00021
1.00021
1.00021
1.0002
1.0002
1.0002
1.00019
1.00019
1.00019
1.00018
1.00018
1.00018
1.00018
1.00017
1.00017
1.00017
1.00016
1.00016
1.00016
1.00015
1.00015
1.00015
1.00015
1.00014
1.00014
1.00014
1.00013
1.00013
1.00013
1.00013
1.00012
1.00012
1.00012
1.00011
1.00011
1.00045
1.00081
1.00212
1.00213
1.00213
1.00212
1.00212
1.00213
1.00212
1.00211
1.00212
1.00211
1.0021
1.0021
1.00211
1.00209
1.00209
1.0021
1.00209
1.00207
1.00208
1.00208
1.00207
1.00206
1.00207
1.00206
1.00205
1.00205
1.00205
1.00204
1.00204
1.00204
1.00204
1.00203
1.00203
1.00203
1.00203
1.00202
1.00202
1.00202
1.00202
1.00202
1.00202
1.00202
1.00202
1.00202
1.00202
1.00203
1.00203
1.00203
1.00204
1.00204
1.00204
1.00205
1.00206
1.00206
1.00207
1.00209
1.0021
1.0021
1.00213
1.00216
1.00215
1.00218
1.00223
1.00223
1.00223
1.0023
1.00211
1.0019
1.0022
1.00167
1.00134
1.00136
1.00152
1
1
1
1
1
1
1
1
1
1
1
1
1
1
1
1
1
1
1
1
1
1
1
1
1
1
1
1
1
1
1
1
1
1
1
1
1
1
1
1
1
1
1
1
1
1
1
1.00062
1.00083
1.00081
1.00076
1.00079
1.0008
1.00078
1.00076
1.00077
1.00075
1.00074
1.00073
1.00071
1.0007
1.0007
1.00068
1.00062
1.00058
1.0006
1.00064
1.00067
1.00065
1.00064
1.00065
1.00064
1.00063
1.00062
1.00061
1.0006
1.00058
1.00057
1.00056
1.00055
1.00053
1.00052
1.00051
1.00049
1.00046
1.00046
1.00044
1.00038
1.00038
1.00034
1.00037
1.00043
1.00041
1.00039
1.00042
1.00046
1.00046
1.00046
1.00047
1.00048
1.00048
1.00048
1.00049
1.00049
1.00048
1.00048
1.00049
1.00048
1.00048
1.00048
1.00048
1.00047
1.00047
1.00047
1.00047
1.00046
1.00046
1.00046
1.00045
1.00045
1.00044
1.00044
1.00044
1.00043
1.00043
1.00043
1.00042
1.00042
1.00042
1.00041
1.00041
1.0004
1.0004
1.0004
1.00039
1.00039
1.00039
1.00038
1.00038
1.00038
1.00037
1.00037
1.00037
1.00036
1.00036
1.00036
1.00035
1.00035
1.00035
1.00034
1.00034
1.00034
1.00033
1.00033
1.00033
1.00032
1.00032
1.00032
1.00031
1.00031
1.00031
1.0003
1.0003
1.0003
1.00029
1.00029
1.00029
1.00028
1.00028
1.00028
1.00027
1.00027
1.00027
1.00026
1.00026
1.00026
1.00025
1.00025
1.00025
1.00025
1.00024
1.00024
1.00024
1.00023
1.00023
1.00023
1.00022
1.00022
1.00022
1.00021
1.00021
1.00021
1.00021
1.0002
1.0002
1.0002
1.00019
1.00019
1.00019
1.00018
1.00018
1.00018
1.00018
1.00017
1.00017
1.00017
1.00016
1.00016
1.00016
1.00015
1.00015
1.00015
1.00015
1.00014
1.00014
1.00014
1.00013
1.00013
1.00013
1.00013
1.00012
1.00012
1.00012
1.00011
1.00011
1.00046
1.00081
1.00212
1.00212
1.00212
1.00212
1.00212
1.00212
1.00212
1.00212
1.00211
1.00211
1.00211
1.00211
1.0021
1.00209
1.0021
1.00209
1.00208
1.00208
1.00208
1.00207
1.00207
1.00207
1.00206
1.00206
1.00206
1.00205
1.00205
1.00204
1.00204
1.00204
1.00204
1.00203
1.00203
1.00203
1.00203
1.00203
1.00203
1.00202
1.00202
1.00202
1.00202
1.00202
1.00202
1.00202
1.00203
1.00203
1.00203
1.00203
1.00204
1.00204
1.00204
1.00206
1.00207
1.00206
1.00208
1.00211
1.0021
1.00211
1.00216
1.00218
1.00216
1.00222
1.00231
1.00227
1.00224
1.00244
1.00249
1.00217
1.0016
1.00174
1
1
1
1
1
1
1
1
1
1
1
1
1
1
1
1
1
1
1
1
1
1
1
1
1
1
1
1
1
1
1
1
1
1
1
1
1
1
1
1
1
1
1
1
1
1
1
1
1
1
1
1
1
1
1
1
1
1
1
1
1
1
1
1
1
1
1
1.00051
1.0007
1.00068
1.00063
1.00066
1.00067
1.00065
1.00063
1.00063
1.00062
1.00061
1.0006
1.00059
1.00058
1.00056
1.00055
1.00053
1.00052
1.00051
1.00049
1.00047
1.00048
1.00044
1.00037
1.00033
1.00035
1.00036
1.00039
1.00036
1.00041
1.00045
1.00044
1.00044
1.00047
1.00048
1.00047
1.00048
1.00049
1.00049
1.00048
1.00049
1.00049
1.00048
1.00048
1.00048
1.00048
1.00048
1.00048
1.00047
1.00047
1.00047
1.00046
1.00046
1.00046
1.00045
1.00045
1.00045
1.00044
1.00044
1.00043
1.00043
1.00043
1.00042
1.00042
1.00042
1.00041
1.00041
1.0004
1.0004
1.0004
1.00039
1.00039
1.00039
1.00038
1.00038
1.00038
1.00037
1.00037
1.00037
1.00036
1.00036
1.00036
1.00035
1.00035
1.00035
1.00034
1.00034
1.00034
1.00033
1.00033
1.00033
1.00032
1.00032
1.00032
1.00031
1.00031
1.00031
1.0003
1.0003
1.0003
1.00029
1.00029
1.00029
1.00028
1.00028
1.00028
1.00027
1.00027
1.00027
1.00026
1.00026
1.00026
1.00026
1.00025
1.00025
1.00025
1.00024
1.00024
1.00024
1.00023
1.00023
1.00023
1.00022
1.00022
1.00022
1.00021
1.00021
1.00021
1.00021
1.0002
1.0002
1.0002
1.00019
1.00019
1.00019
1.00018
1.00018
1.00018
1.00018
1.00017
1.00017
1.00017
1.00016
1.00016
1.00016
1.00015
1.00015
1.00015
1.00015
1.00014
1.00014
1.00014
1.00013
1.00013
1.00013
1.00013
1.00012
1.00012
1.00012
1.00011
1.00011
1.00046
1.00081
1.00213
1.00212
1.00212
1.00213
1.00212
1.00211
1.00212
1.00212
1.00211
1.00211
1.00211
1.0021
1.00209
1.0021
1.0021
1.00208
1.00208
1.00209
1.00208
1.00207
1.00207
1.00207
1.00206
1.00206
1.00206
1.00205
1.00205
1.00205
1.00204
1.00204
1.00204
1.00204
1.00203
1.00203
1.00203
1.00203
1.00203
1.00202
1.00203
1.00202
1.00202
1.00202
1.00203
1.00203
1.00203
1.00203
1.00203
1.00204
1.00204
1.00205
1.00206
1.00206
1.00206
1.00208
1.00209
1.00209
1.00212
1.00215
1.00215
1.00217
1.00224
1.00226
1.00224
1.00235
1.00248
1.00239
1.00242
1.00286
1
1
1
1
1
1
1
1
1
1
1
1
1
1
1
1
1
1
1
1
1
1
1
1
1
1
1
1
1
1
1
1
1
1
1
1
1
1
1
1
1
1
1
1
1
1
1
1
1
1
1
1
1
1
1
1
1
1
1
1
1
1
1
1
1
1
1
1
1
1
1
1
1
1
1
1
1
1
1
1
1
1
1
1
1
1
1
1
1
1
1
1
1
1.00027
1.00047
1.00042
1.00029
1.00034
1.00041
1.00044
1.00044
1.00045
1.00047
1.00047
1.00048
1.00048
1.00048
1.00048
1.00049
1.00049
1.00049
1.00048
1.00048
1.00048
1.00048
1.00048
1.00048
1.00047
1.00047
1.00047
1.00046
1.00046
1.00046
1.00045
1.00045
1.00045
1.00044
1.00044
1.00043
1.00043
1.00043
1.00042
1.00042
1.00042
1.00041
1.00041
1.00041
1.0004
1.0004
1.00039
1.00039
1.00039
1.00038
1.00038
1.00038
1.00037
1.00037
1.00037
1.00036
1.00036
1.00036
1.00035
1.00035
1.00035
1.00034
1.00034
1.00034
1.00033
1.00033
1.00033
1.00032
1.00032
1.00032
1.00031
1.00031
1.00031
1.0003
1.0003
1.0003
1.00029
1.00029
1.00029
1.00028
1.00028
1.00028
1.00027
1.00027
1.00027
1.00026
1.00026
1.00026
1.00026
1.00025
1.00025
1.00025
1.00024
1.00024
1.00024
1.00023
1.00023
1.00023
1.00022
1.00022
1.00022
1.00021
1.00021
1.00021
1.00021
1.0002
1.0002
1.0002
1.00019
1.00019
1.00019
1.00018
1.00018
1.00018
1.00018
1.00017
1.00017
1.00017
1.00016
1.00016
1.00016
1.00015
1.00015
1.00015
1.00015
1.00014
1.00014
1.00014
1.00013
1.00013
1.00013
1.00013
1.00012
1.00012
1.00012
1.00011
1.00011
1.00047
1.00081
1.00212
1.00212
1.00212
1.00212
1.00212
1.00212
1.00212
1.00211
1.00211
1.00211
1.0021
1.0021
1.0021
1.0021
1.00209
1.00209
1.00209
1.00208
1.00208
1.00208
1.00207
1.00206
1.00206
1.00206
1.00205
1.00205
1.00205
1.00205
1.00204
1.00204
1.00204
1.00204
1.00203
1.00203
1.00203
1.00203
1.00203
1.00203
1.00202
1.00203
1.00203
1.00202
1.00203
1.00203
1.00203
1.00203
1.00204
1.00204
1.00204
1.00205
1.00206
1.00206
1.00207
1.00209
1.00209
1.0021
1.00213
1.00215
1.00215
1.00218
1.00225
1.00226
1.00227
1.00237
1.00248
1.00244
1.00263
1.00298
1
1
1
1
1
1
1
1
1
1
1
1
1
1
1
1
1
1
1
1
1
1
1
1
1
1
1
1
1
1
1
1
1
1
1
1
1
1
1
1
1
1
1
1
1
1
1
1
1
1
1
1
1
1
1
1
1
1
1
1
1
1
1
1
1
1
1
1
1
1
1
1
1
1
1
1
1
1
1
1
1
1
1
1
1
1
1
1
1
1
1
1
1
1
1
1
1.00025
1.00044
1.00041
1.00039
1.00045
1.00047
1.00045
1.00046
1.00049
1.00048
1.00048
1.00049
1.00049
1.00049
1.00048
1.00049
1.00049
1.00048
1.00048
1.00048
1.00048
1.00047
1.00047
1.00047
1.00046
1.00046
1.00046
1.00045
1.00045
1.00045
1.00044
1.00044
1.00043
1.00043
1.00043
1.00042
1.00042
1.00042
1.00041
1.00041
1.00041
1.0004
1.0004
1.00039
1.00039
1.00039
1.00038
1.00038
1.00038
1.00037
1.00037
1.00037
1.00036
1.00036
1.00036
1.00035
1.00035
1.00035
1.00034
1.00034
1.00034
1.00033
1.00033
1.00033
1.00032
1.00032
1.00032
1.00031
1.00031
1.00031
1.0003
1.0003
1.0003
1.00029
1.00029
1.00029
1.00028
1.00028
1.00028
1.00027
1.00027
1.00027
1.00026
1.00026
1.00026
1.00026
1.00025
1.00025
1.00025
1.00024
1.00024
1.00024
1.00023
1.00023
1.00023
1.00022
1.00022
1.00022
1.00021
1.00021
1.00021
1.00021
1.0002
1.0002
1.0002
1.00019
1.00019
1.00019
1.00018
1.00018
1.00018
1.00018
1.00017
1.00017
1.00017
1.00016
1.00016
1.00016
1.00015
1.00015
1.00015
1.00015
1.00014
1.00014
1.00014
1.00013
1.00013
1.00013
1.00013
1.00012
1.00012
1.00012
1.00011
1.00011
1.00047
1.00081
1.00212
1.00212
1.00212
1.00212
1.00212
1.00212
1.00211
1.00211
1.00211
1.00211
1.0021
1.0021
1.0021
1.00209
1.00209
1.00209
1.00208
1.00208
1.00208
1.00208
1.00207
1.00207
1.00207
1.00206
1.00205
1.00205
1.00205
1.00204
1.00204
1.00204
1.00204
1.00203
1.00203
1.00203
1.00203
1.00203
1.00203
1.00203
1.00203
1.00202
1.00203
1.00203
1.00203
1.00203
1.00203
1.00203
1.00203
1.00204
1.00205
1.00205
1.00205
1.00207
1.00208
1.00207
1.00209
1.00212
1.00212
1.00213
1.00218
1.00221
1.00219
1.00225
1.00236
1.00236
1.00234
1.00253
1.0027
1.00259
1.0024
1
1
1
1
1
1
1
1
1
1
1
1
1
1
1
1
1
1
1
1
1
1
1
1
1
1
1
1
1
1
1
1
1
1
1
1
1
1
1
1
1
1
1
1
1
1
1
1
1
1
1
1
1
1
1
1
1
1
1
1
1
1
1
1
1
1
1
1
1
1
1
1
1
1
1
1
1
1
1
1
1
1
1
1
1
1
1
1
1
1
1.00033
1.00044
1.00044
1.00042
1.00041
1.00035
1.00034
1.00039
1.00045
1.00045
1.00044
1.00046
1.00048
1.00048
1.00048
1.00049
1.00049
1.00048
1.00049
1.00049
1.00049
1.00048
1.00048
1.00048
1.00048
1.00047
1.00047
1.00047
1.00047
1.00046
1.00046
1.00046
1.00045
1.00045
1.00045
1.00044
1.00044
1.00043
1.00043
1.00043
1.00042
1.00042
1.00042
1.00041
1.00041
1.00041
1.0004
1.0004
1.00039
1.00039
1.00039
1.00038
1.00038
1.00038
1.00037
1.00037
1.00037
1.00036
1.00036
1.00036
1.00035
1.00035
1.00035
1.00034
1.00034
1.00034
1.00033
1.00033
1.00033
1.00032
1.00032
1.00032
1.00031
1.00031
1.00031
1.0003
1.0003
1.0003
1.00029
1.00029
1.00029
1.00028
1.00028
1.00028
1.00027
1.00027
1.00027
1.00026
1.00026
1.00026
1.00026
1.00025
1.00025
1.00025
1.00024
1.00024
1.00024
1.00023
1.00023
1.00023
1.00022
1.00022
1.00022
1.00021
1.00021
1.00021
1.00021
1.0002
1.0002
1.0002
1.00019
1.00019
1.00019
1.00018
1.00018
1.00018
1.00018
1.00017
1.00017
1.00017
1.00016
1.00016
1.00016
1.00015
1.00015
1.00015
1.00015
1.00014
1.00014
1.00014
1.00013
1.00013
1.00013
1.00013
1.00012
1.00012
1.00012
1.00011
1.00011
1.00047
1.00081
1.00212
1.00212
1.00212
1.00212
1.00212
1.00211
1.00212
1.00212
1.00211
1.00211
1.00211
1.0021
1.00209
1.0021
1.00209
1.00209
1.00208
1.00208
1.00208
1.00207
1.00207
1.00207
1.00206
1.00206
1.00206
1.00205
1.00205
1.00205
1.00204
1.00204
1.00204
1.00204
1.00203
1.00203
1.00203
1.00203
1.00203
1.00203
1.00203
1.00203
1.00202
1.00203
1.00203
1.00203
1.00203
1.00203
1.00203
1.00204
1.00204
1.00205
1.00205
1.00206
1.00207
1.00208
1.00209
1.00211
1.00212
1.00214
1.00217
1.00219
1.00221
1.00226
1.0023
1.00232
1.00239
1.00251
1.00244
1.00238
1.00251
1.00229
1
1
1
1
1
1
1
1
1
1
1
1
1
1
1
1
1
1
1
1
1
1
1
1
1
1
1
1
1
1
1
1
1
1
1
1
1
1
1
1
1
1
1
1
1
1
1
1
1
1
1
1
1
1
1
1
1
1
1
1
1
1
1
1
1
1
1
1
1
1
1
1
1
1
1
1
1
1
1
1
1
1
1
1
1.00031
1.00044
1.00044
1.00041
1.00039
1.00038
1.00037
1.0004
1.00043
1.00039
1.00038
1.00036
1.00042
1.00045
1.00043
1.00044
1.00048
1.00047
1.00047
1.00048
1.00049
1.00048
1.00048
1.00049
1.00049
1.00048
1.00048
1.00048
1.00048
1.00048
1.00048
1.00047
1.00047
1.00047
1.00046
1.00046
1.00046
1.00045
1.00045
1.00045
1.00044
1.00044
1.00043
1.00043
1.00043
1.00042
1.00042
1.00042
1.00041
1.00041
1.0004
1.0004
1.0004
1.00039
1.00039
1.00039
1.00038
1.00038
1.00038
1.00037
1.00037
1.00037
1.00036
1.00036
1.00036
1.00035
1.00035
1.00035
1.00034
1.00034
1.00034
1.00033
1.00033
1.00033
1.00032
1.00032
1.00032
1.00031
1.00031
1.00031
1.0003
1.0003
1.0003
1.00029
1.00029
1.00029
1.00028
1.00028
1.00028
1.00027
1.00027
1.00027
1.00026
1.00026
1.00026
1.00026
1.00025
1.00025
1.00025
1.00024
1.00024
1.00024
1.00023
1.00023
1.00023
1.00022
1.00022
1.00022
1.00021
1.00021
1.00021
1.00021
1.0002
1.0002
1.0002
1.00019
1.00019
1.00019
1.00018
1.00018
1.00018
1.00018
1.00017
1.00017
1.00017
1.00016
1.00016
1.00016
1.00015
1.00015
1.00015
1.00015
1.00014
1.00014
1.00014
1.00013
1.00013
1.00013
1.00013
1.00012
1.00012
1.00012
1.00011
1.00011
1.00047
1.00081
1.00212
1.00212
1.00212
1.00212
1.00212
1.00211
1.00212
1.00212
1.00211
1.00211
1.00211
1.0021
1.00209
1.0021
1.00209
1.00209
1.00208
1.00208
1.00208
1.00207
1.00207
1.00207
1.00206
1.00206
1.00206
1.00205
1.00205
1.00205
1.00204
1.00204
1.00204
1.00204
1.00203
1.00203
1.00203
1.00203
1.00203
1.00203
1.00203
1.00203
1.00202
1.00202
1.00203
1.00203
1.00203
1.00203
1.00204
1.00204
1.00204
1.00205
1.00206
1.00206
1.00207
1.00209
1.00209
1.00209
1.00212
1.00215
1.00215
1.00216
1.00223
1.00225
1.00223
1.0023
1.00239
1.00237
1.00231
1.00232
1.00239
1.00223
1.00176
1.00181
1
1
1
1
1
1
1
1
1
1
1
1
1
1
1
1
1
1
1
1
1
1
1
1
1
1
1
1
1
1
1
1
1
1
1
1
1
1
1
1
1
1
1
1
1
1
1
1
1
1
1
1
1
1
1
1
1
1
1
1
1
1
1
1
1
1
1
1
1
1
1
1
1
1
1
1
1
1.0003
1.00044
1.00044
1.0004
1.00039
1.00037
1.00036
1.0004
1.00043
1.00038
1.00039
1.00039
1.00041
1.0004
1.00038
1.00041
1.00042
1.00041
1.00041
1.00045
1.00047
1.00046
1.00046
1.00048
1.00048
1.00048
1.00048
1.00049
1.00048
1.00048
1.00048
1.00048
1.00048
1.00048
1.00048
1.00047
1.00047
1.00047
1.00047
1.00046
1.00046
1.00046
1.00045
1.00045
1.00044
1.00044
1.00044
1.00043
1.00043
1.00043
1.00042
1.00042
1.00042
1.00041
1.00041
1.0004
1.0004
1.0004
1.00039
1.00039
1.00039
1.00038
1.00038
1.00038
1.00037
1.00037
1.00037
1.00036
1.00036
1.00036
1.00035
1.00035
1.00035
1.00034
1.00034
1.00034
1.00033
1.00033
1.00033
1.00032
1.00032
1.00032
1.00031
1.00031
1.00031
1.0003
1.0003
1.0003
1.00029
1.00029
1.00029
1.00028
1.00028
1.00028
1.00027
1.00027
1.00027
1.00026
1.00026
1.00026
1.00026
1.00025
1.00025
1.00025
1.00024
1.00024
1.00024
1.00023
1.00023
1.00023
1.00022
1.00022
1.00022
1.00021
1.00021
1.00021
1.00021
1.0002
1.0002
1.0002
1.00019
1.00019
1.00019
1.00018
1.00018
1.00018
1.00018
1.00017
1.00017
1.00017
1.00016
1.00016
1.00016
1.00015
1.00015
1.00015
1.00015
1.00014
1.00014
1.00014
1.00013
1.00013
1.00013
1.00013
1.00012
1.00012
1.00012
1.00011
1.00011
1.00047
1.00081
1.00212
1.00212
1.00212
1.00212
1.00212
1.00212
1.00211
1.00211
1.00211
1.00211
1.0021
1.0021
1.0021
1.00209
1.00209
1.00209
1.00208
1.00208
1.00208
1.00208
1.00207
1.00207
1.00207
1.00206
1.00205
1.00205
1.00205
1.00204
1.00204
1.00204
1.00204
1.00203
1.00203
1.00203
1.00203
1.00203
1.00203
1.00203
1.00202
1.00202
1.00203
1.00202
1.00202
1.00203
1.00203
1.00203
1.00203
1.00204
1.00204
1.00205
1.00205
1.00206
1.00207
1.00208
1.00209
1.0021
1.00211
1.00213
1.00215
1.00217
1.00219
1.0022
1.00225
1.0023
1.00226
1.00224
1.00237
1.00229
1.00198
1.0021
1.00226
1.00173
1.00154
1.00185
1
1
1
1
1
1
1
1
1
1
1
1
1
1
1
1
1
1
1
1
1
1
1
1
1
1
1
1
1
1
1
1
1
1
1
1
1
1
1
1
1
1
1
1
1
1
1
1
1
1
1
1
1
1
1
1
1
1
1
1
1
1
1
1
1
1
1
1
1
1
1.00028
1.00044
1.00043
1.00039
1.00038
1.00036
1.00035
1.0004
1.00042
1.00037
1.00038
1.00038
1.00039
1.0004
1.00039
1.0004
1.0004
1.0004
1.00039
1.0004
1.0004
1.00041
1.00042
1.00043
1.00045
1.00045
1.00045
1.00047
1.00048
1.00047
1.00047
1.00048
1.00048
1.00048
1.00048
1.00048
1.00048
1.00048
1.00048
1.00048
1.00047
1.00047
1.00047
1.00046
1.00046
1.00046
1.00045
1.00045
1.00045
1.00044
1.00044
1.00044
1.00043
1.00043
1.00043
1.00042
1.00042
1.00042
1.00041
1.00041
1.0004
1.0004
1.0004
1.00039
1.00039
1.00039
1.00038
1.00038
1.00038
1.00037
1.00037
1.00037
1.00036
1.00036
1.00036
1.00035
1.00035
1.00035
1.00034
1.00034
1.00034
1.00033
1.00033
1.00033
1.00032
1.00032
1.00032
1.00031
1.00031
1.00031
1.0003
1.0003
1.0003
1.00029
1.00029
1.00029
1.00028
1.00028
1.00028
1.00027
1.00027
1.00027
1.00026
1.00026
1.00026
1.00026
1.00025
1.00025
1.00025
1.00024
1.00024
1.00024
1.00023
1.00023
1.00023
1.00022
1.00022
1.00022
1.00021
1.00021
1.00021
1.00021
1.0002
1.0002
1.0002
1.00019
1.00019
1.00019
1.00018
1.00018
1.00018
1.00018
1.00017
1.00017
1.00017
1.00016
1.00016
1.00016
1.00015
1.00015
1.00015
1.00015
1.00014
1.00014
1.00014
1.00013
1.00013
1.00013
1.00013
1.00012
1.00012
1.00012
1.00011
1.00011
1.00047
1.00081
1.00212
1.00212
1.00212
1.00212
1.00212
1.00212
1.00212
1.00211
1.00211
1.00211
1.0021
1.0021
1.0021
1.0021
1.00209
1.00209
1.00209
1.00208
1.00208
1.00208
1.00207
1.00206
1.00206
1.00206
1.00205
1.00205
1.00205
1.00205
1.00204
1.00204
1.00204
1.00203
1.00203
1.00203
1.00203
1.00203
1.00203
1.00203
1.00202
1.00202
1.00202
1.00202
1.00202
1.00202
1.00203
1.00203
1.00203
1.00203
1.00204
1.00204
1.00204
1.00206
1.00207
1.00206
1.00208
1.0021
1.0021
1.00211
1.00214
1.00216
1.00216
1.00218
1.00221
1.00222
1.00222
1.00221
1.00219
1.00222
1.00212
1.00192
1.0019
1.00194
1.00195
1.00156
1.00143
1.0017
1
1
1
1
1
1
1
1
1
1
1
1
1
1
1
1
1
1
1
1
1
1
1
1
1
1
1
1
1
1
1
1
1
1
1
1
1
1
1
1
1
1
1
1
1
1
1
1
1
1
1
1
1
1
1
1
1
1
1
1
1
1.00029
1.00046
1.00044
1.0004
1.00043
1.00043
1.00038
1.00033
1.00035
1.0004
1.00042
1.00036
1.00038
1.00037
1.00039
1.0004
1.00039
1.00039
1.0004
1.00039
1.00038
1.0004
1.0004
1.0004
1.00039
1.0004
1.00042
1.0004
1.00041
1.00043
1.00044
1.00043
1.00044
1.00047
1.00047
1.00046
1.00047
1.00048
1.00048
1.00047
1.00048
1.00048
1.00048
1.00048
1.00048
1.00048
1.00047
1.00047
1.00047
1.00047
1.00046
1.00046
1.00046
1.00045
1.00045
1.00045
1.00044
1.00044
1.00044
1.00043
1.00043
1.00042
1.00042
1.00042
1.00041
1.00041
1.00041
1.0004
1.0004
1.0004
1.00039
1.00039
1.00039
1.00038
1.00038
1.00038
1.00037
1.00037
1.00037
1.00036
1.00036
1.00036
1.00035
1.00035
1.00035
1.00034
1.00034
1.00034
1.00033
1.00033
1.00033
1.00032
1.00032
1.00032
1.00031
1.00031
1.00031
1.0003
1.0003
1.0003
1.00029
1.00029
1.00029
1.00028
1.00028
1.00028
1.00027
1.00027
1.00027
1.00026
1.00026
1.00026
1.00026
1.00025
1.00025
1.00025
1.00024
1.00024
1.00024
1.00023
1.00023
1.00023
1.00022
1.00022
1.00022
1.00021
1.00021
1.00021
1.00021
1.0002
1.0002
1.0002
1.00019
1.00019
1.00019
1.00018
1.00018
1.00018
1.00018
1.00017
1.00017
1.00017
1.00016
1.00016
1.00016
1.00015
1.00015
1.00015
1.00015
1.00014
1.00014
1.00014
1.00013
1.00013
1.00013
1.00013
1.00012
1.00012
1.00012
1.00011
1.00011
1.00047
1.00081
1.00213
1.00212
1.00212
1.00213
1.00212
1.00211
1.00212
1.00212
1.00211
1.00211
1.00211
1.0021
1.00209
1.0021
1.0021
1.00208
1.00208
1.00209
1.00207
1.00207
1.00207
1.00207
1.00206
1.00206
1.00206
1.00205
1.00205
1.00205
1.00204
1.00204
1.00204
1.00204
1.00203
1.00203
1.00203
1.00203
1.00202
1.00202
1.00202
1.00202
1.00202
1.00202
1.00202
1.00202
1.00202
1.00203
1.00203
1.00203
1.00203
1.00204
1.00205
1.00205
1.00205
1.00207
1.00207
1.00208
1.00209
1.00211
1.00212
1.00212
1.00214
1.00218
1.00216
1.00213
1.0022
1.00223
1.00207
1.00203
1.00217
1.00201
1.00177
1.00184
1.0018
1.00167
1.00175
1.0015
1.00131
1.00124
1.00135
1
1
1
1
1
1
1
1
1
1
1
1
1
1
1
1
1
1
1
1
1
1
1
1
1
1
1
1
1
1
1
1
1
1
1
1
1
1
1
1
1
1
1
1
1
1
1
1
1
1
1
1
1.00029
1.00046
1.00044
1.00042
1.00043
1.0004
1.00035
1.00037
1.00041
1.00042
1.00042
1.00041
1.00037
1.00038
1.00036
1.00038
1.0004
1.00038
1.00039
1.0004
1.00038
1.00038
1.0004
1.00039
1.00039
1.00039
1.0004
1.0004
1.00039
1.0004
1.00041
1.00041
1.0004
1.00041
1.00042
1.00043
1.00043
1.00044
1.00045
1.00046
1.00046
1.00047
1.00048
1.00047
1.00047
1.00048
1.00048
1.00048
1.00048
1.00048
1.00048
1.00047
1.00047
1.00047
1.00047
1.00046
1.00046
1.00046
1.00045
1.00045
1.00045
1.00044
1.00044
1.00044
1.00043
1.00043
1.00043
1.00042
1.00042
1.00042
1.00041
1.00041
1.00041
1.0004
1.0004
1.0004
1.00039
1.00039
1.00039
1.00038
1.00038
1.00038
1.00037
1.00037
1.00037
1.00036
1.00036
1.00036
1.00035
1.00035
1.00035
1.00034
1.00034
1.00034
1.00033
1.00033
1.00033
1.00032
1.00032
1.00032
1.00031
1.00031
1.00031
1.0003
1.0003
1.0003
1.00029
1.00029
1.00029
1.00028
1.00028
1.00028
1.00027
1.00027
1.00027
1.00026
1.00026
1.00026
1.00026
1.00025
1.00025
1.00025
1.00024
1.00024
1.00024
1.00023
1.00023
1.00023
1.00022
1.00022
1.00022
1.00021
1.00021
1.00021
1.00021
1.0002
1.0002
1.0002
1.00019
1.00019
1.00019
1.00018
1.00018
1.00018
1.00018
1.00017
1.00017
1.00017
1.00016
1.00016
1.00016
1.00015
1.00015
1.00015
1.00015
1.00014
1.00014
1.00014
1.00013
1.00013
1.00013
1.00013
1.00012
1.00012
1.00012
1.00011
1.00011
1.00047
1.00081
1.00212
1.00212
1.00212
1.00212
1.00212
1.00212
1.00212
1.00212
1.00211
1.00211
1.00211
1.00211
1.0021
1.00209
1.0021
1.00209
1.00208
1.00208
1.00208
1.00207
1.00207
1.00207
1.00206
1.00206
1.00205
1.00205
1.00205
1.00204
1.00204
1.00204
1.00204
1.00203
1.00203
1.00203
1.00203
1.00203
1.00202
1.00202
1.00202
1.00202
1.00202
1.00202
1.00202
1.00202
1.00202
1.00202
1.00203
1.00203
1.00203
1.00203
1.00204
1.00204
1.00205
1.00206
1.00206
1.00207
1.00208
1.00209
1.0021
1.00211
1.00212
1.00212
1.00214
1.00214
1.0021
1.00211
1.00214
1.00204
1.00193
1.00196
1.00194
1.0018
1.00165
1.0017
1.00162
1.00147
1.00154
1.00131
1.00129
1.00133
1.00109
1.00095
1.00129
1
1
1
1
1
1
1
1
1
1
1
1
1
1
1
1
1
1
1
1
1
1
1
1
1
1
1
1
1
1
1
1
1
1
1
1
1
1
1
1
1
1.00029
1.00049
1.00046
1.00042
1.00046
1.00045
1.00038
1.00034
1.00037
1.0004
1.00044
1.00042
1.00037
1.00039
1.00037
1.00041
1.00043
1.0004
1.00038
1.00039
1.0004
1.00039
1.00037
1.00038
1.0004
1.00038
1.00038
1.00039
1.00039
1.0004
1.00039
1.00039
1.0004
1.0004
1.0004
1.0004
1.00041
1.00041
1.00041
1.00041
1.00042
1.00043
1.00042
1.00043
1.00045
1.00045
1.00045
1.00046
1.00047
1.00047
1.00046
1.00047
1.00048
1.00047
1.00047
1.00048
1.00047
1.00047
1.00047
1.00047
1.00047
1.00046
1.00046
1.00046
1.00045
1.00045
1.00045
1.00045
1.00044
1.00044
1.00044
1.00043
1.00043
1.00043
1.00042
1.00042
1.00042
1.00041
1.00041
1.00041
1.0004
1.0004
1.0004
1.00039
1.00039
1.00039
1.00038
1.00038
1.00037
1.00037
1.00037
1.00036
1.00036
1.00036
1.00035
1.00035
1.00035
1.00035
1.00034
1.00034
1.00034
1.00033
1.00033
1.00033
1.00032
1.00032
1.00032
1.00031
1.00031
1.00031
1.0003
1.0003
1.0003
1.00029
1.00029
1.00029
1.00028
1.00028
1.00028
1.00027
1.00027
1.00027
1.00026
1.00026
1.00026
1.00026
1.00025
1.00025
1.00025
1.00024
1.00024
1.00024
1.00023
1.00023
1.00023
1.00022
1.00022
1.00022
1.00021
1.00021
1.00021
1.00021
1.0002
1.0002
1.0002
1.00019
1.00019
1.00019
1.00018
1.00018
1.00018
1.00018
1.00017
1.00017
1.00017
1.00016
1.00016
1.00016
1.00015
1.00015
1.00015
1.00015
1.00014
1.00014
1.00014
1.00013
1.00013
1.00013
1.00013
1.00012
1.00012
1.00012
1.00011
1.00011
1.00046
1.00081
1.00212
1.00213
1.00213
1.00212
1.00212
1.00213
1.00212
1.00211
1.00212
1.00211
1.0021
1.0021
1.00211
1.00209
1.00209
1.00209
1.00209
1.00207
1.00208
1.00208
1.00207
1.00206
1.00207
1.00206
1.00205
1.00205
1.00205
1.00204
1.00204
1.00204
1.00204
1.00203
1.00203
1.00203
1.00203
1.00202
1.00202
1.00202
1.00202
1.00202
1.00202
1.00202
1.00202
1.00202
1.00202
1.00202
1.00202
1.00202
1.00203
1.00203
1.00203
1.00204
1.00204
1.00204
1.00205
1.00206
1.00207
1.00206
1.00207
1.0021
1.0021
1.00207
1.00209
1.00213
1.00208
1.00201
1.00207
1.00206
1.00191
1.00189
1.00189
1.00177
1.00172
1.00169
1.00153
1.00148
1.00143
1.00139
1.00138
1.00125
1.00106
1.00122
1.00128
1.00104
1.0009
1.00094
1.00099
1.00091
1.0011
1
1
1
1
1
1
1
1
1
1
1
1
1
1
1
1
1
1
1
1
1
1
1
1
1
1.00032
1.00055
1.00052
1.00048
1.00051
1.00051
1.00048
1.00049
1.00047
1.0004
1.00035
1.00038
1.00043
1.00044
1.00044
1.00043
1.00038
1.00039
1.00038
1.00041
1.00042
1.00039
1.00039
1.00042
1.0004
1.00039
1.0004
1.0004
1.00041
1.0004
1.00037
1.00039
1.00039
1.00038
1.00039
1.00039
1.00039
1.0004
1.0004
1.00039
1.0004
1.0004
1.0004
1.0004
1.0004
1.00041
1.00041
1.0004
1.00041
1.00042
1.00042
1.00042
1.00043
1.00044
1.00044
1.00044
1.00045
1.00046
1.00046
1.00046
1.00047
1.00047
1.00047
1.00047
1.00047
1.00047
1.00047
1.00047
1.00047
1.00046
1.00046
1.00046
1.00046
1.00046
1.00045
1.00045
1.00045
1.00044
1.00044
1.00044
1.00043
1.00043
1.00043
1.00042
1.00042
1.00042
1.00041
1.00041
1.00041
1.0004
1.0004
1.0004
1.00039
1.00039
1.00039
1.00038
1.00038
1.00038
1.00037
1.00037
1.00037
1.00036
1.00036
1.00036
1.00035
1.00035
1.00035
1.00034
1.00034
1.00034
1.00034
1.00033
1.00033
1.00033
1.00032
1.00032
1.00032
1.00031
1.00031
1.00031
1.0003
1.0003
1.0003
1.00029
1.00029
1.00029
1.00028
1.00028
1.00028
1.00027
1.00027
1.00027
1.00026
1.00026
1.00026
1.00026
1.00025
1.00025
1.00025
1.00024
1.00024
1.00024
1.00023
1.00023
1.00023
1.00022
1.00022
1.00022
1.00021
1.00021
1.00021
1.00021
1.0002
1.0002
1.0002
1.00019
1.00019
1.00019
1.00018
1.00018
1.00018
1.00018
1.00017
1.00017
1.00017
1.00016
1.00016
1.00016
1.00015
1.00015
1.00015
1.00015
1.00014
1.00014
1.00014
1.00013
1.00013
1.00013
1.00013
1.00012
1.00012
1.00012
1.00011
1.00011
1.00046
1.00081
1.00213
1.00213
1.00213
1.00213
1.00212
1.00212
1.00212
1.00212
1.00211
1.00211
1.00211
1.0021
1.0021
1.0021
1.00209
1.00209
1.00209
1.00208
1.00207
1.00207
1.00207
1.00206
1.00206
1.00206
1.00205
1.00205
1.00205
1.00205
1.00204
1.00203
1.00203
1.00203
1.00203
1.00203
1.00203
1.00202
1.00202
1.00202
1.00202
1.00202
1.00201
1.00202
1.00202
1.00201
1.00202
1.00202
1.00202
1.00202
1.00202
1.00202
1.00202
1.00203
1.00203
1.00204
1.00204
1.00205
1.00205
1.00206
1.00206
1.00205
1.00207
1.00208
1.00205
1.00203
1.00207
1.00205
1.00196
1.00196
1.00198
1.00188
1.00178
1.00178
1.00174
1.0016
1.00157
1.00156
1.00139
1.0014
1.0013
1.00118
1.00125
1.00125
1.00109
1.0011
1.00098
1.00093
1.00102
1.00106
1.00104
1.0009
1.00077
1.00071
1.00077
1.00077
1.00075
1.00075
1.00075
1.00073
1.00072
1.00072
1.00071
1.00069
1.00068
1.00067
1.00066
1.00064
1.00063
1.00061
1.0006
1.00057
1.00055
1.00056
1.00052
1.00044
1.0004
1.00043
1.00049
1.00052
1.0005
1.00049
1.00048
1.00048
1.00046
1.00039
1.00041
1.00038
1.00043
1.00045
1.00041
1.0004
1.00041
1.00042
1.0004
1.0004
1.00039
1.00041
1.00041
1.00039
1.00041
1.00041
1.0004
1.0004
1.0004
1.0004
1.00039
1.00039
1.0004
1.00039
1.00038
1.00039
1.0004
1.00039
1.00039
1.0004
1.0004
1.0004
1.0004
1.0004
1.00041
1.00041
1.00041
1.00041
1.00041
1.00042
1.00042
1.00042
1.00043
1.00044
1.00044
1.00045
1.00046
1.00045
1.00045
1.00046
1.00047
1.00046
1.00047
1.00047
1.00047
1.00046
1.00047
1.00047
1.00046
1.00046
1.00046
1.00046
1.00046
1.00045
1.00045
1.00045
1.00044
1.00044
1.00044
1.00044
1.00043
1.00043
1.00043
1.00042
1.00042
1.00042
1.00041
1.00041
1.00041
1.0004
1.0004
1.0004
1.00039
1.00039
1.00039
1.00038
1.00038
1.00038
1.00037
1.00037
1.00037
1.00036
1.00036
1.00036
1.00035
1.00035
1.00035
1.00034
1.00034
1.00034
1.00033
1.00033
1.00033
1.00033
1.00032
1.00032
1.00032
1.00031
1.00031
1.00031
1.0003
1.0003
1.0003
1.00029
1.00029
1.00029
1.00028
1.00028
1.00028
1.00027
1.00027
1.00027
1.00026
1.00026
1.00026
1.00026
1.00025
1.00025
1.00025
1.00024
1.00024
1.00024
1.00023
1.00023
1.00023
1.00022
1.00022
1.00022
1.00021
1.00021
1.00021
1.00021
1.0002
1.0002
1.0002
1.00019
1.00019
1.00019
1.00018
1.00018
1.00018
1.00018
1.00017
1.00017
1.00017
1.00016
1.00016
1.00016
1.00015
1.00015
1.00015
1.00015
1.00014
1.00014
1.00014
1.00013
1.00013
1.00013
1.00013
1.00012
1.00012
1.00012
1.00011
1.00011
1.00045
1.00082
1.00213
1.00213
1.00213
1.00214
1.00213
1.00212
1.00212
1.00213
1.00211
1.00211
1.00212
1.00211
1.00209
1.0021
1.0021
1.00208
1.00208
1.00209
1.00208
1.00207
1.00207
1.00207
1.00206
1.00205
1.00206
1.00205
1.00204
1.00204
1.00204
1.00203
1.00203
1.00203
1.00203
1.00202
1.00202
1.00202
1.00202
1.00202
1.00202
1.00201
1.00201
1.00201
1.00201
1.00201
1.00201
1.00201
1.00201
1.00201
1.00201
1.00202
1.00202
1.00202
1.00202
1.00203
1.00203
1.00203
1.00203
1.00204
1.00205
1.00204
1.00203
1.00205
1.00204
1.002
1.002
1.00202
1.00196
1.00191
1.00191
1.00186
1.00179
1.00176
1.00169
1.00162
1.00158
1.0015
1.00144
1.00141
1.00129
1.00127
1.00129
1.00115
1.00105
1.00111
1.00109
1.00101
1.00096
1.00101
1.001
1.00094
1.00075
1.00076
1.00082
1.00076
1.00074
1.00076
1.00076
1.00073
1.00072
1.00072
1.00071
1.00069
1.00068
1.00067
1.00066
1.00064
1.00062
1.00061
1.0006
1.00058
1.00054
1.00054
1.00052
1.00044
1.00046
1.00044
1.00049
1.00051
1.00048
1.00049
1.00049
1.00045
1.00043
1.00043
1.00044
1.00042
1.00041
1.00042
1.00043
1.00042
1.00041
1.0004
1.00041
1.00041
1.0004
1.00041
1.00041
1.0004
1.00041
1.00041
1.00041
1.0004
1.00039
1.0004
1.0004
1.00039
1.00039
1.0004
1.0004
1.00039
1.0004
1.0004
1.0004
1.0004
1.0004
1.0004
1.0004
1.00041
1.00041
1.00041
1.00041
1.00042
1.00041
1.00042
1.00043
1.00043
1.00043
1.00043
1.00044
1.00045
1.00045
1.00045
1.00046
1.00046
1.00046
1.00046
1.00047
1.00046
1.00046
1.00046
1.00046
1.00046
1.00046
1.00046
1.00046
1.00045
1.00045
1.00045
1.00045
1.00044
1.00044
1.00044
1.00044
1.00043
1.00043
1.00043
1.00042
1.00042
1.00042
1.00042
1.00041
1.00041
1.00041
1.0004
1.0004
1.0004
1.00039
1.00039
1.00039
1.00038
1.00038
1.00038
1.00037
1.00037
1.00037
1.00036
1.00036
1.00036
1.00035
1.00035
1.00035
1.00034
1.00034
1.00034
1.00033
1.00033
1.00033
1.00033
1.00032
1.00032
1.00032
1.00031
1.00031
1.00031
1.0003
1.0003
1.0003
1.00029
1.00029
1.00029
1.00028
1.00028
1.00028
1.00027
1.00027
1.00027
1.00026
1.00026
1.00026
1.00026
1.00025
1.00025
1.00025
1.00024
1.00024
1.00024
1.00023
1.00023
1.00023
1.00022
1.00022
1.00022
1.00021
1.00021
1.00021
1.00021
1.0002
1.0002
1.0002
1.00019
1.00019
1.00019
1.00018
1.00018
1.00018
1.00018
1.00017
1.00017
1.00017
1.00016
1.00016
1.00016
1.00015
1.00015
1.00015
1.00015
1.00014
1.00014
1.00014
1.00013
1.00013
1.00013
1.00013
1.00012
1.00012
1.00012
1.00011
1.00011
1.00044
1.00082
1.00213
1.00214
1.00214
1.00212
1.00213
1.00213
1.00212
1.00212
1.00213
1.00211
1.0021
1.00211
1.0021
1.00209
1.00209
1.0021
1.00208
1.00208
1.00208
1.00207
1.00206
1.00206
1.00206
1.00205
1.00205
1.00205
1.00205
1.00204
1.00204
1.00204
1.00203
1.00203
1.00203
1.00202
1.00202
1.00202
1.00202
1.00201
1.00201
1.00201
1.00201
1.00201
1.00201
1.00201
1.00201
1.00201
1.00201
1.00201
1.00201
1.00201
1.00201
1.00201
1.00202
1.00202
1.00201
1.00202
1.00203
1.00202
1.00202
1.00203
1.00202
1.00199
1.00201
1.00202
1.00196
1.00194
1.00197
1.00192
1.00184
1.00183
1.00182
1.00172
1.00166
1.00166
1.00157
1.00149
1.00148
1.00137
1.00134
1.00131
1.0012
1.00118
1.0012
1.00106
1.00103
1.00106
1.00104
1.00098
1.0009
1.00088
1.00088
1.00084
1.00075
1.00076
1.00079
1.00076
1.00074
1.00074
1.00074
1.00072
1.00071
1.0007
1.00069
1.00067
1.00066
1.00064
1.00063
1.00061
1.00059
1.00058
1.00056
1.00052
1.00049
1.00049
1.0005
1.00048
1.00048
1.00048
1.0005
1.00049
1.00048
1.00046
1.00045
1.00044
1.00041
1.00044
1.00043
1.00041
1.00043
1.00043
1.00041
1.00041
1.00041
1.00041
1.00041
1.0004
1.0004
1.00042
1.00041
1.0004
1.00041
1.00041
1.0004
1.0004
1.0004
1.0004
1.0004
1.0004
1.0004
1.0004
1.0004
1.0004
1.0004
1.0004
1.0004
1.00041
1.00041
1.00041
1.00041
1.00041
1.00041
1.00041
1.00042
1.00042
1.00042
1.00043
1.00043
1.00044
1.00044
1.00044
1.00045
1.00045
1.00045
1.00045
1.00046
1.00046
1.00046
1.00046
1.00046
1.00046
1.00046
1.00046
1.00046
1.00046
1.00045
1.00045
1.00045
1.00045
1.00044
1.00044
1.00044
1.00044
1.00043
1.00043
1.00043
1.00043
1.00042
1.00042
1.00042
1.00041
1.00041
1.00041
1.0004
1.0004
1.0004
1.00039
1.00039
1.00039
1.00039
1.00038
1.00038
1.00038
1.00037
1.00037
1.00037
1.00036
1.00036
1.00036
1.00035
1.00035
1.00035
1.00034
1.00034
1.00034
1.00033
1.00033
1.00033
1.00032
1.00032
1.00032
1.00032
1.00031
1.00031
1.00031
1.0003
1.0003
1.0003
1.00029
1.00029
1.00029
1.00028
1.00028
1.00028
1.00027
1.00027
1.00027
1.00026
1.00026
1.00026
1.00026
1.00025
1.00025
1.00025
1.00024
1.00024
1.00024
1.00023
1.00023
1.00023
1.00022
1.00022
1.00022
1.00021
1.00021
1.00021
1.00021
1.0002
1.0002
1.0002
1.00019
1.00019
1.00019
1.00018
1.00018
1.00018
1.00018
1.00017
1.00017
1.00017
1.00016
1.00016
1.00016
1.00015
1.00015
1.00015
1.00015
1.00014
1.00014
1.00014
1.00013
1.00013
1.00013
1.00013
1.00012
1.00012
1.00012
1.00011
1.00011
1.00044
1.00082
1.00213
1.00214
1.00214
1.00213
1.00213
1.00214
1.00213
1.00211
1.00213
1.00213
1.0021
1.0021
1.00212
1.0021
1.00208
1.00209
1.00209
1.00207
1.00207
1.00208
1.00207
1.00206
1.00206
1.00206
1.00205
1.00204
1.00205
1.00204
1.00203
1.00203
1.00203
1.00203
1.00202
1.00202
1.00202
1.00201
1.00201
1.00201
1.00201
1.00201
1.00201
1.00201
1.002
1.002
1.002
1.002
1.002
1.002
1.002
1.002
1.002
1.002
1.00201
1.00201
1.002
1.002
1.00201
1.00201
1.002
1.002
1.00201
1.00199
1.00197
1.00198
1.00196
1.00192
1.00191
1.00189
1.00185
1.00181
1.00177
1.00172
1.00168
1.00162
1.00156
1.00153
1.00147
1.00138
1.00138
1.00131
1.00122
1.00121
1.00119
1.0011
1.00107
1.00105
1.00103
1.001
1.00094
1.00088
1.00089
1.00084
1.00079
1.00081
1.00079
1.00076
1.00076
1.00076
1.00074
1.00072
1.00072
1.0007
1.00069
1.00067
1.00066
1.00064
1.00063
1.00062
1.00059
1.00057
1.00056
1.00053
1.00052
1.00051
1.00048
1.0005
1.00049
1.00049
1.0005
1.00048
1.00047
1.00047
1.00046
1.00045
1.00043
1.00044
1.00044
1.00043
1.00042
1.00042
1.00042
1.00042
1.00041
1.00041
1.00042
1.00041
1.00041
1.00041
1.00041
1.00041
1.00041
1.0004
1.00041
1.0004
1.0004
1.0004
1.0004
1.0004
1.0004
1.0004
1.0004
1.0004
1.0004
1.0004
1.00041
1.00041
1.00041
1.00041
1.00041
1.00042
1.00041
1.00042
1.00042
1.00042
1.00042
1.00043
1.00043
1.00044
1.00044
1.00044
1.00045
1.00045
1.00045
1.00045
1.00046
1.00045
1.00045
1.00046
1.00046
1.00045
1.00045
1.00046
1.00045
1.00045
1.00045
1.00045
1.00045
1.00044
1.00044
1.00044
1.00044
1.00043
1.00043
1.00043
1.00043
1.00042
1.00042
1.00042
1.00041
1.00041
1.00041
1.00041
1.0004
1.0004
1.0004
1.00039
1.00039
1.00039
1.00038
1.00038
1.00038
1.00038
1.00037
1.00037
1.00037
1.00036
1.00036
1.00036
1.00035
1.00035
1.00035
1.00034
1.00034
1.00034
1.00033
1.00033
1.00033
1.00032
1.00032
1.00032
1.00032
1.00031
1.00031
1.00031
1.0003
1.0003
1.0003
1.00029
1.00029
1.00029
1.00028
1.00028
1.00028
1.00027
1.00027
1.00027
1.00026
1.00026
1.00026
1.00026
1.00025
1.00025
1.00025
1.00024
1.00024
1.00024
1.00023
1.00023
1.00023
1.00022
1.00022
1.00022
1.00021
1.00021
1.00021
1.00021
1.0002
1.0002
1.0002
1.00019
1.00019
1.00019
1.00018
1.00018
1.00018
1.00018
1.00017
1.00017
1.00017
1.00016
1.00016
1.00016
1.00015
1.00015
1.00015
1.00015
1.00014
1.00014
1.00014
1.00013
1.00013
1.00013
1.00013
1.00012
1.00012
1.00012
1.00011
1.00011
1.00042
1.00082
1.00215
1.00213
1.00213
1.00215
1.00214
1.00212
1.00214
1.00214
1.00211
1.00212
1.00213
1.0021
1.0021
1.00211
1.0021
1.00208
1.00209
1.00209
1.00207
1.00206
1.00207
1.00206
1.00205
1.00205
1.00205
1.00204
1.00204
1.00204
1.00204
1.00203
1.00203
1.00203
1.00202
1.00202
1.00202
1.00201
1.00201
1.00201
1.00201
1.00201
1.002
1.002
1.002
1.002
1.002
1.002
1.002
1.002
1.00199
1.00199
1.002
1.002
1.00199
1.00199
1.002
1.00199
1.00198
1.00199
1.00199
1.00197
1.00197
1.00199
1.00196
1.00192
1.00194
1.00193
1.00187
1.00185
1.00185
1.00179
1.00173
1.00172
1.00168
1.0016
1.00157
1.00153
1.00146
1.00143
1.00136
1.0013
1.00131
1.00123
1.00114
1.00116
1.00113
1.00105
1.00101
1.001
1.00099
1.00092
1.00087
1.00085
1.00086
1.00082
1.00077
1.00079
1.00078
1.00075
1.00074
1.00074
1.00072
1.0007
1.00069
1.00068
1.00067
1.00065
1.00063
1.00062
1.00061
1.00058
1.00055
1.00055
1.00053
1.00052
1.0005
1.0005
1.0005
1.0005
1.00049
1.00048
1.00049
1.00047
1.00045
1.00045
1.00046
1.00044
1.00043
1.00044
1.00043
1.00043
1.00042
1.00042
1.00042
1.00042
1.00041
1.00042
1.00042
1.00041
1.00041
1.00042
1.00041
1.00041
1.00041
1.00041
1.00041
1.0004
1.00041
1.00041
1.0004
1.0004
1.00041
1.0004
1.00041
1.00041
1.00041
1.00041
1.00041
1.00041
1.00041
1.00041
1.00042
1.00042
1.00042
1.00042
1.00043
1.00043
1.00043
1.00043
1.00044
1.00044
1.00044
1.00044
1.00045
1.00045
1.00045
1.00045
1.00045
1.00045
1.00045
1.00045
1.00045
1.00045
1.00045
1.00045
1.00045
1.00044
1.00044
1.00044
1.00044
1.00044
1.00043
1.00043
1.00043
1.00043
1.00042
1.00042
1.00042
1.00042
1.00041
1.00041
1.00041
1.0004
1.0004
1.0004
1.0004
1.00039
1.00039
1.00039
1.00038
1.00038
1.00038
1.00037
1.00037
1.00037
1.00037
1.00036
1.00036
1.00036
1.00035
1.00035
1.00035
1.00034
1.00034
1.00034
1.00033
1.00033
1.00033
1.00032
1.00032
1.00032
1.00032
1.00031
1.00031
1.00031
1.0003
1.0003
1.0003
1.00029
1.00029
1.00029
1.00028
1.00028
1.00028
1.00027
1.00027
1.00027
1.00026
1.00026
1.00026
1.00026
1.00025
1.00025
1.00025
1.00024
1.00024
1.00024
1.00023
1.00023
1.00023
1.00022
1.00022
1.00022
1.00021
1.00021
1.00021
1.00021
1.0002
1.0002
1.0002
1.00019
1.00019
1.00019
1.00018
1.00018
1.00018
1.00018
1.00017
1.00017
1.00017
1.00016
1.00016
1.00016
1.00015
1.00015
1.00015
1.00015
1.00014
1.00014
1.00014
1.00013
1.00013
1.00013
1.00013
1.00012
1.00012
1.00012
1.00011
1.00011
1.00041
1.00082
1.00215
1.00214
1.00214
1.00215
1.00215
1.00213
1.00213
1.00214
1.00212
1.00211
1.00212
1.00212
1.00209
1.0021
1.00211
1.00209
1.00207
1.00208
1.00208
1.00206
1.00206
1.00207
1.00206
1.00205
1.00205
1.00205
1.00204
1.00203
1.00203
1.00203
1.00202
1.00202
1.00202
1.00202
1.00201
1.00201
1.00201
1.00201
1.002
1.002
1.002
1.002
1.002
1.00199
1.00199
1.00199
1.00199
1.00199
1.00199
1.00199
1.00199
1.00199
1.00198
1.00198
1.00198
1.00198
1.00198
1.00197
1.00197
1.00197
1.00195
1.00194
1.00195
1.00192
1.0019
1.00189
1.00187
1.00184
1.0018
1.00178
1.00175
1.0017
1.00165
1.00162
1.00158
1.00151
1.00148
1.00145
1.00137
1.00133
1.00131
1.00125
1.0012
1.00117
1.00112
1.00109
1.00106
1.00101
1.00098
1.00096
1.00091
1.00088
1.00086
1.00083
1.00082
1.00081
1.00078
1.00077
1.00076
1.00074
1.00072
1.00071
1.0007
1.00068
1.00067
1.00066
1.00064
1.00062
1.00061
1.00059
1.00057
1.00056
1.00054
1.00053
1.00053
1.00051
1.0005
1.00051
1.00049
1.00049
1.00048
1.00047
1.00047
1.00046
1.00046
1.00045
1.00045
1.00044
1.00044
1.00044
1.00043
1.00042
1.00043
1.00043
1.00042
1.00042
1.00042
1.00042
1.00042
1.00041
1.00042
1.00042
1.00041
1.00041
1.00041
1.00041
1.00041
1.00041
1.00041
1.00041
1.00041
1.00041
1.00041
1.00041
1.00041
1.00041
1.00041
1.00041
1.00042
1.00042
1.00042
1.00042
1.00042
1.00042
1.00043
1.00043
1.00043
1.00043
1.00044
1.00044
1.00044
1.00044
1.00045
1.00045
1.00045
1.00045
1.00045
1.00045
1.00045
1.00045
1.00045
1.00045
1.00045
1.00045
1.00044
1.00044
1.00044
1.00044
1.00044
1.00043
1.00043
1.00043
1.00043
1.00042
1.00042
1.00042
1.00042
1.00041
1.00041
1.00041
1.00041
1.0004
1.0004
1.0004
1.00039
1.00039
1.00039
1.00039
1.00038
1.00038
1.00038
1.00037
1.00037
1.00037
1.00036
1.00036
1.00036
1.00036
1.00035
1.00035
1.00035
1.00034
1.00034
1.00034
1.00033
1.00033
1.00033
1.00032
1.00032
1.00032
1.00032
1.00031
1.00031
1.00031
1.0003
1.0003
1.0003
1.00029
1.00029
1.00029
1.00028
1.00028
1.00028
1.00027
1.00027
1.00027
1.00026
1.00026
1.00026
1.00026
1.00025
1.00025
1.00025
1.00024
1.00024
1.00024
1.00023
1.00023
1.00023
1.00022
1.00022
1.00022
1.00021
1.00021
1.00021
1.00021
1.0002
1.0002
1.0002
1.00019
1.00019
1.00019
1.00018
1.00018
1.00018
1.00018
1.00017
1.00017
1.00017
1.00016
1.00016
1.00016
1.00015
1.00015
1.00015
1.00015
1.00014
1.00014
1.00014
1.00013
1.00013
1.00013
1.00013
1.00012
1.00012
1.00012
1.00011
1.00011
1.0004
1.00082
1.00214
1.00217
1.00216
1.00213
1.00214
1.00217
1.00213
1.00211
1.00215
1.00213
1.0021
1.00212
1.00212
1.00209
1.00209
1.0021
1.00209
1.00207
1.00208
1.00208
1.00206
1.00205
1.00206
1.00205
1.00204
1.00204
1.00204
1.00203
1.00203
1.00203
1.00202
1.00202
1.00202
1.00201
1.00201
1.00201
1.002
1.002
1.002
1.002
1.002
1.00199
1.00199
1.00199
1.00199
1.00199
1.00198
1.00198
1.00198
1.00198
1.00198
1.00197
1.00198
1.00197
1.00196
1.00197
1.00197
1.00196
1.00194
1.00195
1.00195
1.00192
1.00191
1.00192
1.00188
1.00185
1.00186
1.00183
1.00178
1.00176
1.00174
1.00169
1.00165
1.00162
1.00157
1.00153
1.00149
1.00143
1.0014
1.00137
1.00129
1.00126
1.00125
1.00118
1.00113
1.00112
1.00108
1.00104
1.00099
1.00097
1.00095
1.00091
1.00087
1.00086
1.00085
1.00081
1.00079
1.00079
1.00077
1.00075
1.00074
1.00073
1.00071
1.00069
1.00068
1.00066
1.00065
1.00063
1.00061
1.0006
1.00058
1.00057
1.00055
1.00054
1.00053
1.00052
1.00051
1.00051
1.0005
1.0005
1.00048
1.00048
1.00048
1.00047
1.00045
1.00046
1.00046
1.00044
1.00044
1.00044
1.00044
1.00043
1.00043
1.00043
1.00043
1.00042
1.00042
1.00042
1.00042
1.00042
1.00042
1.00042
1.00041
1.00041
1.00041
1.00041
1.00041
1.00041
1.00041
1.00041
1.00041
1.00041
1.00041
1.00041
1.00041
1.00041
1.00041
1.00041
1.00042
1.00042
1.00042
1.00042
1.00042
1.00043
1.00043
1.00043
1.00043
1.00043
1.00043
1.00044
1.00044
1.00044
1.00044
1.00044
1.00045
1.00045
1.00044
1.00045
1.00045
1.00044
1.00044
1.00044
1.00044
1.00044
1.00044
1.00044
1.00044
1.00043
1.00043
1.00043
1.00043
1.00043
1.00042
1.00042
1.00042
1.00042
1.00042
1.00041
1.00041
1.00041
1.0004
1.0004
1.0004
1.0004
1.00039
1.00039
1.00039
1.00038
1.00038
1.00038
1.00038
1.00037
1.00037
1.00037
1.00036
1.00036
1.00036
1.00036
1.00035
1.00035
1.00035
1.00034
1.00034
1.00034
1.00033
1.00033
1.00033
1.00032
1.00032
1.00032
1.00031
1.00031
1.00031
1.00031
1.0003
1.0003
1.0003
1.00029
1.00029
1.00029
1.00028
1.00028
1.00028
1.00027
1.00027
1.00027
1.00026
1.00026
1.00026
1.00026
1.00025
1.00025
1.00025
1.00024
1.00024
1.00024
1.00023
1.00023
1.00023
1.00022
1.00022
1.00022
1.00021
1.00021
1.00021
1.00021
1.0002
1.0002
1.0002
1.00019
1.00019
1.00019
1.00018
1.00018
1.00018
1.00018
1.00017
1.00017
1.00017
1.00016
1.00016
1.00016
1.00015
1.00015
1.00015
1.00015
1.00014
1.00014
1.00014
1.00013
1.00013
1.00013
1.00013
1.00012
1.00012
1.00012
1.00011
1.00011
1.00038
1.00083
1.00217
1.00215
1.00216
1.00216
1.00214
1.00215
1.00215
1.00212
1.00213
1.00214
1.00212
1.0021
1.00212
1.00211
1.00208
1.00208
1.0021
1.00208
1.00206
1.00207
1.00207
1.00205
1.00205
1.00205
1.00205
1.00203
1.00203
1.00203
1.00203
1.00202
1.00202
1.00202
1.00201
1.00201
1.00201
1.002
1.002
1.002
1.002
1.00199
1.00199
1.00199
1.00199
1.00198
1.00198
1.00198
1.00198
1.00198
1.00197
1.00197
1.00197
1.00197
1.00196
1.00196
1.00196
1.00195
1.00195
1.00195
1.00194
1.00192
1.00193
1.00192
1.00189
1.00188
1.00188
1.00185
1.00182
1.00181
1.00179
1.00175
1.00171
1.00169
1.00166
1.00161
1.00157
1.00155
1.0015
1.00144
1.00141
1.00137
1.00132
1.00129
1.00124
1.0012
1.00118
1.00113
1.00109
1.00107
1.00104
1.00099
1.00096
1.00094
1.00091
1.00089
1.00085
1.00084
1.00083
1.0008
1.00078
1.00077
1.00076
1.00073
1.00072
1.00071
1.00069
1.00067
1.00065
1.00064
1.00062
1.00061
1.00059
1.00058
1.00057
1.00055
1.00054
1.00053
1.00053
1.00051
1.00051
1.0005
1.0005
1.00049
1.00048
1.00047
1.00047
1.00046
1.00045
1.00046
1.00045
1.00044
1.00044
1.00044
1.00044
1.00043
1.00043
1.00043
1.00043
1.00042
1.00042
1.00043
1.00042
1.00042
1.00042
1.00042
1.00041
1.00042
1.00042
1.00041
1.00041
1.00041
1.00041
1.00041
1.00041
1.00042
1.00041
1.00042
1.00042
1.00042
1.00042
1.00042
1.00042
1.00042
1.00042
1.00043
1.00043
1.00043
1.00043
1.00043
1.00043
1.00044
1.00044
1.00044
1.00044
1.00044
1.00044
1.00044
1.00044
1.00044
1.00044
1.00044
1.00044
1.00044
1.00044
1.00044
1.00044
1.00044
1.00043
1.00043
1.00043
1.00043
1.00043
1.00042
1.00042
1.00042
1.00042
1.00042
1.00041
1.00041
1.00041
1.00041
1.0004
1.0004
1.0004
1.00039
1.00039
1.00039
1.00039
1.00038
1.00038
1.00038
1.00038
1.00037
1.00037
1.00037
1.00036
1.00036
1.00036
1.00035
1.00035
1.00035
1.00035
1.00034
1.00034
1.00034
1.00033
1.00033
1.00033
1.00032
1.00032
1.00032
1.00031
1.00031
1.00031
1.00031
1.0003
1.0003
1.0003
1.00029
1.00029
1.00029
1.00028
1.00028
1.00028
1.00027
1.00027
1.00027
1.00026
1.00026
1.00026
1.00026
1.00025
1.00025
1.00025
1.00024
1.00024
1.00024
1.00023
1.00023
1.00023
1.00022
1.00022
1.00022
1.00021
1.00021
1.00021
1.00021
1.0002
1.0002
1.0002
1.00019
1.00019
1.00019
1.00018
1.00018
1.00018
1.00018
1.00017
1.00017
1.00017
1.00016
1.00016
1.00016
1.00015
1.00015
1.00015
1.00015
1.00014
1.00014
1.00014
1.00013
1.00013
1.00013
1.00013
1.00012
1.00012
1.00012
1.00011
1.00011
1.00036
1.00083
1.00218
1.00215
1.00215
1.00219
1.00216
1.00212
1.00216
1.00217
1.00211
1.00211
1.00215
1.00212
1.00208
1.00211
1.00211
1.00207
1.00207
1.00209
1.00207
1.00205
1.00206
1.00206
1.00205
1.00204
1.00205
1.00204
1.00203
1.00203
1.00203
1.00202
1.00201
1.00201
1.00201
1.00201
1.002
1.002
1.002
1.00199
1.00199
1.00199
1.00199
1.00198
1.00198
1.00198
1.00198
1.00197
1.00197
1.00197
1.00197
1.00196
1.00196
1.00196
1.00195
1.00195
1.00195
1.00194
1.00193
1.00193
1.00193
1.00191
1.0019
1.0019
1.00189
1.00186
1.00185
1.00184
1.00181
1.00179
1.00177
1.00174
1.00171
1.00168
1.00165
1.00161
1.00158
1.00154
1.0015
1.00147
1.00142
1.00137
1.00136
1.00131
1.00125
1.00123
1.0012
1.00115
1.00112
1.00108
1.00106
1.00102
1.00098
1.00096
1.00094
1.0009
1.00088
1.00087
1.00084
1.00081
1.0008
1.00079
1.00076
1.00075
1.00074
1.00072
1.0007
1.00068
1.00067
1.00065
1.00063
1.00062
1.0006
1.00059
1.00058
1.00056
1.00055
1.00054
1.00053
1.00053
1.00052
1.00051
1.00051
1.0005
1.00048
1.00048
1.00048
1.00047
1.00046
1.00046
1.00046
1.00045
1.00045
1.00044
1.00044
1.00044
1.00043
1.00043
1.00043
1.00043
1.00043
1.00043
1.00042
1.00042
1.00042
1.00042
1.00042
1.00042
1.00042
1.00042
1.00042
1.00042
1.00042
1.00042
1.00042
1.00042
1.00042
1.00042
1.00042
1.00042
1.00042
1.00042
1.00042
1.00042
1.00042
1.00042
1.00043
1.00043
1.00043
1.00043
1.00043
1.00043
1.00043
1.00044
1.00044
1.00044
1.00044
1.00044
1.00044
1.00044
1.00044
1.00044
1.00044
1.00044
1.00044
1.00044
1.00043
1.00043
1.00043
1.00043
1.00043
1.00043
1.00042
1.00042
1.00042
1.00042
1.00042
1.00041
1.00041
1.00041
1.00041
1.0004
1.0004
1.0004
1.0004
1.00039
1.00039
1.00039
1.00039
1.00038
1.00038
1.00038
1.00037
1.00037
1.00037
1.00037
1.00036
1.00036
1.00036
1.00035
1.00035
1.00035
1.00035
1.00034
1.00034
1.00034
1.00033
1.00033
1.00033
1.00032
1.00032
1.00032
1.00031
1.00031
1.00031
1.00031
1.0003
1.0003
1.0003
1.00029
1.00029
1.00029
1.00028
1.00028
1.00028
1.00027
1.00027
1.00027
1.00026
1.00026
1.00026
1.00026
1.00025
1.00025
1.00025
1.00024
1.00024
1.00024
1.00023
1.00023
1.00023
1.00022
1.00022
1.00022
1.00021
1.00021
1.00021
1.00021
1.0002
1.0002
1.0002
1.00019
1.00019
1.00019
1.00018
1.00018
1.00018
1.00018
1.00017
1.00017
1.00017
1.00016
1.00016
1.00016
1.00015
1.00015
1.00015
1.00015
1.00014
1.00014
1.00014
1.00013
1.00013
1.00013
1.00013
1.00012
1.00012
1.00012
1.00011
1.00011
1.00035
1.00083
1.00215
1.00219
1.00218
1.00215
1.00217
1.00217
1.00213
1.00215
1.00216
1.00211
1.00212
1.00214
1.00211
1.00208
1.0021
1.0021
1.00207
1.00207
1.00208
1.00207
1.00205
1.00205
1.00205
1.00204
1.00203
1.00204
1.00203
1.00202
1.00202
1.00202
1.00201
1.00201
1.00201
1.00201
1.002
1.002
1.002
1.00199
1.00199
1.00199
1.00198
1.00198
1.00198
1.00197
1.00197
1.00197
1.00197
1.00196
1.00196
1.00196
1.00195
1.00195
1.00195
1.00194
1.00193
1.00193
1.00193
1.00191
1.00191
1.00191
1.00189
1.00187
1.00187
1.00186
1.00183
1.00182
1.00181
1.00178
1.00175
1.00173
1.00171
1.00167
1.00164
1.00162
1.00158
1.00154
1.00151
1.00148
1.00143
1.0014
1.00136
1.00132
1.00129
1.00125
1.0012
1.00118
1.00115
1.0011
1.00107
1.00105
1.00102
1.00098
1.00095
1.00093
1.00091
1.00088
1.00085
1.00084
1.00082
1.0008
1.00078
1.00077
1.00075
1.00073
1.00071
1.0007
1.00068
1.00066
1.00065
1.00063
1.00062
1.0006
1.00059
1.00058
1.00057
1.00055
1.00054
1.00054
1.00053
1.00052
1.00051
1.0005
1.0005
1.00049
1.00048
1.00048
1.00047
1.00046
1.00046
1.00046
1.00045
1.00045
1.00045
1.00045
1.00044
1.00044
1.00043
1.00043
1.00043
1.00043
1.00043
1.00043
1.00042
1.00042
1.00042
1.00042
1.00042
1.00042
1.00042
1.00042
1.00042
1.00042
1.00042
1.00042
1.00042
1.00042
1.00042
1.00042
1.00042
1.00042
1.00042
1.00042
1.00042
1.00043
1.00043
1.00043
1.00043
1.00043
1.00043
1.00043
1.00043
1.00043
1.00043
1.00043
1.00044
1.00044
1.00044
1.00043
1.00044
1.00044
1.00043
1.00043
1.00043
1.00043
1.00043
1.00043
1.00043
1.00043
1.00042
1.00042
1.00042
1.00042
1.00042
1.00042
1.00041
1.00041
1.00041
1.00041
1.0004
1.0004
1.0004
1.0004
1.0004
1.00039
1.00039
1.00039
1.00038
1.00038
1.00038
1.00038
1.00037
1.00037
1.00037
1.00037
1.00036
1.00036
1.00036
1.00035
1.00035
1.00035
1.00035
1.00034
1.00034
1.00034
1.00033
1.00033
1.00033
1.00032
1.00032
1.00032
1.00031
1.00031
1.00031
1.00031
1.0003
1.0003
1.0003
1.00029
1.00029
1.00029
1.00028
1.00028
1.00028
1.00027
1.00027
1.00027
1.00026
1.00026
1.00026
1.00026
1.00025
1.00025
1.00025
1.00024
1.00024
1.00024
1.00023
1.00023
1.00023
1.00022
1.00022
1.00022
1.00021
1.00021
1.00021
1.00021
1.0002
1.0002
1.0002
1.00019
1.00019
1.00019
1.00018
1.00018
1.00018
1.00018
1.00017
1.00017
1.00017
1.00016
1.00016
1.00016
1.00015
1.00015
1.00015
1.00015
1.00014
1.00014
1.00014
1.00013
1.00013
1.00013
1.00013
1.00012
1.00012
1.00012
1.00011
1.00011
1.00032
1.00082
1.00217
1.00221
1.0022
1.00214
1.00216
1.00221
1.00215
1.0021
1.00217
1.00216
1.00209
1.00211
1.00214
1.0021
1.00207
1.0021
1.0021
1.00206
1.00206
1.00207
1.00206
1.00204
1.00205
1.00205
1.00203
1.00203
1.00203
1.00203
1.00202
1.00201
1.00201
1.00201
1.002
1.002
1.002
1.00199
1.00199
1.00199
1.00199
1.00198
1.00198
1.00198
1.00197
1.00197
1.00197
1.00196
1.00196
1.00196
1.00195
1.00195
1.00195
1.00194
1.00194
1.00194
1.00193
1.00192
1.00192
1.00191
1.00189
1.00189
1.00189
1.00187
1.00185
1.00185
1.00183
1.00181
1.00179
1.00177
1.00175
1.00172
1.0017
1.00167
1.00164
1.00161
1.00157
1.00155
1.00152
1.00147
1.00144
1.00142
1.00136
1.00133
1.00131
1.00126
1.00123
1.0012
1.00116
1.00113
1.0011
1.00106
1.00104
1.00101
1.00097
1.00095
1.00093
1.0009
1.00088
1.00086
1.00083
1.00081
1.0008
1.00078
1.00076
1.00074
1.00073
1.0007
1.00069
1.00067
1.00066
1.00064
1.00063
1.00061
1.0006
1.00059
1.00057
1.00057
1.00056
1.00054
1.00053
1.00053
1.00052
1.00051
1.00051
1.0005
1.00049
1.00048
1.00048
1.00047
1.00047
1.00046
1.00046
1.00046
1.00045
1.00045
1.00045
1.00044
1.00044
1.00044
1.00044
1.00043
1.00043
1.00043
1.00043
1.00043
1.00042
1.00042
1.00042
1.00042
1.00042
1.00042
1.00042
1.00042
1.00042
1.00042
1.00042
1.00042
1.00042
1.00042
1.00042
1.00042
1.00042
1.00042
1.00042
1.00043
1.00043
1.00043
1.00043
1.00043
1.00043
1.00043
1.00043
1.00043
1.00043
1.00043
1.00043
1.00043
1.00043
1.00043
1.00043
1.00043
1.00043
1.00043
1.00043
1.00043
1.00043
1.00043
1.00042
1.00042
1.00042
1.00042
1.00042
1.00042
1.00042
1.00041
1.00041
1.00041
1.00041
1.00041
1.0004
1.0004
1.0004
1.0004
1.00039
1.00039
1.00039
1.00039
1.00038
1.00038
1.00038
1.00038
1.00037
1.00037
1.00037
1.00037
1.00036
1.00036
1.00036
1.00035
1.00035
1.00035
1.00034
1.00034
1.00034
1.00034
1.00033
1.00033
1.00033
1.00032
1.00032
1.00032
1.00031
1.00031
1.00031
1.00031
1.0003
1.0003
1.0003
1.00029
1.00029
1.00029
1.00028
1.00028
1.00028
1.00027
1.00027
1.00027
1.00026
1.00026
1.00026
1.00026
1.00025
1.00025
1.00025
1.00024
1.00024
1.00024
1.00023
1.00023
1.00023
1.00022
1.00022
1.00022
1.00021
1.00021
1.00021
1.00021
1.0002
1.0002
1.0002
1.00019
1.00019
1.00019
1.00018
1.00018
1.00018
1.00018
1.00017
1.00017
1.00017
1.00016
1.00016
1.00016
1.00015
1.00015
1.00015
1.00015
1.00014
1.00014
1.00014
1.00013
1.00013
1.00013
1.00013
1.00012
1.00012
1.00012
1.00011
1.00011
1.0003
1.00085
1.00224
1.00215
1.00217
1.00224
1.00217
1.00213
1.0022
1.00217
1.00211
1.00215
1.00215
1.0021
1.0021
1.00212
1.0021
1.00207
1.00208
1.00208
1.00206
1.00205
1.00206
1.00205
1.00204
1.00204
1.00204
1.00203
1.00202
1.00202
1.00202
1.00201
1.00201
1.00201
1.002
1.002
1.00199
1.00199
1.00199
1.00198
1.00198
1.00198
1.00198
1.00197
1.00197
1.00197
1.00196
1.00196
1.00196
1.00195
1.00195
1.00194
1.00194
1.00194
1.00193
1.00192
1.00192
1.00191
1.0019
1.0019
1.00189
1.00188
1.00187
1.00187
1.00184
1.00183
1.00182
1.0018
1.00178
1.00176
1.00175
1.00172
1.00169
1.00167
1.00164
1.00161
1.00158
1.00155
1.00152
1.00148
1.00145
1.00141
1.00139
1.00135
1.00131
1.00128
1.00126
1.00121
1.00117
1.00115
1.00112
1.00108
1.00105
1.00103
1.001
1.00097
1.00094
1.00092
1.0009
1.00087
1.00085
1.00084
1.00081
1.00079
1.00077
1.00076
1.00074
1.00072
1.0007
1.00069
1.00067
1.00065
1.00064
1.00062
1.00061
1.0006
1.00058
1.00057
1.00056
1.00055
1.00054
1.00053
1.00053
1.00052
1.00051
1.0005
1.0005
1.00049
1.00048
1.00048
1.00047
1.00047
1.00046
1.00046
1.00046
1.00045
1.00045
1.00045
1.00044
1.00044
1.00044
1.00044
1.00043
1.00043
1.00043
1.00043
1.00043
1.00043
1.00043
1.00042
1.00042
1.00042
1.00042
1.00042
1.00042
1.00042
1.00042
1.00042
1.00042
1.00042
1.00042
1.00042
1.00042
1.00042
1.00042
1.00042
1.00043
1.00043
1.00043
1.00043
1.00043
1.00043
1.00043
1.00043
1.00043
1.00043
1.00043
1.00043
1.00043
1.00043
1.00043
1.00043
1.00043
1.00043
1.00043
1.00043
1.00043
1.00042
1.00042
1.00042
1.00042
1.00042
1.00042
1.00042
1.00041
1.00041
1.00041
1.00041
1.00041
1.0004
1.0004
1.0004
1.0004
1.0004
1.00039
1.00039
1.00039
1.00039
1.00038
1.00038
1.00038
1.00038
1.00037
1.00037
1.00037
1.00036
1.00036
1.00036
1.00036
1.00035
1.00035
1.00035
1.00034
1.00034
1.00034
1.00034
1.00033
1.00033
1.00033
1.00032
1.00032
1.00032
1.00031
1.00031
1.00031
1.00031
1.0003
1.0003
1.0003
1.00029
1.00029
1.00029
1.00028
1.00028
1.00028
1.00027
1.00027
1.00027
1.00026
1.00026
1.00026
1.00026
1.00025
1.00025
1.00025
1.00024
1.00024
1.00024
1.00023
1.00023
1.00023
1.00022
1.00022
1.00022
1.00021
1.00021
1.00021
1.00021
1.0002
1.0002
1.0002
1.00019
1.00019
1.00019
1.00018
1.00018
1.00018
1.00018
1.00017
1.00017
1.00017
1.00016
1.00016
1.00016
1.00015
1.00015
1.00015
1.00015
1.00014
1.00014
1.00014
1.00013
1.00013
1.00013
1.00013
1.00012
1.00012
1.00012
1.00011
1.00011
1.00028
1.00084
1.00222
1.00219
1.00219
1.00223
1.00221
1.00212
1.00217
1.00222
1.00212
1.0021
1.00216
1.00214
1.00207
1.00209
1.00212
1.00208
1.00205
1.00208
1.00208
1.00205
1.00204
1.00205
1.00204
1.00203
1.00203
1.00203
1.00202
1.00201
1.00201
1.00201
1.002
1.002
1.002
1.002
1.00199
1.00199
1.00199
1.00198
1.00198
1.00198
1.00197
1.00197
1.00196
1.00196
1.00196
1.00195
1.00195
1.00195
1.00194
1.00194
1.00193
1.00193
1.00192
1.00192
1.00191
1.00191
1.0019
1.00189
1.00188
1.00187
1.00186
1.00185
1.00184
1.00182
1.00181
1.00179
1.00178
1.00175
1.00173
1.00171
1.00169
1.00167
1.00163
1.00161
1.00159
1.00155
1.00152
1.0015
1.00146
1.00142
1.0014
1.00136
1.00133
1.0013
1.00126
1.00123
1.0012
1.00116
1.00113
1.00111
1.00107
1.00104
1.00102
1.00099
1.00096
1.00094
1.00091
1.00089
1.00087
1.00085
1.00082
1.00081
1.00079
1.00076
1.00075
1.00073
1.00071
1.00069
1.00068
1.00066
1.00065
1.00063
1.00062
1.00061
1.0006
1.00058
1.00057
1.00056
1.00055
1.00054
1.00053
1.00053
1.00052
1.00051
1.0005
1.0005
1.00049
1.00048
1.00048
1.00047
1.00047
1.00046
1.00046
1.00046
1.00045
1.00045
1.00045
1.00044
1.00044
1.00044
1.00044
1.00043
1.00043
1.00043
1.00043
1.00043
1.00043
1.00043
1.00042
1.00042
1.00042
1.00042
1.00042
1.00042
1.00042
1.00042
1.00042
1.00042
1.00042
1.00042
1.00042
1.00042
1.00042
1.00042
1.00042
1.00042
1.00042
1.00043
1.00043
1.00043
1.00043
1.00043
1.00043
1.00043
1.00043
1.00043
1.00043
1.00043
1.00043
1.00043
1.00043
1.00042
1.00042
1.00042
1.00042
1.00042
1.00042
1.00042
1.00042
1.00042
1.00042
1.00041
1.00041
1.00041
1.00041
1.00041
1.0004
1.0004
1.0004
1.0004
1.0004
1.00039
1.00039
1.00039
1.00039
1.00039
1.00038
1.00038
1.00038
1.00038
1.00037
1.00037
1.00037
1.00036
1.00036
1.00036
1.00036
1.00035
1.00035
1.00035
1.00034
1.00034
1.00034
1.00034
1.00033
1.00033
1.00033
1.00032
1.00032
1.00032
1.00031
1.00031
1.00031
1.00031
1.0003
1.0003
1.0003
1.00029
1.00029
1.00029
1.00028
1.00028
1.00028
1.00027
1.00027
1.00027
1.00026
1.00026
1.00026
1.00026
1.00025
1.00025
1.00025
1.00024
1.00024
1.00024
1.00023
1.00023
1.00023
1.00022
1.00022
1.00022
1.00021
1.00021
1.00021
1.00021
1.0002
1.0002
1.0002
1.00019
1.00019
1.00019
1.00018
1.00018
1.00018
1.00018
1.00017
1.00017
1.00017
1.00016
1.00016
1.00016
1.00015
1.00015
1.00015
1.00015
1.00014
1.00014
1.00014
1.00013
1.00013
1.00013
1.00013
1.00012
1.00012
1.00012
1.00011
1.00011
1.00025
1.00084
1.00216
1.00229
1.00226
1.00211
1.00222
1.00227
1.00212
1.00212
1.00221
1.00215
1.00208
1.00213
1.00214
1.00208
1.00207
1.0021
1.00208
1.00205
1.00206
1.00207
1.00204
1.00203
1.00204
1.00204
1.00202
1.00202
1.00202
1.00201
1.00201
1.00201
1.002
1.002
1.00199
1.00199
1.00199
1.00198
1.00198
1.00198
1.00198
1.00197
1.00197
1.00197
1.00196
1.00196
1.00195
1.00195
1.00195
1.00194
1.00194
1.00193
1.00193
1.00192
1.00192
1.00191
1.0019
1.0019
1.00189
1.00188
1.00187
1.00187
1.00186
1.00184
1.00183
1.00182
1.0018
1.00178
1.00177
1.00175
1.00173
1.00171
1.00169
1.00166
1.00164
1.00161
1.00159
1.00156
1.00153
1.0015
1.00147
1.00144
1.0014
1.00137
1.00134
1.00131
1.00127
1.00124
1.00122
1.00118
1.00115
1.00112
1.00109
1.00106
1.00103
1.00101
1.00098
1.00095
1.00093
1.00091
1.00088
1.00086
1.00084
1.00082
1.0008
1.00078
1.00076
1.00074
1.00072
1.00071
1.00069
1.00067
1.00066
1.00064
1.00063
1.00061
1.0006
1.00059
1.00058
1.00057
1.00056
1.00055
1.00054
1.00053
1.00052
1.00051
1.00051
1.0005
1.0005
1.00049
1.00048
1.00048
1.00047
1.00047
1.00046
1.00046
1.00046
1.00045
1.00045
1.00045
1.00044
1.00044
1.00044
1.00044
1.00043
1.00043
1.00043
1.00043
1.00043
1.00043
1.00043
1.00042
1.00042
1.00042
1.00042
1.00042
1.00042
1.00042
1.00042
1.00042
1.00042
1.00042
1.00042
1.00042
1.00042
1.00042
1.00042
1.00042
1.00042
1.00042
1.00042
1.00042
1.00043
1.00043
1.00043
1.00043
1.00043
1.00043
1.00042
1.00043
1.00042
1.00042
1.00042
1.00042
1.00042
1.00042
1.00042
1.00042
1.00042
1.00042
1.00042
1.00042
1.00041
1.00041
1.00041
1.00041
1.00041
1.00041
1.0004
1.0004
1.0004
1.0004
1.0004
1.00039
1.00039
1.00039
1.00039
1.00038
1.00038
1.00038
1.00038
1.00037
1.00037
1.00037
1.00037
1.00036
1.00036
1.00036
1.00036
1.00035
1.00035
1.00035
1.00034
1.00034
1.00034
1.00034
1.00033
1.00033
1.00033
1.00032
1.00032
1.00032
1.00031
1.00031
1.00031
1.00031
1.0003
1.0003
1.0003
1.00029
1.00029
1.00029
1.00028
1.00028
1.00028
1.00027
1.00027
1.00027
1.00026
1.00026
1.00026
1.00026
1.00025
1.00025
1.00025
1.00024
1.00024
1.00024
1.00023
1.00023
1.00023
1.00022
1.00022
1.00022
1.00021
1.00021
1.00021
1.00021
1.0002
1.0002
1.0002
1.00019
1.00019
1.00019
1.00018
1.00018
1.00018
1.00018
1.00017
1.00017
1.00017
1.00016
1.00016
1.00016
1.00015
1.00015
1.00015
1.00015
1.00014
1.00014
1.00014
1.00013
1.00013
1.00013
1.00013
1.00012
1.00012
1.00012
1.00011
1.00011
1.00023
1.00084
1.00227
1.00225
1.00225
1.00221
1.00218
1.00225
1.0022
1.00211
1.00217
1.00219
1.00211
1.00208
1.00213
1.00211
1.00206
1.00207
1.00209
1.00206
1.00204
1.00205
1.00205
1.00203
1.00203
1.00203
1.00203
1.00202
1.00201
1.00201
1.00201
1.002
1.002
1.002
1.00199
1.00199
1.00199
1.00198
1.00198
1.00198
1.00197
1.00197
1.00196
1.00196
1.00196
1.00195
1.00195
1.00195
1.00194
1.00194
1.00193
1.00193
1.00192
1.00192
1.00191
1.00191
1.0019
1.00189
1.00189
1.00188
1.00187
1.00186
1.00185
1.00184
1.00182
1.00181
1.0018
1.00178
1.00176
1.00174
1.00173
1.00171
1.00168
1.00166
1.00164
1.00161
1.00158
1.00156
1.00153
1.0015
1.00147
1.00145
1.00141
1.00138
1.00135
1.00132
1.00129
1.00126
1.00122
1.0012
1.00117
1.00113
1.0011
1.00108
1.00105
1.00102
1.00099
1.00097
1.00094
1.00092
1.00089
1.00087
1.00085
1.00083
1.00081
1.00079
1.00077
1.00075
1.00073
1.00072
1.0007
1.00068
1.00067
1.00065
1.00064
1.00062
1.00061
1.0006
1.00059
1.00057
1.00056
1.00056
1.00054
1.00053
1.00053
1.00052
1.00051
1.0005
1.0005
1.00049
1.00049
1.00048
1.00047
1.00047
1.00047
1.00046
1.00046
1.00045
1.00045
1.00045
1.00044
1.00044
1.00044
1.00044
1.00044
1.00043
1.00043
1.00043
1.00043
1.00043
1.00042
1.00042
1.00042
1.00042
1.00042
1.00042
1.00042
1.00042
1.00042
1.00042
1.00042
1.00042
1.00042
1.00042
1.00042
1.00042
1.00042
1.00042
1.00042
1.00042
1.00042
1.00042
1.00042
1.00042
1.00042
1.00042
1.00042
1.00042
1.00042
1.00042
1.00042
1.00042
1.00042
1.00042
1.00042
1.00042
1.00042
1.00042
1.00042
1.00042
1.00042
1.00041
1.00041
1.00041
1.00041
1.00041
1.00041
1.0004
1.0004
1.0004
1.0004
1.0004
1.00039
1.00039
1.00039
1.00039
1.00039
1.00038
1.00038
1.00038
1.00038
1.00037
1.00037
1.00037
1.00037
1.00036
1.00036
1.00036
1.00036
1.00035
1.00035
1.00035
1.00034
1.00034
1.00034
1.00034
1.00033
1.00033
1.00033
1.00032
1.00032
1.00032
1.00031
1.00031
1.00031
1.00031
1.0003
1.0003
1.0003
1.00029
1.00029
1.00029
1.00028
1.00028
1.00028
1.00027
1.00027
1.00027
1.00026
1.00026
1.00026
1.00026
1.00025
1.00025
1.00025
1.00024
1.00024
1.00024
1.00023
1.00023
1.00023
1.00022
1.00022
1.00022
1.00021
1.00021
1.00021
1.00021
1.0002
1.0002
1.0002
1.00019
1.00019
1.00019
1.00018
1.00018
1.00018
1.00018
1.00017
1.00017
1.00017
1.00016
1.00016
1.00016
1.00015
1.00015
1.00015
1.00015
1.00014
1.00014
1.00014
1.00013
1.00013
1.00013
1.00013
1.00012
1.00012
1.00012
1.00011
1.00011
1.0002
1.0009
1.00237
1.00214
1.00219
1.00241
1.00221
1.00207
1.00226
1.00225
1.00208
1.00211
1.0022
1.00212
1.00205
1.0021
1.00212
1.00206
1.00205
1.00207
1.00206
1.00203
1.00204
1.00204
1.00203
1.00202
1.00202
1.00202
1.00201
1.00201
1.00201
1.002
1.00199
1.00199
1.00199
1.00199
1.00198
1.00198
1.00198
1.00197
1.00197
1.00197
1.00196
1.00196
1.00195
1.00195
1.00195
1.00194
1.00194
1.00194
1.00193
1.00192
1.00192
1.00192
1.00191
1.0019
1.0019
1.00189
1.00188
1.00187
1.00187
1.00185
1.00184
1.00183
1.00182
1.0018
1.00179
1.00178
1.00176
1.00174
1.00173
1.0017
1.00168
1.00166
1.00164
1.00161
1.00159
1.00156
1.00153
1.00151
1.00148
1.00145
1.00142
1.00139
1.00136
1.00133
1.0013
1.00127
1.00123
1.00121
1.00118
1.00115
1.00112
1.00109
1.00106
1.00103
1.00101
1.00098
1.00096
1.00093
1.00091
1.00088
1.00086
1.00084
1.00082
1.0008
1.00078
1.00076
1.00074
1.00072
1.0007
1.00069
1.00067
1.00066
1.00064
1.00063
1.00062
1.0006
1.00059
1.00058
1.00057
1.00056
1.00055
1.00054
1.00053
1.00052
1.00052
1.00051
1.0005
1.00049
1.00049
1.00048
1.00048
1.00047
1.00047
1.00046
1.00046
1.00045
1.00045
1.00045
1.00044
1.00044
1.00044
1.00044
1.00043
1.00043
1.00043
1.00043
1.00043
1.00043
1.00043
1.00042
1.00042
1.00042
1.00042
1.00042
1.00042
1.00042
1.00042
1.00042
1.00042
1.00042
1.00042
1.00042
1.00042
1.00042
1.00042
1.00042
1.00042
1.00042
1.00042
1.00042
1.00042
1.00042
1.00042
1.00042
1.00042
1.00042
1.00042
1.00042
1.00042
1.00042
1.00042
1.00042
1.00042
1.00042
1.00042
1.00042
1.00042
1.00041
1.00041
1.00041
1.00041
1.00041
1.00041
1.00041
1.00041
1.0004
1.0004
1.0004
1.0004
1.0004
1.00039
1.00039
1.00039
1.00039
1.00039
1.00038
1.00038
1.00038
1.00038
1.00037
1.00037
1.00037
1.00037
1.00036
1.00036
1.00036
1.00036
1.00035
1.00035
1.00035
1.00034
1.00034
1.00034
1.00034
1.00033
1.00033
1.00033
1.00032
1.00032
1.00032
1.00031
1.00031
1.00031
1.00031
1.0003
1.0003
1.0003
1.00029
1.00029
1.00029
1.00028
1.00028
1.00028
1.00027
1.00027
1.00027
1.00026
1.00026
1.00026
1.00026
1.00025
1.00025
1.00025
1.00024
1.00024
1.00024
1.00023
1.00023
1.00023
1.00022
1.00022
1.00022
1.00021
1.00021
1.00021
1.00021
1.0002
1.0002
1.0002
1.00019
1.00019
1.00019
1.00018
1.00018
1.00018
1.00018
1.00017
1.00017
1.00017
1.00016
1.00016
1.00016
1.00015
1.00015
1.00015
1.00015
1.00014
1.00014
1.00014
1.00013
1.00013
1.00013
1.00013
1.00012
1.00012
1.00012
1.00011
1.00011
1.00017
1.00086
1.00222
1.00238
1.0023
1.00221
1.00229
1.0022
1.00216
1.00222
1.00218
1.0021
1.00212
1.00214
1.0021
1.00207
1.00208
1.00208
1.00205
1.00205
1.00205
1.00204
1.00203
1.00203
1.00203
1.00202
1.00201
1.00201
1.00201
1.002
1.002
1.002
1.00199
1.00199
1.00199
1.00198
1.00198
1.00198
1.00197
1.00197
1.00197
1.00196
1.00196
1.00196
1.00195
1.00195
1.00195
1.00194
1.00194
1.00193
1.00193
1.00192
1.00192
1.00191
1.00191
1.0019
1.00189
1.00189
1.00188
1.00187
1.00186
1.00185
1.00184
1.00183
1.00182
1.0018
1.00179
1.00177
1.00176
1.00174
1.00172
1.0017
1.00169
1.00166
1.00164
1.00162
1.00159
1.00156
1.00154
1.00151
1.00149
1.00146
1.00143
1.0014
1.00137
1.00134
1.00131
1.00128
1.00125
1.00122
1.00118
1.00116
1.00113
1.0011
1.00107
1.00104
1.00102
1.00099
1.00096
1.00094
1.00092
1.00089
1.00087
1.00085
1.00083
1.0008
1.00079
1.00077
1.00075
1.00073
1.00071
1.00069
1.00068
1.00066
1.00065
1.00063
1.00062
1.00061
1.00059
1.00058
1.00057
1.00056
1.00055
1.00054
1.00053
1.00053
1.00052
1.00051
1.0005
1.0005
1.00049
1.00048
1.00048
1.00047
1.00047
1.00046
1.00046
1.00045
1.00045
1.00045
1.00044
1.00044
1.00044
1.00044
1.00043
1.00043
1.00043
1.00043
1.00043
1.00043
1.00043
1.00042
1.00042
1.00042
1.00042
1.00042
1.00042
1.00042
1.00042
1.00042
1.00042
1.00042
1.00042
1.00042
1.00042
1.00042
1.00042
1.00042
1.00042
1.00042
1.00042
1.00042
1.00042
1.00042
1.00042
1.00042
1.00042
1.00042
1.00042
1.00042
1.00042
1.00042
1.00042
1.00042
1.00042
1.00042
1.00042
1.00042
1.00041
1.00041
1.00041
1.00041
1.00041
1.00041
1.00041
1.00041
1.0004
1.0004
1.0004
1.0004
1.0004
1.0004
1.00039
1.00039
1.00039
1.00039
1.00039
1.00038
1.00038
1.00038
1.00038
1.00037
1.00037
1.00037
1.00037
1.00036
1.00036
1.00036
1.00036
1.00035
1.00035
1.00035
1.00034
1.00034
1.00034
1.00034
1.00033
1.00033
1.00033
1.00032
1.00032
1.00032
1.00031
1.00031
1.00031
1.00031
1.0003
1.0003
1.0003
1.00029
1.00029
1.00029
1.00028
1.00028
1.00028
1.00027
1.00027
1.00027
1.00026
1.00026
1.00026
1.00026
1.00025
1.00025
1.00025
1.00024
1.00024
1.00024
1.00023
1.00023
1.00023
1.00022
1.00022
1.00022
1.00021
1.00021
1.00021
1.00021
1.0002
1.0002
1.0002
1.00019
1.00019
1.00019
1.00018
1.00018
1.00018
1.00018
1.00017
1.00017
1.00017
1.00016
1.00016
1.00016
1.00016
1.00015
1.00015
1.00015
1.00014
1.00014
1.00014
1.00013
1.00013
1.00013
1.00013
1.00012
1.00012
1.00012
1.00011
1.00011
1.00014
1.00087
1.00223
1.0025
1.00239
1.00204
1.00228
1.00243
1.00213
1.00205
1.00223
1.00221
1.00205
1.00208
1.00215
1.00209
1.00204
1.00207
1.00208
1.00204
1.00203
1.00205
1.00204
1.00202
1.00202
1.00202
1.00201
1.00201
1.00201
1.002
1.002
1.00199
1.00199
1.00199
1.00198
1.00198
1.00198
1.00198
1.00197
1.00197
1.00197
1.00196
1.00196
1.00195
1.00195
1.00195
1.00194
1.00194
1.00194
1.00193
1.00192
1.00192
1.00191
1.00191
1.0019
1.0019
1.00189
1.00188
1.00188
1.00187
1.00185
1.00185
1.00184
1.00182
1.00181
1.0018
1.00179
1.00177
1.00176
1.00174
1.00172
1.0017
1.00168
1.00166
1.00164
1.00162
1.00159
1.00157
1.00155
1.00151
1.00149
1.00146
1.00143
1.0014
1.00138
1.00135
1.00131
1.00129
1.00126
1.00122
1.0012
1.00117
1.00114
1.00111
1.00108
1.00105
1.00103
1.001
1.00097
1.00095
1.00092
1.0009
1.00088
1.00085
1.00083
1.00081
1.00079
1.00077
1.00075
1.00073
1.00072
1.0007
1.00068
1.00067
1.00065
1.00064
1.00062
1.00061
1.0006
1.00059
1.00058
1.00057
1.00055
1.00054
1.00054
1.00053
1.00052
1.00051
1.0005
1.0005
1.00049
1.00048
1.00048
1.00047
1.00047
1.00046
1.00046
1.00046
1.00045
1.00045
1.00045
1.00044
1.00044
1.00044
1.00043
1.00043
1.00043
1.00043
1.00043
1.00043
1.00042
1.00042
1.00042
1.00042
1.00042
1.00042
1.00042
1.00042
1.00042
1.00042
1.00042
1.00042
1.00042
1.00042
1.00042
1.00042
1.00042
1.00042
1.00042
1.00042
1.00042
1.00042
1.00042
1.00042
1.00042
1.00042
1.00042
1.00042
1.00042
1.00042
1.00042
1.00042
1.00042
1.00042
1.00042
1.00042
1.00042
1.00041
1.00041
1.00041
1.00041
1.00041
1.00041
1.00041
1.00041
1.00041
1.0004
1.0004
1.0004
1.0004
1.0004
1.0004
1.00039
1.00039
1.00039
1.00039
1.00038
1.00038
1.00038
1.00038
1.00038
1.00037
1.00037
1.00037
1.00037
1.00036
1.00036
1.00036
1.00036
1.00035
1.00035
1.00035
1.00034
1.00034
1.00034
1.00034
1.00033
1.00033
1.00033
1.00032
1.00032
1.00032
1.00031
1.00031
1.00031
1.00031
1.0003
1.0003
1.0003
1.00029
1.00029
1.00029
1.00028
1.00028
1.00028
1.00027
1.00027
1.00027
1.00026
1.00026
1.00026
1.00026
1.00025
1.00025
1.00025
1.00024
1.00024
1.00024
1.00023
1.00023
1.00023
1.00022
1.00022
1.00022
1.00021
1.00021
1.00021
1.00021
1.0002
1.0002
1.0002
1.00019
1.00019
1.00019
1.00018
1.00018
1.00018
1.00018
1.00017
1.00017
1.00017
1.00016
1.00016
1.00016
1.00016
1.00015
1.00015
1.00015
1.00014
1.00014
1.00014
1.00013
1.00013
1.00013
1.00013
1.00012
1.00012
1.00012
1.00011
1.00011
1.00012
1.00087
1.00264
1.00218
1.00231
1.00248
1.0022
1.00217
1.00227
1.0022
1.00209
1.00213
1.00215
1.00209
1.00206
1.00209
1.00208
1.00205
1.00205
1.00205
1.00204
1.00203
1.00203
1.00203
1.00202
1.00201
1.00201
1.00201
1.002
1.002
1.002
1.00199
1.00199
1.00199
1.00198
1.00198
1.00198
1.00197
1.00197
1.00197
1.00196
1.00196
1.00196
1.00195
1.00195
1.00195
1.00194
1.00194
1.00193
1.00193
1.00192
1.00192
1.00191
1.00191
1.0019
1.0019
1.00189
1.00188
1.00187
1.00187
1.00186
1.00184
1.00184
1.00183
1.00181
1.0018
1.00179
1.00177
1.00176
1.00174
1.00172
1.0017
1.00168
1.00166
1.00164
1.00162
1.0016
1.00157
1.00155
1.00152
1.00149
1.00147
1.00144
1.00141
1.00138
1.00135
1.00132
1.00129
1.00126
1.00123
1.0012
1.00117
1.00114
1.00112
1.00109
1.00106
1.00103
1.00101
1.00098
1.00095
1.00093
1.00091
1.00088
1.00086
1.00084
1.00082
1.00079
1.00077
1.00076
1.00074
1.00072
1.0007
1.00069
1.00067
1.00065
1.00064
1.00063
1.00061
1.0006
1.00059
1.00058
1.00057
1.00056
1.00055
1.00054
1.00053
1.00052
1.00051
1.0005
1.0005
1.00049
1.00048
1.00048
1.00047
1.00047
1.00046
1.00046
1.00046
1.00045
1.00045
1.00044
1.00044
1.00044
1.00044
1.00043
1.00043
1.00043
1.00043
1.00043
1.00042
1.00042
1.00042
1.00042
1.00042
1.00042
1.00042
1.00042
1.00042
1.00042
1.00042
1.00042
1.00042
1.00042
1.00042
1.00042
1.00042
1.00042
1.00042
1.00042
1.00042
1.00042
1.00042
1.00042
1.00042
1.00042
1.00042
1.00042
1.00042
1.00042
1.00042
1.00042
1.00042
1.00042
1.00042
1.00042
1.00042
1.00041
1.00041
1.00041
1.00041
1.00041
1.00041
1.00041
1.00041
1.00041
1.0004
1.0004
1.0004
1.0004
1.0004
1.0004
1.00039
1.00039
1.00039
1.00039
1.00039
1.00038
1.00038
1.00038
1.00038
1.00038
1.00037
1.00037
1.00037
1.00037
1.00036
1.00036
1.00036
1.00036
1.00035
1.00035
1.00035
1.00034
1.00034
1.00034
1.00034
1.00033
1.00033
1.00033
1.00032
1.00032
1.00032
1.00031
1.00031
1.00031
1.00031
1.0003
1.0003
1.0003
1.00029
1.00029
1.00029
1.00028
1.00028
1.00028
1.00027
1.00027
1.00027
1.00026
1.00026
1.00026
1.00026
1.00025
1.00025
1.00025
1.00024
1.00024
1.00024
1.00023
1.00023
1.00023
1.00022
1.00022
1.00022
1.00021
1.00021
1.00021
1.00021
1.0002
1.0002
1.0002
1.00019
1.00019
1.00019
1.00018
1.00018
1.00018
1.00018
1.00017
1.00017
1.00017
1.00016
1.00016
1.00016
1.00016
1.00015
1.00015
1.00015
1.00014
1.00014
1.00014
1.00013
1.00013
1.00013
1.00013
1.00012
1.00012
1.00012
1.00011
1.00011
1.00009
1.00107
1.00252
1.00216
1.00228
1.00269
1.0023
1.002
1.00222
1.00231
1.00209
1.00205
1.00215
1.00213
1.00204
1.00206
1.00209
1.00205
1.00203
1.00205
1.00205
1.00202
1.00202
1.00203
1.00202
1.00201
1.00201
1.00201
1.002
1.002
1.002
1.00199
1.00199
1.00199
1.00198
1.00198
1.00198
1.00197
1.00197
1.00197
1.00196
1.00196
1.00196
1.00195
1.00195
1.00194
1.00194
1.00194
1.00193
1.00193
1.00192
1.00192
1.00191
1.00191
1.0019
1.00189
1.00189
1.00188
1.00187
1.00186
1.00186
1.00185
1.00183
1.00182
1.00181
1.0018
1.00179
1.00177
1.00176
1.00174
1.00172
1.00171
1.00169
1.00167
1.00164
1.00162
1.0016
1.00157
1.00155
1.00153
1.0015
1.00147
1.00144
1.00142
1.00138
1.00136
1.00133
1.0013
1.00127
1.00124
1.00121
1.00118
1.00115
1.00112
1.00109
1.00106
1.00104
1.00101
1.00098
1.00096
1.00093
1.00091
1.00088
1.00086
1.00084
1.00082
1.0008
1.00078
1.00076
1.00074
1.00072
1.0007
1.00069
1.00067
1.00066
1.00064
1.00063
1.00061
1.0006
1.00059
1.00058
1.00057
1.00056
1.00055
1.00054
1.00053
1.00052
1.00051
1.0005
1.0005
1.00049
1.00048
1.00048
1.00047
1.00047
1.00046
1.00046
1.00045
1.00045
1.00045
1.00044
1.00044
1.00044
1.00044
1.00043
1.00043
1.00043
1.00043
1.00042
1.00042
1.00042
1.00042
1.00042
1.00042
1.00042
1.00042
1.00042
1.00042
1.00042
1.00042
1.00042
1.00042
1.00042
1.00042
1.00042
1.00042
1.00042
1.00042
1.00042
1.00042
1.00042
1.00042
1.00042
1.00042
1.00042
1.00042
1.00042
1.00042
1.00042
1.00042
1.00042
1.00042
1.00042
1.00042
1.00041
1.00041
1.00041
1.00041
1.00041
1.00041
1.00041
1.00041
1.00041
1.00041
1.00041
1.0004
1.0004
1.0004
1.0004
1.0004
1.0004
1.00039
1.00039
1.00039
1.00039
1.00039
1.00038
1.00038
1.00038
1.00038
1.00038
1.00037
1.00037
1.00037
1.00037
1.00036
1.00036
1.00036
1.00036
1.00035
1.00035
1.00035
1.00034
1.00034
1.00034
1.00034
1.00033
1.00033
1.00033
1.00032
1.00032
1.00032
1.00031
1.00031
1.00031
1.00031
1.0003
1.0003
1.0003
1.00029
1.00029
1.00029
1.00028
1.00028
1.00028
1.00027
1.00027
1.00027
1.00026
1.00026
1.00026
1.00026
1.00025
1.00025
1.00025
1.00024
1.00024
1.00024
1.00023
1.00023
1.00023
1.00022
1.00022
1.00022
1.00021
1.00021
1.00021
1.00021
1.0002
1.0002
1.0002
1.00019
1.00019
1.00019
1.00018
1.00018
1.00018
1.00018
1.00017
1.00017
1.00017
1.00016
1.00016
1.00016
1.00016
1.00015
1.00015
1.00015
1.00014
1.00014
1.00014
1.00013
1.00013
1.00013
1.00013
1.00012
1.00012
1.00012
1.00011
1.00011
1.00007
1.00083
1.00217
1.00317
1.00256
1.00194
1.00229
1.00243
1.00213
1.00203
1.00219
1.00217
1.00205
1.00206
1.00211
1.00207
1.00203
1.00205
1.00206
1.00203
1.00202
1.00203
1.00203
1.00201
1.00201
1.00201
1.00201
1.002
1.002
1.002
1.00199
1.00199
1.00199
1.00198
1.00198
1.00198
1.00198
1.00197
1.00197
1.00197
1.00196
1.00196
1.00195
1.00195
1.00195
1.00194
1.00194
1.00194
1.00193
1.00193
1.00192
1.00192
1.00191
1.00191
1.0019
1.00189
1.00189
1.00188
1.00187
1.00186
1.00185
1.00185
1.00184
1.00182
1.00181
1.0018
1.00179
1.00177
1.00176
1.00174
1.00172
1.00171
1.00169
1.00167
1.00165
1.00163
1.0016
1.00158
1.00155
1.00153
1.0015
1.00148
1.00145
1.00142
1.00139
1.00136
1.00133
1.0013
1.00127
1.00124
1.00121
1.00118
1.00115
1.00112
1.0011
1.00107
1.00104
1.00101
1.00099
1.00096
1.00093
1.00091
1.00089
1.00086
1.00084
1.00082
1.0008
1.00078
1.00076
1.00074
1.00072
1.0007
1.00069
1.00067
1.00066
1.00064
1.00063
1.00061
1.0006
1.00059
1.00058
1.00057
1.00055
1.00054
1.00054
1.00053
1.00052
1.00051
1.0005
1.0005
1.00049
1.00048
1.00048
1.00047
1.00047
1.00046
1.00046
1.00045
1.00045
1.00045
1.00044
1.00044
1.00044
1.00043
1.00043
1.00043
1.00043
1.00043
1.00042
1.00042
1.00042
1.00042
1.00042
1.00042
1.00042
1.00042
1.00042
1.00042
1.00042
1.00041
1.00041
1.00041
1.00041
1.00041
1.00041
1.00041
1.00041
1.00041
1.00042
1.00042
1.00042
1.00042
1.00042
1.00042
1.00042
1.00042
1.00042
1.00042
1.00042
1.00042
1.00042
1.00042
1.00041
1.00041
1.00041
1.00041
1.00041
1.00041
1.00041
1.00041
1.00041
1.00041
1.00041
1.00041
1.00041
1.0004
1.0004
1.0004
1.0004
1.0004
1.0004
1.00039
1.00039
1.00039
1.00039
1.00039
1.00038
1.00038
1.00038
1.00038
1.00038
1.00037
1.00037
1.00037
1.00037
1.00036
1.00036
1.00036
1.00036
1.00035
1.00035
1.00035
1.00034
1.00034
1.00034
1.00034
1.00033
1.00033
1.00033
1.00032
1.00032
1.00032
1.00031
1.00031
1.00031
1.00031
1.0003
1.0003
1.0003
1.00029
1.00029
1.00029
1.00028
1.00028
1.00028
1.00027
1.00027
1.00027
1.00026
1.00026
1.00026
1.00026
1.00025
1.00025
1.00025
1.00024
1.00024
1.00024
1.00023
1.00023
1.00023
1.00022
1.00022
1.00022
1.00021
1.00021
1.00021
1.00021
1.0002
1.0002
1.0002
1.00019
1.00019
1.00019
1.00018
1.00018
1.00018
1.00018
1.00017
1.00017
1.00017
1.00016
1.00016
1.00016
1.00016
1.00015
1.00015
1.00015
1.00014
1.00014
1.00014
1.00013
1.00013
1.00013
1.00013
1.00012
1.00012
1.00012
1.00011
1.00011
1.00006
1.00089
1.00291
1.00288
1.00256
1.00205
1.00225
1.00233
1.00216
1.00206
1.00215
1.00214
1.00206
1.00206
1.00209
1.00206
1.00204
1.00205
1.00205
1.00203
1.00202
1.00203
1.00202
1.00201
1.00201
1.00201
1.002
1.002
1.002
1.002
1.00199
1.00199
1.00199
1.00198
1.00198
1.00198
1.00197
1.00197
1.00197
1.00196
1.00196
1.00196
1.00195
1.00195
1.00195
1.00194
1.00194
1.00194
1.00193
1.00193
1.00192
1.00192
1.00191
1.00191
1.0019
1.0019
1.00189
1.00188
1.00187
1.00187
1.00186
1.00185
1.00184
1.00183
1.00182
1.0018
1.00179
1.00178
1.00176
1.00174
1.00173
1.00171
1.00169
1.00167
1.00165
1.00163
1.0016
1.00158
1.00156
1.00153
1.0015
1.00148
1.00145
1.00142
1.00139
1.00136
1.00133
1.0013
1.00127
1.00124
1.00122
1.00118
1.00115
1.00113
1.0011
1.00107
1.00104
1.00101
1.00099
1.00096
1.00094
1.00091
1.00089
1.00086
1.00084
1.00082
1.0008
1.00078
1.00076
1.00074
1.00072
1.0007
1.00069
1.00067
1.00065
1.00064
1.00063
1.00061
1.0006
1.00059
1.00058
1.00056
1.00055
1.00054
1.00053
1.00053
1.00052
1.00051
1.0005
1.00049
1.00049
1.00048
1.00048
1.00047
1.00046
1.00046
1.00046
1.00045
1.00045
1.00044
1.00044
1.00044
1.00043
1.00043
1.00043
1.00043
1.00043
1.00042
1.00042
1.00042
1.00042
1.00042
1.00042
1.00042
1.00042
1.00042
1.00041
1.00041
1.00041
1.00041
1.00041
1.00041
1.00041
1.00041
1.00041
1.00041
1.00041
1.00041
1.00041
1.00041
1.00041
1.00041
1.00041
1.00041
1.00041
1.00042
1.00042
1.00042
1.00042
1.00042
1.00041
1.00041
1.00041
1.00041
1.00041
1.00041
1.00041
1.00041
1.00041
1.00041
1.00041
1.00041
1.00041
1.00041
1.00041
1.0004
1.0004
1.0004
1.0004
1.0004
1.0004
1.00039
1.00039
1.00039
1.00039
1.00039
1.00038
1.00038
1.00038
1.00038
1.00038
1.00037
1.00037
1.00037
1.00037
1.00036
1.00036
1.00036
1.00035
1.00035
1.00035
1.00035
1.00034
1.00034
1.00034
1.00034
1.00033
1.00033
1.00033
1.00032
1.00032
1.00032
1.00031
1.00031
1.00031
1.00031
1.0003
1.0003
1.0003
1.00029
1.00029
1.00029
1.00028
1.00028
1.00028
1.00027
1.00027
1.00027
1.00026
1.00026
1.00026
1.00026
1.00025
1.00025
1.00025
1.00024
1.00024
1.00024
1.00023
1.00023
1.00023
1.00022
1.00022
1.00022
1.00021
1.00021
1.00021
1.00021
1.0002
1.0002
1.0002
1.00019
1.00019
1.00019
1.00018
1.00018
1.00018
1.00018
1.00017
1.00017
1.00017
1.00016
1.00016
1.00016
1.00016
1.00015
1.00015
1.00015
1.00014
1.00014
1.00014
1.00013
1.00013
1.00013
1.00013
1.00012
1.00012
1.00012
1.00011
1.00011
1.00004
1.0036
1.00438
1.00148
1.00192
1.00278
1.00233
1.0019
1.00217
1.00228
1.00206
1.00201
1.00213
1.0021
1.00202
1.00204
1.00207
1.00204
1.00202
1.00204
1.00203
1.00201
1.00201
1.00202
1.00201
1.002
1.002
1.002
1.00199
1.00199
1.00199
1.00199
1.00198
1.00198
1.00198
1.00198
1.00197
1.00197
1.00197
1.00196
1.00196
1.00196
1.00195
1.00195
1.00195
1.00194
1.00194
1.00194
1.00193
1.00193
1.00192
1.00192
1.00191
1.00191
1.0019
1.0019
1.00189
1.00188
1.00187
1.00187
1.00186
1.00185
1.00184
1.00183
1.00182
1.00181
1.00179
1.00178
1.00176
1.00175
1.00173
1.00171
1.0017
1.00168
1.00166
1.00163
1.00161
1.00159
1.00156
1.00154
1.00151
1.00148
1.00145
1.00143
1.0014
1.00137
1.00134
1.00131
1.00128
1.00125
1.00122
1.00119
1.00116
1.00113
1.0011
1.00107
1.00104
1.00101
1.00099
1.00096
1.00094
1.00091
1.00089
1.00086
1.00084
1.00082
1.0008
1.00078
1.00076
1.00074
1.00072
1.0007
1.00068
1.00067
1.00065
1.00064
1.00062
1.00061
1.0006
1.00059
1.00057
1.00056
1.00055
1.00054
1.00053
1.00052
1.00051
1.00051
1.0005
1.00049
1.00049
1.00048
1.00047
1.00047
1.00046
1.00046
1.00045
1.00045
1.00045
1.00044
1.00044
1.00044
1.00043
1.00043
1.00043
1.00043
1.00042
1.00042
1.00042
1.00042
1.00042
1.00042
1.00042
1.00041
1.00041
1.00041
1.00041
1.00041
1.00041
1.00041
1.00041
1.00041
1.00041
1.00041
1.00041
1.00041
1.00041
1.00041
1.00041
1.00041
1.00041
1.00041
1.00041
1.00041
1.00041
1.00041
1.00041
1.00041
1.00041
1.00041
1.00041
1.00041
1.00041
1.00041
1.00041
1.00041
1.00041
1.00041
1.00041
1.00041
1.00041
1.00041
1.00041
1.00041
1.0004
1.0004
1.0004
1.0004
1.0004
1.0004
1.0004
1.00039
1.00039
1.00039
1.00039
1.00039
1.00038
1.00038
1.00038
1.00038
1.00038
1.00037
1.00037
1.00037
1.00037
1.00036
1.00036
1.00036
1.00035
1.00035
1.00035
1.00035
1.00034
1.00034
1.00034
1.00034
1.00033
1.00033
1.00033
1.00032
1.00032
1.00032
1.00031
1.00031
1.00031
1.00031
1.0003
1.0003
1.0003
1.00029
1.00029
1.00029
1.00028
1.00028
1.00028
1.00027
1.00027
1.00027
1.00026
1.00026
1.00026
1.00026
1.00025
1.00025
1.00025
1.00024
1.00024
1.00024
1.00023
1.00023
1.00023
1.00022
1.00022
1.00022
1.00021
1.00021
1.00021
1.00021
1.0002
1.0002
1.0002
1.00019
1.00019
1.00019
1.00018
1.00018
1.00018
1.00018
1.00017
1.00017
1.00017
1.00016
1.00016
1.00016
1.00016
1.00015
1.00015
1.00015
1.00014
1.00014
1.00014
1.00013
1.00013
1.00013
1.00013
1.00012
1.00012
1.00012
1.00011
1.00011
1.00004
1
1
1
1
1
1
1
1
1
1
1
1
1
1
1
1
1
1
1
1
1
1
1
1
1
1
1
1
1
1
1
1
1
1
1
1
1
1
1
1
1
1
1
1
1
1
1
1
1
1
1
1
1
1
1
1
1
1
1
1
1
1
1
1
1
1
1
1
1
1
1
1
1
1
1
1
1
1
1
1
1
1
1
1
1
1
1
1
1
1
1
1
1
1
1
1
1
1
1
1
1
1
1
1
1
1
1
1
1
1
1
1
1
1
1
1
1
1
1
1
1
1
1
1
1
1
1
1
1
1
1
1
1
1
1
1
1
1
1
1
1
1
1
1
1
1
1
1
1
1
1
1
1
1
1
1
1
1
1
1
1
1
1
1
1
1
1
1
1
1
1
1
1
1
1
1
1
1
1
1
1
1
1
1
1
1
1
1
1
1
1
1
1
1
1
1
1
1
1
1
1
1
1
1
1
1
1
1
1
1
1
1
1
1
1
1
1
1
1
1
1
1
1
1
1
1
1
1
1
1
1
1
1
1
1
1
1
1
1
1
1
1
1
1
1
1
1
1
1
1
1
1
1
1
1
1
1
1
1
1
1
1
1
1
1
1
1
1
1
1
1
1
1
1
1
1
1
1
1
1
1
1
1
1
1
1
1
1
1
1
1
1
1
1
1
1
1
1
1
1
