1 0 0.11204
0.13298 0.136367 1.54531
0.999781 -0.0209424 0.112032
-0.406737 -0.913545 0.112031
-0.929776 0.368125 0.112033
-0.481754 0.876307 0.112033
-0.425779 -0.904827 0.112045
-0.444635 -0.895712 0.112047
-0.463296 -0.886204 0.112053
0.756995 -0.653421 0.112045
-0.5 -0.866025 0.112049
-0.535827 -0.844328 0.112045
0.166769 -0.985996 0.112043
0.770513 0.637424 0.112032
0.187381 0.982287 0.112055
-0.951057 -0.309017 0.112062
0.381082 -0.324232 0.377132
-0.238287 0.432422 0.387357
-0.208972 0.323445 0.612884
-0.125333 -0.992115 0.112057
0.384221 0.318723 0.378886
0.682561 -0.177024 0.181666
-0.577654 0.40884 0.180269
0.0748929 0.379061 0.609318
-0.237025 -0.0670389 1.1717
-0.012823 -0.624064 0.236603
-0.783693 -0.621148 0.112063
0.68985 0.156735 0.180429
0.5 0.866025 0.11206
0.274545 -0.653592 0.179628
-0.146083 0.989272 0.112038
-0.999123 0.0418757 0.112026
0.843165 0.0822428 0.128531
0.579417 -0.491209 0.155846
-0.361248 0.658102 0.159575
-0.123235 0.221583 1.13087
-0.350562 -0.486954 0.25782
-0.00442561 -0.3093 0.865151
-0.62995 -0.385352 0.164973
-0.0659995 -0.808608 0.137864
0.382015 -0.00421417 0.621045
0.446224 0.585788 0.165927
0.5 -0.866025 0.112026
-0.795921 0.222961 0.133597
-0.0288731 0.684892 0.192967
0.126907 -0.635315 0.218161
0.929776 -0.368125 0.112029
-0.756995 0.653421 0.112046
-0.412943 0.161186 0.476754
0.541601 0.235303 0.26688
0.348572 0.937282 0.112024
-0.989272 -0.146083 0.11204
0.691437 -0.00575488 0.189451
0.74918 -0.427396 0.125242
-0.213183 -0.639892 0.199896
-0.5527 0.654383 0.126472
0.0385693 0.188994 1.52712
-0.300618 -0.281823 0.54479
0.0601948 -0.472702 0.415427
-0.430321 -0.673299 0.14162
-0.727315 -0.149014 0.1632
0.386033 0.158149 0.532889
0.488865 0.418916 0.221188
-0.317676 0.297161 0.493901
0.924816 0.0315036 0.115792
0.328867 -0.944376 0.112031
-0.75849 0.384534 0.12778
-0.256948 0.822539 0.125397
-0.564147 -0.550998 0.145084
-0.897618 0.136743 0.117804
0.327018 -0.490729 0.2676
0.944376 0.328867 0.11204
0.39002 0.76318 0.126361
0.530512 -0.24382 0.273463
-0.598686 0.193131 0.232588
0.256996 0.486688 0.310111
-0.178181 0.068692 1.54117
-0.00136738 -0.154902 1.83628
0.0464642 -0.89522 0.11939
0.73022 0.402342 0.131751
-0.133892 0.561167 0.280564
0.531396 -0.678318 0.125411
-0.876307 -0.481754 0.112035
-0.26892 -0.963163 0.112054
0.637424 0.770513 0.112039
0.0762804 0.834229 0.130748
0.982287 -0.187381 0.112049
-0.973579 -0.228351 0.112037
0.806321 -0.0770361 0.138238
0.658366 -0.571551 0.123453
-0.318164 -0.656036 0.16934
0.0794916 0.659586 0.206533
-0.0263262 0.295952 0.916537
-0.426154 -0.784057 0.119981
-0.35696 -0.115822 0.640018
-0.013538 -0.46482 0.435605
-0.438136 -0.774832 0.120334
0.270715 -0.107635 0.942108
-0.144273 -0.721634 0.166148
0.208687 0.252695 0.794089
0.375216 0.449113 0.272034
-0.254786 0.186355 0.83984
0.960088 0.00241236 0.113083
0.161018 -0.77777 0.143181
-0.867688 0.294204 0.116778
-0.160524 0.321966 0.686006
-0.48431 -0.430368 0.218171
-0.999123 -0.0418757 0.112047
0.219897 -0.399665 0.451819
0.985996 0.166769 0.112044
0.543377 0.680611 0.123617
0.80737 -0.270211 0.127579
0.612203 -0.129222 0.235301
-0.670888 0.525263 0.127434
-0.499267 0.284879 0.282718
0.0105638 0.0168154 2.82161
0.318293 0.61995 0.186275
-0.117563 -0.0363786 2.11858
-0.0345146 -0.940844 0.114315
-0.669131 -0.743145 0.112048
0.463368 0.116817 0.413134
0.584152 0.501526 0.151815
0.208921 0.885127 0.117605
0.427508 -0.584911 0.171608
0.0301536 -0.72173 0.17264
0.244069 -0.170117 0.914689
0.770208 0.0358033 0.151341
0.8182 0.245161 0.126997
0.469797 -0.409851 0.23722
-0.23404 -0.789346 0.134474
-0.328867 0.944376 0.112055
-0.150307 -0.291332 0.793646
0.378284 -0.16528 0.54296
-0.790507 -0.352006 0.124688
-0.499372 -0.607964 0.145711
0.24869 -0.968583 0.112038
0.458856 -0.250847 0.344842
0.172178 0.428966 0.440597
0.637424 -0.770513 0.112036
-0.750142 0.169911 0.152115
-0.0379528 0.47094 0.422375
0.0209424 0.999781 0.112046
0.225923 -0.562924 0.251795
0.515238 0.328843 0.247648
0.013218 0.762832 0.154508
-0.963163 -0.26892 0.112046
0.855364 -0.518027 0.112038
0.63983 -0.338153 0.172
-0.348572 -0.937282 0.112032
-0.621148 0.783693 0.112056
-0.335234 0.438369 0.308346
-0.518027 -0.855364 0.112058
0.39133 -0.758513 0.127129
-0.675687 0.283458 0.16761
-0.855364 0.518027 0.112031
-0.706836 -0.499188 0.124687
-0.978148 0.207912 0.112045
0.866025 0.5 0.112044
0.425779 0.904827 0.112044
-0.187381 -0.982287 0.112025
0.570714 0.821149 0.112053
0.864514 -0.0190692 0.124804
0.240417 0.673918 0.176141
-0.279445 -0.56028 0.235024
0.854418 -0.375379 0.115045
-0.0418054 0.203019 1.42223
-0.376383 -0.724676 0.136342
-0.413498 -0.848256 0.114167
-0.386588 -0.215079 0.478635
0.0245935 -0.547961 0.31223
-0.473448 -0.694785 0.130039
-0.917553 -0.18922 0.114704
-0.0617746 -0.725772 0.169712
0.440994 -0.012221 0.481079
0.463289 0.502087 0.194388
-0.374091 0.226369 0.489125
0.979666 -0.00944071 0.112295
0.163444 -0.878554 0.1198
-0.77275 0.300935 0.132871
-0.307966 0.735643 0.142104
-0.602008 -0.473116 0.153421
-0.946235 0.0439109 0.113902
0.147051 -0.522419 0.319244
0.915752 0.122663 0.115939
0.55191 0.753263 0.114985
0.723225 -0.30516 0.146302
0.609232 -0.212871 0.220028
-0.572121 0.529688 0.148203
-0.588157 0.285086 0.213983
0.0201255 0.100289 2.30414
0.350905 0.541717 0.219941
-0.150837 0.146723 1.39993
-0.110628 -0.116063 1.78934
-0.00794178 -0.85502 0.126774
-0.675929 -0.581719 0.120073
0.461909 0.198856 0.373358
0.750576 0.513638 0.117607
0.119489 0.821216 0.132748
0.297503 -0.580661 0.214816
0.0829034 -0.68208 0.191987
-0.0844588 0.623305 0.232666
-0.643419 0.096437 0.216145
0.751751 -0.035773 0.158739
-0.369166 0.0815786 0.6322
0.557493 -0.372126 0.202589
0.545456 -0.589085 0.140423
-0.308313 0.548858 0.232271
-0.204037 0.90662 0.115404
-0.0294225 0.384354 0.611635
-0.0450421 -0.016669 2.70889
-0.321135 -0.378888 0.382833
0.198516 -0.073773 1.3904
-0.140585 0.782868 0.142792
-0.921863 -0.387516 0.11206
-0.405977 -0.638524 0.157063
-0.230276 -0.693112 0.168763
0.107649 -0.354614 0.653501
0.537775 0.156636 0.298715
0.562892 0.591239 0.136411
0.14177 0.31092 0.744463
0.516832 -0.7674 0.115801
-0.957319 0.289032 0.112051
-0.71059 0.223648 0.162063
0.132859 0.910624 0.116313
0.274046 -0.442953 0.347609
0.216424 -0.717385 0.160135
0.897559 -0.232856 0.115594
-0.762715 0.522162 0.115891
-0.269126 -0.023447 1.04309
-0.456977 0.350606 0.281566
0.538759 -0.00239889 0.324204
0.567338 0.263857 0.235315
0.125583 0.678941 0.190014
-0.905383 -0.228884 0.114975
-0.112214 -0.635627 0.219937
0.301476 0.124733 0.79955
0.301183 -0.287774 0.534222
-0.429268 -0.839098 0.114237
-0.492716 -0.808153 0.113959
-0.553954 -0.270828 0.24301
-0.81204 -0.0103179 0.13761
0.434274 0.367741 0.288871
-0.18688 0.335982 0.614412
0.996493 0.0836778 0.11203
-0.0868156 0.729338 0.166809
-0.533651 -0.57914 0.145432
-0.181725 -0.840884 0.12569
0.399946 -0.444538 0.259689
0.840478 0.365264 0.116771
0.443582 0.816222 0.11542
0.297827 0.823568 0.122742
0.458104 -0.21205 0.370541
-0.454504 -0.0498158 0.449776
-0.149637 0.0161217 1.87376
0.654394 0.436634 0.145715
0.0209424 -0.999781 0.112025
0.171488 0.075978 1.56785
0.0694124 0.451583 0.450514
-0.748343 -0.425905 0.125537
-0.169222 -0.883303 0.118949
0.0267917 0.876243 0.122579
0.26892 0.963163 0.112042
-0.41092 -0.518442 0.208468
0.663517 -0.457599 0.139447
-0.112142 0.810733 0.13581
-0.458293 0.647532 0.143483
-0.373848 0.855282 0.115022
-0.463119 -0.82485 0.113986
0.242455 -0.863686 0.119286
-0.844488 0.379334 0.115739
-0.994522 -0.104528 0.112041
0.968583 0.24869 0.112042
0.423749 0.669863 0.143697
0.714473 0.699663 0.112032
0.837105 -0.398011 0.115624
-0.669056 0.654188 0.114808
-0.671298 0.398418 0.147821
-0.511493 0.177046 0.321051
-0.00127745 -0.0748982 2.52896
-0.114634 -0.963015 0.112644
0.549651 0.410611 0.192627
0.406726 -0.671755 0.146179
0.696119 0.0742551 0.184452
-0.309017 -0.951057 0.112051
0.425779 -0.904827 0.11204
-0.832921 -0.553392 0.112041
-0.992115 0.125333 0.11204
0.387516 0.921863 0.112028
0.849525 0.0369246 0.127822
-0.112465 -0.461802 0.41755
-0.380829 -0.559911 0.198198
-0.447425 0.814171 0.115434
0.00659699 0.246402 1.17083
-0.389144 -0.683129 0.14589
-0.173422 0.863132 0.121919
-0.322889 -0.197647 0.630707
0.00575076 -0.511017 0.361389
-0.414084 -0.749482 0.126537
-0.928755 -0.127238 0.114649
-0.10914 -0.758886 0.153052
0.303607 0.286231 0.532769
0.405919 0.523573 0.207763
-0.330777 0.177977 0.638911
0.104777 -0.833956 0.130091
-0.54354 -0.613391 0.135493
-0.280444 0.667035 0.172048
-0.564673 -0.526268 0.151066
-0.227126 -0.144469 1.04798
0.20861 -0.486158 0.336656
0.912977 0.0794139 0.116766
0.585507 0.726319 0.115064
0.747698 -0.22647 0.147623
0.650083 -0.152549 0.20427
-0.61343 0.590152 0.127616
-0.544591 0.342784 0.221417
-0.00504842 0.147005 1.90393
0.293024 0.553136 0.235169
-0.186887 0.202314 1.0169
-0.0612787 -0.0914926 2.23362
-0.0565534 -0.878729 0.121904
-0.728969 -0.684547 0.112048
0.422781 0.177078 0.447648
0.736994 0.613624 0.113156
0.166427 0.851607 0.124217
0.355189 -0.622322 0.17561
0.649629 0.309748 0.174004
-0.288951 -0.80183 0.127396
-0.576182 0.131897 0.266327
0.788077 -0.0243266 0.145116
0.844002 0.120339 0.127333
0.531357 -0.449185 0.186907
0.494592 -0.540539 0.167656
-0.383055 0.605491 0.175621
-0.24869 0.968583 0.112034
0.0234824 0.336843 0.758437
-0.0279647 -0.0455283 2.67979
-0.358079 -0.299873 0.431865
-0.895459 0.0598126 0.119213
0.284403 -0.119051 0.869331
-0.0105459 -0.390349 0.598464
-0.845687 -0.291939 0.11964
-0.479601 -0.657895 0.137032
-0.171117 -0.680159 0.183781
0.204347 -0.924432 0.113918
0.572418 0.180704 0.25756
0.492245 0.634364 0.140389
0.184163 0.345761 0.595093
0.570714 -0.821149 0.112036
0.160012 0.0819235 1.62905
-0.66877 0.175243 0.189485
-0.134499 0.410715 0.499698
0.104528 0.994522 0.11206
0.202272 -0.648632 0.196722
0.857675 -0.324404 0.116692
-0.715554 0.589218 0.11563
-0.31339 -0.0692575 0.819349
-0.146408 -0.194059 1.19083
0.45884 -0.00681938 0.446774
0.524817 0.280341 0.262564
0.00594157 0.687009 0.192064
-0.888098 -0.182204 0.117985
0.731628 0.0970329 0.165159
-0.153606 -0.134468 1.44414
0.80335 -0.472691 0.115135
0.693992 -0.382388 0.143791
-0.297046 -0.71132 0.151436
-0.529208 -0.640292 0.132509
-0.591529 0.717934 0.115311
-0.0992083 0.175536 1.46208
0.156771 0.115438 1.51376
-0.469501 -0.244747 0.336142
-0.123166 -0.473692 0.394113
0.151434 -0.455608 0.409273
0.056323 0.70685 0.179508
-0.512391 -0.828951 0.112473
-0.602485 -0.144696 0.240439
-0.687742 -0.0292978 0.191273
0.111529 -0.0248073 2.1976
0.449531 0.320654 0.30795
0.536082 0.456493 0.182249
-0.283735 0.370083 0.433195
-0.417174 0.288897 0.366628
0.999123 0.0418757 0.112064
0.230664 -0.788285 0.134998
-0.744158 0.264286 0.144648
-0.806199 0.451773 0.115907
-0.03572 0.799738 0.141159
-0.141129 -0.508269 0.338717
-0.637719 -0.528634 0.13311
-0.603403 -0.581387 0.130695
-0.917401 0.250375 0.113648
0.640119 0.448307 0.147519
0.904827 0.425779 0.112037
0.436485 0.859387 0.112907
0.377994 -0.246774 0.460872
0.587144 -0.294293 0.211774
-0.636657 0.240865 0.195932
-0.497919 -0.0170456 0.380418
0.0312398 0.5331 0.330212
0.300497 0.406313 0.369701
-0.215189 0.133902 1.13155
-0.10179 0.00312582 2.30754
-0.209101 -0.234186 0.846573
-0.0418757 -0.999123 0.112039
-0.711125 0.0473677 0.177635
0.666129 0.208558 0.185661
0.773046 0.319668 0.131062
-0.220004 0.554347 0.261227
0.0175427 0.416925 0.532534
0.462006 -0.720012 0.126692
0.598905 -0.633589 0.123445
-0.672314 -0.44207 0.139872
-0.217429 -0.924828 0.113712
0.505389 0.784349 0.115047
0.0482716 0.794554 0.142603
0.279831 0.892862 0.114804
0.892263 -0.038672 0.119884
-0.69745 -0.322432 0.15237
0.719617 -0.0190059 0.173921
0.52168 -0.819262 0.112587
-0.299834 -0.610997 0.196017
-0.392481 0.711905 0.137404
0.247972 -0.249218 0.711762
-0.38214 -0.893475 0.11258
-0.419588 -0.876143 0.112574
-0.2529 -0.128694 0.976776
0.0891442 -0.41381 0.519038
-0.196805 -0.595817 0.23391
-0.371273 -0.309491 0.404011
-0.934151 -0.248591 0.112774
-0.906713 -0.020041 0.117915
0.432383 0.435084 0.245735
0.942231 0.0167903 0.114237
0.331449 -0.882747 0.114221
-0.168174 0.30906 0.711012
-0.840886 0.176842 0.125897
-0.492589 -0.523252 0.174526
-0.557952 -0.413548 0.187647
0.336429 -0.449432 0.297301
0.203106 -0.319029 0.631786
0.893525 0.247059 0.115623
0.856587 -0.15265 0.123777
-0.627771 0.464592 0.147722
-0.451331 0.222224 0.373076
0.384362 0.0764073 0.594548
0.361329 0.690764 0.148178
-0.210953 -0.00496399 1.39568
0.0384591 -0.947067 0.113862
-0.22463 0.275083 0.700451
0.536469 0.0695275 0.321508
0.664869 0.508993 0.130859
0.362614 0.865208 0.114614
0.09992 0.870842 0.122583
-0.0346004 -0.671865 0.200974
0.978148 0.207912 0.112055
0.373977 -0.541795 0.210672
-0.511797 0.593943 0.146634
-0.406737 0.913545 0.112044
-0.243647 -0.341558 0.527448
0.531023 -0.169232 0.301944
-0.831485 -0.415806 0.115359
-0.799082 -0.149952 0.137353
0.213555 0.460139 0.366913
0.699663 -0.714473 0.112041
-0.785678 0.0714198 0.144977
-0.0855695 0.518354 0.341563
-0.063245 0.931199 0.115039
0.0788882 -0.53107 0.326616
0.279872 -0.529649 0.258756
0.55791 0.337251 0.215206
0.22101 0.723466 0.157164
-0.170079 0.771586 0.144545
-0.937282 -0.348572 0.11204
-0.126627 0.101838 1.7711
-0.0119847 0.0413809 2.73496
-0.494709 -0.838575 0.112503
-0.710863 0.331376 0.146535
-0.791016 -0.49118 0.115217
-0.928999 0.171591 0.114078
0.79755 0.448718 0.116923
-0.149475 -0.976036 0.11215
0.809017 -0.587785 0.112047
0.716826 -0.503757 0.122669
-0.553392 0.832921 0.112057
0.18156 0.0529179 1.55588
-0.44557 -0.683983 0.136412
-0.339429 -0.840072 0.118039
-0.408401 -0.132576 0.505647
-0.573462 -0.725865 0.115833
-0.982287 -0.187381 0.112049
0.515787 0.545857 0.159442
-0.289863 0.23943 0.638189
0.994522 -0.104528 0.112056
-0.448182 -0.267188 0.346417
-1 1.22465e-16 0.11204
0.604599 0.79653 0.11204
0.664312 -0.260289 0.177198
0.778561 -0.351678 0.126946
-0.629413 0.340419 0.176101
-0.548026 0.23214 0.262388
0.125133 0.226689 1.10157
0.384693 0.609719 0.173374
-0.179263 -0.0589247 1.55921
-0.752693 -0.562814 0.11447
0.502902 0.173017 0.333071
0.821149 0.570714 0.112037
-0.113835 0.589127 0.257765
0.740473 0.173113 0.155545
0.609385 -0.413991 0.165776
0.479071 -0.632748 0.143366
-0.285346 0.889352 0.114959
0.0542846 -0.253253 1.10117
0.119586 0.407068 0.51684
0.585087 -0.724758 0.115194
0.441871 -0.816627 0.115455
-0.372075 0.322247 0.389688
0.329635 -0.708775 0.147466
0.957319 -0.289032 0.112035
-0.809017 0.587785 0.112036
-0.718897 0.457984 0.127368
-0.437801 -0.868707 0.11253
0.504389 0.367461 0.236735
0.992115 0.125333 0.112047
0.535827 0.844328 0.112023
0.289032 -0.957319 0.112057
-0.895712 0.444635 0.11203
-0.992115 -0.125333 0.112042
0.895712 -0.444635 0.11204
-0.699663 0.714473 0.112063
-0.0774431 -0.951641 0.113399
-0.996493 0.0836778 0.11205
0.368125 0.929776 0.112051
0.890612 0.0025109 0.120252
0.75729 -0.601718 0.112764
-0.353727 -0.625986 0.174345
-0.499365 0.828831 0.112741
-0.0301098 0.250404 1.13855
-0.345775 -0.687496 0.151947
-0.437945 -0.809836 0.116298
-0.339301 -0.254253 0.517472
0.0409232 -0.511116 0.358936
-0.425221 -0.765356 0.122772
-0.959456 -0.117117 0.112761
-0.0634079 -0.765928 0.152334
0.302684 0.349885 0.439973
0.454649 0.551197 0.176686
-0.310239 0.209406 0.642828
0.104427 -0.888893 0.11959
-0.76441 0.347385 0.130296
-0.252201 0.719398 0.154778
-0.601634 -0.528508 0.141049
-0.930439 0.130044 0.114487
0.17973 -0.540852 0.287917
0.881736 0.103011 0.120695
0.599799 0.760103 0.112709
0.710077 -0.242752 0.159689
0.612585 -0.173217 0.226634
-0.572057 0.59101 0.134671
-0.586482 0.342452 0.196906
0.0332733 0.146632 1.87535
0.302509 0.512038 0.262795
-0.186687 -0.132584 1.27678
-0.201706 0.166131 1.08888
-0.0620885 -0.135588 1.88599
-0.0238581 -0.897654 0.11914
-0.207646 0.823921 0.127972
0.41705 0.138638 0.484508
0.775069 0.589746 0.112491
0.17547 0.894936 0.117295
0.316912 -0.638268 0.177621
0.0121166 -0.653936 0.21367
-0.0698835 0.654961 0.210429
-0.590388 0.0547237 0.264503
0.739302 0.00268185 0.16461
0.81134 0.098474 0.136131
0.569077 -0.429207 0.177564
0.488048 -0.590837 0.153179
-0.333256 0.60645 0.189128
-0.207912 0.978148 0.112038
0.026371 0.372678 0.644676
-0.0573913 -0.0591484 2.46993
-0.308185 -0.333649 0.455583
-0.336434 -0.43117 0.314256
0.798147 0.163755 0.136867
-0.0525741 -0.346641 0.714874
-0.901072 -0.297758 0.113762
-0.461694 -0.670704 0.137014
0.636849 0.702296 0.113825
0.166836 -0.933259 0.113839
0.0290819 -0.440109 0.481366
0.573147 0.221459 0.244853
0.504851 0.590313 0.149249
0.179761 0.284262 0.763067
0.509925 -0.80948 0.113281
-0.944376 0.328867 0.112048
-0.63771 0.183318 0.207074
-0.0809593 0.445488 0.458196
0.166698 0.952404 0.11277
0.212544 -0.441424 0.393349
0.158837 -0.688493 0.180889
0.914192 -0.302885 0.112932
-0.761761 0.588347 0.112968
-0.306898 -0.119483 0.788251
-0.541583 0.407493 0.197791
0.499118 0.0402713 0.376514
0.260905 -0.740919 0.146137
-0.010535 0.719876 0.173866
-0.889858 -0.166914 0.118138
0.736096 0.135328 0.16051
0.574759 -0.0731612 0.278006
0.760499 -0.486371 0.118491
0.736438 -0.366831 0.134619
-0.267883 -0.670364 0.172905
-0.0668328 -0.630326 0.228814
0.349137 0.698687 0.147713
-0.462647 0.509503 0.191347
-0.0574973 0.166918 1.65445
0.253391 0.187493 0.841674
-0.431728 -0.186693 0.426087
-0.0416737 -0.267005 1.04267
0.105982 -0.582521 0.265367
0.250544 -0.300546 0.596292
-0.437521 -0.824839 0.115002
-0.519935 -0.841287 0.112135
-0.717298 -0.231829 0.158236
-0.736999 0.0209527 0.165492
0.178106 0.019079 1.6341
0.484541 0.303071 0.286255
0.476133 0.347111 0.268107
0.525036 0.502819 0.170407
-0.282378 0.305414 0.535653
-0.373729 0.294315 0.416863
0.968904 0.0494967 0.112634
0.828807 -0.204102 0.127117
0.188496 -0.746527 0.151808
-0.782342 0.258141 0.13433
-0.76198 0.455044 0.120734
-0.0601838 0.761119 0.154313
-0.278987 0.788447 0.131101
-0.639686 -0.585797 0.124286
-0.57002 -0.581181 0.137065
-0.918188 0.0301179 0.116509
-0.869067 0.254919 0.118099
0.251015 -0.613543 0.207539
0.357435 -0.38285 0.343656
0.886878 0.344148 0.113615
0.475794 0.842092 0.112741
0.167924 0.773568 0.144045
0.400918 -0.306998 0.370249
0.545524 -0.311312 0.233383
-0.588915 0.230048 0.230078
-0.567223 -0.0665601 0.286622
-0.0474181 0.570112 0.285608
0.285074 0.447262 0.33496
-0.268967 0.153974 0.862765
-0.131336 -0.0095247 2.04084
-0.2803 -0.22802 0.681212
0.0522187 -0.0505918 2.54607
-0.0491779 -0.982113 0.112228
0.0252761 -0.841929 0.12966
0.653646 0.178789 0.197855
0.828311 0.306224 0.121449
-0.272203 0.492703 0.29566
0.32722 -0.841956 0.11842
0.523954 -0.723061 0.119892
0.538844 -0.633672 0.132236
-0.688521 -0.408144 0.141184
-0.228351 -0.973579 0.112051
0.537274 0.802752 0.1128
0.0327806 0.839925 0.130071
-0.157155 0.508285 0.332802
0.938912 -0.0233917 0.114507
0.141051 0.082591 1.76285
-0.381493 -0.529952 0.214464
0.868535 -0.0951466 0.123095
0.669144 -0.524333 0.127873
0.649905 -0.621377 0.118972
-0.324942 -0.563826 0.216053
-0.385861 -0.829232 0.116989
0.0547738 0.559047 0.296995
-0.40232 0.807166 0.118611
0.0622922 0.233185 1.20078
-0.147122 0.271895 0.865951
-0.398969 -0.870555 0.113234
-0.427237 -0.858218 0.113171
-0.277017 -0.0740236 0.96299
-0.357993 -0.0388526 0.685001
0.0506483 -0.368051 0.650702
-0.239973 -0.601731 0.218209
-0.479379 -0.846196 0.11255
-0.441091 -0.79122 0.118061
-0.92186 -0.218465 0.113887
-0.916522 -0.075687 0.116389
-0.122307 -0.678311 0.190753
-0.167148 -0.733006 0.15909
0.012618 0.293894 0.929507
0.390143 0.486621 0.236985
0.405371 0.412931 0.278764
-0.235699 0.0534598 1.19887
0.980218 0.0209094 0.112303
0.921656 -0.0135459 0.116165
0.269464 -0.908978 0.113825
-0.497247 0.479918 0.189644
0.249542 -0.215287 0.787524
-0.830579 0.214249 0.12622
-0.143629 0.703526 0.174842
-0.526359 -0.480254 0.177711
-0.519382 -0.351604 0.23411
0.294865 -0.468685 0.306128
0.162844 -0.37705 0.547825
0.862122 0.18283 0.121779
0.48327 0.678928 0.131852
0.660165 0.665707 0.114659
0.819573 -0.337475 0.120922
0.917038 -0.171571 0.115052
0.698513 -0.0934694 0.181883
-0.668201 0.591086 0.120015
-0.679995 0.458723 0.135315
-0.507675 0.224792 0.304399
-0.45697 0.286744 0.323287
0.343838 0.0992583 0.691827
0.372575 0.647537 0.161121
0.0174098 0.605259 0.252772
-0.00803686 -0.00901595 2.83947
-0.193767 0.0338699 1.49829
-0.0796383 -0.820785 0.134106
-0.00116665 -0.942986 0.114206
-0.464968 -0.74796 0.121867
0.419352 0.0379909 0.524015
0.499156 0.138179 0.35166
0.705314 0.562588 0.118566
0.51878 0.429415 0.200546
0.342187 0.790249 0.125514
-0.252833 0.295578 0.602486
0.42069 -0.628571 0.157187
0.463657 -0.450366 0.219265
-0.00979348 -0.724751 0.171445
0.116896 -0.779965 0.145042
-0.490059 -0.0850349 0.381706
-0.554557 0.184454 0.272836
0.812632 0.0321729 0.137276
0.731856 0.0596764 0.166891
0.951792 0.171557 0.112759
0.720225 0.307761 0.146924
0.515154 -0.388911 0.219897
0.429988 -0.548416 0.186288
-0.511583 0.654741 0.132456
-0.350244 0.394173 0.33901
-0.347236 0.904267 0.112691
-0.263437 -0.406695 0.402002
-0.229051 -0.179794 0.942757
0.202719 -0.191165 1.00097
0.487145 -0.224897 0.327015
-0.816401 -0.446983 0.115247
-0.842788 -0.16652 0.125945
-0.438383 -0.590574 0.166334
-0.512622 -0.599723 0.144919
0.195457 -0.836574 0.12595
0.639216 0.238667 0.194943
0.194858 0.403344 0.467661
0.165397 0.470124 0.380242
0.114426 0.66106 0.202173
-0.882809 0.134446 0.11989
-0.135711 0.482434 0.375986
0.0189346 0.938711 0.114545
0.102677 -0.496836 0.366735
0.24901 -0.54371 0.259714
0.557365 0.372971 0.202366
0.342417 0.394563 0.345517
0.847666 -0.461459 0.112844
0.626122 -0.276992 0.193511
0.651577 -0.398159 0.154259
0.6466 0.294637 0.178746
-0.653167 0.717217 0.112635
-0.11074 0.136395 1.66157
-0.0334968 0.0164553 2.76182
0.389712 -0.848614 0.114963
0.398097 -0.716431 0.135489
-0.698283 0.256713 0.162495
-0.671314 0.337042 0.159348
-0.850771 0.448323 0.113003
-0.651371 -0.489128 0.136923
-0.789826 -0.557956 0.112765
-0.985996 0.166769 0.11204
0.809335 0.509657 0.113306
0.397708 0.883982 0.112661
-0.146083 -0.989272 0.112058
0.450602 0.776514 0.119177
0.838671 -0.0471652 0.130202
-0.136759 -0.575082 0.266295
-0.414261 -0.895136 0.112168
-0.349595 -0.919211 0.11222
-0.411342 -0.273579 0.386833
-0.033736 -0.509844 0.361522
0.039647 -0.585771 0.270171
-0.443996 -0.64297 0.147563
-0.604599 -0.79653 0.112041
-0.954516 -0.154328 0.112768
0.447924 0.467534 0.218451
-0.412525 0.227975 0.424324
0.229303 -0.946441 0.112505
-0.332396 0.700624 0.149715
-0.613263 -0.429645 0.160374
-0.970795 0.0252347 0.1126
0.921502 0.0500956 0.116068
-0.603024 0.489003 0.149377
-0.0448886 0.0880196 2.33357
0.336893 0.580112 0.202222
-0.162785 0.109129 1.50378
-0.135244 0.185259 1.27461
-0.233063 -0.822696 0.126801
-0.672446 -0.663944 0.114069
0.463398 0.17617 0.384133
0.609586 0.459959 0.154224
0.0650279 0.787981 0.144367
0.277753 0.675791 0.168627
0.315247 -0.530233 0.24275
0.0669962 -0.647932 0.21561
-0.100642 0.633139 0.223236
-0.100778 0.552018 0.297584
-0.700798 0.125254 0.178042
-0.709793 -0.0908797 0.176106
0.771387 -0.0307431 0.151005
0.749969 -0.118123 0.156007
0.793665 0.148402 0.139013
0.559422 -0.536256 0.14992
-0.169066 0.573045 0.260181
-0.22627 0.866459 0.119512
-0.642528 -0.135366 0.21188
-0.208755 0.385532 0.486775
-0.000290391 0.0292352 2.79398
-0.223153 -0.287229 0.67396
0.290628 -0.0389955 0.933539
0.0802447 -0.306398 0.835732
0.269359 -0.889693 0.115373
-0.842931 -0.347836 0.117311
-0.397997 -0.657131 0.15244
-0.423606 -0.502733 0.211313
-0.278901 -0.880986 0.115917
0.0212562 -0.200631 1.46172
0.540164 0.174919 0.290266
0.572983 0.0331619 0.283668
0.110395 0.341626 0.688329
-0.968583 0.24869 0.112048
-0.750059 0.224561 0.147031
-0.425584 -0.425155 0.256405
0.279926 -0.404537 0.390133
0.268397 -0.71465 0.154341
-0.223402 -0.038051 1.29184
-0.497664 0.345719 0.252326
-0.432428 0.385741 0.277897
0.458559 -0.170346 0.39461
-0.945479 -0.278589 0.112182
0.0660247 0.0360162 2.52761
0.342371 0.223733 0.552102
0.342043 -0.221882 0.555119
-0.443321 -0.851242 0.113113
-0.43196 -0.886496 0.112168
-0.501209 -0.820727 0.113029
-0.521348 -0.705521 0.122471
-0.793823 0.153141 0.138696
0.466304 0.391812 0.249553
-0.239989 0.218446 0.805899
0.172445 0.517768 0.315649
0.959098 0.0996836 0.112881
-0.552065 -0.555879 0.146851
-0.883962 0.16898 0.118877
0.413809 -0.406412 0.277366
0.785512 0.380868 0.123228
0.518027 0.855364 0.112066
0.328788 0.880473 0.114452
-0.402693 -0.0775128 0.549472
-0.454844 0.0712886 0.443984
-0.138831 0.0592469 1.8702
-0.145606 -0.226023 1.04958
0.104528 -0.994522 0.112056
0.703184 0.188959 0.169834
0.117711 0.444543 0.444882
-0.142001 -0.925137 0.114792
-0.129627 0.920894 0.115334
-0.621852 -0.298476 0.190411
-0.828104 -0.242608 0.125165
-0.50103 -0.270349 0.28867
-0.465476 -0.871873 0.11214
-0.466652 -0.580852 0.16198
-0.498843 0.602299 0.147338
0.957319 0.289032 0.112027
0.549447 0.71462 0.118665
0.436595 0.62721 0.154014
0.551376 0.637061 0.129613
-0.520364 0.0981863 0.336035
-0.0295684 -0.0872583 2.3913
-0.0633975 -0.914254 0.116745
-0.11867 -0.978989 0.112172
0.532565 0.334881 0.232581
0.55528 0.131742 0.287166
-0.75059 -0.496182 0.118896
-0.96106 0.0823153 0.112883
0.362973 0.898973 0.112651
0.715022 -0.55894 0.117871
0.706235 -0.662343 0.112721
-0.465837 0.771618 0.118686
-0.431779 0.866127 0.112736
-0.00234144 0.197384 1.49365
-0.370934 -0.164543 0.559766
-0.0184901 -0.547118 0.31354
0.214245 0.321581 0.609131
0.397383 0.565139 0.189799
-0.802099 0.38358 0.12048
0.0539245 0.685004 0.19196
-0.250244 0.613869 0.207505
0.684547 0.728969 0.112053
0.765452 -0.28736 0.136019
0.647383 -0.195982 0.198645
-0.101544 -0.489638 0.37762
-0.543976 0.285301 0.244998
0.240774 0.605439 0.215462
-0.120793 -0.070865 1.96612
-0.0382317 -0.828643 0.132812
0.743145 0.669131 0.112039
-0.0476762 0.0410362 2.61588
0.365238 -0.581061 0.192495
-0.264193 0.928901 0.112823
-0.185824 -0.639212 0.205649
0.699713 0.117377 0.179294
0.158255 0.370596 0.566676
0.581579 -0.770183 0.112841
-0.907125 0.28874 0.113581
-0.887275 0.374322 0.112937
-0.69183 0.204248 0.173163
0.88355 -0.381633 0.112953
-0.716907 0.523815 0.120677
-0.712022 0.653824 0.112779
0.180413 0.609451 0.227493
0.79274 -0.412664 0.119773
0.681355 -0.321664 0.158387
0.706193 -0.442406 0.131849
-0.577929 0.778002 0.112671
0.143818 0.166387 1.33543
0.256611 -0.799232 0.130343
0.344693 -0.302206 0.447648
-0.505742 -0.847839 0.112153
-0.812259 -0.0792144 0.136461
-0.729061 0.299509 0.145202
-0.808939 0.520355 0.112996
0.0961448 0.661156 0.204025
0.497087 0.212643 0.321812
-0.691669 -0.548219 0.121566
-0.924849 0.210959 0.113802
0.854166 0.434343 0.113196
0.463296 0.886204 0.112035
0.404578 0.841553 0.114974
0.598667 -0.354831 0.186839
0.573944 -0.229518 0.241692
-0.63166 0.28409 0.188725
-0.0209424 -0.999781 0.112045
0.766291 0.232865 0.141035
0.0665824 0.411387 0.533958
0.470401 -0.676108 0.134374
0.45423 -0.763603 0.120581
0.591734 -0.67887 0.118788
0.610121 -0.589618 0.128231
-0.18694 -0.947092 0.112834
-0.289032 -0.957319 0.112018
0.309017 0.951057 0.11204
-0.769026 -0.388946 0.125386
0.620705 -0.473151 0.147898
-0.368125 -0.929776 0.112039
-0.968583 -0.24869 0.112038
0.368125 -0.929776 0.112046
0.362563 -0.478281 0.257654
-0.631238 0.398615 0.161349
0.577148 0.539518 0.144582
0.740106 0.454865 0.124038
0.973579 0.228351 0.112052
-0.895712 -0.444635 0.112046
-0.0627905 0.998027 0.112044
-0.929776 -0.368125 0.112035
-0.715722 0.392645 0.136387
-0.855364 -0.518027 0.112037
-0.978148 -0.207912 0.112034
0.998027 -0.0627905 0.112044
-0.999781 -0.0209424 0.112041
0.587785 0.809017 0.11206
0.463296 -0.886204 0.112025
0.228351 0.973579 0.112048
0.973579 -0.228351 0.112045
0.989272 0.146083 0.112016
0.309017 -0.951057 0.112056
-0.998027 0.0627905 0.112036
0.90702 0.0241562 0.117873
0.730969 -0.632557 0.112784
-0.337921 -0.593028 0.194805
-0.846808 0.0698527 0.127977
-0.0176199 0.224577 1.30054
-0.345996 -0.658246 0.16264
-0.355155 -0.207848 0.54607
0.0339849 -0.493312 0.386085
-0.977842 -0.111889 0.112206
-0.0784195 -0.745005 0.160244
0.339537 0.299275 0.458635
0.425457 0.558106 0.183521
-0.291229 0.181055 0.740453
0.139067 -0.855684 0.124372
0.0876568 -0.146201 1.7044
-0.294675 0.704722 0.154141
-0.579991 -0.499838 0.153453
-0.908818 0.114016 0.116829
0.217189 -0.540464 0.274767
0.880715 0.0799875 0.121248
0.61377 0.747661 0.112751
0.719479 -0.197917 0.161506
0.630937 -0.182756 0.211693
-0.594851 0.561867 0.135883
-0.565348 0.376091 0.196977
0.0141523 0.171318 1.69264
0.320748 0.546174 0.22917
-0.386389 -0.738464 0.131823
-0.223529 0.191848 0.927688
-0.0211591 -0.122419 2.10818
-0.0341967 -0.862781 0.125054
-0.756995 -0.653421 0.112054
0.45805 0.149504 0.406385
0.73195 0.576883 0.11515
0.147558 0.880145 0.119976
0.328301 -0.595551 0.196332
0.0264605 -0.621205 0.238612
0.444064 -0.222529 0.382712
-0.553235 0.0789287 0.300221
0.746304 -0.0148834 0.161406
0.827034 0.0913942 0.13216
0.547536 -0.470489 0.172883
0.461476 -0.566875 0.168461
-0.349287 0.629747 0.173793
-0.163239 0.951268 0.112835
0.0537305 0.361745 0.66792
-0.0781412 -0.0194388 2.48666
-0.330377 -0.282391 0.494602
-0.315105 -0.453342 0.308036
0.32866 -0.0709296 0.763413
-0.0440999 -0.387935 0.598601
-0.398411 -0.0195718 0.576818
-0.475887 -0.677727 0.13319
-0.336606 0.0165483 0.760611
0.193468 -0.964514 0.112211
0.0435411 -0.407625 0.549561
0.598185 0.208688 0.229054
0.469841 0.610601 0.151608
0.210808 0.284505 0.703846
0.535827 -0.844328 0.112032
-0.389811 0.550619 0.199756
-0.622838 0.216391 0.209966
-0.0711697 0.391518 0.579201
0.146083 0.989272 0.11204
0.24606 -0.460166 0.346344
0.166722 -0.645008 0.205306
0.902873 -0.341927 0.112825
-0.73712 0.62135 0.112896
-0.596363 0.515481 0.145179
-0.769203 -0.10087 0.149619
0.550985 0.249184 0.253445
-0.0209904 0.702787 0.182799
-0.903313 -0.177988 0.116289
0.74945 0.105396 0.156991
0.656025 -0.112039 0.205729
0.776678 -0.449934 0.119207
0.721511 -0.404846 0.133392
0.145193 -0.295115 0.789606
-0.0386311 -0.584389 0.271585
-0.570288 0.687416 0.119861
-0.518246 0.519679 0.16705
-0.423939 -0.472077 0.228271
-0.0937235 -0.379253 0.597995
-0.474873 -0.201733 0.354456
-0.0975032 -0.285529 0.896694
0.0583391 -0.555941 0.300044
0.239873 -0.338398 0.538381
-0.451512 -0.818989 0.114863
-0.747537 -0.190758 0.151183
-0.669285 0.0355327 0.202576
0.113161 0.077909 1.98952
0.519786 0.30927 0.253379
0.481703 0.325044 0.276246
0.559403 0.480165 0.165549
-0.303906 0.333298 0.461597
-0.39315 0.261136 0.423206
0.956564 0.0338585 0.113266
0.787749 -0.168711 0.139567
0.195934 -0.784862 0.138566
-0.75944 0.283528 0.138017
-0.78218 0.419014 0.120757
-0.0351674 0.742454 0.162815
-0.294331 0.819329 0.123677
-0.61893 -0.556067 0.132188
0.0806256 0.00851713 2.48165
-0.923931 0.069609 0.115673
-0.889952 0.270717 0.115323
0.218221 -0.607349 0.219999
0.379507 -0.418785 0.293165
0.929776 0.368125 0.11205
0.4689 0.864172 0.112222
0.226172 0.774906 0.139063
0.123973 0.574964 0.269163
0.572774 -0.332864 0.207817
-0.519708 -0.112318 0.333172
-0.035876 0.515589 0.353212
0.335019 0.450334 0.297476
-0.234072 0.159154 0.980146
-0.116698 -0.003872 2.17496
-0.247429 -0.257247 0.69473
0.0559568 -0.0142414 2.65083
-0.515932 -0.303057 0.259345
0.00231542 -0.819852 0.135418
0.210304 0.160615 1.07113
0.806152 0.338049 0.123033
-0.230793 0.494001 0.316204
-0.00879454 0.444164 0.474995
0.497058 -0.6996 0.126124
0.565296 -0.656179 0.124536
-0.709238 -0.435631 0.132102
-0.242643 -0.943059 0.112498
-0.451439 0.521265 0.190543
0.0613728 0.817252 0.135484
0.275609 0.9288 0.112683
0.958847 -0.0160181 0.11314
-0.775115 -0.344596 0.128284
0.691023 -0.0214543 0.189489
0.856027 -0.0707038 0.125978
0.201105 0.172262 1.07066
0.630953 -0.612494 0.122098
-0.398519 -0.838898 0.115462
0.135639 0.151558 1.44977
-0.32608 0.49442 0.265163
0.0209965 0.219653 1.33041
-0.111415 0.266381 0.953757
-0.412885 -0.862554 0.113321
-0.300557 -0.0963002 0.84013
-0.404719 -0.0402501 0.557421
-0.216975 -0.569459 0.249305
-0.462675 -0.844446 0.112947
-0.919455 -0.237408 0.113729
-0.586921 0.0869533 0.264143
-0.151443 -0.636573 0.213474
-0.135861 -0.748327 0.155484
0.856466 -0.215712 0.121447
0.318597 0.173719 0.676457
0.3705 0.514045 0.228987
0.433336 0.399113 0.268219
-0.26064 0.0987111 1.00067
-0.210548 0.274929 0.729045
0.980433 0.00733968 0.112282
0.921433 -0.0326125 0.116138
0.292574 -0.929919 0.112463
0.0991793 -0.706951 0.177018
-0.724235 0.176153 0.161878
-0.81157 0.188288 0.131904
-0.271869 0.585752 0.219733
-0.14395 0.664634 0.196324
-0.527964 -0.528005 0.16129
-0.570364 -0.325538 0.211822
-0.890682 -0.116521 0.119103
0.330819 -0.470131 0.282667
0.184409 -0.345361 0.595608
0.842074 0.215432 0.123942
0.457935 0.662675 0.139589
0.60648 0.64332 0.121301
0.833066 -0.300615 0.121028
0.875515 -0.192182 0.119396
0.693358 -0.136412 0.180856
0.416855 -0.124655 0.49367
-0.69343 0.557103 0.120424
-0.649962 0.495554 0.136114
-0.477152 0.252301 0.322894
-0.436932 0.319758 0.320881
0.0282 -0.0943693 2.33674
0.378115 0.117453 0.584308
0.338624 0.654143 0.165816
0.00640781 0.650809 0.215981
-0.00551809 -0.0433444 2.73261
-0.180079 0.00753261 1.62519
-0.0655032 -0.84969 0.127406
0.0244221 -0.920587 0.116269
-0.467433 -0.775762 0.118101
0.382886 0.0392391 0.613293
0.498004 0.102404 0.36522
0.713815 0.508418 0.122631
0.515841 0.414853 0.208156
0.400772 0.800813 0.119498
0.0867117 0.852841 0.126322
0.39421 -0.601702 0.174205
0.501542 -0.428505 0.209736
-0.000689514 -0.689102 0.190807
0.133829 -0.812447 0.134449
-0.531453 -0.0421501 0.331355
-0.582035 0.161982 0.254008
0.832113 0.0335698 0.131979
0.694542 0.0412303 0.186877
0.947218 0.133497 0.113285
0.718998 0.268224 0.152782
0.533346 -0.348124 0.226425
0.399841 -0.56309 0.189937
-0.534641 0.623383 0.135024
-0.295084 0.421618 0.356367
-0.368125 0.929776 0.112044
-0.291466 -0.368936 0.426421
-0.239843 -0.154777 0.968959
0.204716 -0.256549 0.792305
0.537832 -0.230426 0.272182
-0.855054 -0.450754 0.11277
-0.828865 -0.152832 0.129541
-0.43236 -0.542478 0.188121
0.206256 -0.871475 0.119492
0.615479 0.182566 0.222558
0.603039 0.257043 0.212617
0.22156 0.413585 0.428018
0.11461 0.461807 0.416615
0.669131 -0.743145 0.112067
-0.864116 0.156359 0.122319
-0.796513 0.033794 0.142218
-0.136674 0.446059 0.432675
-0.0223485 0.965907 0.112801
0.0695515 -0.503524 0.365368
0.255689 -0.581056 0.228029
0.529678 0.369109 0.219843
0.478398 0.254036 0.320605
0.117139 0.784302 0.143571
0.593681 0.318579 0.200315
-0.912966 -0.326408 0.112666
0.826901 -0.496946 0.112876
0.613222 -0.31626 0.190315
0.666769 -0.360142 0.156587
-0.333274 -0.717758 0.144133
-0.611752 0.748981 0.112752
0.112934 0.0638127 2.05865
-0.0267101 -0.0123973 2.79348
-0.489391 -0.856837 0.112161
0.381328 -0.885891 0.11288
0.426304 -0.739814 0.127041
-0.712974 0.278402 0.153546
-0.692182 0.307013 0.156823
-0.830725 0.484778 0.112996
-0.680334 -0.495623 0.129827
-0.769362 -0.527427 0.115083
-0.954866 0.188941 0.11251
0.776073 0.484634 0.116952
0.406737 0.913545 0.112047
-0.166769 -0.985996 0.112045
0.432759 0.724148 0.129389
0.825093 -0.0162449 0.133947
0.892043 -0.0134927 0.120026
0.178539 0.578208 0.253082
0.747019 -0.520808 0.117461
-0.241666 -0.662482 0.181665
-0.188533 -0.623998 0.215279
0.54309 -0.805924 0.112568
0.623643 -0.667199 0.11715
-0.0619672 0.310086 0.837662
-0.0373387 0.145405 1.8776
0.30323 0.2674 0.56329
-0.351291 -0.799286 0.123218
-0.362476 -0.913364 0.112251
-0.401066 -0.174898 0.488561
-0.373883 -0.26271 0.450318
-0.0454393 -0.525489 0.338792
0.085939 -0.604293 0.248392
-0.46145 -0.652329 0.141621
0.329017 -0.772288 0.130323
-0.293817 0.0795965 0.885533
-0.947606 -0.210494 0.112621
-0.0541981 -0.79726 0.141603
-0.339219 0.115799 0.690062
0.267483 0.392127 0.418575
0.162139 0.400211 0.500591
0.468975 0.439506 0.221991
0.491422 0.523599 0.174822
-0.343825 0.270133 0.489256
-0.432939 0.193372 0.41941
-0.141077 0.812342 0.134156
0.255982 -0.952577 0.112175
-0.0686103 0.275753 0.974851
-0.746987 0.322672 0.137163
-0.212155 0.746559 0.149462
-0.351436 0.729915 0.138214
-0.579676 -0.440139 0.169965
-0.626361 -0.508429 0.139211
-0.971932 0.0515085 0.112511
-0.86412 -0.0165923 0.124874
-0.203855 -0.483434 0.342505
0.147453 -0.560659 0.277628
0.892437 0.153433 0.118126
0.591595 0.784754 0.112248
0.476578 0.801707 0.115087
0.695188 -0.283163 0.159567
0.751145 -0.328127 0.135455
0.574717 -0.149686 0.263569
0.636679 -0.23727 0.19673
-0.598194 0.45172 0.160039
-0.608784 0.312679 0.193654
-0.567415 0.258124 0.237276
-0.0100909 0.0926524 2.38236
0.0455861 0.0706764 2.45929
0.0607417 0.619774 0.237825
0.370734 0.572587 0.195045
-0.183765 0.138217 1.2706
-0.123333 0.158766 1.46649
-0.221072 -0.0675117 1.26305
-0.0945851 -0.178472 1.45963
-0.03051 -0.920368 0.116248
-0.0353431 -0.744056 0.162084
-0.712023 -0.576974 0.116765
0.478346 0.190155 0.356147
0.386713 0.244004 0.449767
0.629836 0.501755 0.139649
0.844328 0.535827 0.112034
0.0931369 0.825431 0.132539
0.340647 -0.555801 0.215228
0.283013 -0.620065 0.195381
0.0376556 -0.651319 0.214885
0.179206 -0.715701 0.16529
-0.103626 0.615892 0.236341
-0.105639 0.572069 0.275544
-0.646907 0.146143 0.207299
-0.668401 -0.149748 0.193309
0.762865 -0.00699062 0.154544
0.744738 -0.0830757 0.160135
0.75608 0.144414 0.151855
0.583583 -0.392833 0.182579
0.519758 -0.269648 0.271787
0.51284 -0.612224 0.14175
0.578701 -0.567898 0.138002
-0.325956 0.545867 0.227303
-0.18047 0.558795 0.270102
-0.250686 0.899227 0.115009
-0.00615884 0.85495 0.126804
0.000734345 0.383784 0.616285
-0.157881 0.369711 0.568972
-0.0175104 0.0232158 2.79483
-0.0384132 0.0531706 2.59752
-0.34567 -0.362417 0.376458
-0.198827 -0.316821 0.64362
0.31371 0.0262183 0.843176
0.0948417 -0.328582 0.743606
-0.0272847 -0.290623 0.93964
-0.808304 -0.380832 0.119806
-0.41454 -0.651658 0.150905
-0.310797 -0.902067 0.113428
0.114251 -0.466516 0.409043
-0.147532 -0.428088 0.458233
0.519371 0.169226 0.314919
0.537422 0.0361679 0.324368
0.540282 0.57038 0.146083
0.693647 0.635948 0.114377
0.14744 0.344748 0.640955
0.131516 0.269188 0.905506
0.551764 -0.746358 0.115506
0.480579 -0.789037 0.115939
-0.937605 0.269521 0.112442
-0.698858 0.231522 0.166011
-0.774699 0.193698 0.141781
0.0957543 0.948589 0.11349
0.165468 0.920705 0.114842
0.283843 -0.496389 0.285929
0.309046 -0.424453 0.341963
0.299292 -0.679435 0.163186
0.925984 -0.263104 0.112957
-0.366215 -0.377688 0.340635
-0.785782 0.554698 0.112999
-0.740126 0.490098 0.120709
-0.237052 -0.0132692 1.22447
-0.297607 0.00441824 0.91424
-0.521005 0.313098 0.25063
0.41942 -0.183322 0.448927
-0.0465102 0.62141 0.237451
0.22435 0.664306 0.183891
-0.94888 -0.258707 0.112217
-0.806794 -0.270696 0.127674
-0.0622742 -0.442846 0.469129
-0.0890805 -0.698419 0.182247
0.163646 -0.0468054 1.70652
0.275404 0.236903 0.675373
0.318266 -0.247251 0.566405
-0.455004 -0.861696 0.112474
-0.541312 -0.774002 0.114103
-0.668846 -0.262032 0.174689
-0.445356 -0.35942 0.285412
-0.723171 -0.0359687 0.171816
0.473521 0.369705 0.257165
0.357125 0.418551 0.310292
-0.273841 0.213692 0.725703
0.974144 0.11305 0.11227
-0.270926 0.743475 0.144158
0.20031 -0.0885142 1.34149
-0.901157 0.192899 0.116193
-0.850154 0.237691 0.121522
0.392139 -0.3808 0.314564
0.817839 0.403156 0.117318
0.0089022 0.545271 0.316123
0.389142 0.855413 0.114478
0.50536 0.819076 0.112985
0.886441 0.419304 0.112292
0.298045 0.858886 0.117641
0.408102 -0.350122 0.325472
-0.438985 -0.084096 0.469564
-0.476756 0.0316692 0.413226
-0.148549 0.075861 1.73501
-0.174222 -0.262311 0.842852
-0.279062 -0.153275 0.829102
0.0627905 -0.998027 0.112059
0.716409 0.162826 0.166717
0.688765 0.321646 0.155646
-0.950074 -0.0662679 0.113532
0.188881 0.530352 0.295525
-0.662558 -0.346066 0.160968
-0.768479 -0.458056 0.119651
-0.176159 -0.918654 0.114847
-0.202856 -0.786676 0.137533
0.0594161 0.867835 0.123812
0.473736 -0.346057 0.270669
0.203647 0.91582 0.114598
-0.816947 -0.190167 0.130485
0.690944 -0.479594 0.129948
0.635666 -0.435849 0.151492
0.617378 -0.704067 0.114753
0.682432 -0.640846 0.11478
-0.471612 0.682021 0.132901
-0.471795 0.612677 0.150526
-0.333012 0.870077 0.115182
-0.417366 0.837088 0.114847
-0.449695 -0.878448 0.112158
-0.477285 -0.815406 0.114076
0.239733 -0.823522 0.126237
0.236601 -0.917022 0.113922
-0.836662 0.31548 0.119706
-0.869614 0.41149 0.112983
-0.958 -0.136491 0.112732
0.930577 0.265922 0.112721
0.404318 0.638011 0.157611
0.806679 -0.375104 0.120399
0.866977 -0.421287 0.112888
-0.639387 0.625179 0.119683
0.292455 -0.220682 0.666023
-0.698269 0.426964 0.135803
-0.650772 0.368159 0.16084
-0.530496 0.206423 0.288729
-0.487699 0.0849391 0.385319
0.00557875 0.00178374 2.84264
-0.0282744 -0.0668253 2.54744
-0.0706929 -0.934043 0.114712
-0.0885733 -0.982408 0.112175
0.559644 0.355577 0.207404
0.586791 0.419323 0.17323
0.362982 -0.693523 0.147082
0.444497 -0.652582 0.144723
0.746829 0.0687542 0.159879
0.558341 0.16549 0.274905
-0.22903 -0.884422 0.117098
0.389114 -0.803229 0.119951
-0.974302 0.0856968 0.112363
0.355131 0.917315 0.112218
0.792842 0.0293476 0.143429
0.684344 -0.589467 0.118437
-0.288423 -0.54769 0.240968
-0.464742 -0.598612 0.156581
-0.347408 0.0409907 0.717564
0.0397523 0.257895 1.09088
-0.363426 -0.687864 0.148814
-0.41937 -0.697419 0.13714
-0.420926 -0.820051 0.116165
-0.410013 -0.782015 0.121476
-0.3077 -0.208751 0.649806
-0.00655157 -0.527873 0.338139
-0.876755 -0.155764 0.120281
0.403183 0.170058 0.488376
0.412038 0.459317 0.242602
-0.39503 0.195171 0.482284
0.0924808 -0.753095 0.156206
-0.780957 -0.0575111 0.146972
-0.342674 0.684505 0.153523
-0.261753 0.645328 0.186578
-0.568066 -0.538821 0.147037
-0.524956 -0.423041 0.200056
-0.946693 0.103276 0.113562
-0.827287 0.108124 0.131595
0.261618 -0.532345 0.264307
0.245051 0.738076 0.148915
0.944482 0.0632648 0.113943
0.564754 0.7033 0.118588
0.671071 0.699997 0.112659
0.76904 -0.244904 0.139119
0.667939 -0.190833 0.187523
0.62263 -0.0389862 0.23691
-0.649289 0.557891 0.126577
-0.475842 0.380927 0.249126
-0.0229396 0.174854 1.6564
0.302894 0.58376 0.21113
-0.154567 0.210029 1.09171
-0.335547 0.0489208 0.75324
-0.090115 -0.0885372 2.08923
-0.101594 -0.920527 0.115731
-0.698409 -0.63134 0.114317
0.442803 0.175916 0.415439
0.756652 0.620933 0.112325
0.104448 -0.659626 0.204223
0.0109141 -0.566305 0.291747
0.328616 0.363681 0.392975
-0.545319 0.153418 0.291698
0.478092 0.472398 0.201416
0.786104 -0.0434003 0.145505
0.861744 0.110133 0.124017
0.813329 0.128403 0.134457
0.418319 -0.491938 0.21968
0.53243 -0.536567 0.157375
0.481393 -0.49263 0.191027
-0.392508 0.6399 0.159577
-0.289032 0.957319 0.112043
-0.341266 -0.518755 0.239317
0.24536 -0.0945486 1.08016
0.314225 -0.173082 0.689133
-0.879054 -0.326161 0.114655
-0.428722 -0.612414 0.160926
-0.588544 -0.649536 0.122603
-0.188666 -0.705017 0.169012
-0.148476 -0.68594 0.183504
0.186212 -0.931689 0.113699
0.552841 0.203476 0.268238
0.675345 0.147061 0.189594
0.514173 0.663175 0.130417
0.228322 0.346263 0.538497
0.19224 0.373814 0.525737
0.604599 -0.79653 0.112042
-0.926813 0.309823 0.112393
-0.723083 0.216189 0.15789
0.0218636 0.906407 0.117962
0.245438 -0.688125 0.168655
-0.251878 -0.0585195 1.10366
-0.357184 -0.0755501 0.669901
-0.451847 0.414178 0.246124
-0.513388 0.410817 0.211252
0.458368 0.0373691 0.444835
0.514725 -0.112854 0.339433
0.538334 0.310517 0.238864
0.509346 0.280738 0.275773
-0.0254833 0.648088 0.217633
0.548314 -0.106242 0.30057
-0.895532 -0.204906 0.116507
0.712545 0.0880322 0.174871
0.63377 0.0572391 0.226885
-0.274229 -0.734146 0.146743
-0.0847588 0.153453 1.66454
0.234984 -0.00794478 1.23859
-0.514969 -0.258037 0.281504
-0.436503 -0.257882 0.367297
0.248304 -0.408231 0.413242
0.293917 -0.322557 0.490866
-0.485173 -0.780431 0.116468
0.406071 0.284179 0.384381
-0.579128 -0.001863 0.278257
-0.774551 -0.11796 0.1468
0.123818 -0.0650934 1.96763
0.412958 0.33822 0.330517
0.435686 0.293437 0.341654
0.530914 0.470424 0.179383
0.546442 0.431732 0.18656
-0.24853 0.381587 0.453312
-0.38751 0.398198 0.303921
0.98197 0.0648177 0.11221
0.280361 -0.776053 0.133976
-0.728825 0.247394 0.151869
0.0299299 0.796706 0.142187
-0.0877401 0.894639 0.119008
-0.665246 -0.565311 0.123219
-0.652317 -0.625686 0.118335
-0.947267 0.229536 0.112468
0.437146 -0.428064 0.247141
0.428911 -0.258131 0.376755
0.886204 0.463296 0.112044
0.44031 0.839139 0.113862
0.354169 -0.314483 0.420341
0.562482 -0.271922 0.236131
-0.654227 0.265689 0.181131
-0.668611 0.190279 0.187294
-0.443956 -0.141601 0.433702
-0.426388 0.118682 0.478178
0.0269329 0.49384 0.386009
0.232259 0.475343 0.336697
-0.188242 -0.204999 1.00278
0.113282 -0.166961 1.46149
-0.273922 -0.81165 0.126447
0.634113 0.205982 0.204932
0.752834 0.358077 0.131757
0.773958 0.277953 0.134723
-0.205918 0.592916 0.233765
0.0423647 0.433678 0.492329
-0.650001 -0.416885 0.150942
-0.201006 -0.967624 0.112139
0.537115 0.822332 0.112246
0.514354 0.697077 0.124491
0.249283 0.888837 0.116023
0.318675 0.917557 0.112589
0.897407 -0.130943 0.117915
-0.727348 -0.40465 0.132105
0.734685 0.0285505 0.166454
0.594071 -0.519831 0.14479
0.230977 -0.37102 0.489604
-0.286926 -0.644086 0.181677
-0.434555 0.678425 0.139548
-0.387516 -0.921863 0.11206
-0.329115 -0.930763 0.112165
-0.397588 -0.89656 0.112287
-0.337974 -0.14607 0.660609
0.0197532 -0.456443 0.450501
-0.260301 -0.468528 0.327703
-0.447887 -0.8353 0.113862
-0.954115 -0.238811 0.112212
-0.918263 -0.287579 0.113001
-0.985184 0.00489839 0.112187
0.478865 0.406132 0.233563
0.426939 0.493815 0.214594
0.989394 0.0326917 0.112127
0.920625 0.0084541 0.116278
0.336261 -0.925018 0.112198
0.305888 -0.859232 0.117287
0.0168087 -0.754265 0.157965
-0.89134 0.152582 0.11828
-0.373941 -0.466286 0.25997
-0.592931 -0.397801 0.176911
0.383515 -0.454832 0.262597
0.964904 0.198276 0.112197
0.868538 0.354139 0.114618
0.989272 -0.146083 0.112035
-0.6339 0.428889 0.15358
0.379225 0.728297 0.135064
-0.207975 0.0628921 1.35313
-0.0122538 -0.970482 0.112621
-0.291276 0.554123 0.235123
-0.494163 -0.73051 0.121655
0.571637 0.0815297 0.280002
0.362449 0.881121 0.113529
0.141364 0.83718 0.128106
0.352033 -0.51598 0.236236
-0.422258 0.557115 0.18505
-0.444635 0.895712 0.112047
0.593804 -0.201888 0.234164
-0.880252 -0.400051 0.112764
0.192077 0.445721 0.400777
0.728969 -0.684547 0.112054
-0.73826 0.102839 0.161847
-0.0857433 0.477337 0.401333
-0.181605 0.892453 0.117453
0.0328916 -0.528893 0.335521
0.297037 -0.528335 0.252219
0.020722 0.569813 0.287667
0.200067 0.847096 0.123706
-0.250723 0.842161 0.122205
-0.129768 0.748347 0.155884
-0.119096 0.0300661 2.12051
-0.0818927 0.095159 2.09669
-0.477734 -0.832289 0.113126
-0.732021 0.35722 0.136914
-0.728354 -0.499554 0.121432
-0.833689 -0.485267 0.112859
-0.95788 0.147032 0.112661
0.76276 0.427083 0.123013
-0.132613 -0.968755 0.112373
-0.169045 -0.9542 0.112676
-0.445529 -0.663461 0.141574
-0.385319 -0.859497 0.114304
-0.389504 -0.127625 0.549842
-0.529261 -0.690051 0.123871
-0.338226 0.22205 0.562527
-0.294347 0.27121 0.573448
-0.800463 0.284226 0.128023
0.0892155 0.178424 1.4779
0.258144 0.733595 0.14891
-0.19394 -0.0316755 1.50013
-0.809017 -0.587785 0.112046
0.79653 0.604599 0.112059
-0.075039 0.558227 0.295317
0.751893 0.203898 0.148414
0.10396 -0.203283 1.2804
0.0344738 -0.306382 0.869021
0.111826 0.376271 0.59313
0.0711763 0.394924 0.570814
0.4285 -0.870144 0.112645
0.235816 0.939868 0.112677
0.221745 -0.753602 0.146114
-0.101058 -0.97398 0.112322
0.783693 -0.621148 0.11205
0.734079 -0.580176 0.114827
-0.518027 0.855364 0.112047
-0.483306 0.800854 0.114845
-0.00878729 0.271109 1.03766
-0.169354 -0.313899 0.695503
-0.0883934 -0.789054 0.143255
0.479596 0.568048 0.162734
-0.792305 0.323258 0.126648
-0.585399 -0.569523 0.13628
0.177626 -0.501132 0.333231
0.917845 0.10105 0.115977
0.621148 0.783693 0.112046
0.582447 0.754956 0.113487
0.735784 -0.266264 0.147175
-0.596025 0.623291 0.125268
-0.607181 0.371753 0.177983
-0.565194 0.313688 0.219217
-0.462124 -0.688827 0.132837
-0.168243 0.173974 1.19709
0.0243 -0.875425 0.122721
-0.764567 -0.592669 0.112748
0.420134 0.0962743 0.502181
0.791983 0.544941 0.113023
0.00751881 -0.442468 0.47836
0.0546759 -0.6996 0.183545
-0.0853353 0.643536 0.217189
0.591383 -0.451846 0.162368
0.542284 -0.410185 0.196403
0.453692 -0.60929 0.155836
-0.221157 0.937845 0.112912
-0.265109 -0.311161 0.552545
0.420964 -0.00480454 0.524169
-0.0054626 -0.346187 0.729343
0.0681274 -0.443901 0.465281
0.526238 0.61941 0.13743
0.179094 0.314735 0.678761
0.165685 0.237429 0.950205
0.545733 -0.788886 0.113145
0.478025 -0.831868 0.113112
0.209602 0.508671 0.310319
0.944376 -0.328867 0.112031
-0.783693 0.621148 0.112041
-0.739347 0.555894 0.115823
0.718033 0.125772 0.169415
0.573588 -0.00208351 0.284015
0.733332 -0.464727 0.124134
0.78743 -0.507769 0.114709
0.764258 -0.38976 0.126184
0.708882 -0.344098 0.145267
-0.0940823 -0.6029 0.248587
-0.519089 -0.33182 0.243501
-0.560115 0.744914 0.115137
0.232549 0.11704 1.09416
0.117405 -0.526938 0.322796
0.281062 -0.793306 0.129819
-0.751832 -0.255245 0.143275
0.507628 0.348853 0.243579
0.551286 0.520981 0.156318
0.137205 -0.74971 0.154821
0.379645 -0.0647026 0.61279
-0.739175 0.422847 0.127538
-0.785252 0.48763 0.115889
0.393714 -0.0894395 0.564728
-0.944832 0.0278358 0.114043
-0.895808 0.232514 0.115781
-0.841133 0.276567 0.121075
0.321209 -0.375604 0.386581
-0.56906 0.206455 0.252932
-0.608639 0.255784 0.209374
-0.640977 -0.0789691 0.21966
-0.256061 -0.20613 0.790423
0.0744859 -0.812517 0.136523
0.489052 -0.744142 0.12027
0.558168 -0.701346 0.119388
0.572713 -0.611289 0.130773
0.504948 -0.655434 0.133379
0.939805 -0.00378789 0.114451
0.962307 -0.0642638 0.112872
-0.82113 -0.319488 0.121807
0.693936 -0.538858 0.122246
0.649626 -0.494365 0.136404
0.625061 -0.650847 0.118551
-0.159143 -0.866926 0.121742
-0.188128 0.78995 0.137653
-0.357361 0.826605 0.118799
0.0827327 0.327396 0.758469
-0.289821 -0.0451987 0.933058
-0.45975 -0.804536 0.115651
-0.998027 -0.0627905 0.112045
-0.863718 0.0160226 0.124976
-0.86282 0.202406 0.12095
-0.492264 -0.480391 0.191621
0.631277 0.572788 0.127362
0.79328 -0.312737 0.127292
0.848897 -0.360744 0.11609
0.95134 -0.198252 0.112582
-0.692892 0.62202 0.115227
-0.695122 0.492142 0.127513
-0.523008 0.256877 0.274605
-0.477479 0.317058 0.284493
-0.434408 0.256991 0.370582
0.353957 0.614259 0.179604
-0.166992 0.043261 1.68764
-0.600512 -0.385653 0.177115
-0.907818 -0.0892734 0.117264
0.982287 0.187381 0.112052
0.449104 -0.38898 0.263361
-0.389858 0.884621 0.112781
-0.304052 0.92182 0.112611
-0.176231 -0.389341 0.510116
-0.173871 -0.104464 1.45361
0.471026 -0.202149 0.359212
-0.789301 -0.41968 0.119756
-0.858605 -0.179003 0.122481
0.470992 -0.284264 0.310332
0.612611 -0.745348 0.112871
-0.113698 0.540046 0.308279
0.0627905 0.998027 0.112053
0.876307 -0.481754 0.112044
0.820953 -0.435699 0.115383
0.653844 -0.299348 0.174297
0.599519 -0.253883 0.215843
0.624973 -0.37635 0.169147
0.678726 -0.42021 0.141863
-0.653421 0.756995 0.112035
-0.635316 0.685623 0.114902
0.434769 -0.696256 0.135134
0.361391 -0.731009 0.136649
-0.651562 0.310665 0.17291
-0.692638 0.364263 0.147137
-0.876307 0.481754 0.11203
-0.825881 0.415573 0.115865
-0.627682 -0.45754 0.149276
-0.813564 -0.521599 0.112791
0.822375 0.474703 0.113739
0.371276 0.913677 0.112176
0.417036 0.872426 0.112753
-0.134318 -0.981116 0.112118
-0.985996 -0.166769 0.112024
-0.999781 0.0209424 0.112045
-0.699663 -0.714473 0.112043
-0.222717 -0.449448 0.375333
-0.957319 -0.289032 0.112061
0.146083 -0.989272 0.112037
0.147142 0.442128 0.433795
-0.481754 -0.876307 0.112031
0.951057 0.309017 0.112059
0.414857 0.597869 0.170031
0.728969 0.684547 0.112053
-0.913545 0.406737 0.112031
0.913545 -0.406737 0.11203
-0.728969 0.684547 0.112054
0.832921 -0.553392 0.112066
-0.587785 0.809017 0.112057
-0.832921 0.553392 0.112033
0.444635 0.895712 0.112035
0.999123 -0.0418757 0.112041
0.903072 0.00961253 0.118441
0.757427 -0.634385 0.112151
-0.319524 -0.603651 0.194516
-0.488612 0.85845 0.112146
-0.012884 0.247922 1.16077
-0.332166 -0.676931 0.158164
-0.364231 -0.23523 0.496801
0.0240572 -0.511497 0.35992
-0.0798724 -0.762519 0.15305
0.341015 0.333785 0.414339
0.450744 0.566689 0.171813
-0.319619 0.192962 0.645491
0.105695 -0.861229 0.124233
-0.761572 0.363268 0.12931
-0.265565 0.695378 0.162328
-0.614585 -0.492036 0.145493
-0.912123 0.130331 0.116203
0.069975 0.935814 0.114568
0.898252 0.0907895 0.11846
0.616533 0.766787 0.112207
0.697932 -0.184147 0.172937
0.611942 -0.192567 0.222885
-0.568285 0.560722 0.141843
-0.585415 0.371665 0.188285
0.0127361 0.145972 1.90915
0.298668 0.538838 0.243507
-0.393626 -0.719403 0.13536
-0.226142 0.175753 0.964548
-0.0381273 -0.114422 2.14082
-0.0427896 -0.889872 0.12021
-0.755786 -0.614345 0.112494
0.449062 0.162598 0.413586
0.755214 0.599061 0.112905
0.164785 0.870766 0.120952
0.288907 -0.595609 0.208174
0.0330181 -0.636244 0.226303
0.16934 -0.222901 0.995097
-0.564233 0.0393263 0.292684
0.730828 -0.00890062 0.168513
0.843642 0.101437 0.127958
0.568011 -0.459254 0.1687
0.493241 -0.571037 0.157929
-0.375137 0.634351 0.16566
-0.200697 0.945762 0.112772
0.0593463 0.377948 0.619513
0.0365048 0.106288 2.21441
-0.327797 -0.315264 0.454365
-0.342175 -0.45477 0.288866
0.383121 -0.0458441 0.610732
-0.0257238 -0.363167 0.672871
-0.900858 -0.244311 0.115012
-0.184401 -0.674529 0.184929
0.200495 -0.945684 0.11276
0.0594637 -0.425094 0.505986
0.571193 0.205767 0.251308
0.474941 0.58899 0.157085
0.195041 0.300334 0.691188
0.503053 -0.84601 0.112201
-0.937282 0.348572 0.112033
-0.654064 0.217071 0.190803
-0.106921 0.417689 0.501929
0.175044 0.968801 0.112208
0.245768 -0.432308 0.381868
0.143776 -0.661743 0.198159
0.923162 -0.335498 0.11224
-0.760152 0.621157 0.112262
-0.28477 -0.0982853 0.898809
-0.532398 0.356187 0.223568
0.516339 0.013806 0.35363
0.548625 0.263491 0.250005
-0.0115934 0.687492 0.191744
-0.899106 -0.19231 0.116419
0.752198 0.124414 0.154725
0.635007 -0.120429 0.219273
0.754931 -0.457234 0.121546
0.742909 -0.397263 0.129618
-0.286994 -0.694507 0.159214
-0.0776109 -0.575587 0.276584
-0.469128 -0.467129 0.208134
-0.492032 0.549939 0.165214
-0.0750662 0.167942 1.59563
0.235037 0.224955 0.802866
-0.45723 -0.173285 0.394917
-0.0870635 -0.253415 1.05427
0.0688531 -0.583046 0.270235
0.266748 -0.331808 0.513606
-0.754741 -0.22672 0.145245
-0.687263 0.0942966 0.188129
0.285233 0.517562 0.266453
0.499758 0.317006 0.265579
0.463726 0.331436 0.28787
0.554974 0.500624 0.160985
-0.311515 0.314801 0.477686
-0.372513 0.26245 0.452645
0.96315 0.0192539 0.112929
0.818971 -0.158632 0.131626
0.209586 -0.767674 0.142668
-0.781971 0.285909 0.132015
-0.760514 0.420786 0.123937
-0.0570897 0.735695 0.165229
-0.266315 0.801744 0.129044
-0.650493 -0.549336 0.127563
-0.94081 0.0697502 0.114186
-0.86607 0.274766 0.117718
0.922627 0.175784 0.114518
0.349541 -0.421363 0.313502
-0.604563 -0.668312 0.118712
0.48741 0.857577 0.112167
0.213211 0.810298 0.130722
0.358872 -0.297399 0.4336
0.552841 -0.340484 0.21711
-0.597206 0.213879 0.228438
-0.586092 -0.107378 0.261728
-0.0578645 0.534772 0.325329
0.303053 0.448276 0.321266
-0.261971 0.170152 0.852862
-0.117772 -0.0207351 2.1499
-0.287822 -0.256415 0.611745
0.0801207 -0.0384509 2.41815
-0.57058 0.474574 0.163306
0.00915334 -0.846575 0.128649
0.68016 0.16735 0.184268
0.795803 0.309362 0.127062
-0.245084 0.524188 0.278764
0.281584 0.334966 0.488452
0.52766 -0.700712 0.122479
0.535128 -0.655953 0.128671
-0.679905 -0.425766 0.140616
-0.24869 -0.968583 0.112052
0.549792 0.768868 0.114057
0.0537757 0.836148 0.130715
0.255606 0.934592 0.11268
0.465597 0.746306 0.122058
0.706869 -0.0275558 0.180438
0.883393 -0.0718639 0.12094
0.675098 -0.542606 0.124529
0.224005 -0.0323453 1.29361
-0.358007 -0.57429 0.198456
-0.399705 -0.821788 0.11707
-0.432308 0.741335 0.126138
0.082527 -0.977417 0.112285
0.0495656 0.207602 1.37897
-0.12279 0.299207 0.809877
-0.123401 -0.340568 0.678354
0.0164006 -0.376353 0.635867
-0.247556 -0.567297 0.240974
-0.971609 -0.0433335 0.112535
-0.170743 -0.663555 0.193197
-0.12094 -0.747427 0.156854
-0.00611207 0.295912 0.921559
0.297452 0.205759 0.680187
0.398863 0.50423 0.221817
0.42097 0.385506 0.28701
-0.234129 0.0785987 1.16807
-0.19106 0.245298 0.858483
0.260693 -0.925796 0.113007
0.0775006 -0.702157 0.180953
-0.206513 -0.735235 0.154226
-0.837121 0.19671 0.125777
-0.267708 0.614288 0.202708
-0.107724 0.662883 0.201754
-0.50952 -0.502337 0.176159
-0.541123 -0.312263 0.236174
-0.922724 -0.100467 0.115502
0.314117 -0.457095 0.305044
0.200053 -0.375991 0.513243
0.876575 0.214009 0.118545
0.450825 0.679726 0.136598
0.644634 0.671096 0.115286
0.81391 -0.305723 0.12389
0.906254 -0.19911 0.115542
0.675531 -0.110366 0.193601
0.383856 -0.117453 0.570471
-0.670894 0.557577 0.123349
-0.671093 0.491893 0.13216
-0.500301 0.255131 0.297067
-0.457277 0.318447 0.302053
0.0265573 -0.0652906 2.56272
0.361477 0.129422 0.615799
0.346692 0.634371 0.172368
0.0124996 0.669521 0.202981
-0.0156854 -0.0272667 2.78648
-0.173231 0.0260643 1.6658
-0.0496144 -0.855334 0.126425
0.0192237 -0.947922 0.113836
-0.456151 -0.788175 0.117474
0.402751 0.0157261 0.566449
-0.138355 0.877528 0.120604
0.729265 0.539188 0.117918
0.53256 0.423062 0.196282
-0.163969 0.641797 0.207841
0.0937392 0.839674 0.129071
0.424294 -0.606839 0.164046
0.467722 -0.429105 0.228128
0.0147124 -0.703927 0.182235
0.135565 -0.779664 0.144136
-0.526846 -0.0760785 0.332421
-0.56357 0.158606 0.271845
0.850553 0.0549032 0.127386
0.714886 0.0151243 0.176404
0.47791 -0.109201 0.392864
0.742653 0.252247 0.146526
0.535727 -0.380874 0.211373
0.429646 -0.564992 0.179161
-0.516515 0.624233 0.138194
-0.316471 0.382319 0.383344
-0.00320415 -0.265283 1.06813
-0.198286 -0.118737 1.26309
-0.259648 -0.156312 0.891061
0.228888 -0.274139 0.694296
0.50399 -0.245547 0.298222
-0.855296 -0.483584 0.112234
-0.846002 -0.146477 0.126037
-0.408229 -0.567156 0.185213
-0.545213 -0.594137 0.139337
0.220945 -0.847492 0.122719
0.63881 0.178978 0.207192
0.588386 0.243602 0.226492
0.206281 0.430148 0.414552
0.0848465 0.45458 0.440226
-0.144002 -0.492005 0.359147
-0.858431 0.172201 0.122776
-0.773359 0.00736786 0.150475
-0.108893 0.4511 0.437287
-0.00874947 0.505436 0.369515
0.0218231 0.967583 0.112731
0.0826127 -0.488887 0.38415
0.250331 -0.561974 0.24416
0.539473 0.395864 0.203352
0.456838 0.270284 0.334377
0.152815 0.804999 0.135551
-0.0628918 0.792436 0.142961
-0.919736 -0.307717 0.112637
0.856051 -0.486455 0.112195
0.63348 -0.307818 0.182127
0.645827 -0.368223 0.162731
-0.35998 -0.72588 0.13816
-0.630484 0.754776 0.11222
-0.114013 0.116285 1.76842
-0.0389616 -0.482091 0.403502
0.362227 -0.865321 0.114601
0.391836 -0.737719 0.131333
-0.688079 0.271708 0.164364
-0.672251 0.309163 0.164283
-0.853489 0.48327 0.112272
-0.675432 -0.471366 0.134374
-0.768931 -0.558189 0.113685
-0.982287 0.187381 0.112043
0.679073 0.413247 0.142947
0.412783 0.893504 0.1122
-0.167651 -0.970811 0.112182
-0.560534 -0.0923067 0.289965
-0.155027 0.623105 0.222443
-0.252229 0.31519 0.564712
0.759827 -0.57314 0.113605
0.767299 -0.514126 0.115978
-0.248599 -0.68826 0.168096
-0.170314 -0.627094 0.216734
-0.514439 0.801971 0.113531
-0.531749 0.745737 0.116834
-0.0913421 0.289591 0.888619
-0.030528 0.160839 1.76067
-0.421678 -0.713534 0.133013
-0.362968 -0.813338 0.120248
-0.38651 -0.906531 0.112186
-0.410713 -0.198697 0.451781
-0.377818 -0.294627 0.411048
-0.0400736 -0.544618 0.315191
-0.637424 -0.770513 0.112028
-0.967211 -0.164409 0.112279
-0.932185 -0.201987 0.113449
-0.0711753 -0.793027 0.142532
-0.0899651 -0.632316 0.225065
0.249634 0.363 0.48241
0.176382 0.387248 0.514206
0.441471 0.45136 0.230785
0.495116 0.501969 0.181708
-0.344321 0.240747 0.526156
-0.413486 0.193118 0.451508
-0.684098 -0.368238 0.149212
0.242717 -0.949546 0.112301
0.677888 0.452298 0.136824
0.0871845 -0.101298 2.02364
-0.232523 0.700899 0.164963
-0.322169 0.717989 0.145615
-0.585503 -0.421663 0.173085
-0.644399 -0.507072 0.13538
-0.986128 0.0485275 0.11215
-0.829599 0.0043262 0.132769
0.133143 -0.368474 0.595002
0.1622 -0.532401 0.302867
0.94077 0.0341063 0.114351
0.857822 0.152707 0.123541
-0.274289 0.558325 0.238395
0.448776 0.796005 0.117071
0.716591 -0.272798 0.153014
0.730011 -0.336099 0.14016
0.564021 -0.182543 0.264611
0.618117 -0.245317 0.206105
-0.600892 0.471363 0.154209
-0.587084 0.313319 0.20578
-0.588643 0.257468 0.222153
-0.0278859 0.064881 2.56164
0.0792172 0.0730915 2.2557
0.280472 0.476431 0.307167
0.344233 0.56059 0.210999
-0.192436 0.121477 1.2856
-0.140313 0.164532 1.36019
-0.196009 -0.0775257 1.39746
-0.0601703 -0.193064 1.45843
-0.87471 0.0537926 0.12261
-0.0310628 -0.725644 0.170694
-0.601804 -0.696886 0.116274
-0.702475 -0.595007 0.116295
0.387809 0.27823 0.414099
0.624014 0.478751 0.145755
0.837654 0.504352 0.112374
0.0795499 0.817374 0.135046
0.312691 0.683341 0.159246
0.322873 -0.56248 0.217656
0.266969 -0.613881 0.203161
-0.85541 0.0831726 0.125841
0.195517 -0.71769 0.16254
-0.105731 0.601218 0.248374
-0.123051 0.574882 0.269419
-0.658864 0.159215 0.197726
-0.655325 -0.112341 0.206193
0.752309 0.00114236 0.158909
0.779306 -0.0974228 0.146159
0.775713 0.145776 0.14482
0.746962 0.0866837 0.159027
0.562972 -0.401354 0.18947
0.535676 -0.294391 0.247674
0.542392 -0.611427 0.136124
0.547164 -0.566616 0.145367
-0.300491 0.519059 0.258035
-0.161359 0.558208 0.276262
0.891327 0.018492 0.120114
-0.0328635 0.839857 0.130094
0.00425017 0.402133 0.568587
-0.169628 0.397402 0.500017
-0.0308568 0.0360362 2.71244
-0.341542 -0.394839 0.346073
-0.188649 -0.290664 0.728465
0.322531 -0.014903 0.812236
0.146143 -0.34254 0.648143
-0.061224 -0.284746 0.94266
-0.174251 -0.575206 0.256858
-0.815301 -0.350896 0.120736
-0.414542 -0.666026 0.146484
-0.45838 -0.515314 0.190468
-0.248274 -0.631538 0.197267
-0.308297 -0.860379 0.117054
0.10077 -0.438563 0.463608
-0.0164016 -0.185024 1.58244
0.551661 0.060476 0.304649
0.534314 0.588953 0.142873
0.726675 0.631143 0.112972
0.130816 0.362713 0.6114
0.129001 0.247096 1.00046
0.520329 -0.745319 0.117662
0.513559 -0.789189 0.114313
-0.963163 0.26892 0.11205
-0.709822 0.240769 0.16005
-0.720683 -0.535399 0.119195
0.102317 0.903646 0.11761
0.145581 0.926305 0.114638
-0.626486 -0.0548724 0.2328
0.275194 -0.422164 0.371712
0.138225 -0.714048 0.170221
0.27223 -0.684902 0.165627
0.903818 -0.265964 0.114269
-0.762485 0.555287 0.114185
-0.762618 0.488894 0.118062
0.0522969 0.664168 0.205243
-0.330259 -0.0140574 0.78356
-0.49863 0.315254 0.267405
-0.407287 0.303528 0.365903
0.434946 -0.195489 0.414772
0.663832 0.063342 0.204871
0.559261 0.231739 0.252877
0.914257 -0.0891165 0.116529
-0.0279373 0.618902 0.240504
0.25494 0.636741 0.19276
-0.139691 -0.352077 0.630128
-0.0567737 -0.479401 0.404921
-0.118169 -0.712038 0.172955
0.145627 0.0508932 1.84105
0.330759 -0.280231 0.496959
0.293945 -0.258437 0.596023
-0.524107 -0.796645 0.113463
-0.707309 -0.265921 0.157473
-0.439729 -0.301455 0.331309
-0.847703 0.131823 0.126191
-0.697584 -0.0602442 0.184431
0.454017 0.375567 0.268076
-0.282963 -0.827361 0.122979
-0.247438 0.202489 0.824075
-0.0316767 0.312111 0.847545
0.978639 0.13006 0.112165
-0.296447 0.753963 0.138203
-0.0119812 0.748533 0.160464
-0.5056 -0.674117 0.129573
-0.55156 -0.574706 0.142415
-0.876601 0.198268 0.119052
0.145248 0.688529 0.182465
0.384916 -0.398048 0.306086
0.513385 -0.482666 0.181919
0.811624 0.369403 0.120087
-0.619593 -0.69473 0.115259
0.403119 0.862455 0.113566
0.521831 0.811727 0.112851
0.356334 0.748794 0.132894
0.314497 0.85311 0.117638
0.439274 -0.356191 0.292752
0.491968 -0.0622797 0.383996
-0.461738 -0.00577011 0.441395
-0.132918 0.0748185 1.85638
-0.186983 -0.0113634 1.56967
-0.146162 -0.257555 0.92079
0.0479825 -0.971932 0.112527
0.726442 0.177517 0.160807
0.690053 0.386338 0.144314
0.103267 0.431887 0.475261
0.177364 0.500481 0.334172
-0.709527 -0.35821 0.142986
-0.780462 -0.439421 0.119483
-0.169952 -0.935241 0.113658
-0.184953 0.724097 0.16099
0.0498169 0.903775 0.11816
-0.13269 0.956086 0.112841
0.22417 0.895765 0.115996
-0.627706 -0.335283 0.178164
-0.79325 -0.242313 0.132855
0.670046 -0.48714 0.133113
0.657273 -0.427991 0.146533
-0.187049 0.422412 0.441077
0.652714 -0.650816 0.116186
-0.453741 0.679453 0.136207
-0.441078 0.621597 0.154835
-0.361063 0.878759 0.113709
-0.387475 0.831623 0.116654
0.256405 -0.830722 0.123893
0.238871 -0.888541 0.116363
-0.86375 0.31219 0.116545
-0.87318 0.446512 0.112274
-0.974731 -0.131055 0.112214
0.93441 0.21833 0.113132
0.488106 0.773833 0.116929
0.430663 0.648242 0.148696
0.585014 0.620029 0.12736
0.827657 -0.36795 0.118073
0.843746 -0.428704 0.113945
-0.672742 0.621976 0.116796
0.577141 -0.784659 0.112497
-0.66099 0.430818 0.144926
-0.671888 0.366542 0.153548
-0.52717 0.230067 0.282376
-0.519102 0.0806226 0.341604
-0.0147888 -0.0793448 2.48438
-0.0569652 -0.948026 0.113717
-0.0835927 -0.967766 0.112584
0.544309 0.36239 0.213793
0.575968 0.445346 0.169875
0.361865 -0.712412 0.141612
0.414996 -0.649755 0.151392
0.730165 0.0780502 0.166881
0.555296 0.147111 0.28314
-0.260763 -0.911835 0.113824
0.414715 -0.831563 0.115402
-0.781875 -0.504118 0.115309
-0.984679 0.0746723 0.112143
0.894883 0.0516234 0.119388
0.779036 0.0190741 0.148344
0.707699 -0.593118 0.116014
0.714547 -0.635012 0.113342
-0.308026 -0.571855 0.216951
-0.466241 -0.626644 0.1477
-0.453584 0.800256 0.116383
-0.447741 0.842137 0.113468
0.0014345 0.220525 1.3315
0.00959256 0.264633 1.07028
-0.358711 -0.669644 0.155839
-0.430888 -0.688287 0.13766
-0.539831 0.460962 0.179115
-0.279482 -0.213282 0.711988
-0.3475 -0.17969 0.596505
0.031607 -0.472033 0.421182
0.00300436 -0.546111 0.31516
-0.403199 -0.735769 0.130449
-0.196646 -0.529249 0.293781
-0.0720931 -0.712491 0.175834
-0.183091 -0.756817 0.148559
0.245252 0.260121 0.692993
0.394551 0.201834 0.477082
0.399407 0.545918 0.198633
0.382 0.468877 0.253391
-0.372135 0.166033 0.555539
0.16573 -0.84876 0.124804
0.119094 -0.753972 0.154392
0.0524152 0.724589 0.170636
-0.502599 -0.334291 0.25444
-0.346231 0.655306 0.163763
-0.304988 0.63575 0.181686
-0.553238 -0.426689 0.185282
-0.933373 0.0965523 0.114584
-0.865841 0.110345 0.123262
0.270939 -0.519786 0.271193
0.191003 -0.403026 0.471451
0.963705 0.0651104 0.112808
0.568091 0.719754 0.116718
0.650505 0.723092 0.112551
0.754671 -0.258904 0.142003
0.755505 -0.186743 0.148707
0.669232 -0.162027 0.191123
0.638942 -0.00692254 0.224846
-0.617149 0.623112 0.122507
-0.646785 0.525199 0.131875
-0.543108 0.313802 0.234089
0.263952 -0.481002 0.312142
-0.00461847 0.173421 1.67968
-0.0476031 0.114773 2.10747
0.312172 0.56568 0.219461
0.168349 0.718111 0.165346
-0.15994 0.192443 1.14966
-0.10526 -0.1015 1.91159
-0.0595562 -0.824 0.133716
-0.127287 -0.935725 0.114108
-0.679427 -0.629431 0.115703
0.0745211 -0.259034 1.04623
0.756995 0.653421 0.112051
0.65454 0.640698 0.116838
-0.608094 -0.301431 0.197199
0.272077 0.874585 0.116817
0.335478 -0.687978 0.153519
0.360505 -0.601876 0.183628
0.0985191 -0.629555 0.226194
0.0313603 -0.569391 0.287598
-0.0433377 0.690004 0.18951
-0.143969 0.685208 0.184411
-0.548071 0.117183 0.29841
-0.665774 0.124414 0.198089
0.768487 -0.0440913 0.151869
0.820204 0.000204346 0.135318
0.887055 0.121487 0.11955
0.52154 -0.419016 0.203409
0.453049 -0.493026 0.203046
0.549205 -0.512863 0.15926
-0.402104 0.613405 0.16728
-0.480137 -0.312284 0.284953
-0.256302 0.947986 0.11225
-0.00535471 0.35262 0.708492
0.0537561 0.333578 0.757759
-0.0563156 -0.0747813 2.37858
-0.329412 -0.265888 0.518994
-0.312542 -0.536105 0.239613
-0.278174 -0.502613 0.283106
0.29268 -0.079933 0.889716
0.361144 -0.194162 0.549589
-0.0678526 -0.413372 0.528914
0.0673171 -0.320607 0.794664
-0.847541 -0.3194 0.118102
0.62736 0.689293 0.115152
-0.445481 -0.60675 0.158686
-0.551714 -0.663615 0.12516
-0.205943 -0.702443 0.167957
-0.138495 -0.651141 0.205625
0.180799 -0.949426 0.112772
0.182113 -0.906491 0.115875
0.556611 0.180676 0.272114
0.692028 0.14371 0.18078
0.520369 0.635768 0.134962
0.465769 0.633511 0.145848
0.210351 0.360529 0.532289
0.573326 -0.799248 0.11221
0.101725 0.64648 0.213392
-0.465598 0.594168 0.157814
-0.710036 0.207311 0.164405
-0.608465 0.111118 0.241325
-0.208896 0.522635 0.295741
-0.12699 0.342346 0.669582
0.0408493 0.871437 0.123334
0.528941 0.246183 0.273884
0.894551 -0.310299 0.113917
0.884103 -0.347767 0.113696
-0.716326 0.556508 0.117905
-0.714606 0.621704 0.113901
-0.256956 -0.0759737 1.05411
0.365246 -0.783489 0.124864
-0.477883 0.413945 0.230131
-0.32633 -0.73202 0.140871
0.440061 0.0155422 0.482782
0.497103 -0.165162 0.343628
0.553333 0.288057 0.236907
0.786647 0.196256 0.138023
-0.000553297 0.633578 0.22903
-0.88832 -0.232987 0.116545
0.716515 0.107776 0.171572
0.7701 0.0513965 0.151076
0.694432 -0.0497184 0.18666
0.605025 0.0450265 0.25172
0.807386 -0.501897 0.113668
0.798635 -0.442792 0.117145
0.687789 -0.352101 0.150755
0.700114 -0.412494 0.137482
-0.322274 -0.703581 0.150315
-0.00223621 -0.592258 0.265171
0.506505 -0.827859 0.112608
-0.603052 0.686668 0.117068
-0.0499368 0.218769 1.30633
-0.1037 0.156326 1.56726
0.181465 0.144927 1.25616
0.187603 -0.00701924 1.56617
-0.494916 -0.228343 0.316429
-0.455407 -0.236047 0.358695
0.00678607 -0.297025 0.916671
-0.133841 -0.135873 1.54385
0.268361 -0.390977 0.419336
0.306092 -0.351835 0.433176
0.590746 0.1062 0.257631
-0.517268 -0.168564 0.317704
-0.569475 -0.0301514 0.287549
-0.817143 -0.117145 0.133879
-0.633568 -0.0190975 0.228798
0.0192571 0.0835084 2.44322
0.161517 -0.0653038 1.67343
0.410473 0.300923 0.364422
0.522255 0.455182 0.188659
0.569326 0.413769 0.182395
-0.228176 0.416262 0.418534
-0.376424 0.411471 0.301566
-0.45493 0.25519 0.346576
0.977651 0.0939945 0.112246
0.163191 -0.792282 0.138577
0.29413 -0.81748 0.124032
-0.747946 0.243337 0.145785
-0.738431 0.28348 0.144258
-0.807983 0.486251 0.114199
-0.80406 0.417379 0.118049
0.0416138 0.770987 0.150986
-0.056776 0.899928 0.118632
-0.328064 0.820186 0.121419
-0.354537 0.774943 0.12742
-0.603265 -0.563415 0.13392
-0.683827 -0.564889 0.120832
-0.581673 -0.530344 0.145569
-0.649717 -0.605286 0.12066
-0.912995 0.269673 0.113584
-0.921397 0.230827 0.113717
0.407972 -0.425068 0.268164
0.87152 0.431832 0.11253
0.450043 0.873165 0.112235
0.421154 0.850448 0.113763
0.401494 -0.213169 0.454966
0.394824 -0.318738 0.366644
0.592973 -0.324653 0.198883
0.580503 -0.263308 0.226048
-0.638669 0.258389 0.190926
-0.685172 0.187764 0.178796
-0.445465 -0.113354 0.445308
-0.434254 0.158076 0.440726
0.0497811 0.471444 0.419546
0.243596 0.547175 0.258796
0.225884 0.447522 0.375749
0.300547 0.37977 0.402391
-0.214739 0.0103471 1.36824
-0.175935 0.15617 1.23773
-0.0895804 -0.0085722 2.40943
-0.061292 0.069734 2.38451
-0.21151 -0.261256 0.763877
-0.221781 -0.208158 0.88635
-0.0283248 -0.981103 0.112253
0.0725021 -0.84508 0.128291
-0.288492 -0.470498 0.30826
-0.629563 0.588834 0.125358
0.651757 0.227577 0.190114
0.779904 0.35113 0.126736
0.79025 0.235455 0.134139
-0.191238 0.470881 0.365566
-0.232957 0.582233 0.234197
-0.0434931 0.44275 0.473682
0.0447022 0.407505 0.549736
0.466156 -0.698034 0.130351
0.457997 -0.74195 0.123423
0.59533 -0.655862 0.121024
0.602981 -0.611951 0.125941
-0.738956 -0.447248 0.124994
-0.642572 -0.436526 0.149231
-0.201876 -0.936111 0.113241
0.553707 0.811796 0.112235
0.49752 0.668157 0.131909
0.0109139 0.842413 0.129623
0.224828 0.863774 0.119962
0.296541 0.921619 0.112708
0.825849 -0.0740774 0.132902
0.863207 -0.122812 0.12342
-0.760765 -0.407163 0.125181
-0.632004 -0.209632 0.205527
0.750949 0.0332034 0.159139
0.611293 -0.509918 0.142581
0.610006 -0.567926 0.131815
-0.391053 -0.644652 0.158201
-0.276543 -0.658295 0.176903
-0.405907 0.665802 0.14816
-0.645228 -0.0972789 0.214767
-0.0956482 0.204515 1.29737
-0.71635 0.126671 0.170166
0.0385791 -0.142694 1.89749
-0.33114 -0.11603 0.713994
-0.210611 -0.177712 1.01619
0.00754171 -0.480363 0.408806
-0.619733 -0.279884 0.196378
-0.203323 -0.613811 0.219076
-0.293692 -0.428644 0.349384
-0.472284 -0.859548 0.112282
-0.94495 -0.295315 0.112126
-0.877704 -0.0663198 0.121941
-0.986155 0.0220713 0.112166
0.475586 0.423502 0.226487
0.455183 0.484583 0.20621
0.985436 0.0480703 0.112169
0.348572 -0.937282 0.112043
0.0398288 -0.783817 0.146363
-0.775722 0.164022 0.143632
-0.477913 -0.592435 0.155238
-0.385085 -0.492777 0.235635
-0.560636 -0.37052 0.201409
-0.583315 -0.46941 0.160416
0.381818 -0.437659 0.276498
0.320801 -0.31589 0.46317
0.216378 -0.328026 0.591986
-0.63694 -0.236412 0.196768
0.45897 -0.105595 0.425013
0.837766 0.346143 0.118004
0.953523 -0.161492 0.112755
0.837574 -0.254132 0.122809
-0.612 0.41828 0.163703
-0.628867 0.558162 0.129996
-0.484016 0.200729 0.343407
-0.413907 0.258816 0.396124
0.304525 0.0778392 0.845037
0.401858 0.0871984 0.546716
0.398734 0.699276 0.139756
0.277806 0.772922 0.135016
-0.20149 0.0476592 1.42314
-0.0395998 0.939045 0.114483
0.164525 -0.904738 0.11641
-0.468785 -0.719809 0.125971
0.464386 0.0956459 0.419474
0.558288 0.107335 0.2895
0.649204 0.539957 0.129173
0.687854 0.479789 0.130525
0.360993 0.849534 0.116041
0.376229 0.868734 0.113943
0.149425 0.849589 0.125233
0.0791978 0.86852 0.123387
-0.015477 -0.673791 0.200161
-0.0929523 -0.680125 0.192409
-0.405339 0.0108955 0.560452
-0.183876 0.443232 0.409724
0.369853 -0.560817 0.201603
-0.575729 0.623013 0.128275
-0.440012 0.458675 0.227442
-0.417971 0.890281 0.112229
-0.186118 -0.355002 0.571915
0.0490792 0.957372 0.113169
0.59101 -0.221624 0.230936
0.530909 -0.0337937 0.332831
-0.80127 -0.400864 0.119451
-0.913545 -0.406737 0.112055
-0.776334 -0.174553 0.142683
-0.906436 -0.0505311 0.117817
0.275023 0.420718 0.373725
0.188052 0.462304 0.379098
0.701861 -0.693004 0.112179
-0.72427 0.140411 0.165292
-0.339319 0.503325 0.251432
-0.0799794 0.589102 0.262982
-0.0631519 0.965491 0.11274
-0.174087 0.920662 0.1147
0.0455809 -0.542881 0.316808
0.140122 -0.605456 0.238894
0.322651 -0.510008 0.254589
0.23634 -0.511248 0.295258
0.58281 0.304657 0.211166
0.0609099 0.514432 0.351592
-0.198957 0.811217 0.131385
-0.160555 0.737424 0.157847
-0.895401 -0.327312 0.113496
-0.172283 0.0938224 1.50237
-0.145209 0.0313351 1.89071
0.0281104 0.0409298 2.6996
-0.0778655 0.113976 1.98424
-0.712835 0.36119 0.141583
-0.719992 0.315358 0.145939
0.647136 0.0163419 0.21847
-0.8339 -0.519824 0.112238
-0.930253 0.155897 0.114203
-0.927306 0.190989 0.113929
0.772406 0.453531 0.1195
0.824044 0.440579 0.11492
-0.149415 -0.960267 0.112563
0.80499 -0.565011 0.11222
0.711982 -0.472236 0.126942
0.725981 -0.52769 0.119216
-0.561805 0.805481 0.112258
-0.102941 -0.257205 1.009
-0.482133 0.743112 0.12102
-0.392295 -0.699918 0.140572
-0.37394 -0.882368 0.113196
-0.244688 -0.75839 0.142329
0.163345 -0.237221 0.957124
-0.588109 -0.757016 0.113174
-0.969171 -0.19439 0.112132
0.547931 0.540619 0.151894
0.48376 0.546228 0.169096
-0.300771 0.226977 0.635659
-0.26105 0.245356 0.690764
0.953893 -0.0477893 0.113393
-0.815886 0.280735 0.12519
0.202324 -0.599553 0.229637
-0.982603 -0.0145303 0.112222
0.654923 -0.230158 0.18785
0.674427 -0.290879 0.166801
0.785532 -0.382368 0.123106
0.772228 -0.320308 0.131166
-0.629497 0.369887 0.168851
-0.630316 0.311798 0.182711
-0.533256 0.180876 0.295402
-0.545481 0.257831 0.254721
0.135231 0.195241 1.22393
0.107962 0.298379 0.833457
0.390463 0.593037 0.17905
0.378918 0.628172 0.167212
-0.158179 -0.0741679 1.66953
-0.165189 -0.0367351 1.71473
-0.713378 -0.523614 0.121178
-0.81096 -0.555422 0.112235
0.498477 0.157633 0.344935
0.511494 0.186727 0.317105
0.791122 0.576948 0.112326
-0.129789 0.637507 0.216208
-0.0957767 0.532381 0.321506
0.737531 0.214116 0.152558
0.717443 0.143154 0.168186
0.613776 -0.443804 0.156752
0.604223 -0.384537 0.175785
0.483454 -0.611525 0.148231
0.474724 -0.654317 0.138725
-0.278328 0.904168 0.113973
-0.302927 0.863269 0.116956
0.0734099 -0.204305 1.35367
0.0723976 -0.278741 0.957069
0.0913618 0.384831 0.585437
0.582696 -0.7475 0.113854
0.588228 -0.701944 0.116835
0.451139 -0.783119 0.118346
0.449281 -0.854467 0.112821
0.184824 0.917622 0.114786
-0.892875 -0.356672 0.113025
0.247262 -0.765116 0.14004
0.362435 -0.656622 0.159831
0.963163 -0.26892 0.112022
-0.809264 0.554119 0.112277
-0.718323 0.424969 0.131519
-0.717707 0.491242 0.123837
0.490405 0.357747 0.251409
0.498705 0.406112 0.221642
0.952206 0.114782 0.113144
0.490704 0.810949 0.11386
0.309401 -0.936843 0.112162
-0.865902 0.376981 0.114092
-0.941734 -0.141324 0.113552
0.890533 -0.413688 0.112245
0.17543 0.650471 0.200367
-0.0781294 -0.900917 0.118293
-0.753044 -0.0586748 0.157621
-0.969126 0.0688012 0.112572
-0.67487 0.050655 0.198421
0.90402 -0.0250999 0.11825
-0.368904 -0.626935 0.170198
-0.0275065 0.277355 1.00076
-0.407754 -0.76572 0.124275
0.0556681 -0.511981 0.355837
-0.446299 -0.758245 0.122016
-0.977838 -0.0916622 0.112245
-0.0512302 -0.751802 0.158346
0.385995 0.377083 0.323185
0.258094 0.319617 0.547761
0.442257 0.524209 0.192793
-0.364915 0.207503 0.526885
-0.231583 0.781616 0.136715
-0.591321 -0.51264 0.147151
-0.948461 0.129315 0.113255
0.18591 -0.620743 0.21809
0.582204 0.741061 0.114274
0.714412 -0.214843 0.161568
0.63133 -0.160844 0.215512
0.594155 -0.161216 0.243797
0.104636 0.128757 1.74217
0.349566 0.476445 0.266446
-0.208792 0.148824 1.11527
-0.193646 0.184846 1.05574
-0.0758465 -0.101985 2.08262
-0.586201 -0.620893 0.127061
-0.728145 -0.645836 0.112522
0.401533 0.149199 0.507886
0.444815 0.126138 0.440362
0.761267 0.561315 0.114
0.321628 -0.616413 0.187193
0.0532489 -0.679221 0.195544
-0.0410063 0.652408 0.213936
0.347722 -0.190614 0.582732
0.798045 0.121774 0.139064
0.747437 0.317667 0.137613
0.516626 -0.591606 0.14616
-0.329738 0.576235 0.206842
0.0527763 0.420401 0.518141
-0.103373 -0.0639899 2.13216
-0.296009 -0.308327 0.510089
-0.301574 -0.463555 0.306953
-0.0287348 -0.33066 0.778878
-0.0872709 -0.330358 0.744731
-0.928835 -0.326782 0.1122
-0.215419 -0.683657 0.175476
-0.159746 -0.716506 0.166955
0.0982526 -0.91649 0.11618
0.0213282 -0.425485 0.512992
0.615984 0.202347 0.217779
0.163296 0.329437 0.662077
0.170585 0.259268 0.860612
-0.951057 0.309017 0.112056
-0.629822 0.20134 0.208664
-0.607972 0.174194 0.229942
-0.108992 0.503115 0.356063
0.118348 0.965635 0.112526
0.227213 -0.454236 0.365889
0.193006 -0.494662 0.334149
0.102665 -0.682844 0.19
0.179781 -0.666691 0.190014
0.450725 0.742268 0.124095
-0.548865 0.52285 0.156507
0.490629 0.0671827 0.3851
0.48866 0.266226 0.302961
-0.874617 -0.173935 0.120087
-0.909412 -0.14724 0.116225
0.741002 0.15349 0.157056
0.580132 -0.0367743 0.276081
0.576478 -0.111393 0.270206
-0.304666 -0.648083 0.175835
-0.0520601 -0.601058 0.254765
-0.046511 -0.639614 0.223045
-0.396628 0.428786 0.273252
-0.0509436 0.186662 1.52227
0.278828 0.15588 0.825235
-0.397992 -0.244222 0.432126
0.008457 -0.233845 1.24516
0.0704717 -0.616418 0.239697
0.108385 -0.556992 0.290693
0.268134 -0.299363 0.569277
-0.540263 -0.824509 0.112178
-0.695045 -0.195869 0.172777
-0.766809 -0.0533589 0.152297
0.207661 0.070866 1.33875
0.481104 0.223339 0.334935
-0.306554 0.285677 0.528652
-0.226191 0.322166 0.590043
-0.440981 0.349595 0.295836
0.927569 0.0672717 0.115328
-0.398178 -0.53106 0.20694
0.852512 -0.20129 0.122706
0.219136 -0.73588 0.152609
0.156866 -0.750767 0.15295
-0.079656 -0.451915 0.446694
-0.261003 0.730793 0.14953
-0.629888 -0.569595 0.128071
-0.623094 -0.63568 0.120334
-0.585419 -0.587223 0.132922
-0.932457 0.0368537 0.115039
-0.817773 0.0686289 0.135191
0.398111 -0.364181 0.32316
0.294459 -0.39769 0.38563
0.896883 0.360766 0.11278
0.936008 0.286847 0.112327
0.458631 0.829753 0.113831
0.119428 0.804565 0.137258
0.0654244 0.752552 0.157597
-0.463503 0.471139 0.208896
-0.535798 -0.00789969 0.327883
0.00694068 0.593618 0.263836
0.229824 0.393663 0.452426
0.0685297 0.67102 0.199876
-0.116217 0.0128149 2.17363
-0.1359 -0.0447738 1.93945
-0.253683 -0.231515 0.738757
-0.33146 -0.225389 0.571944
0.00258533 -0.0264329 2.80362
0.0114533 -0.125975 2.08755
-0.0836778 -0.996493 0.112045
0.0408564 -0.864262 0.124706
0.587604 0.153626 0.251104
0.903221 0.271353 0.114212
-0.659051 -0.396703 0.152056
-0.708811 -0.406644 0.136171
-0.207912 -0.978148 0.112051
-0.360338 0.684463 0.150456
0.262643 0.901092 0.11457
0.976036 -0.0802383 0.112321
-0.767719 -0.295485 0.13466
0.686559 0.00896882 0.192299
0.745547 0.333249 0.136309
-0.287044 -0.579953 0.218707
-0.352993 -0.543967 0.217749
-0.398361 -0.854051 0.114261
-0.37404 -0.772564 0.126106
-0.152333 0.241286 0.969447
-0.406237 -0.884377 0.112527
-0.380978 -0.844543 0.115675
-0.227926 -0.112211 1.12828
-0.295156 -0.0710088 0.888912
-0.283571 -0.00630072 0.977467
-0.394954 0.0393456 0.581717
0.100664 -0.382021 0.586488
-0.271804 -0.607889 0.205483
-0.907426 -0.214437 0.115116
-0.939974 -0.228536 0.112734
-0.179277 -0.692177 0.176416
0.0548282 0.247765 1.12955
0.328169 0.525069 0.240767
0.418568 0.423137 0.262353
-0.262638 0.0352075 1.06892
0.113911 -0.00680103 2.19902
0.276359 -0.860418 0.118352
0.22193 -0.920768 0.1139
0.0512826 -0.727885 0.169096
0.0827969 -0.739637 0.162364
-0.088924 0.697969 0.182522
-0.511016 -0.456016 0.193396
-0.550458 -0.505432 0.161029
-0.501494 -0.394352 0.225619
0.287466 -0.513549 0.26879
0.528861 0.669432 0.127202
0.473556 0.711437 0.126876
0.505511 -0.324232 0.257308
0.676947 0.66178 0.113942
0.700167 -0.169828 0.173606
-0.646449 0.59017 0.122817
-0.650044 0.397038 0.155003
0.3629 0.0694475 0.656523
0.398671 0.657524 0.152177
0.22661 0.155507 1.01968
-0.0870145 -0.871847 0.122659
0.039671 -0.909008 0.117555
-0.47732 -0.763008 0.118861
0.49739 0.120471 0.360367
0.693702 0.24229 0.166645
0.600077 0.560277 0.135127
0.323213 0.813106 0.122882
0.364227 0.777434 0.126079
0.108837 0.833978 0.129951
0.104505 0.852304 0.126029
0.490326 -0.523666 0.175167
0.00379231 -0.739219 0.164617
0.0952487 -0.797204 0.140416
-0.480546 -0.121592 0.38429
-0.273531 -0.431931 0.361174
-0.549353 0.207201 0.270211
0.839299 0.000290168 0.130355
0.715121 0.0503426 0.175421
0.718552 0.341276 0.142763
0.4853 -0.399591 0.23293
0.791018 -0.185865 0.137493
-0.275967 0.462792 0.324133
-0.246746 -0.183263 0.8732
0.223658 -0.146939 1.0562
0.140088 -0.277358 0.859405
0.504012 -0.21588 0.312504
0.428132 -0.294076 0.34961
-0.836019 -0.449696 0.11375
-0.859949 -0.162169 0.122842
-0.87811 -0.192148 0.118994
-0.4003 -0.61899 0.165547
-0.490277 -0.638619 0.139724
-0.510062 -0.551551 0.15933
0.213101 -0.812119 0.130301
0.118875 -0.822042 0.13253
0.709756 0.236782 0.160642
0.622409 0.247994 0.202757
0.182846 0.416085 0.455026
0.246103 0.479798 0.323668
-0.91737 0.0867669 0.116192
-0.783945 0.103112 0.144364
0.0551999 0.941222 0.11423
0.121247 -0.505322 0.349225
0.23542 -0.545461 0.263385
0.518616 0.358968 0.231298
0.568175 0.383227 0.193111
0.430824 0.331921 0.317906
0.426036 0.216273 0.413298
-0.00644049 0.0114263 2.83595
-0.237691 0.463999 0.347017
0.373684 -0.769046 0.126789
0.402593 -0.695039 0.140292
-0.82845 0.450075 0.114214
-0.687311 -0.523314 0.124989
-0.64311 -0.474793 0.141531
-0.989272 0.146083 0.112041
-0.130378 -0.319993 0.7314
0.382561 0.901106 0.112331
0.430622 0.885362 0.112203
-0.0945437 0.0407382 2.2982
-0.115991 -0.601998 0.246027
-0.214316 -0.436538 0.399221
-0.389689 -0.883035 0.112847
-0.339571 -0.904628 0.112792
-0.419389 -0.411858 0.269524
-0.0143248 -0.507862 0.365667
0.0293225 -0.60157 0.255654
-0.425105 -0.640125 0.152375
-0.570714 -0.821149 0.112019
-0.934668 -0.171676 0.113695
0.503086 0.424679 0.210664
-0.393429 0.227731 0.454831
-0.340596 0.164047 0.632199
0.207912 -0.978148 0.112051
-0.350408 0.699785 0.147146
-0.619131 -0.410584 0.162967
0.598705 -0.0627557 0.256023
0.951612 0.049261 0.113524
-0.56657 0.425206 0.179908
-0.637267 0.480246 0.141956
-0.00572494 0.122651 2.12046
0.328536 0.599626 0.194064
-0.158156 0.12874 1.44597
-0.126723 0.203188 1.21209
-0.227722 -0.0806115 1.19975
-0.699531 -0.674299 0.112576
0.451491 0.188048 0.39473
0.547743 0.467 0.173968
0.288237 -0.539887 0.247007
-0.201797 0.642192 0.200734
-0.738751 0.0596266 0.163757
-0.718087 -0.124768 0.169491
0.758897 -0.0216402 0.156034
0.795352 -0.0613222 0.142048
0.17053 -0.155652 1.26465
-0.347621 0.12769 0.654296
0.576255 -0.532426 0.146452
-0.697714 -0.104954 0.18144
-0.242968 0.864004 0.119203
-0.201885 0.876344 0.118973
0.00241832 0.940611 0.114408
-0.0719509 0.853007 0.126576
-0.285715 0.337235 0.479381
-0.232516 -0.313539 0.598792
0.275491 0.0177092 1.01357
0.151091 -0.201668 1.13945
0.0157167 -0.32895 0.788206
-0.838818 -0.381108 0.116215
-0.211028 -0.834215 0.125656
-0.0255721 -0.2462 1.165
0.573703 0.0153616 0.283713
0.124436 0.325766 0.721069
-0.973579 0.228351 0.112046
-0.747114 0.20623 0.149862
0.0836778 0.996493 0.112031
0.235271 -0.40436 0.430543
-0.221238 -0.0191135 1.32111
-0.551569 0.392182 0.198408
-0.454063 0.384611 0.262474
0.434441 -0.149307 0.445913
-0.890622 -0.280908 0.114971
0.0348656 0.0058305 2.76933
0.341639 0.263537 0.501411
0.310348 -0.143549 0.743817
-0.489239 -0.824264 0.113196
-0.524803 -0.737714 0.118155
-0.793499 0.190809 0.13647
0.475924 0.383703 0.247575
0.450456 0.395829 0.258133
-0.200224 0.353748 0.557883
-0.0827217 0.331697 0.744094
0.938312 0.101065 0.114139
-0.54021 -0.541168 0.153847
-0.566657 -0.565706 0.141105
-0.89966 0.171568 0.116823
0.41851 -0.388131 0.28705
0.758686 0.393527 0.126858
0.345785 0.873299 0.114512
0.337831 0.91801 0.112346
-0.381031 -0.0960369 0.591979
-0.380092 -0.060524 0.613437
-0.422249 0.0128064 0.52098
-0.484081 0.0546035 0.397728
-0.160638 0.0610595 1.69297
-0.0858857 0.0106089 2.43778
-0.123023 -0.200474 1.23763
0.141792 -0.955969 0.112782
0.132125 0.419642 0.483571
0.153005 0.460324 0.401088
-0.155522 -0.897633 0.117411
-0.140341 0.895709 0.117965
-0.587958 -0.276769 0.216683
-0.824863 -0.171493 0.129616
-0.377174 0.652605 0.158263
0.308612 -0.73887 0.141082
0.539863 0.74331 0.116523
0.441594 0.606048 0.15992
0.555897 0.670142 0.123673
-0.459395 0.102596 0.42541
-0.0426309 -0.0597279 2.5409
-0.0481564 -0.917604 0.116503
-0.0866184 -0.926573 0.115277
-0.0961648 -0.957404 0.112988
0.528551 0.140464 0.314252
-0.744683 -0.514088 0.118193
-0.759423 -0.477495 0.119284
-0.960845 0.0964006 0.112822
-0.0221616 0.200763 1.46011
0.0175144 0.193705 1.5153
0.372779 0.551126 0.205858
-0.823173 0.381506 0.117875
-0.284964 0.572634 0.224333
0.650862 -0.174056 0.200336
-0.521605 0.284938 0.263122
0.212163 0.601333 0.225859
0.274754 0.601592 0.208584
-0.0217379 -0.840982 0.129905
0.251613 0.702698 0.161422
-0.200985 -0.649164 0.196634
-0.891558 0.409203 0.112268
-0.695646 0.2179 0.16943
0.0342158 0.169483 1.68409
-0.552747 -0.228505 0.259519
0.361999 -0.347823 0.374594
0.345584 -0.250843 0.510836
-0.78813 -0.133181 0.141544
-0.727607 -0.568126 0.116035
0.853907 0.465815 0.112524
0.842943 0.383004 0.115749
0.555748 -0.233901 0.255054
0.00664085 -0.988254 0.112147
0.750431 0.290809 0.139794
0.0813395 0.412262 0.525983
0.422635 -0.761677 0.123573
-0.183719 -0.964286 0.112261
-0.201275 -0.898263 0.116312
-0.231356 -0.933145 0.113031
-0.124143 0.51234 0.339178
0.387516 -0.921863 0.112038
0.344329 -0.483736 0.263677
-0.627363 0.446459 0.151772
0.731534 0.428967 0.128348
0.742744 0.481786 0.121094
-0.413578 -0.593451 0.172187
-0.85863 -0.423553 0.113256
-0.906021 -0.390667 0.112166
-0.811497 -0.490811 0.11381
-0.959563 -0.219888 0.112195
0.978954 -0.0291118 0.112297
-0.925404 0.00567322 0.115783
0.585768 0.770953 0.112714
0.978148 -0.207912 0.11205
0.133957 -0.193695 1.2362
0.317609 -0.892884 0.113862
0.730476 -0.608247 0.113691
0.738266 -0.656754 0.112147
-0.470323 0.829665 0.113471
-0.463102 0.872902 0.11214
0.632722 0.391498 0.162471
0.052159 -0.497385 0.377571
0.41984 0.57785 0.176791
-0.282568 0.197345 0.734628
0.134429 -0.884464 0.119642
-0.781117 0.385191 0.123603
-0.789168 0.33983 0.125918
-0.304836 0.688141 0.158743
0.871499 0.0943378 0.122594
0.653421 0.756995 0.11205
0.627937 -0.203906 0.209375
-0.593568 0.590418 0.130874
-0.565123 0.342983 0.208782
0.159338 0.900131 0.117043
-0.000315857 -0.638198 0.22541
0.828269 0.10883 0.131331
0.105972 0.676199 0.193649
0.549992 -0.438202 0.182724
0.457824 -0.58786 0.161984
-0.187381 0.982287 0.112042
0.016296 0.355806 0.697147
0.0813465 0.352315 0.680455
-0.0360292 -0.418288 0.526815
-0.499726 -0.690166 0.127435
0.601771 0.191543 0.230646
0.498967 0.612347 0.144628
0.536914 -0.821953 0.112241
0.118985 -0.137941 1.61001
-0.908595 0.37135 0.112256
-0.617216 0.241234 0.207656
0.907116 -0.375067 0.11225
-0.738574 0.588742 0.114092
-0.734287 0.653355 0.112238
-0.280764 -0.123637 0.875858
0.47878 0.0157454 0.411095
-0.00263986 0.703284 0.18269
0.734134 0.116259 0.162791
0.781916 -0.479347 0.116683
0.7709 -0.419998 0.122351
0.715237 -0.374586 0.139025
0.727621 -0.434872 0.128415
-0.565311 0.718421 0.117048
-0.585147 0.656807 0.122063
0.183069 0.20532 1.0186
0.242843 0.126729 1.02419
0.517737 0.293777 0.262292
0.530183 0.32168 0.239999
0.467354 0.313414 0.295844
0.495145 0.337395 0.258606
0.168535 -0.456436 0.398755
0.973907 0.0340028 0.112479
-0.765323 0.263785 0.138397
-0.754681 0.305095 0.137074
-0.784019 0.45343 0.118083
-0.235197 -0.386644 0.458717
-0.618634 -0.523329 0.138168
-0.887139 0.290735 0.114996
-0.892822 0.251805 0.115566
0.230492 -0.596825 0.224206
0.481754 0.876307 0.112046
0.455556 0.851201 0.112827
0.194592 0.746853 0.151093
0.158745 -0.312265 0.715802
0.388293 -0.278028 0.413669
0.578143 -0.363357 0.194611
0.566533 -0.303563 0.221983
-0.00770515 0.546941 0.31411
0.343588 0.431726 0.308397
-0.24571 0.128627 1.00741
-0.140791 0.00371843 1.95924
-0.254708 -0.286124 0.618255
0.0221932 -0.814098 0.136952
0.698798 0.170499 0.174205
0.65973 0.194874 0.19155
-0.010717 0.458969 0.446384
0.500994 -0.677438 0.129593
0.493073 -0.721842 0.123012
0.561677 -0.678742 0.121815
0.569001 -0.633686 0.127527
0.0443125 0.807255 0.1387
0.289032 0.957319 0.11204
0.641404 -0.528926 0.13235
0.628939 -0.593137 0.124841
0.628759 -0.631756 0.120155
-0.412383 -0.833618 0.11534
-0.412278 0.713288 0.134318
-0.393471 0.762105 0.12624
-0.371175 0.802634 0.121271
-0.928952 -0.270273 0.112733
0.361608 0.184467 0.559186
0.922937 -0.0755235 0.115717
0.300573 -0.18759 0.703062
-0.822252 0.171218 0.130224
-0.813526 0.218955 0.129615
0.312344 -0.480144 0.284852
0.349376 -0.464868 0.275785
0.854369 0.248991 0.120352
0.829663 0.166125 0.128749
0.839022 -0.330847 0.118592
0.882378 -0.15788 0.119382
0.4221 -0.0462091 0.516104
-0.692359 0.589816 0.117594
-0.693977 0.524543 0.1238
-0.47787 0.285631 0.302619
-0.436632 0.287919 0.344713
0.606517 -0.0383469 0.250821
0.424652 0.828695 0.115221
0.396856 -0.582588 0.181802
0.497043 -0.449301 0.202754
-0.576526 0.190419 0.251222
0.403132 -0.543149 0.198644
-0.533734 0.654284 0.129171
-0.272464 0.396373 0.407922
0.13838 0.720764 0.167067
-0.278518 -0.339415 0.485421
-0.886204 -0.463296 0.112035
0.671651 -0.715603 0.112278
-0.878904 0.153138 0.120028
-0.0209424 0.999781 0.112042
0.0941272 -0.512656 0.347178
0.825269 -0.466422 0.113844
-0.389615 0.522102 0.215573
0.606736 -0.285568 0.202407
0.619217 -0.346454 0.179284
0.672773 -0.39025 0.148877
0.660535 -0.329888 0.165026
-0.307413 -0.726948 0.14482
-0.356291 -0.704952 0.14461
-0.622872 0.718912 0.113618
-0.181025 0.495544 0.338626
-0.127747 0.140814 1.54776
-0.144204 0.104623 1.64166
0.356442 -0.901625 0.112652
0.430348 -0.718095 0.130885
-0.703014 0.292916 0.155047
-0.722393 0.263378 0.15218
-0.691483 0.334595 0.152457
-0.832161 0.519235 0.112273
-0.957578 0.168386 0.112549
-0.951382 0.209306 0.112485
0.781293 0.51233 0.114943
0.249063 -0.714164 0.157209
0.905777 -0.00555057 0.118076
0.783932 -0.593999 0.112235
0.00293756 -0.426487 0.512064
0.738911 -0.494022 0.120532
-0.751171 -0.363237 0.131585
-0.527558 0.830111 0.112229
-0.546524 0.775573 0.113796
-0.517218 0.716164 0.121417
-0.498246 0.772862 0.116419
-0.028611 -0.162511 1.74958
-0.0264458 -0.527144 0.338278
-0.0902048 -0.547652 0.304648
-0.669074 -0.704646 0.112572
0.139162 0.38906 0.542152
0.520615 0.524032 0.164878
-0.431963 0.227233 0.396288
-0.799657 0.254305 0.130416
-0.739273 0.339717 0.137191
-0.125988 -0.862419 0.123493
-0.607252 -0.450064 0.157401
-0.960574 0.0372655 0.113029
0.161922 -0.423686 0.456755
0.702274 -0.313417 0.152132
0.757559 -0.359174 0.130588
0.74423 -0.296856 0.140905
0.64542 -0.268596 0.185042
-0.607989 0.341582 0.185998
-0.610059 0.28428 0.200778
-0.568711 0.231763 0.245137
-0.566131 0.285383 0.228685
0.361679 0.594153 0.187033
-0.208025 -0.044902 1.38331
0.582897 0.520649 0.147515
0.346085 -0.5358 0.225683
0.291065 -0.652879 0.17651
-0.248276 0.0208374 1.15579
0.588734 -0.421729 0.171752
0.508914 -0.63365 0.137448
0.576012 -0.589278 0.13427
-0.00499366 0.803224 0.140302
0.0014713 0.883092 0.12146
-0.429077 -0.656482 0.146568
0.51046 0.568021 0.15423
0.170507 0.358733 0.581087
0.157624 0.299097 0.757069
0.548926 -0.768424 0.114102
0.554835 -0.723921 0.117278
0.484916 -0.766554 0.117906
0.478043 -0.810554 0.11435
-0.942623 0.249577 0.112456
-0.932283 0.289498 0.112423
-0.680125 0.246559 0.172136
0.18186 0.942223 0.113136
0.935477 -0.296349 0.112249
0.935533 -0.229891 0.112921
-0.785229 0.588032 0.112274
-0.785757 0.521297 0.114206
-0.740214 0.456593 0.12384
-0.73979 0.523007 0.118047
-0.0718598 0.636985 0.223283
-0.813128 -0.285264 0.125411
-0.655991 -0.311639 0.170732
0.994522 0.104528 0.112037
-0.899063 0.212997 0.11594
-0.856839 0.220742 0.121178
-0.844398 0.256814 0.121549
0.79151 0.415753 0.119724
0.860074 0.324122 0.116456
0.311664 0.887381 0.114398
-0.412641 -0.105489 0.513313
0.21509 -0.233304 0.833379
-0.294221 -0.18474 0.725453
0.0836778 -0.996493 0.112041
-0.0977941 0.930721 0.114804
-0.104528 0.994522 0.112038
0.219329 0.928163 0.113467
0.192699 0.890591 0.117391
-0.83918 -0.185857 0.125838
0.695843 -0.50875 0.125357
0.68485 -0.449982 0.135529
0.630421 -0.406091 0.159909
0.642133 -0.465278 0.14359
0.62054 -0.683491 0.116021
0.614587 -0.72506 0.113679
0.677707 -0.670636 0.113495
-0.446657 -0.372488 0.275759
-0.467193 0.712329 0.127482
-0.489573 0.654393 0.136151
0.718141 -0.516279 0.121258
-0.3178 0.894261 0.113784
-0.403029 0.86085 0.113677
-0.432405 0.813589 0.116225
-0.481146 -0.798373 0.115145
-0.838964 0.29643 0.12038
-0.833457 0.332797 0.119235
-0.847721 0.413608 0.11418
0.409817 0.61819 0.163504
0.79931 -0.344416 0.123715
0.814766 -0.40537 0.117526
0.874579 -0.450913 0.112206
0.860505 -0.390167 0.114052
-0.633034 0.655162 0.117414
-0.671328 0.714114 0.112306
-0.689502 0.656034 0.11359
-0.698428 0.458935 0.131258
-0.694457 0.395229 0.141601
-0.650576 0.338925 0.167222
0.43952 -0.674377 0.139762
0.449287 -0.630879 0.150069
-0.994522 0.104528 0.112025
0.686791 -0.57191 0.119788
0.248558 0.098901 1.05663
0.0139576 -0.528892 0.336616
0.419578 0.4771 0.227637
0.546509 0.696884 0.121048
0.699663 0.714473 0.11205
0.787818 -0.281563 0.131023
-0.477297 0.349655 0.265741
0.767966 0.607245 0.112348
-0.515999 0.138149 0.330075
0.433203 -0.446219 0.238504
-0.296441 0.938457 0.112206
0.235117 -0.0577812 1.19625
0.65542 0.148905 0.20137
0.199057 0.333041 0.604966
0.606383 -0.775884 0.112191
-0.724666 0.230375 0.155551
-0.270337 -0.0512963 1.01801
-0.33444 -0.0518639 0.755866
-0.423292 0.402337 0.273325
0.998027 0.0627905 0.112054
0.441899 -0.409122 0.255792
0.472606 -0.218182 0.348119
-0.654451 0.282997 0.177413
0.553392 0.832921 0.11204
0.328867 0.944376 0.112049
0.599432 -0.481529 0.152193
-0.328867 -0.944376 0.11206
-0.361622 -0.133708 0.611546
0.999781 0.0209424 0.112036
-0.454523 -0.472476 0.212548
-0.736584 0.389404 0.131869
0.319502 0.738142 0.139972
-0.786947 -0.589871 0.112224
0.444635 -0.895712 0.112036
0.24869 0.968583 0.112044
-0.228351 0.973579 0.112033
0.0673523 -0.459915 0.435926
0.481754 -0.876307 0.112022
0.207912 0.978148 0.112054
-0.996493 -0.0836778 0.11204
0.744503 -0.643206 0.112224
-0.155955 -0.182411 1.20911
-0.472054 0.860181 0.112276
-0.0241442 0.238063 1.21332
-0.331441 -0.663472 0.163539
-0.347575 -0.230605 0.533015
-0.0931149 -0.752772 0.1563
0.326539 0.326601 0.441338
0.435262 0.572423 0.174301
-0.311693 0.176858 0.690288
0.120467 -0.872499 0.121853
-0.773632 0.371008 0.126179
-0.266036 0.713585 0.15506
-0.608299 -0.509695 0.143387
-0.922068 0.118847 0.115371
0.896299 0.0703647 0.118997
0.62727 0.757158 0.112238
0.713684 -0.180579 0.166029
-0.582059 0.573187 0.13623
-0.580092 0.388758 0.185482
0.022175 0.158914 1.78805
0.312258 0.528949 0.245012
-0.237862 0.188908 0.888141
-0.025406 -0.105255 2.25033
-0.0298525 -0.879172 0.122038
-0.770513 -0.637424 0.112062
0.46178 0.16197 0.394313
0.736458 0.594577 0.11395
0.161815 0.887233 0.118611
0.301279 -0.622815 0.1892
0.0158457 -0.635652 0.227239
-0.0641056 0.674992 0.197582
-0.550599 0.0456756 0.307526
0.734317 -0.0259929 0.166661
0.561172 -0.482778 0.164141
0.480609 -0.556896 0.16627
-0.358945 0.642972 0.165928
-0.194589 0.963536 0.11223
0.0695496 0.363834 0.653972
0.21343 -0.348947 0.551907
-0.106118 0.772523 0.148127
-0.320843 -0.486102 0.274886
0.352297 -0.0285391 0.705809
-0.0284036 -0.389114 0.599289
-0.882882 -0.248778 0.116668
-0.202929 -0.667481 0.185833
0.209695 -0.963073 0.112184
0.0417887 -0.426669 0.507223
0.583959 0.212453 0.238939
0.458012 0.598255 0.158405
0.212759 0.304336 0.651279
0.518027 -0.855364 0.112038
-0.916725 0.352145 0.112246
-0.645416 0.202046 0.198705
-0.0775024 0.410247 0.531968
0.166769 0.985996 0.112037
0.22759 -0.433962 0.393146
0.162685 -0.662336 0.195102
0.915912 -0.355099 0.112239
-0.747279 0.637391 0.112252
-0.270799 -0.0882992 0.97187
-0.554326 0.358413 0.209427
0.497584 0.014579 0.381053
0.633103 -0.140522 0.217673
0.762977 -0.438668 0.121969
0.735344 -0.416118 0.129044
-0.282382 -0.675906 0.167721
-0.0741856 -0.602057 0.251791
-0.560897 0.671122 0.122931
-0.531668 0.557471 0.15162
-0.0663419 0.183996 1.50641
0.197162 0.229058 0.894774
-0.472967 -0.17436 0.371618
-0.0721399 -0.27269 0.984932
0.0526037 -0.57268 0.282482
0.26113 -0.349513 0.491184
-0.394664 0.505398 0.223118
-0.654763 0.112251 0.206551
0.148517 0.0173128 1.88258
0.502137 0.298411 0.273179
0.572058 0.491858 0.157994
-0.108609 0.354071 0.653979
-0.382744 0.244374 0.45571
0.807755 -0.188858 0.132819
0.214817 -0.784686 0.137204
-0.770174 0.402396 0.12397
-0.0491726 0.749192 0.159506
-0.27635 0.81945 0.124783
-0.647263 -0.567921 0.125528
-0.932189 0.0816809 0.114814
-0.877225 0.280295 0.116271
0.233727 -0.61265 0.212504
0.348456 -0.436607 0.300531
0.937282 0.348572 0.112059
0.229761 0.810569 0.129611
0.344058 -0.286684 0.467829
0.559591 -0.321715 0.219916
-0.608868 0.226026 0.216986
-0.572926 -0.148648 0.265513
-0.0404179 0.53595 0.325781
0.290418 0.431886 0.348148
-0.25118 0.156817 0.920864
-0.274921 -0.268868 0.614235
0.0845787 -0.0232189 2.42762
0.0158038 -0.830607 0.132505
0.669787 0.181092 0.188048
0.819344 0.326061 0.121681
-0.251894 0.494285 0.304916
0.00409322 0.450436 0.462765
0.51432 -0.689068 0.125784
0.548375 -0.667336 0.124999
-0.698601 -0.422347 0.136404
-0.254659 -0.953894 0.112154
0.533367 0.761164 0.115377
0.0398399 0.822815 0.134342
0.272317 0.945917 0.112203
-0.787023 -0.33754 0.126528
0.874304 0.0114176 0.122973
0.876969 -0.0448968 0.122313
0.64253 -0.564342 0.126772
0.34829 -0.113655 0.666064
-0.341669 -0.573354 0.204473
-0.404623 0.748409 0.127723
0.240478 0.0396317 1.18689
0.0483916 0.228504 1.24738
-0.129627 0.269559 0.907887
-0.293721 -0.110989 0.846322
-0.403944 -0.0609927 0.553172
0.00773895 -0.411423 0.54605
-0.235806 -0.556953 0.253405
-0.972525 -0.0283599 0.112532
-0.155048 -0.65687 0.199579
-0.133746 -0.733597 0.161741
0.00381291 0.309291 0.865247
0.329519 0.198449 0.614035
0.387767 0.517365 0.219132
0.438167 0.384529 0.274351
-0.249815 0.0774909 1.08763
-0.22414 0.247968 0.770381
0.267693 -0.943018 0.112293
-0.0107826 -0.252946 1.13327
-0.853481 0.36132 0.115634
-0.826825 0.186976 0.128417
-0.260119 0.598491 0.214725
-0.131145 0.677022 0.190546
-0.526831 -0.5028 0.169787
-0.563574 -0.296593 0.226514
-0.90942 -0.120487 0.116648
0.181346 -0.376652 0.530914
0.875529 0.246608 0.117586
0.440546 0.663614 0.142426
0.613705 -0.0545659 0.243372
0.823031 -0.284612 0.123613
0.896961 -0.182939 0.116887
0.668682 -0.125998 0.196095
0.400748 -0.150053 0.508901
-0.682342 0.54108 0.123628
-0.660409 0.509862 0.131598
-0.488194 0.269356 0.301632
-0.44773 0.33496 0.299855
0.0163316 -0.0821283 2.46088
0.361406 0.108879 0.633891
0.330567 0.636604 0.175201
-0.00240833 0.675769 0.199061
-0.164697 0.0120487 1.74863
-0.0609747 -0.86405 0.124523
0.029037 -0.934475 0.11489
-0.451914 -0.775281 0.119247
0.401584 0.0368478 0.565856
0.513077 0.113203 0.341517
0.709117 0.533595 0.120744
0.530376 0.406519 0.203915
0.41421 0.814358 0.11709
0.411555 -0.592218 0.173262
0.482333 -0.438253 0.215381
-0.00363805 -0.707756 0.180235
0.124036 -0.790998 0.141114
-0.548361 -0.0539786 0.309277
-0.577382 0.147821 0.261592
0.83524 0.0627788 0.130786
0.699725 0.0209313 0.184511
-0.258903 -0.800505 0.129884
0.725512 0.24355 0.15359
0.546047 -0.360178 0.21363
0.416032 -0.554411 0.188443
-0.521683 0.638851 0.134072
-0.288884 0.388804 0.402334
-0.348572 0.937282 0.112029
-0.265925 -0.354031 0.477966
-0.248086 -0.142311 0.96618
0.214179 -0.283595 0.699585
0.518887 -0.251811 0.280721
-0.845784 -0.467145 0.11279
-0.403696 -0.54968 0.195139
-0.529772 -0.598168 0.141619
0.199419 -0.852924 0.122701
0.644551 0.193351 0.200876
0.584195 0.258143 0.225061
0.223728 0.431849 0.39908
0.076736 0.439866 0.470478
0.653421 -0.756995 0.112056
-0.849946 0.159712 0.1248
-0.767884 0.024111 0.15243
-0.124867 0.426796 0.474028
-0.0375469 0.498852 0.377345
0.000500182 0.983897 0.112223
0.0655648 -0.487373 0.390472
0.541331 0.379734 0.20867
0.473948 0.271531 0.314975
0.136038 0.817618 0.132979
-0.0464321 0.785982 0.145472
-0.904454 -0.314416 0.113252
0.838976 -0.509317 0.112274
0.626483 -0.327219 0.180771
0.653264 -0.349116 0.163951
-0.34749 -0.717576 0.142197
-0.618819 0.767134 0.112178
-0.124725 0.12769 1.63887
0.358299 -0.88388 0.113459
0.408167 -0.74915 0.127196
-0.695219 0.282271 0.159708
-0.6836 0.295217 0.162185
-0.843035 0.501383 0.112272
-0.669321 -0.488492 0.133052
-0.753904 -0.548089 0.115138
-0.966714 0.198357 0.112157
0.785154 0.465205 0.117238
0.439137 0.751467 0.123727
0.806231 -0.0158509 0.139318
-0.677173 0.0071359 0.198119
0.774101 -0.555405 0.113534
-0.870524 -0.234529 0.11864
-0.235262 -0.677847 0.175132
0.558048 -0.796974 0.11253
0.866111 -0.353645 0.114822
-0.245083 -0.812482 0.12821
-0.0220612 0.147586 1.8853
-0.41991 -0.732757 0.129141
-0.370597 -0.828299 0.117866
-0.374951 -0.914212 0.112147
0.2033 0.18726 1.01186
-0.364875 -0.286185 0.437916
0.0861129 -0.583098 0.26786
-0.640825 -0.735255 0.112452
-0.968283 -0.179767 0.112186
-0.935406 -0.214871 0.113133
-0.059118 -0.781675 0.146691
-0.0975714 -0.648724 0.212271
0.247773 0.392591 0.436945
0.157058 0.384572 0.536963
0.45131 0.437633 0.23296
0.5081 0.514539 0.172287
-0.35403 0.256538 0.48923
-0.423227 0.17629 0.447498
0.898984 -0.0949843 0.118323
0.0886999 -0.903876 0.117779
0.234027 -0.959055 0.112168
-0.789243 0.240831 0.133968
-0.764286 0.318682 0.133201
-0.200109 0.717303 0.162174
-0.331231 0.73642 0.138988
-0.569471 -0.425886 0.178442
-0.982156 0.0611216 0.112213
-0.832305 -0.0170997 0.132059
0.117125 -0.376378 0.588792
0.148277 -0.541746 0.297006
0.85876 0.132019 0.124011
0.60363 0.777902 0.112193
0.463449 0.789682 0.116854
0.709218 -0.293703 0.152676
0.73729 -0.316572 0.140556
0.595085 -0.181941 0.238204
0.623373 -0.224781 0.207703
-0.618408 0.479776 0.1471
-0.571629 0.491408 0.158249
-0.598482 0.298805 0.203467
-0.577761 0.271574 0.225252
-0.00406143 0.0767752 2.51358
0.0563852 0.0518548 2.51731
0.271598 0.491676 0.296962
0.359345 0.557542 0.207236
-0.174257 0.123921 1.37633
-0.136864 0.150651 1.44843
-0.19465 -0.0503195 1.46673
-0.0922168 -0.195818 1.35843
-0.0466218 -0.733793 0.166436
0.0851789 -0.239695 1.12629
-0.693871 -0.578788 0.118376
0.403873 0.249472 0.418502
0.61191 0.49616 0.14535
0.855364 0.518027 0.112052
0.304342 0.649721 0.175144
0.32908 -0.542713 0.228136
0.24213 -0.626249 0.201864
0.060908 -0.631812 0.228132
0.181832 -0.732239 0.157978
-0.116868 0.557701 0.288075
-0.641429 0.163229 0.208229
-0.635041 -0.148099 0.215099
0.785853 -0.0774848 0.144698
0.76977 0.131071 0.147765
0.570441 -0.382483 0.192203
0.54976 -0.297469 0.235894
0.529342 -0.600866 0.141071
0.561962 -0.577388 0.13953
-0.272308 0.519691 0.270608
-0.147456 0.563733 0.27463
-0.2321 0.881639 0.11733
-0.0244084 0.86392 0.124905
0.0150102 0.386039 0.609446
-0.184447 0.374928 0.531419
-0.329792 -0.406836 0.343849
-0.180074 -0.304229 0.705619
0.299526 -0.00279069 0.906005
0.116263 -0.334655 0.70327
-0.0447278 -0.284769 0.955957
-0.211671 -0.582301 0.240468
-0.823087 -0.367528 0.11866
-0.464027 -0.536772 0.179271
-0.229406 -0.639208 0.196926
-0.340852 -0.86921 0.114998
0.0824336 -0.429637 0.488764
0.652886 0.624754 0.118376
0.555585 0.0350213 0.302689
0.551722 0.579884 0.141195
0.715671 0.615992 0.114101
0.151787 0.358783 0.600869
0.144588 0.232578 1.02448
0.534388 -0.756929 0.115665
0.498963 -0.777961 0.115904
-0.947547 0.27919 0.112147
-0.784576 0.208902 0.13768
0.11355 0.916738 0.115958
0.150999 0.911651 0.115931
0.293792 -0.484113 0.291942
0.291643 -0.433427 0.345535
0.137413 -0.731699 0.16226
0.289397 -0.707293 0.154013
0.918493 -0.282809 0.113039
0.78362 -0.133887 0.142919
-0.77422 0.538365 0.114203
-0.75132 0.506082 0.118062
-0.252841 -0.0137073 1.13296
-0.333651 -0.0334012 0.766779
-0.510054 0.299519 0.265881
-0.427039 0.303782 0.343299
0.454601 -0.197216 0.384515
0.655748 0.0314157 0.211952
0.57618 0.234174 0.238482
0.721968 0.292716 0.148424
-0.0085721 0.619463 0.240532
-0.524392 0.58531 0.145997
-0.783089 -0.257837 0.134173
-0.027398 -0.49369 0.386179
-0.105929 -0.687104 0.187236
0.110891 0.0472149 2.14114
0.265886 0.213394 0.747274
0.30552 -0.271233 0.553021
0.259392 -0.267337 0.647868
-0.510986 -0.8086 0.113295
-0.693878 -0.249803 0.165432
-0.415509 -0.316975 0.345268
-0.866413 0.127667 0.122723
-0.709886 -0.0468522 0.178285
0.310215 -0.811709 0.123989
0.363879 0.432277 0.293288
-0.256438 0.216926 0.764805
-0.0438722 0.287724 0.943398
-0.287291 0.739825 0.143377
-0.0219276 0.733966 0.166906
-0.514209 -0.689268 0.125767
-0.887892 0.204776 0.117393
-0.868146 0.234085 0.118978
0.375736 -0.381994 0.327875
0.529489 -0.477748 0.177372
0.82737 0.375929 0.117699
0.838525 0.258872 0.122423
0.351966 0.731118 0.137825
0.301853 0.840186 0.119919
0.425588 -0.347863 0.310916
0.52415 -0.0772862 0.335596
-0.447396 -0.0683484 0.458636
-0.572 -0.341668 0.205264
-0.137931 0.0891506 1.75626
-0.197357 0.00367865 1.49352
-0.160286 -0.251797 0.910484
-0.273629 -0.167518 0.819786
0.235335 0.243786 0.754384
0.711427 0.177738 0.167384
0.684088 0.355957 0.151345
0.102675 0.448728 0.444109
0.171072 0.486054 0.355426
-0.710736 -0.376691 0.139954
-0.759046 -0.442322 0.122242
-0.188021 -0.928652 0.113879
-0.175082 -0.822749 0.129914
0.0352486 0.891346 0.120029
-0.126708 0.973481 0.112265
0.22311 0.912174 0.114527
-0.64222 -0.324995 0.173967
-0.770927 -0.230047 0.139911
0.677364 -0.468576 0.13438
0.649518 -0.446714 0.145162
0.630242 0.661393 0.117107
0.665235 -0.660064 0.114699
-0.467843 0.66282 0.137863
-0.436951 0.642237 0.1492
-0.353077 0.863807 0.115056
-0.395334 0.846228 0.114967
0.242016 -0.838033 0.123376
0.253481 -0.896374 0.115191
-0.851501 0.305278 0.118242
-0.882538 0.427929 0.112272
0.949159 0.208108 0.112577
0.104856 -0.238354 1.09363
0.414269 0.652641 0.150627
0.56931 0.645326 0.125627
0.821296 -0.386693 0.117813
0.852307 -0.409515 0.114003
-0.658503 0.63682 0.116793
0.735337 -0.0416631 0.16587
-0.686538 0.412312 0.141042
-0.661291 0.382258 0.154151
-0.539261 0.218787 0.275416
-0.503964 0.0909313 0.359931
-0.015058 -0.0615188 2.61332
-0.0516055 -0.930956 0.115109
-0.0876019 0.0776803 2.1725
0.591909 0.451971 0.162147
0.347755 -0.702258 0.14677
0.426674 -0.662457 0.145269
-0.247606 -0.925439 0.113207
0.610231 -0.54812 0.135302
-0.764025 -0.51152 0.116417
0.909186 0.0417698 0.117528
0.695039 -0.599386 0.116629
0.703121 -0.625516 0.114376
-0.480151 -0.623497 0.145624
-0.439125 0.799584 0.11727
-0.44011 0.827518 0.114683
0.00947529 0.231428 1.25992
0.0234755 0.252069 1.13323
-0.416316 -0.681556 0.141755
-0.42136 -0.799514 0.118338
-0.292939 -0.218318 0.669065
-0.363151 -0.187222 0.552952
0.0482763 -0.481789 0.402638
-0.379507 -0.812632 0.119301
-0.879252 -0.135975 0.120388
-0.950587 -0.0835656 0.113435
-0.0891061 -0.716347 0.172905
-0.162939 -0.781215 0.141938
0.226249 0.256708 0.742892
0.408043 0.189827 0.463569
0.416289 0.541639 0.194425
0.394079 0.456919 0.254681
-0.353458 0.194621 0.565293
-0.403555 0.14374 0.507914
0.150143 -0.868582 0.121742
0.10539 -0.765772 0.150648
-0.811227 0.365781 0.120359
-0.82098 0.325602 0.121446
-0.352699 0.670192 0.1568
-0.293157 0.651905 0.176522
-0.541705 -0.415534 0.194697
-0.946288 0.0870554 0.113687
-0.846642 0.108056 0.127121
0.206854 -0.409799 0.446437
0.878129 0.042273 0.122133
0.664739 0.726228 0.112209
-0.249955 -0.45394 0.3513
0.748483 -0.201115 0.149886
0.124535 0.524836 0.323422
0.628073 -0.0258811 0.233024
-0.629285 0.606028 0.123099
-0.659683 0.54152 0.127124
-0.531172 0.328563 0.236276
-0.478375 0.398733 0.237793
-0.0136697 0.160876 1.77973
-0.0602605 0.123392 1.99049
0.294012 0.568148 0.224256
0.204809 0.693844 0.172123
-0.171201 0.206804 1.05148
-0.172097 0.241856 0.9178
-0.051006 -0.123413 2.02445
-0.107905 -0.0835803 1.99824
-0.394897 0.467587 0.246916
-0.110001 -0.945991 0.11355
-0.686587 -0.649469 0.114054
0.368875 0.216761 0.509166
0.753081 0.637951 0.112169
-0.329597 0.452148 0.29946
0.131641 0.890623 0.118816
0.293485 0.877244 0.115827
0.316975 -0.679475 0.159943
0.375828 -0.614804 0.173545
0.111385 -0.636444 0.219464
-0.0521033 0.678945 0.195798
-0.530498 0.126461 0.316053
-0.667226 0.140999 0.195127
0.146701 0.502106 0.344588
-0.264613 0.546554 0.25124
0.900146 0.110718 0.117921
0.84949 0.171368 0.124431
0.516769 -0.438285 0.197872
0.436993 -0.521127 0.196296
0.547325 -0.528106 0.155469
0.470639 -0.469039 0.206467
-0.3888 0.623532 0.166651
-0.355335 0.560726 0.206855
-0.26892 0.963163 0.112039
-0.664353 -0.17839 0.191561
0.064655 0.346863 0.707726
-0.0468733 -0.0893315 2.31547
0.0935256 0.532577 0.321691
-0.313338 -0.271924 0.538099
-0.42596 -0.287032 0.357652
-0.338062 -0.538129 0.227515
-0.307104 -0.500393 0.270202
0.264471 -0.0663235 1.03056
0.345637 -0.171644 0.610684
-0.0481062 -0.431131 0.49634
0.0827434 -0.322872 0.773822
-0.858127 -0.343541 0.115905
-0.855433 -0.261554 0.119646
-0.427855 -0.598389 0.166267
-0.577223 -0.677453 0.120342
-0.196197 -0.686957 0.176706
0.19879 -0.908888 0.115297
0.546089 0.190838 0.278932
0.506936 0.64719 0.134792
0.482147 0.620987 0.145906
0.232007 0.362713 0.503178
0.193907 0.389963 0.492786
0.587785 -0.809017 0.112036
-0.910581 0.318645 0.112863
-0.895693 0.355645 0.112903
-0.200732 0.553081 0.268909
-0.154473 0.337398 0.652078
0.0531806 0.884739 0.120934
0.244274 -0.661897 0.181452
0.177014 -0.559564 0.270387
0.898106 -0.289328 0.114157
0.889596 -0.32938 0.113792
-0.704422 0.573176 0.11777
-0.726579 0.605278 0.114009
-0.355422 -0.0952745 0.661248
-0.494459 0.439056 0.208645
0.458911 0.0183922 0.445984
0.521028 -0.141403 0.32281
0.535176 0.294721 0.247893
-0.00931812 0.647113 0.218678
-0.892688 -0.219835 0.11644
0.751243 0.0503716 0.158595
0.68402 -0.037335 0.193291
0.586723 0.0250284 0.270075
0.815719 -0.484295 0.113801
0.790197 -0.461241 0.116935
0.680343 -0.371233 0.149877
0.707718 -0.393598 0.138302
-0.310535 -0.710954 0.149602
-0.30194 -0.825926 0.122093
-0.0056609 -0.575028 0.282511
-0.044668 -0.495006 0.382256
-0.599859 0.733846 0.113854
-0.580948 0.70289 0.117306
-0.0629464 0.204218 1.3771
-0.0941297 0.141436 1.7087
0.169735 0.173995 1.19061
0.203041 0.00240194 1.45201
-0.513885 -0.229378 0.295802
-0.48069 -0.255517 0.317278
-0.00976614 -0.293714 0.930764
-0.113466 -0.145262 1.59308
0.262984 -0.406291 0.402896
0.292194 -0.340819 0.465695
-0.539442 -0.195102 0.283988
-0.807089 -0.131154 0.136022
-0.60387 0.0179852 0.253991
0.033841 0.088214 2.37123
0.190726 -0.0430005 1.50737
0.435163 0.311546 0.328759
0.431849 0.277755 0.357958
0.530609 0.440784 0.190399
0.573523 0.429708 0.175574
-0.247631 0.415537 0.403349
-0.405049 0.401179 0.287772
-0.330516 0.343939 0.414523
-0.462025 0.238238 0.34901
0.963251 0.0839285 0.112777
0.177469 -0.779219 0.141569
0.269295 -0.801655 0.128882
-0.729587 0.273568 0.148372
-0.818427 0.468218 0.114208
-0.794141 0.435392 0.118086
0.0519781 0.781663 0.146882
-0.0759331 0.90887 0.11729
0.424643 -0.0978429 0.492264
-0.362745 0.788516 0.124186
-0.615418 -0.571003 0.130344
-0.657626 -0.585163 0.121938
-0.903291 0.260374 0.114449
-0.932154 0.2401 0.112973
0.419317 -0.437914 0.252067
0.245981 -0.201273 0.831131
0.895712 0.444635 0.112053
-0.457481 -0.400442 0.250606
0.392675 -0.293765 0.392568
0.600058 -0.305267 0.200672
0.575432 -0.282965 0.223131
-0.652992 0.249118 0.185136
-0.429624 -0.127583 0.467179
-0.432561 0.137776 0.455996
0.0186226 0.477211 0.413622
0.257987 0.573063 0.23314
0.229237 0.461743 0.355092
0.316289 0.355755 0.41629
-0.226028 -0.00192339 1.29541
-0.166996 0.142265 1.33905
-0.10483 -0.0131573 2.27349
-0.0453078 0.0704953 2.46017
-0.220963 -0.245725 0.784095
-0.197167 -0.220888 0.920948
0.0895229 -0.850936 0.126676
0.680235 0.214415 0.177337
0.637764 0.222477 0.199264
0.762465 0.344519 0.130997
0.808088 0.255828 0.128433
-0.212496 0.448895 0.382825
-0.212518 0.573327 0.247404
-0.0247243 0.441389 0.479212
0.0575124 0.40265 0.557405
0.479621 -0.709918 0.126426
0.444249 -0.729961 0.126899
0.582177 -0.644884 0.124017
0.61518 -0.623046 0.12277
-0.72857 -0.4313 0.128636
-0.660788 -0.429585 0.14521
-0.216369 -0.938024 0.112977
-0.293351 -0.9079 0.113444
0.325528 0.490987 0.268251
0.0255436 0.858223 0.126036
0.0605476 0.801742 0.14006
0.257807 0.859985 0.119181
0.312562 0.933828 0.112193
0.842858 -0.0632856 0.128975
0.86991 -0.143292 0.1217
-0.744052 -0.406397 0.128378
-0.61138 -0.244925 0.210474
0.697054 -0.0359841 0.185677
0.748129 0.0165039 0.160585
0.610263 -0.528863 0.13898
0.594683 -0.558499 0.136551
-0.394217 -0.631641 0.162255
-0.259854 -0.657029 0.18091
-0.413206 0.645609 0.153106
0.171142 0.833198 0.127752
-0.0508851 0.389421 0.592533
-0.345612 -0.128494 0.658976
-0.223025 -0.1625 1.01404
0.453633 -0.0884258 0.440694
0.116009 -0.485251 0.379289
-0.201523 -0.631955 0.207249
-0.300531 -0.4453 0.326153
-0.936888 -0.309877 0.112163
-0.891744 -0.0439047 0.119915
0.444742 0.497104 0.204761
0.227348 0.542279 0.269299
0.379068 -0.832961 0.116906
0.0313023 -0.768579 0.152067
0.140833 -0.686463 0.184104
-0.763516 0.178559 0.146583
-0.493725 -0.595707 0.150374
-0.367149 -0.490022 0.246743
-0.575126 -0.388354 0.187937
-0.591778 -0.455172 0.161328
0.673754 0.271549 0.170674
0.203907 -0.338961 0.585198
0.275473 0.0352673 1.00572
0.967415 0.178951 0.112218
-0.199357 -0.845259 0.124087
0.95093 -0.180383 0.112724
0.833264 -0.234835 0.124603
-0.625552 0.414603 0.15967
-0.602354 0.574915 0.132017
-0.496276 0.168226 0.343365
-0.405853 0.275325 0.392506
0.334606 0.0496302 0.756364
0.406287 0.107145 0.526137
0.371417 0.710841 0.140665
0.305493 0.791281 0.12832
-0.219648 0.0472765 1.30427
-0.22221 -0.0545082 1.27767
-0.0262267 -0.95995 0.113068
0.148743 -0.895566 0.117815
-0.478908 -0.708559 0.126768
0.480185 0.109384 0.389246
0.547002 0.119011 0.299174
0.672292 0.553361 0.123665
0.706231 0.483225 0.126659
0.375311 0.852783 0.115179
0.149314 0.863106 0.122708
0.00339597 -0.671366 0.201874
-0.106142 -0.667525 0.198938
0.961554 0.217385 0.112187
0.389275 -0.516253 0.2191
0.35773 -0.5487 0.212994
-0.54684 0.637395 0.130252
-0.407317 0.437204 0.260167
-0.425779 0.904827 0.112045
-0.210294 -0.341632 0.571053
-0.305703 -0.373989 0.404565
0.497691 -0.0378362 0.379067
-0.820069 -0.397825 0.117348
-0.897598 -0.404955 0.112197
-0.73869 -0.173067 0.156216
0.657112 0.106506 0.205647
0.284929 0.399717 0.391825
0.173994 0.455622 0.396939
0.714473 -0.699663 0.112068
-0.747173 0.155221 0.154443
-0.8879 0.0939694 0.119911
-0.0685263 0.456583 0.441598
-0.0638753 0.578297 0.275537
-0.0424267 0.951203 0.113587
-0.157871 0.906654 0.11632
0.122812 -0.579232 0.265323
0.313808 -0.498342 0.268415
0.25532 -0.516483 0.281382
0.572184 0.346779 0.203394
0.0451663 0.543799 0.31568
0.154631 0.824564 0.130462
-0.228601 0.813141 0.129127
-0.131323 0.728994 0.163937
-0.888534 -0.312226 0.114315
-0.165565 0.0785327 1.60144
-0.133064 0.0208196 2.01434
0.0293721 0.0214567 2.76686
-0.0603318 0.100662 2.17071
-0.721053 0.344103 0.14164
-0.729306 0.327329 0.141503
-0.823095 -0.504127 0.112838
-0.94431 0.160024 0.113227
-0.914263 0.181665 0.115131
0.751044 0.441763 0.123548
0.808126 0.427865 0.116996
0.796573 -0.57709 0.11224
0.704076 -0.49092 0.126103
0.733406 -0.511076 0.119754
0.879556 -0.364602 0.113565
-0.477771 0.698108 0.128812
0.0867471 0.676548 0.195075
-0.404168 -0.690576 0.141271
-0.766901 -0.0711646 0.151706
-0.379261 -0.870873 0.113722
-0.208035 -0.769172 0.142348
0.105194 0.573622 0.274047
-0.854942 -0.225739 0.121274
-0.570069 -0.785272 0.112628
-0.500564 -0.653948 0.134405
-0.96189 -0.2053 0.112227
0.530044 0.556485 0.152343
0.502907 0.535594 0.166715
-0.314667 0.238657 0.586859
-0.280108 0.261306 0.618305
0.969714 -0.0463633 0.112615
-0.808978 0.267954 0.127408
-0.833984 0.245063 0.123935
0.571451 0.808556 0.112123
0.64204 -0.216962 0.197826
0.681249 -0.270399 0.167509
0.792452 -0.363438 0.123442
0.76484 -0.339876 0.130938
-0.639974 0.354298 0.168196
-0.619071 0.326546 0.184556
-0.520415 0.193261 0.304476
-0.557496 0.244957 0.249686
0.10933 0.20223 1.27074
0.138828 0.291924 0.810265
0.376729 0.591882 0.183615
0.39432 0.623798 0.165188
-0.472845 -0.0855613 0.40868
-0.703273 -0.537178 0.121134
-0.821149 -0.570714 0.112045
0.51653 0.150815 0.325004
0.494706 0.18525 0.337724
0.809017 0.587785 0.112035
-0.117647 0.625848 0.226504
-0.0754066 0.529625 0.329003
0.75194 0.223411 0.146507
0.70445 0.152408 0.173488
0.622323 -0.424908 0.15836
0.596564 -0.403289 0.173803
0.496089 -0.622678 0.142554
0.461874 -0.64268 0.144102
-0.266236 0.886844 0.115726
-0.310056 0.879168 0.115131
0.0368335 -0.230753 1.24734
0.0404758 -0.284708 0.959164
0.112965 0.35819 0.639108
0.568647 -0.735715 0.115343
0.601302 -0.713824 0.115023
0.459645 -0.800214 0.116036
0.444855 -0.874884 0.112253
0.198137 0.932108 0.113509
0.232367 0.956774 0.1122
0.228199 -0.769472 0.140492
0.383895 -0.665293 0.152471
0.947985 -0.280542 0.112136
-0.797385 0.571158 0.112277
-0.708793 0.442135 0.131333
-0.729266 0.474113 0.123817
0.489089 0.376252 0.242577
0.491275 0.793541 0.115026
0.296552 -0.944246 0.112122
-0.856941 0.395303 0.114144
-0.945668 -0.126038 0.113448
0.883752 -0.432132 0.112215
0.626204 -0.556724 0.130716
-0.0927742 -0.908535 0.117134
-0.954035 0.0568429 0.113328
-0.686101 0.0253006 0.19232
0.769656 -0.611588 0.112243
0.745778 -0.590923 0.113619
-0.351399 -0.606477 0.18399
-0.725084 0.0894368 0.168648
-0.508846 0.841836 0.112226
-0.491284 0.815085 0.113601
-0.0195257 0.261304 1.08485
-0.0419117 0.242025 1.17604
-0.327086 -0.689772 0.154347
-0.381146 -0.239632 0.463184
-0.431443 -0.744677 0.125626
-0.939089 -0.110321 0.114005
0.363976 0.352374 0.367826
0.268173 0.361416 0.463561
0.440784 0.553549 0.180336
0.466383 0.559278 0.169801
-0.291887 0.211564 0.68378
-0.355283 0.224581 0.525742
-0.865688 -0.0762886 0.123981
0.0708412 -0.985849 0.112146
-0.775048 0.3332 0.129332
-0.749719 0.352214 0.133134
-0.260536 0.663641 0.177475
-0.201059 0.781121 0.139274
-0.597489 -0.494442 0.149705
-0.578491 -0.550095 0.141871
-0.906996 0.145764 0.116515
-0.937503 0.114964 0.114081
0.175224 -0.519741 0.312223
0.184319 -0.645649 0.201843
0.567637 0.746799 0.114616
0.704873 -0.19827 0.167865
0.724316 -0.251654 0.153016
0.566283 -0.166175 0.267232
-0.570591 0.544438 0.145046
-0.585548 0.607059 0.129385
-0.596906 0.356833 0.18711
-0.57589 0.328017 0.207614
0.00263959 0.132893 2.02984
0.138145 0.121495 1.59525
0.270332 0.540281 0.254017
0.337073 0.505315 0.251044
-0.36875 -0.712962 0.140497
-0.448278 -0.737777 0.125085
-0.218293 0.160025 1.04032
-0.184922 0.170274 1.1432
-0.0399114 -0.186869 1.54133
-0.0629697 -0.892746 0.119589
0.0082461 -0.864188 0.124904
-0.716172 -0.621806 0.11382
-0.746928 -0.60061 0.1132
0.41928 0.157212 0.467947
0.433584 0.109994 0.46881
0.775614 0.570312 0.112961
0.184985 0.862198 0.121671
0.170889 0.908241 0.115923
0.307977 -0.5994 0.2002
0.34881 -0.672061 0.156859
-0.0279733 -0.653004 0.213973
0.0671222 -0.690333 0.188199
-0.0895608 0.662621 0.203661
-0.029064 0.66573 0.205179
-0.615281 0.076286 0.240097
-0.644235 0.0113886 0.220745
0.777795 0.00114474 0.148876
0.725516 0.00518754 0.17111
0.813375 0.114996 0.134976
0.801826 0.0481209 0.140281
0.580248 -0.439807 0.169855
0.55602 -0.419981 0.186327
0.470815 -0.599908 0.154652
0.532379 -0.578929 0.14578
-0.353365 0.599569 0.186834
-0.318065 0.62111 0.185774
-0.21523 0.918627 0.114165
-0.132797 0.650215 0.207056
-0.0385239 0.338036 0.749697
-0.118462 -0.0536505 2.05597
-0.0495251 -0.0453842 2.58678
-0.111025 0.466649 0.410082
-0.286557 -0.322003 0.502272
-0.276517 -0.448432 0.339648
-0.380988 -0.385449 0.3202
0.361897 -0.0908769 0.646046
0.479682 -0.0212522 0.409235
-0.0228664 -0.34754 0.722565
0.839627 -0.27104 0.121598
-0.914505 -0.25566 0.113724
-0.924571 -0.35393 0.112128
-0.179473 -0.721851 0.162554
0.175746 -0.890458 0.117834
0.117842 -0.901999 0.117577
-0.163155 -0.494081 0.34837
0.545728 0.219404 0.269141
0.492422 0.578801 0.155733
0.517894 0.602787 0.143012
0.181522 0.330852 0.634056
0.190634 0.257598 0.821342
0.528852 -0.801966 0.113049
0.493241 -0.81934 0.113299
-0.936847 0.317375 0.112133
-0.638273 0.219954 0.19946
-0.588824 0.176313 0.244646
-0.11148 0.484078 0.382659
0.128046 0.949019 0.113243
0.183181 0.956325 0.112516
0.240555 -0.445679 0.368085
0.202545 -0.46818 0.362721
0.0942057 -0.670573 0.198171
0.188585 -0.687927 0.177286
0.929542 -0.315877 0.112247
0.872655 -0.259549 0.117479
-0.77281 0.604702 0.11227
-0.750584 0.572079 0.114149
-0.306508 -0.082254 0.833216
-0.287322 -0.137966 0.827843
-0.496374 0.373692 0.239003
-0.587868 0.500538 0.150973
0.535369 0.0129529 0.328257
0.478584 0.0810073 0.400624
0.555546 0.274369 0.240473
0.0154221 0.742176 0.163202
-0.925994 -0.144913 0.114677
0.556268 -0.0231244 0.302616
0.590807 -0.119902 0.255194
0.746807 -0.475698 0.121077
0.774232 -0.497 0.116363
0.750283 -0.378287 0.13014
0.722658 -0.355426 0.139648
-0.281536 -0.714341 0.15261
-0.300349 -0.631293 0.185019
-0.0570967 -0.574264 0.28038
-0.0293812 -0.632147 0.229604
-0.3812 0.118733 0.575876
0.860918 -0.45563 0.112498
-0.476972 0.482187 0.197483
-0.421542 0.623547 0.158689
-0.0696862 0.152395 1.72808
-0.0405881 0.174405 1.63465
0.24251 0.155868 0.955988
0.274731 0.275359 0.602408
-0.403779 -0.220347 0.444659
-0.203555 0.289988 0.703054
-0.116462 -0.313146 0.77108
0.0968623 -0.546693 0.304396
0.271077 -0.31557 0.535501
0.307657 -0.219013 0.633445
-0.527686 -0.829951 0.112232
-0.70195 -0.149413 0.17502
-0.712197 0.0792099 0.175601
-0.743335 -0.0103654 0.162748
0.139213 -0.0314948 1.94259
0.226267 -0.0730147 1.22248
0.46692 0.218105 0.355359
0.537839 0.51162 0.163238
0.489719 0.481831 0.192074
-0.288211 0.288362 0.555134
-0.195664 0.302022 0.68569
-0.344568 0.300135 0.450369
-0.417149 0.319493 0.341424
0.803245 -0.250342 0.129883
0.847717 -0.177245 0.124553
0.207398 -0.726499 0.157546
0.147764 -0.767463 0.147509
-0.791938 0.270752 0.130951
-0.778101 0.226925 0.138093
-0.750574 0.438818 0.123889
-0.773543 0.471343 0.118066
-0.452108 0.0179308 0.45886
-0.0993921 -0.450645 0.442038
0.184216 0.778297 0.141385
-0.63505 -0.551511 0.12994
-0.647094 -0.652587 0.116478
-0.601758 -0.613399 0.125911
-0.789566 0.0552643 0.144066
-0.881589 0.243309 0.116986
-0.855335 0.266255 0.119468
0.214341 -0.635731 0.202175
0.277302 -0.604787 0.205885
0.408459 -0.377582 0.303222
0.304465 -0.36932 0.411756
0.882161 0.357616 0.113596
0.946752 0.272894 0.112191
0.489085 0.828204 0.113019
0.135216 0.795508 0.139167
0.0910065 0.768137 0.150454
0.397322 -0.334069 0.350034
0.535533 -0.259245 0.262551
0.524177 -0.311865 0.248757
-0.586061 0.204086 0.239638
-0.59846 0.242488 0.219746
-0.514815 -0.0300879 0.3548
-0.605944 -0.0355428 0.251456
0.0199293 0.58818 0.2688
0.354297 0.44822 0.286424
-0.272523 0.183724 0.790592
-0.280521 0.12 0.882583
0.866431 -0.290044 0.117083
-0.265804 -0.220138 0.733066
-0.318465 -0.234557 0.585362
0.0142649 -0.163922 1.75367
-0.0682888 -0.962266 0.112869
-0.275331 -0.475253 0.311437
0.0239983 -0.857003 0.126306
0.0516577 -0.823849 0.133899
0.628533 0.189765 0.211931
0.603099 0.158623 0.237106
0.787628 0.293459 0.130057
0.877185 0.277253 0.116379
-0.2401 0.554033 0.254326
-0.336947 0.527155 0.235336
0.0410511 0.450693 0.458606
0.0103386 0.519622 0.34925
0.506566 -0.733676 0.120101
0.541158 -0.712293 0.119653
0.555705 -0.622456 0.131574
0.521951 -0.644709 0.132825
-0.668237 -0.413426 0.146011
-0.217524 -0.962597 0.11216
0.56722 0.765635 0.113515
0.0666284 0.851477 0.126992
-0.0109147 0.837033 0.130913
0.239144 0.923044 0.113477
0.242381 0.905677 0.114649
0.996493 -0.0836778 0.11203
-0.751891 -0.288683 0.139625
-0.79746 -0.309766 0.126695
0.676585 -0.00674446 0.19851
0.65486 -0.0482764 0.211828
0.853711 -0.104675 0.125734
0.937238 -0.0424042 0.114596
0.68601 -0.525424 0.12494
0.663333 -0.506727 0.131492
0.0440487 -0.218562 1.31528
0.68142 -0.607636 0.117167
-0.120435 -0.845454 0.127019
-0.347094 -0.771247 0.12887
-0.616064 -0.0107411 0.243345
-0.441845 0.695186 0.134359
-0.379443 0.817044 0.118755
-0.42528 0.801204 0.117928
0.328087 0.388493 0.365097
0.118157 0.510746 0.343099
-0.112236 0.330452 0.72011
-0.136498 0.231502 1.0502
-0.222987 -0.093586 1.19803
-0.283682 -0.0604159 0.947962
-0.310041 -0.0126792 0.861256
-0.422735 0.0586852 0.511268
0.0934612 -0.354621 0.664779
0.0289092 -0.34141 0.741354
-0.267495 -0.590198 0.218082
-0.224912 -0.61091 0.215879
-0.982177 -0.0717847 0.112192
-0.827706 -0.133966 0.130555
-0.171897 -0.706545 0.170316
-0.0510262 -0.717941 0.173995
-0.144956 -0.7034 0.174772
-0.108522 -0.815016 0.13477
0.00281021 0.280823 0.99053
0.0921574 0.246145 1.08113
0.430954 0.464969 0.228734
0.41619 0.440642 0.252237
0.402597 0.378799 0.307203
-0.182118 0.108009 1.39073
0.297486 -0.847774 0.119101
0.21691 -0.936593 0.113032
0.0637484 -0.716504 0.174173
0.0689178 -0.733802 0.165609
-0.871455 0.325665 0.115298
-0.841736 0.346045 0.11752
-0.823824 0.232054 0.126615
-0.846836 0.208345 0.123403
-0.103403 0.708208 0.176042
-0.165926 0.755225 0.150541
-0.509315 -0.47922 0.184911
-0.560741 -0.47738 0.165936
-0.52962 -0.386149 0.212675
-0.484118 -0.327189 0.272988
0.320692 -0.437969 0.319111
-0.939852 -0.0533441 0.114344
-0.297822 0.0405787 0.90171
0.22217 -0.19978 0.909088
0.922112 0.158357 0.114826
0.529487 0.688827 0.124004
0.504548 0.722177 0.121823
0.670914 0.676154 0.113549
0.806326 -0.325254 0.123885
0.833467 -0.349265 0.118348
0.921052 -0.214006 0.113995
0.337968 0.35551 0.392461
0.682103 -0.148928 0.185548
0.606248 -0.0928167 0.245825
-0.659203 0.574065 0.123024
-0.682724 0.606295 0.117161
-0.686123 0.475756 0.131456
-0.514092 0.241898 0.289864
-0.466251 0.207317 0.362543
-0.467516 0.301948 0.302837
-0.445904 0.271713 0.345846
0.36185 0.159348 0.585816
0.382103 0.0591531 0.608584
0.362973 0.631319 0.169774
0.393953 0.679029 0.146271
-0.0177242 0.604994 0.253009
0.0267333 -0.0376815 2.71563
-0.18344 0.0408422 1.56482
-0.203552 0.0221472 1.43966
-0.0832116 -0.804229 0.138692
0.0315119 -0.891979 0.119956
0.00685241 -0.96242 0.11297
-0.462377 -0.763451 0.119969
0.421291 0.0130226 0.523064
0.746316 0.551479 0.115527
0.606421 0.593651 0.128208
0.353517 0.822866 0.119519
-0.546803 -0.131213 0.296299
0.133811 0.853988 0.124856
0.403435 -0.635879 0.158547
0.436961 -0.618833 0.156688
0.45396 -0.419434 0.241751
0.506864 -0.526981 0.16837
0.0216395 -0.737829 0.16512
0.122347 -0.739272 0.16016
-0.503656 -0.098479 0.358288
-0.473029 -0.0534805 0.416162
-0.548573 0.169746 0.28334
-0.559363 0.19714 0.26441
0.808682 0.0800436 0.137461
0.715531 0.0321818 0.175735
0.714617 0.068164 0.17494
0.905407 0.219459 0.11518
0.72613 0.370759 0.1367
0.659912 0.281729 0.175093
0.468012 -0.391033 0.248829
0.52804 -0.399905 0.207864
0.444353 -0.575388 0.170376
0.423727 -0.474919 0.226765
-0.230885 0.680847 0.17438
-0.521683 0.673021 0.127545
-0.264653 0.448438 0.347867
-0.356797 0.366333 0.360973
-0.369498 0.893809 0.112756
0.28576 -0.19592 0.728737
-0.329491 -0.443702 0.307331
0.174719 0.218999 0.994047
-0.26121 -0.190613 0.810257
0.206593 -0.111638 1.24034
0.148248 -0.241452 0.979019
0.487974 -0.207693 0.334987
0.415019 -0.267937 0.386935
-0.80078 -0.4336 0.117454
-0.437875 -0.561637 0.1779
-0.417731 -0.62389 0.15951
-0.520862 -0.564966 0.152372
0.217369 -0.829569 0.126259
0.125142 -0.840655 0.127902
0.331642 0.142738 0.682074
0.201927 0.41518 0.441622
0.188343 0.359933 0.558657
0.250505 0.512212 0.287714
0.619869 0.441347 0.155306
0.659899 -0.702724 0.112906
-0.14489 -0.31956 0.714131
-0.811151 0.101062 0.136097
-0.146798 0.544537 0.294444
-0.152127 0.4598 0.402344
-0.0255508 0.89494 0.119552
0.0753904 0.967195 0.112634
0.107174 -0.513854 0.342159
0.0966219 -0.475718 0.400508
0.261146 -0.549694 0.250039
-0.395537 0.367162 0.323065
0.516711 0.374128 0.225653
0.566609 0.398527 0.188697
-0.643054 -0.249519 0.190449
0.44154 0.203047 0.399663
0.86515 -0.46931 0.112202
0.834596 -0.447847 0.113897
0.640017 -0.288236 0.183443
0.612651 -0.26554 0.204294
0.638224 -0.387212 0.161376
0.665077 -0.409165 0.147761
-0.391239 -0.772559 0.124555
-0.653019 0.736449 0.112207
0.679208 -0.512672 0.127686
-0.0966477 0.106462 1.93311
-0.111966 0.170235 1.44673
0.053279 0.574814 0.280192
-0.0538212 0.0555662 2.5106
0.408045 -0.856461 0.11379
0.390022 -0.773986 0.124426
0.416483 -0.706384 0.135362
0.379384 -0.721105 0.136831
-0.713234 0.253394 0.156969
-0.683182 0.260051 0.168458
-0.661284 0.323823 0.165942
-0.681782 0.350503 0.153067
-0.863512 0.464938 0.112274
-0.83822 0.431868 0.114204
-0.6921 -0.500402 0.127039
-0.633773 -0.488888 0.141174
-0.800015 -0.540109 0.112838
-0.778017 -0.574478 0.112759
-0.97272 0.15718 0.112178
0.816334 0.491974 0.113506
0.801078 0.52773 0.113147
0.43346 0.872541 0.112488
0.460717 0.696405 0.131424
-0.606761 0.124958 0.240547
0.850198 -0.031815 0.127715
-0.102993 -0.6182 0.234522
-0.209934 -0.377469 0.500381
-0.354446 -0.901897 0.112678
-0.440165 -0.198838 0.40461
-0.4691 -0.390253 0.248536
0.000531266 -0.494222 0.386545
-0.122751 -0.403378 0.522683
0.0649686 -0.539157 0.318891
0.0221505 -0.583779 0.273064
-0.459531 -0.637216 0.146096
-0.587785 -0.809017 0.112055
-0.919635 -0.174662 0.114777
0.253239 0.293065 0.606791
0.510121 0.440935 0.199965
0.408867 0.490439 0.225176
-0.405194 0.211571 0.450084
-0.423044 0.24255 0.396968
0.187381 -0.982287 0.11205
-0.314296 0.701673 0.15221
-0.600938 -0.414876 0.168794
-0.624523 -0.444106 0.153173
-0.979576 0.0365104 0.112288
-0.956616 0.0190157 0.113283
-0.58465 0.423693 0.172831
0.0087158 0.116302 2.17653
0.0833162 -0.123783 1.88573
0.34534 0.597136 0.190405
0.328399 0.563041 0.21528
-0.20825 0.0920462 1.28481
-0.149122 0.118257 1.54656
-0.112324 0.189136 1.33508
-0.152211 0.176755 1.24989
-0.240873 -0.0840826 1.12241
-0.138514 -0.0935807 1.73158
-0.714473 -0.699663 0.112045
0.479832 0.127727 0.38293
0.548015 0.448864 0.179898
0.657601 0.475857 0.13775
0.0368263 0.785354 0.145889
0.0415715 0.674061 0.199342
0.264447 0.618508 0.201039
0.334088 -0.522992 0.239601
0.0868765 -0.620454 0.234718
-0.201284 0.609492 0.222623
-0.088727 0.563123 0.287818
-0.70169 0.193915 0.169892
-0.761516 0.0860499 0.153163
-0.674686 -0.0856005 0.196313
-0.74232 -0.101508 0.160193
0.81319 -0.060929 0.136658
0.735612 -0.0681724 0.16483
0.751374 -0.14973 0.153247
0.787222 0.134765 0.141734
0.823544 0.212522 0.127768
0.578298 -0.511106 0.151086
0.50494 -0.581977 0.151585
-0.155453 0.575734 0.261246
0.168341 0.736179 0.15768
-0.538515 -0.760449 0.115181
0.00843528 0.922973 0.116033
-0.0524894 0.845244 0.128596
-0.152504 0.405273 0.497977
-0.258002 0.330931 0.527345
0.0085388 0.0480774 2.70589
-0.19999 -0.275897 0.747891
-0.243241 -0.299069 0.611685
0.258436 -0.0261159 1.09712
0.300572 -0.113398 0.818257
-0.396856 -0.337112 0.347877
-0.262469 -0.55659 0.244057
-0.831819 -0.305059 0.120992
-0.856517 -0.377858 0.114766
-0.379828 -0.636708 0.163656
-0.428211 -0.522896 0.198982
-0.43858 -0.485885 0.213315
-0.319638 -0.917686 0.11257
-0.197437 -0.8844 0.118042
-0.0517316 -0.220261 1.29414
0.185822 -0.16684 1.1524
0.592231 -0.00964827 0.265084
0.679939 0.0876223 0.19295
0.107331 0.3942 0.553029
0.106191 0.328068 0.734144
-0.957992 0.239061 0.112152
-0.737533 0.218996 0.152031
-0.762581 0.233355 0.142129
0.101825 0.98053 0.11218
0.0894646 0.888468 0.119878
0.334959 -0.398445 0.348078
0.222585 -0.41625 0.423119
0.23237 -0.710299 0.161009
0.273077 -0.748832 0.142262
-0.238115 -0.0482379 1.19169
-0.209734 -0.0300129 1.38992
-0.48595 0.332139 0.268738
-0.544262 0.374269 0.20913
-0.390037 0.299241 0.390642
-0.464108 0.366723 0.265902
0.46674 -0.156971 0.389442
0.0619704 0.0172492 2.60799
0.328767 0.127767 0.708293
0.321228 0.272918 0.523091
0.370473 -0.22013 0.502349
0.256048 -0.133073 0.954585
-0.484408 -0.747162 0.120287
-0.545214 -0.717948 0.11866
-0.544358 -0.683131 0.123103
-0.785024 0.13259 0.142557
-0.802785 0.173046 0.13503
-0.210399 0.218521 0.889995
-0.215028 0.368051 0.512406
-0.0755657 0.361176 0.658159
0.927569 0.0865449 0.115188
-0.548209 -0.523613 0.156483
-0.870738 0.18355 0.120362
0.396995 -0.411757 0.285753
0.430776 -0.39969 0.26969
0.775087 0.403519 0.123075
0.796176 0.361264 0.122998
0.331352 0.86102 0.116072
0.328012 0.900572 0.113174
-0.396658 -0.101176 0.551162
-0.357937 -0.055851 0.678346
-0.366442 -0.0242838 0.663294
-0.464919 0.050861 0.430698
-0.150376 0.0472316 1.81247
-0.10112 0.022095 2.29356
-0.10184 0.377336 0.597394
-0.130234 -0.171095 1.36844
0.154722 -0.97008 0.112248
0.737202 0.192789 0.154899
0.686717 0.184803 0.17844
0.131178 0.436829 0.451885
0.157544 0.429974 0.448514
-0.141728 -0.942876 0.113479
-0.126386 -0.916816 0.115776
-0.148962 0.933491 0.114022
-0.113428 0.910527 0.116644
-0.629314 -0.37045 0.16881
-0.553396 -0.250423 0.25103
-0.806477 -0.170831 0.134186
-0.43476 -0.367044 0.288983
-0.453849 0.553769 0.175913
-0.374759 0.34763 0.361293
0.259856 -0.861465 0.118896
0.31591 -0.723422 0.144785
0.93426 0.308332 0.112208
0.425544 0.612464 0.161685
0.448619 0.643304 0.146535
0.562281 0.684434 0.121023
0.544935 0.62133 0.133634
-0.471154 0.0792446 0.41327
-0.563726 0.107937 0.283652
0.00280868 -0.108217 2.25149
-0.0371851 -0.907302 0.1178
-0.0774106 -0.916814 0.116364
0.521896 0.343124 0.236285
0.544994 0.324893 0.228322
0.542446 0.137133 0.299507
0.597542 0.0712476 0.256217
-0.780153 -0.474057 0.117172
0.723554 -0.568767 0.116342
-0.328988 0.425123 0.325778
0.689845 -0.681847 0.11265
0.726519 -0.645813 0.112568
-0.474751 0.786347 0.11653
-0.18805 -0.484515 0.349174
-0.410572 0.875514 0.112769
-0.455361 0.857091 0.11262
-0.010444 0.210813 1.39565
0.00552379 0.18409 1.59423
-0.31698 -0.168316 0.688705
-0.386009 -0.169695 0.522731
0.176561 0.296863 0.732089
0.403854 0.58232 0.179756
0.376065 0.531824 0.215612
-0.799211 0.351277 0.123223
-0.813793 0.399445 0.11797
-0.82749 0.287547 0.122687
-0.807679 0.314657 0.124389
-0.297642 0.536239 0.245861
-0.226627 0.627881 0.204418
0.617616 0.727088 0.113437
0.748812 -0.277774 0.141733
0.779822 -0.300432 0.131242
0.684114 -0.235586 0.172071
0.141579 0.703755 0.174944
0.0864636 0.197768 1.36274
-0.55457 0.299467 0.231651
-0.533437 0.271123 0.259312
0.223733 0.573093 0.244163
0.311507 0.600512 0.198565
-0.0856544 -0.0556059 2.30527
-0.0375664 -0.84691 0.128395
-0.0175028 -0.824544 0.134086
0.701912 0.646729 0.11343
0.206433 0.866599 0.120206
0.283346 0.693493 0.160221
0.382894 -0.57214 0.191224
0.347195 -0.589157 0.193991
-0.284518 0.92257 0.112823
-0.24375 0.931372 0.112949
-0.136141 -0.60947 0.236374
-0.185776 -0.656629 0.194874
0.646335 0.164017 0.204872
0.144373 0.327998 0.690317
0.59783 -0.758424 0.112815
0.56442 -0.78096 0.112908
-0.922542 0.279626 0.112908
-0.89847 0.304764 0.11379
-0.883163 0.34045 0.11394
-0.900237 0.390345 0.112263
-0.72638 -0.273296 0.149496
0.866622 -0.370781 0.114234
0.898672 -0.394405 0.112253
-0.728109 0.539798 0.117997
-0.705823 0.507968 0.123858
-0.702323 0.638216 0.113777
-0.191311 -0.800318 0.13459
-0.554641 0.468 0.171015
0.791896 0.591223 0.112146
0.807013 -0.424134 0.117324
0.778413 -0.401221 0.122731
0.695113 -0.332845 0.151502
0.667598 -0.310492 0.165972
0.692465 -0.431288 0.13656
0.719827 -0.453563 0.127715
-0.569621 0.762026 0.113613
-0.164522 -0.83681 0.127271
0.0780681 0.521151 0.339451
0.207795 0.539769 0.279027
0.236675 -0.040088 1.20885
-0.59306 -0.197941 0.235773
0.337123 -0.316062 0.440722
0.369641 -0.262082 0.457641
-0.788626 -0.0323044 0.144837
-0.797046 -0.113606 0.139712
-0.711252 0.303901 0.150459
-0.745598 0.294484 0.140802
-0.797058 0.503962 0.1142
-0.820893 0.536836 0.112274
-0.303589 0.833754 0.120778
0.116589 0.643364 0.213823
-0.386458 0.746063 0.130154
-0.347229 0.761371 0.130996
-0.702912 -0.560219 0.11904
-0.939693 0.200027 0.113063
-0.910303 0.221794 0.114706
0.838639 0.453745 0.113471
0.425576 0.784695 0.119931
0.585702 -0.343972 0.196853
0.611783 -0.36557 0.177621
0.587027 -0.241558 0.228103
0.219414 0.0607774 1.28451
-0.622164 0.268584 0.197818
-0.641905 0.297366 0.1804
-0.00969594 -0.987008 0.11216
0.761345 0.30778 0.135048
0.767609 0.159376 0.146666
0.487781 -0.665874 0.133899
0.452754 -0.686208 0.13479
0.471476 -0.754268 0.120418
0.574998 -0.690228 0.1191
0.608726 -0.666731 0.118473
0.626782 -0.575553 0.127687
0.590305 -0.600145 0.129777
-0.172841 -0.902388 0.116497
-0.244765 -0.89194 0.115841
0.277591 0.911707 0.113504
-0.753704 -0.380096 0.129231
-0.779892 -0.404235 0.122262
0.635448 -0.483596 0.141781
0.605702 -0.462744 0.1548
0.370714 -0.911372 0.112213
0.357509 -0.496857 0.246864
-0.642947 0.468914 0.142679
-0.620311 0.386043 0.168622
0.631949 0.546561 0.131312
0.565022 0.528991 0.150277
0.716749 0.438617 0.130127
0.757286 0.472002 0.12001
0.925137 0.246823 0.113228
-0.844674 -0.432063 0.113784
-0.120703 -0.434009 0.462716
-0.703938 0.378282 0.141573
-0.727561 0.407392 0.131705
0.447839 -0.836065 0.113795
0.198611 0.95121 0.112573
0.960183 -0.212332 0.112227
0.410691 0.220704 0.433448
0.719247 -0.619644 0.113748
-0.293609 -0.596588 0.206161
-0.383621 -0.575032 0.189576
-0.455449 0.829133 0.113991
-0.376357 -0.655547 0.157373
-0.339261 -0.202661 0.586184
-0.371043 -0.212647 0.50952
-0.0670421 -0.752818 0.157441
0.358873 0.253481 0.484796
0.169072 -0.821156 0.130611
-0.791074 0.368386 0.123291
-0.284624 0.686752 0.162738
-0.56369 -0.497795 0.159014
-0.896187 0.122879 0.118234
0.865093 0.0655231 0.124252
0.596641 0.742356 0.113543
0.730424 -0.222406 0.154279
-0.597663 0.547558 0.138084
-0.558173 0.410622 0.188565
0.0243 0.18063 1.60893
0.336064 0.543483 0.2248
-0.379537 -0.756391 0.128734
-0.210404 0.185135 0.993125
0.12775 -0.304094 0.786212
-0.743145 -0.669131 0.112051
0.449354 0.139081 0.426033
0.48518 0.172208 0.356033
0.117688 0.864451 0.123344
0.336402 -0.629756 0.176938
0.0391507 -0.613282 0.244796
-0.0751869 0.688021 0.189063
0.54922 -0.454153 0.177593
0.496553 -0.487239 0.18698
-0.329193 0.652441 0.168556
-0.186622 0.933778 0.113557
-0.157637 0.969455 0.112245
0.0331122 0.346665 0.722806
-0.0739092 -0.0826623 2.22744
-0.294577 -0.295454 0.532762
-0.356636 -0.258473 0.482574
-0.329149 -0.466056 0.28725
-0.508544 -0.717553 0.12209
0.189911 -0.200365 1.01367
0.150426 -0.94157 0.113488
0.069147 -0.390946 0.581451
0.0287012 -0.39121 0.593671
0.583743 0.196292 0.243578
0.605715 0.238697 0.215836
0.193953 0.284148 0.736749
0.2417 0.321297 0.568876
0.553392 -0.832921 0.112035
-0.925242 0.332246 0.112219
-0.618501 0.18773 0.219243
-0.13859 0.37624 0.571571
0.125333 0.992115 0.112059
0.217911 -0.470054 0.351484
0.208395 -0.579195 0.243903
-0.258358 -0.1137 0.984035
0.573535 -0.049556 0.281853
-0.0417811 0.717574 0.17449
0.762356 0.0927691 0.152554
0.68627 -0.0804013 0.189712
-0.0404111 -0.564908 0.291809
-0.504593 0.535871 0.166067
-0.513687 0.438483 0.199318
-0.109801 0.211373 1.21992
0.212208 0.20078 0.938456
-0.105136 -0.227677 1.14629
-0.0777161 -0.307305 0.834781
0.245558 -0.324475 0.557015
0.250525 -0.393244 0.43329
-0.366188 0.423864 0.298801
-0.692612 0.0100031 0.188716
-0.868678 -0.203956 0.12
0.0923802 0.101463 1.99146
0.540842 0.488417 0.169528
-0.296235 0.354402 0.441114
0.824733 -0.143418 0.130898
-0.0759788 0.719156 0.172283
-0.00295878 0.77101 0.151387
-0.622268 -0.584801 0.127038
-0.619407 -0.539195 0.135038
-0.921113 0.0439152 0.116133
0.363628 -0.41649 0.307084
0.901808 0.39338 0.112215
0.28074 0.744746 0.142645
0.332546 -0.23714 0.553257
-0.0747452 0.492672 0.380238
0.321786 0.438112 0.318262
0.133886 -0.534424 0.309407
-0.0990637 -0.0272313 2.30059
-0.127774 0.00529114 2.07472
0.0202112 0.00464501 2.81942
-0.21674 0.651294 0.192434
0.00692544 -0.804387 0.139933
-0.00367924 -0.836111 0.131145
-0.193983 0.499385 0.328055
-0.0195695 0.472685 0.421277
0.00157037 0.419224 0.528215
-0.691944 -0.484771 0.129037
0.553452 0.733472 0.116485
0.292513 0.939757 0.112203
0.955659 -0.0327888 0.113301
-0.778411 -0.360575 0.126196
-0.77504 -0.327326 0.129894
0.713611 -0.0900609 0.174232
0.464747 -0.265809 0.32845
0.818416 -0.0922684 0.134382
0.641884 -0.546554 0.129483
-0.397945 0.723128 0.133935
0.0293126 0.203746 1.43241
-0.0811705 0.243063 1.11594
-0.313898 -0.108268 0.778191
-0.168055 -0.510954 0.325331
-0.904253 -0.284188 0.113873
-0.924298 -0.0305013 0.115839
-0.971053 0.0113107 0.112591
-0.151174 -0.737597 0.158595
-0.122358 -0.784932 0.143109
-0.0182857 0.366476 0.664165
0.293642 0.164968 0.761532
0.385479 0.559249 0.196892
0.368838 0.482874 0.250834
0.419649 0.405164 0.274005
-0.239702 0.103302 1.09023
0.943397 -0.0743002 0.113954
0.119838 -0.707224 0.175236
-0.874639 0.358668 0.114024
-0.82075 0.202313 0.128952
-0.318856 0.562573 0.219063
-0.170477 0.696039 0.175545
-0.174652 0.656827 0.196592
-0.597191 -0.311109 0.200551
-0.892776 -0.149195 0.118163
-0.844815 -0.093224 0.127917
0.217198 -0.383346 0.482283
0.151438 -0.359948 0.598294
0.859518 0.215456 0.120973
0.476625 0.663479 0.136233
0.295632 -0.785909 0.130287
0.844834 -0.312847 0.11873
0.720997 -0.128848 0.167769
-0.654613 0.481898 0.137406
-0.640445 0.50697 0.136251
-0.44131 0.367308 0.283425
0.0694583 -0.141207 1.81489
0.383356 0.137187 0.556264
0.366067 0.667707 0.155104
0.0882614 -0.272444 0.964549
0.0111376 -0.0550717 2.65904
-0.071453 -0.833975 0.130932
0.0489509 -0.933228 0.114933
-0.00851571 -0.91135 0.11736
-0.469933 -0.789454 0.116519
0.331121 0.0901974 0.739605
0.514495 0.0515102 0.352917
0.73159 0.509463 0.120113
0.384756 0.792075 0.121884
-0.129463 -0.487331 0.371352
0.505552 -0.407208 0.217179
0.0343568 -0.704194 0.181748
-0.248379 -0.487569 0.313862
-0.56268 0.00808406 0.295796
0.821957 0.0470492 0.134474
0.844586 0.0214315 0.129055
0.676919 0.050383 0.19714
0.95091 0.153308 0.11294
0.768119 0.250315 0.138886
0.704102 0.269643 0.158194
0.386535 -0.552579 0.199956
-0.538947 0.59266 0.140979
-0.387516 0.921863 0.112054
-0.243431 -0.168369 0.921398
0.23569 -0.290651 0.642961
0.109933 -0.294 0.84685
0.544343 -0.243791 0.261192
0.53357 -0.20111 0.287646
-0.875462 -0.445802 0.112235
0.23389 -0.903952 0.114981
0.575546 0.12692 0.268002
0.0908189 0.49068 0.37918
0.684547 -0.728969 0.112048
-0.871715 0.167035 0.120745
-0.823787 0.0358526 0.134131
-0.0966798 0.443908 0.455348
-0.199251 0.403855 0.462975
0.0861682 -0.502594 0.363087
0.228063 -0.58107 0.236557
0.449386 0.256621 0.352291
0.486165 0.239813 0.320069
0.106153 0.815268 0.134787
0.429428 -0.312538 0.334011
-0.0361542 0.813636 0.136961
-0.127054 0.819927 0.132755
-0.216941 0.334188 0.577945
-0.141404 0.133331 1.51584
-0.133349 0.117004 1.64759
-0.0388777 0.000446671 2.75463
0.17923 0.634885 0.209734
0.440459 -0.751797 0.123533
-0.701268 0.319029 0.151599
-0.690971 -0.439025 0.135753
-0.668275 -0.534724 0.126628
-0.800876 -0.506992 0.113841
-0.970182 0.177829 0.112164
0.759589 0.50211 0.117492
0.395714 0.733207 0.131872
0.704742 0.671414 0.112519
-0.261398 -0.621023 0.200293
-0.181683 -0.607918 0.228306
-0.0555483 0.14458 1.83622
-0.0232841 0.10535 2.25425
-0.332504 -0.803486 0.123857
-0.416124 -0.183871 0.454151
-0.392253 -0.26651 0.419314
-0.375149 0.0455421 0.632429
0.0711194 -0.597249 0.256464
-0.475533 -0.640426 0.142066
-0.950944 -0.173482 0.112773
-0.00555979 -0.776419 0.14935
-0.0782406 -0.646409 0.215759
0.253122 0.438065 0.368755
0.163767 0.416434 0.468576
0.488517 0.436135 0.213092
0.461536 0.522977 0.185933
-0.369737 0.279865 0.437982
0.53811 -0.138188 0.30395
0.0742499 -0.94434 0.113894
-0.396312 -0.370861 0.319252
0.246994 -0.925393 0.113238
-0.806774 0.23678 0.130011
-0.249514 0.792104 0.13259
-0.366177 0.727176 0.137044
-0.615804 -0.463765 0.15144
-0.891228 0.015161 0.120148
0.1048 -0.407056 0.525759
0.150111 -0.61844 0.226847
0.53866 0.782429 0.113701
0.46108 0.809034 0.115217
0.612058 -0.159978 0.2298
0.539325 -0.120543 0.307409
0.650104 -0.249241 0.18666
-0.619575 0.431212 0.157813
0.291561 0.463323 0.313592
-0.200708 0.134675 1.19902
-0.116365 0.148048 1.56161
-0.212679 -0.078854 1.29046
0.01198 -0.932385 0.115104
-0.759095 -0.57507 0.113553
0.357538 0.291061 0.44272
0.832921 0.553392 0.112054
0.088995 0.793877 0.141696
-0.21209 -0.496277 0.323041
0.284999 -0.636974 0.185765
0.271638 -0.589632 0.217187
0.0503267 -0.645872 0.218169
0.0443713 -0.66273 0.206647
0.21849 -0.687914 0.172962
-0.0977265 0.588948 0.260647
-0.69491 0.10983 0.182532
-0.612339 0.154745 0.230598
0.764866 0.00863984 0.153745
0.768319 -0.0705715 0.151178
0.500333 -0.601808 0.147134
-0.298877 0.58047 0.214538
-0.337026 0.408813 0.335599
0.020436 0.826317 0.133592
0.0119364 0.370546 0.653071
-0.151819 0.28837 0.800867
-0.324974 -0.334268 0.433438
-0.216121 -0.314521 0.622298
0.345864 0.00701619 0.730274
-0.41046 -0.33063 0.339344
-0.0161543 -0.32041 0.820021
-0.00826787 -0.239256 1.21265
-0.789041 -0.386491 0.122232
-0.311597 -0.880475 0.114948
0.140644 -0.505369 0.342621
-0.0333186 -0.256577 1.1027
0.514145 0.131021 0.334701
0.720378 0.565493 0.116852
-0.952933 0.259179 0.11215
-0.683807 0.232049 0.172783
0.0284706 0.923581 0.115936
0.164038 0.936201 0.113678
0.262408 -0.46836 0.326622
0.284098 -0.66998 0.170017
0.949507 -0.24891 0.112249
-0.276696 0.00648205 1.00998
-0.353203 0.0800216 0.678657
0.428952 -0.166111 0.444723
0.65977 0.455439 0.140772
-0.0648189 0.622594 0.235162
0.232722 0.710847 0.16072
-0.817263 -0.257164 0.126428
-0.0809677 -0.688367 0.188489
0.165895 -0.00739908 1.74101
0.307654 0.230914 0.613954
-0.508659 -0.763392 0.116662
-0.647446 -0.278666 0.181813
-0.364625 -0.431028 0.29382
0.112889 -0.255092 0.999636
-0.255518 0.275219 0.639096
-0.306276 0.71687 0.148226
-0.251739 0.76312 0.140191
-0.509938 -0.524491 0.16821
0.380311 -0.355583 0.347891
0.843007 0.288925 0.120168
0.388909 0.871245 0.113455
0.503585 0.852908 0.112121
0.216445 0.114365 1.18076
-0.426021 -0.0955179 0.490484
-0.431029 -0.0240631 0.500795
-0.15541 0.0923579 1.62081
0.730608 0.163831 0.160416
0.577456 0.366387 0.193944
0.704496 0.313539 0.151341
0.10093 0.413873 0.51306
-0.661333 -0.378892 0.154839
-0.67883 -0.336335 0.15669
-0.736587 -0.48146 0.121988
-0.115783 0.943617 0.113657
0.20721 0.900475 0.115931
-0.781872 -0.196779 0.139364
-0.501573 0.637169 0.137965
0.223544 -0.865757 0.119704
0.963163 0.26892 0.11204
0.919334 0.27676 0.113103
0.388629 0.643104 0.159259
-0.500797 0.0712774 0.368948
-0.0901346 -0.942209 0.113954
0.545319 0.344431 0.220282
0.105211 0.477111 0.395539
0.553138 0.390466 0.198228
0.650363 0.421574 0.14989
0.385865 -0.693055 0.143526
0.733161 0.0423754 0.166834
0.570454 0.152449 0.266888
-0.21068 -0.911469 0.114839
-0.245072 -0.857282 0.120076
0.437339 -0.773773 0.120526
0.331751 -0.866258 0.11557
-0.975544 0.101938 0.112278
0.672921 -0.578979 0.120721
-0.281084 -0.518293 0.267765
-0.433126 0.772338 0.12107
0.0739464 0.274796 0.972936
0.503151 -0.304139 0.269361
0.298895 -0.204378 0.67897
0.382465 0.177489 0.522837
0.390885 0.422229 0.282151
-0.38449 0.18034 0.515956
0.0685699 -0.785381 0.145138
-0.832101 0.363432 0.117779
-0.32436 0.683375 0.157151
-0.271556 0.632499 0.191276
-0.553091 -0.53967 0.150745
-0.604456 -0.547077 0.136728
-0.517589 -0.441602 0.196169
-0.958792 0.113667 0.112812
0.222038 -0.499212 0.314839
0.287939 -0.552887 0.237298
0.162658 -0.407194 0.486625
0.261413 -0.432075 0.370257
0.935125 0.0492505 0.114757
0.691579 0.699883 0.112217
0.134732 0.624811 0.224676
0.660776 -0.210823 0.188187
-0.638145 0.542233 0.130833
-0.441843 0.400887 0.261027
-0.0325512 0.188791 1.53715
-0.142952 0.20092 1.17037
-0.0908193 -0.10154 1.99973
-0.0716011 -0.119292 1.97466
0.124685 -0.660855 0.201157
0.00534496 -0.62048 0.239685
-0.0997532 0.649507 0.211538
-0.528489 0.164312 0.306421
0.915917 0.314715 0.112698
-0.69643 0.154287 0.177278
0.878522 0.153976 0.12005
0.856527 0.0939152 0.125433
0.812378 0.154761 0.133474
0.828922 0.126789 0.130555
0.398598 -0.464565 0.24688
0.470258 -0.502203 0.191464
-0.309017 0.951057 0.112048
-0.370712 -0.547641 0.208632
0.265996 -0.158126 0.864783
-0.857913 -0.310332 0.117271
-0.559426 -0.591389 0.137075
-0.234981 -0.725851 0.154526
0.175091 -0.919058 0.114816
0.564614 0.192619 0.261022
0.687904 0.131645 0.184319
0.524185 0.650773 0.131275
0.213248 0.339698 0.571155
0.222044 0.377809 0.487056
0.621148 -0.783693 0.112055
-0.941978 0.298989 0.112141
-0.729212 0.204068 0.156827
0.0638463 0.91601 0.116562
0.258218 -0.684062 0.168378
-0.254381 -0.0423376 1.10723
-0.433632 0.418734 0.2552
-0.504596 0.398813 0.221677
0.446645 0.0667588 0.460466
0.458788 -0.0590117 0.439982
0.503169 0.26751 0.288058
0.354813 -0.0444971 0.692825
-0.142919 -0.86443 0.122658
0.702566 0.101268 0.179149
-0.280649 -0.775284 0.134132
-0.290608 -0.726975 0.147051
-0.0892278 0.166664 1.5561
0.289336 0.0427666 0.937181
0.329314 -0.29798 0.475139
-0.501528 -0.792522 0.114616
-0.498092 -0.146813 0.34983
-0.578924 0.0451575 0.276692
-0.667808 -0.0508606 0.202967
-0.778571 -0.152139 0.143483
0.0625968 -0.0671766 2.39499
0.175576 -0.102578 1.45006
0.447272 0.335966 0.299617
0.451952 0.300636 0.319167
0.394242 0.293771 0.390593
0.147166 -0.136493 1.46895
0.463856 0.469833 0.209374
-0.237584 0.398266 0.437805
-0.41525 0.388742 0.289178
0.978402 0.0790989 0.112272
-0.296128 -0.760385 0.136502
0.235263 -0.806199 0.130248
-0.738019 0.2348 0.150108
-0.0760044 0.874865 0.122289
-0.663981 -0.616621 0.118029
-0.6362 -0.620435 0.12057
-0.96261 0.218774 0.112153
0.450571 -0.437755 0.233327
0.452727 -0.237701 0.360981
0.876307 0.481754 0.112041
0.36972 -0.310602 0.404765
0.567252 -0.259298 0.23705
-0.669266 0.271604 0.172703
0.411025 -0.0645971 0.535415
-0.462139 -0.13165 0.408687
-0.598676 -0.338931 0.191533
0.0695265 0.465598 0.425378
0.216863 0.473947 0.347234
-0.170915 -0.16881 1.20739
0.709983 0.205915 0.164624
0.651354 0.21113 0.193453
0.755725 0.375937 0.129241
-0.214091 0.672009 0.181581
0.0583933 0.440096 0.475486
0.0270171 0.434536 0.493041
-0.638051 -0.402033 0.158112
-0.236186 -0.958556 0.112156
-0.195456 -0.956171 0.11244
0.51968 0.828857 0.112348
0.530571 0.707422 0.121254
0.23735 0.87579 0.117877
0.626116 0.610288 0.123012
0.330187 0.929867 0.112168
0.653568 0.339634 0.165856
0.595788 -0.500403 0.148768
0.564575 -0.553796 0.144297
-0.383794 -0.621369 0.168782
-0.305655 -0.664251 0.168362
0.654096 -0.0292569 0.213201
-0.343506 -0.163181 0.625884
0.0369894 -0.453776 0.453495
-0.260109 -0.500311 0.294599
-0.932375 -0.291561 0.112405
0.462601 0.410963 0.241111
0.353581 -0.919144 0.112193
0.30379 -0.904613 0.113433
0.299235 -0.872651 0.1161
-0.0154149 -0.743164 0.162766
-0.357384 -0.459312 0.275372
-0.547075 -0.340811 0.220664
0.367489 -0.461556 0.26737
0.381437 -0.472673 0.251068
-0.635109 -0.663543 0.116526
0.863796 0.402643 0.113513
-0.644069 0.439486 0.148175
0.427881 0.704476 0.134231
0.373769 0.755669 0.129479
0.0355788 -0.98427 0.112186
0.120122 -0.934535 0.114269
0.553641 0.0760078 0.300203
0.378349 0.88564 0.112948
0.126458 0.835573 0.129007
0.189158 0.793873 0.136481
0.339605 -0.503384 0.251197
-0.437673 0.496144 0.208431
-0.412099 0.58818 0.17479
-0.463296 0.886204 0.112058
-0.865242 -0.409401 0.113255
0.188912 0.429439 0.428173
0.743145 -0.669131 0.112064
-0.200324 0.890989 0.117138
-0.169208 0.880972 0.119284
0.30614 -0.51437 0.259132
0.202348 0.827529 0.127463
-0.0509688 0.806212 0.138873
-0.459345 -0.452918 0.220224
-0.0947063 0.125051 1.81918
-0.744492 0.370921 0.132229
-0.728311 -0.51849 0.119755
-0.808994 -0.464304 0.11508
-0.866025 -0.5 0.112034
-0.975214 0.137693 0.112189
0.751198 0.416115 0.126021
-0.129163 -0.95311 0.113009
-0.377749 -0.138512 0.568172
-0.490776 -0.67312 0.131924
-0.320119 0.223018 0.599304
-0.328379 0.207773 0.603369
-0.326768 0.278401 0.506037
-0.792513 0.303022 0.128215
-0.132759 -0.0609064 1.91272
-0.152766 -0.0458446 1.79599
-0.177321 -0.0251306 1.63425
-0.79653 -0.604599 0.112051
-0.0839615 0.546788 0.306733
0.0507667 -0.316743 0.820054
0.125439 0.385384 0.56081
0.0854221 0.367948 0.633045
0.427818 -0.885413 0.112222
0.216191 0.945026 0.112658
0.252268 0.951537 0.112202
0.235432 -0.748971 0.146233
0.209866 -0.749747 0.148592
-0.00363231 0.25807 1.10598
-0.014462 0.284468 0.971837
-0.0761312 -0.777338 0.147699
0.199966 -0.541819 0.279901
0.166459 -0.490476 0.351656
-0.46423 -0.706011 0.129046
-0.0155217 -0.640529 0.223509
-0.214866 0.958594 0.11224
0.423778 -0.024319 0.516486
0.401374 -0.00444248 0.570451
0.00527551 -0.361073 0.681793
-0.470625 -0.408279 0.237615
0.0759148 -0.473997 0.409519
0.166508 0.280397 0.799834
0.46486 -0.865267 0.112236
0.212888 0.962032 0.11219
0.704299 0.13474 0.175355
-0.0743474 -0.550275 0.304341
-0.540916 -0.807347 0.112569
-0.552841 -0.816948 0.112176
-0.480997 -0.565731 0.163109
-0.772663 0.245874 0.138007
-0.916392 0.0163045 0.116762
0.307572 -0.405451 0.364497
-0.3206 -0.501837 0.262098
-0.578863 0.21813 0.241295
-0.625056 0.253282 0.199924
-0.604165 -0.0718628 0.250134
-0.238589 -0.209373 0.833048
0.0882603 -0.823881 0.133067
-0.817405 -0.33554 0.121384
-0.301638 -0.0568288 0.874911
-0.48958 -0.502292 0.183698
-0.473592 -0.453916 0.212334
0.591124 0.535356 0.142124
-0.190613 0.0590884 1.4775
0.535436 0.088608 0.319252
0.329675 0.826879 0.120334
0.502284 -0.372445 0.235631
-0.246024 -0.414469 0.406283
-0.191951 -0.104929 1.34305
-0.857723 -0.192409 0.122149
-0.112238 0.52332 0.328661
0.0356631 0.958343 0.113161
-0.642998 -0.457102 0.144917
-0.844328 -0.535827 0.112039
0.0342126 0.599657 0.257228
-0.684185 -0.689206 0.112591
0.134225 0.403668 0.514365
0.132935 0.456983 0.416369
0.770513 -0.637424 0.112066
-0.347008 0.025094 0.723786
-0.5 0.866025 0.112058
-0.478696 0.844412 0.112615
-0.0062566 0.234922 1.23898
-0.34432 -0.672969 0.157375
0.0168349 -0.495755 0.383748
-0.0948206 -0.771823 0.148916
0.462581 0.577897 0.164173
-0.301344 0.194414 0.689624
0.0900433 -0.876826 0.121747
-0.779159 0.353479 0.126661
-0.575429 0.35786 0.197866
0.004185 0.159758 1.7937
0.306695 0.550748 0.231583
0.286183 0.503475 0.278286
-0.244324 0.172794 0.907253
-0.0455469 -0.871513 0.123284
-0.742115 -0.631156 0.112491
-0.776085 -0.607047 0.112192
0.761941 0.579348 0.113261
0.583212 -0.471578 0.15985
0.475504 -0.578767 0.160264
0.0427702 0.375283 0.633105
-0.341462 -0.294632 0.461669
0.560257 0.216015 0.257429
0.487195 0.60034 0.150588
0.197072 0.31742 0.644719
0.520521 -0.835703 0.112197
0.482362 -0.853203 0.112274
0.152527 0.968659 0.112272
0.193891 0.967445 0.112171
0.937282 -0.348572 0.112032
0.908986 -0.322644 0.112864
-0.770513 0.637424 0.112043
-0.749499 0.60493 0.112937
-0.289073 -0.0848642 0.898645
0.522978 -0.00946604 0.344633
0.539027 0.27535 0.252955
-0.913335 -0.202246 0.114827
0.741311 -0.446077 0.124716
0.768484 -0.468303 0.118876
0.756876 -0.408632 0.125723
0.729035 -0.385908 0.134044
-0.308252 -0.69412 0.155907
-0.542576 0.671263 0.125118
-0.366719 -0.345462 0.371953
-0.0826306 0.181471 1.47862
-0.650276 0.0623595 0.214242
0.568398 0.510771 0.154038
-0.292739 0.319118 0.497932
-0.774543 0.272929 0.135048
-0.748749 0.40456 0.127649
-0.772234 0.437081 0.120759
-0.285724 0.803153 0.127352
-0.677075 -0.550143 0.123351
-0.933395 0.0540048 0.114863
-0.879454 0.262635 0.11661
-0.853085 0.285759 0.11891
0.683866 0.623945 0.115758
0.53977 -0.327746 0.230653
0.565516 -0.352277 0.205251
-0.612256 0.205429 0.219683
-0.543358 -0.0876052 0.310022
-0.620351 -0.113381 0.231358
-0.280004 0.167531 0.799336
-0.268029 -0.237717 0.690634
0.05356 -0.0325571 2.61762
0.282371 -0.136888 0.847189
0.663337 0.163458 0.194409
0.792163 0.333137 0.125906
-0.226735 0.523876 0.286992
0.510445 -0.711382 0.122762
0.544729 -0.689819 0.122165
0.552061 -0.644876 0.128138
0.518124 -0.666819 0.129152
0.0461743 0.853634 0.126825
0.258622 0.917788 0.113475
-0.770515 -0.310844 0.132484
-0.195406 0.749593 0.150034
-0.40536 0.0528024 0.552518
0.656564 -0.537174 0.128275
-0.312426 0.0849496 0.808696
-0.44039 0.756634 0.12279
-0.423903 0.725915 0.130059
-0.394273 0.791427 0.121284
-0.106075 0.293378 0.85438
-0.169773 -0.645836 0.204244
-0.015088 0.310986 0.856879
0.416563 0.507654 0.21182
0.423923 0.352104 0.309227
0.0928531 -0.693001 0.184985
-0.862372 0.343275 0.115498
-0.853187 0.18971 0.123042
-0.100962 0.675818 0.194347
-0.522068 -0.287525 0.261596
0.597537 0.691771 0.117029
0.801637 -0.292327 0.127167
0.826122 -0.318794 0.121056
0.883696 -0.209338 0.117773
-0.681418 0.573804 0.120218
-0.682885 0.508612 0.127561
-0.510842 0.270223 0.279491
-0.467061 0.333852 0.283505
-0.447061 0.3031 0.322503
0.337231 0.616991 0.182766
-0.158292 0.0297793 1.78316
-0.0538084 -0.839643 0.129879
0.440858 -0.597115 0.16326
0.486016 -0.418968 0.222776
0.00949053 -0.722369 0.17263
0.148543 -0.785743 0.141422
0.127042 -0.766071 0.149348
-0.511229 -0.0651326 0.355285
-0.56104 0.142801 0.278486
-0.569137 0.173699 0.262466
0.837863 0.047053 0.130414
0.903905 0.139399 0.116988
0.74605 0.270913 0.14335
0.549467 -0.391181 0.199858
0.413599 -0.573675 0.180542
0.446392 -0.553155 0.178602
-0.687573 -0.222655 0.172496
-0.31546 0.934911 0.112163
-0.267805 -0.137916 0.898809
-0.676289 -0.189643 0.183184
0.501382 -0.231817 0.307712
-0.396797 -0.454607 0.254668
-0.844516 -0.501707 0.112241
0.209496 0.445134 0.390143
0.771123 0.62115 0.112123
0.626526 -0.755672 0.112268
-0.807005 0.0133331 0.139098
0.010137 0.954314 0.11343
0.0418757 0.999123 0.112024
-0.430238 0.0994926 0.480268
0.866025 -0.5 0.112057
0.837859 -0.479986 0.112823
0.646984 -0.318849 0.1732
0.620025 -0.296741 0.191865
0.632482 -0.357312 0.170652
0.659252 -0.379204 0.155484
-0.637424 0.770513 0.112051
-0.6255 0.738014 0.112751
0.381358 -0.867511 0.113845
0.411901 -0.728061 0.131053
0.379275 -0.752065 0.129679
-0.705308 0.268107 0.157936
-0.663243 0.296478 0.170603
-0.681632 0.321779 0.158253
-0.866025 0.5 0.11203
-0.840919 0.46659 0.113002
-0.657657 -0.473139 0.138187
0.811825 0.461065 0.115
0.78819 0.496477 0.115197
0.397461 0.9028 0.112171
0.74801 -0.562034 0.114831
0.771556 -0.583457 0.112761
-0.294123 0.451994 0.323493
0.753561 -0.5039 0.117988
-0.506489 0.787502 0.114764
-0.521987 0.816254 0.11269
-0.538593 0.760807 0.115139
-0.52517 0.731078 0.11885
-0.406648 -0.707012 0.136626
-0.616957 -0.76376 0.112263
0.173765 0.372967 0.546222
0.178768 0.402247 0.483191
0.057879 -0.906715 0.117726
0.234611 -0.933571 0.112967
-0.756552 0.334764 0.1334
-0.779695 0.315446 0.12995
-0.340788 0.716451 0.143458
-0.596428 -0.4352 0.165033
0.729644 -0.285426 0.14682
0.716164 -0.324722 0.145828
0.743787 -0.34759 0.135095
0.604962 -0.233268 0.2178
0.631516 -0.257159 0.195225
-0.61388 0.460089 0.152869
-0.576604 0.299292 0.216835
-0.59755 0.327433 0.195507
-0.599686 0.27094 0.210844
-0.578478 0.244369 0.233509
-0.0235168 0.0511175 2.65858
0.262962 0.474336 0.319722
0.35349 0.577473 0.198209
-0.159067 0.159987 1.29828
-0.1774 -0.0748105 1.52961
-0.636285 -0.697985 0.114098
-0.718437 -0.589816 0.115383
-0.688782 -0.611604 0.116228
0.648131 0.502676 0.135325
0.830608 0.522953 0.112268
0.846081 0.486128 0.11243
0.0610818 -0.661832 0.206356
0.166747 -0.704149 0.17204
-0.688236 -0.121388 0.185154
0.74825 -0.101164 0.157726
0.753999 0.164495 0.151133
0.576158 -0.411399 0.180135
0.525733 -0.622736 0.136793
0.559083 -0.600053 0.135335
-0.333728 -0.369817 0.380526
-0.166072 -0.27926 0.804537
0.321165 -0.052201 0.802904
-0.517249 -0.649305 0.132668
0.570474 0.0633114 0.28361
0.522171 0.579582 0.148034
0.737677 0.647682 0.112256
0.128405 0.343544 0.664728
0.14972 0.253336 0.929087
0.537709 -0.734688 0.11748
0.502711 -0.755916 0.11781
0.495717 -0.799261 0.1144
0.531064 -0.779066 0.114215
-0.69406 0.244701 0.166132
-0.764952 0.212678 0.143254
0.911649 -0.247638 0.114085
-0.75111 0.539087 0.11587
-0.773871 0.5716 0.112988
-0.774125 0.505059 0.115893
-0.751293 0.472751 0.120713
-0.239517 -0.0290739 1.20129
-0.488439 0.300706 0.284035
-0.0360576 0.63476 0.227305
0.230722 0.621373 0.207583
0.341845 -0.268514 0.49435
-0.681272 -0.293284 0.163509
-0.826107 0.152701 0.130191
-0.264599 0.200087 0.779513
-0.0654814 0.327573 0.7712
0.963702 0.126656 0.112573
0.629883 0.291581 0.18791
-0.888097 0.186031 0.117872
-0.872681 0.215558 0.11902
-0.858255 0.248704 0.11981
-0.884235 0.223896 0.117274
0.402551 -0.393954 0.295268
0.801741 0.393547 0.119867
0.824547 0.359109 0.118966
0.312972 0.869685 0.115905
-0.649291 0.0422359 0.216079
-0.726891 -0.0061403 0.17042
-0.510148 -0.634375 0.137065
-0.202066 -0.0163223 1.45435
0.117466 0.42564 0.480259
0.2074 0.491832 0.330549
-0.769635 -0.423121 0.122287
-0.158965 -0.917143 0.115246
-0.132031 -0.87874 0.120571
-0.144236 0.830374 0.129535
0.656325 -0.476085 0.138007
0.683674 -0.497632 0.12889
0.671045 -0.438965 0.140726
0.64372 -0.417028 0.152927
0.678758 -0.20792 0.179088
0.259686 0.419792 0.387556
0.668903 -0.630653 0.116439
-0.170305 -0.358998 0.580652
-0.460337 0.696299 0.131499
-0.466292 0.631155 0.146402
-0.339336 0.88805 0.113661
-0.381845 0.869944 0.113709
-0.409665 0.822612 0.11648
-0.365658 0.840734 0.116728
-0.851061 0.32634 0.117344
-0.879947 0.308339 0.115106
-0.860341 0.429955 0.112996
-0.886204 0.463296 0.11203
0.4202 0.632805 0.155854
0.841646 -0.379824 0.115992
0.81319 -0.356275 0.120685
0.829491 -0.416913 0.115481
0.857237 -0.442232 0.112867
-0.680836 0.638209 0.115032
-0.650461 0.607135 0.120394
-0.0758693 0.0693335 2.29865
-0.661217 0.70027 0.112949
-0.656697 0.412764 0.149664
-0.689511 0.4434 0.135442
-0.682705 0.380889 0.147426
-0.661092 0.352601 0.160171
-0.521482 0.217515 0.293362
-0.535773 0.244287 0.268492
-0.535622 0.0892482 0.318945
0.432333 -0.640721 0.150655
-0.770777 -0.492681 0.116959
0.718874 -0.602237 0.114649
0.697383 -0.58239 0.117732
0.694476 -0.651785 0.113557
-0.312098 -0.554145 0.227146
-0.462006 0.814845 0.114729
0.654796 -0.521278 0.130962
-0.424806 0.851585 0.113603
0.00941209 0.207638 1.41813
-0.290404 -0.200677 0.707094
0.410583 0.561469 0.187037
0.401118 0.473212 0.239806
-0.819706 0.346507 0.120338
-0.824002 0.306291 0.122142
-0.804932 0.333677 0.123529
0.625425 0.0223519 0.235205
-0.606525 0.606579 0.126207
-0.625173 0.638765 0.119775
-0.553905 0.328227 0.221123
-0.532402 0.29933 0.248034
-0.0135931 0.187152 1.56729
0.320274 0.582203 0.206447
0.107239 0.607779 0.242487
-0.177382 0.188217 1.10336
0.656197 0.605072 0.11995
0.264314 0.886557 0.115827
0.379037 -0.592704 0.182549
0.341422 -0.609437 0.185331
0.0420935 -0.557843 0.29959
-0.130641 0.693678 0.18127
0.826296 0.0172874 0.133613
0.536084 -0.429305 0.1922
-0.276568 0.943066 0.112234
-0.235688 0.952832 0.112256
-0.0405755 -0.0755909 2.44266
-0.0565548 -0.398221 0.568497
-0.452378 -0.590779 0.162451
-0.435425 -0.625076 0.154985
-0.131835 -0.635208 0.217534
0.509473 0.625289 0.139286
0.453185 0.619961 0.152561
0.590681 -0.787319 0.1122
0.55578 -0.813125 0.112194
-0.916867 0.299095 0.112886
-0.89118 0.322477 0.113857
-0.903764 0.336935 0.112865
0.852461 -0.342299 0.116506
0.895482 -0.36117 0.112824
-0.727467 0.572603 0.115744
-0.705181 0.540475 0.120583
-0.704119 0.605722 0.115447
-0.724606 0.63764 0.112844
-0.266434 -0.0635798 1.02439
-0.330695 -0.0673696 0.759094
0.794976 -0.490497 0.114955
-0.194971 -0.437209 0.411639
0.81213 -0.454388 0.115272
0.784848 -0.431365 0.119498
0.701485 -0.363308 0.144589
0.674139 -0.340965 0.157556
0.6864 -0.401351 0.142882
0.713874 -0.423671 0.132664
-0.339263 -0.702898 0.147905
-0.032738 -0.602634 0.254559
-0.572819 0.73272 0.115337
0.20965 0.0478709 1.36816
-0.612566 0.702226 0.115158
0.0138313 0.323035 0.810392
-0.0302258 0.21461 1.35706
-0.492379 -0.201605 0.332782
0.282607 -0.389488 0.407562
-0.551861 -0.0202389 0.307842
-0.443016 0.240403 0.37163
-0.466836 0.270156 0.323419
0.198 -0.811153 0.131448
-0.758192 0.252065 0.141651
-0.721071 0.288908 0.149228
-0.795975 0.469837 0.115892
-0.820048 0.502716 0.112994
-0.816158 0.433677 0.115898
-0.792214 0.401173 0.120651
-0.349081 0.812307 0.121309
-0.0907342 -0.510618 0.350798
-0.32952 0.787734 0.12704
-0.576315 -0.51613 0.150413
-0.899739 0.278392 0.114317
-0.92759 0.259867 0.11294
-0.936273 0.220157 0.11301
-0.906837 0.241281 0.114585
0.424736 -0.418272 0.261479
0.393217 -0.428276 0.275915
0.864964 0.448939 0.112471
0.411408 -0.320934 0.346383
0.579876 -0.313761 0.209993
0.606055 -0.335592 0.18867
0.593855 -0.274307 0.213637
-0.640918 0.272798 0.186474
0.0444128 0.50581 0.366164
-0.229311 0.642213 0.195182
-0.192618 0.152305 1.17633
-0.236542 -0.272536 0.68261
-0.187826 -0.250754 0.849327
-0.216159 -0.19281 0.949721
0.0570429 -0.854939 0.126409
-0.0332156 -0.776399 0.149128
0.675853 0.197809 0.182186
0.795022 0.221309 0.133954
0.483689 -0.687833 0.129993
0.448381 -0.708095 0.130654
0.475563 -0.732061 0.12323
0.578532 -0.667467 0.12143
0.611935 -0.643592 0.120657
0.617546 -0.604896 0.124867
0.586027 -0.622504 0.126814
-0.721452 -0.472766 0.125245
-0.631307 -0.42304 0.155731
0.496602 0.689106 0.128021
-0.665566 -0.204096 0.186707
0.626375 -0.519509 0.13714
0.593305 -0.578894 0.132971
-0.396336 0.682338 0.144901
-0.374952 0.566234 0.196928
0.437554 0.480851 0.216512
0.0333888 -0.798329 0.141617
-0.784054 0.175548 0.140231
0.296834 -0.30398 0.515554
0.985996 -0.166769 0.112043
0.925903 -0.141872 0.114736
-0.638967 0.573861 0.125996
-0.425646 0.273277 0.368976
-0.402651 0.243865 0.425355
0.274992 0.800319 0.128757
0.349112 0.859111 0.115608
0.363065 -0.529355 0.222596
-0.39421 0.0986963 0.558306
-0.437857 0.880846 0.112226
-0.398406 0.898924 0.112233
-0.29591 -0.345457 0.454357
0.717376 -0.673134 0.11223
-0.265888 -0.783876 0.133298
0.251031 -0.18612 0.85238
-0.0874801 0.946182 0.113679
-0.701855 0.347716 0.146898
-0.724552 0.375115 0.136517
-0.73764 0.310738 0.141181
-0.82253 -0.537659 0.112237
-0.939812 0.142802 0.113664
-0.91543 0.161072 0.115387
-0.913026 0.201872 0.114867
-0.942433 0.179901 0.113131
0.780909 0.437761 0.119547
0.841274 0.420635 0.114407
0.821149 -0.570714 0.112062
-0.363272 0.458706 0.272139
0.725188 -0.483553 0.123489
0.698527 -0.46106 0.130943
0.705263 -0.522093 0.122428
0.066649 -0.769329 0.150942
-0.570714 0.821149 0.11204
-0.554278 0.790515 0.112837
-0.509694 0.701241 0.124385
-0.290156 -0.788359 0.130201
-0.474412 0.727915 0.124007
-0.490107 0.758071 0.118498
-0.377982 -0.690925 0.145415
-0.558736 -0.750108 0.114843
0.533607 0.533559 0.157927
0.497488 0.557092 0.16121
-0.28256 0.227571 0.676804
-0.811343 0.296091 0.125004
-0.827524 0.266601 0.123892
-0.84037 0.226357 0.123732
-0.817599 0.250841 0.126753
0.660305 -0.279623 0.175335
0.688379 -0.302251 0.15908
0.771442 -0.370784 0.126601
0.799925 -0.393902 0.120086
0.785758 -0.332378 0.127191
0.758514 -0.308296 0.135706
-0.618494 0.355796 0.177164
-0.640248 0.383273 0.161494
-0.64037 0.325363 0.174706
-0.620201 0.29817 0.191373
-0.540487 0.194846 0.283062
-0.555708 0.271565 0.241343
0.116624 0.172094 1.41735
0.399667 0.604157 0.17166
0.369825 0.611584 0.17656
-0.155772 -0.000971178 1.82826
-0.799319 -0.572705 0.112229
0.804004 0.560869 0.112293
0.72817 0.150047 0.162734
0.600975 -0.432681 0.164033
0.627774 -0.45459 0.149863
0.617298 -0.395245 0.167508
0.59114 -0.373936 0.184812
0.466366 -0.621172 0.149242
0.457295 -0.664379 0.13928
0.491922 -0.644117 0.138104
-0.294375 0.906259 0.113514
-0.326507 0.852619 0.117168
-0.276855 0.871398 0.117006
0.0679369 -0.241891 1.14384
0.566187 -0.758342 0.113951
0.598439 -0.736073 0.113799
0.604592 -0.690986 0.116569
0.571653 -0.712997 0.117065
0.466972 -0.776713 0.118003
0.179266 0.929249 0.113974
0.189236 0.904403 0.115937
-0.821149 0.570714 0.112035
-0.797474 0.537649 0.113001
-0.729329 0.440558 0.127435
-0.706812 0.409918 0.136185
-0.707481 0.475297 0.127385
-0.728592 0.507078 0.120709
-0.878588 0.392941 0.112964
0.904827 -0.425779 0.112038
0.875426 -0.401787 0.112921
-0.714473 0.699663 0.112057
0.253265 -0.229595 0.743909
0.675623 0.397214 0.146749
0.0808015 -0.517331 0.343946
0.271464 -0.732672 0.147582
-0.224238 0.145907 1.05635
-0.0236438 -0.855194 0.1267
-0.714076 -0.659754 0.112555
0.774471 0.537771 0.114218
-0.944376 -0.328867 0.112053
0.166453 0.344719 0.619021
0.16089 0.313573 0.709163
0.477753 0.0399615 0.410454
0.0532744 -0.615457 0.242001
0.643168 0.0972842 0.216225
0.183625 0.6223 0.21749
0.992115 -0.125333 0.112049
-0.272211 -0.0378037 1.01975
0.431796 0.416448 0.257935
0.544144 0.665798 0.1258
0.106871 -0.808554 0.136624
-0.559036 0.219376 0.257347
-0.525258 -0.547172 0.156324
0.421127 -0.684378 0.140185
-0.378076 0.30863 0.39633
-0.265143 0.371117 0.45202
-0.254501 -0.326345 0.540586
-0.803307 0.205371 0.132919
-0.372759 -0.122469 0.593469
-0.38015 -0.0784375 0.604585
-0.167432 -0.188317 1.13983
0.125333 -0.992115 0.112043
0.430418 0.592229 0.167919
-0.491059 0.121968 0.368769
-0.835333 0.397461 0.115811
-0.904827 0.425779 0.112031
-0.921863 0.387516 0.112032
0.921863 -0.387516 0.112027
-0.743145 0.669131 0.112051
0.844328 -0.535827 0.112057
-0.604599 0.79653 0.112031
-0.844328 0.535827 0.112032
0.79653 -0.604599 0.112052
-0.535827 0.844328 0.112048
-0.684547 -0.728969 0.112045
0.951057 -0.309017 0.112028
-0.79653 0.604599 0.112038
0.886204 -0.463296 0.11204
-0.684547 0.728969 0.112041
0.783693 0.621148 0.11206
0.158054 -0.27608 0.830059
-0.334087 -0.605579 0.18936
0.704788 0.3916 0.139378
-0.351947 -0.244639 0.507391
0.342236 0.317646 0.432042
0.105217 -0.875109 0.121751
0.629732 0.305858 0.184457
-0.565543 0.574962 0.1393
0.496134 -0.130348 0.358709
-0.0389129 -0.100522 2.25441
-0.768487 -0.622209 0.112145
0.7476 0.584113 0.113803
-0.5678 0.0596644 0.286815
-0.181507 0.949414 0.112777
-0.0610526 -0.0301195 2.58127
-0.316841 -0.321703 0.460677
-0.313631 -0.471514 0.291935
0.381666 -0.0241687 0.620084
-0.0187348 -0.376088 0.636466
-0.661192 0.20239 0.189432
-0.0905679 0.427486 0.489713
0.237296 -0.420141 0.405363
0.152335 -0.674995 0.189142
0.508325 0.0270461 0.364287
-0.0669393 -0.588931 0.264697
-0.523874 0.540326 0.158743
0.20776 0.216675 0.903335
-0.464945 -0.188421 0.375209
-0.0883054 -0.269572 0.977166
0.0564092 -0.587601 0.267072
0.276115 -0.346387 0.477448
-0.761927 -0.242495 0.141455
-0.673966 0.109358 0.194628
0.126845 0.0385025 2.03311
-0.36383 0.24251 0.4891
0.840877 -0.192245 0.125224
-0.0665065 0.748374 0.159303
0.224576 -0.624067 0.207264
0.335893 -0.430335 0.315411
0.930573 0.335847 0.112131
0.218703 0.822661 0.127636
-0.59202 -0.127843 0.25262
-0.0517666 0.550487 0.307056
-0.293866 -0.269232 0.577607
0.0680794 -0.0281999 2.53863
0.80206 0.323555 0.124786
-0.23937 0.508956 0.296182
0.00752137 0.434916 0.493875
0.871822 -0.0623971 0.123033
0.88409 0.311573 0.114671
0.658573 -0.58896 0.121404
-0.353876 -0.587995 0.192529
-0.421926 0.757121 0.124409
-0.417035 0.775614 0.121892
-0.117339 0.281754 0.882012
-0.418461 -0.0557255 0.521551
0.0236312 -0.407106 0.554878
-0.2481 -0.548553 0.255904
-0.986136 -0.0342951 0.112161
-0.158248 -0.674828 0.18844
0.31979 0.214312 0.613231
-0.216898 -0.85046 0.122389
-0.509754 -0.429107 0.205238
-0.243203 0.0655302 1.14008
-0.216618 0.232503 0.831643
-0.189256 0.26265 0.808794
-0.518861 -0.491722 0.176503
-0.555849 -0.318269 0.223687
-0.907563 -0.105715 0.11708
0.188829 -0.36312 0.551294
0.867086 0.230714 0.119256
0.436589 0.679942 0.138843
0.648069 0.654798 0.116226
0.909975 -0.184345 0.115486
0.685779 -0.121878 0.186486
0.401646 -0.12122 0.527504
0.0114351 -0.0695898 2.56071
0.392218 0.0244912 0.591879
0.530203 0.122224 0.317593
0.720277 0.522716 0.120354
0.410136 0.827658 0.115973
0.135553 -0.795862 0.139048
-0.545704 -0.0700461 0.310265
0.730333 0.261089 0.149662
0.530973 -0.365003 0.220764
-0.300446 0.375448 0.408081
-0.332431 0.93227 0.112122
-0.249391 -0.358761 0.489855
-0.0749968 -0.486256 0.390026
-0.42028 -0.556566 0.185966
-0.517133 -0.582347 0.148478
0.212437 -0.8583 0.121289
0.569754 0.247286 0.239157
0.0909694 0.440217 0.464573
0.640364 -0.747892 0.112203
-0.786204 0.0196461 0.145792
-0.120912 0.443013 0.44618
-0.0286524 0.485592 0.398984
0.0182002 0.9809 0.112281
0.464066 0.254847 0.336167
0.852814 -0.502391 0.112125
0.346454 -0.875226 0.114351
-0.767776 -0.541685 0.114482
0.789985 0.478948 0.115946
0.432995 0.769257 0.121509
0.799206 -0.0316945 0.141383
0.760752 -0.560267 0.114096
0.761174 -0.530809 0.115535
-0.253352 -0.673699 0.173973
-0.522504 0.788354 0.114009
-0.522945 0.759796 0.116113
-0.0936554 0.304978 0.826768
-0.409012 -0.721695 0.132838
-0.395841 -0.202324 0.47429
-0.377366 -0.277257 0.429727
-0.653421 -0.756995 0.112057
0.239725 0.377921 0.468399
0.458371 0.453469 0.220448
0.511492 0.497654 0.177138
0.399979 -0.0244722 0.572176
0.900882 -0.0759291 0.118297
0.0745125 -0.901714 0.118195
-0.229 0.734849 0.151884
-0.572342 -0.413783 0.181073
0.120548 -0.360896 0.625369
0.0536647 -0.17381 1.61221
0.840985 0.140518 0.127299
0.0806148 0.594506 0.257887
0.579086 -0.171471 0.254225
-0.555657 0.503372 0.159971
-0.00828394 0.0606216 2.62921
0.0752226 0.0531705 2.3917
-0.206435 -0.0626694 1.36371
-0.319024 -0.637233 0.177643
-0.58715 -0.706645 0.116516
-0.68606 -0.593917 0.117873
0.421902 0.261376 0.383281
0.597954 0.493937 0.149703
0.851594 0.501817 0.112133
0.316392 0.637973 0.177935
0.315433 -0.548909 0.229426
0.199491 -0.737056 0.154256
-0.652131 0.173894 0.199587
-0.627906 -0.13148 0.222898
0.79852 -0.0927537 0.140085
-0.28364 0.507829 0.275622
-0.237395 0.895579 0.115683
-0.0398062 0.855782 0.126445
-0.189067 0.389042 0.499046
-0.325163 -0.393122 0.362703
-0.169517 -0.294037 0.752498
0.318257 0.00559559 0.829561
0.102849 -0.341185 0.696651
-0.0302957 -0.277262 0.999859
-0.193065 -0.57836 0.248975
-0.828131 -0.350956 0.11895
-0.445374 -0.528648 0.18955
-0.246424 -0.646615 0.189135
-0.326634 -0.893267 0.113638
0.0868079 -0.44543 0.456333
0.00431166 -0.191117 1.54046
0.563041 0.0477778 0.293293
0.548032 0.594068 0.138786
0.710326 0.633688 0.113586
0.141617 0.374187 0.573801
0.11772 0.899989 0.11783
0.29322 -0.416062 0.364347
0.124444 -0.722831 0.167288
0.287288 -0.688945 0.161382
0.764178 -0.10764 0.151118
-0.257153 -0.0296769 1.10206
-0.346809 -0.0248962 0.724446
0.673506 0.0345209 0.199907
0.707569 0.297053 0.152771
0.243227 0.654276 0.185627
-0.767212 -0.258341 0.138389
-0.119475 -0.695151 0.181563
0.27575 0.197405 0.753434
0.316824 -0.283979 0.51421
0.24509 -0.277324 0.655014
-0.52647 -0.815678 0.112611
-0.708477 -0.246979 0.159767
-0.404186 -0.306184 0.36721
-0.855986 0.143883 0.124183
-0.693405 -0.0447861 0.187464
0.374352 0.414673 0.300437
-0.280269 0.754345 0.139851
-0.00344964 0.736667 0.165798
0.368608 -0.394396 0.322877
0.535115 -0.463665 0.180087
0.823579 0.258718 0.125106
0.35299 0.711923 0.143063
0.146477 0.641554 0.210836
0.881179 -0.118098 0.120488
-0.431504 -0.0689073 0.48971
-0.480026 -0.0058744 0.409347
-0.146598 -0.243 0.976819
-0.260947 -0.174679 0.846151
0.0463871 -0.957781 0.113176
0.703622 0.331111 0.148923
0.180856 0.472956 0.368218
-0.724836 -0.365258 0.137762
-0.169125 -0.801888 0.135482
0.0365564 0.90942 0.117527
-0.142473 0.970484 0.112287
-0.625596 -0.317938 0.183551
-0.777611 -0.244123 0.136787
0.649577 -0.686625 0.114047
0.650879 -0.66787 0.115102
-0.452167 0.634082 0.148519
-0.367412 0.867 0.114327
-0.380538 0.843504 0.115799
0.250771 -0.848107 0.12125
0.503569 0.768346 0.11652
0.593326 0.634593 0.124045
0.128986 0.694276 0.181126
-0.670581 0.416185 0.144861
0.58835 0.435614 0.167957
-0.264887 -0.925583 0.112974
0.432218 -0.831868 0.114663
-0.438121 0.00973462 0.487138
-0.229543 -0.371568 0.490251
0.164789 0.588938 0.247378
-0.465584 -0.613071 0.15184
0.374224 0.0852845 0.616334
0.378166 0.364552 0.341695
0.026186 0.265715 1.05918
-0.35915 -0.173336 0.576973
0.0456686 -0.467279 0.427586
-0.952346 -0.0997006 0.113243
-0.189764 -0.772757 0.14269
0.2288 0.273888 0.695179
0.394032 0.185958 0.492442
-0.367192 0.187006 0.544748
-0.393545 0.162835 0.51329
0.164413 -0.864244 0.122041
-0.287631 0.635295 0.18602
-0.837389 0.120153 0.128811
0.879963 0.0595811 0.121652
0.656239 0.710982 0.112731
0.75259 -0.240335 0.144579
0.737534 -0.192352 0.154817
0.135456 0.76328 0.149842
0.625655 -0.010816 0.235313
-0.49359 0.408962 0.223273
-0.043471 0.130405 1.98925
0.222204 0.694294 0.169407
-0.183783 0.223162 0.952004
-0.690318 -0.179788 0.177278
-0.048218 -0.812345 0.137141
-0.673717 -0.646556 0.114994
0.368779 0.237496 0.486346
0.683503 0.644816 0.114469
0.303796 -0.693295 0.156958
0.0983666 -0.645659 0.214366
-0.535571 0.107073 0.315134
-0.650483 0.129449 0.207291
0.900645 0.126044 0.117623
0.437889 -0.536377 0.188867
-0.77147 0.0986408 0.148892
0.453192 -0.47173 0.213613
-0.356735 0.540413 0.218376
-0.00509319 0.324567 0.805671
0.0672499 0.330462 0.759902
-0.430365 -0.314009 0.331887
-0.3252 -0.54627 0.227327
-0.295035 -0.514254 0.264559
0.291603 -0.0588602 0.915002
0.330709 -0.184838 0.629935
-0.0517022 -0.414246 0.532236
-0.820661 0.125436 0.132655
-0.845625 -0.332116 0.117733
-0.844017 -0.249408 0.121979
-0.571422 -0.659076 0.123351
0.1897 -0.918275 0.114646
0.478863 0.634758 0.142904
-0.594713 0.151002 0.2456
-0.21401 0.538576 0.277857
-0.144969 0.354162 0.619223
0.233275 -0.676517 0.176091
0.191199 -0.554719 0.270566
-0.343346 -0.107914 0.685592
-0.572865 -0.617205 0.129714
0.450559 0.00365609 0.462541
0.505188 -0.142032 0.34234
-0.0184287 0.633313 0.229038
0.148807 0.542573 0.295966
0.590997 0.0394202 0.265119
-0.316713 -0.802337 0.125244
0.00785516 -0.582803 0.274477
-0.0496541 -0.50848 0.361649
-0.586339 0.733312 0.11454
-0.596808 0.702428 0.116177
0.157297 0.157426 1.31756
0.191128 0.00976023 1.53862
-0.50505 -0.242595 0.298567
-0.46477 -0.261213 0.33137
-0.021744 -0.305443 0.877957
-0.117179 -0.130186 1.66573
0.288076 -0.360909 0.441384
-0.52114 -0.200074 0.300914
-0.550166 -0.0367922 0.308818
-0.62404 0.0163848 0.236523
0.176009 -0.0210223 1.64876
0.416698 0.319117 0.342204
0.440126 0.26616 0.356668
-0.254602 0.399637 0.419933
-0.354056 0.32617 0.407248
0.277589 -0.828094 0.123157
-0.0713356 0.892287 0.119578
-0.337706 0.803614 0.123467
-0.346401 0.788242 0.125556
-0.670015 -0.601618 0.118786
0.888546 0.43317 0.112138
0.413322 -0.200452 0.445789
-0.447703 -0.126918 0.434963
-0.417916 0.133719 0.486044
0.030092 0.464601 0.434594
0.262263 0.555687 0.24481
0.301781 0.3637 0.422132
-0.229472 -0.258859 0.730422
-0.205102 -0.206058 0.944865
0.0760512 -0.863035 0.124466
-0.029232 -0.812073 0.13747
0.777612 0.33589 0.128547
0.804761 0.237154 0.130457
-0.203278 0.47961 0.347537
-0.220874 0.589494 0.232275
0.146042 -0.013354 1.90756
-0.655711 -0.444944 0.143786
-0.269669 -0.897342 0.114697
0.253446 0.874303 0.11751
0.828883 -0.0591176 0.132457
0.852407 -0.135272 0.125122
-0.652197 -0.234326 0.188534
-0.426122 0.661321 0.145698
-0.358166 0.71405 0.141694
-0.0697429 0.225852 1.23048
-0.0636883 0.37532 0.624807
-0.33242 -0.131161 0.693551
0.0214079 -0.482583 0.404507
0.132824 -0.490047 0.36622
-0.311117 -0.434692 0.32952
-0.876815 -0.0486662 0.122303
0.371293 -0.849111 0.11563
0.0124146 -0.771292 0.151246
0.1484 -0.700433 0.175922
-0.362118 -0.475152 0.260268
-0.577734 -0.455821 0.166154
0.30609 -0.316104 0.483464
0.102913 -0.0522419 2.18722
0.852078 0.355511 0.11602
0.114193 0.0132218 2.19191
0.823452 -0.218247 0.127469
-0.614747 0.403515 0.166411
-0.501941 0.195442 0.324366
0.343751 0.0810214 0.706657
0.391385 0.103719 0.561968
0.381902 0.69581 0.143344
0.312565 0.76837 0.13283
-0.0102723 -0.956366 0.113313
0.162339 -0.89137 0.118058
-0.482407 -0.722221 0.124091
0.541715 0.105733 0.308255
0.667898 0.526479 0.12778
0.697776 0.497957 0.126323
-0.00711478 -0.655232 0.212829
0.371277 -0.509751 0.231354
-0.435197 0.4404 0.240811
-0.41235 0.902044 0.112095
-0.191535 -0.335924 0.608359
-0.301393 -0.359087 0.428801
-0.815874 -0.409915 0.117172
-0.890405 -0.387744 0.112595
-0.749563 -0.159692 0.153182
-0.893814 -0.0588741 0.119473
0.287166 0.414919 0.370801
0.457325 -0.293614 0.318377
0.171788 0.54374 0.287689
-0.880809 0.11361 0.120647
-0.0677919 0.473071 0.413007
-0.0764748 0.571873 0.280522
-0.0384394 0.963527 0.112897
-0.176765 0.906667 0.115966
-0.720741 -0.552127 0.117793
0.244002 -0.528326 0.275388
-0.194779 0.859916 0.121691
0.0236067 0.551093 0.308612
-0.218907 0.837096 0.124716
-0.143817 0.737921 0.159106
-0.134737 0.0398878 1.96212
0.0158497 0.0314408 2.76934
0.765901 0.441544 0.121323
0.810427 0.444853 0.11588
-0.655468 0.621363 0.118439
-0.554186 0.818247 0.11214
-0.494313 0.699757 0.12644
-0.491345 0.729206 0.122114
-0.221738 -0.778428 0.138437
-0.633307 -0.177685 0.211079
-0.443342 -0.0986212 0.455568
-0.599847 -0.774697 0.112297
-0.33048 0.233968 0.561879
-0.290822 0.25373 0.610432
0.118594 0.189039 1.31395
0.124279 0.306394 0.783319
-0.165724 -0.0571714 1.66515
-0.179502 -0.0433455 1.59034
-0.683606 -0.535471 0.124113
-0.0680416 0.545355 0.311017
-0.264513 0.900242 0.114604
-0.294086 0.87543 0.115985
0.0533493 -0.232208 1.21919
0.0493326 -0.298411 0.893807
0.240628 -0.777942 0.136993
0.364949 -0.674026 0.153128
0.945647 -0.266079 0.112247
0.506468 0.802329 0.11379
-0.696042 0.699064 0.112174
0.754218 -0.617924 0.112461
0.758672 -0.58721 0.113148
-0.349204 -0.642921 0.16816
-0.493228 0.84251 0.112423
-0.50652 0.815419 0.113114
-0.036083 0.228528 1.26189
-0.37604 -0.226065 0.486038
-0.305359 -0.226227 0.626616
-0.937385 -0.0932537 0.114291
-0.0422706 -0.786654 0.145347
0.356466 0.382807 0.344562
0.256987 0.347859 0.499107
0.295313 0.339445 0.463872
0.466528 0.541167 0.176658
0.0595129 -0.888555 0.120261
0.0538895 -0.985578 0.112159
-0.267956 0.679534 0.168728
-0.220532 0.763964 0.142865
0.096674 -0.982533 0.112162
0.194815 -0.633931 0.207335
0.709376 -0.256702 0.157996
-0.557977 0.534297 0.150819
-0.568734 0.608303 0.132007
0.10896 0.108623 1.84541
0.284953 0.536375 0.251093
0.351972 0.493101 0.252521
-0.434867 -0.724443 0.129041
-0.0460084 -0.20425 1.40737
-0.0509071 -0.90426 0.118111
0.359535 0.40212 0.323379
-0.727607 -0.629204 0.113016
0.427015 0.126204 0.472882
0.775733 0.553377 0.113522
0.294115 -0.610287 0.197999
0.351241 -0.685922 0.151548
0.0693039 -0.674672 0.197503
-0.0411274 0.672017 0.200636
-0.600452 0.0829466 0.252195
0.563309 -0.444125 0.175202
-0.360494 0.581323 0.193884
-0.323083 0.637008 0.176807
-0.192674 0.918148 0.114602
-0.0423093 0.354019 0.696053
-0.191567 -0.732521 0.15688
-0.342261 -0.308228 0.443579
-0.302871 -0.319821 0.482612
-0.285637 -0.439502 0.343212
-0.389501 -0.423046 0.282541
0.368046 -0.110633 0.614926
0.40179 -0.0475399 0.56255
-0.0146375 -0.334527 0.768473
-0.064952 -0.330881 0.760155
0.103502 -0.902578 0.117733
0.0729421 -0.417365 0.518173
0.17907 0.247737 0.880173
-0.0628996 0.403151 0.554366
-0.0945524 0.489452 0.380023
0.112447 0.948197 0.113395
0.194147 -0.479149 0.353001
0.172515 -0.677409 0.18507
0.882823 -0.244536 0.116809
-0.326175 -0.0829155 0.762322
-0.305432 -0.136336 0.769674
-0.504053 0.386256 0.227925
-0.586701 0.482148 0.155941
0.527105 0.0252845 0.338419
0.499106 0.083017 0.368757
0.491484 0.283167 0.290868
0.00059917 0.754566 0.157934
-0.0414453 0.730606 0.168083
-0.915424 -0.13466 0.115808
0.573896 -0.0206454 0.283287
0.572266 -0.128721 0.270709
0.0357715 0.661991 0.207512
-0.543137 0.732453 0.117304
0.254706 0.13937 0.946658
0.259795 0.246843 0.690482
-0.392715 -0.230344 0.453475
-0.441182 -0.172417 0.420318
-0.091269 -0.312054 0.8037
0.0130678 -0.21802 1.34538
0.0800008 -0.636746 0.222662
0.109193 -0.541065 0.308162
0.617812 0.386822 0.169463
0.299253 -0.238476 0.619226
-0.733167 -0.238625 0.151409
-0.718741 -0.164036 0.165509
-0.706362 0.0937935 0.177676
-0.772079 -0.0237618 0.150835
0.1279 -0.0176172 2.06411
0.190649 0.0913472 1.39311
-0.0904859 -0.479982 0.395737
0.463975 0.358543 0.270996
0.523305 0.484859 0.17725
-0.299987 0.301863 0.514028
-0.194295 0.318654 0.645965
-0.358348 0.289835 0.44306
-0.427156 0.337501 0.317246
0.796951 -0.233918 0.132552
0.860798 -0.186156 0.12186
0.166744 -0.764263 0.147282
-0.0248665 0.749456 0.159938
-0.0990474 0.740883 0.160953
-0.641316 -0.637523 0.118283
-0.598463 -0.596698 0.129019
-0.798503 0.0746548 0.140685
0.218473 -0.651709 0.191868
0.293106 -0.379116 0.410811
0.281017 -0.182076 0.768421
0.107739 0.770317 0.148867
0.231212 -0.255959 0.733872
0.52314 -0.332975 0.239981
-0.516567 -0.0121733 0.353357
0.766679 -0.226675 0.141472
-0.0524951 0.0128376 2.67428
-0.0381866 0.585135 0.270923
-0.222358 -0.738944 0.15112
-0.26304 0.126473 0.939669
-0.251355 -0.218306 0.775272
-0.317084 -0.218973 0.612117
0.0182078 -0.145728 1.90631
-0.0539658 -0.96588 0.11274
0.0401014 -0.847441 0.128247
0.602779 0.176118 0.233529
0.778544 0.307088 0.130954
0.867531 0.263863 0.117949
-0.232911 0.539382 0.269812
-0.316104 0.530557 0.242156
0.00765408 0.503154 0.372897
-0.674937 -0.400734 0.14633
-0.783894 -0.313295 0.129231
0.675461 -0.0533463 0.197871
0.84483 -0.11716 0.127241
0.654779 -0.63449 0.117338
0.660932 -0.606355 0.119311
-0.372255 -0.515997 0.22693
-0.359592 -0.782693 0.125478
-0.440491 0.725936 0.128091
-0.449859 0.710712 0.129938
-0.394676 0.81956 0.11759
-0.411459 0.793583 0.119749
0.0405082 0.333886 0.763125
-0.128335 0.320224 0.733366
-0.150932 0.225436 1.03731
-0.326203 0.0624097 0.778065
-0.419151 0.0894123 0.50754
0.104896 -0.366951 0.622173
0.0109242 -0.344282 0.735289
-0.212741 -0.599516 0.227031
-0.984907 -0.0530935 0.112164
-0.161543 -0.694167 0.177584
-0.0938034 -0.813826 0.135607
0.0748458 0.242978 1.12728
0.317758 0.506679 0.259575
0.405655 0.395395 0.291747
-0.262695 0.0672349 1.03769
0.284301 -0.845367 0.120055
-0.102609 0.691642 0.184982
-0.482331 0.140193 0.374271
-0.499735 -0.46447 0.194973
-0.57171 -0.484273 0.160191
-0.512321 -0.374994 0.22799
0.305574 -0.441915 0.326057
0.163841 -0.344168 0.623448
0.118157 -0.414327 0.502644
0.783131 0.208991 0.138069
0.906223 0.155703 0.116425
0.51345 0.679898 0.127452
0.501454 0.706643 0.124464
-0.303339 0.393511 0.382533
0.899356 -0.215664 0.115824
0.955716 -0.141662 0.112795
0.68666 -0.162 0.181473
0.57685 -0.085635 0.274154
-0.667986 0.47217 0.135935
0.461628 -0.337966 0.285629
-0.467467 0.223753 0.351256
0.372603 0.148267 0.571533
0.408012 0.669402 0.146687
0.000343802 0.606159 0.252188
0.071497 0.721865 0.171155
0.011937 -0.0412928 2.73392
-0.208043 0.0362715 1.39446
-0.141611 -0.817833 0.132694
0.429199 0.0270989 0.504334
0.394707 0.0507659 0.57919
0.476611 0.159609 0.373731
0.746644 0.537052 0.116408
0.590021 0.595234 0.130689
0.471811 0.486 0.198048
0.342963 0.832202 0.118866
0.358493 0.790998 0.124089
0.243051 0.204904 0.83119
-0.0136617 -0.69398 0.187872
0.0844408 -0.771023 0.149649
-0.499154 -0.115662 0.359452
-0.480808 -0.0690827 0.400118
0.815763 0.0629772 0.13589
0.839224 -0.018605 0.130361
0.920763 0.228548 0.113794
0.734768 0.350871 0.136996
0.673204 0.243292 0.175983
0.456628 -0.402706 0.24979
0.417443 -0.457865 0.24041
-0.483798 0.627712 0.143735
-0.280368 0.434161 0.353146
-0.342069 0.358522 0.384533
-0.354317 0.890736 0.113183
-0.340055 0.919077 0.112303
-0.149688 -0.396621 0.517664
-0.247176 -0.196863 0.838631
-0.20427 -0.164166 1.08499
0.235133 -0.12088 1.07251
0.175552 -0.266492 0.826411
0.402496 -0.280263 0.392519
-0.336661 0.0323894 0.756564
-0.44787 -0.5462 0.181025
0.934669 -0.114272 0.114313
0.204835 -0.824387 0.128021
0.698495 0.222222 0.167492
-0.370696 -0.583027 0.189788
0.199032 0.347792 0.57215
0.246417 0.496274 0.305733
-0.0875631 -0.837631 0.129677
0.645296 -0.707171 0.113257
0.642628 -0.727315 0.112623
-0.920692 0.104905 0.115657
-0.824675 0.0926848 0.132749
-0.12936 0.54671 0.296916
-0.13536 0.465407 0.401774
-0.0578005 0.881887 0.12135
0.0547842 0.985679 0.11216
0.423885 0.197501 0.430853
-0.267263 -0.686758 0.165674
-0.638583 0.728046 0.112708
-0.64445 0.700466 0.113587
-0.111296 0.0995516 1.88438
0.3976 -0.864907 0.113575
-0.699286 -0.51462 0.124121
0.801694 0.494024 0.114315
0.816152 0.52535 0.112616
0.467021 0.679099 0.134231
0.429488 0.813708 0.116352
0.803913 -0.0457723 0.139692
-0.247989 -0.396207 0.431253
-0.425063 -0.202178 0.425455
-0.469699 -0.424408 0.229495
-0.737222 -0.0664815 0.164182
-0.574057 -0.801114 0.112193
-0.384756 0.211218 0.485712
0.28177 -0.944289 0.112181
0.315683 0.424116 0.337169
-0.607908 -0.398669 0.170406
-0.574762 0.439695 0.172028
-0.620336 0.501145 0.142101
-0.0074262 0.109783 2.23514
-0.134538 -0.521913 0.323913
-0.21302 0.119389 1.18405
0.881737 -0.285571 0.115643
-0.605465 -0.642755 0.121485
-0.714163 -0.679576 0.112178
0.486361 0.144847 0.366666
0.67158 0.482101 0.133572
0.0364728 0.737109 0.165159
0.247719 0.621095 0.20365
0.0119896 -0.685441 0.192965
-0.215205 0.619548 0.212417
-0.773194 0.0700721 0.149399
-0.681266 -0.102841 0.190897
-0.744251 -0.117063 0.158436
0.728354 -0.0838913 0.16743
0.769532 -0.160266 0.145918
0.833746 0.226528 0.124965
0.139748 -0.229449 1.0508
-0.178651 0.587288 0.245354
-0.231671 0.849018 0.121985
-0.217417 0.88218 0.117719
-0.0657636 0.834902 0.130815
-0.147502 0.425942 0.46214
-0.272518 0.321842 0.522472
-0.218169 -0.274249 0.71559
-0.227368 -0.300211 0.636318
0.283186 -0.0108975 0.978653
0.287475 -0.100633 0.884792
0.128317 -0.222558 1.11283
0.0271012 -0.321369 0.813403
-0.205278 -0.56538 0.256429
-0.846383 -0.305628 0.118895
-0.86539 -0.393641 0.113669
-0.415607 -0.536854 0.197046
-0.456047 -0.494064 0.201235
-0.188837 -0.858345 0.122174
0.613387 0.292864 0.196539
0.176611 -0.196213 1.0746
-0.432006 -0.397506 0.270276
0.610875 0.00299481 0.24797
0.678665 0.0689131 0.195047
0.0877092 0.977025 0.112284
0.0763476 0.902059 0.118143
0.35345 -0.403053 0.327586
0.231997 -0.694537 0.167853
0.265536 -0.766756 0.137816
-0.501265 0.331513 0.256914
0.468326 -0.185204 0.372242
0.457574 -0.1476 0.408354
-0.894601 -0.26215 0.11512
0.168535 0.130318 1.38156
0.0468467 0.0336116 2.65258
0.309123 0.107204 0.796184
0.339647 0.281942 0.48061
0.355803 -0.223067 0.526581
0.651563 0.589454 0.122236
-0.551599 -0.733397 0.116622
-0.562011 -0.67489 0.122302
-0.76973 0.132844 0.147681
0.475931 -0.252621 0.324133
-0.200808 0.197595 0.986473
-0.198743 0.37279 0.520931
-0.135784 0.858217 0.124002
0.259477 0.668645 0.175234
0.771563 0.385457 0.125244
0.798812 0.37678 0.12145
0.50439 0.832389 0.112529
-0.392554 -0.0866817 0.569008
0.221737 0.501769 0.312195
-0.385257 -0.0334911 0.608283
-0.469533 0.0657189 0.419532
-0.135013 -0.280639 0.856566
-0.108592 -0.189065 1.3478
0.133087 -0.971887 0.112269
0.163671 0.442925 0.422824
-0.14108 -0.908072 0.116482
-0.132073 0.938739 0.113842
-0.125709 0.903085 0.117317
-0.615039 -0.379776 0.172421
-0.593896 -0.238512 0.224032
-0.815078 -0.15779 0.132653
-0.841807 -0.275954 0.121006
-0.372363 -0.326182 0.385336
0.252485 -0.878384 0.117048
0.320402 -0.696081 0.153212
0.535012 0.636178 0.132385
-0.459971 0.0873086 0.429942
-0.549923 0.0987687 0.300406
-0.00420938 -0.124159 2.10801
0.584527 0.072131 0.268424
-0.953243 0.0725064 0.113337
0.710997 -0.575779 0.116959
0.706158 -0.550071 0.119584
0.703821 -0.677289 0.112412
0.709864 -0.648573 0.113034
-0.459204 0.786102 0.117495
-0.473571 0.757234 0.119874
-0.424496 0.878258 0.112446
-0.439739 0.854159 0.113073
-0.327524 -0.15767 0.674576
-0.38206 -0.154115 0.544975
-0.0227289 -0.568131 0.289344
0.363561 0.541537 0.214991
-0.284008 0.52637 0.259607
-0.243142 0.598145 0.219757
0.631053 0.740395 0.112533
0.763087 -0.271835 0.138244
0.667771 -0.241974 0.178909
-0.593792 0.671308 0.119413
0.207414 0.571374 0.250662
-0.0887512 -0.0733152 2.18989
-0.167043 -0.0895791 1.55265
-0.0108584 -0.807962 0.13883
0.215027 0.852605 0.122124
0.265626 0.688124 0.165355
-0.139322 -0.623685 0.224785
0.629126 0.168239 0.215718
0.14556 0.426163 0.46299
-0.703213 0.179041 0.170999
-0.701496 0.66941 0.112662
0.800476 -0.518639 0.113467
0.807264 -0.5459 0.112485
-0.585809 0.763437 0.112986
-0.569741 0.792052 0.112439
0.146877 0.183218 1.24027
0.0598142 0.189975 1.48045
-0.582546 -0.164689 0.252884
0.517502 -0.512732 0.169661
0.361921 -0.248337 0.485674
-0.288269 0.592051 0.210538
-0.319315 0.835522 0.119668
-0.367232 0.742825 0.13305
-0.360923 0.759313 0.130031
-0.677372 -0.508132 0.128601
0.628605 0.108823 0.225607
0.837898 0.471338 0.113028
0.888584 0.372049 0.112945
0.394878 0.78097 0.122836
0.570052 -0.247098 0.238979
0.576982 -0.21068 0.245044
0.768379 0.293124 0.134715
0.783432 0.157558 0.141608
0.0183039 0.399904 0.573221
0.0864551 0.426374 0.493774
0.40767 -0.799427 0.119251
-0.186337 -0.892304 0.117346
-0.245051 -0.909434 0.114301
0.292073 0.90622 0.113576
-0.765833 -0.370254 0.127757
0.614944 -0.491465 0.145538
0.388677 -0.90132 0.112255
0.375247 -0.490011 0.242497
0.642125 0.559738 0.127505
0.56193 0.546765 0.146645
0.734617 0.441519 0.126365
0.745067 0.467968 0.122037
0.909538 0.258458 0.114
-0.848039 -0.412462 0.114217
-0.0625792 0.9814 0.112228
-0.913671 -0.375539 0.112156
-0.94218 0.00885357 0.114264
0.463974 -0.84435 0.112904
0.893133 0.0349276 0.119769
0.736894 -0.619086 0.112993
0.151983 -0.121064 1.51639
-0.305134 -0.590893 0.206057
-0.369824 -0.566673 0.198477
0.617707 0.534638 0.136226
-0.125899 -0.504516 0.348859
0.276262 0.317496 0.524528
-0.343404 -0.216552 0.559257
-0.366465 -0.199517 0.532772
-0.00681554 -0.477982 0.412846
-0.106263 -0.741205 0.160383
0.29415 0.324736 0.487273
0.340978 0.242017 0.530609
0.424456 0.524126 0.199894
-0.312246 0.159176 0.715496
0.135868 -0.870164 0.121863
0.181142 -0.830121 0.127973
-0.552399 -0.487927 0.165628
0.190016 -0.52781 0.297825
0.864299 0.0478599 0.12463
0.71906 -0.23258 0.157437
-0.583877 0.537697 0.143346
-0.360811 -0.760775 0.129718
-0.230956 0.20421 0.869404
-0.0186759 -0.150708 1.86238
-0.011213 -0.111047 2.22043
-0.0148181 -0.883447 0.121388
-0.742494 -0.649843 0.112168
0.724436 0.602985 0.11426
0.746965 0.568497 0.114558
0.144893 0.896909 0.117724
0.352746 -0.568623 0.203331
-0.0530195 0.661233 0.207218
-0.0886091 0.680907 0.192306
-0.519101 0.0435727 0.347608
-0.591741 0.12236 0.253908
-0.729459 0.156511 0.161575
0.488902 -0.505345 0.182779
-0.414868 -0.451163 0.246157
-0.335761 0.623953 0.179818
-0.168725 0.935129 0.113695
-0.166769 0.985996 0.112045
0.0368094 0.359824 0.680151
-0.0535563 -0.00164591 2.67476
-0.0715501 -0.0655153 2.3493
-0.361143 -0.272089 0.459425
-0.296864 -0.401979 0.378149
0.33853 -0.042823 0.746225
0.327311 -0.139851 0.697913
-0.0586167 -0.378663 0.617967
0.0844987 0.549419 0.303646
-0.871859 -0.311347 0.115761
-0.867872 -0.251629 0.118376
-0.494308 -0.709369 0.12482
-0.216935 -0.652574 0.191686
0.154725 -0.954806 0.112765
-0.232913 -0.354515 0.517128
0.0440276 -0.387305 0.600063
0.00941327 -0.393512 0.590161
0.183582 0.271389 0.794247
0.230485 0.310554 0.608257
-0.124517 0.392908 0.544428
-0.0381277 0.415624 0.532444
0.132347 0.976454 0.112191
0.212415 -0.456289 0.372758
0.270266 -0.506922 0.283153
0.174269 -0.655327 0.197588
-0.273082 -0.1068 0.933391
-0.397257 0.337907 0.346781
0.48692 0.0031652 0.398119
0.564754 -0.0355088 0.292383
-0.0271074 0.717879 0.174664
-0.938561 -0.157659 0.113591
0.767705 0.111124 0.149625
0.651228 -0.132383 0.206417
0.682153 -0.0948889 0.191055
-0.0461702 -0.619573 0.238967
-0.0563442 -0.555493 0.300767
-0.562855 0.704667 0.118601
-0.57773 0.671411 0.121028
-0.510239 0.556007 0.157889
-0.504895 0.42419 0.209897
0.20549 0.128601 1.1945
-0.485133 -0.16056 0.361462
-0.440514 -0.227704 0.383966
-0.0964687 -0.241132 1.09747
-0.0793954 -0.284229 0.925478
0.0715234 -0.569166 0.284025
0.237385 -0.31013 0.598169
-0.702183 -0.214871 0.166867
-0.795933 -0.184127 0.136213
-0.689874 -0.00276305 0.19036
-0.631405 0.066958 0.227946
0.163611 0.0281314 1.74141
0.0977767 0.0730579 2.12768
0.576576 0.473842 0.161465
-0.328838 0.308565 0.461826
-0.386127 0.280187 0.414443
0.832676 -0.156996 0.128501
0.193553 -0.771984 0.142658
0.20589 -0.79826 0.134179
-0.071095 0.732574 0.166091
-0.268962 0.852197 0.119782
-0.303311 0.803085 0.126074
-0.914497 0.05663 0.116773
0.24394 -0.601966 0.216974
0.167858 -0.594009 0.242391
0.364237 -0.432435 0.292898
-0.142665 -0.539936 0.300663
0.212402 0.767847 0.142391
0.254299 0.790091 0.132704
0.375375 -0.275091 0.434933
0.332122 -0.253951 0.530779
-0.546917 -0.159547 0.288203
-0.508525 -0.0814736 0.355786
-0.0264188 0.529155 0.335724
0.319524 0.455129 0.303368
0.323859 -0.346437 0.419259
-0.214082 0.172067 1.02071
-0.255603 -0.271342 0.647186
-0.225841 -0.226511 0.823561
0.0983669 0.00139403 2.33759
0.840008 0.325643 0.118724
0.793484 0.347002 0.124551
-0.255709 0.463626 0.336138
-0.220381 0.509133 0.304894
-0.0315145 0.45748 0.447378
-0.0103808 0.429745 0.504744
-0.717735 -0.419629 0.132341
-0.225099 -0.947602 0.112496
0.520078 0.774231 0.11508
0.0753036 0.801203 0.13982
-0.761112 -0.321917 0.133661
0.837298 -0.0989346 0.129452
-0.408915 0.730418 0.130924
-0.399973 -0.388334 0.301776
-0.385781 0.775751 0.12448
-0.378516 0.789552 0.122766
-0.14279 0.256665 0.931556
-0.0608183 0.246016 1.13176
-0.318686 -0.125487 0.742028
-0.391738 -0.0691429 0.579627
-0.443141 0.0349983 0.474384
-0.230966 -0.573169 0.241793
0.115901 -0.12305 1.71593
-0.909012 -0.271226 0.113796
-0.923536 -0.0480829 0.115845
0.776157 0.0825107 0.147876
-0.148627 -0.585674 0.253918
-0.128297 -0.765699 0.149371
0.0227703 0.307227 0.870329
-0.00177341 0.368029 0.660988
0.300417 0.146287 0.770919
0.33818 0.181035 0.616682
0.385287 0.543606 0.205244
-0.180036 0.275367 0.789367
-0.234431 0.302906 0.618427
0.945752 -0.0577826 0.113888
0.320824 -0.928183 0.112257
0.0838236 -0.721723 0.17056
0.130095 -0.697879 0.1791
-0.336311 0.561223 0.213529
-0.253284 0.580746 0.229018
-0.172314 0.675701 0.186016
-0.187741 0.633395 0.209061
-0.537175 -0.513238 0.162958
-0.17962 0.842276 0.1255
-0.570901 -0.357782 0.20037
0.157708 0.702717 0.173747
-0.879923 -0.0842438 0.121322
0.204761 -0.393474 0.476278
0.172119 -0.361048 0.574043
0.846627 0.190611 0.124196
0.568004 0.665681 0.122853
0.605113 0.575392 0.131437
0.854009 -0.278241 0.119123
0.849436 -0.243987 0.12134
0.732146 -0.11328 0.163851
0.410701 -0.166481 0.477135
0.409331 -0.0951606 0.52591
-0.493993 0.239331 0.311809
0.585897 0.709327 0.116356
0.0135931 -0.0976637 2.33502
0.09469 -0.164461 1.55055
0.360378 0.0902414 0.650923
0.394055 0.121 0.544419
0.346194 0.672778 0.157063
0.321698 0.653524 0.169701
0.0247804 -0.0509026 2.65494
-0.0940227 -0.887664 0.119941
0.0537103 -0.920005 0.116201
-0.00143115 -0.925793 0.115755
0.413664 0.0629839 0.530044
0.320022 0.0625022 0.79996
0.499014 0.0540755 0.374834
-0.188259 -0.513149 0.314591
0.717493 0.495579 0.123417
0.525016 0.387306 0.214844
0.378803 0.773388 0.125505
0.071068 0.88304 0.121005
0.366959 -0.635998 0.166904
0.498455 -0.390016 0.229557
-0.0252657 0.405298 0.558904
0.110041 -0.79461 0.140623
0.148061 -0.814268 0.133331
-0.512692 -0.0479309 0.355877
-0.566526 -0.0113749 0.29155
-0.629409 0.150592 0.218667
0.660449 0.0473955 0.208045
0.966462 0.142089 0.112385
0.760471 0.262338 0.1399
0.711117 0.254155 0.157659
0.483967 -0.380428 0.243854
-0.525832 0.605361 0.140719
-0.28837 0.405829 0.381011
-0.375117 0.911585 0.112174
-0.280791 -0.357739 0.454523
-0.457955 0.581489 0.164205
0.517346 -0.181645 0.312548
-0.737245 -0.358251 0.135477
-0.829926 -0.0858532 0.131587
-0.388008 -0.546547 0.202609
-0.483874 -0.536714 0.172514
0.182821 -0.846622 0.124527
0.582403 0.139086 0.25897
0.590985 0.226531 0.229537
0.21178 0.395975 0.46537
0.23809 0.407302 0.423573
0.0691544 0.484595 0.394008
0.669256 -0.729619 0.112128
-0.751218 0.0477464 0.158705
-0.823489 0.0189184 0.134381
0.163475 -0.192565 1.13631
-0.218618 0.40016 0.452183
-0.0221765 0.981304 0.11227
-0.047498 0.927129 0.115493
0.268378 -0.57356 0.229293
0.437266 0.233055 0.384588
-0.481782 0.465331 0.202883
-0.0466746 0.826745 0.133193
-0.123919 0.779585 0.144792
0.820089 -0.513353 0.112749
-0.369018 -0.741712 0.1331
-0.613225 0.731512 0.113427
-0.602052 0.764483 0.112526
0.369983 -0.894347 0.112721
0.396464 -0.88124 0.11278
-0.703026 -0.453152 0.13107
-0.738864 -0.558111 0.115734
-0.797994 -0.523883 0.113417
0.773757 0.49898 0.116296
0.785498 0.452242 0.118024
0.403707 0.752766 0.126958
0.454408 0.713079 0.128894
0.866368 -0.0346999 0.124356
0.784092 -0.579878 0.112463
0.790701 -0.550858 0.112919
0.741476 -0.537186 0.116861
-0.243748 -0.615725 0.207996
-0.537674 0.817331 0.112361
-0.538451 0.789338 0.113364
-0.508159 0.730174 0.120417
-0.506649 0.758947 0.117235
-0.275657 -0.296422 0.562172
-0.0796506 0.315658 0.802078
-0.0405588 0.101995 2.23781
-0.33945 -0.785747 0.12661
-0.396646 -0.752873 0.127684
-0.344406 -0.8869 0.11361
-0.389886 -0.185425 0.500771
-0.414954 -0.163184 0.471712
-0.350024 -0.284058 0.462061
-0.386791 -0.252987 0.440655
-0.108887 -0.564206 0.282957
-0.164701 -0.523942 0.311482
-0.103103 -0.550563 0.298775
-0.639903 -0.717308 0.113042
-0.935451 -0.185894 0.113459
0.00880761 -0.788106 0.145211
-0.376447 0.534198 0.214043
-0.430313 0.0452457 0.498733
0.284543 0.384754 0.412058
0.237818 0.437325 0.381057
0.147984 0.397781 0.516615
0.442627 0.426699 0.244561
0.477994 0.513051 0.18385
-0.310163 0.271967 0.543689
-0.436937 0.211928 0.400296
-0.45799 0.178473 0.390785
0.0866015 -0.930139 0.114955
-0.169004 0.716655 0.165959
-0.234262 0.801647 0.131381
-0.347936 0.746122 0.134489
-0.375412 0.712966 0.139533
-0.630454 -0.469941 0.145855
-0.90431 0.0246198 0.118235
0.114894 -0.395044 0.546221
0.181506 -0.446672 0.405944
0.131996 -0.518958 0.328372
0.133155 -0.620283 0.228391
0.873098 0.11906 0.121798
0.920437 0.21005 0.11413
-0.265504 -0.371688 0.45069
0.468415 0.772762 0.118368
-0.526291 0.421433 0.200037
0.00630057 0.0870921 2.43083
-0.0140331 0.134795 2.00651
0.0623519 0.0809375 2.30472
0.0269594 0.0592069 2.60202
0.274749 0.460971 0.326913
0.259021 0.52592 0.27108
0.387372 0.577107 0.187347
-0.082788 -0.153662 1.67033
-0.119167 -0.228072 1.1103
-0.0627769 -0.738974 0.163549
0.000704071 -0.756634 0.157054
0.490842 0.198879 0.335995
0.376269 0.292378 0.415467
0.195702 0.678342 0.181195
0.641867 0.467757 0.143189
0.267528 0.743841 0.144439
0.825419 0.539231 0.112174
0.0784407 0.781066 0.146299
0.316105 -0.579983 0.209122
0.300154 -0.638304 0.181582
0.282435 -0.581455 0.219239
0.204809 -0.682092 0.177888
0.14991 -0.738727 0.158281
-0.141317 0.611687 0.233667
-0.676957 -0.134953 0.190128
-0.164821 -0.44292 0.422238
0.775042 -0.0150441 0.149828
0.761642 -0.0877169 0.153045
0.711358 -0.109916 0.173929
0.142199 -0.315395 0.730158
0.227275 0.088673 1.1858
0.594188 -0.538623 0.140681
-0.31328 0.57862 0.210919
-0.357807 0.41056 0.317025
-0.192328 0.51897 0.306393
-0.229265 0.925594 0.113484
0.00472866 0.828588 0.133073
0.00922251 0.85564 0.126676
-0.172853 -0.330826 0.645803
-0.0976781 0.337172 0.713625
-0.0334458 0.0781428 2.44905
-0.313762 -0.348215 0.428958
-0.221622 -0.327653 0.585269
-0.107742 -0.353263 0.657263
0.364858 0.02057 0.668845
0.288181 0.0919924 0.893699
0.140792 -0.32908 0.69168
0.0837664 -0.342206 0.709515
-0.00417331 -0.223647 1.31067
-0.824909 -0.383929 0.117564
-0.780007 -0.375526 0.124631
-0.32374 -0.865259 0.115957
-0.304022 -0.919626 0.112693
0.132629 -0.456694 0.417031
-0.0434772 -0.167594 1.68202
0.527999 0.188839 0.298077
0.532803 0.0524437 0.328472
0.555321 0.00700881 0.304144
0.720427 0.646933 0.112707
0.100318 0.0576559 2.18384
0.148776 0.274964 0.851705
0.100184 0.272749 0.945703
-0.740805 0.186763 0.154067
0.145411 0.946446 0.113217
0.0471409 0.923394 0.115866
0.277881 -0.461344 0.324446
0.299734 -0.497812 0.276278
0.293116 -0.451645 0.324569
0.321608 -0.392648 0.366502
0.299004 -0.723525 0.147033
0.114604 0.731285 0.164184
0.92974 -0.245103 0.113025
-0.757553 0.124746 0.152635
0.853502 -0.0885476 0.126151
-0.284669 0.0253228 0.967122
-0.120652 -0.265621 0.939835
-0.32413 0.0372502 0.799325
0.418567 -0.150313 0.474008
0.395408 -0.246135 0.434213
-0.0548024 0.640528 0.221838
-0.0517147 0.589488 0.265622
0.213627 0.708838 0.164132
0.14506 0.660686 0.198628
-0.799884 -0.256643 0.130196
0.211697 0.144851 1.11474
0.0909117 0.629326 0.227197
-0.0767452 -0.504188 0.362901
-0.118903 -0.729327 0.164743
0.250241 0.218273 0.778326
-0.492321 -0.762445 0.117852
-0.664383 -0.285768 0.172225
-0.649721 -0.17807 0.200393
-0.478582 -0.359306 0.259244
-0.359592 -0.394102 0.330905
-0.741391 0.00465308 0.16362
-0.778511 -0.0858945 0.146894
-0.159353 -0.47633 0.374257
0.371918 0.338824 0.373059
-0.249091 0.235249 0.741469
-0.275884 0.728046 0.148591
-0.247347 0.777636 0.136513
-0.515082 -0.536829 0.162509
0.36824 -0.366915 0.349039
0.829983 0.393164 0.116541
0.805204 0.410965 0.118306
0.849406 0.269397 0.120186
0.861652 0.281641 0.117983
0.358703 0.835214 0.11768
0.304017 0.8078 0.125111
0.230918 0.733959 0.15198
0.282506 0.84857 0.119686
0.469054 -0.306446 0.298549
0.379371 -0.339341 0.364383
-0.123303 0.885583 0.119723
0.551776 -0.0898005 0.300008
-0.453948 -0.0317777 0.453956
0.135278 -0.165938 1.37465
-0.175837 -0.242973 0.904425
-0.181945 -0.277491 0.779198
-0.289924 -0.168987 0.765805
-0.73958 -0.0465912 0.163801
0.718332 0.324273 0.145224
0.221589 0.521643 0.29138
0.132226 0.493387 0.361786
-0.644998 -0.380893 0.160267
-0.660412 -0.329682 0.165128
-0.178941 -0.740284 0.155054
-0.274847 -0.843847 0.12074
-0.100937 0.944573 0.11373
0.437677 0.0411113 0.48424
-0.801291 -0.203484 0.133547
0.679731 -0.655618 0.114116
0.686419 -0.624583 0.115528
-0.200254 0.437129 0.408167
-0.342086 0.854703 0.116286
-0.325165 0.883584 0.114326
-0.410069 0.848941 0.114233
-0.42481 0.825389 0.115505
0.229517 -0.835564 0.124457
0.22043 -0.887233 0.117002
0.251633 -0.938437 0.112586
-0.678723 0.699167 0.112483
-0.675426 0.669607 0.113642
-0.483323 0.0712499 0.395599
-0.464739 0.140786 0.400327
0.039528 -0.0360114 2.67598
-0.100781 -0.933352 0.114562
0.587912 0.273036 0.217866
0.696146 0.419583 0.137427
0.392911 -0.682202 0.145528
0.333546 -0.64964 0.168787
0.761164 0.0765676 0.153706
0.567056 0.138323 0.273643
-0.218841 -0.898877 0.115815
-0.218964 -0.82047 0.128063
-0.986936 0.0922841 0.112099
0.345992 0.904762 0.112701
0.792524 0.0096517 0.143728
0.800528 0.0646109 0.140351
-0.179548 -0.498597 0.335523
0.341651 -0.836898 0.118321
-0.48245 -0.607551 0.149583
-0.44371 0.786314 0.118476
-0.253074 -0.842017 0.122131
0.0380805 0.242353 1.17769
0.0797686 0.302989 0.848995
-0.373029 -0.674414 0.1515
-0.401269 -0.674439 0.146382
-0.846268 -0.0550986 0.128336
0.131864 -0.423518 0.476238
-0.320243 -0.252534 0.554721
0.371086 0.168194 0.555848
0.35823 0.317219 0.412131
0.106331 -0.747022 0.157943
0.0505309 -0.794668 0.142486
-0.505047 0.0364554 0.368255
-0.276431 0.649708 0.181166
-0.239035 0.717545 0.157204
-0.592074 -0.55478 0.137869
-0.50164 -0.446074 0.201981
-0.528901 -0.40439 0.205592
-0.870642 0.0959747 0.122707
-0.79502 0.113415 0.14035
0.170048 0.602602 0.23503
0.273997 -0.544092 0.249466
0.176999 -0.412632 0.465542
0.255607 -0.444773 0.358672
0.952071 0.0745346 0.113404
0.554895 0.653018 0.126399
0.790044 -0.264627 0.131883
0.781646 -0.198495 0.139317
0.628911 -0.0685531 0.229781
-0.480811 0.365446 0.254197
-0.45613 0.399672 0.251915
0.248691 0.589099 0.224486
-0.0545894 -0.106344 2.15051
0.0332227 0.228784 1.26279
-0.0819512 -0.0375258 2.40822
-0.0763059 -0.860381 0.125004
-0.703778 -0.613045 0.11503
-0.700042 -0.653748 0.113219
0.433871 0.162734 0.438542
0.0821633 -0.65989 0.206063
0.135108 -0.648157 0.208085
-0.00620946 -0.559757 0.299188
0.0180149 -0.610526 0.248058
-0.102618 0.724345 0.168175
-0.529122 0.145693 0.311929
-0.677463 0.156803 0.187148
-0.706582 0.13994 0.173691
0.759423 -0.0545911 0.15514
0.867853 0.143173 0.12208
0.804436 0.138199 0.136441
0.410654 -0.475705 0.233147
0.402085 -0.505158 0.21978
0.542212 -0.485337 0.170045
0.484058 -0.477775 0.1963
-0.387156 0.668165 0.150933
-0.336033 -0.499101 0.256231
0.24079 -0.0768158 1.13548
0.23429 -0.183402 0.914569
0.307288 0.751753 0.137612
0.294172 -0.169228 0.752536
-0.873777 -0.284168 0.116503
-0.856783 -0.359603 0.115421
-0.414789 -0.608225 0.166017
0.300096 -0.753989 0.137806
-0.131744 -0.717073 0.169387
0.160514 -0.918648 0.1151
0.663438 0.136034 0.19813
0.206902 0.37841 0.501661
-0.858058 -0.0381017 0.125962
-0.0096798 0.916494 0.116757
0.19085 -0.659 0.192651
0.263174 -0.668972 0.174408
-0.345415 -0.0627702 0.713525
-0.368479 -0.0869926 0.63067
-0.467152 0.451546 0.216762
-0.52712 0.404937 0.20633
0.471621 0.026819 0.422537
0.464811 0.0551885 0.430114
-0.163508 -0.119222 1.4571
0.471617 -0.0469766 0.419818
-0.0170455 0.658136 0.210687
-0.882525 -0.208459 0.117964
0.687853 0.103368 0.187043
0.669128 0.015281 0.203212
0.619427 0.149423 0.226177
-0.258115 -0.7482 0.144089
0.210894 -0.0257585 1.38581
0.292724 0.0259206 0.930622
-0.532754 -0.229136 0.277433
-0.484983 -0.297212 0.28915
-0.455781 -0.220287 0.368378
0.249309 -0.36343 0.482057
0.255163 -0.419986 0.391015
0.280696 -0.328245 0.50033
-0.533675 -0.253633 0.266508
-0.597418 0.0365727 0.259167
-0.638723 -0.0484099 0.223632
-0.721825 -0.0756087 0.17097
0.0785897 -0.0714792 2.26846
0.140524 -0.0885694 1.74044
0.39602 0.36272 0.326371
0.398142 0.311418 0.369523
0.564225 0.45925 0.170125
-0.0261896 0.87945 0.122023
-0.238748 0.350722 0.516952
-0.369128 0.396072 0.320939
0.36159 -0.751648 0.131638
0.249049 -0.812746 0.127878
-0.018949 0.794041 0.143173
-0.0790472 0.926899 0.1153
-0.657747 -0.519172 0.130701
0.4599 -0.226263 0.359287
0.870289 0.465183 0.112154
0.383786 -0.307115 0.39076
0.383078 -0.368954 0.333018
0.561322 -0.28949 0.230639
-0.668022 0.256372 0.176134
-0.652667 0.232905 0.188529
-0.475764 -0.135679 0.38583
-0.423255 -0.144612 0.468948
-0.489657 0.102201 0.377407
0.0560732 0.458101 0.441893
0.242664 0.451464 0.359285
0.20034 0.45772 0.378267
-0.192026 -0.236743 0.883599
-0.170452 -0.133705 1.3574
0.0582612 -0.871749 0.123102
0.105937 -0.847004 0.127109
-0.313061 0.46317 0.299968
0.623085 0.232665 0.206025
0.739876 0.385686 0.131569
0.80816 0.298845 0.125406
0.73255 0.279978 0.146557
-0.195591 0.567652 0.257464
-0.197354 0.67007 0.185351
0.513062 0.842235 0.112182
0.240916 0.860803 0.11976
0.222863 0.879404 0.117895
-0.327247 0.0772316 0.763446
0.885825 -0.143361 0.119252
0.949838 -0.0891607 0.113457
0.729952 0.0167856 0.16886
0.58167 -0.549532 0.141254
-0.280981 -0.624609 0.193356
-0.415458 0.679879 0.142354
-0.584172 -0.333339 0.201112
-0.332071 -0.173299 0.642024
-0.0448779 -0.448676 0.461859
-0.26778 -0.4868 0.30393
-0.245324 -0.530799 0.272528
0.485552 0.392561 0.236437
0.451035 0.511554 0.195156
0.341183 -0.908086 0.112636
0.28815 -0.914781 0.113153
-0.472223 -0.287134 0.307356
0.315384 -0.874143 0.115395
0.0309996 -0.752037 0.158721
-0.922668 0.144006 0.114979
-0.350038 -0.442185 0.294489
-0.411286 -0.486223 0.226442
-0.541423 -0.357032 0.217604
0.856966 0.41837 0.113469
-0.59795 0.410999 0.171072
0.42095 0.718553 0.131982
0.368632 0.739047 0.133786
-0.175973 0.0545886 1.59332
-0.215913 0.0785814 1.27154
-0.0412517 -0.954335 0.113377
0.0304783 -0.964699 0.112836
0.133147 -0.899554 0.117616
0.13549 -0.937688 0.113877
-0.48609 -0.692799 0.128725
-0.525627 -0.766586 0.115381
0.638268 0.0771622 0.221855
0.197463 0.810635 0.131592
-0.414251 0.470845 0.2342
-0.415939 0.603435 0.167548
-0.450474 0.882633 0.11211
0.547306 -0.213457 0.269859
-0.878165 -0.413398 0.112637
0.72992 -0.670509 0.112113
-0.605818 -0.187435 0.228568
-0.699047 0.0508216 0.184037
-0.0550431 0.504154 0.367083
-0.186129 0.877256 0.119318
-0.153637 0.888031 0.118691
0.0505993 -0.527488 0.335568
0.184876 0.841695 0.125392
0.178851 0.88051 0.119075
-0.259692 0.868728 0.117965
-0.131865 0.711976 0.171799
-0.10573 0.0538469 2.15812
-0.750251 -0.462101 0.121803
-0.715426 -0.511104 0.12214
-0.800919 -0.47842 0.11506
-0.976618 0.118787 0.112208
0.745581 0.42789 0.125834
0.777829 0.42113 0.121229
-0.156594 -0.947505 0.113096
-0.358633 -0.872475 0.114187
-0.399985 -0.116809 0.534022
-0.523378 -0.676932 0.12667
-0.249922 0.255541 0.693262
-0.616131 -0.213429 0.215121
0.0465039 0.133731 1.95258
-0.0907043 0.604409 0.247686
0.719634 0.191306 0.162205
0.779907 0.183991 0.14091
0.126134 -0.265589 0.930045
0.0458811 -0.125821 2.02088
0.0345381 -0.2549 1.11114
0.0970961 0.354789 0.661593
0.0904277 0.400018 0.54942
0.0479467 0.39123 0.588938
0.406237 -0.843119 0.114801
0.784026 -0.607632 0.112101
0.735792 -0.564877 0.115571
0.732805 -0.595203 0.114145
-0.52305 0.842812 0.112096
-0.490526 0.786829 0.115612
-0.47649 0.815029 0.114133
0.150977 -0.48929 0.359936
0.583308 0.796974 0.112151
-0.14759 0.188839 1.21095
-0.0038729 -0.891811 0.12006
-0.733711 -0.59297 0.114187
0.432596 0.0825129 0.482641
0.78642 0.528426 0.113888
0.0287754 -0.659942 0.209143
-0.271063 -0.324766 0.519714
-0.259401 -0.298003 0.586465
0.440031 -0.0332863 0.480875
0.410058 0.00563005 0.549451
-0.0378849 -0.355959 0.691607
0.021903 -0.359126 0.685816
0.157475 0.21766 1.05063
-0.561371 -0.451726 0.173576
0.5453 0.0229465 0.315575
0.780885 -0.524465 0.114401
-0.0882854 -0.56147 0.289655
-0.0820532 -0.616621 0.238377
-0.526222 0.70215 0.122438
-0.554287 0.761228 0.114325
-0.55884 0.730159 0.116439
-0.301091 -0.0291947 0.893555
0.238503 0.00830997 1.21692
0.127648 -0.562867 0.280283
0.0960929 -0.529228 0.325314
-0.543082 -0.790378 0.113164
-0.738783 -0.303111 0.141796
-0.321508 0.771031 0.131334
-0.332335 0.755817 0.133837
-0.907138 0.0069499 0.117902
-0.346009 -0.408599 0.328478
0.348672 -0.331523 0.4076
-0.657267 -0.0837235 0.207742
-0.613564 -0.0923377 0.239702
-0.277894 -0.184828 0.772174
0.103312 -0.82146 0.133251
0.0413781 -0.81183 0.137395
0.98558 -0.0472822 0.112173
0.89628 -0.111945 0.118428
-0.814631 -0.303983 0.123886
-0.802268 -0.340348 0.123517
0.6034 0.128143 0.242798
-0.322872 -0.582768 0.205279
-0.281223 -0.596763 0.209727
-0.457128 0.75647 0.121341
-0.457367 0.726656 0.126045
-0.364159 0.814825 0.119975
-0.350265 0.839251 0.117616
0.0931938 0.338456 0.71344
-0.308874 -0.0425583 0.855206
-0.500967 -0.490631 0.183874
0.588681 0.551471 0.13927
0.941354 -0.212945 0.112838
0.965214 -0.193258 0.11221
0.340207 0.817122 0.121142
-0.383384 0.896727 0.112454
-0.396283 0.872765 0.11319
-0.311558 0.907521 0.113133
-0.214712 -0.406519 0.445161
-0.180888 -0.187252 1.09381
-0.184898 -0.0902677 1.43272
0.673873 -0.700431 0.112575
0.675996 -0.685677 0.112967
0.611304 -0.760632 0.112441
-0.0988118 0.516517 0.340889
0.0248901 0.951906 0.113571
-0.669131 0.743145 0.112057
-0.626026 0.670455 0.11667
-0.627608 0.70133 0.114365
0.31179 -0.765007 0.133732
-0.784044 -0.533781 0.113813
0.838794 0.436848 0.114002
0.831164 0.48932 0.112879
-0.667214 -0.683508 0.11337
-0.524202 0.453035 0.188632
0.878673 0.324977 0.114706
0.680811 0.687428 0.11275
-0.721678 0.668724 0.112221
0.82477 -0.539634 0.112191
-0.58568 0.794412 0.112158
-0.315804 -0.675414 0.161763
0.329963 0.345484 0.413321
-0.346312 0.20831 0.563655
0.122008 -0.857854 0.124457
-0.246164 0.648356 0.18821
-0.587188 -0.483535 0.155453
-0.903356 0.157746 0.116716
0.215792 -0.592576 0.231374
0.687584 -0.194041 0.176682
0.672167 -0.224681 0.179729
-0.582824 0.554216 0.139994
0.296407 0.524981 0.255221
-0.369355 -0.699985 0.144114
-0.0439633 -0.13766 1.9267
0.437259 0.145564 0.443011
0.259172 -0.599245 0.214495
0.024457 -0.645628 0.219493
0.0439922 -0.627504 0.232658
-0.0762647 0.67046 0.199687
-0.553329 0.02693 0.305822
0.498877 -0.555007 0.161489
-0.374872 0.619799 0.171691
-0.203636 0.931288 0.113496
-0.0428413 -0.0328688 2.67257
0.363199 -0.0721294 0.654444
-0.625618 0.228961 0.205297
-0.668627 0.22592 0.181321
-0.10814 0.434999 0.467062
-0.158944 0.525341 0.311808
0.113443 -0.671828 0.195557
-0.294828 -0.125682 0.821189
-0.530621 0.342327 0.230758
-0.511881 0.360856 0.234873
0.523686 0.0032592 0.343813
0.620055 -0.107164 0.232507
-0.253459 -0.730503 0.150557
-0.085637 -0.589216 0.262147
0.64623 0.518869 0.13299
-0.432996 0.571262 0.175478
-0.46268 -0.146816 0.400566
-0.0390058 -0.232749 1.23311
0.0998314 -0.570527 0.278208
0.254469 -0.335553 0.523904
-0.749554 -0.209911 0.148661
-0.677964 0.0789692 0.194783
0.826782 -0.111847 0.131596
-0.0743745 0.705066 0.179601
-0.663929 -0.549041 0.125457
0.234966 -0.643403 0.193271
0.921846 0.349789 0.112176
0.919152 0.296681 0.112814
0.181936 0.761404 0.147069
-0.576736 -0.0875671 0.27395
0.305807 0.434893 0.33331
-0.268077 -0.254446 0.656383
0.0656145 -0.045639 2.49098
0.797432 0.267265 0.129957
-0.252181 0.540111 0.261489
-0.792201 -0.325096 0.126526
0.708924 -0.0438571 0.178896
0.869391 -0.0796191 0.123226
0.891876 -0.056945 0.119768
-0.339773 -0.554562 0.21634
-0.36748 -0.614207 0.176041
-0.408302 -0.811665 0.117732
-0.155303 0.305113 0.74241
-0.0115018 -0.361863 0.678958
-0.276008 -0.54411 0.248675
-0.965489 -0.0770291 0.112687
0.0954828 -0.256561 1.02492
0.289753 0.224089 0.666158
0.264509 0.171501 0.841625
-0.202586 0.259196 0.789297
0.276724 -0.927797 0.112706
-0.298175 0.619135 0.191968
-0.116308 0.681039 0.189739
-0.501732 -0.512866 0.175149
-0.533208 -0.337472 0.231089
-0.538709 -0.279485 0.251554
0.173998 -0.39406 0.502697
0.224061 -0.341154 0.553968
0.86535 0.198903 0.120674
0.881607 0.199522 0.118342
0.655061 0.679762 0.114142
0.616029 0.67876 0.116749
0.32315 -0.0914372 0.764912
0.0472397 -0.0861208 2.34062
-0.00216194 -0.0593465 2.6376
0.345377 0.143193 0.644198
0.355776 0.651814 0.163093
0.0223992 0.6859 0.192519
-0.030622 -0.0266432 2.7453
-0.187073 0.0210328 1.5625
0.00251526 -0.975169 0.112463
0.526786 0.104806 0.326352
0.715559 0.549961 0.118527
0.388658 0.839937 0.115785
0.370533 0.803764 0.121149
0.408264 -0.605845 0.16868
0.0407813 -0.689963 0.189623
-0.522879 -0.0929945 0.33402
0.862326 0.0809473 0.124532
0.320408 0.241908 0.570343
0.934675 0.147834 0.113965
0.918042 0.142677 0.11543
0.738502 0.233485 0.150061
0.898581 0.302943 0.113809
-0.320809 0.413458 0.344368
-0.277158 -0.384924 0.419193
-0.197404 -0.366698 0.534566
0.215789 -0.264908 0.744874
-0.145764 -0.0135987 1.91005
-0.859746 -0.130937 0.123855
-0.424253 -0.578315 0.175238
-0.543035 -0.63253 0.131754
0.233654 -0.852249 0.121366
0.609683 0.22099 0.2177
0.0861498 0.472778 0.408593
-0.791972 0.000390894 0.143912
-0.737523 -0.0254537 0.165176
-0.00874887 0.489473 0.393935
0.00165982 0.533236 0.33124
0.004727 0.96911 0.112675
0.0995664 -0.45566 0.433002
0.240816 -0.572984 0.238802
0.462051 0.284633 0.319375
0.151879 0.785057 0.141432
0.170518 0.794462 0.137483
-0.334493 -0.744615 0.136432
-0.639603 0.744493 0.112278
-0.0219933 0.00476098 2.81565
0.374695 -0.73871 0.133153
-0.6828 -0.455142 0.135217
0.806839 0.477406 0.114661
0.388548 0.714251 0.137326
0.821119 -0.0460197 0.134716
0.860524 -0.00167395 0.12564
-0.0337384 0.262958 1.06891
-0.0443007 0.158381 1.75438
-0.436519 -0.703551 0.133222
-0.346796 -0.812976 0.121346
-0.393646 -0.281763 0.402803
-0.423029 -0.371108 0.295849
-0.621148 -0.783693 0.112038
-0.952219 -0.193045 0.112568
0.425976 0.450548 0.240106
0.0746395 -0.881797 0.121144
-0.215374 0.709752 0.163505
-0.216204 0.692017 0.171346
-0.846776 -0.00730564 0.128596
0.140178 -0.389623 0.540114
0.870619 0.168451 0.120849
0.549444 -0.172284 0.28169
-0.581927 0.519469 0.148038
0.078569 0.142955 1.76555
0.286817 0.489694 0.290619
-0.201034 0.106521 1.28597
-0.124636 0.173586 1.37747
-0.203112 -0.0921848 1.31463
-0.0185669 -0.945991 0.113981
-0.0208464 -0.709379 0.179195
-0.61987 -0.669966 0.117214
-0.71826 -0.604312 0.114557
0.38935 0.261321 0.428649
0.64171 0.48723 0.139535
0.842798 0.518492 0.112124
0.104374 0.797665 0.139927
0.275234 0.729639 0.148143
0.25837 -0.626703 0.197724
0.184574 -0.702907 0.170517
-0.139775 0.579018 0.261891
0.762977 0.0227014 0.154381
0.547128 -0.269507 0.248861
0.530177 -0.557431 0.152012
0.0973634 0.592752 0.257153
-0.0208013 0.809035 0.138461
0.0304312 0.388141 0.60145
-0.0122113 0.395018 0.586232
-0.155166 0.387539 0.532156
-0.182142 0.460583 0.384933
-0.0435109 0.0260041 2.6918
-0.33475 -0.383049 0.364848
-0.20592 -0.28888 0.701739
-0.209827 0.345315 0.563939
-0.0576579 -0.271353 1.00736
-0.0509077 -0.316004 0.822658
-0.181347 -0.590379 0.242151
-0.794138 -0.369074 0.122741
-0.834335 -0.320096 0.119804
-0.441397 -0.508223 0.200717
-0.475996 -0.519683 0.181914
-0.217065 -0.626561 0.207378
0.301945 0.177358 0.716418
-0.295817 -0.890214 0.114601
-0.320422 -0.832725 0.120003
0.10196 -0.422444 0.494793
-0.0333796 0.772864 0.150427
0.741668 0.630078 0.112531
0.0962261 0.920598 0.115772
0.253386 -0.488604 0.310072
0.110252 -0.716462 0.171417
0.885671 -0.272133 0.115657
-0.400589 0.289551 0.386489
0.139078 -0.211481 1.13336
0.449564 -0.18366 0.400289
0.415067 -0.2171 0.429568
-0.163613 0.798551 0.136757
0.688839 0.302157 0.158902
0.688384 0.271106 0.164349
-0.167682 0.433448 0.43603
-0.770879 -0.275149 0.135793
0.151592 0.00206433 1.86415
0.144761 0.0673978 1.79464
0.324941 -0.2189 0.594919
-0.687119 -0.264455 0.165984
-0.431279 -0.27174 0.363273
-0.535657 -0.298372 0.246003
0.378693 0.431378 0.283619
0.391173 0.440053 0.26858
0.0717031 0.565686 0.287623
-0.0463286 0.322492 0.801176
-0.0478154 0.767798 0.152036
-0.537282 -0.560506 0.149367
0.501366 -0.468761 0.192449
0.527199 -0.49637 0.171771
0.808817 0.353763 0.121521
0.831356 0.274088 0.1228
-0.406101 0.487235 0.228439
0.496048 -0.0243053 0.382813
0.473172 -0.0912649 0.406371
-0.497223 -0.0363648 0.379945
-0.430605 -0.00631521 0.502887
-0.100112 0.0887507 2.02263
0.637125 0.593773 0.123593
-0.154369 -0.27113 0.854527
0.0418757 -0.999123 0.112047
0.722503 0.419836 0.131286
0.619812 0.421014 0.160165
0.199507 0.474768 0.355823
0.139518 0.474239 0.386415
-0.705685 -0.341093 0.146727
-0.10385 -0.842325 0.128183
-0.134885 -0.799762 0.137923
-0.147357 0.95317 0.11287
-0.645701 -0.345011 0.167925
-0.809721 -0.242071 0.128998
-0.446251 0.661965 0.141829
-0.456517 0.618752 0.152178
0.345643 0.461633 0.280822
0.234068 -0.876765 0.117873
-0.971654 -0.149407 0.112224
0.947757 0.224544 0.112503
0.950863 0.189921 0.112655
0.477469 0.786192 0.116392
0.525251 0.741707 0.117683
0.564693 0.623349 0.129942
-0.679639 0.429046 0.140147
-0.535125 0.0716933 0.322771
0.561268 0.439872 0.177407
0.34372 -0.722447 0.141288
0.131553 0.0223261 2.02549
0.57567 0.165933 0.25865
-0.246141 -0.875955 0.117555
-0.271513 -0.94937 0.112156
0.396937 -0.832297 0.116137
0.435991 -0.858698 0.112937
0.8639 0.0284689 0.124869
0.791228 -0.00770908 0.14417
-0.296066 -0.559545 0.229465
-0.271776 -0.20256 0.754125
-0.35159 -0.146663 0.624135
-0.864077 -0.146395 0.122628
-0.0763856 -0.72846 0.167763
-0.16529 -0.751079 0.152123
0.222331 0.239909 0.796547
0.263595 0.30478 0.566636
0.378331 0.197357 0.511538
0.393555 0.53093 0.208907
0.147827 -0.841498 0.12694
-0.311011 0.651707 0.172794
-0.299958 0.67067 0.166711
-0.563385 -0.436851 0.17751
-0.532354 -0.440697 0.189642
-0.359648 0.504362 0.240556
0.94858 0.0911533 0.113526
0.267096 -0.0105884 1.0577
0.669131 0.743145 0.11205
0.600036 0.725069 0.11436
0.757543 -0.212307 0.145722
0.736449 -0.140058 0.160004
0.678821 -0.135673 0.188989
0.641097 -0.036329 0.222435
0.210396 0.737317 0.153023
0.206725 0.639956 0.201114
-0.114998 -0.928495 0.114822
-0.448854 0.505569 0.19888
0.24688 0.833791 0.123876
-0.0578716 0.717484 0.173906
-0.156576 0.693246 0.178696
-0.561871 0.125487 0.281821
-0.681819 0.125227 0.188415
-0.638014 0.115837 0.217739
0.777249 -0.0586405 0.148263
0.121808 0.719048 0.169271
0.889688 0.138952 0.118809
0.436185 -0.502625 0.205744
0.447162 -0.454165 0.226081
0.562107 -0.520493 0.153284
-0.405373 0.628702 0.160708
-0.390586 0.568054 0.190668
-0.378015 0.488129 0.242372
-0.803121 0.130493 0.137183
0.38767 -0.216864 0.474969
0.0628727 -0.307299 0.847943
0.0565813 -0.335039 0.751039
-0.861608 -0.325992 0.116238
-0.450373 -0.623607 0.152074
-0.537711 -0.702712 0.121184
-0.572015 -0.59898 0.133169
-0.497524 -0.311549 0.270307
-0.140526 -0.670843 0.193048
0.190203 -0.895486 0.116885
0.218457 -0.703705 0.165731
-0.157922 -0.201462 1.11769
-0.485852 0.425905 0.219467
-0.540928 0.445315 0.184181
0.518373 -0.208947 0.300145
0.553198 0.305734 0.23019
0.520539 0.265722 0.272868
0.0141517 0.638679 0.22495
-0.839733 -0.215695 0.124354
0.784311 0.0445288 0.146113
0.629931 0.0402889 0.230932
-0.0122972 -0.606935 0.251341
-0.119004 0.239503 1.05695
0.196315 -0.0572431 1.44169
-0.505402 -0.213352 0.312173
-0.15029 -0.1641 1.31803
0.268394 -0.362384 0.461808
0.318193 -0.360844 0.407722
-0.481888 -0.188653 0.352306
-0.583119 -0.0542123 0.271668
-0.796465 -0.0918091 0.14077
-0.661704 0.0125711 0.208259
0.148534 -0.0481035 1.82584
0.198116 -0.124892 1.24411
0.421058 0.289036 0.361894
0.509488 0.45639 0.193922
0.559437 0.424332 0.183327
-0.229555 0.380524 0.474622
-0.182468 0.405519 0.474099
0.179099 -0.796221 0.136468
0.319892 -0.85608 0.117064
0.381485 -0.786376 0.123037
0.0246026 0.778418 0.14847
0.029271 0.757398 0.156509
0.00498043 0.902566 0.118506
0.444408 -0.284961 0.338176
0.879639 0.447844 0.112153
0.858164 0.37189 0.114846
0.37053 -0.179662 0.545459
0.441691 -0.248111 0.367826
-0.676814 0.201345 0.181134
-0.685279 0.170276 0.181141
-0.41513 -0.119242 0.500385
-0.481667 -0.10341 0.388965
-0.510221 0.155378 0.331023
0.0478618 0.489211 0.390827
0.233194 0.559482 0.25219
0.258096 0.457027 0.342186
0.313207 0.394342 0.372248
-0.23456 0.0261888 1.23293
0.797493 -0.123156 0.13916
-0.0575911 0.0840218 2.30644
-0.0710162 0.0326202 2.50344
-0.203812 -0.248935 0.816451
0.069678 -0.827536 0.132566
-0.0210502 -0.770493 0.151467
0.692521 0.20311 0.173004
0.769899 0.365265 0.127404
0.779351 0.243032 0.136405
-0.219327 0.433675 0.399707
-0.165672 0.494432 0.346845
-0.0519594 0.458805 0.441483
-0.191025 -0.910323 0.115317
0.55057 0.795046 0.112765
0.0259133 0.810458 0.137985
0.879424 -0.131265 0.120476
-0.73786 -0.390145 0.131513
-0.570018 -0.2622 0.233932
-0.29236 -0.661691 0.172135
-0.404249 0.696996 0.139534
-0.0921395 0.22386 1.19687
-0.0806403 0.195998 1.38947
-0.045296 0.372116 0.641131
-0.315372 -0.0931404 0.790115
0.00212674 -0.462521 0.439982
-0.0882702 0.058957 2.27015
-0.334989 -0.418734 0.327439
-0.818941 -0.0462598 0.135298
0.462702 0.428239 0.231544
0.476691 0.454946 0.210264
0.0245577 -0.78445 0.146358
0.341061 -0.820729 0.120543
-0.76178 0.160056 0.148648
-0.446628 -0.577087 0.169062
-0.546023 -0.39814 0.199025
-0.517778 -0.468143 0.18565
0.356221 -0.449051 0.284496
0.0441128 -0.0660329 2.49447
0.968378 -0.173342 0.112218
0.911754 -0.144276 0.116033
0.82557 -0.266333 0.124277
-0.602174 0.43107 0.164001
-0.61621 0.54111 0.135333
-0.449893 0.204524 0.386554
0.334764 0.114029 0.70528
0.241644 0.0870788 1.11298
0.431783 0.737301 0.126917
0.620686 0.337716 0.180871
-0.220598 0.0279203 1.31922
0.147657 -0.910045 0.116156
-0.460764 -0.730456 0.125034
0.450372 0.109125 0.438492
0.555101 0.0921587 0.295849
0.563214 0.120743 0.281528
0.423639 0.0507433 0.511701
0.132901 0.872229 0.121592
-0.0802666 -0.672944 0.197835
-0.436751 0.528391 0.192985
-0.318233 -0.363762 0.404084
0.520478 -0.09632 0.336337
-0.904827 -0.425779 0.112038
-0.757004 -0.174474 0.149203
-0.908713 -0.0375494 0.117602
0.222461 0.486833 0.328702
-0.730926 0.121996 0.163815
0.60956 0.373039 0.176616
-0.0611793 0.442328 0.470419
-0.0451979 0.487006 0.394669
-0.0743133 0.606938 0.247445
0.151269 -0.152564 1.36973
0.445709 0.0970292 0.451866
-0.884003 -0.371086 0.113177
0.0443049 0.523337 0.341746
0.0906762 0.56404 0.286546
-0.250942 0.807897 0.128817
-0.158975 0.814462 0.132743
-0.920197 -0.340933 0.112279
0.0408775 0.0517082 2.59484
-0.714405 -0.484977 0.125045
0.771449 0.470441 0.118376
-0.15394 -0.933434 0.113996
-0.370129 -0.899528 0.112534
-0.231204 -0.709592 0.161464
-0.565674 -0.767449 0.113487
-0.723509 0.0519358 0.171185
0.921425 -0.0479715 0.116085
-0.970525 -0.00419965 0.112621
0.12872 0.165025 1.40762
0.139576 0.213278 1.12357
0.0560469 0.270015 1.01467
-0.1478 -0.0596655 1.79719
-0.171133 -0.0062655 1.69794
-0.0609053 -0.247794 1.12231
-0.115503 0.645355 0.212557
0.754459 0.242327 0.143779
-0.311311 0.850009 0.118156
0.0894544 -0.290293 0.888097
-0.374916 0.13472 0.578008
0.438478 -0.795054 0.117775
0.254787 -0.751856 0.143312
0.350021 -0.642062 0.16831
0.968583 -0.24869 0.112035
0.504742 0.386335 0.227408
0.932865 0.117068 0.114419
-0.258288 -0.816475 0.126526
0.142125 0.107571 1.64077
0.345474 0.890003 0.113408
-0.0629999 0.290739 0.915065
0.0662896 -0.521479 0.341154
-0.91127 -0.0630597 0.117107
-0.0479955 -0.769676 0.151324
0.434332 0.509744 0.202992
0.449675 0.536971 0.18432
-0.337762 0.193141 0.602101
-0.200278 0.797812 0.134687
-0.25581 0.746798 0.144792
-0.563889 -0.511513 0.155191
-0.963519 0.129566 0.112557
0.701318 -0.228565 0.165344
0.742731 -0.21332 0.150746
0.618769 -0.147706 0.227049
0.591523 -0.139448 0.250771
0.115087 0.156567 1.51654
0.328876 0.471673 0.282524
0.023656 -0.905588 0.118073
-0.728499 -0.664781 0.112174
-0.582458 0.0125342 0.274663
-0.661965 0.0493358 0.206926
0.781741 0.12133 0.144224
-0.341314 0.589089 0.195875
-0.274377 0.599752 0.209854
-0.281246 -0.308874 0.531674
-0.311466 -0.305435 0.491203
0.494082 -0.271584 0.294664
0.25801 0.772955 0.136811
-0.142448 -0.30687 0.756217
0.188542 0.692865 0.174846
-0.0211709 -0.405286 0.559581
0.200706 0.269602 0.763953
-0.598586 0.164452 0.239475
0.116458 0.981798 0.112141
-0.394493 0.319213 0.366547
-0.307088 -0.191984 0.678641
-0.537408 0.574672 0.145674
0.495029 0.252603 0.303765
-0.905626 -0.162618 0.116349
0.539243 -0.0190258 0.323175
0.611189 -0.0213831 0.247381
-0.313073 -0.62076 0.187245
-0.297989 -0.679528 0.163362
-0.0272864 -0.616102 0.242907
-0.144555 -0.410307 0.493733
-0.076743 0.135955 1.82582
0.307769 0.189628 0.68075
-0.423308 -0.24911 0.39136
0.020687 -0.288802 0.949698
0.0831774 -0.543663 0.310529
0.285164 -0.292874 0.552522
-0.442067 0.584553 0.167569
0.479368 0.206996 0.345878
-0.33642 0.259665 0.515492
-0.348773 0.427731 0.308168
0.820244 -0.251671 0.126176
0.867284 -0.203242 0.120229
0.23604 -0.727816 0.153644
0.155031 -0.712679 0.169268
-0.0758883 0.763936 0.15264
-0.619397 -0.616421 0.123076
-0.930978 0.0213375 0.115218
-0.78145 0.0856878 0.145885
-0.821651 0.0523578 0.134464
0.421996 -0.367159 0.299535
0.392643 -0.348659 0.341921
0.321649 -0.410074 0.347253
0.0916557 0.808755 0.137106
0.0602738 0.769508 0.151058
0.0673269 0.604668 0.250164
-0.551192 -0.00393248 0.309101
-0.0123546 0.575124 0.282294
0.271839 0.406714 0.394518
-0.297932 0.164691 0.748996
0.650387 0.268801 0.182461
-0.102264 -0.40792 0.525263
-0.3274 -0.211318 0.600442
0.0511309 0.00296559 2.6896
-0.153254 0.768845 0.146658
-0.0627905 -0.998027 0.11204
0.0422316 -0.880397 0.121752
-0.673944 -0.355978 0.15484
-0.701811 -0.393281 0.13993
0.980072 -0.0623862 0.112259
0.980491 -0.114973 0.112163
-0.706464 -0.304637 0.152045
0.67686 -0.0243294 0.198104
-0.247818 -0.585989 0.226932
-0.355393 -0.504296 0.242697
0.211455 -0.0972264 1.253
-0.360541 -0.842108 0.116813
-0.244213 -0.113461 1.04771
-0.281102 -0.0196209 0.986239
-0.268581 -0.00747021 1.05054
-0.300261 0.0958161 0.841818
0.0949629 -0.397521 0.552745
0.343932 0.524306 0.234255
0.0462795 -0.71385 0.176242
-0.538877 -0.427927 0.191434
-0.498452 -0.417099 0.216655
0.665368 0.650648 0.115282
0.435639 -0.0844795 0.475951
0.698917 -0.151981 0.176279
-0.640785 0.411693 0.155054
0.38288 0.662492 0.153633
-0.112085 -0.773703 0.14745
-0.149986 -0.880496 0.119864
0.00785546 -0.879215 0.122123
-0.501349 -0.747225 0.118892
0.568388 0.575208 0.13866
0.616362 0.559041 0.132146
0.327742 0.789492 0.12686
0.343576 0.760511 0.131549
0.396968 0.82178 0.117198
0.521817 -0.527587 0.163357
0.464172 -0.549187 0.174315
-0.0359766 -0.76026 0.155255
0.0995499 -0.782623 0.144947
0.0910256 -0.810711 0.136563
0.705882 0.374766 0.141556
0.185385 -0.0879528 1.43694
0.413829 -0.336453 0.331095
0.479437 -0.268504 0.311114
-0.826731 -0.465306 0.113785
-0.384916 -0.591669 0.181302
-0.501786 -0.569082 0.156201
0.22191 -0.800234 0.132585
0.122475 -0.804916 0.137025
0.665848 0.225285 0.182881
0.62282 0.263907 0.198588
0.178166 0.440535 0.417687
0.064708 0.95398 0.113315
0.532085 0.352128 0.225549
0.660162 0.388393 0.153338
0.468898 0.237367 0.341302
0.412716 -0.872891 0.112813
0.809362 0.542859 0.112474
0.857552 -0.0507019 0.125938
0.881931 -0.0259651 0.121582
-0.103464 -0.589422 0.2593
-0.123083 -0.620698 0.22965
-0.164276 -0.538492 0.29556
-0.335299 -0.919556 0.112335
-0.431588 -0.439539 0.243521
-0.381646 -0.341822 0.359531
-0.553392 -0.832921 0.112057
0.26892 -0.963163 0.112033
0.21825 -0.953441 0.112352
-0.385819 0.697719 0.142194
-0.106363 -0.436268 0.465444
0.0191922 0.13063 2.03793
-0.0953629 0.189394 1.38847
-0.699432 -0.694415 0.112179
0.436248 0.188929 0.417319
-0.725374 0.0709813 0.169481
-0.495871 0.0245688 0.383043
-0.704424 -0.118211 0.1768
0.735555 -0.0962724 0.163459
0.80893 0.219472 0.130661
0.812403 0.185493 0.13187
0.562154 -0.502276 0.158221
-0.220371 0.898943 0.115755
-0.0579805 0.863208 0.124721
-0.0764615 0.783899 0.145382
-0.276811 0.355216 0.462996
-0.194674 -0.303401 0.683843
0.877171 0.294617 0.11578
0.11702 -0.193465 1.29514
0.581968 0.661801 0.121761
0.109439 0.314444 0.775191
-0.757533 0.195078 0.147268
0.233017 -0.388627 0.457545
0.4446 -0.119741 0.443902
0.0116854 -0.0115592 2.82979
0.290451 0.275695 0.572851
0.373036 0.266347 0.447693
-0.522475 -0.723658 0.119962
0.44421 0.409492 0.254022
-0.187325 0.360724 0.558149
-0.10577 -0.301631 0.824479
-0.435189 0.51375 0.200627
-0.369143 -0.105693 0.615799
-0.467161 0.0114759 0.431411
-0.141752 -0.207913 1.14133
-0.111178 -0.91148 0.116564
-0.143169 0.913373 0.11587
-0.102951 0.842163 0.128246
-0.615903 -0.262114 0.203191
-0.395361 0.654564 0.153849
0.288396 -0.740052 0.143159
0.328454 -0.738464 0.138772
0.535642 0.726519 0.118504
-0.506162 0.108361 0.352142
-0.752935 -0.530085 0.116277
0.328831 -0.805716 0.12374
-0.3021 0.566213 0.222728
0.225096 0.607742 0.218011
0.299819 0.614962 0.193818
0.284671 0.585281 0.215991
0.0466052 0.160494 1.73207
-0.608039 -0.201995 0.223521
-0.553321 -0.208808 0.266001
0.337206 -0.379658 0.366139
-0.771404 -0.13486 0.146975
0.851477 0.449434 0.112963
0.860715 0.483453 0.112147
0.54855 -0.192413 0.276041
-1.83697e-16 -1 0.112058
0.761242 0.326462 0.133144
0.404997 -0.769113 0.123924
-0.211204 -0.884433 0.117628
-0.201806 -0.922277 0.114139
0.406737 -0.913545 0.112032
-0.640651 0.454061 0.146223
0.746327 0.497887 0.119293
0.722176 0.453351 0.127306
0.946694 0.253748 0.112281
-0.860679 -0.436682 0.112855
-0.91103 -0.358088 0.112332
-0.924567 -0.0168044 0.115858
0.968647 0.159799 0.112258
0.301419 -0.887754 0.114659
-0.335841 0.668591 0.160645
0.099254 0.370199 0.617751
0.176448 0.189778 1.10062
0.311114 -0.779408 0.130406
0.446628 0.282112 0.337705
-0.313024 0.346209 0.432486
0.272646 0.814989 0.125894
0.282956 0.864517 0.117594
0.343583 0.412268 0.326846
-0.284708 -0.282355 0.571547
0.0108145 0.462983 0.439066
-0.836079 0.161396 0.127572
0.887941 0.263041 0.115707
0.821319 0.140532 0.131863
0.869579 -0.159883 0.121297
0.410285 -0.015211 0.548286
0.419983 -0.533144 0.19718
-0.293563 -0.332673 0.476169
-0.869956 0.143016 0.121721
0.18375 -0.118117 1.34531
-0.382205 -0.708461 0.139765
-0.432907 -0.156895 0.443837
-0.0629571 -0.535979 0.323071
-0.684574 -0.709272 0.112176
0.598846 0.508827 0.146032
0.012658 0.796024 0.142542
0.0174903 0.888556 0.120553
-0.0105427 0.871461 0.123509
0.461566 -0.82328 0.114122
0.934795 -0.278298 0.112452
-0.785119 -0.298031 0.130256
-0.676059 -0.314201 0.161801
0.84849 0.307838 0.1185
0.85489 0.340496 0.116336
-0.178413 -0.222724 0.969213
-0.29604 -0.150949 0.777523
0.0623707 -0.958709 0.113069
-0.0957672 0.913186 0.116549
0.194378 0.877005 0.119114
-0.831349 -0.20148 0.126727
-0.474628 0.644825 0.1411
-0.666238 0.727979 0.112169
0.678394 0.713437 0.112205
-0.44248 0.125576 0.444766
0.249962 -0.0435612 1.13024
-0.319016 -0.0552237 0.808706
0.0538036 -0.456236 0.445794
0.744802 -0.629432 0.112472
0.153866 0.72878 0.16211
-0.365597 0.488654 0.248514
-0.657015 -0.64162 0.116554
0.205345 0.660134 0.189487
-0.359575 -0.221491 0.521254
0.322732 0.291787 0.493681
0.119255 -0.887087 0.119577
-0.278936 0.701789 0.157693
0.730478 -0.170328 0.159823
-0.566567 0.395299 0.189812
-0.175168 0.967012 0.112233
-0.327757 -0.299302 0.475716
0.349846 -0.0093818 0.71697
-0.0377476 -0.373418 0.639957
0.0492173 -0.441023 0.475945
-0.65389 0.188486 0.196059
0.488908 0.0274866 0.393752
0.505964 -0.000287621 0.368777
-0.552471 0.687412 0.121658
0.815975 -0.17478 0.131558
-0.107257 -0.371485 0.608515
-0.659737 0.0986387 0.204728
-0.557975 -0.11814 0.28751
-0.0503908 0.521892 0.34298
0.277037 0.434766 0.355082
0.211919 0.085132 1.28044
0.821024 0.34438 0.120306
-0.261332 0.508249 0.286301
0.704338 -0.0124766 0.182058
0.643353 -0.582145 0.124242
0.645391 -0.600751 0.121695
-0.355483 -0.560065 0.20726
-0.418482 0.741014 0.127685
-0.407577 0.764239 0.124548
-0.400832 0.777948 0.122844
0.0366697 0.216628 1.33683
-0.0128993 -0.435538 0.49233
-0.957173 -0.0330174 0.113222
0.352218 0.211228 0.54797
-0.245002 0.0911573 1.08821
-0.519149 -0.513713 0.168764
-0.923616 -0.113267 0.115284
0.888057 0.229132 0.116669
0.620773 0.627441 0.121542
0.89016 -0.19593 0.117357
0.0388271 -0.92345 0.115918
0.411195 0.0257436 0.54486
0.478018 -0.453276 0.2104
-0.52938 -0.0592192 0.331934
0.851275 0.069279 0.12701
-0.276407 0.382752 0.423034
-0.356968 0.919929 0.11216
-0.260446 -0.340799 0.506819
0.518204 -0.230644 0.290879
-0.394247 -0.563376 0.191719
0.208754 -0.841302 0.124401
0.654887 -0.737202 0.112182
6.12323e-17 1 0.112054
0.841366 -0.493174 0.112461
0.833485 -0.524036 0.112205
-0.320782 -0.718943 0.145541
-0.608055 0.779178 0.112144
0.3447 -0.891565 0.113335
0.370466 -0.877525 0.113544
0.798824 0.463722 0.115981
0.480204 0.741472 0.121406
0.773194 -0.569446 0.113105
0.775603 -0.54056 0.114036
0.757203 -0.547922 0.114905
-0.223618 -0.666605 0.182802
-0.530287 0.802902 0.112995
-0.530584 0.774594 0.114547
-0.515598 0.744976 0.118059
-0.514501 0.773692 0.115422
-0.379526 -0.198145 0.508402
-0.40264 -0.1889 0.474028
0.0979203 -0.595939 0.254216
-0.628263 -0.750136 0.112349
-0.669849 -0.724039 0.112168
0.257109 0.377833 0.45024
0.0895027 -0.890928 0.119536
-0.179884 0.741667 0.154431
0.57857 -0.191645 0.249216
-0.513335 0.4885 0.1798
0.258535 0.500113 0.29562
-0.190742 -0.0650644 1.46329
-0.0980265 -0.212674 1.24404
-0.613576 -0.710255 0.11457
-0.581116 -0.739914 0.114386
-0.115116 -0.49079 0.371495
-0.62456 0.168968 0.218773
-0.24818 0.88267 0.116709
-0.0217521 0.849863 0.127873
-0.154685 -0.362587 0.588692
0.307537 -0.0276193 0.867384
0.114203 -0.310904 0.78131
-0.840554 -0.364596 0.116789
0.333687 -0.361835 0.389705
0.274916 -0.698762 0.159482
-0.346241 -0.0440391 0.720213
-0.941695 -0.0213881 0.114277
0.713734 0.281864 0.152781
0.736005 0.300665 0.142915
-0.104292 -0.70509 0.177574
0.0906746 0.029162 2.36324
0.322235 -0.265855 0.531481
0.232311 -0.235417 0.782922
-0.854182 0.118937 0.125279
-0.703043 -0.0752854 0.180613
-0.507616 -0.702363 0.124453
0.814519 0.385865 0.11869
0.54542 -0.0744541 0.309866
-0.435742 -0.0531314 0.485554
-0.162252 -0.233508 0.974155
-0.120187 0.958991 0.1128
-0.125333 0.992115 0.112048
-0.638765 -0.305999 0.179962
-0.776953 -0.214833 0.139427
0.635992 -0.676534 0.115481
0.633152 -0.695615 0.114404
0.663594 -0.674777 0.113971
0.667158 -0.645271 0.115522
0.645817 -0.0806525 0.21597
-0.35916 0.852409 0.115839
-0.346813 0.875048 0.114347
-0.388475 0.858097 0.114301
-0.402421 0.83435 0.1157
0.251647 -0.911149 0.114043
-0.669226 0.684699 0.113252
-0.0700095 -0.979279 0.112251
0.446829 -0.304862 0.321418
0.701681 -0.611334 0.115275
0.697562 -0.637973 0.114045
0.196976 -0.141984 1.19197
-0.629655 -0.101599 0.225723
-0.432429 0.839646 0.114108
-0.283307 -0.242836 0.646118
-0.374776 -0.179727 0.536412
-0.351179 -0.19422 0.570753
-0.0797581 0.824327 0.133168
-0.42108 0.148556 0.470425
0.149093 -0.881917 0.119676
0.652757 -0.012617 0.214543
-0.490038 0.389879 0.234945
-0.685286 -0.669095 0.11323
0.117419 -0.648383 0.210274
-0.545596 0.135589 0.296457
0.468172 -0.485351 0.199948
0.0485764 0.346767 0.716514
-0.326215 -0.528543 0.239184
0.49059 0.652801 0.136341
0.0629287 0.897738 0.118885
-0.343103 -0.079453 0.709859
-0.294283 -0.871425 0.116384
-0.0190487 -0.588229 0.268754
-0.594285 0.748819 0.113331
-0.606143 0.71781 0.114495
-0.586827 0.686995 0.118387
-0.578025 0.717893 0.116178
0.192198 0.159874 1.15098
-0.11774 -0.160274 1.48247
0.310047 -0.332511 0.454693
-0.816102 -0.143844 0.133049
-0.619093 -0.0264271 0.240396
-0.411552 0.418738 0.270189
-0.320588 0.803328 0.124761
-0.311846 0.818841 0.12265
-0.355454 0.801302 0.122591
-0.370387 0.774421 0.126082
-0.428718 -0.109984 0.478247
-0.238879 -0.241214 0.752124
0.0910986 -0.864254 0.123984
0.0884761 -0.837392 0.129719
-0.22824 0.565557 0.248879
-0.720507 -0.444917 0.128621
-0.733929 -0.41712 0.129222
-0.206517 -0.95023 0.112546
-0.753643 -0.394374 0.127766
-0.884818 -0.0166518 0.121137
-0.0915896 0.260133 1.01476
0.369002 0.0509121 0.648058
0.48387 0.0940714 0.38861
-0.124711 -0.661422 0.200799
0.389509 -0.534487 0.208583
-0.431346 0.893227 0.112095
0.715647 -0.68685 0.112105
-0.00809025 0.95542 0.113352
0.568537 0.330657 0.211126
0.757302 0.457286 0.121203
0.794392 0.43268 0.118237
0.823163 0.422353 0.115794
0.788834 -0.564532 0.11265
0.7966 -0.590885 0.112102
-0.546114 0.803969 0.11257
-0.540976 0.830776 0.112106
-0.489005 0.684334 0.129952
-0.484226 0.713858 0.125233
-0.498928 0.744113 0.119461
-0.50056 0.715278 0.123231
-0.393765 -0.143493 0.528527
-0.463662 -0.115767 0.413069
-0.275674 0.245329 0.658117
0.681006 -0.251891 0.170829
0.086713 0.215114 1.25796
0.765773 0.214465 0.142851
-0.302196 0.89201 0.114306
-0.318163 0.866454 0.116039
0.05675 -0.2706 1.01179
-0.688524 0.684218 0.112611
-0.685832 0.712951 0.112137
0.768401 -0.624366 0.112124
0.770854 -0.5976 0.112455
0.746779 -0.576426 0.114195
0.74456 -0.605064 0.113148
-0.340857 -0.618457 0.181129
-0.364645 -0.640104 0.165782
-0.503755 0.853396 0.112109
-0.513712 0.829115 0.112449
-0.498761 0.801277 0.114154
-0.484778 0.829244 0.11308
-0.369106 -0.248945 0.472989
0.569846 0.732232 0.115563
-0.714075 -0.640281 0.113153
-0.734987 -0.613228 0.113246
-0.741254 -0.575003 0.114605
0.788828 0.561132 0.112724
-0.661532 -0.0354303 0.207805
0.0343438 0.419411 0.524671
-0.332306 -0.352047 0.402714
0.11396 -0.917206 0.115908
-0.127064 0.494615 0.361922
-0.0948571 0.460412 0.4265
-0.921979 -0.159835 0.11481
0.921484 0.192301 0.114343
-0.0701254 -0.563249 0.290516
-0.534213 0.687482 0.123666
-0.533888 0.716964 0.119754
-0.545175 0.747688 0.11581
-0.549656 0.71744 0.118356
0.514294 0.756012 0.117007
-0.426708 -0.172544 0.444234
0.256335 -0.316594 0.555862
0.283377 -0.309743 0.526775
-0.677767 -0.168538 0.185408
-0.275811 0.275038 0.60099
-0.332393 0.29366 0.4764
-0.374496 0.36382 0.345926
-0.533435 -0.0248961 0.330211
0.0216016 0.449383 0.463808
0.0260221 0.514407 0.355646
0.609259 0.0797847 0.24485
0.626039 -0.53809 0.133877
0.187011 -0.152071 1.20231
0.669463 -0.618152 0.117404
0.671878 -0.594611 0.119282
-0.44868 0.741408 0.124442
-0.431781 0.710882 0.132254
-0.386734 0.804564 0.119942
-0.372439 0.829056 0.117689
-0.417111 0.811248 0.11727
-0.427439 0.788044 0.119378
-0.110408 0.311065 0.785369
-0.138951 0.215872 1.11351
-0.238446 -0.0992125 1.10524
-0.408992 0.0265262 0.549939
0.0705264 -0.372842 0.628108
0.0407159 -0.328501 0.781803
-0.255372 -0.603759 0.212608
0.404653 0.429813 0.267053
0.414192 0.368018 0.305703
0.291005 -0.86096 0.117694
-0.0893619 0.713969 0.174085
0.915972 -0.230226 0.114092
-0.49623 0.211749 0.323259
0.410484 0.685299 0.141699
0.732727 0.557944 0.116258
0.361681 0.764192 0.128928
0.118383 0.848394 0.126472
0.444849 -0.370351 0.278517
-0.505755 0.68507 0.127566
-0.333025 0.389995 0.35883
-0.362301 0.904586 0.112484
-0.375484 0.881799 0.113195
-0.330441 0.903222 0.113002
-0.322333 0.919804 0.112469
0.180049 -0.232972 0.92847
0.385151 -0.261222 0.43491
0.226149 -0.817868 0.128217
0.657263 -0.719887 0.112472
0.663242 -0.688471 0.113349
0.63013 -0.715799 0.113476
0.627825 -0.736114 0.112748
0.418418 0.248076 0.39907
-0.652056 0.685162 0.114002
0.823679 0.507403 0.112747
0.795536 0.511752 0.113998
0.477788 0.693846 0.129634
0.442147 0.696609 0.133986
-0.139297 -0.0760379 1.80326
0.460619 0.132883 0.410551
-0.0904689 0.57776 0.272531
0.7029 -0.0767744 0.18061
-0.193217 -0.262774 0.799887
-0.240032 -0.285657 0.646267
-0.248787 -0.312557 0.575312
0.297718 -0.131365 0.802634
-0.828745 -0.289222 0.122381
0.149912 -0.182179 1.23344
0.696202 0.0896787 0.183438
0.662082 0.0939622 0.203608
0.482222 -0.157849 0.366679
0.788424 0.398361 0.121413
0.762295 0.409922 0.124645
-0.384407 -0.111832 0.573153
-0.369097 -0.0672275 0.640429
0.725353 0.206345 0.158132
-0.114079 0.926281 0.115027
-0.791058 -0.165575 0.138797
-0.824502 -0.272767 0.124081
0.721335 -0.58588 0.115417
0.725245 -0.54887 0.117595
0.700992 -0.565579 0.118781
0.691966 -0.666574 0.113072
0.687718 -0.697903 0.112317
0.720967 -0.658776 0.112416
-0.463547 0.543747 0.176666
-0.468223 0.800572 0.115588
-0.482002 0.772151 0.117514
-0.465358 0.742096 0.122704
-0.449855 0.771569 0.119872
-0.417458 0.863546 0.113155
-0.404202 0.887379 0.112457
-0.446317 0.868368 0.112421
-0.463184 0.844345 0.112949
-0.25651 0.630099 0.196183
-0.619039 0.686182 0.115922
0.120831 -0.109332 1.76656
-0.708821 0.68394 0.1122
0.794375 -0.534923 0.113237
0.818535 -0.555169 0.112142
0.813391 -0.529413 0.112626
-0.577299 0.747942 0.114077
-0.562261 0.776623 0.113173
-0.575168 0.806985 0.112108
-0.593593 0.77935 0.112313
-0.484894 -0.21476 0.33502
0.355492 -0.262059 0.480182
-0.334575 0.837721 0.118577
-0.342751 0.823337 0.120063
-0.377207 0.759053 0.128426
-0.394531 0.735781 0.131477
-0.338588 0.77319 0.129243
0.825113 0.457807 0.114161
0.761032 0.486835 0.1184
-0.0836778 0.996493 0.112056
-0.0883376 0.965513 0.112654
0.954613 -0.230642 0.112247
0.330896 -0.898702 0.113238
0.113728 0.703475 0.177661
0.0722763 0.645237 0.21714
0.22848 0.328982 0.572537
-0.266855 -0.123218 0.930696
0.329825 0.422312 0.32786
0.308887 0.467251 0.29874
0.0193006 -0.798347 0.141772
-0.0993755 0.276341 0.931512
-0.22883 0.13007 1.07863
0.190714 -0.879894 0.118827
-0.391939 0.909622 0.112113
-0.866183 -0.465369 0.112221
-0.874518 -0.427159 0.112514
0.685071 -0.711985 0.112155
-0.53165 -0.661977 0.128083
0.409698 -0.893206 0.112234
0.766252 0.513211 0.116133
0.385809 0.746003 0.130235
-0.39797 0.595744 0.175652
0.0460358 -0.599603 0.256551
0.147338 0.411392 0.489738
0.116201 -0.963926 0.112615
-0.612038 0.444571 0.157151
0.819141 0.555003 0.112126
-0.0214464 -0.264115 1.06969
0.696882 0.57554 0.118351
0.0378926 0.940578 0.114336
0.67382 -0.562067 0.122438
-0.301259 -0.543324 0.239066
-0.266428 -0.514273 0.278219
0.871002 -0.335877 0.114996
0.218992 -0.518279 0.295917
0.621889 -0.770493 0.112119
0.311934 -0.300798 0.497277
0.905577 0.346481 0.112651
-0.671944 0.444598 0.139537
-0.233272 -0.194937 0.88724
-0.66371 -0.457955 0.139336
-0.0418757 0.999123 0.11206
-0.250702 0.703587 0.161196
0.36602 -0.0161804 0.665963
-0.543977 0.54321 0.152233
0.19082 0.217733 0.950462
0.146336 0.034497 1.87537
0.231677 0.827665 0.125866
-0.587468 -0.14685 0.252783
0.071327 -0.0136782 2.54553
0.0612613 0.219718 1.28222
0.336126 0.210866 0.58218
-0.231992 0.233315 0.789369
-0.552005 -0.304234 0.231662
-0.738827 -0.0846548 0.162619
0.390467 -0.133978 0.542939
0.301929 0.778575 0.131437
0.222926 -0.298753 0.647207
0.0100409 0.991831 0.112106
0.444923 0.763658 0.12136
-0.654864 -0.738606 0.112159
-0.225935 0.718275 0.158608
-0.563927 0.51822 0.153367
0.0637526 0.0659461 2.39392
-0.0755533 -0.198059 1.3892
-0.599983 -0.713028 0.115165
-0.618785 -0.145832 0.227346
0.303461 0.0123369 0.888457
-0.231488 -0.653094 0.188608
-0.329446 -0.879022 0.114566
-0.0099549 -0.199301 1.47753
0.699962 0.623332 0.114685
0.766167 -0.125392 0.149386
0.277579 -0.262674 0.62068
0.10735 0.0312534 2.21995
0.282648 0.209472 0.71106
-0.70532 -0.0319543 0.181172
0.504077 -0.0729327 0.363884
0.704779 0.346054 0.146255
-0.158737 -0.819933 0.131393
-0.1357 0.982388 0.112108
0.587346 0.646818 0.123118
-0.962396 -0.0908513 0.112782
-0.180494 -0.786135 0.139271
0.21505 0.267479 0.739544
0.153401 -0.855375 0.123987
0.731027 -0.205639 0.155948
0.212953 0.67863 0.178365
0.381249 0.22847 0.474541
-0.521764 0.112881 0.330507
0.841902 0.157738 0.12649
-0.342257 0.547077 0.220035
-0.421128 -0.30207 0.351237
-0.311279 -0.518783 0.253232
0.275888 -0.0519357 0.991293
0.357433 -0.180408 0.573104
-0.587136 -0.665766 0.120715
-0.196702 0.53459 0.288252
-0.163478 0.352515 0.603493
0.24732 -0.674562 0.174648
0.663116 0.120541 0.200175
0.510671 -0.155096 0.330639
-0.320293 -0.785582 0.128241
0.175697 0.160009 1.22306
0.177394 0.00507446 1.64745
-0.128065 -0.118741 1.66974
0.310035 0.31761 0.47573
-0.61658 0.0328998 0.242232
0.193518 -0.0260316 1.5093
-0.341508 0.316972 0.433944
0.280363 -0.809784 0.126393
0.391284 -0.19898 0.485612
0.034649 0.479285 0.408656
0.248196 0.562357 0.244658
-0.19915 0.457374 0.379333
-0.283018 -0.897569 0.114361
0.136394 0.598557 0.24535
-0.651191 -0.261521 0.183557
-0.875733 -0.0314966 0.12263
-0.582746 -0.406552 0.178729
0.108213 -0.0706487 2.06359
0.240364 0.765515 0.140576
0.814442 -0.234171 0.128465
0.325381 0.0767465 0.770109
0.31536 0.782126 0.129434
0.663512 0.541154 0.126561
-0.421865 0.42846 0.256662
-0.206172 -0.327294 0.608201
0.512056 -0.0334631 0.358418
-0.735545 -0.159373 0.158778
-0.895705 0.108532 0.118561
-0.0269893 0.948254 0.11379
0.131371 -0.592145 0.251852
-0.2133 0.8527 0.122178
0.275691 0.055002 0.98893
-0.455324 -0.084774 0.438921
-0.587131 -0.790607 0.112198
0.100025 0.190935 1.36472
0.120946 0.288763 0.850181
0.0411376 -0.242888 1.17191
0.375601 -0.683691 0.148052
0.223224 -0.0167059 1.30952
0.27173 0.345706 0.484121
-0.202229 0.763939 0.1445
0.121031 0.124456 1.67843
-0.612061 0.0937651 0.240757
-0.629555 -5.3939e-05 0.232252
-0.345723 0.574856 0.202263
-0.0583808 0.358431 0.675584
-0.361247 -0.412971 0.312069
0.618858 0.403349 0.164848
0.393977 -0.0593294 0.577972
-0.0779689 -0.345702 0.702611
0.173817 -0.691829 0.1773
0.888351 -0.258152 0.11582
-0.484239 0.450383 0.208627
0.259171 0.156834 0.891546
0.27518 0.251325 0.647522
-0.103593 -0.320088 0.762823
0.0226128 -0.228657 1.27154
0.307952 -0.256213 0.572437
-0.738799 -0.252038 0.147879
-0.716468 -0.142159 0.168734
0.0754128 0.107746 2.04284
-0.759786 -0.00541202 0.155768
0.12442 -0.0326817 2.06786
0.167932 0.099972 1.50816
-0.0920555 -0.114136 1.908
0.786442 -0.248962 0.134041
-0.632177 -0.649129 0.118053
-0.806077 0.0594935 0.13877
-0.589998 -0.0352268 0.266343
-0.0377682 0.603443 0.253554
-0.268277 0.111783 0.945348
0.00301406 -0.138722 1.97746
0.0544852 -0.83807 0.130245
-0.456061 -0.293215 0.31995
-0.756037 -0.271334 0.1403
-0.356407 -0.518688 0.232438
0.0323817 0.320766 0.813946
-0.405795 0.067255 0.546442
0.0886152 -0.370347 0.624485
0.231255 0.0273585 1.25237
-0.528097 -0.369414 0.220668
-0.49273 -0.375146 0.240702
0.15498 -0.329526 0.672443
0.490081 0.717752 0.123958
0.676783 0.604553 0.117853
-0.280159 0.54243 0.248322
0.587608 -0.0992702 0.261627
0.35899 0.14573 0.606627
0.0762622 0.745313 0.160222
0.332526 -0.106067 0.720241
-0.124969 -0.815742 0.133943
0.59566 0.608154 0.127621
0.479814 0.497694 0.189537
0.349246 0.776674 0.127545
0.0852823 -0.787166 0.144001
0.741492 0.36761 0.133325
0.695325 0.25759 0.163606
-0.500468 0.619224 0.142543
-0.359683 0.352225 0.372563
-0.122878 -0.381824 0.571134
0.328006 0.0352536 0.786173
0.21337 -0.124167 1.16883
0.190662 -0.245132 0.860249
-0.502641 -0.585439 0.15116
0.610683 0.310331 0.193295
0.241938 0.282128 0.650454
-0.812722 0.0842636 0.13619
-0.146983 0.47407 0.383339
-0.042001 0.872017 0.12323
0.0710774 0.983977 0.112163
0.585062 0.403293 0.178723
-0.23195 -0.402558 0.436307
-0.485392 -0.403234 0.231045
-0.0723199 -0.395618 0.568553
0.910814 0.0606821 0.117194
-0.589824 0.437791 0.166787
-0.632574 0.49233 0.140817
-0.118894 0.374567 0.591773
-0.121938 -0.100908 1.80675
-0.594409 -0.631921 0.124269
0.677702 0.495552 0.130317
0.0241189 0.725771 0.170798
0.29364 0.74827 0.140122
-0.200422 0.625763 0.211551
-0.692 -0.0888615 0.185824
-0.757119 -0.10931 0.153727
0.748768 -0.164592 0.153057
0.820536 0.230706 0.127377
-0.268185 0.340825 0.496625
0.276492 -0.028702 1.00439
0.153872 -0.221495 1.04529
0.0142943 -0.311369 0.855472
-0.219917 -0.554992 0.260601
-0.874437 -0.383507 0.113398
-0.32615 -0.906574 0.112933
-0.205384 -0.858958 0.121463
-0.0702667 -0.223816 1.24178
0.187201 -0.184311 1.08133
0.345763 -0.391002 0.346213
-0.360048 0.308132 0.419897
0.447992 -0.156702 0.418681
0.166573 0.145767 1.32588
0.0448371 0.0162227 2.70879
0.325624 0.103472 0.744724
0.355186 -0.208497 0.545096
0.660235 0.3722 0.156558
-0.559551 -0.720287 0.117279
-0.774672 0.116758 0.146826
-0.214152 0.203935 0.922488
-0.0704838 0.3446 0.711361
-0.391049 -0.0507016 0.588383
-0.137915 -0.267458 0.900093
-0.112114 -0.173851 1.42498
-0.598911 -0.258687 0.214888
0.582875 0.333515 0.201762
-0.332454 0.468335 0.283255
-0.563313 0.0922414 0.287029
-0.311924 -0.153144 0.725195
0.256505 0.276346 0.634937
0.21609 0.557221 0.260008
0.285734 0.644988 0.181511
-0.154962 -0.103888 1.57546
0.694 0.659626 0.113246
-0.712282 0.165443 0.168338
0.15147 0.199992 1.14592
0.0531735 0.17452 1.608
-0.486553 -0.24147 0.318722
-0.599947 -0.172246 0.236603
-0.777257 -0.0422264 0.148629
0.403154 0.770286 0.123906
0.398777 -0.786843 0.121632
0.629242 0.559883 0.129694
0.907031 0.238244 0.114621
-0.0736819 0.988284 0.112107
0.310889 0.335897 0.448908
0.354655 0.227264 0.523812
0.0742537 0.124224 1.92473
0.167031 -0.835436 0.12747
0.649619 0.737744 0.112224
-0.0114227 -0.138 1.98013
-0.518738 0.0623991 0.345457
-0.594597 0.101775 0.254814
-0.349449 0.615985 0.180005
-0.340411 0.640237 0.171302
-0.281609 -0.415896 0.374299
0.336721 -0.0222711 0.759291
0.313958 -0.126298 0.755875
0.0549432 -0.39813 0.56931
-0.119361 0.409156 0.512638
-0.0380693 0.40058 0.568081
0.190887 -0.570934 0.255983
0.664708 -0.143648 0.196354
0.225354 0.207196 0.878279
0.188031 0.128667 1.28399
-0.44011 -0.212449 0.395276
-0.0764057 -0.240158 1.13953
-0.0872568 -0.296664 0.865645
-0.712904 -0.198948 0.164204
-0.70745 -0.000569759 0.180402
-0.642344 0.0786489 0.218703
0.0870302 0.272944 0.964302
0.105112 0.0895607 1.98333
0.841634 -0.146284 0.126961
0.78649 -0.218066 0.136447
-0.430251 -0.457328 0.233608
-0.287184 0.857319 0.118292
-0.908376 0.0711866 0.117396
0.188025 -0.587476 0.242818
0.901267 0.377841 0.11238
0.208237 0.75249 0.147814
0.259087 0.805636 0.128728
-0.564283 -0.160922 0.270523
-0.0895751 0.503295 0.361221
-0.0247257 0.544421 0.316562
-0.257493 0.141199 0.931628
0.0982064 -0.0158082 2.32821
-0.263504 0.478559 0.314922
-0.211965 0.495792 0.323663
0.719061 -0.0719866 0.17252
-0.459744 0.0314208 0.443157
-0.22478 -0.464655 0.354123
-0.134067 -0.592478 0.251017
0.0750873 0.224605 1.22772
0.346237 0.196051 0.579372
0.381171 0.500096 0.232826
-0.25171 0.114214 1.01202
-0.339826 0.145976 0.655578
-0.168921 0.291928 0.759811
0.277279 -0.229526 0.685255
-0.185537 0.683832 0.179823
-0.189816 0.652769 0.196477
-0.582476 -0.31714 0.207351
-0.579973 -0.370112 0.191512
-0.871702 -0.119076 0.122024
0.465301 0.649712 0.141598
0.594104 0.582716 0.132162
0.855543 -0.260926 0.119656
0.879149 -0.176403 0.11932
0.73751 -0.127357 0.160541
0.394185 -0.165764 0.509556
0.405346 -0.0808241 0.541885
-0.491239 0.225329 0.322122
0.070223 -0.183708 1.49831
0.326455 0.669816 0.161977
0.0237414 0.653919 0.213453
-0.0159522 -0.930023 0.115311
0.398569 0.0678466 0.563315
0.340243 0.0650381 0.728556
0.680347 0.54071 0.123969
-0.0383938 -0.706423 0.180392
0.16406 -0.807822 0.1342
-0.541949 0.608367 0.136867
0.293608 0.305381 0.518349
0.62183 0.598115 0.125205
-0.314522 -0.405531 0.358315
-0.390298 0.351909 0.341377
0.598048 0.28634 0.207426
0.534515 -0.183736 0.293098
-0.831901 -0.103643 0.130596
-0.359207 0.472653 0.263819
0.0771416 0.503183 0.364252
-0.841204 0.146508 0.127053
-0.750522 0.0299459 0.15939
-0.00985145 0.974429 0.11247
-0.0578538 0.946208 0.113838
0.459722 -0.0220836 0.444126
0.434152 0.248811 0.377076
0.167318 0.754592 0.150666
-0.147071 0.798215 0.137757
0.438933 0.712737 0.130941
-0.152597 -0.617944 0.226727
-0.118105 -0.580822 0.264702
-0.596938 -0.741955 0.113557
-0.625969 -0.733279 0.112902
-0.410815 -0.0045694 0.547475
0.298047 0.393473 0.387569
0.476788 0.529979 0.177519
-0.357971 0.272539 0.463859
-0.442066 0.173989 0.417912
0.0834245 -0.915823 0.116423
-0.156817 0.706668 0.171941
-0.567473 -0.466116 0.166855
-0.858911 -0.0650633 0.125481
0.198099 -0.452115 0.387547
0.471467 -0.23581 0.339196
0.142779 -0.633479 0.217063
0.876308 0.133991 0.120915
0.700678 -0.268627 0.159696
0.562163 -0.0797049 0.290277
0.255408 0.539489 0.260757
-0.0799774 -0.138031 1.796
-0.113773 -0.214053 1.1948
0.418188 0.234564 0.410409
0.601457 0.52615 0.141594
0.0979322 0.782506 0.145071
0.203571 -0.700148 0.169313
-0.150812 0.589977 0.249697
-0.634032 0.133375 0.218136
0.660735 -0.0662455 0.206775
-0.677122 -0.249171 0.173091
0.774578 -0.0845066 0.148386
0.693039 -0.108454 0.183681
0.653954 0.697752 0.113316
-0.185082 0.544255 0.282705
-0.0701688 0.000375233 2.5662
-0.387607 -0.326671 0.367435
-0.311554 0.448352 0.315359
0.301047 0.0939292 0.841214
0.130518 -0.33805 0.677929
0.115744 -0.448299 0.439142
-0.0523267 -0.151228 1.79186
0.560996 0.0212438 0.297361
0.547527 0.555784 0.148015
0.153388 0.287279 0.801646
0.113405 0.260382 0.9757
0.263467 -0.455245 0.340787
0.309428 -0.708541 0.150579
0.937737 -0.255759 0.112581
0.786549 -0.15114 0.141011
-0.356319 0.0521328 0.684786
-0.513702 0.325914 0.250199
0.428615 -0.133614 0.465635
0.405579 -0.230756 0.432506
0.663482 0.315462 0.166742
0.151885 0.623627 0.222639
-0.0813513 -0.52246 0.33709
0.158383 -0.0284881 1.78474
0.329131 0.256521 0.532735
0.261984 0.229377 0.722829
-0.500617 -0.775755 0.11602
-0.305999 -0.843225 0.119291
-0.651512 -0.149133 0.203867
-0.461043 -0.371204 0.265503
-0.388773 -0.4045 0.297718
0.487038 -0.178534 0.350566
0.0317277 0.617919 0.241173
0.356656 0.33308 0.396341
-0.266152 0.229921 0.711429
-0.292251 0.723475 0.147964
0.316976 0.798364 0.125976
0.907112 0.20094 0.115423
0.499026 -0.286945 0.281876
-0.439935 -0.0363919 0.480582
0.241826 0.528385 0.276252
0.12315 0.476866 0.389239
-0.783197 -0.455224 0.118087
-0.291985 -0.853236 0.118616
0.0145862 0.87168 0.123454
-0.101015 0.975237 0.112295
-0.495021 0.586259 0.152808
-0.490456 0.18348 0.343815
-0.458428 0.122566 0.418821
0.583412 0.290377 0.215391
0.672663 0.439454 0.140224
0.345595 -0.658034 0.162813
-0.231734 -0.839037 0.123684
0.354333 -0.848725 0.116389
-0.260918 -0.53965 0.258366
0.0219746 0.236782 1.222
0.0899579 0.28724 0.899868
0.185889 0.663693 0.190748
-0.4962 -0.434253 0.209978
-0.513505 -0.41024 0.211418
0.637629 0.721333 0.112958
0.801613 -0.175454 0.135225
0.592735 -0.0290705 0.264035
0.625152 -0.0873947 0.230891
0.266514 0.587119 0.220456
-0.15978 0.257116 0.892579
-0.0672796 -0.0475763 2.47101
-0.0704867 -0.875462 0.122287
0.743198 -0.0535587 0.161973
0.403935 -0.524056 0.208361
-0.655548 0.448124 0.143243
-0.336382 -0.482474 0.26917
0.258034 -0.0798923 1.04301
0.239047 -0.152553 0.977778
0.371366 -0.131562 0.589277
0.262822 -0.175056 0.839279
-0.881428 -0.297118 0.115318
-0.617273 -0.655092 0.118852
-0.239796 -0.743008 0.147811
-0.115397 -0.244096 1.04368
0.241963 0.350754 0.512868
0.0590405 0.92911 0.115268
-0.00970132 0.897875 0.119169
0.19206 -0.673294 0.184458
-0.476219 0.439166 0.218221
-0.54027 0.493329 0.168163
0.450733 0.0505655 0.456868
0.543364 -0.155379 0.293193
0.476484 -0.061179 0.408898
0.0473874 0.754577 0.157315
0.637019 0.149217 0.213534
-0.276847 -0.754656 0.140109
0.219296 0.00125762 1.33952
0.303478 0.0396699 0.878763
-0.46541 -0.322023 0.292261
-0.475554 -0.271513 0.313378
-0.456197 -0.203229 0.378597
0.259572 -0.377552 0.44807
-0.501741 -0.165327 0.337714
-0.542263 -0.26281 0.255471
-0.590878 0.0243734 0.266069
-0.645389 -0.0349411 0.219283
-0.724234 -0.0549534 0.170728
0.157009 -0.100634 1.57611
0.409477 0.353775 0.321282
0.384385 0.304543 0.392646
-0.243211 0.331753 0.546399
-0.381549 0.381608 0.323147
0.347089 -0.739734 0.136186
-0.00390692 0.787751 0.145349
-0.106466 0.894177 0.118788
-0.653751 -0.533599 0.129309
0.40956 -0.293855 0.371563
-0.338197 0.00202297 0.756499
-0.161413 -0.149439 1.33488
0.730139 0.333625 0.140459
0.811942 0.312106 0.123825
-0.204977 0.657792 0.190917
0.235477 0.88937 0.116369
0.965789 -0.111639 0.112556
-0.747247 -0.326579 0.136668
-0.386119 -0.668501 0.15103
-0.286165 -0.609185 0.200799
-0.25868 -0.524855 0.272171
0.324797 -0.825673 0.120772
-0.425545 -0.487282 0.218852
-0.558405 -0.350178 0.210163
0.908013 0.183347 0.115689
0.872011 0.41545 0.112822
0.932908 -0.0933149 0.114649
-0.648043 0.425183 0.14988
0.413215 0.703193 0.136613
-0.227211 0.0916352 1.17944
-0.557097 -0.188848 0.269082
-0.517271 -0.749741 0.117432
0.625315 0.0888005 0.230596
0.205988 0.795904 0.134804
-0.424243 0.48627 0.220041
0.0837208 0.160261 1.62067
0.530877 -0.216942 0.284164
-0.885785 -0.341041 0.113771
-0.773904 0.147798 0.145294
-0.707968 0.0634012 0.178587
-0.0601759 0.487668 0.391097
-0.383467 -0.457782 0.260485
0.212172 0.620428 0.212493
-0.685567 -0.0735156 0.19058
-0.0850282 0.839858 0.129218
-0.120313 0.0654217 1.99413
-0.235336 0.264099 0.704698
0.0510967 0.147189 1.82805
0.76828 0.195129 0.143683
0.126048 -0.285153 0.855067
0.148882 0.58737 0.252363
0.0386481 -0.267391 1.0432
0.805532 -0.218506 0.131511
0.420851 -0.858853 0.113308
0.145565 -0.436628 0.444098
0.204034 -0.524421 0.295832
0.74067 -0.251025 0.14735
-0.594845 0.381744 0.180792
0.419542 0.112345 0.495311
0.415527 0.0787473 0.519835
-0.0612723 -0.646613 0.216958
-0.254458 0.914269 0.113775
-0.142762 -0.177716 1.28317
0.536844 0.605367 0.138505
0.16756 0.203227 1.07799
0.582429 -0.0626033 0.271519
0.247287 0.172392 0.897898
0.167361 -0.721519 0.163974
-0.915553 -0.0057116 0.116858
-0.715042 -0.107121 0.172338
0.330301 -0.331883 0.429724
-0.651517 -0.0692034 0.2129
-0.623747 -0.0732012 0.23344
0.0578788 -0.811963 0.137061
0.882807 -0.102604 0.120545
0.0517403 0.318696 0.812193
-0.323345 -0.0418215 0.800271
0.603384 0.624417 0.124111
0.931514 -0.204729 0.113477
-0.132762 -0.458216 0.414493
-0.191687 -0.174036 1.10161
0.48365 -0.192842 0.347917
-0.804574 -0.41796 0.117978
0.310838 -0.795593 0.126982
0.601758 0.34009 0.189541
-0.874941 -0.102718 0.121813
0.176603 -0.969408 0.112188
0.898386 0.325667 0.113347
-0.628307 0.086023 0.228565
0.352498 0.304488 0.434186
0.348424 0.347161 0.390275
-0.626227 -0.161833 0.218949
-0.551153 0.563344 0.1452
-0.590722 0.398908 0.177584
-0.756065 -0.634733 0.11216
-0.568364 0.0234774 0.289141
-0.355708 -0.331853 0.398883
0.366831 -0.0545936 0.652737
0.391703 -0.0343598 0.591309
-0.00162346 -0.376882 0.635402
-0.0508377 -0.362911 0.665728
0.0787035 -0.402326 0.549753
-0.681623 0.217253 0.176209
-0.127648 0.360255 0.62067
0.151776 -0.647202 0.206257
0.519878 0.0387876 0.346996
-0.0160221 0.672288 0.201174
-0.26593 -0.717156 0.153754
-0.497133 0.517313 0.175122
-0.439434 0.554936 0.180204
0.21361 0.175931 1.01053
0.343629 0.0351297 0.732063
-0.468274 -0.159913 0.385639
-0.0571494 -0.235627 1.1946
-0.132172 -0.235936 1.04173
-0.735703 -0.222377 0.152315
-0.764495 -0.202638 0.144271
-0.658312 0.0814681 0.207219
0.0877148 0.0618448 2.25867
0.13327 0.00281057 2.02712
-0.323966 0.327911 0.442944
0.832565 -0.173739 0.127774
0.198378 -0.756495 0.147332
-0.264192 0.779757 0.134458
0.203617 -0.618098 0.215993
0.255426 -0.650886 0.18497
0.371737 -0.406829 0.309211
0.495514 0.842906 0.112379
0.196966 0.764575 0.14475
0.375606 -0.291467 0.417211
-0.569771 -0.105033 0.278017
-0.60303 -0.109982 0.24613
-0.061184 0.561893 0.293103
-0.0737121 0.510868 0.354129
-0.305283 -0.25896 0.573194
0.0972064 -0.034236 2.29727
0.786486 0.32112 0.128015
0.787747 0.277775 0.131366
-0.258942 0.523048 0.273674
-0.392434 -0.806399 0.119326
-0.313058 0.101435 0.789242
-0.134754 0.285658 0.839126
-0.42265 -0.0395995 0.516336
0.0332299 -0.373496 0.64087
-0.873953 -0.354396 0.114199
-0.091325 -0.734486 0.164198
0.303955 0.216497 0.646069
0.279278 0.170768 0.795438
-0.201638 0.229458 0.881029
-0.617418 -0.176049 0.222508
-0.312683 0.606763 0.194785
-0.543946 -0.326115 0.228558
-0.52758 -0.2694 0.265075
-0.893098 -0.0959209 0.119117
0.851616 0.204671 0.122731
0.664771 0.688517 0.113283
0.59777 0.672967 0.118851
0.702561 -0.124007 0.177228
0.67573 -0.0692151 0.196851
0.412932 -0.109802 0.510313
0.0539454 -0.0996142 2.20599
0.341792 0.128821 0.669288
0.44099 -0.101906 0.458605
0.738823 0.525153 0.117995
0.383936 0.810758 0.119288
0.396244 -0.61816 0.166908
0.148873 -0.801404 0.136762
0.720711 0.223545 0.157896
0.516616 -0.357984 0.233054
-0.512586 0.609629 0.142449
-0.487189 0.611839 0.147328
-0.3195 0.39954 0.360643
-0.313121 0.363911 0.40938
-0.263361 -0.389718 0.426006
-0.192706 -0.383393 0.506417
0.219835 -0.313928 0.617828
-0.110107 0.791447 0.141599
0.0537324 -0.153619 1.76931
-0.3998 -0.600664 0.173067
-0.526486 -0.619469 0.137354
-0.0229651 0.501917 0.374009
0.0170988 0.532865 0.331338
0.0391463 0.976486 0.112367
0.476142 0.287525 0.303249
0.134045 0.776466 0.145296
0.182246 0.807421 0.133301
-0.111078 0.753202 0.155154
-0.35259 -0.744023 0.134459
0.41081 0.785404 0.120931
0.404298 0.718073 0.134255
0.831418 -0.0320511 0.132175
0.877312 -0.00724994 0.122454
-0.247706 -0.714656 0.157195
-0.0443414 0.270557 1.02306
-0.0570169 -0.689142 0.189432
-0.379024 -0.790403 0.122575
-0.378885 -0.362361 0.342979
-0.380295 0.0729195 0.607112
-0.311921 0.129464 0.758266
-0.515451 0.471505 0.185334
-0.421774 0.216459 0.419629
-0.213744 0.728328 0.156078
0.93528 -0.1711 0.113646
-0.564933 -0.401254 0.188566
-0.673018 -0.521171 0.127633
-0.811605 0.0286869 0.137637
-0.693285 -0.380427 0.14432
0.145822 -0.37603 0.565772
0.135318 -0.352715 0.632867
0.162735 -0.549805 0.284291
0.159768 -0.506181 0.334375
-0.321546 0.144014 0.709358
0.438645 0.784618 0.119029
0.69576 -0.244781 0.165385
0.558564 -0.156186 0.277414
0.562125 -0.218056 0.255136
-0.0185247 0.0774673 2.49247
0.0798974 0.03868 2.41804
-0.0336448 -0.216567 1.34037
-0.0769613 -0.168497 1.58615
0.31646 0.134714 0.737032
-0.642127 -0.674328 0.115245
0.35662 0.272496 0.466002
0.588842 0.484226 0.154762
0.338144 0.704978 0.147396
0.637838 0.331388 0.174466
0.302338 -0.544472 0.237784
-0.639896 -0.117446 0.216139
-0.670717 -0.116919 0.195859
-0.375389 0.515676 0.225737
-0.23552 0.911951 0.114291
-0.0133371 0.380585 0.624503
-0.167536 0.465889 0.385278
-0.368645 -0.449256 0.2762
-0.399682 -0.436148 0.265808
0.334311 -0.00245194 0.770303
0.187769 -0.325294 0.638974
-0.0338943 -0.316787 0.82846
-0.117744 -0.520539 0.330653
-0.47151 -0.503291 0.190518
-0.32218 -0.848655 0.117831
0.0831426 -0.459389 0.432183
0.0196662 -0.180905 1.6117
-0.0304394 -0.176185 1.63662
0.555449 0.606615 0.134694
0.7232 0.665117 0.112243
0.0906922 0.23096 1.16179
0.080059 0.920842 0.115904
0.125912 0.932 0.114397
0.247429 -0.475786 0.327368
0.243403 -0.701219 0.163269
0.896808 -0.248566 0.115284
-0.318382 -0.0274546 0.824714
0.0314601 0.291239 0.93494
-0.516852 0.341534 0.240521
0.68083 0.116955 0.189802
0.69701 0.2846 0.158645
-0.0293279 0.571588 0.285376
0.236433 0.637336 0.196514
0.291317 0.662901 0.171809
-0.0264586 -0.454407 0.453587
0.925326 -0.187166 0.114138
-0.135483 -0.688651 0.183485
0.127851 0.0559947 1.97033
0.315744 -0.231919 0.595068
0.284087 -0.246419 0.637778
-0.694519 -0.278806 0.160561
-0.528336 -0.31745 0.243209
-0.811511 0.159274 0.133492
-0.682114 -0.0581982 0.193552
-0.266496 0.760179 0.139583
0.00772472 0.720886 0.173348
-0.47457 0.111992 0.397021
0.51927 -0.466287 0.185717
0.508493 -0.499281 0.177647
0.813643 0.272064 0.126189
0.313942 0.825742 0.121401
0.442011 -0.321441 0.31466
0.491676 -0.010684 0.390371
0.497172 -0.114669 0.362548
-0.482674 -0.0416863 0.402195
-0.416244 -0.0222127 0.533625
-0.542161 -0.453973 0.180586
0.737275 0.415057 0.128784
-0.48833 -0.266529 0.303131
0.188952 0.488401 0.343811
0.48753 0.463992 0.200824
-0.691366 -0.352423 0.149509
-0.740184 -0.373221 0.132972
-0.797585 -0.451089 0.116777
-0.13563 -0.782502 0.143199
-0.65631 -0.363011 0.159869
-0.610193 -0.326918 0.18895
-0.802566 -0.224468 0.131848
-0.481897 0.597301 0.152754
0.268297 -0.844912 0.1209
0.268612 -0.873538 0.117072
0.95578 0.23712 0.1122
0.935466 0.200192 0.113294
0.519898 0.724529 0.120084
0.578208 0.632165 0.12646
0.668987 0.586891 0.120363
-0.0134582 -0.0958578 2.35121
0.389579 -0.70534 0.139542
-0.279284 -0.936639 0.11236
0.406288 -0.81596 0.11734
0.437365 -0.845042 0.11361
0.0382271 0.274625 1.00777
-0.451917 -0.699749 0.131946
-0.335541 -0.188384 0.61357
-0.0562112 -0.70352 0.181333
0.108233 -0.324206 0.744268
0.284592 0.288803 0.560464
0.362604 0.464524 0.268044
-0.403675 0.177998 0.481088
-0.411261 0.103892 0.517046
0.176848 -0.873874 0.120109
0.109528 -0.730493 0.164887
-0.54799 -0.440381 0.182842
-0.853022 0.056869 0.126809
0.278158 -0.479352 0.305538
0.178824 -0.429765 0.434675
0.123845 0.609127 0.238748
0.182427 0.714645 0.165399
0.775882 -0.274765 0.134551
0.629295 0.00566451 0.232415
-0.629743 0.516527 0.136935
-0.492741 0.358615 0.249254
-0.0188431 0.120406 2.1289
0.188522 0.728484 0.158797
0.176673 0.680886 0.182603
-0.125216 -0.085277 1.86533
0.372571 -0.815961 0.119293
-0.661615 -0.654804 0.115269
-0.676728 -0.614827 0.117034
0.668733 0.634023 0.1162
0.263779 0.843111 0.121409
0.333164 -0.669782 0.160681
0.123134 -0.607711 0.240076
0.805225 2.78532e-06 0.139697
-0.261427 -0.883808 0.11619
0.435187 -0.464754 0.226554
0.545666 -0.4993 0.164454
-0.404723 0.560762 0.189361
0.428632 -0.0661665 0.496566
0.508821 0.738781 0.119292
0.020149 0.278488 0.998402
0.723359 -0.144733 0.165343
-0.447887 0.600761 0.160135
-0.27486 -0.461909 0.325802
0.276125 -0.0710569 0.970543
0.308527 -0.0646748 0.841469
0.316383 -0.200838 0.64147
0.384069 -0.232419 0.465691
-0.184568 -0.418412 0.449583
0.0685287 -0.29446 0.894426
0.0708995 -0.335237 0.741426
-0.875115 -0.267064 0.11692
-0.835187 -0.259909 0.122915
-0.532355 -0.715898 0.120032
0.168317 -0.95987 0.112488
-0.718198 0.191209 0.16281
-0.175711 0.511102 0.32208
-0.0877423 0.348684 0.686728
-0.25474 -0.0963299 1.03207
-0.466776 0.391016 0.249725
-0.478719 0.514129 0.183138
0.910148 0.168917 0.115766
0.445612 0.0292492 0.470363
0.434795 0.00183416 0.494327
-0.0445807 -0.248985 1.13429
-0.865553 -0.218511 0.119949
0.789733 0.0738888 0.14352
0.634382 -0.0516271 0.226746
0.619376 0.0514097 0.238862
0.590733 0.0571388 0.263956
0.013798 -0.596827 0.260664
-0.108432 0.22806 1.13667
-0.405818 -0.402614 0.286137
0.224121 0.142709 1.06593
-0.558452 -0.626736 0.13033
-0.49634 -0.255051 0.301134
-0.503339 -0.28926 0.276824
0.339585 -0.789647 0.125823
0.0062305 -0.249794 1.15147
-0.13215 -0.15389 1.45294
0.0545085 -0.113093 2.09566
-0.517299 -0.149302 0.324632
-0.585653 -0.0734959 0.26708
-0.783362 -0.103385 0.144549
-0.671104 0.0207003 0.201837
0.0100449 0.0692999 2.56715
0.129992 -0.0487498 1.97718
0.399159 0.32777 0.353715
-0.367666 0.440734 0.283616
0.19216 -0.799982 0.134634
0.0366784 -0.358143 0.685216
-0.591424 -0.540496 0.140963
0.874714 0.371888 0.113676
0.376038 -0.192392 0.521086
0.437772 -0.235202 0.382382
-0.499961 0.13913 0.350292
0.267658 0.446594 0.347951
0.314158 0.411263 0.352249
0.27172 0.376373 0.437031
-0.0839632 0.0280244 2.42097
-0.038101 -0.969265 0.112643
0.656061 0.242203 0.184904
0.78457 0.365614 0.124657
0.779096 0.22438 0.138026
-0.228922 0.448846 0.371929
-0.189277 0.484898 0.348157
-0.216066 0.604943 0.222242
-0.255923 0.560064 0.24368
-0.0373092 0.430188 0.500625
0.630288 0.130304 0.221329
0.296852 0.892791 0.114393
0.834608 -0.129516 0.12911
-0.572336 -0.23967 0.239643
-0.640815 -0.192949 0.203281
-0.227199 -0.421722 0.411174
-0.38174 0.728346 0.134744
-0.314108 -0.933204 0.1122
-0.328405 -0.100172 0.739131
-0.210149 -0.107946 1.23156
-0.232681 -0.624789 0.204962
-0.261429 -0.425016 0.379281
-0.923665 -0.0874151 0.115556
-0.810686 -0.0619265 0.137356
0.0552371 0.115173 2.07733
-0.49346 -0.552409 0.163937
-0.392442 -0.475612 0.242943
-0.391856 -0.51191 0.220497
-0.54399 -0.378088 0.207824
-0.525815 -0.454674 0.187308
0.203223 -0.357417 0.546708
0.102342 -0.112623 1.85982
0.840038 -0.286037 0.12076
0.866956 -0.244763 0.118747
-0.610081 0.559646 0.133253
-0.161756 0.832232 0.128394
-0.512221 0.207076 0.307592
0.319175 0.118534 0.748883
0.247643 0.111972 1.03489
0.375956 0.100983 0.601592
0.428201 0.0661533 0.497426
0.377364 0.679925 0.14894
0.413052 0.735371 0.12939
0.855651 0.389622 0.114449
0.29794 0.732697 0.144234
-0.239017 0.0380503 1.19625
-0.195904 0.0766804 1.40011
0.148458 -0.92614 0.114622
0.462758 0.0744996 0.429
-0.297648 0.604396 0.200374
0.687922 0.559257 0.120893
0.701937 0.516376 0.123519
0.689091 0.460517 0.133024
0.352453 0.806873 0.121899
0.15787 0.839386 0.127005
-0.0874202 -0.662622 0.203861
-0.703349 -0.132399 0.176043
0.377168 -0.524832 0.219316
-0.418941 0.526317 0.201015
-0.247963 -0.377154 0.460922
-0.175936 -0.344922 0.607193
0.530752 -0.107596 0.320742
0.508503 -0.0166035 0.364724
-0.816359 -0.426466 0.116259
-0.940563 -0.039142 0.114331
0.301038 0.421099 0.352113
0.254444 0.406766 0.40992
-0.71684 0.109125 0.171275
-0.0507193 0.973271 0.112478
-0.0742824 0.956393 0.113151
-0.158542 0.921869 0.114847
0.116333 -0.622913 0.228965
0.670083 0.348037 0.157732
0.0855666 0.579353 0.271686
-0.180971 0.806049 0.133709
-0.148418 0.752684 0.15286
-0.176078 0.259345 0.848587
-0.189997 0.0932216 1.39162
-0.121865 0.0488521 2.0445
-0.350699 -0.855537 0.115864
-0.290144 -0.815184 0.124707
-0.407542 -0.148665 0.496364
-0.573466 -0.75401 0.11389
-0.613164 -0.745789 0.11283
0.573508 0.558198 0.141224
-0.265279 0.260597 0.649893
-0.961106 -0.0167198 0.113019
-0.0771424 -0.184776 1.47271
0.13199 0.178514 1.32165
-0.736711 -0.528128 0.11801
-0.128294 0.590208 0.254153
0.624614 0.321372 0.183166
0.0719624 -0.225023 1.23154
0.0692257 -0.107683 2.07362
0.10719 -0.274744 0.926024
0.0352841 0.699185 0.184487
0.399443 -0.656611 0.152331
0.475461 0.82083 0.113803
0.322393 -0.911201 0.112773
0.284887 0.368557 0.434057
0.607861 0.0614839 0.247908
-0.966125 -0.103773 0.112576
0.391861 0.389835 0.307303
0.245857 0.335271 0.536177
-0.836767 -0.0368459 0.130773
-0.18606 0.774054 0.142571
0.156002 -0.577788 0.259225
0.60515 -0.147962 0.237654
0.100327 0.164538 1.5285
0.0493087 0.0928381 2.27873
0.338266 0.487448 0.264155
0.410377 0.123265 0.507684
0.432871 0.0963995 0.476541
0.76103 0.544879 0.114792
0.0255177 -0.688977 0.190614
-0.597636 -0.0021175 0.260038
-0.655378 0.0267252 0.21234
0.482131 -0.360878 0.255715
0.799727 0.105919 0.139253
0.519921 -0.573833 0.150152
-0.284329 0.608662 0.201608
-0.101021 -0.0457129 2.22811
3.04512e-05 -0.327837 0.793441
-0.0546684 -0.299271 0.886243
-0.0461268 -0.330073 0.773979
-0.127838 -0.298985 0.803522
-0.215448 -0.533776 0.281891
0.0857735 -0.177056 1.49815
-0.0221943 -0.422325 0.519951
-0.369598 -0.0036671 0.656265
-0.130176 0.52954 0.316102
0.135336 0.961243 0.112622
0.223926 -0.483578 0.331667
0.209731 -0.42615 0.418056
0.133043 -0.67333 0.192494
-0.305792 -0.177224 0.705811
-0.558207 0.441321 0.17819
-0.523028 0.568893 0.150721
0.115163 0.274595 0.913768
0.507634 0.0661576 0.360212
0.291913 0.193514 0.71626
-0.421745 -0.261659 0.383346
-0.0163605 -0.213101 1.37725
0.136339 -0.550765 0.290711
0.289264 -0.275626 0.575081
-0.252641 0.346757 0.506545
-0.683127 -0.207014 0.177024
-0.821074 -0.0281747 0.13496
-0.726284 -0.0953783 0.167734
0.198131 0.0589259 1.42591
0.26259 0.0262908 1.07534
0.0865233 0.737334 0.163175
-0.27019 0.29097 0.58129
-0.4273 0.355102 0.303963
0.766097 -0.197163 0.144243
-0.117071 0.700841 0.17874
-0.245161 0.733457 0.150513
-0.797132 0.0936991 0.140496
-0.55563 0.484612 0.165521
0.928345 0.322214 0.11225
0.105477 0.632606 0.223052
0.53305 -0.278223 0.25666
-0.501863 0.00425946 0.374792
0.00400431 0.579233 0.278163
-0.323097 0.112112 0.743526
0.0416403 -0.00713054 2.73654
0.60007 0.141071 0.243105
-0.763392 0.0386617 0.153969
-0.736151 0.0394771 0.165545
-0.715381 -0.316827 0.147221
0.639672 0.0304832 0.223757
-0.374753 -0.503217 0.233984
-0.313276 -0.746414 0.138393
-0.393339 -0.789189 0.121701
-0.124343 0.255003 0.977021
-0.164644 0.224658 1.0017
-0.444274 0.0538408 0.468307
-0.297109 0.0583695 0.892271
0.0834907 -0.385883 0.587102
-0.0589621 0.262179 1.05035
0.403462 0.446004 0.25653
-0.261146 0.0842111 1.02193
-0.230798 0.0139673 1.26225
0.286189 -0.897253 0.114302
0.21427 -0.906603 0.115177
0.0559309 -0.757099 0.156033
0.0417381 -0.742509 0.162592
-0.0589262 0.696481 0.185073
-0.482547 -0.466606 0.201997
-0.498934 -0.356207 0.246077
0.464221 0.729805 0.124751
0.711255 0.600325 0.115276
0.715718 -0.159053 0.167412
0.332934 0.0187852 0.773182
-0.0973644 -0.827327 0.131929
0.578435 0.587159 0.134241
0.603939 0.545456 0.13714
0.325941 0.841231 0.118558
0.33446 0.802732 0.123875
-0.492177 -0.131507 0.363742
-0.46532 -0.0207585 0.434103
-0.145766 -0.773248 0.145649
0.701874 0.0585481 0.182152
0.71975 0.388094 0.136019
0.73296 0.318325 0.141603
0.489587 -0.338776 0.262193
-0.302125 0.436739 0.334077
-0.150124 -0.462329 0.399525
0.306755 -0.158351 0.732879
0.12708 -0.24179 1.0275
0.163483 -0.295172 0.759245
0.502672 -0.194849 0.323712
-0.401192 -0.58166 0.18088
-0.495664 -0.621572 0.142919
0.608526 0.2749 0.204257
0.235319 0.509973 0.297069
-0.90703 0.0419699 0.117791
-0.758234 0.106427 0.153432
-0.160956 -0.430882 0.444884
0.0590309 0.970782 0.112543
0.687157 0.37065 0.147798
0.319815 -0.753768 0.135703
0.375023 -0.702313 0.142541
-0.12467 -0.565359 0.278475
-0.369024 -0.857464 0.115009
-0.443946 -0.402667 0.258481
-0.41318 -0.343971 0.325672
-0.0139267 -0.490099 0.39274
-0.546312 0.426863 0.188331
-0.613019 0.519941 0.140115
0.0239955 0.115684 2.16234
-0.0333935 0.117412 2.12717
0.303923 -0.562378 0.224593
-0.159956 0.660039 0.196892
-0.77905 0.0383917 0.148084
0.776591 0.0971606 0.147138
-0.733261 -0.131276 0.162053
0.721645 -0.0357352 0.172586
0.796519 0.181914 0.136211
-0.183561 0.572894 0.256373
-0.237096 0.832275 0.124682
-0.0401895 0.909057 0.117536
-0.0891353 0.773176 0.148694
-0.237958 -0.327226 0.562652
0.288146 0.00747034 0.956294
0.266356 0.0733138 1.01271
0.183178 -0.214223 0.985539
0.181172 -0.135807 1.29299
-0.583359 -0.224319 0.235954
-0.174524 -0.867711 0.121142
-0.261896 -0.869043 0.117838
-0.0711967 -0.259007 1.05088
0.555892 -0.00933452 0.303465
0.0916924 0.318801 0.779413
0.0882912 0.961287 0.112848
-0.533478 0.389318 0.209191
-0.466122 0.40767 0.240756
0.434917 -0.1819 0.424222
-0.859073 -0.279488 0.118401
0.375331 0.252501 0.45911
0.343382 -0.0949953 0.696898
-0.54477 -0.745837 0.115979
-0.511387 -0.733934 0.119664
-0.261699 0.357269 0.477794
-0.106332 0.397841 0.545247
0.74729 0.402358 0.128174
-0.373917 0.015177 0.642912
-0.449379 0.00159033 0.464744
-0.503226 0.052244 0.368847
-0.0701887 0.0563353 2.40857
-0.160442 -0.216657 1.04586
-0.107463 -0.201726 1.27932
-0.0976293 0.803604 0.138394
-0.605882 -0.28777 0.202256
-0.56767 -0.282046 0.2288
0.311396 -0.840891 0.119338
0.578395 0.694175 0.118387
-0.43346 0.0840233 0.480481
-0.510163 0.123999 0.342006
0.0512186 0.593029 0.262302
0.281699 0.615932 0.19809
0.264169 0.717466 0.153894
0.250976 0.684943 0.169183
-0.624534 -0.229398 0.205892
-0.536923 -0.213155 0.279727
0.364805 -0.328919 0.391335
0.36698 -0.234211 0.4931
-0.754665 -0.128674 0.153472
0.845885 0.402391 0.114717
-0.386622 -0.311509 0.383061
-0.229724 -0.914978 0.114174
-0.726537 -0.379444 0.135487
-0.805612 -0.36011 0.121573
0.711388 0.407245 0.135459
0.730617 0.467424 0.124304
0.936867 0.235867 0.112803
0.575181 0.782753 0.112588
0.248381 0.308337 0.584316
-0.151542 -0.52181 0.318468
0.826106 0.0759462 0.132815
-0.00435329 -0.403155 0.56615
0.468892 0.00525717 0.428566
0.194394 0.243572 0.855889
0.18686 0.176508 1.11161
-0.668489 0.0642596 0.201734
-0.410103 0.333136 0.337576
0.261629 0.825298 0.124595
0.411752 -0.251432 0.405457
-0.0183492 0.517208 0.352287
-0.00814679 0.592 0.26535
-0.275624 0.137813 0.869989
-0.240254 0.143629 0.994957
-0.101214 -0.870795 0.122576
-5.72515e-05 0.474852 0.418267
0.33281 0.159759 0.657605
0.930495 -0.0599143 0.115109
0.952829 -0.12253 0.113059
0.370487 -0.447088 0.276719
0.848471 0.230087 0.122146
0.836635 0.17988 0.126664
0.897854 -0.150118 0.11751
0.859874 -0.169191 0.122619
0.419359 0.799823 0.118441
0.486225 -0.46363 0.201596
0.419484 -0.512941 0.207683
-0.261827 0.385347 0.43403
-0.258484 0.432037 0.372507
-0.0314956 0.991498 0.112101
0.773476 0.524163 0.114947
-0.397335 -0.159461 0.508428
0.908646 -0.159387 0.1161
-0.653262 -0.701516 0.113189
-0.422248 0.203587 0.428891
0.91535 -0.106694 0.116182
0.13386 -0.402947 0.516187
0.163434 -0.472958 0.377075
0.272639 -0.62909 0.192924
0.30309 -0.666177 0.168038
-0.0253682 0.824453 0.134065
-0.667707 0.240487 0.179203
-0.78117 -0.28394 0.132408
-0.667084 -0.299576 0.168339
0.859381 0.296075 0.117678
0.307685 0.905797 0.113293
0.0652504 -0.972552 0.112472
-0.10269 0.957771 0.112941
-0.114771 0.98409 0.112116
0.772714 -0.260193 0.136688
-0.44827 0.14074 0.426998
0.436395 -0.483625 0.215585
0.241094 -0.0247215 1.19482
0.648136 0.0606521 0.215909
0.431154 -0.274656 0.361177
-0.366784 -0.149664 0.58377
-0.44543 -0.453687 0.227271
-0.473984 -0.484988 0.19751
-0.64365 -0.00587377 0.22127
-0.332542 -0.648112 0.169679
0.325097 0.309182 0.466276
0.640857 0.753024 0.112136
0.727141 -0.184511 0.159801
-0.00497488 -0.87353 0.123122
-0.0278248 0.926139 0.115666
-0.548478 0.0622192 0.308139
0.472728 -0.518729 0.183498
-0.0615922 -0.0134996 2.61402
-0.346297 -0.470676 0.272968
-0.327078 -0.513404 0.249916
-0.137978 -0.107611 1.6672
0.0328452 -0.416939 0.530445
-0.0713826 0.428334 0.49546
-0.0642604 -0.613927 0.242413
-0.409893 0.350464 0.32356
0.208972 0.234465 0.846212
0.276165 -0.3765 0.432162
-0.671535 0.0927351 0.197705
0.803461 -0.160396 0.135562
0.814099 -0.204289 0.130368
-0.0180855 0.762695 0.154545
-0.26763 0.834807 0.122577
0.225005 0.794492 0.133814
-0.477236 0.579067 0.159686
0.0956671 0.0160379 2.34923
-0.80752 -0.322301 0.123901
-0.135282 0.244783 0.996218
-0.415004 -0.0726236 0.523557
-0.00977315 -0.450542 0.462461
-0.183457 -0.542999 0.284517
0.32319 0.186602 0.646054
0.382145 0.826048 0.117526
-0.537446 -0.494852 0.168647
0.190232 -0.38864 0.498713
0.637641 0.639267 0.118462
0.34867 0.115917 0.662876
-0.00410773 0.66231 0.207938
0.408394 0.0507428 0.546068
0.514393 0.0942766 0.344798
-0.565736 -0.0488285 0.290245
-0.601743 0.138149 0.242321
0.684692 0.0241865 0.193227
0.702141 0.00389637 0.183326
0.929706 0.132744 0.114524
0.196701 -0.271716 0.76628
0.191637 -0.306959 0.679567
-0.391139 0.130392 0.544183
0.241204 0.422107 0.399363
-0.754932 0.0668108 0.156564
0.45175 0.243002 0.358657
-0.0518165 0.474832 0.413539
0.46725 0.298659 0.305178
-0.0615365 0.776296 0.148537
-0.0360008 0.758293 0.156062
-0.501581 0.456816 0.197367
-0.660042 -0.502399 0.132837
0.0607149 0.303247 0.86539
0.475821 0.758366 0.119546
0.814497 -0.0312722 0.136767
-0.0776612 0.29902 0.866643
-0.0967951 0.321153 0.76638
-0.292777 0.489108 0.287822
-0.658281 -0.130673 0.202011
-0.641288 -0.751936 0.112151
-0.124913 -0.647006 0.210254
0.884 -0.0866789 0.120622
0.906931 -0.119168 0.116984
0.228351 -0.973579 0.11203
-0.456764 0.159655 0.403033
-0.847573 -0.0242802 0.128355
0.128608 -0.38488 0.559729
-0.585167 0.465511 0.160837
-0.53714 0.510919 0.163687
-0.608868 -0.727932 0.113771
-0.588516 -0.723423 0.115074
0.308652 0.666629 0.166753
0.548291 -0.283433 0.242489
-0.268713 0.533237 0.260557
-0.171337 0.382074 0.529269
-0.309233 -0.389588 0.381698
-0.141915 -0.333773 0.676996
0.309814 -0.0110091 0.862504
0.118858 -0.347019 0.66464
-0.228013 -0.592269 0.228187
0.00237894 -0.208045 1.4167
0.546747 0.0466282 0.312061
-0.167386 -0.456076 0.39996
0.808519 -0.109306 0.136542
-0.28556 -0.0319647 0.960206
-0.789696 -0.270454 0.131494
-0.0241338 -0.475681 0.415726
0.217532 -0.220373 0.863724
-0.699619 -0.233561 0.165399
-0.439715 -0.34102 0.302964
-0.711641 -0.0623109 0.176759
0.449782 0.359315 0.281867
-0.0807581 0.27889 0.946358
0.35078 -0.364706 0.368708
0.834034 0.2434 0.124002
0.338239 0.74263 0.13649
0.562774 -0.0636922 0.291799
-0.541357 0.0112415 0.320806
0.601401 0.392383 0.17481
-0.201538 -0.81672 0.129906
-0.136997 -0.848104 0.125941
-0.113044 0.969916 0.112422
-0.763335 -0.216819 0.143419
0.494802 0.753278 0.118688
0.603239 0.428159 0.164371
0.580601 0.45966 0.164045
0.423446 -0.805632 0.117513
-0.146855 -0.75679 0.151431
0.40983 0.206533 0.446663
-0.351107 0.177148 0.591098
-0.368084 0.698617 0.144716
-0.312298 0.676967 0.161819
-0.839798 0.0941184 0.129029
0.880072 0.027327 0.121912
0.781142 -0.234352 0.136647
0.64081 -0.0203976 0.223188
0.153814 -0.0812792 1.67564
-0.195444 0.275242 0.758784
-0.0356907 -0.12725 2.03627
-0.0384072 -0.801252 0.140641
0.362833 0.201283 0.538071
0.398117 0.216153 0.457895
0.104481 0.888248 0.119688
0.376814 -0.648881 0.159718
0.114137 -0.594865 0.252588
-0.124293 0.840061 0.128061
0.835551 0.203328 0.125787
0.51305 -0.454397 0.193089
0.533939 -0.515993 0.163117
-0.382586 0.584254 0.185405
0.0782984 0.339306 0.722818
-0.313275 -0.289872 0.511406
-0.408143 -0.290448 0.376284
-0.443544 -0.282973 0.340561
-0.284837 -0.486698 0.29457
0.36265 -0.16687 0.57606
0.338309 -0.154688 0.649541
-0.0615244 -0.426785 0.501928
-0.0319431 -0.435185 0.491031
-0.842311 -0.233729 0.123033
0.20365 -0.891697 0.116965
-0.194971 0.581928 0.245504
-0.14595 0.32042 0.710155
0.869359 -0.274235 0.117336
-0.453632 0.461541 0.218703
0.556341 -0.141394 0.283552
0.760431 0.0617616 0.154533
0.664742 -0.0184593 0.206137
0.603823 0.0256025 0.253815
-0.0614884 -0.496538 0.377162
0.205928 0.0179501 1.42637
-0.542055 -0.240511 0.264441
0.00723363 -0.902611 0.118514
0.0501536 0.288246 0.936459
-0.541756 -0.177399 0.287824
-0.609136 0.0497319 0.247689
0.0285984 0.0745496 2.49059
0.0773368 0.0910408 2.15063
0.178455 -0.0547942 1.57453
0.207487 -0.0417918 1.39146
0.423949 0.303055 0.347334
-0.134488 -0.441035 0.442641
-0.268656 0.414596 0.38684
-0.39309 0.41447 0.286582
0.173845 -0.748586 0.152356
0.0746071 0.765091 0.152271
-0.0596698 0.916814 0.11651
0.429621 -0.211722 0.411273
0.401936 -0.183449 0.479847
-0.443794 0.109703 0.449949
-0.0706293 -0.698223 0.18353
0.22945 0.590548 0.22904
0.328815 0.404589 0.346968
-0.267793 0.0516763 1.03012
-0.255143 -0.24487 0.705222
-0.211725 -0.219259 0.883858
0.624126 0.216892 0.20902
0.749122 0.345732 0.134019
-0.245205 0.47974 0.324204
-0.208718 0.418802 0.430366
0.23128 0.845905 0.122516
-0.56836 -0.218597 0.24969
0.177999 -0.282377 0.772211
-0.0508922 0.40856 0.54546
-0.191682 -0.144506 1.20858
0.0151689 -0.469049 0.427964
0.127778 -0.474333 0.391269
-0.288044 -0.45493 0.324635
-0.893544 -0.0299287 0.119741
0.351441 -0.808133 0.121749
0.121873 -0.684474 0.187241
-0.614617 -0.361461 0.177463
0.0928719 -0.0638005 2.21137
0.0903477 -0.0819671 2.12851
0.840384 -0.213509 0.124351
-0.476733 0.170431 0.368243
0.299361 0.057073 0.883709
0.352842 0.051008 0.696221
0.364629 0.724294 0.137998
0.2869 0.811455 0.125614
-0.224712 0.0646825 1.24624
0.671412 0.568215 0.122072
-0.602419 -0.352984 0.185557
0.0354059 -0.67542 0.198696
0.396048 -0.485835 0.234404
0.0571538 0.646356 0.217406
-0.292012 -0.384017 0.405498
0.48378 -0.0352979 0.401202
-0.836452 -0.398384 0.115685
-0.890914 -0.417373 0.112222
-0.74176 0.137053 0.158032
-0.904813 0.098186 0.117522
-0.0807418 0.463222 0.426331
-0.0569688 0.606399 0.249576
-0.166379 0.895712 0.117419
0.114265 -0.56993 0.276093
0.659429 0.407345 0.149847
0.0383561 0.563489 0.293525
-0.216373 0.790922 0.135389
-0.148203 0.721304 0.165931
-0.115924 0.735632 0.162159
-0.197415 -0.760444 0.146094
-0.55482 -0.780025 0.113256
-0.30171 0.243459 0.605917
-0.322037 0.262863 0.536307
0.565392 0.796354 0.112411
0.122878 0.207404 1.20253
-0.690927 -0.138453 0.181943
-0.135586 0.624604 0.224683
0.0413808 -0.203423 1.41985
0.384932 -0.63178 0.164356
-0.113515 -0.878989 0.120926
-0.0472088 0.255168 1.0986
0.469924 -0.0321949 0.424909
0.547559 -0.0588549 0.309676
-0.259159 0.00445997 1.10016
0.68773 0.67373 0.112966
-0.216179 0.807611 0.131175
0.176706 -0.631987 0.212145
-0.340214 -0.337646 0.410712
-0.534533 0.527871 0.159333
0.137248 0.0956683 1.73051
-0.869143 0.0336453 0.123827
0.279318 0.554108 0.239654
0.273473 0.52598 0.264666
0.353885 0.509616 0.239751
0.301888 0.496455 0.276328
-0.749111 -0.587264 0.113593
0.283447 0.758634 0.138309
0.306099 -0.651096 0.174153
0.272192 -0.280762 0.59689
0.0771147 0.707236 0.1783
0.572421 0.315822 0.213828
0.715901 -0.00341471 0.175958
0.514473 -0.543822 0.160431
-0.792671 -0.465668 0.116454
-0.281882 0.621968 0.194621
-0.205311 -0.421862 0.428222
-0.0535524 0.340799 0.733445
-0.0248031 0.349091 0.71699
-0.341099 -0.323567 0.426427
-0.263274 -0.446512 0.351044
0.347174 -0.0773308 0.698755
-0.902879 -0.342028 0.112835
-0.216766 -0.719223 0.159343
0.510418 -0.0869176 0.351909
-0.123745 0.475694 0.390791
-0.0999577 0.475182 0.400361
0.366619 -0.150244 0.583528
0.205982 -0.664657 0.186887
0.880664 -0.228429 0.117554
0.850455 -0.295678 0.11881
-0.0241967 0.589403 0.267431
-0.572127 0.506255 0.154125
0.547957 -0.0343895 0.311643
0.603207 -0.110644 0.245892
-0.327492 -0.62071 0.183509
-0.0534993 -0.587926 0.267042
0.0892739 -0.20475 1.31278
-0.431422 0.607913 0.161858
0.197785 0.14494 1.1782
0.303528 0.250129 0.591115
0.227517 0.292108 0.654496
-0.410705 -0.236696 0.419673
-0.450008 -0.158001 0.414684
-0.105634 -0.272823 0.936582
-0.183688 -0.317968 0.663427
0.336225 -0.204134 0.590852
-0.685779 -0.152594 0.183089
-0.280073 0.478186 0.305608
-0.685908 0.0428439 0.191948
-0.755462 -0.0212696 0.157444
0.216095 0.0999569 1.22064
0.453005 0.213394 0.376645
0.496293 0.450462 0.202627
-0.170235 0.336546 0.63473
0.655171 -0.0951193 0.208145
0.823354 -0.189678 0.129044
-0.226434 0.750619 0.146646
-0.611743 -0.681968 0.116806
-0.613854 -0.599013 0.126238
-0.557633 -0.645702 0.127194
-0.807693 0.0448298 0.138554
0.230379 -0.65956 0.185304
0.307055 -0.386656 0.387316
0.160961 0.572635 0.262706
0.46492 -0.373749 0.261073
-0.629828 -0.0366076 0.231175
-0.617458 0.0613248 0.239697
-0.132985 -0.0260082 2.00691
-0.334832 -0.240329 0.544544
0.000851607 -0.173863 1.67662
-0.104528 -0.994522 0.112026
0.0359291 -0.829574 0.132594
0.591215 0.167267 0.244891
-0.311062 0.492573 0.274734
-0.00815972 0.819348 0.135551
0.988771 -0.0733791 0.112107
-0.723312 -0.303923 0.146449
0.66793 -0.037654 0.203459
0.867948 -0.109022 0.122915
0.841037 -0.0796715 0.129082
-0.343802 -0.756792 0.132393
0.0685522 0.287728 0.92224
-0.4145 0.0424826 0.533991
0.0788182 -0.358465 0.663938
-0.968397 -0.0601471 0.112617
-0.844225 -0.12796 0.127061
-0.0533998 -0.674196 0.198717
-0.105809 -0.787174 0.143169
-0.0932726 -0.855201 0.125692
0.105853 0.218597 1.19189
0.294998 -0.832671 0.121424
0.893142 0.209127 0.116674
0.336616 -0.412958 0.331837
0.936433 0.164887 0.113653
0.514558 0.710566 0.122466
0.610831 -0.0741455 0.244113
0.351097 0.170428 0.598841
0.0213565 -0.0258309 2.77861
0.696286 0.607084 0.115948
0.0194425 -0.979314 0.112309
0.758675 0.527844 0.115903
0.160783 0.532631 0.303084
0.619989 0.582117 0.127791
0.367748 0.820411 0.118993
0.410794 -0.618951 0.163005
-0.180389 0.0822021 1.48717
0.786634 0.0580383 0.145005
0.878523 0.184818 0.119192
0.666456 0.30027 0.168439
-0.344887 0.377225 0.361292
-0.0890941 -0.361727 0.647897
-0.181396 -0.371821 0.540878
0.227849 -0.0916153 1.1762
0.194393 -0.104526 1.3301
0.160447 -0.255423 0.897037
0.122568 -0.207787 1.20184
0.417272 -0.282157 0.372124
0.399718 -0.264131 0.411056
-0.460227 -0.560366 0.171266
0.137524 -0.826592 0.130702
-0.697611 -0.016075 0.185746
0.204109 0.521781 0.298617
0.133913 0.558599 0.28315
-0.146573 0.492605 0.357281
-0.167092 0.414899 0.468939
-0.0112778 0.935227 0.114846
0.0793918 0.950718 0.113448
0.229597 -0.528507 0.281292
-0.366256 -0.799331 0.122127
0.806443 0.574488 0.112122
-0.637336 0.713194 0.113312
-0.0576625 0.0292728 2.6037
-0.619325 -0.477549 0.147348
-0.783029 -0.517954 0.114545
-0.204052 -0.394383 0.475384
-0.200133 -0.351648 0.562566
-0.440123 -0.243427 0.373271
0.0732642 -0.553922 0.300371
0.515062 0.470014 0.186078
0.0659497 0.657273 0.20914
-0.146153 -0.120528 1.55352
0.659551 0.492522 0.134508
0.0952177 0.705799 0.177894
0.257224 0.603654 0.212186
0.323877 -0.78853 0.127356
-0.189288 0.598707 0.233574
-0.171037 0.606766 0.23153
-0.741435 0.0807255 0.161667
0.861331 -0.230612 0.120086
0.752155 -0.0696144 0.157594
-0.25494 0.854471 0.12011
-0.19035 0.82457 0.128732
-0.152935 0.443399 0.428383
-0.153617 -0.85049 0.124899
-0.231379 0.36451 0.50069
0.250593 -0.00881435 1.14684
0.251576 -0.0629066 1.09957
-0.265352 -0.573498 0.230359
-0.0218335 -0.228838 1.27104
0.215472 -0.178362 0.995741
0.672433 0.104052 0.196121
0.323763 -0.423627 0.331313
0.283565 -0.759143 0.138142
-0.411751 -0.36014 0.314068
0.495285 -0.151843 0.35157
0.310904 0.161205 0.716157
0.35077 -0.235915 0.520305
0.251479 -0.115013 1.01141
0.268303 -0.142861 0.887349
-0.4753 -0.735223 0.122795
-0.515189 -0.663049 0.130299
-0.19895 0.211746 0.945781
-0.224017 0.218488 0.850667
-0.221531 0.351293 0.537205
-0.0819831 0.377297 0.610099
0.939764 0.080639 0.114205
0.433075 -0.382852 0.279378
-0.409333 -0.0902058 0.528362
-0.280132 0.0644188 0.959737
-0.436287 0.0226577 0.489928
0.527284 -0.154824 0.311057
-0.314021 -0.765818 0.133284
0.752723 0.18462 0.149889
-0.326448 0.0939659 0.751466
-0.123469 0.870014 0.12222
-0.523729 -0.242667 0.28025
0.329472 -0.723887 0.142828
-0.473772 0.0946915 0.404345
-0.577814 0.114676 0.268253
-0.586278 0.0714404 0.266736
0.100273 0.618947 0.234315
0.557295 0.319918 0.222099
0.359237 0.526156 0.226298
-0.805315 -0.03035 0.1395
-0.232726 0.613912 0.211919
-0.241277 0.629143 0.200272
0.607609 0.736296 0.113426
0.686661 -0.221624 0.173072
0.292902 0.60038 0.204091
-0.022959 -0.791332 0.143996
0.25383 0.752098 0.143313
0.335083 -0.575566 0.205425
0.614166 0.166686 0.226864
0.156824 0.171934 1.2535
0.0893589 0.13214 1.79592
-0.473712 -0.228501 0.340739
-0.576521 -0.19174 0.250907
-0.791388 -0.016824 0.144049
-0.813408 -0.0985914 0.135549
-0.715001 -0.563378 0.117525
0.421843 0.752209 0.125254
0.435295 0.79996 0.117445
0.748805 0.304231 0.138798
-0.255921 -0.898362 0.114963
0.628878 0.520182 0.136487
0.707855 0.426791 0.133616
-0.828974 -0.434225 0.114813
-0.384163 -0.60762 0.174426
-0.359502 -0.65283 0.161927
0.192044 -0.823025 0.12901
-0.598135 0.530813 0.141397
0.472292 0.142922 0.387874
-0.268903 -0.282686 0.599232
-0.344482 -0.269525 0.4889
-0.141055 0.394535 0.528701
0.20778 -0.559843 0.26049
-0.0399765 0.703924 0.181715
0.667506 -0.0989386 0.199694
-0.030426 -0.556194 0.302348
-0.486033 0.531963 0.173556
-0.0992021 0.242156 1.08689
0.198565 0.203922 0.972875
0.236593 0.188659 0.893018
-0.0879819 -0.226033 1.19378
-0.0756496 -0.320781 0.787373
0.230812 -0.326034 0.575339
0.23587 -0.353917 0.514538
-0.719713 -0.214222 0.159489
-0.673962 -0.0280344 0.199842
0.157656 0.674001 0.188986
0.804417 -0.142464 0.13621
-0.0306097 0.786244 0.145681
-0.631357 -0.602013 0.123351
0.22219 0.648722 0.192877
0.921863 0.387516 0.112022
0.882579 0.402072 0.112634
0.223871 0.754538 0.14556
-0.158869 -0.343859 0.630072
-0.0047928 -0.793744 0.143337
-0.0110884 0.412386 0.543609
-0.705778 -0.470835 0.128264
-0.762677 -0.353144 0.130085
0.690522 -0.0649799 0.188189
0.779733 -0.116019 0.145158
0.000558049 -0.0898952 2.40943
-0.933705 -0.0060048 0.114984
-0.173393 -0.76904 0.145134
-0.232893 0.116387 1.0938
0.959537 -0.0801414 0.112964
0.111084 -0.695396 0.182188
0.24468 -0.378775 0.46182
0.58629 0.570025 0.136019
0.880359 -0.299791 0.115322
0.709238 -0.140692 0.172333
-0.665981 0.457478 0.138867
0.121292 -0.179749 1.35603
0.0337196 -0.163918 1.73032
-0.0792132 -0.847207 0.127704
0.0567918 -0.94424 0.113994
0.015579 -0.891122 0.120159
0.372259 0.789093 0.123343
-0.0276577 -0.689871 0.190012
0.793022 0.251401 0.132211
-0.553258 0.582845 0.140168
0.255175 -0.285992 0.61772
0.554633 -0.254964 0.248386
0.573807 0.0978811 0.275204
0.0984242 0.463288 0.4204
0.510706 0.251506 0.288656
-0.0632848 0.818974 0.134999
-0.156702 0.84913 0.12505
-0.105807 -0.504915 0.354558
-0.0283105 0.0907652 2.3658
-0.318411 -0.816258 0.122668
-0.406367 -0.255902 0.40918
0.519945 0.0777467 0.341057
0.0594431 -0.603314 0.252128
-0.011998 -0.759169 0.155997
0.067929 -0.924305 0.11562
0.103528 -0.93252 0.114598
-0.876557 0.00217023 0.12258
0.168809 -0.614888 0.225839
0.536462 -0.0907716 0.317615
0.562736 -0.113396 0.283578
0.285272 -0.567254 0.227969
0.218832 -0.670486 0.18158
-0.587853 0.137518 0.254441
0.913545 0.406737 0.112053
0.695601 -0.210877 0.170425
-0.19995 0.335518 0.598199
-0.226673 -0.341704 0.549545
0.272078 0.128741 0.899971
0.00293873 -0.281248 0.988693
0.25265 -0.50143 0.297276
-0.847767 0.0107383 0.128372
0.425308 -0.241752 0.3944
-0.0660712 0.593543 0.260456
0.164239 0.0109513 1.75346
-0.530363 -0.782005 0.114077
-0.635461 -0.287352 0.185986
0.02854 -0.127511 2.05027
-0.413915 -0.430451 0.260463
-0.716901 -0.0190449 0.175283
-0.235915 0.765319 0.141051
-0.500808 -0.537574 0.166703
-0.16425 0.590425 0.246236
-0.691682 -0.337198 0.151988
-0.734289 -0.465509 0.12391
0.906459 0.286498 0.113677
0.867638 0.309673 0.116226
-0.232814 -0.899949 0.115385
-0.219662 -0.793148 0.134561
-0.233708 -0.869278 0.118857
-0.292243 -0.53142 0.251918
0.0819945 0.259134 1.03487
-0.37858 0.196782 0.511696
0.0791069 -0.799291 0.140312
-0.171157 0.730136 0.159919
0.152339 -0.394561 0.519831
0.698992 0.68591 0.112325
-0.240677 0.749027 0.145694
-0.688209 0.1408 0.183137
0.812539 0.171019 0.132618
0.674891 0.130128 0.191914
-0.427543 -0.235686 0.396123
-0.862619 -0.296251 0.117276
-0.0847272 -0.125262 1.86691
-0.219497 -0.702194 0.166243
0.644696 0.11658 0.212897
0.539665 0.652054 0.128718
-0.737371 0.168902 0.157156
0.108898 0.241184 1.07127
-0.451525 0.445008 0.228747
0.455633 -0.0418552 0.449276
-0.218914 -0.482107 0.336095
0.0151602 0.701013 0.183868
-0.259672 -0.768497 0.1379
-0.515402 -0.779987 0.114884
-0.759752 -0.145767 0.150405
0.0328912 -0.078786 2.44624
0.439265 0.348031 0.298432
0.41832 0.274867 0.376919
0.0880506 -0.191745 1.39608
0.264743 -0.815885 0.126216
-0.0920207 0.86003 0.124757
0.621346 0.646598 0.119345
-0.172834 -0.203326 1.0599
-0.200623 0.686905 0.176117
-0.214368 0.635255 0.202481
0.0703392 0.426347 0.500001
-0.741709 -0.279118 0.143763
0.28495 -0.877698 0.116049
0.425678 0.689897 0.138055
0.130958 -0.918166 0.115568
-0.428516 0.589929 0.169315
-0.190822 0.903123 0.116041
-0.539821 -0.116306 0.307875
0.216517 0.837243 0.124805
-0.103569 0.0713536 2.0942
-0.118966 0.084412 1.91481
-0.818991 -0.477955 0.113832
-0.326529 0.248511 0.548841
-0.16119 -0.0188159 1.77268
0.244766 -0.739692 0.148392
0.20635 -0.505796 0.314945
0.180175 -0.483518 0.35433
0.225529 -0.131481 1.09028
0.408293 -0.0341822 0.550257
0.39234 0.00643246 0.593381
0.392395 -0.0143005 0.592759
0.253138 -0.161233 0.903553
-0.801384 -0.296046 0.126959
-0.240925 0.819148 0.127053
-0.45292 -0.434943 0.233517
-0.654433 0.463772 0.140658
0.520591 -0.373917 0.2233
-0.232415 -0.437791 0.38443
-0.640123 0.0536104 0.222287
0.516367 0.205978 0.303546
0.507573 -0.27761 0.278907
0.906521 -0.0435498 0.117855
-0.550731 -0.287975 0.238904
0.632382 0.677666 0.115646
-0.496483 -0.071122 0.375424
0.759861 0.279019 0.138412
0.0300661 0.989101 0.112131
-0.601988 -0.757673 0.112742
-0.626835 -0.707869 0.114036
-0.727004 -0.580555 0.115306
-0.00877815 -0.417331 0.532296
-0.534538 0.0530558 0.32624
0.306026 -0.0458963 0.864707
-0.155469 -0.567842 0.268618
0.158897 0.266992 0.859632
0.612332 0.610341 0.124842
0.468974 -0.140596 0.39381
-0.124325 -0.897673 0.118005
-0.817636 -0.22966 0.128071
-0.844326 -0.200228 0.124232
-0.487393 0.641025 0.139688
0.0766477 0.536027 0.320857
-0.11311 -0.652061 0.208288
-0.473294 0.155087 0.380678
-0.506187 -0.19661 0.318944
-0.584177 -0.0169626 0.27288
0.198848 0.557653 0.265398
0.415889 -0.305843 0.35408
0.318047 0.374828 0.390683
0.0999615 0.690683 0.185713
-0.720955 -0.458898 0.126893
-0.0629207 0.51886 0.345215
-0.658082 -0.219395 0.188134
-0.36986 0.670185 0.15354
-0.322327 -0.141645 0.71024
0.938623 -0.150882 0.113666
0.34484 0.846401 0.117068
-0.542888 -0.649591 0.128676
-0.018956 -0.868562 0.124024
0.651164 0.0864344 0.211694
-0.293868 -0.0153128 0.929266
-0.134359 -0.189528 1.25553
-0.0933383 0.409627 0.52619
-0.575354 -0.121377 0.269285
-0.610834 -0.128753 0.236546
0.327881 0.227289 0.576601
0.313602 0.201854 0.646708
-0.209019 0.245519 0.813606
-0.124259 0.66296 0.199865
-0.567968 -0.310633 0.218557
0.409333 -0.135996 0.501514
-0.559653 -0.0788662 0.293123
-0.242531 -0.46771 0.339547
0.346325 -0.861486 0.115491
-0.781714 -0.546831 0.113459
0.828563 0.152225 0.129641
-0.0815883 -0.210739 1.29591
-0.0643148 -0.208555 1.34662
0.0780046 0.632506 0.226134
-0.830803 -0.334933 0.119478
-0.302832 -0.164377 0.734966
0.259524 0.201167 0.791726
0.533055 -0.0610687 0.32704
0.487777 -0.0492579 0.392809
-0.424089 -0.0823973 0.500154
-0.150075 -0.790741 0.139804
-0.25978 -0.939144 0.112481
-0.356825 -0.160724 0.596191
0.190788 -0.863271 0.121296
-0.831181 0.136059 0.129675
-0.687777 0.0628046 0.189899
-0.653038 -0.0527712 0.212891
0.546849 -0.546462 0.150593
0.00578429 0.33924 0.752792
-0.038804 -0.402738 0.562685
0.234347 0.0720331 1.17861
-0.745249 -0.343806 0.135146
-0.140143 0.33491 0.675947
-0.340497 -0.0927664 0.707629
0.047417 0.630596 0.229948
-0.300797 -0.777372 0.131795
-0.3478 0.341579 0.397285
0.194685 0.582621 0.245009
0.897947 0.40933 0.112166
0.286437 0.351912 0.45641
-0.277181 -0.914484 0.113341
-0.0526592 0.233122 1.21513
-0.0806468 0.21157 1.29309
-0.322418 -0.423698 0.332235
0.101339 0.753307 0.155649
0.922874 -0.156515 0.114781
0.387683 0.0893157 0.579513
-0.40843 0.453488 0.248485
-0.742318 -0.144491 0.157242
-0.764245 -0.161324 0.147692
-0.0358608 0.977617 0.11236
-0.0524962 0.95879 0.113112
-0.226372 -0.758985 0.143898
-0.460783 -0.100515 0.423807
-0.580954 -0.772355 0.112785
-0.407356 0.123672 0.513779
-0.586649 -0.351968 0.193827
0.266803 -0.785888 0.132716
-0.294111 -0.232893 0.640379
-0.936025 -0.0779585 0.114505
0.432509 0.539882 0.189259
-0.451139 -0.716375 0.128659
-0.0269123 -0.200185 1.45969
0.380189 -0.099042 0.592112
-0.527465 0.371973 0.219954
-0.697464 -0.165813 0.175402
-0.0822522 0.745505 0.159846
0.135755 0.750424 0.154657
0.48793 -0.240992 0.317483
0.00925483 0.487789 0.396664
0.0668687 0.259049 1.05635
-0.183351 0.759156 0.147717
-0.486617 -0.448605 0.208233
-0.517474 -0.393452 0.216571
0.488251 0.703336 0.126563
0.0529185 0.739965 0.163452
0.5753 0.604338 0.131584
0.671488 0.364119 0.154153
-0.152189 -0.380333 0.55045
-0.236081 -0.128849 1.0492
0.234049 0.491665 0.317097
0.237061 0.691319 0.168521
-0.412869 -0.211177 0.437843
-0.621847 -0.395387 0.165688
-0.608876 -0.628006 0.122934
0.773854 -0.180418 0.143055
-0.122571 0.607434 0.240333
-0.210885 -0.301841 0.660559
0.294423 -0.02032 0.925296
0.304459 -0.0952668 0.826725
-0.209626 -0.513271 0.30531
0.269725 0.144121 0.879643
0.191721 0.0240393 1.52445
0.590186 0.00951041 0.267076
0.666216 0.0791273 0.202193
0.688969 0.0587485 0.189453
0.473841 -0.171682 0.37176
0.448199 -0.138779 0.428086
-0.566207 -0.737216 0.115374
-0.536252 -0.73156 0.117916
0.175525 -0.310665 0.695021
-0.371693 -0.0466664 0.641979
-0.140505 -0.892567 0.118389
-0.598016 -0.216806 0.227057
-0.151691 -0.0877609 1.66511
0.161928 0.187236 1.16493
0.071363 0.173434 1.56807
-0.834581 0.0617893 0.130969
0.0318169 0.403692 0.561809
0.419049 -0.784503 0.120418
-0.0754299 0.973643 0.11241
-0.0492616 0.988307 0.112123
-0.104661 -0.72313 0.168605
0.181781 -0.813157 0.131871
-0.540393 -0.479866 0.172523
-0.0356733 0.554839 0.303489
0.322101 -0.0343121 0.808179
0.0576575 -0.383309 0.605957
-0.481278 -0.146832 0.372926
0.243799 -0.58894 0.226034
-0.187214 -0.400335 0.479633
-0.239625 -0.223772 0.793496
0.82978 0.334836 0.119642
-0.204525 0.50954 0.311659
0.521737 0.793094 0.113751
-0.752943 -0.309988 0.137005
0.306189 -0.920923 0.112619
-0.242085 0.568825 0.241652
-0.157874 0.679145 0.186067
-0.861085 -0.0904454 0.124592
0.723495 -0.101535 0.168668
0.441151 -0.0533724 0.4747
0.0381685 -0.0517258 2.60587
-0.0785246 -0.885727 0.120489
0.732429 0.493488 0.121474
0.514257 0.399983 0.215526
0.644604 0.0446086 0.219436
-0.0640488 0.416011 0.524436
-0.0117206 0.990937 0.112108
0.270756 -0.559295 0.238979
-0.691346 -0.467282 0.131586
-0.0455492 0.303106 0.876752
-0.36068 -0.887995 0.113198
-0.654666 -0.720267 0.112517
0.264737 0.432129 0.367628
0.453656 0.419788 0.241761
0.269221 0.510991 0.279908
-0.0989356 -0.160822 1.55858
-0.129359 -0.218597 1.12828
0.00830333 0.813634 0.137169
-0.289295 -0.924518 0.112699
0.713117 0.579669 0.116477
-0.308812 0.0257746 0.862876
-0.676348 -0.276438 0.168621
-0.651522 -0.294833 0.176351
-0.35025 -0.378736 0.354572
-0.751179 -0.0751166 0.157796
0.383014 0.350491 0.349986
-0.281506 0.714353 0.152626
0.372846 0.837349 0.116747
-0.446539 -0.017514 0.469656
-0.0891258 0.983853 0.112142
0.808943 0.0160555 0.138505
0.240198 0.574769 0.237644
0.00252961 -0.606782 0.251633
-0.117481 0.718465 0.169881
0.33073 0.774726 0.129633
0.294992 -0.149241 0.783727
0.660214 -0.000137486 0.209376
0.638963 0.318325 0.177026
-0.601681 -0.0512734 0.254247
0.077264 -0.0565989 2.35973
0.140262 -0.0679718 1.82823
-0.36285 0.379872 0.341668
-0.0734414 0.941321 0.114136
0.246083 0.466407 0.338928
0.822658 0.287679 0.123498
0.247523 0.848094 0.121414
-0.320344 -0.182786 0.658698
-0.533991 -0.46761 0.179168
0.562442 -0.201351 0.260263
-0.719532 0.0312697 0.173729
0.168555 0.815 0.132114
-0.895802 -0.00308313 0.119466
-0.595462 -0.0903827 0.255703
-0.230264 0.660514 0.184813
-0.506207 0.501885 0.177515
0.606529 0.710101 0.114966
-0.535421 -0.102441 0.316388
0.218441 -0.247361 0.785838
-0.334574 -0.822212 0.120709
-0.203731 0.701692 0.168629
0.49346 -0.0934224 0.374363
-0.071994 0.0839613 2.23009
0.152625 0.483807 0.366773
-0.266308 0.0184774 1.05921
-0.0244662 -0.753985 0.158006
-0.423134 0.695602 0.137024
-0.888311 -0.432706 0.112145
-0.691373 -0.306463 0.157253
-0.578685 -0.135821 0.263112
0.118796 0.0263493 2.13034
0.517948 -0.0621092 0.346597
0.688189 0.341488 0.152425
0.227408 0.680022 0.175376
0.13342 -0.125456 1.60236
-0.636188 0.02968 0.226439
-0.660957 -0.247753 0.181285
0.115691 -0.0554779 2.07114
0.325317 0.756022 0.134537
-0.107634 0.873987 0.12188
-0.420669 0.44311 0.247912
0.371253 0.379201 0.334583
-0.214877 0.775729 0.139788
-0.372545 -0.401672 0.313089
-0.0673655 -0.359873 0.666671
0.265938 0.262653 0.644249
-0.777333 -0.00768442 0.149028
0.184232 0.103023 1.39528
-0.444094 0.476734 0.215488
-0.365431 -0.53128 0.220426
-0.419938 0.0757444 0.51153
-0.251917 0.0517592 1.11119
-0.485803 -0.388677 0.238346
0.668152 0.617859 0.117548
0.0846197 0.755497 0.155625
-0.117443 -0.800749 0.138451
0.680668 0.257479 0.170024
-0.1381 -0.371269 0.583765
0.222335 -0.111973 1.15697
0.17517 -0.249995 0.881955
0.597004 0.300525 0.203851
-0.0414179 0.889546 0.120269
-0.483411 -0.417581 0.225011
-0.0895927 -0.394256 0.563321
0.294767 0.767016 0.134907
0.761026 -0.173111 0.147917
0.0357845 0.12469 2.05891
-0.201982 -0.871419 0.119665
0.479423 0.725834 0.123819
-0.584572 -0.255134 0.225736
0.161672 0.501714 0.339171
-0.588204 -0.181644 0.243844
-0.757324 -0.0387955 0.156352
0.355758 0.239994 0.506404
-0.303897 0.146864 0.759054
0.743567 -0.178189 0.153861
-0.280209 -0.398867 0.397337
-0.0769477 -0.377786 0.611512
0.221139 0.223377 0.845224
-0.731736 -0.203337 0.155922
0.0903648 0.0856426 2.10501
0.225741 0.0440023 1.27033
0.270142 0.787853 0.131963
-0.555199 -0.146078 0.283508
-0.527854 -0.130109 0.318164
-0.453818 0.0429955 0.452445
-0.207084 -0.454297 0.378766
-0.354964 0.157019 0.604542
-0.163959 0.274003 0.825642
-0.22115 0.289748 0.671508
0.393563 -0.0734186 0.57314
0.0727943 -0.162643 1.64195
-0.318517 0.510848 0.255921
0.060445 0.499633 0.372803
-0.390254 0.000454338 0.598881
0.45882 -0.355289 0.276981
-0.128049 0.798731 0.138548
-0.0975817 -0.576395 0.272723
-0.625097 -0.720674 0.113462
-0.0597793 -0.163694 1.67309
-0.863839 -0.0533004 0.124665
-0.0948947 -0.145733 1.67573
0.377862 0.0178583 0.631666
-0.685508 -0.236907 0.171233
-0.30582 0.59269 0.20482
-0.400248 -0.321096 0.35845
-0.115694 -0.327048 0.72716
-0.0356652 -0.151048 1.83308
0.0972782 0.258756 1.01211
0.257755 0.0598824 1.07131
0.159825 0.655087 0.199978
-0.0812902 -0.538058 0.317581
0.0834212 -0.00698935 2.4602
-0.660339 -0.272856 0.176695
-0.65962 -0.164532 0.196475
-0.462337 -0.353705 0.275209
-0.376511 -0.418698 0.295456
-0.780434 -0.0710878 0.146792
0.487753 -0.316231 0.276011
0.506967 -0.342007 0.247398
0.110642 0.494067 0.368329
-0.291167 -0.838427 0.120748
0.348502 -0.136373 0.642773
-0.474238 0.127493 0.391537
0.666659 0.424309 0.144518
-0.229502 -0.856517 0.120879
0.227014 -0.164758 0.992028
0.276897 -0.167904 0.808646
0.504703 0.19935 0.319422
-0.524851 0.500662 0.171199
0.206237 -0.0119183 1.42656
-0.522021 -0.217019 0.292985
-0.468648 -0.303445 0.300846
-0.468934 -0.213728 0.355334
0.0286574 0.635463 0.227032
-0.230636 0.338456 0.550714
0.340287 -0.755097 0.133151
-0.350914 -0.00896661 0.713479
-0.176636 -0.147618 1.26923
-0.163461 -0.418745 0.464562
-0.248179 -0.510524 0.290372
-0.565325 -0.691034 0.119906
-0.558394 -0.333258 0.216425
0.894447 0.190752 0.116991
-0.531601 -0.749474 0.116504
0.622308 0.0693133 0.235003
-0.457385 0.489493 0.202817
0.195106 0.610008 0.223691
-0.200801 0.840489 0.124928
-0.238096 0.247234 0.7395
0.0390634 -0.109014 2.1844
0.229125 0.170938 0.966804
-0.667428 -0.0676961 0.202208
-0.629235 -0.0875521 0.227668
-0.220585 -0.389788 0.46776
0.199071 0.594572 0.23432
0.296159 -0.769762 0.134081
0.587541 0.349732 0.194081
0.0640637 0.156987 1.712
-0.365496 0.610036 0.178444
-0.356962 -0.316466 0.414495
0.377676 -0.0816135 0.609299
0.639049 -0.101037 0.218825
0.221271 0.188946 0.943666
-0.448574 -0.187147 0.399593
-0.338632 0.331567 0.419862
0.0900281 -0.0485488 2.30286
-0.139825 0.303165 0.77193
-0.220382 0.104981 1.18457
-0.513797 -0.274914 0.274645
0.611595 0.661566 0.11874
0.919063 -0.199077 0.114434
0.396946 -0.105355 0.547985
0.331117 -0.121921 0.707628
-0.343514 -0.731702 0.138753
-0.423228 -0.22126 0.413625
-0.396438 -0.352711 0.334623
0.692825 -0.258315 0.164557
0.0626154 0.135965 1.8806
-0.249523 0.68427 0.169722
-0.572097 -0.708626 0.117429
-0.630348 -0.681294 0.11551
0.285043 0.713542 0.152379
0.255097 -0.728319 0.15114
-0.66424 -0.0993201 0.201705
-0.345699 0.475521 0.26944
0.171088 -0.327715 0.655903
-0.139616 -0.558316 0.282002
-0.0153642 -0.167306 1.7247
0.0875259 0.93539 0.114496
-0.319041 0.00552611 0.826408
0.444401 -0.171363 0.415846
0.189285 0.546445 0.279156
0.275839 0.660187 0.176177
-0.0418385 -0.466679 0.429265
0.127395 0.0723893 1.90905
0.266596 -0.247461 0.67377
-0.0964922 -0.535244 0.317901
-0.677784 -0.0421698 0.196942
0.142119 0.736608 0.159791
0.506364 -0.102494 0.353498
0.636791 0.430723 0.152232
-0.131142 -0.831731 0.129727
-0.612107 -0.313338 0.191722
-0.820014 -0.213038 0.128504
-0.460448 0.606559 0.15512
0.646485 0.574989 0.124734
0.606097 0.479173 0.150786
0.389153 -0.819949 0.11785
0.912694 0.366063 0.112227
0.267951 0.289054 0.588858
0.155596 -0.824462 0.130444
-0.323315 0.591648 0.200039
-0.839993 0.0435528 0.12993
0.751567 -0.133906 0.154334
-0.400861 0.578399 0.182454
-0.397993 0.533391 0.205781
-0.0250784 0.328024 0.789436
0.31569 -0.186981 0.664437
-0.166244 -0.405172 0.487741
-0.575691 -0.636572 0.126102
-0.621711 0.12108 0.229187
-0.577296 0.0969072 0.27194
-0.181782 0.305342 0.699676
-0.0912944 0.363445 0.641622
0.265468 -0.640324 0.188442
-0.465481 0.428425 0.229754
-0.488366 0.497859 0.185999
-0.527337 0.483421 0.176218
0.481639 -0.126551 0.38079
0.521295 -0.194057 0.303222
0.0121548 0.62162 0.23865
-0.855155 -0.209422 0.121926
0.774251 0.066926 0.149111
0.645087 -0.063052 0.217974
0.70759 -0.0600611 0.178963
0.222933 0.129497 1.10752
0.222884 -0.0471061 1.28416
-0.488037 -0.280214 0.295816
0.0240696 -0.243675 1.18017
-0.146269 -0.148038 1.41588
-0.530972 -0.163143 0.304105
-0.853159 -0.110066 0.125685
-0.615052 -0.0600931 0.241824
0.00466984 0.101335 2.31034
0.210557 -0.137985 1.14096
-0.389823 0.444971 0.265774
0.353438 -0.791485 0.124393
-0.378301 0.683493 0.147654
-0.17659 0.478806 0.362441
-0.268066 0.571505 0.230906
-0.657627 -0.191668 0.193292
0.160216 -0.51975 0.317904
0.184087 -0.465317 0.377087
-0.246829 -0.435364 0.376933
-0.794205 -0.0701633 0.142185
-0.397706 -0.494064 0.228537
0.724188 -0.0538887 0.170757
-0.558142 -0.387271 0.196809
-0.594869 -0.324787 0.197809
-0.230589 0.477694 0.334858
0.107762 -0.0926277 1.94861
0.971483 -0.15299 0.112221
0.23288 0.102637 1.12596
0.289451 0.789644 0.129925
0.334307 0.722784 0.142484
0.673857 0.467768 0.135289
-0.55504 0.600517 0.136013
-0.429368 0.541671 0.189581
0.351127 -0.77182 0.128347
0.159662 -0.631705 0.215471
0.238012 -0.49021 0.316539
0.636076 0.362307 0.167963
0.117762 0.591816 0.254628
-0.174103 0.823467 0.129808
-0.243247 -0.701425 0.163202
-0.303527 -0.809326 0.124875
0.557479 0.564744 0.143414
-0.285168 0.837688 0.121155
0.0568134 -0.2129 1.33216
0.06478 -0.123584 1.97078
0.277201 0.301103 0.551354
-0.174321 0.787788 0.139186
0.139127 -0.575999 0.264857
-0.0698464 -0.296067 0.88643
-0.161869 -0.390854 0.519674
0.109469 -0.949392 0.11335
0.525703 -0.125347 0.32212
0.260272 0.12119 0.961457
0.0271621 -0.275994 1.00777
-0.672989 -0.217123 0.180597
0.183599 0.0728262 1.4924
0.259308 0.00853499 1.09874
-0.655298 -0.668885 0.114743
-0.58628 -0.605369 0.129567
0.0878036 0.609437 0.243728
0.00276257 0.560921 0.297897
-0.34042 0.101968 0.699678
0.0375892 -0.186083 1.5503
-0.210865 -0.469195 0.356653
-0.349708 -0.530634 0.227548
-0.327444 -0.756739 0.134146
-0.352642 -0.82656 0.119063
-0.113057 -0.421272 0.491388
-0.438581 0.070896 0.474855
-0.275214 0.0828069 0.960011
0.963434 -0.0939096 0.112725
0.05826 -0.743072 0.161892
0.0432977 -0.759924 0.155229
-0.48723 -0.343383 0.261531
0.350661 0.0214559 0.712715
-0.509242 -0.130442 0.341156
0.499074 -0.354981 0.246596
-0.218501 0.465857 0.356451
-0.312206 0.424676 0.339291
0.143366 -0.259584 0.918685
0.180553 -0.296501 0.726418
0.501693 -0.179194 0.331937
0.446571 -0.265031 0.349795
-0.877619 -0.221451 0.118176
-0.487348 -0.581131 0.156336
0.0890137 0.907053 0.117372
0.673847 0.380585 0.15031
0.384287 0.214407 0.483364
-0.358948 0.068281 0.66887
-0.123142 -0.549793 0.295108
-0.45545 -0.415017 0.243398
-0.957368 0.00158519 0.113249
-0.530694 0.436369 0.192079
-0.496899 -0.184875 0.335264
0.803965 0.202404 0.132917
-0.15393 0.60587 0.23584
-0.222928 0.824171 0.127074
-0.112058 -0.536179 0.313154
0.274562 0.00246494 1.02097
0.2727 0.0902816 0.960786
0.166254 -0.208594 1.06055
0.205723 -0.158012 1.09877
0.046736 -0.347866 0.713608
-0.186403 -0.875558 0.119567
0.185129 -0.605312 0.229483
0.253861 -0.1472 0.932607
0.355404 -0.10254 0.655643
-0.392121 0.0205036 0.592739
-0.0628749 0.0434371 2.51753
0.126157 -0.95233 0.113063
-0.078367 0.803926 0.138901
-0.60455 -0.273986 0.206965
-0.445832 0.0893065 0.454687
-0.736987 -0.542507 0.116925
0.048774 0.61094 0.246204
0.270172 0.703166 0.15848
0.150763 0.136804 1.44848
-0.718851 -0.391809 0.135743
0.693023 0.403213 0.140751
-0.899667 -0.373299 0.112495
0.474289 -0.00873608 0.419094
0.213848 0.783254 0.137694
0.180915 0.74486 0.153123
0.36044 -0.277907 0.453692
0.348237 0.15681 0.621566
0.911282 -0.0613062 0.117128
0.898004 -0.167813 0.11709
0.419103 -0.0815118 0.511075
-0.207642 -0.147592 1.12456
-0.293199 -0.741695 0.142107
0.143179 -0.473155 0.386366
0.00870117 0.779626 0.148188
0.213206 -0.0803959 1.28369
0.652606 0.0735811 0.211799
-0.439146 -0.468661 0.222359
0.348557 -0.0604484 0.704867
-0.494076 0.568265 0.158595
-0.558518 0.549741 0.146775
0.183642 0.232421 0.920503
-0.487658 -0.174214 0.351851
0.59433 0.467892 0.157181
0.245409 0.816945 0.127236
-0.570804 -0.176756 0.26015
-0.564348 -0.133419 0.277478
-0.0178374 0.558973 0.299795
-0.247232 0.44823 0.360203
-0.188112 -0.560988 0.265714
-0.217753 0.260834 0.751121
0.0955992 -0.735773 0.16339
-0.579498 -0.298077 0.215402
0.383022 -0.149195 0.547059
0.0698682 -0.0878528 2.21596
0.690212 0.528752 0.123879
-0.306323 0.409139 0.361353
-0.278981 -0.372258 0.435226
0.195165 -0.288534 0.722361
-0.698159 -0.292419 0.156975
-0.755597 0.013132 0.15745
-0.768285 0.0531136 0.151718
-0.197737 0.734619 0.155392
0.272574 0.632085 0.191276
0.250126 -0.637131 0.193641
-0.610206 -0.160132 0.231202
-0.013217 0.884813 0.121178
-0.173744 0.365736 0.561911
-0.15776 -0.325833 0.67904
0.125736 -0.322292 0.730256
-0.476485 -0.550468 0.169875
0.165725 -0.735851 0.158065
0.0935661 0.0447604 2.29149
0.275135 0.222672 0.704267
0.202351 -0.209044 0.944018
0.0965795 0.206902 1.28067
-0.444319 -0.322643 0.311524
-0.350352 -0.34834 0.386855
0.330159 0.688313 0.154335
0.280615 0.830581 0.122556
0.444575 -0.339349 0.299689
0.485184 -0.0763045 0.391367
-0.52228 0.003947 0.345648
0.71529 0.358022 0.141353
-0.687388 -0.393607 0.143892
-0.184734 -0.812218 0.131946
-0.147882 -0.834098 0.128544
0.58108 0.679027 0.119779
-0.405089 -0.797757 0.119649
-0.955541 -0.0491612 0.113278
0.195641 -0.435916 0.413216
0.274772 0.570535 0.229289
0.205622 0.721424 0.159814
0.397588 0.229682 0.446136
-0.356225 0.110709 0.64641
0.319273 -0.659852 0.167477
0.850751 -0.013011 0.127723
-0.0120403 0.339119 0.752826
-0.301857 -0.243869 0.604792
-0.30135 -0.482863 0.288739
0.26538 -0.0403081 1.0516
0.259398 -0.097231 1.0091
0.321595 -0.15634 0.692937
-0.733337 -0.3233 0.140851
-0.871137 -0.339048 0.114908
-0.600596 -0.656292 0.120421
-0.553814 -0.703837 0.119486
0.173559 -0.575852 0.256488
0.514186 -0.167526 0.321689
-0.277321 -0.862114 0.118099
-0.229393 -0.806215 0.130638
-0.0601183 -0.459862 0.437791
-0.460056 -0.277206 0.326293
0.276547 0.109532 0.915291
-0.526447 -0.182162 0.302279
-0.602298 -0.0210423 0.255363
0.181104 -0.0704875 1.51605
-0.325589 0.356822 0.404504
-0.47801 0.233645 0.332763
0.29536 -0.802284 0.126824
0.244072 -0.794536 0.132396
0.373129 -0.205721 0.512879
0.77966 0.262003 0.13468
-0.024493 0.4229 0.51832
-0.633925 -0.266599 0.191654
-0.266659 -0.640544 0.188033
-0.188385 -0.158988 1.17107
0.358901 -0.830439 0.118198
0.0512089 -0.774266 0.149523
-0.378125 -0.480034 0.24784
-0.5984 -0.368965 0.182823
0.214781 -0.369291 0.510441
0.361788 0.368508 0.353855
-0.472316 0.189042 0.364742
0.400297 0.13395 0.521706
0.683397 0.512357 0.126996
0.657865 0.558661 0.125136
0.723567 0.481266 0.123987
0.0197731 -0.671537 0.201583
-0.381357 0.428545 0.283992
-0.215315 -0.358985 0.529587
0.522782 -0.0224448 0.344416
-0.765656 -0.18745 0.145172
-0.726107 -0.185123 0.160136
-0.888929 0.0375131 0.120386
0.772224 -0.210289 0.141222
0.148272 -0.591441 0.248993
0.637399 0.410904 0.156352
0.0653643 0.547448 0.308934
0.122589 0.0907247 1.85735
-0.209724 -0.751364 0.148042
0.486678 -0.140711 0.367838
-0.266387 0.306209 0.559551
0.106842 0.284345 0.888391
0.0298666 -0.216674 1.34322
0.856384 0.0120483 0.126493
-0.1659 -0.593341 0.243422
0.397669 0.344633 0.340447
0.265471 0.332375 0.514548
0.0986643 -0.965768 0.112601
-0.243474 0.667526 0.178772
0.125196 0.108332 1.7448
0.117455 0.141689 1.59499
-0.0585262 -0.178157 1.56853
-0.62533 0.104043 0.22874
-0.603012 0.0656248 0.251814
-0.650782 -0.0196831 0.215817
0.511468 -0.56274 0.155528
-0.361869 0.625587 0.172483
-0.449403 -0.387632 0.264029
0.352548 -0.15588 0.611905
0.428172 -0.114577 0.47698
-0.0375598 -0.342079 0.736458
-0.0936117 -0.345692 0.691019
0.714307 0.468051 0.127031
0.527635 0.224359 0.284295
0.105236 0.933585 0.114494
0.113076 -0.22224 1.15415
0.483695 0.0526344 0.398784
0.569408 0.28109 0.227936
-0.273312 -0.701481 0.158668
-0.472551 0.497401 0.192653
-0.471917 -0.339924 0.275728
0.286094 0.260701 0.607525
0.341813 -0.347775 0.396969
0.133674 0.585282 0.257523
-0.701319 0.0360396 0.183261
0.113466 -0.0407394 2.14062
0.176641 -0.0367998 1.6235
0.176635 0.114984 1.39726
-0.212037 0.30699 0.646227
-0.176981 0.321258 0.664781
-0.364275 0.336524 0.383966
-0.399822 0.384525 0.304997
-0.0941604 0.757924 0.154203
-0.666032 -0.632566 0.116538
-0.594279 -0.680622 0.118378
-0.558086 -0.80031 0.112415
0.0897749 0.720644 0.170764
0.517549 -0.288977 0.264687
-0.300083 0.112967 0.820266
-0.859529 4.06951e-05 0.125853
0.0558478 -0.193809 1.46162
0.802619 0.284237 0.127568
0.891669 0.283158 0.114836
-0.294668 0.469946 0.304977
-0.0127251 0.532608 0.331856
0.0755736 0.189041 1.44835
-0.834514 -0.118352 0.12953
-0.0683197 -0.680794 0.193774
-0.130415 -0.70244 0.17672
0.659246 0.575195 0.1229
-0.136363 0.766061 0.148744
-0.454789 -0.338669 0.291122
-0.511918 -0.318284 0.25529
0.163852 -0.440481 0.426718
0.782024 0.170484 0.141187
0.936444 0.18244 0.113449
0.493528 0.734274 0.121192
0.939111 -0.192287 0.11319
0.972446 -0.13082 0.112259
0.949911 -0.104138 0.113347
0.592264 -0.078787 0.260185
0.0396239 -0.0207986 2.72513
0.0653083 -0.352894 0.688631
-0.319891 0.665727 0.164915
0.390936 -0.646894 0.157417
0.502471 -0.513544 0.174634
0.698245 0.358375 0.146353
0.679433 0.285775 0.165594
0.639077 0.276711 0.186529
-0.280752 0.41909 0.371127
-0.282673 0.0998192 0.904871
-0.303661 -0.417965 0.353489
-0.123184 -0.36164 0.621007
-0.166165 -0.375681 0.547732
0.315454 0.697332 0.153586
0.0916748 -0.219665 1.22064
0.918686 -0.127092 0.115575
0.265239 0.649475 0.183675
0.17911 0.560713 0.268719
-0.810695 0.115361 0.135705
-0.168645 0.543514 0.28884
-0.14061 0.511536 0.334714
-0.0701926 0.0189551 2.54608
-0.199174 -0.408801 0.454588
-0.418112 -0.390411 0.285686
-0.106921 -0.391203 0.560282
-0.077488 -0.430562 0.488594
-0.107966 0.038131 2.19479
0.627091 0.459224 0.149076
0.0230416 0.711359 0.17815
0.0727686 0.683542 0.191873
0.302363 0.632424 0.183991
-0.699081 0.167009 0.174512
-0.729744 -0.112895 0.164995
-0.757722 -0.0897852 0.154473
0.734451 -0.154971 0.159593
-0.146976 0.642129 0.21034
0.222529 -0.358254 0.522552
-0.246991 0.365563 0.481134
0.261455 -0.053007 1.06018
-0.308247 0.256059 0.572293
-0.407906 -0.467992 0.239444
-0.29746 -0.937061 0.11223
0.19921 -0.175128 1.06817
-0.379381 0.030549 0.625041
-0.381498 0.334812 0.366453
0.0769049 0.0225532 2.48872
0.289602 0.242343 0.633435
0.236432 -0.106806 1.09865
-0.74544 0.118154 0.157875
-0.814294 0.142427 0.133566
-0.0890675 0.393418 0.565668
-0.42544 0.030897 0.511863
-0.0803881 0.0434113 2.39718
0.166356 -0.946283 0.11308
-0.106988 -0.896836 0.118436
-0.113322 0.857095 0.12485
-0.588282 -0.383055 0.183429
-0.448815 0.538953 0.183772
0.282951 -0.723335 0.149261
0.916774 0.332452 0.112451
0.0203585 -0.11151 2.20597
0.60346 0.1147 0.245025
-0.229261 0.599669 0.222545
0.622788 0.711496 0.114026
0.709409 0.658671 0.112731
0.295579 0.680093 0.163575
0.245865 0.72192 0.154657
-0.165702 -0.610755 0.229637
-0.642604 -0.163199 0.20746
-0.581762 -0.208023 0.241946
-0.797094 -0.0483597 0.14176
0.416355 0.769107 0.122936
-0.724785 -0.345732 0.140368
0.634794 0.532041 0.133167
-0.368691 -0.59882 0.182738
0.370254 0.280102 0.436948
0.0625343 -0.408433 0.542128
0.588212 0.18026 0.244176
0.214066 -0.0610577 1.31756
0.556627 -0.0486322 0.30033
0.592537 -0.0476676 0.263032
0.785965 0.107939 0.143474
0.189538 0.19238 1.04366
0.0969529 0.511577 0.347843
-0.131244 -0.253029 0.970922
0.248469 -0.349258 0.507416
-0.747129 -0.238968 0.146518
-0.665014 -0.0186721 0.205934
-0.705566 0.0186515 0.181291
0.197074 0.0388232 1.46838
0.164912 0.0630622 1.6546
0.0639295 0.0975472 2.17591
0.238606 0.749734 0.145688
-0.218832 0.483083 0.334982
-0.159238 0.479414 0.369944
-0.76028 -0.336398 0.132347
-0.678374 -0.0127675 0.197298
-0.107941 0.25313 1.01803
-0.201635 -0.54769 0.273686
-0.107169 -0.476434 0.395893
-0.158782 -0.766239 0.147178
0.318447 0.148941 0.711917
0.269649 0.185255 0.796131
-0.616652 -0.0437447 0.241634
-0.177744 0.64221 0.205208
-0.183935 0.66784 0.18872
-0.613755 -0.343593 0.182646
-0.828998 -0.0669068 0.132247
0.47858 0.647435 0.139729
-0.604852 0.503902 0.145529
0.103334 -0.182654 1.40367
0.293754 0.108161 0.850193
0.522613 0.0634134 0.340174
-0.0558863 0.27755 0.979849
-0.555296 0.619916 0.132111
0.0972173 -0.310856 0.801363
0.574823 0.112636 0.271537
0.151753 0.519654 0.320947
-0.878176 0.0764931 0.121716
0.484892 -0.296585 0.289566
0.44085 0.218508 0.390067
0.502242 0.238231 0.303647
0.121238 0.763086 0.150748
-0.154093 0.869244 0.12151
-0.150565 -0.601547 0.240027
-0.0676381 -0.661892 0.20588
0.500643 0.467806 0.193193
-0.344115 0.284037 0.471067
0.0921408 -0.947273 0.113591
-0.836783 0.0240397 0.130913
0.553259 -0.12583 0.290696
0.368991 0.306844 0.409658
0.242437 0.800122 0.131167
-0.348501 0.446653 0.291685
-0.179594 0.350167 0.590565
0.362727 0.0346452 0.671796
0.285058 0.136682 0.838089
0.247983 0.0248358 1.15534
-0.0389388 -0.301821 0.885756
-0.0148431 -0.278708 0.998946
-0.0551842 -0.258979 1.07081
-0.242253 0.00214058 1.19551
-0.281752 0.0457577 0.968973
-0.357414 0.13854 0.617605
-0.156891 -0.308401 0.730021
0.315432 0.257825 0.555934
-0.6269 -0.24853 0.19994
-0.402846 -0.418103 0.276745
-0.34889 -0.424115 0.311499
-0.698488 -0.367423 0.144864
-0.790395 -0.212334 0.135831
-0.515421 0.0233536 0.354425
0.640777 0.256342 0.19019
0.693703 0.440225 0.13492
0.602819 0.410837 0.169155
-0.210626 -0.804089 0.132381
-0.218661 -0.869218 0.119388
0.336862 -0.851901 0.116815
-0.272551 -0.529028 0.262439
0.0723165 0.316932 0.803972
0.073163 -0.753792 0.156768
-0.628131 0.529382 0.134981
-0.0992679 -0.130907 1.7558
-0.713793 0.151366 0.169101
0.234674 -0.216335 0.825979
0.648415 0.133532 0.208136
-0.518181 0.39352 0.216148
0.450244 0.0832343 0.448617
0.437171 0.0551578 0.482271
-0.250278 -0.785787 0.134101
0.31711 0.0459666 0.821489
-0.579687 0.030383 0.276898
-0.572384 0.0786653 0.279674
0.313177 0.485353 0.279808
0.168366 -0.119851 1.42608
0.124264 -0.0803217 1.89646
0.362448 0.00530224 0.677545
0.369225 -0.798769 0.121991
-0.0933867 0.879126 0.121307
0.444185 -0.207884 0.392595
0.505957 -0.262019 0.288131
-0.180863 -0.118901 1.35863
-0.716041 -0.329675 0.145165
-0.732464 -0.289105 0.145443
-0.0472072 -0.657849 0.209835
0.870136 0.387502 0.113542
-0.417477 0.504822 0.212913
-0.430556 0.471702 0.225095
-0.417201 0.573399 0.179504
0.185599 0.823073 0.129317
-0.0974843 0.823369 0.132913
-0.796139 -0.283673 0.128996
0.823417 0.178522 0.129617
-0.148966 -0.0309627 1.85961
0.191125 -0.512216 0.314428
-0.47148 -0.440261 0.220231
0.614706 0.514541 0.140809
-0.236868 -0.451839 0.362721
-0.216314 -0.126712 1.14695
-0.830588 -0.226315 0.125594
0.426142 -0.226878 0.404991
0.297134 0.479751 0.294091
0.203755 -0.242493 0.835773
-0.696195 0.0784369 0.184191
-0.628454 0.0480233 0.23162
-0.551166 -0.103615 0.297997
-0.28668 0.150828 0.808164
0.597257 0.657575 0.120632
0.847312 -0.228132 0.122428
0.476401 -0.536861 0.174962
0.243403 -0.264703 0.686682
0.198596 -0.228357 0.892937
-0.121449 0.763937 0.150444
-0.647706 -0.68654 0.114153
-0.063717 -0.311883 0.829427
0.311379 -0.08031 0.81701
-0.178096 -0.525889 0.304368
0.221288 0.633879 0.201879
-0.71271 -0.286494 0.152479
0.465678 -0.0747084 0.423804
0.463032 -0.123722 0.410777
0.192679 0.508469 0.31802
-0.17028 -0.85345 0.123741
0.646194 0.00355338 0.219385
0.617359 0.0351067 0.241531
0.128896 0.708264 0.173918
-0.649173 -0.206622 0.195588
0.638456 0.616766 0.120721
0.68623 0.589906 0.118201
-0.641427 -0.222554 0.197033
0.93844 -0.132654 0.113856
0.241058 0.782997 0.135588
0.831341 0.408636 0.115702
-0.550701 -0.76274 0.114389
0.475743 0.0662047 0.409054
0.979461 -0.0981589 0.112207
0.667456 -0.0829309 0.201056
0.367849 -0.036081 0.656391
-0.668521 0.212885 0.183641
-0.897164 -0.076197 0.118794
0.207706 -0.30173 0.666086
-0.123044 0.458074 0.419195
0.505884 0.484071 0.184443
0.162401 -0.564735 0.26971
-0.583158 -0.693305 0.11806
0.404525 0.268244 0.400752
0.792714 -0.107732 0.141326
-0.301297 0.503883 0.270223
0.117392 0.881064 0.120527
-0.354165 0.0110644 0.702907
0.285913 0.18146 0.755168
-0.724283 -0.253779 0.15276
-0.392861 -0.296313 0.389986
0.390454 0.404709 0.29627
-0.283653 0.770719 0.135029
0.523336 -0.0472805 0.341418
0.505121 -0.0519779 0.366146
-0.481787 -0.0264665 0.405361
0.197797 0.10966 1.29471
0.602595 0.443402 0.160669
0.423708 -0.82033 0.116013
0.422902 -0.845804 0.114004
-0.30496 -0.793594 0.127863
0.1769 -0.859895 0.122366
0.643646 0.687785 0.114296
0.455981 -0.532148 0.184053
-0.370656 0.550438 0.207056
-0.358767 0.522882 0.228631
0.0417581 0.304891 0.871668
-0.427834 -0.353046 0.304985
-0.292864 -0.498511 0.279295
0.330085 -0.168212 0.653989
-0.856481 -0.242608 0.120327
-0.558676 -0.608381 0.133755
0.509992 -0.127775 0.341034
-0.0737582 0.260778 1.0385
0.0410417 0.64867 0.216612
0.578077 0.0481191 0.277338
-0.0629392 -0.515522 0.349712
-0.404057 0.0852619 0.542647
0.179819 0.0356237 1.60089
-0.452801 -0.25211 0.351262
-0.375307 0.103308 0.601473
-0.198225 -0.190262 1.02014
-0.551442 -0.46875 0.17198
0.797757 -0.202347 0.134553
-0.604314 0.39192 0.173732
-0.425067 0.456665 0.236903
-0.447608 0.429393 0.239879
-0.869139 -0.36929 0.114124
-0.467884 -0.0371484 0.427829
0.582102 0.386654 0.185186
-0.239465 -0.773239 0.138417
0.105025 0.17888 1.42064
-0.670599 -0.232455 0.179179
-0.269561 0.914141 0.113516
0.05687 -0.285617 0.942651
0.25358 -0.780915 0.135086
-0.337533 -0.633282 0.175077
0.374601 0.393189 0.318837
0.337803 0.378052 0.367281
0.0916812 0.117056 1.89007
0.364875 0.499212 0.241543
-0.0320296 0.365341 0.664784
-0.382417 -0.438944 0.275113
0.288438 0.628078 0.189643
-0.187268 0.703147 0.170041
-0.0527367 0.426217 0.505522
0.102493 0.96333 0.11269
0.869972 -0.217491 0.119342
-0.515306 0.379236 0.224165
-0.583033 0.451651 0.165422
0.237226 0.141049 1.01398
0.247806 0.237237 0.740014
-0.116414 -0.285444 0.869449
0.122247 -0.545716 0.29974
-0.739804 -0.265358 0.145966
-0.706851 -0.181065 0.169084
0.136995 0.528537 0.315312
-0.170984 -0.556296 0.275335
0.153266 0.0969216 1.6164
0.457379 0.346692 0.283718
0.183404 -0.76187 0.14679
-0.0182785 0.77859 0.148509
0.154032 0.746202 0.154926
0.520323 -0.345533 0.236296
-0.484367 0.0132063 0.402042
-0.614233 0.00429154 0.245037
0.0362863 0.581497 0.27468
0.0544701 -0.137413 1.89731
0.347863 0.364013 0.372457
-0.670505 -0.369796 0.153446
-0.6758 -0.384057 0.149057
-0.392963 0.0740151 0.574417
-0.10028 -0.801774 0.138845
-0.314379 0.0489241 0.830093
0.892465 0.170073 0.117706
0.566524 -0.0978295 0.282606
-0.480287 0.217127 0.339285
0.0665156 0.73623 0.164637
-0.152105 -0.805834 0.135374
-0.110035 -0.858797 0.124584
0.0186779 -0.26489 1.0663
-0.0430626 -0.68995 0.18951
-0.493448 -0.0549714 0.382999
-0.463939 -0.0684918 0.428503
0.661764 0.260159 0.178466
0.682564 0.229506 0.173801
-0.329213 0.371529 0.383214
-0.138254 -0.390645 0.539221
0.240679 -0.135306 1.01379
0.189015 -0.258325 0.822832
0.233332 -0.472306 0.339609
-0.511588 -0.617424 0.140765
0.670723 0.329226 0.161077
0.610161 0.325558 0.189375
0.104176 0.549976 0.299131
-0.855718 0.0982577 0.125496
-0.293121 0.132989 0.815933
-0.25785 -0.702101 0.160744
-0.426277 -0.331323 0.322786
-0.437444 -0.418769 0.252658
-0.0843552 -0.411409 0.526492
-0.568399 0.456452 0.169404
0.0379354 0.717327 0.174688
0.767934 -0.142774 0.147672
-0.172312 0.626453 0.216805
-0.210647 0.867441 0.119953
-0.167583 0.450844 0.407922
0.274071 -0.0893968 0.955849
0.169067 -0.0847059 1.55622
-0.232491 -0.540755 0.2687
-0.407859 -0.503798 0.217953
-0.192271 -0.828692 0.127739
0.169648 -0.17722 1.17755
0.53455 0.205436 0.285034
-0.114433 -0.829539 0.130839
0.315725 0.0916101 0.790466
0.268069 -0.124623 0.922942
0.280937 -0.154341 0.820931
-0.757498 0.14233 0.151483
-0.381993 -0.0161119 0.620297
-0.122151 -0.18405 1.32899
0.589859 0.12412 0.255272
0.113973 -0.978466 0.112196
-0.475865 -0.375627 0.252135
-0.466932 0.529159 0.181346
0.212082 0.584702 0.238447
0.0706401 0.20626 1.34807
-0.595593 -0.158765 0.24321
-0.297364 0.848433 0.119013
0.885914 0.386896 0.112775
0.385993 -0.500799 0.230067
-0.851743 -0.395476 0.114527
-0.947526 -0.00802523 0.113878
0.309407 0.301691 0.499939
-0.326114 0.161341 0.673658
-0.330529 0.129184 0.701135
0.735503 -0.237859 0.150637
0.271477 0.857194 0.118997
-0.0270032 -0.137433 1.96592
0.700763 0.590493 0.116791
-0.535188 0.032775 0.327409
-0.617666 0.13715 0.229733
0.454407 -0.512025 0.193528
0.316894 -0.108585 0.767922
0.240312 0.297238 0.620635
-0.112009 0.386601 0.567902
0.268217 -0.493561 0.297021
0.539918 -0.0464273 0.320289
-0.509342 0.576333 0.152095
-0.511543 -0.18284 0.318645
0.315654 0.722883 0.145017
0.087734 -0.562046 0.289101
-0.6607 -0.00314597 0.208984
0.16332 0.0451914 1.71272
-0.458451 0.193822 0.381164
0.84539 -0.162814 0.12557
-0.89839 0.0809258 0.118577
0.15519 -0.605245 0.236108
0.200414 0.780558 0.139496
-0.556171 -0.172694 0.274989
-0.536545 -0.145332 0.303612
-0.00336093 0.518544 0.350851
0.0674228 0.000858029 2.58461
0.830434 -0.0863404 0.131463
-0.233212 -0.480027 0.330661
-0.929546 -0.0640667 0.115159
0.0604219 0.530553 0.330292
-0.186659 0.289129 0.736361
-0.23816 0.317465 0.581973
-0.238241 0.282972 0.655554
0.0978539 -0.72164 0.169786
-0.593102 -0.296074 0.20756
-0.566538 -0.202117 0.256447
-0.899026 -0.133938 0.117668
-0.847956 -0.0761257 0.127582
0.825529 0.193275 0.128366
0.862665 -0.306747 0.116855
0.385398 -0.180815 0.513759
-0.417161 0.370644 0.301093
0.155332 -0.166979 1.28269
0.098364 0.146851 1.65348
0.00965912 -0.91612 0.116803
0.698026 0.545608 0.120992
0.682157 0.575924 0.119943
0.30737 -0.825411 0.121868
0.592249 0.0874276 0.259012
-0.0225892 0.908901 0.117658
0.453437 0.228427 0.366228
0.150758 0.76534 0.148035
-0.158154 0.784642 0.141182
-0.0929763 0.788391 0.1433
0.445636 0.728239 0.127079
-0.331815 -0.77023 0.130537
0.103708 -0.611516 0.239891
-0.1052 -0.336187 0.709597
-0.445805 0.189754 0.402126
-0.489992 0.155091 0.357276
-0.198342 -0.719076 0.161635
0.193176 -0.419548 0.44121
-0.833107 0.0792023 0.130943
0.557802 0.781848 0.113088
0.457011 0.759618 0.120894
-0.0282722 0.132483 2.00702
0.0678477 0.585514 0.267899
0.370793 0.323983 0.389474
0.152344 -0.72561 0.163637
-0.139469 0.597422 0.245688
-0.186348 0.615435 0.221749
0.766532 0.176308 0.145777
0.428204 -0.329981 0.321878
-0.179214 0.529946 0.299546
0.0017157 0.867365 0.124305
-0.638874 -0.0628572 0.222557
0.284469 0.0742503 0.930207
-0.335539 -0.854632 0.116581
0.146914 -0.414988 0.482951
-0.0689869 -0.151783 1.73491
0.714587 0.681185 0.112167
0.721804 0.590408 0.115115
0.816092 -0.126618 0.13378
0.615317 0.696662 0.115374
0.194553 0.709017 0.166453
0.1756 0.701149 0.172435
0.130964 0.651562 0.206405
-0.230299 -0.51968 0.289568
-0.623058 -0.194014 0.214739
-0.360587 -0.36287 0.360694
-0.722697 0.0113804 0.172448
0.385151 0.334192 0.363035
0.269862 0.759243 0.139531
-0.489913 0.0391732 0.390904
0.0796655 -0.961371 0.112871
0.258809 -0.697983 0.162282
-0.641995 -0.363032 0.16542
-0.194566 -0.746159 0.151367
-0.262014 -0.854149 0.119832
-0.785987 -0.228995 0.135755
-0.448742 0.568284 0.171808
0.0268412 -0.00901432 2.79649
0.568549 0.297696 0.222713
0.792147 0.0912035 0.14214
0.0953778 0.303986 0.828445
0.0642079 -0.800944 0.140216
0.173859 0.531134 0.300254
-0.65941 0.669768 0.114463
-0.195606 -0.469221 0.365273
0.125209 0.541785 0.303439
-0.0912564 -0.439557 0.465729
0.105717 -0.150885 1.5935
-0.620543 0.574262 0.128919
-0.564137 0.638437 0.127456
0.162631 0.556194 0.277895
0.11824 0.559246 0.286171
-0.202202 -0.132034 1.19995
-0.0655192 -0.34568 0.711066
0.286174 0.12153 0.858794
0.870877 0.337421 0.114974
0.643068 -0.511209 0.13497
-0.480586 0.561987 0.164532
-0.500992 0.67026 0.130986
-0.279069 0.448774 0.337462
0.851064 -0.473833 0.1125
0.163457 -0.138081 1.37532
0.944661 0.298307 0.112115
-0.31988 0.437691 0.320048
-0.6065 0.638832 0.121838
-0.609774 0.670772 0.117989
0.087302 0.646282 0.215038
0.495173 0.226949 0.316893
0.617923 0.119659 0.232367
0.151976 0.714825 0.168561
0.170707 0.666229 0.191648
0.0276602 0.672298 0.200897
-0.85842 0.0439172 0.125852
-0.53426 0.638537 0.132058
0.163618 0.637579 0.210733
0.6467 0.395779 0.156452
-0.173511 -0.48472 0.356033
-0.377823 0.501685 0.233483
0.614917 0.134148 0.232404
-0.482658 0.669935 0.133841
-0.641355 0.642125 0.117862
0.191387 0.646138 0.200233
0.154343 0.604964 0.236449
0.116897 0.624791 0.227396
0.667648 -0.175985 0.190056
-0.342643 0.0678377 0.719324
-0.453946 -0.310004 0.310866
0.195609 0.627728 0.211256
0.781703 0.605745 0.112134
0.0664169 0.694363 0.185936
-0.584638 0.641073 0.124232
0.689514 -0.554802 0.121155
-0.130461 -0.421559 0.480813
-0.144554 0.528079 0.313516
-0.100713 -0.521688 0.333762
0.0641894 0.6336 0.226484
0.344087 0.687081 0.152398
0.30643 0.712604 0.149648
-0.863619 0.0683096 0.124508
-0.335889 0.484697 0.267628
0.24955 0.0726965 1.09628
0.683562 0.427817 0.139341
-0.552401 0.45441 0.176277
-0.320888 0.478378 0.281471
0.65254 0.323937 0.169643
0.535156 0.260751 0.262311
-0.376634 0.473744 0.253022
0.335574 -0.0836399 0.730806
0.126141 -0.0957619 1.80568
0.323658 0.707811 0.148688
-0.197606 -0.499289 0.326436
-0.405527 0.518641 0.210665
0.618505 0.355442 0.177239
0.10232 -0.132414 1.73012
0.12141 -0.153576 1.50517
-0.368814 0.149152 0.57946
0.267444 -0.195038 0.782165
-0.246876 -0.828218 0.124912
0.134785 0.511879 0.336305
-0.0896557 -0.495421 0.372501
-0.324778 0.0237192 0.801731
-0.341035 0.0858664 0.711522
0.456938 -0.321691 0.300278
-0.161062 -0.580516 0.25561
-0.749861 0.0940103 0.157461
-0.151272 -0.445998 0.424987
-0.127452 -0.534024 0.311678
-0.409835 -0.376171 0.30315
0.134593 -0.145495 1.48714
-0.312329 0.786997 0.128631
0.676719 0.312355 0.161917
-0.186332 -0.453812 0.392289
-0.117973 -0.447626 0.439384
0.101916 0.734085 0.163749
-0.642718 0.670146 0.11548
-0.688431 0.669716 0.113102
0.1284 0.734058 0.16194
0.334059 -0.0574923 0.754163
-0.569618 0.654844 0.124191
0.197516 0.0791568 1.38361
-0.306491 0.478635 0.289666
-0.311028 0.0691653 0.828347
-0.315987 0.753005 0.136322
0.114775 0.688577 0.185615
0.59886 0.360091 0.185218
-0.650679 0.654701 0.116042
0.176675 0.087542 1.49515
0.876064 -0.317765 0.115143
-0.0754161 -0.469583 0.416976
0.0382045 0.686845 0.191554
0.214361 0.0322816 1.35619
0.699415 0.469373 0.129676
-0.139847 -0.475025 0.385067
0.49123 -0.837019 0.112613
0.281053 -0.210107 0.714037
-0.295048 0.786864 0.130114
-0.303514 0.770239 0.133251
0.141746 0.573205 0.266919
0.640648 -0.640004 0.118122
-0.877915 0.0209025 0.122319
0.116458 -0.431274 0.470017
0.130071 -0.440853 0.445336
0.129974 0.666526 0.196983
0.62295 0.279986 0.194543
-0.476591 0.545612 0.171631
-0.519106 0.688361 0.12533
-0.435879 -0.379838 0.27931
0.0838031 0.694033 0.185054
0.510295 0.221796 0.303033
0.610279 0.100436 0.241334
0.711316 -0.537516 0.120119
-0.600221 0.655197 0.120571
-0.616515 0.654823 0.118956
0.593982 -0.772952 0.112474
-0.378479 0.456615 0.264368
0.629538 -0.501434 0.139811
-0.410008 0.544312 0.195478
0.168862 0.619849 0.222181
-0.372632 0.0618496 0.633069
0.22245 0.0161184 1.3149
-0.365709 0.121985 0.61168
0.24009 0.0559394 1.17042
0.149069 0.560383 0.277495
-0.140254 0.844446 0.126612
-0.112526 0.827322 0.131448
0.658561 -0.554067 0.125635
0.741061 -0.549743 0.116085
0.638163 -0.658404 0.116719
0.262673 0.10483 0.981434
0.141851 0.675831 0.189985
-0.35625 0.0942507 0.659491
0.359051 -0.123056 0.628079
-0.175498 -0.435993 0.426588
0.626519 0.373841 0.169119
0.130125 0.636904 0.216579
0.593772 0.376067 0.182939
-0.384833 0.148732 0.543583
-0.390713 0.487624 0.236064
0.182571 0.594414 0.238556
-0.348487 0.514325 0.239091
-0.370182 0.59453 0.18433
-0.543217 0.702686 0.12064
0.204077 0.0958749 1.2992
-0.394743 0.112895 0.548162
-0.852034 0.0285456 0.12734
-0.389509 0.0570614 0.590083
0.117734 0.746217 0.15757
-0.466125 0.562055 0.168833
-0.0957972 -0.424498 0.493518
0.704256 0.453905 0.130731
0.191719 0.570114 0.256468
-0.274965 -0.793877 0.130171
-0.528599 0.0178969 0.336901
-0.154602 -0.552176 0.284249
-0.628776 -0.352998 0.173318
0.162577 0.689457 0.179933
0.135133 -0.180004 1.30185
0.474117 -0.32716 0.281458
-0.832653 -0.0512542 0.131638
-0.228671 -0.498494 0.312358
0.109798 0.528727 0.322564
-0.243701 -0.799257 0.131299
-0.265806 -0.829172 0.123654
-0.541005 0.47699 0.173228
-0.361907 0.0315071 0.675361
0.264247 -0.213944 0.750307
-0.593995 -0.0622558 0.260413
-0.346464 0.462232 0.279777
-0.065624 0.805973 0.138671
0.257973 0.08777 1.03138
-0.528917 0.468365 0.180949
-0.153581 -0.505407 0.337751
0.447112 -0.0713169 0.458279
0.63666 0.347345 0.171224
0.653562 0.357869 0.161978
-0.350893 0.488202 0.256722
-0.577549 -0.0418454 0.278387
0.257088 0.0424602 1.09256
0.299848 0.697861 0.155889
0.485054 -0.281368 0.298076
0.0760012 0.619065 0.237005
0.456437 -0.277525 0.330013
0.491477 -0.25628 0.305482
-0.608693 -0.229112 0.216328
-0.384951 0.0876189 0.587163
0.220276 0.0758041 1.25184
-0.0883097 0.813807 0.135795
0.139422 -0.106476 1.66392
0.14024 0.612217 0.233457
0.10646 0.717707 0.171086
0.515964 0.236415 0.290556
-0.177448 -0.470075 0.374029
-0.0940972 -0.46506 0.418913
0.645156 0.377205 0.161013
-0.666032 0.607149 0.118705
0.869886 -0.436489 0.112523
